# File generated by ImageToStl.com - Free Image and 3D model conversion tools

o obj1
v -15.4154 6.4178 -1.6
v -15.4154 6.4178 -10.6
v -16.1861 4.1023 -10.6
v -16.1861 4.1023 -1.6
v -16.6111 1.6993 -10.6
v -16.6111 1.6993 -1.6
v -16.6814 -0.7401 -10.6
v -16.6814 -0.7401 -1.6
v -16.3954 -3.1636 -10.6
v -16.3954 -3.1636 -1.6
v -15.7593 -5.5196 -10.6
v -15.7593 -5.5196 -1.6
v -14.7866 -7.7577 -10.6
v -14.7866 -7.7577 -1.6
v -13.4981 -9.8301 -10.6
v -13.4981 -9.8301 -1.6
v -11.9214 -11.6927 -10.6
v -11.9214 -11.6927 -1.6
v -10.09 -13.3056 -10.6
v -10.09 -13.3056 -1.6
v -8.0431 -14.6343 -10.6
v -8.0431 -14.6343 -1.6
v -5.8244 -15.6506 -10.6
v -5.8244 -15.6506 -1.6
v -3.4813 -16.3326 -10.6
v -3.4813 -16.3326 -1.6
v -1.0639 -16.6659 -10.6
v -1.0639 -16.6659 -1.6
v 1.3764 -16.6434 -10.6
v 1.3764 -16.6434 -1.6
v 3.7873 -16.2654 -10.6
v 3.7873 -16.2654 -1.6
v 6.1174 -15.5401 -10.6
v 6.1174 -15.5401 -1.6
v 8.3168 -14.483 -10.6
v 8.3168 -14.483 -1.6
v 10.3388 -13.1166 -10.6
v 10.3388 -13.1166 -1.6
v 12.14 -11.4701 -10.6
v 12.14 -11.4701 -1.6
v 13.682 -9.5787 -10.6
v 13.682 -9.5787 -1.6
v -15.4688 10.1439 -1.6
v -14.5013 11.4848 -1.6
v -15.4041 10.1566 -1.6
v -15.0832 10.1861 -1.6
v 17.4704 -6.0918 -1.6
v 16.8567 -7.6272 -1.6
v 16.8328 -7.5658 -1.6
v -12.1356 11.4701 -1.6
v -13.6777 9.5787 -1.6
v -13.8867 9.7725 -1.6
v 16.6858 -7.279 -1.6
v 16.4924 -7.0212 -1.6
v 18.1265 -3.7092 -1.6
v 16.2582 -6.7998 -1.6
v 18.4592 -1.2603 -1.6
v 15.99 -6.6212 -1.6
v 18.4625 1.211 -1.6
v 15.6954 -6.4904 -1.6
v 16.1905 -4.1023 -1.6
v 15.4198 -6.4178 -1.6
v 16.6155 -1.6993 -1.6
v 16.6858 0.7401 -1.6
v 18.1364 3.6607 -1.6
v 16.3998 3.1636 -1.6
v 17.4867 6.0451 -1.6
v 15.7637 5.5196 -1.6
v 16.5249 8.3216 -1.6
v 14.791 7.7577 -1.6
v 15.2683 10.4496 -1.6
v 13.5025 9.8301 -1.6
v 13.7393 12.3912 -1.6
v 11.9257 11.6927 -1.6
v 11.9652 14.1116 -1.6
v 10.0943 13.3056 -1.6
v 9.9775 15.5802 -1.6
v 8.0475 14.6343 -1.6
v 7.8119 16.7708 -1.6
v -10.3344 13.1166 -1.6
v -8.8669 16.2354 -1.6
v -10.9517 14.9085 -1.6
v -14.155 9.9512 -1.6
v -12.8411 13.3154 -1.6
v -14.4495 10.0819 -1.6
v -14.7619 10.161 -1.6
v 5.5069 17.6621 -1.6
v 5.8288 15.6506 -1.6
v 3.1037 18.2382 -1.6
v 3.4857 16.3326 -1.6
v 0.6451 18.4888 -1.6
v 1.0682 16.6659 -1.6
v -1.825 18.4096 -1.6
v -1.372 16.6434 -1.6
v -4.2624 18.0018 -1.6
v -3.7829 16.2654 -1.6
v -6.6238 17.2727 -1.6
v -6.113 15.5401 -1.6
v -8.3125 14.483 -1.6
v -8.6188 -15.6815 31.7368
v -7.1731 -13.0518 32.2168
v -7.2957 -12.9844 32.2168
v -10.0704 -14.791 31.7368
v -7.5146 -12.81 32.2236
v -7.7009 -12.6012 32.2369
v -10.7506 -14.2788 31.7368
v -7.8493 -12.3639 32.2566
v -7.9554 -12.1049 32.2822
v -8.0162 -11.8318 32.3131
v -8.03 -11.5522 32.3488
v -7.9963 -11.2744 32.3882
v -7.9162 -11.0063 32.4306
v -7.7919 -10.7555 32.4748
v -7.627 -10.5294 32.5196
v -7.4263 -10.3344 32.5636
v -3.0056 -3.9941 33.8
v -7.1955 -10.1761 32.6057
v -6.9413 -10.0591 32.6443
v -6.8888 -10.0411 32.6515
v -6.6709 -9.9867 32.6782
v -6.3923 -9.9611 32.7061
v -6.1133 -9.9829 32.7269
v -5.8419 -10.0516 32.7397
v -2.7628 -4.1512 33.8
v -5.5862 -10.1652 32.744
v -2.4066 -4.3815 33.8
v -2.0212 -4.5589 33.8
v -5.3532 -10.3203 32.7397
v -1.7585 -4.6797 33.8
v -5.1499 -10.5126 32.7269
v -4.9819 -10.7364 32.7061
v -4.8543 -10.9855 32.6782
v -5.4478 -12.9718 32.3488
v -5.6912 -13.1099 32.3131
v -6.2922 -16.7298 31.7368
v -5.2313 -12.7945 32.3882
v -4.7705 -11.2525 32.6443
v -4.7331 -11.5298 32.6057
v -4.743 -11.8095 32.5636
v -4.8001 -12.0835 32.5196
v -4.9027 -12.3439 32.4748
v -5.0478 -12.5832 32.4306
v -5.9544 -13.205 32.2822
v -6.23 -13.2541 32.2566
v -7.0891 -16.43 31.7368
v -6.5098 -13.256 32.2369
v -6.786 -13.2106 32.2236
v -7.0505 -13.1192 32.2168
v 2.411 4.3815 33.8
v 7.0935 16.43 31.7368
v 1.7629 4.6797 33.8
v 6.2966 16.7298 31.7368
v 1.6336 4.7181 33.8
v 5.4996 17.0296 31.7368
v 1.079 4.8827 33.8
v 3.856 17.4751 31.7368
v 0.812 4.9219 33.8
v 2.1774 17.7623 31.7368
v 0.3731 4.9862 33.8
v 1.3283 17.8255 31.7368
v -0.0318 4.9874 33.8
v 0.4791 17.8886 31.7368
v -0.3403 4.9883 33.8
v -1.2234 17.853 31.7368
v -0.875 4.9129 33.8
v -2.9149 17.6556 31.7368
v -1.0467 4.8887 33.8
v -3.7475 17.477 31.7368
v -1.6948 4.7005 33.8
v -4.58 17.2984 31.7368
v -1.7317 4.6897 33.8
v -6.2036 16.7845 31.7368
v -7.7709 16.1186 31.7368
v -2.3815 4.3952 33.8
v -8.5194 15.7127 31.7368
v -2.4627 4.3434 33.8
v -9.2679 15.3067 31.7368
v -2.9828 4.0113 33.8
v -10.6809 14.3562 31.7368
v -3.158 3.8603 33.8
v -11.9972 13.2757 31.7368
v -3.5232 3.5456 33.8
v -12.601 12.6754 31.7368
v -3.7639 3.2694 33.8
v -13.2048 12.075 31.7368
v -3.992 3.0078 33.8
v -14.2928 10.7649 31.7368
v -4.2642 2.5868 33.8
v -15.2513 9.3574 31.7368
v -4.3793 2.4088 33.8
v -15.6615 8.6112 31.7368
v -4.6454 1.8307 33.8
v -16.0717 7.8651 31.7368
v -4.6776 1.7607 33.8
v -16.7466 6.3015 31.7368
v -17.2697 4.6809 31.7368
v -4.8805 1.0768 33.8
v -17.4531 3.8494 31.7368
v -4.8889 1.0196 33.8
v -17.6365 3.0179 31.7368
v -4.984 0.3709 33.8
v -17.8435 1.3276 31.7368
v -4.9846 0.1782 33.8
v -17.8889 -0.3748 31.7368
v -4.9861 -0.3425 33.8
v -17.8306 -1.2242 31.7368
v -4.9404 -0.667 33.8
v -17.7722 -2.0737 31.7368
v -4.8866 -1.0489 33.8
v -17.4946 -3.7539 31.7368
v -4.7575 -1.4933 33.8
v -17.0586 -5.4001 31.7368
v -4.6875 -1.7339 33.8
v -16.7633 -6.1987 31.7368
v -4.4408 -2.2784 33.8
v -16.468 -6.9973 31.7368
v -4.393 -2.3837 33.8
v -15.7283 -8.5313 31.7368
v -14.8461 -9.9879 31.7368
v -4.0091 -2.9849 33.8
v -14.3378 -10.671 31.7368
v -3.9965 -2.9995 33.8
v -13.8295 -11.3541 31.7368
v -3.5434 -3.5254 33.8
v -12.6876 -12.6175 31.7368
v -3.4272 -3.6267 33.8
v -11.4307 -13.7666 31.7368
v -1.2224 -4.8388 33.8
v -5.4953 -17.0296 31.7368
v -1.0746 -4.8827 33.8
v -3.8516 -17.4751 31.7368
v -0.3878 -4.9834 33.8
v -2.173 -17.7623 31.7368
v -0.3688 -4.9862 33.8
v -1.3239 -17.8255 31.7368
v -0.4748 -17.8886 31.7368
v 0.3446 -4.9883 33.8
v 1.2278 -17.853 31.7368
v 0.4591 -4.9721 33.8
v 2.9193 -17.6556 31.7368
v 1.0511 -4.8887 33.8
v 3.7518 -17.477 31.7368
v 1.2917 -4.8189 33.8
v 4.5844 -17.2984 31.7368
v 1.7361 -4.6897 33.8
v 6.2079 -16.7845 31.7368
v 2.0874 -4.5305 33.8
v 7.7753 -16.1186 31.7368
v 2.3859 -4.3952 33.8
v 8.5238 -15.7127 31.7368
v 2.8247 -4.115 33.8
v 9.2723 -15.3067 31.7368
v 2.9871 -4.0113 33.8
v 10.6853 -14.3562 31.7368
v 3.4838 -3.5833 33.8
v 12.0016 -13.2757 31.7368
v 3.5276 -3.5456 33.8
v 12.6054 -12.6754 31.7368
v 13.2092 -12.075 31.7368
v 3.9963 -3.0078 33.8
v 14.2972 -10.7649 31.7368
v 4.0381 -2.9431 33.8
v 15.2557 -9.3574 31.7368
v 4.3837 -2.4088 33.8
v 15.6659 -8.6112 31.7368
v 4.4723 -2.2162 33.8
v 16.0761 -7.8651 31.7368
v 4.6819 -1.7607 33.8
v 16.7509 -6.3015 31.7368
v 4.7806 -1.428 33.8
v 17.2741 -4.6809 31.7368
v 4.8849 -1.0768 33.8
v 17.4575 -3.8494 31.7368
v 4.9548 -0.5998 33.8
v 17.6408 -3.0179 31.7368
v 4.9884 -0.3709 33.8
v 17.8478 -1.3276 31.7368
v 4.9902 0.2462 33.8
v 17.8932 0.3748 31.7368
v 4.9904 0.3425 33.8
v 17.8349 1.2242 31.7368
v 17.7766 2.0737 31.7368
v 4.8909 1.0489 33.8
v 17.499 3.7539 31.7368
v 4.8802 1.0858 33.8
v 17.0629 5.4001 31.7368
v 4.6919 1.7339 33.8
v 16.7677 6.1987 31.7368
v 4.6203 1.8919 33.8
v 16.4724 6.9973 31.7368
v 4.3974 2.3837 33.8
v 15.7327 8.5313 31.7368
v 4.2314 2.6437 33.8
v 14.8505 9.9879 31.7368
v 4.0134 2.9849 33.8
v 14.3422 10.671 31.7368
v 3.7239 3.321 33.8
v 13.8338 11.3541 31.7368
v 3.5478 3.5254 33.8
v 12.6919 12.6175 31.7368
v 3.1117 3.9055 33.8
v 11.4351 13.7666 31.7368
v 3.01 3.9941 33.8
v 10.7549 14.2788 31.7368
v 10.0747 14.791 31.7368
v 8.6232 15.6815 31.7368
v 3.7999 12.4329 -12.7883
v 4.2954 12.2435 -12.8158
v 4.2982 12.2519 -13.7015
v 4.5531 -12.1774 -14.4853
v 4.1354 -12.3015 -14.5081
v 4.1417 -12.3224 -15.394
v -11.6171 5.8304 -17.0022
v -11.8429 5.2901 -16.9717
v -11.8678 5.3005 -16.0857
v -8.7239 9.6361 -16.3697
v -7.8962 10.2881 -16.4245
v -8.2591 10.0375 -17.287
v -2.3693 12.7819 -16.7461
v -2.0506 12.8185 -16.7629
v -2.0489 12.8182 -17.6485
v -1.7223 12.8851 -17.6657
v 7.8553 10.3599 -21.6
v 6.265 11.392 -21.6
v 7.1352 10.8683 -21.5532
v 6.2499 11.3652 -21.4995
v 5.564 11.7501 -21.4579
v 4.3045 12.2674 -21.6
v 4.2964 12.2468 -21.3873
v 0.0882 12.9997 -21.6
v 0.0888 12.9835 -21.1613
v 0.3649 12.9949 -21.1759
v 2.2267 12.8083 -21.6
v 2.1605 12.8196 -21.2716
v 2.2256 12.8039 -21.2751
v 3.9026 12.4011 -21.3653
v -1.4328 12.9206 -21.0809
v -2.0527 12.8366 -21.6
v -2.0477 12.8092 -21.0486
v -3.1865 12.6029 -20.9887
v -4.1375 12.3233 -21.6
v -4.1279 12.2941 -20.9366
v -6.1094 11.4738 -21.6
v -7.9146 10.3114 -21.6
v -7.9106 10.3055 -20.7099
v -8.5608 9.7813 -21.6
v -8.5608 9.7813 -21.5524
v -6.5133 11.2494 -20.7986
v -6.0989 11.4524 -20.8231
v -4.8928 12.0432 -20.8943
v -0.083 -12.9873 -19.0184
v -1.6833 -12.8903 -19.1034
v -2.2197 -12.7881 -20.0179
v -2.2171 -12.7825 -19.1321
v -2.5804 -12.7409 -20.0372
v -3.4444 -12.5348 -19.198
v -4.2999 -12.2666 -20.1299
v -4.29 -12.2386 -19.2443
v -4.3117 -12.2634 -20.1306
v -5.1261 -11.9457 -19.2902
v -5.9638 -11.5502 -20.2245
v -6.2487 -11.3688 -19.3567
v -6.2507 -11.3756 -20.2423
v -6.7258 -11.1236 -19.385
v -7.5131 -10.6075 -20.3207
v -8.0434 -10.196 -19.4705
v -8.0316 -10.183 -20.356
v -8.2012 -10.0849 -19.4807
v -8.9138 -9.4607 -20.4163
v -9.5106 -8.8604 -19.5746
v -9.5979 -8.7205 -20.4685
v -9.6124 -8.7348 -19.583
v -10.1305 -8.1443 -20.5091
v -10.6339 -7.4749 -19.6671
v -10.9088 -7.025 -20.5807
v -10.9057 -7.0248 -19.6949
v -11.1605 -6.663 -20.6038
v -11.565 -5.933 -19.7623
v -11.9308 -5.14 -20.6944
v -11.9084 -5.1309 -19.8086
v -11.9794 -5.0439 -20.7001
v -12.2747 -4.2753 -19.8579
v -12.5631 -3.3338 -20.7952
v -12.595 -3.1008 -19.9213
v -12.6071 -3.1052 -20.8072
v -12.7452 -2.5501 -19.9511
v -12.9021 -1.5745 -20.8879
v -12.9475 -0.9862 -20.0332
v -12.9326 -0.9864 -20.9189
v -12.9745 -0.7774 -20.0441
v -12.9958 0.2312 -20.9832
v -12.9573 1.0256 -20.1397
v -12.9145 1.1564 -21.0325
v -12.9375 1.1579 -20.1468
v -12.837 2.0385 -21.0795
v -12.6911 2.8073 -20.235
v -12.553 3.2687 -21.1456
v -12.5555 3.2678 -20.2599
v -12.4315 3.7951 -21.1739
v -12.1872 4.5187 -20.3275
v -11.8573 5.2965 -21.2572
v -11.84 5.288 -20.3717
v -11.7909 5.4702 -21.2669
v -11.4499 6.1522 -20.4213
v -10.9162 7.0561 -21.3626
v -10.8101 7.1673 -20.485
v -10.826 7.1764 -21.3706
v -10.4879 7.6785 -20.517
v -9.8283 8.5065 -21.4587
v -9.4922 8.8579 -20.5984
v -9.4864 8.8504 -21.484
v -9.3274 9.0531 -20.6119
v -8.0016 10.244 -20.7041
v -0.7831 -12.9763 -19.9412
v -0.0841 -12.9698 -19.9042
v 0.1179 -12.9995 -19.0077
v 1.0287 -12.9594 -19.8453
v 1.9076 -12.8596 -18.9134
v 2.0526 -12.8066 -19.7916
v 2.055 -12.8273 -18.9056
v 2.8035 -12.6946 -19.7522
v 3.6487 -12.4781 -18.8211
v 4.1356 -12.3021 -19.6795
v 4.133 -12.2993 -18.7939
v 4.5313 -12.1855 -19.6579
v 5.3371 -11.8549 -18.7261
v 6.1116 -11.469 -19.5659
v 6.099 -11.4463 -18.6803
v 6.1834 -11.4364 -19.5617
v 6.9268 -11.0022 -18.6304
v 7.7113 -10.4676 -19.4663
v 7.9029 -10.2895 -18.5673
v 7.909 -10.2997 -19.4528
v 8.3733 -9.9461 -18.5368
v 9.499 -8.8582 -18.4555
v 9.0775 -9.308 -19.3735
v 9.4871 -8.8489 -19.3412
v 9.6568 -8.7057 -18.4441
v 10.7679 -7.287 -18.3488
v 10.2797 -7.9607 -19.2786
v 10.8118 -7.1646 -19.2278
v 10.831 -7.1781 -18.3421
v 11.288 -6.4521 -19.1823
v 11.6724 -5.7276 -18.2533
v 11.8494 -5.2895 -19.1145
v 11.8503 -5.2916 -18.2288
v 12.0731 -4.8262 -19.0874
v 12.3474 -4.0738 -18.1604
v 12.5735 -3.2715 -19.0029
v 12.5533 -3.267 -18.117
v 12.7899 -2.3399 -18.067
v 12.6221 -3.1204 -18.9947
v 12.9225 -1.1561 -18.0039
v 12.9331 -1.338 -18.8992
v 12.9391 -1.1588 -18.8897
v 12.9906 -0.5475 -17.9714
v 12.9489 0.9874 -17.8903
v 12.9935 0.4749 -18.803
v 12.9393 0.9851 -18.7761
v 12.9417 1.2524 -17.8763
v 12.6486 3.0112 -17.7839
v 12.8032 2.2659 -18.7088
v 12.5952 3.1004 -18.6641
v 12.619 3.106 -17.7787
v 12.1137 4.7234 -17.6898
v 12.3691 4.0073 -18.6156
v 11.9156 5.1327 -18.5514
v 11.9202 5.1331 -17.6658
v 11.6918 5.6879 -18.5197
v 11.343 6.3549 -17.5941
v 10.9185 7.0304 -18.4377
v 10.9064 7.0214 -17.5521
v 10.7871 7.2584 -18.4237
v 10.3579 7.8587 -17.4994
v 9.6035 8.7228 -17.44
v 9.6839 8.6755 -18.3304
v 9.6206 8.737 -18.3258
v 9.186 9.201 -17.4072
v 8.0437 10.1933 -17.3275
v 8.3931 9.9294 -18.2364
v 8.041 10.1871 -18.2133
v 7.829 10.3798 -17.3125
v 6.3163 11.3636 -17.2168
v 6.9295 11.0005 -18.1403
v 6.2633 11.3884 -17.2137
v 6.2504 11.3648 -18.0996
v 4.6916 12.1247 -17.1227
v 5.3344 11.8561 -18.0446
v 4.2981 12.2467 -17.1013
v 4.2944 12.24 -17.9872
v 3.6528 12.4769 -17.9518
v 2.9886 12.6523 -17.0303
v 2.2226 12.7895 -17.875
v 2.2217 12.778 -16.9893
v 1.212 12.9436 -16.9352
v 1.89 12.8622 -17.8571
v 0.0875 12.9703 -16.8756
v 0.0881 12.9992 -17.7612
v 0.0808 12.9998 -17.7608
v -0.5912 12.9865 -16.8396
v -4.1276 12.2953 -17.5367
v -4.1364 12.3207 -16.6511
v -4.0987 12.3362 -16.6533
v -3.4776 12.5256 -17.573
v -6.095 11.4462 -17.4231
v -6.0987 11.4557 -16.5374
v -5.7657 11.6504 -16.5578
v -5.182 11.9216 -17.4777
v -7.3215 10.7408 -16.4624
v -6.7912 11.0838 -17.3815
v -7.9012 10.2926 -17.3101
v -9.4826 8.8474 -16.3125
v -9.4999 8.8636 -17.1985
v -9.9653 8.3456 -16.2762
v -9.5619 8.805 -17.194
v -10.8178 7.1706 -16.1992
v -10.6929 7.3902 -17.0983
v -10.8207 7.1745 -17.085
v -11.0246 6.8855 -16.1805
v -12.3102 4.172 -16.9086
v -12.5486 3.2667 -16.8598
v -12.4829 3.6226 -15.9932
v -12.5592 3.2704 -15.9742
v -11.87 5.2964 -16.0855
v -12.8628 1.8685 -15.8989
v -12.7681 2.4333 -16.8149
v -12.9161 1.157 -15.8611
v -12.9201 1.1561 -16.7467
v -12.9824 0.6328 -16.7188
v -12.9976 0.069 -15.8032
v -12.9302 -0.9859 -15.7475
v -12.9484 -0.9876 -16.6331
v -12.9444 -1.1777 -16.623
v -12.883 -1.7242 -15.7086
v -12.601 -3.1038 -15.6358
v -12.6591 -2.9482 -16.5301
v -12.611 -3.1048 -16.5215
v -12.5261 -3.4701 -15.6164
v -11.9356 -5.1426 -15.5229
v -12.1294 -4.6716 -16.4356
v -11.914 -5.1323 -16.4086
v -11.9274 -5.1657 -15.5216
v -11.0972 -6.7678 -15.4259
v -11.3609 -6.3151 -16.3393
v -10.913 -7.0277 -15.4092
v -10.9015 -7.0211 -16.295
v -10.0604 -8.2307 -15.3319
v -10.3749 -7.8305 -16.2441
v -9.5993 -8.7215 -15.297
v -9.5993 -8.723 -16.1829
v -8.8392 -9.5305 -15.2395
v -9.1997 -9.1829 -16.1514
v -8.0311 -10.182 -15.1846
v -8.0398 -10.1938 -16.0704
v -7.4372 -10.6609 -15.1443
v -7.8373 -10.3702 -16.0562
v -6.2491 -11.3728 -15.0709
v -6.3172 -11.3607 -15.96
v -6.2588 -11.3881 -15.9566
v -5.8903 -11.5879 -15.0487
v -4.6836 -12.1262 -15.8653
v -4.2986 -12.2638 -14.9586
v -4.2937 -12.2466 -15.8442
v -4.2439 -12.287 -14.9555
v -2.9708 -12.6555 -15.7725
v -2.5188 -12.7532 -14.8625
v -2.2174 -12.7779 -15.7321
v -2.2201 -12.791 -14.8465
v -0.7301 -12.9794 -14.7669
v -1.1839 -12.9458 -15.6768
v -0.0842 -12.971 -14.7328
v -0.0831 -12.9695 -15.6184
v 1.0715 -12.9559 -14.6716
v 0.6292 -12.9849 -15.5806
v 2.0525 -12.8066 -14.6201
v 2.0547 -12.8166 -15.5058
v 2.416 -12.7739 -15.4868
v 2.8355 -12.6875 -14.579
v 4.1537 -12.3193 -15.3933
v 5.827 -11.622 -15.2973
v 6.1112 -11.4683 -14.3945
v 6.1043 -11.4579 -15.2803
v 6.1952 -11.4301 -14.3896
v 7.3862 -10.6994 -15.2015
v 7.714 -10.4655 -14.2947
v 7.9092 -10.2999 -14.2814
v 7.901 -10.2889 -15.1673
v 9.0729 -9.3125 -14.2024
v 8.7891 -9.5807 -15.1084
v 9.4872 -8.849 -14.1698
v 9.4858 -8.8466 -15.0554
v 10.2697 -7.9736 -14.108
v 10.0292 -8.274 -15.0141
v 10.8122 -7.1648 -14.0564
v 10.8187 -7.1683 -14.942
v 11.0833 -6.7977 -14.9179
v 11.2749 -6.475 -14.0123
v 11.8657 -5.2971 -14.8286
v 11.8506 -5.29 -13.943
v 11.9197 -5.1936 -14.8224
v 12.0598 -4.8595 -13.9179
v 12.5206 -3.5055 -14.7297
v 12.5761 -3.2723 -13.8315
v 12.5689 -3.2717 -14.7171
v 12.6111 -3.1648 -13.8256
v 12.8856 -1.7368 -14.6348
v 12.9272 -1.3938 -13.7307
v 12.9229 -1.1574 -14.6039
v 12.9362 -1.1586 -13.7182
v 12.9957 0.4091 -13.635
v 13.002 0.0739 -14.5385
v 12.9377 0.9851 -13.6047
v 12.9333 0.9855 -14.4904
v 12.816 2.1921 -13.5412
v 12.8664 1.8741 -14.4436
v 12.5955 3.1007 -13.4927
v 12.5999 3.1024 -14.3785
v 12.3952 3.9259 -13.4487
v 12.4864 3.6255 -14.3508
v 11.9181 5.1339 -13.38
v 11.93 5.139 -14.2657
v 11.8621 5.3238 -14.2553
v 11.7335 5.6015 -13.3534
v 11.0056 6.9228 -14.1591
v 10.9234 7.0333 -13.2662
v 10.9251 7.033 -14.152
v 10.8456 7.1708 -13.2578
v 9.9434 8.3769 -14.065
v 9.7595 8.5903 -13.1648
v 9.6071 8.7242 -14.0399
v 5.6963 11.6866 -13.7799
v 5.4659 11.7961 -12.8808
v 6.2505 11.367 -13.8138
v 6.2499 11.3646 -12.9281
v 7.2663 10.7811 -13.8759
v 7.0439 10.9277 -12.976
v 8.0353 10.181 -13.9275
v 8.0386 10.1843 -13.0418
v 8.6948 9.6663 -13.9718
v 8.4883 9.8481 -13.0716
v 9.6159 8.7324 -13.1543
v 4.0316 12.3598 -13.6866
v 2.2858 12.7978 -13.5926
v 2.2242 12.7976 -12.7036
v 2.2262 12.8042 -13.5894
v 2.0532 12.8372 -12.6944
v 0.4825 12.9911 -13.4964
v 0.256 12.9975 -12.5987
v 0.0889 12.9782 -13.4756
v 0.0887 12.9892 -12.5898
v -1.5402 12.9082 -12.5039
v -1.3265 12.9319 -13.4008
v -2.048 12.8118 -12.4771
v -2.0476 12.8071 -13.3629
v -3.291 12.576 -12.4117
v -3.0927 12.6262 -13.308
v -4.1276 12.2938 -12.3652
v -4.1283 12.2947 -13.2509
v -4.9934 12.0018 -12.3171
v -4.8114 12.076 -13.2133
v -6.0972 11.4496 -12.2516
v -6.1002 11.4548 -13.1373
v -6.6073 11.1944 -12.2214
v -6.4458 11.2882 -13.117
v -7.9071 10.3005 -12.1385
v -7.9129 10.309 -13.0242
v -7.9485 10.2853 -13.0219
v -8.0863 10.1772 -12.1271
v -9.2872 9.0944 -12.9292
v -9.4024 8.9752 -12.0348
v -9.4901 8.856 -12.9127
v -9.4966 8.8617 -12.0271
v -10.5518 7.5903 -11.9398
v -10.4594 7.7172 -12.8339
v -10.8125 7.169 -11.9135
v -10.8091 7.1665 -12.7992
v -11.501 6.0562 -11.8441
v -11.4318 6.1857 -12.7376
v -11.8399 5.2882 -11.8003
v -11.8399 5.2878 -12.686
v -12.2241 4.4178 -11.7505
v -12.1775 4.5449 -12.6432
v -12.5526 3.2671 -11.6884
v -12.5559 3.2679 -12.5742
v -12.7141 2.7013 -11.6579
v -12.6871 2.8251 -12.5502
v -12.9316 1.1572 -11.5753
v -12.938 1.158 -12.461
v -12.9566 1.0339 -12.4544
v -12.9654 0.9169 -11.5625
v -12.9745 -0.779 -12.3583
v -12.9676 -0.8858 -11.467
v -8.0454 -10.1988 -11.7848
v -8.1165 -10.1532 -10.9035
v -8.1538 -10.1233 -11.7918
v -9.4369 -8.9389 -10.9976
v -12.9537 -0.9869 -11.4617
v -12.9475 -0.9862 -12.3475
v -12.7238 -2.6552 -11.3741
v -12.743 -2.5612 -12.2648
v -12.5981 -3.1015 -11.3499
v -12.5951 -3.1008 -12.2356
v -12.2386 -4.3777 -11.2807
v -12.2677 -4.2954 -12.1711
v -11.9087 -5.1307 -11.2372
v -11.9081 -5.1307 -12.1229
v -11.5148 -6.0298 -11.1851
v -11.5507 -5.9609 -12.0749
v -10.9035 -7.0233 -11.1235
v -10.9046 -7.0241 -12.0092
v -10.5712 -7.5633 -11.09
v -10.6102 -7.5084 -11.9792
v -9.6081 -8.7312 -11.0116
v -9.6102 -8.733 -11.8973
v -9.4761 -8.8973 -11.8863
v 11.3886 -6.2729 -10.6
v 10.8381 -7.1822 -10.6
v 10.8679 -7.137 -10.6535
v 10.8352 -7.1799 -10.6563
v 9.7695 -8.579 -10.7495
v 9.5082 -8.8677 -10.6
v 9.4933 -8.8528 -10.7697
v 8.4935 -9.8436 -10.843
v 7.9189 -10.3114 -10.6
v 7.9008 -10.2873 -10.8816
v 7.0533 -10.9216 -10.9368
v 6.1137 -11.4738 -10.6
v 6.0991 -11.4472 -10.9946
v 4.1419 -12.3233 -10.6
v 4.1343 -12.3035 -11.1082
v 5.4649 -11.7966 -11.033
v -0.0838 -12.9997 -10.6
v -0.0829 -12.9817 -11.3327
v 0.2285 -12.998 -11.3161
v 2.0571 -12.8366 -10.6
v 2.0255 -12.8416 -11.2215
v 2.0566 -12.8345 -11.2198
v 3.773 -12.4411 -11.1286
v -1.5834 -12.9029 -11.4124
v -2.2223 -12.8083 -10.6
v -2.2168 -12.7799 -11.4464
v -2.9518 -12.6599 -10.6
v -3.3575 -12.5584 -11.5076
v -3.3402 -12.563 -10.6209
v -4.2902 -12.2385 -11.5586
v -4.2904 -12.239 -10.6728
v -5.0523 -11.9771 -11.6003
v -5.0267 -11.9879 -10.7131
v -6.2497 -11.3705 -11.671
v -6.2505 -11.3718 -10.7853
v -6.665 -11.1602 -11.6955
v -6.6324 -11.1796 -10.8078
v -8.0471 -10.2012 -10.8991
v 0.7971 1.4459 -29
v 1.03 1.2908 -29
v 0.0022 0 -29
v -0.009 1.65 -29
v 0.27 1.6281 -29
v 0.5413 1.5595 -29
v -0.8123 1.435 -29
v -0.5581 1.552 -29
v -0.2877 1.6243 -29
v -1.4087 0.8555 -29
v -1.2438 1.0817 -29
v -1.0431 1.2767 -29
v -1.6468 0.0588 -29
v -1.6131 0.3367 -29
v -1.533 0.6048 -29
v -1.4661 -0.7528 -29
v -1.5722 -0.4939 -29
v -1.633 -0.2207 -29
v -0.9125 -1.3733 -29
v -1.1314 -1.1989 -29
v -1.3177 -0.9901 -29
v -0.1266 -1.645 -29
v -0.4027 -1.5995 -29
v -0.6672 -1.5081 -29
v 0.692 -1.4989 -29
v 0.4288 -1.5939 -29
v 0.1533 -1.6431 -29
v 1.3354 -0.9721 -29
v 1.152 -1.1834 -29
v 0.9354 -1.3607 -29
v 1.6402 -0.1985 -29
v 1.5831 -0.4724 -29
v 1.4805 -0.7328 -29
v 1.529 0.6256 -29
v 1.6127 0.3586 -29
v 1.6502 0.0812 -29
v 1.2334 1.0985 -29
v 1.4013 0.8746 -29
v 0.7971 1.4459 -39
v 1.03 1.2908 -39
v 1.2334 1.0985 -39
v 1.4013 0.8746 -39
v 1.529 0.6256 -39
v 1.6127 0.3586 -39
v 1.6502 0.0812 -39
v 1.6402 -0.1985 -39
v 1.5831 -0.4724 -39
v 1.4805 -0.7328 -39
v 1.3354 -0.9721 -39
v 1.152 -1.1834 -39
v 0.9354 -1.3607 -39
v 0.692 -1.4989 -39
v 0.4288 -1.5939 -39
v 0.1533 -1.6431 -39
v -0.1266 -1.645 -39
v -0.4027 -1.5995 -39
v -0.6672 -1.5081 -39
v -0.9125 -1.3733 -39
v -1.1314 -1.1989 -39
v -1.3177 -0.9901 -39
v -1.4661 -0.7528 -39
v -1.5722 -0.4939 -39
v -1.633 -0.2207 -39
v -1.6468 0.0588 -39
v -1.6131 0.3367 -39
v -1.533 0.6048 -39
v -1.4087 0.8555 -39
v -1.2438 1.0817 -39
v -1.0431 1.2767 -39
v -0.8123 1.435 -39
v -0.5581 1.552 -39
v -0.2877 1.6243 -39
v -0.009 1.65 -39
v 0.27 1.6281 -39
v 0.5413 1.5595 -39
v 5.0051 3.1275 -39
v 5.4617 2.237 -39
v 5.7612 1.2822 -39
v 5.895 0.2904 -39
v 5.8594 -0.7096 -39
v 5.6552 -1.6893 -39
v 5.2884 -2.6204 -39
v 4.7695 -3.476 -39
v 4.1135 -4.2317 -39
v 3.3392 -4.8656 -39
v 2.4689 -5.3596 -39
v 1.5276 -5.6994 -39
v 0.5425 -5.8752 -39
v -0.4582 -5.882 -39
v -1.4457 -5.7196 -39
v -2.3915 -5.3926 -39
v -3.2684 -4.9105 -39
v -4.0512 -4.2872 -39
v -4.7175 -3.5405 -39
v -5.2479 -2.6919 -39
v -5.6273 -1.7659 -39
v -5.8448 -0.7891 -39
v -5.8941 0.2104 -39
v -5.7737 1.2038 -39
v -5.4872 2.1626 -39
v -5.0427 3.0592 -39
v -4.4532 3.8678 -39
v -3.7354 4.5651 -39
v -2.9101 5.1311 -39
v -2.0011 5.5495 -39
v -1.0344 5.8082 -39
v -0.0379 5.8999 -39
v 0.9598 5.8218 -39
v 1.9299 5.5762 -39
v 2.8445 5.1702 -39
v 3.6774 4.6155 -39
v 4.4046 3.928 -39
v 3.6774 4.6155 -36.5
v 4.4046 3.928 -36.5
v 5.0051 3.1275 -36.5
v 5.4617 2.237 -36.5
v 5.7612 1.2822 -36.5
v 5.895 0.2904 -36.5
v 5.8594 -0.7096 -36.5
v 5.6552 -1.6893 -36.5
v 5.2884 -2.6204 -36.5
v 4.7695 -3.476 -36.5
v 4.1135 -4.2317 -36.5
v 3.3392 -4.8656 -36.5
v 2.4689 -5.3596 -36.5
v 1.5276 -5.6994 -36.5
v 0.5425 -5.8752 -36.5
v -0.4582 -5.882 -36.5
v -1.4457 -5.7196 -36.5
v -2.3915 -5.3926 -36.5
v -3.2684 -4.9105 -36.5
v -4.0512 -4.2872 -36.5
v -4.7175 -3.5405 -36.5
v -5.2479 -2.6919 -36.5
v -5.6273 -1.7659 -36.5
v -5.8448 -0.7891 -36.5
v -5.8941 0.2104 -36.5
v -5.7737 1.2038 -36.5
v -5.4872 2.1626 -36.5
v -5.0427 3.0592 -36.5
v -4.4532 3.8678 -36.5
v -3.7354 4.5651 -36.5
v -2.9101 5.1311 -36.5
v -2.0011 5.5495 -36.5
v -1.0344 5.8082 -36.5
v -0.0379 5.8999 -36.5
v 0.9598 5.8218 -36.5
v 1.9299 5.5762 -36.5
v 2.8445 5.1702 -36.5
v 3.076 1.9215 -36.5
v 2.707 2.4134 -36.5
v 2.2603 2.8358 -36.5
v 1.7485 3.1766 -36.5
v 1.1866 3.4261 -36.5
v 0.5905 3.5769 -36.5
v -0.0224 3.6249 -36.5
v -0.6347 3.5686 -36.5
v -1.2286 3.4097 -36.5
v -1.7872 3.1526 -36.5
v -2.2942 2.8049 -36.5
v -2.7352 2.3764 -36.5
v -3.0974 1.8796 -36.5
v -3.3705 1.3287 -36.5
v -3.5466 0.7396 -36.5
v -3.6205 0.1292 -36.5
v -3.5903 -0.4849 -36.5
v -3.4566 -1.085 -36.5
v -3.2235 -1.6539 -36.5
v -2.8976 -2.1753 -36.5
v -2.4883 -2.6341 -36.5
v -2.0073 -3.0171 -36.5
v -1.4685 -3.3133 -36.5
v -0.8874 -3.5141 -36.5
v -0.2807 -3.6139 -36.5
v 0.3341 -3.6098 -36.5
v 0.9394 -3.5017 -36.5
v 1.5177 -3.293 -36.5
v 2.0524 -2.9895 -36.5
v 2.5282 -2.6 -36.5
v 2.9312 -2.1357 -36.5
v 3.25 -1.61 -36.5
v 3.4754 -1.0379 -36.5
v 3.6009 -0.436 -36.5
v 3.6228 0.1784 -36.5
v 3.5406 0.7878 -36.5
v 3.3565 1.3744 -36.5
v 2.2603 2.8358 -29.3
v 2.707 2.4134 -29.3
v 3.076 1.9215 -29.3
v 3.3565 1.3744 -29.3
v 3.5406 0.7878 -29.3
v 3.6228 0.1784 -29.3
v 3.6009 -0.436 -29.3
v 3.4754 -1.0379 -29.3
v 3.25 -1.61 -29.3
v 2.9312 -2.1357 -29.3
v 2.5282 -2.6 -29.3
v 2.0524 -2.9895 -29.3
v 1.5177 -3.293 -29.3
v 0.9394 -3.5017 -29.3
v 0.3341 -3.6098 -29.3
v -0.2807 -3.6139 -29.3
v -0.8874 -3.5141 -29.3
v -1.4685 -3.3133 -29.3
v -2.0073 -3.0171 -29.3
v -2.4883 -2.6341 -29.3
v -2.8976 -2.1753 -29.3
v -3.2235 -1.6539 -29.3
v -3.4566 -1.085 -29.3
v -3.5903 -0.4849 -29.3
v -3.6205 0.1292 -29.3
v -3.5466 0.7396 -29.3
v -3.3705 1.3287 -29.3
v -3.0974 1.8796 -29.3
v -2.7352 2.3764 -29.3
v -2.2942 2.8049 -29.3
v -1.7872 3.1526 -29.3
v -1.2286 3.4097 -29.3
v -0.6347 3.5686 -29.3
v -0.0224 3.6249 -29.3
v 0.5905 3.5769 -29.3
v 1.1866 3.4261 -29.3
v 1.7485 3.1766 -29.3
v 7.0924 -2.1188 -29.3
v 6.6323 -3.2865 -29.3
v 5.9815 -4.3598 -29.3
v 5.1587 -5.3076 -29.3
v 4.1875 -6.1027 -29.3
v 3.096 -6.7222 -29.3
v 1.9154 -7.1484 -29.3
v 0.6798 -7.3689 -29.3
v -0.5753 -7.3774 -29.3
v -1.8138 -7.1737 -29.3
v -3 -6.7636 -29.3
v -4.0999 -6.159 -29.3
v -5.0818 -5.3771 -29.3
v -5.9174 -4.4406 -29.3
v -6.5827 -3.3763 -29.3
v -7.0586 -2.2149 -29.3
v -7.3313 -0.9898 -29.3
v -7.3931 0.2638 -29.3
v -7.2421 1.5099 -29.3
v -6.8828 2.7124 -29.3
v -6.3253 3.837 -29.3
v -5.5859 4.8511 -29.3
v -4.6856 5.7258 -29.3
v -3.6506 6.4356 -29.3
v -2.5104 6.9604 -29.3
v -1.2979 7.2849 -29.3
v -0.0481 7.3998 -29.3
v 1.2032 7.3019 -29.3
v 2.42 6.9939 -29.3
v 3.5672 6.4847 -29.3
v 4.6118 5.7889 -29.3
v 5.5238 4.9266 -29.3
v 6.277 3.9226 -29.3
v 6.8497 2.8057 -29.3
v 7.2253 1.6081 -29.3
v 7.3932 0.3643 -29.3
v 7.3485 -0.89 -29.3
v 4.6118 5.7889 -28.4
v 5.5238 4.9266 -28.4
v 6.277 3.9226 -28.4
v 6.8497 2.8057 -28.4
v 7.2253 1.6081 -28.4
v 7.3932 0.3643 -28.4
v 7.3485 -0.89 -28.4
v 7.0924 -2.1188 -28.4
v 6.6323 -3.2865 -28.4
v 5.9815 -4.3598 -28.4
v 5.1587 -5.3076 -28.4
v 4.1875 -6.1027 -28.4
v 3.096 -6.7222 -28.4
v 1.9154 -7.1484 -28.4
v 0.6798 -7.3689 -28.4
v -0.5753 -7.3774 -28.4
v -1.8138 -7.1737 -28.4
v -3 -6.7636 -28.4
v -4.0999 -6.159 -28.4
v -5.0818 -5.3771 -28.4
v -5.9174 -4.4406 -28.4
v -6.5827 -3.3763 -28.4
v -7.0586 -2.2149 -28.4
v -7.3313 -0.9898 -28.4
v -7.3931 0.2638 -28.4
v -7.2421 1.5099 -28.4
v -6.8828 2.7124 -28.4
v -6.3253 3.837 -28.4
v -5.5859 4.8511 -28.4
v -4.6856 5.7258 -28.4
v -3.6506 6.4356 -28.4
v -2.5104 6.9604 -28.4
v -1.2979 7.2849 -28.4
v -0.0481 7.3998 -28.4
v 1.2032 7.3019 -28.4
v 2.42 6.9939 -28.4
v 3.5672 6.4847 -28.4
v -0.6368 8.5762 -28.4
v 0.4651 8.5875 -28.4
v 1.5595 8.4578 -28.4
v 2.6282 8.1892 -28.4
v -4.7631 7.1591 -28.4
v -3.8085 7.7096 -28.4
v -2.7913 8.1336 -28.4
v -1.7283 8.4241 -28.4
v -7.663 3.8994 -28.4
v -7.1014 4.8476 -28.4
v -6.4232 5.7162 -28.4
v -5.6395 6.4909 -28.4
v -8.5901 -0.3638 -28.4
v -8.5661 0.7379 -28.4
v -8.4014 1.8276 -28.4
v -8.0987 2.8872 -28.4
v -7.3059 -4.5334 -28.4
v -7.8256 -3.5616 -28.4
v -8.2168 -2.5314 -28.4
v -8.4731 -1.4596 -28.4
v 7.5857 4.0558 -28.4
v 8.0421 3.0528 -28.4
v 8.3665 1.9996 -28.4
v 3.6539 7.7862 -28.4
v 4.6196 7.2553 -28.4
v 5.5095 6.6053 -28.4
v 6.3089 5.8468 -28.4
v 7.0048 4.9923 -28.4
v 7.4018 -4.3825 -28.4
v 6.7806 -5.2928 -28.4
v 6.0481 -6.1161 -28.4
v -4.1409 -7.5362 -28.4
v -5.0706 -6.9446 -28.4
v -5.917 -6.2389 -28.4
v -6.6662 -5.4307 -28.4
v 0.0904 -8.5995 -28.4
v -1.01 -8.5402 -28.4
v -2.0938 -8.3407 -28.4
v -3.1432 -8.0042 -28.4
v 8.5535 0.9136 -28.4
v 8.6001 -0.1875 -28.4
v 8.5056 -1.2854 -28.4
v 8.2714 -2.3622 -28.4
v 7.9014 -3.4003 -28.4
v 5.2164 -6.839 -28.4
v 4.299 -7.4497 -28.4
v 3.3111 -7.9379 -28.4
v 2.2688 -8.2959 -28.4
v 1.1894 -8.5177 -28.4
v 3.624 10.4785 -25.9
v 3.6289 10.4908 -21.6
v 4.7154 10.0496 -25.9
v 5.3496 9.727 -21.6
v 3.3916 10.5698 -25.9
v 2.0122 10.9165 -25.9
v 1.8037 10.9528 -21.6
v 1.8024 10.9414 -25.9
v 0.5997 11.0839 -25.9
v -0.0732 11.0997 -21.6
v -1.946 10.9127 -25.9
v -1.948 10.9273 -21.6
v -0.8226 11.0693 -25.9
v -0.073 11.077 -25.9
v -2.2313 10.873 -25.9
v -3.6034 10.4981 -25.9
v -3.7667 10.4406 -21.6
v -3.7629 10.4316 -25.9
v -4.9163 9.9508 -25.9
v -5.4769 9.6535 -21.6
v -7.0198 8.5758 -25.9
v -7.0296 8.5886 -21.6
v -6.1484 9.2402 -25.9
v -5.4657 9.6339 -25.9
v -7.2795 8.3778 -25.9
v -8.291 7.3779 -25.9
v -8.3799 7.2767 -21.6
v -8.3737 7.2719 -25.9
v -9.1664 6.2568 -25.9
v -9.4891 5.7555 -21.6
v -10.3093 4.0618 -25.9
v -10.3253 4.0686 -21.6
v -9.8912 5.033 -25.9
v -9.47 5.7442 -25.9
v -10.4536 3.7265 -25.9
v -10.8443 2.3588 -25.9
v -10.8643 2.2648 -21.6
v -10.8586 2.2639 -25.9
v -11.0569 0.9525 -25.9
v -11.0908 0.3958 -21.6
v -10.9796 -1.4827 -25.9
v -10.9981 -1.4847 -21.6
v -11.0879 -0.4696 -25.9
v -11.069 0.3953 -25.9
v -10.9368 -1.8839 -25.9
v -10.6061 -3.2673 -25.9
v -10.5889 -3.3224 -21.6
v -10.5856 -3.3211 -25.9
v -10.1012 -4.597 -25.9
v -9.8751 -5.0645 -21.6
v -8.8612 -6.6495 -25.9
v -8.8771 -6.6609 -21.6
v -9.4304 -5.8512 -25.9
v -9.8565 -5.0545 -25.9
v -8.6047 -7.0094 -25.9
v -7.6377 -8.0525 -25.9
v -7.6237 -8.0657 -21.6
v -7.623 -8.0648 -25.9
v -6.5452 -8.9633 -25.9
v -6.1509 -9.2385 -21.6
v -6.14 -9.2212 -25.9
v -5.3453 -9.727 -25.9
v -4.5011 -10.1455 -21.6
v -4.4924 -10.127 -25.9
v -4.0575 -10.331 -25.9
v -2.7217 -10.7606 -21.6
v -2.7214 -10.7594 -25.9
v -0.864 -11.0661 -21.6
v -2.7031 -10.7653 -25.9
v -1.3042 -11.0228 -25.9
v -0.863 -11.0466 -25.9
v 0.116 -11.0994 -25.9
v 1.0186 -11.0534 -21.6
v 2.8713 -10.7191 -25.9
v 2.872 -10.7226 -21.6
v 1.5345 -10.9937 -25.9
v 1.0171 -11.0323 -25.9
v 2.9277 -10.7075 -25.9
v 4.273 -10.2455 -25.9
v 4.6429 -10.0833 -21.6
v 4.6347 -10.0667 -25.9
v 5.5481 -9.6152 -25.9
v 6.2802 -9.154 -21.6
v 7.7332 -7.957 -25.9
v 7.737 -7.9614 -21.6
v 6.7321 -8.8271 -25.9
v 6.2682 -9.1359 -25.9
v 7.8056 -7.894 -25.9
v 8.751 -6.8313 -25.9
v 8.9712 -6.5396 -21.6
v 8.9568 -6.5298 -25.9
v 9.5528 -5.6565 -25.9
v 9.9474 -4.9298 -21.6
v 10.6301 -3.1755 -25.9
v 10.6375 -3.1782 -21.6
v 10.1977 -4.3887 -25.9
v 9.9276 -4.9197 -25.9
v 10.6752 -3.0489 -25.9
v 10.9775 -1.6591 -25.9
v 11.0216 -1.3351 -21.6
v 11.0055 -1.3337 -25.9
v 11.0995 -0.2419 -25.9
v 11.0887 0.5464 -21.6
v 10.8273 2.4105 -25.9
v 10.8369 2.4122 -21.6
v 11.0394 1.1791 -25.9
v 11.0662 0.5455 -25.9
v 10.798 2.5809 -25.9
v 10.3793 3.9402 -25.9
v 10.2734 4.2086 -21.6
v 10.26 4.2025 -25.9
v 9.7903 5.2349 -25.9
v 9.4144 5.8839 -21.6
v 8.2757 7.3826 -25.9
v 8.2846 7.3899 -21.6
v 9.0405 6.4436 -25.9
v 9.3951 5.8719 -25.9
v 8.1423 7.5464 -25.9
v 7.1104 8.5254 -25.9
v 6.9166 8.6834 -21.6
v 6.9088 8.6727 -25.9
v 5.9619 9.3644 -25.9
v 5.3387 9.707 -25.9
v 5.3897 -10.4395 -21.6
v 4.5965 -10.8146 -21.6
v -12.2905 2.058 -21.6
v -12.1485 3.0135 -21.6
v -0.1783 -11.7486 -21.6
v -1.115 -11.6968 -21.6
v -12.3456 0.22 -21.6
v -12.3529 0.5214 -21.6
v -6.084 -10.0443 -21.6
v -6.7295 -9.6305 -21.6
v 9.3413 -7.3296 -21.6
v 9.3145 -7.3575 -21.6
v -10.7085 6.9218 -21.6
v -10.196 7.7476 -21.6
v -9.7129 8.4072 -21.6
v -12.3387 -0.0635 -21.6
v -10.7812 -5.3106 -21.6
v 3.7207 -11.1461 -21.6
v 2.8197 -11.4072 -21.6
v -9.6189 8.5357 -21.6
v -9.4382 8.7584 -21.6
v -8.7849 9.4865 -21.6
v -8.5282 9.744 -21.6
v -11.9326 3.9539 -21.6
v -11.6417 4.8841 -21.6
v -11.5465 5.143 -21.6
v -11.4706 5.3218 -21.6
v -11.1611 6.0504 -21.6
v -11.9992 3.6637 -21.6
v -11.1092 -4.677 -21.6
v -11.2174 -4.4681 -21.6
v -11.5852 -3.5953 -21.6
v -9.2281 -7.4508 -21.6
v -8.5658 -8.1232 -21.6
v -4.057 -11.0266 -21.6
v -4.555 -10.8203 -21.6
v 8.1411 -8.4952 -21.6
v 7.9789 -8.6392 -21.6
v 7.8671 -8.7296 -21.6
v 7.1441 -9.3303 -21.6
v 6.8509 -9.5368 -21.6
v 8.6857 -8.0119 -21.6
v -10.7103 6.9188 -21.6
v -9.244 -7.4318 -21.6
v -9.8372 -6.7256 -21.6
v -10.2764 -6.1208 -21.6
v -7.4899 -9.0511 -21.6
v -7.85 -8.741 -21.6
v -8.0629 -8.5573 -21.6
v 2.6228 -11.454 -21.6
v 2.1573 -11.541 -21.6
v 1.6921 -11.6278 -21.6
v 3.8068 -11.1135 -21.6
v 10.6656 -5.5184 -21.6
v 11.1167 -4.6871 -21.6
v 11.1543 -4.6024 -21.6
v -12.362 0.899 -21.6
v -12.3578 1.0877 -21.6
v -12.2978 1.9532 -21.6
v -12.2408 -1.0195 -21.6
v -12.1566 -1.4829 -21.6
v -11.7483 -3.1173 -21.6
v -11.8213 -2.9031 -21.6
v -12.0684 -1.9679 -21.6
v -7.476 -9.0631 -21.6
v 10.3239 -6.0438 -21.6
v 10.1518 -6.3085 -21.6
v 9.5764 -7.0564 -21.6
v 11.5034 -3.8152 -21.6
v 11.6321 -3.4764 -21.6
v 8.5353 9.737 -21.6
v 8.5831 9.6932 -21.6
v 9.2535 8.9788 -21.6
v 9.7131 8.4086 -21.6
v -4.9237 -10.6676 -21.6
v -5.1067 -10.5812 -21.6
v -5.9395 -10.137 -21.6
v -3.166 -11.3148 -21.6
v -2.9459 -11.3671 -21.6
v 0.7579 -11.7257 -21.6
v 0.4612 -11.7329 -21.6
v -0.0056 -11.7444 -21.6
v 12.1761 -1.4158 -21.6
v 12.1428 -1.6317 -21.6
v 11.9236 -2.5635 -21.6
v 11.7662 -3.0564 -21.6
v 11.4611 5.3543 -21.6
v 11.5653 5.1062 -21.6
v -1.259 -11.6818 -21.6
v -1.3162 -11.6758 -21.6
v -2.2521 -11.5317 -21.6
v 6.3764 -9.8707 -21.6
v 6.2664 -9.9409 -21.6
v 5.4457 -10.413 -21.6
v 12.221 2.6102 -21.6
v 12.2924 1.9984 -21.6
v 12.332 1.6593 -21.6
v 12.3686 0.7018 -21.6
v 12.3651 0.5058 -21.6
v 11.7781 4.4917 -21.6
v 11.9991 3.6908 -21.6
v 12.0366 3.5548 -21.6
v 11.1887 6.003 -21.6
v 10.7437 6.8693 -21.6
v 9.8655 8.2195 -21.6
v 10.2303 7.7035 -21.6
v 10.6971 6.945 -21.6
v 12.3611 0.2856 -21.6
v 12.3611 0.2832 -21.6
v 12.2891 -0.6825 -21.6
v 13.45 -7.301 -10.6
v 11.5006 -6.0341 -10.6
v 13.6399 -7.0406 -10.6
v 11.7061 -5.5347 -10.6
v 13.871 -6.816 -10.6
v 13.2146 -7.8985 -10.6
v 13.3069 -7.5897 -10.6
v 1.0682 16.6659 -10.6
v -13.3122 9.0066 -10.6
v -1.372 16.6434 -10.6
v -13.4592 9.2933 -10.6
v -3.7829 16.2654 -10.6
v -6.113 15.5401 -10.6
v -13.6526 9.5511 -10.6
v -13.6777 9.5787 -10.6
v -12.1356 11.4701 -10.6
v -8.3125 14.483 -10.6
v -10.3344 13.1166 -10.6
v 11.8769 -5.1195 -10.6
v 12.1833 -4.1776 -10.6
v 14.1368 -6.6338 -10.6
v 15.383 -6.4113 -10.6
v 16.3998 3.1636 -10.6
v 16.6858 0.7401 -10.6
v 16.6155 -1.6993 -10.6
v 16.1905 -4.1023 -10.6
v 15.4198 -6.4178 -10.6
v 15.7637 5.5196 -10.6
v 15.0618 -6.3862 -10.6
v 14.791 7.7577 -10.6
v 6.2679 10.1401 -10.6
v 8.0475 14.6343 -10.6
v 6.9107 9.7683 -10.6
v 10.0943 13.3056 -10.6
v 6.9926 9.7127 -10.6
v 7.6991 9.234 -10.6
v 12.5854 -2.0937 -10.6
v 12.6039 -1.9591 -10.6
v 14.4295 -6.499 -10.6
v 13.5548 -9.4263 -10.6
v 13.3839 -9.1531 -10.6
v -9.6443 6.6982 -10.6
v -13.2498 7.7421 -10.6
v -9.1956 7.3118 -10.6
v -13.1841 8.0576 -10.6
v -8.5821 8.0232 -10.6
v -13.1726 8.3797 -10.6
v -8.5679 8.0373 -10.6
v 8.3421 8.7192 -10.6
v 11.9257 11.6927 -10.6
v 8.4383 8.6422 -10.6
v 13.2618 -8.8549 -10.6
v 13.1917 -8.5403 -10.6
v 13.1759 -8.2184 -10.6
v -9.7545 6.5475 -10.6
v -9.8265 6.4388 -10.6
v -13.368 7.4423 -10.6
v -10.3092 5.6336 -10.6
v -13.5351 7.1668 -10.6
v -10.516 5.2162 -10.6
v -13.7463 6.9234 -10.6
v -10.7266 4.7913 -10.6
v -13.9957 6.7193 -10.6
v -5.8987 10.1501 -10.6
v -6.2569 9.9442 -10.6
v -13.2157 8.6991 -10.6
v -7.0372 9.408 -10.6
v 2.3801 11.5022 -10.6
v 2.2513 11.5327 -10.6
v 3.4857 16.3326 -10.6
v 12.6276 0.253 -10.6
v 12.5158 1.2205 -10.6
v 14.7408 -6.4157 -10.6
v 12.4754 1.4282 -10.6
v 12.3302 2.1753 -10.6
v 12.0729 3.1078 -10.6
v 12.0723 3.1101 -10.6
v 12.2653 -3.8744 -10.6
v 12.272 -3.8437 -10.6
v 12.4715 -2.9226 -10.6
v -14.2759 6.5602 -10.6
v -10.8113 4.6253 -10.6
v -11.0902 4.0075 -10.6
v -11.1952 3.7747 -10.6
v -11.5121 2.8921 -10.6
v -11.6092 2.5688 -10.6
v -1.0424 11.6955 -10.6
v -1.689 11.6277 -10.6
v -2.6124 11.4554 -10.6
v 10.7764 5.905 -10.6
v 10.573 6.2031 -10.6
v 10.2348 6.6987 -10.6
v 9.628 7.4532 -10.6
v -11.6327 2.4715 -10.6
v -11.8322 1.6488 -10.6
v -14.5791 6.4508 -10.6
v -11.9609 0.8454 -10.6
v -11.9818 0.7153 -10.6
v -12.0574 -0.2304 -10.6
v -12.0576 -0.8242 -10.6
v -12.0577 -1.187 -10.6
v -12.0368 -1.5641 -10.6
v -11.9322 -2.5051 -10.6
v -11.7546 -3.4373 -10.6
v -4.596 10.8129 -10.6
v -4.7787 10.7265 -10.6
v -5.4425 10.4124 -10.6
v 12.662 -0.9851 -10.6
v 12.6503 -0.3193 -10.6
v 12.6447 -0.0022 -10.6
v 13.5025 9.8301 -10.6
v 9.5385 7.55 -10.6
v 9.1282 7.9935 -10.6
v -7.1982 9.2853 -10.6
v -7.3144 9.1875 -10.6
v -7.9159 8.6814 -10.6
v 4.5392 10.8998 -10.6
v 5.8288 15.6506 -10.6
v 5.4193 10.5539 -10.6
v 5.5258 10.502 -10.6
v 1.3237 11.6754 -10.6
v 0.675 11.7226 -10.6
v 0.3824 11.7438 -10.6
v 0.1801 11.7487 -10.6
v -0.7577 11.7254 -10.6
v -15.2186 6.392 -10.6
v -10.1528 -7.2644 -10.6
v -10.0965 -7.3595 -10.6
v -2.722 11.4257 -10.6
v -3.5263 11.2077 -10.6
v -3.7188 11.1453 -10.6
v -4.3526 10.9051 -10.6
v 3.9871 11.0675 -10.6
v 3.6298 11.176 -10.6
v 3.1637 11.3167 -10.6
v 11.7401 4.0254 -10.6
v 11.6644 4.2066 -10.6
v 11.4966 4.5603 -10.6
v 11.4261 4.7091 -10.6
v 11.2531 5.0738 -10.6
v -14.8963 6.3941 -10.6
v -11.0807 -5.5012 -10.6
v -11.0091 -5.6707 -10.6
v -11.5644 -4.1372 -10.6
v -11.5042 -4.3586 -10.6
v -11.1799 -5.2664 -10.6
v -10.9722 -5.7458 -10.6
v -10.5855 -6.5332 -10.6
v -7.7747 -10.0337 -10.6
v -7.915 -9.9019 -10.6
v -8.4858 -9.3658 -10.6
v -6.2031 -11.2008 -10.6
v -6.5168 -10.986 -10.6
v -7.0136 -10.6459 -10.6
v -3.3318 -12.5335 -10.6
v -3.8855 -12.3491 -10.6
v -9.5428 -8.1481 -10.6
v -9.1298 -8.6488 -10.6
v -8.9243 -8.898 -10.6
v -5.6551 -11.5269 -10.6
v -4.9782 -11.8736 -10.6
v -4.7867 -11.9716 -10.6
v 13.7061 -12.4278 -1.6
v 14.9264 -10.1804 -1.6
v 15.2403 -10.4904 -1.6
v 15.2486 -10.1782 -1.6
v 15.4732 -10.1439 -1.6
v -17.0202 7.245 -1.6
v -16.8524 7.6272 -1.6
v -16.761 7.4193 -1.6
v -17.8339 4.9115 -1.6
v -16.5902 7.146 -1.6
v -16.3756 6.9055 -1.6
v -18.3294 2.4903 -1.6
v -16.1235 6.7048 -1.6
v -18.4978 0.0247 -1.6
v -15.8411 6.5495 -1.6
v -15.5365 6.4443 -1.6
v 14.0214 -9.8675 -1.6
v 13.7693 -9.6668 -1.6
v 9.9359 -15.6068 -1.6
v 11.9274 -14.1435 -1.6
v 14.3038 -10.0228 -1.6
v 14.6084 -10.1281 -1.6
v -18.336 -2.4413 -1.6
v -17.847 -4.8638 -1.6
v 7.767 -16.7916 -1.6
v 5.4597 -17.6767 -1.6
v 3.0549 -18.2464 -1.6
v 0.5956 -18.4905 -1.6
v -1.8742 -18.4046 -1.6
v -4.3105 -17.9903 -1.6
v -6.6699 -17.2549 -1.6
v -8.9103 -16.2117 -1.6
v -10.9915 -14.8791 -1.6
v -12.8766 -13.281 -1.6
v -14.5319 -11.446 -1.6
v -15.9278 -9.4066 -1.6
v -17.0395 -7.1994 -1.6
v 16.9292 -7.8733 -1.4315
v -16.8832 7.7175 -1.5346
v -16.5051 9.5317 -1.0384
v -16.6051 9.4061 -1.0139
v -17.1922 10.2153 -0.1
v -16.6949 9.2713 -1.0015
v -17.7963 9.0239 -0.1
v -16.7729 9.1295 -1.0016
v -16.8381 8.9826 -1.0139
v -16.8909 8.8298 -1.0385
v -16.9303 8.6738 -1.0752
v -18.4004 7.8324 -0.1
v -16.9567 8.5128 -1.1244
v -16.9691 8.3539 -1.1841
v -16.9678 8.1898 -1.2571
v -16.9532 8.032 -1.3384
v -16.0082 9.9386 -1.2557
v -16.4347 11.3156 -0.1
v -15.8622 10.0133 -1.3398
v -15.6772 12.416 -0.1
v -15.7154 10.0733 -1.4315
v -16.1437 9.8539 -1.1847
v -16.2718 9.7536 -1.1266
v -16.3337 9.7053 -1.0986
v 16.9572 -8.0295 -1.3398
v 18.8868 -6.5857 -0.1
v 16.9724 -8.1926 -1.2557
v 18.3636 -7.8149 -0.1
v 16.9735 -8.3524 -1.1847
v 16.8428 -8.9817 -1.014
v 16.8951 -8.8302 -1.0384
v 17.8405 -9.0441 -0.1
v 16.9498 -8.5925 -1.0986
v 16.9609 -8.5147 -1.1238
v 15.5659 -10.1216 -1.5346
v 16.4759 -11.341 -0.1
v 15.869 -10.0121 -1.3384
v 16.0106 -9.9397 -1.2568
v 16.1493 -9.8531 -1.1841
v 16.2767 -9.7576 -1.1245
v 17.1582 -10.1925 -0.1
v 16.3986 -9.6489 -1.0752
v 16.5093 -9.5319 -1.0385
v 16.6099 -9.4056 -1.0139
v 16.6987 -9.2723 -1.0016
v 16.777 -9.13 -1.0015
v -10.7579 -16.8058 -0.1
v -11.8829 -16.0855 -0.1
v -12.9019 -15.2217 -0.1
v -13.9209 -14.3579 -0.1
v -14.8156 -13.3659 -0.1
v -15.7104 -12.374 -0.1
v -16.4649 -11.2717 -0.1
v -17.2195 -10.1693 -0.1
v -17.8203 -8.9762 -0.1
v -18.4212 -7.7832 -0.1
v -18.8577 -6.5206 -0.1
v -19.2942 -5.2581 -0.1
v -19.5586 -3.9487 -0.1
v -19.8229 -2.6392 -0.1
v -19.9104 -1.3062 -0.1
v -19.9978 0.0267 -0.1
v -19.9068 1.3595 -0.1
v -19.8158 2.6922 -0.1
v -19.548 4.001 -0.1
v -18.8402 6.571 -0.1
v -19.2801 5.3097 -0.1
v -14.7798 13.4055 -0.1
v -13.8824 14.395 -0.1
v -12.8612 15.2561 -0.1
v -11.8399 16.1172 -0.1
v -10.7129 16.8345 -0.1
v -9.586 17.5518 -0.1
v -8.3735 18.1125 -0.1
v -7.161 18.6732 -0.1
v -5.8846 19.0673 -0.1
v -4.6082 19.4614 -0.1
v -3.2907 19.6818 -0.1
v -1.9731 19.9022 -0.1
v -0.638 19.9451 -0.1
v 0.6972 19.9879 -0.1
v 2.0262 19.8524 -0.1
v 3.3551 19.7169 -0.1
v 4.6542 19.4055 -0.1
v 5.9532 19.0941 -0.1
v 7.1992 18.6123 -0.1
v 8.4451 18.1305 -0.1
v 9.6373 17.5261 -0.1
v 10.7864 16.8434 -0.1
v 11.8608 16.0496 -0.1
v 12.9351 15.2558 -0.1
v 13.8941 14.3258 -0.1
v 14.8531 13.3959 -0.1
v 15.6796 12.3464 -0.1
v 16.5061 11.2969 -0.1
v 17.1854 10.1466 -0.1
v 17.8646 8.9963 -0.1
v 18.3845 7.7658 -0.1
v 18.9043 6.5352 -0.1
v 19.2555 5.2464 -0.1
v 19.6067 3.9575 -0.1
v 19.783 2.6334 -0.1
v 19.9593 1.3092 -0.1
v 19.9575 -0.0267 -0.1
v 19.9557 -1.3625 -0.1
v 19.7759 -2.6862 -0.1
v 19.2414 -5.2978 -0.1
v 19.5961 -4.0099 -0.1
v 15.6466 -12.3882 -0.1
v 14.8173 -13.4355 -0.1
v 13.8558 -14.3629 -0.1
v 12.8943 -15.2903 -0.1
v 11.8178 -16.0813 -0.1
v 10.7413 -16.8722 -0.1
v 9.5689 -17.5126 -0.1
v 8.3966 -18.1531 -0.1
v 7.1494 -18.6315 -0.1
v 5.9021 -19.1099 -0.1
v 4.6023 -19.4179 -0.1
v 3.3024 -19.7258 -0.1
v 1.9731 -19.8578 -0.1
v 0.6438 -19.9897 -0.1
v -0.6913 -19.9433 -0.1
v -2.0263 -19.8969 -0.1
v -3.3433 -19.6729 -0.1
v -4.6602 -19.449 -0.1
v -5.9356 -19.0515 -0.1
v -7.2109 -18.654 -0.1
v -8.4219 -18.0901 -0.1
v -9.6329 -17.5261 -0.1
v -0.6389 19.9683 29.2682
v 0.5352 19.9929 29.2682
v -10.3584 17.1073 29.2682
v -8.6853 18.0147 29.2682
v -8.3872 18.1413 29.2682
v -6.9336 18.7589 29.2682
v -5.8911 19.0888 29.2682
v -5.119 19.3332 29.2682
v -3.2976 19.724 29.2682
v -3.2581 19.7325 29.2682
v -1.3676 19.953 29.2682
v -12.8767 15.2741 29.2682
v -11.9376 16.045 29.2682
v -10.7279 16.8587 29.2682
v -18.7168 7.0428 29.2682
v -17.9626 8.7902 29.2682
v -17.8261 9.0385 29.2682
v -17.0456 10.4581 29.2682
v -16.453 11.3284 29.2682
v -15.9743 12.0312 29.2682
v -14.8101 13.4332 29.2682
v -14.7584 13.4954 29.2682
v -13.4087 14.8374 29.2682
v -19.5718 4.0055 29.2682
v -19.3015 5.2315 29.2682
v -18.866 6.5804 29.2682
v -19.0655 -6.0353 29.2682
v -19.5528 -4.1955 29.2682
v -19.5924 -3.9559 29.2682
v -19.8631 -2.3177 29.2682
v -19.9324 -1.3076 29.2682
v -19.9934 -0.4189 29.2682
v -19.9459 1.3624 29.2682
v -19.9427 1.4837 29.2682
v -19.7114 3.3729 29.2682
v -16.5928 -11.1628 29.2682
v -17.5787 -9.5348 29.2682
v -17.8425 -8.9878 29.2682
v -18.4054 -7.8205 29.2682
v -18.8829 -6.529 29.2682
v -11.2552 -16.5309 29.2682
v -12.7756 -15.386 29.2682
v -12.925 -15.2494 29.2682
v -14.1803 -14.1017 29.2682
v -14.832 -13.3807 29.2682
v -15.4565 -12.6897 29.2682
v -16.4961 -11.2927 29.2682
v -6.1419 -19.0329 29.2682
v -7.9233 -18.3626 29.2682
v -8.4324 -18.1135 29.2682
v -9.6329 -17.5261 29.2682
v -10.7721 -16.8273 29.2682
v 1.372 -19.953 29.2682
v -0.5309 -19.9929 29.2682
v -0.6923 -19.9809 29.2682
v -2.4289 -19.8517 29.2682
v -3.347 -19.6946 29.2682
v -4.3049 -19.5307 29.2682
v -5.9466 -19.0858 29.2682
v 6.9379 -18.7589 29.2682
v 5.1234 -19.3332 29.2682
v 4.6088 -19.4436 29.2682
v 3.2624 -19.7325 29.2682
v 1.9752 -19.8827 29.2682
v 13.4131 -14.8374 29.2682
v 11.942 -16.045 29.2682
v 11.8412 -16.1128 29.2682
v 10.3627 -17.1073 29.2682
v 9.5796 -17.532 29.2682
v 8.6897 -18.0147 29.2682
v 7.1614 -18.6639 29.2682
v 17.05 -10.4581 29.2682
v 15.9787 -12.0312 29.2682
v 15.6683 -12.405 29.2682
v 14.7627 -13.4954 29.2682
v 13.8724 -14.3806 29.2682
v 19.3058 -5.2315 29.2682
v 19.281 -5.3086 29.2682
v 18.7211 -7.0428 29.2682
v 18.3842 -7.8235 29.2682
v 17.9669 -8.7902 29.2682
v 17.1865 -10.2098 29.2682
v 19.8674 2.3177 29.2682
v 19.9978 0.4189 29.2682
v 19.9859 -0.0263 29.2682
v 19.9471 -1.4837 29.2682
v 19.7994 -2.6897 29.2682
v 19.7157 -3.3729 29.2682
v 18.4098 7.8205 29.2682
v 18.4238 7.7825 29.2682
v 19.0698 6.0353 29.2682
v 19.2772 5.2524 29.2682
v 19.5572 4.1955 29.2682
v 19.8147 2.6372 29.2682
v 14.1846 14.1017 29.2682
v 15.4609 12.6897 29.2682
v 15.7025 12.3649 29.2682
v 16.5971 11.1628 29.2682
v 17.2055 10.1582 29.2682
v 17.5831 9.5348 29.2682
v 2.0296 19.8817 29.2682
v 2.4333 19.8517 29.2682
v 4.3093 19.5307 29.2682
v 4.6609 19.4354 29.2682
v 6.1463 19.0329 29.2682
v 7.2076 18.6336 29.2682
v 7.9277 18.3626 29.2682
v 9.6372 17.5261 29.2682
v 11.2596 16.5309 29.2682
v 11.8742 16.0681 29.2682
v 12.78 15.386 29.2682
v 13.9158 14.3475 29.2682
v 1.6358 4.7256 35.25
v 2.411 4.3815 35.25
v 0.8137 4.9337 35.25
v -0.0318 4.9999 35.25
v -0.8763 4.9222 35.25
v -1.6955 4.703 35.25
v -2.4659 4.3484 35.25
v -3.1653 3.8687 35.25
v -3.7735 3.2778 35.25
v -4.2732 2.5926 35.25
v -4.6498 1.8327 35.25
v -4.8926 1.0202 35.25
v -4.9946 0.1783 35.25
v -4.9529 -0.6688 35.25
v -4.7686 -1.4966 35.25
v -4.447 -2.2813 35.25
v -3.9975 -3.0004 35.25
v -3.4329 -3.6332 35.25
v -2.7695 -4.1615 35.25
v -2.0263 -4.57 35.25
v -1.2248 -4.8471 35.25
v -0.388 -4.9848 35.25
v 0.46 -4.979 35.25
v 1.2949 -4.83 35.25
v 2.0926 -4.542 35.25
v 2.8301 -4.1234 35.25
v 3.4863 -3.5862 35.25
v 4.0423 -2.9458 35.25
v 4.482 -2.2206 35.25
v 4.7928 -1.4316 35.25
v 4.9659 -0.6014 35.25
v 4.9961 0.2461 35.25
v 4.8827 1.0866 35.25
v 4.6289 1.8958 35.25
v 4.2419 2.6504 35.25
v 3.733 3.3288 35.25
v 3.1168 3.9114 35.25
v 0.0022 0 35.25
v -7.9111 -18.3345 29.6589
v -4.2983 -19.5007 29.6589
v -0.5301 -19.9622 29.6589
v 3.2574 -19.7022 29.6589
v 8.6763 -17.987 29.6589
v 11.9236 -16.0204 29.6589
v 14.7401 -13.4747 29.6589
v 17.9393 -8.7767 29.6589
v 19.2762 -5.2235 29.6589
v 19.9164 -1.4815 29.6589
v 19.5272 4.189 29.6589
v 18.3815 7.8085 29.6589
v 16.5716 11.1457 29.6589
v 12.7604 15.3623 29.6589
v 6.1369 19.0036 29.6589
v 0.5344 19.9622 29.6589
v -5.1111 19.3035 29.6589
v -6.9229 18.7301 29.6589
v -11.9193 16.0204 29.6589
v -15.9498 12.0128 29.6589
v -17.0195 10.442 29.6589
v -19.2718 5.2235 29.6589
v -19.9627 -0.4182 29.6589
v -19.8326 -2.3141 29.6589
v -18.3772 -7.8085 29.6589
v -15.4328 -12.6702 29.6589
v -14.1585 -14.08 29.6589
v -15.4624 -10.4025 31.4943
v -15.1622 -10.2005 31.6448
v -16.0631 -8.7128 31.6448
v -7.2401 -16.7797 31.6448
v 2.9814 -18.0314 31.6448
v 7.9407 -16.4617 31.6448
v 12.257 -13.5583 31.6448
v 15.5804 -9.5565 31.6448
v 15.1665 10.2005 31.6448
v 11.6784 14.0596 31.6448
v 7.2444 16.7797 31.6448
v 2.2237 18.1404 31.6448
v -2.977 18.0314 31.6448
v -7.9364 16.4617 31.6448
v -12.2526 13.5583 31.6448
v -17.6374 4.7805 31.6448
v -18.2697 -0.3827 31.6448
v -17.4217 -5.515 31.6448
v -11.6741 -14.0596 31.6448
v -15.576 9.5565 31.6448
v 18.274 0.3827 31.6448
v 17.6417 -4.7805 31.6448
v -14.1239 -11.5958 31.6448
v -14.4036 -11.8254 31.4943
v -14.6616 -12.0372 31.2892
v -12.9577 -12.886 31.6448
v -13.2142 -13.1412 31.4943
v -13.451 -13.3766 31.2892
v -13.6621 -13.5865 31.0344
v -11.9053 -14.338 31.4943
v -12.1186 -14.5948 31.2892
v -12.3088 -14.8238 31.0344
v -12.4712 -15.0195 30.7363
v -10.2848 -15.1058 31.6448
v -10.4884 -15.4049 31.4943
v -10.6764 -15.6809 31.2892
v -10.8439 -15.927 31.0344
v -10.9871 -16.1371 30.7363
v -11.1022 -16.3062 30.402
v -8.8023 -16.0153 31.6448
v -8.9766 -16.3323 31.4943
v -9.1374 -16.6249 31.2892
v -9.2809 -16.8858 31.0344
v -9.4034 -17.1086 30.7363
v -9.5019 -17.2879 30.402
v -9.5741 -17.4191 30.0399
v -7.3835 -17.1119 31.4943
v -7.5158 -17.4184 31.2892
v -7.6338 -17.6918 31.0344
v -7.7345 -17.9252 30.7363
v -7.8156 -18.113 30.402
v -7.8749 -18.2506 30.0399
v -11.1865 -16.43 30.0399
v -11.2379 -16.5055 29.6589
v -9.6181 -17.4992 29.6589
v -12.756 -15.3623 29.6589
v -12.6976 -15.292 30.0399
v -12.6019 -15.1768 30.402
v -17.5517 -9.5202 29.6589
v -18.2931 -7.7727 30.0399
v -17.4714 -9.4766 30.0399
v -18.1552 -7.7142 30.402
v -17.3397 -9.4052 30.402
v -17.9669 -7.6342 30.7363
v -17.1599 -9.3077 30.7363
v -17.7329 -7.5347 31.0344
v -16.9364 -9.1865 31.0344
v -17.4589 -7.4183 31.2892
v -16.6747 -9.0445 31.2892
v -17.1516 -7.2878 31.4943
v -16.3812 -8.8854 31.4943
v -16.8186 -7.1463 31.6448
v -17.8671 -3.8338 31.6448
v -18.1506 -2.1179 31.6448
v -18.2208 -3.9097 31.4943
v -18.51 -2.1598 31.4943
v -18.5473 -3.9797 31.2892
v -18.8416 -2.1985 31.2892
v -18.8384 -4.0422 31.0344
v -19.1373 -2.233 31.0344
v -19.087 -4.0955 30.7363
v -19.3899 -2.2624 30.7363
v -19.287 -4.1384 30.402
v -19.593 -2.2862 30.402
v -19.4334 -4.1699 30.0399
v -19.7418 -2.3035 30.0399
v -19.5228 -4.189 29.6589
v -18.0119 3.0821 31.6448
v -18.3686 3.1432 31.4943
v -17.9866 4.8752 31.4943
v -18.6977 3.1995 31.2892
v -18.3089 4.9625 31.2892
v -18.9911 3.2497 31.0344
v -18.5962 5.0404 31.0344
v -19.2417 3.2926 30.7363
v -18.8416 5.1069 30.7363
v -19.4434 3.3271 30.402
v -19.0391 5.1604 30.402
v -19.591 3.3523 30.0399
v -19.1836 5.1996 30.0399
v -19.6811 3.3677 29.6589
v -17.935 8.7767 29.6589
v -16.9416 10.3942 30.0399
v -17.8529 8.7366 30.0399
v -16.8139 10.3159 30.402
v -17.7183 8.6707 30.402
v -16.6395 10.209 30.7363
v -17.5346 8.5808 30.7363
v -16.4228 10.076 31.0344
v -17.3062 8.4691 31.0344
v -16.169 9.9203 31.2892
v -17.0388 8.3382 31.2892
v -15.8844 9.7457 31.4943
v -16.7389 8.1915 31.4943
v -16.4139 8.0325 31.6448
v -10.9083 14.6618 31.6448
v -12.4952 13.8267 31.4943
v -11.1243 14.9521 31.4943
v -12.7191 14.0744 31.2892
v -11.3236 15.2199 31.2892
v -12.9187 14.2953 31.0344
v -11.5014 15.4588 31.0344
v -13.0892 14.4839 30.7363
v -11.6532 15.6628 30.7363
v -13.2264 14.6357 30.402
v -11.7753 15.8269 30.402
v -13.3268 14.7468 30.0399
v -11.8647 15.947 30.0399
v -13.3881 14.8146 29.6589
v -6.3357 17.1417 31.6448
v -8.0936 16.7876 31.4943
v -6.4611 17.4811 31.4943
v -8.2386 17.0883 31.2892
v -6.5769 17.7943 31.2892
v -8.3679 17.3565 31.0344
v -6.6802 18.0735 31.0344
v -8.4784 17.5855 30.7363
v -6.7683 18.312 30.7363
v -8.5672 17.7698 30.402
v -6.8393 18.5039 30.402
v -8.6323 17.9047 30.0399
v -6.8912 18.6444 30.0399
v -8.672 17.987 29.6589
v -1.2495 18.233 31.6448
v 0.4893 18.2694 31.6448
v -1.2743 18.5939 31.4943
v 0.4989 18.6311 31.4943
v -1.2972 18.927 31.2892
v 0.5078 18.9648 31.2892
v -1.3176 19.2241 31.0344
v 0.5158 19.2625 31.0344
v -1.335 19.4777 30.7363
v 0.5225 19.5166 30.7363
v -1.349 19.6818 30.402
v 0.528 19.7211 30.402
v -1.3593 19.8312 30.0399
v 0.532 19.8709 30.0399
v -1.3655 19.9224 29.6589
v 3.938 17.847 31.6448
v 5.6166 17.3921 31.6448
v 4.0159 18.2004 31.4943
v 5.7278 17.7364 31.4943
v 4.0878 18.5264 31.2892
v 5.8304 18.0542 31.2892
v 4.1519 18.8172 31.0344
v 5.9218 18.3375 31.0344
v 4.2067 19.0655 30.7363
v 5.9999 18.5795 30.7363
v 4.2507 19.2652 30.402
v 6.0628 18.7741 30.402
v 4.283 19.4115 30.0399
v 6.1088 18.9167 30.0399
v 4.3027 19.5007 29.6589
v 11.2423 16.5055 29.6589
v 12.702 15.292 30.0399
v 11.1909 16.43 30.0399
v 12.6063 15.1768 30.402
v 11.1066 16.3062 30.402
v 12.4756 15.0194 30.7363
v 10.9914 16.1371 30.7363
v 12.3132 14.8238 31.0344
v 10.8483 15.927 31.0344
v 12.1229 14.5948 31.2892
v 10.6807 15.6809 31.2892
v 11.9096 14.338 31.4943
v 10.4928 15.4049 31.4943
v 10.2891 15.1058 31.6448
v 14.1282 11.5958 31.6448
v 14.4079 11.8254 31.4943
v 15.4668 10.4025 31.4943
v 14.666 12.0372 31.2892
v 15.7438 10.5888 31.2892
v 14.8961 12.2261 31.0344
v 15.9908 10.755 31.0344
v 15.0926 12.3874 30.7363
v 16.2018 10.8969 30.7363
v 15.2507 12.5172 30.402
v 16.3715 11.0111 30.402
v 15.3665 12.6122 30.0399
v 16.4958 11.0947 30.0399
v 15.4371 12.6702 29.6589
v 17.4261 5.515 31.6448
v 17.8714 3.8338 31.6448
v 17.771 5.6242 31.4943
v 18.2252 3.9097 31.4943
v 18.0894 5.725 31.2892
v 18.5516 3.9797 31.2892
v 18.3732 5.8148 31.0344
v 18.8428 4.0422 31.0344
v 18.6156 5.8915 30.7363
v 19.0914 4.0955 30.7363
v 18.8106 5.9532 30.402
v 19.2913 4.1384 30.402
v 18.9534 5.9985 30.0399
v 19.4378 4.1699 30.0399
v 19.0405 6.026 29.6589
v 18.2277 -1.3558 31.6448
v 18.6358 0.3903 31.4943
v 18.5885 -1.3827 31.4943
v 18.9696 0.3973 31.2892
v 18.9215 -1.4075 31.2892
v 19.2673 0.4035 31.0344
v 19.2184 -1.4295 31.0344
v 19.5215 0.4089 30.7363
v 19.472 -1.4484 30.7363
v 19.726 0.4132 30.402
v 19.6759 -1.4636 30.402
v 19.8757 0.4163 30.0399
v 19.8253 -1.4747 30.0399
v 19.9671 0.4182 29.6589
v 17.1074 -6.4356 31.6448
v 16.4182 -8.0325 31.6448
v 17.4461 -6.563 31.4943
v 16.7433 -8.1915 31.4943
v 17.7586 -6.6806 31.2892
v 17.0432 -8.3382 31.2892
v 18.0373 -6.7855 31.0344
v 17.3106 -8.4691 31.0344
v 18.2752 -6.875 30.7363
v 17.539 -8.5808 30.7363
v 18.4667 -6.947 30.402
v 17.7227 -8.6707 30.402
v 18.6069 -6.9998 30.0399
v 17.8573 -8.7366 30.0399
v 18.6924 -7.032 29.6589
v 14.6014 -10.9941 31.6448
v 13.4903 -12.332 31.6448
v 14.8905 -11.2117 31.4943
v 13.7573 -12.5762 31.4943
v 15.1572 -11.4126 31.2892
v 14.0037 -12.8015 31.2892
v 15.395 -11.5917 31.0344
v 14.2235 -13.0024 31.0344
v 15.5981 -11.7446 30.7363
v 14.4111 -13.1739 30.7363
v 15.7615 -11.8677 30.402
v 14.5621 -13.312 30.402
v 15.8812 -11.9578 30.0399
v 14.6726 -13.413 30.0399
v 15.9542 -12.0128 29.6589
v 10.3468 -17.081 29.6589
v 8.6366 -17.9047 30.0399
v 10.2995 -17.0029 30.0399
v 8.5716 -17.7698 30.402
v 10.2219 -16.8747 30.402
v 8.4827 -17.5855 30.7363
v 10.1159 -16.6998 30.7363
v 8.3723 -17.3565 31.0344
v 9.9842 -16.4823 31.0344
v 8.2429 -17.0883 31.2892
v 9.83 -16.2276 31.2892
v 8.0979 -16.7876 31.4943
v 9.657 -15.942 31.4943
v 9.4696 -15.6325 31.6448
v 4.6819 -17.6666 31.6448
v 4.7745 -18.0163 31.4943
v 3.0404 -18.3884 31.4943
v 4.86 -18.3391 31.2892
v 3.0948 -18.7178 31.2892
v 4.9363 -18.6269 31.0344
v 3.1433 -19.0116 31.0344
v 5.0014 -18.8727 30.7363
v 3.1848 -19.2624 30.7363
v 5.0537 -19.0704 30.402
v 3.2181 -19.4642 30.402
v 5.0921 -19.2152 30.0399
v 3.2425 -19.612 30.0399
v 5.1155 -19.3035 29.6589
v -2.2193 -18.1404 31.6448
v -3.9336 -17.847 31.6448
v -2.2633 -18.4995 31.4943
v -4.0115 -18.2004 31.4943
v -2.3039 -18.8309 31.2892
v -4.0835 -18.5264 31.2892
v -2.3401 -19.1264 31.0344
v -4.1476 -18.8172 31.0344
v -2.371 -19.3788 30.7363
v -4.2023 -19.0655 30.7363
v -2.3959 -19.5818 30.402
v -4.2464 -19.2652 30.402
v -2.4141 -19.7305 30.0399
v -4.2786 -19.4115 30.0399
v -2.4252 -19.8212 29.6589
v -14.0937 -14.0156 30.0399
v -13.9875 -13.91 30.402
v -13.8424 -13.7658 30.7363
v -15.3622 -12.6122 30.0399
v -15.2464 -12.5172 30.402
v -15.0883 -12.3874 30.7363
v -14.8917 -12.2261 31.0344
v -16.5673 -11.1457 29.6589
v -16.4914 -11.0947 30.0399
v -16.3672 -11.0111 30.402
v -16.1974 -10.8969 30.7363
v -15.9865 -10.755 31.0344
v -15.7394 -10.5888 31.2892
v -19.0362 -6.026 29.6589
v -18.9491 -5.9985 30.0399
v -18.8063 -5.9532 30.402
v -18.6112 -5.8915 30.7363
v -18.3688 -5.8148 31.0344
v -18.085 -5.725 31.2892
v -17.7667 -5.6242 31.4943
v -19.8714 -0.4163 30.0399
v -19.7216 -0.4132 30.402
v -19.5171 -0.4089 30.7363
v -19.2629 -0.4035 31.0344
v -18.9652 -0.3973 31.2892
v -18.6314 -0.3903 31.4943
v -19.9121 1.4815 29.6589
v -19.821 1.4747 30.0399
v -19.6716 1.4636 30.402
v -19.4676 1.4484 30.7363
v -19.214 1.4295 31.0344
v -18.9171 1.4075 31.2892
v -18.5842 1.3827 31.4943
v -18.2233 1.3558 31.6448
v -18.688 7.032 29.6589
v -18.6025 6.9998 30.0399
v -18.4623 6.947 30.402
v -18.2709 6.875 30.7363
v -18.0329 6.7855 31.0344
v -17.7542 6.6806 31.2892
v -17.4417 6.5631 31.4943
v -17.1031 6.4356 31.6448
v -15.8768 11.9578 30.0399
v -15.7572 11.8677 30.402
v -15.5938 11.7446 30.7363
v -15.3907 11.5917 31.0344
v -15.1528 11.4126 31.2892
v -14.8861 11.2117 31.4943
v -14.5971 10.9941 31.6448
v -14.7357 13.4747 29.6589
v -14.6683 13.413 30.0399
v -14.5577 13.312 30.402
v -14.4067 13.1739 30.7363
v -14.2191 13.0024 31.0344
v -13.9994 12.8015 31.2892
v -13.753 12.5762 31.4943
v -13.4859 12.332 31.6448
v -10.3424 17.081 29.6589
v -10.2951 17.0029 30.0399
v -10.2175 16.8747 30.402
v -10.1116 16.6998 30.7363
v -9.9798 16.4823 31.0344
v -9.8256 16.2276 31.2892
v -9.6526 15.942 31.4943
v -9.4652 15.6325 31.6448
v -5.0877 19.2152 30.0399
v -5.0494 19.0704 30.402
v -4.997 18.8727 30.7363
v -4.9319 18.6269 31.0344
v -4.8557 18.3391 31.2892
v -4.7702 18.0163 31.4943
v -4.6775 17.6666 31.6448
v -3.2531 19.7022 29.6589
v -3.2382 19.612 30.0399
v -3.2138 19.4642 30.402
v -3.1804 19.2624 30.7363
v -3.139 19.0116 31.0344
v -3.0904 18.7178 31.2892
v -3.036 18.3884 31.4943
v 2.4295 19.8212 29.6589
v 2.4184 19.7305 30.0399
v 2.4002 19.5818 30.402
v 2.3754 19.3788 30.7363
v 2.3445 19.1264 31.0344
v 2.3083 18.8309 31.2892
v 2.2677 18.4995 31.4943
v 7.9155 18.3344 29.6589
v 7.8793 18.2506 30.0399
v 7.8199 18.113 30.402
v 7.7389 17.9252 30.7363
v 7.6381 17.6918 31.0344
v 7.5201 17.4184 31.2892
v 7.3878 17.1119 31.4943
v 8.8066 16.0153 31.6448
v 8.981 16.3323 31.4943
v 9.1418 16.6249 31.2892
v 9.2852 16.8858 31.0344
v 9.4077 17.1086 30.7363
v 9.5063 17.2879 30.402
v 9.5784 17.4191 30.0399
v 9.6225 17.4992 29.6589
v 14.1629 14.08 29.6589
v 14.0981 14.0156 30.0399
v 13.9918 13.91 30.402
v 13.8468 13.7658 30.7363
v 13.6665 13.5865 31.0344
v 13.4554 13.3766 31.2892
v 13.2186 13.1412 31.4943
v 12.962 12.886 31.6448
v 17.5561 9.5202 29.6589
v 17.4757 9.4766 30.0399
v 17.3441 9.4052 30.402
v 17.1643 9.3077 30.7363
v 16.9408 9.1865 31.0344
v 16.679 9.0445 31.2892
v 16.3855 8.8854 31.4943
v 16.0675 8.7128 31.6448
v 16.8229 7.1463 31.6448
v 17.156 7.2878 31.4943
v 17.4633 7.4183 31.2892
v 17.7373 7.5347 31.0344
v 17.9713 7.6342 30.7363
v 18.1596 7.7142 30.402
v 18.2974 7.7727 30.0399
v 19.8369 2.3141 29.6589
v 19.7462 2.3035 30.0399
v 19.5974 2.2862 30.402
v 19.3942 2.2624 30.7363
v 19.1417 2.233 31.0344
v 18.846 2.1985 31.2892
v 18.5143 2.1598 31.4943
v 18.1549 2.1179 31.6448
v 19.6854 -3.3677 29.6589
v 19.5954 -3.3523 30.0399
v 19.4477 -3.3271 30.402
v 19.2461 -3.2926 30.7363
v 18.9955 -3.2497 31.0344
v 18.702 -3.1995 31.2892
v 18.3729 -3.1432 31.4943
v 18.0163 -3.0821 31.6448
v 17.991 -4.8752 31.4943
v 18.3132 -4.9625 31.2892
v 18.6006 -5.0404 31.0344
v 18.846 -5.1069 30.7363
v 19.0434 -5.1604 30.402
v 19.188 -5.1996 30.0399
v 17.0238 -10.442 29.6589
v 16.9459 -10.3942 30.0399
v 16.8183 -10.3159 30.402
v 16.6439 -10.209 30.7363
v 16.4272 -10.076 31.0344
v 16.1734 -9.9203 31.2892
v 15.8888 -9.7457 31.4943
v 13.3925 -14.8146 29.6589
v 13.3312 -14.7468 30.0399
v 13.2308 -14.6357 30.402
v 13.0936 -14.4839 30.7363
v 12.9231 -14.2953 31.0344
v 12.7235 -14.0744 31.2892
v 12.4996 -13.8267 31.4943
v 10.9127 -14.6618 31.6448
v 11.1287 -14.9521 31.4943
v 11.328 -15.2199 31.2892
v 11.5057 -15.4588 31.0344
v 11.6575 -15.6628 30.7363
v 11.7796 -15.8269 30.402
v 11.8691 -15.947 30.0399
v 6.9273 -18.7301 29.6589
v 6.8956 -18.6444 30.0399
v 6.8436 -18.5039 30.402
v 6.7727 -18.312 30.7363
v 6.6845 -18.0735 31.0344
v 6.5813 -17.7943 31.2892
v 6.4655 -17.4811 31.4943
v 6.34 -17.1417 31.6448
v 1.3699 -19.9224 29.6589
v 1.3636 -19.8312 30.0399
v 1.3534 -19.6818 30.402
v 1.3394 -19.4777 30.7363
v 1.3219 -19.2241 31.0344
v 1.3015 -18.927 31.2892
v 1.2787 -18.5939 31.4943
v 1.2539 -18.233 31.6448
v -0.4849 -18.2694 31.6448
v -0.4946 -18.6311 31.4943
v -0.5035 -18.9648 31.2892
v -0.5114 -19.2625 31.0344
v -0.5182 -19.5166 30.7363
v -0.5236 -19.7211 30.402
v -0.5276 -19.8708 30.0399
v -6.1325 -19.0036 29.6589
v -6.1044 -18.9167 30.0399
v -6.0584 -18.7741 30.402
v -5.9956 -18.5795 30.7363
v -5.9175 -18.3375 31.0344
v -5.826 -18.0542 31.2892
v -5.7234 -17.7364 31.4943
v -5.6123 -17.3921 31.6448
v -6.5271 -8.9385 -26.2911
v -7.6165 -8.0301 -26.2911
v -8.5808 -6.99 -26.2911
v -9.4042 -5.835 -26.2911
v -10.0732 -4.5842 -26.2911
v -10.5767 -3.2582 -26.2911
v -10.9065 -1.8786 -26.2911
v -11.0571 -0.4683 -26.2911
v -11.0262 0.9498 -26.2911
v -10.8142 2.3523 -26.2911
v -10.4246 3.7162 -26.2911
v -9.8638 5.019 -26.2911
v -9.141 6.2394 -26.2911
v -8.268 7.3574 -26.2911
v -7.2593 8.3546 -26.2911
v -6.1313 9.2145 -26.2911
v -4.9026 9.9232 -26.2911
v -3.5934 10.469 -26.2911
v -2.2251 10.8428 -26.2911
v -0.8203 11.0386 -26.2911
v 0.598 11.0532 -26.2911
v 2.0066 10.8862 -26.2911
v 3.3822 10.5405 -26.2911
v 4.7024 10.0218 -26.2911
v 5.9454 9.3384 -26.2911
v 7.0907 8.5018 -26.2911
v 8.1197 7.5255 -26.2911
v 9.0154 6.4257 -26.2911
v 9.7631 5.2203 -26.2911
v 10.3505 3.9293 -26.2911
v 10.768 2.5737 -26.2911
v 11.0088 1.1759 -26.2911
v 11.0688 -0.2413 -26.2911
v 10.9471 -1.6545 -26.2911
v 10.6456 -3.0405 -26.2911
v 10.1694 -4.3766 -26.2911
v 9.5263 -5.6408 -26.2911
v 8.7268 -6.8124 -26.2911
v 7.784 -7.8722 -26.2911
v 6.7134 -8.8026 -26.2911
v 5.5327 -9.5886 -26.2911
v 4.2611 -10.2171 -26.2911
v 2.9196 -10.6778 -26.2911
v 1.5302 -10.9632 -26.2911
v 0.1157 -11.0686 -26.2911
v -1.3006 -10.9923 -26.2911
v -2.6956 -10.7354 -26.2911
v -4.0463 -10.3023 -26.2911
v -5.3304 -9.7 -26.2911
v -4.0128 -10.2171 -26.6725
v -2.6733 -10.6466 -26.6725
v -1.2898 -10.9013 -26.6725
v 0.1148 -10.9771 -26.6725
v 1.5176 -10.8725 -26.6725
v 2.8955 -10.5895 -26.6725
v 4.2259 -10.1326 -26.6725
v 5.4869 -9.5093 -26.6725
v 6.6579 -8.7298 -26.6725
v 7.7196 -7.807 -26.6725
v 8.6546 -6.756 -26.6725
v 9.4475 -5.5941 -26.6725
v 10.0853 -4.3403 -26.6725
v 10.5576 -3.0153 -26.6725
v 10.8565 -1.6408 -26.6725
v 10.9772 -0.2393 -26.6725
v 10.9177 1.1661 -26.6725
v 10.679 2.5524 -26.6725
v 10.2649 3.8968 -26.6725
v 9.6823 5.1772 -26.6725
v 8.9408 6.3725 -26.6725
v 8.0526 7.4633 -26.6725
v 7.0321 8.4314 -26.6725
v 5.8962 9.2612 -26.6725
v 4.6635 9.9389 -26.6725
v 3.3543 10.4533 -26.6725
v 1.99 10.7962 -26.6725
v 0.5931 10.9617 -26.6725
v -0.8135 10.9473 -26.6725
v -2.2067 10.7531 -26.6725
v -3.5636 10.3824 -26.6725
v -4.862 9.8411 -26.6725
v -6.0806 9.1383 -26.6725
v -7.1992 8.2855 -26.6725
v -8.1996 7.2965 -26.6725
v -9.0653 6.1878 -26.6725
v -9.7822 4.9775 -26.6725
v -10.3383 3.6854 -26.6725
v -10.7247 2.3328 -26.6725
v -10.935 0.942 -26.6725
v -10.9656 -0.4644 -26.6725
v -10.8162 -1.8631 -26.6725
v -10.4891 -3.2312 -26.6725
v -9.9898 -4.5463 -26.6725
v -9.3264 -5.7867 -26.6725
v -8.5098 -6.9321 -26.6725
v -7.5535 -7.9637 -26.6725
v -6.4731 -8.8645 -26.6725
v -5.2863 -9.6198 -26.6725
v -3.9579 -10.0774 -27.035
v -2.6367 -10.501 -27.035
v -1.2722 -10.7523 -27.035
v 0.1133 -10.8269 -27.035
v 1.4969 -10.7239 -27.035
v 2.8559 -10.4447 -27.035
v 4.1681 -9.994 -27.035
v 5.4119 -9.3792 -27.035
v 6.5669 -8.6104 -27.035
v 7.6141 -7.7003 -27.035
v 8.5363 -6.6636 -27.035
v 9.3184 -5.5176 -27.035
v 9.9474 -4.281 -27.035
v 10.4132 -2.9741 -27.035
v 10.7081 -1.6183 -27.035
v 10.8271 -0.236 -27.035
v 10.7684 1.1502 -27.035
v 10.533 2.5175 -27.035
v 10.1246 3.8435 -27.035
v 9.55 5.1063 -27.035
v 8.8186 6.2854 -27.035
v 7.9425 7.3612 -27.035
v 6.9359 8.3161 -27.035
v 5.8156 9.1345 -27.035
v 4.5998 9.8029 -27.035
v 3.3084 10.3104 -27.035
v 1.9628 10.6485 -27.035
v 0.585 10.8118 -27.035
v -0.8023 10.7976 -27.035
v -2.1765 10.6061 -27.035
v -3.5149 10.2404 -27.035
v -4.7955 9.7066 -27.035
v -5.9974 9.0133 -27.035
v -7.1007 8.1721 -27.035
v -8.0874 7.1967 -27.035
v -8.9413 6.1032 -27.035
v -9.6484 4.9094 -27.035
v -10.1969 3.635 -27.035
v -10.578 2.3009 -27.035
v -10.7854 0.9291 -27.035
v -10.8156 -0.458 -27.035
v -10.6683 -1.8376 -27.035
v -10.3457 -3.187 -27.035
v -9.8531 -4.4841 -27.035
v -9.1988 -5.7076 -27.035
v -8.3934 -6.8373 -27.035
v -7.4501 -7.8548 -27.035
v -6.3845 -8.7433 -27.035
v -5.214 -9.4882 -27.035
v -3.8829 -9.8866 -27.3695
v -2.5867 -10.3022 -27.3695
v -1.2481 -10.5487 -27.3695
v 0.1112 -10.622 -27.3695
v 1.4686 -10.5208 -27.3695
v 2.8019 -10.2469 -27.3695
v 4.0893 -9.8048 -27.3695
v 5.3095 -9.2017 -27.3695
v 6.4426 -8.4474 -27.3695
v 7.47 -7.5545 -27.3695
v 8.3747 -6.5375 -27.3695
v 9.142 -5.4132 -27.3695
v 9.7592 -4.2 -27.3695
v 10.2161 -2.9178 -27.3695
v 10.5054 -1.5877 -27.3695
v 10.6222 -0.2315 -27.3695
v 10.5646 1.1284 -27.3695
v 10.3336 2.4699 -27.3695
v 9.9329 3.7707 -27.3695
v 9.3692 5.0097 -27.3695
v 8.6517 6.1664 -27.3695
v 7.7922 7.2218 -27.3695
v 6.8047 8.1587 -27.3695
v 5.7055 8.9616 -27.3695
v 4.5127 9.6174 -27.3695
v 3.2458 10.1152 -27.3695
v 1.9257 10.4469 -27.3695
v 0.574 10.6071 -27.3695
v -0.7871 10.5932 -27.3695
v -2.1353 10.4053 -27.3695
v -3.4483 10.0465 -27.3695
v -4.7047 9.5228 -27.3695
v -5.8838 8.8427 -27.3695
v -6.9663 8.0174 -27.3695
v -7.9343 7.0605 -27.3695
v -8.772 5.9877 -27.3695
v -9.4657 4.8165 -27.3695
v -10.0038 3.5662 -27.3695
v -10.3777 2.2574 -27.3695
v -10.5812 0.9115 -27.3695
v -10.6108 -0.4494 -27.3695
v -10.4663 -1.8028 -27.3695
v -10.1498 -3.1267 -27.3695
v -9.6666 -4.3992 -27.3695
v -9.0246 -5.5995 -27.3695
v -8.2345 -6.7079 -27.3695
v -7.3091 -7.7061 -27.3695
v -6.2636 -8.5778 -27.3695
v -5.1153 -9.3086 -27.3695
v -3.7897 -9.6495 -27.6678
v -2.5246 -10.0551 -27.6678
v -1.2181 -10.2957 -27.6678
v 0.1085 -10.3672 -27.6678
v 1.4334 -10.2685 -27.6678
v 2.7348 -10.0012 -27.6678
v 3.9912 -9.5696 -27.6678
v 5.1822 -8.981 -27.6678
v 6.2882 -8.2448 -27.6678
v 7.2909 -7.3733 -27.6678
v 8.1739 -6.3807 -27.6678
v 8.9228 -5.2833 -27.6678
v 9.5252 -4.0992 -27.6678
v 9.9712 -2.8478 -27.6678
v 10.2535 -1.5496 -27.6678
v 10.3675 -0.226 -27.6678
v 10.3113 1.1014 -27.6678
v 10.0858 2.4106 -27.6678
v 9.6948 3.6803 -27.6678
v 9.1446 4.8895 -27.6678
v 8.4442 6.0185 -27.6678
v 7.6053 7.0486 -27.6678
v 6.6415 7.963 -27.6678
v 5.5687 8.7467 -27.6678
v 4.4045 9.3867 -27.6678
v 3.1681 9.8726 -27.6678
v 1.8796 10.1964 -27.6678
v 0.5603 10.3527 -27.6678
v -0.7682 10.3391 -27.6678
v -2.084 10.1557 -27.6678
v -3.3655 9.8056 -27.6678
v -4.5918 9.2944 -27.6678
v -5.7426 8.6306 -27.6678
v -6.7991 7.8251 -27.6678
v -7.7439 6.8912 -27.6678
v -8.5616 5.844 -27.6678
v -9.2386 4.7009 -27.6678
v -9.7639 3.4807 -27.6678
v -10.1288 2.2032 -27.6678
v -10.3273 0.8896 -27.6678
v -10.3563 -0.4386 -27.6678
v -10.2152 -1.7596 -27.6678
v -9.9063 -3.0517 -27.6678
v -9.4347 -4.2937 -27.6678
v -8.8081 -5.4652 -27.6678
v -8.0369 -6.547 -27.6678
v -7.1337 -7.5213 -27.6678
v -6.1133 -8.372 -27.6678
v -4.9925 -9.0853 -27.6678
v -3.6806 -9.3718 -27.9225
v -2.4519 -9.7658 -27.9225
v -1.183 -9.9995 -27.9225
v 0.1055 -10.0689 -27.9225
v 1.3922 -9.9731 -27.9225
v 2.6561 -9.7134 -27.9225
v 3.8765 -9.2943 -27.9225
v 5.0332 -8.7226 -27.9225
v 6.1073 -8.0076 -27.9225
v 7.0812 -7.1612 -27.9225
v 7.9388 -6.1971 -27.9225
v 8.6661 -5.1313 -27.9225
v 9.2512 -3.9813 -27.9225
v 9.6843 -2.7659 -27.9225
v 9.9585 -1.505 -27.9225
v 10.0693 -0.2195 -27.9225
v 10.0147 1.0697 -27.9225
v 9.7957 2.3413 -27.9225
v 9.4159 3.5744 -27.9225
v 8.8815 4.7489 -27.9225
v 8.2013 5.8453 -27.9225
v 7.3865 6.8458 -27.9225
v 6.4505 7.7339 -27.9225
v 5.4086 8.495 -27.9225
v 4.2779 9.1166 -27.9225
v 3.077 9.5885 -27.9225
v 1.8256 9.903 -27.9225
v 0.5442 10.0549 -27.9225
v -0.746 10.0416 -27.9225
v -2.024 9.8635 -27.9225
v -3.2687 9.5234 -27.9225
v -4.4596 9.027 -27.9225
v -5.5773 8.3823 -27.9225
v -6.6034 7.6 -27.9225
v -7.5211 6.6929 -27.9225
v -8.3152 5.6759 -27.9225
v -8.9727 4.5657 -27.9225
v -9.4829 3.3805 -27.9225
v -9.8373 2.1399 -27.9225
v -10.0301 0.864 -27.9225
v -10.0583 -0.426 -27.9225
v -9.9212 -1.709 -27.9225
v -9.6212 -2.9639 -27.9225
v -9.1632 -4.1702 -27.9225
v -8.5546 -5.308 -27.9225
v -7.8056 -6.3586 -27.9225
v -6.9284 -7.3049 -27.9225
v -5.9374 -8.1312 -27.9225
v -4.8488 -8.8239 -27.9225
v -3.5583 -9.0605 -28.1275
v -2.3704 -9.4414 -28.1275
v -1.1436 -9.6673 -28.1275
v 0.102 -9.7345 -28.1275
v 1.346 -9.6418 -28.1275
v 2.568 -9.3908 -28.1275
v 3.7478 -8.9856 -28.1275
v 4.8661 -8.4328 -28.1275
v 5.9045 -7.7416 -28.1275
v 6.846 -6.9233 -28.1275
v 7.6752 -5.9913 -28.1275
v 8.3783 -4.9609 -28.1275
v 8.9439 -3.849 -28.1275
v 9.3627 -2.674 -28.1275
v 9.6278 -1.455 -28.1275
v 9.7348 -0.2122 -28.1275
v 9.6821 1.0341 -28.1275
v 9.4704 2.2635 -28.1275
v 9.1032 3.4557 -28.1275
v 8.5866 4.5911 -28.1275
v 7.929 5.6512 -28.1275
v 7.1413 6.6184 -28.1275
v 6.2363 7.477 -28.1275
v 5.229 8.2128 -28.1275
v 4.1358 8.8138 -28.1275
v 2.9748 9.27 -28.1275
v 1.765 9.574 -28.1275
v 0.5262 9.7209 -28.1275
v -0.7212 9.7081 -28.1275
v -1.9567 9.5359 -28.1275
v -3.16 9.2071 -28.1275
v -4.3114 8.7271 -28.1275
v -5.392 8.1039 -28.1275
v -6.384 7.3475 -28.1275
v -7.2712 6.4706 -28.1275
v -8.0389 5.4874 -28.1275
v -8.6746 4.414 -28.1275
v -9.1678 3.2682 -28.1275
v -9.5104 2.0688 -28.1275
v -9.6969 0.8353 -28.1275
v -9.7241 -0.4118 -28.1275
v -9.5916 -1.6522 -28.1275
v -9.3015 -2.8655 -28.1275
v -8.8587 -4.0317 -28.1275
v -8.2704 -5.1317 -28.1275
v -7.5463 -6.1474 -28.1275
v -6.6982 -7.0622 -28.1275
v -5.7401 -7.8611 -28.1275
v -4.6877 -8.5308 -28.1275
v -3.4257 -8.7232 -28.2776
v -2.2821 -9.0899 -28.2776
v -1.1009 -9.3074 -28.2776
v 0.0983 -9.372 -28.2776
v 1.296 -9.2828 -28.2776
v 2.4724 -9.0412 -28.2776
v 3.6083 -8.651 -28.2776
v 4.685 -8.1189 -28.2776
v 5.6848 -7.4534 -28.2776
v 6.5912 -6.6655 -28.2776
v 7.3895 -5.7682 -28.2776
v 8.0665 -4.7762 -28.2776
v 8.611 -3.7057 -28.2776
v 9.0142 -2.5744 -28.2776
v 9.2695 -1.4009 -28.2776
v 9.3725 -0.2043 -28.2776
v 9.3217 0.9956 -28.2776
v 9.1179 2.1792 -28.2776
v 8.7644 3.327 -28.2776
v 8.267 4.4202 -28.2776
v 7.6339 5.4408 -28.2776
v 6.8755 6.372 -28.2776
v 6.0042 7.1986 -28.2776
v 5.0344 7.9071 -28.2776
v 3.9819 8.4856 -28.2776
v 2.8641 8.9249 -28.2776
v 1.6994 9.2176 -28.2776
v 0.5067 9.359 -28.2776
v -0.6942 9.3466 -28.2776
v -1.8837 9.1808 -28.2776
v -3.0423 8.8643 -28.2776
v -4.1508 8.4022 -28.2776
v -5.1912 7.8022 -28.2776
v -6.1463 7.074 -28.2776
v -7.0004 6.2297 -28.2776
v -7.7395 5.2831 -28.2776
v -8.3515 4.2497 -28.2776
v -8.8264 3.1465 -28.2776
v -9.1563 1.9917 -28.2776
v -9.3358 0.8042 -28.2776
v -9.362 -0.3965 -28.2776
v -9.2344 -1.5907 -28.2776
v -8.9551 -2.7588 -28.2776
v -8.5288 -3.8816 -28.2776
v -7.9624 -4.9406 -28.2776
v -7.2652 -5.9185 -28.2776
v -6.4487 -6.7993 -28.2776
v -5.5263 -7.5684 -28.2776
v -4.5131 -8.2132 -28.2776
v -3.2862 -8.3682 -28.3692
v -2.1891 -8.72 -28.3692
v -1.056 -8.9286 -28.3692
v 0.0944 -8.9906 -28.3692
v 1.2433 -8.905 -28.3692
v 2.3719 -8.6732 -28.3692
v 3.4616 -8.2989 -28.3692
v 4.4944 -7.7884 -28.3692
v 5.4535 -7.15 -28.3692
v 6.3231 -6.3942 -28.3692
v 7.0888 -5.5334 -28.3692
v 7.7382 -4.5818 -28.3692
v 8.2607 -3.5549 -28.3692
v 8.6474 -2.4697 -28.3692
v 8.8923 -1.3438 -28.3692
v 8.9911 -0.196 -28.3692
v 8.9424 0.9551 -28.3692
v 8.7469 2.0905 -28.3692
v 8.4077 3.1916 -28.3692
v 7.9306 4.2403 -28.3692
v 7.3233 5.2193 -28.3692
v 6.5957 6.1127 -28.3692
v 5.7599 6.9057 -28.3692
v 4.8296 7.5853 -28.3692
v 3.82 8.1403 -28.3692
v 2.7477 8.5617 -28.3692
v 1.6303 8.8424 -28.3692
v 0.4862 8.978 -28.3692
v -0.6659 8.9662 -28.3692
v -1.807 8.8072 -28.3692
v -2.9184 8.5035 -28.3692
v -3.9818 8.0602 -28.3692
v -4.9798 7.4846 -28.3692
v -5.896 6.7861 -28.3692
v -6.7154 5.9761 -28.3692
v -7.4244 5.068 -28.3692
v -8.0115 4.0767 -28.3692
v -8.4671 3.0185 -28.3692
v -8.7835 1.9107 -28.3692
v -8.9557 0.7715 -28.3692
v -8.9809 -0.3803 -28.3692
v -8.8585 -1.5259 -28.3692
v -8.5906 -2.6465 -28.3692
v -8.1816 -3.7236 -28.3692
v -7.6383 -4.7395 -28.3692
v -6.9695 -5.6777 -28.3692
v -6.1862 -6.5226 -28.3692
v -5.3013 -7.2604 -28.3692
v -4.3293 -7.8789 -28.3692
v 8.2991 8.3129 -16.2071
v 8.251 8.3678 -16.203
v 8.251 8.3678 -15.703
v -3.1115 -11.3253 -17.9979
v -3.0518 -11.3462 -17.9943
v -3.0518 -11.3462 -17.4943
v -2.8792 11.3873 -19.7887
v -2.932 11.3778 -19.7856
v -2.932 11.3778 -19.2856
v 1.831 -11.6068 -12.4215
v 0.2441 -11.745 -12.5139
v 0.2443 -11.7475 -13.0139
v -10.5244 5.2204 -10.6275
v -8.5685 8.0378 -10.8289
v -7.3177 9.1914 -10.9264
v 0.6756 11.7307 -10.9248
v 3.9823 11.0554 -10.6212
v 4.0191 11.0392 -10.6235
v 4.0202 11.0417 -11.1235
v -2.332 -11.5158 -21.2372
v -2.9404 -11.348 -21.2735
v 6.8559 -9.544 -21.1744
v 8.1624 -8.4542 -21.0769
v 8.1302 -8.4842 -21.5794
v 8.1624 -8.4542 -21.5769
v 5.3907 -10.4416 -21.2749
v 3.808 -11.1166 -21.3758
v 2.1591 -11.5503 -21.4739
v 0.4611 -11.7301 -21.5717
v -1.2557 -11.6568 -21.1736
v -0.7076 -11.7285 -21.1412
v 0.4612 -11.7177 -21.0727
v -6.0722 -10.0246 -21.4713
v -5.3901 -10.4396 -21.4245
v -4.5475 -10.8033 -21.3715
v -3.8969 -11.0842 -21.3306
v -7.479 -9.0375 -21.5722
v -6.7905 -9.5876 -21.5206
v 2.3811 11.5067 -11.0256
v -1.0432 11.7034 -10.8242
v -4.3552 10.9122 -10.6271
v -2.723 11.4296 -10.7265
v -5.9033 10.1581 -11.026
v -4.5082 10.8377 -11.1171
v -5.9686 10.1135 -11.0214
v -8.4934 8.1071 -10.8348
v -9.5272 6.8525 -10.7398
v -9.6492 6.7018 -10.7284
v -10.3799 5.465 -10.6442
v 4.0958 -11.0138 -20.858
v 3.8031 -11.1001 -20.8756
v 2.5341 -11.474 -20.9522
v 2.1561 -11.5304 -20.9741
v 0.93 -11.7133 -21.0453
v 5.3851 -10.4292 -20.7749
v 5.5891 -10.3368 -20.7617
v 6.8511 -9.5365 -20.6745
v 6.97 -9.4611 -20.6663
v 9.2915 -7.1952 -20.4786
v 8.2049 -8.413 -20.5735
v 8.1599 -8.4512 -20.5769
v 9.3052 -7.1774 -20.9773
v 10.2544 -5.7407 -20.8762
v 10.2028 -5.8318 -20.3823
v 10.9797 -4.19 -20.7768
v 10.9125 -4.3622 -20.2874
v 10.2482 -5.7377 -20.3762
v 11.6898 -1.2093 -20.0992
v 11.4546 -2.5572 -20.1791
v 11.4699 -2.5599 -20.6792
v 11.4087 -2.8203 -20.1947
v 10.969 -4.1865 -20.2769
v 11.7015 -0.8585 -20.0786
v 11.7207 -0.8591 -20.5785
v 11.7443 0.4293 -20.003
v 11.7206 0.8609 -20.4778
v 11.6987 0.8586 -19.978
v 11.5723 2.048 -19.9088
v 11.4496 2.5404 -19.8796
v 11.473 2.5463 -20.3799
v 11.18 3.622 -19.8156
v 10.9819 4.1844 -20.2809
v 9.7501 6.5605 -19.6237
v 10.2284 5.7302 -19.6799
v 10.2525 5.744 -20.1798
v 10.5678 5.141 -19.7197
v 10.9573 4.1745 -19.7807
v 9.2851 7.1579 -19.5802
v 9.3071 7.175 -20.0799
v 8.753 7.8413 -19.5304
v 8.1737 8.4432 -19.9825
v 6.8393 9.5213 -19.3821
v 7.5863 8.9747 -19.4364
v 8.1541 8.423 -19.4822
v 6.2634 9.9428 -19.3403
v 6.8559 9.5441 -19.8822
v 5.3753 10.4192 -19.2814
v 5.388 10.4429 -19.7812
v 4.8217 10.7161 -19.2446
v 3.8094 11.0898 -19.1828
v 3.3018 11.2772 -19.1518
v 3.8181 11.1131 -19.6827
v 2.1635 11.526 -19.0842
v 2.1684 11.5486 -19.5844
v 1.7085 11.6254 -19.0571
v 0.4566 11.7206 -18.9834
v 0.0733 11.7498 -18.9608
v 0.4581 11.7412 -19.4834
v -1.2574 11.6652 -18.8832
v -1.2584 11.6822 -19.3831
v -1.5565 11.6462 -18.8657
v -2.9294 11.365 -18.7855
v -4.5535 10.8213 -18.6858
v -3.143 11.3212 -18.773
v -6.0885 10.0438 -18.5847
v -4.6835 10.7753 -18.6777
v -6.0902 10.0471 -19.0847
v -4.5565 10.8296 -19.1858
v -6.138 10.018 -18.5815
v -7.4847 9.0559 -18.9856
v -7.4647 9.0724 -18.487
v -9.6645 6.6796 -18.2983
v -8.7096 7.8742 -18.3877
v -8.7151 7.8786 -18.8878
v -8.6423 7.9583 -18.394
v -7.4835 9.0546 -18.4856
v -9.7616 6.5157 -18.2871
v -9.7717 6.5217 -18.7871
v -10.4998 5.2698 -18.2022
v -10.6189 5.0254 -18.6864
v -10.6045 5.0194 -18.1865
v -11.1263 3.7708 -18.1086
v -11.2153 3.4328 -18.0884
v -11.2337 3.4376 -18.5886
v -11.5401 2.1993 -18.0149
v -11.6139 1.7691 -18.4894
v -11.6995 -1.0645 -17.823
v -11.723 0.053 -17.8884
v -11.7477 0.0524 -18.3883
v -11.7339 0.572 -17.9188
v -11.5917 1.7665 -17.9893
v -11.6046 -1.6535 -17.7888
v -11.6303 -1.6577 -18.2886
v -11.4417 -2.6647 -17.7301
v -11.269 -3.32 -18.1911
v -11.2428 -3.3119 -17.6908
v -10.9629 -4.2224 -17.6356
v -10.6387 -4.9158 -17.5907
v -10.6645 -4.9279 -18.0907
v -10.2683 -5.7078 -17.5393
v -9.8303 -6.4331 -17.9898
v -8.7745 -7.771 -17.3915
v -9.3771 -7.0775 -17.4441
v -9.8065 -6.4177 -17.49
v -8.3149 -8.2999 -17.3514
v -8.7952 -7.789 -17.8915
v -7.5558 -8.9615 -17.2927
v -7.5735 -8.9818 -17.7929
v -7.0835 -9.3731 -17.2562
v -6.166 -9.9709 -17.1919
v -5.7095 -10.2683 -17.16
v -6.1799 -9.9922 -17.6919
v -4.6481 -10.7657 -17.0919
v -4.6578 -10.7864 -17.5917
v -4.233 -10.9602 -17.0653
v -3.0459 -11.3271 -16.9941
v -1.3645 -11.6531 -16.8942
v -2.685 -11.4386 -16.9725
v -1.0698 -11.701 -16.8768
v -1.3672 -11.6699 -17.3943
v 0.3532 -11.7317 -16.7933
v 0.3529 -11.7448 -17.2933
v 0.5689 -11.7363 -16.7806
v 2.0536 -11.5695 -17.1943
v 3.7052 -11.1512 -17.0964
v 2.1839 -11.5457 -16.6868
v 2.0526 -11.5612 -16.6944
v 5.2669 -10.5045 -16.4973
v 3.7546 -11.1347 -16.5933
v 3.7044 -11.1479 -16.5963
v 5.2927 -10.4893 -16.4956
v 5.2937 -10.491 -16.9956
v 6.6762 -9.6706 -16.4015
v 6.7678 -9.6067 -16.895
v 6.7633 -9.6011 -16.3951
v 7.9442 -8.6595 -16.3083
v 8.0761 -8.5205 -16.2973
v 8.0847 -8.5285 -16.7974
v 9.065 -7.4784 -16.2141
v 9.2384 -7.2632 -16.6979
v 10.7737 -4.6942 -16.0224
v 10.1835 -5.8263 -16.097
v 10.2008 -5.8353 -16.5968
v 10.0178 -6.1441 -16.1179
v 9.2254 -7.2539 -16.1979
v 10.9202 -4.2829 -15.9974
v 10.9409 -4.2903 -16.4973
v 11.3169 -3.1684 -15.9297
v 11.4459 -2.6654 -16.3997
v 11.4218 -2.6604 -15.8995
v 11.6468 -1.5698 -15.8348
v 11.6856 -0.966 -15.7992
v 11.7123 -0.9677 -16.2992
v 11.752 0.0668 -15.7385
v 11.728 0.7528 -16.1984
v 11.7005 0.7507 -15.6986
v 11.6294 1.6939 -15.6436
v 11.4685 2.4356 -15.6001
v 11.4957 2.4415 -16.1003
v 11.286 3.2769 -15.5508
v 11.0201 4.0827 -16.0015
v 10.2805 5.6356 -15.4005
v 10.7217 4.8119 -15.4553
v 10.9934 4.0729 -15.5013
v 9.9476 6.2571 -15.3591
v 10.3052 5.6489 -15.9004
v 9.3511 7.0737 -15.3006
v 9.3726 7.0893 -15.8004
v 8.9875 7.5715 -15.265
v 8.2331 8.3505 -15.2027
v 6.9298 9.462 -15.1028
v 7.859 8.7369 -15.1718
v 5.4843 10.3927 -15.5018
v 3.9192 11.0779 -15.4031
v 3.913 11.0626 -14.9033
v 6.5678 9.7445 -15.0759
v 6.944 9.4802 -15.6029
v 5.4742 10.3752 -15.0019
v 5.1488 10.5629 -14.9799
v 0.566 11.7281 -14.7041
v 2.0663 11.5673 -14.7926
v 2.2749 11.5281 -15.305
v 2.2718 11.5157 -14.8048
v 3.6441 11.1713 -14.8866
v -1.1988 11.6885 -14.6008
v -1.1508 11.69 -14.6036
v -1.1509 11.6933 -15.1036
v 0.4363 11.742 -14.6964
v 0.5669 11.7364 -15.2041
v -4.456 10.8714 -14.9065
v -4.3485 10.9149 -14.4133
v -2.8276 11.4042 -15.0061
v -2.8269 11.402 -14.5061
v -2.7951 11.4122 -14.508
v -7.184 9.2963 -14.2219
v -5.9903 10.093 -14.3055
v -5.997 10.1031 -14.8054
v -5.8258 10.2028 -14.317
v -4.4528 10.8646 -14.4065
v -7.391 9.1121 -14.2061
v -7.4016 9.124 -14.706
v -8.394 8.2199 -14.1292
v -8.6421 7.9586 -14.6083
v -8.6272 7.9459 -14.1082
v -9.4535 6.9752 -14.0339
v -9.6918 6.5999 -14.0078
v -9.7109 6.612 -14.5077
v -10.3324 5.591 -13.9376
v -10.5721 5.1231 -14.4069
v -10.5497 5.1129 -13.9072
v -11.0064 4.1078 -13.8432
v -11.1768 3.5328 -13.8088
v -11.2018 3.5402 -14.3091
v -11.467 2.5535 -13.7502
v -11.597 1.8765 -14.21
v -11.5695 1.8723 -13.7099
v -11.7106 0.9345 -13.6544
v -11.7182 0.1609 -13.6091
v -11.7467 0.1612 -14.109
v -11.7267 -0.7041 -13.5583
v -11.645 -1.5509 -14.009
v -11.2725 -3.2089 -13.4113
v -11.5175 -2.3149 -13.4648
v -11.6172 -1.5473 -13.5094
v -10.7097 -4.8289 -13.8114
v -10.685 -4.8183 -13.3113
v -11.2991 -3.2162 -13.9116
v -11.0879 -3.8824 -13.3711
v -8.8485 -7.6943 -13.112
v -9.5898 -6.7865 -13.1792
v -9.8893 -6.3421 -13.7104
v -9.8678 -6.329 -13.2105
v -10.4398 -5.3877 -13.2749
v -8.5647 -8.0418 -13.0863
v -8.8658 -7.7085 -13.6119
v -7.6425 -8.8968 -13.0134
v -7.6561 -8.9114 -13.5135
v -7.3695 -9.1499 -12.9918
v -6.2626 -9.9208 -12.9126
v -6.0239 -10.0871 -12.8955
v -6.2722 -9.9345 -13.4126
v -4.7511 -10.7319 -12.8123
v -4.7568 -10.7431 -13.3122
v -4.5663 -10.8255 -12.8003
v 0.2067 -11.7482 -12.5161
v -1.4309 -11.6623 -12.6124
v -1.4752 -11.6567 -13.115
v -1.4746 -11.6538 -12.615
v -3.1557 -11.3177 -13.2148
v -3.0345 -11.3508 -12.7076
v -3.1531 -11.3101 -12.7147
v 1.9461 -11.5804 -12.4147
v 1.9478 -11.5878 -12.9147
v 3.4104 -11.2448 -12.3286
v 3.6023 -11.1849 -12.817
v 3.5979 -11.1734 -12.3169
v 4.9396 -10.6623 -12.233
v 5.1884 -10.5253 -12.2163
v 5.1963 -10.5396 -12.7162
v 6.3753 -9.8714 -12.1368
v 6.679 -9.6686 -12.6156
v 6.6673 -9.6529 -12.1158
v 7.677 -8.8971 -12.043
v 7.9906 -8.5863 -12.0176
v 8.0063 -8.6021 -12.5178
v 8.8303 -7.7541 -11.9495
v 9.1708 -7.3483 -12.4186
v 9.1509 -7.3332 -11.9185
v 9.8231 -6.4507 -11.8535
v 10.123 -5.9164 -11.8176
v 10.1463 -5.9295 -12.3175
v 10.6245 -5.0228 -11.7576
v 10.9011 -4.3903 -12.2177
v 10.8756 -4.3804 -11.718
v 11.2149 -3.5124 -11.6645
v 11.3935 -2.7641 -11.62
v 11.4209 -2.7706 -12.1203
v 11.5928 -1.9284 -11.5703
v 11.7028 -1.0761 -12.0199
v 11.6744 -1.0734 -11.5198
v 11.4918 2.3318 -11.3207
v 11.6759 1.3371 -11.3786
v 11.7345 0.6445 -11.919
v 11.7067 0.6433 -11.4191
v 11.7484 -0.2962 -11.474
v 11.3811 2.9297 -11.2859
v 11.5175 2.3365 -11.8207
v 11.0336 3.9728 -11.2219
v 11.0573 3.9807 -11.7221
v 10.8652 4.4784 -11.1909
v 10.3366 5.543 -11.1211
v 10.1359 5.9473 -11.0946
v 10.3571 5.5532 -11.6211
v 9.421 6.9918 -11.021
v 9.4373 7.0029 -11.5209
v 9.2143 7.2937 -10.9998
v 8.3155 8.2808 -10.9233
v 8.1237 8.4914 -10.907
v 8.3275 8.2917 -11.4235
v 7.0235 9.4058 -10.8235
v 7.0315 9.4155 -11.3235
v 6.8659 9.5369 -10.8115
v 5.5801 10.3416 -11.2225
v 5.5759 10.3349 -10.7225
v 5.4717 10.3994 -10.7153
v 9.215 -7.2783 -21.4852
v 9.3052 -7.1774 -21.4773
v 10.1296 -5.9296 -21.3895
v 10.2544 -5.7407 -21.3762
v 10.8466 -4.4746 -21.2951
v 10.9797 -4.19 -21.2768
v 11.353 -2.9487 -21.2025
v 11.4699 -2.5599 -21.1792
v 11.6478 -1.3538 -21.1078
v 11.7207 -0.8591 -21.0785
v 11.7206 0.2715 -21.0123
v 11.7206 0.8609 -20.9778
v 11.5707 1.8812 -20.9185
v 11.473 2.5463 -20.8799
v 11.2032 3.4461 -20.8255
v 10.2525 5.744 -20.6798
v 10.6189 4.9605 -20.7306
v 10.9819 4.1844 -20.7809
v 9.8309 6.3822 -20.6352
v 8.1737 8.4432 -20.4825
v 8.8631 7.6718 -20.5417
v 9.3071 7.175 -20.5799
v 7.7284 8.8152 -20.4486
v 5.388 10.4429 -20.2812
v 6.4359 9.8013 -20.3533
v 6.8559 9.5441 -20.3822
v 5.0205 10.5998 -20.2581
v 2.1684 11.5486 -20.0844
v 3.5229 11.191 -20.1651
v 3.8181 11.1131 -20.1827
v 1.9514 11.573 -20.0715
v 0.4581 11.7412 -19.9834
v 0.3303 11.7368 -19.9759
v -1.2584 11.6822 -19.8831
v -1.2944 11.6756 -19.881
v -4.419 10.876 -19.6943
v -4.5565 10.8296 -19.6858
v -5.88 10.1544 -19.5986
v -6.0902 10.0471 -19.5847
v -7.221 9.2434 -19.5043
v -7.4847 9.0559 -19.4856
v -8.4145 8.1662 -19.4117
v -8.7151 7.8786 -19.3878
v -9.4584 6.924 -19.3169
v -9.7717 6.5217 -19.2871
v -10.3239 5.5465 -19.2214
v -10.6189 5.0254 -19.1864
v -10.9875 4.0735 -19.1278
v -11.2337 3.4376 -19.0886
v -11.4404 2.5305 -19.0347
v -11.7477 0.0524 -18.8883
v -11.6797 0.9245 -18.9397
v -11.6139 1.7691 -18.9894
v -11.696 -0.7006 -18.8444
v -11.269 -3.32 -18.6911
v -11.491 -2.2987 -18.751
v -11.6303 -1.6577 -18.7886
v -11.0681 -3.8544 -18.6577
v -9.8303 -6.4331 -18.4898
v -10.4305 -5.3502 -18.5624
v -10.6645 -4.9279 -18.5907
v -9.5938 -6.7429 -18.4673
v -7.5735 -8.9818 -18.2929
v -8.5835 -7.9957 -18.3744
v -8.7952 -7.789 -18.3915
v -7.4045 -9.1043 -18.2807
v -6.1799 -9.9922 -18.1919
v -6.0752 -10.0469 -18.185
v -4.6578 -10.7864 -18.0917
v -4.6324 -10.7953 -18.0902
v -1.5193 -11.6407 -17.9034
v -1.3672 -11.6699 -17.8943
v 0.1075 -11.7341 -17.8077
v 0.3529 -11.7448 -17.7933
v 1.7224 -11.6037 -17.7136
v 2.0536 -11.5695 -17.6943
v 3.2924 -11.2558 -17.6209
v 3.7052 -11.1512 -17.5964
v 4.8139 -10.6905 -17.526
v 5.2937 -10.491 -17.4956
v 6.2462 -9.9196 -17.4306
v 6.7678 -9.6067 -17.395
v 7.5495 -8.9667 -17.337
v 8.0847 -8.5285 -17.2974
v 8.7055 -7.8477 -17.2439
v 10.2008 -5.8353 -17.0968
v 9.7065 -6.5686 -17.1488
v 9.2384 -7.2632 -17.1979
v 10.5226 -5.1636 -17.0535
v 11.4459 -2.6654 -16.8997
v 11.1326 -3.6735 -16.9602
v 10.9409 -4.2903 -16.9973
v 11.5329 -2.1107 -16.8669
v 11.728 0.7528 -16.6984
v 11.7166 -0.4947 -16.7715
v 11.7123 -0.9677 -16.7992
v 11.6763 1.1291 -16.6765
v 11.0201 4.0827 -16.5015
v 11.4159 2.7168 -16.5837
v 11.4957 2.4415 -16.6003
v 10.9374 4.2638 -16.4898
v 9.3726 7.0893 -16.3004
v 10.2463 5.7398 -16.3941
v 10.3052 5.6489 -16.4004
v 7.0694 9.3735 -16.1125
v 6.944 9.4802 -16.1029
v 5.7008 10.2574 -16.0168
v 5.4843 10.3927 -16.0018
v 4.2327 10.9406 -15.9229
v 3.9192 11.0779 -15.9031
v 2.6953 11.413 -15.83
v 2.2749 11.5281 -15.805
v 1.0924 11.6723 -15.7351
v 0.5669 11.7364 -15.7041
v -0.5334 11.7088 -15.6397
v -1.1509 11.6933 -15.6036
v -2.1362 11.5234 -15.5463
v -2.8276 11.4042 -15.5061
v -3.6947 11.1205 -15.453
v -5.997 10.1031 -15.3054
v -5.197 10.5019 -15.3579
v -4.456 10.8714 -15.4065
v -6.5998 9.6829 -15.2627
v -8.6421 7.9586 -15.1083
v -7.8651 8.6885 -15.1695
v -7.4016 9.124 -15.206
v -8.9854 7.5261 -15.076
v -10.5721 5.1231 -14.9069
v -9.9428 6.211 -14.9806
v -9.7109 6.612 -15.0077
v -10.7089 4.7794 -14.8857
v -11.597 1.8765 -14.71
v -11.2659 3.2704 -14.793
v -11.2018 3.5402 -14.8091
v -11.6135 1.6877 -14.6989
v -11.645 -1.5509 -14.509
v -11.7409 0.0628 -14.6032
v -11.7467 0.1612 -14.609
v -11.3159 -3.1352 -14.4164
v -11.2991 -3.2162 -14.4116
v -10.7696 -4.6651 -14.3216
v -10.7097 -4.8289 -14.3114
v -10.0155 -6.1092 -14.2259
v -9.8893 -6.3421 -14.2104
v -9.0766 -7.4271 -14.1322
v -8.8658 -7.7085 -14.1119
v -7.9722 -8.5971 -14.0392
v -7.6561 -8.9114 -14.0135
v -6.7057 -9.614 -13.9442
v -6.2722 -9.9345 -13.9126
v -5.3099 -10.448 -13.8489
v -4.7568 -10.7431 -13.8122
v -3.8255 -11.0773 -13.7556
v -3.1557 -11.3177 -13.7148
v -2.2702 -11.4963 -13.6622
v 0.2443 -11.7475 -13.5139
v -0.658 -11.6999 -13.567
v -1.4752 -11.6567 -13.615
v 0.9658 -11.6799 -13.4719
v 3.6023 -11.1849 -13.317
v 2.5562 -11.4396 -13.3788
v 1.9478 -11.5878 -13.4147
v 4.1053 -10.9813 -13.2852
v 6.679 -9.6686 -13.1156
v 5.5873 -10.3099 -13.1897
v 5.1963 -10.5396 -13.2162
v 6.9596 -9.4432 -13.0949
v 9.1708 -7.3483 -12.9186
v 8.1886 -8.4058 -13.0023
v 8.0063 -8.6021 -13.0178
v 9.2727 -7.2002 -12.908
v 10.9011 -4.3903 -12.7177
v 10.1855 -5.8497 -12.8123
v 10.1463 -5.9295 -12.8175
v 11.3926 -2.8586 -12.6256
v 11.4209 -2.7706 -12.6203
v 11.6726 -1.2578 -12.5307
v 11.7028 -1.0761 -12.5199
v 11.7294 0.3701 -12.4351
v 11.7345 0.6445 -12.419
v 11.5634 1.9787 -12.3415
v 11.5175 2.3365 -12.3207
v 11.1802 3.5418 -12.2484
v 11.0573 3.9807 -12.2221
v 10.5804 5.0518 -12.1533
v 10.3571 5.5532 -12.1211
v 9.7782 6.4656 -12.058
v 9.4373 7.0029 -12.0209
v 8.7985 7.7447 -11.9648
v 8.3275 8.2917 -11.9235
v 7.6519 8.8775 -11.8714
v 5.5801 10.3416 -11.7225
v 6.3498 9.8504 -11.7761
v 7.0315 9.4155 -11.8235
v 4.9281 10.6342 -11.6811
v 2.3811 11.5067 -11.5256
v 3.4269 11.21 -11.588
v 4.0202 11.0417 -11.6235
v 1.8525 11.5761 -11.4943
v -1.0432 11.7034 -11.3242
v 0.232 11.7236 -11.3988
v 0.6756 11.7307 -11.4248
v -1.3887 11.6471 -11.3041
v -2.723 11.4296 -11.2265
v -2.9695 11.3515 -11.2115
v -4.3552 10.9122 -11.1271
v -4.8093 -11.4013 -12.2003
v -6.3444 -10.6236 -12.2955
v -7.7616 -9.6366 -12.3918
v 2.1761 12.1826 -14.1926
v 3.8379 11.7656 -14.2866
v 5.4225 11.1248 -14.3799
v 0.5991 -12.3606 -16.1806
v -1.1269 -12.3234 -16.2768
v -2.8279 -12.047 -16.3724
v -3.3103 11.9234 -18.173
v -1.6394 12.2656 -18.2657
v 0.0771 12.3748 -18.3608
v 5.8862 -10.8866 -20.1617
v 4.3136 -11.5997 -20.258
v 2.6688 -12.0843 -20.3522
v 6.7143 -10.3965 -11.5368
v -10.8821 5.8883 -13.3376
v -2.9439 12.0192 -13.908
v 6.917 10.2628 -14.4759
v 5.078 11.2861 -18.6446
v 0.9793 -12.3364 -20.4453
v 11.1895 -5.29 -11.1576
v -8.4851 -9.0059 -21.0163
v -7.1518 -10.0976 -20.9207
v -9.6433 -7.7527 -21.1091
v -11.4034 -4.8014 -21.3001
v -10.6238 -6.3426 -21.2038
v -11.959 -3.1735 -21.3952
v -12.2817 -1.4988 -21.4879
v -12.3709 0.2201 -21.5832
v 10.3455 -6.7938 -11.2535
v 11.8113 -3.6993 -11.0645
v 12.2094 -2.031 -10.9703
v 12.3732 -0.312 -10.874
v 12.2968 1.4083 -10.7786
v 11.9864 3.0855 -10.6859
v -5.677 -10.9949 -20.8245
v -2.4562 -12.1283 -20.6372
v -4.1044 -11.6738 -20.7306
v -0.7454 -12.3524 -20.5412
v 8.6412 -8.8605 -19.9735
v 7.3406 -9.9643 -20.0663
v 10.7454 -6.1419 -19.7823
v 9.7856 -7.5779 -19.8786
v 11.4928 -4.5942 -19.6874
v 12.0154 -2.9704 -19.5947
v 12.3115 -1.2737 -19.4992
v 12.3689 0.4521 -19.403
v 12.1878 2.157 -19.3088
v 11.7746 3.8146 -19.2156
v 11.1298 5.4144 -19.1197
v 10.2686 6.9095 -19.0237
v 7.9897 9.452 -18.8364
v 9.2185 8.2584 -18.9304
v 6.5965 10.4717 -18.7403
v 3.4773 11.877 -18.5518
v 1.7993 12.2438 -18.4571
v -4.9328 11.3484 -18.0777
v -6.4646 10.5509 -17.9815
v -7.8619 9.555 -17.887
v -9.1021 8.3816 -17.794
v -10.1787 7.0349 -17.6983
v -11.0584 5.5501 -17.6022
v -12.1541 2.3163 -17.4149
v -11.7183 3.9714 -17.5086
v -12.3581 0.6024 -17.3188
v -12.3219 -1.1211 -17.223
v -11.5462 -4.447 -17.0356
v -12.0504 -2.8064 -17.1301
v -8.7573 -8.7414 -16.7514
v -9.876 -7.454 -16.8441
v -10.8146 -6.0115 -16.9393
v -7.4604 -9.8717 -16.6562
v -4.4583 -11.5432 -16.4653
v -6.0133 -10.8145 -16.56
v 2.2999 -12.1598 -16.0868
v 3.9541 -11.727 -15.9934
v 7.0312 -10.185 -15.8015
v 5.5469 -11.0633 -15.8973
v 9.5471 -7.8762 -15.6141
v 8.3666 -9.1201 -15.7083
v 10.5506 -6.4709 -15.5179
v 11.3467 -4.9439 -15.4224
v 11.9188 -3.3369 -15.3297
v 12.2662 -1.6533 -15.2348
v 12.2479 1.784 -15.0436
v 12.377 0.0703 -15.1385
v 11.8862 3.4512 -14.9508
v 11.2919 5.0679 -14.8553
v 9.4654 7.9742 -14.665
v 10.4766 6.5899 -14.7591
v 8.2769 9.2016 -14.5718
v 0.4594 12.3666 -14.0964
v -1.2627 12.3102 -14.0008
v -4.5799 11.4954 -13.8133
v -6.1358 10.7455 -13.717
v -7.5663 9.7908 -13.6219
v -8.8406 8.6571 -13.5292
v -9.9564 7.3462 -13.4339
v -11.5919 4.3263 -13.2432
v -12.0771 2.6893 -13.1502
v -12.3336 0.9842 -13.0544
v -12.3506 -0.7415 -12.9583
v -12.1303 -2.4381 -12.8648
v -10.9952 -5.6743 -12.6749
v -11.6778 -4.0889 -12.7711
v -10.1 -7.1474 -12.5792
v -9.0204 -8.4696 -12.4863
v -3.196 -11.9546 -12.1076
v -1.5071 -12.2826 -12.0124
v 0.2176 -12.3731 -11.9161
v 3.5917 -11.843 -11.7286
v 1.9283 -12.2242 -11.8215
v 5.2023 -11.2294 -11.6329
v 8.0853 -9.3704 -11.443
v 9.2999 -8.1666 -11.3495
v 8.0803 9.3747 -12.4716
v 11.4801 -4.6259 -13.3179
v 12.0049 -3.0127 -13.2256
v -2.3976 -12.1401 -14.2625
v 9.3575 8.1005 -21.1417
v 8.1584 9.3069 -21.0487
v 6.7923 10.3458 -20.9532
v 10.3809 6.7396 -21.235
v 11.2138 5.2384 -21.3306
v 11.8301 3.6387 -21.4258
v 12.2168 1.9857 -21.5182
v -11.6363 4.2054 -11.1505
v -10.9479 5.765 -11.2441
v -12.1027 2.5715 -11.0579
v -12.3441 -0.8432 -10.867
v -12.342 0.8728 -10.9625
v -12.1119 -2.5276 -10.7741
v -11.6501 -4.1673 -10.6807
v 5.2966 11.1852 -20.8579
v 3.715 11.8049 -20.7653
v 2.0567 12.2033 -20.6716
v 0.3475 12.3702 -20.5759
v -3.0332 11.997 -20.3887
v -1.3639 12.2994 -20.4809
v -4.6574 11.4642 -20.2943
v -7.6168 9.7515 -20.1041
v -6.2001 10.7085 -20.1986
v -8.8789 8.6179 -20.0119
v -10.8993 5.8564 -19.8213
v -9.9835 7.3093 -19.917
v -11.6012 4.3015 -19.7275
v -12.0808 2.6723 -19.635
v -12.3342 0.9763 -19.5397
v -12.3507 -0.7401 -19.4441
v -12.1324 -2.4276 -19.3511
v -11.6845 -4.0697 -19.2579
v -11.0089 -5.6478 -19.1623
v -10.1225 -7.1155 -19.0671
v -9.0532 -8.4345 -18.9746
v -7.8068 -9.6 -18.8807
v -6.4024 -10.5888 -18.785
v -3.2787 -11.9322 -18.598
v -1.6023 -12.2705 -18.5034
v -4.8796 -11.3714 -18.6902
v 0.1124 -12.3745 -18.4077
v 1.816 -12.2413 -18.3134
v 3.4734 -11.8782 -18.2211
v 6.5939 -10.4733 -18.0304
v 7.9708 -9.4679 -17.9368
v 5.0806 -11.285 -18.1261
v 10.2503 -6.9366 -17.7488
v 9.1926 -8.2871 -17.8441
v 11.1113 -5.4523 -17.6533
v 11.7539 -3.8779 -17.5604
v 12.1751 -2.2275 -17.467
v 12.3662 -0.5212 -17.3714
v 12.3196 1.1922 -17.2763
v 12.0406 2.8664 -17.1839
v 11.5315 4.4963 -17.0898
v 8.7445 8.7586 -16.8072
v 9.86 7.4809 -16.8994
v 10.7978 6.0494 -16.9941
v 7.4527 9.8808 -16.7125
v 6.0128 10.8173 -16.6168
v 4.4662 11.5418 -16.5227
v 1.1538 12.3213 -16.3352
v 2.8451 12.044 -16.4303
v -0.5627 12.3621 -16.2396
v -2.2553 12.1673 -16.1461
v -5.4884 11.0903 -15.9578
v -3.9016 11.7431 -16.0533
v -6.9694 10.2244 -15.8624
v -8.3044 9.1728 -15.7697
v -9.4861 7.9444 -15.6762
v -10.4945 6.5545 -15.5805
v -11.2992 5.0418 -15.4855
v -11.8826 3.4484 -15.3932
v -12.2443 1.7787 -15.2989
v -12.3726 0.0657 -15.2032
v -12.2635 -1.6414 -15.1086
v -11.3539 -4.9174 -14.9216
v -11.9238 -3.3032 -15.0164
v -10.5636 -6.4424 -14.8259
v -8.4141 -9.0723 -14.6395
v -9.5766 -7.835 -14.7319
v -7.0795 -10.1484 -14.5443
v -4.0398 -11.6963 -14.3555
v -5.607 -11.0308 -14.4487
v -0.6949 -12.3554 -14.1669
v 1.0201 -12.3331 -14.0716
v 2.6993 -12.0775 -13.979
v 4.3343 -11.5919 -13.8853
v 5.8974 -10.8806 -13.7896
v 7.3433 -9.9624 -13.6947
v 8.6368 -8.8648 -13.6024
v 9.7761 -7.5903 -13.508
v 10.733 -6.1637 -13.4123
v 12.3059 -1.3268 -13.1307
v 12.2 2.0867 -12.9412
v 12.3711 0.3894 -13.035
v 11.7994 3.7372 -12.8487
v 10.3243 6.8261 -12.6578
v 11.1695 5.3322 -12.7534
v 9.2904 8.1774 -12.5648
v 6.7053 10.4023 -12.376
v 5.2032 11.229 -12.2808
v 3.6173 11.8352 -12.1883
v 1.9546 12.22 -12.0944
v 0.2438 12.3726 -11.9987
v -1.4661 12.2876 -11.9039
v -3.1326 11.9714 -11.8117
v -4.7533 11.4248 -11.7171
v -6.2895 10.6562 -11.6214
v -8.9503 8.5437 -11.4348
v -7.6974 9.688 -11.5271
v -10.0444 7.2254 -11.3398
v -6.9413 -10.0591 39
v -6.6709 -9.9867 39
v -6.3923 -9.9611 39
v -6.1133 -9.9829 39
v -5.8419 -10.0516 39
v -5.5862 -10.1652 39
v -5.3532 -10.3203 39
v -5.1499 -10.5126 39
v -4.9819 -10.7364 39
v -4.8543 -10.9855 39
v -4.7705 -11.2525 39
v -4.7331 -11.5298 39
v -4.743 -11.8095 39
v -4.8001 -12.0835 39
v -4.9027 -12.3439 39
v -5.0478 -12.5832 39
v -5.2313 -12.7945 39
v -5.4478 -12.9718 39
v -5.6912 -13.1099 39
v -5.9544 -13.205 39
v -6.23 -13.2541 39
v -6.5098 -13.256 39
v -6.786 -13.2106 39
v -7.0505 -13.1192 39
v -7.176 -13.057 39
v -7.1955 -10.1761 39
v -7.4263 -10.3344 39
v -7.627 -10.5294 39
v -7.7919 -10.7555 39
v -7.9162 -11.0063 39
v -7.9963 -11.2744 39
v -8.03 -11.5522 39
v -8.0162 -11.8318 39
v -7.9554 -12.1049 39
v -7.8493 -12.3639 39
v -7.7009 -12.6012 39
v -7.5146 -12.81 39
v -7.2957 -12.9844 39
v -6.3811 -11.6111 39
v -15.4041 10.1566 1.4
v -15.0832 10.1861 1.4
v -14.7619 10.161 1.4
v -14.4495 10.0819 1.4
v -14.155 9.9512 1.4
v -13.8867 9.7725 1.4
v -13.6526 9.5511 1.4
v -15.7154 10.0733 1.4
v -16.0082 9.9386 1.4
v -16.2739 9.7563 1.4
v -16.5051 9.5317 1.4
v -16.8381 8.9826 1.4
v -16.6949 9.2713 1.4
v -16.9303 8.6738 1.4
v -16.9691 8.3539 1.4
v -16.8832 7.7175 1.4
v -16.9532 8.032 1.4
v -16.761 7.4193 1.4
v -15.2186 6.392 1.4
v -15.5365 6.4443 1.4
v -15.8411 6.5495 1.4
v -16.1235 6.7048 1.4
v -16.3756 6.9055 1.4
v -16.5902 7.146 1.4
v -13.4592 9.2933 1.4
v -13.3122 9.0066 1.4
v -13.2157 8.6991 1.4
v -13.1726 8.3797 1.4
v -13.1841 8.0576 1.4
v -13.2498 7.7421 1.4
v -13.368 7.4423 1.4
v -13.5351 7.1668 1.4
v -13.7463 6.9234 1.4
v -13.9957 6.7193 1.4
v -14.2759 6.5602 1.4
v -14.5791 6.4508 1.4
v -14.8963 6.3941 1.4
v -15.0703 8.2862 1.4
v 13.5548 -9.4263 1.4
v 13.7693 -9.6668 1.4
v 14.0214 -9.8675 1.4
v 14.1593 -9.9511 1.4
v 14.3038 -10.0228 1.4
v 14.6084 -10.1281 1.4
v 14.9264 -10.1804 1.4
v 15.2486 -10.1782 1.4
v 15.5659 -10.1216 1.4
v 15.869 -10.0121 1.4
v 16.1493 -9.8531 1.4
v 16.3986 -9.6489 1.4
v 16.6099 -9.4056 1.4
v 16.8951 -8.8302 1.4
v 16.777 -9.13 1.4
v 16.9609 -8.5147 1.4
v 16.9724 -8.1926 1.4
v 16.9292 -7.8733 1.4
v 16.8328 -7.5658 1.4
v 15.383 -6.4113 1.4
v 15.6954 -6.4904 1.4
v 15.99 -6.6212 1.4
v 16.2582 -6.7998 1.4
v 16.4924 -7.0212 1.4
v 16.6858 -7.279 1.4
v 13.3839 -9.1531 1.4
v 13.2618 -8.8549 1.4
v 13.1917 -8.5403 1.4
v 13.1759 -8.2184 1.4
v 13.2146 -7.8985 1.4
v 13.3069 -7.5897 1.4
v 13.45 -7.301 1.4
v 13.6399 -7.0406 1.4
v 13.871 -6.816 1.4
v 14.1368 -6.6338 1.4
v 14.4295 -6.499 1.4
v 14.7408 -6.4157 1.4
v 15.0618 -6.3862 1.4
v 15.0747 -8.2862 1.4
vn -0.2599 0.9433 -0.2065
vn -0.4454 0.7111 -0.544
vn -0.8007 0.2239 -0.5556
vn -0.5841 0.1329 -0.8007
vn -0.8248 0.1048 -0.5556
vn -0.8289 0.0644 -0.5556
vn -0.8313 -0.0166 -0.5556
vn -0.7046 -0.0485 -0.7079
vn -0.82 -0.1375 -0.5556
vn -0.69 -0.1507 -0.7079
vn -0.7912 -0.2556 -0.5556
vn -0.5604 -0.2118 -0.8007
vn -0.6333 -0.3127 -0.7079
vn -0.6172 -0.3433 -0.7079
vn -0.1845 -0.1276 -0.9745
vn -0.5606 -0.4295 -0.7079
vn -0.3754 -0.3505 -0.858
vn -0.492 -0.5067 -0.7079
vn -0.3203 -0.4015 -0.858
vn -0.4129 -0.573 -0.7079
vn -0.2583 -0.4439 -0.858
vn -0.325 -0.627 -0.7079
vn -0.1909 -0.4768 -0.858
vn -0.2302 -0.6677 -0.7079
vn -0.1392 -0.5827 -0.8007
vn -0.1304 -0.6941 -0.7079
vn -0.0394 -0.4446 -0.8949
vn -0.0279 -0.7057 -0.7079
vn 0.0482 -0.83 -0.5556
vn 0.0753 -0.7022 -0.7079
vn 0.1042 -0.5029 -0.858
vn 0.15 -0.58 -0.8007
vn 0.2855 -0.7809 -0.5556
vn 0.2746 -0.6507 -0.7079
vn 0.3962 -0.731 -0.5556
vn 0.4314 -0.7107 -0.5556
vn 0.5687 -0.7591 -0.3169
vn 0.5304 -0.6403 -0.5556
vn 0.4253 -0.422 -0.8007
vn 0.4453 -0.4007 -0.8007
vn 0.7419 -0.1993 -0.6402
vn 0.8731 0.3914 -0.2907
vn -0.2546 -0.4093 -0.8762
vn -0.2184 0.1838 -0.9584
vn 0.1043 -0.8252 -0.5551
vn -0.0179 -0.831 -0.5559
vn 0.3656 -0.1237 -0.9225
vn -0.7219 -0.4045 -0.5615
vn -0.6445 -0.2898 -0.7076
vn -0.525 0.4724 -0.7079
vn -0.8575 -0.4231 -0.2926
vn -0.3846 -0.4589 -0.8009
vn -0.717 -0.4205 -0.5559
vn -0.5399 -0.4549 -0.7082
vn 0.4275 -0.0875 -0.8998
vn -0.4552 -0.5396 -0.7082
vn 0.4354 -0.0297 -0.8998
vn -0.3575 -0.6088 -0.7082
vn 0.3042 0.02 -0.9524
vn -0.2517 -0.6597 -0.7081
vn 0.6887 -0.1567 -0.7079
vn 0.221 -0.9524 -0.2101
vn 0.8289 -0.0644 -0.5556
vn 0.7046 0.0485 -0.7079
vn 0.4278 0.0863 -0.8998
vn 0.69 0.1507 -0.7079
vn 0.4124 0.1426 -0.8998
vn 0.6607 0.2496 -0.7079
vn 0.3897 0.1963 -0.8998
vn 0.6172 0.3433 -0.7079
vn 0.3601 0.2465 -0.8998
vn 0.5606 0.4295 -0.7079
vn 0.324 0.2923 -0.8998
vn 0.492 0.5067 -0.7079
vn 0.2822 0.3329 -0.8998
vn 0.4129 0.573 -0.7079
vn 0.2374 0.3639 -0.9007
vn 0.2757 0.5319 -0.8007
vn 0.2084 0.4579 -0.8642
vn -0.5304 0.6403 -0.5556
vn -0.1462 0.2676 -0.9524
vn -0.2584 0.3517 -0.8998
vn -0.303 0.3141 -0.8998
vn -0.2495 -0.6604 -0.7082
vn -0.1581 -0.8161 -0.5559
vn 0.1298 0.4166 -0.8998
vn 0.2302 0.6677 -0.7079
vn 0.0732 0.4302 -0.8998
vn 0.1304 0.6941 -0.7079
vn 0.0152 0.4361 -0.8998
vn 0.0279 0.7057 -0.7079
vn -0.0431 0.4343 -0.8998
vn -0.0753 0.7022 -0.7079
vn -0.1006 0.4246 -0.8998
vn -0.1768 0.6838 -0.7079
vn -0.1563 0.4074 -0.8998
vn -0.2746 0.6507 -0.7079
vn -0.4314 0.7107 -0.5556
vn -0.0886 -0.1648 0.9823
vn -0.4043 -0.7583 0.5114
vn -0.4639 -0.6923 0.5527
vn -0.1038 -0.1606 0.9815
vn -0.5922 -0.6212 0.5133
vn -0.596 -0.4678 0.6527
vn -0.104 -0.141 0.9845
vn -0.7526 -0.408 0.5169
vn -0.8053 -0.2844 0.5202
vn -0.8377 -0.1535 0.5242
vn -0.8486 -0.0182 0.5288
vn -0.8372 0.1179 0.534
vn -0.8034 0.2515 0.5397
vn -0.7478 0.3794 0.5449
vn -0.5928 0.3923 0.7033
vn -0.5714 0.5992 0.5608
vn -0.2273 -0.3062 0.9244
vn -0.4556 0.6855 0.568
vn -0.3414 0.5906 0.7312
vn -0.2774 0.6171 0.7364
vn -0.2021 0.8621 0.4647
vn -0.0315 0.8092 0.5866
vn 0.1208 0.7978 0.5907
vn 0.2087 0.6145 0.7608
vn -0.3472 -0.5413 0.7658
vn 0.2631 0.4403 0.8584
vn -0.414 -0.753 0.5114
vn -0.271 -0.5832 0.7658
vn 0.4406 0.4778 0.76
vn -0.1502 -0.3924 0.9074
vn 0.6415 0.4908 0.5896
vn 0.725 0.3634 0.5851
vn 0.7835 0.2248 0.5794
vn 0.4005 -0.7495 0.5271
vn 0.2776 -0.806 0.5227
vn -0.0601 -0.1595 0.9854
vn 0.5134 -0.6733 0.5321
vn 0.8158 0.0801 0.5728
vn 0.822 -0.0658 0.5657
vn 0.8029 -0.2084 0.5585
vn 0.6345 -0.3275 0.7001
vn 0.6974 -0.4681 0.5427
vn 0.6131 -0.5788 0.5376
vn 0.1478 -0.8419 0.519
vn 0 -0.756 0.6546
vn -0.0752 -0.1678 0.9829
vn -0.1192 -0.8492 0.5145
vn -0.2262 -0.7251 0.6504
vn -0.3154 -0.6913 0.6501
vn 0.2667 0.4852 0.8328
vn 0.0755 0.1731 0.982
vn 0.2795 0.707 0.6497
vn 0.0675 0.1849 0.9804
vn 0.1856 0.6151 0.7663
vn 0.058 0.1878 0.9805
vn 0.172 0.741 0.6491
vn 0.0387 0.1928 0.9805
vn 0.0943 0.6362 0.7657
vn 0.0237 0.1874 0.982
vn 0.0573 0.7588 0.6488
vn 0.0127 0.1964 0.9804
vn 0.0048 0.6432 0.7657
vn 0.0027 0.1965 0.9805
vn -0.0555 0.7587 0.649
vn -0.0172 0.1958 0.9805
vn -0.0887 0.6366 0.7661
vn -0.03 0.1864 0.982
vn -0.1703 0.7411 0.6495
vn -0.0431 0.192 0.9805
vn -0.1761 0.6168 0.7672
vn -0.0527 0.1893 0.9805
vn -0.192 0.5193 0.8328
vn -0.0729 0.1908 0.9789
vn -0.0814 0.1705 0.982
vn -0.3496 0.6748 0.6499
vn -0.0955 0.1721 0.9804
vn -0.3431 0.5427 0.7666
vn -0.104 0.1668 0.9805
vn -0.4459 0.6161 0.6493
vn -0.1204 0.1555 0.9805
vn -0.419 0.4878 0.7658
vn -0.1261 0.1406 0.982
vn -0.5347 0.5414 0.6489
vn -0.1349 0.1325 0.982
vn -0.483 0.4248 0.7656
vn -0.1495 0.1359 0.9794
vn -0.6088 0.4563 0.649
vn -0.1593 0.1152 0.9805
vn -0.5393 0.35 0.7659
vn -0.1606 0.0994 0.982
vn -0.6709 0.3582 0.6493
vn -0.1667 0.0891 0.982
vn -0.5819 0.271 0.7668
vn -0.1817 0.0883 0.9794
vn -0.5181 0.1949 0.8328
vn -0.192 0.0698 0.9789
vn -0.1821 0.0501 0.982
vn -0.7383 0.1793 0.6502
vn -0.1926 0.0405 0.9804
vn -0.6345 0.096 0.7669
vn -0.1942 0.0307 0.9805
vn -0.7574 0.0682 0.6494
vn -0.1963 0.0108 0.9805
vn -0.6428 0.0028 0.766
vn -0.1888 -0.0032 0.982
vn -0.7593 -0.0479 0.6489
vn -0.1962 -0.0154 0.9804
vn -0.6374 -0.0868 0.7657
vn -0.1949 -0.0253 0.9805
vn -0.7439 -0.1597 0.6489
vn -0.1914 -0.0449 0.9805
vn -0.6178 -0.1785 0.7658
vn -0.1803 -0.0563 0.982
vn -0.7108 -0.2709 0.6491
vn -0.1839 -0.07 0.9805
vn -0.5861 -0.2625 0.7665
vn -0.1799 -0.0791 0.9805
vn -0.4865 -0.2639 0.8329
vn -0.1785 -0.0994 0.9789
vn -0.1571 -0.1048 0.982
vn -0.6197 -0.4391 0.6505
vn -0.1568 -0.119 0.9804
vn -0.4878 -0.4164 0.7673
vn -0.1504 -0.1266 0.9805
vn -0.5485 -0.5264 0.6496
vn -0.1368 -0.1413 0.9805
vn -0.4229 -0.4838 0.7662
vn -0.1212 -0.1448 0.982
vn -0.1856 -0.6151 0.7663
vn -0.0615 -0.1924 0.9794
vn -0.1537 -0.7445 0.6496
vn -0.0387 -0.1927 0.9805
vn -0.0941 -0.6343 0.7673
vn -0.0237 -0.1873 0.982
vn -0.0411 -0.5522 0.8327
vn -0.0152 -0.204 0.9789
vn -0.0027 -0.1966 0.9805
vn 0.0369 -0.7592 0.6498
vn 0.0172 -0.1959 0.9805
vn 0.0886 -0.6361 0.7665
vn 0.03 -0.1865 0.982
vn 0.1521 -0.7453 0.6491
vn 0.0431 -0.192 0.9804
vn 0.1766 -0.6184 0.7658
vn 0.0527 -0.1893 0.9805
vn 0.2607 -0.7148 0.6489
vn 0.0717 -0.1831 0.9805
vn 0.2647 -0.5863 0.7656
vn 0.0814 -0.1704 0.982
vn 0.3665 -0.6668 0.6489
vn 0.0921 -0.1651 0.982
vn 0.3435 -0.5433 0.7661
vn 0.1051 -0.1725 0.9794
vn 0.4608 -0.6049 0.6494
vn 0.1203 -0.1554 0.9805
vn 0.4181 -0.4868 0.7669
vn 0.1261 -0.1406 0.982
vn 0.3904 -0.3926 0.8327
vn 0.1442 -0.145 0.9789
vn 0.1468 -0.1308 0.9805
vn 0.5967 -0.4704 0.6501
vn 0.1593 -0.1153 0.9805
vn 0.5385 -0.3494 0.7668
vn 0.1606 -0.0994 0.982
vn 0.6619 -0.3745 0.6493
vn 0.1668 -0.0891 0.982
vn 0.5828 -0.2714 0.7659
vn 0.1817 -0.0883 0.9794
vn 0.7103 -0.2726 0.6489
vn 0.1853 -0.0657 0.9805
vn 0.6164 -0.1839 0.7656
vn 0.1821 -0.0501 0.982
vn 0.7436 -0.1614 0.6489
vn 0.1851 -0.0385 0.982
vn 0.6357 -0.0962 0.7659
vn 0.1992 -0.0335 0.9794
vn 0.7589 -0.0496 0.6493
vn 0.1963 -0.0108 0.9805
vn 0.6421 -0.0028 0.7666
vn 0.1888 0.0032 0.982
vn 0.5523 0.0379 0.8328
vn 0.1964 0.0135 0.9804
vn 0.2006 0.0239 0.9794
vn 0.7464 0.1412 0.6504
vn 0.1914 0.0449 0.9805
vn 0.6163 0.178 0.7671
vn 0.1803 0.0563 0.982
vn 0.7169 0.2534 0.6495
vn 0.1839 0.07 0.9804
vn 0.5866 0.2626 0.7661
vn 0.1799 0.0792 0.9805
vn 0.6719 0.3568 0.649
vn 0.171 0.097 0.9805
vn 0.5427 0.3454 0.7656
vn 0.1571 0.1048 0.982
vn 0.6099 0.455 0.6488
vn 0.1567 0.119 0.9804
vn 0.4891 0.4175 0.7658
vn 0.1503 0.1266 0.9805
vn 0.5358 0.54 0.6491
vn 0.1367 0.1412 0.9805
vn 0.4228 0.4837 0.7663
vn 0.1212 0.1448 0.982
vn 0.398 0.5465 0.7368
vn 0.1184 0.1572 0.9804
vn 0.1133 0.1673 0.9794
vn 0.0964 0.1801 0.9789
vn 0.3011 0.9163 0.2641
vn 0.3582 0.8804 0.3108
vn 0.3237 0.8642 -0.3851
vn 0.3129 -0.9106 0.2698
vn 0.236 -0.889 0.3925
vn 0.2593 -0.8889 -0.3777
vn -0.8336 0.3959 -0.3852
vn -0.892 0.3672 -0.2636
vn -0.829 0.4527 0.3282
vn -0.5845 0.6664 0.463
vn -0.5578 0.7606 0.3322
vn -0.6369 0.7262 -0.2588
vn -0.1482 0.8756 0.4597
vn -0.0959 0.9383 0.3322
vn -0.2007 0.9214 -0.3328
vn -0.1314 0.8783 -0.4598
vn 0.5414 0.7022 -0.4623
vn 0.3638 0.6503 -0.6669
vn 0.4916 0.7539 0.436
vn 0.4413 0.7297 0.5223
vn 0.4166 0.8425 0.3414
vn 0.2721 0.7909 -0.5481
vn 0.3399 0.7949 0.5027
vn -0.013 0.7948 -0.6068
vn -0.0105 0.8769 0.4806
vn 0.0567 0.9498 0.3077
vn 0.134 0.7844 -0.6056
vn 0.161 0.8689 0.4681
vn 0.2393 0.8976 0.3702
vn 0.2964 0.8765 0.3793
vn -0.0798 0.9454 0.316
vn -0.1327 0.7838 -0.6067
vn -0.1307 0.8647 0.485
vn -0.2117 0.8937 0.3956
vn -0.2899 0.8 -0.5253
vn -0.2634 0.8725 0.4116
vn -0.389 0.6998 -0.5991
vn -0.4176 0.5734 -0.7049
vn -0.5429 0.7925 0.2779
vn -0.6781 0.3007 -0.6707
vn -0.7656 0.5961 -0.242
vn -0.4441 0.8079 0.3875
vn -0.38 0.8422 0.3825
vn -0.3306 0.8658 0.3756
vn -0.0749 -0.9405 0.3314
vn -0.1397 -0.9161 0.3758
vn -0.1047 -0.9375 -0.3318
vn -0.1894 -0.928 0.3209
vn -0.1724 -0.9346 -0.3112
vn -0.2553 -0.8817 0.3968
vn -0.2374 -0.8912 -0.3864
vn -0.3107 -0.8589 0.4071
vn -0.2948 -0.8739 -0.3866
vn -0.3897 -0.8638 0.3193
vn -0.4214 -0.8519 -0.311
vn -0.4494 -0.7992 0.3992
vn -0.448 -0.8022 -0.3946
vn -0.506 -0.8033 0.314
vn -0.5341 -0.784 -0.3165
vn -0.5575 -0.7323 0.391
vn -0.5526 -0.7296 -0.4029
vn -0.6132 -0.7272 0.3086
vn -0.6197 -0.6769 -0.3971
vn -0.6829 -0.6189 0.3881
vn -0.6919 -0.6436 -0.3272
vn -0.7209 -0.5731 0.3896
vn -0.7282 -0.6075 -0.3172
vn -0.7871 -0.5315 0.313
vn -0.7485 -0.532 -0.3959
vn -0.8127 -0.4873 0.3194
vn -0.8067 -0.5018 -0.312
vn -0.8233 -0.407 0.3958
vn -0.818 -0.4243 -0.3884
vn -0.8445 -0.3503 0.4052
vn -0.8445 -0.3698 -0.3875
vn -0.9007 -0.2947 0.3192
vn -0.9142 -0.2611 -0.3099
vn -0.8923 -0.2072 0.4011
vn -0.896 -0.2077 -0.3925
vn -0.9339 -0.1685 0.3153
vn -0.9395 -0.1326 -0.3159
vn -0.9163 -0.0836 0.3918
vn -0.9119 -0.0827 -0.4019
vn -0.9502 -0.0387 0.3092
vn -0.918 -0.0011 -0.3965
vn -0.9178 0.0863 0.3876
vn -0.8727 0.0551 -0.4852
vn -0.9098 0.1459 0.3886
vn -0.8871 0.117 -0.4465
vn -0.9236 0.2228 0.312
vn -0.8978 0.2039 -0.3905
vn -0.878 0.2691 0.3958
vn -0.8629 0.2429 -0.4431
vn -0.8826 0.3473 0.3167
vn -0.8395 0.3214 -0.4381
vn -0.8597 0.3929 0.3265
vn -0.8214 0.3687 -0.435
vn -0.8016 0.4473 0.3968
vn -0.7833 0.4848 -0.3891
vn -0.7542 0.5184 0.403
vn -0.7447 0.5146 -0.425
vn -0.754 0.5757 0.3164
vn -0.6956 0.5697 -0.4378
vn -0.6788 0.6199 0.3936
vn -0.6896 0.639 -0.3407
vn -0.6691 0.6752 0.3103
vn -0.5352 0.708 0.4608
vn -0.036 -0.9258 -0.3762
vn 0.011 -0.9453 -0.3261
vn -0.0039 -0.9214 0.3885
vn 0.0845 -0.9139 -0.3971
vn 0.1236 -0.9433 0.308
vn 0.168 -0.8992 -0.4039
vn 0.165 -0.906 0.3898
vn 0.2202 -0.9224 -0.3173
vn 0.2513 -0.9158 0.3132
vn 0.2912 -0.871 -0.3957
vn 0.2861 -0.8716 0.398
vn 0.3461 -0.8849 -0.3119
vn 0.3743 -0.871 0.3182
vn 0.4104 -0.8252 -0.3882
vn 0.4019 -0.8209 0.4057
vn 0.4661 -0.8298 -0.3069
vn 0.4786 -0.7831 0.397
vn 0.555 -0.7349 -0.3897
vn 0.5571 -0.7649 0.3234
vn 0.6227 -0.7089 -0.3312
vn 0.5809 -0.721 0.3776
vn 0.6442 -0.6896 0.3308
vn 0.6605 -0.6487 -0.378
vn 0.7289 -0.6347 -0.2566
vn 0.6514 -0.6058 0.4568
vn 0.7796 -0.5716 0.2562
vn 0.7112 -0.5328 -0.4587
vn 0.7782 -0.4801 -0.4048
vn 0.7801 -0.4901 0.3889
vn 0.8306 -0.4573 -0.3178
vn 0.846 -0.4322 0.3121
vn 0.8399 -0.3695 -0.3974
vn 0.8374 -0.3766 0.3962
vn 0.8872 -0.339 -0.313
vn 0.8959 -0.3113 0.3171
vn 0.9119 -0.2556 -0.3212
vn 0.8456 -0.2419 0.4758
vn 0.8961 -0.2004 0.396
vn 0.9345 -0.1852 -0.3042
vn 0.9591 -0.1181 0.2574
vn 0.886 -0.0775 -0.4571
vn 0.9435 -0.0163 -0.3309
vn 0.9235 -0.0591 0.379
vn 0.9435 0.0107 0.3311
vn 0.9239 0.0536 -0.3788
vn 0.96 0.112 -0.2565
vn 0.8863 0.0716 0.4576
vn 0.9482 0.1907 0.2542
vn 0.8717 0.1684 -0.4601
vn 0.9283 0.2669 -0.2589
vn 0.8551 0.2415 0.4589
vn 0.9111 0.3183 0.2619
vn 0.84 0.2872 -0.4603
vn 0.8383 0.3723 -0.3983
vn 0.8437 0.3633 0.3952
vn 0.8476 0.4281 -0.3136
vn 0.8346 0.4514 0.3158
vn 0.7811 0.4863 -0.3917
vn 0.783 0.4749 0.4017
vn 0.7824 0.567 -0.2576
vn 0.7155 0.5251 0.4608
vn 0.7332 0.6285 0.2596
vn 0.653 0.6036 -0.4575
vn 0.6481 0.6864 -0.3299
vn 0.6669 0.6403 0.3812
vn 0.6288 0.7034 0.3313
vn 0.5814 0.7195 -0.3799
vn 0.5457 0.7687 -0.3336
vn 0.5463 0.7011 0.4583
vn 0.5002 0.8112 0.3031
vn 0.4676 0.8244 -0.319
vn 0.4207 0.8281 0.3704
vn 0.4247 0.8511 -0.3086
vn 0.383 0.8711 0.3073
vn 0.3457 0.8519 -0.3934
vn 0.3117 0.8921 0.327
vn 0.2822 0.8359 -0.4708
vn 0.254 0.9147 -0.3143
vn 0.2303 0.9207 0.315
vn 0.1687 0.9302 -0.326
vn 0.1676 0.8654 0.4723
vn 0.1198 0.9112 0.3942
vn 0.0957 0.947 -0.3067
vn 0.0554 0.9635 0.2621
vn 0.0427 0.8883 -0.4572
vn -0.0258 0.9675 -0.2515
vn -0.0217 0.9233 0.3835
vn -0.352 0.8986 -0.2621
vn -0.3153 0.8312 0.4579
vn -0.276 0.9277 0.2515
vn -0.2667 0.8839 -0.3841
vn -0.4646 0.8204 -0.3334
vn -0.4253 0.7769 0.4643
vn -0.4004 0.8793 0.258
vn -0.3668 0.8072 -0.4625
vn -0.5 0.8083 0.3109
vn -0.5316 0.7877 -0.3114
vn -0.5337 0.706 -0.4655
vn -0.6668 0.678 0.3094
vn -0.6578 0.6541 -0.3736
vn -0.6995 0.6399 0.3181
vn -0.7283 0.614 -0.3043
vn -0.7565 0.5623 0.3338
vn -0.7385 0.493 -0.4599
vn -0.8169 0.4716 -0.332
vn -0.773 0.5066 0.3819
vn -0.8436 0.2709 -0.4636
vn -0.9188 0.2095 -0.3345
vn -0.9197 0.2972 0.2565
vn -0.8603 0.2117 0.4638
vn -0.806 0.375 0.4579
vn -0.934 0.1769 0.3104
vn -0.9401 0.1372 -0.3121
vn -0.9377 0.1018 0.3322
vn -0.8809 0.0796 -0.4665
vn -0.9656 0.0179 -0.2594
vn -0.8857 0.0193 0.4639
vn -0.965 -0.0326 0.2601
vn -0.8862 -0.0434 -0.4612
vn -0.9604 -0.1156 -0.2537
vn -0.9167 -0.102 0.3864
vn -0.9247 -0.1796 0.3356
vn -0.8614 -0.215 -0.4602
vn -0.8992 -0.2859 -0.3311
vn -0.8949 -0.2274 0.384
vn -0.8935 -0.3062 0.3284
vn -0.8531 -0.3506 -0.3863
vn -0.848 -0.407 -0.3394
vn -0.821 -0.3402 0.4585
vn -0.8328 -0.4607 0.3069
vn -0.8091 -0.4957 -0.3157
vn -0.7706 -0.5125 0.3788
vn -0.7839 -0.5396 -0.3071
vn -0.7605 -0.5705 0.31
vn -0.7151 -0.579 -0.3917
vn -0.6913 -0.6121 0.384
vn -0.679 -0.6261 -0.3834
vn -0.6483 -0.6526 0.3921
vn -0.6444 -0.6992 -0.3096
vn -0.6161 -0.7249 0.308
vn -0.5872 -0.7153 -0.3789
vn -0.5752 -0.7545 0.316
vn -0.5418 -0.7825 -0.3068
vn -0.4909 -0.803 0.3381
vn -0.4194 -0.7828 -0.4597
vn -0.3886 -0.835 -0.3895
vn -0.4387 -0.8411 0.3164
vn -0.3333 -0.8881 -0.3167
vn -0.362 -0.8469 0.3895
vn -0.2677 -0.8757 -0.4018
vn -0.3066 -0.8689 0.3885
vn -0.2074 -0.9252 -0.3179
vn -0.1928 -0.9311 0.3095
vn -0.1287 -0.957 -0.2599
vn -0.1359 -0.8759 0.463
vn -0.0926 -0.9463 0.3098
vn -0.0528 -0.9184 -0.3921
vn -0.015 -0.9232 0.3841
vn 0.0072 -0.9228 -0.3852
vn 0.0446 -0.919 0.3917
vn 0.0842 -0.9469 -0.3104
vn 0.1201 -0.9585 0.2587
vn 0.1283 -0.8764 -0.4642
vn 0.2042 -0.945 -0.2556
vn 0.1811 -0.9034 0.3886
vn 0.3137 -0.8663 -0.3887
vn 0.4169 -0.8192 -0.3939
vn 0.3797 -0.8384 0.3911
vn 0.4687 -0.7878 -0.3997
vn 0.434 -0.8124 0.3894
vn 0.5674 -0.7786 -0.268
vn 0.5297 -0.7537 0.3891
vn 0.5785 -0.7213 0.3809
vn 0.6103 -0.7289 -0.3101
vn 0.6361 -0.7067 0.3097
vn 0.6436 -0.6572 -0.3923
vn 0.6706 -0.6343 0.3848
vn 0.6866 -0.6157 -0.3867
vn 0.708 -0.5879 0.3914
vn 0.7567 -0.575 -0.3111
vn 0.7886 -0.5581 0.2583
vn 0.7347 -0.4937 -0.4653
vn 0.8141 -0.4905 -0.311
vn 0.8186 -0.4794 0.3162
vn 0.8284 -0.4026 -0.3894
vn 0.8123 -0.4241 0.4004
vn 0.8746 -0.3736 -0.3089
vn 0.8768 -0.3618 0.3169
vn 0.8867 -0.2434 -0.393
vn 0.8745 -0.2851 0.3925
vn 0.8989 -0.1843 -0.3974
vn 0.8919 -0.2282 0.3904
vn 0.9409 -0.1192 -0.317
vn 0.9446 -0.1088 0.3096
vn 0.9645 -0.0387 -0.2612
vn 0.8844 -0.0586 0.463
vn 0.9508 -0.0073 0.3098
vn 0.9191 0.0346 -0.3925
vn 0.9204 0.0675 0.3852
vn 0.9167 0.0944 -0.3883
vn 0.9116 0.1263 0.3911
vn 0.9344 0.1728 -0.3116
vn 0.9295 0.2037 0.3076
vn 0.8962 0.2198 -0.3854
vn 0.9155 0.2519 0.3136
vn 0.9022 0.3002 -0.3098
vn 0.8846 0.3219 0.3375
vn 0.8229 0.329 -0.4632
vn 0.8647 0.3953 -0.3098
vn 0.8589 0.4027 0.3163
vn 0.7769 0.493 -0.3916
vn 0.7997 0.4521 0.395
vn 0.7422 0.5421 -0.3941
vn 0.7696 0.5042 0.3918
vn 0.7214 0.616 -0.3164
vn 0.7175 0.6239 0.3099
vn 0.659 0.6721 -0.3376
vn 0.3844 0.8694 -0.3106
vn 0.4123 0.8223 0.3922
vn 0.4393 0.8107 -0.3871
vn 0.4656 0.7952 0.3884
vn 0.4903 0.7788 -0.3913
vn 0.5447 0.7786 0.3116
vn 0.5686 0.7625 -0.3085
vn 0.5718 0.7239 0.386
vn 0.6075 0.7298 -0.3136
vn 0.6472 0.6965 0.3099
vn 0.6404 0.6123 0.4636
vn 0.2658 0.8812 -0.391
vn 0.1587 0.9068 -0.3906
vn 0.2064 0.8946 0.3965
vn 0.0988 0.9148 -0.3917
vn 0.1479 0.9077 0.3928
vn 0.0297 0.9484 -0.3158
vn 0.0237 0.9504 0.3102
vn -0.0542 0.9397 -0.3376
vn -0.0191 0.8856 0.464
vn -0.0778 0.9475 0.3102
vn -0.1314 0.9404 -0.3136
vn -0.149 0.91 0.3869
vn -0.1814 0.9333 -0.3099
vn -0.2073 0.9274 0.3115
vn -0.2457 0.8868 -0.3915
vn -0.2719 0.8802 0.3889
vn -0.3033 0.8702 -0.3884
vn -0.3279 0.8596 0.3919
vn -0.3841 0.8693 -0.3112
vn -0.4076 0.8587 0.3105
vn -0.4215 0.8202 -0.3869
vn -0.4523 0.8348 0.3139
vn -0.5011 0.8079 -0.3102
vn -0.5149 0.7881 0.3373
vn -0.5122 0.7226 -0.4643
vn -0.5845 0.7497 -0.3103
vn -0.5702 0.7211 0.3935
vn -0.6584 0.6415 -0.3936
vn -0.6851 0.6589 0.3107
vn -0.7309 0.5934 -0.3371
vn -0.6651 0.5844 0.4649
vn -0.7513 0.5823 0.3106
vn -0.7841 0.5357 -0.3135
vn -0.7714 0.5044 0.3879
vn -0.8125 0.4934 -0.3106
vn -0.8243 0.4726 0.3116
vn -0.8216 0.4142 -0.3917
vn -0.8332 0.3926 0.3893
vn -0.8476 0.3602 -0.3897
vn -0.856 0.3376 0.3916
vn -0.9013 0.3008 -0.3118
vn -0.9089 0.2784 0.3106
vn -0.8895 0.2403 -0.3886
vn -0.9215 0.2297 0.3133
vn -0.9344 0.1735 -0.3111
vn -0.9294 0.1521 0.3363
vn -0.8785 0.1068 -0.4657
vn -0.9476 0.0722 -0.3112
vn -0.9172 0.0662 0.3929
vn -0.9388 -0.0692 -0.3374
vn -0.9191 -0.0419 0.3919
vn -0.5226 -0.7838 -0.3356
vn -0.5834 -0.7117 0.3914
vn -0.5767 -0.7166 -0.3924
vn -0.6639 -0.6139 0.427
vn -0.9157 -0.104 0.3881
vn -0.9092 -0.1404 -0.392
vn -0.9365 -0.1619 0.3112
vn -0.9241 -0.2192 -0.3132
vn -0.8923 -0.2286 0.3892
vn -0.9117 -0.2683 -0.3112
vn -0.8759 -0.2848 0.3895
vn -0.8594 -0.3285 -0.3917
vn -0.853 -0.3557 0.382
vn -0.8365 -0.3843 -0.3905
vn -0.8069 -0.3901 0.4435
vn -0.8287 -0.4645 -0.3122
vn -0.7951 -0.4696 0.3839
vn -0.7752 -0.4968 -0.3901
vn -0.7479 -0.4941 0.4433
vn -0.7567 -0.5746 -0.3119
vn -0.7205 -0.5757 0.3866
vn -0.6995 -0.5989 -0.3899
vn -0.6564 -0.6445 -0.3921
vn 0.5234 -0.2772 -0.8058
vn 0.653 -0.4729 -0.5916
vn 0.7704 -0.4978 -0.3983
vn 0.7091 -0.507 -0.4901
vn 0.7322 -0.6029 -0.3169
vn 0.5795 -0.5588 -0.5932
vn 0.6245 -0.5919 -0.5096
vn 0.6354 -0.6994 -0.3272
vn 0.5455 -0.7156 -0.4362
vn 0.5387 -0.6752 -0.5039
vn 0.5082 -0.7623 -0.4007
vn 0.3562 -0.7014 -0.6174
vn 0.4562 -0.7815 -0.4255
vn 0.189 -0.5919 -0.7835
vn 0.3554 -0.8549 -0.3779
vn 0.4083 -0.8342 -0.3707
vn -0.0259 -0.8961 -0.4432
vn -0.0204 -0.879 -0.4764
vn 0.0459 -0.9494 -0.3106
vn 0.1405 -0.8853 -0.4434
vn 0.1516 -0.8705 -0.4683
vn 0.2288 -0.8952 -0.3824
vn 0.2871 -0.8761 -0.3873
vn -0.0915 -0.9447 -0.3151
vn -0.1121 -0.6948 -0.7104
vn -0.1548 -0.9008 -0.4057
vn -0.2147 -0.9202 -0.3275
vn -0.2224 -0.8912 -0.3953
vn -0.2858 -0.8762 0.3882
vn -0.2926 -0.9042 -0.3112
vn -0.3264 -0.895 0.3039
vn -0.3402 -0.8869 -0.3126
vn -0.3883 -0.8351 0.3896
vn -0.3967 -0.8304 -0.3913
vn -0.4284 -0.8053 0.4098
vn -0.4593 -0.8314 -0.3128
vn -0.4896 -0.7545 0.437
vn -0.5297 -0.719 0.4499
vn -0.3796 -0.7395 -0.5559
vn -0.4991 -0.6647 -0.5559
vn 0 0 -1
vn 0.0292 -0.8307 -0.5559
vn -0.1116 -0.8237 -0.5559
vn -0.2492 -0.793 -0.5559
vn 0.4306 -0.711 -0.5559
vn 0.3043 -0.7735 -0.5559
vn 0.1692 -0.8138 -0.5559
vn 0.7227 -0.4107 -0.5559
vn 0.6429 -0.5269 -0.5559
vn 0.5446 -0.628 -0.5559
vn 0.8312 -0.0061 -0.5559
vn 0.8182 -0.1465 -0.5559
vn 0.7817 -0.2826 -0.5559
vn 0.7286 0.4001 -0.5559
vn 0.7857 0.2712 -0.5559
vn 0.8203 0.1345 -0.5559
vn 0.441 0.7046 -0.5559
vn 0.5537 0.62 -0.5559
vn 0.6505 0.5175 -0.5559
vn 0.0413 0.8302 -0.5559
vn 0.181 0.8113 -0.5559
vn 0.3156 0.769 -0.5559
vn -0.3688 0.7449 -0.5559
vn -0.2376 0.7965 -0.5559
vn -0.0996 0.8252 -0.5559
vn -0.6853 0.4705 -0.5559
vn -0.5959 0.5795 -0.5559
vn -0.4894 0.6719 -0.5559
vn -0.8277 0.0765 -0.5559
vn -0.8029 0.2153 -0.5559
vn -0.7549 0.3479 -0.5559
vn -0.7599 -0.3368 -0.5559
vn -0.8059 -0.2036 -0.5559
vn -0.8287 -0.0644 -0.5559
vn -0.6043 -0.5708 -0.5559
vn -0.6921 -0.4604 -0.5559
vn -0.6449 -0.7643 0
vn -0.7647 -0.6443 0
vn -0.8626 -0.5058 0
vn -0.9357 -0.3528 0
vn -0.9819 -0.1895 0
vn -0.9998 -0.0209 0
vn -0.9889 0.1484 0
vn -0.9496 0.3134 0
vn -0.883 0.4694 0
vn -0.791 0.6118 0
vn -0.6762 0.7367 0
vn -0.542 0.8404 0
vn -0.3922 0.9199 0
vn -0.231 0.9729 0
vn -0.0633 0.998 0
vn 0.1063 0.9943 0
vn 0.2728 0.9621 0
vn 0.4315 0.9021 0
vn 0.5777 0.8162 0
vn 0.7074 0.7069 0
vn 0.8166 0.5771 0
vn 0.9024 0.4308 0
vn 0.9623 0.2721 0
vn 0.9944 0.1056 0
vn 0.998 -0.064 0
vn 0.9728 -0.2317 0
vn 0.9196 -0.3928 0
vn 0.84 -0.5425 0
vn 0.7362 -0.6767 0
vn 0.6113 -0.7914 0
vn 0.4687 -0.8833 0
vn 0.3127 -0.9498 0
vn 0.1477 -0.989 0
vn -0.0216 -0.9998 0
vn -0.1902 -0.9817 0
vn -0.3534 -0.9355 0
vn 0.3575 0.6088 -0.7082
vn 0.4239 0.5645 0.7082
vn 0.6449 0.7643 0
vn 0.5132 0.4848 0.7082
vn 0.7647 0.6443 0
vn 0.5878 0.391 0.7082
vn 0.8626 0.5058 0
vn 0.6454 0.2861 0.7082
vn 0.9357 0.3528 0
vn 0.6845 0.1729 0.7082
vn 0.9819 0.1895 0
vn 0.7038 0.0547 0.7082
vn 0.9998 0.0209 0
vn 0.703 -0.065 0.7082
vn 0.9889 -0.1484 0
vn 0.6819 -0.1829 0.7082
vn 0.9496 -0.3134 0
vn 0.6412 -0.2955 0.7082
vn 0.883 -0.4694 0
vn 0.582 -0.3996 0.7082
vn 0.791 -0.6118 0
vn 0.5061 -0.4922 0.7082
vn 0.6762 -0.7367 0
vn 0.4156 -0.5706 0.7082
vn 0.542 -0.8404 0
vn 0.3132 -0.6327 0.7082
vn 0.3922 -0.9199 0
vn 0.2018 -0.6765 0.7082
vn 0.231 -0.9729 0
vn 0.0846 -0.7009 0.7082
vn 0.0633 -0.998 0
vn -0.0351 -0.7051 0.7082
vn -0.1063 -0.9943 0
vn -0.1538 -0.689 0.7082
vn -0.2728 -0.9621 0
vn -0.268 -0.6531 0.7082
vn -0.4315 -0.9021 0
vn -0.3745 -0.5984 0.7082
vn -0.5777 -0.8162 0
vn -0.4703 -0.5265 0.7082
vn -0.7074 -0.7069 0
vn -0.5525 -0.4395 0.7082
vn -0.8166 -0.5772 0
vn -0.6188 -0.3398 0.7082
vn -0.9024 -0.4308 0
vn -0.6673 -0.2303 0.7082
vn -0.9623 -0.2721 0
vn -0.6967 -0.1142 0.7082
vn -0.9944 -0.1056 0
vn -0.706 0.0052 0.7082
vn -0.998 0.064 0
vn -0.6949 0.1244 0.7082
vn -0.9728 0.2317 0
vn -0.6639 0.24 0.7082
vn -0.9196 0.3928 0
vn -0.6138 0.3488 0.7082
vn -0.84 0.5426 0
vn -0.546 0.4475 0.7082
vn -0.7362 0.6767 0
vn -0.4625 0.5333 0.7082
vn -0.6113 0.7914 0
vn -0.3657 0.6038 0.7082
vn -0.4688 0.8833 0
vn -0.2584 0.657 0.7082
vn -0.3127 0.9498 0
vn -0.1437 0.6912 0.7082
vn -0.1477 0.989 0
vn -0.0248 0.7055 0.7082
vn 0.0216 0.9998 0
vn 0.0948 0.6996 0.7082
vn 0.1902 0.9817 0
vn 0.2116 0.6735 0.7082
vn 0.3534 0.9355 0
vn 0.3224 0.628 0.7082
vn 0.609 0.3571 0.7082
vn 0.5399 0.4549 0.7082
vn 0.4552 0.5396 0.7082
vn 0.3575 0.6088 0.7082
vn 0.2495 0.6604 0.7082
vn 0.1343 0.6931 0.7082
vn 0.0152 0.7058 0.7082
vn -0.1043 0.6982 0.7082
vn -0.2208 0.6706 0.7082
vn -0.3309 0.6236 0.7082
vn -0.4316 0.5587 0.7082
vn -0.5198 0.4777 0.7082
vn -0.593 0.383 0.7082
vn -0.6492 0.2773 0.7082
vn -0.6868 0.1636 0.7082
vn -0.7045 0.0452 0.7082
vn -0.702 -0.0745 0.7082
vn -0.6793 -0.1921 0.7082
vn -0.6371 -0.3042 0.7082
vn -0.5765 -0.4075 0.7082
vn -0.4994 -0.499 0.7082
vn -0.4079 -0.5762 0.7082
vn -0.3046 -0.6369 0.7082
vn -0.1926 -0.6792 0.7082
vn -0.075 -0.702 0.7082
vn 0.0447 -0.7046 0.7082
vn 0.1631 -0.6869 0.7082
vn 0.2768 -0.6494 0.7082
vn 0.3826 -0.5933 0.7082
vn 0.4774 -0.5201 0.7082
vn 0.5584 -0.4319 0.7082
vn 0.6234 -0.3314 0.7082
vn 0.6704 -0.2212 0.7082
vn 0.6982 -0.1048 0.7082
vn 0.7058 0.0147 0.7082
vn 0.6932 0.1338 0.7082
vn 0.6606 0.249 0.7082
vn 0.4239 0.5645 -0.7082
vn 0.5132 0.4848 -0.7082
vn 0.5878 0.391 -0.7082
vn 0.6454 0.2861 -0.7082
vn 0.6845 0.1729 -0.7082
vn 0.7038 0.0547 -0.7082
vn 0.703 -0.065 -0.7082
vn 0.6819 -0.1829 -0.7082
vn 0.6412 -0.2955 -0.7082
vn 0.582 -0.3996 -0.7082
vn 0.5061 -0.4922 -0.7082
vn 0.4156 -0.5706 -0.7082
vn 0.3132 -0.6327 -0.7082
vn 0.2018 -0.6765 -0.7082
vn 0.0846 -0.7009 -0.7082
vn -0.0351 -0.7051 -0.7082
vn -0.1538 -0.689 -0.7082
vn -0.268 -0.6531 -0.7082
vn -0.3745 -0.5984 -0.7082
vn -0.4703 -0.5265 -0.7082
vn -0.5525 -0.4395 -0.7082
vn -0.6188 -0.3398 -0.7082
vn -0.6673 -0.2303 -0.7082
vn -0.6967 -0.1142 -0.7082
vn -0.706 0.0052 -0.7082
vn -0.6949 0.1244 -0.7082
vn -0.6639 0.24 -0.7082
vn -0.6138 0.3488 -0.7082
vn -0.546 0.4475 -0.7082
vn -0.4625 0.5333 -0.7082
vn -0.3658 0.6038 -0.7082
vn -0.2584 0.657 -0.7082
vn -0.1437 0.6912 -0.7082
vn -0.0248 0.7055 -0.7082
vn 0.0948 0.6996 -0.7082
vn 0.2116 0.6735 -0.7082
vn 0.3224 0.628 -0.7082
vn 0.6704 -0.2212 -0.7082
vn 0.6234 -0.3314 -0.7082
vn 0.5584 -0.4319 -0.7082
vn 0.4774 -0.5201 -0.7082
vn 0.3826 -0.5933 -0.7082
vn 0.2768 -0.6494 -0.7082
vn 0.1631 -0.6869 -0.7082
vn 0.0447 -0.7046 -0.7082
vn -0.075 -0.702 -0.7082
vn -0.1926 -0.6792 -0.7082
vn -0.3046 -0.6369 -0.7082
vn -0.4078 -0.5762 -0.7082
vn -0.4994 -0.499 -0.7082
vn -0.5765 -0.4075 -0.7082
vn -0.6371 -0.3042 -0.7082
vn -0.6793 -0.1921 -0.7082
vn -0.702 -0.0745 -0.7082
vn -0.7045 0.0452 -0.7082
vn -0.6868 0.1636 -0.7082
vn -0.6492 0.2773 -0.7082
vn -0.593 0.383 -0.7082
vn -0.5198 0.4777 -0.7082
vn -0.4316 0.5587 -0.7082
vn -0.3309 0.6236 -0.7082
vn -0.2208 0.6706 -0.7082
vn -0.1043 0.6982 -0.7082
vn 0.0152 0.7058 -0.7082
vn 0.1343 0.6931 -0.7082
vn 0.2495 0.6604 -0.7082
vn 0.4552 0.5396 -0.7082
vn 0.5399 0.4549 -0.7082
vn 0.609 0.3571 -0.7082
vn 0.6606 0.249 -0.7082
vn 0.6932 0.1338 -0.7082
vn 0.7058 0.0147 -0.7082
vn 0.6982 -0.1048 -0.7082
vn 0.4985 0.3317 -0.8009
vn 0.597 0.0464 -0.8009
vn 0.5438 -0.2506 -0.8009
vn 0.3525 -0.484 -0.8009
vn 0.0717 -0.5945 -0.8009
vn -0.2273 -0.5539 -0.8009
vn -0.4686 -0.3727 -0.8009
vn -0.5909 -0.0969 -0.8009
vn -0.5631 0.2036 -0.8009
vn -0.3923 0.4524 -0.8009
vn -0.3657 0.6038 -0.7082
vn -0.1219 0.5862 -0.8009
vn 0.2735 0.5327 -0.8009
vn -0.0021 0.0392 -0.9992
vn 0.003 0.0392 -0.9992
vn 0.0079 0.0385 -0.9992
vn 0.0128 0.0371 -0.9992
vn -0.0211 0.0331 -0.9992
vn -0.0166 0.0356 -0.9992
vn -0.012 0.0374 -0.9992
vn -0.0085 0.0464 -0.9989
vn -0.0346 0.0186 -0.9992
vn -0.032 0.0228 -0.9992
vn -0.0288 0.0267 -0.9992
vn -0.0301 0.0362 -0.9989
vn -0.0393 -0.0008 -0.9992
vn -0.039 0.0042 -0.9992
vn -0.0382 0.0092 -0.9992
vn -0.044 0.0168 -0.9989
vn -0.0338 -0.02 -0.9992
vn -0.0361 -0.0155 -0.9992
vn -0.0378 -0.0108 -0.9992
vn -0.0466 -0.007 -0.9989
vn 0.035 0.0178 -0.9992
vn 0.037 0.0132 -0.9992
vn 0.0384 0.0083 -0.9992
vn 0.0209 0.0422 -0.9989
vn 0.0218 0.0327 -0.9992
vn 0.0258 0.0296 -0.9992
vn 0.0294 0.0261 -0.9992
vn 0.0389 0.0265 -0.9989
vn 0.0334 -0.0207 -0.9992
vn 0.0304 -0.0248 -0.9992
vn 0.027 -0.0285 -0.9992
vn -0.0197 -0.034 -0.9992
vn -0.0238 -0.0312 -0.9992
vn -0.0276 -0.0279 -0.9992
vn -0.0372 -0.029 -0.9989
vn -0.0004 -0.0393 -0.9992
vn -0.0055 -0.0389 -0.9992
vn -0.0104 -0.0379 -0.9992
vn -0.0182 -0.0435 -0.9989
vn 0.047 0.004 -0.9989
vn 0.0392 -0.0017 -0.9992
vn 0.0387 -0.0067 -0.9992
vn 0.0375 -0.0116 -0.9992
vn 0.0429 -0.0196 -0.9989
vn 0.0278 -0.0381 -0.9989
vn 0.0189 -0.0344 -0.9992
vn 0.0143 -0.0366 -0.9992
vn 0.0095 -0.0381 -0.9992
vn 0.0055 -0.0468 -0.9989
vn 0.3653 0.9296 -0.0482
vn 0.2797 0.8108 -0.5141
vn 0.4206 0.9067 -0.0313
vn 0.3855 0.7012 -0.5998
vn 0.2928 0.955 -0.0468
vn 0.194 0.9805 -0.0303
vn 0.112 0.7922 -0.5999
vn 0.1176 0.9919 -0.0481
vn 0.0587 0.9978 -0.0313
vn -0.0068 0.8001 -0.5998
vn -0.1379 0.9893 -0.0484
vn -0.153 0.8439 -0.5142
vn -0.0665 0.997 -0.0392
vn -0.0102 0.9991 -0.0418
vn -0.2135 0.9758 -0.0468
vn -0.3115 0.9498 -0.0302
vn -0.2899 0.7457 -0.5999
vn -0.3843 0.922 -0.0479
vn -0.4379 0.8985 -0.0312
vn -0.3102 0.5421 -0.781
vn -0.6056 0.7943 -0.0485
vn -0.5465 0.661 -0.5142
vn -0.5467 0.8364 -0.0392
vn -0.4992 0.8655 -0.0418
vn -0.6649 0.7455 -0.0467
vn -0.737 0.6752 -0.0301
vn -0.4279 0.3524 -0.8323
vn -0.7873 0.6147 -0.0477
vn -0.8221 0.5686 -0.0312
vn -0.6065 0.3635 -0.7071
vn -0.9174 0.3949 -0.0486
vn -0.494 0.1907 -0.8483
vn -0.8865 0.461 -0.0393
vn -0.8597 0.5091 -0.0418
vn -0.9452 0.3233 -0.0465
vn -0.9734 0.2273 -0.0299
vn -0.6146 0.1104 -0.7811
vn -0.9876 0.1493 -0.0475
vn -0.9952 0.0927 -0.0311
vn -0.4956 0.0142 -0.8684
vn -0.9932 -0.1061 -0.0487
vn -0.6996 -0.1008 -0.7074
vn -0.9987 -0.0328 -0.0393
vn -0.9989 0.0218 -0.0417
vn -0.9822 -0.1821 -0.0464
vn -0.9599 -0.2789 -0.0298
vn -0.4684 -0.1622 -0.8685
vn -0.9338 -0.3546 -0.0473
vn -0.9129 -0.407 -0.0311
vn -0.6263 -0.328 -0.7072
vn -0.8133 -0.5798 -0.0488
vn -0.5607 -0.4304 -0.7074
vn -0.8544 -0.5181 -0.0393
vn -0.881 -0.4712 -0.0416
vn -0.7664 -0.6407 -0.0463
vn -0.7 -0.7135 -0.0297
vn -0.3291 -0.3706 -0.8685
vn -0.6397 -0.7672 -0.0471
vn -0.5963 -0.8022 -0.031
vn -0.3408 -0.5233 -0.781
vn -0.5364 -0.8429 -0.0416
vn -0.4907 -0.8704 -0.0393
vn -0.2302 -0.5044 -0.8322
vn -0.4241 -0.9043 -0.0489
vn -0.3578 -0.9333 -0.031
vn -0.1365 -0.4955 -0.8578
vn -0.2817 -0.9591 -0.0287
vn -0.0819 -0.6473 -0.7578
vn -0.2311 -0.9724 -0.0326
vn -0.1176 -0.9923 -0.0382
vn -0.0538 -0.9977 -0.0414
vn -0.001 -0.9992 -0.0393
vn 0.0518 -0.6224 -0.781
vn 0.201 -0.9784 -0.0473
vn 0.1447 -0.5626 -0.8139
vn 0.1455 -0.9889 -0.0311
vn 0.0742 -0.996 -0.049
vn 0.2756 -0.9601 -0.0471
vn 0.3756 -0.9263 -0.0308
vn 0.2689 -0.5636 -0.781
vn 0.4427 -0.8957 -0.0413
vn 0.489 -0.8714 -0.0393
vn 0.3104 -0.4594 -0.8322
vn 0.6553 -0.7539 -0.0476
vn 0.4424 -0.4624 -0.7684
vn 0.6115 -0.7906 -0.0311
vn 0.5534 -0.8314 -0.049
vn 0.7113 -0.7013 -0.0471
vn 0.7814 -0.6233 -0.0307
vn 0.5103 -0.36 -0.781
vn 0.8253 -0.5632 -0.0412
vn 0.8534 -0.5198 -0.0393
vn 0.4431 -0.2225 -0.8684
vn 0.9409 -0.3353 -0.0477
vn 0.6763 -0.2062 -0.7072
vn 0.9205 -0.3894 -0.0312
vn 0.8902 -0.4529 -0.0491
vn 0.9639 -0.262 -0.047
vn 0.9866 -0.1604 -0.0306
vn 0.5514 -0.0571 -0.8323
vn 0.9955 -0.0857 -0.0411
vn 0.9986 -0.0348 -0.0392
vn 0.5539 0.0254 -0.8322
vn 0.9844 0.1695 -0.0479
vn 0.6251 0.1369 -0.7684
vn 0.9933 0.1117 -0.0312
vn 0.9979 0.0423 -0.0491
vn 0.9685 0.2447 -0.047
vn 0.9386 0.3437 -0.0305
vn 0.5089 0.2199 -0.8323
vn 0.9094 0.4138 -0.0409
vn 0.8874 0.4592 -0.0392
vn 0.5301 0.3301 -0.781
vn 0.7745 0.6307 -0.0481
vn 0.4781 0.4254 -0.7684
vn 0.811 0.5842 -0.0313
vn 0.8488 0.5265 -0.0491
vn 0.7238 0.6885 -0.0469
vn 0.6496 0.7596 -0.0304
vn 0.3787 0.4965 -0.7811
vn 0.5894 0.8068 -0.0407
vn 0.5484 0.8353 -0.0392
vn 0.4812 0.8752 -0.0491
vn 0.3012 -0.637 -0.7096
vn 0.2256 -0.5304 -0.8172
vn -0.3714 0.0405 -0.9276
vn -0.3761 0.0697 -0.924
vn -0.0069 -0.8394 -0.5435
vn -0.082 -0.8389 -0.538
vn -0.2891 -0.007 -0.9573
vn -0.4729 -0.0012 -0.8811
vn -0.4138 -0.6455 -0.6419
vn -0.4055 -0.6055 -0.6848
vn 0.6871 -0.6245 -0.3714
vn 0.6658 -0.652 -0.3626
vn -0.2706 0.172 -0.9472
vn -0.4505 0.3058 -0.8387
vn -0.3208 0.2279 -0.9193
vn -0.49 -0.0365 -0.871
vn -0.2752 -0.1559 -0.9487
vn 0.2238 -0.671 -0.7069
vn 0.2185 -0.8408 -0.4953
vn -0.2944 0.2271 -0.9283
vn -0.3665 0.3203 -0.8735
vn -0.3036 0.284 -0.9095
vn -0.3167 -0.0431 -0.9476
vn -0.3621 0.0982 -0.927
vn -0.4354 0.1459 -0.8883
vn -0.3541 0.1402 -0.9246
vn -0.4161 0.1621 -0.8948
vn -0.2816 0.1332 -0.9502
vn -0.4387 0.0925 -0.8939
vn -0.4069 -0.219 -0.8868
vn -0.3398 -0.159 -0.927
vn -0.4272 -0.1656 -0.8888
vn -0.3292 -0.3128 -0.8909
vn -0.2076 -0.2213 -0.9528
vn -0.2684 -0.7993 -0.5376
vn -0.3326 -0.7886 -0.5172
vn 0.6566 -0.7489 -0.0898
vn 0.5945 -0.6977 -0.3997
vn 0.5029 -0.5828 -0.6384
vn 0.5196 -0.6607 -0.5418
vn 0.4028 -0.5722 -0.7144
vn 0.6864 -0.7231 0.0768
vn -0.4073 0.2193 -0.8866
vn -0.2855 -0.2398 -0.9279
vn -0.2441 -0.1903 -0.9509
vn -0.3744 -0.2656 -0.8884
vn -0.5711 -0.6631 -0.4839
vn -0.3849 -0.4748 -0.7914
vn -0.242 -0.2804 -0.9289
vn 0.1476 -0.6957 -0.703
vn 0.0982 -0.5257 -0.845
vn 0.1052 -0.7205 -0.6854
vn 0.3131 -0.793 -0.5226
vn 0.8604 -0.5003 0.0972
vn 0.837 -0.4117 -0.3605
vn 0.8991 -0.4286 0.0894
vn -0.389 -0.0004 -0.9212
vn -0.3074 0.0141 -0.9515
vn -0.4504 0.0257 -0.8924
vn -0.311 -0.0431 -0.9494
vn -0.3499 -0.0636 -0.9346
vn -0.3489 -0.1191 -0.9296
vn -0.2878 -0.0868 -0.9538
vn -0.4492 -0.1035 -0.8874
vn -0.5976 -0.7265 -0.3394
vn 0.823 -0.5625 0.0796
vn 0.5401 -0.3816 -0.7501
vn 0.7761 -0.6194 0.1185
vn 0.8649 -0.345 -0.3647
vn 0.8806 -0.3072 -0.3609
vn 0.6643 0.7419 0.0911
vn 0.467 0.4726 -0.7474
vn 0.7504 0.6555 0.0852
vn 0.7212 0.5813 -0.3768
vn -0.3031 -0.6846 -0.6629
vn -0.316 -0.6575 -0.684
vn -0.4465 -0.7464 -0.4935
vn -0.1552 -0.5547 -0.8175
vn -0.2062 -0.8206 -0.533
vn 0.0612 -0.922 -0.3823
vn 0.0142 -0.579 -0.8152
vn 0.0221 -0.8509 -0.5249
vn 0.9815 -0.1701 0.0883
vn 0.9758 -0.1962 0.097
vn 0.6402 -0.1774 -0.7474
vn 0.9445 -0.317 0.0865
vn 0.853 0.3582 -0.3797
vn 0.8663 0.332 -0.3734
vn -0.0754 -0.7238 -0.6859
vn -0.0937 -0.7162 -0.6916
vn -0.1355 -0.694 -0.7071
vn 0.3956 -0.5901 -0.7038
vn 0.2975 -0.4908 -0.8189
vn 0.4091 -0.7416 -0.5317
vn 0.9832 0.154 0.0982
vn 0.9113 0.1063 -0.3979
vn 0.659 0.053 -0.7503
vn 0.9581 0.0148 -0.2859
vn 0.9201 0.0261 0.3908
vn 0.895 0.2798 -0.3473
vn 0.8944 0.261 -0.3632
vn 0.9029 0.2129 -0.3734
vn 0.8416 0.3943 -0.369
vn 0.808 0.4554 -0.3739
vn 0.74 0.5592 -0.3737
vn 0.5521 0.3652 -0.7495
vn 0.8412 0.5322 0.0958
vn 0.9949 -0.0328 0.095
vn 0.9297 -0.0484 -0.3652
vn 0.9218 -0.1056 -0.3731
vn 0.503 -0.3249 -0.8009
vn 0.2715 -0.1193 -0.955
vn 0.5198 -0.4777 -0.7082
vn 0.2782 -0.1145 -0.9537
vn 0.366 -0.4739 -0.8009
vn 0.5825 -0.1387 -0.8009
vn 0.6492 -0.2773 -0.7082
vn 0.0733 0.8282 -0.5556
vn -0.4803 -0.1811 -0.8582
vn -0.0409 0.7051 -0.7079
vn -0.5165 -0.3029 -0.8009
vn -0.1686 0.8142 -0.5556
vn -0.2057 0.5627 -0.8007
vn -0.6162 -0.5096 -0.6004
vn -0.8918 0.2301 -0.3895
vn -0.4253 0.422 -0.8007
vn -0.3962 0.731 -0.5556
vn -0.5687 0.7591 -0.3169
vn 0.4161 -0.1472 -0.8973
vn 0.282 -0.0839 -0.9557
vn 0.2807 -0.5289 -0.8009
vn -0.063 -0.4424 -0.8946
vn 0.82 0.1375 -0.5556
vn 0.8313 0.0166 -0.5556
vn 0.8248 -0.1048 -0.5556
vn 0.8007 -0.2239 -0.5556
vn 0.4278 -0.7166 -0.5508
vn 0.6721 0.2171 -0.7079
vn -0.0129 -0.5986 -0.8009
vn 0.7455 0.3681 -0.5556
vn 0.1623 0.3032 -0.939
vn 0.2583 0.4439 -0.858
vn 0.1583 0.2524 -0.9546
vn 0.3203 0.4015 -0.858
vn 0.2796 0.3958 -0.8748
vn 0.2118 0.2861 -0.9345
vn 0.4321 -0.0656 -0.8994
vn 0.3715 -0.0366 -0.9277
vn 0.1229 -0.3731 -0.9196
vn 0.7238 0.5247 -0.4481
vn 0.4632 0.2211 -0.8582
vn -0.67 0.5078 -0.5416
vn -0.4874 0.1609 -0.8582
vn -0.5336 0.4235 -0.732
vn -0.6982 0.1048 -0.7082
vn -0.405 0.3785 -0.8323
vn -0.5132 -0.0107 -0.8582
vn -0.6067 0.6358 -0.4772
vn 0.2409 0.2813 -0.9289
vn 0.1082 0.101 -0.989
vn 0.2886 0.32 -0.9024
vn 0.7999 0.2262 -0.5559
vn 0.702 0.0745 -0.7082
vn 0.8295 -0.0532 -0.5559
vn -0.5839 0.4068 -0.7025
vn -0.4518 0.285 -0.8454
vn -0.6234 0.3314 -0.7082
vn -0.5283 0.2904 -0.7979
vn -0.5584 0.4319 -0.7082
vn -0.6516 0.3483 -0.6739
vn -0.4774 0.5201 -0.7082
vn -0.6418 0.3305 -0.692
vn -0.4505 0.6986 -0.5559
vn -0.3562 0.6196 -0.6994
vn -0.4462 0.6878 -0.5726
vn -0.2051 -0.0396 -0.9779
vn -0.4733 0.6647 -0.578
vn 0.2 0.792 -0.5768
vn 0.1352 0.6931 -0.708
vn 0.0486 0.2033 -0.9779
vn 0.3569 0.0323 -0.9336
vn 0.3594 0.0502 -0.9318
vn 0.058 -0.3885 -0.9196
vn 0.375 0.0729 -0.9242
vn 0.3406 0.0789 -0.9369
vn 0.4105 0.1088 -0.9053
vn 0.3558 0.1136 -0.9276
vn 0.3633 -0.0884 -0.9275
vn 0.292 -0.0633 -0.9543
vn 0.3536 -0.063 -0.9333
vn -0.1237 0.2901 -0.949
vn -0.8961 0.4392 0.0632
vn -0.8464 0.382 -0.3709
vn -0.8595 0.3473 -0.375
vn -0.9463 0.3167 0.0646
vn -0.8953 0.2428 -0.3734
vn -0.0751 0.7156 -0.6945
vn -0.0971 0.669 -0.7369
vn -0.1172 0.5645 -0.8171
vn 0.3084 0.1932 -0.9314
vn 0.3745 0.2414 -0.8953
vn 0.2959 0.219 -0.9298
vn 0.3329 0.2775 -0.9012
vn -0.9022 0.2188 -0.3716
vn -0.6524 0.1302 -0.7466
vn -0.0518 0.2181 -0.9745
vn -0.9838 0.1706 0.0549
vn -0.9207 0.1102 -0.3744
vn -0.9969 0.045 0.0642
vn -0.9305 0.0002 -0.3664
vn -0.9267 -0.026 -0.3749
vn -0.912 -0.0769 -0.4029
vn -0.9913 -0.1254 0.0403
vn -0.9733 -0.2255 0.0438
vn -0.2537 0.599 -0.7595
vn -0.3182 0.6896 -0.6506
vn -0.3754 0.7326 -0.5678
vn 0.4404 -0.0107 -0.8977
vn 0.3032 0.0054 -0.9529
vn 0.3739 0.0156 -0.9273
vn 0.5809 0.4017 -0.7079
vn 0.3333 0.2909 -0.8968
vn 0.2594 0.2569 -0.931
vn -0.4429 0.553 -0.7057
vn -0.3597 0.4275 -0.8294
vn -0.4558 0.5001 -0.7363
vn 0.1419 0.4137 -0.8993
vn 0.1909 0.4768 -0.858
vn 0.1198 0.272 -0.9548
vn 0.2209 0.4295 -0.8756
vn 0.096 0.8169 -0.5687
vn 0.0519 0.714 -0.6982
vn 0.0341 0.7071 -0.7062
vn -0.0003 0.6867 -0.7269
vn -0.0406 0.8135 -0.5801
vn 0.0333 0.3918 -0.9194
vn -0.8647 -0.4972 0.072
vn -0.7791 -0.5031 -0.3742
vn -0.1879 0.6932 -0.6958
vn -0.1871 0.63 -0.7537
vn -0.251 0.7178 -0.6494
vn -0.282 0.7443 -0.6054
vn 0.1797 0.5358 -0.825
vn 0.1888 0.5967 -0.7799
vn 0.176 0.6537 -0.736
vn 0.3043 0.1176 -0.9453
vn 0.2242 0.0991 -0.9695
vn 0.4024 0.1738 -0.8988
vn 0.4069 0.1827 -0.895
vn 0.3888 0.2101 -0.8971
vn -0.0447 0.7046 -0.7082
vn -0.9274 -0.3689 0.062
vn -0.9173 -0.393 0.0641
vn -0.9018 -0.2451 -0.356
vn -0.6332 -0.2003 -0.7476
vn -0.7522 -0.2966 -0.5884
vn -0.8331 -0.4092 -0.3722
vn -0.8773 -0.476 0.0617
vn -0.6397 -0.7656 0.0683
vn -0.6407 -0.6627 -0.3878
vn -0.6475 -0.6484 -0.4004
vn -0.5218 -0.8519 0.0438
vn -0.3748 -0.5473 -0.7483
vn -0.5999 -0.798 0.0577
vn -0.2026 -0.6086 -0.7672
vn -0.3532 -0.9342 -0.0508
vn -0.7964 -0.6016 0.0618
vn -0.7266 -0.5774 -0.3724
vn -0.6958 -0.6125 -0.3749
vn -0.4355 -0.7906 -0.4305
vn -0.4308 -0.8095 -0.3989
vn -0.4014 -0.9159 0.0064
vn 0.2833 -0.2569 -0.924
vn 0.075 0.702 -0.7082
vn 0.3062 -0.2298 -0.9238
vn -0.0457 0.8302 -0.5556
vn 0.2842 0.4198 -0.8619
vn -0.4713 0.1856 -0.8622
vn 0.6965 0.4537 -0.5559
vn 0.4895 0.2588 -0.8327
vn -0.3687 0.1015 -0.924
vn 0.6788 0.4797 -0.5559
vn 0.4994 0.499 -0.7082
vn -0.4324 0.0587 -0.8998
vn 0.4078 0.5762 -0.7082
vn -0.3049 0.0004 -0.9524
vn 0.3046 0.6369 -0.7082
vn 0.2407 0.7961 -0.5553
vn 0.3977 0.5837 -0.7079
vn 0.5772 0.5973 -0.5567
vn 0.1637 -0.2572 -0.9524
vn 0.2813 -0.3336 -0.8998
vn 0.2957 0.6416 -0.7078
vn 0.2268 0.7997 -0.5559
vn -0.4326 -0.0576 -0.8998
vn -0.421 -0.1147 -0.8998
vn 0.1832 -0.3961 -0.8998
vn 0.1447 -0.4341 -0.8892
vn 0.0848 -0.468 -0.8796
vn 0.014 -0.4362 -0.8998
vn -0.0443 -0.4341 -0.8998
vn -0.1017 -0.4244 -0.8998
vn -0.1574 -0.407 -0.8998
vn -0.2102 -0.3824 -0.8998
vn -0.2593 -0.351 -0.8998
vn -0.3038 -0.3133 -0.8998
vn -0.3428 -0.27 -0.8998
vn -0.3758 -0.2219 -0.8998
vn -0.4654 -0.1966 -0.863
vn 0.02 -0.5242 -0.8514
vn -0.0082 0.5544 -0.8322
vn 0.4445 -0.6143 -0.6519
vn 0.247 -0.3103 -0.918
vn -0.7466 0.4348 -0.5035
vn 0.273 -0.2662 -0.9244
vn -0.7728 0.4021 -0.491
vn 0.6803 -0.3086 -0.6648
vn 0.3853 -0.038 -0.922
vn 0.75 -0.0943 -0.6547
vn 0.0099 0.2621 -0.965
vn -0.7666 0.3441 -0.5421
vn 0.7647 0.1228 -0.6325
vn 0.4271 0.3304 -0.8417
vn 0.7301 0.3244 -0.6015
vn 0.6774 0.4593 -0.5746
vn 0.0825 -0.7984 -0.5964
vn -0.734 0.4937 -0.4664
vn -0.4024 -0.2573 -0.8786
vn -0.7086 0.5254 -0.471
vn -0.1119 -0.8215 -0.5591
vn -0.0476 -0.5259 -0.8492
vn -0.0033 -0.5099 -0.8602
vn 0.0692 -0.4759 -0.8768
vn -0.6962 -0.4159 -0.585
vn 0.8276 -0.3066 -0.4702
vn -0.0086 -0.4245 -0.9054
vn 0.8096 -0.3572 -0.4657
vn -0.7529 -0.2263 -0.618
vn -0.7211 0.2025 -0.6626
vn -0.4247 -0.066 -0.9029
vn 0.7712 -0.3905 -0.5028
vn -0.4274 -0.1473 -0.892
vn -0.4257 -0.2566 -0.8677
vn 0.0303 0.9072 -0.4195
vn 0.6992 -0.4646 -0.5434
vn 0.2212 0.588 -0.778
vn 0.1276 0.5662 -0.8144
vn -0.1781 0.7698 -0.6129
vn 0.2638 0.1926 -0.9452
vn 0.7741 -0.4503 -0.445
vn -0.364 0.6752 -0.6415
vn -0.1715 0.3779 -0.9098
vn -0.5308 0.5311 -0.6605
vn 0.08 -0.0156 -0.9967
vn -0.6603 0.3436 -0.6678
vn -0.5045 -0.7989 -0.3274
vn -0.5674 -0.7646 -0.3056
vn -0.6025 -0.7003 -0.3828
vn -0.6583 -0.688 -0.3055
vn -0.686 -0.619 -0.3825
vn -0.7389 -0.6006 -0.3054
vn -0.7727 -0.5437 -0.3275
vn -0.8187 -0.4862 -0.3056
vn -0.8266 -0.4128 -0.3826
vn -0.8729 -0.3804 -0.3054
vn -0.8908 -0.3149 -0.3274
vn -0.9191 -0.2489 -0.3056
vn -0.9068 -0.1765 -0.3828
vn -0.943 -0.1324 -0.3055
vn -0.9219 -0.061 -0.3825
vn -0.9521 -0.0138 -0.3054
vn -0.9223 0.0555 -0.3824
vn -0.9464 0.105 -0.3056
vn -0.9277 0.1797 -0.3272
vn -0.8945 0.3043 -0.3274
vn -0.921 0.242 -0.3054
vn -0.6897 0.6149 -0.3824
vn -0.678 0.6686 -0.3056
vn -0.6172 0.7155 -0.3272
vn -0.5731 0.7604 -0.3054
vn -0.5139 0.7929 -0.3274
vn -0.4559 0.8359 -0.3056
vn -0.3826 0.8409 -0.3827
vn -0.3482 0.8863 -0.3054
vn -0.2738 0.8825 -0.3825
vn -0.235 0.9228 -0.3054
vn -0.1606 0.9099 -0.3824
vn -0.1181 0.9448 -0.3056
vn -0.0415 0.944 -0.3272
vn 0.0211 0.952 -0.3054
vn 0.0874 0.9408 -0.3274
vn 0.1598 0.9387 -0.3056
vn 0.2205 0.8972 -0.3827
vn 0.2756 0.9115 -0.3054
vn 0.3317 0.8624 -0.3825
vn 0.3758 0.8749 -0.3054
vn 0.4371 0.813 -0.3847
vn 0.5203 0.7976 -0.3052
vn 0.5504 0.7421 -0.3826
vn 0.6062 0.7343 -0.3054
vn 0.6512 0.6846 -0.3274
vn 0.7069 0.6379 -0.3056
vn 0.7289 0.5677 -0.3827
vn 0.7809 0.5449 -0.3054
vn 0.7946 0.4715 -0.3825
vn 0.859 0.4448 -0.2533
vn 0.8541 0.3519 -0.3829
vn 0.8984 0.3155 -0.3055
vn 0.8918 0.2417 -0.3826
vn 0.9308 0.2011 -0.3054
vn 0.9353 0.1343 -0.3274
vn 0.9501 0.063 -0.3056
vn 0.9239 -0.0058 -0.3827
vn 0.9506 -0.0559 -0.3054
vn 0.9159 -0.122 -0.3825
vn 0.8885 -0.2528 -0.3829
vn 0.95 -0.1826 -0.2534
vn 0.7217 -0.5768 -0.3827
vn 0.7116 -0.6327 -0.3054
vn 0.6593 -0.6768 -0.3274
vn 0.6116 -0.7298 -0.3056
vn 0.5409 -0.7489 -0.3829
vn 0.5159 -0.8003 -0.3055
vn 0.4425 -0.8111 -0.3825
vn 0.4121 -0.8584 -0.3054
vn 0.3486 -0.8782 -0.3275
vn 0.2656 -0.8847 -0.3831
vn 0.215 -0.9277 -0.3053
vn 0.1668 -0.9375 -0.3054
vn 0.0986 -0.9397 -0.3274
vn 0.0281 -0.9518 -0.3056
vn -0.0392 -0.923 -0.3828
vn -0.0907 -0.9479 -0.3055
vn -0.1551 -0.9108 -0.3825
vn -0.2081 -0.9292 -0.3054
vn -0.2701 -0.9054 -0.3275
vn -0.3416 -0.8888 -0.3056
vn -0.3932 -0.8361 -0.3826
vn -0.4497 -0.8393 -0.3054
vn -0.0232 0.9993 0.031
vn 0.0312 0.9987 0.0391
vn -0.514 0.8569 0.039
vn -0.4312 0.9017 0.031
vn -0.3966 0.9175 0.031
vn -0.3454 0.9376 0.0391
vn -0.3004 0.953 0.0387
vn -0.2379 0.9708 0.0312
vn -0.2022 0.9786 0.0381
vn -0.1333 0.9903 0.0389
vn -0.0684 0.9969 0.0382
vn -0.6362 0.7709 0.031
vn -0.5931 0.8042 0.0391
vn -0.5575 0.8288 0.0466
vn -0.9339 0.3555 0.039
vn -0.8966 0.4419 0.031
vn -0.8791 0.4757 0.031
vn -0.8513 0.5232 0.0391
vn -0.8254 0.5631 0.0388
vn -0.7873 0.6157 0.0312
vn -0.7641 0.644 0.0382
vn -0.7172 0.6958 0.0389
vn -0.6701 0.7413 0.0383
vn -0.9767 0.2123 0.031
vn -0.9634 0.2651 0.0391
vn -0.9506 0.3069 0.0466
vn -0.9537 -0.2982 0.039
vn -0.9778 -0.2073 0.031
vn -0.985 -0.1699 0.031
vn -0.9926 -0.1153 0.0391
vn -0.9969 -0.0679 0.0388
vn -0.9995 -0.0031 0.0312
vn -0.9987 0.0336 0.0382
vn -0.9939 0.1032 0.0389
vn -0.985 0.1685 0.0383
vn -0.8328 -0.5523 0.0389
vn -0.8815 -0.4712 0.0311
vn -0.8988 -0.4373 0.031
vn -0.9211 -0.3874 0.0391
vn -0.9369 -0.3464 0.0466
vn -0.5651 -0.8241 0.039
vn -0.6401 -0.7676 0.031
vn -0.6696 -0.7417 0.0388
vn -0.7156 -0.6978 0.0312
vn -0.7414 -0.6699 0.0388
vn -0.7835 -0.6206 0.0312
vn -0.8014 -0.5964 0.0465
vn -0.3129 -0.949 0.0389
vn -0.4013 -0.9154 0.0311
vn -0.4358 -0.8995 0.031
vn -0.4842 -0.8741 0.0391
vn -0.5223 -0.8515 0.0467
vn 0.0656 -0.9971 0.039
vn -0.0283 -0.9991 0.031
vn -0.0676 -0.997 0.0388
vn -0.1308 -0.9909 0.0312
vn -0.1684 -0.9852 0.0309
vn -0.2213 -0.9744 0.0391
vn -0.2613 -0.9641 0.0465
vn 0.341 -0.9393 0.0389
vn 0.2508 -0.9675 0.0311
vn 0.2138 -0.9764 0.031
vn 0.16 -0.9863 0.0391
vn 0.1158 -0.9922 0.0467
vn 0.6682 -0.743 0.039
vn 0.5957 -0.8026 0.0309
vn 0.5634 -0.8252 0.0388
vn 0.5101 -0.8595 0.0312
vn 0.477 -0.8783 0.0309
vn 0.4287 -0.9026 0.0391
vn 0.3906 -0.9194 0.0465
vn 0.8488 -0.5272 0.0389
vn 0.7955 -0.6052 0.0311
vn 0.7719 -0.635 0.031
vn 0.7357 -0.6761 0.0391
vn 0.7043 -0.7084 0.0467
vn 0.9645 -0.2622 0.0309
vn 0.9531 -0.3001 0.0388
vn 0.9325 -0.3599 0.0312
vn 0.9181 -0.3952 0.0309
vn 0.8951 -0.4442 0.0391
vn 0.8754 -0.4812 0.0466
vn 0.9931 0.1106 0.0389
vn 0.9994 0.0165 0.0311
vn 0.9993 -0.0216 0.031
vn 0.9963 -0.0763 0.0391
vn 0.9916 -0.1236 0.0387
vn 0.9829 -0.1778 0.0469
vn 0.9201 0.3905 0.0309
vn 0.9346 0.3536 0.0388
vn 0.9553 0.2939 0.0311
vn 0.9658 0.2573 0.0309
vn 0.9781 0.2045 0.0391
vn 0.9856 0.1628 0.0466
vn 0.712 0.7011 0.0389
vn 0.7751 0.631 0.031
vn 0.7986 0.6011 0.031
vn 0.8302 0.5562 0.0391
vn 0.8557 0.516 0.0387
vn 0.8826 0.4678 0.0469
vn 0.0741 0.9962 0.0466
vn 0.126 0.9913 0.0389
vn 0.2188 0.9753 0.031
vn 0.2558 0.9662 0.031
vn 0.3084 0.9504 0.0391
vn 0.3533 0.9347 0.0387
vn 0.4126 0.9101 0.0392
vn 0.4932 0.869 0.0393
vn 0.569 0.8218 0.0311
vn 0.5998 0.7995 0.031
vn 0.6422 0.7656 0.0391
vn 0.674 0.7372 0.0466
vn 0.2731 0.8507 0.4491
vn 0.43 0.7823 0.4507
vn 0.1373 0.8829 0.4491
vn -0.0018 0.8935 0.4491
vn -0.1408 0.8823 0.4491
vn -0.3064 0.8753 0.3741
vn -0.4611 0.7652 0.4492
vn -0.5747 0.6842 0.4491
vn -0.6742 0.5864 0.4491
vn -0.7572 0.4743 0.4491
vn -0.8612 0.3443 0.3739
vn -0.8797 0.156 0.4492
vn -0.8933 0.0172 0.4491
vn -0.8851 -0.1221 0.4491
vn -0.8553 -0.2584 0.4491
vn -0.8256 -0.4229 0.3737
vn -0.6961 -0.56 0.4493
vn -0.6005 -0.6616 0.4491
vn -0.4902 -0.747 0.4491
vn -0.368 -0.8142 0.4491
vn -0.2368 -0.8615 0.4491
vn -0.0835 -0.9235 0.3743
vn 0.1033 -0.8875 0.4492
vn 0.2402 -0.8606 0.4491
vn 0.3712 -0.8127 0.4491
vn 0.4932 -0.745 0.4491
vn 0.6413 -0.6699 0.374
vn 0.7364 -0.5059 0.4492
vn 0.8062 -0.3852 0.4491
vn 0.8563 -0.255 0.4491
vn 0.8856 -0.1186 0.4491
vn 0.9265 0.0431 0.3738
vn 0.8654 0.2219 0.4492
vn 0.8204 0.3539 0.4491
vn 0.7553 0.4773 0.4491
vn 0.6718 0.589 0.4491
vn 0.572 0.6864 0.4491
vn 0 0 1
vn -0.4033 -0.9048 0.1368
vn -0.228 -0.961 0.1562
vn -0.033 -0.9889 0.1452
vn 0.1455 -0.9769 0.1562
vn 0.4149 -0.8964 0.1562
vn 0.5853 -0.7977 0.1452
vn 0.7183 -0.678 0.1562
vn 0.8802 -0.4481 0.1562
vn 0.9532 -0.2652 0.1452
vn 0.9837 -0.0889 0.1562
vn 0.9689 0.1918 0.1562
vn 0.9132 0.3808 0.1452
vn 0.8282 0.5382 0.1562
vn 0.643 0.7497 0.1562
vn 0.3183 0.935 0.1562
vn 0.042 0.9868 0.1562
vn -0.2469 0.9581 0.1452
vn -0.3278 0.9317 0.1562
vn -0.577 0.8017 0.1562
vn -0.7864 0.6005 0.1452
vn -0.8336 0.5298 0.1562
vn -0.9491 0.2735 0.1562
vn -0.9893 -0.0141 0.1452
vn -0.9828 -0.0989 0.1562
vn -0.9151 -0.3717 0.1562
vn -0.7689 -0.6226 0.1452
vn -0.7063 -0.6929 0.1452
vn -0.377 -0.2549 0.8904
vn -0.2472 -0.1694 0.954
vn -0.2722 -0.149 0.9506
vn -0.1122 -0.2692 0.9565
vn 0.0514 -0.2952 0.954
vn 0.13 -0.261 0.9565
vn 0.2029 -0.2205 0.954
vn 0.2505 -0.1493 0.9565
vn 0.2472 0.1694 0.954
vn 0.1835 0.2267 0.9565
vn 0.1163 0.2762 0.954
vn 0.0338 0.2977 0.954
vn -0.0514 0.2952 0.954
vn -0.1325 0.2688 0.954
vn -0.1983 0.2139 0.9565
vn -0.2899 0.0759 0.954
vn -0.2995 -0.0089 0.954
vn -0.2849 -0.0929 0.954
vn -0.1894 -0.2322 0.954
vn -0.2505 0.1493 0.9565
vn 0.2915 0.0098 0.9565
vn 0.2824 -0.0727 0.9565
vn -0.2391 -0.1978 0.9506
vn -0.351 -0.2896 0.8905
vn -0.4543 -0.3743 0.8084
vn -0.2192 -0.2197 0.9506
vn -0.3219 -0.3217 0.8905
vn -0.4167 -0.4157 0.8084
vn -0.5012 -0.4996 0.7065
vn -0.2899 -0.3508 0.8904
vn -0.3753 -0.4535 0.8084
vn -0.4515 -0.545 0.7065
vn -0.5166 -0.6232 0.5872
vn -0.1737 -0.2572 0.9506
vn -0.2552 -0.3768 0.8904
vn -0.3305 -0.4871 0.8084
vn -0.3976 -0.5855 0.7065
vn -0.455 -0.6694 0.5872
vn -0.5012 -0.737 0.4535
vn -0.1485 -0.2725 0.9506
vn -0.2183 -0.3993 0.8905
vn -0.2827 -0.5163 0.8084
vn -0.3402 -0.6206 0.7065
vn -0.3893 -0.7097 0.5872
vn -0.4289 -0.7813 0.4535
vn -0.4579 -0.8337 0.3087
vn -0.1793 -0.4183 0.8905
vn -0.2323 -0.5408 0.8084
vn -0.2796 -0.6501 0.7065
vn -0.3201 -0.7435 0.5872
vn -0.3527 -0.8185 0.4535
vn -0.3766 -0.8734 0.3087
vn -0.5351 -0.7864 0.3087
vn -0.5558 -0.8165 0.1563
vn -0.4895 -0.8579 0.1562
vn -0.6372 -0.7569 0.1452
vn -0.6074 -0.732 0.3087
vn -0.569 -0.686 0.4535
vn -0.8763 -0.4619 0.1368
vn -0.8753 -0.3723 0.3087
vn -0.8359 -0.4538 0.3087
vn -0.8201 -0.349 0.4535
vn -0.7832 -0.4254 0.4535
vn -0.7447 -0.3172 0.5872
vn -0.7112 -0.3865 0.5872
vn -0.651 -0.2775 0.7065
vn -0.6217 -0.3382 0.7065
vn -0.5414 -0.2311 0.8084
vn -0.5169 -0.2815 0.8084
vn -0.4184 -0.179 0.8905
vn -0.3995 -0.2179 0.8904
vn -0.2852 -0.1224 0.9506
vn -0.3032 -0.0663 0.9506
vn -0.3081 -0.0371 0.9506
vn -0.4447 -0.0965 0.8905
vn -0.4519 -0.0538 0.8905
vn -0.5753 -0.1245 0.8084
vn -0.5845 -0.0692 0.8084
vn -0.6918 -0.1493 0.7065
vn -0.7028 -0.0829 0.7065
vn -0.7913 -0.1705 0.5872
vn -0.8039 -0.0945 0.5872
vn -0.8713 -0.1875 0.4535
vn -0.8852 -0.1038 0.4535
vn -0.9299 -0.1999 0.3087
vn -0.9447 -0.1106 0.3087
vn -0.971 -0.1963 0.1368
vn -0.3061 0.0512 0.9506
vn -0.4487 0.0757 0.8905
vn -0.4395 0.118 0.8905
vn -0.5804 0.0983 0.8084
vn -0.5684 0.153 0.8084
vn -0.6977 0.1185 0.7065
vn -0.6833 0.1843 0.7065
vn -0.798 0.1358 0.5872
vn -0.7814 0.211 0.5872
vn -0.8786 0.1497 0.4535
vn -0.8604 0.2326 0.4535
vn -0.9376 0.16 0.3087
vn -0.9181 0.2484 0.3087
vn -0.9744 0.1786 0.1368
vn -0.8846 0.4459 0.1368
vn -0.811 0.497 0.3087
vn -0.8545 0.4177 0.3087
vn -0.76 0.4656 0.4535
vn -0.8008 0.3912 0.4535
vn -0.6903 0.4226 0.5872
vn -0.7274 0.3551 0.5872
vn -0.6037 0.3693 0.7065
vn -0.6361 0.3103 0.7065
vn -0.5023 0.3069 0.8084
vn -0.5292 0.2578 0.8084
vn -0.3885 0.237 0.8905
vn -0.4093 0.199 0.8905
vn -0.2938 0.1397 0.9456
vn -0.1862 0.2483 0.9506
vn -0.306 0.3369 0.8905
vn -0.2726 0.3644 0.8905
vn -0.3954 0.436 0.8084
vn -0.3522 0.4716 0.8084
vn -0.4752 0.5244 0.7065
vn -0.4232 0.5672 0.7065
vn -0.5433 0.6 0.5872
vn -0.4838 0.6489 0.5872
vn -0.598 0.6608 0.4535
vn -0.5325 0.7147 0.4535
vn -0.6381 0.7054 0.3087
vn -0.5681 0.7628 0.3087
vn -0.6555 0.7427 0.1368
vn -0.1087 0.2907 0.9506
vn -0.1987 0.4094 0.8905
vn -0.1589 0.4265 0.8905
vn -0.2566 0.5298 0.8084
vn -0.2051 0.5517 0.8084
vn -0.3082 0.6371 0.7065
vn -0.2463 0.6635 0.7065
vn -0.3523 0.7288 0.5872
vn -0.2814 0.7589 0.5872
vn -0.3876 0.8025 0.4535
vn -0.3096 0.8357 0.4535
vn -0.4135 0.8566 0.3087
vn -0.3302 0.892 0.3087
vn -0.4197 0.8973 0.1368
vn -0.0224 0.3095 0.9506
vn 0.0071 0.3103 0.9506
vn -0.0323 0.4539 0.8905
vn 0.011 0.4549 0.8905
vn -0.0413 0.5872 0.8084
vn 0.0147 0.5884 0.8084
vn -0.0494 0.706 0.7065
vn 0.018 0.7075 0.7065
vn -0.0562 0.8075 0.5872
vn 0.0208 0.8092 0.5872
vn -0.0616 0.8891 0.4535
vn 0.0232 0.8909 0.4535
vn -0.0655 0.9489 0.3087
vn 0.025 0.9508 0.3087
vn -0.0561 0.989 0.1368
vn 0.0657 0.3033 0.9506
vn 0.0942 0.2957 0.9506
vn 0.0969 0.4446 0.8905
vn 0.1387 0.4334 0.8905
vn 0.1258 0.575 0.8084
vn 0.1799 0.5605 0.8084
vn 0.1515 0.6913 0.7065
vn 0.2166 0.6738 0.7065
vn 0.1736 0.7906 0.5872
vn 0.248 0.7705 0.5872
vn 0.1914 0.8705 0.4535
vn 0.2733 0.8483 0.4535
vn 0.2045 0.9289 0.3087
vn 0.2918 0.9053 0.3087
vn 0.2248 0.9648 0.1368
vn 0.5673 0.8121 0.1368
vn 0.6074 0.732 0.3087
vn 0.5351 0.7864 0.3087
vn 0.569 0.686 0.4535
vn 0.5012 0.737 0.4535
vn 0.5166 0.6232 0.5872
vn 0.455 0.6694 0.5872
vn 0.4515 0.545 0.7065
vn 0.3976 0.5855 0.7065
vn 0.3753 0.4535 0.8084
vn 0.3305 0.4871 0.8084
vn 0.2899 0.3508 0.8905
vn 0.2552 0.3768 0.8905
vn 0.18 0.2709 0.9456
vn 0.2391 0.1978 0.9506
vn 0.351 0.2896 0.8905
vn 0.377 0.2549 0.8905
vn 0.4543 0.3743 0.8084
vn 0.4878 0.3294 0.8084
vn 0.5465 0.4497 0.7065
vn 0.5867 0.3957 0.7065
vn 0.6252 0.5141 0.5872
vn 0.6712 0.4524 0.5872
vn 0.6885 0.5659 0.4535
vn 0.7392 0.4979 0.4535
vn 0.7349 0.6038 0.3087
vn 0.789 0.5312 0.3087
vn 0.7731 0.6194 0.1368
vn 0.2849 0.0929 0.954
vn 0.3032 0.0663 0.9506
vn 0.4335 0.1384 0.8905
vn 0.4447 0.0965 0.8905
vn 0.5609 0.1786 0.8084
vn 0.5753 0.1245 0.8084
vn 0.6745 0.2144 0.7065
vn 0.6918 0.1493 0.7065
vn 0.7715 0.245 0.5872
vn 0.7913 0.1705 0.5872
vn 0.8495 0.2695 0.4535
vn 0.8713 0.1875 0.4535
vn 0.9067 0.2874 0.3087
vn 0.9299 0.1999 0.3087
vn 0.9479 0.2877 0.1368
vn 0.3096 -0.0218 0.9506
vn 0.455 0.0106 0.8904
vn 0.4539 -0.0327 0.8905
vn 0.5885 0.0133 0.8084
vn 0.5871 -0.0427 0.8084
vn 0.7075 0.0157 0.7065
vn 0.7058 -0.0516 0.7065
vn 0.8092 0.0177 0.5872
vn 0.8072 -0.0593 0.5872
vn 0.891 0.0192 0.4535
vn 0.8888 -0.0656 0.4535
vn 0.9509 0.0203 0.3087
vn 0.9486 -0.0702 0.3087
vn 0.9906 0.009 0.1368
vn 0.2909 -0.1082 0.9506
vn 0.2938 -0.1397 0.9456
vn 0.4263 -0.1592 0.8905
vn 0.4093 -0.199 0.8905
vn 0.5513 -0.2063 0.8084
vn 0.5292 -0.2578 0.8084
vn 0.6627 -0.2484 0.7065
vn 0.6361 -0.3103 0.7065
vn 0.7578 -0.2843 0.5872
vn 0.7274 -0.3551 0.5872
vn 0.8344 -0.3133 0.4535
vn 0.8008 -0.3912 0.4535
vn 0.8904 -0.3346 0.3087
vn 0.8545 -0.4177 0.3087
vn 0.9229 -0.3598 0.1368
vn 0.2486 -0.1857 0.9506
vn 0.2298 -0.2085 0.9506
vn 0.3642 -0.2729 0.8905
vn 0.3366 -0.3063 0.8905
vn 0.4708 -0.3533 0.8084
vn 0.4351 -0.3964 0.8084
vn 0.5659 -0.425 0.7065
vn 0.5229 -0.4769 0.7065
vn 0.647 -0.4863 0.5872
vn 0.5979 -0.5456 0.5872
vn 0.7123 -0.5357 0.4535
vn 0.6581 -0.601 0.4535
vn 0.76 -0.5719 0.3087
vn 0.7022 -0.6415 0.3087
vn 0.7842 -0.6053 0.1368
vn 0.5031 -0.8534 0.1368
vn 0.4135 -0.8566 0.3087
vn 0.4931 -0.8134 0.3087
vn 0.3876 -0.8025 0.4535
vn 0.4622 -0.762 0.4535
vn 0.3523 -0.7288 0.5872
vn 0.4199 -0.692 0.5872
vn 0.3082 -0.6371 0.7065
vn 0.3674 -0.6049 0.7065
vn 0.2566 -0.5298 0.8084
vn 0.3058 -0.503 0.8084
vn 0.1987 -0.4094 0.8905
vn 0.2367 -0.3887 0.8905
vn 0.1716 -0.2763 0.9456
vn 0.0806 -0.2997 0.9506
vn 0.1176 -0.4396 0.8905
vn 0.0753 -0.4488 0.8905
vn 0.1517 -0.5687 0.8084
vn 0.0969 -0.5806 0.8084
vn 0.1821 -0.6839 0.7065
vn 0.1162 -0.6981 0.7065
vn 0.208 -0.7823 0.5872
vn 0.1327 -0.7985 0.5872
vn 0.2288 -0.8614 0.4535
vn 0.1458 -0.8792 0.4535
vn 0.2439 -0.9194 0.3087
vn 0.1554 -0.9384 0.3087
vn 0.2423 -0.9605 0.1368
vn -0.0338 -0.2977 0.954
vn -0.0657 -0.3033 0.9506
vn -0.0542 -0.4518 0.8905
vn -0.0969 -0.4446 0.8905
vn -0.0705 -0.5844 0.8084
vn -0.1258 -0.575 0.8084
vn -0.0852 -0.7026 0.7065
vn -0.1515 -0.6913 0.7065
vn -0.0977 -0.8035 0.5872
vn -0.1736 -0.7906 0.5872
vn -0.1078 -0.8847 0.4535
vn -0.1914 -0.8705 0.4535
vn -0.1152 -0.9442 0.3087
vn -0.2045 -0.9289 0.3087
vn -0.1321 -0.9818 0.1368
vn -0.6742 -0.6709 0.3087
vn -0.6316 -0.6288 0.4535
vn -0.5735 -0.5712 0.5872
vn -0.7349 -0.6038 0.3087
vn -0.6885 -0.5659 0.4535
vn -0.6252 -0.5141 0.5872
vn -0.5465 -0.4497 0.7065
vn -0.8194 -0.5514 0.1563
vn -0.789 -0.5312 0.3087
vn -0.7392 -0.4979 0.4535
vn -0.6712 -0.4524 0.5872
vn -0.5867 -0.3957 0.7065
vn -0.4878 -0.3294 0.8084
vn -0.9416 -0.2982 0.1563
vn -0.9067 -0.2874 0.3087
vn -0.8495 -0.2695 0.4535
vn -0.7715 -0.245 0.5872
vn -0.6745 -0.2144 0.7065
vn -0.5609 -0.1786 0.8084
vn -0.4335 -0.1384 0.8905
vn -0.9509 -0.0203 0.3087
vn -0.891 -0.0192 0.4535
vn -0.8092 -0.0177 0.5872
vn -0.7075 -0.0157 0.7065
vn -0.5885 -0.0133 0.8084
vn -0.455 -0.0106 0.8905
vn -0.985 0.0731 0.1563
vn -0.9486 0.0702 0.3087
vn -0.8888 0.0656 0.4535
vn -0.8073 0.0593 0.5872
vn -0.7058 0.0516 0.7065
vn -0.5871 0.0427 0.8084
vn -0.4539 0.0327 0.8905
vn -0.3096 0.0218 0.9506
vn -0.9245 0.3476 0.1563
vn -0.8904 0.3346 0.3087
vn -0.8344 0.3133 0.4535
vn -0.7578 0.2843 0.5872
vn -0.6627 0.2484 0.7065
vn -0.5513 0.2063 0.8084
vn -0.4263 0.1592 0.8905
vn -0.2909 0.1082 0.9506
vn -0.76 0.5719 0.3087
vn -0.7123 0.5357 0.4535
vn -0.647 0.4863 0.5872
vn -0.5659 0.425 0.7065
vn -0.4708 0.3533 0.8084
vn -0.3642 0.2729 0.8905
vn -0.2486 0.1857 0.9506
vn -0.7291 0.6663 0.1563
vn -0.7022 0.6415 0.3087
vn -0.6581 0.601 0.4535
vn -0.5979 0.5456 0.5872
vn -0.5229 0.4769 0.7065
vn -0.4351 0.3964 0.8084
vn -0.3366 0.3063 0.8905
vn -0.2425 0.2168 0.9456
vn -0.5118 0.8448 0.1563
vn -0.4931 0.8134 0.3087
vn -0.4622 0.762 0.4535
vn -0.4199 0.692 0.5872
vn -0.3674 0.6049 0.7065
vn -0.3058 0.503 0.8084
vn -0.2367 0.3887 0.8905
vn -0.1618 0.2648 0.9506
vn -0.2439 0.9194 0.3087
vn -0.2288 0.8614 0.4535
vn -0.208 0.7823 0.5872
vn -0.1821 0.6839 0.7065
vn -0.1517 0.5687 0.8084
vn -0.1176 0.4396 0.8905
vn -0.0806 0.2997 0.9506
vn -0.1612 0.9745 0.1563
vn -0.1554 0.9384 0.3087
vn -0.1458 0.8792 0.4535
vn -0.1327 0.7985 0.5872
vn -0.1162 0.6981 0.7065
vn -0.0969 0.5806 0.8084
vn -0.0753 0.4488 0.8905
vn 0.1199 0.9804 0.1563
vn 0.1152 0.9442 0.3087
vn 0.1078 0.8847 0.4535
vn 0.0977 0.8035 0.5872
vn 0.0852 0.7026 0.7065
vn 0.0705 0.5844 0.8084
vn 0.0542 0.4518 0.8905
vn 0.3912 0.9069 0.1563
vn 0.3766 0.8734 0.3087
vn 0.3527 0.8185 0.4535
vn 0.3201 0.7435 0.5872
vn 0.2796 0.6501 0.7065
vn 0.2323 0.5408 0.8084
vn 0.1793 0.4183 0.8905
vn 0.1485 0.2725 0.9506
vn 0.2183 0.3993 0.8904
vn 0.2827 0.5163 0.8084
vn 0.3402 0.6206 0.7065
vn 0.3893 0.7097 0.5872
vn 0.4289 0.7813 0.4535
vn 0.4579 0.8337 0.3087
vn 0.4757 0.8656 0.1563
vn 0.7003 0.6966 0.1563
vn 0.6742 0.6709 0.3087
vn 0.6316 0.6288 0.4535
vn 0.5735 0.5712 0.5872
vn 0.5012 0.4996 0.7065
vn 0.4167 0.4157 0.8084
vn 0.3219 0.3217 0.8905
vn 0.2192 0.2197 0.9506
vn 0.8682 0.4711 0.1563
vn 0.8359 0.4538 0.3087
vn 0.7832 0.4254 0.4535
vn 0.7112 0.3865 0.5872
vn 0.6217 0.3382 0.7065
vn 0.5169 0.2815 0.8084
vn 0.3995 0.2179 0.8905
vn 0.2722 0.149 0.9506
vn 0.2852 0.1224 0.9506
vn 0.4184 0.179 0.8905
vn 0.5414 0.2311 0.8084
vn 0.651 0.2775 0.7065
vn 0.7447 0.3172 0.5872
vn 0.8201 0.349 0.4535
vn 0.8753 0.3723 0.3087
vn 0.981 0.1147 0.1563
vn 0.9447 0.1106 0.3087
vn 0.8852 0.1038 0.4535
vn 0.8039 0.0945 0.5872
vn 0.7028 0.0829 0.7065
vn 0.5845 0.0692 0.8084
vn 0.4519 0.0538 0.8904
vn 0.3226 0.0413 0.9456
vn 0.9736 -0.1664 0.1563
vn 0.9376 -0.16 0.3087
vn 0.8786 -0.1497 0.4535
vn 0.798 -0.1358 0.5872
vn 0.6977 -0.1185 0.7065
vn 0.5804 -0.0983 0.8084
vn 0.4487 -0.0757 0.8905
vn 0.3212 -0.0512 0.9456
vn 0.4395 -0.118 0.8905
vn 0.5684 -0.153 0.8084
vn 0.6833 -0.1843 0.7065
vn 0.7814 -0.211 0.5872
vn 0.8604 -0.2326 0.4535
vn 0.9181 -0.2484 0.3087
vn 0.842 -0.5163 0.1563
vn 0.811 -0.497 0.3087
vn 0.76 -0.4656 0.4535
vn 0.6903 -0.4226 0.5872
vn 0.6037 -0.3693 0.7065
vn 0.5023 -0.3069 0.8084
vn 0.3885 -0.237 0.8905
vn 0.6625 -0.7326 0.1563
vn 0.6381 -0.7054 0.3087
vn 0.598 -0.6608 0.4535
vn 0.5433 -0.6 0.5872
vn 0.4752 -0.5244 0.7065
vn 0.3954 -0.436 0.8084
vn 0.306 -0.3369 0.8905
vn 0.1862 -0.2483 0.9506
vn 0.2726 -0.3644 0.8905
vn 0.3522 -0.4716 0.8084
vn 0.4232 -0.5672 0.7065
vn 0.4838 -0.6489 0.5872
vn 0.5325 -0.7147 0.4535
vn 0.5681 -0.7628 0.3087
vn 0.3427 -0.9264 0.1563
vn 0.3302 -0.892 0.3087
vn 0.3096 -0.8357 0.4535
vn 0.2814 -0.7589 0.5872
vn 0.2463 -0.6635 0.7065
vn 0.2051 -0.5517 0.8084
vn 0.1589 -0.4265 0.8904
vn 0.1087 -0.2907 0.9506
vn 0.0678 -0.9854 0.1563
vn 0.0655 -0.9489 0.3087
vn 0.0616 -0.8891 0.4535
vn 0.0562 -0.8075 0.5872
vn 0.0494 -0.706 0.7065
vn 0.0413 -0.5872 0.8084
vn 0.0323 -0.4539 0.8905
vn 0.0224 -0.3095 0.9506
vn -0.0071 -0.3103 0.9506
vn -0.011 -0.4549 0.8905
vn -0.0147 -0.5884 0.8084
vn -0.018 -0.7075 0.7065
vn -0.0208 -0.8092 0.5872
vn -0.0232 -0.8909 0.4535
vn -0.025 -0.9508 0.3087
vn -0.3032 -0.94 0.1563
vn -0.2918 -0.9053 0.3087
vn -0.2733 -0.8483 0.4535
vn -0.248 -0.7705 0.5872
vn -0.2166 -0.6738 0.7065
vn -0.1799 -0.5605 0.8084
vn -0.1387 -0.4334 0.8905
vn -0.0964 -0.3106 0.9456
vn -0.5714 -0.8091 -0.137
vn -0.6745 -0.7239 -0.1453
vn -0.766 -0.6235 -0.1564
vn -0.828 -0.5385 -0.1564
vn -0.895 -0.4246 -0.137
vn -0.9429 -0.2998 -0.1453
vn -0.9734 -0.1674 -0.1564
vn -0.9857 -0.0629 -0.1564
vn -0.9882 0.0692 -0.137
vn -0.9686 0.2015 -0.1453
vn -0.9303 0.3318 -0.1564
vn -0.8897 0.4289 -0.1564
vn -0.827 0.5452 -0.137
vn -0.7451 0.6509 -0.1453
vn -0.6477 0.7456 -0.1564
vn -0.5647 0.8103 -0.1564
vn -0.4531 0.8809 -0.137
vn -0.3298 0.9328 -0.1453
vn -0.1985 0.9675 -0.1564
vn -0.0944 0.9832 -0.1564
vn 0.0375 0.9899 -0.137
vn 0.1704 0.9746 -0.1453
vn 0.3018 0.9404 -0.1564
vn 0.412 0.8995 -0.1453
vn 0.5124 0.8444 -0.1564
vn 0.6221 0.7709 -0.137
vn 0.7245 0.6713 -0.1564
vn 0.8004 0.5816 -0.1453
vn 0.8608 0.4843 -0.1564
vn 0.9203 0.3664 -0.137
vn 0.9607 0.2294 -0.1564
vn 0.9828 0.114 -0.1453
vn 0.9877 -0.0004 -0.1564
vn 0.9817 -0.1324 -0.137
vn 0.9496 -0.2715 -0.1564
vn 0.9123 -0.383 -0.1453
vn 0.8604 -0.485 -0.1564
vn 0.7904 -0.5971 -0.137
vn 0.6942 -0.7026 -0.1564
vn 0.607 -0.7813 -0.1453
vn 0.5117 -0.8448 -0.1564
vn 0.3957 -0.9081 -0.137
vn 0.2601 -0.9528 -0.1564
vn 0.1454 -0.9786 -0.1453
vn 0.0313 -0.9872 -0.1564
vn -0.1008 -0.9854 -0.137
vn -0.241 -0.9578 -0.1564
vn -0.3535 -0.9241 -0.1453
vn -0.4572 -0.8755 -0.1564
vn -0.3483 -0.885 -0.309
vn -0.2323 -0.9223 -0.309
vn -0.1125 -0.9444 -0.309
vn 0.0092 -0.951 -0.309
vn 0.1308 -0.942 -0.309
vn 0.2502 -0.9176 -0.309
vn 0.3654 -0.878 -0.309
vn 0.4747 -0.8241 -0.309
vn 0.5762 -0.7566 -0.309
vn 0.6682 -0.6767 -0.309
vn 0.7493 -0.5857 -0.309
vn 0.818 -0.4851 -0.309
vn 0.8734 -0.3765 -0.309
vn 0.9143 -0.2617 -0.309
vn 0.9403 -0.1427 -0.309
vn 0.9508 -0.0212 -0.309
vn 0.9457 0.1005 -0.309
vn 0.9251 0.2206 -0.309
vn 0.8893 0.3371 -0.309
vn 0.8389 0.4481 -0.309
vn 0.7747 0.5517 -0.309
vn 0.6978 0.6462 -0.309
vn 0.6094 0.7301 -0.309
vn 0.5111 0.8021 -0.309
vn 0.4043 0.8608 -0.309
vn 0.2909 0.9055 -0.309
vn 0.1727 0.9352 -0.309
vn 0.0517 0.9496 -0.309
vn -0.0702 0.9485 -0.309
vn -0.1909 0.9317 -0.309
vn -0.3084 0.8996 -0.309
vn -0.4209 0.8528 -0.309
vn -0.5266 0.792 -0.309
vn -0.6235 0.7182 -0.309
vn -0.7102 0.6325 -0.309
vn -0.7853 0.5365 -0.309
vn -0.8474 0.4317 -0.309
vn -0.8957 0.3198 -0.309
vn -0.9292 0.2026 -0.309
vn -0.9475 0.0821 -0.309
vn -0.9502 -0.0397 -0.309
vn -0.9373 -0.1609 -0.309
vn -0.9091 -0.2794 -0.309
vn -0.8659 -0.3934 -0.309
vn -0.8085 -0.5009 -0.309
vn -0.7378 -0.6002 -0.309
vn -0.655 -0.6896 -0.309
vn -0.5614 -0.7677 -0.309
vn -0.4586 -0.8332 -0.309
vn -0.3266 -0.829 -0.454
vn -0.2179 -0.8639 -0.454
vn -0.1056 -0.8847 -0.454
vn 0.0084 -0.891 -0.454
vn 0.1222 -0.8826 -0.454
vn 0.2341 -0.8597 -0.454
vn 0.3421 -0.8227 -0.454
vn 0.4445 -0.7722 -0.454
vn 0.5396 -0.709 -0.454
vn 0.6258 -0.6342 -0.454
vn 0.7018 -0.549 -0.454
vn 0.7662 -0.4547 -0.454
vn 0.8181 -0.353 -0.454
vn 0.8565 -0.2455 -0.454
vn 0.8809 -0.1339 -0.454
vn 0.8908 -0.0202 -0.454
vn 0.886 0.0939 -0.454
vn 0.8668 0.2064 -0.454
vn 0.8332 0.3156 -0.454
vn 0.7861 0.4195 -0.454
vn 0.7259 0.5166 -0.454
vn 0.6539 0.6052 -0.454
vn 0.5712 0.6838 -0.454
vn 0.479 0.7513 -0.454
vn 0.379 0.8064 -0.454
vn 0.2728 0.8482 -0.454
vn 0.1621 0.8761 -0.454
vn 0.0487 0.8897 -0.454
vn -0.0654 0.8886 -0.454
vn -0.1785 0.8729 -0.454
vn -0.2887 0.8429 -0.454
vn -0.3941 0.7991 -0.454
vn -0.4931 0.7421 -0.454
vn -0.5839 0.673 -0.454
vn -0.6652 0.5928 -0.454
vn -0.7355 0.5029 -0.454
vn -0.7938 0.4047 -0.454
vn -0.839 0.2998 -0.454
vn -0.8705 0.1901 -0.454
vn -0.8877 0.0772 -0.454
vn -0.8902 -0.0369 -0.454
vn -0.8782 -0.1505 -0.454
vn -0.8518 -0.2615 -0.454
vn -0.8113 -0.3683 -0.454
vn -0.7576 -0.469 -0.454
vn -0.6914 -0.5621 -0.454
vn -0.6138 -0.6459 -0.454
vn -0.5262 -0.719 -0.454
vn -0.4299 -0.7804 -0.454
vn -0.2968 -0.7526 -0.5878
vn -0.1981 -0.7844 -0.5878
vn -0.0962 -0.8033 -0.5878
vn 0.0073 -0.809 -0.5878
vn 0.1107 -0.8014 -0.5878
vn 0.2123 -0.7807 -0.5878
vn 0.3104 -0.7471 -0.5878
vn 0.4034 -0.7013 -0.5878
vn 0.4897 -0.644 -0.5878
vn 0.568 -0.576 -0.5878
vn 0.637 -0.4987 -0.5878
vn 0.6956 -0.4131 -0.5878
vn 0.7427 -0.3208 -0.5878
vn 0.7776 -0.2232 -0.5878
vn 0.7998 -0.1219 -0.5878
vn 0.8088 -0.0186 -0.5878
vn 0.8045 0.085 -0.5878
vn 0.7871 0.1871 -0.5878
vn 0.7567 0.2863 -0.5878
vn 0.7139 0.3807 -0.5878
vn 0.6593 0.4688 -0.5878
vn 0.594 0.5493 -0.5878
vn 0.5188 0.6207 -0.5878
vn 0.4352 0.682 -0.5878
vn 0.3444 0.732 -0.5878
vn 0.248 0.7701 -0.5878
vn 0.1475 0.7955 -0.5878
vn 0.0445 0.8078 -0.5878
vn -0.0591 0.8068 -0.5878
vn -0.1618 0.7927 -0.5878
vn -0.2619 0.7655 -0.5878
vn -0.3576 0.7257 -0.5878
vn -0.4475 0.674 -0.5878
vn -0.53 0.6113 -0.5878
vn -0.6038 0.5385 -0.5878
vn -0.6677 0.4568 -0.5878
vn -0.7206 0.3677 -0.5878
vn -0.7617 0.2725 -0.5878
vn -0.7903 0.1729 -0.5878
vn -0.8059 0.0704 -0.5878
vn -0.8083 -0.0332 -0.5878
vn -0.7974 -0.1363 -0.5878
vn -0.7735 -0.2372 -0.5878
vn -0.7368 -0.3341 -0.5878
vn -0.688 -0.4256 -0.5878
vn -0.6279 -0.5101 -0.5878
vn -0.5575 -0.5862 -0.5878
vn -0.478 -0.6527 -0.5878
vn -0.3906 -0.7085 -0.5878
vn -0.2597 -0.6577 -0.7071
vn -0.1735 -0.6855 -0.7071
vn -0.0844 -0.702 -0.7071
vn 0.0061 -0.7071 -0.7071
vn 0.0964 -0.7005 -0.7071
vn 0.1852 -0.6824 -0.7071
vn 0.271 -0.6531 -0.7071
vn 0.3523 -0.6131 -0.7071
vn 0.4278 -0.563 -0.7071
vn 0.4963 -0.5037 -0.7071
vn 0.5566 -0.4361 -0.7071
vn 0.6078 -0.3614 -0.7071
vn 0.649 -0.2807 -0.7071
vn 0.6796 -0.1954 -0.7071
vn 0.699 -0.1069 -0.7071
vn 0.7069 -0.0166 -0.7071
vn 0.7032 0.0739 -0.7071
vn 0.688 0.1633 -0.7071
vn 0.6615 0.2499 -0.7071
vn 0.6241 0.3324 -0.7071
vn 0.5765 0.4095 -0.7071
vn 0.5194 0.4799 -0.7071
vn 0.4537 0.5423 -0.7071
vn 0.3806 0.5959 -0.7071
vn 0.3013 0.6397 -0.7071
vn 0.217 0.673 -0.7071
vn 0.1292 0.6952 -0.7071
vn 0.0392 0.706 -0.7071
vn -0.0514 0.7052 -0.7071
vn -0.1411 0.6929 -0.7071
vn -0.2286 0.6691 -0.7071
vn -0.3123 0.6344 -0.7071
vn -0.3908 0.5893 -0.7071
vn -0.463 0.5345 -0.7071
vn -0.5275 0.4709 -0.7071
vn -0.5834 0.3996 -0.7071
vn -0.6297 0.3217 -0.7071
vn -0.6657 0.2385 -0.7071
vn -0.6907 0.1514 -0.7071
vn -0.7044 0.0619 -0.7071
vn -0.7065 -0.0287 -0.7071
vn -0.697 -0.1188 -0.7071
vn -0.6761 -0.207 -0.7071
vn -0.6441 -0.2918 -0.7071
vn -0.6015 -0.3717 -0.7071
vn -0.549 -0.4456 -0.7071
vn -0.4875 -0.5121 -0.7071
vn -0.418 -0.5703 -0.7071
vn -0.3417 -0.6191 -0.7071
vn -0.2162 -0.5466 -0.809
vn -0.1446 -0.5697 -0.809
vn -0.0705 -0.5835 -0.809
vn 0.0047 -0.5878 -0.809
vn 0.0798 -0.5823 -0.809
vn 0.1536 -0.5674 -0.809
vn 0.2249 -0.5431 -0.809
vn 0.2925 -0.5098 -0.809
vn 0.3553 -0.4682 -0.809
vn 0.4122 -0.419 -0.809
vn 0.4624 -0.3628 -0.809
vn 0.505 -0.3007 -0.809
vn 0.5393 -0.2336 -0.809
vn 0.5648 -0.1628 -0.809
vn 0.581 -0.0892 -0.809
vn 0.5876 -0.0142 -0.809
vn 0.5846 0.0611 -0.809
vn 0.572 0.1353 -0.809
vn 0.55 0.2074 -0.809
vn 0.5189 0.276 -0.809
vn 0.4794 0.3401 -0.809
vn 0.432 0.3986 -0.809
vn 0.3774 0.4506 -0.809
vn 0.3167 0.4951 -0.809
vn 0.2508 0.5316 -0.809
vn 0.1808 0.5593 -0.809
vn 0.1078 0.5778 -0.809
vn 0.033 0.5869 -0.809
vn -0.0423 0.5863 -0.809
vn -0.1169 0.576 -0.809
vn -0.1896 0.5563 -0.809
vn -0.2592 0.5275 -0.809
vn -0.3246 0.49 -0.809
vn -0.3846 0.4445 -0.809
vn -0.4382 0.3917 -0.809
vn -0.4847 0.3324 -0.809
vn -0.5233 0.2677 -0.809
vn -0.5532 0.1986 -0.809
vn -0.5741 0.1262 -0.809
vn -0.5855 0.0518 -0.809
vn -0.5873 -0.0235 -0.809
vn -0.5795 -0.0984 -0.809
vn -0.5621 -0.1717 -0.809
vn -0.5356 -0.2422 -0.809
vn -0.5002 -0.3087 -0.809
vn -0.4566 -0.3701 -0.809
vn -0.4055 -0.4255 -0.809
vn -0.3478 -0.4738 -0.809
vn -0.2844 -0.5144 -0.809
vn -0.1674 -0.422 -0.891
vn -0.1121 -0.4399 -0.891
vn -0.0549 -0.4506 -0.891
vn 0.0032 -0.454 -0.891
vn 0.0612 -0.4498 -0.891
vn 0.1182 -0.4383 -0.891
vn 0.1733 -0.4196 -0.891
vn 0.2255 -0.394 -0.891
vn 0.2741 -0.3619 -0.891
vn 0.3181 -0.3239 -0.891
vn 0.3569 -0.2806 -0.891
vn 0.3898 -0.2326 -0.891
vn 0.4164 -0.1809 -0.891
vn 0.4361 -0.1261 -0.891
vn 0.4487 -0.0693 -0.891
vn 0.4538 -0.0114 -0.891
vn 0.4516 0.0467 -0.891
vn 0.4419 0.1041 -0.891
vn 0.4249 0.1598 -0.891
vn 0.401 0.2128 -0.891
vn 0.3705 0.2623 -0.891
vn 0.3339 0.3075 -0.891
vn 0.2919 0.3477 -0.891
vn 0.245 0.3822 -0.891
vn 0.1941 0.4104 -0.891
vn 0.1401 0.4318 -0.891
vn 0.0837 0.4462 -0.891
vn 0.0259 0.4532 -0.891
vn -0.0322 0.4528 -0.891
vn -0.0899 0.445 -0.891
vn -0.146 0.4299 -0.891
vn -0.1998 0.4076 -0.891
vn -0.2503 0.3787 -0.891
vn -0.2967 0.3436 -0.891
vn -0.3382 0.3029 -0.891
vn -0.3741 0.2571 -0.891
vn -0.404 0.2072 -0.891
vn -0.4271 0.1538 -0.891
vn -0.4433 0.0979 -0.891
vn -0.4522 0.0404 -0.891
vn -0.4536 -0.0177 -0.891
vn -0.4476 -0.0756 -0.891
vn -0.4343 -0.1322 -0.891
vn -0.4138 -0.1866 -0.891
vn -0.3866 -0.238 -0.891
vn -0.353 -0.2855 -0.891
vn -0.3136 -0.3283 -0.891
vn -0.269 -0.3657 -0.891
vn -0.22 -0.3971 -0.891
vn -0.1145 -0.287 -0.9511
vn -0.0769 -0.2993 -0.9511
vn -0.038 -0.3067 -0.9511
vn 0.0016 -0.309 -0.9511
vn 0.0411 -0.3063 -0.9511
vn 0.0799 -0.2985 -0.9511
vn 0.1174 -0.2858 -0.9511
vn 0.153 -0.2685 -0.9511
vn 0.1861 -0.2467 -0.9511
vn 0.2161 -0.2209 -0.9511
vn 0.2426 -0.1914 -0.9511
vn 0.2651 -0.1588 -0.9511
vn 0.2832 -0.1236 -0.9511
vn 0.2967 -0.0864 -0.9511
vn 0.3053 -0.0478 -0.9511
vn 0.3089 -0.0083 -0.9511
vn 0.3074 0.0312 -0.9511
vn 0.3009 0.0703 -0.9511
vn 0.2895 0.1082 -0.9511
vn 0.2732 0.1443 -0.9511
vn 0.2525 0.1781 -0.9511
vn 0.2277 0.2089 -0.9511
vn 0.1991 0.2363 -0.9511
vn 0.1673 0.2598 -0.9511
vn 0.1327 0.2791 -0.9511
vn 0.0959 0.2938 -0.9511
vn 0.0575 0.3036 -0.9511
vn 0.0182 0.3085 -0.9511
vn -0.0214 0.3083 -0.9511
vn -0.0606 0.303 -0.9511
vn -0.0989 0.2928 -0.9511
vn -0.1355 0.2777 -0.9511
vn -0.1699 0.2581 -0.9511
vn -0.2015 0.2343 -0.9511
vn -0.2298 0.2066 -0.9511
vn -0.2543 0.1755 -0.9511
vn -0.2747 0.1415 -0.9511
vn -0.2905 0.1052 -0.9511
vn -0.3016 0.0672 -0.9511
vn -0.3077 0.0281 -0.9511
vn -0.3088 -0.0115 -0.9511
vn -0.3048 -0.0509 -0.9511
vn -0.2958 -0.0894 -0.9511
vn -0.2819 -0.1265 -0.9511
vn -0.2634 -0.1615 -0.9511
vn -0.2406 -0.1939 -0.9511
vn -0.2138 -0.2231 -0.9511
vn -0.1836 -0.2486 -0.9511
vn -0.1503 -0.27 -0.9511
vn -0.0588 -0.145 -0.9877
vn -0.0397 -0.1513 -0.9877
vn -0.0201 -0.1551 -0.9877
vn -0.0001 -0.1564 -0.9877
vn 0.0199 -0.1552 -0.9877
vn 0.0396 -0.1513 -0.9877
vn 0.0587 -0.145 -0.9877
vn 0.0767 -0.1363 -0.9877
vn 0.0935 -0.1254 -0.9877
vn 0.1088 -0.1124 -0.9877
vn 0.1223 -0.0976 -0.9877
vn 0.1337 -0.0811 -0.9877
vn 0.143 -0.0634 -0.9877
vn 0.15 -0.0446 -0.9877
vn 0.1544 -0.025 -0.9877
vn 0.1564 -0.0051 -0.9877
vn 0.1557 0.015 -0.9877
vn 0.1525 0.0348 -0.9877
vn 0.1468 0.054 -0.9877
vn 0.1387 0.0723 -0.9877
vn 0.1283 0.0895 -0.9877
vn 0.1158 0.1051 -0.9877
vn 0.1015 0.1191 -0.9877
vn 0.0854 0.1311 -0.9877
vn 0.0679 0.1409 -0.9877
vn 0.0494 0.1485 -0.9877
vn 0.03 0.1535 -0.9877
vn 0.0101 0.1561 -0.9877
vn -0.01 0.1561 -0.9877
vn -0.0298 0.1536 -0.9877
vn -0.0492 0.1485 -0.9877
vn -0.0678 0.141 -0.9877
vn -0.0853 0.1311 -0.9877
vn -0.1014 0.1192 -0.9877
vn -0.1158 0.1052 -0.9877
vn -0.1283 0.0896 -0.9877
vn -0.1387 0.0724 -0.9877
vn -0.1468 0.0541 -0.9877
vn -0.1525 0.0349 -0.9877
vn -0.1557 0.0151 -0.9877
vn -0.1564 -0.005 -0.9877
vn -0.1544 -0.0249 -0.9877
vn -0.15 -0.0445 -0.9877
vn -0.1431 -0.0633 -0.9877
vn -0.1338 -0.081 -0.9877
vn -0.1223 -0.0975 -0.9877
vn -0.1089 -0.1123 -0.9877
vn -0.0936 -0.1253 -0.9877
vn -0.0768 -0.1363 -0.9877
vn 0.706 0.5896 0.3924
vn 0.6615 0.6393 0.3921
vn 0.6938 0.7201 0.0058
vn -0.3237 -0.861 0.3923
vn -0.2606 -0.8823 0.3921
vn -0.2522 -0.9677 0.0062
vn -0.1428 0.9087 0.3922
vn -0.2081 0.8961 0.3921
vn -0.2543 0.9671 0.0044
vn 0.152 -0.9379 -0.3118
vn 0.1032 -0.8789 -0.4658
vn 0.0272 -0.9996 -0.002
vn -0.7297 0.4217 0.5383
vn -0.7013 0.6748 0.2299
vn -0.6023 0.7623 0.2368
vn 0.0479 0.9986 -0.0216
vn 0.3356 0.9022 -0.271
vn 0.331 0.8444 -0.4212
vn 0.337 0.9414 -0.0146
vn -0.1607 -0.9342 -0.3184
vn -0.2458 -0.9422 -0.2278
vn 0.5591 -0.8289 0.0165
vn 0.6886 -0.7251 0.0069
vn 0.6023 -0.6768 0.4233
vn 0.6196 -0.6527 0.4361
vn 0.4322 -0.9014 0.0268
vn 0.327 -0.9447 0.0264
vn 0.1818 -0.9789 0.0929
vn 0.0586 -0.9932 0.101
vn -0.1031 -0.97 -0.22
vn -0.0245 -0.9246 -0.3801
vn 0.0298 -0.971 -0.2371
vn -0.4945 -0.8324 -0.2502
vn -0.4052 -0.8416 -0.3571
vn -0.38 -0.9057 -0.1882
vn -0.2868 -0.8779 -0.3835
vn -0.6163 -0.7787 -0.1172
vn -0.5572 -0.8047 -0.2049
vn 0.1989 0.98 -0.0093
vn -0.1034 0.9942 -0.0281
vn -0.3633 0.9307 -0.0425
vn -0.2487 0.9655 -0.0769
vn -0.4516 0.8301 0.3271
vn -0.403 0.882 0.2445
vn -0.528 0.8016 0.2804
vn -0.5779 0.6668 0.4706
vn -0.7132 0.5951 0.3704
vn -0.8114 0.5643 0.1525
vn -0.8004 0.4868 0.3498
vn 0.3417 -0.8523 -0.396
vn 0.2763 -0.8778 -0.3912
vn 0.2201 -0.8905 -0.3981
vn 0.15 -0.9061 -0.3957
vn 0.0953 -0.9067 -0.4108
vn 0.3968 -0.8304 -0.3911
vn 0.4781 -0.822 -0.3093
vn 0.4971 -0.7344 -0.4621
vn 0.5881 -0.7465 -0.3111
vn 0.7379 -0.548 -0.394
vn 0.6426 -0.6056 -0.4693
vn 0.5924 -0.6575 -0.4655
vn 0.7978 -0.6029 -0.0021
vn 0.8758 -0.4826 -0.0016
vn 0.8268 -0.4679 -0.3121
vn 0.9325 -0.3612 -0.0014
vn 0.8847 -0.348 -0.3102
vn 0.8094 -0.3614 -0.4629
vn 0.9475 -0.0894 -0.307
vn 0.8803 -0.127 -0.457
vn 0.9746 -0.2239 -0.0014
vn 0.9251 -0.2213 -0.3085
vn 0.8528 -0.2473 -0.4599
vn 0.8907 -0.0034 -0.4546
vn 0.9967 -0.0814 -0.0014
vn 0.9511 0.0445 -0.3057
vn 0.998 0.063 -0.0014
vn 0.8835 0.1198 -0.4528
vn 0.9359 0.1769 -0.3047
vn 0.8593 0.2404 -0.4514
vn 0.9787 0.2054 -0.0015
vn 0.9022 0.3061 -0.304
vn 0.9357 0.3527 -0.0012
vn 0.7819 0.5449 -0.303
vn 0.7611 0.4682 -0.449
vn 0.8709 0.4914 -0.0014
vn 0.8504 0.4298 -0.3033
vn 0.8184 0.3577 -0.4498
vn 0.6892 0.5687 -0.4489
vn 0.7913 0.6114 -0.0014
vn 0.6982 0.6487 -0.3028
vn 0.6844 0.7291 -0.0061
vn 0.5547 0.7666 -0.3235
vn 0.5334 0.6908 -0.4882
vn 0.6041 0.6585 -0.4488
vn 0.4335 0.7598 -0.4845
vn 0.5711 0.8209 0.0031
vn 0.4422 0.8378 -0.3202
vn 0.4471 0.8945 0.0048
vn 0.3253 0.8141 -0.481
vn 0.3215 0.8922 -0.3173
vn 0.2103 0.8527 -0.4782
vn 0.3141 0.9494 0.0057
vn 0.1939 0.9292 -0.3146
vn 0.1747 0.9846 0.0063
vn 0.1097 0.9095 -0.401
vn 0.0537 0.9184 -0.392
vn -0.0176 0.9172 -0.3981
vn 0.0311 0.9995 0.0063
vn -0.0755 0.9171 -0.3914
vn -0.1203 0.9927 0.005
vn -0.1441 0.907 -0.3957
vn -0.2023 0.8978 -0.3912
vn -0.3259 0.8605 -0.3915
vn -0.2682 0.8791 -0.3941
vn -0.4323 0.7722 -0.4656
vn -0.4078 0.8584 -0.3112
vn -0.4934 0.8698 -0.0016
vn -0.3803 0.9249 0.0024
vn -0.517 0.7605 -0.3929
vn -0.63 0.7766 -0.0021
vn -0.6018 0.6958 -0.3921
vn -0.7854 0.5357 -0.3101
vn -0.7087 0.5325 -0.4627
vn -0.7401 0.6725 -0.0014
vn -0.7021 0.6401 -0.312
vn -0.6268 0.6243 -0.4663
vn -0.7773 0.4297 -0.4596
vn -0.8291 0.5591 -0.0014
vn -0.8533 0.4205 -0.3084
vn -0.9009 0.4339 -0.0014
vn -0.8303 0.319 -0.457
vn -0.9041 0.2975 -0.3069
vn -0.8674 0.2018 -0.4548
vn -0.9538 0.3003 -0.0015
vn -0.9372 0.1682 -0.3057
vn -0.9885 0.1512 -0.0012
vn -0.9476 -0.0988 -0.3039
vn -0.8914 -0.0447 -0.4509
vn -1 -0.0019 -0.0014
vn -0.9518 0.0349 -0.3046
vn -0.8882 0.0795 -0.4525
vn -0.8772 -0.167 -0.4501
vn -0.9894 -0.1455 -0.0015
vn -0.9247 -0.2301 -0.3033
vn -0.9583 -0.2857 -0.0014
vn -0.8461 -0.2868 -0.4492
vn -0.8834 -0.3575 -0.3029
vn -0.7983 -0.4019 -0.4485
vn -0.9073 -0.4206 -0.0014
vn -0.8245 -0.4781 -0.3028
vn -0.8288 -0.5596 -0.006
vn -0.7111 -0.6243 -0.3235
vn -0.6737 -0.5553 -0.4876
vn -0.7348 -0.5088 -0.4486
vn -0.5919 -0.6444 -0.4842
vn -0.7389 -0.6738 0.0031
vn -0.6177 -0.7185 -0.3196
vn -0.6346 -0.7729 0.0048
vn -0.4977 -0.7216 -0.4812
vn -0.5112 -0.7989 -0.317
vn -0.3937 -0.7851 -0.4782
vn -0.5167 -0.8562 0.0059
vn -0.3945 -0.8632 -0.3149
vn -0.3817 -0.9243 0.0056
vn -0.3088 -0.8626 -0.4006
vn -0.2567 -0.8834 -0.392
vn -0.1305 -0.911 -0.3912
vn -0.187 -0.8981 -0.3981
vn -0.0606 -0.9163 -0.3958
vn -0.1104 -0.9939 0.0056
vn -0.0012 -0.9203 -0.3912
vn 0.0086 -1 0.0042
vn 0.0754 -0.9479 -0.3094
vn 0.1423 -0.9898 -0.0014
vn 0.2942 -0.9558 -0.0017
vn 0.207 -0.9275 -0.3113
vn 0.13 -0.8771 -0.4624
vn 0.4281 -0.8474 -0.3141
vn 0.3173 -0.8241 -0.4693
vn 0.2494 -0.849 -0.4658
vn 0.4734 -0.7474 -0.4661
vn 0.449 -0.8935 -0.0014
vn 0.5429 -0.7797 -0.312
vn 0.5729 -0.8196 -0.0014
vn 0.5729 -0.6766 -0.4627
vn 0.6469 -0.6967 -0.31
vn 0.6619 -0.5921 -0.4596
vn 0.6845 -0.729 -0.0014
vn 0.7384 -0.5997 -0.3083
vn 0.7875 -0.6163 -0.0013
vn 0.8767 -0.3715 -0.3057
vn 0.8016 -0.3885 -0.4544
vn 0.8728 -0.4882 -0.0014
vn 0.8157 -0.4903 -0.3069
vn 0.739 -0.4953 -0.4567
vn 0.8482 -0.2749 -0.4528
vn 0.9338 -0.3578 -0.0015
vn 0.9203 -0.2456 -0.3046
vn 0.9754 -0.2203 -0.0014
vn 0.8789 -0.1551 -0.451
vn 0.9459 -0.1142 -0.3038
vn 0.8926 -0.0314 -0.4497
vn 0.997 -0.0777 -0.0014
vn 0.9527 0.0198 -0.3033
vn 0.9978 0.0667 -0.0014
vn 0.8887 0.0926 -0.4491
vn 0.9407 0.1528 -0.3029
vn 0.8675 0.2141 -0.449
vn 0.9779 0.209 -0.0015
vn 0.9102 0.2827 -0.3028
vn 0.9324 0.3615 -0.0059
vn 0.8317 0.4514 -0.3233
vn 0.7799 0.3922 -0.4879
vn 0.8296 0.3324 -0.4486
vn 0.7199 0.4974 -0.4841
vn 0.8698 0.4934 0.0033
vn 0.7613 0.5639 -0.3199
vn 0.7899 0.6132 0.0049
vn 0.6459 0.5931 -0.4807
vn 0.6761 0.6652 -0.3168
vn 0.5767 0.754 -0.3146
vn 0.5585 0.6778 -0.4781
vn 0.4684 0.8835 0.0072
vn 0.345 0.9386 0.0055
vn 0.3292 0.8593 -0.3914
vn 0.4923 0.7727 -0.4007
vn 0.5831 0.8124 0.0064
vn 0.4456 0.8049 -0.392
vn 0.3813 0.8345 -0.3978
vn 0.0782 0.9168 -0.3916
vn 0.1386 0.9086 -0.394
vn 0.2068 0.9784 0.0043
vn 0.2062 0.897 -0.3911
vn 0.2628 0.88 -0.3956
vn -0.1368 0.9093 -0.3931
vn -0.0557 0.883 -0.466
vn -0.0634 0.998 -0.0014
vn 0.0035 0.9503 -0.3114
vn 0.0775 0.997 0.0023
vn -0.3844 0.9232 -0.0013
vn -0.3561 0.8809 -0.3118
vn -0.232 0.9727 -0.002
vn -0.295 0.8342 -0.4659
vn -0.2412 0.8878 -0.3921
vn -0.5872 0.7484 -0.3083
vn -0.5147 0.7239 -0.4594
vn -0.5218 0.8531 -0.0014
vn -0.4766 0.8227 -0.3099
vn -0.4089 0.7868 -0.4624
vn -0.6102 0.6472 -0.4569
vn -0.6388 0.7694 -0.0015
vn -0.6863 0.6595 -0.3068
vn -0.7425 0.6699 -0.0014
vn -0.6949 0.5573 -0.4544
vn -0.7723 0.5569 -0.3056
vn -0.7666 0.4558 -0.4523
vn -0.8312 0.556 -0.0014
vn -0.8431 0.4432 -0.3046
vn -0.9025 0.4306 -0.0014
vn -0.8229 0.3457 -0.451
vn -0.897 0.3211 -0.3038
vn -0.863 0.2293 -0.4501
vn -0.9549 0.2968 -0.0015
vn -0.9332 0.1927 -0.3033
vn -0.9876 0.1567 -0.0014
vn -0.8871 0.1074 -0.4489
vn -0.9512 0.0597 -0.3029
vn -0.8936 -0.017 -0.4485
vn -0.9999 0.0128 -0.0014
vn -0.919 -0.0855 -0.3849
vn -0.9892 -0.1461 -0.0058
vn -0.9114 -0.2551 -0.3228
vn -0.8479 -0.2089 -0.4872
vn -0.9198 -0.1407 -0.3663
vn -0.9099 -0.4148 0.0056
vn -0.8677 -0.3807 -0.3195
vn -0.9576 -0.288 0.0033
vn -0.8125 -0.325 -0.4841
vn -0.7295 -0.6073 -0.3148
vn -0.6951 -0.5372 -0.4778
vn -0.8459 -0.5333 0.0059
vn -0.8064 -0.4993 -0.3169
vn -0.7611 -0.4354 -0.4808
vn -0.652 -0.6439 -0.4004
vn -0.7606 -0.6492 0.0063
vn -0.6137 -0.6855 -0.3918
vn -0.6596 -0.7516 0.0062
vn -0.5572 -0.7289 -0.3978
vn -0.5115 -0.765 -0.3913
vn -0.4511 -0.8 -0.3955
vn -0.5446 -0.8387 0.0056
vn -0.3992 -0.8292 -0.3912
vn -0.4311 -0.9023 0.0034
vn -0.3423 -0.8871 -0.3096
vn 0.0387 -0.9191 -0.3921
vn -0.0683 -0.9169 -0.3932
vn -0.1429 -0.9897 0.0007
vn -0.1545 -0.9066 -0.3926
vn -0.288 -0.9576 -0.0008
vn -0.2154 -0.8941 -0.3928
vn -0.2628 -0.8466 -0.4627
vn 0.2234 -0.8581 -0.4624
vn 0.1801 -0.9837 -0.0014
vn 0.2817 -0.9081 -0.3098
vn 0.3192 -0.9477 -0.0014
vn 0.3408 -0.8204 -0.4592
vn 0.4065 -0.8601 -0.3082
vn 0.4521 -0.7663 -0.4565
vn 0.4523 -0.8918 -0.0014
vn 0.5234 -0.795 -0.3068
vn 0.5759 -0.8175 -0.0014
vn 0.5542 -0.6974 -0.4544
vn 0.6295 -0.7144 -0.3055
vn 0.6456 -0.6151 -0.4526
vn 0.6871 -0.7265 -0.0015
vn 0.7234 -0.6196 -0.3046
vn 0.7843 -0.6204 -0.0014
vn 0.7255 -0.52 -0.4508
vn 0.8035 -0.512 -0.3037
vn 0.7913 -0.4144 -0.4496
vn 0.8655 -0.5009 -0.0014
vn 0.8674 -0.3944 -0.3033
vn 0.9285 -0.3714 -0.0015
vn 0.841 -0.3015 -0.4492
vn 0.9141 -0.2695 -0.3029
vn 0.8748 -0.1825 -0.4488
vn 0.9721 -0.2345 -0.0014
vn 0.915 -0.1208 -0.3849
vn 0.9964 -0.0844 -0.0065
vn 0.9283 -0.0669 -0.3658
vn 0.9306 0.1786 -0.3196
vn 0.8646 0.1366 -0.4836
vn 0.9987 0.0507 0.0035
vn 0.9452 0.0473 -0.3231
vn 0.873 0.0161 -0.4874
vn 0.839 0.255 -0.4807
vn 0.9811 0.1934 0.0049
vn 0.8637 0.3103 -0.3971
vn 0.9432 0.3321 0.0059
vn 0.8015 0.3591 -0.4782
vn 0.785 0.4206 -0.4549
vn 0.7114 0.4653 -0.5267
vn 0.8856 0.4644 0.0064
vn 0.7414 0.5399 -0.3984
vn 0.8096 0.587 0.0062
vn 0.639 0.5594 -0.528
vn 0.6584 0.6389 -0.398
vn 0.5529 0.6436 -0.5292
vn 0.717 0.697 0.0054
vn 0.5974 0.7399 -0.3092
vn 0.6108 0.7918 0.0029
vn 0.4699 0.7296 -0.4968
vn 0.4878 0.8729 -0.0014
vn 0.4684 0.7991 -0.3769
vn 0.3782 0.7987 -0.468
vn 0.6592 -0.6186 0.4275
vn 0.6481 -0.5454 0.5316
vn 0.7272 -0.5045 0.4655
vn 0.795 -0.4581 0.3977
vn 0.7564 -0.3762 0.5351
vn 0.8532 -0.3357 0.3991
vn 0.8027 -0.2683 0.5326
vn 0.867 -0.2066 0.4535
vn 0.8646 -0.1474 0.4803
vn 0.8881 -0.0759 0.4534
vn 0.8767 -0.0213 0.4806
vn 0.9184 0.0543 0.392
vn 0.8769 0.0951 0.4711
vn 0.9294 0.2054 0.3065
vn 0.857 0.2199 0.466
vn 0.7816 0.4059 0.4737
vn 0.8475 0.3623 0.3879
vn 0.8709 0.3098 0.3815
vn 0.8003 0.5063 0.3212
vn 0.6334 0.612 0.4735
vn 0.7183 0.6173 0.3208
vn 0.7147 0.5146 0.4736
vn 0.6215 0.7149 0.3204
vn 0.4326 0.7675 0.473
vn 0.5107 0.798 0.3199
vn 0.539 0.6968 0.4733
vn 0.3889 0.8643 0.319
vn 0.1961 0.8595 0.472
vn 0.2597 0.9119 0.3178
vn 0.3174 0.8222 0.4725
vn 0.1246 0.9403 0.3166
vn 0.0701 0.8792 0.4713
vn -0.0142 0.9489 0.3152
vn -0.0578 0.8805 0.4706
vn -0.1423 0.9084 0.3932
vn -0.2716 0.8786 0.3929
vn -0.3361 0.8564 0.3919
vn -0.3957 0.8299 0.3933
vn -0.4907 0.8135 0.312
vn -0.4863 0.7364 0.4703
vn -0.604 0.7336 0.3114
vn -0.5873 0.6589 0.4701
vn -0.7044 0.6383 0.3104
vn -0.6759 0.568 0.4696
vn -0.7902 0.5291 0.3092
vn -0.7515 0.4644 0.4686
vn -0.8594 0.4083 0.3078
vn -0.8114 0.3511 0.4672
vn -0.91 0.2793 0.3063
vn -0.8541 0.2311 0.4659
vn -0.8801 0.032 0.4737
vn -0.9425 0.0924 0.3212
vn -0.8663 0.1588 0.4736
vn -0.9459 -0.0462 0.3212
vn -0.8528 -0.2202 0.4735
vn -0.9293 -0.1832 0.3207
vn -0.8756 -0.0955 0.4736
vn -0.8931 -0.3158 0.3204
vn -0.7547 -0.4546 0.4729
vn -0.8376 -0.4428 0.3198
vn -0.8124 -0.3406 0.4733
vn -0.7644 -0.5604 0.3189
vn -0.5943 -0.6512 0.4719
vn -0.6754 -0.6655 0.3177
vn -0.6815 -0.5589 0.4725
vn -0.5718 -0.7569 0.3165
vn -0.4944 -0.7304 0.4713
vn -0.4553 -0.8328 0.315
vn -0.3836 -0.7947 0.4705
vn -0.3237 -0.8607 0.3929
vn -0.1967 -0.8983 0.393
vn -0.1296 -0.9109 0.3918
vn -0.0647 -0.9171 0.3933
vn 0.0261 -0.9497 0.312
vn 0.0601 -0.8805 0.4703
vn 0.1641 -0.936 0.3113
vn 0.1862 -0.8628 0.47
vn 0.2984 -0.9026 0.3103
vn 0.3082 -0.8274 0.4695
vn 0.4269 -0.8498 0.309
vn 0.425 -0.7745 0.4685
vn 0.5466 -0.7788 0.3076
vn 0.533 -0.7055 0.4671
vn 0.6543 -0.6915 0.3061
vn 0.6293 -0.6222 0.4657
vn 0.75 -0.4617 0.4737
vn 0.7746 -0.5448 0.3212
vn 0.6755 -0.5652 0.4736
vn 0.8459 -0.4259 0.3212
vn 0.8506 -0.2288 0.4734
vn 0.8989 -0.2986 0.3206
vn 0.8089 -0.3485 0.4736
vn 0.9328 -0.1653 0.3203
vn 0.8808 0.0236 0.4729
vn 0.9471 -0.0274 0.3197
vn 0.8748 -0.104 0.4732
vn 0.9413 0.111 0.3188
vn 0.8381 0.2737 0.4718
vn 0.9157 0.2463 0.3175
vn 0.8684 0.1504 0.4724
vn 0.8705 0.3769 0.3164
vn 0.7255 0.5024 0.4704
vn 0.8066 0.5004 0.3148
vn 0.7902 0.3919 0.4712
vn 0.6139 0.6846 0.393
vn 0.5616 0.7288 0.3918
vn 0.5083 0.7661 0.3933
vn 0.4453 0.8393 0.3119
vn 0.3817 0.7957 0.4703
vn 0.3185 0.8954 0.3113
vn 0.2633 0.8425 0.47
vn 0.1851 0.9325 0.3102
vn 0.1397 0.8719 0.4694
vn 0.0472 0.9499 0.3089
vn 0.0119 0.8835 0.4683
vn -0.0919 0.9471 0.3074
vn -0.1161 0.8767 0.4669
vn -0.2286 0.9242 0.3059
vn -0.2409 0.8516 0.4655
vn -0.425 0.7713 0.4737
vn -0.4056 0.8558 0.3212
vn -0.3091 0.8247 0.4736
vn -0.5262 0.7874 0.3211
vn -0.6273 0.6183 0.4734
vn -0.635 0.7028 0.3206
vn -0.532 0.7019 0.4736
vn -0.7302 0.6035 0.3203
vn -0.778 0.4136 0.4729
vn -0.8107 0.4906 0.3196
vn -0.7099 0.5217 0.4732
vn -0.8738 0.3673 0.3187
vn -0.8642 0.175 0.4718
vn -0.9182 0.237 0.3174
vn -0.8298 0.2972 0.4724
vn -0.9433 0.101 0.3162
vn -0.8789 -0.0795 0.4703
vn -0.9485 -0.038 0.3146
vn -0.8807 0.0484 0.4711
vn -0.9048 -0.165 0.3925
vn -0.8906 -0.2304 0.3921
vn -0.8716 -0.2931 0.3931
vn -0.8669 -0.3885 0.3123
vn -0.7896 -0.3941 0.4703
vn -0.801 -0.511 0.3118
vn -0.7243 -0.5042 0.4703
vn -0.7184 -0.6222 0.3112
vn -0.6444 -0.6032 0.47
vn -0.6206 -0.7202 0.31
vn -0.5513 -0.6898 0.4693
vn -0.5092 -0.8034 0.3087
vn -0.4458 -0.7629 0.4682
vn -0.3868 -0.8695 0.3073
vn -0.3311 -0.8201 0.4667
vn -0.2565 -0.9169 0.3057
vn -0.2102 -0.8598 0.4653
vn -0.0104 -0.8806 0.4737
vn -0.0687 -0.9445 0.3212
vn -0.1375 -0.8699 0.4737
vn 0.0698 -0.9445 0.3211
vn 0.241 -0.8472 0.4734
vn 0.2062 -0.9245 0.3205
vn 0.1169 -0.873 0.4736
vn 0.338 -0.885 0.3202
vn 0.4731 -0.7434 0.4728
vn 0.4637 -0.8263 0.3196
vn 0.3605 -0.8038 0.4732
vn 0.5794 -0.7502 0.3186
vn 0.6656 -0.5783 0.4717
vn 0.6822 -0.6587 0.3173
vn 0.5755 -0.6676 0.4723
vn 0.7711 -0.5527 0.316
vn 0.804 -0.3641 0.4702
vn 0.8441 -0.4343 0.3144
vn 0.7425 -0.4763 0.471
vn 0.8686 -0.3025 0.3926
vn 0.8885 -0.2384 0.392
vn 0.9028 -0.1746 0.3931
vn 0.9458 -0.0891 0.3123
vn 0.8813 -0.0463 0.4703
vn 0.9488 0.0499 0.3118
vn 0.8787 0.0817 0.4703
vn 0.9317 0.1874 0.3111
vn 0.858 0.2072 0.4699
vn 0.895 0.3209 0.3099
vn 0.8197 0.3285 0.4692
vn 0.839 0.4482 0.3086
vn 0.764 0.4441 0.4681
vn 0.765 0.566 0.3071
vn 0.6924 0.5504 0.4665
vn 0.6751 0.6715 0.3054
vn 0.6068 0.6446 0.4651
vn 0.4431 0.7611 0.4737
vn 0.5252 0.788 0.3212
vn 0.5484 0.6891 0.4737
vn 0.4046 0.8563 0.3211
vn 0.2079 0.856 0.4733
vn 0.2762 0.9061 0.3205
vn 0.3286 0.8172 0.4735
vn 0.142 0.9367 0.3201
vn -0.0453 0.88 0.4728
vn 0.0037 0.9476 0.3195
vn 0.0825 0.8771 0.4731
vn -0.1344 0.9384 0.3184
vn -0.1716 0.8646 0.4723
vn -0.269 0.9094 0.3172
vn -0.2941 0.8313 0.4716
vn -0.228 -0.6544 -0.721
vn -0.3206 -0.6145 -0.7208
vn -0.397 -0.5681 -0.7208
vn 0.0749 0.689 -0.7209
vn 0.1767 0.6696 -0.7213
vn 0.2674 0.6391 -0.7212
vn 0.073 -0.6888 -0.7212
vn -0.0159 -0.6927 -0.7211
vn -0.1143 -0.6835 -0.7209
vn -0.2284 0.6543 -0.721
vn -0.1377 0.6792 -0.7209
vn -0.0358 0.6916 -0.7214
vn 0.3639 -0.5892 -0.7214
vn 0.2785 -0.6342 -0.7213
vn 0.1877 -0.6669 -0.7211
vn 0.4145 -0.5558 -0.7206
vn -0.6307 0.2879 -0.7206
vn -0.2102 0.6609 -0.7205
vn 0.3529 0.5964 -0.7209
vn 0.254 0.6449 -0.7208
vn 0.0945 -0.6866 -0.7209
vn 0.6378 -0.2627 -0.7241
vn -0.4469 -0.5353 -0.7168
vn -0.3669 -0.5888 -0.7202
vn -0.5239 -0.461 -0.7163
vn -0.6263 -0.3096 -0.7155
vn -0.5891 -0.3811 -0.7126
vn -0.671 -0.215 -0.7096
vn -0.7187 -0.1179 -0.6853
vn -0.6861 -0.0417 -0.7263
vn 0.5971 -0.3474 -0.7231
vn 0.6674 -0.1618 -0.7269
vn 0.6844 -0.0784 -0.7248
vn 0.6846 0.0193 -0.7287
vn 0.6736 0.1164 -0.7299
vn 0.6191 0.1931 -0.7612
vn -0.2887 -0.6298 -0.7211
vn -0.1104 -0.6846 -0.7205
vn -0.1988 -0.6642 -0.7206
vn -0.0074 -0.6932 -0.7207
vn 0.5111 -0.4681 -0.7209
vn 0.4474 -0.5291 -0.721
vn 0.6207 -0.309 -0.7206
vn 0.5718 -0.3922 -0.7206
vn 0.6572 -0.2204 -0.7208
vn 0.6812 -0.1274 -0.7209
vn 0.6932 -0.0241 -0.7204
vn 0.6899 0.07 -0.7205
vn 0.6719 0.171 -0.7206
vn 0.6434 0.258 -0.7207
vn 0.6046 0.3388 -0.7209
vn 0.5518 0.419 -0.7211
vn 0.422 0.5502 -0.7205
vn 0.4841 0.4964 -0.7206
vn 0.3398 0.6042 -0.7207
vn 0.168 0.6723 -0.7209
vn 0.0659 0.6897 -0.7211
vn -0.319 0.6149 -0.7212
vn -0.3895 0.573 -0.7211
vn -0.4702 0.5094 -0.7207
vn -0.5361 0.4393 -0.7208
vn -0.5962 0.3545 -0.7203
vn -0.6386 0.2705 -0.7205
vn -0.6873 0.0903 -0.7207
vn -0.6702 0.1779 -0.7206
vn -0.693 -0.0063 -0.7209
vn -0.6854 -0.1019 -0.721
vn -0.6316 -0.2861 -0.7206
vn -0.6632 -0.2024 -0.7206
vn -0.4706 -0.5087 -0.721
vn -0.5286 -0.4482 -0.7209
vn -0.5827 -0.3754 -0.7207
vn -0.3951 -0.5692 -0.7211
vn -0.2177 -0.6582 -0.7207
vn -0.3076 -0.6214 -0.7206
vn 0.1671 -0.6721 -0.7214
vn 0.252 -0.6451 -0.7214
vn 0.4297 -0.5443 -0.7204
vn 0.3523 -0.5976 -0.7203
vn 0.5593 -0.4096 -0.7207
vn 0.5021 -0.4783 -0.7205
vn 0.6107 -0.3277 -0.7208
vn 0.65 -0.2403 -0.721
vn 0.6789 -0.1414 -0.7205
vn 0.6917 -0.0476 -0.7206
vn 0.6791 0.1387 -0.7209
vn 0.6914 0.051 -0.7207
vn 0.6532 0.2312 -0.721
vn 0.6178 0.3134 -0.7212
vn 0.5122 0.4674 -0.7206
vn 0.5685 0.3969 -0.7206
vn 0.4374 0.5377 -0.7208
vn -0.0144 0.6929 -0.7209
vn -0.1094 0.6844 -0.7209
vn -0.2935 0.6281 -0.7206
vn -0.3779 0.5811 -0.7208
vn -0.4543 0.5234 -0.7209
vn -0.5273 0.4505 -0.7204
vn -0.5837 0.3743 -0.7205
vn -0.6621 0.2051 -0.7208
vn -0.6839 0.1114 -0.721
vn -0.6927 0.015 -0.7211
vn -0.6886 -0.081 -0.7206
vn -0.6722 -0.1696 -0.7207
vn -0.6026 -0.3424 -0.7208
vn -0.6424 -0.2602 -0.7208
vn -0.5494 -0.4224 -0.721
vn -0.4809 -0.4987 -0.7212
vn -0.1333 -0.6798 -0.7212
vn -0.0517 -0.6908 -0.7212
vn 0.0518 -0.6912 -0.7208
vn 0.239 -0.6512 -0.7203
vn 0.1536 -0.6765 -0.7203
vn 0.3318 -0.6089 -0.7205
vn 0.4819 -0.4983 -0.7208
vn 0.5462 -0.4265 -0.7209
vn 0.4799 0.4965 0.7233
vn 0.6301 -0.2886 0.7209
vn 0.6591 -0.2117 0.7217
vn -0.1724 -0.6685 0.7234
vn 0.5474 0.4153 0.7265
vn 0.4818 0.4943 0.7235
vn 0.4159 0.5492 0.7249
vn 0.5986 0.3411 0.7247
vn 0.6357 0.2438 0.7324
vn 0.6623 0.1733 0.729
vn 0.6539 0.0734 0.753
vn -0.6396 0.2772 0.717
vn -0.5982 0.3541 0.7188
vn -0.6753 0.1785 0.7156
vn -0.7022 -0.0173 0.7118
vn -0.6914 0.0932 0.7165
vn -0.6968 -0.1113 0.7086
vn -0.7306 -0.2193 0.6466
vn 0.3313 0.6085 0.7211
vn 0.2377 0.651 0.7209
vn 0.1507 0.6762 0.7211
vn 0.0487 0.6907 0.7215
vn -0.1254 0.6809 0.7215
vn -0.0488 0.6908 0.7214
vn -0.2202 0.6561 0.7219
vn -0.3922 0.5688 0.7229
vn -0.3145 0.6159 0.7223
vn -0.4722 0.5042 0.7231
vn -0.5908 0.3589 0.7226
vn -0.538 0.4336 0.7228
vn -0.6361 0.2732 0.7217
vn -0.6651 0.1876 0.7228
vn -0.6856 0.1015 0.7209
vn -0.6925 -0.0029 0.7214
vn -0.6855 -0.0998 0.7212
vn -0.6651 -0.1939 0.7212
vn -0.6341 -0.279 0.7212
vn -0.5884 -0.3659 0.721
vn -0.5317 -0.4443 0.7211
vn -0.4601 -0.5174 0.7215
vn -0.3831 -0.5768 0.7214
vn -0.2269 -0.6541 0.7216
vn -0.1321 -0.6793 0.7219
vn -0.2983 -0.6251 0.7213
vn -0.0369 -0.6902 0.7227
vn 0.0669 -0.6875 0.7231
vn 0.162 -0.6716 0.723
vn 0.337 -0.6037 0.7225
vn 0.4186 -0.5515 0.7215
vn 0.2542 -0.6427 0.7227
vn 0.5502 -0.4205 0.7214
vn 0.4796 -0.4969 0.7233
vn 0.6039 -0.3391 0.7213
vn 0.6456 -0.2514 0.7211
vn 0.6726 -0.1658 0.7212
vn 0.6894 -0.0694 0.721
vn 0.6923 0.0277 0.7211
vn 0.6801 0.1299 0.7215
vn 0.6555 0.2231 0.7214
vn 0.519 0.4585 0.7214
vn 0.5749 0.3867 0.7211
vn 0.6179 0.3128 0.7213
vn 0.4509 0.5245 0.7222
vn 0.3668 0.5855 0.7229
vn 0.2809 0.631 0.7231
vn 0.1019 0.6834 0.7229
vn 0.1904 0.6642 0.7229
vn 0.0049 0.6919 0.722
vn -0.0928 0.686 0.7216
vn -0.2712 0.6373 0.7213
vn -0.1799 0.6665 0.7235
vn -0.3581 0.593 0.7212
vn -0.4324 0.5414 0.7211
vn -0.5041 0.4755 0.721
vn -0.5689 0.3958 0.7209
vn -0.6159 0.3174 0.721
vn -0.6557 0.2226 0.7214
vn -0.6804 0.1293 0.7213
vn -0.6915 0.0382 0.7214
vn -0.6909 -0.0531 0.721
vn -0.6509 -0.2338 0.7222
vn -0.6766 -0.1479 0.7214
vn -0.6079 -0.3284 0.7229
vn -0.4974 -0.4793 0.7231
vn -0.5557 -0.4104 0.723
vn -0.4261 -0.5447 0.7223
vn -0.2577 -0.6427 0.7215
vn -0.3402 -0.6026 0.7219
vn -0.0784 -0.6882 0.7212
vn 0.0121 -0.6927 0.7212
vn 0.1102 -0.6842 0.7209
vn 0.2093 -0.6607 0.7209
vn 0.2938 -0.6275 0.721
vn 0.3841 -0.5762 0.7215
vn 0.4606 -0.5172 0.7213
vn 0.5243 -0.4525 0.7214
vn 0.5824 -0.3751 0.7211
vn 0.6823 -0.111 0.7226
vn 0.6864 0.0765 0.7232
vn 0.6908 -0.0142 0.7229
vn 0.6697 0.172 0.7225
vn 0.5959 0.3513 0.7221
vn 0.637 0.2692 0.7223
vn 0.5376 0.436 0.7217
vn 0.4078 0.5601 0.7211
vn 0.3311 0.6085 0.7211
vn 0.2417 0.6495 0.7209
vn 0.1502 0.6764 0.721
vn 0.0477 0.6908 0.7215
vn -0.0499 0.6907 0.7214
vn -0.1455 0.6772 0.7213
vn -0.2329 0.6523 0.7213
vn -0.3216 0.6137 0.7211
vn -0.4736 0.5043 0.7221
vn -0.3998 0.5659 0.7211
vn -0.5388 0.4332 0.7226
vn -0.3093 0.875 0.3725
vn -0.124 0.6949 0.7084
vn -0.0292 0.8307 0.5559
vn 0.1116 0.8237 0.5559
vn 0.2492 0.793 0.5559
vn 0.3796 0.7395 0.5559
vn 0.4991 0.6647 0.5559
vn 0.6043 0.5708 0.5559
vn 0.6921 0.4604 0.5559
vn 0.7599 0.3368 0.5559
vn 0.8059 0.2036 0.5559
vn 0.8287 0.0644 0.5559
vn 0.8277 -0.0765 0.5559
vn 0.8029 -0.2153 0.5559
vn 0.7549 -0.3479 0.5559
vn 0.6853 -0.4705 0.5559
vn 0.5959 -0.5795 0.5559
vn 0.4894 -0.6719 0.5559
vn 0.3688 -0.7449 0.5559
vn 0.2376 -0.7965 0.5559
vn 0.0996 -0.8252 0.5559
vn -0.0413 -0.8302 0.5559
vn -0.1811 -0.8113 0.5559
vn -0.354 -0.8209 0.4481
vn -0.4009 -0.7292 0.5546
vn -0.4306 0.711 0.5559
vn -0.5446 0.628 0.5559
vn -0.6429 0.5269 0.5559
vn -0.7227 0.4107 0.5559
vn -0.7817 0.2826 0.5559
vn -0.8182 0.1465 0.5559
vn -0.8312 0.0061 0.5559
vn -0.8203 -0.1345 0.5559
vn -0.7857 -0.2712 0.5559
vn -0.7286 -0.4001 0.5559
vn -0.6505 -0.5175 0.5559
vn -0.5537 -0.62 0.5559
vn -0.404 -0.5795 0.7078
vn 0.183 -0.8748 -0.4485
vn -0.6512 -0.6124 -0.4483
vn 0.338 -0.827 -0.4492
vn 0.4769 -0.7554 -0.4494
vn 0.5806 -0.6797 -0.4483
vn 0.6988 -0.5566 -0.4493
vn 0.8314 -0.3275 -0.449
vn 0.7166 -0.4207 -0.5562
vn 0.8748 -0.1822 -0.449
vn 0.893 -0.0316 -0.449
vn 0.8567 0.2547 -0.4485
vn 0.8251 0.0997 -0.5562
vn 0.7927 0.4127 -0.4487
vn 0.0625 0.8915 -0.4487
vn 0.1952 0.8079 -0.5561
vn 0.6884 0.5693 -0.4494
vn 0.404 0.5795 -0.7078
vn 0.4009 0.7293 -0.5545
vn 0.3048 0.7737 -0.5554
vn -0.1263 0.8843 -0.4495
vn -0.1825 0.6818 -0.7084
vn -0.4015 0.8363 -0.3734
vn -0.5357 0.715 -0.4493
vn -0.649 0.6139 -0.4493
vn -0.7435 0.4953 -0.4494
vn -0.8575 0.2511 -0.449
vn -0.7497 0.3584 -0.5562
vn -0.8877 0.1026 -0.4488
vn -0.8925 -0.0442 -0.4489
vn -0.871 -0.1998 -0.4488
vn -0.8212 -0.3528 -0.4484
vn -0.1285 -0.8846 -0.4483
vn -0.2518 -0.7921 -0.556
f 1//1 2//2 3//3
f 1//1 3//3 4//4
f 4//4 3//3 5//5
f 4//4 5//5 6//6
f 6//6 5//5 7//7
f 6//6 7//7 8//8
f 8//8 7//7 9//9
f 8//8 9//9 10//10
f 10//10 9//9 11//11
f 10//10 11//11 12//12
f 12//12 11//11 13//13
f 12//12 13//13 14//14
f 14//14 13//13 15//15
f 14//14 15//15 16//16
f 16//16 15//15 17//17
f 16//16 17//17 18//18
f 18//18 17//17 19//19
f 18//18 19//19 20//20
f 20//20 19//19 21//21
f 20//20 21//21 22//22
f 22//22 21//21 23//23
f 22//22 23//23 24//24
f 24//24 23//23 25//25
f 24//24 25//25 26//26
f 26//26 25//25 27//27
f 26//26 27//27 28//28
f 28//28 27//27 29//29
f 28//28 29//29 30//30
f 30//30 29//29 31//31
f 30//30 31//31 32//32
f 32//32 31//31 33//33
f 32//32 33//33 34//34
f 34//34 33//33 35//35
f 34//34 35//35 36//36
f 36//36 35//35 37//37
f 36//36 37//37 38//38
f 38//38 37//37 39//39
f 38//38 39//39 40//40
f 40//40 39//39 41//41
f 40//40 41//41 42//42
f 43//43 44//44 45//45
f 45//45 44//44 46//46
f 47//47 48//48 49//49
f 50//50 51//51 52//52
f 49//49 53//53 47//47
f 47//47 53//53 54//54
f 47//47 54//54 55//55
f 55//55 54//54 56//56
f 55//55 56//56 57//57
f 57//57 56//56 58//58
f 57//57 58//58 59//59
f 59//59 58//58 60//60
f 59//59 60//60 61//61
f 61//61 60//60 62//62
f 61//61 63//63 59//59
f 59//59 63//63 64//64
f 59//59 64//64 65//65
f 65//65 64//64 66//66
f 65//65 66//66 67//67
f 67//67 66//66 68//68
f 67//67 68//68 69//69
f 69//69 68//68 70//70
f 69//69 70//70 71//71
f 71//71 70//70 72//72
f 71//71 72//72 73//73
f 73//73 72//72 74//74
f 73//73 74//74 75//75
f 75//75 74//74 76//76
f 75//75 76//76 77//77
f 77//77 76//76 78//78
f 77//77 78//78 79//79
f 80//80 50//50 81//81
f 81//81 50//50 52//52
f 81//81 52//52 82//82
f 82//82 52//52 83//58
f 82//82 83//58 84//83
f 84//83 83//58 85//84
f 84//83 85//84 44//44
f 44//44 85//84 86//85
f 44//44 86//85 46//46
f 79//79 78//78 87//86
f 87//86 78//78 88//87
f 87//86 88//87 89//88
f 89//88 88//87 90//89
f 89//88 90//89 91//90
f 91//90 90//89 92//91
f 91//90 92//91 93//92
f 93//92 92//91 94//93
f 93//92 94//93 95//94
f 95//94 94//93 96//95
f 95//94 96//95 97//96
f 97//96 96//95 98//97
f 97//96 98//97 81//81
f 81//81 98//97 99//98
f 81//81 99//98 80//80
f 100//99 101//100 102//101
f 100//99 102//101 103//102
f 102//101 104//103 103//102
f 103//102 104//103 105//104
f 103//102 105//104 106//105
f 106//105 105//104 107//106
f 107//106 108//107 106//105
f 106//105 108//107 109//108
f 106//105 109//108 110//109
f 110//109 111//110 106//105
f 106//105 111//110 112//111
f 106//105 112//111 113//112
f 114//113 115//114 116//115
f 116//115 115//114 117//116
f 116//115 117//116 118//117
f 118//117 119//118 116//115
f 116//115 119//118 120//119
f 116//115 120//119 121//120
f 121//120 122//121 116//115
f 116//115 122//121 123//122
f 116//115 123//122 124//123
f 124//123 123//122 125//124
f 124//123 125//124 126//125
f 126//125 125//124 127//126
f 127//126 125//124 128//127
f 127//126 128//127 129//128
f 128//127 130//129 129//128
f 129//128 130//129 131//130
f 129//128 131//130 132//131
f 133//132 134//133 135//134
f 133//132 135//134 136//135
f 132//131 137//136 129//128
f 129//128 137//136 138//137
f 129//128 138//137 139//138
f 140//139 141//140 135//134
f 135//134 141//140 142//141
f 135//134 142//141 136//135
f 134//133 143//142 135//134
f 135//134 143//142 144//143
f 135//134 144//143 145//144
f 144//143 146//145 145//144
f 145//144 146//145 147//146
f 145//144 147//146 100//99
f 100//99 147//146 148//147
f 100//99 148//147 101//100
f 149//148 150//149 151//150
f 151//150 150//149 152//151
f 151//150 152//151 153//152
f 153//152 152//151 154//153
f 153//152 154//153 155//154
f 155//154 154//153 156//155
f 155//154 156//155 157//156
f 157//156 156//155 158//157
f 157//156 158//157 159//158
f 159//158 158//157 160//159
f 159//158 160//159 161//160
f 161//160 160//159 162//161
f 161//160 162//161 163//162
f 163//162 162//161 164//163
f 163//162 164//163 165//164
f 165//164 164//163 166//165
f 165//164 166//165 167//166
f 167//166 166//165 168//167
f 167//166 168//167 169//168
f 169//168 168//167 170//169
f 169//168 170//169 171//170
f 170//169 172//171 171//170
f 171//170 172//171 173//172
f 171//170 173//172 174//173
f 174//173 173//172 175//174
f 174//173 175//174 176//175
f 176//175 175//174 177//176
f 176//175 177//176 178//177
f 178//177 177//176 179//178
f 178//177 179//178 180//179
f 180//179 179//178 181//180
f 180//179 181//180 182//181
f 182//181 181//180 183//182
f 182//181 183//182 184//183
f 184//183 183//182 185//184
f 184//183 185//184 186//185
f 186//185 185//184 187//186
f 186//185 187//186 188//187
f 188//187 187//186 189//188
f 188//187 189//188 190//189
f 190//189 189//188 191//190
f 190//189 191//190 192//191
f 192//191 191//190 193//192
f 192//191 193//192 194//193
f 193//192 195//194 194//193
f 194//193 195//194 196//195
f 194//193 196//195 197//196
f 197//196 196//195 198//197
f 197//196 198//197 199//198
f 199//198 198//197 200//199
f 199//198 200//199 201//200
f 201//200 200//199 202//201
f 201//200 202//201 203//202
f 203//202 202//201 204//203
f 203//202 204//203 205//204
f 205//204 204//203 206//205
f 205//204 206//205 207//206
f 207//206 206//205 208//207
f 207//206 208//207 209//208
f 209//208 208//207 210//209
f 209//208 210//209 211//210
f 211//210 210//209 212//211
f 211//210 212//211 213//212
f 213//212 212//211 214//213
f 213//212 214//213 215//214
f 215//214 214//213 216//215
f 215//214 216//215 217//216
f 216//215 218//217 217//216
f 217//216 218//217 219//218
f 217//216 219//218 220//219
f 220//219 219//218 221//220
f 220//219 221//220 222//221
f 222//221 221//220 223//222
f 222//221 223//222 224//223
f 224//223 223//222 225//224
f 224//223 225//224 226//225
f 226//225 225//224 227//226
f 226//225 227//226 116//115
f 116//115 227//226 106//105
f 116//115 106//105 114//113
f 114//113 106//105 113//112
f 139//138 140//139 129//128
f 129//128 140//139 135//134
f 129//128 135//134 228//227
f 228//227 135//134 229//228
f 228//227 229//228 230//229
f 230//229 229//228 231//230
f 230//229 231//230 232//231
f 232//231 231//230 233//232
f 232//231 233//232 234//233
f 233//232 235//234 234//233
f 234//233 235//234 236//235
f 234//233 236//235 237//236
f 237//236 236//235 238//237
f 237//236 238//237 239//238
f 239//238 238//237 240//239
f 239//238 240//239 241//240
f 241//240 240//239 242//241
f 241//240 242//241 243//242
f 243//242 242//241 244//243
f 243//242 244//243 245//244
f 245//244 244//243 246//245
f 245//244 246//245 247//246
f 247//246 246//245 248//247
f 247//246 248//247 249//248
f 249//248 248//247 250//249
f 249//248 250//249 251//250
f 251//250 250//249 252//251
f 251//250 252//251 253//252
f 253//252 252//251 254//253
f 253//252 254//253 255//254
f 255//254 254//253 256//255
f 255//254 256//255 257//256
f 256//255 258//257 257//256
f 257//256 258//257 259//258
f 257//256 259//258 260//259
f 260//259 259//258 261//260
f 260//259 261//260 262//261
f 262//261 261//260 263//262
f 262//261 263//262 264//263
f 264//263 263//262 265//264
f 264//263 265//264 266//265
f 266//265 265//264 267//266
f 266//265 267//266 268//267
f 268//267 267//266 269//268
f 268//267 269//268 270//269
f 270//269 269//268 271//270
f 270//269 271//270 272//271
f 272//271 271//270 273//272
f 272//271 273//272 274//273
f 274//273 273//272 275//274
f 274//273 275//274 276//275
f 276//275 275//274 277//276
f 276//275 277//276 278//277
f 278//277 277//276 279//278
f 278//277 279//278 280//279
f 279//278 281//280 280//279
f 280//279 281//280 282//281
f 280//279 282//281 283//282
f 283//282 282//281 284//283
f 283//282 284//283 285//284
f 285//284 284//283 286//285
f 285//284 286//285 287//286
f 287//286 286//285 288//287
f 287//286 288//287 289//288
f 289//288 288//287 290//289
f 289//288 290//289 291//290
f 291//290 290//289 292//291
f 291//290 292//291 293//292
f 293//292 292//291 294//293
f 293//292 294//293 295//294
f 295//294 294//293 296//295
f 295//294 296//295 297//296
f 297//296 296//295 298//297
f 297//296 298//297 299//298
f 299//298 298//297 300//299
f 299//298 300//299 301//300
f 301//300 300//299 302//301
f 301//300 302//301 303//302
f 302//301 304//303 303//302
f 303//302 304//303 305//304
f 303//302 305//304 149//148
f 149//148 305//304 306//305
f 149//148 306//305 150//149
f 307//306 308//307 309//308
f 310//309 311//310 312//311
f 313//312 314//313 315//314
f 316//315 317//316 318//317
f 319//318 320//319 321//320
f 321//320 320//319 322//321
f 323//322 324//323 325//324
f 325//324 324//323 326//325
f 326//325 324//323 327//326
f 327//326 324//323 328//327
f 327//326 328//327 329//328
f 330//329 331//330 332//331
f 330//329 332//331 333//332
f 332//331 334//333 333//332
f 333//332 334//333 335//334
f 333//332 335//334 328//327
f 328//327 335//334 336//335
f 328//327 336//335 329//328
f 331//330 330//329 337//336
f 337//336 330//329 338//337
f 337//336 338//337 339//338
f 339//338 338//337 340//339
f 340//339 338//337 341//340
f 340//339 341//340 342//341
f 343//342 344//343 345//344
f 345//344 344//343 346//345
f 345//344 346//345 347//346
f 345//344 348//347 343//342
f 343//342 348//347 349//348
f 343//342 349//348 341//340
f 341//340 349//348 350//349
f 341//340 350//349 342//341
f 351//350 352//351 353//352
f 353//352 352//351 354//353
f 353//352 354//353 355//354
f 355//354 354//353 356//355
f 355//354 356//355 357//356
f 357//356 356//355 358//357
f 357//356 358//357 359//358
f 359//358 358//357 360//359
f 359//358 360//359 361//360
f 361//360 360//359 362//361
f 361//360 362//361 363//362
f 363//362 362//361 364//363
f 363//362 364//363 365//364
f 365//364 364//363 366//365
f 365//364 366//365 367//366
f 367//366 366//365 368//367
f 367//366 368//367 369//368
f 369//368 368//367 370//369
f 369//368 370//369 371//370
f 371//370 370//369 372//371
f 371//370 372//371 373//372
f 373//372 372//371 374//373
f 373//372 374//373 375//374
f 375//374 374//373 376//375
f 375//374 376//375 377//376
f 377//376 376//375 378//377
f 377//376 378//377 379//378
f 379//378 378//377 380//379
f 379//378 380//379 381//380
f 381//380 380//379 382//381
f 381//380 382//381 383//382
f 383//382 382//381 384//383
f 383//382 384//383 385//384
f 385//384 384//383 386//385
f 385//384 386//385 387//386
f 387//386 386//385 388//387
f 387//386 388//387 389//388
f 389//388 388//387 390//389
f 389//388 390//389 391//390
f 391//390 390//389 392//391
f 391//390 392//391 393//392
f 393//392 392//391 394//393
f 393//392 394//393 395//394
f 395//394 394//393 396//395
f 395//394 396//395 397//396
f 397//396 396//395 398//397
f 397//396 398//397 399//398
f 399//398 398//397 400//399
f 399//398 400//399 401//400
f 401//400 400//399 402//401
f 401//400 402//401 403//402
f 403//402 402//401 404//403
f 403//402 404//403 405//404
f 405//404 404//403 406//405
f 405//404 406//405 407//406
f 407//406 406//405 408//407
f 407//406 408//407 409//408
f 409//408 408//407 410//409
f 409//408 410//409 411//410
f 411//410 410//409 412//411
f 411//410 412//411 347//346
f 347//346 412//411 413//412
f 347//346 413//412 345//344
f 353//352 414//413 351//350
f 351//350 414//413 415//414
f 351//350 415//414 416//415
f 416//415 415//414 417//416
f 416//415 417//416 418//417
f 418//417 417//416 419//418
f 418//417 419//418 420//419
f 420//419 419//418 421//420
f 420//419 421//420 422//421
f 422//421 421//420 423//422
f 422//421 423//422 424//423
f 424//423 423//422 425//424
f 424//423 425//424 426//425
f 426//425 425//424 427//426
f 426//425 427//426 428//427
f 428//427 427//426 429//428
f 428//427 429//428 430//429
f 430//429 429//428 431//430
f 430//429 431//430 432//431
f 432//431 431//430 433//432
f 432//431 433//432 434//433
f 434//433 433//432 435//434
f 433//432 436//435 435//434
f 435//434 436//435 437//436
f 435//434 437//436 438//437
f 438//437 437//436 439//438
f 437//436 440//439 439//438
f 439//438 440//439 441//440
f 439//438 441//440 442//441
f 442//441 441//440 443//442
f 442//441 443//442 444//443
f 444//443 443//442 445//444
f 444//443 445//444 446//445
f 446//445 445//444 447//446
f 446//445 447//446 448//447
f 448//447 447//446 449//448
f 448//447 449//448 450//449
f 450//449 449//448 451//450
f 451//450 449//448 452//451
f 451//450 452//451 453//452
f 452//451 454//453 453//452
f 453//452 454//453 455//454
f 453//452 455//454 456//455
f 456//455 455//454 457//456
f 455//454 458//457 457//456
f 457//456 458//457 459//458
f 457//456 459//458 460//459
f 460//459 459//458 461//460
f 459//458 462//461 461//460
f 461//460 462//461 463//462
f 461//460 463//462 464//463
f 464//463 463//462 465//464
f 463//462 466//465 465//464
f 465//464 466//465 467//466
f 465//464 467//466 468//467
f 468//467 467//466 469//468
f 468//467 469//468 470//469
f 470//469 469//468 471//470
f 470//469 471//470 472//471
f 472//471 471//470 473//472
f 472//471 473//472 474//473
f 474//473 473//472 475//474
f 473//472 476//475 475//474
f 475//474 476//475 477//476
f 475//474 477//476 478//477
f 478//477 477//476 479//478
f 477//476 480//479 479//478
f 479//478 480//479 481//480
f 479//478 481//480 482//481
f 482//481 481//480 483//482
f 483//482 481//480 484//483
f 483//482 484//483 485//484
f 485//484 484//483 486//485
f 485//484 486//485 487//486
f 487//486 486//485 488//487
f 487//486 488//487 489//488
f 488//487 490//489 489//488
f 489//488 490//489 491//490
f 489//488 491//490 492//491
f 492//491 491//490 493//492
f 492//491 493//492 494//493
f 494//493 493//492 495//494
f 495//494 493//492 496//495
f 495//494 496//495 497//496
f 497//496 496//495 498//497
f 497//496 498//497 499//498
f 322//321 320//319 499//498
f 499//498 320//319 500//499
f 499//498 500//499 497//496
f 501//500 502//501 503//502
f 319//318 321//320 503//502
f 503//502 321//320 504//503
f 503//502 504//503 501//500
f 505//504 506//505 507//506
f 502//501 501//500 507//506
f 507//506 501//500 508//507
f 507//506 508//507 505//504
f 506//505 505//504 509//508
f 509//508 505//504 510//509
f 509//508 510//509 317//316
f 317//316 510//509 511//510
f 317//316 511//510 318//317
f 316//315 318//317 512//511
f 512//511 318//317 513//512
f 512//511 513//512 514//513
f 514//513 513//512 515//514
f 514//513 515//514 516//515
f 516//515 515//514 517//516
f 516//515 517//516 518//517
f 313//312 315//314 518//517
f 518//517 315//314 519//518
f 518//517 519//518 516//515
f 520//519 521//520 522//521
f 522//521 521//520 523//522
f 520//519 522//521 314//313
f 314//313 522//521 524//523
f 314//313 524//523 315//314
f 523//522 521//520 525//524
f 525//524 521//520 526//525
f 525//524 526//525 527//526
f 526//525 528//527 527//526
f 527//526 528//527 529//528
f 527//526 529//528 530//529
f 530//529 529//528 531//530
f 529//528 532//531 531//530
f 531//530 532//531 533//532
f 531//530 533//532 534//533
f 534//533 533//532 535//534
f 533//532 536//535 535//534
f 535//534 536//535 537//536
f 535//534 537//536 538//537
f 538//537 537//536 539//538
f 537//536 540//539 539//538
f 539//538 540//539 541//540
f 539//538 541//540 542//541
f 542//541 541//540 543//542
f 543//542 541//540 544//543
f 543//542 544//543 545//544
f 545//544 544//543 546//545
f 545//544 546//545 547//546
f 547//546 546//545 548//547
f 547//546 548//547 549//548
f 549//548 548//547 550//549
f 549//548 550//549 551//550
f 551//550 550//549 552//551
f 551//550 552//551 553//552
f 553//552 552//551 554//553
f 553//552 554//553 555//554
f 555//554 554//553 556//555
f 555//554 556//555 557//556
f 556//555 558//557 557//556
f 557//556 558//557 559//558
f 557//556 559//558 560//559
f 560//559 559//558 561//560
f 560//559 561//560 562//561
f 562//561 561//560 563//562
f 562//561 563//562 564//563
f 564//563 563//562 565//564
f 564//563 565//564 566//565
f 566//565 565//564 567//566
f 566//565 567//566 568//567
f 568//567 567//566 569//568
f 569//568 567//566 570//569
f 569//568 570//569 571//570
f 571//570 570//569 572//571
f 571//570 572//571 573//572
f 573//572 572//571 574//573
f 573//572 574//573 575//574
f 575//574 574//573 576//575
f 575//574 576//575 577//576
f 312//311 311//310 577//576
f 577//576 311//310 578//577
f 577//576 578//577 575//574
f 312//311 579//578 310//309
f 310//309 579//578 580//579
f 310//309 580//579 581//580
f 581//580 580//579 582//581
f 581//580 582//581 583//582
f 583//582 582//581 584//583
f 583//582 584//583 585//584
f 585//584 584//583 586//585
f 586//585 584//583 587//586
f 586//585 587//586 588//587
f 588//587 587//586 589//588
f 588//587 589//588 590//589
f 590//589 589//588 591//590
f 590//589 591//590 592//591
f 592//591 591//590 593//592
f 592//591 593//592 594//593
f 593//592 595//594 594//593
f 594//593 595//594 596//595
f 594//593 596//595 597//596
f 597//596 596//595 598//597
f 597//596 598//597 599//598
f 599//598 598//597 600//599
f 599//598 600//599 601//600
f 601//600 600//599 602//601
f 601//600 602//601 603//602
f 603//602 602//601 604//603
f 603//602 604//603 605//604
f 605//604 604//603 606//605
f 605//604 606//605 607//606
f 607//606 606//605 608//607
f 607//606 608//607 609//608
f 609//608 608//607 610//609
f 610//609 608//607 611//610
f 610//609 611//610 612//611
f 612//611 611//610 613//612
f 612//611 613//612 614//613
f 614//613 613//612 615//614
f 614//613 615//614 616//615
f 616//615 615//614 617//616
f 616//615 617//616 618//617
f 618//617 617//616 619//618
f 618//617 619//618 620//619
f 619//618 621//620 620//619
f 620//619 621//620 622//621
f 620//619 622//621 623//622
f 623//622 622//621 624//623
f 623//622 624//623 625//624
f 625//624 624//623 626//625
f 625//624 626//625 627//626
f 627//626 626//625 628//627
f 627//626 628//627 629//628
f 629//628 628//627 630//629
f 309//308 308//307 631//630
f 631//630 308//307 632//631
f 631//630 632//631 633//632
f 633//632 632//631 634//633
f 633//632 634//633 635//634
f 635//634 634//633 636//635
f 635//634 636//635 637//636
f 637//636 636//635 638//637
f 637//636 638//637 639//638
f 639//638 638//637 640//639
f 639//638 640//639 630//629
f 630//629 640//639 641//640
f 630//629 641//640 629//628
f 309//308 642//641 307//306
f 307//306 642//641 643//642
f 307//306 643//642 644//643
f 644//643 643//642 645//644
f 644//643 645//644 646//645
f 646//645 645//644 647//646
f 646//645 647//646 648//647
f 648//647 647//646 649//648
f 648//647 649//648 650//649
f 650//649 649//648 651//650
f 651//650 649//648 652//651
f 651//650 652//651 653//652
f 653//652 652//651 654//653
f 653//652 654//653 655//654
f 655//654 654//653 656//655
f 655//654 656//655 657//656
f 657//656 656//655 658//657
f 657//656 658//657 659//658
f 659//658 658//657 660//659
f 659//658 660//659 661//660
f 661//660 660//659 662//661
f 661//660 662//661 663//662
f 663//662 662//661 664//663
f 663//662 664//663 665//664
f 664//663 666//665 665//664
f 665//664 666//665 667//666
f 665//664 667//666 668//667
f 668//667 667//666 669//668
f 668//667 669//668 670//669
f 670//669 669//668 671//670
f 670//669 671//670 672//671
f 672//671 671//670 673//672
f 673//672 671//670 674//673
f 673//672 674//673 675//674
f 675//674 674//673 676//675
f 675//674 676//675 677//676
f 677//676 676//675 678//677
f 677//676 678//677 679//678
f 679//678 678//677 680//679
f 679//678 680//679 681//680
f 681//680 680//679 682//681
f 681//680 682//681 683//682
f 683//682 682//681 684//683
f 683//682 684//683 685//684
f 685//684 684//683 686//685
f 685//684 686//685 687//686
f 686//685 688//687 687//686
f 687//686 688//687 689//688
f 687//686 689//688 690//689
f 690//689 689//688 691//690
f 690//689 691//690 692//691
f 693//692 694//693 695//694
f 695//694 694//693 696//695
f 692//691 691//690 697//696
f 697//696 691//690 698//697
f 697//696 698//697 699//698
f 699//698 698//697 700//699
f 699//698 700//699 701//700
f 701//700 700//699 702//701
f 701//700 702//701 703//702
f 703//702 702//701 704//703
f 703//702 704//703 705//704
f 705//704 704//703 706//705
f 705//704 706//705 707//706
f 707//706 706//705 708//707
f 707//706 708//707 709//708
f 709//708 708//707 710//709
f 709//708 710//709 711//710
f 711//710 710//709 712//711
f 711//710 712//711 713//712
f 713//712 712//711 714//713
f 713//712 714//713 696//695
f 696//695 714//713 715//714
f 696//695 715//714 695//694
f 716//715 717//716 718//717
f 718//717 717//716 719//718
f 719//718 717//716 720//719
f 720//719 717//716 721//720
f 720//719 721//720 722//721
f 722//721 721//720 723//722
f 723//722 721//720 724//723
f 723//722 724//723 725//724
f 725//724 724//723 726//725
f 726//725 724//723 727//726
f 726//725 727//726 728//727
f 729//728 730//729 727//726
f 727//726 730//729 731//730
f 727//726 731//730 728//727
f 732//731 733//732 734//733
f 732//731 734//733 735//734
f 734//733 736//735 735//734
f 735//734 736//735 737//736
f 735//734 737//736 729//728
f 729//728 737//736 738//737
f 729//728 738//737 730//729
f 733//732 732//731 739//738
f 739//738 732//731 740//739
f 739//738 740//739 741//740
f 741//740 740//739 742//741
f 741//740 742//741 743//742
f 743//742 742//741 744//743
f 743//742 744//743 745//744
f 745//744 744//743 746//745
f 745//744 746//745 747//746
f 747//746 746//745 748//747
f 747//746 748//747 749//748
f 749//748 748//747 750//749
f 749//748 750//749 751//750
f 751//750 750//749 752//751
f 751//750 752//751 693//692
f 693//692 752//751 753//752
f 693//692 753//752 694//693
f 754//753 755//754 756//755
f 757//756 758//757 756//755
f 756//755 758//757 759//758
f 756//755 759//758 754//753
f 760//759 761//760 756//755
f 756//755 761//760 762//761
f 756//755 762//761 757//756
f 763//762 764//763 756//755
f 756//755 764//763 765//764
f 756//755 765//764 760//759
f 766//765 767//766 756//755
f 756//755 767//766 768//767
f 756//755 768//767 763//762
f 769//768 770//769 756//755
f 756//755 770//769 771//770
f 756//755 771//770 766//765
f 772//771 773//772 756//755
f 756//755 773//772 774//773
f 756//755 774//773 769//768
f 775//774 776//775 756//755
f 756//755 776//775 777//776
f 756//755 777//776 772//771
f 778//777 779//778 756//755
f 756//755 779//778 780//779
f 756//755 780//779 775//774
f 781//780 782//781 756//755
f 756//755 782//781 783//782
f 756//755 783//782 778//777
f 784//783 785//784 756//755
f 756//755 785//784 786//785
f 756//755 786//785 781//780
f 787//786 788//787 756//755
f 756//755 788//787 789//788
f 756//755 789//788 784//783
f 755//754 790//789 756//755
f 756//755 790//789 791//790
f 756//755 791//790 787//786
f 754//753 792//58 755//754
f 755//754 792//58 793//791
f 755//754 793//791 790//789
f 790//789 793//791 794//792
f 790//789 794//792 791//790
f 791//790 794//792 795//793
f 791//790 795//793 787//786
f 787//786 795//793 796//794
f 787//786 796//794 788//787
f 788//787 796//794 797//795
f 788//787 797//795 789//788
f 789//788 797//795 798//796
f 789//788 798//796 784//783
f 784//783 798//796 799//797
f 784//783 799//797 785//784
f 785//784 799//797 800//798
f 785//784 800//798 786//785
f 786//785 800//798 801//799
f 786//785 801//799 781//780
f 781//780 801//799 802//800
f 781//780 802//800 782//781
f 782//781 802//800 803//801
f 782//781 803//801 783//782
f 783//782 803//801 804//802
f 783//782 804//802 778//777
f 778//777 804//802 805//803
f 778//777 805//803 779//778
f 779//778 805//803 806//804
f 779//778 806//804 780//779
f 780//779 806//804 807//805
f 780//779 807//805 775//774
f 775//774 807//805 808//806
f 775//774 808//806 776//775
f 776//775 808//806 809//807
f 776//775 809//807 777//776
f 777//776 809//807 810//808
f 777//776 810//808 772//771
f 772//771 810//808 811//809
f 772//771 811//809 773//772
f 773//772 811//809 812//810
f 773//772 812//810 774//773
f 774//773 812//810 813//811
f 774//773 813//811 769//768
f 769//768 813//811 814//812
f 769//768 814//812 770//769
f 770//769 814//812 815//813
f 770//769 815//813 771//770
f 771//770 815//813 816//814
f 771//770 816//814 766//765
f 766//765 816//814 817//815
f 766//765 817//815 767//766
f 767//766 817//815 818//816
f 767//766 818//816 768//767
f 768//767 818//816 819//817
f 768//767 819//817 763//762
f 763//762 819//817 820//818
f 763//762 820//818 764//763
f 764//763 820//818 821//819
f 764//763 821//819 765//764
f 765//764 821//819 822//820
f 765//764 822//820 760//759
f 760//759 822//820 823//821
f 760//759 823//821 761//760
f 761//760 823//821 824//822
f 761//760 824//822 762//761
f 762//761 824//822 825//823
f 762//761 825//823 757//756
f 757//756 825//823 826//824
f 757//756 826//824 758//757
f 758//757 826//824 827//825
f 758//757 827//825 759//758
f 759//758 827//825 828//826
f 759//758 828//826 754//753
f 754//753 828//826 792//58
f 795//755 829//755 796//755
f 796//755 829//755 830//755
f 796//755 830//755 797//755
f 797//755 830//755 831//755
f 797//755 831//755 798//755
f 798//755 831//755 832//755
f 798//755 832//755 799//755
f 799//755 832//755 833//755
f 799//755 833//755 800//755
f 800//755 833//755 834//755
f 800//755 834//755 801//755
f 801//755 834//755 835//755
f 801//755 835//755 802//755
f 802//755 835//755 836//755
f 802//755 836//755 803//755
f 803//755 836//755 837//755
f 803//755 837//755 804//755
f 804//755 837//755 838//755
f 804//755 838//755 805//755
f 805//755 838//755 839//755
f 805//755 839//755 806//755
f 806//755 839//755 840//755
f 806//755 840//755 807//755
f 807//755 840//755 841//755
f 807//755 841//755 808//755
f 808//755 841//755 842//755
f 808//755 842//755 809//755
f 809//755 842//755 843//755
f 809//755 843//755 810//755
f 810//755 843//755 844//755
f 810//755 844//755 811//755
f 811//755 844//755 845//755
f 811//755 845//755 812//755
f 812//755 845//755 846//755
f 812//755 846//755 813//755
f 813//755 846//755 847//755
f 813//755 847//755 814//755
f 814//755 847//755 848//755
f 814//755 848//755 815//755
f 815//755 848//755 849//755
f 815//755 849//755 816//755
f 816//755 849//755 850//755
f 816//755 850//755 817//755
f 817//755 850//755 851//755
f 817//755 851//755 818//755
f 818//755 851//755 852//755
f 818//755 852//755 819//755
f 819//755 852//755 853//755
f 819//755 853//755 820//755
f 820//755 853//755 854//755
f 820//755 854//755 821//755
f 821//755 854//755 855//755
f 821//755 855//755 822//755
f 822//755 855//755 856//755
f 822//755 856//755 823//755
f 823//755 856//755 857//755
f 823//755 857//755 824//755
f 824//755 857//755 858//755
f 824//755 858//755 825//755
f 825//755 858//755 859//755
f 825//755 859//755 826//755
f 826//755 859//755 860//755
f 826//755 860//755 827//755
f 827//755 860//755 861//755
f 827//755 861//755 828//755
f 828//755 861//755 862//755
f 828//755 862//755 792//58
f 792//58 862//755 863//827
f 792//58 863//827 793//755
f 793//755 863//827 864//755
f 793//755 864//755 794//755
f 794//755 864//755 865//755
f 794//755 865//755 795//755
f 795//755 865//755 829//755
f 863//827 866//828 864//829
f 864//829 866//828 867//830
f 864//829 867//830 865//831
f 865//831 867//830 868//832
f 865//831 868//832 829//833
f 829//833 868//832 869//834
f 829//833 869//834 830//835
f 830//835 869//834 870//836
f 830//835 870//836 831//837
f 831//837 870//836 871//838
f 831//837 871//838 832//839
f 832//839 871//838 872//840
f 832//839 872//840 833//841
f 833//841 872//840 873//842
f 833//841 873//842 834//843
f 834//843 873//842 874//844
f 834//843 874//844 835//845
f 835//845 874//844 875//846
f 835//845 875//846 836//847
f 836//847 875//846 876//848
f 836//847 876//848 837//849
f 837//849 876//848 877//850
f 837//849 877//850 838//851
f 838//851 877//850 878//852
f 838//851 878//852 839//853
f 839//853 878//852 879//854
f 839//853 879//854 840//855
f 840//855 879//854 880//856
f 840//855 880//856 841//857
f 841//857 880//856 881//858
f 841//857 881//858 842//859
f 842//859 881//858 882//860
f 842//859 882//860 843//861
f 843//861 882//860 883//862
f 843//861 883//862 844//863
f 844//863 883//862 884//864
f 844//863 884//864 845//865
f 845//865 884//864 885//866
f 845//865 885//866 846//867
f 846//867 885//866 886//868
f 846//867 886//868 847//869
f 847//869 886//868 887//870
f 847//869 887//870 848//871
f 848//871 887//870 888//872
f 848//871 888//872 849//873
f 849//873 888//872 889//874
f 849//873 889//874 850//875
f 850//875 889//874 890//876
f 850//875 890//876 851//877
f 851//877 890//876 891//878
f 851//877 891//878 852//879
f 852//879 891//878 892//880
f 852//879 892//880 853//881
f 853//881 892//880 893//882
f 853//881 893//882 854//883
f 854//883 893//882 894//884
f 854//883 894//884 855//885
f 855//885 894//884 895//886
f 855//885 895//886 856//887
f 856//887 895//886 896//888
f 856//887 896//888 857//889
f 857//889 896//888 897//890
f 857//889 897//890 858//891
f 858//891 897//890 898//892
f 858//891 898//892 859//893
f 859//893 898//892 899//894
f 859//893 899//894 860//895
f 860//895 899//894 900//896
f 860//895 900//896 861//897
f 861//897 900//896 901//898
f 861//897 901//898 862//899
f 862//899 901//898 902//900
f 862//899 902//900 863//827
f 863//827 902//900 866//828
f 903//901 868//832 904//902
f 904//902 868//832 867//830
f 904//902 867//830 905//903
f 905//903 867//830 866//828
f 905//903 866//828 906//904
f 906//904 866//828 902//900
f 906//904 902//900 907//905
f 907//905 902//900 901//898
f 907//905 901//898 908//906
f 908//906 901//898 900//896
f 908//906 900//896 909//907
f 909//907 900//896 899//894
f 909//907 899//894 910//908
f 910//908 899//894 898//892
f 910//908 898//892 911//909
f 911//909 898//892 897//890
f 911//909 897//890 912//910
f 912//910 897//890 896//888
f 912//910 896//888 913//911
f 913//911 896//888 895//886
f 913//911 895//886 914//912
f 914//912 895//886 894//884
f 914//912 894//884 915//913
f 915//913 894//884 893//882
f 915//913 893//882 916//914
f 916//914 893//882 892//880
f 916//914 892//880 917//915
f 917//915 892//880 891//878
f 917//915 891//878 918//916
f 918//916 891//878 890//876
f 918//916 890//876 919//917
f 919//917 890//876 889//874
f 919//917 889//874 920//918
f 920//918 889//874 888//872
f 920//918 888//872 921//919
f 921//919 888//872 887//870
f 921//919 887//870 922//920
f 922//920 887//870 886//868
f 922//920 886//868 923//921
f 923//921 886//868 885//866
f 923//921 885//866 924//922
f 924//922 885//866 884//864
f 924//922 884//864 925//923
f 925//923 884//864 883//862
f 925//923 883//862 926//924
f 926//924 883//862 882//860
f 926//924 882//860 927//925
f 927//925 882//860 881//858
f 927//925 881//858 928//926
f 928//926 881//858 880//856
f 928//926 880//856 929//927
f 929//927 880//856 879//854
f 929//927 879//854 930//928
f 930//928 879//854 878//852
f 930//928 878//852 931//929
f 931//929 878//852 877//850
f 931//929 877//850 932//930
f 932//930 877//850 876//848
f 932//930 876//848 933//931
f 933//931 876//848 875//846
f 933//931 875//846 934//932
f 934//932 875//846 874//844
f 934//932 874//844 935//933
f 935//933 874//844 873//842
f 935//933 873//842 936//934
f 936//934 873//842 872//840
f 936//934 872//840 937//935
f 937//935 872//840 871//838
f 937//935 871//838 938//936
f 938//936 871//838 870//836
f 938//936 870//836 939//937
f 939//937 870//836 869//834
f 939//937 869//834 903//901
f 903//901 869//834 868//832
f 906//904 940//938 905//903
f 905//903 940//938 941//939
f 905//903 941//939 904//902
f 904//902 941//939 942//940
f 904//902 942//940 903//901
f 903//901 942//940 943//941
f 903//901 943//941 939//937
f 939//937 943//941 944//942
f 939//937 944//942 938//936
f 938//936 944//942 945//943
f 938//936 945//943 937//935
f 937//935 945//943 946//944
f 937//935 946//944 936//934
f 936//934 946//944 947//945
f 936//934 947//945 935//933
f 935//933 947//945 948//946
f 935//933 948//946 934//932
f 934//932 948//946 949//947
f 934//932 949//947 933//931
f 933//931 949//947 950//948
f 933//931 950//948 932//930
f 932//930 950//948 951//949
f 932//930 951//949 931//929
f 931//929 951//949 952//950
f 931//929 952//950 930//928
f 930//928 952//950 953//951
f 930//928 953//951 929//927
f 929//927 953//951 954//952
f 929//927 954//952 928//926
f 928//926 954//952 955//953
f 928//926 955//953 927//925
f 927//925 955//953 956//954
f 927//925 956//954 926//924
f 926//924 956//954 957//955
f 926//924 957//955 925//923
f 925//923 957//955 958//956
f 925//923 958//956 924//922
f 924//922 958//956 959//957
f 924//922 959//957 923//921
f 923//921 959//957 960//958
f 923//921 960//958 922//920
f 922//920 960//958 961//959
f 922//920 961//959 921//919
f 921//919 961//959 962//960
f 921//919 962//960 920//918
f 920//918 962//960 963//961
f 920//918 963//961 919//917
f 919//917 963//961 964//962
f 919//917 964//962 918//916
f 918//916 964//962 965//963
f 918//916 965//963 917//915
f 917//915 965//963 966//964
f 917//915 966//964 916//914
f 916//914 966//964 967//965
f 916//914 967//965 915//913
f 915//913 967//965 968//966
f 915//913 968//966 914//912
f 914//912 968//966 969//967
f 914//912 969//967 913//911
f 913//911 969//967 970//968
f 913//911 970//968 912//910
f 912//910 970//968 971//969
f 912//910 971//969 911//909
f 911//909 971//969 972//970
f 911//909 972//970 910//908
f 910//908 972//970 973//971
f 910//908 973//971 909//907
f 909//907 973//971 974//972
f 909//907 974//972 908//906
f 908//906 974//972 975//973
f 908//906 975//973 907//905
f 907//905 975//973 976//974
f 907//905 976//974 906//904
f 906//904 976//974 940//938
f 947//945 977//975 948//946
f 948//946 977//975 978//976
f 948//946 978//976 949//947
f 949//947 978//976 979//977
f 949//947 979//977 950//948
f 950//948 979//977 980//978
f 950//948 980//978 951//949
f 951//949 980//978 981//979
f 951//949 981//979 952//950
f 952//950 981//979 982//980
f 952//950 982//980 953//951
f 953//951 982//980 983//981
f 953//951 983//981 954//952
f 954//952 983//981 984//982
f 954//952 984//982 955//953
f 955//953 984//982 985//983
f 955//953 985//983 956//954
f 956//954 985//983 986//984
f 956//954 986//984 957//955
f 957//955 986//984 987//985
f 957//955 987//985 958//956
f 958//956 987//985 988//986
f 958//956 988//986 959//957
f 959//957 988//986 989//987
f 959//957 989//987 960//958
f 960//958 989//987 990//988
f 960//958 990//988 961//959
f 961//959 990//988 991//989
f 961//959 991//989 962//960
f 962//960 991//989 992//990
f 962//960 992//990 963//961
f 963//961 992//990 993//991
f 963//961 993//991 964//962
f 964//962 993//991 994//992
f 964//962 994//992 965//963
f 965//963 994//992 995//993
f 965//963 995//993 966//964
f 966//964 995//993 996//994
f 966//964 996//994 967//965
f 967//965 996//994 997//995
f 967//965 997//995 968//966
f 968//966 997//995 998//996
f 968//966 998//996 969//967
f 969//967 998//996 999//997
f 969//967 999//997 970//968
f 970//968 999//997 1000//998
f 970//968 1000//998 971//969
f 971//969 1000//998 1001//999
f 971//969 1001//999 972//970
f 972//970 1001//999 1002//1000
f 972//970 1002//1000 973//971
f 973//971 1002//1000 1003//1001
f 973//971 1003//1001 974//972
f 974//972 1003//1001 1004//1002
f 974//972 1004//1002 975//973
f 975//973 1004//1002 1005//1003
f 975//973 1005//1003 976//974
f 976//974 1005//1003 1006//827
f 976//974 1006//827 940//938
f 940//938 1006//827 1007//1004
f 940//938 1007//1004 941//939
f 941//939 1007//1004 1008//1005
f 941//939 1008//1005 942//940
f 942//940 1008//1005 1009//1006
f 942//940 1009//1006 943//941
f 943//941 1009//1006 1010//1007
f 943//941 1010//1007 944//942
f 944//942 1010//1007 1011//1008
f 944//942 1011//1008 945//943
f 945//943 1011//1008 1012//1009
f 945//943 1012//1009 946//944
f 946//944 1012//1009 1013//1010
f 946//944 1013//1010 947//945
f 947//945 1013//1010 977//975
f 1006//827 1014//938 1007//1004
f 1007//1004 1014//938 1015//939
f 1007//1004 1015//939 1008//1005
f 1008//1005 1015//939 1016//1011
f 1008//1005 1016//1011 1009//1006
f 1009//1006 1016//1011 1017//941
f 1009//1006 1017//941 1010//1007
f 1010//1007 1017//941 1018//942
f 1010//1007 1018//942 1011//1008
f 1011//1008 1018//942 1019//1012
f 1011//1008 1019//1012 1012//1009
f 1012//1009 1019//1012 1020//944
f 1012//1009 1020//944 1013//1010
f 1013//1010 1020//944 1021//945
f 1013//1010 1021//945 977//975
f 977//975 1021//945 1022//1013
f 977//975 1022//1013 978//976
f 978//976 1022//1013 1023//947
f 978//976 1023//947 979//977
f 979//977 1023//947 1024//948
f 979//977 1024//948 980//978
f 980//978 1024//948 1025//1014
f 980//978 1025//1014 981//979
f 981//979 1025//1014 1026//950
f 981//979 1026//950 982//980
f 982//980 1026//950 1027//951
f 982//980 1027//951 983//981
f 983//981 1027//951 1028//1015
f 983//981 1028//1015 984//982
f 984//982 1028//1015 1029//953
f 984//982 1029//953 985//983
f 985//983 1029//953 1030//954
f 985//983 1030//954 986//984
f 986//984 1030//954 1031//1016
f 986//984 1031//1016 987//985
f 987//985 1031//1016 1032//956
f 987//985 1032//956 988//986
f 988//986 1032//956 1033//957
f 988//986 1033//957 989//987
f 989//987 1033//957 1034//1017
f 989//987 1034//1017 990//988
f 990//988 1034//1017 1035//959
f 990//988 1035//959 991//989
f 991//989 1035//959 1036//960
f 991//989 1036//960 992//990
f 992//990 1036//960 1037//1018
f 992//990 1037//1018 993//991
f 993//991 1037//1018 1038//962
f 993//991 1038//962 994//992
f 994//992 1038//962 1039//963
f 994//992 1039//963 995//993
f 995//993 1039//963 1040//1019
f 995//993 1040//1019 996//994
f 996//994 1040//1019 1041//965
f 996//994 1041//965 997//995
f 997//995 1041//965 1042//966
f 997//995 1042//966 998//996
f 998//996 1042//966 1043//1020
f 998//996 1043//1020 999//997
f 999//997 1043//1020 1044//1021
f 999//997 1044//1021 1000//998
f 1000//998 1044//1021 1045//969
f 1000//998 1045//969 1001//999
f 1001//999 1045//969 1046//1022
f 1001//999 1046//1022 1002//1000
f 1002//1000 1046//1022 1047//971
f 1002//1000 1047//971 1003//1001
f 1003//1001 1047//971 1048//972
f 1003//1001 1048//972 1004//1002
f 1004//1002 1048//972 1049//973
f 1004//1002 1049//973 1005//1003
f 1005//1003 1049//973 1050//1023
f 1005//1003 1050//1023 1006//827
f 1006//827 1050//1023 1014//938
f 1046//1022 1051//1024 1047//971
f 1047//971 1051//1024 1052//1025
f 1047//971 1052//1025 1048//972
f 1048//972 1052//1025 1053//1026
f 1048//972 1053//1026 1049//973
f 1049//973 1053//1026 1054//1027
f 1049//973 1054//1027 1050//1023
f 1043//1020 1055//1028 1044//1021
f 1044//1021 1055//1028 1056//1029
f 1044//1021 1056//1029 1045//969
f 1045//969 1056//1029 1057//1030
f 1045//969 1057//1030 1046//1022
f 1046//1022 1057//1030 1058//1031
f 1046//1022 1058//1031 1051//1024
f 1040//1019 1059//1032 1041//965
f 1041//965 1059//1032 1060//1033
f 1041//965 1060//1033 1042//966
f 1042//966 1060//1033 1061//1034
f 1042//966 1061//1034 1043//1020
f 1043//1020 1061//1034 1062//1035
f 1043//1020 1062//1035 1055//1028
f 1037//1018 1063//1036 1038//962
f 1038//962 1063//1036 1064//1037
f 1038//962 1064//1037 1039//963
f 1039//963 1064//1037 1065//1038
f 1039//963 1065//1038 1040//1019
f 1040//1019 1065//1038 1066//1039
f 1040//1019 1066//1039 1059//1032
f 1034//1017 1067//1040 1035//959
f 1035//959 1067//1040 1068//1041
f 1035//959 1068//1041 1036//960
f 1036//960 1068//1041 1069//1042
f 1036//960 1069//1042 1037//1018
f 1037//1018 1069//1042 1070//1043
f 1037//1018 1070//1043 1063//1036
f 1016//1011 1071//1044 1017//941
f 1017//941 1071//1044 1072//1045
f 1017//941 1072//1045 1018//942
f 1018//942 1072//1045 1073//1046
f 1018//942 1073//1046 1019//1012
f 1054//1027 1074//1047 1050//1023
f 1050//1023 1074//1047 1075//1048
f 1050//1023 1075//1048 1014//938
f 1014//938 1075//1048 1076//1049
f 1014//938 1076//1049 1015//939
f 1015//939 1076//1049 1077//1050
f 1015//939 1077//1050 1016//1011
f 1016//1011 1077//1050 1078//1051
f 1016//1011 1078//1051 1071//1044
f 1022//1013 1079//1052 1023//947
f 1023//947 1079//1052 1080//1053
f 1023//947 1080//1053 1024//948
f 1024//948 1080//1053 1081//1054
f 1024//948 1081//1054 1025//1014
f 1031//1016 1082//1055 1032//956
f 1032//956 1082//1055 1083//1056
f 1032//956 1083//1056 1033//957
f 1033//957 1083//1056 1084//1057
f 1033//957 1084//1057 1034//1017
f 1034//1017 1084//1057 1085//1058
f 1034//1017 1085//1058 1067//1040
f 1028//1015 1086//1059 1029//953
f 1029//953 1086//1059 1087//1060
f 1029//953 1087//1060 1030//954
f 1030//954 1087//1060 1088//1061
f 1030//954 1088//1061 1031//1016
f 1031//1016 1088//1061 1089//1062
f 1031//1016 1089//1062 1082//1055
f 1073//1046 1090//1063 1019//1012
f 1019//1012 1090//1063 1091//1064
f 1019//1012 1091//1064 1020//944
f 1020//944 1091//1064 1092//1065
f 1020//944 1092//1065 1021//945
f 1021//945 1092//1065 1093//1066
f 1021//945 1093//1066 1022//1013
f 1022//1013 1093//1066 1094//1067
f 1022//1013 1094//1067 1079//1052
f 1081//1054 1095//1068 1025//1014
f 1025//1014 1095//1068 1096//1069
f 1025//1014 1096//1069 1026//950
f 1026//950 1096//1069 1097//1070
f 1026//950 1097//1070 1027//951
f 1027//951 1097//1070 1098//1071
f 1027//951 1098//1071 1028//1015
f 1028//1015 1098//1071 1099//1072
f 1028//1015 1099//1072 1086//1059
f 1100//1073 1101//1074 1102//1075
f 1102//1075 1101//1074 1103//1076
f 1100//1073 1104//1077 1101//1074
f 1101//1074 1104//1077 1105//1078
f 1101//1074 1105//1078 1106//1079
f 1105//1078 1107//1080 1106//1079
f 1106//1079 1107//1080 1108//1081
f 1106//1079 1108//1081 1109//1082
f 1110//1083 1111//1084 1112//1085
f 1112//1085 1111//1084 1109//1082
f 1112//1085 1109//1082 1113//1086
f 1113//1086 1109//1082 1108//1081
f 1110//1083 1114//1087 1111//1084
f 1111//1084 1114//1087 1115//1088
f 1111//1084 1115//1088 1116//1089
f 1115//1088 1117//1090 1116//1089
f 1116//1089 1117//1090 1118//1091
f 1116//1089 1118//1091 1119//1092
f 1120//1093 1121//1094 1122//1095
f 1122//1095 1121//1094 1119//1092
f 1122//1095 1119//1092 1123//1096
f 1123//1096 1119//1092 1118//1091
f 1120//1093 1124//1097 1121//1094
f 1121//1094 1124//1097 1125//1098
f 1121//1094 1125//1098 1126//1099
f 1125//1098 1127//1100 1126//1099
f 1126//1099 1127//1100 1128//1101
f 1126//1099 1128//1101 1129//1102
f 1130//1103 1131//1104 1132//1105
f 1132//1105 1131//1104 1129//1102
f 1132//1105 1129//1102 1133//1106
f 1133//1106 1129//1102 1128//1101
f 1130//1103 1134//1107 1131//1104
f 1131//1104 1134//1107 1135//1108
f 1131//1104 1135//1108 1136//1109
f 1135//1108 1137//1110 1136//1109
f 1136//1109 1137//1110 1138//1111
f 1136//1109 1138//1111 1139//1112
f 1140//1113 1141//1114 1142//1115
f 1142//1115 1141//1114 1139//1112
f 1142//1115 1139//1112 1143//1116
f 1143//1116 1139//1112 1138//1111
f 1140//1113 1144//1117 1141//1114
f 1141//1114 1144//1117 1145//1118
f 1141//1114 1145//1118 1146//1119
f 1145//1118 1147//1120 1146//1119
f 1146//1119 1147//1120 1148//1121
f 1146//1119 1148//1121 1149//1122
f 1150//1123 1151//1124 1152//1125
f 1152//1125 1151//1124 1149//1122
f 1152//1125 1149//1122 1153//1126
f 1153//1126 1149//1122 1148//1121
f 1150//1123 1154//1127 1151//1124
f 1151//1124 1154//1127 1155//1128
f 1151//1124 1155//1128 1156//1129
f 1155//1128 1157//1130 1156//1129
f 1156//1129 1157//1130 1158//1131
f 1156//1129 1158//1131 1159//1132
f 1158//1131 1160//1133 1159//1132
f 1159//1132 1160//1133 1161//1134
f 1159//1132 1161//1134 1162//1135
f 1161//1134 1163//1136 1162//1135
f 1162//1135 1163//1136 1164//1137
f 1162//1135 1164//1137 1165//1138
f 1165//1138 1164//1137 1166//1139
f 1165//1138 1166//1139 1167//1140
f 1167//1140 1166//1139 1168//1141
f 1167//1140 1168//1141 1169//1142
f 1169//1142 1170//1143 1167//1140
f 1167//1140 1170//1143 1171//1144
f 1167//1140 1171//1144 1172//1145
f 1173//1146 1174//1147 1175//1148
f 1175//1148 1174//1147 1172//1145
f 1175//1148 1172//1145 1176//1149
f 1176//1149 1172//1145 1171//1144
f 1173//1146 1177//1150 1174//1147
f 1174//1147 1177//1150 1178//1151
f 1174//1147 1178//1151 1179//1152
f 1178//1151 1180//1153 1179//1152
f 1179//1152 1180//1153 1181//1154
f 1179//1152 1181//1154 1182//1155
f 1183//1156 1184//1157 1185//1158
f 1185//1158 1184//1157 1182//1155
f 1185//1158 1182//1155 1186//1159
f 1186//1159 1182//1155 1181//1154
f 1183//1156 1187//1160 1184//1157
f 1184//1157 1187//1160 1188//1161
f 1184//1157 1188//1161 1189//1162
f 1188//1161 1190//1163 1189//1162
f 1189//1162 1190//1163 1191//1164
f 1189//1162 1191//1164 1192//1165
f 1193//1166 1194//1167 1195//1168
f 1195//1168 1194//1167 1192//1165
f 1195//1168 1192//1165 1196//1169
f 1196//1169 1192//1165 1191//1164
f 1193//1166 1197//1170 1194//1167
f 1194//1167 1197//1170 1198//1171
f 1194//1167 1198//1171 1199//1172
f 1198//1171 1200//1173 1199//1172
f 1199//1172 1200//1173 1201//1174
f 1199//1172 1201//1174 1202//1175
f 1203//1176 1204//1177 1205//1178
f 1205//1178 1204//1177 1202//1175
f 1205//1178 1202//1175 1206//1179
f 1206//1179 1202//1175 1201//1174
f 1203//1176 1207//1180 1204//1177
f 1204//1177 1207//1180 1208//1181
f 1204//1177 1208//1181 1209//1182
f 1208//1181 1210//1183 1209//1182
f 1209//1182 1210//1183 1211//1184
f 1209//1182 1211//1184 1212//1185
f 1213//1186 1214//1187 1215//1188
f 1215//1188 1214//1187 1212//1185
f 1215//1188 1212//1185 1216//1189
f 1216//1189 1212//1185 1211//1184
f 1213//1186 1217//1190 1214//1187
f 1214//1187 1217//1190 1218//1191
f 1214//1187 1218//1191 1219//1192
f 1218//1191 1220//1193 1219//1192
f 1219//1192 1220//1193 1221//1194
f 1219//1192 1221//1194 1103//1076
f 1103//1076 1221//1194 1222//1195
f 1103//1076 1222//1195 1102//1075
f 1223//1196 1224//1197 1179//1152
f 1225//1198 1226//1199 1136//1109
f 1227//1200 1228//1201 1167//1140
f 1229//1202 1230//1203 1139//1112
f 1231//1204 1232//1205 1159//1132
f 1233//1206 1234//1207 1189//1162
f 1235//1208 1236//1209 1237//1210
f 1229//1202 1139//1112 1238//1211
f 1146//1119 1149//1122 1239//1212
f 1240//1213 1241//1214 1174//1147
f 323//322 1219//1192 324//323
f 324//323 1219//1192 1103//1076
f 324//323 1103//1076 328//327
f 328//327 1103//1076 1101//1074
f 328//327 1101//1074 333//332
f 333//332 1101//1074 1106//1079
f 333//332 1106//1079 330//329
f 330//329 1106//1079 1109//1082
f 330//329 1109//1082 338//337
f 338//337 1109//1082 1111//1084
f 338//337 1111//1084 341//340
f 341//340 1111//1084 1116//1089
f 341//340 1116//1089 343//342
f 343//342 1116//1089 1119//1092
f 343//342 1119//1092 344//343
f 1242//1215 1243//1216 1126//1099
f 1126//1099 1243//1216 1244//1217
f 1126//1099 1244//1217 1121//1094
f 1121//1094 1244//1217 1245//1218
f 1121//1094 1245//1218 1119//1092
f 1119//1092 1245//1218 346//345
f 1119//1092 346//345 344//343
f 1246//1219 1247//1220 1131//1104
f 1131//1104 1247//1220 1248//1221
f 1248//1221 1249//1222 1131//1104
f 1131//1104 1249//1222 1250//1223
f 1131//1104 1250//1223 1129//1102
f 1136//1109 1226//1199 1131//1104
f 1131//1104 1226//1199 1251//1224
f 1131//1104 1251//1224 1246//1219
f 1239//1212 1252//1225 1146//1119
f 1146//1119 1252//1225 1253//1226
f 1146//1119 1253//1226 1254//1227
f 1255//1228 1151//1124 1256//1229
f 1256//1229 1151//1124 1156//1129
f 1257//1230 1258//1231 1162//1135
f 1259//1232 1260//1233 1184//1157
f 1184//1157 1260//1233 1261//1234
f 1184//1157 1261//1234 1182//1155
f 1182//1155 1261//1234 1262//1235
f 1182//1155 1262//1235 1263//1236
f 1189//1162 1234//1207 1184//1157
f 1184//1157 1234//1207 1264//1237
f 1184//1157 1264//1237 1259//1232
f 1250//1223 1265//1238 1129//1102
f 1129//1102 1265//1238 1235//1208
f 1129//1102 1235//1208 1126//1099
f 1126//1099 1235//1208 1237//1210
f 1126//1099 1237//1210 1242//1215
f 1255//1228 1266//1239 1151//1124
f 1151//1124 1266//1239 1267//1240
f 1151//1124 1267//1240 1149//1122
f 1149//1122 1267//1240 1268//1241
f 1149//1122 1268//1241 1239//1212
f 1269//1242 1270//1243 1156//1129
f 1156//1129 1270//1243 1271//1244
f 1156//1129 1271//1244 1256//1229
f 1241//1214 1272//1245 1174//1147
f 1174//1147 1272//1245 1273//1246
f 1174//1147 1273//1246 1172//1145
f 1172//1145 1273//1246 1274//1247
f 1179//1152 1224//1197 1174//1147
f 1174//1147 1224//1197 1275//1248
f 1174//1147 1275//1248 1240//1213
f 1276//1249 1192//1165 1277//1250
f 1277//1250 1192//1165 1278//1251
f 1230//1203 1279//1252 1139//1112
f 1139//1112 1279//1252 1280//1253
f 1139//1112 1280//1253 1136//1109
f 1136//1109 1280//1253 1281//1254
f 1136//1109 1281//1254 1225//1198
f 1238//1211 1139//1112 1282//1255
f 1282//1255 1139//1112 1141//1114
f 1282//1255 1141//1114 1283//1256
f 1254//1227 1284//1257 1146//1119
f 1146//1119 1284//1257 1285//1258
f 1146//1119 1285//1258 1141//1114
f 1141//1114 1285//1258 1286//1259
f 1141//1114 1286//1259 1283//1256
f 1159//1132 1232//1205 1156//1129
f 1156//1129 1232//1205 1287//1260
f 1156//1129 1287//1260 1269//1242
f 1276//1249 1288//1261 1192//1165
f 1192//1165 1288//1261 1289//1262
f 1192//1165 1289//1262 1189//1162
f 1189//1162 1289//1262 1290//1263
f 1189//1162 1290//1263 1233//1206
f 1278//1251 1192//1165 1291//1264
f 1291//1264 1192//1165 1194//1167
f 1291//1264 1194//1167 1292//1265
f 323//322 1293//1266 1219//1192
f 1219//1192 1293//1266 1294//1267
f 1219//1192 1294//1267 1214//1187
f 1214//1187 1294//1267 1295//1268
f 1214//1187 1295//1268 1296//1269
f 1258//1231 1297//1270 1162//1135
f 1162//1135 1297//1270 1298//1271
f 1162//1135 1298//1271 1159//1132
f 1159//1132 1298//1271 1299//1272
f 1159//1132 1299//1272 1231//1204
f 1257//1230 1162//1135 1300//1273
f 1300//1273 1162//1135 1165//1138
f 1300//1273 1165//1138 1301//1274
f 1274//1247 1302//1275 1172//1145
f 1172//1145 1302//1275 1303//1276
f 1172//1145 1303//1276 1167//1140
f 1167//1140 1303//1276 1304//1277
f 1167//1140 1304//1277 1227//1200
f 1305//1278 1306//1279 1199//1172
f 1199//1172 1306//1279 1307//1280
f 1199//1172 1307//1280 1194//1167
f 1194//1167 1307//1280 1308//1281
f 1194//1167 1308//1281 1292//1265
f 1209//1182 1309//1282 1310//1283
f 1228//1201 1311//1284 1167//1140
f 1167//1140 1311//1284 1312//1285
f 1167//1140 1312//1285 1165//1138
f 1165//1138 1312//1285 1313//1286
f 1165//1138 1313//1286 1301//1274
f 1263//1236 1314//1287 1182//1155
f 1182//1155 1314//1287 1315//1288
f 1182//1155 1315//1288 1179//1152
f 1179//1152 1315//1288 1316//1289
f 1179//1152 1316//1289 1223//1196
f 1317//1290 1318//1291 1204//1177
f 1204//1177 1318//1291 1319//1292
f 1204//1177 1319//1292 1202//1175
f 1202//1175 1319//1292 1320//1293
f 1202//1175 1320//1293 1321//1294
f 1310//1283 1322//1295 1209//1182
f 1209//1182 1322//1295 1323//1296
f 1209//1182 1323//1296 1204//1177
f 1204//1177 1323//1296 1324//1297
f 1204//1177 1324//1297 1317//1290
f 1309//1282 1209//1182 1325//1298
f 1325//1298 1209//1182 1212//1185
f 1325//1298 1212//1185 1326//1299
f 1296//1269 1327//1300 1214//1187
f 1214//1187 1327//1300 1328//1301
f 1214//1187 1328//1301 1212//1185
f 1212//1185 1328//1301 1329//1302
f 1212//1185 1329//1302 1326//1299
f 1321//1294 1330//1303 1202//1175
f 1202//1175 1330//1303 1331//1304
f 1202//1175 1331//1304 1199//1172
f 1199//1172 1331//1304 1332//1305
f 1199//1172 1332//1305 1305//1278
f 1333//1306 1334//1307 1335//1308
f 1335//1308 1334//1307 1336//1309
f 1335//1308 1336//1309 1337//1310
f 727//726 724//723 1338//1311
f 1338//1311 724//723 721//720
f 1338//1311 721//720 1339//1312
f 1339//1312 721//720 717//716
f 1339//1312 717//716 1333//1306
f 1333//1306 717//716 716//715
f 1333//1306 716//715 1334//1307
f 1340//1313 1341//1314 1342//1315
f 1342//1315 1341//1314 1343//1316
f 1342//1315 1343//1316 1344//1317
f 1344//1317 1343//1316 1345//1318
f 1346//1319 1347//1320 1348//1321
f 1343//1316 1346//1319 1345//1318
f 1345//1318 1346//1319 1348//1321
f 1345//1318 1348//1321 1349//1322
f 1349//1322 1348//1321 1350//1323
f 1336//1309 1351//1324 1337//1310
f 1337//1310 1351//1324 1352//1325
f 1337//1310 1352//1325 1353//1326
f 1354//1327 1355//1328 1356//1329
f 1356//1329 1357//1330 1354//1327
f 1354//1327 1357//1330 1358//1331
f 1354//1327 1358//1331 1359//1332
f 1355//1328 1354//1327 1360//1333
f 1360//1333 1354//1327 1361//1334
f 1360//1333 1361//1334 1362//1335
f 1363//1336 1364//1337 1365//1338
f 1365//1338 1364//1337 1366//1339
f 1365//1338 1366//1339 1367//1340
f 1367//1340 1366//1339 1368//1341
f 1369//1342 1370//1343 1371//1344
f 1372//1345 31//31 1373//1346
f 1373//1346 31//31 29//29
f 1373//1346 29//29 27//27
f 39//39 37//37 35//35
f 1374//1347 1375//1348 1376//1349
f 1376//1349 1375//1348 1377//1350
f 1376//1349 1377//1350 1378//1351
f 1378//1351 1377//1350 1379//1352
f 1378//1351 1379//1352 1380//1353
f 1368//1341 1366//1339 1381//1354
f 1381//1354 1366//1339 1382//1355
f 1381//1354 1382//1355 1383//1356
f 1384//1357 729//728 1385//1358
f 1385//1358 729//728 727//726
f 1385//1358 727//726 1386//1359
f 1386//1359 727//726 1338//1311
f 1372//1345 41//41 31//31
f 31//31 41//41 39//39
f 31//31 39//39 33//33
f 33//33 39//39 35//35
f 1374//1347 1387//1360 1375//1348
f 1375//1348 1387//1360 1388//1361
f 1375//1348 1388//1361 1389//1362
f 1389//1362 1388//1361 1390//1363
f 1389//1362 1390//1363 1391//1364
f 1391//1364 1390//1363 1392//1365
f 1391//1364 1392//1365 1393//1366
f 1393//1366 1392//1365 1394//1367
f 1393//1366 1394//1367 1395//1368
f 1396//1369 1397//1370 1398//1371
f 1398//1371 1397//1370 1399//1372
f 1400//1373 1401//1374 1402//1375
f 1403//1376 1404//1377 1405//1378
f 1406//1379 1407//1380 1382//1355
f 1382//1355 1407//1380 1408//1381
f 1382//1355 1408//1381 1409//1382
f 1352//1325 1410//1383 1353//1326
f 1353//1326 1410//1383 1411//1384
f 1353//1326 1411//1384 1371//1344
f 1371//1344 1411//1384 1412//1385
f 1371//1344 1412//1385 1369//1342
f 1395//1368 1394//1367 1413//1386
f 1413//1386 1394//1367 1414//1387
f 1413//1386 1414//1387 1415//1388
f 1415//1388 1416//1389 1413//1386
f 1413//1386 1416//1389 1417//1390
f 1413//1386 1417//1390 1418//1391
f 1419//1392 1420//1393 1402//1375
f 1402//1375 1420//1393 1421//1394
f 1422//1395 1423//1396 1382//1355
f 1382//1355 1423//1396 1424//1397
f 1382//1355 1424//1397 1425//1398
f 1418//1391 1426//1399 1413//1386
f 1413//1386 1426//1399 1427//1400
f 1413//1386 1427//1400 1428//1401
f 1428//1401 1427//1400 1429//1402
f 1428//1401 1429//1402 1430//1403
f 1430//1403 1431//1404 1428//1401
f 1428//1401 1431//1404 1432//1405
f 1428//1401 1432//1405 1433//1406
f 1433//1406 1434//1407 1428//1401
f 1428//1401 1434//1407 1435//1408
f 1428//1401 1435//1408 1436//1409
f 1437//1410 1438//1411 1398//1371
f 1398//1371 1438//1411 1439//1412
f 1398//1371 1439//1412 1396//1369
f 1370//1343 1440//1413 1371//1344
f 1371//1344 1440//1413 1441//1414
f 1371//1344 1441//1414 1405//1378
f 1405//1378 1441//1414 1442//1415
f 1405//1378 1442//1415 1403//1376
f 1362//1335 1361//1334 1443//1416
f 1443//1416 1361//1334 1405//1378
f 1443//1416 1405//1378 1382//1355
f 1382//1355 1405//1378 1404//1377
f 1382//1355 1404//1377 1406//1379
f 1425//1398 1444//1417 1382//1355
f 1382//1355 1444//1417 1445//1418
f 1382//1355 1445//1418 1383//1356
f 1384//1357 1373//1346 729//728
f 729//728 1373//1346 27//27
f 729//728 27//27 735//734
f 735//734 27//27 732//731
f 1399//1372 1446//1419 1398//1371
f 1398//1371 1446//1419 1447//1420
f 1398//1371 1447//1420 1379//1352
f 1379//1352 1447//1420 1448//1421
f 1379//1352 1448//1421 1380//1353
f 1449//1422 1450//1423 1451//1424
f 1451//1424 1450//1423 1364//1337
f 1451//1424 1364//1337 1452//1425
f 1452//1425 1364//1337 1363//1336
f 1401//1374 1453//1426 1402//1375
f 1402//1375 1453//1426 1454//1427
f 1402//1375 1454//1427 1455//1428
f 1455//1428 1456//1429 1402//1375
f 1402//1375 1456//1429 1457//1430
f 1402//1375 1457//1430 1419//1392
f 1458//1431 9//9 7//7
f 7//7 5//5 1458//1431
f 1458//1431 5//5 3//3
f 1458//1431 3//3 2//2
f 1459//1432 1460//1433 15//15
f 1340//1313 1402//1375 1341//1314
f 1341//1314 1402//1375 1421//1394
f 1341//1314 1421//1394 1398//1371
f 1398//1371 1421//1394 1461//1434
f 1398//1371 1461//1434 1462//1435
f 1462//1435 1463//1436 1398//1371
f 1398//1371 1463//1436 1464//1437
f 1398//1371 1464//1437 1437//1410
f 1449//1422 1465//1438 1450//1423
f 1450//1423 1465//1438 1466//1439
f 1450//1423 1466//1439 1402//1375
f 1402//1375 1466//1439 1467//1440
f 1402//1375 1467//1440 1400//1373
f 1409//1382 1468//1441 1382//1355
f 1382//1355 1468//1441 1469//1442
f 1382//1355 1469//1442 1470//1443
f 732//731 27//27 740//739
f 740//739 27//27 25//25
f 740//739 25//25 742//741
f 1470//1443 1471//1444 1382//1355
f 1382//1355 1471//1444 1472//1445
f 1382//1355 1472//1445 1422//1395
f 1428//1401 15//15 1473//1446
f 1473//1446 15//15 13//13
f 1473//1446 13//13 1458//1431
f 1458//1431 13//13 11//11
f 1458//1431 11//11 9//9
f 1474//1447 1475//1448 15//15
f 1436//1409 1476//1449 1428//1401
f 1428//1401 1476//1449 1477//1450
f 1428//1401 1477//1450 15//15
f 15//15 1477//1450 1478//1451
f 15//15 1478//1451 1474//1447
f 1475//1448 1479//1452 15//15
f 15//15 1479//1452 1480//1453
f 15//15 1480//1453 1459//1432
f 1481//1454 19//19 1482//1455
f 1482//1455 19//19 17//17
f 1482//1455 17//17 1483//1456
f 1484//1457 21//21 1485//1458
f 1485//1458 21//21 19//19
f 1485//1458 19//19 1486//1459
f 1486//1459 19//19 1481//1454
f 742//741 25//25 1487//1460
f 1487//1460 25//25 23//23
f 1487//1460 23//23 1488//1461
f 1460//1433 1489//1462 15//15
f 15//15 1489//1462 1490//1463
f 15//15 1490//1463 17//17
f 17//17 1490//1463 1491//1464
f 17//17 1491//1464 1483//1456
f 1484//1457 1492//1465 21//21
f 21//21 1492//1465 1493//1466
f 21//21 1493//1466 23//23
f 23//23 1493//1466 1494//1467
f 23//23 1494//1467 1488//1461
f 62//62 1359//1332 1358//1331
f 62//62 1358//1331 61//61
f 61//61 1358//1331 1357//1330
f 61//61 1357//1330 63//63
f 63//63 1357//1330 1356//1329
f 63//63 1356//1329 64//64
f 64//64 1356//1329 1355//1328
f 64//64 1355//1328 66//66
f 66//66 1355//1328 1360//1333
f 66//66 1360//1333 68//68
f 68//68 1360//1333 1362//1335
f 68//68 1362//1335 70//70
f 70//70 1362//1335 1443//1416
f 70//70 1443//1416 72//72
f 72//72 1443//1416 1382//1355
f 72//72 1382//1355 74//74
f 74//74 1382//1355 1366//1339
f 74//74 1366//1339 76//76
f 76//76 1366//1339 1364//1337
f 76//76 1364//1337 78//78
f 78//78 1364//1337 1450//1423
f 78//78 1450//1423 88//87
f 88//87 1450//1423 1402//1375
f 88//87 1402//1375 90//89
f 90//89 1402//1375 1340//1313
f 90//89 1340//1313 92//91
f 92//91 1340//1313 1342//1315
f 92//91 1342//1315 94//93
f 94//93 1342//1315 1344//1317
f 94//93 1344//1317 96//95
f 96//95 1344//1317 1345//1318
f 96//95 1345//1318 98//97
f 98//97 1345//1318 1349//1322
f 98//97 1349//1322 99//98
f 99//98 1349//1322 1350//1323
f 99//98 1350//1323 80//80
f 80//80 1350//1323 1348//1321
f 80//80 1348//1321 50//50
f 50//50 1348//1321 1347//1320
f 50//50 1347//1320 51//51
f 1495//1468 1496//1469 1497//1470
f 1497//1470 1496//1469 1498//1471
f 1497//1470 1498//1471 1499//1472
f 1500//1473 1501//1474 1502//1475
f 1500//1473 1502//1475 1503//1476
f 1502//1475 1504//1477 1503//1476
f 1503//1476 1504//1477 1505//1478
f 1503//1476 1505//1478 1506//1479
f 1506//1479 1505//1478 1507//1480
f 1506//1479 1507//1480 1508//1481
f 1508//1481 1507//1480 1509//1482
f 1508//1481 1509//1482 4//4
f 4//4 1509//1482 1510//1483
f 4//4 1510//1483 1//1
f 1511//1484 40//40 1512//1485
f 1512//1485 40//40 42//42
f 38//38 40//40 1513//1486
f 1513//1486 40//40 1511//1484
f 1513//1486 1511//1484 1514//1487
f 1514//1487 1511//1484 1515//1488
f 1514//1487 1515//1488 1495//1468
f 1495//1468 1515//1488 1516//1489
f 1495//1468 1516//1489 1496//1469
f 4//4 6//6 1508//1481
f 1508//1481 6//6 8//8
f 1508//1481 8//8 1517//1490
f 1517//1490 8//8 10//10
f 1517//1490 10//10 1518//1491
f 1518//1491 10//10 12//12
f 32//32 34//34 1519//1492
f 1519//1492 34//34 1513//1486
f 1513//1486 34//34 36//36
f 1513//1486 36//36 38//38
f 1519//1492 1520//1493 32//32
f 32//32 1520//1493 1521//1494
f 32//32 1521//1494 30//30
f 30//30 1521//1494 1522//1495
f 30//30 1522//1495 28//28
f 28//28 1522//1495 1523//1496
f 28//28 1523//1496 26//26
f 26//26 1523//1496 1524//1497
f 26//26 1524//1497 24//24
f 24//24 1524//1497 1525//1498
f 24//24 1525//1498 22//22
f 22//22 1525//1498 1526//1499
f 22//22 1526//1499 20//20
f 20//20 1526//1499 1527//1500
f 20//20 1527//1500 18//18
f 18//18 1527//1500 1528//1501
f 18//18 1528//1501 16//16
f 16//16 1528//1501 1529//1502
f 16//16 1529//1502 14//14
f 14//14 1529//1502 1530//1503
f 14//14 1530//1503 12//12
f 12//12 1530//1503 1531//1504
f 12//12 1531//1504 1518//1491
f 1532//1505 48//48 47//47
f 1533//1506 1501//1474 1500//1473
f 1534//1507 1535//1508 1536//1509
f 1536//1509 1535//1508 1537//1510
f 1536//1509 1537//1510 1538//1511
f 1538//1511 1537//1510 1539//1512
f 1538//1511 1539//1512 1540//1513
f 1540//1513 1541//1514 1538//1511
f 1538//1511 1541//1514 1542//1515
f 1538//1511 1542//1515 1543//1516
f 1543//1516 1542//1515 1544//1517
f 1544//1517 1545//1518 1543//1516
f 1543//1516 1545//1518 1546//1519
f 1543//1516 1546//1519 1547//1520
f 1548//1521 1549//1522 1550//1523
f 1550//1523 1549//1522 1551//1524
f 1550//1523 1551//1524 1552//1525
f 1552//1525 1551//1524 43//43
f 1548//1521 1553//1526 1549//1522
f 1549//1522 1553//1526 1554//1527
f 1549//1522 1554//1527 1536//1509
f 1536//1509 1554//1527 1555//1528
f 1536//1509 1555//1528 1534//1507
f 1556//1529 1557//1530 1558//1531
f 1558//1531 1557//1530 1559//1532
f 1558//1531 1559//1532 1560//1533
f 1561//1534 1562//1535 1563//1536
f 1563//1536 1562//1535 1564//1537
f 1563//1536 1564//1537 1559//1532
f 1559//1532 1564//1537 1565//1538
f 1559//1532 1565//1538 1560//1533
f 1499//1472 1566//1539 1567//1540
f 1567//1540 1566//1539 1568//1541
f 1567//1540 1568//1541 1569//1542
f 1569//1542 1570//1543 1567//1540
f 1567//1540 1570//1543 1571//1544
f 1567//1540 1571//1544 1572//1545
f 1572//1545 1571//1544 1573//1546
f 1572//1545 1573//1546 1574//1547
f 1574//1547 1575//1548 1572//1545
f 1572//1545 1575//1548 1576//1549
f 1572//1545 1576//1549 1563//1536
f 1563//1536 1576//1549 1577//1550
f 1563//1536 1577//1550 1561//1534
f 1527//1500 1526//1499 1578//1551
f 1578//1551 1579//1552 1527//1500
f 1527//1500 1579//1552 1580//1553
f 1527//1500 1580//1553 1528//1501
f 1580//1553 1581//1554 1528//1501
f 1528//1501 1581//1554 1582//1555
f 1528//1501 1582//1555 1529//1502
f 1582//1555 1583//1556 1529//1502
f 1529//1502 1583//1556 1584//1557
f 1529//1502 1584//1557 1530//1503
f 1584//1557 1585//1558 1530//1503
f 1530//1503 1585//1558 1586//1559
f 1530//1503 1586//1559 1531//1504
f 1586//1559 1587//1560 1531//1504
f 1531//1504 1587//1560 1588//1561
f 1531//1504 1588//1561 1518//1491
f 1588//1561 1589//1562 1518//1491
f 1518//1491 1589//1562 1590//1563
f 1518//1491 1590//1563 1517//1490
f 1590//1563 1591//1564 1517//1490
f 1517//1490 1591//1564 1592//1565
f 1517//1490 1592//1565 1508//1481
f 1592//1565 1593//1566 1508//1481
f 1508//1481 1593//1566 1594//1567
f 1508//1481 1594//1567 1506//1479
f 1594//1567 1595//1568 1506//1479
f 1506//1479 1595//1568 1596//1569
f 1506//1479 1596//1569 1503//1476
f 1547//1520 1533//1506 1543//1516
f 1543//1516 1533//1506 1500//1473
f 1543//1516 1500//1473 1597//1570
f 1597//1570 1500//1473 1503//1476
f 1597//1570 1503//1476 1598//1571
f 1598//1571 1503//1476 1596//1569
f 43//43 1551//1524 44//44
f 44//44 1551//1524 1599//1572
f 44//44 1599//1572 84//83
f 1599//1572 1600//1573 84//83
f 84//83 1600//1573 1601//1574
f 84//83 1601//1574 82//82
f 1601//1574 1602//1575 82//82
f 82//82 1602//1575 1603//1576
f 82//82 1603//1576 81//81
f 1603//1576 1604//1577 81//81
f 81//81 1604//1577 1605//1578
f 81//81 1605//1578 97//96
f 1605//1578 1606//1579 97//96
f 97//96 1606//1579 1607//1580
f 97//96 1607//1580 95//94
f 1607//1580 1608//1581 95//94
f 95//94 1608//1581 1609//1582
f 95//94 1609//1582 93//92
f 1609//1582 1610//1583 93//92
f 93//92 1610//1583 1611//1584
f 93//92 1611//1584 91//90
f 1611//1584 1612//1585 91//90
f 91//90 1612//1585 1613//1586
f 91//90 1613//1586 89//88
f 1613//1586 1614//1587 89//88
f 89//88 1614//1587 1615//1588
f 89//88 1615//1588 87//86
f 1615//1588 1616//1589 87//86
f 87//86 1616//1589 1617//1590
f 87//86 1617//1590 79//79
f 1617//1590 1618//1591 79//79
f 79//79 1618//1591 1619//1592
f 79//79 1619//1592 77//77
f 1619//1592 1620//1593 77//77
f 77//77 1620//1593 1621//1594
f 77//77 1621//1594 75//75
f 1621//1594 1622//1595 75//75
f 75//75 1622//1595 1623//1596
f 75//75 1623//1596 73//73
f 1623//1596 1624//1597 73//73
f 73//73 1624//1597 1625//1598
f 73//73 1625//1598 71//71
f 1625//1598 1626//1599 71//71
f 71//71 1626//1599 1627//1600
f 71//71 1627//1600 69//69
f 1627//1600 1628//1601 69//69
f 69//69 1628//1601 1629//1602
f 69//69 1629//1602 67//67
f 1629//1602 1630//1603 67//67
f 67//67 1630//1603 1631//1604
f 67//67 1631//1604 65//65
f 1631//1604 1632//1605 65//65
f 65//65 1632//1605 1633//1606
f 65//65 1633//1606 59//59
f 1633//1606 1634//1607 59//59
f 59//59 1634//1607 1635//1608
f 59//59 1635//1608 57//57
f 1635//1608 1636//1609 57//57
f 57//57 1636//1609 1637//1610
f 57//57 1637//1610 55//55
f 1556//1529 1532//1505 1557//1530
f 1557//1530 1532//1505 47//47
f 1557//1530 47//47 1638//1611
f 1638//1611 47//47 55//55
f 1638//1611 55//55 1639//1612
f 1639//1612 55//55 1637//1610
f 1499//1472 1567//1540 1497//1470
f 1497//1470 1567//1540 1640//1613
f 1497//1470 1640//1613 1495//1468
f 1640//1613 1641//1614 1495//1468
f 1495//1468 1641//1614 1642//1615
f 1495//1468 1642//1615 1514//1487
f 1642//1615 1643//1616 1514//1487
f 1514//1487 1643//1616 1644//1617
f 1514//1487 1644//1617 1513//1486
f 1644//1617 1645//1618 1513//1486
f 1513//1486 1645//1618 1646//1619
f 1513//1486 1646//1619 1519//1492
f 1646//1619 1647//1620 1519//1492
f 1519//1492 1647//1620 1648//1621
f 1519//1492 1648//1621 1520//1493
f 1520//1493 1648//1621 1649//1622
f 1520//1493 1649//1622 1521//1494
f 1521//1494 1649//1622 1650//1623
f 1650//1623 1651//1624 1521//1494
f 1521//1494 1651//1624 1652//1625
f 1521//1494 1652//1625 1522//1495
f 1652//1625 1653//1626 1522//1495
f 1522//1495 1653//1626 1654//1627
f 1522//1495 1654//1627 1523//1496
f 1654//1627 1655//1628 1523//1496
f 1523//1496 1655//1628 1656//1629
f 1523//1496 1656//1629 1524//1497
f 1656//1629 1657//1630 1524//1497
f 1524//1497 1657//1630 1658//1631
f 1524//1497 1658//1631 1525//1498
f 1658//1631 1659//1632 1525//1498
f 1525//1498 1659//1632 1660//1633
f 1525//1498 1660//1633 1526//1499
f 1526//1499 1660//1633 1661//1634
f 1526//1499 1661//1634 1578//1551
f 1611//1584 1662//1635 1612//1585
f 1612//1585 1662//1635 1663//1636
f 1612//1585 1663//1636 1613//1586
f 1603//1576 1664//1637 1604//1577
f 1604//1577 1664//1637 1665//1638
f 1604//1577 1665//1638 1605//1578
f 1605//1578 1665//1638 1666//1639
f 1605//1578 1666//1639 1606//1579
f 1606//1579 1666//1639 1667//1640
f 1606//1579 1667//1640 1607//1580
f 1607//1580 1667//1640 1668//1641
f 1607//1580 1668//1641 1608//1581
f 1608//1581 1668//1641 1669//1642
f 1608//1581 1669//1642 1609//1582
f 1609//1582 1669//1642 1670//1643
f 1609//1582 1670//1643 1610//1583
f 1610//1583 1670//1643 1671//1644
f 1610//1583 1671//1644 1611//1584
f 1611//1584 1671//1644 1672//1645
f 1611//1584 1672//1645 1662//1635
f 1601//1574 1673//1646 1602//1575
f 1602//1575 1673//1646 1674//1647
f 1602//1575 1674//1647 1603//1576
f 1603//1576 1674//1647 1675//1648
f 1603//1576 1675//1648 1664//1637
f 1597//1570 1676//1649 1543//1516
f 1543//1516 1676//1649 1677//1650
f 1543//1516 1677//1650 1538//1511
f 1538//1511 1677//1650 1678//1651
f 1538//1511 1678//1651 1536//1509
f 1536//1509 1678//1651 1679//1652
f 1536//1509 1679//1652 1549//1522
f 1549//1522 1679//1652 1680//1653
f 1549//1522 1680//1653 1551//1524
f 1551//1524 1680//1653 1681//1654
f 1551//1524 1681//1654 1599//1572
f 1599//1572 1681//1654 1682//1655
f 1599//1572 1682//1655 1600//1573
f 1600//1573 1682//1655 1683//1656
f 1600//1573 1683//1656 1601//1574
f 1601//1574 1683//1656 1684//1657
f 1601//1574 1684//1657 1673//1646
f 1596//1569 1685//1658 1598//1571
f 1598//1571 1685//1658 1686//1659
f 1598//1571 1686//1659 1597//1570
f 1597//1570 1686//1659 1687//1660
f 1597//1570 1687//1660 1676//1649
f 1588//1561 1688//1661 1589//1562
f 1589//1562 1688//1661 1689//1662
f 1589//1562 1689//1662 1590//1563
f 1590//1563 1689//1662 1690//1663
f 1590//1563 1690//1663 1591//1564
f 1591//1564 1690//1663 1691//1664
f 1591//1564 1691//1664 1592//1565
f 1592//1565 1691//1664 1692//1665
f 1592//1565 1692//1665 1593//1566
f 1593//1566 1692//1665 1693//1666
f 1593//1566 1693//1666 1594//1567
f 1594//1567 1693//1666 1694//1667
f 1594//1567 1694//1667 1595//1568
f 1595//1568 1694//1667 1695//1668
f 1595//1568 1695//1668 1596//1569
f 1596//1569 1695//1668 1696//1669
f 1596//1569 1696//1669 1685//1658
f 1584//1557 1697//1670 1585//1558
f 1585//1558 1697//1670 1698//1671
f 1585//1558 1698//1671 1586//1559
f 1586//1559 1698//1671 1699//1672
f 1586//1559 1699//1672 1587//1560
f 1587//1560 1699//1672 1700//1673
f 1587//1560 1700//1673 1588//1561
f 1588//1561 1700//1673 1701//1674
f 1588//1561 1701//1674 1688//1661
f 1578//1551 1702//1675 1579//1552
f 1579//1552 1702//1675 1703//1676
f 1579//1552 1703//1676 1580//1553
f 1580//1553 1703//1676 1704//1677
f 1580//1553 1704//1677 1581//1554
f 1581//1554 1704//1677 1705//1678
f 1581//1554 1705//1678 1582//1555
f 1582//1555 1705//1678 1706//1679
f 1582//1555 1706//1679 1583//1556
f 1583//1556 1706//1679 1707//1680
f 1583//1556 1707//1680 1584//1557
f 1584//1557 1707//1680 1708//1681
f 1584//1557 1708//1681 1697//1670
f 1658//1631 1709//1682 1659//1632
f 1659//1632 1709//1682 1710//1683
f 1659//1632 1710//1683 1660//1633
f 1660//1633 1710//1683 1711//1684
f 1660//1633 1711//1684 1661//1634
f 1661//1634 1711//1684 1712//1685
f 1661//1634 1712//1685 1578//1551
f 1578//1551 1712//1685 1713//1686
f 1578//1551 1713//1686 1702//1675
f 1652//1625 1714//1687 1653//1626
f 1653//1626 1714//1687 1715//1688
f 1653//1626 1715//1688 1654//1627
f 1654//1627 1715//1688 1716//1689
f 1654//1627 1716//1689 1655//1628
f 1655//1628 1716//1689 1717//1690
f 1655//1628 1717//1690 1656//1629
f 1656//1629 1717//1690 1718//1691
f 1656//1629 1718//1691 1657//1630
f 1657//1630 1718//1691 1719//1692
f 1657//1630 1719//1692 1658//1631
f 1658//1631 1719//1692 1720//1693
f 1658//1631 1720//1693 1709//1682
f 1648//1621 1721//1694 1649//1622
f 1649//1622 1721//1694 1722//1695
f 1649//1622 1722//1695 1650//1623
f 1650//1623 1722//1695 1723//1696
f 1650//1623 1723//1696 1651//1624
f 1651//1624 1723//1696 1724//1697
f 1651//1624 1724//1697 1652//1625
f 1652//1625 1724//1697 1725//1698
f 1652//1625 1725//1698 1714//1687
f 1642//1615 1726//1699 1643//1616
f 1643//1616 1726//1699 1727//1700
f 1643//1616 1727//1700 1644//1617
f 1644//1617 1727//1700 1728//1701
f 1644//1617 1728//1701 1645//1618
f 1645//1618 1728//1701 1729//1702
f 1645//1618 1729//1702 1646//1619
f 1646//1619 1729//1702 1730//1703
f 1646//1619 1730//1703 1647//1620
f 1647//1620 1730//1703 1731//1704
f 1647//1620 1731//1704 1648//1621
f 1648//1621 1731//1704 1732//1705
f 1648//1621 1732//1705 1721//1694
f 1572//1545 1733//1706 1567//1540
f 1567//1540 1733//1706 1734//1707
f 1567//1540 1734//1707 1640//1613
f 1640//1613 1734//1707 1735//1708
f 1640//1613 1735//1708 1641//1614
f 1641//1614 1735//1708 1736//1709
f 1641//1614 1736//1709 1642//1615
f 1642//1615 1736//1709 1737//1710
f 1642//1615 1737//1710 1726//1699
f 1639//1612 1738//1711 1638//1611
f 1638//1611 1738//1711 1739//1712
f 1638//1611 1739//1712 1557//1530
f 1557//1530 1739//1712 1740//1713
f 1557//1530 1740//1713 1559//1532
f 1559//1532 1740//1713 1741//1714
f 1559//1532 1741//1714 1563//1536
f 1563//1536 1741//1714 1742//1715
f 1563//1536 1742//1715 1572//1545
f 1572//1545 1742//1715 1743//1716
f 1572//1545 1743//1716 1733//1706
f 1633//1606 1744//1717 1634//1607
f 1634//1607 1744//1717 1745//1718
f 1634//1607 1745//1718 1635//1608
f 1635//1608 1745//1718 1746//1719
f 1635//1608 1746//1719 1636//1609
f 1636//1609 1746//1719 1747//1720
f 1636//1609 1747//1720 1637//1610
f 1637//1610 1747//1720 1748//1721
f 1637//1610 1748//1721 1639//1612
f 1639//1612 1748//1721 1749//1722
f 1639//1612 1749//1722 1738//1711
f 1628//1601 1750//1723 1629//1602
f 1629//1602 1750//1723 1751//1724
f 1629//1602 1751//1724 1630//1603
f 1630//1603 1751//1724 1752//1725
f 1630//1603 1752//1725 1631//1604
f 1631//1604 1752//1725 1753//1726
f 1631//1604 1753//1726 1632//1605
f 1632//1605 1753//1726 1754//1727
f 1632//1605 1754//1727 1633//1606
f 1633//1606 1754//1727 1755//1728
f 1633//1606 1755//1728 1744//1717
f 1623//1596 1756//1729 1624//1597
f 1624//1597 1756//1729 1757//1730
f 1624//1597 1757//1730 1625//1598
f 1625//1598 1757//1730 1758//1731
f 1625//1598 1758//1731 1626//1599
f 1626//1599 1758//1731 1759//1732
f 1626//1599 1759//1732 1627//1600
f 1627//1600 1759//1732 1760//1733
f 1627//1600 1760//1733 1628//1601
f 1628//1601 1760//1733 1761//1734
f 1628//1601 1761//1734 1750//1723
f 1663//1636 1762//1735 1613//1586
f 1613//1586 1762//1735 1763//1736
f 1613//1586 1763//1736 1614//1587
f 1614//1587 1763//1736 1764//1737
f 1614//1587 1764//1737 1615//1588
f 1615//1588 1764//1737 1765//1738
f 1615//1588 1765//1738 1616//1589
f 1616//1589 1765//1738 1766//1739
f 1616//1589 1766//1739 1617//1590
f 1617//1590 1766//1739 1767//1740
f 1617//1590 1767//1740 1618//1591
f 1618//1591 1767//1740 1768//1741
f 1618//1591 1768//1741 1619//1592
f 1619//1592 1768//1741 1769//1742
f 1619//1592 1769//1742 1620//1593
f 1620//1593 1769//1742 1770//1743
f 1620//1593 1770//1743 1621//1594
f 1621//1594 1770//1743 1771//1744
f 1621//1594 1771//1744 1622//1595
f 1622//1595 1771//1744 1772//1745
f 1622//1595 1772//1745 1623//1596
f 1623//1596 1772//1745 1773//1746
f 1623//1596 1773//1746 1756//1729
f 151//150 1774//1747 1775//1748
f 151//150 153//152 1774//1747
f 1774//1747 153//152 155//154
f 1774//1747 155//154 1776//1749
f 155//154 157//156 1776//1749
f 1776//1749 157//156 159//158
f 1776//1749 159//158 1777//1750
f 159//158 161//160 1777//1750
f 1777//1750 161//160 163//162
f 1777//1750 163//162 1778//1751
f 169//168 1779//1752 167//166
f 167//166 1779//1752 1778//1751
f 167//166 1778//1751 165//164
f 165//164 1778//1751 163//162
f 169//168 171//170 1779//1752
f 1779//1752 171//170 174//173
f 1779//1752 174//173 1780//1753
f 174//173 176//175 1780//1753
f 1780//1753 176//175 178//177
f 1780//1753 178//177 1781//1754
f 178//177 180//179 1781//1754
f 1781//1754 180//179 182//181
f 1781//1754 182//181 1782//1755
f 182//181 184//183 1782//1755
f 1782//1755 184//183 186//185
f 1782//1755 186//185 1783//1756
f 192//191 1784//1757 190//189
f 190//189 1784//1757 1783//1756
f 190//189 1783//1756 188//187
f 188//187 1783//1756 186//185
f 192//191 194//193 1784//1757
f 1784//1757 194//193 197//196
f 1784//1757 197//196 1785//1758
f 197//196 199//198 1785//1758
f 1785//1758 199//198 201//200
f 1785//1758 201//200 1786//1759
f 201//200 203//202 1786//1759
f 1786//1759 203//202 205//204
f 1786//1759 205//204 1787//1760
f 205//204 207//206 1787//1760
f 1787//1760 207//206 209//208
f 1787//1760 209//208 1788//1761
f 215//214 1789//1762 213//212
f 213//212 1789//1762 1788//1761
f 213//212 1788//1761 211//210
f 211//210 1788//1761 209//208
f 215//214 217//216 1789//1762
f 1789//1762 217//216 220//219
f 1789//1762 220//219 1790//1763
f 220//219 222//221 1790//1763
f 1790//1763 222//221 224//223
f 1790//1763 224//223 1791//1764
f 224//223 226//225 1791//1764
f 1791//1764 226//225 116//115
f 1791//1764 116//115 1792//1765
f 116//115 124//123 1792//1765
f 1792//1765 124//123 126//125
f 1792//1765 126//125 1793//1766
f 126//125 127//126 1793//1766
f 1793//1766 127//126 129//128
f 1793//1766 129//128 1794//1767
f 232//231 1795//1768 230//229
f 230//229 1795//1768 1794//1767
f 230//229 1794//1767 228//227
f 228//227 1794//1767 129//128
f 232//231 234//233 1795//1768
f 1795//1768 234//233 237//236
f 1795//1768 237//236 1796//1769
f 237//236 239//238 1796//1769
f 1796//1769 239//238 241//240
f 1796//1769 241//240 1797//1770
f 241//240 243//242 1797//1770
f 1797//1770 243//242 245//244
f 1797//1770 245//244 1798//1771
f 245//244 247//246 1798//1771
f 1798//1771 247//246 249//248
f 1798//1771 249//248 1799//1772
f 255//254 1800//1773 253//252
f 253//252 1800//1773 1799//1772
f 253//252 1799//1772 251//250
f 251//250 1799//1772 249//248
f 255//254 257//256 1800//1773
f 1800//1773 257//256 260//259
f 1800//1773 260//259 1801//1774
f 260//259 262//261 1801//1774
f 1801//1774 262//261 264//263
f 1801//1774 264//263 1802//1775
f 264//263 266//265 1802//1775
f 1802//1775 266//265 268//267
f 1802//1775 268//267 1803//1776
f 268//267 270//269 1803//1776
f 1803//1776 270//269 272//271
f 1803//1776 272//271 1804//1777
f 278//277 1805//1778 276//275
f 276//275 1805//1778 1804//1777
f 276//275 1804//1777 274//273
f 274//273 1804//1777 272//271
f 278//277 280//279 1805//1778
f 1805//1778 280//279 283//282
f 1805//1778 283//282 1806//1779
f 283//282 285//284 1806//1779
f 1806//1779 285//284 287//286
f 1806//1779 287//286 1807//1780
f 287//286 289//288 1807//1780
f 1807//1780 289//288 291//290
f 1807//1780 291//290 1808//1781
f 291//290 293//292 1808//1781
f 1808//1781 293//292 295//294
f 1808//1781 295//294 1809//1782
f 295//294 297//296 1809//1782
f 1809//1782 297//296 299//298
f 1809//1782 299//298 1810//1783
f 299//298 301//300 1810//1783
f 1810//1783 301//300 303//302
f 1810//1783 303//302 1775//1748
f 1775//1748 303//302 149//148
f 1775//1748 149//148 151//150
f 1775//1748 1774//1747 1811//1784
f 1808//1781 1809//1782 1811//1784
f 1811//1784 1809//1782 1810//1783
f 1811//1784 1810//1783 1775//1748
f 1805//1778 1806//1779 1811//1784
f 1811//1784 1806//1779 1807//1780
f 1811//1784 1807//1780 1808//1781
f 1802//1775 1803//1776 1811//1784
f 1811//1784 1803//1776 1804//1777
f 1811//1784 1804//1777 1805//1778
f 1799//1772 1800//1773 1811//1784
f 1811//1784 1800//1773 1801//1774
f 1811//1784 1801//1774 1802//1775
f 1796//1769 1797//1770 1811//1784
f 1811//1784 1797//1770 1798//1771
f 1811//1784 1798//1771 1799//1772
f 1793//1766 1794//1767 1811//1784
f 1811//1784 1794//1767 1795//1768
f 1811//1784 1795//1768 1796//1769
f 1790//1763 1791//1764 1811//1784
f 1811//1784 1791//1764 1792//1765
f 1811//1784 1792//1765 1793//1766
f 1787//1760 1788//1761 1811//1784
f 1811//1784 1788//1761 1789//1762
f 1811//1784 1789//1762 1790//1763
f 1784//1757 1785//1758 1811//1784
f 1811//1784 1785//1758 1786//1759
f 1811//1784 1786//1759 1787//1760
f 1781//1754 1782//1755 1811//1784
f 1811//1784 1782//1755 1783//1756
f 1811//1784 1783//1756 1784//1757
f 1778//1751 1779//1752 1811//1784
f 1811//1784 1779//1752 1780//1753
f 1811//1784 1780//1753 1781//1754
f 1774//1747 1776//1749 1811//1784
f 1811//1784 1776//1749 1777//1750
f 1811//1784 1777//1750 1778//1751
f 1711//1684 1710//1683 1812//1785
f 1720//1693 1719//1692 1813//1786
f 1716//1689 1715//1688 1814//1787
f 1725//1698 1724//1697 1815//1788
f 1732//1705 1731//1704 1816//1789
f 1728//1701 1727//1700 1817//1790
f 1737//1710 1736//1709 1818//1791
f 1743//1716 1742//1715 1819//1792
f 1739//1712 1738//1711 1820//1793
f 1748//1721 1747//1720 1821//1794
f 1755//1728 1754//1727 1822//1795
f 1751//1724 1750//1723 1823//1796
f 1760//1733 1759//1732 1824//1797
f 1773//1746 1772//1745 1825//1798
f 1767//1740 1766//1739 1826//1799
f 1762//1735 1663//1636 1827//1800
f 1670//1643 1669//1642 1828//1801
f 1668//1641 1667//1640 1829//1802
f 1675//1648 1674//1647 1830//1803
f 1682//1655 1681//1654 1831//1804
f 1680//1653 1679//1652 1832//1805
f 1687//1660 1686//1659 1833//1806
f 1694//1667 1693//1666 1834//1807
f 1692//1665 1691//1664 1835//1808
f 1701//1674 1700//1673 1836//1809
f 1708//1681 1707//1680 1837//1810
f 1706//1679 1705//1678 1838//1811
f 1839//1812 1840//1813 1841//1814
f 135//134 145//144 1842//1815
f 242//241 240//239 1843//1816
f 250//249 248//247 1844//1817
f 258//257 256//255 1845//1818
f 265//264 263//262 1846//1819
f 296//295 294//293 1847//1820
f 304//303 302//301 1848//1821
f 152//151 150//149 1849//1822
f 160//159 158//157 1850//1823
f 168//167 166//165 1851//1824
f 175//174 173//172 1852//1825
f 183//182 181//180 1853//1826
f 198//197 196//195 1854//1827
f 206//205 204//203 1855//1828
f 214//213 212//211 1856//1829
f 106//105 227//226 1857//1830
f 216//215 1841//1814 218//217
f 218//217 1841//1814 1840//1813
f 218//217 1840//1813 219//218
f 219//218 1840//1813 221//220
f 193//192 191//190 1858//1831
f 183//182 1853//1826 185//184
f 304//303 1848//1821 305//304
f 282//281 281//280 1859//1832
f 275//274 273//272 1860//1833
f 265//264 1846//1819 267//266
f 250//249 1844//1817 252//251
f 135//134 1842//1815 229//228
f 223//222 221//220 1861//1834
f 1861//1834 221//220 1840//1813
f 1861//1834 1840//1813 1862//1835
f 1862//1835 1840//1813 1839//1812
f 1862//1835 1839//1812 1863//1836
f 225//224 223//222 1864//1837
f 1864//1837 223//222 1861//1834
f 1864//1837 1861//1834 1865//1838
f 1865//1838 1861//1834 1862//1835
f 1865//1838 1862//1835 1866//1839
f 1866//1839 1862//1835 1863//1836
f 1866//1839 1863//1836 1867//1840
f 227//226 225//224 1857//1830
f 1857//1830 225//224 1864//1837
f 1857//1830 1864//1837 1868//1841
f 1868//1841 1864//1837 1865//1838
f 1868//1841 1865//1838 1869//1842
f 1869//1842 1865//1838 1866//1839
f 1869//1842 1866//1839 1870//1843
f 1870//1843 1866//1839 1867//1840
f 1870//1843 1867//1840 1871//1844
f 103//102 106//105 1872//1845
f 1872//1845 106//105 1857//1830
f 1872//1845 1857//1830 1873//1846
f 1873//1846 1857//1830 1868//1841
f 1873//1846 1868//1841 1874//1847
f 1874//1847 1868//1841 1869//1842
f 1874//1847 1869//1842 1875//1848
f 1875//1848 1869//1842 1870//1843
f 1875//1848 1870//1843 1876//1849
f 1876//1849 1870//1843 1871//1844
f 1876//1849 1871//1844 1877//1850
f 100//99 103//102 1878//1851
f 1878//1851 103//102 1872//1845
f 1878//1851 1872//1845 1879//1852
f 1879//1852 1872//1845 1873//1846
f 1879//1852 1873//1846 1880//1853
f 1880//1853 1873//1846 1874//1847
f 1880//1853 1874//1847 1881//1854
f 1881//1854 1874//1847 1875//1848
f 1881//1854 1875//1848 1882//1855
f 1882//1855 1875//1848 1876//1849
f 1882//1855 1876//1849 1883//1856
f 1883//1856 1876//1849 1877//1850
f 1883//1856 1877//1850 1884//1857
f 145//144 100//99 1842//1815
f 1842//1815 100//99 1878//1851
f 1842//1815 1878//1851 1885//1858
f 1885//1858 1878//1851 1879//1852
f 1885//1858 1879//1852 1886//1859
f 1886//1859 1879//1852 1880//1853
f 1886//1859 1880//1853 1887//1860
f 1887//1860 1880//1853 1881//1854
f 1887//1860 1881//1854 1888//1861
f 1888//1861 1881//1854 1882//1855
f 1888//1861 1882//1855 1889//1862
f 1889//1862 1882//1855 1883//1856
f 1889//1862 1883//1856 1890//1863
f 1890//1863 1883//1856 1884//1857
f 1890//1863 1884//1857 1812//1785
f 1891//1864 1892//1865 1893//1866
f 1894//1867 1892//1865 1895//1868
f 1895//1868 1892//1865 1891//1864
f 1895//1868 1891//1864 1896//1869
f 1836//1809 1897//1870 1898//1871
f 1898//1871 1897//1870 1899//1872
f 1898//1871 1899//1872 1900//1873
f 1900//1873 1899//1872 1901//1874
f 1900//1873 1901//1874 1902//1875
f 1902//1875 1901//1874 1903//1876
f 1902//1875 1903//1876 1904//1877
f 1904//1877 1903//1876 1905//1878
f 1904//1877 1905//1878 1906//1879
f 1906//1879 1905//1878 1907//1880
f 1906//1879 1907//1880 1908//1881
f 1908//1881 1907//1880 1909//1882
f 1908//1881 1909//1882 1910//1883
f 210//209 208//207 1911//1884
f 1911//1884 208//207 1912//1885
f 1911//1884 1912//1885 1913//1886
f 1913//1886 1912//1885 1914//1887
f 1913//1886 1914//1887 1915//1888
f 1915//1888 1914//1887 1916//1889
f 1915//1888 1916//1889 1917//1890
f 1917//1890 1916//1889 1918//1891
f 1917//1890 1918//1891 1919//1892
f 1919//1892 1918//1891 1920//1893
f 1919//1892 1920//1893 1921//1894
f 1921//1894 1920//1893 1922//1895
f 1921//1894 1922//1895 1923//1896
f 1923//1896 1922//1895 1924//1897
f 1923//1896 1924//1897 1925//1898
f 1925//1898 1924//1897 1835//1808
f 200//199 198//197 1926//1899
f 1926//1899 198//197 1854//1827
f 1926//1899 1854//1827 1927//1900
f 1927//1900 1854//1827 1928//1901
f 1927//1900 1928//1901 1929//1902
f 1929//1902 1928//1901 1930//1903
f 1929//1902 1930//1903 1931//1904
f 1931//1904 1930//1903 1932//1905
f 1931//1904 1932//1905 1933//1906
f 1933//1906 1932//1905 1934//1907
f 1933//1906 1934//1907 1935//1908
f 1935//1908 1934//1907 1936//1909
f 1935//1908 1936//1909 1937//1910
f 1937//1910 1936//1909 1938//1911
f 1937//1910 1938//1911 1939//1912
f 1939//1912 1938//1911 1833//1806
f 1832//1805 1940//1913 1941//1914
f 1941//1914 1940//1913 1942//1915
f 1941//1914 1942//1915 1943//1916
f 1943//1916 1942//1915 1944//1917
f 1943//1916 1944//1917 1945//1918
f 1945//1918 1944//1917 1946//1919
f 1945//1918 1946//1919 1947//1920
f 1947//1920 1946//1919 1948//1921
f 1947//1920 1948//1921 1949//1922
f 1949//1922 1948//1921 1950//1923
f 1949//1922 1950//1923 1951//1924
f 1951//1924 1950//1923 1952//1925
f 1951//1924 1952//1925 1858//1831
f 1858//1831 1952//1925 1953//1926
f 1858//1831 1953//1926 193//192
f 181//180 179//178 1853//1826
f 1853//1826 179//178 1954//1927
f 1853//1826 1954//1927 1955//1928
f 1955//1928 1954//1927 1956//1929
f 1955//1928 1956//1929 1957//1930
f 1957//1930 1956//1929 1958//1931
f 1957//1930 1958//1931 1959//1932
f 1959//1932 1958//1931 1960//1933
f 1959//1932 1960//1933 1961//1934
f 1961//1934 1960//1933 1962//1935
f 1961//1934 1962//1935 1963//1936
f 1963//1936 1962//1935 1964//1937
f 1963//1936 1964//1937 1965//1938
f 1965//1938 1964//1937 1966//1939
f 1965//1938 1966//1939 1967//1940
f 1967//1940 1966//1939 1830//1803
f 173//172 172//171 1852//1825
f 1852//1825 172//171 1968//1941
f 1852//1825 1968//1941 1969//1942
f 1969//1942 1968//1941 1970//1943
f 1969//1942 1970//1943 1971//1944
f 1971//1944 1970//1943 1972//1945
f 1971//1944 1972//1945 1973//1946
f 1973//1946 1972//1945 1974//1947
f 1973//1946 1974//1947 1975//1948
f 1975//1948 1974//1947 1976//1949
f 1975//1948 1976//1949 1977//1950
f 1977//1950 1976//1949 1978//1951
f 1977//1950 1978//1951 1979//1952
f 1979//1952 1978//1951 1980//1953
f 1979//1952 1980//1953 1981//1954
f 1981//1954 1980//1953 1829//1802
f 164//163 162//161 1982//1955
f 1982//1955 162//161 1983//1956
f 1982//1955 1983//1956 1984//1957
f 1984//1957 1983//1956 1985//1958
f 1984//1957 1985//1958 1986//1959
f 1986//1959 1985//1958 1987//1960
f 1986//1959 1987//1960 1988//1961
f 1988//1961 1987//1960 1989//1962
f 1988//1961 1989//1962 1990//1963
f 1990//1963 1989//1962 1991//1964
f 1990//1963 1991//1964 1992//1965
f 1992//1965 1991//1964 1993//1966
f 1992//1965 1993//1966 1994//1967
f 1994//1967 1993//1966 1995//1968
f 1994//1967 1995//1968 1996//1969
f 1996//1969 1995//1968 1827//1800
f 156//155 154//153 1997//1970
f 1997//1970 154//153 1998//1971
f 1997//1970 1998//1971 1999//1972
f 1999//1972 1998//1971 2000//1973
f 1999//1972 2000//1973 2001//1974
f 2001//1974 2000//1973 2002//1975
f 2001//1974 2002//1975 2003//1976
f 2003//1976 2002//1975 2004//1977
f 2003//1976 2004//1977 2005//1978
f 2005//1978 2004//1977 2006//1979
f 2005//1978 2006//1979 2007//1980
f 2007//1980 2006//1979 2008//1981
f 2007//1980 2008//1981 2009//1982
f 2009//1982 2008//1981 2010//1983
f 2009//1982 2010//1983 2011//1984
f 2011//1984 2010//1983 1826//1799
f 1825//1798 2012//1985 2013//1986
f 2013//1986 2012//1985 2014//1987
f 2013//1986 2014//1987 2015//1988
f 2015//1988 2014//1987 2016//1989
f 2015//1988 2016//1989 2017//1990
f 2017//1990 2016//1989 2018//1991
f 2017//1990 2018//1991 2019//1992
f 2019//1992 2018//1991 2020//1993
f 2019//1992 2020//1993 2021//1994
f 2021//1994 2020//1993 2022//1995
f 2021//1994 2022//1995 2023//1996
f 2023//1996 2022//1995 2024//1997
f 2023//1996 2024//1997 1848//1821
f 1848//1821 2024//1997 2025//1998
f 1848//1821 2025//1998 305//304
f 298//297 296//295 2026//1999
f 2026//1999 296//295 1847//1820
f 2026//1999 1847//1820 2027//2000
f 2027//2000 1847//1820 2028//2001
f 2027//2000 2028//2001 2029//2002
f 2029//2002 2028//2001 2030//2003
f 2029//2002 2030//2003 2031//2004
f 2031//2004 2030//2003 2032//2005
f 2031//2004 2032//2005 2033//2006
f 2033//2006 2032//2005 2034//2007
f 2033//2006 2034//2007 2035//2008
f 2035//2008 2034//2007 2036//2009
f 2035//2008 2036//2009 2037//2010
f 2037//2010 2036//2009 2038//2011
f 2037//2010 2038//2011 2039//2012
f 2039//2012 2038//2011 1824//1797
f 2040//2013 2041//2014 2042//2015
f 2042//2015 2041//2014 2043//2016
f 2042//2015 2043//2016 2044//2017
f 2044//2017 2043//2016 2045//2018
f 2044//2017 2045//2018 2046//2019
f 2046//2019 2045//2018 2047//2020
f 2046//2019 2047//2020 2048//2021
f 2048//2021 2047//2020 2049//2022
f 2048//2021 2049//2022 2050//2023
f 2050//2023 2049//2022 2051//2024
f 2050//2023 2051//2024 2052//2025
f 2052//2025 2051//2024 2053//2026
f 2052//2025 2053//2026 2054//2027
f 2054//2027 2053//2026 1822//1795
f 1859//1832 2055//2028 2056//2029
f 2056//2029 2055//2028 2057//2030
f 2056//2029 2057//2030 2058//2031
f 2058//2031 2057//2030 2059//2032
f 2058//2031 2059//2032 2060//2033
f 2060//2033 2059//2032 2061//2034
f 2060//2033 2061//2034 2062//2035
f 2062//2035 2061//2034 2063//2036
f 2062//2035 2063//2036 2064//2037
f 2064//2037 2063//2036 2065//2038
f 2064//2037 2065//2038 2066//2039
f 2066//2039 2065//2038 2067//2040
f 2066//2039 2067//2040 2068//2041
f 2068//2041 2067//2040 1821//1794
f 2069//2042 2070//2043 2071//2044
f 2071//2044 2070//2043 2072//2045
f 2071//2044 2072//2045 2073//2046
f 2073//2046 2072//2045 2074//2047
f 2073//2046 2074//2047 2075//2048
f 2075//2048 2074//2047 2076//2049
f 2075//2048 2076//2049 2077//2050
f 2077//2050 2076//2049 2078//2051
f 2077//2050 2078//2051 2079//2052
f 2079//2052 2078//2051 2080//2053
f 2079//2052 2080//2053 2081//2054
f 2081//2054 2080//2053 2082//2055
f 2081//2054 2082//2055 2083//2056
f 2083//2056 2082//2055 1819//1792
f 261//260 259//258 2084//2057
f 2084//2057 259//258 2085//2058
f 2084//2057 2085//2058 2086//2059
f 2086//2059 2085//2058 2087//2060
f 2086//2059 2087//2060 2088//2061
f 2088//2061 2087//2060 2089//2062
f 2088//2061 2089//2062 2090//2063
f 2090//2063 2089//2062 2091//2064
f 2090//2063 2091//2064 2092//2065
f 2092//2065 2091//2064 2093//2066
f 2092//2065 2093//2066 2094//2067
f 2094//2067 2093//2066 2095//2068
f 2094//2067 2095//2068 2096//2069
f 2096//2069 2095//2068 2097//2070
f 2096//2069 2097//2070 2098//2071
f 2098//2071 2097//2070 1818//1791
f 1816//1789 2099//2072 2100//2073
f 2100//2073 2099//2072 2101//2074
f 2100//2073 2101//2074 2102//2075
f 2102//2075 2101//2074 2103//2076
f 2102//2075 2103//2076 2104//2077
f 2104//2077 2103//2076 2105//2078
f 2104//2077 2105//2078 2106//2079
f 2106//2079 2105//2078 2107//2080
f 2106//2079 2107//2080 2108//2081
f 2108//2081 2107//2080 2109//2082
f 2108//2081 2109//2082 2110//2083
f 2110//2083 2109//2082 2111//2084
f 2110//2083 2111//2084 1844//1817
f 1844//1817 2111//2084 2112//2085
f 1844//1817 2112//2085 252//251
f 244//243 242//241 2113//2086
f 2113//2086 242//241 1843//1816
f 2113//2086 1843//1816 2114//2087
f 2114//2087 1843//1816 2115//2088
f 2114//2087 2115//2088 2116//2089
f 2116//2089 2115//2088 2117//2090
f 2116//2089 2117//2090 2118//2091
f 2118//2091 2117//2090 2119//2092
f 2118//2091 2119//2092 2120//2093
f 2120//2093 2119//2092 2121//2094
f 2120//2093 2121//2094 2122//2095
f 2122//2095 2121//2094 2123//2096
f 2122//2095 2123//2096 2124//2097
f 2124//2097 2123//2096 2125//2098
f 2124//2097 2125//2098 2126//2099
f 2126//2099 2125//2098 1815//1788
f 2127//2100 2128//2101 2129//2102
f 2129//2102 2128//2101 2130//2103
f 2129//2102 2130//2103 2131//2104
f 2131//2104 2130//2103 2132//2105
f 2131//2104 2132//2105 2133//2106
f 2133//2106 2132//2105 2134//2107
f 2133//2106 2134//2107 2135//2108
f 2135//2108 2134//2107 2136//2109
f 2135//2108 2136//2109 2137//2110
f 2137//2110 2136//2109 2138//2111
f 2137//2110 2138//2111 2139//2112
f 2139//2112 2138//2111 2140//2113
f 2139//2112 2140//2113 2141//2114
f 2141//2114 2140//2113 1813//1786
f 1704//1677 1703//1676 1894//1867
f 1894//1867 1703//1676 1702//1675
f 1894//1867 1702//1675 1892//1865
f 1892//1865 1702//1675 1713//1686
f 1892//1865 1713//1686 1893//1866
f 1893//1866 1713//1686 1712//1685
f 1705//1678 1704//1677 1838//1811
f 1838//1811 1704//1677 1894//1867
f 1838//1811 1894//1867 2142//2115
f 2142//2115 1894//1867 1895//1868
f 2142//2115 1895//1868 2143//2116
f 2143//2116 1895//1868 1896//1869
f 2143//2116 1896//1869 2144//2117
f 1707//1680 1706//1679 1837//1810
f 1837//1810 1706//1679 1838//1811
f 1837//1810 1838//1811 2145//2118
f 2145//2118 1838//1811 2142//2115
f 2145//2118 2142//2115 2146//2119
f 2146//2119 2142//2115 2143//2116
f 2146//2119 2143//2116 2147//2120
f 2147//2120 2143//2116 2144//2117
f 2147//2120 2144//2117 2148//2121
f 1697//1670 1708//1681 2149//2122
f 2149//2122 1708//1681 1837//1810
f 2149//2122 1837//1810 2150//2123
f 2150//2123 1837//1810 2145//2118
f 2150//2123 2145//2118 2151//2124
f 2151//2124 2145//2118 2146//2119
f 2151//2124 2146//2119 2152//2125
f 2152//2125 2146//2119 2147//2120
f 2152//2125 2147//2120 2153//2126
f 2153//2126 2147//2120 2148//2121
f 2153//2126 2148//2121 2154//2127
f 1698//1671 1697//1670 1897//1870
f 1897//1870 1697//1670 2149//2122
f 1897//1870 2149//2122 1899//1872
f 1899//1872 2149//2122 2150//2123
f 1899//1872 2150//2123 1901//1874
f 1901//1874 2150//2123 2151//2124
f 1901//1874 2151//2124 1903//1876
f 1903//1876 2151//2124 2152//2125
f 1903//1876 2152//2125 1905//1878
f 1905//1878 2152//2125 2153//2126
f 1905//1878 2153//2126 1907//1880
f 1907//1880 2153//2126 2154//2127
f 1907//1880 2154//2127 1909//1882
f 1836//1809 1700//1673 1897//1870
f 1897//1870 1700//1673 1699//1672
f 1897//1870 1699//1672 1698//1671
f 1688//1661 1701//1674 2155//2128
f 2155//2128 1701//1674 1836//1809
f 2155//2128 1836//1809 2156//2129
f 2156//2129 1836//1809 1898//1871
f 2156//2129 1898//1871 2157//2130
f 2157//2130 1898//1871 1900//1873
f 2157//2130 1900//1873 2158//2131
f 2158//2131 1900//1873 1902//1875
f 2158//2131 1902//1875 2159//2132
f 2159//2132 1902//1875 1904//1877
f 2159//2132 1904//1877 2160//2133
f 2160//2133 1904//1877 1906//1879
f 2160//2133 1906//1879 2161//2134
f 2161//2134 1906//1879 1908//1881
f 2161//2134 1908//1881 1856//1829
f 1856//1829 1908//1881 1910//1883
f 1856//1829 1910//1883 214//213
f 214//213 1910//1883 216//215
f 212//211 210//209 1856//1829
f 1856//1829 210//209 1911//1884
f 1856//1829 1911//1884 2161//2134
f 2161//2134 1911//1884 1913//1886
f 2161//2134 1913//1886 2160//2133
f 2160//2133 1913//1886 1915//1888
f 2160//2133 1915//1888 2159//2132
f 2159//2132 1915//1888 1917//1890
f 2159//2132 1917//1890 2158//2131
f 2158//2131 1917//1890 1919//1892
f 2158//2131 1919//1892 2157//2130
f 2157//2130 1919//1892 1921//1894
f 2157//2130 1921//1894 2156//2129
f 2156//2129 1921//1894 1923//1896
f 2156//2129 1923//1896 2155//2128
f 2155//2128 1923//1896 1925//1898
f 2155//2128 1925//1898 1688//1661
f 1688//1661 1925//1898 1689//1662
f 1835//1808 1691//1664 1925//1898
f 1925//1898 1691//1664 1690//1663
f 1925//1898 1690//1663 1689//1662
f 1693//1666 1692//1665 1834//1807
f 1834//1807 1692//1665 1835//1808
f 1834//1807 1835//1808 2162//2135
f 2162//2135 1835//1808 1924//1897
f 2162//2135 1924//1897 2163//2136
f 2163//2136 1924//1897 1922//1895
f 2163//2136 1922//1895 2164//2137
f 2164//2137 1922//1895 1920//1893
f 2164//2137 1920//1893 2165//2138
f 2165//2138 1920//1893 1918//1891
f 2165//2138 1918//1891 2166//2139
f 2166//2139 1918//1891 1916//1889
f 2166//2139 1916//1889 2167//2140
f 2167//2140 1916//1889 1914//1887
f 2167//2140 1914//1887 1855//1828
f 1855//1828 1914//1887 1912//1885
f 1855//1828 1912//1885 206//205
f 206//205 1912//1885 208//207
f 1695//1668 1694//1667 2168//2141
f 2168//2141 1694//1667 1834//1807
f 2168//2141 1834//1807 2169//2142
f 2169//2142 1834//1807 2162//2135
f 2169//2142 2162//2135 2170//2143
f 2170//2143 2162//2135 2163//2136
f 2170//2143 2163//2136 2171//2144
f 2171//2144 2163//2136 2164//2137
f 2171//2144 2164//2137 2172//2145
f 2172//2145 2164//2137 2165//2138
f 2172//2145 2165//2138 2173//2146
f 2173//2146 2165//2138 2166//2139
f 2173//2146 2166//2139 2174//2147
f 2174//2147 2166//2139 2167//2140
f 2174//2147 2167//2140 2175//2148
f 2175//2148 2167//2140 1855//1828
f 2175//2148 1855//1828 202//201
f 202//201 1855//1828 204//203
f 202//201 200//199 2175//2148
f 2175//2148 200//199 1926//1899
f 2175//2148 1926//1899 2174//2147
f 2174//2147 1926//1899 1927//1900
f 2174//2147 1927//1900 2173//2146
f 2173//2146 1927//1900 1929//1902
f 2173//2146 1929//1902 2172//2145
f 2172//2145 1929//1902 1931//1904
f 2172//2145 1931//1904 2171//2144
f 2171//2144 1931//1904 1933//1906
f 2171//2144 1933//1906 2170//2143
f 2170//2143 1933//1906 1935//1908
f 2170//2143 1935//1908 2169//2142
f 2169//2142 1935//1908 1937//1910
f 2169//2142 1937//1910 2168//2141
f 2168//2141 1937//1910 1939//1912
f 2168//2141 1939//1912 1695//1668
f 1695//1668 1939//1912 1696//1669
f 1833//1806 1686//1659 1939//1912
f 1939//1912 1686//1659 1685//1658
f 1939//1912 1685//1658 1696//1669
f 1676//1649 1687//1660 2176//2149
f 2176//2149 1687//1660 1833//1806
f 2176//2149 1833//1806 2177//2150
f 2177//2150 1833//1806 1938//1911
f 2177//2150 1938//1911 2178//2151
f 2178//2151 1938//1911 1936//1909
f 2178//2151 1936//1909 2179//2152
f 2179//2152 1936//1909 1934//1907
f 2179//2152 1934//1907 2180//2153
f 2180//2153 1934//1907 1932//1905
f 2180//2153 1932//1905 2181//2154
f 2181//2154 1932//1905 1930//1903
f 2181//2154 1930//1903 2182//2155
f 2182//2155 1930//1903 1928//1901
f 2182//2155 1928//1901 2183//2156
f 2183//2156 1928//1901 1854//1827
f 2183//2156 1854//1827 195//194
f 195//194 1854//1827 196//195
f 195//194 193//192 2183//2156
f 2183//2156 193//192 1953//1926
f 2183//2156 1953//1926 2182//2155
f 2182//2155 1953//1926 1952//1925
f 2182//2155 1952//1925 2181//2154
f 2181//2154 1952//1925 1950//1923
f 2181//2154 1950//1923 2180//2153
f 2180//2153 1950//1923 1948//1921
f 2180//2153 1948//1921 2179//2152
f 2179//2152 1948//1921 1946//1919
f 2179//2152 1946//1919 2178//2151
f 2178//2151 1946//1919 1944//1917
f 2178//2151 1944//1917 2177//2150
f 2177//2150 1944//1917 1942//1915
f 2177//2150 1942//1915 2176//2149
f 2176//2149 1942//1915 1940//1913
f 2176//2149 1940//1913 1676//1649
f 1676//1649 1940//1913 1677//1650
f 1832//1805 1679//1652 1940//1913
f 1940//1913 1679//1652 1678//1651
f 1940//1913 1678//1651 1677//1650
f 1681//1654 1680//1653 1831//1804
f 1831//1804 1680//1653 1832//1805
f 1831//1804 1832//1805 2184//2157
f 2184//2157 1832//1805 1941//1914
f 2184//2157 1941//1914 2185//2158
f 2185//2158 1941//1914 1943//1916
f 2185//2158 1943//1916 2186//2159
f 2186//2159 1943//1916 1945//1918
f 2186//2159 1945//1918 2187//2160
f 2187//2160 1945//1918 1947//1920
f 2187//2160 1947//1920 2188//2161
f 2188//2161 1947//1920 1949//1922
f 2188//2161 1949//1922 2189//2162
f 2189//2162 1949//1922 1951//1924
f 2189//2162 1951//1924 2190//2163
f 2190//2163 1951//1924 1858//1831
f 1683//1656 1682//1655 2191//2164
f 2191//2164 1682//1655 1831//1804
f 2191//2164 1831//1804 2192//2165
f 2192//2165 1831//1804 2184//2157
f 2192//2165 2184//2157 2193//2166
f 2193//2166 2184//2157 2185//2158
f 2193//2166 2185//2158 2194//2167
f 2194//2167 2185//2158 2186//2159
f 2194//2167 2186//2159 2195//2168
f 2195//2168 2186//2159 2187//2160
f 2195//2168 2187//2160 2196//2169
f 2196//2169 2187//2160 2188//2161
f 2196//2169 2188//2161 2197//2170
f 2197//2170 2188//2161 2189//2162
f 2197//2170 2189//2162 2198//2171
f 2198//2171 2189//2162 2190//2163
f 191//190 189//188 1858//1831
f 1858//1831 189//188 187//186
f 1858//1831 187//186 2190//2163
f 2190//2163 187//186 185//184
f 2190//2163 185//184 2198//2171
f 2198//2171 185//184 1853//1826
f 2198//2171 1853//1826 2197//2170
f 2197//2170 1853//1826 1955//1928
f 2197//2170 1955//1928 2196//2169
f 2196//2169 1955//1928 1957//1930
f 2196//2169 1957//1930 2195//2168
f 2195//2168 1957//1930 1959//1932
f 2195//2168 1959//1932 2194//2167
f 2194//2167 1959//1932 1961//1934
f 2194//2167 1961//1934 2193//2166
f 2193//2166 1961//1934 1963//1936
f 2193//2166 1963//1936 2192//2165
f 2192//2165 1963//1936 1965//1938
f 2192//2165 1965//1938 2191//2164
f 2191//2164 1965//1938 1967//1940
f 2191//2164 1967//1940 1683//1656
f 1683//1656 1967//1940 1684//1657
f 1830//1803 1674//1647 1967//1940
f 1967//1940 1674//1647 1673//1646
f 1967//1940 1673//1646 1684//1657
f 1664//1637 1675//1648 2199//2172
f 2199//2172 1675//1648 1830//1803
f 2199//2172 1830//1803 2200//2173
f 2200//2173 1830//1803 1966//1939
f 2200//2173 1966//1939 2201//2174
f 2201//2174 1966//1939 1964//1937
f 2201//2174 1964//1937 2202//2175
f 2202//2175 1964//1937 1962//1935
f 2202//2175 1962//1935 2203//2176
f 2203//2176 1962//1935 1960//1933
f 2203//2176 1960//1933 2204//2177
f 2204//2177 1960//1933 1958//1931
f 2204//2177 1958//1931 2205//2178
f 2205//2178 1958//1931 1956//1929
f 2205//2178 1956//1929 2206//2179
f 2206//2179 1956//1929 1954//1927
f 2206//2179 1954//1927 177//176
f 177//176 1954//1927 179//178
f 177//176 175//174 2206//2179
f 2206//2179 175//174 1852//1825
f 2206//2179 1852//1825 2205//2178
f 2205//2178 1852//1825 1969//1942
f 2205//2178 1969//1942 2204//2177
f 2204//2177 1969//1942 1971//1944
f 2204//2177 1971//1944 2203//2176
f 2203//2176 1971//1944 1973//1946
f 2203//2176 1973//1946 2202//2175
f 2202//2175 1973//1946 1975//1948
f 2202//2175 1975//1948 2201//2174
f 2201//2174 1975//1948 1977//1950
f 2201//2174 1977//1950 2200//2173
f 2200//2173 1977//1950 1979//1952
f 2200//2173 1979//1952 2199//2172
f 2199//2172 1979//1952 1981//1954
f 2199//2172 1981//1954 1664//1637
f 1664//1637 1981//1954 1665//1638
f 1829//1802 1667//1640 1981//1954
f 1981//1954 1667//1640 1666//1639
f 1981//1954 1666//1639 1665//1638
f 1669//1642 1668//1641 1828//1801
f 1828//1801 1668//1641 1829//1802
f 1828//1801 1829//1802 2207//2180
f 2207//2180 1829//1802 1980//1953
f 2207//2180 1980//1953 2208//2181
f 2208//2181 1980//1953 1978//1951
f 2208//2181 1978//1951 2209//2182
f 2209//2182 1978//1951 1976//1949
f 2209//2182 1976//1949 2210//2183
f 2210//2183 1976//1949 1974//1947
f 2210//2183 1974//1947 2211//2184
f 2211//2184 1974//1947 1972//1945
f 2211//2184 1972//1945 2212//2185
f 2212//2185 1972//1945 1970//1943
f 2212//2185 1970//1943 2213//2186
f 2213//2186 1970//1943 1968//1941
f 2213//2186 1968//1941 170//169
f 170//169 1968//1941 172//171
f 1671//1644 1670//1643 2214//2187
f 2214//2187 1670//1643 1828//1801
f 2214//2187 1828//1801 2215//2188
f 2215//2188 1828//1801 2207//2180
f 2215//2188 2207//2180 2216//2189
f 2216//2189 2207//2180 2208//2181
f 2216//2189 2208//2181 2217//2190
f 2217//2190 2208//2181 2209//2182
f 2217//2190 2209//2182 2218//2191
f 2218//2191 2209//2182 2210//2183
f 2218//2191 2210//2183 2219//2192
f 2219//2192 2210//2183 2211//2184
f 2219//2192 2211//2184 2220//2193
f 2220//2193 2211//2184 2212//2185
f 2220//2193 2212//2185 1851//1824
f 1851//1824 2212//2185 2213//2186
f 1851//1824 2213//2186 168//167
f 168//167 2213//2186 170//169
f 166//165 164//163 1851//1824
f 1851//1824 164//163 1982//1955
f 1851//1824 1982//1955 2220//2193
f 2220//2193 1982//1955 1984//1957
f 2220//2193 1984//1957 2219//2192
f 2219//2192 1984//1957 1986//1959
f 2219//2192 1986//1959 2218//2191
f 2218//2191 1986//1959 1988//1961
f 2218//2191 1988//1961 2217//2190
f 2217//2190 1988//1961 1990//1963
f 2217//2190 1990//1963 2216//2189
f 2216//2189 1990//1963 1992//1965
f 2216//2189 1992//1965 2215//2188
f 2215//2188 1992//1965 1994//1967
f 2215//2188 1994//1967 2214//2187
f 2214//2187 1994//1967 1996//1969
f 2214//2187 1996//1969 1671//1644
f 1671//1644 1996//1969 1672//1645
f 1827//1800 1663//1636 1996//1969
f 1996//1969 1663//1636 1662//1635
f 1996//1969 1662//1635 1672//1645
f 1763//1736 1762//1735 2221//2194
f 2221//2194 1762//1735 1827//1800
f 2221//2194 1827//1800 2222//2195
f 2222//2195 1827//1800 1995//1968
f 2222//2195 1995//1968 2223//2196
f 2223//2196 1995//1968 1993//1966
f 2223//2196 1993//1966 2224//2197
f 2224//2197 1993//1966 1991//1964
f 2224//2197 1991//1964 2225//2198
f 2225//2198 1991//1964 1989//1962
f 2225//2198 1989//1962 2226//2199
f 2226//2199 1989//1962 1987//1960
f 2226//2199 1987//1960 2227//2200
f 2227//2200 1987//1960 1985//1958
f 2227//2200 1985//1958 1850//1823
f 1850//1823 1985//1958 1983//1956
f 1850//1823 1983//1956 160//159
f 160//159 1983//1956 162//161
f 158//157 156//155 1850//1823
f 1850//1823 156//155 1997//1970
f 1850//1823 1997//1970 2227//2200
f 2227//2200 1997//1970 1999//1972
f 2227//2200 1999//1972 2226//2199
f 2226//2199 1999//1972 2001//1974
f 2226//2199 2001//1974 2225//2198
f 2225//2198 2001//1974 2003//1976
f 2225//2198 2003//1976 2224//2197
f 2224//2197 2003//1976 2005//1978
f 2224//2197 2005//1978 2223//2196
f 2223//2196 2005//1978 2007//1980
f 2223//2196 2007//1980 2222//2195
f 2222//2195 2007//1980 2009//1982
f 2222//2195 2009//1982 2221//2194
f 2221//2194 2009//1982 2011//1984
f 2221//2194 2011//1984 1763//1736
f 1763//1736 2011//1984 1764//1737
f 1826//1799 1766//1739 2011//1984
f 2011//1984 1766//1739 1765//1738
f 2011//1984 1765//1738 1764//1737
f 1768//1741 1767//1740 2228//2201
f 2228//2201 1767//1740 1826//1799
f 2228//2201 1826//1799 2229//2202
f 2229//2202 1826//1799 2010//1983
f 2229//2202 2010//1983 2230//2203
f 2230//2203 2010//1983 2008//1981
f 2230//2203 2008//1981 2231//2204
f 2231//2204 2008//1981 2006//1979
f 2231//2204 2006//1979 2232//2205
f 2232//2205 2006//1979 2004//1977
f 2232//2205 2004//1977 2233//2206
f 2233//2206 2004//1977 2002//1975
f 2233//2206 2002//1975 2234//2207
f 2234//2207 2002//1975 2000//1973
f 2234//2207 2000//1973 1849//1822
f 1849//1822 2000//1973 1998//1971
f 1849//1822 1998//1971 152//151
f 152//151 1998//1971 154//153
f 150//149 306//305 1849//1822
f 1849//1822 306//305 2235//2208
f 1849//1822 2235//2208 2234//2207
f 2234//2207 2235//2208 2236//2209
f 2234//2207 2236//2209 2233//2206
f 2233//2206 2236//2209 2237//2210
f 2233//2206 2237//2210 2232//2205
f 2232//2205 2237//2210 2238//2211
f 2232//2205 2238//2211 2231//2204
f 2231//2204 2238//2211 2239//2212
f 2231//2204 2239//2212 2230//2203
f 2230//2203 2239//2212 2240//2213
f 2230//2203 2240//2213 2229//2202
f 2229//2202 2240//2213 2241//2214
f 2229//2202 2241//2214 2228//2201
f 2228//2201 2241//2214 2242//2215
f 2228//2201 2242//2215 1768//1741
f 1768//1741 2242//2215 1769//1742
f 306//305 305//304 2235//2208
f 2235//2208 305//304 2025//1998
f 2235//2208 2025//1998 2236//2209
f 2236//2209 2025//1998 2024//1997
f 2236//2209 2024//1997 2237//2210
f 2237//2210 2024//1997 2022//1995
f 2237//2210 2022//1995 2238//2211
f 2238//2211 2022//1995 2020//1993
f 2238//2211 2020//1993 2239//2212
f 2239//2212 2020//1993 2018//1991
f 2239//2212 2018//1991 2240//2213
f 2240//2213 2018//1991 2016//1989
f 2240//2213 2016//1989 2241//2214
f 2241//2214 2016//1989 2014//1987
f 2241//2214 2014//1987 2242//2215
f 2242//2215 2014//1987 2012//1985
f 2242//2215 2012//1985 1769//1742
f 1769//1742 2012//1985 1770//1743
f 1825//1798 1772//1745 2012//1985
f 2012//1985 1772//1745 1771//1744
f 2012//1985 1771//1744 1770//1743
f 1756//1729 1773//1746 2243//2216
f 2243//2216 1773//1746 1825//1798
f 2243//2216 1825//1798 2244//2217
f 2244//2217 1825//1798 2013//1986
f 2244//2217 2013//1986 2245//2218
f 2245//2218 2013//1986 2015//1988
f 2245//2218 2015//1988 2246//2219
f 2246//2219 2015//1988 2017//1990
f 2246//2219 2017//1990 2247//2220
f 2247//2220 2017//1990 2019//1992
f 2247//2220 2019//1992 2248//2221
f 2248//2221 2019//1992 2021//1994
f 2248//2221 2021//1994 2249//2222
f 2249//2222 2021//1994 2023//1996
f 2249//2222 2023//1996 2250//2223
f 2250//2223 2023//1996 1848//1821
f 2250//2223 1848//1821 300//299
f 300//299 1848//1821 302//301
f 300//299 298//297 2250//2223
f 2250//2223 298//297 2026//1999
f 2250//2223 2026//1999 2249//2222
f 2249//2222 2026//1999 2027//2000
f 2249//2222 2027//2000 2248//2221
f 2248//2221 2027//2000 2029//2002
f 2248//2221 2029//2002 2247//2220
f 2247//2220 2029//2002 2031//2004
f 2247//2220 2031//2004 2246//2219
f 2246//2219 2031//2004 2033//2006
f 2246//2219 2033//2006 2245//2218
f 2245//2218 2033//2006 2035//2008
f 2245//2218 2035//2008 2244//2217
f 2244//2217 2035//2008 2037//2010
f 2244//2217 2037//2010 2243//2216
f 2243//2216 2037//2010 2039//2012
f 2243//2216 2039//2012 1756//1729
f 1756//1729 2039//2012 1757//1730
f 1824//1797 1759//1732 2039//2012
f 2039//2012 1759//1732 1758//1731
f 2039//2012 1758//1731 1757//1730
f 1761//1734 1760//1733 2251//2224
f 2251//2224 1760//1733 1824//1797
f 2251//2224 1824//1797 2252//2225
f 2252//2225 1824//1797 2038//2011
f 2252//2225 2038//2011 2253//2226
f 2253//2226 2038//2011 2036//2009
f 2253//2226 2036//2009 2254//2227
f 2254//2227 2036//2009 2034//2007
f 2254//2227 2034//2007 2255//2228
f 2255//2228 2034//2007 2032//2005
f 2255//2228 2032//2005 2256//2229
f 2256//2229 2032//2005 2030//2003
f 2256//2229 2030//2003 2257//2230
f 2257//2230 2030//2003 2028//2001
f 2257//2230 2028//2001 2258//2231
f 2258//2231 2028//2001 1847//1820
f 2258//2231 1847//1820 292//291
f 292//291 1847//1820 294//293
f 292//291 290//289 2258//2231
f 2258//2231 290//289 2259//2232
f 2258//2231 2259//2232 2257//2230
f 2257//2230 2259//2232 2260//2233
f 2257//2230 2260//2233 2256//2229
f 2256//2229 2260//2233 2261//2234
f 2256//2229 2261//2234 2255//2228
f 2255//2228 2261//2234 2262//2235
f 2255//2228 2262//2235 2254//2227
f 2254//2227 2262//2235 2263//2236
f 2254//2227 2263//2236 2253//2226
f 2253//2226 2263//2236 2264//2237
f 2253//2226 2264//2237 2252//2225
f 2252//2225 2264//2237 2265//2238
f 2252//2225 2265//2238 2251//2224
f 2251//2224 2265//2238 1823//1796
f 2251//2224 1823//1796 1761//1734
f 1761//1734 1823//1796 1750//1723
f 1752//1725 1751//1724 2054//2027
f 2054//2027 1751//1724 1823//1796
f 2054//2027 1823//1796 2052//2025
f 2052//2025 1823//1796 2265//2238
f 2052//2025 2265//2238 2050//2023
f 2050//2023 2265//2238 2264//2237
f 2050//2023 2264//2237 2048//2021
f 2048//2021 2264//2237 2263//2236
f 2048//2021 2263//2236 2046//2019
f 2046//2019 2263//2236 2262//2235
f 2046//2019 2262//2235 2044//2017
f 2044//2017 2262//2235 2261//2234
f 2044//2017 2261//2234 2042//2015
f 2042//2015 2261//2234 2260//2233
f 2042//2015 2260//2233 2040//2013
f 2040//2013 2260//2233 2259//2232
f 2040//2013 2259//2232 288//287
f 288//287 2259//2232 290//289
f 1822//1795 1754//1727 2054//2027
f 2054//2027 1754//1727 1753//1726
f 2054//2027 1753//1726 1752//1725
f 1744//1717 1755//1728 2266//2239
f 2266//2239 1755//1728 1822//1795
f 2266//2239 1822//1795 2267//2240
f 2267//2240 1822//1795 2053//2026
f 2267//2240 2053//2026 2268//2241
f 2268//2241 2053//2026 2051//2024
f 2268//2241 2051//2024 2269//2242
f 2269//2242 2051//2024 2049//2022
f 2269//2242 2049//2022 2270//2243
f 2270//2243 2049//2022 2047//2020
f 2270//2243 2047//2020 2271//2244
f 2271//2244 2047//2020 2045//2018
f 2271//2244 2045//2018 2272//2245
f 2272//2245 2045//2018 2043//2016
f 2272//2245 2043//2016 2273//2246
f 2273//2246 2043//2016 2041//2014
f 288//287 286//285 2040//2013
f 2040//2013 286//285 284//283
f 2040//2013 284//283 2041//2014
f 2041//2014 284//283 282//281
f 2041//2014 282//281 2273//2246
f 2273//2246 282//281 1859//1832
f 2273//2246 1859//1832 2272//2245
f 2272//2245 1859//1832 2056//2029
f 2272//2245 2056//2029 2271//2244
f 2271//2244 2056//2029 2058//2031
f 2271//2244 2058//2031 2270//2243
f 2270//2243 2058//2031 2060//2033
f 2270//2243 2060//2033 2269//2242
f 2269//2242 2060//2033 2062//2035
f 2269//2242 2062//2035 2268//2241
f 2268//2241 2062//2035 2064//2037
f 2268//2241 2064//2037 2267//2240
f 2267//2240 2064//2037 2066//2039
f 2267//2240 2066//2039 2266//2239
f 2266//2239 2066//2039 2068//2041
f 2266//2239 2068//2041 1744//1717
f 1744//1717 2068//2041 1745//1718
f 1821//1794 1747//1720 2068//2041
f 2068//2041 1747//1720 1746//1719
f 2068//2041 1746//1719 1745//1718
f 1749//1722 1748//1721 2274//2247
f 2274//2247 1748//1721 1821//1794
f 2274//2247 1821//1794 2275//2248
f 2275//2248 1821//1794 2067//2040
f 2275//2248 2067//2040 2276//2249
f 2276//2249 2067//2040 2065//2038
f 2276//2249 2065//2038 2277//2250
f 2277//2250 2065//2038 2063//2036
f 2277//2250 2063//2036 2278//2251
f 2278//2251 2063//2036 2061//2034
f 2278//2251 2061//2034 2279//2252
f 2279//2252 2061//2034 2059//2032
f 2279//2252 2059//2032 2280//2253
f 2280//2253 2059//2032 2057//2030
f 2280//2253 2057//2030 2281//2254
f 2281//2254 2057//2030 2055//2028
f 281//280 279//278 1859//1832
f 1859//1832 279//278 277//276
f 1859//1832 277//276 2055//2028
f 2055//2028 277//276 275//274
f 2055//2028 275//274 2281//2254
f 2281//2254 275//274 1860//1833
f 2281//2254 1860//1833 2280//2253
f 2280//2253 1860//1833 2282//2255
f 2280//2253 2282//2255 2279//2252
f 2279//2252 2282//2255 2283//2256
f 2279//2252 2283//2256 2278//2251
f 2278//2251 2283//2256 2284//2257
f 2278//2251 2284//2257 2277//2250
f 2277//2250 2284//2257 2285//2258
f 2277//2250 2285//2258 2276//2249
f 2276//2249 2285//2258 2286//2259
f 2276//2249 2286//2259 2275//2248
f 2275//2248 2286//2259 2287//2260
f 2275//2248 2287//2260 2274//2247
f 2274//2247 2287//2260 1820//1793
f 2274//2247 1820//1793 1749//1722
f 1749//1722 1820//1793 1738//1711
f 1740//1713 1739//1712 2083//2056
f 2083//2056 1739//1712 1820//1793
f 2083//2056 1820//1793 2081//2054
f 2081//2054 1820//1793 2287//2260
f 2081//2054 2287//2260 2079//2052
f 2079//2052 2287//2260 2286//2259
f 2079//2052 2286//2259 2077//2050
f 2077//2050 2286//2259 2285//2258
f 2077//2050 2285//2258 2075//2048
f 2075//2048 2285//2258 2284//2257
f 2075//2048 2284//2257 2073//2046
f 2073//2046 2284//2257 2283//2256
f 2073//2046 2283//2256 2071//2044
f 2071//2044 2283//2256 2282//2255
f 2071//2044 2282//2255 2069//2042
f 2069//2042 2282//2255 1860//1833
f 1819//1792 1742//1715 2083//2056
f 2083//2056 1742//1715 1741//1714
f 2083//2056 1741//1714 1740//1713
f 1733//1706 1743//1716 2288//2261
f 2288//2261 1743//1716 1819//1792
f 2288//2261 1819//1792 2289//2262
f 2289//2262 1819//1792 2082//2055
f 2289//2262 2082//2055 2290//2263
f 2290//2263 2082//2055 2080//2053
f 2290//2263 2080//2053 2291//2264
f 2291//2264 2080//2053 2078//2051
f 2291//2264 2078//2051 2292//2265
f 2292//2265 2078//2051 2076//2049
f 2292//2265 2076//2049 2293//2266
f 2293//2266 2076//2049 2074//2047
f 2293//2266 2074//2047 2294//2267
f 2294//2267 2074//2047 2072//2045
f 2294//2267 2072//2045 1846//1819
f 1846//1819 2072//2045 2070//2043
f 1846//1819 2070//2043 267//266
f 267//266 2070//2043 2069//2042
f 267//266 2069//2042 269//268
f 269//268 2069//2042 1860//1833
f 269//268 1860//1833 271//270
f 271//270 1860//1833 273//272
f 263//262 261//260 1846//1819
f 1846//1819 261//260 2084//2057
f 1846//1819 2084//2057 2294//2267
f 2294//2267 2084//2057 2086//2059
f 2294//2267 2086//2059 2293//2266
f 2293//2266 2086//2059 2088//2061
f 2293//2266 2088//2061 2292//2265
f 2292//2265 2088//2061 2090//2063
f 2292//2265 2090//2063 2291//2264
f 2291//2264 2090//2063 2092//2065
f 2291//2264 2092//2065 2290//2263
f 2290//2263 2092//2065 2094//2067
f 2290//2263 2094//2067 2289//2262
f 2289//2262 2094//2067 2096//2069
f 2289//2262 2096//2069 2288//2261
f 2288//2261 2096//2069 2098//2071
f 2288//2261 2098//2071 1733//1706
f 1733//1706 2098//2071 1734//1707
f 1818//1791 1736//1709 2098//2071
f 2098//2071 1736//1709 1735//1708
f 2098//2071 1735//1708 1734//1707
f 1726//1699 1737//1710 2295//2268
f 2295//2268 1737//1710 1818//1791
f 2295//2268 1818//1791 2296//2269
f 2296//2269 1818//1791 2097//2070
f 2296//2269 2097//2070 2297//2270
f 2297//2270 2097//2070 2095//2068
f 2297//2270 2095//2068 2298//2271
f 2298//2271 2095//2068 2093//2066
f 2298//2271 2093//2066 2299//2272
f 2299//2272 2093//2066 2091//2064
f 2299//2272 2091//2064 2300//2273
f 2300//2273 2091//2064 2089//2062
f 2300//2273 2089//2062 2301//2274
f 2301//2274 2089//2062 2087//2060
f 2301//2274 2087//2060 1845//1818
f 1845//1818 2087//2060 2085//2058
f 1845//1818 2085//2058 258//257
f 258//257 2085//2058 259//258
f 256//255 254//253 1845//1818
f 1845//1818 254//253 2302//2275
f 1845//1818 2302//2275 2301//2274
f 2301//2274 2302//2275 2303//2276
f 2301//2274 2303//2276 2300//2273
f 2300//2273 2303//2276 2304//2277
f 2300//2273 2304//2277 2299//2272
f 2299//2272 2304//2277 2305//2278
f 2299//2272 2305//2278 2298//2271
f 2298//2271 2305//2278 2306//2279
f 2298//2271 2306//2279 2297//2270
f 2297//2270 2306//2279 2307//2280
f 2297//2270 2307//2280 2296//2269
f 2296//2269 2307//2280 2308//2281
f 2296//2269 2308//2281 2295//2268
f 2295//2268 2308//2281 1817//1790
f 2295//2268 1817//1790 1726//1699
f 1726//1699 1817//1790 1727//1700
f 1729//1702 1728//1701 2099//2072
f 2099//2072 1728//1701 1817//1790
f 2099//2072 1817//1790 2101//2074
f 2101//2074 1817//1790 2308//2281
f 2101//2074 2308//2281 2103//2076
f 2103//2076 2308//2281 2307//2280
f 2103//2076 2307//2280 2105//2078
f 2105//2078 2307//2280 2306//2279
f 2105//2078 2306//2279 2107//2080
f 2107//2080 2306//2279 2305//2278
f 2107//2080 2305//2278 2109//2082
f 2109//2082 2305//2278 2304//2277
f 2109//2082 2304//2277 2111//2084
f 2111//2084 2304//2277 2303//2276
f 2111//2084 2303//2276 2112//2085
f 2112//2085 2303//2276 2302//2275
f 2112//2085 2302//2275 252//251
f 252//251 2302//2275 254//253
f 1816//1789 1731//1704 2099//2072
f 2099//2072 1731//1704 1730//1703
f 2099//2072 1730//1703 1729//1702
f 1721//1694 1732//1705 2309//2282
f 2309//2282 1732//1705 1816//1789
f 2309//2282 1816//1789 2310//2283
f 2310//2283 1816//1789 2100//2073
f 2310//2283 2100//2073 2311//2284
f 2311//2284 2100//2073 2102//2075
f 2311//2284 2102//2075 2312//2285
f 2312//2285 2102//2075 2104//2077
f 2312//2285 2104//2077 2313//2286
f 2313//2286 2104//2077 2106//2079
f 2313//2286 2106//2079 2314//2287
f 2314//2287 2106//2079 2108//2081
f 2314//2287 2108//2081 2315//2288
f 2315//2288 2108//2081 2110//2083
f 2315//2288 2110//2083 2316//2289
f 2316//2289 2110//2083 1844//1817
f 2316//2289 1844//1817 246//245
f 246//245 1844//1817 248//247
f 246//245 244//243 2316//2289
f 2316//2289 244//243 2113//2086
f 2316//2289 2113//2086 2315//2288
f 2315//2288 2113//2086 2114//2087
f 2315//2288 2114//2087 2314//2287
f 2314//2287 2114//2087 2116//2089
f 2314//2287 2116//2089 2313//2286
f 2313//2286 2116//2089 2118//2091
f 2313//2286 2118//2091 2312//2285
f 2312//2285 2118//2091 2120//2093
f 2312//2285 2120//2093 2311//2284
f 2311//2284 2120//2093 2122//2095
f 2311//2284 2122//2095 2310//2283
f 2310//2283 2122//2095 2124//2097
f 2310//2283 2124//2097 2309//2282
f 2309//2282 2124//2097 2126//2099
f 2309//2282 2126//2099 1721//1694
f 1721//1694 2126//2099 1722//1695
f 1815//1788 1724//1697 2126//2099
f 2126//2099 1724//1697 1723//1696
f 2126//2099 1723//1696 1722//1695
f 1714//1687 1725//1698 2317//2290
f 2317//2290 1725//1698 1815//1788
f 2317//2290 1815//1788 2318//2291
f 2318//2291 1815//1788 2125//2098
f 2318//2291 2125//2098 2319//2292
f 2319//2292 2125//2098 2123//2096
f 2319//2292 2123//2096 2320//2293
f 2320//2293 2123//2096 2121//2094
f 2320//2293 2121//2094 2321//2294
f 2321//2294 2121//2094 2119//2092
f 2321//2294 2119//2092 2322//2295
f 2322//2295 2119//2092 2117//2090
f 2322//2295 2117//2090 2323//2296
f 2323//2296 2117//2090 2115//2088
f 2323//2296 2115//2088 2324//2297
f 2324//2297 2115//2088 1843//1816
f 2324//2297 1843//1816 238//237
f 238//237 1843//1816 240//239
f 238//237 236//235 2324//2297
f 2324//2297 236//235 2325//2298
f 2324//2297 2325//2298 2323//2296
f 2323//2296 2325//2298 2326//2299
f 2323//2296 2326//2299 2322//2295
f 2322//2295 2326//2299 2327//2300
f 2322//2295 2327//2300 2321//2294
f 2321//2294 2327//2300 2328//2301
f 2321//2294 2328//2301 2320//2293
f 2320//2293 2328//2301 2329//2302
f 2320//2293 2329//2302 2319//2292
f 2319//2292 2329//2302 2330//2303
f 2319//2292 2330//2303 2318//2291
f 2318//2291 2330//2303 2331//2304
f 2318//2291 2331//2304 2317//2290
f 2317//2290 2331//2304 1814//1787
f 2317//2290 1814//1787 1714//1687
f 1714//1687 1814//1787 1715//1688
f 1717//1690 1716//1689 2141//2114
f 2141//2114 1716//1689 1814//1787
f 2141//2114 1814//1787 2139//2112
f 2139//2112 1814//1787 2331//2304
f 2139//2112 2331//2304 2137//2110
f 2137//2110 2331//2304 2330//2303
f 2137//2110 2330//2303 2135//2108
f 2135//2108 2330//2303 2329//2302
f 2135//2108 2329//2302 2133//2106
f 2133//2106 2329//2302 2328//2301
f 2133//2106 2328//2301 2131//2104
f 2131//2104 2328//2301 2327//2300
f 2131//2104 2327//2300 2129//2102
f 2129//2102 2327//2300 2326//2299
f 2129//2102 2326//2299 2127//2100
f 2127//2100 2326//2299 2325//2298
f 2127//2100 2325//2298 235//234
f 235//234 2325//2298 236//235
f 1813//1786 1719//1692 2141//2114
f 2141//2114 1719//1692 1718//1691
f 2141//2114 1718//1691 1717//1690
f 1709//1682 1720//1693 2332//2305
f 2332//2305 1720//1693 1813//1786
f 2332//2305 1813//1786 2333//2306
f 2333//2306 1813//1786 2140//2113
f 2333//2306 2140//2113 2334//2307
f 2334//2307 2140//2113 2138//2111
f 2334//2307 2138//2111 2335//2308
f 2335//2308 2138//2111 2136//2109
f 2335//2308 2136//2109 2336//2309
f 2336//2309 2136//2109 2134//2107
f 2336//2309 2134//2107 2337//2310
f 2337//2310 2134//2107 2132//2105
f 2337//2310 2132//2105 2338//2311
f 2338//2311 2132//2105 2130//2103
f 2338//2311 2130//2103 2339//2312
f 2339//2312 2130//2103 2128//2101
f 235//234 233//232 2127//2100
f 2127//2100 233//232 231//230
f 2127//2100 231//230 2128//2101
f 2128//2101 231//230 229//228
f 2128//2101 229//228 2339//2312
f 2339//2312 229//228 1842//1815
f 2339//2312 1842//1815 2338//2311
f 2338//2311 1842//1815 1885//1858
f 2338//2311 1885//1858 2337//2310
f 2337//2310 1885//1858 1886//1859
f 2337//2310 1886//1859 2336//2309
f 2336//2309 1886//1859 1887//1860
f 2336//2309 1887//1860 2335//2308
f 2335//2308 1887//1860 1888//1861
f 2335//2308 1888//1861 2334//2307
f 2334//2307 1888//1861 1889//1862
f 2334//2307 1889//1862 2333//2306
f 2333//2306 1889//1862 1890//1863
f 2333//2306 1890//1863 2332//2305
f 2332//2305 1890//1863 1812//1785
f 2332//2305 1812//1785 1709//1682
f 1709//1682 1812//1785 1710//1683
f 216//215 1910//1883 1841//1814
f 1841//1814 1910//1883 1909//1882
f 1841//1814 1909//1882 1839//1812
f 1839//1812 1909//1882 2154//2127
f 1839//1812 2154//2127 1863//1836
f 1863//1836 2154//2127 2148//2121
f 1863//1836 2148//2121 1867//1840
f 1867//1840 2148//2121 2144//2117
f 1867//1840 2144//2117 1871//1844
f 1871//1844 2144//2117 1896//1869
f 1871//1844 1896//1869 1877//1850
f 1877//1850 1896//1869 1891//1864
f 1877//1850 1891//1864 1884//1857
f 1884//1857 1891//1864 1893//1866
f 1884//1857 1893//1866 1812//1785
f 1812//1785 1893//1866 1712//1685
f 1812//1785 1712//1685 1711//1684
f 1158//1131 1157//1130 2340//2313
f 2340//2313 1157//1130 2341//2314
f 1157//1130 1155//1128 2341//2314
f 2341//2314 1155//1128 1154//1127
f 2341//2314 1154//1127 2342//2315
f 2342//2315 1154//1127 1150//1123
f 2342//2315 1150//1123 2343//2316
f 2343//2316 1150//1123 1152//1125
f 2343//2316 1152//1125 2344//2317
f 2344//2317 1152//1125 1153//1126
f 1153//1126 1148//1121 2344//2317
f 2344//2317 1148//1121 1147//1120
f 2344//2317 1147//1120 2345//2318
f 1147//1120 1145//1118 2345//2318
f 2345//2318 1145//1118 1144//1117
f 2345//2318 1144//1117 2346//2319
f 2346//2319 1144//1117 1140//1113
f 2346//2319 1140//1113 2347//2320
f 2347//2320 1140//1113 1142//1115
f 2347//2320 1142//1115 2348//2321
f 2348//2321 1142//1115 1143//1116
f 1143//1116 1138//1111 2348//2321
f 2348//2321 1138//1111 1137//1110
f 2348//2321 1137//1110 2349//2322
f 1137//1110 1135//1108 2349//2322
f 2349//2322 1135//1108 1134//1107
f 2349//2322 1134//1107 2350//2323
f 2350//2323 1134//1107 1130//1103
f 2350//2323 1130//1103 2351//2324
f 2351//2324 1130//1103 1132//1105
f 2351//2324 1132//1105 2352//2325
f 2352//2325 1132//1105 1133//1106
f 1133//1106 1128//1101 2352//2325
f 2352//2325 1128//1101 1127//1100
f 2352//2325 1127//1100 2353//2326
f 1127//1100 1125//1098 2353//2326
f 2353//2326 1125//1098 1124//1097
f 2353//2326 1124//1097 2354//2327
f 2354//2327 1124//1097 1120//1093
f 2354//2327 1120//1093 2355//2328
f 2355//2328 1120//1093 1122//1095
f 2355//2328 1122//1095 2356//2329
f 2356//2329 1122//1095 1123//1096
f 1123//1096 1118//1091 2356//2329
f 2356//2329 1118//1091 1117//1090
f 2356//2329 1117//1090 2357//2330
f 1117//1090 1115//1088 2357//2330
f 2357//2330 1115//1088 1114//1087
f 2357//2330 1114//1087 2358//2331
f 2358//2331 1114//1087 1110//1083
f 2358//2331 1110//1083 2359//2332
f 2359//2332 1110//1083 1112//1085
f 2359//2332 1112//1085 2360//2333
f 2360//2333 1112//1085 1113//1086
f 1113//1086 1108//1081 2360//2333
f 2360//2333 1108//1081 1107//1080
f 2360//2333 1107//1080 2361//2334
f 1107//1080 1105//1078 2361//2334
f 2361//2334 1105//1078 1104//1077
f 2361//2334 1104//1077 2362//2335
f 2362//2335 1104//1077 1100//1073
f 2362//2335 1100//1073 2363//2336
f 1100//1073 1102//1075 2363//2336
f 2363//2336 1102//1075 1222//1195
f 2363//2336 1222//1195 2364//2337
f 2364//2337 1222//1195 1221//1194
f 2364//2337 1221//1194 2365//2338
f 2365//2338 1221//1194 1220//1193
f 1220//1193 1218//1191 2365//2338
f 2365//2338 1218//1191 1217//1190
f 2365//2338 1217//1190 2366//2339
f 2366//2339 1217//1190 1213//1186
f 2366//2339 1213//1186 2367//2340
f 1213//1186 1215//1188 2367//2340
f 2367//2340 1215//1188 1216//1189
f 2367//2340 1216//1189 2368//2341
f 2368//2341 1216//1189 1211//1184
f 2368//2341 1211//1184 2369//2342
f 2369//2342 1211//1184 1210//1183
f 1210//1183 1208//1181 2369//2342
f 2369//2342 1208//1181 1207//1180
f 2369//2342 1207//1180 2370//2343
f 2370//2343 1207//1180 1203//1176
f 2370//2343 1203//1176 2371//2344
f 1203//1176 1205//1178 2371//2344
f 2371//2344 1205//1178 1206//1179
f 2371//2344 1206//1179 2372//2345
f 2372//2345 1206//1179 1201//1174
f 2372//2345 1201//1174 2373//2346
f 2373//2346 1201//1174 1200//1173
f 1200//1173 1198//1171 2373//2346
f 2373//2346 1198//1171 1197//1170
f 2373//2346 1197//1170 2374//2347
f 2374//2347 1197//1170 1193//1166
f 2374//2347 1193//1166 2375//2348
f 1193//1166 1195//1168 2375//2348
f 2375//2348 1195//1168 1196//1169
f 2375//2348 1196//1169 2376//2349
f 2376//2349 1196//1169 1191//1164
f 2376//2349 1191//1164 2377//2350
f 2377//2350 1191//1164 1190//1163
f 1190//1163 1188//1161 2377//2350
f 2377//2350 1188//1161 1187//1160
f 2377//2350 1187//1160 2378//2351
f 2378//2351 1187//1160 1183//1156
f 2378//2351 1183//1156 2379//2352
f 1183//1156 1185//1158 2379//2352
f 2379//2352 1185//1158 1186//1159
f 2379//2352 1186//1159 2380//2353
f 2380//2353 1186//1159 1181//1154
f 2380//2353 1181//1154 2381//2354
f 2381//2354 1181//1154 1180//1153
f 1180//1153 1178//1151 2381//2354
f 2381//2354 1178//1151 1177//1150
f 2381//2354 1177//1150 2382//2355
f 2382//2355 1177//1150 1173//1146
f 2382//2355 1173//1146 2383//2356
f 1173//1146 1175//1148 2383//2356
f 2383//2356 1175//1148 1176//1149
f 2383//2356 1176//1149 2384//2357
f 2384//2357 1176//1149 1171//1144
f 2384//2357 1171//1144 2385//2358
f 2385//2358 1171//1144 1170//1143
f 1170//1143 1169//1142 2385//2358
f 2385//2358 1169//1142 1168//1141
f 2385//2358 1168//1141 2386//2359
f 2386//2359 1168//1141 1166//1139
f 2386//2359 1166//1139 2387//2360
f 1166//1139 1164//1137 2387//2360
f 2387//2360 1164//1137 1163//1136
f 2387//2360 1163//1136 2388//2361
f 2388//2361 1163//1136 1161//1134
f 2388//2361 1161//1134 2340//2313
f 2340//2313 1161//1134 1160//1133
f 2340//2313 1160//1133 1158//1131
f 2388//2361 2389//2362 2387//2360
f 2387//2360 2389//2362 2390//2363
f 2387//2360 2390//2363 2386//2359
f 2386//2359 2390//2363 2391//2364
f 2386//2359 2391//2364 2385//2358
f 2385//2358 2391//2364 2392//2365
f 2385//2358 2392//2365 2384//2357
f 2384//2357 2392//2365 2393//2366
f 2384//2357 2393//2366 2383//2356
f 2383//2356 2393//2366 2394//2367
f 2383//2356 2394//2367 2382//2355
f 2382//2355 2394//2367 2395//2368
f 2382//2355 2395//2368 2381//2354
f 2381//2354 2395//2368 2396//2369
f 2381//2354 2396//2369 2380//2353
f 2380//2353 2396//2369 2397//2370
f 2380//2353 2397//2370 2379//2352
f 2379//2352 2397//2370 2398//2371
f 2379//2352 2398//2371 2378//2351
f 2378//2351 2398//2371 2399//2372
f 2378//2351 2399//2372 2377//2350
f 2377//2350 2399//2372 2400//2373
f 2377//2350 2400//2373 2376//2349
f 2376//2349 2400//2373 2401//2374
f 2376//2349 2401//2374 2375//2348
f 2375//2348 2401//2374 2402//2375
f 2375//2348 2402//2375 2374//2347
f 2374//2347 2402//2375 2403//2376
f 2374//2347 2403//2376 2373//2346
f 2373//2346 2403//2376 2404//2377
f 2373//2346 2404//2377 2372//2345
f 2372//2345 2404//2377 2405//2378
f 2372//2345 2405//2378 2371//2344
f 2371//2344 2405//2378 2406//2379
f 2371//2344 2406//2379 2370//2343
f 2370//2343 2406//2379 2407//2380
f 2370//2343 2407//2380 2369//2342
f 2369//2342 2407//2380 2408//2381
f 2369//2342 2408//2381 2368//2341
f 2368//2341 2408//2381 2409//2382
f 2368//2341 2409//2382 2367//2340
f 2367//2340 2409//2382 2410//2383
f 2367//2340 2410//2383 2366//2339
f 2366//2339 2410//2383 2411//2384
f 2366//2339 2411//2384 2365//2338
f 2365//2338 2411//2384 2412//2385
f 2365//2338 2412//2385 2364//2337
f 2364//2337 2412//2385 2413//2386
f 2364//2337 2413//2386 2363//2336
f 2363//2336 2413//2386 2414//2387
f 2363//2336 2414//2387 2362//2335
f 2362//2335 2414//2387 2415//2388
f 2362//2335 2415//2388 2361//2334
f 2361//2334 2415//2388 2416//2389
f 2361//2334 2416//2389 2360//2333
f 2360//2333 2416//2389 2417//2390
f 2360//2333 2417//2390 2359//2332
f 2359//2332 2417//2390 2418//2391
f 2359//2332 2418//2391 2358//2331
f 2358//2331 2418//2391 2419//2392
f 2358//2331 2419//2392 2357//2330
f 2357//2330 2419//2392 2420//2393
f 2357//2330 2420//2393 2356//2329
f 2356//2329 2420//2393 2421//2394
f 2356//2329 2421//2394 2355//2328
f 2355//2328 2421//2394 2422//2395
f 2355//2328 2422//2395 2354//2327
f 2354//2327 2422//2395 2423//2396
f 2354//2327 2423//2396 2353//2326
f 2353//2326 2423//2396 2424//2397
f 2353//2326 2424//2397 2352//2325
f 2352//2325 2424//2397 2425//2398
f 2352//2325 2425//2398 2351//2324
f 2351//2324 2425//2398 2426//2399
f 2351//2324 2426//2399 2350//2323
f 2350//2323 2426//2399 2427//2400
f 2350//2323 2427//2400 2349//2322
f 2349//2322 2427//2400 2428//2401
f 2349//2322 2428//2401 2348//2321
f 2348//2321 2428//2401 2429//2402
f 2348//2321 2429//2402 2347//2320
f 2347//2320 2429//2402 2430//2403
f 2347//2320 2430//2403 2346//2319
f 2346//2319 2430//2403 2431//2404
f 2346//2319 2431//2404 2345//2318
f 2345//2318 2431//2404 2432//2405
f 2345//2318 2432//2405 2344//2317
f 2344//2317 2432//2405 2433//2406
f 2344//2317 2433//2406 2343//2316
f 2343//2316 2433//2406 2434//2407
f 2343//2316 2434//2407 2342//2315
f 2342//2315 2434//2407 2435//2408
f 2342//2315 2435//2408 2341//2314
f 2341//2314 2435//2408 2436//2409
f 2341//2314 2436//2409 2340//2313
f 2340//2313 2436//2409 2437//2410
f 2340//2313 2437//2410 2388//2361
f 2388//2361 2437//2410 2389//2362
f 2437//2410 2438//2411 2389//2362
f 2389//2362 2438//2411 2439//2412
f 2389//2362 2439//2412 2390//2363
f 2390//2363 2439//2412 2440//2413
f 2390//2363 2440//2413 2391//2364
f 2391//2364 2440//2413 2441//2414
f 2391//2364 2441//2414 2392//2365
f 2392//2365 2441//2414 2442//2415
f 2392//2365 2442//2415 2393//2366
f 2393//2366 2442//2415 2443//2416
f 2393//2366 2443//2416 2394//2367
f 2394//2367 2443//2416 2444//2417
f 2394//2367 2444//2417 2395//2368
f 2395//2368 2444//2417 2445//2418
f 2395//2368 2445//2418 2396//2369
f 2396//2369 2445//2418 2446//2419
f 2396//2369 2446//2419 2397//2370
f 2397//2370 2446//2419 2447//2420
f 2397//2370 2447//2420 2398//2371
f 2398//2371 2447//2420 2448//2421
f 2398//2371 2448//2421 2399//2372
f 2399//2372 2448//2421 2449//2422
f 2399//2372 2449//2422 2400//2373
f 2400//2373 2449//2422 2450//2423
f 2400//2373 2450//2423 2401//2374
f 2401//2374 2450//2423 2451//2424
f 2401//2374 2451//2424 2402//2375
f 2402//2375 2451//2424 2452//2425
f 2402//2375 2452//2425 2403//2376
f 2403//2376 2452//2425 2453//2426
f 2403//2376 2453//2426 2404//2377
f 2404//2377 2453//2426 2454//2427
f 2404//2377 2454//2427 2405//2378
f 2405//2378 2454//2427 2455//2428
f 2405//2378 2455//2428 2406//2379
f 2406//2379 2455//2428 2456//2429
f 2406//2379 2456//2429 2407//2380
f 2407//2380 2456//2429 2457//2430
f 2407//2380 2457//2430 2408//2381
f 2408//2381 2457//2430 2458//2431
f 2408//2381 2458//2431 2409//2382
f 2409//2382 2458//2431 2459//2432
f 2409//2382 2459//2432 2410//2383
f 2410//2383 2459//2432 2460//2433
f 2410//2383 2460//2433 2411//2384
f 2411//2384 2460//2433 2461//2434
f 2411//2384 2461//2434 2412//2385
f 2412//2385 2461//2434 2462//2435
f 2412//2385 2462//2435 2413//2386
f 2413//2386 2462//2435 2463//2436
f 2413//2386 2463//2436 2414//2387
f 2414//2387 2463//2436 2464//2437
f 2414//2387 2464//2437 2415//2388
f 2415//2388 2464//2437 2465//2438
f 2415//2388 2465//2438 2416//2389
f 2416//2389 2465//2438 2466//2439
f 2416//2389 2466//2439 2417//2390
f 2417//2390 2466//2439 2467//2440
f 2417//2390 2467//2440 2418//2391
f 2418//2391 2467//2440 2468//2441
f 2418//2391 2468//2441 2419//2392
f 2419//2392 2468//2441 2469//2442
f 2419//2392 2469//2442 2420//2393
f 2420//2393 2469//2442 2470//2443
f 2420//2393 2470//2443 2421//2394
f 2421//2394 2470//2443 2471//2444
f 2421//2394 2471//2444 2422//2395
f 2422//2395 2471//2444 2472//2445
f 2422//2395 2472//2445 2423//2396
f 2423//2396 2472//2445 2473//2446
f 2423//2396 2473//2446 2424//2397
f 2424//2397 2473//2446 2474//2447
f 2424//2397 2474//2447 2425//2398
f 2425//2398 2474//2447 2475//2448
f 2425//2398 2475//2448 2426//2399
f 2426//2399 2475//2448 2476//2449
f 2426//2399 2476//2449 2427//2400
f 2427//2400 2476//2449 2477//2450
f 2427//2400 2477//2450 2428//2401
f 2428//2401 2477//2450 2478//2451
f 2428//2401 2478//2451 2429//2402
f 2429//2402 2478//2451 2479//2452
f 2429//2402 2479//2452 2430//2403
f 2430//2403 2479//2452 2480//2453
f 2430//2403 2480//2453 2431//2404
f 2431//2404 2480//2453 2481//2454
f 2431//2404 2481//2454 2432//2405
f 2432//2405 2481//2454 2482//2455
f 2432//2405 2482//2455 2433//2406
f 2433//2406 2482//2455 2483//2456
f 2433//2406 2483//2456 2434//2407
f 2434//2407 2483//2456 2484//2457
f 2434//2407 2484//2457 2435//2408
f 2435//2408 2484//2457 2485//2458
f 2435//2408 2485//2458 2436//2409
f 2436//2409 2485//2458 2486//2459
f 2436//2409 2486//2459 2437//2410
f 2437//2410 2486//2459 2438//2411
f 2486//2459 2487//2460 2438//2411
f 2438//2411 2487//2460 2488//2461
f 2438//2411 2488//2461 2439//2412
f 2439//2412 2488//2461 2489//2462
f 2439//2412 2489//2462 2440//2413
f 2440//2413 2489//2462 2490//2463
f 2440//2413 2490//2463 2441//2414
f 2441//2414 2490//2463 2491//2464
f 2441//2414 2491//2464 2442//2415
f 2442//2415 2491//2464 2492//2465
f 2442//2415 2492//2465 2443//2416
f 2443//2416 2492//2465 2493//2466
f 2443//2416 2493//2466 2444//2417
f 2444//2417 2493//2466 2494//2467
f 2444//2417 2494//2467 2445//2418
f 2445//2418 2494//2467 2495//2468
f 2445//2418 2495//2468 2446//2419
f 2446//2419 2495//2468 2496//2469
f 2446//2419 2496//2469 2447//2420
f 2447//2420 2496//2469 2497//2470
f 2447//2420 2497//2470 2448//2421
f 2448//2421 2497//2470 2498//2471
f 2448//2421 2498//2471 2449//2422
f 2449//2422 2498//2471 2499//2472
f 2449//2422 2499//2472 2450//2423
f 2450//2423 2499//2472 2500//2473
f 2450//2423 2500//2473 2451//2424
f 2451//2424 2500//2473 2501//2474
f 2451//2424 2501//2474 2452//2425
f 2452//2425 2501//2474 2502//2475
f 2452//2425 2502//2475 2453//2426
f 2453//2426 2502//2475 2503//2476
f 2453//2426 2503//2476 2454//2427
f 2454//2427 2503//2476 2504//2477
f 2454//2427 2504//2477 2455//2428
f 2455//2428 2504//2477 2505//2478
f 2455//2428 2505//2478 2456//2429
f 2456//2429 2505//2478 2506//2479
f 2456//2429 2506//2479 2457//2430
f 2457//2430 2506//2479 2507//2480
f 2457//2430 2507//2480 2458//2431
f 2458//2431 2507//2480 2508//2481
f 2458//2431 2508//2481 2459//2432
f 2459//2432 2508//2481 2509//2482
f 2459//2432 2509//2482 2460//2433
f 2460//2433 2509//2482 2510//2483
f 2460//2433 2510//2483 2461//2434
f 2461//2434 2510//2483 2511//2484
f 2461//2434 2511//2484 2462//2435
f 2462//2435 2511//2484 2512//2485
f 2462//2435 2512//2485 2463//2436
f 2463//2436 2512//2485 2513//2486
f 2463//2436 2513//2486 2464//2437
f 2464//2437 2513//2486 2514//2487
f 2464//2437 2514//2487 2465//2438
f 2465//2438 2514//2487 2515//2488
f 2465//2438 2515//2488 2466//2439
f 2466//2439 2515//2488 2516//2489
f 2466//2439 2516//2489 2467//2440
f 2467//2440 2516//2489 2517//2490
f 2467//2440 2517//2490 2468//2441
f 2468//2441 2517//2490 2518//2491
f 2468//2441 2518//2491 2469//2442
f 2469//2442 2518//2491 2519//2492
f 2469//2442 2519//2492 2470//2443
f 2470//2443 2519//2492 2520//2493
f 2470//2443 2520//2493 2471//2444
f 2471//2444 2520//2493 2521//2494
f 2471//2444 2521//2494 2472//2445
f 2472//2445 2521//2494 2522//2495
f 2472//2445 2522//2495 2473//2446
f 2473//2446 2522//2495 2523//2496
f 2473//2446 2523//2496 2474//2447
f 2474//2447 2523//2496 2524//2497
f 2474//2447 2524//2497 2475//2448
f 2475//2448 2524//2497 2525//2498
f 2475//2448 2525//2498 2476//2449
f 2476//2449 2525//2498 2526//2499
f 2476//2449 2526//2499 2477//2450
f 2477//2450 2526//2499 2527//2500
f 2477//2450 2527//2500 2478//2451
f 2478//2451 2527//2500 2528//2501
f 2478//2451 2528//2501 2479//2452
f 2479//2452 2528//2501 2529//2502
f 2479//2452 2529//2502 2480//2453
f 2480//2453 2529//2502 2530//2503
f 2480//2453 2530//2503 2481//2454
f 2481//2454 2530//2503 2531//2504
f 2481//2454 2531//2504 2482//2455
f 2482//2455 2531//2504 2532//2505
f 2482//2455 2532//2505 2483//2456
f 2483//2456 2532//2505 2533//2506
f 2483//2456 2533//2506 2484//2457
f 2484//2457 2533//2506 2534//2507
f 2484//2457 2534//2507 2485//2458
f 2485//2458 2534//2507 2535//2508
f 2485//2458 2535//2508 2486//2459
f 2486//2459 2535//2508 2487//2460
f 2535//2508 2536//2509 2487//2460
f 2487//2460 2536//2509 2537//2510
f 2487//2460 2537//2510 2488//2461
f 2488//2461 2537//2510 2538//2511
f 2488//2461 2538//2511 2489//2462
f 2489//2462 2538//2511 2539//2512
f 2489//2462 2539//2512 2490//2463
f 2490//2463 2539//2512 2540//2513
f 2490//2463 2540//2513 2491//2464
f 2491//2464 2540//2513 2541//2514
f 2491//2464 2541//2514 2492//2465
f 2492//2465 2541//2514 2542//2515
f 2492//2465 2542//2515 2493//2466
f 2493//2466 2542//2515 2543//2516
f 2493//2466 2543//2516 2494//2467
f 2494//2467 2543//2516 2544//2517
f 2494//2467 2544//2517 2495//2468
f 2495//2468 2544//2517 2545//2518
f 2495//2468 2545//2518 2496//2469
f 2496//2469 2545//2518 2546//2519
f 2496//2469 2546//2519 2497//2470
f 2497//2470 2546//2519 2547//2520
f 2497//2470 2547//2520 2498//2471
f 2498//2471 2547//2520 2548//2521
f 2498//2471 2548//2521 2499//2472
f 2499//2472 2548//2521 2549//2522
f 2499//2472 2549//2522 2500//2473
f 2500//2473 2549//2522 2550//2523
f 2500//2473 2550//2523 2501//2474
f 2501//2474 2550//2523 2551//2524
f 2501//2474 2551//2524 2502//2475
f 2502//2475 2551//2524 2552//2525
f 2502//2475 2552//2525 2503//2476
f 2503//2476 2552//2525 2553//2526
f 2503//2476 2553//2526 2504//2477
f 2504//2477 2553//2526 2554//2527
f 2504//2477 2554//2527 2505//2478
f 2505//2478 2554//2527 2555//2528
f 2505//2478 2555//2528 2506//2479
f 2506//2479 2555//2528 2556//2529
f 2506//2479 2556//2529 2507//2480
f 2507//2480 2556//2529 2557//2530
f 2507//2480 2557//2530 2508//2481
f 2508//2481 2557//2530 2558//2531
f 2508//2481 2558//2531 2509//2482
f 2509//2482 2558//2531 2559//2532
f 2509//2482 2559//2532 2510//2483
f 2510//2483 2559//2532 2560//2533
f 2510//2483 2560//2533 2511//2484
f 2511//2484 2560//2533 2561//2534
f 2511//2484 2561//2534 2512//2485
f 2512//2485 2561//2534 2562//2535
f 2512//2485 2562//2535 2513//2486
f 2513//2486 2562//2535 2563//2536
f 2513//2486 2563//2536 2514//2487
f 2514//2487 2563//2536 2564//2537
f 2514//2487 2564//2537 2515//2488
f 2515//2488 2564//2537 2565//2538
f 2515//2488 2565//2538 2516//2489
f 2516//2489 2565//2538 2566//2539
f 2516//2489 2566//2539 2517//2490
f 2517//2490 2566//2539 2567//2540
f 2517//2490 2567//2540 2518//2491
f 2518//2491 2567//2540 2568//2541
f 2518//2491 2568//2541 2519//2492
f 2519//2492 2568//2541 2569//2542
f 2519//2492 2569//2542 2520//2493
f 2520//2493 2569//2542 2570//2543
f 2520//2493 2570//2543 2521//2494
f 2521//2494 2570//2543 2571//2544
f 2521//2494 2571//2544 2522//2495
f 2522//2495 2571//2544 2572//2545
f 2522//2495 2572//2545 2523//2496
f 2523//2496 2572//2545 2573//2546
f 2523//2496 2573//2546 2524//2497
f 2524//2497 2573//2546 2574//2547
f 2524//2497 2574//2547 2525//2498
f 2525//2498 2574//2547 2575//2548
f 2525//2498 2575//2548 2526//2499
f 2526//2499 2575//2548 2576//2549
f 2526//2499 2576//2549 2527//2500
f 2527//2500 2576//2549 2577//2550
f 2527//2500 2577//2550 2528//2501
f 2528//2501 2577//2550 2578//2551
f 2528//2501 2578//2551 2529//2502
f 2529//2502 2578//2551 2579//2552
f 2529//2502 2579//2552 2530//2503
f 2530//2503 2579//2552 2580//2553
f 2530//2503 2580//2553 2531//2504
f 2531//2504 2580//2553 2581//2554
f 2531//2504 2581//2554 2532//2505
f 2532//2505 2581//2554 2582//2555
f 2532//2505 2582//2555 2533//2506
f 2533//2506 2582//2555 2583//2556
f 2533//2506 2583//2556 2534//2507
f 2534//2507 2583//2556 2584//2557
f 2534//2507 2584//2557 2535//2508
f 2535//2508 2584//2557 2536//2509
f 2584//2557 2585//2558 2536//2509
f 2536//2509 2585//2558 2586//2559
f 2536//2509 2586//2559 2537//2510
f 2537//2510 2586//2559 2587//2560
f 2537//2510 2587//2560 2538//2511
f 2538//2511 2587//2560 2588//2561
f 2538//2511 2588//2561 2539//2512
f 2539//2512 2588//2561 2589//2562
f 2539//2512 2589//2562 2540//2513
f 2540//2513 2589//2562 2590//2563
f 2540//2513 2590//2563 2541//2514
f 2541//2514 2590//2563 2591//2564
f 2541//2514 2591//2564 2542//2515
f 2542//2515 2591//2564 2592//2565
f 2542//2515 2592//2565 2543//2516
f 2543//2516 2592//2565 2593//2566
f 2543//2516 2593//2566 2544//2517
f 2544//2517 2593//2566 2594//2567
f 2544//2517 2594//2567 2545//2518
f 2545//2518 2594//2567 2595//2568
f 2545//2518 2595//2568 2546//2519
f 2546//2519 2595//2568 2596//2569
f 2546//2519 2596//2569 2547//2520
f 2547//2520 2596//2569 2597//2570
f 2547//2520 2597//2570 2548//2521
f 2548//2521 2597//2570 2598//2571
f 2548//2521 2598//2571 2549//2522
f 2549//2522 2598//2571 2599//2572
f 2549//2522 2599//2572 2550//2523
f 2550//2523 2599//2572 2600//2573
f 2550//2523 2600//2573 2551//2524
f 2551//2524 2600//2573 2601//2574
f 2551//2524 2601//2574 2552//2525
f 2552//2525 2601//2574 2602//2575
f 2552//2525 2602//2575 2553//2526
f 2553//2526 2602//2575 2603//2576
f 2553//2526 2603//2576 2554//2527
f 2554//2527 2603//2576 2604//2577
f 2554//2527 2604//2577 2555//2528
f 2555//2528 2604//2577 2605//2578
f 2555//2528 2605//2578 2556//2529
f 2556//2529 2605//2578 2606//2579
f 2556//2529 2606//2579 2557//2530
f 2557//2530 2606//2579 2607//2580
f 2557//2530 2607//2580 2558//2531
f 2558//2531 2607//2580 2608//2581
f 2558//2531 2608//2581 2559//2532
f 2559//2532 2608//2581 2609//2582
f 2559//2532 2609//2582 2560//2533
f 2560//2533 2609//2582 2610//2583
f 2560//2533 2610//2583 2561//2534
f 2561//2534 2610//2583 2611//2584
f 2561//2534 2611//2584 2562//2535
f 2562//2535 2611//2584 2612//2585
f 2562//2535 2612//2585 2563//2536
f 2563//2536 2612//2585 2613//2586
f 2563//2536 2613//2586 2564//2537
f 2564//2537 2613//2586 2614//2587
f 2564//2537 2614//2587 2565//2538
f 2565//2538 2614//2587 2615//2588
f 2565//2538 2615//2588 2566//2539
f 2566//2539 2615//2588 2616//2589
f 2566//2539 2616//2589 2567//2540
f 2567//2540 2616//2589 2617//2590
f 2567//2540 2617//2590 2568//2541
f 2568//2541 2617//2590 2618//2591
f 2568//2541 2618//2591 2569//2542
f 2569//2542 2618//2591 2619//2592
f 2569//2542 2619//2592 2570//2543
f 2570//2543 2619//2592 2620//2593
f 2570//2543 2620//2593 2571//2544
f 2571//2544 2620//2593 2621//2594
f 2571//2544 2621//2594 2572//2545
f 2572//2545 2621//2594 2622//2595
f 2572//2545 2622//2595 2573//2546
f 2573//2546 2622//2595 2623//2596
f 2573//2546 2623//2596 2574//2547
f 2574//2547 2623//2596 2624//2597
f 2574//2547 2624//2597 2575//2548
f 2575//2548 2624//2597 2625//2598
f 2575//2548 2625//2598 2576//2549
f 2576//2549 2625//2598 2626//2599
f 2576//2549 2626//2599 2577//2550
f 2577//2550 2626//2599 2627//2600
f 2577//2550 2627//2600 2578//2551
f 2578//2551 2627//2600 2628//2601
f 2578//2551 2628//2601 2579//2552
f 2579//2552 2628//2601 2629//2602
f 2579//2552 2629//2602 2580//2553
f 2580//2553 2629//2602 2630//2603
f 2580//2553 2630//2603 2581//2554
f 2581//2554 2630//2603 2631//2604
f 2581//2554 2631//2604 2582//2555
f 2582//2555 2631//2604 2632//2605
f 2582//2555 2632//2605 2583//2556
f 2583//2556 2632//2605 2633//2606
f 2583//2556 2633//2606 2584//2557
f 2584//2557 2633//2606 2585//2558
f 2633//2606 2634//2607 2585//2558
f 2585//2558 2634//2607 2635//2608
f 2585//2558 2635//2608 2586//2559
f 2586//2559 2635//2608 2636//2609
f 2586//2559 2636//2609 2587//2560
f 2587//2560 2636//2609 2637//2610
f 2587//2560 2637//2610 2588//2561
f 2588//2561 2637//2610 2638//2611
f 2588//2561 2638//2611 2589//2562
f 2589//2562 2638//2611 2639//2612
f 2589//2562 2639//2612 2590//2563
f 2590//2563 2639//2612 2640//2613
f 2590//2563 2640//2613 2591//2564
f 2591//2564 2640//2613 2641//2614
f 2591//2564 2641//2614 2592//2565
f 2592//2565 2641//2614 2642//2615
f 2592//2565 2642//2615 2593//2566
f 2593//2566 2642//2615 2643//2616
f 2593//2566 2643//2616 2594//2567
f 2594//2567 2643//2616 2644//2617
f 2594//2567 2644//2617 2595//2568
f 2595//2568 2644//2617 2645//2618
f 2595//2568 2645//2618 2596//2569
f 2596//2569 2645//2618 2646//2619
f 2596//2569 2646//2619 2597//2570
f 2597//2570 2646//2619 2647//2620
f 2597//2570 2647//2620 2598//2571
f 2598//2571 2647//2620 2648//2621
f 2598//2571 2648//2621 2599//2572
f 2599//2572 2648//2621 2649//2622
f 2599//2572 2649//2622 2600//2573
f 2600//2573 2649//2622 2650//2623
f 2600//2573 2650//2623 2601//2574
f 2601//2574 2650//2623 2651//2624
f 2601//2574 2651//2624 2602//2575
f 2602//2575 2651//2624 2652//2625
f 2602//2575 2652//2625 2603//2576
f 2603//2576 2652//2625 2653//2626
f 2603//2576 2653//2626 2604//2577
f 2604//2577 2653//2626 2654//2627
f 2604//2577 2654//2627 2605//2578
f 2605//2578 2654//2627 2655//2628
f 2605//2578 2655//2628 2606//2579
f 2606//2579 2655//2628 2656//2629
f 2606//2579 2656//2629 2607//2580
f 2607//2580 2656//2629 2657//2630
f 2607//2580 2657//2630 2608//2581
f 2608//2581 2657//2630 2658//2631
f 2608//2581 2658//2631 2609//2582
f 2609//2582 2658//2631 2659//2632
f 2609//2582 2659//2632 2610//2583
f 2610//2583 2659//2632 2660//2633
f 2610//2583 2660//2633 2611//2584
f 2611//2584 2660//2633 2661//2634
f 2611//2584 2661//2634 2612//2585
f 2612//2585 2661//2634 2662//2635
f 2612//2585 2662//2635 2613//2586
f 2613//2586 2662//2635 2663//2636
f 2613//2586 2663//2636 2614//2587
f 2614//2587 2663//2636 2664//2637
f 2614//2587 2664//2637 2615//2588
f 2615//2588 2664//2637 2665//2638
f 2615//2588 2665//2638 2616//2589
f 2616//2589 2665//2638 2666//2639
f 2616//2589 2666//2639 2617//2590
f 2617//2590 2666//2639 2667//2640
f 2617//2590 2667//2640 2618//2591
f 2618//2591 2667//2640 2668//2641
f 2618//2591 2668//2641 2619//2592
f 2619//2592 2668//2641 2669//2642
f 2619//2592 2669//2642 2620//2593
f 2620//2593 2669//2642 2670//2643
f 2620//2593 2670//2643 2621//2594
f 2621//2594 2670//2643 2671//2644
f 2621//2594 2671//2644 2622//2595
f 2622//2595 2671//2644 2672//2645
f 2622//2595 2672//2645 2623//2596
f 2623//2596 2672//2645 2673//2646
f 2623//2596 2673//2646 2624//2597
f 2624//2597 2673//2646 2674//2647
f 2624//2597 2674//2647 2625//2598
f 2625//2598 2674//2647 2675//2648
f 2625//2598 2675//2648 2626//2599
f 2626//2599 2675//2648 2676//2649
f 2626//2599 2676//2649 2627//2600
f 2627//2600 2676//2649 2677//2650
f 2627//2600 2677//2650 2628//2601
f 2628//2601 2677//2650 2678//2651
f 2628//2601 2678//2651 2629//2602
f 2629//2602 2678//2651 2679//2652
f 2629//2602 2679//2652 2630//2603
f 2630//2603 2679//2652 2680//2653
f 2630//2603 2680//2653 2631//2604
f 2631//2604 2680//2653 2681//2654
f 2631//2604 2681//2654 2632//2605
f 2632//2605 2681//2654 2682//2655
f 2632//2605 2682//2655 2633//2606
f 2633//2606 2682//2655 2634//2607
f 2682//2655 2683//2656 2634//2607
f 2634//2607 2683//2656 2684//2657
f 2634//2607 2684//2657 2635//2608
f 2635//2608 2684//2657 2685//2658
f 2635//2608 2685//2658 2636//2609
f 2636//2609 2685//2658 2686//2659
f 2636//2609 2686//2659 2637//2610
f 2637//2610 2686//2659 2687//2660
f 2637//2610 2687//2660 2638//2611
f 2638//2611 2687//2660 2688//2661
f 2638//2611 2688//2661 2639//2612
f 2639//2612 2688//2661 2689//2662
f 2639//2612 2689//2662 2640//2613
f 2640//2613 2689//2662 2690//2663
f 2640//2613 2690//2663 2641//2614
f 2641//2614 2690//2663 2691//2664
f 2641//2614 2691//2664 2642//2615
f 2642//2615 2691//2664 2692//2665
f 2642//2615 2692//2665 2643//2616
f 2643//2616 2692//2665 2693//2666
f 2643//2616 2693//2666 2644//2617
f 2644//2617 2693//2666 2694//2667
f 2644//2617 2694//2667 2645//2618
f 2645//2618 2694//2667 2695//2668
f 2645//2618 2695//2668 2646//2619
f 2646//2619 2695//2668 2696//2669
f 2646//2619 2696//2669 2647//2620
f 2647//2620 2696//2669 2697//2670
f 2647//2620 2697//2670 2648//2621
f 2648//2621 2697//2670 2698//2671
f 2648//2621 2698//2671 2649//2622
f 2649//2622 2698//2671 2699//2672
f 2649//2622 2699//2672 2650//2623
f 2650//2623 2699//2672 2700//2673
f 2650//2623 2700//2673 2651//2624
f 2651//2624 2700//2673 2701//2674
f 2651//2624 2701//2674 2652//2625
f 2652//2625 2701//2674 2702//2675
f 2652//2625 2702//2675 2653//2626
f 2653//2626 2702//2675 2703//2676
f 2653//2626 2703//2676 2654//2627
f 2654//2627 2703//2676 2704//2677
f 2654//2627 2704//2677 2655//2628
f 2655//2628 2704//2677 2705//2678
f 2655//2628 2705//2678 2656//2629
f 2656//2629 2705//2678 2706//2679
f 2656//2629 2706//2679 2657//2630
f 2657//2630 2706//2679 2707//2680
f 2657//2630 2707//2680 2658//2631
f 2658//2631 2707//2680 2708//2681
f 2658//2631 2708//2681 2659//2632
f 2659//2632 2708//2681 2709//2682
f 2659//2632 2709//2682 2660//2633
f 2660//2633 2709//2682 2710//2683
f 2660//2633 2710//2683 2661//2634
f 2661//2634 2710//2683 2711//2684
f 2661//2634 2711//2684 2662//2635
f 2662//2635 2711//2684 2712//2685
f 2662//2635 2712//2685 2663//2636
f 2663//2636 2712//2685 2713//2686
f 2663//2636 2713//2686 2664//2637
f 2664//2637 2713//2686 2714//2687
f 2664//2637 2714//2687 2665//2638
f 2665//2638 2714//2687 2715//2688
f 2665//2638 2715//2688 2666//2639
f 2666//2639 2715//2688 2716//2689
f 2666//2639 2716//2689 2667//2640
f 2667//2640 2716//2689 2717//2690
f 2667//2640 2717//2690 2668//2641
f 2668//2641 2717//2690 2718//2691
f 2668//2641 2718//2691 2669//2642
f 2669//2642 2718//2691 2719//2692
f 2669//2642 2719//2692 2670//2643
f 2670//2643 2719//2692 2720//2693
f 2670//2643 2720//2693 2671//2644
f 2671//2644 2720//2693 2721//2694
f 2671//2644 2721//2694 2672//2645
f 2672//2645 2721//2694 2722//2695
f 2672//2645 2722//2695 2673//2646
f 2673//2646 2722//2695 2723//2696
f 2673//2646 2723//2696 2674//2647
f 2674//2647 2723//2696 2724//2697
f 2674//2647 2724//2697 2675//2648
f 2675//2648 2724//2697 2725//2698
f 2675//2648 2725//2698 2676//2649
f 2676//2649 2725//2698 2726//2699
f 2676//2649 2726//2699 2677//2650
f 2677//2650 2726//2699 2727//2700
f 2677//2650 2727//2700 2678//2651
f 2678//2651 2727//2700 2728//2701
f 2678//2651 2728//2701 2679//2652
f 2679//2652 2728//2701 2729//2702
f 2679//2652 2729//2702 2680//2653
f 2680//2653 2729//2702 2730//2703
f 2680//2653 2730//2703 2681//2654
f 2681//2654 2730//2703 2731//2704
f 2681//2654 2731//2704 2682//2655
f 2682//2655 2731//2704 2683//2656
f 2731//2704 2732//2705 2683//2656
f 2683//2656 2732//2705 2733//2706
f 2683//2656 2733//2706 2684//2657
f 2684//2657 2733//2706 2734//2707
f 2684//2657 2734//2707 2685//2658
f 2685//2658 2734//2707 2735//2708
f 2685//2658 2735//2708 2686//2659
f 2686//2659 2735//2708 2736//2709
f 2686//2659 2736//2709 2687//2660
f 2687//2660 2736//2709 2737//2710
f 2687//2660 2737//2710 2688//2661
f 2688//2661 2737//2710 2738//2711
f 2688//2661 2738//2711 2689//2662
f 2689//2662 2738//2711 2739//2712
f 2689//2662 2739//2712 2690//2663
f 2690//2663 2739//2712 2740//2713
f 2690//2663 2740//2713 2691//2664
f 2691//2664 2740//2713 2741//2714
f 2691//2664 2741//2714 2692//2665
f 2692//2665 2741//2714 2742//2715
f 2692//2665 2742//2715 2693//2666
f 2693//2666 2742//2715 2743//2716
f 2693//2666 2743//2716 2694//2667
f 2694//2667 2743//2716 2744//2717
f 2694//2667 2744//2717 2695//2668
f 2695//2668 2744//2717 2745//2718
f 2695//2668 2745//2718 2696//2669
f 2696//2669 2745//2718 2746//2719
f 2696//2669 2746//2719 2697//2670
f 2697//2670 2746//2719 2747//2720
f 2697//2670 2747//2720 2698//2671
f 2698//2671 2747//2720 2748//2721
f 2698//2671 2748//2721 2699//2672
f 2699//2672 2748//2721 2749//2722
f 2699//2672 2749//2722 2700//2673
f 2700//2673 2749//2722 2750//2723
f 2700//2673 2750//2723 2701//2674
f 2701//2674 2750//2723 2751//2724
f 2701//2674 2751//2724 2702//2675
f 2702//2675 2751//2724 2752//2725
f 2702//2675 2752//2725 2703//2676
f 2703//2676 2752//2725 2753//2726
f 2703//2676 2753//2726 2704//2677
f 2704//2677 2753//2726 2754//2727
f 2704//2677 2754//2727 2705//2678
f 2705//2678 2754//2727 2755//2728
f 2705//2678 2755//2728 2706//2679
f 2706//2679 2755//2728 2756//2729
f 2706//2679 2756//2729 2707//2680
f 2707//2680 2756//2729 2757//2730
f 2707//2680 2757//2730 2708//2681
f 2708//2681 2757//2730 2758//2731
f 2708//2681 2758//2731 2709//2682
f 2709//2682 2758//2731 2759//2732
f 2709//2682 2759//2732 2710//2683
f 2710//2683 2759//2732 2760//2733
f 2710//2683 2760//2733 2711//2684
f 2711//2684 2760//2733 2761//2734
f 2711//2684 2761//2734 2712//2685
f 2712//2685 2761//2734 2762//2735
f 2712//2685 2762//2735 2713//2686
f 2713//2686 2762//2735 2763//2736
f 2713//2686 2763//2736 2714//2687
f 2714//2687 2763//2736 2764//2737
f 2714//2687 2764//2737 2715//2688
f 2715//2688 2764//2737 2765//2738
f 2715//2688 2765//2738 2716//2689
f 2716//2689 2765//2738 2766//2739
f 2716//2689 2766//2739 2717//2690
f 2717//2690 2766//2739 2767//2740
f 2717//2690 2767//2740 2718//2691
f 2718//2691 2767//2740 2768//2741
f 2718//2691 2768//2741 2719//2692
f 2719//2692 2768//2741 2769//2742
f 2719//2692 2769//2742 2720//2693
f 2720//2693 2769//2742 2770//2743
f 2720//2693 2770//2743 2721//2694
f 2721//2694 2770//2743 2771//2744
f 2721//2694 2771//2744 2722//2695
f 2722//2695 2771//2744 2772//2745
f 2722//2695 2772//2745 2723//2696
f 2723//2696 2772//2745 2773//2746
f 2723//2696 2773//2746 2724//2697
f 2724//2697 2773//2746 2774//2747
f 2724//2697 2774//2747 2725//2698
f 2725//2698 2774//2747 2775//2748
f 2725//2698 2775//2748 2726//2699
f 2726//2699 2775//2748 2776//2749
f 2726//2699 2776//2749 2727//2700
f 2727//2700 2776//2749 2777//2750
f 2727//2700 2777//2750 2728//2701
f 2728//2701 2777//2750 2778//2751
f 2728//2701 2778//2751 2729//2702
f 2729//2702 2778//2751 2779//2752
f 2729//2702 2779//2752 2730//2703
f 2730//2703 2779//2752 2780//2753
f 2730//2703 2780//2753 2731//2704
f 2731//2704 2780//2753 2732//2705
f 2780//2753 1089//1062 2732//2705
f 2732//2705 1089//1062 1088//1061
f 2732//2705 1088//1061 2733//2706
f 2733//2706 1088//1061 1087//1060
f 2733//2706 1087//1060 2734//2707
f 2734//2707 1087//1060 1086//1059
f 2734//2707 1086//1059 2735//2708
f 2735//2708 1086//1059 1099//1072
f 2735//2708 1099//1072 2736//2709
f 2736//2709 1099//1072 1098//1071
f 2736//2709 1098//1071 2737//2710
f 2737//2710 1098//1071 1097//1070
f 2737//2710 1097//1070 2738//2711
f 2738//2711 1097//1070 1096//1069
f 2738//2711 1096//1069 2739//2712
f 2739//2712 1096//1069 1095//1068
f 2739//2712 1095//1068 2740//2713
f 2740//2713 1095//1068 1081//1054
f 2740//2713 1081//1054 2741//2714
f 2741//2714 1081//1054 1080//1053
f 2741//2714 1080//1053 2742//2715
f 2742//2715 1080//1053 1079//1052
f 2742//2715 1079//1052 2743//2716
f 2743//2716 1079//1052 1094//1067
f 2743//2716 1094//1067 2744//2717
f 2744//2717 1094//1067 1093//1066
f 2744//2717 1093//1066 2745//2718
f 2745//2718 1093//1066 1092//1065
f 2745//2718 1092//1065 2746//2719
f 2746//2719 1092//1065 1091//1064
f 2746//2719 1091//1064 2747//2720
f 2747//2720 1091//1064 1090//1063
f 2747//2720 1090//1063 2748//2721
f 2748//2721 1090//1063 1073//1046
f 2748//2721 1073//1046 2749//2722
f 2749//2722 1073//1046 1072//1045
f 2749//2722 1072//1045 2750//2723
f 2750//2723 1072//1045 1071//1044
f 2750//2723 1071//1044 2751//2724
f 2751//2724 1071//1044 1078//1051
f 2751//2724 1078//1051 2752//2725
f 2752//2725 1078//1051 1077//1050
f 2752//2725 1077//1050 2753//2726
f 2753//2726 1077//1050 1076//1049
f 2753//2726 1076//1049 2754//2727
f 2754//2727 1076//1049 1075//1048
f 2754//2727 1075//1048 2755//2728
f 2755//2728 1075//1048 1074//1047
f 2755//2728 1074//1047 2756//2729
f 2756//2729 1074//1047 1054//1027
f 2756//2729 1054//1027 2757//2730
f 2757//2730 1054//1027 1053//1026
f 2757//2730 1053//1026 2758//2731
f 2758//2731 1053//1026 1052//1025
f 2758//2731 1052//1025 2759//2732
f 2759//2732 1052//1025 1051//1024
f 2759//2732 1051//1024 2760//2733
f 2760//2733 1051//1024 1058//1031
f 2760//2733 1058//1031 2761//2734
f 2761//2734 1058//1031 1057//1030
f 2761//2734 1057//1030 2762//2735
f 2762//2735 1057//1030 1056//1029
f 2762//2735 1056//1029 2763//2736
f 2763//2736 1056//1029 1055//1028
f 2763//2736 1055//1028 2764//2737
f 2764//2737 1055//1028 1062//1035
f 2764//2737 1062//1035 2765//2738
f 2765//2738 1062//1035 1061//1034
f 2765//2738 1061//1034 2766//2739
f 2766//2739 1061//1034 1060//1033
f 2766//2739 1060//1033 2767//2740
f 2767//2740 1060//1033 1059//1032
f 2767//2740 1059//1032 2768//2741
f 2768//2741 1059//1032 1066//1039
f 2768//2741 1066//1039 2769//2742
f 2769//2742 1066//1039 1065//1038
f 2769//2742 1065//1038 2770//2743
f 2770//2743 1065//1038 1064//1037
f 2770//2743 1064//1037 2771//2744
f 2771//2744 1064//1037 1063//1036
f 2771//2744 1063//1036 2772//2745
f 2772//2745 1063//1036 1070//1043
f 2772//2745 1070//1043 2773//2746
f 2773//2746 1070//1043 1069//1042
f 2773//2746 1069//1042 2774//2747
f 2774//2747 1069//1042 1068//1041
f 2774//2747 1068//1041 2775//2748
f 2775//2748 1068//1041 1067//1040
f 2775//2748 1067//1040 2776//2749
f 2776//2749 1067//1040 1085//1058
f 2776//2749 1085//1058 2777//2750
f 2777//2750 1085//1058 1084//1057
f 2777//2750 1084//1057 2778//2751
f 2778//2751 1084//1057 1083//1056
f 2778//2751 1083//1056 2779//2752
f 2779//2752 1083//1056 1082//1055
f 2779//2752 1082//1055 2780//2753
f 2780//2753 1082//1055 1089//1062
f 2781//2754 2782//2755 2783//2756
f 2784//2757 2785//2758 2786//2759
f 2787//2760 2788//2761 2789//2762
f 2790//2763 2791//2764 2792//2765
f 1392//1365 2793//2766 1394//1367
f 1378//1351 1380//1353 2794//2767
f 1448//1421 1447//1420 2795//2768
f 1455//1428 1454//1427 2796//2769
f 2797//2770 2798//2771 2799//2772
f 2800//2773 2801//2774 1301//1274
f 1314//1287 1263//1236 2802//2775
f 2802//2775 1263//1236 1262//1235
f 1262//1235 1261//1234 2803//2776
f 2803//2776 1261//1234 2804//2777
f 2803//2776 2804//2777 2805//2778
f 2806//2779 1223//1196 1316//1289
f 2806//2779 1316//1289 2802//2775
f 2802//2775 1316//1289 1315//1288
f 2802//2775 1315//1288 1314//1287
f 1241//1214 1240//1213 2807//2780
f 2807//2780 1240//1213 1275//1248
f 2807//2780 1275//1248 2806//2779
f 2806//2779 1275//1248 1224//1197
f 2806//2779 1224//1197 1223//1196
f 2808//2781 2809//2782 1302//1275
f 1302//1275 1274//1247 2808//2781
f 2808//2781 1274//1247 1273//1246
f 2808//2781 1273//1246 1272//1245
f 2810//2783 1228//1201 2811//2784
f 2811//2784 1228//1201 1227//1200
f 2811//2784 1227//1200 2812//2785
f 2812//2785 1227//1200 1304//1277
f 2812//2785 1304//1277 2809//2782
f 2809//2782 1304//1277 1303//1276
f 2809//2782 1303//1276 1302//1275
f 1301//1274 1313//1286 2800//2773
f 2800//2773 1313//1286 1312//1285
f 2800//2773 1312//1285 2810//2783
f 2810//2783 1312//1285 1311//1284
f 2810//2783 1311//1284 1228//1201
f 2813//2786 1299//1272 2814//2787
f 2814//2787 1299//1272 1298//1271
f 2814//2787 1298//1271 2815//2788
f 1298//1271 1297//1270 2815//2788
f 2815//2788 1297//1270 1258//1231
f 2815//2788 1258//1231 2816//2789
f 2816//2789 1258//1231 1257//1230
f 2816//2789 1257//1230 2801//2774
f 2801//2774 1257//1230 1300//1273
f 2801//2774 1300//1273 1301//1274
f 1270//1243 1269//1242 2817//2790
f 2817//2790 1269//1242 1287//1260
f 2817//2790 1287//1260 2818//2791
f 2818//2791 1287//1260 1232//1205
f 2818//2791 1232//1205 2813//2786
f 2813//2786 1232//1205 1231//1204
f 2813//2786 1231//1204 1299//1272
f 2797//2770 2799//2772 1466//1439
f 1453//1426 1401//1374 2819//2792
f 2819//2792 1401//1374 1400//1373
f 2819//2792 1400//1373 2799//2772
f 2799//2772 1400//1373 1467//1440
f 2799//2772 1467//1440 1466//1439
f 2820//2793 1457//1430 2796//2769
f 2796//2769 1457//1430 1456//1429
f 2796//2769 1456//1429 1455//1428
f 1421//1394 1420//1393 2820//2793
f 2820//2793 1420//1393 1419//1392
f 2820//2793 1419//1392 1457//1430
f 2821//2794 1464//1437 1463//1436
f 2821//2794 1463//1436 2822//2795
f 2822//2795 1463//1436 1462//1435
f 2822//2795 1462//1435 1461//1434
f 2823//2796 1439//1412 2824//2797
f 2824//2797 1439//1412 1438//1411
f 2824//2797 1438//1411 2821//2794
f 2821//2794 1438//1411 1437//1410
f 2821//2794 1437//1410 1464//1437
f 1447//1420 1446//1419 2795//2768
f 2795//2768 1446//1419 1399//1372
f 2795//2768 1399//1372 2825//2798
f 2825//2798 1399//1372 1397//1370
f 2825//2798 1397//1370 2823//2796
f 2823//2796 1397//1370 1396//1369
f 2823//2796 1396//1369 1439//1412
f 1448//1421 2795//2768 1380//1353
f 1380//1353 2795//2768 2826//2799
f 1380//1353 2826//2799 2794//2767
f 1378//1351 2794//2767 1376//1349
f 1376//1349 2794//2767 2827//2800
f 1376//1349 2827//2800 1374//1347
f 1374//1347 2827//2800 2828//2801
f 1374//1347 2828//2801 1387//1360
f 2793//2766 1392//1365 2829//2802
f 2829//2802 1392//1365 1390//1363
f 2829//2802 1390//1363 2828//2801
f 2828//2801 1390//1363 1388//1361
f 2828//2801 1388//1361 1387//1360
f 2830//2803 2831//2804 2807//2780
f 2807//2780 2831//2804 2808//2781
f 2807//2780 2808//2781 1241//1214
f 1241//1214 2808//2781 1272//1245
f 2831//2804 2832//2805 2808//2781
f 2808//2781 2832//2805 2833//2806
f 2808//2781 2833//2806 2809//2782
f 2809//2782 2833//2806 2834//2807
f 2809//2782 2834//2807 2812//2785
f 2830//2803 2807//2780 2835//2808
f 2835//2808 2807//2780 2806//2779
f 2835//2808 2806//2779 2836//2809
f 2836//2809 2806//2779 2802//2775
f 2836//2809 2802//2775 2837//2810
f 1262//1235 2803//2776 2802//2775
f 2802//2775 2803//2776 2838//2811
f 2802//2775 2838//2811 2837//2810
f 2839//2812 2840//2813 2803//2776
f 2803//2776 2840//2813 2841//2814
f 2803//2776 2841//2814 2838//2811
f 2842//2815 2843//2816 2844//2817
f 2845//2818 2846//2819 2843//2816
f 2843//2816 2846//2819 2847//2820
f 2843//2816 2847//2820 2844//2817
f 2848//2821 2849//2822 2850//2823
f 2850//2823 2849//2822 2851//2824
f 2850//2823 2851//2824 2845//2818
f 2845//2818 2851//2824 2852//2825
f 2845//2818 2852//2825 2846//2819
f 2853//2826 2854//2827 2855//2828
f 2855//2828 2854//2827 2856//2829
f 2855//2828 2856//2829 2857//2830
f 2857//2830 2856//2829 2858//2831
f 2859//2832 2860//2833 2861//2834
f 2861//2834 2860//2833 2862//2835
f 2863//2836 2864//2837 2865//2838
f 2865//2838 2864//2837 2866//2839
f 2865//2838 2866//2839 2862//2835
f 2862//2835 2866//2839 2867//2840
f 2862//2835 2867//2840 2861//2834
f 2868//2841 2869//2842 2870//2843
f 2870//2843 2869//2842 2871//2844
f 2872//2845 2873//2846 2871//2844
f 2871//2844 2873//2846 2874//2847
f 2871//2844 2874//2847 2870//2843
f 2875//2848 2876//2849 2877//2850
f 2877//2850 2876//2849 2878//2851
f 2877//2850 2878//2851 2879//2852
f 2879//2852 2878//2851 2880//2853
f 2881//2854 2882//2855 2883//2856
f 2883//2856 2882//2855 2884//2857
f 2883//2856 2884//2857 2885//2858
f 2885//2858 2884//2857 2886//2859
f 2887//2860 2888//2861 2889//2862
f 2889//2862 2888//2861 2890//2863
f 2889//2862 2890//2863 2891//2864
f 2891//2864 2890//2863 2892//2865
f 2893//2866 2894//2867 2789//2762
f 2895//2868 2896//2869 2897//2870
f 2897//2870 2896//2869 2898//2871
f 2895//2868 2897//2870 2899//2872
f 2899//2872 2897//2870 2900//2873
f 2899//2872 2900//2873 2901//2874
f 2902//2875 2903//2876 2904//2877
f 2904//2877 2903//2876 2905//2878
f 2904//2877 2905//2878 2900//2873
f 2900//2873 2905//2878 2906//2879
f 2900//2873 2906//2879 2901//2874
f 2907//2880 2908//2881 2909//2882
f 2909//2882 2908//2881 2910//2883
f 2909//2882 2910//2883 2911//2884
f 2911//2884 2910//2883 2912//2885
f 2913//2886 2914//2887 2915//2888
f 2915//2888 2914//2887 2916//2889
f 2917//2890 2918//2891 2919//2892
f 2919//2892 2918//2891 2920//2893
f 2919//2892 2920//2893 2916//2889
f 2916//2889 2920//2893 2921//2894
f 2916//2889 2921//2894 2915//2888
f 2922//2895 2923//2896 2924//2897
f 2924//2897 2923//2896 2925//2898
f 2924//2897 2925//2898 2926//2899
f 2926//2899 2925//2898 2927//2900
f 2928//2901 2929//2902 2930//2903
f 2930//2903 2929//2902 2931//2904
f 2932//2905 2933//2906 2931//2904
f 2931//2904 2933//2906 2934//2907
f 2931//2904 2934//2907 2930//2903
f 2935//2908 2936//2909 2937//2910
f 2937//2910 2936//2909 2938//2911
f 2937//2910 2938//2911 2939//2912
f 2939//2912 2938//2911 2940//2913
f 2941//2914 2942//2915 2943//2916
f 2943//2916 2942//2915 2944//2917
f 2943//2916 2944//2917 2945//2918
f 2945//2918 2944//2917 2946//2919
f 2947//2920 2948//2921 2786//2759
f 2949//2922 2950//2923 2951//2924
f 2951//2924 2950//2923 2952//2925
f 2951//2924 2952//2925 2953//2926
f 2953//2926 2952//2925 2954//2927
f 2955//2928 2956//2929 2954//2927
f 2954//2927 2956//2929 2957//2930
f 2954//2927 2957//2930 2953//2926
f 2958//2931 2959//2932 2955//2928
f 2955//2928 2959//2932 2960//2933
f 2955//2928 2960//2933 2956//2929
f 2961//2934 2962//2935 2963//2936
f 2963//2936 2962//2935 2964//2937
f 2963//2936 2964//2937 2965//2938
f 2965//2938 2964//2937 2966//2939
f 2967//2940 2968//2941 2969//2942
f 2969//2942 2968//2941 2970//2943
f 2971//2944 2972//2945 2973//2946
f 2973//2946 2972//2945 2974//2947
f 2973//2946 2974//2947 2970//2943
f 2970//2943 2974//2947 2975//2948
f 2970//2943 2975//2948 2969//2942
f 2976//2949 2977//2950 2978//2951
f 2978//2951 2977//2950 2979//2952
f 2978//2951 2979//2952 2980//2953
f 2980//2953 2979//2952 2981//2954
f 2982//2955 2983//2956 2984//2957
f 2984//2957 2983//2956 2985//2958
f 2984//2957 2985//2958 2986//2959
f 2986//2959 2985//2958 2987//2960
f 2988//2961 2989//2962 2990//2963
f 2990//2963 2989//2962 2991//2964
f 2992//2965 2993//2966 2991//2964
f 2991//2964 2993//2966 2994//2967
f 2991//2964 2994//2967 2990//2963
f 2995//2968 2996//2969 2997//2970
f 2997//2970 2996//2969 2998//2971
f 2997//2970 2998//2971 2999//2972
f 2999//2972 2998//2971 3000//2973
f 3001//2974 3002//2975 2783//2756
f 3003//2976 3004//2977 3005//2978
f 3006//2979 3007//2980 3008//2981
f 3008//2981 3007//2980 3003//2976
f 3008//2981 3003//2976 3009//2982
f 3009//2982 3003//2976 3005//2978
f 3010//2983 3011//2984 3012//2985
f 3012//2985 3011//2984 3013//2986
f 3012//2985 3013//2986 3004//2977
f 3004//2977 3013//2986 3014//2987
f 3004//2977 3014//2987 3005//2978
f 3015//2988 3016//2989 3017//2990
f 3017//2990 3016//2989 3018//2991
f 3017//2990 3018//2991 3019//2992
f 3020//2993 3021//2994 3022//2995
f 3022//2995 3021//2994 3023//2996
f 3022//2995 3023//2996 3024//2997
f 3025//2998 3026//2999 3027//3000
f 3027//3000 3026//2999 3028//3001
f 3027//3000 3028//3001 3020//2993
f 3020//2993 3028//3001 3029//3002
f 3020//2993 3029//3002 3021//2994
f 3030//3003 3031//3004 3032//3005
f 3032//3005 3031//3004 3033//3006
f 3032//3005 3033//3006 3034//3007
f 3034//3007 3033//3006 3035//3008
f 3036//3009 3037//3010 3038//3011
f 3038//3011 3037//3010 3039//3012
f 3038//3011 3039//3012 3040//3013
f 3040//3013 3039//3012 3041//3014
f 3042//3015 3043//3016 3044//3017
f 3044//3017 3043//3016 3045//3018
f 3044//3017 3045//3018 3046//3019
f 3046//3019 3045//3018 3047//3020
f 3048//3021 3049//3022 3050//3023
f 3050//3023 3049//3022 3051//3024
f 3052//3025 3053//3026 3051//3024
f 3051//3024 3053//3026 3054//3027
f 3051//3024 3054//3027 3050//3023
f 3055//3028 3056//3029 3057//3030
f 3057//3030 3056//3029 3058//3031
f 3059//3032 3060//3033 3061//3034
f 3061//3034 3060//3033 3062//3035
f 3061//3034 3062//3035 3055//3028
f 3055//3028 3062//3035 3063//3036
f 3055//3028 3063//3036 3056//3029
f 3064//3037 3065//3038 3066//3039
f 3066//3039 3065//3038 3067//3040
f 3066//3039 3067//3040 3068//3041
f 3068//3041 3067//3040 3069//3042
f 3070//3043 3071//3044 3072//3045
f 3072//3045 3071//3044 3073//3046
f 3072//3045 3073//3046 3074//3047
f 2791//2764 3075//3048 2792//2765
f 2792//2765 3075//3048 3076//3049
f 2792//2765 3076//3049 3077//3050
f 3077//3050 3076//3049 3078//3051
f 3077//3050 3078//3051 3079//3052
f 3079//3052 3078//3051 3080//3053
f 3079//3052 3080//3053 3081//3054
f 3082//3055 3083//3056 3084//3057
f 3084//3057 3083//3056 3085//3058
f 3084//3057 3085//3058 3086//3059
f 3086//3059 3085//3058 3087//3060
f 3088//3061 3089//3062 3090//3063
f 3090//3063 3089//3062 3091//3064
f 3090//3063 3091//3064 3092//3065
f 3092//3065 3091//3064 3093//3066
f 3094//3067 3095//3068 3096//3069
f 3096//3069 3095//3068 3097//3070
f 3096//3069 3097//3070 3098//3071
f 3098//3071 3097//3070 3099//3072
f 3100//3073 3101//3074 3102//3075
f 3102//3075 3101//3074 3103//3076
f 3102//3075 3103//3076 3104//3077
f 3104//3077 3103//3076 3105//3078
f 3106//3079 3107//3080 3108//3081
f 3108//3081 3107//3080 3109//3082
f 3108//3081 3109//3082 3110//3083
f 3111//3084 3112//3085 3113//3086
f 3113//3086 3112//3085 3114//3087
f 3113//3086 3114//3087 3109//3082
f 3109//3082 3114//3087 3115//3088
f 3109//3082 3115//3088 3110//3083
f 3116//3089 3117//3090 3118//3091
f 3118//3091 3117//3090 3119//3092
f 3118//3091 3119//3092 3120//3093
f 3120//3093 3119//3092 3121//3094
f 3122//3095 3123//3096 3124//3097
f 3124//3097 3123//3096 3125//3098
f 3124//3097 3125//3098 3126//3099
f 3126//3099 3125//3098 3127//3100
f 3128//3101 3129//3102 3130//3103
f 3130//3103 3129//3102 3131//3104
f 3130//3103 3131//3104 3132//3105
f 3132//3105 3131//3104 3133//3106
f 3132//3105 3133//3106 3134//3107
f 3134//3107 3133//3106 3135//3108
f 2805//2778 3136//3109 2803//2776
f 2803//2776 3136//3109 2842//2815
f 2803//2776 2842//2815 2839//2812
f 2839//2812 2842//2815 2844//2817
f 3136//3109 3137//3110 2842//2815
f 2842//2815 3137//3110 3138//3111
f 2842//2815 3138//3111 2843//2816
f 2843//2816 3138//3111 3139//3112
f 2843//2816 3139//3112 2845//2818
f 3139//3112 3140//3113 2845//2818
f 2845//2818 3140//3113 3141//3114
f 2845//2818 3141//3114 2850//2823
f 2850//2823 3141//3114 3142//3115
f 3142//3115 3143//3116 2850//2823
f 2850//2823 3143//3116 2854//2827
f 2850//2823 2854//2827 2848//2821
f 2848//2821 2854//2827 2853//2826
f 3143//3116 3144//3117 2854//2827
f 2854//2827 3144//3117 3145//3118
f 2854//2827 3145//3118 2856//2829
f 2856//2829 3145//3118 3146//3119
f 3146//3119 3147//3120 2856//2829
f 2856//2829 3147//3120 2860//2833
f 2856//2829 2860//2833 2858//2831
f 2858//2831 2860//2833 2859//2832
f 3147//3120 3148//3121 2860//2833
f 2860//2833 3148//3121 3149//3122
f 2860//2833 3149//3122 2862//2835
f 2862//2835 3149//3122 3150//3123
f 3151//3124 2865//2838 3152//3125
f 3152//3125 2865//2838 2862//2835
f 3152//3125 2862//2835 3153//3126
f 3153//3126 2862//2835 3150//3123
f 3151//3124 3154//3127 2865//2838
f 2865//2838 3154//3127 2869//2842
f 2865//2838 2869//2842 2863//2836
f 2863//2836 2869//2842 2868//2841
f 3155//3128 2871//2844 3156//3129
f 3156//3129 2871//2844 2869//2842
f 3156//3129 2869//2842 3157//3130
f 3157//3130 2869//2842 3154//3127
f 3155//3128 3158//3131 2871//2844
f 2871//2844 3158//3131 2876//2849
f 2871//2844 2876//2849 2872//2845
f 2872//2845 2876//2849 2875//2848
f 3159//3132 2878//2851 3160//3133
f 3160//3133 2878//2851 2876//2849
f 3160//3133 2876//2849 3161//3134
f 3161//3134 2876//2849 3158//3131
f 3159//3132 3162//3135 2878//2851
f 2878//2851 3162//3135 2882//2855
f 2878//2851 2882//2855 2880//2853
f 2880//2853 2882//2855 2881//2854
f 3163//3136 2884//2857 3164//3137
f 3164//3137 2884//2857 2882//2855
f 3164//3137 2882//2855 3165//3138
f 3165//3138 2882//2855 3162//3135
f 3163//3136 3166//3139 2884//2857
f 2884//2857 3166//3139 2888//2861
f 2884//2857 2888//2861 2886//2859
f 2886//2859 2888//2861 2887//2860
f 3166//3139 3167//3140 2888//2861
f 2888//2861 3167//3140 3168//3141
f 2888//2861 3168//3141 2890//2863
f 2890//2863 3168//3141 3169//3142
f 2890//2863 3169//3142 3170//3143
f 3170//3143 2787//2760 2890//2863
f 2890//2863 2787//2760 2789//2762
f 2890//2863 2789//2762 2892//2865
f 2892//2865 2789//2762 2894//2867
f 2788//2761 3171//3144 2789//2762
f 2789//2762 3171//3144 2898//2871
f 2789//2762 2898//2871 2893//2866
f 2893//2866 2898//2871 2896//2869
f 3171//3144 3172//3145 2898//2871
f 2898//2871 3172//3145 3173//3146
f 2898//2871 3173//3146 2897//2870
f 2897//2870 3173//3146 3174//3147
f 2897//2870 3174//3147 2900//2873
f 3174//3147 3175//3148 2900//2873
f 2900//2873 3175//3148 3176//3149
f 2900//2873 3176//3149 2904//2877
f 2904//2877 3176//3149 3177//3150
f 3177//3150 3178//3151 2904//2877
f 2904//2877 3178//3151 2908//2881
f 2904//2877 2908//2881 2902//2875
f 2902//2875 2908//2881 2907//2880
f 3178//3151 3179//3152 2908//2881
f 2908//2881 3179//3152 3180//3153
f 2908//2881 3180//3153 2910//2883
f 2910//2883 3180//3153 3181//3154
f 3181//3154 3182//3155 2910//2883
f 2910//2883 3182//3155 2914//2887
f 2910//2883 2914//2887 2912//2885
f 2912//2885 2914//2887 2913//2886
f 3182//3155 3183//3156 2914//2887
f 2914//2887 3183//3156 3184//3157
f 2914//2887 3184//3157 2916//2889
f 2916//2889 3184//3157 3185//3158
f 3186//3159 2919//2892 3187//3160
f 3187//3160 2919//2892 2916//2889
f 3187//3160 2916//2889 3188//3161
f 3188//3161 2916//2889 3185//3158
f 3186//3159 3189//3162 2919//2892
f 2919//2892 3189//3162 2923//2896
f 2919//2892 2923//2896 2917//2890
f 2917//2890 2923//2896 2922//2895
f 3190//3163 2925//2898 3191//3164
f 3191//3164 2925//2898 2923//2896
f 3191//3164 2923//2896 3192//3165
f 3192//3165 2923//2896 3189//3162
f 3190//3163 3193//3166 2925//2898
f 2925//2898 3193//3166 2929//2902
f 2925//2898 2929//2902 2927//2900
f 2927//2900 2929//2902 2928//2901
f 3194//3167 2931//2904 3195//3168
f 3195//3168 2931//2904 2929//2902
f 3195//3168 2929//2902 3196//3169
f 3196//3169 2929//2902 3193//3166
f 3194//3167 3197//3170 2931//2904
f 2931//2904 3197//3170 2936//2909
f 2931//2904 2936//2909 2932//2905
f 2932//2905 2936//2909 2935//2908
f 3198//3171 2938//2911 3199//3172
f 3199//3172 2938//2911 2936//2909
f 3199//3172 2936//2909 3200//3173
f 3200//3173 2936//2909 3197//3170
f 3198//3171 3201//3174 2938//2911
f 2938//2911 3201//3174 2942//2915
f 2938//2911 2942//2915 2940//2913
f 2940//2913 2942//2915 2941//2914
f 3201//3174 3202//3175 2942//2915
f 2942//2915 3202//3175 3203//3176
f 2942//2915 3203//3176 2944//2917
f 2944//2917 3203//3176 3204//3177
f 2944//2917 3204//3177 3205//3178
f 3205//3178 2784//2757 2944//2917
f 2944//2917 2784//2757 2786//2759
f 2944//2917 2786//2759 2946//2919
f 2946//2919 2786//2759 2948//2921
f 2785//2758 3206//3179 2786//2759
f 2786//2759 3206//3179 2950//2923
f 2786//2759 2950//2923 2947//2920
f 2947//2920 2950//2923 2949//2922
f 3206//3179 3207//3180 2950//2923
f 2950//2923 3207//3180 3208//3181
f 2950//2923 3208//3181 2952//2925
f 2952//2925 3208//3181 3209//3182
f 2952//2925 3209//3182 2954//2927
f 3209//3182 3210//3183 2954//2927
f 2954//2927 3210//3183 3211//3184
f 2954//2927 3211//3184 2955//2928
f 2955//2928 3211//3184 3212//3185
f 3212//3185 3213//3186 2955//2928
f 2955//2928 3213//3186 2962//2935
f 2955//2928 2962//2935 2958//2931
f 2958//2931 2962//2935 2961//2934
f 3213//3186 3214//3187 2962//2935
f 2962//2935 3214//3187 3215//3188
f 2962//2935 3215//3188 2964//2937
f 2964//2937 3215//3188 3216//3189
f 3216//3189 3217//3190 2964//2937
f 2964//2937 3217//3190 2968//2941
f 2964//2937 2968//2941 2966//2939
f 2966//2939 2968//2941 2967//2940
f 3217//3190 3218//3191 2968//2941
f 2968//2941 3218//3191 3219//3192
f 2968//2941 3219//3192 2970//2943
f 2970//2943 3219//3192 3220//3193
f 3221//3194 2973//2946 3222//3195
f 3222//3195 2973//2946 2970//2943
f 3222//3195 2970//2943 3223//3196
f 3223//3196 2970//2943 3220//3193
f 3221//3194 3224//3197 2973//2946
f 2973//2946 3224//3197 2977//2950
f 2973//2946 2977//2950 2971//2944
f 2971//2944 2977//2950 2976//2949
f 3225//3198 2979//2952 3226//3199
f 3226//3199 2979//2952 2977//2950
f 3226//3199 2977//2950 3227//3200
f 3227//3200 2977//2950 3224//3197
f 3225//3198 3228//3201 2979//2952
f 2979//2952 3228//3201 2983//2956
f 2979//2952 2983//2956 2981//2954
f 2981//2954 2983//2956 2982//2955
f 3229//3202 2985//2958 3230//3203
f 3230//3203 2985//2958 2983//2956
f 3230//3203 2983//2956 3231//3204
f 3231//3204 2983//2956 3228//3201
f 3229//3202 3232//3205 2985//2958
f 2985//2958 3232//3205 2989//2962
f 2985//2958 2989//2962 2987//2960
f 2987//2960 2989//2962 2988//2961
f 3233//3206 2991//2964 3234//3207
f 3234//3207 2991//2964 2989//2962
f 3234//3207 2989//2962 3235//3208
f 3235//3208 2989//2962 3232//3205
f 3233//3206 3236//3209 2991//2964
f 2991//2964 3236//3209 2996//2969
f 2991//2964 2996//2969 2992//2965
f 2992//2965 2996//2969 2995//2968
f 3237//3210 2998//2971 3238//3211
f 3238//3211 2998//2971 2996//2969
f 3238//3211 2996//2969 3239//3212
f 3239//3212 2996//2969 3236//3209
f 3237//3210 2781//2754 2998//2971
f 2998//2971 2781//2754 2783//2756
f 2998//2971 2783//2756 3000//2973
f 3000//2973 2783//2756 3002//2975
f 2782//2755 3240//3213 2783//2756
f 2783//2756 3240//3213 3007//2980
f 2783//2756 3007//2980 3001//2974
f 3001//2974 3007//2980 3006//2979
f 3240//3213 3241//3214 3007//2980
f 3007//2980 3241//3214 3242//3215
f 3007//2980 3242//3215 3003//2976
f 3003//2976 3242//3215 3243//3216
f 3003//2976 3243//3216 3004//2977
f 3243//3216 3244//3217 3004//2977
f 3004//2977 3244//3217 3245//3218
f 3004//2977 3245//3218 3012//2985
f 3012//2985 3245//3218 3246//3219
f 3246//3219 3247//3220 3012//2985
f 3012//2985 3247//3220 3019//2992
f 3012//2985 3019//2992 3010//2983
f 3010//2983 3019//2992 3018//2991
f 3247//3220 3248//3221 3019//2992
f 3019//2992 3248//3221 3249//3222
f 3019//2992 3249//3222 3017//2990
f 3017//2990 3249//3222 3250//3223
f 3250//3223 3251//3224 3017//2990
f 3017//2990 3251//3224 3022//2995
f 3017//2990 3022//2995 3015//2988
f 3015//2988 3022//2995 3024//2997
f 3251//3224 3252//3225 3022//2995
f 3022//2995 3252//3225 3253//3226
f 3022//2995 3253//3226 3020//2993
f 3020//2993 3253//3226 3254//3227
f 3255//3228 3027//3000 3256//3229
f 3256//3229 3027//3000 3020//2993
f 3256//3229 3020//2993 3257//3230
f 3257//3230 3020//2993 3254//3227
f 3255//3228 3258//3231 3027//3000
f 3027//3000 3258//3231 3031//3004
f 3027//3000 3031//3004 3025//2998
f 3025//2998 3031//3004 3030//3003
f 3259//3232 3033//3006 3260//3233
f 3260//3233 3033//3006 3031//3004
f 3260//3233 3031//3004 3261//3234
f 3261//3234 3031//3004 3258//3231
f 3259//3232 3262//3235 3033//3006
f 3033//3006 3262//3235 3037//3010
f 3033//3006 3037//3010 3035//3008
f 3035//3008 3037//3010 3036//3009
f 3263//3236 3039//3012 3264//3237
f 3264//3237 3039//3012 3037//3010
f 3264//3237 3037//3010 3265//3238
f 3265//3238 3037//3010 3262//3235
f 3263//3236 3266//3239 3039//3012
f 3039//3012 3266//3239 3043//3016
f 3039//3012 3043//3016 3041//3014
f 3041//3014 3043//3016 3042//3015
f 3267//3240 3045//3018 3268//3241
f 3268//3241 3045//3018 3043//3016
f 3268//3241 3043//3016 3269//3242
f 3269//3242 3043//3016 3266//3239
f 3267//3240 3270//3243 3045//3018
f 3045//3018 3270//3243 3049//3022
f 3045//3018 3049//3022 3047//3020
f 3047//3020 3049//3022 3048//3021
f 3271//3244 3051//3024 3272//3245
f 3272//3245 3051//3024 3049//3022
f 3272//3245 3049//3022 3273//3246
f 3273//3246 3049//3022 3270//3243
f 3271//3244 3274//3247 3051//3024
f 3051//3024 3274//3247 3057//3030
f 3051//3024 3057//3030 3052//3025
f 3052//3025 3057//3030 3058//3031
f 3274//3247 3275//3248 3057//3030
f 3057//3030 3275//3248 3276//3249
f 3057//3030 3276//3249 3055//3028
f 3055//3028 3276//3249 3277//3250
f 3055//3028 3277//3250 3061//3034
f 3061//3034 3277//3250 3278//3251
f 3278//3251 3279//3252 3061//3034
f 3061//3034 3279//3252 3065//3038
f 3061//3034 3065//3038 3059//3032
f 3059//3032 3065//3038 3064//3037
f 3279//3252 3280//3253 3065//3038
f 3065//3038 3280//3253 3281//3254
f 3065//3038 3281//3254 3067//3040
f 3067//3040 3281//3254 3282//3255
f 3282//3255 3283//3256 3067//3040
f 3067//3040 3283//3256 3071//3044
f 3067//3040 3071//3044 3069//3042
f 3069//3042 3071//3044 3070//3043
f 3283//3256 3284//3257 3071//3044
f 3071//3044 3284//3257 3285//3258
f 3071//3044 3285//3258 3073//3046
f 3073//3046 3285//3258 3286//3259
f 3286//3259 3287//3260 3073//3046
f 3073//3046 3287//3260 3079//3052
f 3073//3046 3079//3052 3074//3047
f 3074//3047 3079//3052 3081//3054
f 3287//3260 3288//3261 3079//3052
f 3079//3052 3288//3261 3289//3262
f 3079//3052 3289//3262 3077//3050
f 3077//3050 3289//3262 3290//3263
f 3291//3264 2792//2765 3292//3265
f 3292//3265 2792//2765 3077//3050
f 3292//3265 3077//3050 3293//3266
f 3293//3266 3077//3050 3290//3263
f 3291//3264 3294//3267 2792//2765
f 2792//2765 3294//3267 3083//3056
f 2792//2765 3083//3056 2790//2763
f 2790//2763 3083//3056 3082//3055
f 3295//3268 3085//3058 3296//3269
f 3296//3269 3085//3058 3083//3056
f 3296//3269 3083//3056 3297//3270
f 3297//3270 3083//3056 3294//3267
f 3295//3268 3298//3271 3085//3058
f 3085//3058 3298//3271 3089//3062
f 3085//3058 3089//3062 3087//3060
f 3087//3060 3089//3062 3088//3061
f 3299//3272 3091//3064 3300//3273
f 3300//3273 3091//3064 3089//3062
f 3300//3273 3089//3062 3301//3274
f 3301//3274 3089//3062 3298//3271
f 3299//3272 3302//3275 3091//3064
f 3091//3064 3302//3275 3095//3068
f 3091//3064 3095//3068 3093//3066
f 3093//3066 3095//3068 3094//3067
f 3303//3276 3097//3070 3304//3277
f 3304//3277 3097//3070 3095//3068
f 3304//3277 3095//3068 3305//3278
f 3305//3278 3095//3068 3302//3275
f 3303//3276 3306//3279 3097//3070
f 3097//3070 3306//3279 3101//3074
f 3097//3070 3101//3074 3099//3072
f 3099//3072 3101//3074 3100//3073
f 3307//3280 3103//3076 3308//3281
f 3308//3281 3103//3076 3101//3074
f 3308//3281 3101//3074 3309//3282
f 3309//3282 3101//3074 3306//3279
f 3307//3280 3310//3283 3103//3076
f 3103//3076 3310//3283 3107//3080
f 3103//3076 3107//3080 3105//3078
f 3105//3078 3107//3080 3106//3079
f 3310//3283 3311//3284 3107//3080
f 3107//3080 3311//3284 3312//3285
f 3107//3080 3312//3285 3109//3082
f 3109//3082 3312//3285 3313//3286
f 3109//3082 3313//3286 3113//3086
f 3113//3086 3313//3286 3314//3287
f 3314//3287 3315//3288 3113//3086
f 3113//3086 3315//3288 3117//3090
f 3113//3086 3117//3090 3111//3084
f 3111//3084 3117//3090 3116//3089
f 3315//3288 3316//3289 3117//3090
f 3117//3090 3316//3289 3317//3290
f 3117//3090 3317//3290 3119//3092
f 3119//3092 3317//3290 3318//3291
f 3318//3291 3319//3292 3119//3092
f 3119//3092 3319//3292 3123//3096
f 3119//3092 3123//3096 3121//3094
f 3121//3094 3123//3096 3122//3095
f 3319//3292 3320//3293 3123//3096
f 3123//3096 3320//3293 3321//3294
f 3123//3096 3321//3294 3125//3098
f 3125//3098 3321//3294 3322//3295
f 3322//3295 3323//3296 3125//3098
f 3125//3098 3323//3296 3129//3102
f 3125//3098 3129//3102 3127//3100
f 3127//3100 3129//3102 3128//3101
f 3323//3296 3324//3297 3129//3102
f 3129//3102 3324//3297 3325//3298
f 3129//3102 3325//3298 3131//3104
f 3131//3104 3325//3298 3326//3299
f 3327//3300 3133//3106 3328//3301
f 3328//3301 3133//3106 3131//3104
f 3328//3301 3131//3104 3329//3302
f 3329//3302 3131//3104 3326//3299
f 3327//3300 3330//3303 3133//3106
f 3133//3106 3330//3303 2799//2772
f 3133//3106 2799//2772 3135//3108
f 3135//3108 2799//2772 2798//2771
f 3331//3304 2819//2792 3332//3305
f 3332//3305 2819//2792 2799//2772
f 3332//3305 2799//2772 3333//3306
f 3333//3306 2799//2772 3330//3303
f 3331//3304 3334//3307 2819//2792
f 2819//2792 3334//3307 2796//2769
f 2819//2792 2796//2769 1453//1426
f 1453//1426 2796//2769 1454//1427
f 3335//3308 2820//2793 3336//3309
f 3336//3309 2820//2793 2796//2769
f 3336//3309 2796//2769 3337//3310
f 3337//3310 2796//2769 3334//3307
f 3335//3308 3338//3311 2820//2793
f 2820//2793 3338//3311 2822//2795
f 2820//2793 2822//2795 1421//1394
f 1421//1394 2822//2795 1461//1434
f 3338//3311 3339//3312 2822//2795
f 2822//2795 3339//3312 3340//3313
f 2822//2795 3340//3313 2821//2794
f 2821//2794 3340//3313 3341//3314
f 2821//2794 3341//3314 2824//2797
f 347//346 346//345 1245//1218
f 3072//3045 3074//3047 3342//3315
f 3069//3042 3070//3043 3343//3316
f 3066//3039 3068//3041 3344//3317
f 3013//2986 3011//2984 3345//3318
f 3005//2978 3014//2987 3346//3319
f 3008//2981 3009//2982 3347//3320
f 2951//2924 2953//2926 3348//3321
f 2947//2920 2949//2922 3349//3322
f 2946//2919 2948//2921 3350//3323
f 2892//2865 2894//2867 3351//3324
f 2889//2862 2891//2864 3352//3325
f 2886//2859 2887//2860 3353//3326
f 2835//2808 2836//2809 3354//3327
f 2831//2804 2830//2803 3355//3328
f 2833//2806 2832//2805 3356//3329
f 725//724 726//725 3357//3330
f 745//744 747//746 3342//3315
f 749//748 751//750 3343//3316
f 680//679 678//677 3358//3331
f 658//657 656//655 3359//3332
f 309//308 631//630 3347//3320
f 633//632 635//634 3360//3333
f 576//575 574//573 3348//3321
f 567//566 565//564 3350//3323
f 501//500 504//503 3351//3324
f 490//489 488//487 3361//3334
f 427//426 425//424 3355//3328
f 423//422 421//420 3356//3329
f 419//418 417//416 3362//3335
f 1465//1438 2797//2770 1466//1439
f 3121//3094 3122//3095 1423//1396
f 1351//1324 1336//1309 3363//3336
f 1242//1215 1237//1210 409//408
f 1271//1244 1270//1243 3364//3337
f 3364//3337 1270//1243 2817//2790
f 3364//3337 2817//2790 3365//3338
f 3366//3339 1255//1228 3364//3337
f 3364//3337 1255//1228 1256//1229
f 3364//3337 1256//1229 1271//1244
f 1268//1241 1267//1240 3366//3339
f 3366//3339 1267//1240 1266//1239
f 3366//3339 1266//1239 1255//1228
f 3367//3340 1252//1225 3368//3341
f 3368//3341 1252//1225 1239//1212
f 3369//3342 1254//1227 3367//3340
f 3367//3340 1254//1227 1253//1226
f 3367//3340 1253//1226 1252//1225
f 3370//3343 1283//1256 1286//1259
f 1286//1259 1285//1258 3369//3342
f 3369//3342 1285//1258 1284//1257
f 3369//3342 1284//1257 1254//1227
f 1230//1203 1229//1202 3371//3344
f 3371//3344 1229//1202 1238//1211
f 3371//3344 1238//1211 3370//3343
f 3370//3343 1238//1211 1282//1255
f 3370//3343 1282//1255 1283//1256
f 395//394 1281//1254 393//392
f 393//392 1281//1254 1280//1253
f 399//398 1251//1224 397//396
f 397//396 1251//1224 1226//1199
f 397//396 1226//1199 395//394
f 395//394 1226//1199 1225//1198
f 395//394 1225//1198 1281//1254
f 401//400 403//402 1249//1222
f 1249//1222 1248//1221 401//400
f 401//400 1248//1221 1247//1220
f 401//400 1247//1220 399//398
f 399//398 1247//1220 1246//1219
f 399//398 1246//1219 1251//1224
f 409//408 1237//1210 407//406
f 1237//1210 1236//1209 407//406
f 407//406 1236//1209 1235//1208
f 407//406 1235//1208 405//404
f 405//404 1235//1208 1265//1238
f 405//404 1265//1238 403//402
f 403//402 1265//1238 1250//1223
f 403//402 1250//1223 1249//1222
f 1242//1215 409//408 1243//1216
f 1243//1216 409//408 411//410
f 1243//1216 411//410 1244//1217
f 1244//1217 411//410 347//346
f 1244//1217 347//346 1245//1218
f 718//717 3372//3345 716//715
f 716//715 3372//3345 3363//3336
f 716//715 3363//3336 1334//1307
f 1334//1307 3363//3336 1336//1309
f 1352//1325 3373//3346 1410//1383
f 1410//1383 3373//3346 1411//1384
f 3374//3347 1369//1342 3373//3346
f 3373//3346 1369//1342 1412//1385
f 3373//3346 1412//1385 1411//1384
f 3375//3348 1440//1413 3374//3347
f 3374//3347 1440//1413 1370//1343
f 3374//3347 1370//1343 1369//1342
f 1403//1376 3375//3348 1404//1377
f 1404//1377 3375//3348 3376//3349
f 1403//1376 1442//1415 3375//3348
f 3375//3348 1442//1415 1441//1414
f 3375//3348 1441//1414 1440//1413
f 1408//1381 1407//1380 3376//3349
f 3376//3349 1407//1380 1406//1379
f 3376//3349 1406//1379 1404//1377
f 1470//1443 1469//1442 3377//3350
f 3377//3350 1469//1442 1468//1441
f 3377//3350 1468//1441 1409//1382
f 3126//3099 1444//1417 3124//3097
f 3124//3097 1444//1417 1425//1398
f 3124//3097 1425//1398 3122//3095
f 3122//3095 1425//1398 1424//1397
f 3122//3095 1424//1397 1423//1396
f 1367//1340 1368//1341 3128//3101
f 3128//3101 1368//1341 1381//1354
f 3128//3101 1381//1354 3127//3100
f 3127//3100 1381//1354 1383//1356
f 3127//3100 1383//1356 3126//3099
f 3126//3099 1383//1356 1445//1418
f 3126//3099 1445//1418 1444//1417
f 1363//1336 3132//3105 1452//1425
f 1452//1425 3132//3105 3134//3107
f 1452//1425 3134//3107 3135//3108
f 3128//3101 3130//3103 1367//1340
f 1367//1340 3130//3103 3132//3105
f 1367//1340 3132//3105 1365//1338
f 1365//1338 3132//3105 1363//1336
f 2797//2770 1465//1438 2798//2771
f 2798//2771 1465//1438 1449//1422
f 2798//2771 1449//1422 3135//3108
f 3135//3108 1449//1422 1451//1424
f 3135//3108 1451//1424 1452//1425
f 1280//1253 1279//1252 393//392
f 393//392 1279//1252 1230//1203
f 393//392 1230//1203 391//390
f 391//390 1230//1203 3371//3344
f 391//390 3371//3344 389//388
f 389//388 3371//3344 3370//3343
f 389//388 3370//3343 387//386
f 1286//1259 3369//3342 3370//3343
f 3370//3343 3369//3342 385//384
f 3370//3343 385//384 387//386
f 375//374 377//376 3368//3341
f 3368//3341 377//376 379//378
f 3368//3341 379//378 3367//3340
f 3367//3340 379//378 381//380
f 3367//3340 381//380 3369//3342
f 3369//3342 381//380 383//382
f 3369//3342 383//382 385//384
f 373//372 375//374 3366//3339
f 3366//3339 375//374 3368//3341
f 3366//3339 3368//3341 1268//1241
f 1268//1241 3368//3341 1239//1212
f 3365//3338 367//366 3364//3337
f 3364//3337 367//366 369//368
f 3364//3337 369//368 3366//3339
f 3366//3339 369//368 371//370
f 3366//3339 371//370 373//372
f 3378//3351 363//362 3365//3338
f 3365//3338 363//362 365//364
f 3365//3338 365//364 367//366
f 353//352 355//354 3379//3352
f 3379//3352 355//354 357//356
f 3379//3352 357//356 3380//3353
f 3380//3353 357//356 359//358
f 3380//3353 359//358 3378//3351
f 3378//3351 359//358 361//360
f 3378//3351 361//360 363//362
f 3362//3335 417//416 3381//3354
f 3381//3354 417//416 415//414
f 3381//3354 415//414 414//413
f 431//430 429//428 3354//3327
f 436//435 433//432 3382//3355
f 3382//3355 433//432 3383//3356
f 445//444 443//442 3384//3357
f 3384//3357 443//442 441//440
f 3384//3357 441//440 3385//3358
f 3385//3358 441//440 440//439
f 3385//3358 440//439 3382//3355
f 3382//3355 440//439 437//436
f 3382//3355 437//436 436//435
f 447//446 3386//3359 449//448
f 449//448 3386//3359 3387//3360
f 449//448 3387//3360 452//451
f 452//451 3387//3360 454//453
f 455//454 3388//3361 3389//3362
f 462//461 459//458 3389//3362
f 3389//3362 459//458 458//457
f 3389//3362 458//457 455//454
f 463//462 3390//3363 466//465
f 466//465 3390//3363 3391//3364
f 466//465 3391//3364 467//466
f 469//468 3392//3365 471//470
f 471//470 3392//3365 3393//3366
f 471//470 3393//3366 473//472
f 473//472 3393//3366 476//475
f 480//479 477//476 3394//3367
f 3394//3367 477//476 3395//3368
f 480//479 3394//3367 481//480
f 481//480 3394//3367 3396//3369
f 481//480 3396//3369 484//483
f 3361//3334 488//487 3396//3369
f 3396//3369 488//487 486//485
f 3396//3369 486//485 484//483
f 491//490 3397//3370 493//492
f 493//492 3397//3370 3398//3371
f 493//492 3398//3371 496//495
f 496//495 3398//3371 498//497
f 322//321 499//498 3353//3326
f 501//500 3351//3324 508//507
f 3399//3372 3400//3373 505//504
f 3401//3374 511//510 3400//3373
f 3400//3373 511//510 510//509
f 3400//3373 510//509 505//504
f 517//516 515//514 3402//3375
f 3402//3375 515//514 513//512
f 3402//3375 513//512 3401//3374
f 3401//3374 513//512 318//317
f 3401//3374 318//317 511//510
f 518//517 3403//3376 3404//3377
f 520//519 314//313 3404//3377
f 3404//3377 314//313 313//312
f 3404//3377 313//312 518//517
f 528//527 526//525 3405//3378
f 3405//3378 526//525 521//520
f 3405//3378 521//520 3406//3379
f 529//528 3407//3380 532//531
f 532//531 3407//3380 3408//3381
f 532//531 3408//3381 533//532
f 533//532 3408//3381 536//535
f 541//540 540//539 3409//3382
f 3409//3382 540//539 537//536
f 3409//3382 537//536 3410//3383
f 3411//3384 550//549 3412//3385
f 3412//3385 550//549 548//547
f 3412//3385 548//547 3413//3386
f 3413//3386 548//547 546//545
f 3413//3386 546//545 544//543
f 558//557 556//555 3414//3387
f 3414//3387 556//555 554//553
f 3414//3387 554//553 3411//3384
f 3411//3384 554//553 552//551
f 3411//3384 552//551 550//549
f 563//562 561//560 3415//3388
f 3415//3388 561//560 559//558
f 3415//3388 559//558 3416//3389
f 567//566 3350//3323 570//569
f 577//576 3417//3390 312//311
f 312//311 3417//3390 3418//3391
f 3419//3392 582//581 3420//3393
f 3420//3393 582//581 580//579
f 3420//3393 580//579 3418//3391
f 3418//3391 580//579 579//578
f 3418//3391 579//578 312//311
f 589//588 587//586 3419//3392
f 3419//3392 587//586 584//583
f 3419//3392 584//583 582//581
f 595//594 593//592 3421//3394
f 3421//3394 593//592 591//590
f 3421//3394 591//590 3422//3395
f 596//595 3423//3396 598//597
f 598//597 3423//3396 3424//3397
f 598//597 3424//3397 600//599
f 600//599 3424//3397 602//601
f 604//603 3425//3398 3426//3399
f 611//610 608//607 3426//3399
f 3426//3399 608//607 606//605
f 3426//3399 606//605 604//603
f 617//616 615//614 3427//3400
f 3427//3400 615//614 613//612
f 3427//3400 613//612 3428//3401
f 619//618 3429//3402 621//620
f 621//620 3429//3402 3430//3403
f 630//629 628//627 3431//3404
f 3431//3404 628//627 626//625
f 3431//3404 626//625 3432//3405
f 3432//3405 626//625 624//623
f 3432//3405 624//623 3430//3403
f 3430//3403 624//623 622//621
f 3430//3403 622//621 621//620
f 3360//3333 635//634 3433//3406
f 3433//3406 635//634 637//636
f 3433//3406 637//636 639//638
f 643//642 642//641 3346//3319
f 647//646 3434//3407 649//648
f 649//648 3434//3407 3435//3408
f 649//648 3435//3408 652//651
f 3359//3332 656//655 3435//3408
f 3435//3408 656//655 654//653
f 3435//3408 654//653 652//651
f 660//659 3436//3409 662//661
f 662//661 3436//3409 3437//3410
f 662//661 3437//3410 664//663
f 664//663 3437//3410 666//665
f 667//666 3438//3411 669//668
f 669//668 3438//3411 3439//3412
f 669//668 3439//3412 671//670
f 3358//3331 678//677 3440//3413
f 3440//3413 678//677 676//675
f 3440//3413 676//675 674//673
f 682//681 3441//3414 684//683
f 684//683 3441//3414 3442//3415
f 684//683 3442//3415 686//685
f 686//685 3442//3415 688//687
f 689//688 3443//3416 691//690
f 691//690 3443//3416 3444//3417
f 691//690 3444//3417 698//697
f 698//697 3444//3417 3445//3418
f 704//703 702//701 3445//3418
f 3445//3418 702//701 700//699
f 3445//3418 700//699 698//697
f 710//709 708//707 3446//3419
f 3446//3419 708//707 706//705
f 3446//3419 706//705 3447//3420
f 712//711 3448//3421 714//713
f 714//713 3448//3421 3449//3422
f 714//713 3449//3422 715//714
f 715//714 3449//3422 695//694
f 745//744 3342//3315 743//742
f 3450//3423 3451//3424 741//740
f 736//735 734//733 3452//3425
f 3452//3425 734//733 733//732
f 3452//3425 733//732 3451//3424
f 3451//3424 733//732 739//738
f 3451//3424 739//738 741//740
f 730//729 738//737 3453//3426
f 3453//3426 738//737 737//736
f 3453//3426 737//736 3454//3427
f 3357//3330 726//725 3455//3428
f 3455//3428 726//725 728//727
f 3455//3428 728//727 731//730
f 723//722 3456//3429 722//721
f 722//721 3456//3429 3457//3430
f 722//721 3457//3430 720//719
f 720//719 3457//3430 719//718
f 2817//2790 2818//2791 3365//3338
f 3365//3338 2818//2791 2813//2786
f 3365//3338 2813//2786 3378//3351
f 3378//3351 2813//2786 2814//2787
f 3378//3351 2814//2787 3380//3353
f 2814//2787 2815//2788 3380//3353
f 3380//3353 2815//2788 2816//2789
f 3380//3353 2816//2789 3379//3352
f 3379//3352 2816//2789 2801//2774
f 2801//2774 2800//2773 3379//3352
f 3379//3352 2800//2773 3381//3354
f 3379//3352 3381//3354 353//352
f 353//352 3381//3354 414//413
f 2800//2773 2810//2783 3381//3354
f 3381//3354 2810//2783 2811//2784
f 3381//3354 2811//2784 3362//3335
f 3362//3335 2811//2784 2812//2785
f 3362//3335 2812//2785 2834//2807
f 2834//2807 2833//2806 3362//3335
f 3362//3335 2833//2806 3356//3329
f 3362//3335 3356//3329 419//418
f 419//418 3356//3329 421//420
f 2832//2805 2831//2804 3356//3329
f 3356//3329 2831//2804 3355//3328
f 3356//3329 3355//3328 423//422
f 423//422 3355//3328 425//424
f 2830//2803 2835//2808 3355//3328
f 3355//3328 2835//2808 3354//3327
f 3355//3328 3354//3327 427//426
f 427//426 3354//3327 429//428
f 2836//2809 2837//2810 3354//3327
f 3354//3327 2837//2810 3383//3356
f 3354//3327 3383//3356 431//430
f 431//430 3383//3356 433//432
f 2844//2817 3384//3357 2839//2812
f 2839//2812 3384//3357 3385//3358
f 2839//2812 3385//3358 2840//2813
f 2840//2813 3385//3358 3382//3355
f 2840//2813 3382//3355 2841//2814
f 2841//2814 3382//3355 3383//3356
f 2841//2814 3383//3356 2838//2811
f 2838//2811 3383//3356 2837//2810
f 2844//2817 2847//2820 3384//3357
f 3384//3357 2847//2820 3386//3359
f 3384//3357 3386//3359 445//444
f 445//444 3386//3359 447//446
f 2851//2824 3387//3360 2852//2825
f 2852//2825 3387//3360 3386//3359
f 2852//2825 3386//3359 2846//2819
f 2846//2819 3386//3359 2847//2820
f 2851//2824 2849//2822 3387//3360
f 3387//3360 2849//2822 3388//3361
f 3387//3360 3388//3361 454//453
f 454//453 3388//3361 455//454
f 2855//2828 3389//3362 2853//2826
f 2853//2826 3389//3362 3388//3361
f 2853//2826 3388//3361 2848//2821
f 2848//2821 3388//3361 2849//2822
f 2855//2828 2857//2830 3389//3362
f 3389//3362 2857//2830 3390//3363
f 3389//3362 3390//3363 462//461
f 462//461 3390//3363 463//462
f 2861//2834 3391//3364 2859//2832
f 2859//2832 3391//3364 3390//3363
f 2859//2832 3390//3363 2858//2831
f 2858//2831 3390//3363 2857//2830
f 2861//2834 2867//2840 3391//3364
f 3391//3364 2867//2840 3392//3365
f 3391//3364 3392//3365 467//466
f 467//466 3392//3365 469//468
f 2863//2836 3393//3366 2864//2837
f 2864//2837 3393//3366 3392//3365
f 2864//2837 3392//3365 2866//2839
f 2866//2839 3392//3365 2867//2840
f 2863//2836 2868//2841 3393//3366
f 3393//3366 2868//2841 3395//3368
f 3393//3366 3395//3368 476//475
f 476//475 3395//3368 477//476
f 2868//2841 2870//2843 3395//3368
f 3395//3368 2870//2843 2874//2847
f 3395//3368 2874//2847 3394//3367
f 3394//3367 2874//2847 2873//2846
f 3394//3367 2873//2846 3396//3369
f 2873//2846 2872//2845 3396//3369
f 3396//3369 2872//2845 2875//2848
f 3396//3369 2875//2848 3361//3334
f 3361//3334 2875//2848 2877//2850
f 2877//2850 2879//2852 3361//3334
f 3361//3334 2879//2852 3397//3370
f 3361//3334 3397//3370 490//489
f 490//489 3397//3370 491//490
f 2879//2852 2880//2853 3397//3370
f 3397//3370 2880//2853 2881//2854
f 3397//3370 2881//2854 3398//3371
f 3398//3371 2881//2854 2883//2856
f 3398//3371 2883//2856 2885//2858
f 2885//2858 2886//2859 3398//3371
f 3398//3371 2886//2859 3353//3326
f 3398//3371 3353//3326 498//497
f 498//497 3353//3326 499//498
f 2887//2860 2889//2862 3353//3326
f 3353//3326 2889//2862 3352//3325
f 3353//3326 3352//3325 322//321
f 322//321 3352//3325 321//320
f 2891//2864 2892//2865 3352//3325
f 3352//3325 2892//2865 3351//3324
f 3352//3325 3351//3324 321//320
f 321//320 3351//3324 504//503
f 2894//2867 2893//2866 3351//3324
f 3351//3324 2893//2866 3399//3372
f 3351//3324 3399//3372 508//507
f 508//507 3399//3372 505//504
f 2893//2866 2896//2869 3399//3372
f 3399//3372 2896//2869 2895//2868
f 3399//3372 2895//2868 3400//3373
f 3400//3373 2895//2868 2899//2872
f 3400//3373 2899//2872 3401//3374
f 2905//2878 3402//3375 2906//2879
f 2906//2879 3402//3375 3401//3374
f 2906//2879 3401//3374 2901//2874
f 2901//2874 3401//3374 2899//2872
f 2905//2878 2903//2876 3402//3375
f 3402//3375 2903//2876 3403//3376
f 3402//3375 3403//3376 517//516
f 517//516 3403//3376 518//517
f 2909//2882 3404//3377 2907//2880
f 2907//2880 3404//3377 3403//3376
f 2907//2880 3403//3376 2902//2875
f 2902//2875 3403//3376 2903//2876
f 2909//2882 2911//2884 3404//3377
f 3404//3377 2911//2884 3406//3379
f 3404//3377 3406//3379 520//519
f 520//519 3406//3379 521//520
f 2915//2888 3405//3378 2913//2886
f 2913//2886 3405//3378 3406//3379
f 2913//2886 3406//3379 2912//2885
f 2912//2885 3406//3379 2911//2884
f 2915//2888 2921//2894 3405//3378
f 3405//3378 2921//2894 3407//3380
f 3405//3378 3407//3380 528//527
f 528//527 3407//3380 529//528
f 2917//2890 3408//3381 2918//2891
f 2918//2891 3408//3381 3407//3380
f 2918//2891 3407//3380 2920//2893
f 2920//2893 3407//3380 2921//2894
f 2917//2890 2922//2895 3408//3381
f 3408//3381 2922//2895 3410//3383
f 3408//3381 3410//3383 536//535
f 536//535 3410//3383 537//536
f 2927//2900 3409//3382 2926//2899
f 2926//2899 3409//3382 3410//3383
f 2926//2899 3410//3383 2924//2897
f 2924//2897 3410//3383 2922//2895
f 2927//2900 2928//2901 3409//3382
f 3409//3382 2928//2901 3413//3386
f 3409//3382 3413//3386 541//540
f 541//540 3413//3386 544//543
f 2928//2901 2930//2903 3413//3386
f 3413//3386 2930//2903 2934//2907
f 3413//3386 2934//2907 3412//3385
f 3412//3385 2934//2907 2933//2906
f 3412//3385 2933//2906 3411//3384
f 2933//2906 2932//2905 3411//3384
f 3411//3384 2932//2905 2935//2908
f 3411//3384 2935//2908 3414//3387
f 3414//3387 2935//2908 2937//2910
f 2937//2910 2939//2912 3414//3387
f 3414//3387 2939//2912 3416//3389
f 3414//3387 3416//3389 558//557
f 558//557 3416//3389 559//558
f 2939//2912 2940//2913 3416//3389
f 3416//3389 2940//2913 2941//2914
f 3416//3389 2941//2914 3415//3388
f 3415//3388 2941//2914 2943//2916
f 3415//3388 2943//2916 2945//2918
f 2945//2918 2946//2919 3415//3388
f 3415//3388 2946//2919 3350//3323
f 3415//3388 3350//3323 563//562
f 563//562 3350//3323 565//564
f 2948//2921 2947//2920 3350//3323
f 3350//3323 2947//2920 3349//3322
f 3350//3323 3349//3322 570//569
f 570//569 3349//3322 572//571
f 2949//2922 2951//2924 3349//3322
f 3349//3322 2951//2924 3348//3321
f 3349//3322 3348//3321 572//571
f 572//571 3348//3321 574//573
f 2953//2926 2957//2930 3348//3321
f 3348//3321 2957//2930 3417//3390
f 3348//3321 3417//3390 576//575
f 576//575 3417//3390 577//576
f 2957//2930 2956//2929 3417//3390
f 3417//3390 2956//2929 2960//2933
f 3417//3390 2960//2933 3418//3391
f 3418//3391 2960//2933 2959//2932
f 3418//3391 2959//2932 3420//3393
f 2963//2936 3419//3392 2961//2934
f 2961//2934 3419//3392 3420//3393
f 2961//2934 3420//3393 2958//2931
f 2958//2931 3420//3393 2959//2932
f 2963//2936 2965//2938 3419//3392
f 3419//3392 2965//2938 3422//3395
f 3419//3392 3422//3395 589//588
f 589//588 3422//3395 591//590
f 2969//2942 3421//3394 2967//2940
f 2967//2940 3421//3394 3422//3395
f 2967//2940 3422//3395 2966//2939
f 2966//2939 3422//3395 2965//2938
f 2969//2942 2975//2948 3421//3394
f 3421//3394 2975//2948 3423//3396
f 3421//3394 3423//3396 595//594
f 595//594 3423//3396 596//595
f 2971//2944 3424//3397 2972//2945
f 2972//2945 3424//3397 3423//3396
f 2972//2945 3423//3396 2974//2947
f 2974//2947 3423//3396 2975//2948
f 2971//2944 2976//2949 3424//3397
f 3424//3397 2976//2949 3425//3398
f 3424//3397 3425//3398 602//601
f 602//601 3425//3398 604//603
f 2981//2954 3426//3399 2980//2953
f 2980//2953 3426//3399 3425//3398
f 2980//2953 3425//3398 2978//2951
f 2978//2951 3425//3398 2976//2949
f 2981//2954 2982//2955 3426//3399
f 3426//3399 2982//2955 3428//3401
f 3426//3399 3428//3401 611//610
f 611//610 3428//3401 613//612
f 2987//2960 3427//3400 2986//2959
f 2986//2959 3427//3400 3428//3401
f 2986//2959 3428//3401 2984//2957
f 2984//2957 3428//3401 2982//2955
f 2987//2960 2988//2961 3427//3400
f 3427//3400 2988//2961 3429//3402
f 3427//3400 3429//3402 617//616
f 617//616 3429//3402 619//618
f 2988//2961 2990//2963 3429//3402
f 3429//3402 2990//2963 2994//2967
f 3429//3402 2994//2967 3430//3403
f 3430//3403 2994//2967 2993//2966
f 3430//3403 2993//2966 3432//3405
f 2993//2966 2992//2965 3432//3405
f 3432//3405 2992//2965 2995//2968
f 3432//3405 2995//2968 3431//3404
f 3431//3404 2995//2968 2997//2970
f 2997//2970 2999//2972 3431//3404
f 3431//3404 2999//2972 3433//3406
f 3431//3404 3433//3406 630//629
f 630//629 3433//3406 639//638
f 2999//2972 3000//2973 3433//3406
f 3433//3406 3000//2973 3002//2975
f 3433//3406 3002//2975 3360//3333
f 3360//3333 3002//2975 3001//2974
f 3360//3333 3001//2974 3006//2979
f 3006//2979 3008//2981 3360//3333
f 3360//3333 3008//2981 3347//3320
f 3360//3333 3347//3320 633//632
f 633//632 3347//3320 631//630
f 3009//2982 3005//2978 3347//3320
f 3347//3320 3005//2978 3346//3319
f 3347//3320 3346//3319 309//308
f 309//308 3346//3319 642//641
f 3014//2987 3013//2986 3346//3319
f 3346//3319 3013//2986 3345//3318
f 3346//3319 3345//3318 643//642
f 643//642 3345//3318 645//644
f 3011//2984 3010//2983 3345//3318
f 3345//3318 3010//2983 3434//3407
f 3345//3318 3434//3407 645//644
f 645//644 3434//3407 647//646
f 3024//2997 3359//3332 3015//2988
f 3015//2988 3359//3332 3435//3408
f 3015//2988 3435//3408 3016//2989
f 3016//2989 3435//3408 3434//3407
f 3016//2989 3434//3407 3018//2991
f 3018//2991 3434//3407 3010//2983
f 3024//2997 3023//2996 3359//3332
f 3359//3332 3023//2996 3436//3409
f 3359//3332 3436//3409 658//657
f 658//657 3436//3409 660//659
f 3028//3001 3437//3410 3029//3002
f 3029//3002 3437//3410 3436//3409
f 3029//3002 3436//3409 3021//2994
f 3021//2994 3436//3409 3023//2996
f 3028//3001 3026//2999 3437//3410
f 3437//3410 3026//2999 3438//3411
f 3437//3410 3438//3411 666//665
f 666//665 3438//3411 667//666
f 3032//3005 3439//3412 3030//3003
f 3030//3003 3439//3412 3438//3411
f 3030//3003 3438//3411 3025//2998
f 3025//2998 3438//3411 3026//2999
f 3032//3005 3034//3007 3439//3412
f 3439//3412 3034//3007 3440//3413
f 3439//3412 3440//3413 671//670
f 671//670 3440//3413 674//673
f 3038//3011 3358//3331 3036//3009
f 3036//3009 3358//3331 3440//3413
f 3036//3009 3440//3413 3035//3008
f 3035//3008 3440//3413 3034//3007
f 3038//3011 3040//3013 3358//3331
f 3358//3331 3040//3013 3441//3414
f 3358//3331 3441//3414 680//679
f 680//679 3441//3414 682//681
f 3044//3017 3442//3415 3042//3015
f 3042//3015 3442//3415 3441//3414
f 3042//3015 3441//3414 3041//3014
f 3041//3014 3441//3414 3040//3013
f 3044//3017 3046//3019 3442//3415
f 3442//3415 3046//3019 3443//3416
f 3442//3415 3443//3416 688//687
f 688//687 3443//3416 689//688
f 3046//3019 3047//3020 3443//3416
f 3443//3416 3047//3020 3048//3021
f 3443//3416 3048//3021 3444//3417
f 3444//3417 3048//3021 3050//3023
f 3444//3417 3050//3023 3445//3418
f 3445//3418 3050//3023 3054//3027
f 3054//3027 3053//3026 3445//3418
f 3445//3418 3053//3026 3447//3420
f 3445//3418 3447//3420 704//703
f 704//703 3447//3420 706//705
f 3053//3026 3052//3025 3447//3420
f 3447//3420 3052//3025 3058//3031
f 3447//3420 3058//3031 3446//3419
f 3446//3419 3058//3031 3056//3029
f 3056//3029 3063//3036 3446//3419
f 3446//3419 3063//3036 3448//3421
f 3446//3419 3448//3421 710//709
f 710//709 3448//3421 712//711
f 3063//3036 3062//3035 3448//3421
f 3448//3421 3062//3035 3060//3033
f 3448//3421 3060//3033 3449//3422
f 3449//3422 3060//3033 3059//3032
f 3449//3422 3059//3032 3064//3037
f 3064//3037 3066//3039 3449//3422
f 3449//3422 3066//3039 3344//3317
f 3449//3422 3344//3317 695//694
f 695//694 3344//3317 693//692
f 3068//3041 3069//3042 3344//3317
f 3344//3317 3069//3042 3343//3316
f 3344//3317 3343//3316 693//692
f 693//692 3343//3316 751//750
f 3070//3043 3072//3045 3343//3316
f 3343//3316 3072//3045 3342//3315
f 3343//3316 3342//3315 749//748
f 749//748 3342//3315 747//746
f 3074//3047 3081//3054 3342//3315
f 3342//3315 3081//3054 3450//3423
f 3342//3315 3450//3423 743//742
f 743//742 3450//3423 741//740
f 3075//3048 3452//3425 3076//3049
f 3076//3049 3452//3425 3451//3424
f 3076//3049 3451//3424 3078//3051
f 3078//3051 3451//3424 3450//3423
f 3078//3051 3450//3423 3080//3053
f 3080//3053 3450//3423 3081//3054
f 3075//3048 2791//2764 3452//3425
f 3452//3425 2791//2764 3454//3427
f 3452//3425 3454//3427 736//735
f 736//735 3454//3427 737//736
f 3084//3057 3453//3426 3082//3055
f 3082//3055 3453//3426 3454//3427
f 3082//3055 3454//3427 2790//2763
f 2790//2763 3454//3427 2791//2764
f 3084//3057 3086//3059 3453//3426
f 3453//3426 3086//3059 3455//3428
f 3453//3426 3455//3428 730//729
f 730//729 3455//3428 731//730
f 3090//3063 3357//3330 3088//3061
f 3088//3061 3357//3330 3455//3428
f 3088//3061 3455//3428 3087//3060
f 3087//3060 3455//3428 3086//3059
f 3090//3063 3092//3065 3357//3330
f 3357//3330 3092//3065 3456//3429
f 3357//3330 3456//3429 725//724
f 725//724 3456//3429 723//722
f 3096//3069 3457//3430 3094//3067
f 3094//3067 3457//3430 3456//3429
f 3094//3067 3456//3429 3093//3066
f 3093//3066 3456//3429 3092//3065
f 3096//3069 3098//3071 3457//3430
f 3457//3430 3098//3071 3372//3345
f 3457//3430 3372//3345 719//718
f 719//718 3372//3345 718//717
f 3102//3075 3363//3336 3100//3073
f 3100//3073 3363//3336 3372//3345
f 3100//3073 3372//3345 3099//3072
f 3099//3072 3372//3345 3098//3071
f 3102//3075 3104//3077 3363//3336
f 3363//3336 3104//3077 3373//3346
f 3363//3336 3373//3346 1351//1324
f 1351//1324 3373//3346 1352//1325
f 3104//3077 3105//3078 3373//3346
f 3373//3346 3105//3078 3106//3079
f 3373//3346 3106//3079 3374//3347
f 3374//3347 3106//3079 3108//3081
f 3374//3347 3108//3081 3375//3348
f 3108//3081 3110//3083 3375//3348
f 3375//3348 3110//3083 3115//3088
f 3375//3348 3115//3088 3376//3349
f 3376//3349 3115//3088 3114//3087
f 3114//3087 3112//3085 3376//3349
f 3376//3349 3112//3085 3377//3350
f 3376//3349 3377//3350 1408//1381
f 1408//1381 3377//3350 1409//1382
f 1423//1396 1422//1395 3121//3094
f 3121//3094 1422//1395 1472//1445
f 3121//3094 1472//1445 3120//3093
f 3120//3093 1472//1445 1471//1444
f 3120//3093 1471//1444 3118//3091
f 3118//3091 1471//1444 1470//1443
f 3118//3091 1470//1443 3116//3089
f 3116//3089 1470//1443 3377//3350
f 3116//3089 3377//3350 3111//3084
f 3111//3084 3377//3350 3112//3085
f 3329//3302 3326//3299 3458//3431
f 3459//3432 3460//3433 3310//3283
f 3293//3266 3290//3263 3461//3434
f 1460//1433 1459//1432 711//710
f 3143//3116 3142//3115 1308//1281
f 1327//1300 1296//1269 3462//3435
f 3462//3435 1296//1269 1295//1268
f 1295//1268 1294//1267 3463//3436
f 3463//3436 1294//1267 1293//1266
f 3463//3436 1293//1266 3464//3437
f 3465//3438 1329//1302 3462//3435
f 3462//3435 1329//1302 1328//1301
f 3462//3435 1328//1301 1327//1300
f 1310//1283 1309//1282 3466//3439
f 3466//3439 1309//1282 1325//1298
f 3466//3439 1325//1298 3465//3438
f 3465//3438 1325//1298 1326//1299
f 3465//3438 1326//1299 1329//1302
f 1317//1290 1324//1297 3467//3440
f 3467//3440 1324//1297 1323//1296
f 3467//3440 1323//1296 3466//3439
f 3466//3439 1323//1296 1322//1295
f 3466//3439 1322//1295 1310//1283
f 1321//1294 1320//1293 3468//3441
f 3468//3441 1320//1293 1319//1292
f 3468//3441 1319//1292 1318//1291
f 1308//1281 1307//1280 3143//3116
f 3143//3116 1307//1280 1306//1279
f 3143//3116 1306//1279 3144//3117
f 3144//3117 1306//1279 1305//1278
f 3144//3117 1305//1278 3145//3118
f 3140//3113 1278//1251 3141//3114
f 3141//3114 1278//1251 1291//1264
f 3141//3114 1291//1264 3142//3115
f 3142//3115 1291//1264 1292//1265
f 3142//3115 1292//1265 1308//1281
f 3138//3111 3137//3110 1290//1263
f 1290//1263 1289//1262 3138//3111
f 3138//3111 1289//1262 1288//1261
f 3138//3111 1288//1261 3139//3112
f 3139//3112 1288//1261 1276//1249
f 3139//3112 1276//1249 3140//3113
f 3140//3113 1276//1249 1277//1250
f 3140//3113 1277//1250 1278//1251
f 1261//1234 1260//1233 2804//2777
f 2804//2777 1260//1233 1259//1232
f 2804//2777 1259//1232 2805//2778
f 2805//2778 1259//1232 1264//1237
f 2805//2778 1264//1237 3136//3109
f 3136//3109 1264//1237 1234//1207
f 3136//3109 1234//1207 3137//3110
f 3137//3110 1234//1207 1233//1206
f 3137//3110 1233//1206 1290//1263
f 3469//3442 1415//1388 1414//1387
f 3469//3442 1414//1387 3470//3443
f 3470//3443 1414//1387 1394//1367
f 3470//3443 1394//1367 2793//2766
f 1426//1399 1418//1391 3471//3444
f 3471//3444 1418//1391 1417//1390
f 3471//3444 1417//1390 3469//3442
f 3469//3442 1417//1390 1416//1389
f 3469//3442 1416//1389 1415//1388
f 3472//3445 1432//1405 1431//1404
f 3472//3445 1431//1404 3473//3446
f 1431//1404 1430//1403 3473//3446
f 3473//3446 1430//1403 1429//1402
f 3473//3446 1429//1402 3471//3444
f 3471//3444 1429//1402 1427//1400
f 3471//3444 1427//1400 1426//1399
f 1435//1408 1434//1407 3472//3445
f 3472//3445 1434//1407 1433//1406
f 3472//3445 1433//1406 1432//1405
f 3474//3447 3475//3448 1436//1409
f 1436//1409 3475//3448 1476//1449
f 1474//1447 1478//1451 3475//3448
f 3475//3448 1478//1451 1477//1450
f 3475//3448 1477//1450 1476//1449
f 711//710 1459//1432 709//708
f 709//708 1459//1432 1480//1453
f 709//708 1480//1453 707//706
f 1460//1433 711//710 1489//1462
f 1489//1462 711//710 713//712
f 1489//1462 713//712 1490//1463
f 1490//1463 713//712 696//695
f 1490//1463 696//695 1491//1464
f 752//751 1486//1459 753//752
f 753//752 1486//1459 1481//1454
f 753//752 1481//1454 694//693
f 694//693 1481//1454 1482//1455
f 694//693 1482//1455 696//695
f 696//695 1482//1455 1483//1456
f 696//695 1483//1456 1491//1464
f 750//749 1484//1457 752//751
f 752//751 1484//1457 1485//1458
f 752//751 1485//1458 1486//1459
f 742//741 1487//1460 744//743
f 744//743 1487//1460 1488//1461
f 744//743 1488//1461 746//745
f 746//745 1488//1461 1494//1467
f 746//745 1494//1467 748//747
f 748//747 1494//1467 1493//1466
f 748//747 1493//1466 750//749
f 750//749 1493//1466 1492//1465
f 750//749 1492//1465 1484//1457
f 3153//3126 3150//3123 3467//3440
f 3467//3440 3150//3123 3468//3441
f 3467//3440 3468//3441 1317//1290
f 1317//1290 3468//3441 1318//1291
f 1305//1278 1332//1305 3145//3118
f 3145//3118 1332//1305 1331//1304
f 3145//3118 1331//1304 3146//3119
f 3146//3119 1331//1304 1330//1303
f 3146//3119 1330//1303 3147//3120
f 3147//3120 1330//1303 1321//1294
f 3147//3120 1321//1294 3148//3121
f 3148//3121 1321//1294 3468//3441
f 3148//3121 3468//3441 3149//3122
f 3149//3122 3468//3441 3150//3123
f 3153//3126 3467//3440 3152//3125
f 3152//3125 3467//3440 3466//3439
f 3152//3125 3466//3439 3151//3124
f 3151//3124 3466//3439 3465//3438
f 3151//3124 3465//3438 3154//3127
f 3154//3127 3465//3438 3157//3130
f 3157//3130 3465//3438 3462//3435
f 3157//3130 3462//3435 3156//3129
f 1295//1268 3463//3436 3462//3435
f 3462//3435 3463//3436 3155//3128
f 3462//3435 3155//3128 3156//3129
f 3464//3437 3161//3134 3463//3436
f 3463//3436 3161//3134 3158//3131
f 3463//3436 3158//3131 3155//3128
f 3165//3138 3162//3135 3476//3449
f 3476//3449 3162//3135 3159//3132
f 3476//3449 3159//3132 3464//3437
f 3464//3437 3159//3132 3160//3133
f 3464//3437 3160//3133 3161//3134
f 3164//3137 3477//3450 3163//3136
f 3163//3136 3477//3450 3478//3451
f 3169//3142 3168//3141 3479//3452
f 3479//3452 3168//3141 3167//3140
f 3479//3452 3167//3140 3478//3451
f 3478//3451 3167//3140 3166//3139
f 3478//3451 3166//3139 3163//3136
f 3480//3453 2787//2760 3481//3454
f 3481//3454 2787//2760 3170//3143
f 3173//3146 3172//3145 3482//3455
f 3482//3455 3172//3145 3171//3144
f 3482//3455 3171//3144 3480//3453
f 3480//3453 3171//3144 2788//2761
f 3480//3453 2788//2761 2787//2760
f 3483//3456 3175//3148 3484//3457
f 3484//3457 3175//3148 3174//3147
f 3179//3152 3178//3151 3485//3458
f 3485//3458 3178//3151 3177//3150
f 3485//3458 3177//3150 3483//3456
f 3483//3456 3177//3150 3176//3149
f 3483//3456 3176//3149 3175//3148
f 3486//3459 3181//3154 3487//3460
f 3487//3460 3181//3154 3180//3153
f 3185//3158 3184//3157 3488//3461
f 3488//3461 3184//3157 3183//3156
f 3488//3461 3183//3156 3486//3459
f 3486//3459 3183//3156 3182//3155
f 3486//3459 3182//3155 3181//3154
f 3489//3462 3490//3463 3188//3161
f 3491//3464 3186//3159 3490//3463
f 3490//3463 3186//3159 3187//3160
f 3490//3463 3187//3160 3188//3161
f 3190//3163 3191//3164 3492//3465
f 3492//3465 3191//3164 3192//3165
f 3492//3465 3192//3165 3491//3464
f 3491//3464 3192//3165 3189//3162
f 3491//3464 3189//3162 3186//3159
f 3193//3166 3493//3466 3196//3169
f 3196//3169 3493//3466 3494//3467
f 3495//3468 3194//3167 3494//3467
f 3494//3467 3194//3167 3195//3168
f 3494//3467 3195//3168 3196//3169
f 3496//3469 3200//3173 3495//3468
f 3495//3468 3200//3173 3197//3170
f 3495//3468 3197//3170 3194//3167
f 3497//3470 3198//3171 3496//3469
f 3496//3469 3198//3171 3199//3172
f 3496//3469 3199//3172 3200//3173
f 3204//3177 3203//3176 3498//3471
f 3498//3471 3203//3176 3202//3175
f 3498//3471 3202//3175 3497//3470
f 3497//3470 3202//3175 3201//3174
f 3497//3470 3201//3174 3198//3171
f 3499//3472 3500//3473 3206//3179
f 3205//3178 3501//3474 2784//2757
f 2784//2757 3501//3474 3499//3472
f 2784//2757 3499//3472 2785//2758
f 2785//2758 3499//3472 3206//3179
f 3502//3475 3503//3476 3210//3183
f 3210//3183 3209//3182 3502//3475
f 3502//3475 3209//3182 3208//3181
f 3502//3475 3208//3181 3500//3473
f 3500//3473 3208//3181 3207//3180
f 3500//3473 3207//3180 3206//3179
f 3214//3187 3213//3186 3504//3477
f 3504//3477 3213//3186 3212//3185
f 3504//3477 3212//3185 3503//3476
f 3503//3476 3212//3185 3211//3184
f 3503//3476 3211//3184 3210//3183
f 3505//3478 3506//3479 3218//3191
f 3215//3188 3507//3480 3216//3189
f 3216//3189 3507//3480 3505//3478
f 3216//3189 3505//3478 3217//3190
f 3217//3190 3505//3478 3218//3191
f 3508//3481 3223//3196 3509//3482
f 3509//3482 3223//3196 3220//3193
f 3509//3482 3220//3193 3506//3479
f 3506//3479 3220//3193 3219//3192
f 3506//3479 3219//3192 3218//3191
f 3227//3200 3224//3197 3510//3483
f 3510//3483 3224//3197 3221//3194
f 3510//3483 3221//3194 3508//3481
f 3508//3481 3221//3194 3222//3195
f 3508//3481 3222//3195 3223//3196
f 3226//3199 3511//3484 3225//3198
f 3225//3198 3511//3484 3512//3485
f 3513//3486 3231//3204 3512//3485
f 3512//3485 3231//3204 3228//3201
f 3512//3485 3228//3201 3225//3198
f 3514//3487 3229//3202 3513//3486
f 3513//3486 3229//3202 3230//3203
f 3513//3486 3230//3203 3231//3204
f 3515//3488 3235//3208 3514//3487
f 3514//3487 3235//3208 3232//3205
f 3514//3487 3232//3205 3229//3202
f 3239//3212 3236//3209 3516//3489
f 3516//3489 3236//3209 3233//3206
f 3516//3489 3233//3206 3515//3488
f 3515//3488 3233//3206 3234//3207
f 3515//3488 3234//3207 3235//3208
f 3517//3490 2781//2754 3518//3491
f 3518//3491 2781//2754 3237//3210
f 3518//3491 3237//3210 3519//3492
f 3519//3492 3237//3210 3238//3211
f 3520//3493 3521//3494 3242//3215
f 3242//3215 3241//3214 3520//3493
f 3520//3493 3241//3214 3240//3213
f 3520//3493 3240//3213 3517//3490
f 3517//3490 3240//3213 2782//2755
f 3517//3490 2782//2755 2781//2754
f 3246//3219 3245//3218 3522//3495
f 3522//3495 3245//3218 3244//3217
f 3522//3495 3244//3217 3521//3494
f 3521//3494 3244//3217 3243//3216
f 3521//3494 3243//3216 3242//3215
f 3523//3496 3248//3221 3524//3497
f 3524//3497 3248//3221 3247//3220
f 3525//3498 3526//3499 3252//3225
f 3252//3225 3251//3224 3525//3498
f 3525//3498 3251//3224 3250//3223
f 3525//3498 3250//3223 3523//3496
f 3523//3496 3250//3223 3249//3222
f 3523//3496 3249//3222 3248//3221
f 3255//3228 3256//3229 3527//3500
f 3527//3500 3256//3229 3257//3230
f 3527//3500 3257//3230 3528//3501
f 3528//3501 3257//3230 3254//3227
f 3528//3501 3254//3227 3526//3499
f 3526//3499 3254//3227 3253//3226
f 3526//3499 3253//3226 3252//3225
f 3258//3231 3529//3502 3261//3234
f 3261//3234 3529//3502 3530//3503
f 3265//3238 3262//3235 3531//3504
f 3531//3504 3262//3235 3259//3232
f 3531//3504 3259//3232 3530//3503
f 3530//3503 3259//3232 3260//3233
f 3530//3503 3260//3233 3261//3234
f 3264//3237 3532//3505 3263//3236
f 3263//3236 3532//3505 3533//3506
f 3267//3240 3268//3241 3534//3507
f 3534//3507 3268//3241 3269//3242
f 3534//3507 3269//3242 3533//3506
f 3533//3506 3269//3242 3266//3239
f 3533//3506 3266//3239 3263//3236
f 3270//3243 3535//3508 3273//3246
f 3273//3246 3535//3508 3536//3509
f 3273//3246 3536//3509 3272//3245
f 3272//3245 3536//3509 3271//3244
f 3271//3244 3536//3509 3537//3510
f 3271//3244 3537//3510 3274//3247
f 3538//3511 3276//3249 3539//3512
f 3539//3512 3276//3249 3275//3248
f 3280//3253 3279//3252 3540//3513
f 3540//3513 3279//3252 3278//3251
f 3540//3513 3278//3251 3538//3511
f 3538//3511 3278//3251 3277//3250
f 3538//3511 3277//3250 3276//3249
f 3541//3514 3282//3255 3542//3515
f 3542//3515 3282//3255 3281//3254
f 3286//3259 3285//3258 3543//3516
f 3543//3516 3285//3258 3284//3257
f 3543//3516 3284//3257 3541//3514
f 3541//3514 3284//3257 3283//3256
f 3541//3514 3283//3256 3282//3255
f 3544//3517 3288//3261 3545//3518
f 3545//3518 3288//3261 3287//3260
f 3461//3434 3290//3263 3544//3517
f 3544//3517 3290//3263 3289//3262
f 3544//3517 3289//3262 3288//3261
f 3292//3265 3546//3519 3291//3264
f 3291//3264 3546//3519 3547//3520
f 3295//3268 3296//3269 3548//3521
f 3548//3521 3296//3269 3297//3270
f 3548//3521 3297//3270 3547//3520
f 3547//3520 3297//3270 3294//3267
f 3547//3520 3294//3267 3291//3264
f 3298//3271 3549//3522 3301//3274
f 3301//3274 3549//3522 3550//3523
f 3305//3278 3302//3275 3551//3524
f 3551//3524 3302//3275 3299//3272
f 3551//3524 3299//3272 3550//3523
f 3550//3523 3299//3272 3300//3273
f 3550//3523 3300//3273 3301//3274
f 3304//3277 3552//3525 3303//3276
f 3303//3276 3552//3525 3553//3526
f 3307//3280 3308//3281 3554//3527
f 3554//3527 3308//3281 3309//3282
f 3554//3527 3309//3282 3553//3526
f 3553//3526 3309//3282 3306//3279
f 3553//3526 3306//3279 3303//3276
f 3314//3287 3313//3286 3555//3528
f 3555//3528 3313//3286 3312//3285
f 3555//3528 3312//3285 3460//3433
f 3460//3433 3312//3285 3311//3284
f 3460//3433 3311//3284 3310//3283
f 3556//3529 3316//3289 3557//3530
f 3557//3530 3316//3289 3315//3288
f 3320//3293 3319//3292 3558//3531
f 3558//3531 3319//3292 3318//3291
f 3558//3531 3318//3291 3556//3529
f 3556//3529 3318//3291 3317//3290
f 3556//3529 3317//3290 3316//3289
f 3559//3532 3322//3295 3560//3533
f 3560//3533 3322//3295 3321//3294
f 3458//3431 3326//3299 3561//3534
f 3326//3299 3325//3298 3561//3534
f 3561//3534 3325//3298 3324//3297
f 3561//3534 3324//3297 3559//3532
f 3559//3532 3324//3297 3323//3296
f 3559//3532 3323//3296 3322//3295
f 3328//3301 3562//3535 3327//3300
f 3327//3300 3562//3535 3563//3536
f 3564//3537 3333//3306 3563//3536
f 3563//3536 3333//3306 3330//3303
f 3563//3536 3330//3303 3327//3300
f 3565//3538 3331//3304 3564//3537
f 3564//3537 3331//3304 3332//3305
f 3564//3537 3332//3305 3333//3306
f 3566//3539 3337//3310 3565//3538
f 3565//3538 3337//3310 3334//3307
f 3565//3538 3334//3307 3331//3304
f 3339//3312 3338//3311 3567//3540
f 3567//3540 3338//3311 3335//3308
f 3567//3540 3335//3308 3566//3539
f 3566//3539 3335//3308 3336//3309
f 3566//3539 3336//3309 3337//3310
f 3340//3313 3568//3541 3341//3314
f 3341//3314 3568//3541 3569//3542
f 3570//3543 2823//2796 3569//3542
f 3569//3542 2823//2796 2824//2797
f 3569//3542 2824//2797 3341//3314
f 3571//3544 2826//2799 3572//3545
f 3572//3545 2826//2799 2795//2768
f 3572//3545 2795//2768 3570//3543
f 3570//3543 2795//2768 2825//2798
f 3570//3543 2825//2798 2823//2796
f 2829//2802 2828//2801 3573//3546
f 3573//3546 2828//2801 2827//2800
f 3573//3546 2827//2800 3571//3544
f 3571//3544 2827//2800 2794//2767
f 3571//3544 2794//2767 2826//2799
f 1293//1266 323//322 3464//3437
f 3464//3437 323//322 325//324
f 3464//3437 325//324 3476//3449
f 3476//3449 325//324 326//325
f 3476//3449 326//325 327//326
f 327//326 329//328 3476//3449
f 3476//3449 329//328 3477//3450
f 3476//3449 3477//3450 3165//3138
f 3165//3138 3477//3450 3164//3137
f 332//331 3479//3452 334//333
f 334//333 3479//3452 3478//3451
f 334//333 3478//3451 335//334
f 335//334 3478//3451 3477//3450
f 335//334 3477//3450 336//335
f 336//335 3477//3450 329//328
f 332//331 331//330 3479//3452
f 3479//3452 331//330 3481//3454
f 3479//3452 3481//3454 3169//3142
f 3169//3142 3481//3454 3170//3143
f 331//330 337//336 3481//3454
f 3481//3454 337//336 339//338
f 3481//3454 339//338 3480//3453
f 3480//3453 339//338 340//339
f 3480//3453 340//339 3482//3455
f 3482//3455 340//339 342//341
f 3482//3455 342//341 350//349
f 350//349 349//348 3482//3455
f 3482//3455 349//348 3484//3457
f 3482//3455 3484//3457 3173//3146
f 3173//3146 3484//3457 3174//3147
f 412//411 3485//3458 413//412
f 413//412 3485//3458 3483//3456
f 413//412 3483//3456 345//344
f 345//344 3483//3456 3484//3457
f 345//344 3484//3457 348//347
f 348//347 3484//3457 349//348
f 412//411 410//409 3485//3458
f 3485//3458 410//409 3487//3460
f 3485//3458 3487//3460 3179//3152
f 3179//3152 3487//3460 3180//3153
f 410//409 408//407 3487//3460
f 3487//3460 408//407 406//405
f 3487//3460 406//405 3486//3459
f 3486//3459 406//405 404//403
f 3486//3459 404//403 3488//3461
f 3488//3461 404//403 402//401
f 3488//3461 402//401 400//399
f 400//399 398//397 3488//3461
f 3488//3461 398//397 3489//3462
f 3488//3461 3489//3462 3185//3158
f 3185//3158 3489//3462 3188//3161
f 398//397 396//395 3489//3462
f 3489//3462 396//395 394//393
f 3489//3462 394//393 3490//3463
f 3490//3463 394//393 392//391
f 3490//3463 392//391 3491//3464
f 386//385 3492//3465 388//387
f 388//387 3492//3465 3491//3464
f 388//387 3491//3464 390//389
f 390//389 3491//3464 392//391
f 386//385 384//383 3492//3465
f 3492//3465 384//383 3493//3466
f 3492//3465 3493//3466 3190//3163
f 3190//3163 3493//3466 3193//3166
f 384//383 382//381 3493//3466
f 3493//3466 382//381 380//379
f 3493//3466 380//379 3494//3467
f 3494//3467 380//379 378//377
f 3494//3467 378//377 3495//3468
f 3495//3468 378//377 376//375
f 376//375 374//373 3495//3468
f 3495//3468 374//373 372//371
f 3495//3468 372//371 3496//3469
f 3496//3469 372//371 370//369
f 3496//3469 370//369 3497//3470
f 364//363 3498//3471 366//365
f 366//365 3498//3471 3497//3470
f 366//365 3497//3470 368//367
f 368//367 3497//3470 370//369
f 364//363 362//361 3498//3471
f 3498//3471 362//361 3501//3474
f 3498//3471 3501//3474 3204//3177
f 3204//3177 3501//3474 3205//3178
f 362//361 360//359 3501//3474
f 3501//3474 360//359 358//357
f 3501//3474 358//357 3499//3472
f 3499//3472 358//357 356//355
f 3499//3472 356//355 3500//3473
f 3500//3473 356//355 354//353
f 354//353 352//351 3500//3473
f 3500//3473 352//351 351//350
f 3500//3473 351//350 3502//3475
f 3502//3475 351//350 416//415
f 3502//3475 416//415 3503//3476
f 422//421 3504//3477 420//419
f 420//419 3504//3477 3503//3476
f 420//419 3503//3476 418//417
f 418//417 3503//3476 416//415
f 422//421 424//423 3504//3477
f 3504//3477 424//423 3507//3480
f 3504//3477 3507//3480 3214//3187
f 3214//3187 3507//3480 3215//3188
f 424//423 426//425 3507//3480
f 3507//3480 426//425 428//427
f 3507//3480 428//427 3505//3478
f 3505//3478 428//427 430//429
f 3505//3478 430//429 3506//3479
f 3506//3479 430//429 432//431
f 432//431 434//433 3506//3479
f 3506//3479 434//433 435//434
f 3506//3479 435//434 3509//3482
f 3509//3482 435//434 438//437
f 3509//3482 438//437 3508//3481
f 444//443 3510//3483 442//441
f 442//441 3510//3483 3508//3481
f 442//441 3508//3481 439//438
f 439//438 3508//3481 438//437
f 444//443 446//445 3510//3483
f 3510//3483 446//445 3511//3484
f 3510//3483 3511//3484 3227//3200
f 3227//3200 3511//3484 3226//3199
f 446//445 448//447 3511//3484
f 3511//3484 448//447 450//449
f 3511//3484 450//449 3512//3485
f 3512//3485 450//449 451//450
f 3512//3485 451//450 3513//3486
f 3513//3486 451//450 453//452
f 453//452 456//455 3513//3486
f 3513//3486 456//455 457//456
f 3513//3486 457//456 3514//3487
f 3514//3487 457//456 460//459
f 3514//3487 460//459 3515//3488
f 465//464 3516//3489 464//463
f 464//463 3516//3489 3515//3488
f 464//463 3515//3488 461//460
f 461//460 3515//3488 460//459
f 465//464 468//467 3516//3489
f 3516//3489 468//467 3519//3492
f 3516//3489 3519//3492 3239//3212
f 3239//3212 3519//3492 3238//3211
f 468//467 470//469 3519//3492
f 3519//3492 470//469 472//471
f 3519//3492 472//471 3518//3491
f 3518//3491 472//471 474//473
f 3518//3491 474//473 3517//3490
f 3517//3490 474//473 475//474
f 475//474 478//477 3517//3490
f 3517//3490 478//477 479//478
f 3517//3490 479//478 3520//3493
f 3520//3493 479//478 482//481
f 3520//3493 482//481 3521//3494
f 487//486 3522//3495 485//484
f 485//484 3522//3495 3521//3494
f 485//484 3521//3494 483//482
f 483//482 3521//3494 482//481
f 487//486 489//488 3522//3495
f 3522//3495 489//488 3524//3497
f 3522//3495 3524//3497 3246//3219
f 3246//3219 3524//3497 3247//3220
f 489//488 492//491 3524//3497
f 3524//3497 492//491 494//493
f 3524//3497 494//493 3523//3496
f 3523//3496 494//493 495//494
f 3523//3496 495//494 3525//3498
f 3525//3498 495//494 497//496
f 497//496 500//499 3525//3498
f 3525//3498 500//499 320//319
f 3525//3498 320//319 3526//3499
f 3526//3499 320//319 319//318
f 3526//3499 319//318 3528//3501
f 507//506 3527//3500 502//501
f 502//501 3527//3500 3528//3501
f 502//501 3528//3501 503//502
f 503//502 3528//3501 319//318
f 507//506 506//505 3527//3500
f 3527//3500 506//505 3529//3502
f 3527//3500 3529//3502 3255//3228
f 3255//3228 3529//3502 3258//3231
f 506//505 509//508 3529//3502
f 3529//3502 509//508 317//316
f 3529//3502 317//316 3530//3503
f 3530//3503 317//316 316//315
f 3530//3503 316//315 3531//3504
f 3531//3504 316//315 512//511
f 3531//3504 512//511 514//513
f 514//513 516//515 3531//3504
f 3531//3504 516//515 3532//3505
f 3531//3504 3532//3505 3265//3238
f 3265//3238 3532//3505 3264//3237
f 522//521 3534//3507 524//523
f 524//523 3534//3507 3533//3506
f 524//523 3533//3506 315//314
f 315//314 3533//3506 3532//3505
f 315//314 3532//3505 519//518
f 519//518 3532//3505 516//515
f 522//521 523//522 3534//3507
f 3534//3507 523//522 3535//3508
f 3534//3507 3535//3508 3267//3240
f 3267//3240 3535//3508 3270//3243
f 523//522 525//524 3535//3508
f 3535//3508 525//524 527//526
f 3535//3508 527//526 3536//3509
f 3536//3509 527//526 530//529
f 3536//3509 530//529 3537//3510
f 3537//3510 530//529 531//530
f 3537//3510 531//530 534//533
f 534//533 535//534 3537//3510
f 3537//3510 535//534 3539//3512
f 3537//3510 3539//3512 3274//3247
f 3274//3247 3539//3512 3275//3248
f 543//542 3540//3513 542//541
f 542//541 3540//3513 3538//3511
f 542//541 3538//3511 539//538
f 539//538 3538//3511 3539//3512
f 539//538 3539//3512 538//537
f 538//537 3539//3512 535//534
f 543//542 545//544 3540//3513
f 3540//3513 545//544 3542//3515
f 3540//3513 3542//3515 3280//3253
f 3280//3253 3542//3515 3281//3254
f 545//544 547//546 3542//3515
f 3542//3515 547//546 549//548
f 3542//3515 549//548 3541//3514
f 3541//3514 549//548 551//550
f 3541//3514 551//550 3543//3516
f 3543//3516 551//550 553//552
f 3543//3516 553//552 555//554
f 555//554 557//556 3543//3516
f 3543//3516 557//556 3545//3518
f 3543//3516 3545//3518 3286//3259
f 3286//3259 3545//3518 3287//3260
f 566//565 3461//3434 564//563
f 564//563 3461//3434 3544//3517
f 564//563 3544//3517 562//561
f 562//561 3544//3517 3545//3518
f 562//561 3545//3518 560//559
f 560//559 3545//3518 557//556
f 566//565 568//567 3461//3434
f 3461//3434 568//567 3546//3519
f 3461//3434 3546//3519 3293//3266
f 3293//3266 3546//3519 3292//3265
f 568//567 569//568 3546//3519
f 3546//3519 569//568 571//570
f 3546//3519 571//570 3547//3520
f 3547//3520 571//570 573//572
f 3547//3520 573//572 3548//3521
f 3548//3521 573//572 575//574
f 3548//3521 575//574 578//577
f 578//577 311//310 3548//3521
f 3548//3521 311//310 3549//3522
f 3548//3521 3549//3522 3295//3268
f 3295//3268 3549//3522 3298//3271
f 585//584 3551//3524 583//582
f 583//582 3551//3524 3550//3523
f 583//582 3550//3523 581//580
f 581//580 3550//3523 3549//3522
f 581//580 3549//3522 310//309
f 310//309 3549//3522 311//310
f 585//584 586//585 3551//3524
f 3551//3524 586//585 3552//3525
f 3551//3524 3552//3525 3305//3278
f 3305//3278 3552//3525 3304//3277
f 586//585 588//587 3552//3525
f 3552//3525 588//587 590//589
f 3552//3525 590//589 3553//3526
f 3553//3526 590//589 592//591
f 3553//3526 592//591 3554//3527
f 3554//3527 592//591 594//593
f 3554//3527 594//593 597//596
f 597//596 599//598 3554//3527
f 3554//3527 599//598 3459//3432
f 3554//3527 3459//3432 3307//3280
f 3307//3280 3459//3432 3310//3283
f 607//606 3555//3528 605//604
f 605//604 3555//3528 3460//3433
f 605//604 3460//3433 603//602
f 603//602 3460//3433 3459//3432
f 603//602 3459//3432 601//600
f 601//600 3459//3432 599//598
f 607//606 609//608 3555//3528
f 3555//3528 609//608 3557//3530
f 3555//3528 3557//3530 3314//3287
f 3314//3287 3557//3530 3315//3288
f 609//608 610//609 3557//3530
f 3557//3530 610//609 612//611
f 3557//3530 612//611 3556//3529
f 3556//3529 612//611 614//613
f 3556//3529 614//613 3558//3531
f 3558//3531 614//613 616//615
f 3558//3531 616//615 618//617
f 618//617 620//619 3558//3531
f 3558//3531 620//619 3560//3533
f 3558//3531 3560//3533 3320//3293
f 3320//3293 3560//3533 3321//3294
f 620//619 623//622 3560//3533
f 3560//3533 623//622 625//624
f 3560//3533 625//624 3559//3532
f 3559//3532 625//624 627//626
f 3559//3532 627//626 3561//3534
f 640//639 3458//3431 641//640
f 641//640 3458//3431 3561//3534
f 641//640 3561//3534 629//628
f 629//628 3561//3534 627//626
f 640//639 638//637 3458//3431
f 3458//3431 638//637 3562//3535
f 3458//3431 3562//3535 3329//3302
f 3329//3302 3562//3535 3328//3301
f 638//637 636//635 3562//3535
f 3562//3535 636//635 634//633
f 3562//3535 634//633 3563//3536
f 3563//3536 634//633 632//631
f 3563//3536 632//631 3564//3537
f 3564//3537 632//631 308//307
f 308//307 307//306 3564//3537
f 3564//3537 307//306 644//643
f 3564//3537 644//643 3565//3538
f 3565//3538 644//643 646//645
f 3565//3538 646//645 3566//3539
f 651//650 3567//3540 650//649
f 650//649 3567//3540 3566//3539
f 650//649 3566//3539 648//647
f 648//647 3566//3539 646//645
f 651//650 653//652 3567//3540
f 3567//3540 653//652 3568//3541
f 3567//3540 3568//3541 3339//3312
f 3339//3312 3568//3541 3340//3313
f 653//652 655//654 3568//3541
f 3568//3541 655//654 657//656
f 3568//3541 657//656 3569//3542
f 3569//3542 657//656 659//658
f 3569//3542 659//658 3570//3543
f 3570//3543 659//658 661//660
f 661//660 663//662 3570//3543
f 3570//3543 663//662 665//664
f 3570//3543 665//664 3572//3545
f 3572//3545 665//664 668//667
f 3572//3545 668//667 3571//3544
f 673//672 3573//3546 672//671
f 672//671 3573//3546 3571//3544
f 672//671 3571//3544 670//669
f 670//669 3571//3544 668//667
f 673//672 675//674 3573//3546
f 3573//3546 675//674 3470//3443
f 3573//3546 3470//3443 2829//2802
f 2829//2802 3470//3443 2793//2766
f 675//674 677//676 3470//3443
f 3470//3443 677//676 679//678
f 3470//3443 679//678 3469//3442
f 3469//3442 679//678 681//680
f 3469//3442 681//680 3471//3444
f 3471//3444 681//680 683//682
f 692//691 3472//3445 690//689
f 690//689 3472//3445 3473//3446
f 690//689 3473//3446 687//686
f 687//686 3473//3446 3471//3444
f 687//686 3471//3444 685//684
f 685//684 3471//3444 683//682
f 692//691 697//696 3472//3445
f 3472//3445 697//696 3474//3447
f 3472//3445 3474//3447 1435//1408
f 1435//1408 3474//3447 1436//1409
f 1480//1453 1479//1452 707//706
f 707//706 1479//1452 1475//1448
f 707//706 1475//1448 705//704
f 705//704 1475//1448 1474//1447
f 705//704 1474//1447 703//702
f 703//702 1474//1447 3475//3448
f 703//702 3475//3448 701//700
f 701//700 3475//3448 3474//3447
f 701//700 3474//3447 699//698
f 699//698 3474//3447 697//696
f 120//119 119//118 3574//3547
f 3574//3547 3575//3548 120//119
f 120//119 3575//3548 3576//3549
f 120//119 3576//3549 121//120
f 121//120 3576//3549 3577//3550
f 121//120 3577//3550 122//121
f 122//121 3577//3550 3578//3551
f 122//121 3578//3551 123//122
f 123//122 3578//3551 3579//3552
f 123//122 3579//3552 125//124
f 125//124 3579//3552 3580//3553
f 125//124 3580//3553 128//127
f 128//127 3580//3553 3581//3554
f 128//127 3581//3554 130//129
f 130//129 3581//3554 3582//3555
f 130//129 3582//3555 131//130
f 131//130 3582//3555 3583//3556
f 131//130 3583//3556 132//131
f 132//131 3583//3556 3584//3557
f 132//131 3584//3557 137//136
f 137//136 3584//3557 3585//3558
f 137//136 3585//3558 138//137
f 138//137 3585//3558 3586//3559
f 138//137 3586//3559 139//138
f 139//138 3586//3559 3587//3560
f 139//138 3587//3560 140//139
f 140//139 3587//3560 3588//3561
f 140//139 3588//3561 141//140
f 141//140 3588//3561 3589//3562
f 141//140 3589//3562 142//141
f 142//141 3589//3562 3590//3563
f 142//141 3590//3563 136//135
f 136//135 3590//3563 3591//3564
f 136//135 3591//3564 133//132
f 133//132 3591//3564 3592//3565
f 133//132 3592//3565 134//133
f 134//133 3592//3565 3593//3566
f 134//133 3593//3566 143//142
f 143//142 3593//3566 3594//3567
f 143//142 3594//3567 144//143
f 144//143 3594//3567 3595//3568
f 144//143 3595//3568 146//145
f 146//145 3595//3568 3596//3569
f 146//145 3596//3569 147//146
f 147//146 3596//3569 3597//3570
f 147//146 3597//3570 148//147
f 148//147 3597//3570 101//100
f 101//100 3597//3570 3598//3571
f 101//100 3598//3571 102//101
f 119//118 118//117 3574//3547
f 3574//3547 118//117 117//116
f 3574//3547 117//116 3599//3572
f 3599//3572 117//116 115//114
f 3599//3572 115//114 3600//3573
f 3600//3573 115//114 114//113
f 3600//3573 114//113 3601//3574
f 3601//3574 114//113 113//112
f 3601//3574 113//112 3602//3575
f 3602//3575 113//112 112//111
f 3602//3575 112//111 3603//3576
f 3603//3576 112//111 111//110
f 3603//3576 111//110 3604//3577
f 3604//3577 111//110 110//109
f 3604//3577 110//109 3605//3578
f 3605//3578 110//109 109//108
f 3605//3578 109//108 3606//3579
f 3606//3579 109//108 108//107
f 3606//3579 108//107 3607//3580
f 3607//3580 108//107 107//106
f 3607//3580 107//106 3608//3581
f 3608//3581 107//106 105//104
f 3608//3581 105//104 3609//3582
f 3609//3582 105//104 104//103
f 3609//3582 104//103 3610//3583
f 3610//3583 104//103 102//101
f 3610//3583 102//101 3611//3584
f 3611//3584 102//101 3598//3571
f 3598//3571 3597//3570 3612//1784
f 3598//3571 3612//1784 3611//3584
f 3608//3581 3609//3582 3612//1784
f 3612//1784 3609//3582 3610//3583
f 3612//1784 3610//3583 3611//3584
f 3605//3578 3606//3579 3612//1784
f 3612//1784 3606//3579 3607//3580
f 3612//1784 3607//3580 3608//3581
f 3602//3575 3603//3576 3612//1784
f 3612//1784 3603//3576 3604//3577
f 3612//1784 3604//3577 3605//3578
f 3599//3572 3600//3573 3612//1784
f 3612//1784 3600//3573 3601//3574
f 3612//1784 3601//3574 3602//3575
f 3576//3549 3575//3548 3612//1784
f 3612//1784 3575//3548 3574//3547
f 3612//1784 3574//3547 3599//3572
f 3579//3552 3578//3551 3612//1784
f 3612//1784 3578//3551 3577//3550
f 3612//1784 3577//3550 3576//3549
f 3582//3555 3581//3554 3612//1784
f 3612//1784 3581//3554 3580//3553
f 3612//1784 3580//3553 3579//3552
f 3585//3558 3584//3557 3612//1784
f 3612//1784 3584//3557 3583//3556
f 3612//1784 3583//3556 3582//3555
f 3588//3561 3587//3560 3612//1784
f 3612//1784 3587//3560 3586//3559
f 3612//1784 3586//3559 3585//3558
f 3591//3564 3590//3563 3612//1784
f 3612//1784 3590//3563 3589//3562
f 3612//1784 3589//3562 3588//3561
f 3594//3567 3593//3566 3612//1784
f 3612//1784 3593//3566 3592//3565
f 3612//1784 3592//3565 3591//3564
f 3597//3570 3596//3569 3612//1784
f 3612//1784 3596//3569 3595//3568
f 3612//1784 3595//3568 3594//3567
f 51//51 1347//1320 1346//1319
f 3613//3585 45//45 3614//756
f 3614//756 45//45 46//46
f 3614//756 46//46 3615//757
f 3615//757 46//46 86//85
f 3615//757 86//85 3616//758
f 3616//758 86//85 85//84
f 3616//758 85//84 3617//753
f 3617//753 85//84 83//58
f 3617//753 83//58 3618//754
f 3618//754 83//58 52//52
f 3618//754 52//52 3619//3586
f 3620//3587 3621//3588 1548//1521
f 1548//1521 1550//1523 3620//3587
f 3620//3587 1550//1523 1552//1525
f 3620//3587 1552//1525 3613//3585
f 3613//3585 1552//1525 43//43
f 3613//3585 43//43 45//45
f 3622//3589 3623//3590 1534//1507
f 1534//1507 1555//1528 3622//3589
f 3622//3589 1555//1528 1554//1527
f 3622//3589 1554//1527 3621//3588
f 3621//3588 1554//1527 1553//1526
f 3621//3588 1553//1526 1548//1521
f 3624//3591 1539//1512 3625//3592
f 3625//3592 1539//1512 1537//1510
f 3625//3592 1537//1510 3623//3590
f 3623//3590 1537//1510 1535//1508
f 3623//3590 1535//1508 1534//1507
f 3626//3593 1541//1514 3624//3591
f 3624//3591 1541//1514 1540//1513
f 3624//3591 1540//1513 1539//1512
f 3627//3594 1544//1517 3626//3593
f 3626//3593 1544//1517 1542//1515
f 3626//3593 1542//1515 1541//1514
f 3628//3595 1547//1520 3629//3596
f 3629//3596 1547//1520 1546//1519
f 3629//3596 1546//1519 3627//3594
f 3627//3594 1546//1519 1545//1518
f 3627//3594 1545//1518 1544//1517
f 3630//3597 1501//1474 3628//3595
f 3628//3595 1501//1474 1533//1506
f 3628//3595 1533//1506 1547//1520
f 3631//3598 1//1 3632//3599
f 3632//3599 1//1 1510//1483
f 3632//3599 1510//1483 3633//776
f 3633//776 1510//1483 1509//1482
f 3633//776 1509//1482 3634//771
f 3634//771 1509//1482 1507//1480
f 3634//771 1507//1480 3635//772
f 3635//772 1507//1480 1505//1478
f 3635//772 1505//1478 3636//773
f 3636//773 1505//1478 1504//1477
f 3636//773 1504//1477 3630//3597
f 3630//3597 1504//1477 1502//1475
f 3630//3597 1502//1475 1501//1474
f 52//52 51//51 3619//3586
f 3619//3586 51//51 1346//1319
f 3619//3586 1346//1319 3637//790
f 3637//790 1346//1319 1343//1316
f 3637//790 1343//1316 3638//786
f 3638//786 1343//1316 1341//1314
f 3638//786 1341//1314 3639//787
f 3639//787 1341//1314 1398//1371
f 3639//787 1398//1371 3640//788
f 3640//788 1398//1371 1379//1352
f 3640//788 1379//1352 3641//783
f 3641//783 1379//1352 1377//1350
f 3641//783 1377//1350 3642//784
f 3642//784 1377//1350 1375//1348
f 3642//784 1375//1348 3643//785
f 3643//785 1375//1348 1389//1362
f 3643//785 1389//1362 3644//780
f 3644//780 1389//1362 1391//1364
f 3644//780 1391//1364 3645//781
f 3645//781 1391//1364 1393//1366
f 3645//781 1393//1366 3646//782
f 3646//782 1393//1366 1395//1368
f 3646//782 1395//1368 3647//777
f 3647//777 1395//1368 1413//1386
f 3647//777 1413//1386 3648//778
f 3648//778 1413//1386 1428//1401
f 3648//778 1428//1401 3649//779
f 3649//779 1428//1401 1473//1446
f 3649//779 1473//1446 3631//3598
f 3631//3598 1473//1446 1458//1431
f 3631//3598 1458//1431 1//1
f 1//1 1458//1431 2//2
f 3617//753 3618//754 3650//755
f 3614//756 3615//757 3650//755
f 3650//755 3615//757 3616//758
f 3650//755 3616//758 3617//753
f 3621//3588 3620//3587 3650//755
f 3650//755 3620//3587 3613//3585
f 3650//755 3613//3585 3614//756
f 3625//3592 3623//3590 3650//755
f 3650//755 3623//3590 3622//3589
f 3650//755 3622//3589 3621//3588
f 3627//3594 3626//3593 3650//755
f 3650//755 3626//3593 3624//3591
f 3650//755 3624//3591 3625//3592
f 3630//3597 3628//3595 3650//755
f 3650//755 3628//3595 3629//3596
f 3650//755 3629//3596 3627//3594
f 3634//771 3635//772 3650//755
f 3650//755 3635//772 3636//773
f 3650//755 3636//773 3630//3597
f 3631//3598 3632//3599 3650//755
f 3650//755 3632//3599 3633//776
f 3650//755 3633//776 3634//771
f 3647//777 3648//778 3650//755
f 3650//755 3648//778 3649//779
f 3650//755 3649//779 3631//3598
f 3644//780 3645//781 3650//755
f 3650//755 3645//781 3646//782
f 3650//755 3646//782 3647//777
f 3641//783 3642//784 3650//755
f 3650//755 3642//784 3643//785
f 3650//755 3643//785 3644//780
f 3638//786 3639//787 3650//755
f 3650//755 3639//787 3640//788
f 3650//755 3640//788 3641//783
f 3618//754 3619//3586 3650//755
f 3650//755 3619//3586 3637//790
f 3650//755 3637//790 3638//786
f 42//42 41//41 1372//1345
f 3651//3600 3652//772 1512//1485
f 1512//1485 3652//772 1511//1484
f 3652//772 3653//3601 1511//1484
f 1511//1484 3653//3601 3654//3602
f 1511//1484 3654//3602 1515//1488
f 1515//1488 3654//3602 3655//3603
f 1515//1488 3655//3603 1516//1489
f 1516//1489 3655//3603 3656//775
f 1516//1489 3656//775 1496//1469
f 1496//1469 3656//775 3657//774
f 1496//1469 3657//774 1498//1471
f 1498//1471 3657//774 3658//3604
f 1498//1471 3658//3604 1499//1472
f 1499//1472 3658//3604 1566//1539
f 3658//3604 3659//3605 1566//1539
f 1566//1539 3659//3605 3660//3606
f 1566//1539 3660//3606 1568//1541
f 3661//3607 1570//1543 3660//3606
f 3660//3606 1570//1543 1569//1542
f 3660//3606 1569//1542 1568//1541
f 3662//3608 3663//3609 1575//1548
f 1575//1548 1574//1547 3662//3608
f 3662//3608 1574//1547 1573//1546
f 3662//3608 1573//1546 3661//3607
f 3661//3607 1573//1546 1571//1544
f 3661//3607 1571//1544 1570//1543
f 3664//3610 1561//1534 3665//3611
f 3665//3611 1561//1534 1577//1550
f 3665//3611 1577//1550 3663//3609
f 3663//3609 1577//1550 1576//1549
f 3663//3609 1576//1549 1575//1548
f 3666//3612 1564//1537 3664//3610
f 3664//3610 1564//1537 1562//1535
f 3664//3610 1562//1535 1561//1534
f 3667//3613 1560//1533 3666//3612
f 3666//3612 1560//1533 1565//1538
f 3666//3612 1565//1538 1564//1537
f 3668//3614 1556//1529 3667//3613
f 3667//3613 1556//1529 1558//1531
f 3667//3613 1558//1531 1560//1533
f 3669//3615 48//48 3668//3614
f 3668//3614 48//48 1532//1505
f 3668//3614 1532//1505 1556//1529
f 3670//3616 62//62 3671//3617
f 3671//3617 62//62 60//60
f 3671//3617 60//60 3672//753
f 3672//753 60//60 58//58
f 3672//753 58//58 3673//754
f 3673//754 58//58 56//56
f 3673//754 56//56 3674//789
f 3674//789 56//56 54//54
f 3674//789 54//54 3675//790
f 3675//790 54//54 53//53
f 3675//790 53//53 3669//3615
f 3669//3615 53//53 49//49
f 3669//3615 49//49 48//48
f 1512//1485 42//42 3651//3600
f 3651//3600 42//42 1372//1345
f 3651//3600 1372//1345 3676//768
f 3676//768 1372//1345 1373//1346
f 3676//768 1373//1346 3677//769
f 3677//769 1373//1346 1384//1357
f 3677//769 1384//1357 3678//770
f 3678//770 1384//1357 1385//1358
f 3678//770 1385//1358 3679//765
f 3679//765 1385//1358 1386//1359
f 3679//765 1386//1359 3680//766
f 3680//766 1386//1359 1338//1311
f 3680//766 1338//1311 3681//767
f 3681//767 1338//1311 1339//1312
f 3681//767 1339//1312 3682//762
f 3682//762 1339//1312 1333//1306
f 3682//762 1333//1306 3683//763
f 3683//763 1333//1306 1335//1308
f 3683//763 1335//1308 3684//764
f 3684//764 1335//1308 1337//1310
f 3684//764 1337//1310 3685//759
f 3685//759 1337//1310 1353//1326
f 3685//759 1353//1326 3686//760
f 3686//760 1353//1326 1371//1344
f 3686//760 1371//1344 3687//761
f 3687//761 1371//1344 1405//1378
f 3687//761 1405//1378 3688//756
f 3688//756 1405//1378 1361//1334
f 3688//756 1361//1334 3670//3616
f 3670//3616 1361//1334 1354//1327
f 3670//3616 1354//1327 62//62
f 62//62 1354//1327 1359//1332
f 3654//3602 3653//3601 3689//755
f 3654//3602 3689//755 3655//3603
f 3658//3604 3657//774 3689//755
f 3689//755 3657//774 3656//775
f 3689//755 3656//775 3655//3603
f 3661//3607 3660//3606 3689//755
f 3689//755 3660//3606 3659//3605
f 3689//755 3659//3605 3658//3604
f 3665//3611 3663//3609 3689//755
f 3689//755 3663//3609 3662//3608
f 3689//755 3662//3608 3661//3607
f 3667//3613 3666//3612 3689//755
f 3689//755 3666//3612 3664//3610
f 3689//755 3664//3610 3665//3611
f 3675//790 3669//3615 3689//755
f 3689//755 3669//3615 3668//3614
f 3689//755 3668//3614 3667//3613
f 3672//753 3673//754 3689//755
f 3689//755 3673//754 3674//789
f 3689//755 3674//789 3675//790
f 3688//756 3670//3616 3689//755
f 3689//755 3670//3616 3671//3617
f 3689//755 3671//3617 3672//753
f 3685//759 3686//760 3689//755
f 3689//755 3686//760 3687//761
f 3689//755 3687//761 3688//756
f 3682//762 3683//763 3689//755
f 3689//755 3683//763 3684//764
f 3689//755 3684//764 3685//759
f 3679//765 3680//766 3689//755
f 3689//755 3680//766 3681//767
f 3689//755 3681//767 3682//762
f 3676//768 3677//769 3689//755
f 3689//755 3677//769 3678//770
f 3689//755 3678//770 3679//765
f 3653//3601 3652//772 3689//755
f 3689//755 3652//772 3651//3600
f 3689//755 3651//3600 3676//768
# Vertices: 3689, normals: 3617, texture coordinates: 0, faces: 7374

