# File generated by ImageToStl.com - Free Image and 3D model conversion tools

o obj1
v -26.5068 -25.0926 11.8
v -26.5068 -25.0926 -24.7
v -25.5872 -24.173 11.8
v -25.5872 -24.173 -24.7
v -24.173 -25.5872 -24.7
v -24.173 -25.5872 11.8
v -24.6533 -25.1248 -24.7
v -24.6533 -25.1248 11.8
v -25.1248 -24.6533 -24.7
v -25.1248 -24.6533 11.8
v -25.0926 -26.5068 11.8
v -25.0926 -26.5068 -24.7
v -25.5872 24.173 11.8
v -25.5872 24.173 -24.7
v -26.5068 25.0926 11.8
v -26.5068 25.0926 -24.7
v -25.1248 24.6533 -24.7
v -25.1248 24.6533 11.8
v -24.6533 25.1248 -24.7
v -24.6533 25.1248 11.8
v -24.173 25.5872 -24.7
v -24.173 25.5872 11.8
v -25.0926 26.5068 11.8
v -25.0926 26.5068 -24.7
v 25.5872 -24.173 -24.7
v 25.5872 -24.173 11.8
v 25.1248 -24.6533 -24.7
v 25.1248 -24.6533 11.8
v 24.6533 -25.1248 -24.7
v 24.6533 -25.1248 11.8
v 24.173 -25.5872 -24.7
v 24.173 -25.5872 11.8
v 26.5068 -25.0926 11.8
v 26.5068 -25.0926 -24.7
v 25.0926 -26.5068 11.8
v 25.0926 -26.5068 -24.7
v 24.173 25.5872 11.8
v 24.173 25.5872 -24.7
v 25.0926 26.5068 11.8
v 25.0926 26.5068 -24.7
v 24.6533 25.1248 -24.7
v 24.6533 25.1248 11.8
v 25.1248 24.6533 -24.7
v 25.1248 24.6533 11.8
v 25.5872 24.173 -24.7
v 25.5872 24.173 11.8
v 26.5068 25.0926 11.8
v 26.5068 25.0926 -24.7
v -24.1039 -27.409 11.8
v -23.3068 -28.0899 -24.7
v -23.0827 -28.2743 11.8
v -22.0306 -29.1016 11.8
v -21.4214 -29.5529 -24.7
v -22.0306 -29.1016 13.3
v -20.4205 -30.2531 13.3
v -19.4445 -30.8895 -24.7
v -18.7505 -31.3156 13.3
v -17.3844 -32.0941 -24.7
v -17.0253 -32.2861 13.3
v -15.25 -33.1615 -24.7
v -15.25 -33.1615 13.3
v -27.409 24.1039 11.8
v -28.0899 23.3068 -24.7
v -28.2743 23.0827 11.8
v -29.1016 22.0306 11.8
v -29.5529 21.4215 -24.7
v -29.1016 22.0306 13.3
v -30.2531 20.4205 13.3
v -30.8895 19.4445 -24.7
v -31.3156 18.7505 13.3
v -32.0941 17.3844 -24.7
v -32.2861 17.0253 13.3
v -33.1615 15.25 -24.7
v -33.1615 15.25 13.3
v 27.409 -24.1039 11.8
v 28.0899 -23.3068 -24.7
v 28.2743 -23.0827 11.8
v 29.1016 -22.0306 11.8
v 29.5529 -21.4214 -24.7
v 29.1016 -22.0306 13.3
v 30.2531 -20.4205 13.3
v 30.8895 -19.4445 -24.7
v 31.3156 -18.7505 13.3
v 32.0941 -17.3844 -24.7
v 32.2861 -17.0253 13.3
v 33.1615 -15.25 -24.7
v 33.1615 -15.25 13.3
v 24.1039 27.409 11.8
v 23.3068 28.0899 -24.7
v 23.0827 28.2743 11.8
v 22.0306 29.1016 11.8
v 21.4214 29.5529 -24.7
v 22.0306 29.1016 13.3
v 20.4205 30.2531 13.3
v 19.4445 30.8895 -24.7
v 18.7505 31.3156 13.3
v 17.3844 32.0941 -24.7
v 17.0253 32.2861 13.3
v 15.25 33.1615 -24.7
v 15.25 33.1615 13.3
v 2.4274 0.5983 -24.7
v 11.8963 2.6099 -24.7
v 2.5 0 -24.7
v 11.5875 3.7874 -24.7
v 2.2136 1.1618 -24.7
v 11.4318 4.9948 -24.7
v 1.8713 1.6578 -24.7
v 11.4318 6.2121 -24.7
v 1.4202 2.0575 -24.7
v 11.5875 7.4194 -24.7
v 0.8865 2.3375 -24.7
v 11.8963 8.597 -24.7
v 0.3013 2.4818 -24.7
v -6.4779 14.0545 -24.7
v -6.7025 12.9254 -24.7
v 12.3531 9.7253 -24.7
v -6.4026 15.2032 -24.7
v 12.9505 10.786 -24.7
v -6.4779 16.3519 -24.7
v 13.6786 11.7616 -24.7
v -6.7025 17.4809 -24.7
v 17.4902 20.7076 -24.7
v 17.4902 21.436 -24.7
v 14.5254 12.6361 -24.7
v 17.6369 19.9941 -24.7
v 15.4772 13.3951 -24.7
v 17.9241 19.3247 -24.7
v 16.5182 14.0261 -24.7
v 18.3403 18.7268 -24.7
v 17.6313 14.5189 -24.7
v 18.8682 18.225 -24.7
v 18.7983 14.8652 -24.7
v 19.4864 17.8397 -24.7
v 20.0001 15.0595 -24.7
v 20.1694 17.5867 -24.7
v 20.8894 17.4764 -24.7
v 21.2168 15.0986 -24.7
v 21.6169 17.5133 -24.7
v 22.4285 14.9817 -24.7
v 22.3221 17.6959 -24.7
v 23.6153 14.7108 -24.7
v 22.976 18.0167 -24.7
v 23.5521 18.4625 -24.7
v 24.7577 14.2904 -24.7
v 24.0265 19.0152 -24.7
v 25.837 13.7273 -24.7
v 30.8895 19.4445 -24.7
v 32.0941 17.3844 -24.7
v 26.8354 13.0308 -24.7
v 27.7366 12.2124 -24.7
v 33.1615 15.25 -24.7
v 28.5257 11.2855 -24.7
v 29.1898 10.2653 -24.7
v 29.718 9.1685 -24.7
v 30.1016 8.0131 -24.7
v 30.3343 6.8183 -24.7
v 30.4123 5.6034 -24.7
v 30.3343 4.3886 -24.7
v 30.1016 3.1937 -24.7
v 29.718 2.0384 -24.7
v -7.0725 11.8354 -24.7
v -0.3013 2.4818 -24.7
v -7.5817 10.8029 -24.7
v -0.8865 2.3375 -24.7
v -8.2212 9.8458 -24.7
v -1.4202 2.0575 -24.7
v -8.9803 8.9803 -24.7
v -1.8713 1.6578 -24.7
v -9.8458 8.2212 -24.7
v -2.2136 1.1618 -24.7
v -10.8029 7.5817 -24.7
v -2.4274 0.5983 -24.7
v -12.6348 -0.9416 -24.7
v -2.5 0 -24.7
v -12.1066 -2.0384 -24.7
v -2.4274 -0.5983 -24.7
v -11.723 -3.1937 -24.7
v -2.2136 -1.1618 -24.7
v -11.4903 -4.3886 -24.7
v -1.8713 -1.6578 -24.7
v -11.4123 -5.6034 -24.7
v -1.4202 -2.0575 -24.7
v -11.4903 -6.8183 -24.7
v -0.8865 -2.3375 -24.7
v -11.723 -8.0131 -24.7
v 6.3436 -13.6272 -24.7
v -12.1066 -9.1685 -24.7
v 6.119 -14.7562 -24.7
v -12.6348 -10.2652 -24.7
v 6.0437 -15.9049 -24.7
v -13.2989 -11.2855 -24.7
v 6.119 -17.0536 -24.7
v -14.088 -12.2124 -24.7
v 6.3436 -18.1827 -24.7
v -17.4718 -21.0718 -24.7
v -17.5455 -21.7965 -24.7
v -17.5455 -20.3471 -24.7
v -14.9891 -13.0308 -24.7
v -17.7635 -19.6521 -24.7
v -15.9876 -13.7273 -24.7
v -18.117 -19.0152 -24.7
v -17.0668 -14.2903 -24.7
v -18.5915 -18.4625 -24.7
v -18.2093 -14.7108 -24.7
v -19.1675 -18.0167 -24.7
v -19.3961 -14.9817 -24.7
v -19.8215 -17.6959 -24.7
v -20.5266 -17.5133 -24.7
v -20.6078 -15.0985 -24.7
v -21.2541 -17.4764 -24.7
v -21.8245 -15.0595 -24.7
v -21.9741 -17.5867 -24.7
v -23.0262 -14.8652 -24.7
v -22.6572 -17.8397 -24.7
v -23.2754 -18.225 -24.7
v -24.1933 -14.5189 -24.7
v -23.8033 -18.7268 -24.7
v -25.3064 -14.0261 -24.7
v -24.2194 -19.3247 -24.7
v -30.8895 -19.4445 -24.7
v -24.5067 -19.9941 -24.7
v -29.5529 -21.4214 -24.7
v -24.6533 -20.7076 -24.7
v -24.6533 -21.436 -24.7
v -28.0899 -23.3068 -24.7
v -24.5067 -22.1495 -24.7
v -13.2989 0.0786 -24.7
v -11.8354 7.0725 -24.7
v -14.088 1.0056 -24.7
v -12.9254 6.7025 -24.7
v -14.9891 1.824 -24.7
v -14.0545 6.4779 -24.7
v -15.9876 2.5204 -24.7
v -15.2032 6.4026 -24.7
v -17.0668 3.0835 -24.7
v -16.3519 6.4779 -24.7
v -18.2093 3.5039 -24.7
v -17.4809 6.7025 -24.7
v -19.3961 3.7748 -24.7
v -18.571 7.0725 -24.7
v -20.6078 3.8917 -24.7
v -19.6035 7.5817 -24.7
v -21.8245 3.8527 -24.7
v -20.5606 8.2212 -24.7
v -23.0262 3.6584 -24.7
v -21.4261 8.9803 -24.7
v -22.486 10.0401 -24.7
v -0.3013 -2.4818 -24.7
v 6.7136 -12.5371 -24.7
v 0.3013 -2.4818 -24.7
v 7.2227 -11.5046 -24.7
v 0.8865 -2.3375 -24.7
v 7.8623 -10.5475 -24.7
v 1.4202 -2.0575 -24.7
v 8.6213 -9.682 -24.7
v 1.8713 -1.6578 -24.7
v 9.682 -8.6213 -24.7
v 2.2136 -1.1618 -24.7
v 10.5475 -7.8623 -24.7
v 2.4274 -0.5983 -24.7
v 11.5046 -7.2227 -24.7
v 12.9505 0.4209 -24.7
v 13.6786 -0.5547 -24.7
v 12.5371 -6.7136 -24.7
v 14.5254 -1.4292 -24.7
v 13.6272 -6.3436 -24.7
v 15.4772 -2.1882 -24.7
v 14.7562 -6.119 -24.7
v 16.5182 -2.8193 -24.7
v 15.9049 -6.0437 -24.7
v 17.6313 -3.312 -24.7
v 17.0536 -6.119 -24.7
v 18.7983 -3.6584 -24.7
v 18.1827 -6.3436 -24.7
v 20.0001 -3.8527 -24.7
v 19.2727 -6.7136 -24.7
v 21.2168 -3.8917 -24.7
v 20.3052 -7.2227 -24.7
v 22.4285 -3.7748 -24.7
v 21.2623 -7.8623 -24.7
v 22.1278 -8.6213 -24.7
v 12.3531 1.4815 -24.7
v 24.5981 21.7965 -24.7
v 28.0899 23.3068 -24.7
v 24.6718 21.0718 -24.7
v 24.38 22.4915 -24.7
v 24.0265 23.1284 -24.7
v 23.5521 23.681 -24.7
v 22.976 24.1269 -24.7
v 22.3221 24.4477 -24.7
v 21.6169 24.6303 -24.7
v 20.8894 24.6672 -24.7
v 20.1694 24.5569 -24.7
v 19.4864 24.3039 -24.7
v 18.8682 23.9186 -24.7
v 18.3403 23.4167 -24.7
v 17.9241 22.8189 -24.7
v 17.6369 22.1495 -24.7
v -7.5817 19.6035 -24.7
v -7.0725 18.571 -24.7
v 24.38 19.6521 -24.7
v 29.5529 21.4215 -24.7
v 24.5981 20.3471 -24.7
v -26.3474 -13.3951 -24.7
v -32.0941 -17.3844 -24.7
v -27.2991 -12.6361 -24.7
v -33.1615 -15.25 -24.7
v -28.146 -11.7616 -24.7
v -28.8741 -10.786 -24.7
v -24.2194 -22.8189 -24.7
v -23.8033 -23.4167 -24.7
v -23.2754 -23.9186 -24.7
v -22.6572 -24.3039 -24.7
v -21.9741 -24.5569 -24.7
v -21.2541 -24.6672 -24.7
v -20.5266 -24.6303 -24.7
v -19.8215 -24.4477 -24.7
v -19.1675 -24.1269 -24.7
v -18.5915 -23.681 -24.7
v -18.117 -23.1283 -24.7
v -17.7635 -22.4915 -24.7
v 6.7136 -19.2727 -24.7
v 7.2227 -20.3052 -24.7
v 7.8623 -21.2623 -24.7
v 8.6213 -22.1278 -24.7
v 9.4868 -22.8869 -24.7
v 15.25 -33.1615 -24.7
v 10.444 -23.5264 -24.7
v 11.4764 -24.0356 -24.7
v 12.5665 -24.4056 -24.7
v 13.6955 -24.6302 -24.7
v 14.8442 -24.7055 -24.7
v 17.3844 -32.0941 -24.7
v 15.993 -24.6302 -24.7
v 19.4445 -30.8895 -24.7
v 17.122 -24.4056 -24.7
v 21.4214 -29.5529 -24.7
v 18.2121 -24.0356 -24.7
v 19.2445 -23.5264 -24.7
v 23.3068 -28.0899 -24.7
v 20.2017 -22.8869 -24.7
v 21.0672 -22.1278 -24.7
v -24.1933 3.312 -24.7
v -23.245 10.9056 -24.7
v -25.3064 2.8193 -24.7
v -23.8846 11.8628 -24.7
v -26.3474 2.1882 -24.7
v -27.2991 1.4292 -24.7
v -28.146 0.5547 -24.7
v -28.8741 -0.4208 -24.7
v -29.4715 -1.4815 -24.7
v -29.9283 -2.6099 -24.7
v -30.2371 -3.7874 -24.7
v -30.3928 -4.9948 -24.7
v -30.3928 -6.2121 -24.7
v -30.2371 -7.4194 -24.7
v -29.9283 -8.597 -24.7
v -29.4715 -9.7253 -24.7
v -24.3937 12.8952 -24.7
v -24.7637 13.9853 -24.7
v 23.6153 -3.5039 -24.7
v 22.8869 -9.4868 -24.7
v 24.7577 -3.0835 -24.7
v 23.5264 -10.444 -24.7
v 25.837 -2.5204 -24.7
v 24.0356 -11.4764 -24.7
v 26.8354 -1.824 -24.7
v 27.7366 -1.0055 -24.7
v 28.5257 -0.0786 -24.7
v 29.1898 0.9416 -24.7
v 24.4056 -12.5665 -24.7
v 24.6302 -13.6955 -24.7
v -8.2212 20.5606 -24.7
v -8.9803 21.4261 -24.7
v -10.0401 22.486 -24.7
v -15.25 33.1615 -24.7
v -10.9056 23.245 -24.7
v -11.8628 23.8846 -24.7
v -12.8952 24.3937 -24.7
v -13.9853 24.7638 -24.7
v -15.1144 24.9883 -24.7
v -17.3844 32.0941 -24.7
v -16.2631 25.0636 -24.7
v -19.4445 30.8895 -24.7
v -17.4118 24.9883 -24.7
v -18.5408 24.7638 -24.7
v -21.4214 29.5529 -24.7
v -19.6309 24.3937 -24.7
v -23.3068 28.0899 -24.7
v -20.6633 23.8846 -24.7
v -21.6205 23.245 -24.7
v -22.486 22.486 -24.7
v -23.245 21.6205 -24.7
v -23.8846 20.6633 -24.7
v -24.3937 19.6309 -24.7
v -24.7637 18.5408 -24.7
v -24.9883 17.4118 -24.7
v -25.0636 16.2631 -24.7
v -24.9883 15.1144 -24.7
v 22.1278 -21.0672 -24.7
v 22.8869 -20.2017 -24.7
v 23.5264 -19.2445 -24.7
v 24.0356 -18.2121 -24.7
v 24.4056 -17.122 -24.7
v 24.6302 -15.993 -24.7
v 24.7055 -14.8442 -24.7
v -29.1016 -22.0306 13.3
v -29.1016 -22.0306 11.8
v -31.598 -24.5269 13.3
v -31.598 -24.5269 11.8
v -24.5269 -31.598 13.3
v -24.5269 -31.598 11.8
v -26.4575 -30 11.8
v -28.2843 -28.2843 11.8
v -30 -26.4575 11.8
v -27.409 -24.1039 11.8
v -28.2743 -23.0827 11.8
v 29.1016 22.0306 13.3
v 29.1016 22.0306 11.8
v 31.598 24.5269 13.3
v 31.598 24.5269 11.8
v 24.5269 31.598 13.3
v 24.5269 31.598 11.8
v 26.4575 30 11.8
v 28.2843 28.2843 11.8
v 30 26.4575 11.8
v 27.409 24.1039 11.8
v 28.2743 23.0827 11.8
v -22.0306 29.1016 13.3
v -22.0306 29.1016 11.8
v -24.5269 31.598 13.3
v -24.5269 31.598 11.8
v -31.598 24.5269 13.3
v -31.598 24.5269 11.8
v -30 26.4575 11.8
v -28.2843 28.2843 11.8
v -26.4575 30 11.8
v -24.1039 27.409 11.8
v -23.0827 28.2743 11.8
v 31.598 -24.5269 13.3
v 31.598 -24.5269 11.8
v 22.0306 -29.1016 13.3
v 22.0306 -29.1016 11.8
v 24.5269 -31.598 13.3
v 24.5269 -31.598 11.8
v 30 -26.4575 11.8
v 28.2843 -28.2843 11.8
v 26.4575 -30 11.8
v 24.1039 -27.409 11.8
v 23.0827 -28.2743 11.8
v 22.5878 33.012 13.3
v 20.5674 34.3072 13.3
v 18.473 35.4789 13.3
v 16.312 36.5228 13.3
v -15.25 33.1615 13.3
v 0 40 13.3
v -2.3988 39.928 13.3
v -4.789 39.7123 13.3
v -7.1619 39.3536 13.3
v -9.5091 38.8533 13.3
v -11.822 38.2131 13.3
v -14.0924 37.4353 13.3
v -16.312 36.5228 13.3
v -18.473 35.4789 13.3
v -20.5674 34.3072 13.3
v -17.0253 32.2861 13.3
v -22.5878 33.012 13.3
v -18.7505 31.3156 13.3
v -20.4205 30.2531 13.3
v 2.3988 39.928 13.3
v 4.789 39.7123 13.3
v 7.1619 39.3536 13.3
v 9.5091 38.8533 13.3
v 11.822 38.2131 13.3
v 14.0924 37.4353 13.3
v 30.2531 20.4205 13.3
v 31.3156 18.7505 13.3
v 33.012 22.5878 13.3
v 32.2861 17.0253 13.3
v 34.3072 20.5674 13.3
v 33.1615 15.25 13.3
v 35.4788 18.473 13.3
v 36.5228 16.3121 13.3
v 37.4353 14.0924 13.3
v 38.2131 11.822 13.3
v 38.8533 9.5091 13.3
v 39.3536 7.1619 13.3
v 39.7123 4.789 13.3
v 39.928 2.3988 13.3
v 40 0 13.3
v 39.928 -2.3988 13.3
v 39.7123 -4.789 13.3
v 39.3536 -7.1619 13.3
v 38.8533 -9.5091 13.3
v 38.2131 -11.822 13.3
v 37.4353 -14.0924 13.3
v 36.5228 -16.3121 13.3
v 35.4788 -18.473 13.3
v 34.3072 -20.5674 13.3
v 33.012 -22.5878 13.3
v -22.5878 -33.012 13.3
v -20.5674 -34.3072 13.3
v -18.473 -35.4789 13.3
v -16.312 -36.5228 13.3
v 15.25 -33.1615 13.3
v 0 -40 13.3
v 2.3988 -39.928 13.3
v 4.789 -39.7123 13.3
v 7.1619 -39.3536 13.3
v 9.5091 -38.8533 13.3
v 11.822 -38.2131 13.3
v 14.0924 -37.4353 13.3
v 16.312 -36.5228 13.3
v 18.473 -35.4789 13.3
v 20.5674 -34.3072 13.3
v 17.0253 -32.2861 13.3
v 22.5878 -33.012 13.3
v 18.7505 -31.3156 13.3
v 20.4205 -30.2531 13.3
v -2.3988 -39.928 13.3
v -4.789 -39.7123 13.3
v -7.1619 -39.3536 13.3
v -9.5091 -38.8533 13.3
v -11.822 -38.2131 13.3
v -14.0924 -37.4353 13.3
v -30.2531 -20.4205 13.3
v -31.3156 -18.7505 13.3
v -33.012 -22.5878 13.3
v -32.2861 -17.0253 13.3
v -34.3072 -20.5674 13.3
v -33.1615 -15.25 13.3
v -35.4788 -18.473 13.3
v -36.5228 -16.3121 13.3
v -37.4353 -14.0924 13.3
v -38.2131 -11.822 13.3
v -38.8533 -9.5091 13.3
v -39.3536 -7.1619 13.3
v -39.7123 -4.789 13.3
v -39.928 -2.3988 13.3
v -40 0 13.3
v -39.928 2.3988 13.3
v -39.7123 4.789 13.3
v -39.3536 7.1619 13.3
v -38.8533 9.5091 13.3
v -38.2131 11.822 13.3
v -37.4353 14.0924 13.3
v -36.5228 16.3121 13.3
v -35.4788 18.473 13.3
v -34.3072 20.5674 13.3
v -33.012 22.5878 13.3
v -17.5005 15.0256 -23.7
v -17.5005 15.0256 -24.2
v -16.4406 13.9658 -23.7
v -16.4406 13.9658 -24.2
v -17.7786 15.3881 -24.2
v -17.7786 15.3881 -23.7
v -17.9534 15.8101 -24.2
v -17.9534 15.8101 -23.7
v -18.0131 16.2631 -24.2
v -18.0131 16.2631 -23.7
v -17.9534 16.716 -24.2
v -17.9534 16.716 -23.7
v -17.7786 17.1381 -24.2
v -17.7786 17.1381 -23.7
v -17.5005 17.5005 -24.2
v -17.5005 17.5005 -23.7
v -17.1381 17.7786 -24.2
v -17.1381 17.7786 -23.7
v -16.716 17.9534 -24.2
v -16.716 17.9534 -23.7
v -16.2631 18.0131 -24.2
v -16.2631 18.0131 -23.7
v -15.8101 17.9534 -24.2
v -15.8101 17.9534 -23.7
v -15.3881 17.7786 -24.2
v -15.3881 17.7786 -23.7
v -15.0256 17.5005 -24.2
v -15.0256 17.5005 -23.7
v -13.9658 16.4406 -23.7
v -13.9658 16.4406 -24.2
v -13.6876 16.0782 -24.2
v -13.6876 16.0782 -23.7
v -13.5128 15.6561 -24.2
v -13.5128 15.6561 -23.7
v -13.4532 15.2032 -24.2
v -13.4532 15.2032 -23.7
v -13.5128 14.7503 -24.2
v -13.5128 14.7503 -23.7
v -13.6876 14.3282 -24.2
v -13.6876 14.3282 -23.7
v -13.9658 13.9658 -24.2
v -13.9658 13.9658 -23.7
v -14.3282 13.6876 -24.2
v -14.3282 13.6876 -23.7
v -14.7503 13.5128 -24.2
v -14.7503 13.5128 -23.7
v -15.2032 13.4532 -24.2
v -15.2032 13.4532 -23.7
v -15.6561 13.5128 -24.2
v -15.6561 13.5128 -23.7
v -16.0782 13.6876 -24.2
v -16.0782 13.6876 -23.7
v -17.1477 13.2586 -23.7
v -17.1477 13.2586 -24.2
v -18.2076 14.3185 -23.7
v -18.2076 14.3185 -24.2
v -14.3185 18.2076 -23.7
v -14.8 18.5916 -23.7
v -14.3185 18.2076 -24.2
v -14.8 18.5916 -24.2
v -15.3548 18.8587 -23.7
v -15.3548 18.8587 -24.2
v -15.9552 18.9958 -23.7
v -15.9552 18.9958 -24.2
v -16.571 18.9958 -23.7
v -16.571 18.9958 -24.2
v -17.1713 18.8587 -23.7
v -17.1713 18.8587 -24.2
v -17.7261 18.5916 -23.7
v -17.7261 18.5916 -24.2
v -18.2076 18.2076 -23.7
v -18.2076 18.2076 -24.2
v -18.5916 17.7262 -23.7
v -18.5916 17.7262 -24.2
v -18.8587 17.1713 -23.7
v -18.8587 17.1713 -24.2
v -18.9958 16.571 -23.7
v -18.9958 16.571 -24.2
v -18.9958 15.9552 -23.7
v -18.9958 15.9552 -24.2
v -18.8587 15.3548 -23.7
v -18.8587 15.3548 -24.2
v -18.5916 14.8 -23.7
v -18.5916 14.8 -24.2
v -13.2586 17.1477 -23.7
v -13.2586 17.1477 -24.2
v -16.6663 12.8747 -23.7
v -16.6663 12.8747 -24.2
v -16.1115 12.6075 -23.7
v -16.1115 12.6075 -24.2
v -15.5111 12.4705 -23.7
v -15.5111 12.4705 -24.2
v -14.8953 12.4705 -23.7
v -14.8953 12.4705 -24.2
v -14.2949 12.6075 -23.7
v -14.2949 12.6075 -24.2
v -13.7401 12.8747 -23.7
v -13.7401 12.8747 -24.2
v -13.2586 13.2586 -23.7
v -13.2586 13.2586 -24.2
v -12.8747 13.7401 -23.7
v -12.8747 13.7401 -24.2
v -12.6075 14.2949 -23.7
v -12.6075 14.2949 -24.2
v -12.4705 14.8953 -23.7
v -12.4705 14.8953 -24.2
v -12.4705 15.5111 -23.7
v -12.4705 15.5111 -24.2
v -12.6075 16.1115 -23.7
v -12.6075 16.1115 -24.2
v -12.8747 16.6663 -23.7
v -12.8747 16.6663 -24.2
v 16.0817 -17.1423 -24.2
v 16.0817 -17.1423 -23.7
v 15.7192 -17.4205 -24.2
v 15.7192 -17.4205 -23.7
v 15.2972 -17.5953 -24.2
v 15.2972 -17.5953 -23.7
v 14.8442 -17.6549 -24.2
v 14.8442 -17.6549 -23.7
v 14.3913 -17.5953 -24.2
v 14.3913 -17.5953 -23.7
v 13.9692 -17.4205 -24.2
v 13.9692 -17.4205 -23.7
v 13.6068 -17.1423 -24.2
v 13.6068 -17.1423 -23.7
v 13.3287 -16.7799 -24.2
v 13.3287 -16.7799 -23.7
v 13.1539 -16.3578 -24.2
v 13.1539 -16.3578 -23.7
v 13.0942 -15.9049 -24.2
v 13.0942 -15.9049 -23.7
v 13.1539 -15.452 -24.2
v 13.1539 -15.452 -23.7
v 13.3287 -15.0299 -24.2
v 13.3287 -15.0299 -23.7
v 13.6068 -14.6675 -24.2
v 13.6068 -14.6675 -23.7
v 14.6675 -13.6068 -23.7
v 14.6675 -13.6068 -24.2
v 15.0299 -13.3287 -24.2
v 15.0299 -13.3287 -23.7
v 15.452 -13.1539 -24.2
v 15.452 -13.1539 -23.7
v 15.9049 -13.0942 -24.2
v 15.9049 -13.0942 -23.7
v 16.3578 -13.1539 -24.2
v 16.3578 -13.1539 -23.7
v 16.7799 -13.3287 -24.2
v 16.7799 -13.3287 -23.7
v 17.1423 -13.6068 -24.2
v 17.1423 -13.6068 -23.7
v 17.4205 -13.9692 -24.2
v 17.4205 -13.9692 -23.7
v 17.5953 -14.3913 -24.2
v 17.5953 -14.3913 -23.7
v 17.6549 -14.8442 -24.2
v 17.6549 -14.8442 -23.7
v 17.5953 -15.2972 -24.2
v 17.5953 -15.2972 -23.7
v 17.4205 -15.7192 -24.2
v 17.4205 -15.7192 -23.7
v 17.1423 -16.0817 -24.2
v 17.1423 -16.0817 -23.7
v 17.8495 -16.7888 -23.7
v 17.8495 -16.7888 -24.2
v 16.7888 -17.8495 -23.7
v 16.7888 -17.8495 -24.2
v 12.8997 -13.9604 -23.7
v 12.5158 -14.4418 -23.7
v 12.8997 -13.9604 -24.2
v 12.5158 -14.4418 -24.2
v 12.2486 -14.9966 -23.7
v 12.2486 -14.9966 -24.2
v 12.1115 -15.597 -23.7
v 12.1115 -15.597 -24.2
v 12.1115 -16.2128 -23.7
v 12.1115 -16.2128 -24.2
v 12.2486 -16.8132 -23.7
v 12.2486 -16.8132 -24.2
v 12.5158 -17.368 -23.7
v 12.5158 -17.368 -24.2
v 12.8997 -17.8495 -23.7
v 12.8997 -17.8495 -24.2
v 13.3812 -18.2334 -23.7
v 13.3812 -18.2334 -24.2
v 13.936 -18.5006 -23.7
v 13.936 -18.5006 -24.2
v 14.5363 -18.6376 -23.7
v 14.5363 -18.6376 -24.2
v 15.1521 -18.6376 -23.7
v 15.1521 -18.6376 -24.2
v 15.7525 -18.5006 -23.7
v 15.7525 -18.5006 -24.2
v 16.3073 -18.2334 -23.7
v 16.3073 -18.2334 -24.2
v 13.9604 -12.8997 -23.7
v 13.9604 -12.8997 -24.2
v 18.2334 -16.3073 -23.7
v 18.2334 -16.3073 -24.2
v 18.5006 -15.7525 -23.7
v 18.5006 -15.7525 -24.2
v 18.6376 -15.1521 -23.7
v 18.6376 -15.1521 -24.2
v 18.6376 -14.5363 -23.7
v 18.6376 -14.5363 -24.2
v 18.5006 -13.936 -23.7
v 18.5006 -13.936 -24.2
v 18.2334 -13.3812 -23.7
v 18.2334 -13.3812 -24.2
v 17.8495 -12.8997 -23.7
v 17.8495 -12.8997 -24.2
v 17.368 -12.5158 -23.7
v 17.368 -12.5158 -24.2
v 16.8132 -12.2486 -23.7
v 16.8132 -12.2486 -24.2
v 16.2128 -12.1115 -23.7
v 16.2128 -12.1115 -24.2
v 15.597 -12.1115 -23.7
v 15.597 -12.1115 -24.2
v 14.9966 -12.2486 -23.7
v 14.9966 -12.2486 -24.2
v 14.4418 -12.5158 -23.7
v 14.4418 -12.5158 -24.2
v -22.4786 11.5497 -24.2
v -21.7789 10.7472 -24.2
v -23.0625 12.4399 -24.2
v -23.5197 13.4014 -24.2
v -23.8418 14.4162 -24.2
v -24.0227 15.4653 -24.2
v -24.0591 16.5294 -24.2
v -23.9502 17.5885 -24.2
v -23.6981 18.6228 -24.2
v -23.3075 19.6133 -24.2
v -22.7857 20.5413 -24.2
v -22.1424 21.3896 -24.2
v -21.3896 22.1424 -24.2
v -20.5413 22.7858 -24.2
v -19.6133 23.3076 -24.2
v -18.6228 23.6981 -24.2
v -17.5885 23.9502 -24.2
v -16.5294 24.0591 -24.2
v -15.4653 24.0227 -24.2
v -14.4162 23.8418 -24.2
v -13.4014 23.5198 -24.2
v -12.4399 23.0625 -24.2
v -11.5497 22.4786 -24.2
v -10.7472 21.7789 -24.2
v -9.6874 20.719 -24.2
v -8.9877 19.9166 -24.2
v -8.4038 19.0263 -24.2
v -7.9465 18.0649 -24.2
v -7.6244 17.0501 -24.2
v -7.4435 16.0009 -24.2
v -7.4072 14.9369 -24.2
v -7.5161 13.8778 -24.2
v -7.7681 12.8434 -24.2
v -8.1587 11.853 -24.2
v -8.6805 10.925 -24.2
v -9.3238 10.0766 -24.2
v -10.0766 9.3238 -24.2
v -10.925 8.6805 -24.2
v -11.853 8.1587 -24.2
v -12.8434 7.7681 -24.2
v -13.8778 7.5161 -24.2
v -14.9369 7.4072 -24.2
v -16.0009 7.4435 -24.2
v -17.0501 7.6244 -24.2
v -18.0649 7.9465 -24.2
v -19.0263 8.4038 -24.2
v -19.9166 8.9877 -24.2
v -20.719 9.6874 -24.2
v 10.3891 -9.3284 -24.2
v 9.3284 -10.3891 -24.2
v 11.1915 -8.6287 -24.2
v 12.0818 -8.0448 -24.2
v 13.0432 -7.5876 -24.2
v 14.058 -7.2655 -24.2
v 15.1072 -7.0846 -24.2
v 16.1712 -7.0482 -24.2
v 17.2303 -7.1571 -24.2
v 18.2647 -7.4092 -24.2
v 19.2551 -7.7998 -24.2
v 20.1831 -8.3216 -24.2
v 21.0315 -8.9649 -24.2
v 21.7843 -9.7177 -24.2
v 22.4276 -10.566 -24.2
v 22.9494 -11.494 -24.2
v 23.34 -12.4845 -24.2
v 23.592 -13.5189 -24.2
v 23.7009 -14.5779 -24.2
v 23.6646 -15.642 -24.2
v 23.4837 -16.6911 -24.2
v 23.1616 -17.7059 -24.2
v 22.7043 -18.6674 -24.2
v 22.1204 -19.5576 -24.2
v 21.4207 -20.3601 -24.2
v 20.3601 -21.4207 -24.2
v 19.5576 -22.1204 -24.2
v 18.6674 -22.7043 -24.2
v 17.7059 -23.1616 -24.2
v 16.6911 -23.4837 -24.2
v 15.642 -23.6646 -24.2
v 14.5779 -23.7009 -24.2
v 13.5189 -23.592 -24.2
v 12.4845 -23.34 -24.2
v 11.494 -22.9494 -24.2
v 10.566 -22.4276 -24.2
v 9.7177 -21.7843 -24.2
v 8.9649 -21.0315 -24.2
v 8.3216 -20.1831 -24.2
v 7.7998 -19.2551 -24.2
v 7.4092 -18.2647 -24.2
v 7.1571 -17.2303 -24.2
v 7.0482 -16.1712 -24.2
v 7.0846 -15.1072 -24.2
v 7.2655 -14.058 -24.2
v 7.5876 -13.0432 -24.2
v 8.0448 -12.0818 -24.2
v 8.6287 -11.1915 -24.2
v 8.6213 -9.682 -25.3
v 7.8623 -10.5475 -25.3
v 7.2227 -11.5046 -25.3
v 6.7136 -12.5371 -25.3
v 6.3436 -13.6272 -25.3
v 6.119 -14.7562 -25.3
v 6.0437 -15.9049 -25.3
v 6.119 -17.0536 -25.3
v 6.3436 -18.1827 -25.3
v 6.7136 -19.2727 -25.3
v 7.2227 -20.3052 -25.3
v 7.8623 -21.2623 -25.3
v 8.6213 -22.1278 -25.3
v 9.4868 -22.8869 -25.3
v 10.444 -23.5264 -25.3
v 11.4764 -24.0356 -25.3
v 12.5665 -24.4056 -25.3
v 13.6955 -24.6302 -25.3
v 14.8442 -24.7055 -25.3
v 15.993 -24.6302 -25.3
v 17.122 -24.4056 -25.3
v 18.2121 -24.0356 -25.3
v 19.2445 -23.5264 -25.3
v 20.2017 -22.8869 -25.3
v 21.0672 -22.1278 -25.3
v 22.1278 -21.0672 -25.3
v 22.8869 -20.2017 -25.3
v 23.5264 -19.2445 -25.3
v 24.0356 -18.2121 -25.3
v 24.4056 -17.122 -25.3
v 24.6302 -15.993 -25.3
v 24.7055 -14.8442 -25.3
v 24.6302 -13.6955 -25.3
v 24.4056 -12.5665 -25.3
v 24.0356 -11.4764 -25.3
v 23.5264 -10.444 -25.3
v 22.8869 -9.4868 -25.3
v 22.1278 -8.6213 -25.3
v 21.2623 -7.8623 -25.3
v 20.3052 -7.2227 -25.3
v 19.2727 -6.7136 -25.3
v 18.1827 -6.3436 -25.3
v 17.0536 -6.119 -25.3
v 15.9049 -6.0437 -25.3
v 14.7562 -6.119 -25.3
v 13.6272 -6.3436 -25.3
v 12.5371 -6.7136 -25.3
v 11.5046 -7.2227 -25.3
v 10.5475 -7.8623 -25.3
v 9.682 -8.6213 -25.3
v 8.6287 -11.1915 -25.3
v 9.3284 -10.3891 -25.3
v 8.0448 -12.0818 -25.3
v 7.5876 -13.0432 -25.3
v 7.2655 -14.058 -25.3
v 7.0846 -15.1072 -25.3
v 7.0482 -16.1712 -25.3
v 7.1571 -17.2303 -25.3
v 7.4092 -18.2647 -25.3
v 7.7998 -19.2551 -25.3
v 8.3216 -20.1831 -25.3
v 8.9649 -21.0315 -25.3
v 9.7177 -21.7843 -25.3
v 10.566 -22.4276 -25.3
v 11.494 -22.9494 -25.3
v 12.4845 -23.34 -25.3
v 13.5189 -23.592 -25.3
v 14.5779 -23.7009 -25.3
v 15.642 -23.6646 -25.3
v 16.6911 -23.4837 -25.3
v 17.7059 -23.1616 -25.3
v 18.6674 -22.7043 -25.3
v 19.5576 -22.1204 -25.3
v 20.3601 -21.4207 -25.3
v 21.4207 -20.3601 -25.3
v 22.1204 -19.5576 -25.3
v 22.7043 -18.6674 -25.3
v 23.1616 -17.7059 -25.3
v 23.4837 -16.6911 -25.3
v 23.6646 -15.642 -25.3
v 23.7009 -14.5779 -25.3
v 23.592 -13.5189 -25.3
v 23.34 -12.4845 -25.3
v 22.9494 -11.494 -25.3
v 22.4276 -10.566 -25.3
v 21.7843 -9.7177 -25.3
v 21.0315 -8.9649 -25.3
v 20.1831 -8.3216 -25.3
v 19.2551 -7.7998 -25.3
v 18.2647 -7.4092 -25.3
v 17.2303 -7.1571 -25.3
v 16.1712 -7.0482 -25.3
v 15.1072 -7.0846 -25.3
v 14.058 -7.2655 -25.3
v 13.0432 -7.5876 -25.3
v 12.0818 -8.0448 -25.3
v 11.1915 -8.6287 -25.3
v 10.3891 -9.3284 -25.3
v -21.4261 8.9803 -25.3
v -20.5606 8.2212 -25.3
v -19.6035 7.5817 -25.3
v -18.571 7.0725 -25.3
v -17.4809 6.7025 -25.3
v -16.3519 6.4779 -25.3
v -15.2032 6.4026 -25.3
v -14.0545 6.4779 -25.3
v -12.9254 6.7025 -25.3
v -11.8354 7.0725 -25.3
v -10.8029 7.5817 -25.3
v -9.8458 8.2212 -25.3
v -8.9803 8.9803 -25.3
v -8.2212 9.8458 -25.3
v -7.5817 10.8029 -25.3
v -7.0725 11.8354 -25.3
v -6.7025 12.9254 -25.3
v -6.4779 14.0545 -25.3
v -6.4026 15.2032 -25.3
v -6.4779 16.3519 -25.3
v -6.7025 17.4809 -25.3
v -7.0725 18.571 -25.3
v -7.5817 19.6035 -25.3
v -8.2212 20.5606 -25.3
v -8.9803 21.4261 -25.3
v -10.0401 22.486 -25.3
v -10.9056 23.245 -25.3
v -11.8628 23.8846 -25.3
v -12.8952 24.3937 -25.3
v -13.9853 24.7638 -25.3
v -15.1144 24.9883 -25.3
v -16.2631 25.0636 -25.3
v -17.4118 24.9883 -25.3
v -18.5408 24.7638 -25.3
v -19.6309 24.3937 -25.3
v -20.6633 23.8846 -25.3
v -21.6205 23.245 -25.3
v -22.486 22.486 -25.3
v -23.245 21.6205 -25.3
v -23.8846 20.6633 -25.3
v -24.3937 19.6309 -25.3
v -24.7637 18.5408 -25.3
v -24.9883 17.4118 -25.3
v -25.0636 16.2631 -25.3
v -24.9883 15.1144 -25.3
v -24.7637 13.9853 -25.3
v -24.3937 12.8952 -25.3
v -23.8846 11.8628 -25.3
v -23.245 10.9056 -25.3
v -22.486 10.0401 -25.3
v -20.719 9.6874 -25.3
v -21.7789 10.7472 -25.3
v -19.9166 8.9877 -25.3
v -19.0263 8.4038 -25.3
v -18.0649 7.9465 -25.3
v -17.0501 7.6244 -25.3
v -16.0009 7.4435 -25.3
v -14.9369 7.4072 -25.3
v -13.8778 7.5161 -25.3
v -12.8434 7.7681 -25.3
v -11.853 8.1587 -25.3
v -10.925 8.6805 -25.3
v -10.0766 9.3238 -25.3
v -9.3238 10.0766 -25.3
v -8.6805 10.925 -25.3
v -8.1587 11.853 -25.3
v -7.7681 12.8434 -25.3
v -7.5161 13.8778 -25.3
v -7.4072 14.9369 -25.3
v -7.4435 16.0009 -25.3
v -7.6244 17.0501 -25.3
v -7.9465 18.0649 -25.3
v -8.4038 19.0263 -25.3
v -8.9877 19.9166 -25.3
v -9.6874 20.719 -25.3
v -10.7472 21.7789 -25.3
v -11.5497 22.4786 -25.3
v -12.4399 23.0625 -25.3
v -13.4014 23.5198 -25.3
v -14.4162 23.8418 -25.3
v -15.4653 24.0227 -25.3
v -16.5294 24.0591 -25.3
v -17.5885 23.9502 -25.3
v -18.6228 23.6981 -25.3
v -19.6133 23.3076 -25.3
v -20.5413 22.7858 -25.3
v -21.3896 22.1424 -25.3
v -22.1424 21.3896 -25.3
v -22.7857 20.5413 -25.3
v -23.3075 19.6133 -25.3
v -23.6981 18.6228 -25.3
v -23.9502 17.5885 -25.3
v -24.0591 16.5294 -25.3
v -24.0227 15.4653 -25.3
v -23.8418 14.4162 -25.3
v -23.5197 13.4014 -25.3
v -23.0625 12.4399 -25.3
v -22.4786 11.5497 -25.3
v -14.3402 -6.6185 -24.1
v -14.3402 -6.6185 -24.7
v -14.2623 -5.6034 -24.1
v -14.5722 -7.6099 -24.7
v -14.5722 -7.6099 -24.1
v -14.9528 -8.5542 -24.7
v -14.9528 -8.5542 -24.1
v -15.4731 -9.4293 -24.7
v -15.4731 -9.4293 -24.1
v -16.1208 -10.2148 -24.7
v -16.1208 -10.2148 -24.1
v -16.8809 -10.8921 -24.7
v -16.8809 -10.8921 -24.1
v -17.7355 -11.4455 -24.7
v -17.7355 -11.4455 -24.1
v -18.6645 -11.862 -24.7
v -18.6645 -11.862 -24.1
v -19.6462 -12.1318 -24.7
v -19.6462 -12.1318 -24.1
v -20.6576 -12.2485 -24.7
v -20.6576 -12.2485 -24.1
v -21.6749 -12.2096 -24.7
v -21.6749 -12.2096 -24.1
v -22.6744 -12.0157 -24.7
v -22.6744 -12.0157 -24.1
v -23.6326 -11.6716 -24.7
v -23.6326 -11.6716 -24.1
v -24.527 -11.1852 -24.7
v -24.527 -11.1852 -24.1
v -25.3367 -10.568 -24.7
v -25.3367 -10.568 -24.1
v -26.0427 -9.8344 -24.7
v -26.0427 -9.8344 -24.1
v -26.6284 -9.0017 -24.7
v -26.6284 -9.0017 -24.1
v -27.0802 -8.0893 -24.7
v -27.0802 -8.0893 -24.1
v -27.3874 -7.1186 -24.7
v -27.3874 -7.1186 -24.1
v -27.5428 -6.1125 -24.7
v -27.5428 -6.1125 -24.1
v -27.5428 -5.0944 -24.7
v -27.5428 -5.0944 -24.1
v -27.3874 -4.0882 -24.7
v -27.3874 -4.0882 -24.1
v -27.0802 -3.1176 -24.7
v -27.0802 -3.1176 -24.1
v -26.6284 -2.2052 -24.7
v -26.6284 -2.2052 -24.1
v -26.0427 -1.3724 -24.7
v -26.0427 -1.3724 -24.1
v -25.3367 -0.6389 -24.7
v -25.3367 -0.6389 -24.1
v -24.527 -0.0216 -24.7
v -24.527 -0.0216 -24.1
v -23.6326 0.4647 -24.7
v -23.6326 0.4647 -24.1
v -22.6744 0.8089 -24.7
v -22.6744 0.8089 -24.1
v -21.6749 1.0027 -24.7
v -21.6749 1.0027 -24.1
v -20.6576 1.0417 -24.7
v -20.6576 1.0417 -24.1
v -19.6462 0.9249 -24.7
v -19.6462 0.9249 -24.1
v -18.6645 0.6552 -24.7
v -18.6645 0.6552 -24.1
v -17.7355 0.2387 -24.7
v -17.7355 0.2387 -24.1
v -16.8809 -0.3147 -24.7
v -16.8809 -0.3147 -24.1
v -16.1208 -0.9921 -24.7
v -16.1208 -0.9921 -24.1
v -15.4731 -1.7776 -24.7
v -15.4731 -1.7776 -24.1
v -14.9528 -2.6527 -24.7
v -14.9528 -2.6527 -24.1
v -14.5722 -3.597 -24.7
v -14.5722 -3.597 -24.1
v -14.3402 -4.5883 -24.7
v -14.3402 -4.5883 -24.1
v -14.2623 -5.6034 -24.7
v -12.7391 -4.4801 -24.1
v -12.9682 -3.3776 -24.1
v -13.3453 -2.3166 -24.1
v -13.8633 -1.3169 -24.1
v -14.5127 -0.397 -24.1
v -15.2812 0.426 -24.1
v -16.1547 1.1366 -24.1
v -17.1168 1.7216 -24.1
v -18.1495 2.1702 -24.1
v -19.2338 2.474 -24.1
v -20.3493 2.6273 -24.1
v -21.4753 2.6273 -24.1
v -22.5908 2.474 -24.1
v -23.675 2.1702 -24.1
v -24.7078 1.7216 -24.1
v -25.6699 1.1366 -24.1
v -26.5434 0.426 -24.1
v -27.3119 -0.397 -24.1
v -27.9613 -1.3169 -24.1
v -28.4793 -2.3166 -24.1
v -28.8564 -3.3776 -24.1
v -29.0854 -4.4801 -24.1
v -29.1623 -5.6034 -24.1
v -29.0854 -6.7268 -24.1
v -28.8564 -7.8293 -24.1
v -28.4793 -8.8902 -24.1
v -27.9613 -9.89 -24.1
v -27.3119 -10.8099 -24.1
v -26.5434 -11.6328 -24.1
v -25.6699 -12.3434 -24.1
v -24.7078 -12.9285 -24.1
v -23.675 -13.3771 -24.1
v -22.5908 -13.6809 -24.1
v -21.4753 -13.8342 -24.1
v -20.3493 -13.8342 -24.1
v -19.2338 -13.6809 -24.1
v -18.1495 -13.3771 -24.1
v -17.1168 -12.9285 -24.1
v -16.1547 -12.3434 -24.1
v -15.2812 -11.6328 -24.1
v -14.5127 -10.8099 -24.1
v -13.8633 -9.89 -24.1
v -13.3453 -8.8902 -24.1
v -12.9682 -7.8293 -24.1
v -12.7391 -6.7268 -24.1
v -12.6623 -5.6034 -24.1
v 27.4844 4.5883 -24.1
v 27.4844 4.5883 -24.7
v 27.5623 5.6034 -24.1
v 27.2524 3.597 -24.7
v 27.2524 3.597 -24.1
v 26.8718 2.6527 -24.7
v 26.8718 2.6527 -24.1
v 26.3515 1.7776 -24.7
v 26.3515 1.7776 -24.1
v 25.7038 0.9921 -24.7
v 25.7038 0.9921 -24.1
v 24.9437 0.3147 -24.7
v 24.9437 0.3147 -24.1
v 24.0891 -0.2387 -24.7
v 24.0891 -0.2387 -24.1
v 23.1601 -0.6551 -24.7
v 23.1601 -0.6551 -24.1
v 22.1784 -0.9249 -24.7
v 22.1784 -0.9249 -24.1
v 21.167 -1.0417 -24.7
v 21.167 -1.0417 -24.1
v 20.1496 -1.0027 -24.7
v 20.1496 -1.0027 -24.1
v 19.1502 -0.8088 -24.7
v 19.1502 -0.8088 -24.1
v 18.192 -0.4647 -24.7
v 18.192 -0.4647 -24.1
v 17.2976 0.0217 -24.7
v 17.2976 0.0217 -24.1
v 16.4879 0.6389 -24.7
v 16.4879 0.6389 -24.1
v 15.7819 1.3724 -24.7
v 15.7819 1.3724 -24.1
v 15.1962 2.2052 -24.7
v 15.1962 2.2052 -24.1
v 14.7444 3.1176 -24.7
v 14.7444 3.1176 -24.1
v 14.4372 4.0882 -24.7
v 14.4372 4.0882 -24.1
v 14.2818 5.0944 -24.7
v 14.2818 5.0944 -24.1
v 14.2818 6.1125 -24.7
v 14.2818 6.1125 -24.1
v 14.4372 7.1187 -24.7
v 14.4372 7.1187 -24.1
v 14.7444 8.0893 -24.7
v 14.7444 8.0893 -24.1
v 15.1962 9.0017 -24.7
v 15.1962 9.0017 -24.1
v 15.7819 9.8345 -24.7
v 15.7819 9.8345 -24.1
v 16.4879 10.568 -24.7
v 16.4879 10.568 -24.1
v 17.2976 11.1852 -24.7
v 17.2976 11.1852 -24.1
v 18.192 11.6716 -24.7
v 18.192 11.6716 -24.1
v 19.1502 12.0157 -24.7
v 19.1502 12.0157 -24.1
v 20.1496 12.2096 -24.7
v 20.1496 12.2096 -24.1
v 21.167 12.2486 -24.7
v 21.167 12.2486 -24.1
v 22.1784 12.1318 -24.7
v 22.1784 12.1318 -24.1
v 23.1601 11.862 -24.7
v 23.1601 11.862 -24.1
v 24.0891 11.4455 -24.7
v 24.0891 11.4455 -24.1
v 24.9437 10.8921 -24.7
v 24.9437 10.8921 -24.1
v 25.7038 10.2148 -24.7
v 25.7038 10.2148 -24.1
v 26.3515 9.4293 -24.7
v 26.3515 9.4293 -24.1
v 26.8718 8.5542 -24.7
v 26.8718 8.5542 -24.1
v 27.2524 7.6099 -24.7
v 27.2524 7.6099 -24.1
v 27.4844 6.6185 -24.7
v 27.4844 6.6185 -24.1
v 27.5623 5.6034 -24.7
v 29.0854 6.7268 -24.1
v 28.8564 7.8293 -24.1
v 28.4793 8.8902 -24.1
v 27.9613 9.89 -24.1
v 27.3119 10.8099 -24.1
v 26.5434 11.6328 -24.1
v 25.6699 12.3434 -24.1
v 24.7078 12.9285 -24.1
v 23.675 13.3771 -24.1
v 22.5908 13.6809 -24.1
v 21.4753 13.8342 -24.1
v 20.3493 13.8342 -24.1
v 19.2338 13.6809 -24.1
v 18.1495 13.3771 -24.1
v 17.1168 12.9285 -24.1
v 16.1547 12.3434 -24.1
v 15.2812 11.6328 -24.1
v 14.5127 10.8099 -24.1
v 13.8633 9.89 -24.1
v 13.3453 8.8902 -24.1
v 12.9682 7.8293 -24.1
v 12.7391 6.7268 -24.1
v 12.6623 5.6034 -24.1
v 12.7391 4.4801 -24.1
v 12.9682 3.3776 -24.1
v 13.3453 2.3166 -24.1
v 13.8633 1.3169 -24.1
v 14.5127 0.397 -24.1
v 15.2812 -0.426 -24.1
v 16.1547 -1.1366 -24.1
v 17.1168 -1.7216 -24.1
v 18.1495 -2.1702 -24.1
v 19.2338 -2.474 -24.1
v 20.3493 -2.6273 -24.1
v 21.4753 -2.6273 -24.1
v 22.5908 -2.474 -24.1
v 23.675 -2.1702 -24.1
v 24.7078 -1.7216 -24.1
v 25.6699 -1.1366 -24.1
v 26.5434 -0.426 -24.1
v 27.3119 0.397 -24.1
v 27.9613 1.3169 -24.1
v 28.4793 2.3166 -24.1
v 28.8564 3.3776 -24.1
v 29.0854 4.4801 -24.1
v 29.1623 5.6034 -24.1
v 29.0854 6.7268 -25.3
v 28.8564 7.8293 -25.3
v 28.4793 8.8902 -25.3
v 27.9613 9.89 -25.3
v 27.3119 10.8099 -25.3
v 26.5434 11.6328 -25.3
v 25.6699 12.3434 -25.3
v 24.7078 12.9285 -25.3
v 23.675 13.3771 -25.3
v 22.5908 13.6809 -25.3
v 21.4753 13.8342 -25.3
v 20.3493 13.8342 -25.3
v 19.2338 13.6809 -25.3
v 18.1495 13.3771 -25.3
v 17.1168 12.9285 -25.3
v 16.1547 12.3434 -25.3
v 15.2812 11.6328 -25.3
v 14.5127 10.8099 -25.3
v 13.8633 9.89 -25.3
v 13.3453 8.8902 -25.3
v 12.9682 7.8293 -25.3
v 12.7391 6.7268 -25.3
v 12.6623 5.6034 -25.3
v 12.7391 4.4801 -25.3
v 12.9682 3.3776 -25.3
v 13.3453 2.3166 -25.3
v 13.8633 1.3169 -25.3
v 14.5127 0.397 -25.3
v 15.2812 -0.426 -25.3
v 16.1547 -1.1366 -25.3
v 17.1168 -1.7216 -25.3
v 18.1495 -2.1702 -25.3
v 19.2338 -2.474 -25.3
v 20.3493 -2.6273 -25.3
v 21.4753 -2.6273 -25.3
v 22.5908 -2.474 -25.3
v 23.675 -2.1702 -25.3
v 24.7078 -1.7216 -25.3
v 25.6699 -1.1366 -25.3
v 26.5434 -0.426 -25.3
v 27.3119 0.397 -25.3
v 27.9613 1.3169 -25.3
v 28.4793 2.3166 -25.3
v 28.8564 3.3776 -25.3
v 29.0854 4.4801 -25.3
v 29.1623 5.6034 -25.3
v 30.3343 6.8183 -25.3
v 30.4123 5.6034 -25.3
v 30.1016 8.0131 -25.3
v 29.718 9.1685 -25.3
v 29.1898 10.2653 -25.3
v 28.5257 11.2855 -25.3
v 27.7366 12.2124 -25.3
v 26.8354 13.0308 -25.3
v 25.837 13.7273 -25.3
v 24.7577 14.2904 -25.3
v 23.6153 14.7108 -25.3
v 22.4285 14.9817 -25.3
v 21.2168 15.0986 -25.3
v 20.0001 15.0595 -25.3
v 18.7983 14.8652 -25.3
v 17.6313 14.5189 -25.3
v 16.5182 14.0261 -25.3
v 15.4772 13.3951 -25.3
v 14.5254 12.6361 -25.3
v 13.6786 11.7616 -25.3
v 12.9505 10.786 -25.3
v 12.3531 9.7253 -25.3
v 11.8963 8.597 -25.3
v 11.5875 7.4194 -25.3
v 11.4318 6.2121 -25.3
v 11.4318 4.9948 -25.3
v 11.5875 3.7874 -25.3
v 11.8963 2.6099 -25.3
v 12.3531 1.4815 -25.3
v 12.9505 0.4209 -25.3
v 13.6786 -0.5547 -25.3
v 14.5254 -1.4292 -25.3
v 15.4772 -2.1882 -25.3
v 16.5182 -2.8193 -25.3
v 17.6313 -3.312 -25.3
v 18.7983 -3.6584 -25.3
v 20.0001 -3.8527 -25.3
v 21.2168 -3.8917 -25.3
v 22.4285 -3.7748 -25.3
v 23.6153 -3.5039 -25.3
v 24.7577 -3.0835 -25.3
v 25.837 -2.5204 -25.3
v 26.8354 -1.824 -25.3
v 27.7366 -1.0055 -25.3
v 28.5257 -0.0786 -25.3
v 29.1898 0.9416 -25.3
v 29.718 2.0384 -25.3
v 30.1016 3.1937 -25.3
v 30.3343 4.3886 -25.3
v -12.7391 -4.4801 -25.3
v -12.9682 -3.3776 -25.3
v -13.3453 -2.3166 -25.3
v -13.8633 -1.3169 -25.3
v -14.5127 -0.397 -25.3
v -15.2812 0.426 -25.3
v -16.1547 1.1366 -25.3
v -17.1168 1.7216 -25.3
v -18.1495 2.1702 -25.3
v -19.2338 2.474 -25.3
v -20.3493 2.6273 -25.3
v -21.4753 2.6273 -25.3
v -22.5908 2.474 -25.3
v -23.675 2.1702 -25.3
v -24.7078 1.7216 -25.3
v -25.6699 1.1366 -25.3
v -26.5434 0.426 -25.3
v -27.3119 -0.397 -25.3
v -27.9613 -1.3169 -25.3
v -28.4793 -2.3166 -25.3
v -28.8564 -3.3776 -25.3
v -29.0854 -4.4801 -25.3
v -29.1623 -5.6034 -25.3
v -29.0854 -6.7268 -25.3
v -28.8564 -7.8293 -25.3
v -28.4793 -8.8902 -25.3
v -27.9613 -9.89 -25.3
v -27.3119 -10.8099 -25.3
v -26.5434 -11.6328 -25.3
v -25.6699 -12.3434 -25.3
v -24.7078 -12.9285 -25.3
v -23.675 -13.3771 -25.3
v -22.5908 -13.6809 -25.3
v -21.4753 -13.8342 -25.3
v -20.3493 -13.8342 -25.3
v -19.2338 -13.6809 -25.3
v -18.1495 -13.3771 -25.3
v -17.1168 -12.9285 -25.3
v -16.1547 -12.3434 -25.3
v -15.2812 -11.6328 -25.3
v -14.5127 -10.8099 -25.3
v -13.8633 -9.89 -25.3
v -13.3453 -8.8902 -25.3
v -12.9682 -7.8293 -25.3
v -12.7391 -6.7268 -25.3
v -12.6623 -5.6034 -25.3
v -11.4903 -4.3886 -25.3
v -11.4123 -5.6034 -25.3
v -11.723 -3.1937 -25.3
v -12.1066 -2.0384 -25.3
v -12.6348 -0.9416 -25.3
v -13.2989 0.0786 -25.3
v -14.088 1.0056 -25.3
v -14.9891 1.824 -25.3
v -15.9876 2.5204 -25.3
v -17.0668 3.0835 -25.3
v -18.2093 3.5039 -25.3
v -19.3961 3.7748 -25.3
v -20.6078 3.8917 -25.3
v -21.8245 3.8527 -25.3
v -23.0262 3.6584 -25.3
v -24.1933 3.312 -25.3
v -25.3064 2.8193 -25.3
v -26.3474 2.1882 -25.3
v -27.2991 1.4292 -25.3
v -28.146 0.5547 -25.3
v -28.8741 -0.4208 -25.3
v -29.4715 -1.4815 -25.3
v -29.9283 -2.6099 -25.3
v -30.2371 -3.7874 -25.3
v -30.3928 -4.9948 -25.3
v -30.3928 -6.2121 -25.3
v -30.2371 -7.4194 -25.3
v -29.9283 -8.597 -25.3
v -29.4715 -9.7253 -25.3
v -28.8741 -10.786 -25.3
v -28.146 -11.7616 -25.3
v -27.2991 -12.6361 -25.3
v -26.3474 -13.3951 -25.3
v -25.3064 -14.0261 -25.3
v -24.1933 -14.5189 -25.3
v -23.0262 -14.8652 -25.3
v -21.8245 -15.0595 -25.3
v -20.6078 -15.0985 -25.3
v -19.3961 -14.9817 -25.3
v -18.2093 -14.7108 -25.3
v -17.0668 -14.2903 -25.3
v -15.9876 -13.7273 -25.3
v -14.9891 -13.0308 -25.3
v -14.088 -12.2124 -25.3
v -13.2989 -11.2855 -25.3
v -12.6348 -10.2652 -25.3
v -12.1066 -9.1685 -25.3
v -11.723 -8.0131 -25.3
v -11.4903 -6.8183 -25.3
v -2.4347 37.9219 14.8
v -2.4347 37.9219 15.8
v 0 38 14.8
v -4.8593 37.688 15.8
v -4.8593 37.688 14.8
v -7.264 37.2992 15.8
v -7.264 37.2992 14.8
v -9.6389 36.7572 15.8
v -9.6389 36.7572 14.8
v -11.9741 36.0641 15.8
v -11.9741 36.0641 14.8
v -14.2601 35.2228 15.8
v -14.2601 35.2228 14.8
v -16.4876 34.2368 15.8
v -16.4876 34.2368 14.8
v -18.6473 33.1101 15.8
v -18.6473 33.1101 14.8
v -20.7303 31.8473 15.8
v -20.7303 31.8473 14.8
v -22.7282 30.4537 15.8
v -22.7282 30.4537 14.8
v -24.6327 28.9349 15.8
v -24.6327 28.9349 14.8
v -26.4359 27.2973 15.8
v -26.4359 27.2973 14.8
v -28.1306 25.5474 15.8
v -28.1306 25.5474 14.8
v -29.7096 23.6926 15.8
v -29.7096 23.6926 14.8
v -31.1665 21.7404 15.8
v -31.1665 21.7404 14.8
v -32.4954 19.6989 15.8
v -32.4954 19.6989 14.8
v -33.6908 17.5765 15.8
v -33.6908 17.5765 14.8
v -34.7477 15.3818 15.8
v -34.7477 15.3818 14.8
v -35.6618 13.1239 15.8
v -35.6618 13.1239 14.8
v -36.4294 10.812 15.8
v -36.4294 10.812 14.8
v -37.0473 8.4558 15.8
v -37.0473 8.4558 14.8
v -37.5129 6.0648 15.8
v -37.5129 6.0648 14.8
v -37.8244 3.6489 15.8
v -37.8244 3.6489 14.8
v -37.9805 1.218 15.8
v -37.9805 1.218 14.8
v -37.9805 -1.218 15.8
v -37.9805 -1.218 14.8
v -37.8244 -3.6489 15.8
v -37.8244 -3.6489 14.8
v -37.5129 -6.0648 15.8
v -37.5129 -6.0648 14.8
v -37.0473 -8.4558 15.8
v -37.0473 -8.4558 14.8
v -36.4294 -10.812 15.8
v -36.4294 -10.812 14.8
v -35.6618 -13.1239 15.8
v -35.6618 -13.1239 14.8
v -34.7477 -15.3818 15.8
v -34.7477 -15.3818 14.8
v -33.6908 -17.5765 15.8
v -33.6908 -17.5765 14.8
v -32.4954 -19.6989 15.8
v -32.4954 -19.6989 14.8
v -31.1665 -21.7404 15.8
v -31.1665 -21.7404 14.8
v -29.7096 -23.6926 15.8
v -29.7096 -23.6926 14.8
v -28.1306 -25.5474 15.8
v -28.1306 -25.5474 14.8
v -26.4359 -27.2973 15.8
v -26.4359 -27.2973 14.8
v -24.6327 -28.9349 15.8
v -24.6327 -28.9349 14.8
v -22.7282 -30.4537 15.8
v -22.7282 -30.4537 14.8
v -20.7303 -31.8473 15.8
v -20.7303 -31.8473 14.8
v -18.6473 -33.1101 15.8
v -18.6473 -33.1101 14.8
v -16.4876 -34.2368 15.8
v -16.4876 -34.2368 14.8
v -14.2601 -35.2228 15.8
v -14.2601 -35.2228 14.8
v -11.9741 -36.0641 15.8
v -11.9741 -36.0641 14.8
v -9.6389 -36.7572 15.8
v -9.6389 -36.7572 14.8
v -7.264 -37.2992 15.8
v -7.264 -37.2992 14.8
v -4.8593 -37.688 15.8
v -4.8593 -37.688 14.8
v -2.4347 -37.9219 15.8
v -2.4347 -37.9219 14.8
v 0 -38 15.8
v 0 -38 14.8
v 2.4347 -37.9219 15.8
v 2.4347 -37.9219 14.8
v 4.8593 -37.688 15.8
v 4.8593 -37.688 14.8
v 7.264 -37.2992 15.8
v 7.264 -37.2992 14.8
v 9.6389 -36.7572 15.8
v 9.6389 -36.7572 14.8
v 11.9741 -36.0641 15.8
v 11.9741 -36.0641 14.8
v 14.2601 -35.2228 15.8
v 14.2601 -35.2228 14.8
v 16.4876 -34.2368 15.8
v 16.4876 -34.2368 14.8
v 18.6473 -33.1101 15.8
v 18.6473 -33.1101 14.8
v 20.7303 -31.8473 15.8
v 20.7303 -31.8473 14.8
v 22.7282 -30.4537 15.8
v 22.7282 -30.4537 14.8
v 24.6327 -28.9349 15.8
v 24.6327 -28.9349 14.8
v 26.4359 -27.2973 15.8
v 26.4359 -27.2973 14.8
v 28.1306 -25.5474 15.8
v 28.1306 -25.5474 14.8
v 29.7096 -23.6926 15.8
v 29.7096 -23.6926 14.8
v 31.1665 -21.7404 15.8
v 31.1665 -21.7404 14.8
v 32.4954 -19.6989 15.8
v 32.4954 -19.6989 14.8
v 33.6908 -17.5765 15.8
v 33.6908 -17.5765 14.8
v 34.7477 -15.3818 15.8
v 34.7477 -15.3818 14.8
v 35.6618 -13.1239 15.8
v 35.6618 -13.1239 14.8
v 36.4294 -10.812 15.8
v 36.4294 -10.812 14.8
v 37.0473 -8.4558 15.8
v 37.0473 -8.4558 14.8
v 37.5129 -6.0648 15.8
v 37.5129 -6.0648 14.8
v 37.8244 -3.6489 15.8
v 37.8244 -3.6489 14.8
v 37.9805 -1.218 15.8
v 37.9805 -1.218 14.8
v 37.9805 1.218 15.8
v 37.9805 1.218 14.8
v 37.8244 3.6489 15.8
v 37.8244 3.6489 14.8
v 37.5129 6.0648 15.8
v 37.5129 6.0648 14.8
v 37.0473 8.4558 15.8
v 37.0473 8.4558 14.8
v 36.4294 10.812 15.8
v 36.4294 10.812 14.8
v 35.6618 13.1239 15.8
v 35.6618 13.1239 14.8
v 34.7477 15.3818 15.8
v 34.7477 15.3818 14.8
v 33.6908 17.5765 15.8
v 33.6908 17.5765 14.8
v 32.4954 19.6989 15.8
v 32.4954 19.6989 14.8
v 31.1665 21.7404 15.8
v 31.1665 21.7404 14.8
v 29.7096 23.6926 15.8
v 29.7096 23.6926 14.8
v 28.1306 25.5474 15.8
v 28.1306 25.5474 14.8
v 26.4359 27.2973 15.8
v 26.4359 27.2973 14.8
v 24.6327 28.9349 15.8
v 24.6327 28.9349 14.8
v 22.7282 30.4537 15.8
v 22.7282 30.4537 14.8
v 20.7303 31.8473 15.8
v 20.7303 31.8473 14.8
v 18.6473 33.1101 15.8
v 18.6473 33.1101 14.8
v 16.4876 34.2368 15.8
v 16.4876 34.2368 14.8
v 14.2601 35.2228 15.8
v 14.2601 35.2228 14.8
v 11.9741 36.0641 15.8
v 11.9741 36.0641 14.8
v 9.6389 36.7572 15.8
v 9.6389 36.7572 14.8
v 7.264 37.2992 15.8
v 7.264 37.2992 14.8
v 4.8593 37.688 15.8
v 4.8593 37.688 14.8
v 2.4347 37.9219 15.8
v 2.4347 37.9219 14.8
v 0 38 15.8
v 2.4868 39.9226 14.8
v 0 40 14.8
v 4.9639 39.6908 14.8
v 7.4219 39.3054 14.8
v 9.8512 38.768 14.8
v 12.2423 38.0805 14.8
v 14.5861 37.2458 14.8
v 16.8734 36.2669 14.8
v 19.0955 35.1477 14.8
v 21.2436 33.8926 14.8
v 23.3096 32.5063 14.8
v 25.2855 30.9943 14.8
v 27.1634 29.3623 14.8
v 28.9363 27.6168 14.8
v 30.5973 25.7644 14.8
v 32.1399 23.8124 14.8
v 33.5581 21.7682 14.8
v 34.8465 19.6398 14.8
v 36.0001 17.4354 14.8
v 37.0144 15.1635 14.8
v 37.8855 12.833 14.8
v 38.6101 10.4529 14.8
v 39.1852 8.0323 14.8
v 39.6088 5.5806 14.8
v 39.8791 3.1073 14.8
v 39.9952 0.6221 14.8
v 39.9565 -1.8656 14.8
v 39.7632 -4.3461 14.8
v 39.4161 -6.8097 14.8
v 38.9165 -9.247 14.8
v 38.2663 -11.6486 14.8
v 37.4681 -14.0051 14.8
v 36.5249 -16.3073 14.8
v 35.4404 -18.5465 14.8
v 34.2189 -20.714 14.8
v 32.8649 -22.8013 14.8
v -4.9639 39.6908 14.8
v -2.4868 39.9226 14.8
v -7.4219 39.3054 14.8
v -9.8512 38.768 14.8
v -12.2423 38.0805 14.8
v -14.5861 37.2458 14.8
v -16.8734 36.2669 14.8
v -19.0955 35.1477 14.8
v -21.2436 33.8926 14.8
v -23.3096 32.5063 14.8
v -25.2855 30.9943 14.8
v -27.1634 29.3623 14.8
v -28.9363 27.6168 14.8
v -30.5973 25.7644 14.8
v -32.1399 23.8124 14.8
v -33.5581 21.7682 14.8
v -34.8465 19.6398 14.8
v -36.0001 17.4354 14.8
v -37.0144 15.1635 14.8
v -37.8855 12.833 14.8
v -38.6101 10.4529 14.8
v -39.1852 8.0323 14.8
v -39.6088 5.5806 14.8
v -39.8791 3.1073 14.8
v -39.9952 0.6221 14.8
v -39.9565 -1.8656 14.8
v -39.7632 -4.3461 14.8
v -39.4161 -6.8097 14.8
v -38.9165 -9.247 14.8
v -38.2663 -11.6486 14.8
v -37.4681 -14.0051 14.8
v -36.5249 -16.3073 14.8
v -35.4404 -18.5465 14.8
v -34.2189 -20.714 14.8
v -32.8649 -22.8013 14.8
v -31.3838 -24.8004 14.8
v -29.7812 -26.7035 14.8
v -28.0635 -28.5034 14.8
v -26.2371 -30.1929 14.8
v -24.3093 -31.7657 14.8
v -22.2874 -33.2155 14.8
v -20.1793 -34.5369 14.8
v -17.9931 -35.7246 14.8
v -15.7373 -36.7741 14.8
v -13.4207 -37.6814 14.8
v -11.0521 -38.4428 14.8
v -8.6407 -39.0556 14.8
v -6.1959 -39.5172 14.8
v -3.7272 -39.826 14.8
v -1.244 -39.9807 14.8
v 1.244 -39.9807 14.8
v 3.7272 -39.826 14.8
v 6.1959 -39.5172 14.8
v 8.6407 -39.0556 14.8
v 11.0521 -38.4428 14.8
v 13.4207 -37.6814 14.8
v 15.7373 -36.7741 14.8
v 17.9931 -35.7246 14.8
v 20.1793 -34.5369 14.8
v 22.2874 -33.2155 14.8
v 24.3093 -31.7657 14.8
v 26.2371 -30.1929 14.8
v 28.0635 -28.5034 14.8
v 29.7812 -26.7035 14.8
v 31.3838 -24.8004 14.8
v -2.4868 39.9226 15.8
v -4.9639 39.6908 15.8
v -7.4219 39.3054 15.8
v -9.8512 38.768 15.8
v -12.2423 38.0805 15.8
v -14.5861 37.2458 15.8
v -16.8734 36.2669 15.8
v -19.0955 35.1477 15.8
v -21.2436 33.8926 15.8
v -23.3096 32.5063 15.8
v -25.2855 30.9943 15.8
v -27.1634 29.3623 15.8
v -28.9363 27.6168 15.8
v -30.5973 25.7644 15.8
v -32.1399 23.8124 15.8
v -33.5581 21.7682 15.8
v -34.8465 19.6398 15.8
v -36.0001 17.4354 15.8
v -37.0144 15.1635 15.8
v -37.8855 12.833 15.8
v -38.6101 10.4529 15.8
v -39.1852 8.0323 15.8
v -39.6088 5.5806 15.8
v -39.8791 3.1073 15.8
v -39.9952 0.6221 15.8
v -39.9565 -1.8656 15.8
v -39.7632 -4.3461 15.8
v -39.4161 -6.8097 15.8
v -38.9165 -9.247 15.8
v -38.2663 -11.6486 15.8
v -37.4681 -14.0051 15.8
v -36.5249 -16.3073 15.8
v -35.4404 -18.5465 15.8
v -34.2189 -20.714 15.8
v -32.8649 -22.8013 15.8
v -31.3838 -24.8004 15.8
v -29.7812 -26.7035 15.8
v -28.0635 -28.5034 15.8
v -26.2371 -30.1929 15.8
v -24.3093 -31.7657 15.8
v -22.2874 -33.2155 15.8
v -20.1793 -34.5369 15.8
v -17.9931 -35.7246 15.8
v -15.7373 -36.7741 15.8
v -13.4207 -37.6814 15.8
v -11.0521 -38.4428 15.8
v -8.6407 -39.0556 15.8
v -6.1959 -39.5172 15.8
v -3.7272 -39.826 15.8
v -1.244 -39.9807 15.8
v 1.244 -39.9807 15.8
v 3.7272 -39.826 15.8
v 6.1959 -39.5172 15.8
v 8.6407 -39.0556 15.8
v 11.0521 -38.4428 15.8
v 13.4207 -37.6814 15.8
v 15.7373 -36.7741 15.8
v 17.9931 -35.7246 15.8
v 20.1793 -34.5369 15.8
v 22.2874 -33.2155 15.8
v 24.3093 -31.7657 15.8
v 26.2371 -30.1929 15.8
v 28.0635 -28.5034 15.8
v 29.7812 -26.7035 15.8
v 31.3838 -24.8004 15.8
v 32.8649 -22.8013 15.8
v 34.2189 -20.714 15.8
v 35.4404 -18.5465 15.8
v 36.5249 -16.3073 15.8
v 37.4681 -14.0051 15.8
v 38.2663 -11.6486 15.8
v 38.9165 -9.247 15.8
v 39.4161 -6.8097 15.8
v 39.7632 -4.3461 15.8
v 39.9565 -1.8656 15.8
v 39.9952 0.6221 15.8
v 39.8791 3.1073 15.8
v 39.6088 5.5806 15.8
v 39.1852 8.0323 15.8
v 38.6101 10.4529 15.8
v 37.8855 12.833 15.8
v 37.0144 15.1635 15.8
v 36.0001 17.4354 15.8
v 34.8465 19.6398 15.8
v 33.5581 21.7682 15.8
v 32.1399 23.8124 15.8
v 30.5973 25.7644 15.8
v 28.9363 27.6168 15.8
v 27.1634 29.3623 15.8
v 25.2855 30.9943 15.8
v 23.3096 32.5063 15.8
v 21.2436 33.8926 15.8
v 19.0955 35.1477 15.8
v 16.8734 36.2669 15.8
v 14.5861 37.2458 15.8
v 12.2423 38.0805 15.8
v 9.8512 38.768 15.8
v 7.4219 39.3054 15.8
v 4.9639 39.6908 15.8
v 2.4868 39.9226 15.8
v 0 40 15.8
v 39.9226 -2.4868 20.3
v 40 0 20.3
v 39.6908 -4.9639 20.3
v 39.3054 -7.4219 20.3
v 38.768 -9.8512 20.3
v 38.0805 -12.2423 20.3
v 37.2458 -14.5861 20.3
v 36.2669 -16.8734 20.3
v 35.1477 -19.0955 20.3
v 33.8926 -21.2436 20.3
v 32.5063 -23.3096 20.3
v 30.9943 -25.2855 20.3
v 29.3623 -27.1634 20.3
v 27.6168 -28.9363 20.3
v 25.7644 -30.5973 20.3
v 23.8123 -32.1399 20.3
v 21.7682 -33.5581 20.3
v 19.6398 -34.8465 20.3
v 17.4354 -36.0001 20.3
v 15.1635 -37.0144 20.3
v 12.833 -37.8855 20.3
v 10.4529 -38.6101 20.3
v 8.0323 -39.1852 20.3
v 5.5806 -39.6088 20.3
v 3.1073 -39.8791 20.3
v 0.6221 -39.9952 20.3
v -1.8656 -39.9565 20.3
v -4.3461 -39.7632 20.3
v -6.8097 -39.4161 20.3
v -9.247 -38.9165 20.3
v -11.6486 -38.2663 20.3
v -14.0051 -37.4681 20.3
v -16.3073 -36.5249 20.3
v -18.5465 -35.4405 20.3
v -20.714 -34.2189 20.3
v -22.8013 -32.8649 20.3
v -24.8004 -31.3838 20.3
v -26.7035 -29.7812 20.3
v -28.5034 -28.0635 20.3
v -30.1929 -26.2371 20.3
v -31.7657 -24.3093 20.3
v -33.2155 -22.2874 20.3
v -34.5369 -20.1793 20.3
v -35.7246 -17.9931 20.3
v -36.7741 -15.7373 20.3
v -37.6814 -13.4207 20.3
v -38.4428 -11.0521 20.3
v -39.0556 -8.6407 20.3
v -39.5172 -6.1959 20.3
v -39.826 -3.7272 20.3
v -39.9806 -1.244 20.3
v -39.9806 1.244 20.3
v -39.826 3.7272 20.3
v -39.5172 6.1959 20.3
v -39.0556 8.6407 20.3
v -38.4428 11.0521 20.3
v -37.6814 13.4207 20.3
v -36.7741 15.7373 20.3
v -35.7246 17.9931 20.3
v -34.5369 20.1793 20.3
v -33.2155 22.2874 20.3
v -31.7657 24.3093 20.3
v -30.1929 26.2371 20.3
v -28.5034 28.0635 20.3
v -26.7035 29.7812 20.3
v -24.8004 31.3838 20.3
v -22.8013 32.8649 20.3
v -20.714 34.2189 20.3
v -18.5465 35.4405 20.3
v -16.3073 36.5249 20.3
v -14.0051 37.4681 20.3
v -11.6486 38.2663 20.3
v -9.247 38.9165 20.3
v -6.8097 39.4161 20.3
v -4.3461 39.7632 20.3
v -1.8656 39.9565 20.3
v 0.6221 39.9952 20.3
v 3.1073 39.8791 20.3
v 5.5806 39.6088 20.3
v 8.0323 39.1852 20.3
v 10.4529 38.6101 20.3
v 12.833 37.8855 20.3
v 15.1635 37.0144 20.3
v 17.4354 36.0001 20.3
v 19.6398 34.8465 20.3
v 21.7682 33.5581 20.3
v 23.8123 32.1399 20.3
v 25.7644 30.5973 20.3
v 27.6168 28.9363 20.3
v 29.3623 27.1634 20.3
v 30.9943 25.2855 20.3
v 32.5063 23.3096 20.3
v 33.8926 21.2436 20.3
v 35.1477 19.0955 20.3
v 36.2669 16.8734 20.3
v 37.2458 14.5861 20.3
v 38.0805 12.2423 20.3
v 38.768 9.8512 20.3
v 39.3054 7.4219 20.3
v 39.6908 4.9639 20.3
v 39.9226 2.4868 20.3
v 30 0 25.3
v 29.9218 -2.1647 25.3
v 29.6876 -4.3182 25.3
v 29.2986 -6.4491 25.3
v 28.7569 -8.5464 25.3
v 28.0652 -10.5992 25.3
v 27.2273 -12.5967 25.3
v 29.9218 2.1647 25.3
v 29.6876 4.3182 25.3
v 29.2986 6.4491 25.3
v 28.7569 8.5464 25.3
v 28.0652 10.5992 25.3
v 27.2273 12.5967 25.3
v 26.2473 14.5285 25.3
v 25.1306 16.3846 25.3
v 23.8828 18.1552 25.3
v 22.5105 19.8312 25.3
v 21.0208 21.4038 25.3
v 19.4216 22.8649 25.3
v 17.7211 24.2067 25.3
v 15.9282 25.4223 25.3
v 14.0522 26.5054 25.3
v 12.1031 27.4502 25.3
v 10.0908 28.252 25.3
v 8.0259 28.9065 25.3
v 5.9191 29.4103 25.3
v 3.7815 29.7607 25.3
v 1.6242 29.956 25.3
v -0.5416 29.9951 25.3
v -2.7046 29.8778 25.3
v -4.8535 29.6048 25.3
v -6.977 29.1774 25.3
v -9.0642 28.5979 25.3
v -11.1041 27.8693 25.3
v -13.0862 26.9954 25.3
v -15 25.9808 25.3
v -16.8356 24.8307 25.3
v -18.5834 23.5511 25.3
v -20.2344 22.1488 25.3
v -21.7799 20.631 25.3
v -23.2118 19.0056 25.3
v -24.5227 17.2812 25.3
v -25.7057 15.4666 25.3
v -26.7547 13.5714 25.3
v -27.6643 11.6055 25.3
v -28.4296 9.579 25.3
v -29.0467 7.5027 25.3
v -29.5123 5.3872 25.3
v -29.8241 3.2436 25.3
v -29.9804 1.0831 25.3
v -29.9804 -1.0831 25.3
v -29.8241 -3.2436 25.3
v -29.5123 -5.3872 25.3
v -29.0467 -7.5027 25.3
v -28.4296 -9.5791 25.3
v -27.6643 -11.6055 25.3
v -26.7547 -13.5714 25.3
v -25.7057 -15.4666 25.3
v -24.5227 -17.2812 25.3
v -23.2118 -19.0056 25.3
v -21.7799 -20.631 25.3
v -20.2344 -22.1488 25.3
v -18.5834 -23.5511 25.3
v -16.8356 -24.8307 25.3
v -15 -25.9808 25.3
v -13.0862 -26.9954 25.3
v -11.1041 -27.8693 25.3
v -9.0642 -28.5979 25.3
v -6.977 -29.1774 25.3
v -4.8535 -29.6048 25.3
v -2.7046 -29.8778 25.3
v -0.5416 -29.9951 25.3
v 1.6242 -29.956 25.3
v 3.7815 -29.7607 25.3
v 5.9191 -29.4103 25.3
v 8.0259 -28.9065 25.3
v 10.0908 -28.252 25.3
v 12.1031 -27.4502 25.3
v 14.0522 -26.5054 25.3
v 15.9282 -25.4223 25.3
v 17.7211 -24.2067 25.3
v 19.4216 -22.8649 25.3
v 21.0208 -21.4038 25.3
v 22.5105 -19.8312 25.3
v 23.8828 -18.1552 25.3
v 25.1306 -16.3846 25.3
v 26.2473 -14.5285 25.3
v 34.6115 -1.4948 -18.9217
v 33.1615 -1.4948 -18.9217
v 34.6115 0 -19
v 33.1615 -2.9731 -18.6875
v 34.6115 -2.9731 -18.6875
v 33.1615 -4.4189 -18.3001
v 34.6115 -4.4189 -18.3001
v 33.1615 -5.8163 -17.7637
v 34.6115 -5.8163 -17.7637
v 33.1615 -7.15 -17.0842
v 34.6115 -7.15 -17.0842
v 33.1615 -8.4053 -16.2689
v 34.6115 -8.4053 -16.2689
v 33.1615 -9.5686 -15.327
v 34.6115 -9.5686 -15.327
v 33.1615 -10.627 -14.2686
v 34.6115 -10.627 -14.2686
v 33.1615 -11.5689 -13.1053
v 34.6115 -11.5689 -13.1053
v 33.1615 -12.3842 -11.85
v 34.6115 -12.3842 -11.85
v 33.1615 -13.0637 -10.5163
v 34.6115 -13.0637 -10.5163
v 33.1615 -13.6001 -9.1189
v 34.6115 -13.6001 -9.1189
v 33.1615 -13.9875 -7.6731
v 34.6115 -13.9875 -7.6731
v 33.1615 -14.2217 -6.1948
v 34.6115 -14.2217 -6.1948
v 33.1615 -14.3 -4.7
v 34.6115 -14.3 -4.7
v 33.1615 -14.2217 -3.2052
v 34.6115 -14.2217 -3.2052
v 33.1615 -13.9875 -1.7269
v 34.6115 -13.9875 -1.7269
v 33.1615 -13.6001 -0.2811
v 34.6115 -13.6001 -0.2811
v 33.1615 -13.0637 1.1163
v 34.6115 -13.0637 1.1163
v 33.1615 -12.3842 2.45
v 34.6115 -12.3842 2.45
v 33.1615 -11.5689 3.7053
v 34.6115 -11.5689 3.7053
v 33.1615 -10.627 4.8686
v 34.6115 -10.627 4.8686
v 33.1615 -9.5686 5.927
v 34.6115 -9.5686 5.927
v 33.1615 -8.4053 6.8689
v 34.6115 -8.4053 6.8689
v 33.1615 -7.15 7.6842
v 34.6115 -7.15 7.6842
v 33.1615 -5.8163 8.3637
v 34.6115 -5.8163 8.3637
v 33.1615 -4.4189 8.9001
v 34.6115 -4.4189 8.9001
v 33.1615 -2.9731 9.2875
v 34.6115 -2.9731 9.2875
v 33.1615 -1.4948 9.5217
v 34.6115 -1.4948 9.5217
v 33.1615 0 9.6
v 34.6115 0 9.6
v 33.1615 1.4948 9.5217
v 34.6115 1.4948 9.5217
v 33.1615 2.9731 9.2875
v 34.6115 2.9731 9.2875
v 33.1615 4.4189 8.9001
v 34.6115 4.4189 8.9001
v 33.1615 5.8163 8.3637
v 34.6115 5.8163 8.3637
v 33.1615 7.15 7.6842
v 34.6115 7.15 7.6842
v 33.1615 8.4053 6.8689
v 34.6115 8.4053 6.8689
v 33.1615 9.5686 5.927
v 34.6115 9.5686 5.927
v 33.1615 10.627 4.8686
v 34.6115 10.627 4.8686
v 33.1615 11.5689 3.7053
v 34.6115 11.5689 3.7053
v 33.1615 12.3842 2.45
v 34.6115 12.3842 2.45
v 33.1615 13.0637 1.1163
v 34.6115 13.0637 1.1163
v 33.1615 13.6001 -0.2811
v 34.6115 13.6001 -0.2811
v 33.1615 13.9875 -1.7269
v 34.6115 13.9875 -1.7269
v 33.1615 14.2217 -3.2052
v 34.6115 14.2217 -3.2052
v 33.1615 14.3 -4.7
v 34.6115 14.3 -4.7
v 33.1615 14.2217 -6.1948
v 34.6115 14.2217 -6.1948
v 33.1615 13.9875 -7.6731
v 34.6115 13.9875 -7.6731
v 33.1615 13.6001 -9.1189
v 34.6115 13.6001 -9.1189
v 33.1615 13.0637 -10.5163
v 34.6115 13.0637 -10.5163
v 33.1615 12.3842 -11.85
v 34.6115 12.3842 -11.85
v 33.1615 11.5689 -13.1053
v 34.6115 11.5689 -13.1053
v 33.1615 10.627 -14.2686
v 34.6115 10.627 -14.2686
v 33.1615 9.5686 -15.327
v 34.6115 9.5686 -15.327
v 33.1615 8.4053 -16.2689
v 34.6115 8.4053 -16.2689
v 33.1615 7.15 -17.0842
v 34.6115 7.15 -17.0842
v 33.1615 5.8163 -17.7637
v 34.6115 5.8163 -17.7637
v 33.1615 4.4189 -18.3001
v 34.6115 4.4189 -18.3001
v 33.1615 2.9731 -18.6875
v 34.6115 2.9731 -18.6875
v 33.1615 1.4948 -18.9217
v 34.6115 1.4948 -18.9217
v 33.1615 0 -19
v 35.6115 -1.3451 -16.4231
v 35.6069 -0.5973 -16.6687
v 35.6115 0 -16.5
v 35.6069 -1.7861 -16.5498
v 35.6115 -2.6727 -16.1933
v 35.6069 -2.957 -16.313
v 35.4958 -3.1359 -17.0156
v 35.4958 -4.3466 -16.6422
v 35.2411 -4.5819 -17.2885
v 35.2411 -5.8125 -16.7698
v 34.8531 -6.0826 -17.3306
v 34.8531 -7.3099 -16.6622
v 34.8531 -4.7947 -17.8734
v 35.2411 -3.3057 -17.6822
v 35.4958 -1.8941 -17.2667
v 35.6115 -3.9654 -15.8138
v 35.6069 -4.0986 -15.9609
v 35.4958 -5.5141 -16.1501
v 35.2411 -6.9854 -16.1311
v 34.8531 -8.4647 -15.8749
v 35.6069 -5.1995 -15.4969
v 35.4958 -6.6267 -15.5441
v 35.2411 -8.0888 -15.3787
v 34.8531 -9.5353 -14.9766
v 35.6115 -6.3796 -14.6268
v 35.6069 -6.2487 -14.9255
v 35.6115 -5.2064 -15.2893
v 35.6069 -7.2358 -14.2525
v 35.6115 -7.4695 -13.8349
v 35.6069 -8.1509 -13.4846
v 35.4958 -8.6441 -14.0161
v 35.4958 -9.5287 -13.1091
v 35.2411 -10.0444 -13.5642
v 35.2411 -10.8771 -12.5201
v 34.8531 -11.3825 -12.8834
v 34.8531 -12.1407 -11.7094
v 34.8531 -12.7783 -10.4658
v 34.8531 -13.2889 -9.1648
v 34.8531 -13.6674 -7.8195
v 34.8531 -13.9101 -6.4432
v 34.8531 -14.0145 -5.0495
v 34.8531 -13.9797 -3.6524
v 34.8531 -13.8059 -2.2656
v 34.8531 -13.4949 -0.9031
v 34.8531 -13.0498 0.4217
v 34.8531 -12.475 1.6956
v 34.8531 -11.7762 2.9059
v 34.8531 -10.9604 4.0406
v 34.8531 -10.0357 5.0885
v 34.8531 -9.0112 6.0391
v 34.8531 -7.8971 6.8829
v 34.8531 -6.7046 7.6117
v 34.8531 -5.447 8.2174
v 34.8531 -4.1321 8.6961
v 34.8531 -2.7778 9.0409
v 34.8531 -1.3958 9.2492
v 34.8531 0 9.3189
v 34.8531 1.3958 9.2492
v 35.2411 0 8.6964
v 35.2411 1.3338 8.6299
v 35.4958 0 8.0086
v 35.4958 1.2654 7.9455
v 35.6069 0 7.2836
v 35.6069 1.1932 7.2241
v 35.6115 0.6736 7.0808
v 35.6115 2.0122 6.9272
v 35.6069 2.3745 7.046
v 35.6115 3.3244 6.622
v 35.6069 3.5322 6.7512
v 35.4958 3.7459 7.444
v 35.4958 4.9436 7.0077
v 35.2411 5.2081 7.6426
v 35.2411 6.4069 7.065
v 34.8531 6.7046 7.6117
v 34.8531 7.8971 6.8829
v 34.8531 5.447 8.2174
v 35.2411 3.9487 8.1013
v 35.4958 2.5182 7.7566
v 35.6115 -8.4621 -12.9239
v 35.6069 -8.9851 -12.6294
v 35.4958 -10.3186 -12.1186
v 35.2411 -11.6016 -11.3982
v 35.6115 -9.3444 -11.9056
v 35.6069 -9.7299 -11.6954
v 35.4958 -11.006 -11.0543
v 35.2411 -12.2109 -10.2098
v 35.6115 -10.1049 -10.7935
v 35.6069 -10.3781 -10.6918
v 35.4958 -11.584 -9.9269
v 35.2411 -12.6988 -8.9666
v 35.6115 -10.7337 -9.6019
v 35.6069 -10.9231 -9.6287
v 35.4958 -12.0468 -8.7475
v 35.2411 -13.0605 -7.681
v 35.6069 -11.3596 -8.5166
v 35.4958 -12.39 -7.5279
v 35.2411 -13.2925 -6.3658
v 35.6115 -11.565 -7.0434
v 35.6069 -11.6831 -7.3666
v 35.6115 -11.2225 -8.3464
v 35.6069 -11.8906 -6.1901
v 35.6115 -11.7567 -5.7098
v 35.6069 -11.9799 -4.9988
v 35.4958 -12.7047 -5.0168
v 35.4958 -12.6731 -3.7503
v 35.2411 -13.359 -3.6989
v 35.2411 -13.1929 -2.3737
v 35.2411 -13.3923 -5.034
v 35.4958 -12.61 -6.2802
v 35.6115 -11.7952 -4.363
v 35.6069 -11.9501 -3.8045
v 35.4958 -12.5155 -2.4932
v 35.2411 -12.8957 -1.0717
v 35.6115 -11.6799 -3.0207
v 35.6069 -11.8015 -2.6191
v 35.4958 -12.2336 -1.258
v 35.2411 -12.4704 0.1943
v 35.6115 -11.4123 -1.7002
v 35.6069 -11.5357 -1.4544
v 35.4958 -11.8301 -0.057
v 35.2411 -11.9211 1.4116
v 35.6115 -10.996 -0.4189
v 35.6069 -11.1552 -0.3219
v 35.4958 -11.309 1.0978
v 35.2411 -11.2533 2.5682
v 35.6069 -10.6639 0.767
v 35.4958 -10.6756 2.195
v 35.2411 -10.4737 3.6525
v 35.6115 -9.7406 1.9604
v 35.6069 -10.0665 1.8017
v 35.6115 -10.4363 0.8067
v 35.6069 -9.3692 2.7717
v 35.6115 -8.9178 3.0274
v 35.6069 -8.5787 3.6674
v 35.4958 -9.0977 4.1736
v 35.4958 -8.1689 5.0354
v 35.2411 -8.6111 5.5623
v 35.2411 -7.5465 6.3686
v 35.2411 -9.5901 4.6539
v 35.4958 -9.936 3.2237
v 35.6115 -7.9789 3.9935
v 35.6069 -7.7029 4.48
v 35.4958 -7.159 5.8003
v 35.2411 -6.4069 7.065
v 35.2411 -5.2081 7.6426
v 35.2411 -3.9487 8.1013
v 35.6115 -6.9359 4.8464
v 35.6069 -6.7506 5.2013
v 35.4958 -6.0779 6.461
v 35.4958 -4.9436 7.0077
v 35.4958 -3.7459 7.444
v 35.2411 -2.6545 8.4308
v 35.6115 -5.8025 5.5748
v 35.6069 -5.7312 5.8243
v 35.6069 -4.6642 6.3387
v 35.6069 -3.5322 6.7512
v 35.4958 -2.5182 7.7566
v 35.2411 -1.3338 8.6299
v 35.6115 -4.5934 6.1693
v 35.6115 -3.3244 6.622
v 35.6069 -2.3745 7.046
v 35.6115 -2.0122 6.9272
v 35.6069 -1.1932 7.2241
v 35.6115 -0.6736 7.0808
v 35.4958 -1.2654 7.9455
v 35.6115 4.5934 6.1693
v 35.6069 4.6642 6.3387
v 35.4958 6.078 6.461
v 35.2411 7.5465 6.3686
v 34.8531 9.0112 6.0391
v 35.6069 5.7312 5.8243
v 35.4958 7.159 5.8003
v 35.2411 8.6111 5.5623
v 34.8531 10.0357 5.0885
v 35.6115 6.9359 4.8464
v 35.6069 6.7506 5.2013
v 35.6115 5.8025 5.5748
v 35.6069 7.7029 4.48
v 35.6115 7.9789 3.9935
v 35.6069 8.5787 3.6674
v 35.4958 9.0977 4.1736
v 35.4958 9.936 3.2237
v 35.2411 10.4737 3.6525
v 35.2411 11.2533 2.5682
v 34.8531 11.7762 2.9059
v 34.8531 12.475 1.6956
v 34.8531 10.9604 4.0406
v 35.2411 9.5901 4.6539
v 35.4958 8.1689 5.0354
v 35.6115 8.9178 3.0274
v 35.6069 9.3692 2.7717
v 35.4958 10.6756 2.195
v 35.2411 11.9211 1.4116
v 34.8531 13.0498 0.4217
v 35.6115 9.7406 1.9604
v 35.6069 10.0665 1.8017
v 35.4958 11.309 1.0978
v 35.2411 12.4704 0.1943
v 34.8531 13.4949 -0.9031
v 35.6115 10.4363 0.8067
v 35.6069 10.6639 0.767
v 35.4958 11.8301 -0.057
v 35.2411 12.8957 -1.0717
v 34.8531 13.8059 -2.2656
v 35.6115 10.996 -0.4189
v 35.6069 11.1552 -0.3219
v 35.4958 12.2336 -1.258
v 35.2411 13.1929 -2.3737
v 34.8531 13.9797 -3.6524
v 35.6069 11.5357 -1.4544
v 35.4958 12.5155 -2.4932
v 35.2411 13.359 -3.6989
v 34.8531 14.0145 -5.0495
v 35.6115 11.6799 -3.0207
v 35.6069 11.8015 -2.6191
v 35.6115 11.4123 -1.7002
v 35.6069 11.9501 -3.8045
v 35.6115 11.7952 -4.363
v 35.6069 11.9799 -4.9988
v 35.4958 12.7047 -5.0168
v 35.4958 12.61 -6.2802
v 35.2411 13.2925 -6.3658
v 35.2411 13.0606 -7.681
v 34.8531 13.6674 -7.8195
v 34.8531 13.2889 -9.1648
v 34.8531 13.9101 -6.4432
v 35.2411 13.3923 -5.034
v 35.4958 12.6731 -3.7503
v 35.6115 11.7567 -5.7098
v 35.6069 11.8906 -6.1901
v 35.4958 12.39 -7.5279
v 35.2411 12.6988 -8.9666
v 34.8531 12.7783 -10.4658
v 35.6115 11.565 -7.0434
v 35.6069 11.6832 -7.3666
v 35.4958 12.0468 -8.7475
v 35.2411 12.2109 -10.2098
v 34.8531 12.1407 -11.7094
v 34.8531 11.3825 -12.8834
v 34.8531 10.5111 -13.9761
v 34.8531 9.5353 -14.9766
v 34.8531 8.4647 -15.8749
v 34.8531 7.3099 -16.6622
v 34.8531 6.0826 -17.3306
v 34.8531 4.7947 -17.8734
v 34.8531 3.4593 -18.2854
v 34.8531 2.0894 -18.5623
v 34.8531 0.6988 -18.7015
v 34.8531 -0.6988 -18.7015
v 34.8531 -2.0894 -18.5623
v 34.8531 -3.4593 -18.2854
v 35.6115 11.2225 -8.3464
v 35.6069 11.3596 -8.5166
v 35.4958 11.584 -9.9269
v 35.2411 11.6016 -11.3982
v 35.6115 10.7337 -9.6019
v 35.6069 10.9231 -9.6287
v 35.4958 11.006 -11.0543
v 35.2411 10.8771 -12.5201
v 35.6069 10.3781 -10.6918
v 35.4958 10.3186 -12.1186
v 35.2411 10.0444 -13.5642
v 35.6115 9.3445 -11.9056
v 35.6069 9.73 -11.6954
v 35.6115 10.1049 -10.7935
v 35.6069 8.9851 -12.6294
v 35.6115 8.4622 -12.9239
v 35.6069 8.1509 -13.4846
v 35.4958 8.6441 -14.0161
v 35.4958 7.6735 -14.8305
v 35.2411 8.0888 -15.3787
v 35.2411 6.9854 -16.1311
v 35.2411 9.1119 -14.5203
v 35.4958 9.5287 -13.1091
v 35.6115 7.4695 -13.8349
v 35.6069 7.2358 -14.2525
v 35.4958 6.6267 -15.5441
v 35.2411 5.8125 -16.7698
v 35.6115 6.3796 -14.6268
v 35.6069 6.2487 -14.9255
v 35.4958 5.5141 -16.1501
v 35.2411 4.5819 -17.2885
v 35.6115 5.2064 -15.2893
v 35.6069 5.1995 -15.4969
v 35.4958 4.3466 -16.6422
v 35.2411 3.3057 -17.6822
v 35.6115 3.9654 -15.8138
v 35.6069 4.0986 -15.9609
v 35.4958 3.1359 -17.0156
v 35.2411 1.9966 -17.9468
v 35.6069 2.9571 -16.313
v 35.4958 1.8941 -17.2667
v 35.2411 0.6678 -18.0798
v 35.6115 1.3451 -16.4231
v 35.6069 1.7861 -16.5498
v 35.6115 2.6727 -16.1933
v 35.6069 0.5973 -16.6687
v 35.4958 -0.6335 -17.3928
v 35.2411 -1.9966 -17.9468
v 35.2411 -0.6678 -18.0798
v 35.4958 0.6335 -17.3928
v 34.8531 4.1321 8.6961
v 35.2411 2.6545 8.4308
v 34.8531 2.7778 9.0409
v 34.8531 -10.5111 -13.9761
v 35.2411 -9.1119 -14.5203
v 35.4958 -7.6735 -14.8305
v 36.6115 -1.2345 -14.4723
v 36.569 -1.1532 -14.9352
v 36.6115 0 -14.55
v 36.569 -2.2919 -14.7417
v 36.6115 -2.4496 -14.2405
v 36.569 -3.4019 -14.422
v 36.383 -3.5909 -14.9623
v 36.383 -4.7174 -14.4957
v 36.0605 -4.9379 -14.9536
v 36.0605 -6.0549 -14.3362
v 35.6217 -6.2741 -14.6851
v 35.6217 -7.3526 -13.9199
v 35.6217 -5.1166 -15.3248
v 36.0605 -3.7588 -15.442
v 36.383 -2.4193 -15.2998
v 36.6115 -3.626 -13.8583
v 36.569 -4.469 -13.9799
v 36.383 -5.7845 -13.9059
v 36.0605 -7.0957 -13.5977
v 35.6217 -8.3387 -13.0387
v 36.6115 -4.7453 -13.3316
v 36.569 -5.4799 -13.4212
v 36.383 -6.7788 -13.2004
v 36.0605 -8.0473 -12.7473
v 35.6217 -9.2199 -12.0526
v 36.6115 -5.7897 -12.6688
v 36.569 -6.4219 -12.7528
v 36.383 -7.6879 -12.388
v 36.0605 -8.8977 -11.7957
v 35.6217 -9.9851 -10.9741
v 36.6115 -6.7428 -11.8803
v 36.569 -7.2832 -11.9832
v 36.383 -8.5004 -11.4788
v 36.0605 -9.6362 -10.7549
v 35.6217 -10.6248 -9.8166
v 36.6115 -7.5896 -10.9786
v 36.569 -8.0528 -11.1219
v 36.383 -9.2059 -10.4845
v 36.0605 -10.2536 -9.6379
v 35.6217 -11.1309 -8.5949
v 36.6115 -8.3166 -9.9779
v 36.569 -8.7212 -10.1799
v 36.383 -9.7957 -9.4174
v 36.0605 -10.742 -8.4588
v 35.6217 -11.497 -7.3241
v 36.569 -9.2799 -9.169
v 36.383 -10.2623 -8.2909
v 36.0605 -11.0953 -7.2324
v 35.6217 -11.7185 -6.0204
v 36.6115 -9.3679 -7.7438
v 36.569 -9.7219 -8.1019
v 36.6115 -8.9125 -8.8939
v 36.569 -10.0417 -6.992
v 36.6115 -9.6755 -6.5457
v 36.569 -10.2352 -5.8532
v 36.383 -10.804 -5.9173
v 36.383 -10.8724 -4.7
v 36.0605 -11.3806 -4.7
v 36.0605 -11.3091 -3.4258
v 35.6217 -11.7185 -3.3796
v 35.6217 -11.497 -2.0759
v 35.6217 -11.7927 -4.7
v 36.0605 -11.3091 -5.9742
v 36.383 -10.5998 -7.1193
v 36.6115 -9.8306 -5.3185
v 36.569 -10.2999 -4.7
v 36.383 -10.804 -3.4827
v 36.0605 -11.0953 -2.1676
v 35.6217 -11.1309 -0.8051
v 36.6115 -9.8306 -4.0815
v 36.569 -10.2352 -3.5468
v 36.383 -10.5998 -2.2807
v 36.0605 -10.742 -0.9412
v 35.6217 -10.6248 0.4166
v 36.6115 -9.6755 -2.8543
v 36.569 -10.0417 -2.408
v 36.383 -10.2623 -1.1091
v 36.0605 -10.2536 0.2379
v 35.6217 -9.9851 1.5741
v 36.6115 -9.3679 -1.6562
v 36.569 -9.7219 -1.2981
v 36.383 -9.7957 0.0174
v 36.0605 -9.6362 1.3549
v 35.6217 -9.2199 2.6526
v 36.6115 -8.9125 -0.5061
v 36.569 -9.2799 -0.231
v 36.383 -9.2059 1.0845
v 36.0605 -8.8977 2.3957
v 35.6217 -8.3387 3.6387
v 36.6115 -8.3166 0.5779
v 36.569 -8.7212 0.7799
v 36.383 -8.5004 2.0788
v 36.0605 -8.0473 3.3473
v 35.6217 -7.3526 4.5199
v 36.569 -8.0528 1.7219
v 36.383 -7.6879 2.988
v 36.0605 -7.0957 4.1977
v 35.6217 -6.2741 5.2851
v 36.6115 -6.7428 2.4803
v 36.569 -7.2832 2.5832
v 36.6115 -7.5896 1.5786
v 36.569 -6.4219 3.3528
v 36.6115 -5.7897 3.2688
v 36.569 -5.4799 4.0212
v 36.383 -5.7845 4.5059
v 36.383 -4.7174 5.0957
v 36.0605 -4.9379 5.5536
v 36.0605 -3.7588 6.042
v 35.6217 -3.8949 6.4309
v 35.6217 -2.6241 6.797
v 35.6217 -5.1166 5.9248
v 36.0605 -6.0549 4.9362
v 36.383 -6.7788 3.8004
v 36.6115 -4.7453 3.9316
v 36.569 -4.469 4.5799
v 36.383 -3.5909 5.5623
v 36.0605 -2.5324 6.3953
v 35.6217 -1.3204 7.0185
v 36.6115 -3.626 4.4583
v 36.569 -3.4019 5.022
v 36.383 -2.4193 5.8998
v 36.0605 -1.2742 6.609
v 35.6217 0 7.0926
v 36.6115 -2.4496 4.8405
v 36.569 -2.2919 5.3417
v 36.383 -1.2173 6.104
v 36.0605 0 6.6806
v 35.6217 1.3204 7.0185
v 36.6115 -1.2345 5.0723
v 36.569 -1.1532 5.5352
v 36.383 0 6.1724
v 36.0605 1.2742 6.609
v 35.6217 2.6241 6.797
v 36.6115 0 5.15
v 36.569 0 5.5999
v 36.383 1.2173 6.104
v 36.0605 2.5324 6.3953
v 35.6217 3.8949 6.4309
v 36.569 1.1532 5.5352
v 36.383 2.4193 5.8998
v 36.0605 3.7588 6.042
v 35.6217 5.1166 5.9248
v 36.6115 2.4496 4.8405
v 36.569 2.2919 5.3417
v 36.6115 1.2345 5.0723
v 36.569 3.4019 5.022
v 36.6115 3.626 4.4583
v 36.569 4.469 4.5799
v 36.383 4.7174 5.0957
v 36.383 5.7845 4.5059
v 36.0605 6.0549 4.9362
v 36.0605 7.0957 4.1977
v 35.6217 7.3526 4.5199
v 35.6217 8.3387 3.6387
v 35.6217 6.2741 5.2851
v 36.0605 4.9379 5.5536
v 36.383 3.5909 5.5623
v 36.6115 4.7453 3.9316
v 36.569 5.4799 4.0212
v 36.383 6.7788 3.8004
v 36.0605 8.0473 3.3473
v 35.6217 9.2199 2.6526
v 36.6115 5.7897 3.2688
v 36.569 6.4219 3.3528
v 36.383 7.6879 2.988
v 36.0605 8.8977 2.3957
v 35.6217 9.9851 1.5741
v 36.6115 6.7428 2.4803
v 36.569 7.2832 2.5832
v 36.383 8.5004 2.0788
v 36.0605 9.6362 1.3549
v 35.6217 10.6248 0.4166
v 36.6115 7.5896 1.5786
v 36.569 8.0528 1.7219
v 36.383 9.2059 1.0845
v 36.0605 10.2536 0.2379
v 35.6217 11.1309 -0.8051
v 36.6115 8.3166 0.5779
v 36.569 8.7212 0.7799
v 36.383 9.7957 0.0174
v 36.0605 10.742 -0.9412
v 35.6217 11.497 -2.0759
v 36.569 9.2799 -0.231
v 36.383 10.2623 -1.1091
v 36.0605 11.0953 -2.1676
v 35.6217 11.7185 -3.3796
v 36.6115 9.3679 -1.6562
v 36.569 9.7219 -1.2981
v 36.6115 8.9125 -0.5061
v 36.569 10.0417 -2.408
v 36.6115 9.6755 -2.8543
v 36.569 10.2352 -3.5468
v 36.383 10.804 -3.4827
v 36.383 10.8724 -4.7
v 36.0605 11.3806 -4.7
v 36.0605 11.3091 -5.9742
v 35.6217 11.7185 -6.0204
v 35.6217 11.497 -7.3241
v 35.6217 11.7927 -4.7
v 36.0605 11.3091 -3.4258
v 36.383 10.5998 -2.2807
v 36.6115 9.8306 -4.0815
v 36.569 10.3 -4.7
v 36.383 10.804 -5.9173
v 36.0605 11.0953 -7.2324
v 35.6217 11.1309 -8.5949
v 36.6115 9.8306 -5.3185
v 36.569 10.2352 -5.8532
v 36.383 10.5998 -7.1193
v 36.0605 10.742 -8.4588
v 35.6217 10.6248 -9.8166
v 36.6115 9.6755 -6.5457
v 36.569 10.0417 -6.992
v 36.383 10.2623 -8.2909
v 36.0605 10.2536 -9.6379
v 35.6217 9.9851 -10.9741
v 36.6115 9.3679 -7.7438
v 36.569 9.7219 -8.1019
v 36.383 9.7957 -9.4174
v 36.0605 9.6362 -10.7549
v 35.6217 9.2199 -12.0526
v 36.6115 8.9125 -8.8939
v 36.569 9.2799 -9.169
v 36.383 9.2059 -10.4845
v 36.0605 8.8977 -11.7957
v 35.6217 8.3387 -13.0387
v 36.6115 8.3166 -9.9779
v 36.569 8.7212 -10.1799
v 36.383 8.5004 -11.4788
v 36.0605 8.0473 -12.7473
v 35.6217 7.3526 -13.9199
v 36.569 8.0528 -11.1219
v 36.383 7.6879 -12.388
v 36.0605 7.0957 -13.5977
v 35.6217 6.2741 -14.6851
v 36.6115 6.7428 -11.8803
v 36.569 7.2832 -11.9832
v 36.6115 7.5896 -10.9786
v 36.569 6.4219 -12.7528
v 36.6115 5.7897 -12.6688
v 36.569 5.4799 -13.4212
v 36.383 5.7845 -13.9059
v 36.383 4.7174 -14.4957
v 36.0605 4.9379 -14.9536
v 36.0605 3.7588 -15.442
v 35.6217 3.8949 -15.8309
v 35.6217 2.6241 -16.197
v 35.6217 5.1166 -15.3248
v 36.0605 6.0549 -14.3362
v 36.383 6.7788 -13.2004
v 36.6115 4.7453 -13.3316
v 36.569 4.469 -13.9799
v 36.383 3.5909 -14.9623
v 36.0605 2.5324 -15.7953
v 35.6217 1.3204 -16.4185
v 36.6115 3.626 -13.8583
v 36.569 3.4019 -14.422
v 36.383 2.4193 -15.2998
v 36.0605 1.2742 -16.0091
v 35.6217 0 -16.4927
v 35.6217 -1.3204 -16.4185
v 35.6217 -2.6241 -16.197
v 35.6217 -3.8949 -15.8309
v 36.6115 2.4496 -14.2405
v 36.569 2.292 -14.7417
v 36.383 1.2173 -15.504
v 36.0605 0 -16.0806
v 36.6115 1.2345 -14.4723
v 36.569 1.1532 -14.9352
v 36.383 0 -15.5724
v 36.0605 -1.2742 -16.0091
v 36.569 0 -15
v 36.383 -1.2173 -15.504
v 36.0605 -2.5324 -15.7953
v 37.6115 -1.1134 -12.6221
v 37.5362 -0.5277 -13.2561
v 37.6115 0 -12.7
v 37.5362 -1.5752 -13.1264
v 37.6115 -2.2051 -12.3901
v 37.5362 -2.5987 -12.8689
v 37.3153 -2.7604 -13.3771
v 37.3153 -3.8058 -12.9721
v 36.9639 -3.9972 -13.3882
v 36.9639 -5.0346 -12.8311
v 36.9639 -2.8992 -13.8135
v 37.3153 -1.6731 -13.6506
v 37.6115 -3.2539 -12.0084
v 37.5362 -3.5829 -12.4877
v 37.3153 -4.7935 -12.4418
v 36.9639 -5.9956 -12.1508
v 37.6115 -4.2393 -11.4844
v 37.5362 -4.5127 -11.9883
v 37.3153 -5.7085 -11.794
v 36.9639 -6.8658 -11.3575
v 37.5362 -5.3742 -11.3785
v 37.3153 -6.537 -11.0387
v 36.9639 -7.6319 -10.4634
v 37.6115 -5.9452 -10.053
v 37.5362 -6.1542 -10.6675
v 37.6115 -5.1423 -10.8284
v 37.5362 -6.8408 -9.866
v 37.6115 -6.6323 -9.1735
v 37.5362 -7.4238 -8.9862
v 37.3153 -7.8857 -9.2528
v 37.3153 -8.3854 -8.2492
v 36.9639 -8.8072 -8.4277
v 36.9639 -9.1985 -7.3172
v 36.9639 -8.2823 -9.4818
v 37.3153 -7.2664 -10.1874
v 37.6115 -7.1903 -8.207
v 37.5362 -7.8943 -8.0414
v 37.3153 -8.758 -7.1919
v 36.9639 -9.4504 -6.167
v 37.6115 -7.6085 -7.1721
v 37.5362 -8.2451 -7.0459
v 37.3153 -8.9979 -6.0967
v 36.9639 -9.559 -4.9945
v 37.6115 -7.8785 -6.0892
v 37.5362 -8.4709 -6.0149
v 37.3153 -9.1013 -4.9804
v 36.9639 -9.5228 -3.8176
v 37.6115 -7.9951 -4.9792
v 37.5362 -8.5683 -4.964
v 37.3153 -9.0668 -3.8598
v 36.9639 -9.3422 -2.654
v 37.5362 -8.5357 -3.9091
v 37.3153 -8.8948 -2.752
v 36.9639 -9.0199 -1.5215
v 37.6115 -7.7624 -2.7646
v 37.5362 -8.3738 -2.8661
v 37.6115 -7.9562 -3.8638
v 37.5362 -8.085 -1.851
v 37.6115 -7.4175 -1.7031
v 37.5362 -7.6736 -0.879
v 37.3153 -8.151 -0.6413
v 37.3153 -7.5905 0.3296
v 36.9639 -7.9722 0.5826
v 36.9639 -7.2626 1.5222
v 36.9639 -8.561 -0.4371
v 37.3153 -8.588 -1.6737
v 37.6115 -6.9282 -0.7
v 37.5362 -7.1459 0.035
v 37.3153 -6.9149 1.2243
v 36.9639 -6.4429 2.3676
v 37.6115 -6.3041 0.2253
v 37.5362 -6.5099 0.8773
v 37.3153 -6.1344 2.0291
v 36.9639 -5.5256 3.1058
v 37.6115 -5.5573 1.0547
v 37.5362 -5.7751 1.635
v 37.3153 -5.261 2.732
v 36.9639 -4.5245 3.7256
v 37.6115 -4.7023 1.7721
v 37.5362 -4.9529 2.2967
v 37.3153 -4.3078 3.3222
v 36.9639 -3.4548 4.2178
v 37.6115 -3.7558 2.3636
v 37.5362 -4.0555 2.8523
v 37.3153 -3.2893 3.7907
v 36.9639 -2.3327 4.5747
v 37.5362 -3.0967 3.2934
v 37.3153 -2.221 4.1306
v 36.9639 -1.1752 4.7911
v 37.6115 -1.6633 3.1252
v 37.5362 -2.0909 3.6134
v 37.6115 -2.7362 2.8175
v 37.5362 -1.0534 3.8073
v 37.6115 -0.5581 3.2805
v 37.5362 0 3.8723
v 37.3153 0 4.4056
v 37.3153 1.119 4.3366
v 36.9639 1.1752 4.7911
v 36.9639 2.3327 4.5747
v 36.9639 0 4.8636
v 37.3153 -1.119 4.3366
v 37.6115 0.5581 3.2805
v 37.5362 1.0534 3.8073
v 37.3153 2.221 4.1306
v 36.9639 3.4548 4.2178
v 37.6115 1.6633 3.1252
v 37.5362 2.0909 3.6134
v 37.3153 3.2893 3.7907
v 36.9639 4.5245 3.7256
v 37.6115 2.7362 2.8175
v 37.5362 3.0967 3.2934
v 37.3153 4.3078 3.3222
v 36.9639 5.5256 3.1058
v 37.6115 3.7558 2.3636
v 37.5362 4.0555 2.8523
v 37.3153 5.261 2.732
v 36.9639 6.4429 2.3676
v 37.5362 4.9529 2.2967
v 37.3153 6.1344 2.0291
v 36.9639 7.2626 1.5222
v 37.6115 5.5573 1.0547
v 37.5362 5.7751 1.635
v 37.6115 4.7023 1.7721
v 37.5362 6.5099 0.8773
v 37.6115 6.3041 0.2253
v 37.5362 7.1459 0.035
v 37.3153 7.5905 0.3296
v 37.3153 8.151 -0.6413
v 36.9639 8.561 -0.4371
v 36.9639 9.0199 -1.5215
v 36.9639 7.9722 0.5826
v 37.3153 6.9149 1.2243
v 37.6115 6.9282 -0.7
v 37.5362 7.6736 -0.879
v 37.3153 8.588 -1.6737
v 36.9639 9.3422 -2.654
v 37.6115 7.4175 -1.7031
v 37.5362 8.085 -1.851
v 37.3153 8.8948 -2.752
v 36.9639 9.5228 -3.8176
v 37.6115 7.7624 -2.7646
v 37.5362 8.3738 -2.8661
v 37.3153 9.0668 -3.8598
v 36.9639 9.5591 -4.9945
v 37.6115 7.9562 -3.8638
v 37.5362 8.5358 -3.9091
v 37.3153 9.1013 -4.9804
v 36.9639 9.4504 -6.167
v 37.6115 7.9951 -4.9792
v 37.5362 8.5683 -4.964
v 37.3153 8.9979 -6.0967
v 36.9639 9.1985 -7.3172
v 37.5362 8.4709 -6.0149
v 37.3153 8.758 -7.1919
v 36.9639 8.8072 -8.4277
v 37.6115 7.6085 -7.1721
v 37.5362 8.2451 -7.0459
v 37.6115 7.8785 -6.0892
v 37.5362 7.8943 -8.0414
v 37.6115 7.1903 -8.207
v 37.5362 7.4238 -8.9862
v 37.3153 7.8857 -9.2528
v 37.3153 7.2664 -10.1874
v 36.9639 7.6319 -10.4634
v 36.9639 6.8658 -11.3575
v 36.9639 8.2823 -9.4818
v 37.3153 8.3854 -8.2492
v 37.6115 6.6323 -9.1735
v 37.5362 6.8409 -9.866
v 37.3153 6.537 -11.0387
v 36.9639 5.9956 -12.1508
v 37.6115 5.9452 -10.053
v 37.5362 6.1542 -10.6675
v 37.3153 5.7085 -11.794
v 36.9639 5.0346 -12.8311
v 37.6115 5.1423 -10.8284
v 37.5362 5.3742 -11.3785
v 37.3153 4.7935 -12.4418
v 36.9639 3.9972 -13.3882
v 37.6115 4.2394 -11.4844
v 37.5362 4.5127 -11.9883
v 37.3153 3.8058 -12.9721
v 36.9639 2.8992 -13.8135
v 37.5362 3.5829 -12.4877
v 37.3153 2.7604 -13.3771
v 36.9639 1.7573 -14.1008
v 37.6115 2.2051 -12.3901
v 37.5362 2.5987 -12.8689
v 37.6115 3.2539 -12.0084
v 37.5362 1.5752 -13.1264
v 37.6115 1.1134 -12.6221
v 37.5362 0.5277 -13.2561
v 37.3153 0.5606 -13.7884
v 37.3153 -0.5605 -13.7884
v 36.9639 -0.5887 -14.2455
v 36.9639 -1.7573 -14.1008
v 36.9639 0.5887 -14.2455
v 37.3153 1.6732 -13.6506
v 1.4948 34.6115 -18.9217
v 1.4948 33.1615 -18.9217
v 0 34.6115 -19
v 2.9731 33.1615 -18.6875
v 2.9731 34.6115 -18.6875
v 4.4189 33.1615 -18.3001
v 4.4189 34.6115 -18.3001
v 5.8163 33.1615 -17.7637
v 5.8163 34.6115 -17.7637
v 7.15 33.1615 -17.0842
v 7.15 34.6115 -17.0842
v 8.4053 33.1615 -16.2689
v 8.4053 34.6115 -16.2689
v 9.5686 33.1615 -15.327
v 9.5686 34.6115 -15.327
v 10.627 33.1615 -14.2686
v 10.627 34.6115 -14.2686
v 11.5689 33.1615 -13.1053
v 11.5689 34.6115 -13.1053
v 12.3842 33.1615 -11.85
v 12.3842 34.6115 -11.85
v 13.0637 33.1615 -10.5163
v 13.0637 34.6115 -10.5163
v 13.6001 33.1615 -9.1189
v 13.6001 34.6115 -9.1189
v 13.9875 33.1615 -7.6731
v 13.9875 34.6115 -7.6731
v 14.2217 33.1615 -6.1948
v 14.2217 34.6115 -6.1948
v 14.3 33.1615 -4.7
v 14.3 34.6115 -4.7
v 14.2217 33.1615 -3.2052
v 14.2217 34.6115 -3.2052
v 13.9875 33.1615 -1.7269
v 13.9875 34.6115 -1.7269
v 13.6001 33.1615 -0.2811
v 13.6001 34.6115 -0.2811
v 13.0637 33.1615 1.1163
v 13.0637 34.6115 1.1163
v 12.3842 33.1615 2.45
v 12.3842 34.6115 2.45
v 11.5689 33.1615 3.7053
v 11.5689 34.6115 3.7053
v 10.627 33.1615 4.8686
v 10.627 34.6115 4.8686
v 9.5686 33.1615 5.927
v 9.5686 34.6115 5.927
v 8.4053 33.1615 6.8689
v 8.4053 34.6115 6.8689
v 7.15 33.1615 7.6842
v 7.15 34.6115 7.6842
v 5.8163 33.1615 8.3637
v 5.8163 34.6115 8.3637
v 4.4189 33.1615 8.9001
v 4.4189 34.6115 8.9001
v 2.9731 33.1615 9.2875
v 2.9731 34.6115 9.2875
v 1.4948 33.1615 9.5217
v 1.4948 34.6115 9.5217
v 0 33.1615 9.6
v 0 34.6115 9.6
v -1.4948 33.1615 9.5217
v -1.4948 34.6115 9.5217
v -2.9731 33.1615 9.2875
v -2.9731 34.6115 9.2875
v -4.4189 33.1615 8.9001
v -4.4189 34.6115 8.9001
v -5.8163 33.1615 8.3637
v -5.8163 34.6115 8.3637
v -7.15 33.1615 7.6842
v -7.15 34.6115 7.6842
v -8.4053 33.1615 6.8689
v -8.4053 34.6115 6.8689
v -9.5686 33.1615 5.927
v -9.5686 34.6115 5.927
v -10.627 33.1615 4.8686
v -10.627 34.6115 4.8686
v -11.5689 33.1615 3.7053
v -11.5689 34.6115 3.7053
v -12.3842 33.1615 2.45
v -12.3842 34.6115 2.45
v -13.0637 33.1615 1.1163
v -13.0637 34.6115 1.1163
v -13.6001 33.1615 -0.2811
v -13.6001 34.6115 -0.2811
v -13.9875 33.1615 -1.7269
v -13.9875 34.6115 -1.7269
v -14.2217 33.1615 -3.2052
v -14.2217 34.6115 -3.2052
v -14.3 33.1615 -4.7
v -14.3 34.6115 -4.7
v -14.2217 33.1615 -6.1948
v -14.2217 34.6115 -6.1948
v -13.9875 33.1615 -7.6731
v -13.9875 34.6115 -7.6731
v -13.6001 33.1615 -9.1189
v -13.6001 34.6115 -9.1189
v -13.0637 33.1615 -10.5163
v -13.0637 34.6115 -10.5163
v -12.3842 33.1615 -11.85
v -12.3842 34.6115 -11.85
v -11.5689 33.1615 -13.1053
v -11.5689 34.6115 -13.1053
v -10.627 33.1615 -14.2686
v -10.627 34.6115 -14.2686
v -9.5686 33.1615 -15.327
v -9.5686 34.6115 -15.327
v -8.4053 33.1615 -16.2689
v -8.4053 34.6115 -16.2689
v -7.15 33.1615 -17.0842
v -7.15 34.6115 -17.0842
v -5.8163 33.1615 -17.7637
v -5.8163 34.6115 -17.7637
v -4.4189 33.1615 -18.3001
v -4.4189 34.6115 -18.3001
v -2.9731 33.1615 -18.6875
v -2.9731 34.6115 -18.6875
v -1.4948 33.1615 -18.9217
v -1.4948 34.6115 -18.9217
v 0 33.1615 -19
v 1.3451 35.6115 -16.4231
v 0.5973 35.6069 -16.6687
v 0 35.6115 -16.5
v 1.7861 35.6069 -16.5498
v 2.6727 35.6115 -16.1933
v 2.957 35.6069 -16.313
v 3.1359 35.4958 -17.0156
v 4.3466 35.4958 -16.6422
v 4.5819 35.2411 -17.2885
v 5.8125 35.2411 -16.7698
v 6.0826 34.8531 -17.3306
v 7.3099 34.8531 -16.6622
v 4.7947 34.8531 -17.8734
v 3.3057 35.2411 -17.6822
v 1.8941 35.4958 -17.2667
v 3.9654 35.6115 -15.8138
v 4.0986 35.6069 -15.9609
v 5.5141 35.4958 -16.1501
v 6.9854 35.2411 -16.131
v 8.4647 34.8531 -15.8749
v 5.1995 35.6069 -15.4969
v 6.6267 35.4958 -15.5441
v 8.0888 35.2411 -15.3787
v 9.5353 34.8531 -14.9766
v 6.3796 35.6115 -14.6268
v 6.2487 35.6069 -14.9255
v 5.2064 35.6115 -15.2893
v 7.2358 35.6069 -14.2525
v 7.4695 35.6115 -13.8349
v 8.1509 35.6069 -13.4846
v 8.6441 35.4958 -14.0161
v 9.5287 35.4958 -13.1091
v 10.0444 35.2411 -13.5642
v 10.8771 35.2411 -12.5201
v 11.3825 34.8531 -12.8834
v 12.1407 34.8531 -11.7094
v 12.7783 34.8531 -10.4658
v 13.2889 34.8531 -9.1648
v 13.6674 34.8531 -7.8195
v 13.9101 34.8531 -6.4432
v 14.0145 34.8531 -5.0495
v 13.9797 34.8531 -3.6524
v 13.8059 34.8531 -2.2656
v 13.4949 34.8531 -0.9031
v 13.0498 34.8531 0.4217
v 12.475 34.8531 1.6956
v 11.7762 34.8531 2.9059
v 10.9604 34.8531 4.0406
v 10.0357 34.8531 5.0885
v 9.0112 34.8531 6.0391
v 7.8971 34.8531 6.883
v 6.7046 34.8531 7.6117
v 5.447 34.8531 8.2174
v 4.1321 34.8531 8.6961
v 2.7778 34.8531 9.0409
v 1.3958 34.8531 9.2492
v 0 34.8531 9.3189
v -1.3958 34.8531 9.2492
v 0 35.2411 8.6964
v -1.3338 35.2411 8.6299
v 0 35.4958 8.0086
v -1.2654 35.4958 7.9455
v 0 35.6069 7.2836
v -1.1932 35.6069 7.2241
v -0.6736 35.6115 7.0808
v -2.0122 35.6115 6.9272
v -2.3745 35.6069 7.046
v -3.3244 35.6115 6.622
v -3.5322 35.6069 6.7512
v -3.7459 35.4958 7.444
v -4.9436 35.4958 7.0077
v -5.2081 35.2411 7.6426
v -6.4069 35.2411 7.065
v -6.7046 34.8531 7.6117
v -7.8971 34.8531 6.883
v -5.447 34.8531 8.2174
v -3.9487 35.2411 8.1013
v -2.5182 35.4958 7.7566
v 8.4621 35.6115 -12.9239
v 8.9851 35.6069 -12.6294
v 10.3186 35.4958 -12.1186
v 11.6016 35.2411 -11.3982
v 9.3445 35.6115 -11.9056
v 9.7299 35.6069 -11.6954
v 11.006 35.4958 -11.0543
v 12.2109 35.2411 -10.2098
v 10.1049 35.6115 -10.7935
v 10.3781 35.6069 -10.6918
v 11.584 35.4958 -9.9269
v 12.6988 35.2411 -8.9666
v 10.7337 35.6115 -9.6019
v 10.9231 35.6069 -9.6287
v 12.0468 35.4958 -8.7475
v 13.0605 35.2411 -7.681
v 11.3596 35.6069 -8.5166
v 12.39 35.4958 -7.5279
v 13.2925 35.2411 -6.3658
v 11.565 35.6115 -7.0434
v 11.6831 35.6069 -7.3666
v 11.2225 35.6115 -8.3464
v 11.8906 35.6069 -6.1901
v 11.7567 35.6115 -5.7098
v 11.9799 35.6069 -4.9988
v 12.7047 35.4958 -5.0168
v 12.6731 35.4958 -3.7503
v 13.359 35.2411 -3.6989
v 13.1929 35.2411 -2.3737
v 13.3923 35.2411 -5.034
v 12.61 35.4958 -6.2802
v 11.7952 35.6115 -4.363
v 11.9501 35.6069 -3.8045
v 12.5155 35.4958 -2.4932
v 12.8957 35.2411 -1.0717
v 11.6799 35.6115 -3.0207
v 11.8015 35.6069 -2.6191
v 12.2336 35.4958 -1.258
v 12.4704 35.2411 0.1943
v 11.4123 35.6115 -1.7002
v 11.5357 35.6069 -1.4544
v 11.8301 35.4958 -0.057
v 11.9211 35.2411 1.4116
v 10.996 35.6115 -0.4189
v 11.1552 35.6069 -0.3219
v 11.309 35.4958 1.0978
v 11.2533 35.2411 2.5682
v 10.6639 35.6069 0.767
v 10.6756 35.4958 2.195
v 10.4737 35.2411 3.6525
v 9.7406 35.6115 1.9604
v 10.0665 35.6069 1.8017
v 10.4363 35.6115 0.8067
v 9.3692 35.6069 2.7717
v 8.9178 35.6115 3.0274
v 8.5787 35.6069 3.6674
v 9.0977 35.4958 4.1736
v 8.1689 35.4958 5.0354
v 8.6111 35.2411 5.5623
v 7.5465 35.2411 6.3686
v 9.5901 35.2411 4.6539
v 9.936 35.4958 3.2237
v 7.9789 35.6115 3.9935
v 7.7029 35.6069 4.48
v 7.159 35.4958 5.8003
v 6.4069 35.2411 7.065
v 5.2081 35.2411 7.6426
v 3.9487 35.2411 8.1013
v 6.9359 35.6115 4.8464
v 6.7506 35.6069 5.2013
v 6.0779 35.4958 6.461
v 4.9436 35.4958 7.0077
v 3.7459 35.4958 7.444
v 2.6545 35.2411 8.4308
v 5.8025 35.6115 5.5748
v 5.7312 35.6069 5.8243
v 4.6642 35.6069 6.3387
v 3.5322 35.6069 6.7512
v 2.5182 35.4958 7.7566
v 1.3338 35.2411 8.6299
v 4.5934 35.6115 6.1693
v 3.3244 35.6115 6.622
v 2.3745 35.6069 7.046
v 2.0122 35.6115 6.9272
v 1.1932 35.6069 7.2241
v 0.6736 35.6115 7.0808
v 1.2654 35.4958 7.9455
v -4.5934 35.6115 6.1693
v -4.6642 35.6069 6.3387
v -6.0779 35.4958 6.461
v -7.5465 35.2411 6.3686
v -9.0112 34.8531 6.0391
v -5.7312 35.6069 5.8243
v -7.159 35.4958 5.8003
v -8.6111 35.2411 5.5623
v -10.0357 34.8531 5.0885
v -6.9359 35.6115 4.8464
v -6.7506 35.6069 5.2013
v -5.8025 35.6115 5.5748
v -7.7029 35.6069 4.48
v -7.9789 35.6115 3.9935
v -8.5787 35.6069 3.6674
v -9.0977 35.4958 4.1736
v -9.936 35.4958 3.2237
v -10.4737 35.2411 3.6525
v -11.2533 35.2411 2.5682
v -11.7762 34.8531 2.9059
v -12.475 34.8531 1.6956
v -10.9604 34.8531 4.0406
v -9.5901 35.2411 4.6539
v -8.1689 35.4958 5.0354
v -8.9178 35.6115 3.0274
v -9.3692 35.6069 2.7717
v -10.6756 35.4958 2.195
v -11.9211 35.2411 1.4116
v -13.0498 34.8531 0.4217
v -9.7406 35.6115 1.9604
v -10.0665 35.6069 1.8017
v -11.309 35.4958 1.0978
v -12.4704 35.2411 0.1943
v -13.4949 34.8531 -0.9031
v -10.4363 35.6115 0.8067
v -10.6639 35.6069 0.767
v -11.8301 35.4958 -0.057
v -12.8957 35.2411 -1.0717
v -13.8059 34.8531 -2.2656
v -10.996 35.6115 -0.4189
v -11.1552 35.6069 -0.3219
v -12.2336 35.4958 -1.258
v -13.1929 35.2411 -2.3737
v -13.9797 34.8531 -3.6524
v -11.5357 35.6069 -1.4544
v -12.5155 35.4958 -2.4932
v -13.359 35.2411 -3.6989
v -14.0145 34.8531 -5.0495
v -11.6799 35.6115 -3.0207
v -11.8015 35.6069 -2.6191
v -11.4123 35.6115 -1.7002
v -11.9501 35.6069 -3.8045
v -11.7952 35.6115 -4.363
v -11.9799 35.6069 -4.9988
v -12.7047 35.4958 -5.0168
v -12.61 35.4958 -6.2802
v -13.2925 35.2411 -6.3658
v -13.0605 35.2411 -7.681
v -13.6674 34.8531 -7.8195
v -13.2889 34.8531 -9.1648
v -13.9101 34.8531 -6.4432
v -13.3923 35.2411 -5.034
v -12.6731 35.4958 -3.7503
v -11.7567 35.6115 -5.7098
v -11.8906 35.6069 -6.1901
v -12.39 35.4958 -7.5279
v -12.6988 35.2411 -8.9666
v -12.7783 34.8531 -10.4658
v -11.565 35.6115 -7.0434
v -11.6831 35.6069 -7.3666
v -12.0468 35.4958 -8.7475
v -12.2109 35.2411 -10.2098
v -12.1407 34.8531 -11.7094
v -11.3825 34.8531 -12.8834
v -10.5111 34.8531 -13.9761
v -9.5353 34.8531 -14.9766
v -8.4647 34.8531 -15.8749
v -7.3099 34.8531 -16.6622
v -6.0826 34.8531 -17.3306
v -4.7947 34.8531 -17.8734
v -3.4593 34.8531 -18.2854
v -2.0894 34.8531 -18.5623
v -0.6988 34.8531 -18.7015
v 0.6988 34.8531 -18.7015
v 2.0894 34.8531 -18.5623
v 3.4593 34.8531 -18.2854
v -11.2225 35.6115 -8.3464
v -11.3596 35.6069 -8.5166
v -11.584 35.4958 -9.9269
v -11.6016 35.2411 -11.3982
v -10.7337 35.6115 -9.6019
v -10.9231 35.6069 -9.6287
v -11.006 35.4958 -11.0543
v -10.8771 35.2411 -12.5201
v -10.3781 35.6069 -10.6918
v -10.3186 35.4958 -12.1186
v -10.0444 35.2411 -13.5642
v -9.3445 35.6115 -11.9056
v -9.7299 35.6069 -11.6954
v -10.1049 35.6115 -10.7935
v -8.9851 35.6069 -12.6294
v -8.4621 35.6115 -12.9239
v -8.1509 35.6069 -13.4846
v -8.6441 35.4958 -14.0161
v -7.6735 35.4958 -14.8304
v -8.0888 35.2411 -15.3787
v -6.9854 35.2411 -16.131
v -9.1119 35.2411 -14.5203
v -9.5287 35.4958 -13.1091
v -7.4695 35.6115 -13.8349
v -7.2358 35.6069 -14.2525
v -6.6267 35.4958 -15.5441
v -5.8125 35.2411 -16.7698
v -6.3796 35.6115 -14.6268
v -6.2487 35.6069 -14.9255
v -5.5141 35.4958 -16.1501
v -4.5819 35.2411 -17.2885
v -5.2064 35.6115 -15.2893
v -5.1995 35.6069 -15.4969
v -4.3466 35.4958 -16.6422
v -3.3057 35.2411 -17.6822
v -3.9654 35.6115 -15.8138
v -4.0986 35.6069 -15.9609
v -3.1359 35.4958 -17.0156
v -1.9966 35.2411 -17.9468
v -2.957 35.6069 -16.313
v -1.8941 35.4958 -17.2667
v -0.6678 35.2411 -18.0798
v -1.3451 35.6115 -16.4231
v -1.7861 35.6069 -16.5498
v -2.6727 35.6115 -16.1933
v -0.5973 35.6069 -16.6687
v 0.6335 35.4958 -17.3928
v 1.9966 35.2411 -17.9468
v 0.6678 35.2411 -18.0798
v -0.6335 35.4958 -17.3928
v -4.1321 34.8531 8.6961
v -2.6545 35.2411 8.4308
v -2.7778 34.8531 9.0409
v 10.5111 34.8531 -13.9761
v 9.1119 35.2411 -14.5203
v 7.6735 35.4958 -14.8304
v 1.2345 36.6115 -14.4723
v 1.1532 36.569 -14.9352
v 0 36.6115 -14.55
v 2.2919 36.569 -14.7417
v 2.4496 36.6115 -14.2405
v 3.4019 36.569 -14.4219
v 3.5909 36.383 -14.9623
v 4.7174 36.383 -14.4957
v 4.9379 36.0605 -14.9536
v 6.0549 36.0605 -14.3362
v 6.2741 35.6217 -14.6851
v 7.3526 35.6217 -13.9199
v 5.1166 35.6217 -15.3248
v 3.7588 36.0605 -15.442
v 2.4193 36.383 -15.2998
v 3.626 36.6115 -13.8583
v 4.469 36.569 -13.9799
v 5.7845 36.383 -13.9059
v 7.0957 36.0605 -13.5977
v 8.3387 35.6217 -13.0387
v 4.7453 36.6115 -13.3316
v 5.4799 36.569 -13.4212
v 6.7788 36.383 -13.2004
v 8.0473 36.0605 -12.7473
v 9.2199 35.6217 -12.0526
v 5.7897 36.6115 -12.6688
v 6.4219 36.569 -12.7528
v 7.6879 36.383 -12.3879
v 8.8977 36.0605 -11.7957
v 9.9851 35.6217 -10.9741
v 6.7428 36.6115 -11.8803
v 7.2832 36.569 -11.9832
v 8.5004 36.383 -11.4788
v 9.6362 36.0605 -10.7548
v 10.6248 35.6217 -9.8166
v 7.5896 36.6115 -10.9786
v 8.0528 36.569 -11.1219
v 9.2059 36.383 -10.4845
v 10.2536 36.0605 -9.6379
v 11.1309 35.6217 -8.5949
v 8.3166 36.6115 -9.9779
v 8.7212 36.569 -10.1799
v 9.7957 36.383 -9.4174
v 10.742 36.0605 -8.4588
v 11.497 35.6217 -7.3241
v 9.2799 36.569 -9.169
v 10.2623 36.383 -8.2909
v 11.0953 36.0605 -7.2324
v 11.7185 35.6217 -6.0204
v 9.3679 36.6115 -7.7438
v 9.7219 36.569 -8.1019
v 8.9125 36.6115 -8.8939
v 10.0417 36.569 -6.992
v 9.6755 36.6115 -6.5457
v 10.2352 36.569 -5.8532
v 10.804 36.383 -5.9173
v 10.8724 36.383 -4.7
v 11.3806 36.0605 -4.7
v 11.3091 36.0605 -3.4258
v 11.7185 35.6217 -3.3796
v 11.497 35.6217 -2.0759
v 11.7927 35.6217 -4.7
v 11.3091 36.0605 -5.9742
v 10.5998 36.383 -7.1193
v 9.8306 36.6115 -5.3185
v 10.2999 36.569 -4.7
v 10.804 36.383 -3.4827
v 11.0953 36.0605 -2.1676
v 11.1309 35.6217 -0.8051
v 9.8306 36.6115 -4.0815
v 10.2352 36.569 -3.5468
v 10.5998 36.383 -2.2807
v 10.742 36.0605 -0.9412
v 10.6248 35.6217 0.4166
v 9.6755 36.6115 -2.8543
v 10.0417 36.569 -2.408
v 10.2623 36.383 -1.1091
v 10.2536 36.0605 0.2379
v 9.9851 35.6217 1.5741
v 9.3679 36.6115 -1.6562
v 9.7219 36.569 -1.2981
v 9.7957 36.383 0.0174
v 9.6362 36.0605 1.3549
v 9.2199 35.6217 2.6526
v 8.9125 36.6115 -0.5061
v 9.2799 36.569 -0.231
v 9.2059 36.383 1.0845
v 8.8977 36.0605 2.3957
v 8.3387 35.6217 3.6387
v 8.3166 36.6115 0.5779
v 8.7212 36.569 0.7799
v 8.5004 36.383 2.0788
v 8.0473 36.0605 3.3473
v 7.3526 35.6217 4.5199
v 8.0528 36.569 1.7219
v 7.6879 36.383 2.988
v 7.0957 36.0605 4.1977
v 6.2741 35.6217 5.2851
v 6.7428 36.6115 2.4803
v 7.2832 36.569 2.5832
v 7.5896 36.6115 1.5786
v 6.4219 36.569 3.3528
v 5.7897 36.6115 3.2688
v 5.4799 36.569 4.0212
v 5.7845 36.383 4.5059
v 4.7174 36.383 5.0957
v 4.9379 36.0605 5.5536
v 3.7588 36.0605 6.042
v 3.8949 35.6217 6.4309
v 2.6241 35.6217 6.797
v 5.1166 35.6217 5.9248
v 6.0549 36.0605 4.9362
v 6.7788 36.383 3.8004
v 4.7453 36.6115 3.9316
v 4.469 36.569 4.5799
v 3.5909 36.383 5.5623
v 2.5324 36.0605 6.3953
v 1.3204 35.6217 7.0185
v 3.626 36.6115 4.4583
v 3.4019 36.569 5.022
v 2.4193 36.383 5.8998
v 1.2742 36.0605 6.6091
v 0 35.6217 7.0926
v 2.4496 36.6115 4.8406
v 2.2919 36.569 5.3417
v 1.2173 36.383 6.104
v 0 36.0605 6.6806
v -1.3204 35.6217 7.0185
v 1.2345 36.6115 5.0723
v 1.1532 36.569 5.5352
v 0 36.383 6.1724
v -1.2742 36.0605 6.6091
v -2.6241 35.6217 6.797
v 0 36.6115 5.15
v 0 36.569 5.5999
v -1.2173 36.383 6.104
v -2.5324 36.0605 6.3953
v -3.8949 35.6217 6.4309
v -1.1532 36.569 5.5352
v -2.4193 36.383 5.8998
v -3.7588 36.0605 6.042
v -5.1166 35.6217 5.9248
v -2.4496 36.6115 4.8406
v -2.2919 36.569 5.3417
v -1.2345 36.6115 5.0723
v -3.4019 36.569 5.022
v -3.626 36.6115 4.4583
v -4.469 36.569 4.5799
v -4.7174 36.383 5.0957
v -5.7845 36.383 4.5059
v -6.0549 36.0605 4.9362
v -7.0957 36.0605 4.1977
v -7.3526 35.6217 4.5199
v -8.3387 35.6217 3.6387
v -6.2741 35.6217 5.2851
v -4.9379 36.0605 5.5536
v -3.5909 36.383 5.5623
v -4.7453 36.6115 3.9316
v -5.4799 36.569 4.0212
v -6.7788 36.383 3.8004
v -8.0473 36.0605 3.3473
v -9.2199 35.6217 2.6526
v -5.7897 36.6115 3.2688
v -6.4219 36.569 3.3528
v -7.6879 36.383 2.988
v -8.8977 36.0605 2.3957
v -9.9851 35.6217 1.5741
v -6.7428 36.6115 2.4803
v -7.2832 36.569 2.5832
v -8.5004 36.383 2.0788
v -9.6362 36.0605 1.3549
v -10.6248 35.6217 0.4166
v -7.5896 36.6115 1.5786
v -8.0528 36.569 1.7219
v -9.2059 36.383 1.0845
v -10.2536 36.0605 0.2379
v -11.1309 35.6217 -0.8051
v -8.3166 36.6115 0.5779
v -8.7212 36.569 0.7799
v -9.7957 36.383 0.0174
v -10.742 36.0605 -0.9412
v -11.497 35.6217 -2.0759
v -9.2799 36.569 -0.231
v -10.2623 36.383 -1.1091
v -11.0953 36.0605 -2.1676
v -11.7185 35.6217 -3.3796
v -9.3679 36.6115 -1.6562
v -9.7219 36.569 -1.2981
v -8.9125 36.6115 -0.5061
v -10.0417 36.569 -2.408
v -9.6755 36.6115 -2.8543
v -10.2352 36.569 -3.5468
v -10.804 36.383 -3.4827
v -10.8724 36.383 -4.7
v -11.3806 36.0605 -4.7
v -11.3091 36.0605 -5.9742
v -11.7185 35.6217 -6.0204
v -11.497 35.6217 -7.3241
v -11.7927 35.6217 -4.7
v -11.3091 36.0605 -3.4258
v -10.5998 36.383 -2.2807
v -9.8306 36.6115 -4.0815
v -10.2999 36.569 -4.7
v -10.804 36.383 -5.9173
v -11.0953 36.0605 -7.2324
v -11.1309 35.6217 -8.5949
v -9.8306 36.6115 -5.3185
v -10.2352 36.569 -5.8532
v -10.5998 36.383 -7.1193
v -10.742 36.0605 -8.4588
v -10.6248 35.6217 -9.8166
v -9.6755 36.6115 -6.5457
v -10.0417 36.569 -6.992
v -10.2623 36.383 -8.2909
v -10.2536 36.0605 -9.6379
v -9.9851 35.6217 -10.9741
v -9.3679 36.6115 -7.7438
v -9.7219 36.569 -8.1019
v -9.7957 36.383 -9.4174
v -9.6362 36.0605 -10.7548
v -9.2199 35.6217 -12.0526
v -8.9125 36.6115 -8.8939
v -9.2799 36.569 -9.169
v -9.2059 36.383 -10.4845
v -8.8977 36.0605 -11.7957
v -8.3387 35.6217 -13.0387
v -8.3166 36.6115 -9.9779
v -8.7212 36.569 -10.1799
v -8.5004 36.383 -11.4788
v -8.0473 36.0605 -12.7473
v -7.3526 35.6217 -13.9199
v -8.0528 36.569 -11.1219
v -7.6879 36.383 -12.3879
v -7.0957 36.0605 -13.5977
v -6.2741 35.6217 -14.6851
v -6.7428 36.6115 -11.8803
v -7.2832 36.569 -11.9832
v -7.5896 36.6115 -10.9786
v -6.4219 36.569 -12.7528
v -5.7897 36.6115 -12.6688
v -5.4799 36.569 -13.4212
v -5.7845 36.383 -13.9059
v -4.7174 36.383 -14.4957
v -4.9379 36.0605 -14.9536
v -3.7588 36.0605 -15.442
v -3.8949 35.6217 -15.8309
v -2.6241 35.6217 -16.197
v -5.1166 35.6217 -15.3248
v -6.0549 36.0605 -14.3362
v -6.7788 36.383 -13.2004
v -4.7453 36.6115 -13.3316
v -4.469 36.569 -13.9799
v -3.5909 36.383 -14.9623
v -2.5324 36.0605 -15.7953
v -1.3204 35.6217 -16.4185
v -3.626 36.6115 -13.8583
v -3.4019 36.569 -14.4219
v -2.4193 36.383 -15.2998
v -1.2742 36.0605 -16.0091
v 0 35.6217 -16.4926
v 1.3204 35.6217 -16.4185
v 2.6241 35.6217 -16.197
v 3.8949 35.6217 -15.8309
v -2.4496 36.6115 -14.2405
v -2.2919 36.569 -14.7417
v -1.2173 36.383 -15.504
v 0 36.0605 -16.0806
v -1.2345 36.6115 -14.4723
v -1.1532 36.569 -14.9352
v 0 36.383 -15.5724
v 1.2742 36.0605 -16.0091
v 0 36.569 -14.9999
v 1.2173 36.383 -15.504
v 2.5324 36.0605 -15.7953
v 1.1134 37.6115 -12.6221
v 0.5277 37.5362 -13.2561
v 0 37.6115 -12.7
v 1.5752 37.5362 -13.1264
v 2.2051 37.6115 -12.3901
v 2.5987 37.5362 -12.8689
v 2.7604 37.3153 -13.3771
v 3.8058 37.3153 -12.9721
v 3.9972 36.9639 -13.3882
v 5.0346 36.9639 -12.8311
v 2.8992 36.9639 -13.8135
v 1.6731 37.3153 -13.6506
v 3.2539 37.6115 -12.0084
v 3.5829 37.5362 -12.4876
v 4.7935 37.3153 -12.4418
v 5.9956 36.9639 -12.1508
v 4.2393 37.6115 -11.4844
v 4.5127 37.5362 -11.9883
v 5.7085 37.3153 -11.794
v 6.8658 36.9639 -11.3575
v 5.3742 37.5362 -11.3785
v 6.537 37.3153 -11.0387
v 7.6319 36.9639 -10.4633
v 5.9452 37.6115 -10.053
v 6.1542 37.5362 -10.6675
v 5.1423 37.6115 -10.8284
v 6.8408 37.5362 -9.866
v 6.6323 37.6115 -9.1735
v 7.4238 37.5362 -8.9862
v 7.8857 37.3153 -9.2528
v 8.3854 37.3153 -8.2492
v 8.8072 36.9639 -8.4277
v 9.1985 36.9639 -7.3172
v 8.2823 36.9639 -9.4818
v 7.2664 37.3153 -10.1874
v 7.1903 37.6115 -8.207
v 7.8943 37.5362 -8.0414
v 8.758 37.3153 -7.1919
v 9.4504 36.9639 -6.167
v 7.6085 37.6115 -7.1721
v 8.2451 37.5362 -7.0459
v 8.9979 37.3153 -6.0967
v 9.559 36.9639 -4.9945
v 7.8785 37.6115 -6.0892
v 8.4709 37.5362 -6.0149
v 9.1013 37.3153 -4.9804
v 9.5228 36.9639 -3.8176
v 7.9951 37.6115 -4.9792
v 8.5683 37.5362 -4.964
v 9.0668 37.3153 -3.8598
v 9.3422 36.9639 -2.654
v 8.5357 37.5362 -3.9091
v 8.8948 37.3153 -2.752
v 9.0199 36.9639 -1.5215
v 7.7624 37.6115 -2.7646
v 8.3738 37.5362 -2.8661
v 7.9562 37.6115 -3.8638
v 8.085 37.5362 -1.851
v 7.4175 37.6115 -1.7031
v 7.6736 37.5362 -0.879
v 8.151 37.3153 -0.6413
v 7.5905 37.3153 0.3296
v 7.9722 36.9639 0.5826
v 7.2626 36.9639 1.5223
v 8.561 36.9639 -0.4371
v 8.588 37.3153 -1.6737
v 6.9282 37.6115 -0.7
v 7.1459 37.5362 0.035
v 6.9149 37.3153 1.2243
v 6.4429 36.9639 2.3676
v 6.3041 37.6115 0.2253
v 6.5099 37.5362 0.8773
v 6.1344 37.3153 2.0291
v 5.5256 36.9639 3.1058
v 5.5573 37.6115 1.0547
v 5.7751 37.5362 1.635
v 5.261 37.3153 2.732
v 4.5245 36.9639 3.7256
v 4.7023 37.6115 1.7721
v 4.9529 37.5362 2.2967
v 4.3078 37.3153 3.3222
v 3.4548 36.9639 4.2178
v 3.7558 37.6115 2.3636
v 4.0555 37.5362 2.8523
v 3.2893 37.3153 3.7907
v 2.3327 36.9639 4.5747
v 3.0967 37.5362 3.2934
v 2.221 37.3153 4.1306
v 1.1752 36.9639 4.7911
v 1.6633 37.6115 3.1252
v 2.0909 37.5362 3.6134
v 2.7362 37.6115 2.8175
v 1.0534 37.5362 3.8073
v 0.5581 37.6115 3.2805
v 0 37.5362 3.8723
v 0 37.3153 4.4056
v -1.119 37.3153 4.3366
v -1.1752 36.9639 4.7911
v -2.3327 36.9639 4.5747
v 0 36.9639 4.8636
v 1.119 37.3153 4.3366
v -0.5581 37.6115 3.2805
v -1.0534 37.5362 3.8073
v -2.221 37.3153 4.1306
v -3.4548 36.9639 4.2178
v -1.6633 37.6115 3.1252
v -2.0909 37.5362 3.6134
v -3.2893 37.3153 3.7907
v -4.5245 36.9639 3.7256
v -2.7362 37.6115 2.8175
v -3.0967 37.5362 3.2934
v -4.3078 37.3153 3.3222
v -5.5256 36.9639 3.1058
v -3.7558 37.6115 2.3636
v -4.0555 37.5362 2.8523
v -5.261 37.3153 2.732
v -6.4429 36.9639 2.3676
v -4.9529 37.5362 2.2967
v -6.1344 37.3153 2.0291
v -7.2626 36.9639 1.5223
v -5.5573 37.6115 1.0547
v -5.7751 37.5362 1.635
v -4.7023 37.6115 1.7721
v -6.5099 37.5362 0.8773
v -6.3041 37.6115 0.2253
v -7.1459 37.5362 0.035
v -7.5905 37.3153 0.3296
v -8.151 37.3153 -0.6413
v -8.561 36.9639 -0.4371
v -9.0199 36.9639 -1.5215
v -7.9722 36.9639 0.5826
v -6.9149 37.3153 1.2243
v -6.9282 37.6115 -0.7
v -7.6736 37.5362 -0.879
v -8.588 37.3153 -1.6737
v -9.3422 36.9639 -2.654
v -7.4175 37.6115 -1.7031
v -8.085 37.5362 -1.851
v -8.8948 37.3153 -2.752
v -9.5228 36.9639 -3.8176
v -7.7624 37.6115 -2.7646
v -8.3738 37.5362 -2.8661
v -9.0668 37.3153 -3.8598
v -9.559 36.9639 -4.9945
v -7.9562 37.6115 -3.8638
v -8.5357 37.5362 -3.9091
v -9.1013 37.3153 -4.9804
v -9.4504 36.9639 -6.167
v -7.9951 37.6115 -4.9792
v -8.5683 37.5362 -4.964
v -8.9979 37.3153 -6.0967
v -9.1985 36.9639 -7.3172
v -8.4709 37.5362 -6.0149
v -8.758 37.3153 -7.1919
v -8.8072 36.9639 -8.4277
v -7.6085 37.6115 -7.1721
v -8.2451 37.5362 -7.0459
v -7.8785 37.6115 -6.0892
v -7.8943 37.5362 -8.0414
v -7.1903 37.6115 -8.207
v -7.4238 37.5362 -8.9862
v -7.8857 37.3153 -9.2528
v -7.2664 37.3153 -10.1874
v -7.6319 36.9639 -10.4633
v -6.8658 36.9639 -11.3575
v -8.2823 36.9639 -9.4818
v -8.3854 37.3153 -8.2492
v -6.6323 37.6115 -9.1735
v -6.8408 37.5362 -9.866
v -6.537 37.3153 -11.0387
v -5.9956 36.9639 -12.1508
v -5.9452 37.6115 -10.053
v -6.1542 37.5362 -10.6675
v -5.7085 37.3153 -11.794
v -5.0346 36.9639 -12.8311
v -5.1423 37.6115 -10.8284
v -5.3742 37.5362 -11.3785
v -4.7935 37.3153 -12.4418
v -3.9972 36.9639 -13.3882
v -4.2393 37.6115 -11.4844
v -4.5127 37.5362 -11.9883
v -3.8058 37.3153 -12.9721
v -2.8992 36.9639 -13.8135
v -3.5829 37.5362 -12.4876
v -2.7604 37.3153 -13.3771
v -1.7573 36.9639 -14.1007
v -2.2051 37.6115 -12.3901
v -2.5987 37.5362 -12.8689
v -3.2539 37.6115 -12.0084
v -1.5752 37.5362 -13.1264
v -1.1134 37.6115 -12.6221
v -0.5277 37.5362 -13.2561
v -0.5605 37.3153 -13.7884
v 0.5605 37.3153 -13.7884
v 0.5887 36.9639 -14.2454
v 1.7573 36.9639 -14.1007
v -0.5887 36.9639 -14.2454
v -1.6731 37.3153 -13.6506
v -34.6115 1.4948 -18.9217
v -33.1615 1.4948 -18.9217
v -34.6115 0 -19
v -33.1615 2.9731 -18.6875
v -34.6115 2.9731 -18.6875
v -33.1615 4.4189 -18.3001
v -34.6115 4.4189 -18.3001
v -33.1615 5.8163 -17.7637
v -34.6115 5.8163 -17.7637
v -33.1615 7.15 -17.0842
v -34.6115 7.15 -17.0842
v -33.1615 8.4053 -16.2689
v -34.6115 8.4053 -16.2689
v -33.1615 9.5686 -15.327
v -34.6115 9.5686 -15.327
v -33.1615 10.627 -14.2686
v -34.6115 10.627 -14.2686
v -33.1615 11.5689 -13.1053
v -34.6115 11.5689 -13.1053
v -33.1615 12.3842 -11.85
v -34.6115 12.3842 -11.85
v -33.1615 13.0637 -10.5163
v -34.6115 13.0637 -10.5163
v -33.1615 13.6001 -9.1189
v -34.6115 13.6001 -9.1189
v -33.1615 13.9875 -7.6731
v -34.6115 13.9875 -7.6731
v -33.1615 14.2217 -6.1948
v -34.6115 14.2217 -6.1948
v -33.1615 14.3 -4.7
v -34.6115 14.3 -4.7
v -33.1615 14.2217 -3.2052
v -34.6115 14.2217 -3.2052
v -33.1615 13.9875 -1.7269
v -34.6115 13.9875 -1.7269
v -33.1615 13.6001 -0.2811
v -34.6115 13.6001 -0.2811
v -33.1615 13.0637 1.1163
v -34.6115 13.0637 1.1163
v -33.1615 12.3842 2.45
v -34.6115 12.3842 2.45
v -33.1615 11.5689 3.7053
v -34.6115 11.5689 3.7053
v -33.1615 10.627 4.8686
v -34.6115 10.627 4.8686
v -33.1615 9.5686 5.927
v -34.6115 9.5686 5.927
v -33.1615 8.4053 6.8689
v -34.6115 8.4053 6.8689
v -33.1615 7.15 7.6842
v -34.6115 7.15 7.6842
v -33.1615 5.8163 8.3637
v -34.6115 5.8163 8.3637
v -33.1615 4.4189 8.9001
v -34.6115 4.4189 8.9001
v -33.1615 2.9731 9.2875
v -34.6115 2.9731 9.2875
v -33.1615 1.4948 9.5217
v -34.6115 1.4948 9.5217
v -33.1615 0 9.6
v -34.6115 0 9.6
v -33.1615 -1.4948 9.5217
v -34.6115 -1.4948 9.5217
v -33.1615 -2.9731 9.2875
v -34.6115 -2.9731 9.2875
v -33.1615 -4.4189 8.9001
v -34.6115 -4.4189 8.9001
v -33.1615 -5.8163 8.3637
v -34.6115 -5.8163 8.3637
v -33.1615 -7.15 7.6842
v -34.6115 -7.15 7.6842
v -33.1615 -8.4053 6.8689
v -34.6115 -8.4053 6.8689
v -33.1615 -9.5686 5.927
v -34.6115 -9.5686 5.927
v -33.1615 -10.627 4.8686
v -34.6115 -10.627 4.8686
v -33.1615 -11.5689 3.7053
v -34.6115 -11.5689 3.7053
v -33.1615 -12.3842 2.45
v -34.6115 -12.3842 2.45
v -33.1615 -13.0637 1.1163
v -34.6115 -13.0637 1.1163
v -33.1615 -13.6001 -0.2811
v -34.6115 -13.6001 -0.2811
v -33.1615 -13.9875 -1.7269
v -34.6115 -13.9875 -1.7269
v -33.1615 -14.2217 -3.2052
v -34.6115 -14.2217 -3.2052
v -33.1615 -14.3 -4.7
v -34.6115 -14.3 -4.7
v -33.1615 -14.2217 -6.1948
v -34.6115 -14.2217 -6.1948
v -33.1615 -13.9875 -7.6731
v -34.6115 -13.9875 -7.6731
v -33.1615 -13.6001 -9.1189
v -34.6115 -13.6001 -9.1189
v -33.1615 -13.0637 -10.5163
v -34.6115 -13.0637 -10.5163
v -33.1615 -12.3842 -11.85
v -34.6115 -12.3842 -11.85
v -33.1615 -11.5689 -13.1053
v -34.6115 -11.5689 -13.1053
v -33.1615 -10.627 -14.2686
v -34.6115 -10.627 -14.2686
v -33.1615 -9.5686 -15.327
v -34.6115 -9.5686 -15.327
v -33.1615 -8.4053 -16.2689
v -34.6115 -8.4053 -16.2689
v -33.1615 -7.15 -17.0842
v -34.6115 -7.15 -17.0842
v -33.1615 -5.8163 -17.7637
v -34.6115 -5.8163 -17.7637
v -33.1615 -4.4189 -18.3001
v -34.6115 -4.4189 -18.3001
v -33.1615 -2.9731 -18.6875
v -34.6115 -2.9731 -18.6875
v -33.1615 -1.4948 -18.9217
v -34.6115 -1.4948 -18.9217
v -33.1615 0 -19
v -35.6115 1.3451 -16.4231
v -35.6069 0.5973 -16.6687
v -35.6115 0 -16.5
v -35.6069 1.7861 -16.5498
v -35.6115 2.6727 -16.1933
v -35.6069 2.9571 -16.313
v -35.4958 3.1359 -17.0156
v -35.4958 4.3466 -16.6422
v -35.2411 4.5819 -17.2885
v -35.2411 5.8125 -16.7698
v -34.8531 6.0826 -17.3306
v -34.8531 7.3099 -16.6622
v -34.8531 4.7947 -17.8734
v -35.2411 3.3057 -17.6822
v -35.4958 1.8941 -17.2667
v -35.6115 3.9654 -15.8138
v -35.6069 4.0986 -15.9609
v -35.4958 5.5141 -16.1501
v -35.2411 6.9854 -16.1311
v -34.8531 8.4647 -15.8749
v -35.6069 5.1995 -15.4969
v -35.4958 6.6267 -15.5441
v -35.2411 8.0888 -15.3787
v -34.8531 9.5353 -14.9766
v -35.6115 6.3796 -14.6268
v -35.6069 6.2487 -14.9255
v -35.6115 5.2064 -15.2893
v -35.6069 7.2358 -14.2525
v -35.6115 7.4695 -13.8349
v -35.6069 8.1509 -13.4846
v -35.4958 8.6441 -14.0161
v -35.4958 9.5287 -13.1091
v -35.2411 10.0444 -13.5642
v -35.2411 10.8771 -12.5201
v -34.8531 11.3825 -12.8834
v -34.8531 12.1407 -11.7094
v -34.8531 12.7783 -10.4658
v -34.8531 13.2889 -9.1648
v -34.8531 13.6674 -7.8195
v -34.8531 13.9101 -6.4432
v -34.8531 14.0145 -5.0495
v -34.8531 13.9797 -3.6524
v -34.8531 13.8059 -2.2656
v -34.8531 13.4949 -0.9031
v -34.8531 13.0498 0.4217
v -34.8531 12.475 1.6956
v -34.8531 11.7762 2.9059
v -34.8531 10.9604 4.0406
v -34.8531 10.0357 5.0885
v -34.8531 9.0112 6.0391
v -34.8531 7.8971 6.8829
v -34.8531 6.7046 7.6117
v -34.8531 5.447 8.2174
v -34.8531 4.1321 8.6961
v -34.8531 2.7778 9.0409
v -34.8531 1.3958 9.2492
v -34.8531 0 9.3189
v -34.8531 -1.3958 9.2492
v -35.2411 0 8.6964
v -35.2411 -1.3338 8.6299
v -35.4958 0 8.0086
v -35.4958 -1.2654 7.9455
v -35.6069 0 7.2836
v -35.6069 -1.1932 7.2241
v -35.6115 -0.6736 7.0808
v -35.6115 -2.0122 6.9272
v -35.6069 -2.3745 7.046
v -35.6115 -3.3244 6.622
v -35.6069 -3.5322 6.7512
v -35.4958 -3.7459 7.444
v -35.4958 -4.9436 7.0077
v -35.2411 -5.2081 7.6426
v -35.2411 -6.4069 7.065
v -34.8531 -6.7046 7.6117
v -34.8531 -7.8971 6.8829
v -34.8531 -5.447 8.2174
v -35.2411 -3.9487 8.1013
v -35.4958 -2.5182 7.7566
v -35.6115 8.4622 -12.9239
v -35.6069 8.9851 -12.6294
v -35.4958 10.3186 -12.1186
v -35.2411 11.6016 -11.3982
v -35.6115 9.3445 -11.9056
v -35.6069 9.73 -11.6954
v -35.4958 11.006 -11.0543
v -35.2411 12.2109 -10.2098
v -35.6115 10.1049 -10.7935
v -35.6069 10.3781 -10.6918
v -35.4958 11.584 -9.9269
v -35.2411 12.6988 -8.9666
v -35.6115 10.7337 -9.6019
v -35.6069 10.9231 -9.6287
v -35.4958 12.0468 -8.7475
v -35.2411 13.0606 -7.681
v -35.6069 11.3596 -8.5166
v -35.4958 12.39 -7.5279
v -35.2411 13.2925 -6.3658
v -35.6115 11.565 -7.0434
v -35.6069 11.6832 -7.3666
v -35.6115 11.2225 -8.3464
v -35.6069 11.8906 -6.1901
v -35.6115 11.7567 -5.7098
v -35.6069 11.9799 -4.9988
v -35.4958 12.7047 -5.0168
v -35.4958 12.6731 -3.7503
v -35.2411 13.359 -3.6989
v -35.2411 13.1929 -2.3737
v -35.2411 13.3923 -5.034
v -35.4958 12.61 -6.2802
v -35.6115 11.7952 -4.363
v -35.6069 11.9501 -3.8045
v -35.4958 12.5155 -2.4932
v -35.2411 12.8957 -1.0717
v -35.6115 11.6799 -3.0207
v -35.6069 11.8015 -2.6191
v -35.4958 12.2336 -1.258
v -35.2411 12.4704 0.1943
v -35.6115 11.4123 -1.7002
v -35.6069 11.5357 -1.4544
v -35.4958 11.8301 -0.057
v -35.2411 11.9211 1.4116
v -35.6115 10.996 -0.4189
v -35.6069 11.1552 -0.3219
v -35.4958 11.309 1.0978
v -35.2411 11.2533 2.5682
v -35.6069 10.6639 0.767
v -35.4958 10.6756 2.195
v -35.2411 10.4737 3.6525
v -35.6115 9.7406 1.9604
v -35.6069 10.0665 1.8017
v -35.6115 10.4363 0.8067
v -35.6069 9.3692 2.7717
v -35.6115 8.9178 3.0274
v -35.6069 8.5787 3.6674
v -35.4958 9.0977 4.1736
v -35.4958 8.1689 5.0354
v -35.2411 8.6111 5.5623
v -35.2411 7.5465 6.3686
v -35.2411 9.5901 4.6539
v -35.4958 9.936 3.2237
v -35.6115 7.9789 3.9935
v -35.6069 7.7029 4.48
v -35.4958 7.159 5.8003
v -35.2411 6.4069 7.065
v -35.2411 5.2081 7.6426
v -35.2411 3.9487 8.1013
v -35.6115 6.9359 4.8464
v -35.6069 6.7506 5.2013
v -35.4958 6.078 6.461
v -35.4958 4.9436 7.0077
v -35.4958 3.7459 7.444
v -35.2411 2.6545 8.4308
v -35.6115 5.8025 5.5748
v -35.6069 5.7312 5.8243
v -35.6069 4.6642 6.3387
v -35.6069 3.5322 6.7512
v -35.4958 2.5182 7.7566
v -35.2411 1.3338 8.6299
v -35.6115 4.5934 6.1693
v -35.6115 3.3244 6.622
v -35.6069 2.3745 7.046
v -35.6115 2.0122 6.9272
v -35.6069 1.1932 7.2241
v -35.6115 0.6736 7.0808
v -35.4958 1.2654 7.9455
v -35.6115 -4.5934 6.1693
v -35.6069 -4.6642 6.3387
v -35.4958 -6.0779 6.461
v -35.2411 -7.5465 6.3686
v -34.8531 -9.0112 6.0391
v -35.6069 -5.7312 5.8243
v -35.4958 -7.159 5.8003
v -35.2411 -8.6111 5.5623
v -34.8531 -10.0357 5.0885
v -35.6115 -6.9359 4.8464
v -35.6069 -6.7506 5.2013
v -35.6115 -5.8025 5.5748
v -35.6069 -7.7029 4.48
v -35.6115 -7.9789 3.9935
v -35.6069 -8.5787 3.6674
v -35.4958 -9.0977 4.1736
v -35.4958 -9.936 3.2237
v -35.2411 -10.4737 3.6525
v -35.2411 -11.2533 2.5682
v -34.8531 -11.7762 2.9059
v -34.8531 -12.475 1.6956
v -34.8531 -10.9604 4.0406
v -35.2411 -9.5901 4.6539
v -35.4958 -8.1689 5.0354
v -35.6115 -8.9178 3.0274
v -35.6069 -9.3692 2.7717
v -35.4958 -10.6756 2.195
v -35.2411 -11.9211 1.4116
v -34.8531 -13.0498 0.4217
v -35.6115 -9.7406 1.9604
v -35.6069 -10.0665 1.8017
v -35.4958 -11.309 1.0978
v -35.2411 -12.4704 0.1943
v -34.8531 -13.4949 -0.9031
v -35.6115 -10.4363 0.8067
v -35.6069 -10.6639 0.767
v -35.4958 -11.8301 -0.057
v -35.2411 -12.8957 -1.0717
v -34.8531 -13.8059 -2.2656
v -35.6115 -10.996 -0.4189
v -35.6069 -11.1552 -0.3219
v -35.4958 -12.2336 -1.258
v -35.2411 -13.1929 -2.3737
v -34.8531 -13.9797 -3.6524
v -35.6069 -11.5357 -1.4544
v -35.4958 -12.5155 -2.4932
v -35.2411 -13.359 -3.6989
v -34.8531 -14.0145 -5.0495
v -35.6115 -11.6799 -3.0207
v -35.6069 -11.8015 -2.6191
v -35.6115 -11.4123 -1.7002
v -35.6069 -11.9501 -3.8045
v -35.6115 -11.7952 -4.363
v -35.6069 -11.9799 -4.9988
v -35.4958 -12.7047 -5.0168
v -35.4958 -12.61 -6.2802
v -35.2411 -13.2925 -6.3658
v -35.2411 -13.0605 -7.681
v -34.8531 -13.6674 -7.8195
v -34.8531 -13.2889 -9.1648
v -34.8531 -13.9101 -6.4432
v -35.2411 -13.3923 -5.034
v -35.4958 -12.6731 -3.7503
v -35.6115 -11.7567 -5.7098
v -35.6069 -11.8906 -6.1901
v -35.4958 -12.39 -7.5279
v -35.2411 -12.6988 -8.9666
v -34.8531 -12.7783 -10.4658
v -35.6115 -11.565 -7.0434
v -35.6069 -11.6831 -7.3666
v -35.4958 -12.0468 -8.7475
v -35.2411 -12.2109 -10.2098
v -34.8531 -12.1407 -11.7094
v -34.8531 -11.3825 -12.8834
v -34.8531 -10.5111 -13.9761
v -34.8531 -9.5353 -14.9766
v -34.8531 -8.4647 -15.8749
v -34.8531 -7.3099 -16.6622
v -34.8531 -6.0826 -17.3306
v -34.8531 -4.7947 -17.8734
v -34.8531 -3.4593 -18.2854
v -34.8531 -2.0894 -18.5623
v -34.8531 -0.6988 -18.7015
v -34.8531 0.6988 -18.7015
v -34.8531 2.0894 -18.5623
v -34.8531 3.4593 -18.2854
v -35.6115 -11.2225 -8.3464
v -35.6069 -11.3596 -8.5166
v -35.4958 -11.584 -9.9269
v -35.2411 -11.6016 -11.3982
v -35.6115 -10.7337 -9.6019
v -35.6069 -10.9231 -9.6287
v -35.4958 -11.006 -11.0543
v -35.2411 -10.8771 -12.5201
v -35.6069 -10.3781 -10.6918
v -35.4958 -10.3186 -12.1186
v -35.2411 -10.0444 -13.5642
v -35.6115 -9.3444 -11.9056
v -35.6069 -9.7299 -11.6954
v -35.6115 -10.1049 -10.7935
v -35.6069 -8.9851 -12.6294
v -35.6115 -8.4621 -12.9239
v -35.6069 -8.1509 -13.4846
v -35.4958 -8.6441 -14.0161
v -35.4958 -7.6735 -14.8305
v -35.2411 -8.0888 -15.3787
v -35.2411 -6.9854 -16.1311
v -35.2411 -9.1119 -14.5203
v -35.4958 -9.5287 -13.1091
v -35.6115 -7.4695 -13.8349
v -35.6069 -7.2358 -14.2525
v -35.4958 -6.6267 -15.5441
v -35.2411 -5.8125 -16.7698
v -35.6115 -6.3796 -14.6268
v -35.6069 -6.2487 -14.9255
v -35.4958 -5.5141 -16.1501
v -35.2411 -4.5819 -17.2885
v -35.6115 -5.2064 -15.2893
v -35.6069 -5.1995 -15.4969
v -35.4958 -4.3466 -16.6422
v -35.2411 -3.3057 -17.6822
v -35.6115 -3.9654 -15.8138
v -35.6069 -4.0986 -15.9609
v -35.4958 -3.1359 -17.0156
v -35.2411 -1.9966 -17.9468
v -35.6069 -2.957 -16.313
v -35.4958 -1.8941 -17.2667
v -35.2411 -0.6678 -18.0798
v -35.6115 -1.3451 -16.4231
v -35.6069 -1.7861 -16.5498
v -35.6115 -2.6727 -16.1933
v -35.6069 -0.5973 -16.6687
v -35.4958 0.6335 -17.3928
v -35.2411 1.9966 -17.9468
v -35.2411 0.6678 -18.0798
v -35.4958 -0.6335 -17.3928
v -34.8531 -4.1321 8.6961
v -35.2411 -2.6545 8.4308
v -34.8531 -2.7778 9.0409
v -34.8531 10.5111 -13.9761
v -35.2411 9.1119 -14.5203
v -35.4958 7.6735 -14.8305
v -36.6115 1.2345 -14.4723
v -36.569 1.1532 -14.9352
v -36.6115 0 -14.55
v -36.569 2.292 -14.7417
v -36.6115 2.4496 -14.2405
v -36.569 3.4019 -14.422
v -36.383 3.5909 -14.9623
v -36.383 4.7174 -14.4957
v -36.0605 4.9379 -14.9536
v -36.0605 6.0549 -14.3362
v -35.6217 6.2741 -14.6851
v -35.6217 7.3526 -13.9199
v -35.6217 5.1166 -15.3248
v -36.0605 3.7588 -15.442
v -36.383 2.4193 -15.2998
v -36.6115 3.626 -13.8583
v -36.569 4.469 -13.9799
v -36.383 5.7845 -13.9059
v -36.0605 7.0957 -13.5977
v -35.6217 8.3387 -13.0387
v -36.6115 4.7453 -13.3316
v -36.569 5.4799 -13.4212
v -36.383 6.7788 -13.2004
v -36.0605 8.0473 -12.7473
v -35.6217 9.2199 -12.0526
v -36.6115 5.7897 -12.6688
v -36.569 6.4219 -12.7528
v -36.383 7.6879 -12.388
v -36.0605 8.8977 -11.7957
v -35.6217 9.9851 -10.9741
v -36.6115 6.7428 -11.8803
v -36.569 7.2832 -11.9832
v -36.383 8.5004 -11.4788
v -36.0605 9.6362 -10.7549
v -35.6217 10.6248 -9.8166
v -36.6115 7.5896 -10.9786
v -36.569 8.0528 -11.1219
v -36.383 9.2059 -10.4845
v -36.0605 10.2536 -9.6379
v -35.6217 11.1309 -8.5949
v -36.6115 8.3166 -9.9779
v -36.569 8.7212 -10.1799
v -36.383 9.7957 -9.4174
v -36.0605 10.742 -8.4588
v -35.6217 11.497 -7.3241
v -36.569 9.2799 -9.169
v -36.383 10.2623 -8.2909
v -36.0605 11.0953 -7.2324
v -35.6217 11.7185 -6.0204
v -36.6115 9.3679 -7.7438
v -36.569 9.7219 -8.1019
v -36.6115 8.9125 -8.8939
v -36.569 10.0417 -6.992
v -36.6115 9.6755 -6.5457
v -36.569 10.2352 -5.8532
v -36.383 10.804 -5.9173
v -36.383 10.8724 -4.7
v -36.0605 11.3806 -4.7
v -36.0605 11.3091 -3.4258
v -35.6217 11.7185 -3.3796
v -35.6217 11.497 -2.0759
v -35.6217 11.7927 -4.7
v -36.0605 11.3091 -5.9742
v -36.383 10.5998 -7.1193
v -36.6115 9.8306 -5.3185
v -36.569 10.3 -4.7
v -36.383 10.804 -3.4827
v -36.0605 11.0953 -2.1676
v -35.6217 11.1309 -0.8051
v -36.6115 9.8306 -4.0815
v -36.569 10.2352 -3.5468
v -36.383 10.5998 -2.2807
v -36.0605 10.742 -0.9412
v -35.6217 10.6248 0.4166
v -36.6115 9.6755 -2.8543
v -36.569 10.0417 -2.408
v -36.383 10.2623 -1.1091
v -36.0605 10.2536 0.2379
v -35.6217 9.9851 1.5741
v -36.6115 9.3679 -1.6562
v -36.569 9.7219 -1.2981
v -36.383 9.7957 0.0174
v -36.0605 9.6362 1.3549
v -35.6217 9.2199 2.6526
v -36.6115 8.9125 -0.5061
v -36.569 9.2799 -0.231
v -36.383 9.2059 1.0845
v -36.0605 8.8977 2.3957
v -35.6217 8.3387 3.6387
v -36.6115 8.3166 0.5779
v -36.569 8.7212 0.7799
v -36.383 8.5004 2.0788
v -36.0605 8.0473 3.3473
v -35.6217 7.3526 4.5199
v -36.569 8.0528 1.7219
v -36.383 7.6879 2.988
v -36.0605 7.0957 4.1977
v -35.6217 6.2741 5.2851
v -36.6115 6.7428 2.4803
v -36.569 7.2832 2.5832
v -36.6115 7.5896 1.5786
v -36.569 6.4219 3.3528
v -36.6115 5.7897 3.2688
v -36.569 5.4799 4.0212
v -36.383 5.7845 4.5059
v -36.383 4.7174 5.0957
v -36.0605 4.9379 5.5536
v -36.0605 3.7588 6.042
v -35.6217 3.8949 6.4309
v -35.6217 2.6241 6.797
v -35.6217 5.1166 5.9248
v -36.0605 6.0549 4.9362
v -36.383 6.7788 3.8004
v -36.6115 4.7453 3.9316
v -36.569 4.469 4.5799
v -36.383 3.5909 5.5623
v -36.0605 2.5324 6.3953
v -35.6217 1.3204 7.0185
v -36.6115 3.626 4.4583
v -36.569 3.4019 5.022
v -36.383 2.4193 5.8998
v -36.0605 1.2742 6.609
v -35.6217 0 7.0926
v -36.6115 2.4496 4.8405
v -36.569 2.2919 5.3417
v -36.383 1.2173 6.104
v -36.0605 0 6.6806
v -35.6217 -1.3204 7.0185
v -36.6115 1.2345 5.0723
v -36.569 1.1532 5.5352
v -36.383 0 6.1724
v -36.0605 -1.2742 6.609
v -35.6217 -2.6241 6.797
v -36.6115 0 5.15
v -36.569 0 5.5999
v -36.383 -1.2173 6.104
v -36.0605 -2.5324 6.3953
v -35.6217 -3.8949 6.4309
v -36.569 -1.1532 5.5352
v -36.383 -2.4193 5.8998
v -36.0605 -3.7588 6.042
v -35.6217 -5.1166 5.9248
v -36.6115 -2.4496 4.8405
v -36.569 -2.2919 5.3417
v -36.6115 -1.2345 5.0723
v -36.569 -3.4019 5.022
v -36.6115 -3.626 4.4583
v -36.569 -4.469 4.5799
v -36.383 -4.7174 5.0957
v -36.383 -5.7845 4.5059
v -36.0605 -6.0549 4.9362
v -36.0605 -7.0957 4.1977
v -35.6217 -7.3526 4.5199
v -35.6217 -8.3387 3.6387
v -35.6217 -6.2741 5.2851
v -36.0605 -4.9379 5.5536
v -36.383 -3.5909 5.5623
v -36.6115 -4.7453 3.9316
v -36.569 -5.4799 4.0212
v -36.383 -6.7788 3.8004
v -36.0605 -8.0473 3.3473
v -35.6217 -9.2199 2.6526
v -36.6115 -5.7897 3.2688
v -36.569 -6.4219 3.3528
v -36.383 -7.6879 2.988
v -36.0605 -8.8977 2.3957
v -35.6217 -9.9851 1.5741
v -36.6115 -6.7428 2.4803
v -36.569 -7.2832 2.5832
v -36.383 -8.5004 2.0788
v -36.0605 -9.6362 1.3549
v -35.6217 -10.6248 0.4166
v -36.6115 -7.5896 1.5786
v -36.569 -8.0528 1.7219
v -36.383 -9.2059 1.0845
v -36.0605 -10.2536 0.2379
v -35.6217 -11.1309 -0.8051
v -36.6115 -8.3166 0.5779
v -36.569 -8.7212 0.7799
v -36.383 -9.7957 0.0174
v -36.0605 -10.742 -0.9412
v -35.6217 -11.497 -2.0759
v -36.569 -9.2799 -0.231
v -36.383 -10.2623 -1.1091
v -36.0605 -11.0953 -2.1676
v -35.6217 -11.7185 -3.3796
v -36.6115 -9.3679 -1.6562
v -36.569 -9.7219 -1.2981
v -36.6115 -8.9125 -0.5061
v -36.569 -10.0417 -2.408
v -36.6115 -9.6755 -2.8543
v -36.569 -10.2352 -3.5468
v -36.383 -10.804 -3.4827
v -36.383 -10.8724 -4.7
v -36.0605 -11.3806 -4.7
v -36.0605 -11.3091 -5.9742
v -35.6217 -11.7185 -6.0204
v -35.6217 -11.497 -7.3241
v -35.6217 -11.7927 -4.7
v -36.0605 -11.3091 -3.4258
v -36.383 -10.5998 -2.2807
v -36.6115 -9.8306 -4.0815
v -36.569 -10.2999 -4.7
v -36.383 -10.804 -5.9173
v -36.0605 -11.0953 -7.2324
v -35.6217 -11.1309 -8.5949
v -36.6115 -9.8306 -5.3185
v -36.569 -10.2352 -5.8532
v -36.383 -10.5998 -7.1193
v -36.0605 -10.742 -8.4588
v -35.6217 -10.6248 -9.8166
v -36.6115 -9.6755 -6.5457
v -36.569 -10.0417 -6.992
v -36.383 -10.2623 -8.2909
v -36.0605 -10.2536 -9.6379
v -35.6217 -9.9851 -10.9741
v -36.6115 -9.3679 -7.7438
v -36.569 -9.7219 -8.1019
v -36.383 -9.7957 -9.4174
v -36.0605 -9.6362 -10.7549
v -35.6217 -9.2199 -12.0526
v -36.6115 -8.9125 -8.8939
v -36.569 -9.2799 -9.169
v -36.383 -9.2059 -10.4845
v -36.0605 -8.8977 -11.7957
v -35.6217 -8.3387 -13.0387
v -36.6115 -8.3166 -9.9779
v -36.569 -8.7212 -10.1799
v -36.383 -8.5004 -11.4788
v -36.0605 -8.0473 -12.7473
v -35.6217 -7.3526 -13.9199
v -36.569 -8.0528 -11.1219
v -36.383 -7.6879 -12.388
v -36.0605 -7.0957 -13.5977
v -35.6217 -6.2741 -14.6851
v -36.6115 -6.7428 -11.8803
v -36.569 -7.2832 -11.9832
v -36.6115 -7.5896 -10.9786
v -36.569 -6.4219 -12.7528
v -36.6115 -5.7897 -12.6688
v -36.569 -5.4799 -13.4212
v -36.383 -5.7845 -13.9059
v -36.383 -4.7174 -14.4957
v -36.0605 -4.9379 -14.9536
v -36.0605 -3.7588 -15.442
v -35.6217 -3.8949 -15.8309
v -35.6217 -2.6241 -16.197
v -35.6217 -5.1166 -15.3248
v -36.0605 -6.0549 -14.3362
v -36.383 -6.7788 -13.2004
v -36.6115 -4.7453 -13.3316
v -36.569 -4.469 -13.9799
v -36.383 -3.5909 -14.9623
v -36.0605 -2.5324 -15.7953
v -35.6217 -1.3204 -16.4185
v -36.6115 -3.626 -13.8583
v -36.569 -3.4019 -14.422
v -36.383 -2.4193 -15.2998
v -36.0605 -1.2742 -16.0091
v -35.6217 0 -16.4927
v -35.6217 1.3204 -16.4185
v -35.6217 2.6241 -16.197
v -35.6217 3.8949 -15.8309
v -36.6115 -2.4496 -14.2405
v -36.569 -2.2919 -14.7417
v -36.383 -1.2173 -15.504
v -36.0605 0 -16.0806
v -36.6115 -1.2345 -14.4723
v -36.569 -1.1532 -14.9352
v -36.383 0 -15.5724
v -36.0605 1.2742 -16.0091
v -36.569 0 -15
v -36.383 1.2173 -15.504
v -36.0605 2.5324 -15.7953
v -37.6115 1.1134 -12.6221
v -37.5362 0.5277 -13.2561
v -37.6115 0 -12.7
v -37.5362 1.5752 -13.1264
v -37.6115 2.2051 -12.3901
v -37.5362 2.5987 -12.8689
v -37.3153 2.7604 -13.3771
v -37.3153 3.8058 -12.9721
v -36.9639 3.9972 -13.3882
v -36.9639 5.0346 -12.8311
v -36.9639 2.8992 -13.8135
v -37.3153 1.6732 -13.6506
v -37.6115 3.2539 -12.0084
v -37.5362 3.5829 -12.4877
v -37.3153 4.7935 -12.4418
v -36.9639 5.9956 -12.1508
v -37.6115 4.2394 -11.4844
v -37.5362 4.5127 -11.9883
v -37.3153 5.7085 -11.794
v -36.9639 6.8658 -11.3575
v -37.5362 5.3742 -11.3785
v -37.3153 6.537 -11.0387
v -36.9639 7.6319 -10.4634
v -37.6115 5.9452 -10.053
v -37.5362 6.1542 -10.6675
v -37.6115 5.1423 -10.8284
v -37.5362 6.8409 -9.866
v -37.6115 6.6323 -9.1735
v -37.5362 7.4238 -8.9862
v -37.3153 7.8857 -9.2528
v -37.3153 8.3854 -8.2492
v -36.9639 8.8072 -8.4277
v -36.9639 9.1985 -7.3172
v -36.9639 8.2823 -9.4818
v -37.3153 7.2664 -10.1874
v -37.6115 7.1903 -8.207
v -37.5362 7.8943 -8.0414
v -37.3153 8.758 -7.1919
v -36.9639 9.4504 -6.167
v -37.6115 7.6085 -7.1721
v -37.5362 8.2451 -7.0459
v -37.3153 8.9979 -6.0967
v -36.9639 9.5591 -4.9945
v -37.6115 7.8785 -6.0892
v -37.5362 8.4709 -6.0149
v -37.3153 9.1013 -4.9804
v -36.9639 9.5228 -3.8176
v -37.6115 7.9951 -4.9792
v -37.5362 8.5683 -4.964
v -37.3153 9.0668 -3.8598
v -36.9639 9.3422 -2.654
v -37.5362 8.5358 -3.9091
v -37.3153 8.8948 -2.752
v -36.9639 9.0199 -1.5215
v -37.6115 7.7624 -2.7646
v -37.5362 8.3738 -2.8661
v -37.6115 7.9562 -3.8638
v -37.5362 8.085 -1.851
v -37.6115 7.4175 -1.7031
v -37.5362 7.6736 -0.879
v -37.3153 8.151 -0.6413
v -37.3153 7.5905 0.3296
v -36.9639 7.9722 0.5826
v -36.9639 7.2626 1.5222
v -36.9639 8.561 -0.4371
v -37.3153 8.588 -1.6737
v -37.6115 6.9282 -0.7
v -37.5362 7.1459 0.035
v -37.3153 6.9149 1.2243
v -36.9639 6.4429 2.3676
v -37.6115 6.3041 0.2253
v -37.5362 6.5099 0.8773
v -37.3153 6.1344 2.0291
v -36.9639 5.5256 3.1058
v -37.6115 5.5573 1.0547
v -37.5362 5.7751 1.635
v -37.3153 5.261 2.732
v -36.9639 4.5245 3.7256
v -37.6115 4.7023 1.7721
v -37.5362 4.9529 2.2967
v -37.3153 4.3078 3.3222
v -36.9639 3.4548 4.2178
v -37.6115 3.7558 2.3636
v -37.5362 4.0555 2.8523
v -37.3153 3.2893 3.7907
v -36.9639 2.3327 4.5747
v -37.5362 3.0967 3.2934
v -37.3153 2.221 4.1306
v -36.9639 1.1752 4.7911
v -37.6115 1.6633 3.1252
v -37.5362 2.0909 3.6134
v -37.6115 2.7362 2.8175
v -37.5362 1.0534 3.8073
v -37.6115 0.5581 3.2805
v -37.5362 0 3.8723
v -37.3153 0 4.4056
v -37.3153 -1.119 4.3366
v -36.9639 -1.1752 4.7911
v -36.9639 -2.3327 4.5747
v -36.9639 0 4.8636
v -37.3153 1.119 4.3366
v -37.6115 -0.5581 3.2805
v -37.5362 -1.0534 3.8073
v -37.3153 -2.221 4.1306
v -36.9639 -3.4548 4.2178
v -37.6115 -1.6633 3.1252
v -37.5362 -2.0909 3.6134
v -37.3153 -3.2893 3.7907
v -36.9639 -4.5245 3.7256
v -37.6115 -2.7362 2.8175
v -37.5362 -3.0967 3.2934
v -37.3153 -4.3078 3.3222
v -36.9639 -5.5256 3.1058
v -37.6115 -3.7558 2.3636
v -37.5362 -4.0555 2.8523
v -37.3153 -5.261 2.732
v -36.9639 -6.4429 2.3676
v -37.5362 -4.9529 2.2967
v -37.3153 -6.1344 2.0291
v -36.9639 -7.2626 1.5222
v -37.6115 -5.5573 1.0547
v -37.5362 -5.7751 1.635
v -37.6115 -4.7023 1.7721
v -37.5362 -6.5099 0.8773
v -37.6115 -6.3041 0.2253
v -37.5362 -7.1459 0.035
v -37.3153 -7.5905 0.3296
v -37.3153 -8.151 -0.6413
v -36.9639 -8.561 -0.4371
v -36.9639 -9.0199 -1.5215
v -36.9639 -7.9722 0.5826
v -37.3153 -6.9149 1.2243
v -37.6115 -6.9282 -0.7
v -37.5362 -7.6736 -0.879
v -37.3153 -8.588 -1.6737
v -36.9639 -9.3422 -2.654
v -37.6115 -7.4175 -1.7031
v -37.5362 -8.085 -1.851
v -37.3153 -8.8948 -2.752
v -36.9639 -9.5228 -3.8176
v -37.6115 -7.7624 -2.7646
v -37.5362 -8.3738 -2.8661
v -37.3153 -9.0668 -3.8598
v -36.9639 -9.559 -4.9945
v -37.6115 -7.9562 -3.8638
v -37.5362 -8.5357 -3.9091
v -37.3153 -9.1013 -4.9804
v -36.9639 -9.4504 -6.167
v -37.6115 -7.9951 -4.9792
v -37.5362 -8.5683 -4.964
v -37.3153 -8.9979 -6.0967
v -36.9639 -9.1985 -7.3172
v -37.5362 -8.4709 -6.0149
v -37.3153 -8.758 -7.1919
v -36.9639 -8.8072 -8.4277
v -37.6115 -7.6085 -7.1721
v -37.5362 -8.2451 -7.0459
v -37.6115 -7.8785 -6.0892
v -37.5362 -7.8943 -8.0414
v -37.6115 -7.1903 -8.207
v -37.5362 -7.4238 -8.9862
v -37.3153 -7.8857 -9.2528
v -37.3153 -7.2664 -10.1874
v -36.9639 -7.6319 -10.4634
v -36.9639 -6.8658 -11.3575
v -36.9639 -8.2823 -9.4818
v -37.3153 -8.3854 -8.2492
v -37.6115 -6.6323 -9.1735
v -37.5362 -6.8408 -9.866
v -37.3153 -6.537 -11.0387
v -36.9639 -5.9956 -12.1508
v -37.6115 -5.9452 -10.053
v -37.5362 -6.1542 -10.6675
v -37.3153 -5.7085 -11.794
v -36.9639 -5.0346 -12.8311
v -37.6115 -5.1423 -10.8284
v -37.5362 -5.3742 -11.3785
v -37.3153 -4.7935 -12.4418
v -36.9639 -3.9972 -13.3882
v -37.6115 -4.2393 -11.4844
v -37.5362 -4.5127 -11.9883
v -37.3153 -3.8058 -12.9721
v -36.9639 -2.8992 -13.8135
v -37.5362 -3.5829 -12.4877
v -37.3153 -2.7604 -13.3771
v -36.9639 -1.7573 -14.1008
v -37.6115 -2.2051 -12.3901
v -37.5362 -2.5987 -12.8689
v -37.6115 -3.2539 -12.0084
v -37.5362 -1.5752 -13.1264
v -37.6115 -1.1134 -12.6221
v -37.5362 -0.5277 -13.2561
v -37.3153 -0.5605 -13.7884
v -37.3153 0.5606 -13.7884
v -36.9639 0.5887 -14.2455
v -36.9639 1.7573 -14.1008
v -36.9639 -0.5887 -14.2455
v -37.3153 -1.6731 -13.6506
v -1.4948 -34.6115 -18.9217
v -1.4948 -33.1615 -18.9217
v 0 -34.6115 -19
v -2.9731 -33.1615 -18.6875
v -2.9731 -34.6115 -18.6875
v -4.4189 -33.1615 -18.3001
v -4.4189 -34.6115 -18.3001
v -5.8163 -33.1615 -17.7637
v -5.8163 -34.6115 -17.7637
v -7.15 -33.1615 -17.0842
v -7.15 -34.6115 -17.0842
v -8.4053 -33.1615 -16.269
v -8.4053 -34.6115 -16.269
v -9.5686 -33.1615 -15.327
v -9.5686 -34.6115 -15.327
v -10.627 -33.1615 -14.2686
v -10.627 -34.6115 -14.2686
v -11.5689 -33.1615 -13.1053
v -11.5689 -34.6115 -13.1053
v -12.3842 -33.1615 -11.85
v -12.3842 -34.6115 -11.85
v -13.0637 -33.1615 -10.5163
v -13.0637 -34.6115 -10.5163
v -13.6001 -33.1615 -9.1189
v -13.6001 -34.6115 -9.1189
v -13.9875 -33.1615 -7.6731
v -13.9875 -34.6115 -7.6731
v -14.2217 -33.1615 -6.1948
v -14.2217 -34.6115 -6.1948
v -14.3 -33.1615 -4.7
v -14.3 -34.6115 -4.7
v -14.2217 -33.1615 -3.2052
v -14.2217 -34.6115 -3.2052
v -13.9875 -33.1615 -1.7269
v -13.9875 -34.6115 -1.7269
v -13.6001 -33.1615 -0.2811
v -13.6001 -34.6115 -0.2811
v -13.0637 -33.1615 1.1163
v -13.0637 -34.6115 1.1163
v -12.3842 -33.1615 2.45
v -12.3842 -34.6115 2.45
v -11.5689 -33.1615 3.7053
v -11.5689 -34.6115 3.7053
v -10.627 -33.1615 4.8686
v -10.627 -34.6115 4.8686
v -9.5686 -33.1615 5.927
v -9.5686 -34.6115 5.927
v -8.4053 -33.1615 6.8689
v -8.4053 -34.6115 6.8689
v -7.15 -33.1615 7.6842
v -7.15 -34.6115 7.6842
v -5.8163 -33.1615 8.3637
v -5.8163 -34.6115 8.3637
v -4.4189 -33.1615 8.9001
v -4.4189 -34.6115 8.9001
v -2.9731 -33.1615 9.2875
v -2.9731 -34.6115 9.2875
v -1.4948 -33.1615 9.5217
v -1.4948 -34.6115 9.5217
v 0 -33.1615 9.6
v 0 -34.6115 9.6
v 1.4948 -33.1615 9.5217
v 1.4948 -34.6115 9.5217
v 2.9731 -33.1615 9.2875
v 2.9731 -34.6115 9.2875
v 4.4189 -33.1615 8.9001
v 4.4189 -34.6115 8.9001
v 5.8163 -33.1615 8.3637
v 5.8163 -34.6115 8.3637
v 7.15 -33.1615 7.6842
v 7.15 -34.6115 7.6842
v 8.4053 -33.1615 6.8689
v 8.4053 -34.6115 6.8689
v 9.5686 -33.1615 5.927
v 9.5686 -34.6115 5.927
v 10.627 -33.1615 4.8686
v 10.627 -34.6115 4.8686
v 11.5689 -33.1615 3.7053
v 11.5689 -34.6115 3.7053
v 12.3842 -33.1615 2.45
v 12.3842 -34.6115 2.45
v 13.0637 -33.1615 1.1163
v 13.0637 -34.6115 1.1163
v 13.6001 -33.1615 -0.2811
v 13.6001 -34.6115 -0.2811
v 13.9875 -33.1615 -1.7269
v 13.9875 -34.6115 -1.7269
v 14.2217 -33.1615 -3.2052
v 14.2217 -34.6115 -3.2052
v 14.3 -33.1615 -4.7
v 14.3 -34.6115 -4.7
v 14.2217 -33.1615 -6.1948
v 14.2217 -34.6115 -6.1948
v 13.9875 -33.1615 -7.6731
v 13.9875 -34.6115 -7.6731
v 13.6001 -33.1615 -9.1189
v 13.6001 -34.6115 -9.1189
v 13.0637 -33.1615 -10.5163
v 13.0637 -34.6115 -10.5163
v 12.3842 -33.1615 -11.85
v 12.3842 -34.6115 -11.85
v 11.5689 -33.1615 -13.1053
v 11.5689 -34.6115 -13.1053
v 10.627 -33.1615 -14.2686
v 10.627 -34.6115 -14.2686
v 9.5686 -33.1615 -15.327
v 9.5686 -34.6115 -15.327
v 8.4053 -33.1615 -16.269
v 8.4053 -34.6115 -16.269
v 7.15 -33.1615 -17.0842
v 7.15 -34.6115 -17.0842
v 5.8163 -33.1615 -17.7637
v 5.8163 -34.6115 -17.7637
v 4.4189 -33.1615 -18.3001
v 4.4189 -34.6115 -18.3001
v 2.9731 -33.1615 -18.6875
v 2.9731 -34.6115 -18.6875
v 1.4948 -33.1615 -18.9217
v 1.4948 -34.6115 -18.9217
v 0 -33.1615 -19
v -1.3451 -35.6115 -16.4231
v -0.5973 -35.6069 -16.6687
v 0 -35.6115 -16.5
v -1.7861 -35.6069 -16.5498
v -2.6727 -35.6115 -16.1933
v -2.957 -35.6069 -16.313
v -3.1359 -35.4958 -17.0156
v -4.3466 -35.4958 -16.6422
v -4.5819 -35.2411 -17.2885
v -5.8125 -35.2411 -16.7698
v -6.0826 -34.8531 -17.3306
v -7.3099 -34.8531 -16.6622
v -4.7947 -34.8531 -17.8734
v -3.3057 -35.2411 -17.6822
v -1.8941 -35.4958 -17.2667
v -3.9654 -35.6115 -15.8138
v -4.0986 -35.6069 -15.9609
v -5.5141 -35.4958 -16.1501
v -6.9854 -35.2411 -16.1311
v -8.4647 -34.8531 -15.8749
v -5.1995 -35.6069 -15.4969
v -6.6267 -35.4958 -15.5442
v -8.0888 -35.2411 -15.3787
v -9.5353 -34.8531 -14.9766
v -6.3796 -35.6115 -14.6268
v -6.2487 -35.6069 -14.9255
v -5.2064 -35.6115 -15.2893
v -7.2358 -35.6069 -14.2525
v -7.4695 -35.6115 -13.8349
v -8.1509 -35.6069 -13.4846
v -8.6441 -35.4958 -14.0161
v -9.5287 -35.4958 -13.1091
v -10.0444 -35.2411 -13.5642
v -10.8771 -35.2411 -12.5201
v -11.3825 -34.8531 -12.8834
v -12.1407 -34.8531 -11.7094
v -12.7783 -34.8531 -10.4658
v -13.2889 -34.8531 -9.1648
v -13.6674 -34.8531 -7.8195
v -13.9101 -34.8531 -6.4432
v -14.0145 -34.8531 -5.0495
v -13.9797 -34.8531 -3.6524
v -13.8059 -34.8531 -2.2656
v -13.4949 -34.8531 -0.9031
v -13.0498 -34.8531 0.4217
v -12.475 -34.8531 1.6956
v -11.7762 -34.8531 2.9059
v -10.9604 -34.8531 4.0406
v -10.0357 -34.8531 5.0885
v -9.0112 -34.8531 6.0391
v -7.8971 -34.8531 6.8829
v -6.7046 -34.8531 7.6117
v -5.447 -34.8531 8.2174
v -4.1321 -34.8531 8.6961
v -2.7778 -34.8531 9.0409
v -1.3958 -34.8531 9.2492
v 0 -34.8531 9.3189
v 1.3958 -34.8531 9.2492
v 0 -35.2411 8.6964
v 1.3338 -35.2411 8.6298
v 0 -35.4958 8.0086
v 1.2654 -35.4958 7.9455
v 0 -35.6069 7.2836
v 1.1932 -35.6069 7.2241
v 0.6736 -35.6115 7.0808
v 2.0122 -35.6115 6.9272
v 2.3745 -35.6069 7.046
v 3.3244 -35.6115 6.622
v 3.5322 -35.6069 6.7512
v 3.7459 -35.4958 7.444
v 4.9436 -35.4958 7.0077
v 5.2081 -35.2411 7.6426
v 6.4069 -35.2411 7.065
v 6.7046 -34.8531 7.6117
v 7.8971 -34.8531 6.8829
v 5.447 -34.8531 8.2174
v 3.9487 -35.2411 8.1013
v 2.5182 -35.4958 7.7566
v -8.4621 -35.6115 -12.9239
v -8.9851 -35.6069 -12.6294
v -10.3186 -35.4958 -12.1186
v -11.6016 -35.2411 -11.3982
v -9.3445 -35.6115 -11.9057
v -9.7299 -35.6069 -11.6954
v -11.006 -35.4958 -11.0543
v -12.2109 -35.2411 -10.2098
v -10.1049 -35.6115 -10.7935
v -10.3781 -35.6069 -10.6918
v -11.584 -35.4958 -9.9269
v -12.6988 -35.2411 -8.9666
v -10.7337 -35.6115 -9.6019
v -10.9231 -35.6069 -9.6287
v -12.0468 -35.4958 -8.7475
v -13.0605 -35.2411 -7.681
v -11.3596 -35.6069 -8.5166
v -12.39 -35.4958 -7.5279
v -13.2925 -35.2411 -6.3658
v -11.565 -35.6115 -7.0434
v -11.6831 -35.6069 -7.3666
v -11.2225 -35.6115 -8.3464
v -11.8906 -35.6069 -6.1901
v -11.7567 -35.6115 -5.7098
v -11.9799 -35.6069 -4.9988
v -12.7047 -35.4958 -5.0168
v -12.6731 -35.4958 -3.7503
v -13.359 -35.2411 -3.6989
v -13.1929 -35.2411 -2.3737
v -13.3923 -35.2411 -5.034
v -12.61 -35.4958 -6.2802
v -11.7952 -35.6115 -4.363
v -11.9501 -35.6069 -3.8045
v -12.5155 -35.4958 -2.4932
v -12.8957 -35.2411 -1.0717
v -11.6799 -35.6115 -3.0207
v -11.8015 -35.6069 -2.6191
v -12.2336 -35.4958 -1.258
v -12.4704 -35.2411 0.1943
v -11.4123 -35.6115 -1.7002
v -11.5357 -35.6069 -1.4544
v -11.8301 -35.4958 -0.057
v -11.9211 -35.2411 1.4116
v -10.996 -35.6115 -0.4189
v -11.1552 -35.6069 -0.3219
v -11.309 -35.4958 1.0978
v -11.2533 -35.2411 2.5682
v -10.6639 -35.6069 0.767
v -10.6756 -35.4958 2.195
v -10.4737 -35.2411 3.6525
v -9.7406 -35.6115 1.9604
v -10.0665 -35.6069 1.8017
v -10.4363 -35.6115 0.8067
v -9.3692 -35.6069 2.7717
v -8.9178 -35.6115 3.0274
v -8.5787 -35.6069 3.6674
v -9.0977 -35.4958 4.1736
v -8.1689 -35.4958 5.0354
v -8.6111 -35.2411 5.5622
v -7.5465 -35.2411 6.3686
v -9.5901 -35.2411 4.6539
v -9.936 -35.4958 3.2237
v -7.9789 -35.6115 3.9935
v -7.7029 -35.6069 4.48
v -7.159 -35.4958 5.8003
v -6.4069 -35.2411 7.065
v -5.2081 -35.2411 7.6426
v -3.9487 -35.2411 8.1013
v -6.9359 -35.6115 4.8464
v -6.7506 -35.6069 5.2013
v -6.0779 -35.4958 6.461
v -4.9436 -35.4958 7.0077
v -3.7459 -35.4958 7.444
v -2.6545 -35.2411 8.4308
v -5.8025 -35.6115 5.5748
v -5.7312 -35.6069 5.8243
v -4.6642 -35.6069 6.3387
v -3.5322 -35.6069 6.7512
v -2.5182 -35.4958 7.7566
v -1.3338 -35.2411 8.6298
v -4.5934 -35.6115 6.1692
v -3.3244 -35.6115 6.622
v -2.3745 -35.6069 7.046
v -2.0122 -35.6115 6.9272
v -1.1932 -35.6069 7.2241
v -0.6736 -35.6115 7.0808
v -1.2654 -35.4958 7.9455
v 4.5934 -35.6115 6.1692
v 4.6642 -35.6069 6.3387
v 6.0779 -35.4958 6.461
v 7.5465 -35.2411 6.3686
v 9.0112 -34.8531 6.0391
v 5.7312 -35.6069 5.8243
v 7.159 -35.4958 5.8003
v 8.6111 -35.2411 5.5622
v 10.0357 -34.8531 5.0885
v 6.9359 -35.6115 4.8464
v 6.7506 -35.6069 5.2013
v 5.8025 -35.6115 5.5748
v 7.7029 -35.6069 4.48
v 7.9789 -35.6115 3.9935
v 8.5787 -35.6069 3.6674
v 9.0977 -35.4958 4.1736
v 9.936 -35.4958 3.2237
v 10.4737 -35.2411 3.6525
v 11.2533 -35.2411 2.5682
v 11.7762 -34.8531 2.9059
v 12.475 -34.8531 1.6956
v 10.9604 -34.8531 4.0406
v 9.5901 -35.2411 4.6539
v 8.1689 -35.4958 5.0354
v 8.9178 -35.6115 3.0274
v 9.3692 -35.6069 2.7717
v 10.6756 -35.4958 2.195
v 11.9211 -35.2411 1.4116
v 13.0498 -34.8531 0.4217
v 9.7406 -35.6115 1.9604
v 10.0665 -35.6069 1.8017
v 11.309 -35.4958 1.0978
v 12.4704 -35.2411 0.1943
v 13.4949 -34.8531 -0.9031
v 10.4363 -35.6115 0.8067
v 10.6639 -35.6069 0.767
v 11.8301 -35.4958 -0.057
v 12.8957 -35.2411 -1.0717
v 13.8059 -34.8531 -2.2656
v 10.996 -35.6115 -0.4189
v 11.1552 -35.6069 -0.3219
v 12.2336 -35.4958 -1.258
v 13.1929 -35.2411 -2.3737
v 13.9797 -34.8531 -3.6524
v 11.5357 -35.6069 -1.4544
v 12.5155 -35.4958 -2.4932
v 13.359 -35.2411 -3.6989
v 14.0145 -34.8531 -5.0495
v 11.6799 -35.6115 -3.0207
v 11.8015 -35.6069 -2.6191
v 11.4123 -35.6115 -1.7002
v 11.9501 -35.6069 -3.8045
v 11.7952 -35.6115 -4.363
v 11.9799 -35.6069 -4.9988
v 12.7047 -35.4958 -5.0168
v 12.61 -35.4958 -6.2802
v 13.2925 -35.2411 -6.3658
v 13.0605 -35.2411 -7.681
v 13.6674 -34.8531 -7.8195
v 13.2889 -34.8531 -9.1648
v 13.9101 -34.8531 -6.4432
v 13.3923 -35.2411 -5.034
v 12.6731 -35.4958 -3.7503
v 11.7567 -35.6115 -5.7098
v 11.8906 -35.6069 -6.1901
v 12.39 -35.4958 -7.5279
v 12.6988 -35.2411 -8.9666
v 12.7783 -34.8531 -10.4658
v 11.565 -35.6115 -7.0434
v 11.6831 -35.6069 -7.3666
v 12.0468 -35.4958 -8.7475
v 12.2109 -35.2411 -10.2098
v 12.1407 -34.8531 -11.7094
v 11.3825 -34.8531 -12.8834
v 10.5111 -34.8531 -13.9761
v 9.5353 -34.8531 -14.9766
v 8.4647 -34.8531 -15.8749
v 7.3099 -34.8531 -16.6622
v 6.0826 -34.8531 -17.3306
v 4.7947 -34.8531 -17.8734
v 3.4593 -34.8531 -18.2854
v 2.0894 -34.8531 -18.5623
v 0.6988 -34.8531 -18.7015
v -0.6988 -34.8531 -18.7015
v -2.0894 -34.8531 -18.5623
v -3.4593 -34.8531 -18.2854
v 11.2225 -35.6115 -8.3464
v 11.3596 -35.6069 -8.5166
v 11.584 -35.4958 -9.9269
v 11.6016 -35.2411 -11.3982
v 10.7337 -35.6115 -9.6019
v 10.9231 -35.6069 -9.6287
v 11.006 -35.4958 -11.0543
v 10.8771 -35.2411 -12.5201
v 10.3781 -35.6069 -10.6918
v 10.3186 -35.4958 -12.1186
v 10.0444 -35.2411 -13.5642
v 9.3445 -35.6115 -11.9057
v 9.7299 -35.6069 -11.6954
v 10.1049 -35.6115 -10.7935
v 8.9851 -35.6069 -12.6294
v 8.4621 -35.6115 -12.9239
v 8.1509 -35.6069 -13.4846
v 8.6441 -35.4958 -14.0161
v 7.6735 -35.4958 -14.8305
v 8.0888 -35.2411 -15.3787
v 6.9854 -35.2411 -16.1311
v 9.1119 -35.2411 -14.5203
v 9.5287 -35.4958 -13.1091
v 7.4695 -35.6115 -13.8349
v 7.2358 -35.6069 -14.2525
v 6.6267 -35.4958 -15.5442
v 5.8125 -35.2411 -16.7698
v 6.3796 -35.6115 -14.6268
v 6.2487 -35.6069 -14.9255
v 5.5141 -35.4958 -16.1501
v 4.5819 -35.2411 -17.2885
v 5.2064 -35.6115 -15.2893
v 5.1995 -35.6069 -15.4969
v 4.3466 -35.4958 -16.6422
v 3.3057 -35.2411 -17.6822
v 3.9654 -35.6115 -15.8138
v 4.0986 -35.6069 -15.9609
v 3.1359 -35.4958 -17.0156
v 1.9966 -35.2411 -17.9468
v 2.957 -35.6069 -16.313
v 1.8941 -35.4958 -17.2667
v 0.6678 -35.2411 -18.0798
v 1.3451 -35.6115 -16.4231
v 1.7861 -35.6069 -16.5498
v 2.6727 -35.6115 -16.1933
v 0.5973 -35.6069 -16.6687
v -0.6335 -35.4958 -17.3928
v -1.9966 -35.2411 -17.9468
v -0.6678 -35.2411 -18.0798
v 0.6335 -35.4958 -17.3928
v 4.1321 -34.8531 8.6961
v 2.6545 -35.2411 8.4308
v 2.7778 -34.8531 9.0409
v -10.5111 -34.8531 -13.9761
v -9.1119 -35.2411 -14.5203
v -7.6735 -35.4958 -14.8305
v -1.2345 -36.6115 -14.4723
v -1.1532 -36.569 -14.9352
v 0 -36.6115 -14.55
v -2.2919 -36.569 -14.7417
v -2.4496 -36.6115 -14.2406
v -3.4019 -36.569 -14.422
v -3.5909 -36.383 -14.9623
v -4.7174 -36.383 -14.4957
v -4.9379 -36.0605 -14.9536
v -6.0549 -36.0605 -14.3362
v -6.2741 -35.6217 -14.6851
v -7.3526 -35.6217 -13.9199
v -5.1166 -35.6217 -15.3248
v -3.7588 -36.0605 -15.442
v -2.4193 -36.383 -15.2998
v -3.626 -36.6115 -13.8583
v -4.469 -36.569 -13.9799
v -5.7845 -36.383 -13.9059
v -7.0957 -36.0605 -13.5977
v -8.3387 -35.6217 -13.0387
v -4.7453 -36.6115 -13.3316
v -5.4799 -36.569 -13.4212
v -6.7788 -36.383 -13.2004
v -8.0473 -36.0605 -12.7473
v -9.2199 -35.6217 -12.0526
v -5.7897 -36.6115 -12.6688
v -6.4219 -36.569 -12.7528
v -7.6879 -36.383 -12.388
v -8.8977 -36.0605 -11.7957
v -9.9851 -35.6217 -10.9741
v -6.7428 -36.6115 -11.8803
v -7.2832 -36.569 -11.9832
v -8.5004 -36.383 -11.4788
v -9.6362 -36.0605 -10.7549
v -10.6248 -35.6217 -9.8166
v -7.5896 -36.6115 -10.9786
v -8.0528 -36.569 -11.1219
v -9.2059 -36.383 -10.4845
v -10.2536 -36.0605 -9.6379
v -11.1309 -35.6217 -8.5949
v -8.3166 -36.6115 -9.9779
v -8.7212 -36.569 -10.1799
v -9.7957 -36.383 -9.4174
v -10.742 -36.0605 -8.4588
v -11.497 -35.6217 -7.3241
v -9.2799 -36.569 -9.169
v -10.2623 -36.383 -8.2909
v -11.0953 -36.0605 -7.2324
v -11.7185 -35.6217 -6.0204
v -9.3679 -36.6115 -7.7438
v -9.7219 -36.569 -8.1019
v -8.9125 -36.6115 -8.8939
v -10.0417 -36.569 -6.992
v -9.6755 -36.6115 -6.5457
v -10.2352 -36.569 -5.8532
v -10.804 -36.383 -5.9173
v -10.8724 -36.383 -4.7
v -11.3806 -36.0605 -4.7
v -11.3091 -36.0605 -3.4258
v -11.7185 -35.6217 -3.3796
v -11.497 -35.6217 -2.0759
v -11.7927 -35.6217 -4.7
v -11.3091 -36.0605 -5.9742
v -10.5998 -36.383 -7.1193
v -9.8306 -36.6115 -5.3185
v -10.2999 -36.569 -4.7
v -10.804 -36.383 -3.4827
v -11.0953 -36.0605 -2.1676
v -11.1309 -35.6217 -0.8051
v -9.8306 -36.6115 -4.0815
v -10.2352 -36.569 -3.5468
v -10.5998 -36.383 -2.2807
v -10.742 -36.0605 -0.9412
v -10.6248 -35.6217 0.4166
v -9.6755 -36.6115 -2.8543
v -10.0417 -36.569 -2.408
v -10.2623 -36.383 -1.1091
v -10.2536 -36.0605 0.2379
v -9.9851 -35.6217 1.5741
v -9.3679 -36.6115 -1.6562
v -9.7219 -36.569 -1.2981
v -9.7957 -36.383 0.0174
v -9.6362 -36.0605 1.3549
v -9.2199 -35.6217 2.6526
v -8.9125 -36.6115 -0.5061
v -9.2799 -36.569 -0.231
v -9.2059 -36.383 1.0845
v -8.8977 -36.0605 2.3957
v -8.3387 -35.6217 3.6387
v -8.3166 -36.6115 0.5779
v -8.7212 -36.569 0.7799
v -8.5004 -36.383 2.0788
v -8.0473 -36.0605 3.3473
v -7.3526 -35.6217 4.5199
v -8.0528 -36.569 1.7219
v -7.6879 -36.383 2.988
v -7.0957 -36.0605 4.1977
v -6.2741 -35.6217 5.2851
v -6.7428 -36.6115 2.4803
v -7.2832 -36.569 2.5832
v -7.5896 -36.6115 1.5786
v -6.4219 -36.569 3.3528
v -5.7897 -36.6115 3.2688
v -5.4799 -36.569 4.0212
v -5.7845 -36.383 4.5059
v -4.7174 -36.383 5.0957
v -4.9379 -36.0605 5.5536
v -3.7588 -36.0605 6.042
v -3.8949 -35.6217 6.4309
v -2.6241 -35.6217 6.797
v -5.1166 -35.6217 5.9248
v -6.0549 -36.0605 4.9362
v -6.7788 -36.383 3.8004
v -4.7453 -36.6115 3.9316
v -4.469 -36.569 4.5799
v -3.5909 -36.383 5.5623
v -2.5324 -36.0605 6.3953
v -1.3204 -35.6217 7.0185
v -3.626 -36.6115 4.4583
v -3.4019 -36.569 5.0219
v -2.4193 -36.383 5.8998
v -1.2742 -36.0605 6.609
v 0 -35.6217 7.0926
v -2.4496 -36.6115 4.8405
v -2.2919 -36.569 5.3417
v -1.2173 -36.383 6.104
v 0 -36.0605 6.6806
v 1.3204 -35.6217 7.0185
v -1.2345 -36.6115 5.0723
v -1.1532 -36.569 5.5352
v 0 -36.383 6.1724
v 1.2742 -36.0605 6.609
v 2.6241 -35.6217 6.797
v 0 -36.6115 5.15
v 0 -36.569 5.5999
v 1.2173 -36.383 6.104
v 2.5324 -36.0605 6.3953
v 3.8949 -35.6217 6.4309
v 1.1532 -36.569 5.5352
v 2.4193 -36.383 5.8998
v 3.7588 -36.0605 6.042
v 5.1166 -35.6217 5.9248
v 2.4496 -36.6115 4.8405
v 2.2919 -36.569 5.3417
v 1.2345 -36.6115 5.0723
v 3.4019 -36.569 5.0219
v 3.626 -36.6115 4.4583
v 4.469 -36.569 4.5799
v 4.7174 -36.383 5.0957
v 5.7845 -36.383 4.5059
v 6.0549 -36.0605 4.9362
v 7.0957 -36.0605 4.1977
v 7.3526 -35.6217 4.5199
v 8.3387 -35.6217 3.6387
v 6.2741 -35.6217 5.2851
v 4.9379 -36.0605 5.5536
v 3.5909 -36.383 5.5623
v 4.7453 -36.6115 3.9316
v 5.4799 -36.569 4.0212
v 6.7788 -36.383 3.8004
v 8.0473 -36.0605 3.3473
v 9.2199 -35.6217 2.6526
v 5.7897 -36.6115 3.2688
v 6.4219 -36.569 3.3528
v 7.6879 -36.383 2.988
v 8.8977 -36.0605 2.3957
v 9.9851 -35.6217 1.5741
v 6.7428 -36.6115 2.4803
v 7.2832 -36.569 2.5832
v 8.5004 -36.383 2.0788
v 9.6362 -36.0605 1.3549
v 10.6248 -35.6217 0.4166
v 7.5896 -36.6115 1.5786
v 8.0528 -36.569 1.7219
v 9.2059 -36.383 1.0845
v 10.2536 -36.0605 0.2379
v 11.1309 -35.6217 -0.8051
v 8.3166 -36.6115 0.5779
v 8.7212 -36.569 0.7799
v 9.7957 -36.383 0.0174
v 10.742 -36.0605 -0.9412
v 11.497 -35.6217 -2.0759
v 9.2799 -36.569 -0.231
v 10.2623 -36.383 -1.1091
v 11.0953 -36.0605 -2.1676
v 11.7185 -35.6217 -3.3796
v 9.3679 -36.6115 -1.6562
v 9.7219 -36.569 -1.2981
v 8.9125 -36.6115 -0.5061
v 10.0417 -36.569 -2.408
v 9.6755 -36.6115 -2.8543
v 10.2352 -36.569 -3.5468
v 10.804 -36.383 -3.4827
v 10.8724 -36.383 -4.7
v 11.3806 -36.0605 -4.7
v 11.3091 -36.0605 -5.9742
v 11.7185 -35.6217 -6.0204
v 11.497 -35.6217 -7.3241
v 11.7927 -35.6217 -4.7
v 11.3091 -36.0605 -3.4258
v 10.5998 -36.383 -2.2807
v 9.8306 -36.6115 -4.0815
v 10.2999 -36.569 -4.7
v 10.804 -36.383 -5.9173
v 11.0953 -36.0605 -7.2324
v 11.1309 -35.6217 -8.5949
v 9.8306 -36.6115 -5.3185
v 10.2352 -36.569 -5.8532
v 10.5998 -36.383 -7.1193
v 10.742 -36.0605 -8.4588
v 10.6248 -35.6217 -9.8166
v 9.6755 -36.6115 -6.5457
v 10.0417 -36.569 -6.992
v 10.2623 -36.383 -8.2909
v 10.2536 -36.0605 -9.6379
v 9.9851 -35.6217 -10.9741
v 9.3679 -36.6115 -7.7438
v 9.7219 -36.569 -8.1019
v 9.7957 -36.383 -9.4174
v 9.6362 -36.0605 -10.7549
v 9.2199 -35.6217 -12.0526
v 8.9125 -36.6115 -8.8939
v 9.2799 -36.569 -9.169
v 9.2059 -36.383 -10.4845
v 8.8977 -36.0605 -11.7957
v 8.3387 -35.6217 -13.0387
v 8.3166 -36.6115 -9.9779
v 8.7212 -36.569 -10.1799
v 8.5004 -36.383 -11.4788
v 8.0473 -36.0605 -12.7473
v 7.3526 -35.6217 -13.9199
v 8.0528 -36.569 -11.1219
v 7.6879 -36.383 -12.388
v 7.0957 -36.0605 -13.5977
v 6.2741 -35.6217 -14.6851
v 6.7428 -36.6115 -11.8803
v 7.2832 -36.569 -11.9832
v 7.5896 -36.6115 -10.9786
v 6.4219 -36.569 -12.7528
v 5.7897 -36.6115 -12.6688
v 5.4799 -36.569 -13.4212
v 5.7845 -36.383 -13.9059
v 4.7174 -36.383 -14.4957
v 4.9379 -36.0605 -14.9536
v 3.7588 -36.0605 -15.442
v 3.8949 -35.6217 -15.8309
v 2.6241 -35.6217 -16.197
v 5.1166 -35.6217 -15.3248
v 6.0549 -36.0605 -14.3362
v 6.7788 -36.383 -13.2004
v 4.7453 -36.6115 -13.3316
v 4.469 -36.569 -13.9799
v 3.5909 -36.383 -14.9623
v 2.5324 -36.0605 -15.7953
v 1.3204 -35.6217 -16.4185
v 3.626 -36.6115 -13.8583
v 3.4019 -36.569 -14.422
v 2.4193 -36.383 -15.2998
v 1.2742 -36.0605 -16.0091
v 0 -35.6217 -16.4927
v -1.3204 -35.6217 -16.4185
v -2.6241 -35.6217 -16.197
v -3.8949 -35.6217 -15.8309
v 2.4496 -36.6115 -14.2406
v 2.2919 -36.569 -14.7417
v 1.2173 -36.383 -15.504
v 0 -36.0605 -16.0806
v 1.2345 -36.6115 -14.4723
v 1.1532 -36.569 -14.9352
v 0 -36.383 -15.5724
v -1.2742 -36.0605 -16.0091
v 0 -36.569 -15
v -1.2173 -36.383 -15.504
v -2.5324 -36.0605 -15.7953
v -1.1134 -37.6115 -12.6222
v -0.5277 -37.5362 -13.2561
v 0 -37.6115 -12.7
v -1.5752 -37.5362 -13.1264
v -2.2051 -37.6115 -12.3901
v -2.5987 -37.5362 -12.8689
v -2.7604 -37.3153 -13.3771
v -3.8058 -37.3153 -12.9722
v -3.9972 -36.9639 -13.3882
v -5.0346 -36.9639 -12.8311
v -2.8992 -36.9639 -13.8136
v -1.6731 -37.3153 -13.6506
v -3.2539 -37.6115 -12.0084
v -3.5829 -37.5362 -12.4877
v -4.7935 -37.3153 -12.4418
v -5.9956 -36.9639 -12.1508
v -4.2393 -37.6115 -11.4844
v -4.5127 -37.5362 -11.9883
v -5.7085 -37.3153 -11.794
v -6.8658 -36.9639 -11.3575
v -5.3742 -37.5362 -11.3785
v -6.537 -37.3153 -11.0387
v -7.6319 -36.9639 -10.4634
v -5.9452 -37.6115 -10.0531
v -6.1542 -37.5362 -10.6675
v -5.1423 -37.6115 -10.8284
v -6.8408 -37.5362 -9.866
v -6.6323 -37.6115 -9.1736
v -7.4238 -37.5362 -8.9862
v -7.8857 -37.3153 -9.2528
v -8.3854 -37.3153 -8.2492
v -8.8072 -36.9639 -8.4278
v -9.1985 -36.9639 -7.3172
v -8.2823 -36.9639 -9.4818
v -7.2664 -37.3153 -10.1874
v -7.1903 -37.6115 -8.207
v -7.8943 -37.5362 -8.0414
v -8.758 -37.3153 -7.1919
v -9.4504 -36.9639 -6.167
v -7.6085 -37.6115 -7.1721
v -8.2451 -37.5362 -7.0459
v -8.9979 -37.3153 -6.0967
v -9.559 -36.9639 -4.9945
v -7.8785 -37.6115 -6.0892
v -8.4709 -37.5362 -6.0149
v -9.1013 -37.3153 -4.9804
v -9.5228 -36.9639 -3.8176
v -7.9951 -37.6115 -4.9792
v -8.5683 -37.5362 -4.964
v -9.0668 -37.3153 -3.8598
v -9.3422 -36.9639 -2.654
v -8.5357 -37.5362 -3.9091
v -8.8948 -37.3153 -2.752
v -9.0199 -36.9639 -1.5215
v -7.7624 -37.6115 -2.7646
v -8.3738 -37.5362 -2.8661
v -7.9562 -37.6115 -3.8638
v -8.085 -37.5362 -1.851
v -7.4175 -37.6115 -1.7031
v -7.6736 -37.5362 -0.879
v -8.151 -37.3153 -0.6413
v -7.5905 -37.3153 0.3296
v -7.9722 -36.9639 0.5826
v -7.2626 -36.9639 1.5222
v -8.561 -36.9639 -0.4371
v -8.588 -37.3153 -1.6737
v -6.9282 -37.6115 -0.7
v -7.1459 -37.5362 0.035
v -6.9149 -37.3153 1.2243
v -6.4429 -36.9639 2.3676
v -6.3041 -37.6115 0.2253
v -6.5099 -37.5362 0.8773
v -6.1344 -37.3153 2.0291
v -5.5256 -36.9639 3.1058
v -5.5573 -37.6115 1.0547
v -5.7751 -37.5362 1.635
v -5.261 -37.3153 2.732
v -4.5245 -36.9639 3.7256
v -4.7023 -37.6115 1.7721
v -4.9529 -37.5362 2.2967
v -4.3078 -37.3153 3.3222
v -3.4548 -36.9639 4.2178
v -3.7558 -37.6115 2.3636
v -4.0555 -37.5362 2.8523
v -3.2893 -37.3153 3.7907
v -2.3327 -36.9639 4.5747
v -3.0967 -37.5362 3.2934
v -2.221 -37.3153 4.1306
v -1.1752 -36.9639 4.7911
v -1.6633 -37.6115 3.1252
v -2.0909 -37.5362 3.6134
v -2.7362 -37.6115 2.8175
v -1.0534 -37.5362 3.8073
v -0.5581 -37.6115 3.2805
v 0 -37.5362 3.8723
v 0 -37.3153 4.4056
v 1.119 -37.3153 4.3366
v 1.1752 -36.9639 4.7911
v 2.3327 -36.9639 4.5747
v 0 -36.9639 4.8636
v -1.119 -37.3153 4.3366
v 0.5581 -37.6115 3.2805
v 1.0534 -37.5362 3.8073
v 2.221 -37.3153 4.1306
v 3.4548 -36.9639 4.2178
v 1.6633 -37.6115 3.1252
v 2.0909 -37.5362 3.6134
v 3.2893 -37.3153 3.7907
v 4.5245 -36.9639 3.7256
v 2.7362 -37.6115 2.8175
v 3.0967 -37.5362 3.2934
v 4.3078 -37.3153 3.3222
v 5.5256 -36.9639 3.1058
v 3.7558 -37.6115 2.3636
v 4.0555 -37.5362 2.8523
v 5.261 -37.3153 2.732
v 6.4429 -36.9639 2.3676
v 4.9529 -37.5362 2.2967
v 6.1344 -37.3153 2.0291
v 7.2626 -36.9639 1.5222
v 5.5573 -37.6115 1.0547
v 5.7751 -37.5362 1.635
v 4.7023 -37.6115 1.7721
v 6.5099 -37.5362 0.8773
v 6.3041 -37.6115 0.2253
v 7.1459 -37.5362 0.035
v 7.5905 -37.3153 0.3296
v 8.151 -37.3153 -0.6413
v 8.561 -36.9639 -0.4371
v 9.0199 -36.9639 -1.5215
v 7.9722 -36.9639 0.5826
v 6.9149 -37.3153 1.2243
v 6.9282 -37.6115 -0.7
v 7.6736 -37.5362 -0.879
v 8.588 -37.3153 -1.6737
v 9.3422 -36.9639 -2.654
v 7.4175 -37.6115 -1.7031
v 8.085 -37.5362 -1.851
v 8.8948 -37.3153 -2.752
v 9.5228 -36.9639 -3.8176
v 7.7624 -37.6115 -2.7646
v 8.3738 -37.5362 -2.8661
v 9.0668 -37.3153 -3.8598
v 9.559 -36.9639 -4.9945
v 7.9562 -37.6115 -3.8638
v 8.5357 -37.5362 -3.9091
v 9.1013 -37.3153 -4.9804
v 9.4504 -36.9639 -6.167
v 7.9951 -37.6115 -4.9792
v 8.5683 -37.5362 -4.964
v 8.9979 -37.3153 -6.0967
v 9.1985 -36.9639 -7.3172
v 8.4709 -37.5362 -6.0149
v 8.758 -37.3153 -7.1919
v 8.8072 -36.9639 -8.4278
v 7.6085 -37.6115 -7.1721
v 8.2451 -37.5362 -7.0459
v 7.8785 -37.6115 -6.0892
v 7.8943 -37.5362 -8.0414
v 7.1903 -37.6115 -8.207
v 7.4238 -37.5362 -8.9862
v 7.8857 -37.3153 -9.2528
v 7.2664 -37.3153 -10.1874
v 7.6319 -36.9639 -10.4634
v 6.8658 -36.9639 -11.3575
v 8.2823 -36.9639 -9.4818
v 8.3854 -37.3153 -8.2492
v 6.6323 -37.6115 -9.1736
v 6.8408 -37.5362 -9.866
v 6.537 -37.3153 -11.0387
v 5.9956 -36.9639 -12.1508
v 5.9452 -37.6115 -10.0531
v 6.1542 -37.5362 -10.6675
v 5.7085 -37.3153 -11.794
v 5.0346 -36.9639 -12.8311
v 5.1423 -37.6115 -10.8284
v 5.3742 -37.5362 -11.3785
v 4.7935 -37.3153 -12.4418
v 3.9972 -36.9639 -13.3882
v 4.2393 -37.6115 -11.4844
v 4.5127 -37.5362 -11.9883
v 3.8058 -37.3153 -12.9722
v 2.8992 -36.9639 -13.8136
v 3.5829 -37.5362 -12.4877
v 2.7604 -37.3153 -13.3771
v 1.7573 -36.9639 -14.1008
v 2.2051 -37.6115 -12.3901
v 2.5987 -37.5362 -12.8689
v 3.2539 -37.6115 -12.0084
v 1.5752 -37.5362 -13.1264
v 1.1134 -37.6115 -12.6222
v 0.5277 -37.5362 -13.2561
v 0.5605 -37.3153 -13.7884
v -0.5605 -37.3153 -13.7884
v -0.5887 -36.9639 -14.2455
v -1.7573 -36.9639 -14.1008
v 0.5887 -36.9639 -14.2455
v 1.6731 -37.3153 -13.6506
v 32.0615 -9.2256 -21.8222
v 33.1615 -9.2256 -21.8222
v 32.0615 -9.15 -21.2
v 33.1615 -9.4478 -22.4083
v 32.0615 -9.4478 -22.4083
v 33.1615 -9.8039 -22.9241
v 32.0615 -9.8039 -22.9241
v 33.1615 -10.273 -23.3398
v 32.0615 -10.273 -23.3398
v 33.1615 -10.828 -23.631
v 32.0615 -10.828 -23.631
v 33.1615 -11.4366 -23.781
v 32.0615 -11.4366 -23.781
v 33.1615 -12.0634 -23.781
v 32.0615 -12.0634 -23.781
v 33.1615 -12.672 -23.631
v 32.0615 -12.672 -23.631
v 33.1615 -13.227 -23.3398
v 32.0615 -13.227 -23.3398
v 33.1615 -13.6961 -22.9241
v 32.0615 -13.6961 -22.9241
v 33.1615 -14.0522 -22.4083
v 32.0615 -14.0522 -22.4083
v 33.1615 -14.2744 -21.8222
v 32.0615 -14.2744 -21.8222
v 33.1615 -14.35 -21.2
v 32.0615 -14.35 -21.2
v 33.1615 -14.2744 -20.5778
v 32.0615 -14.2744 -20.5778
v 33.1615 -14.0522 -19.9917
v 32.0615 -14.0522 -19.9917
v 33.1615 -13.6961 -19.4759
v 32.0615 -13.6961 -19.4759
v 33.1615 -13.227 -19.0602
v 32.0615 -13.227 -19.0602
v 33.1615 -12.672 -18.769
v 32.0615 -12.672 -18.769
v 33.1615 -12.0634 -18.619
v 32.0615 -12.0634 -18.619
v 33.1615 -11.4366 -18.619
v 32.0615 -11.4366 -18.619
v 33.1615 -10.828 -18.769
v 32.0615 -10.828 -18.769
v 33.1615 -10.273 -19.0602
v 32.0615 -10.273 -19.0602
v 33.1615 -9.8039 -19.4759
v 32.0615 -9.8039 -19.4759
v 33.1615 -9.4478 -19.9917
v 32.0615 -9.4478 -19.9917
v 33.1615 -9.2256 -20.5778
v 32.0615 -9.2256 -20.5778
v 33.1615 -9.15 -21.2
v 9.2256 32.0615 -21.8222
v 9.2256 33.1615 -21.8222
v 9.15 32.0615 -21.2
v 9.4478 33.1615 -22.4083
v 9.4478 32.0615 -22.4083
v 9.8039 33.1615 -22.9241
v 9.8039 32.0615 -22.9241
v 10.273 33.1615 -23.3398
v 10.273 32.0615 -23.3398
v 10.828 33.1615 -23.631
v 10.828 32.0615 -23.631
v 11.4366 33.1615 -23.781
v 11.4366 32.0615 -23.781
v 12.0634 33.1615 -23.781
v 12.0634 32.0615 -23.781
v 12.672 33.1615 -23.631
v 12.672 32.0615 -23.631
v 13.227 33.1615 -23.3398
v 13.227 32.0615 -23.3398
v 13.6961 33.1615 -22.9241
v 13.6961 32.0615 -22.9241
v 14.0522 33.1615 -22.4083
v 14.0522 32.0615 -22.4083
v 14.2744 33.1615 -21.8222
v 14.2744 32.0615 -21.8222
v 14.35 33.1615 -21.2
v 14.35 32.0615 -21.2
v 14.2744 33.1615 -20.5778
v 14.2744 32.0615 -20.5778
v 14.0522 33.1615 -19.9917
v 14.0522 32.0615 -19.9917
v 13.6961 33.1615 -19.4759
v 13.6961 32.0615 -19.4759
v 13.227 33.1615 -19.0602
v 13.227 32.0615 -19.0602
v 12.672 33.1615 -18.769
v 12.672 32.0615 -18.769
v 12.0634 33.1615 -18.619
v 12.0634 32.0615 -18.619
v 11.4366 33.1615 -18.619
v 11.4366 32.0615 -18.619
v 10.828 33.1615 -18.769
v 10.828 32.0615 -18.769
v 10.273 33.1615 -19.0602
v 10.273 32.0615 -19.0602
v 9.8039 33.1615 -19.4759
v 9.8039 32.0615 -19.4759
v 9.4478 33.1615 -19.9917
v 9.4478 32.0615 -19.9917
v 9.2256 33.1615 -20.5778
v 9.2256 32.0615 -20.5778
v 9.15 33.1615 -21.2
v -32.0615 9.2256 -21.8222
v -33.1615 9.2256 -21.8222
v -32.0615 9.15 -21.2
v -33.1615 9.4478 -22.4083
v -32.0615 9.4478 -22.4083
v -33.1615 9.8039 -22.9241
v -32.0615 9.8039 -22.9241
v -33.1615 10.273 -23.3398
v -32.0615 10.273 -23.3398
v -33.1615 10.828 -23.631
v -32.0615 10.828 -23.631
v -33.1615 11.4366 -23.781
v -32.0615 11.4366 -23.781
v -33.1615 12.0634 -23.781
v -32.0615 12.0634 -23.781
v -33.1615 12.672 -23.631
v -32.0615 12.672 -23.631
v -33.1615 13.227 -23.3398
v -32.0615 13.227 -23.3398
v -33.1615 13.6961 -22.9241
v -32.0615 13.6961 -22.9241
v -33.1615 14.0522 -22.4083
v -32.0615 14.0522 -22.4083
v -33.1615 14.2745 -21.8222
v -32.0615 14.2745 -21.8222
v -33.1615 14.35 -21.2
v -32.0615 14.35 -21.2
v -33.1615 14.2745 -20.5778
v -32.0615 14.2745 -20.5778
v -33.1615 14.0522 -19.9917
v -32.0615 14.0522 -19.9917
v -33.1615 13.6961 -19.4759
v -32.0615 13.6961 -19.4759
v -33.1615 13.227 -19.0602
v -32.0615 13.227 -19.0602
v -33.1615 12.672 -18.769
v -32.0615 12.672 -18.769
v -33.1615 12.0634 -18.619
v -32.0615 12.0634 -18.619
v -33.1615 11.4366 -18.619
v -32.0615 11.4366 -18.619
v -33.1615 10.828 -18.769
v -32.0615 10.828 -18.769
v -33.1615 10.273 -19.0602
v -32.0615 10.273 -19.0602
v -33.1615 9.8039 -19.4759
v -32.0615 9.8039 -19.4759
v -33.1615 9.4478 -19.9917
v -32.0615 9.4478 -19.9917
v -33.1615 9.2256 -20.5778
v -32.0615 9.2256 -20.5778
v -33.1615 9.15 -21.2
v -9.2256 -32.0615 -21.8222
v -9.2256 -33.1615 -21.8222
v -9.15 -32.0615 -21.2
v -9.4478 -33.1615 -22.4083
v -9.4478 -32.0615 -22.4083
v -9.8039 -33.1615 -22.9241
v -9.8039 -32.0615 -22.9241
v -10.273 -33.1615 -23.3398
v -10.273 -32.0615 -23.3398
v -10.828 -33.1615 -23.631
v -10.828 -32.0615 -23.631
v -11.4366 -33.1615 -23.7811
v -11.4366 -32.0615 -23.7811
v -12.0634 -33.1615 -23.7811
v -12.0634 -32.0615 -23.7811
v -12.672 -33.1615 -23.631
v -12.672 -32.0615 -23.631
v -13.227 -33.1615 -23.3398
v -13.227 -32.0615 -23.3398
v -13.6961 -33.1615 -22.9241
v -13.6961 -32.0615 -22.9241
v -14.0522 -33.1615 -22.4083
v -14.0522 -32.0615 -22.4083
v -14.2744 -33.1615 -21.8222
v -14.2744 -32.0615 -21.8222
v -14.35 -33.1615 -21.2
v -14.35 -32.0615 -21.2
v -14.2744 -33.1615 -20.5778
v -14.2744 -32.0615 -20.5778
v -14.0522 -33.1615 -19.9917
v -14.0522 -32.0615 -19.9917
v -13.6961 -33.1615 -19.4759
v -13.6961 -32.0615 -19.4759
v -13.227 -33.1615 -19.0602
v -13.227 -32.0615 -19.0602
v -12.672 -33.1615 -18.769
v -12.672 -32.0615 -18.769
v -12.0634 -33.1615 -18.619
v -12.0634 -32.0615 -18.619
v -11.4366 -33.1615 -18.619
v -11.4366 -32.0615 -18.619
v -10.828 -33.1615 -18.769
v -10.828 -32.0615 -18.769
v -10.273 -33.1615 -19.0602
v -10.273 -32.0615 -19.0602
v -9.8039 -33.1615 -19.4759
v -9.8039 -32.0615 -19.4759
v -9.4478 -33.1615 -19.9917
v -9.4478 -32.0615 -19.9917
v -9.2256 -33.1615 -20.5778
v -9.2256 -32.0615 -20.5778
v -9.15 -33.1615 -21.2
v 19.6576 22.486 -18.7
v 19.6576 22.486 -23.7
v 22.486 22.486 -18.7
v 22.486 22.486 -23.7
v 22.486 19.6576 -18.7
v 22.486 19.6576 -23.7
v 19.6576 19.6576 -18.7
v 19.6576 19.6576 -23.7
v -22.486 -19.6576 -18.7
v -22.486 -19.6576 -23.7
v -19.6576 -19.6576 -18.7
v -19.6576 -19.6576 -23.7
v -19.6576 -22.486 -18.7
v -19.6576 -22.486 -23.7
v -22.486 -22.486 -18.7
v -22.486 -22.486 -23.7
v 22.0718 22.8038 -23.7
v 20.0718 22.8038 -23.7
v 21.5894 23.0036 -23.7
v 20.5541 23.0036 -23.7
v 21.0718 23.0718 -23.7
v 19.3397 20.0718 -23.7
v 19.3397 22.0718 -23.7
v 19.1399 20.5541 -23.7
v 19.1399 21.5894 -23.7
v 19.0718 21.0718 -23.7
v 20.0718 19.3397 -23.7
v 22.0718 19.3397 -23.7
v 20.5541 19.1399 -23.7
v 21.5894 19.1399 -23.7
v 21.0718 19.0718 -23.7
v 22.8038 20.0718 -23.7
v 22.8038 22.0718 -23.7
v 23.0036 20.5541 -23.7
v 23.0036 21.5894 -23.7
v 23.0718 21.0718 -23.7
v -20.0718 -19.3397 -23.7
v -22.0718 -19.3397 -23.7
v -20.5541 -19.1399 -23.7
v -21.5894 -19.1399 -23.7
v -21.0718 -19.0718 -23.7
v -22.8038 -22.0718 -23.7
v -22.8038 -20.0718 -23.7
v -23.0036 -21.5894 -23.7
v -23.0036 -20.5541 -23.7
v -23.0718 -21.0718 -23.7
v -22.0718 -22.8038 -23.7
v -20.0718 -22.8038 -23.7
v -21.5894 -23.0036 -23.7
v -20.5541 -23.0036 -23.7
v -21.0718 -23.0718 -23.7
v -19.3397 -22.0718 -23.7
v -19.3397 -20.0718 -23.7
v -19.1399 -21.5894 -23.7
v -19.1399 -20.5541 -23.7
v -19.0718 -21.0718 -23.7
v -19.3397 -22.0718 -25.2
v -19.1399 -21.5894 -25.2
v -19.0718 -21.0718 -25.2
v -19.1399 -20.5541 -25.2
v -19.3397 -20.0718 -25.2
v -19.6576 -19.6576 -25.2
v -20.0718 -19.3397 -25.2
v -20.5541 -19.1399 -25.2
v -21.0718 -19.0718 -25.2
v -21.5894 -19.1399 -25.2
v -22.0718 -19.3397 -25.2
v -22.486 -19.6576 -25.2
v -22.8038 -20.0718 -25.2
v -23.0036 -20.5541 -25.2
v -23.0718 -21.0718 -25.2
v -23.0036 -21.5894 -25.2
v -22.8038 -22.0718 -25.2
v -22.486 -22.486 -25.2
v -22.0718 -22.8038 -25.2
v -21.5894 -23.0036 -25.2
v -21.0718 -23.0718 -25.2
v -20.5541 -23.0036 -25.2
v -20.0718 -22.8038 -25.2
v -19.6576 -22.486 -25.2
v -17.5455 -20.3471 -25.2
v -17.4718 -21.0718 -25.2
v -17.7635 -19.6521 -25.2
v -18.117 -19.0152 -25.2
v -18.5915 -18.4625 -25.2
v -19.1675 -18.0167 -25.2
v -19.8215 -17.6959 -25.2
v -20.5266 -17.5133 -25.2
v -21.2541 -17.4764 -25.2
v -21.9741 -17.5867 -25.2
v -22.6572 -17.8397 -25.2
v -23.2754 -18.225 -25.2
v -23.8033 -18.7268 -25.2
v -24.2194 -19.3247 -25.2
v -24.5067 -19.9941 -25.2
v -24.6533 -20.7076 -25.2
v -24.6533 -21.436 -25.2
v -24.5067 -22.1495 -25.2
v -24.2194 -22.8189 -25.2
v -23.8033 -23.4167 -25.2
v -23.2754 -23.9186 -25.2
v -22.6572 -24.3039 -25.2
v -21.9741 -24.5569 -25.2
v -21.2541 -24.6672 -25.2
v -20.5266 -24.6303 -25.2
v -19.8215 -24.4477 -25.2
v -19.1675 -24.1269 -25.2
v -18.5915 -23.681 -25.2
v -18.117 -23.1283 -25.2
v -17.7635 -22.4915 -25.2
v -17.5455 -21.7965 -25.2
v 22.8038 20.0718 -25.2
v 23.0036 20.5541 -25.2
v 23.0718 21.0718 -25.2
v 23.0036 21.5894 -25.2
v 22.8038 22.0718 -25.2
v 22.486 22.486 -25.2
v 22.0718 22.8038 -25.2
v 21.5894 23.0036 -25.2
v 21.0718 23.0718 -25.2
v 20.5541 23.0036 -25.2
v 20.0718 22.8038 -25.2
v 19.6576 22.486 -25.2
v 19.3397 22.0718 -25.2
v 19.1399 21.5894 -25.2
v 19.0718 21.0718 -25.2
v 19.1399 20.5541 -25.2
v 19.3397 20.0718 -25.2
v 19.6576 19.6576 -25.2
v 20.0718 19.3397 -25.2
v 20.5541 19.1399 -25.2
v 21.0718 19.0718 -25.2
v 21.5894 19.1399 -25.2
v 22.0718 19.3397 -25.2
v 22.486 19.6576 -25.2
v 24.5981 21.7965 -25.2
v 24.6718 21.0718 -25.2
v 24.38 22.4915 -25.2
v 24.0265 23.1284 -25.2
v 23.5521 23.681 -25.2
v 22.976 24.1269 -25.2
v 22.3221 24.4477 -25.2
v 21.6169 24.6303 -25.2
v 20.8894 24.6672 -25.2
v 20.1694 24.5569 -25.2
v 19.4864 24.3039 -25.2
v 18.8682 23.9186 -25.2
v 18.3403 23.4167 -25.2
v 17.9241 22.8189 -25.2
v 17.6369 22.1495 -25.2
v 17.4902 21.436 -25.2
v 17.4902 20.7076 -25.2
v 17.6369 19.9941 -25.2
v 17.9241 19.3247 -25.2
v 18.3403 18.7268 -25.2
v 18.8682 18.225 -25.2
v 19.4864 17.8397 -25.2
v 20.1694 17.5867 -25.2
v 20.8894 17.4764 -25.2
v 21.6169 17.5133 -25.2
v 22.3221 17.6959 -25.2
v 22.976 18.0167 -25.2
v 23.5521 18.4625 -25.2
v 24.0265 19.0152 -25.2
v 24.38 19.6521 -25.2
v 24.5981 20.3471 -25.2
v 2.4274 0.5983 -16.7
v 2.5 0 -16.7
v 2.2136 1.1618 -16.7
v 1.8713 1.6578 -16.7
v 1.4202 2.0575 -16.7
v 0.8865 2.3375 -16.7
v 0.3013 2.4818 -16.7
v -0.3013 2.4818 -16.7
v -0.8865 2.3375 -16.7
v -1.4202 2.0575 -16.7
v -1.8713 1.6578 -16.7
v -2.2136 1.1618 -16.7
v -2.4274 0.5983 -16.7
v -2.5 0 -16.7
v -2.4274 -0.5983 -16.7
v -2.2136 -1.1618 -16.7
v -1.8713 -1.6578 -16.7
v -1.4202 -2.0575 -16.7
v -0.8865 -2.3375 -16.7
v -0.3013 -2.4818 -16.7
v 0.3013 -2.4818 -16.7
v 0.8865 -2.3375 -16.7
v 1.4202 -2.0575 -16.7
v 1.8713 -1.6578 -16.7
v 2.2136 -1.1618 -16.7
v 2.4274 -0.5983 -16.7
vn -0.0051 -0.2243 -0.9745
vn -0.0249 -0.9395 -0.3416
vn 0.2851 -0.866 -0.4109
vn -0.1341 -0.3828 -0.914
vn -0.3853 0.1268 -0.914
vn -0.8604 -0.3014 -0.4109
vn -0.4936 -0.5063 -0.7071
vn -0.4968 -0.5031 -0.7071
vn -0.592 -0.5846 -0.5547
vn -0.5957 -0.5809 -0.5547
vn -0.3824 0.1237 -0.9157
vn -0.8497 -0.3241 -0.4158
vn -0.3014 0.8604 -0.4109
vn 0.1268 0.3853 -0.914
vn 0.1057 0.3269 -0.9391
vn -0.3241 0.8497 -0.4158
vn -0.5957 0.5809 -0.5547
vn -0.592 0.5846 -0.5547
vn -0.5846 0.592 -0.5547
vn -0.4936 0.5063 -0.7071
vn -0.3828 0.1341 -0.914
vn -0.866 -0.2851 -0.4109
vn -0.2663 0.0061 -0.9639
vn -0.9395 0.0249 -0.3416
vn -0.1268 -0.3853 -0.914
vn 0.3014 -0.8604 -0.4109
vn 0.5063 -0.4936 -0.7071
vn 0.592 -0.5846 -0.5547
vn 0.5846 -0.592 -0.5547
vn 0.4936 -0.5063 -0.7071
vn 0.3828 -0.1341 -0.914
vn 0.866 0.2851 -0.4109
vn -0.1057 -0.3269 -0.9391
vn 0.3241 -0.8497 -0.4158
vn 0.2663 -0.0061 -0.9639
vn 0.9395 -0.0248 -0.3416
vn 0.8604 0.3014 -0.4109
vn 0.4608 -0.1517 -0.8745
vn 0.3824 -0.1237 -0.9157
vn 0.8497 0.3241 -0.4158
vn 0.4936 0.5063 -0.7071
vn 0.4968 0.5031 -0.7071
vn 0.5031 0.4968 -0.7071
vn 0.5957 0.5809 -0.5547
vn 0.1341 0.3828 -0.914
vn -0.2851 0.866 -0.4109
vn 0.0051 0.2243 -0.9745
vn 0.0249 0.9395 -0.3416
vn -0.5502 -0.624 -0.5548
vn -0.4492 -0.5458 -0.7073
vn -0.3507 -0.4296 -0.8321
vn -0.3261 -0.8993 -0.2915
vn -0.4155 -0.572 -0.7073
vn 0.0741 -0.9471 -0.3123
vn -0.4657 -0.6895 -0.5548
vn -0.3775 -0.5976 -0.7073
vn -0.3611 -0.6079 -0.7072
vn -0.2885 -0.5259 -0.8001
vn -0.3253 -0.6277 -0.7072
vn -0.0539 -0.8362 -0.5457
vn -0.021 -0.8518 -0.5235
vn -0.624 0.5502 -0.5548
vn -0.5458 0.4492 -0.7073
vn -0.4296 0.3507 -0.8321
vn -0.8993 0.3261 -0.2915
vn -0.6471 0.4701 -0.6002
vn -0.9471 -0.0741 -0.3123
vn -0.6895 0.4657 -0.5548
vn -0.5071 0.3203 -0.8001
vn -0.6079 0.3611 -0.7072
vn -0.6198 0.34 -0.7073
vn -0.6277 0.3253 -0.7072
vn -0.7269 0.0469 -0.6852
vn -0.8518 0.021 -0.5235
vn 0.624 -0.5502 -0.5548
vn 0.6175 -0.5083 -0.6003
vn 0.4296 -0.3507 -0.8321
vn 0.8993 -0.3261 -0.2915
vn 0.572 -0.4155 -0.7073
vn 0.9471 0.0741 -0.3123
vn 0.6895 -0.4657 -0.5548
vn 0.5976 -0.3775 -0.7073
vn 0.6079 -0.3611 -0.7072
vn 0.6198 -0.34 -0.7073
vn 0.6277 -0.3253 -0.7072
vn 0.7535 -0.0486 -0.6556
vn 0.8518 -0.021 -0.5235
vn 0.5502 0.624 -0.5548
vn 0.3968 0.4822 -0.781
vn 0.3507 0.4296 -0.8321
vn 0.3261 0.8993 -0.2915
vn 0.4701 0.6471 -0.6002
vn -0.0741 0.9471 -0.3123
vn 0.4657 0.6895 -0.5548
vn 0.3203 0.5071 -0.8001
vn 0.3611 0.6079 -0.7072
vn 0.34 0.6198 -0.7073
vn 0.3253 0.6277 -0.7072
vn 0.0557 0.8637 -0.501
vn 0.021 0.8518 -0.5235
vn -0.7747 -0.1909 -0.6028
vn -0.6751 -0.2082 -0.7078
vn -0.7042 0.0285 -0.7094
vn -0.6962 -0.1202 -0.7078
vn -0.6103 -0.3525 -0.7094
vn -0.7058 -0.0302 -0.7078
vn -0.5082 -0.4883 -0.7094
vn -0.7039 0.0603 -0.7078
vn -0.3766 -0.5958 -0.7094
vn -0.6904 0.1499 -0.7078
vn -0.2231 -0.6686 -0.7094
vn -0.5646 0.201 -0.8005
vn -0.0411 -0.5104 -0.859
vn 0.5923 -0.0912 -0.8005
vn 0.7983 -0.2327 -0.5554
vn -0.6298 0.3201 -0.7078
vn 0.7063 -0.0154 -0.7078
vn -0.5837 0.398 -0.7078
vn 0.7022 0.0769 -0.7078
vn -0.4479 0.3982 -0.8005
vn 0.5821 0.1424 -0.8005
vn -0.5928 -0.0807 -0.8013
vn -0.7039 0.0476 -0.7087
vn -0.4637 0.533 -0.7078
vn -0.6656 -0.2339 -0.7087
vn -0.3917 0.5879 -0.7078
vn -0.6049 -0.3631 -0.7087
vn -0.3133 0.6332 -0.7078
vn -0.5194 -0.4774 -0.7087
vn -0.2297 0.6681 -0.7078
vn -0.4127 -0.5722 -0.7087
vn -0.1424 0.692 -0.7078
vn -0.2891 -0.6436 -0.7087
vn -0.0448 0.5976 -0.8005
vn -0.1809 -0.8109 -0.5565
vn -0.0118 -0.7054 -0.7087
vn 0.0377 0.7055 -0.7078
vn 0.1304 -0.6933 -0.7087
vn 0.1276 0.6948 -0.7078
vn 0.2673 -0.6529 -0.7087
vn 0.1828 0.5707 -0.8005
vn 0.4631 -0.6898 -0.5565
vn 0.5031 -0.4946 -0.7087
vn 0.2997 0.6397 -0.7078
vn 0.5023 -0.3249 -0.8013
vn 0.3216 0.5057 -0.8005
vn 0.5071 0.3203 -0.8001
vn 0.5259 0.2885 -0.8001
vn 0.5323 0.6389 -0.5554
vn 0.5179 0.4805 -0.7078
vn 0.917 0.0392 -0.397
vn 0.6769 0.483 -0.5554
vn 0.7331 0.3925 -0.5554
vn 0.7773 0.2955 -0.5554
vn 0.8087 0.1937 -0.5554
vn 0.8268 0.0887 -0.5554
vn 0.8314 -0.0178 -0.5554
vn 0.6986 -0.1053 -0.7078
vn 0.7997 -0.2281 -0.5554
vn 0.764 -0.3285 -0.5554
vn 0.6466 -0.2845 -0.7078
vn 0.1132 -0.6957 -0.7094
vn 0.6039 -0.3665 -0.7078
vn 0.2764 -0.6484 -0.7094
vn 0.5509 -0.4422 -0.7078
vn 0.4235 -0.5634 -0.7094
vn 0.4885 -0.5103 -0.7078
vn 0.546 -0.4457 -0.7094
vn 0.4177 -0.5697 -0.7078
vn 0.6368 -0.302 -0.7094
vn 0.2471 -0.4504 -0.8579
vn 0.6906 -0.1409 -0.7094
vn 0.5284 0.2828 -0.8005
vn 0.7042 0.0285 -0.7094
vn 0.6604 0.251 -0.7078
vn 0.6769 0.1962 -0.7094
vn 0.687 0.1645 -0.7078
vn 0.6103 0.3525 -0.7094
vn 0.7024 0.0753 -0.7078
vn 0.5082 0.4883 -0.7094
vn 0.7063 -0.0151 -0.7078
vn 0.3766 0.5958 -0.7094
vn 0.1891 0.5668 -0.8019
vn 0.6794 -0.1938 -0.7078
vn -0.4991 0.1221 -0.8579
vn 0.649 -0.2791 -0.7078
vn -0.7022 0.0769 -0.7078
vn 0.608 -0.3598 -0.7078
vn -0.7063 -0.0154 -0.7078
vn 0.557 -0.4346 -0.7078
vn -0.6982 -0.1075 -0.7078
vn 0.3614 -0.3653 -0.8579
vn -0.5753 -0.1677 -0.8005
vn 0.7051 -0.0239 -0.7087
vn 0.4363 -0.0897 -0.8953
vn 0.7822 0.1607 -0.602
vn 0.4286 -0.5616 -0.7078
vn 0.6385 0.3 -0.7087
vn 0.3532 -0.6118 -0.7078
vn 0.5651 0.4224 -0.7087
vn 0.2721 -0.652 -0.7078
vn 0.4685 0.5275 -0.7087
vn 0.1865 -0.6814 -0.7078
vn 0.3527 0.611 -0.7087
vn 0.083 -0.5935 -0.8005
vn 0.262 0.7885 -0.5565
vn 0.0831 0.7006 -0.7087
vn 0.0075 -0.7064 -0.7078
vn -0.0596 0.703 -0.7087
vn -0.0829 -0.7016 -0.7078
vn -0.1999 0.6766 -0.7087
vn -0.1458 -0.5813 -0.8005
vn -0.391 0.7331 -0.5565
vn -0.4505 0.5429 -0.7087
vn -0.2581 -0.6576 -0.7078
vn -0.5506 0.4411 -0.7087
vn -0.2885 -0.5253 -0.8005
vn -0.6281 0.3213 -0.7087
vn -0.4348 -0.2747 -0.8576
vn -0.6799 0.1883 -0.7087
vn -0.572 -0.4155 -0.7073
vn -0.829 0.056 -0.5565
vn -0.699 -0.0951 -0.7087
vn -0.5458 -0.4492 -0.7073
vn 0.5751 0.4103 -0.7078
vn 0.256 -0.6584 -0.7078
vn 0.1679 -0.6862 -0.7078
vn 0.4522 0.5428 -0.7078
vn 0.0769 -0.7022 -0.7078
vn 0.3791 0.5961 -0.7078
vn -0.0154 -0.7063 -0.7078
vn -0.1075 -0.6982 -0.7078
vn 0.2155 0.6728 -0.7078
vn -0.1977 -0.6782 -0.7078
vn -0.2845 -0.6466 -0.7078
vn -0.3665 -0.6039 -0.7078
vn -0.0528 0.7045 -0.7078
vn -0.4422 -0.5509 -0.7078
vn -0.1208 0.587 -0.8005
vn -0.5753 -0.601 -0.5549
vn -0.4047 -0.379 -0.8322
vn 0.0566 0.7025 -0.7094
vn -0.6584 0.256 -0.7078
vn -0.1132 0.6957 -0.7094
vn -0.6194 0.3398 -0.7078
vn -0.2764 0.6484 -0.7094
vn -0.6342 0.4866 -0.6008
vn -0.4235 0.5634 -0.7094
vn -0.5107 0.4889 -0.7073
vn -0.546 0.4457 -0.7094
vn -0.4776 0.5212 -0.7073
vn -0.6368 0.302 -0.7094
vn -0.4177 0.5697 -0.7078
vn -0.3583 0.0883 -0.9294
vn -0.2882 0.5254 -0.8005
vn -0.6002 -0.3726 -0.7078
vn -0.5476 -0.4463 -0.7078
vn -0.256 0.6584 -0.7078
vn -0.486 -0.5127 -0.7078
vn -0.1679 0.6862 -0.7078
vn -0.4165 -0.5706 -0.7078
vn -0.0769 0.7022 -0.7078
vn -0.3401 -0.6192 -0.7078
vn 0.0154 0.7063 -0.7078
vn 0.1075 0.6982 -0.7078
vn -0.1719 -0.6852 -0.7078
vn 0.1977 0.6782 -0.7078
vn 0.2845 0.6466 -0.7078
vn 0.3665 0.6039 -0.7078
vn 0.5205 0.6485 -0.5554
vn 0.5103 0.4885 -0.7078
vn -0.6429 -0.2928 -0.7078
vn 0.5458 0.4492 -0.7073
vn 0.752 0.3533 -0.5565
vn 0.2225 0.6695 -0.7087
vn 0.0979 0.8251 -0.5565
vn -0.7397 0.3784 -0.5565
vn -0.5765 0.1597 -0.8013
vn 0.6194 0.3398 -0.7078
vn 0.6584 0.256 -0.7078
vn 0.6574 -0.2561 -0.7087
vn 0.572 0.4155 -0.7073
vn 0.6908 -0.142 -0.7089
vn -0.6198 -0.34 -0.7073
vn -0.917 -0.0392 -0.397
vn -0.6446 -0.5254 -0.5554
vn -0.7065 -0.4386 -0.5554
vn -0.7124 -0.4276 -0.5565
vn -0.4405 -0.4048 -0.8013
vn -0.3404 -0.7579 -0.5565
vn -0.1536 -0.6886 -0.7087
vn 0.1536 -0.8166 -0.5565
vn 0.3932 -0.5857 -0.7087
vn 0.5925 -0.5825 -0.5565
vn 0.5924 -0.3832 -0.7087
vn 0.7742 -0.3016 -0.5565
vn -0.6466 -0.2845 -0.7078
vn -0.7109 -0.4314 -0.5554
vn -0.6485 -0.5205 -0.5554
vn -0.575 -0.6007 -0.5554
vn -0.4177 -0.5697 -0.7078
vn 0.0405 -0.9469 -0.3188
vn -0.4 -0.7291 -0.5554
vn -0.3014 -0.775 -0.5554
vn -0.1976 -0.8077 -0.5554
vn -0.0905 -0.8266 -0.5554
vn 0.0154 -0.7063 -0.7078
vn 0.34 -0.6198 -0.7073
vn 0.1075 -0.6982 -0.7078
vn 0.3775 -0.5976 -0.7073
vn 0.1977 -0.6782 -0.7078
vn 0.4155 -0.572 -0.7073
vn 0.3349 -0.7611 -0.5554
vn 0.3109 -0.5123 -0.8005
vn 0.5083 -0.6175 -0.6003
vn 0.5205 -0.6485 -0.5554
vn 0.3056 -0.3263 -0.8945
vn -0.5509 -0.4422 -0.7078
vn -0.5123 -0.3109 -0.8005
vn -0.5458 0.6274 -0.5554
vn -0.6215 0.5525 -0.5554
vn -0.6871 0.4685 -0.5554
vn -0.7413 0.3768 -0.5554
vn -0.7834 0.2789 -0.5554
vn -0.8127 0.1764 -0.5554
vn -0.8308 -0.0355 -0.5554
vn -0.8195 -0.1415 -0.5554
vn -0.7946 -0.2451 -0.5554
vn -0.7568 -0.3447 -0.5554
vn -0.7611 -0.3349 -0.5554
vn -0.7983 -0.2327 -0.5554
vn 0.5697 0.4177 -0.7078
vn 0.5585 0.2172 -0.8005
vn 0.5849 -0.5912 -0.5554
vn 0.6556 -0.5115 -0.5554
vn 0.7157 -0.4235 -0.5554
vn 0.8077 0.1976 -0.5554
vn 0.8266 0.0905 -0.5554
vn 0.6706 0.4917 -0.5554
vn 0.6134 0.562 -0.5549
vn 0.4889 0.5107 -0.7073
vn -0.0405 0.9469 -0.3188
vn 0.5443 0.7093 -0.448
vn 0.4 0.7291 -0.5554
vn 0.3014 0.775 -0.5554
vn 0.1976 0.8077 -0.5554
vn 0.0769 0.7022 -0.7078
vn -0.34 0.6198 -0.7073
vn -0.0154 0.7063 -0.7078
vn -0.3203 0.5071 -0.8001
vn -0.1265 0.8219 -0.5554
vn -0.1977 0.6782 -0.7078
vn -0.4701 0.6471 -0.6002
vn -0.2845 0.6466 -0.7078
vn -0.4492 0.5458 -0.7073
vn -0.3665 0.6039 -0.7078
vn -0.5205 0.6485 -0.5554
vn -0.3711 0.3553 -0.8579
vn -0.6706 0.4917 -0.5554
vn -0.6862 0.1679 -0.7078
vn -0.8266 0.0905 -0.5554
vn 0.5107 -0.4889 -0.7073
vn 0.6485 -0.5205 -0.5554
vn 0.5123 -0.3109 -0.8005
vn 0.7611 -0.3349 -0.5554
vn 0.6782 -0.1977 -0.7078
vn 0.6982 -0.1075 -0.7078
vn -0.9032 -0.1826 -0.3885
vn -0.9616 -0.1045 -0.2536
vn -0.7836 -0.0795 -0.6162
vn -0.7371 -0.1781 -0.6519
vn -0.2589 -0.69 -0.6759
vn 0.0397 -0.8273 -0.5603
vn -0.4001 -0.4465 -0.8003
vn -0.5035 -0.4958 -0.7076
vn -0.4527 -0.3931 -0.8003
vn -0.624 -0.5502 -0.5548
vn -0.4296 -0.3507 -0.8321
vn 0.9032 0.1826 -0.3885
vn 0.9616 0.1045 -0.2536
vn 0.7807 0.0874 -0.6188
vn 0.7346 0.1822 -0.6535
vn 0.2501 0.695 -0.6741
vn -0.0429 0.8276 -0.5596
vn 0.3953 0.4504 -0.8006
vn 0.4981 0.5007 -0.708
vn 0.4484 0.3976 -0.8005
vn 0.624 0.5502 -0.5548
vn 0.4296 0.3507 -0.8321
vn -0.1826 0.9032 -0.3885
vn -0.1045 0.9616 -0.2536
vn -0.0835 0.7822 -0.6175
vn -0.1801 0.7356 -0.653
vn -0.6925 0.2545 -0.675
vn -0.8273 -0.0413 -0.5603
vn -0.4484 0.3976 -0.8005
vn -0.4981 0.5007 -0.708
vn -0.3953 0.4504 -0.8006
vn -0.5502 0.624 -0.5548
vn -0.3507 0.4296 -0.8321
vn 0.6974 -0.2456 -0.6733
vn 0.8284 0.0446 -0.5584
vn 0.1826 -0.9032 -0.3885
vn 0.1045 -0.9616 -0.2536
vn 0.0913 -0.7792 -0.6201
vn 0.1844 -0.7342 -0.6534
vn 0.4527 -0.3931 -0.8003
vn 0.5035 -0.4958 -0.7076
vn 0.4001 -0.4465 -0.8003
vn 0.5502 -0.624 -0.5548
vn 0.3507 -0.4296 -0.8321
vn 0.3968 0.5837 -0.7084
vn 0.3607 0.6068 -0.7083
vn 0.3804 0.7387 -0.5565
vn 0.3349 0.7605 -0.5563
vn -0.021 0.8518 -0.5235
vn 0 0.5545 -0.8322
vn -0.0419 0.8309 -0.5548
vn -0.0922 0.8266 -0.5551
vn -0.1422 0.8193 -0.5554
vn -0.1916 0.809 -0.5557
vn -0.2403 0.7957 -0.5559
vn -0.2882 0.7795 -0.5561
vn -0.3349 0.7605 -0.5563
vn -0.3804 0.7387 -0.5565
vn -0.3607 0.6068 -0.7083
vn -0.3253 0.6277 -0.7072
vn -0.3968 0.5837 -0.7084
vn -0.3611 0.6079 -0.7072
vn -0.4657 0.6895 -0.5548
vn 0.0419 0.8309 -0.5548
vn 0.0922 0.8266 -0.5551
vn 0.1422 0.8193 -0.5554
vn 0.1916 0.809 -0.5557
vn 0.2403 0.7957 -0.5559
vn 0.2882 0.7795 -0.5561
vn 0.6895 0.4657 -0.5548
vn 0.6079 0.3611 -0.7072
vn 0.5816 0.3998 -0.7085
vn 0.6277 0.3253 -0.7072
vn 0.6047 0.3637 -0.7085
vn 0.8518 0.021 -0.5235
vn 0.7364 0.3841 -0.557
vn 0.7584 0.3387 -0.557
vn 0.7775 0.292 -0.557
vn 0.7938 0.2443 -0.5569
vn 0.8072 0.1956 -0.5568
vn 0.8177 0.1463 -0.5568
vn 0.8251 0.0964 -0.5566
vn 0.8296 0.0461 -0.5565
vn 0.706 -0.0037 -0.7082
vn 0.8293 -0.0548 -0.5562
vn 0.8246 -0.105 -0.5559
vn 0.8168 -0.1549 -0.5557
vn 0.8061 -0.2042 -0.5554
vn 0.7924 -0.2529 -0.5552
vn 0.7758 -0.3006 -0.5549
vn 0.6455 -0.2883 -0.7073
vn 0.7416 -0.3771 -0.5548
vn 0.6094 -0.358 -0.7074
vn 0.5864 -0.3942 -0.7076
vn -0.4032 -0.5801 -0.7078
vn -0.3672 -0.6034 -0.7079
vn -0.3881 -0.7349 -0.5562
vn -0.3428 -0.757 -0.5564
vn 0.021 -0.8518 -0.5235
vn 0 -0.7057 -0.7085
vn 0.0504 -0.829 -0.557
vn 0.1007 -0.8244 -0.5569
vn 0.1505 -0.8169 -0.5569
vn 0.1998 -0.8063 -0.5568
vn 0.2484 -0.7927 -0.5567
vn 0.2961 -0.7763 -0.5565
vn 0.3428 -0.757 -0.5564
vn 0.3881 -0.7349 -0.5562
vn 0.3672 -0.6034 -0.7079
vn 0.3253 -0.6277 -0.7072
vn 0.4032 -0.5801 -0.7078
vn 0.3611 -0.6079 -0.7072
vn 0.4657 -0.6895 -0.5548
vn -0.0504 -0.829 -0.557
vn -0.1007 -0.8244 -0.5569
vn -0.1505 -0.8169 -0.5569
vn -0.1998 -0.8063 -0.5568
vn -0.2484 -0.7927 -0.5567
vn -0.2961 -0.7763 -0.5565
vn -0.6895 -0.4657 -0.5548
vn -0.6079 -0.3611 -0.7072
vn -0.5864 -0.3942 -0.7076
vn -0.6277 -0.3253 -0.7072
vn -0.6094 -0.358 -0.7074
vn -0.8518 -0.021 -0.5235
vn -0.7416 -0.3771 -0.5548
vn -0.6455 -0.2883 -0.7073
vn -0.7758 -0.3006 -0.5549
vn -0.7924 -0.2529 -0.5552
vn -0.8061 -0.2042 -0.5554
vn -0.8168 -0.1549 -0.5557
vn -0.8246 -0.105 -0.5559
vn -0.8293 -0.0548 -0.5562
vn -0.706 -0.0037 -0.7082
vn -0.8296 0.0461 -0.5565
vn -0.8251 0.0964 -0.5566
vn -0.8177 0.1463 -0.5568
vn -0.8072 0.1956 -0.5568
vn -0.7938 0.2443 -0.5569
vn -0.7775 0.292 -0.557
vn -0.7584 0.3387 -0.557
vn -0.7364 0.3841 -0.557
vn -0.6047 0.3637 -0.7085
vn -0.5816 0.3998 -0.7085
vn -0.5412 -0.4541 -0.7078
vn -0.5208 -0.4773 -0.7078
vn -0.4049 -0.4418 -0.8005
vn -0.2253 -0.2685 -0.9365
vn -0.7 -0.4462 -0.5576
vn -0.6249 -0.3251 -0.7098
vn -0.7916 -0.2498 -0.5576
vn -0.6877 -0.1523 -0.7098
vn -0.8293 -0.0364 -0.5576
vn -0.7037 0.0309 -0.7098
vn -0.8105 0.1795 -0.5576
vn -0.6718 0.212 -0.7098
vn -0.7364 0.3831 -0.5576
vn -0.594 0.3786 -0.7098
vn -0.5194 0.4758 -0.7098
vn -0.4033 0.4403 -0.8022
vn -0.3786 0.594 -0.7098
vn -0.3251 0.6249 -0.7098
vn -0.2498 0.7916 -0.5576
vn -0.1523 0.6877 -0.7098
vn -0.0416 0.947 -0.3184
vn 0.0309 0.7037 -0.7098
vn 0.1523 0.6877 -0.7098
vn 0.212 0.6718 -0.7098
vn 0.3251 0.6249 -0.7098
vn 0.3786 0.594 -0.7098
vn 0.2253 0.2685 -0.9365
vn 0.4049 0.4418 -0.8005
vn 0.5412 0.4541 -0.7078
vn 0.5208 0.4773 -0.7078
vn 0.7 0.4462 -0.5576
vn 0.6249 0.3251 -0.7098
vn 0.7916 0.2498 -0.5576
vn 0.6877 0.1523 -0.7098
vn 0.8293 0.0364 -0.5576
vn 0.7037 -0.0309 -0.7098
vn 0.8105 -0.1795 -0.5576
vn 0.6718 -0.212 -0.7098
vn 0.7364 -0.3831 -0.5576
vn 0.594 -0.3786 -0.7098
vn 0.5194 -0.4758 -0.7098
vn 0.4033 -0.4403 -0.8022
vn 0.3786 -0.594 -0.7098
vn 0.3251 -0.6249 -0.7098
vn 0.2498 -0.7916 -0.5576
vn 0.1523 -0.6877 -0.7098
vn 0.0416 -0.947 -0.3184
vn -0.0309 -0.7037 -0.7098
vn -0.1523 -0.6877 -0.7098
vn -0.212 -0.6718 -0.7098
vn -0.3251 -0.6249 -0.7098
vn -0.3786 -0.594 -0.7098
vn 0.4708 0.5268 -0.7077
vn 0.518 0.4806 -0.7076
vn 0.5356 0.4609 -0.7076
vn -0.4708 -0.5268 -0.7077
vn -0.3973 -0.5825 -0.7091
vn -0.3525 -0.6107 -0.7091
vn -0.2577 -0.6563 -0.7091
vn -0.1761 -0.5713 -0.8016
vn -0.1052 -0.6972 -0.7091
vn -0.0446 -0.5962 -0.8016
vn 0.0526 -0.7032 -0.7091
vn 0.1052 -0.6972 -0.7091
vn 0.2077 -0.6738 -0.7091
vn 0.2185 -0.5565 -0.8016
vn 0.3525 -0.6107 -0.7091
vn 0.3368 -0.4939 -0.8016
vn 0.5649 -0.609 -0.5569
vn 0.517 -0.4795 -0.7091
vn 0.5825 -0.3973 -0.7091
vn 0.5178 -0.2989 -0.8016
vn 0.6563 -0.2577 -0.7091
vn 0.5713 -0.1761 -0.8016
vn 0.6972 -0.1052 -0.7091
vn 0.7032 -0.0526 -0.7091
vn 0.7032 0.0526 -0.7091
vn 0.5912 0.0892 -0.8016
vn 0.6738 0.2077 -0.7091
vn 0.5565 0.2185 -0.8016
vn 0.6758 0.4247 -0.6024
vn 0.4676 0.2938 -0.8337
vn -0.518 -0.4806 -0.7076
vn -0.5356 -0.4609 -0.7076
vn 0.3973 0.5825 -0.7091
vn 0.3525 0.6107 -0.7091
vn 0.2577 0.6563 -0.7091
vn 0.1761 0.5713 -0.8016
vn 0.1052 0.6972 -0.7091
vn 0.0446 0.5962 -0.8016
vn -0.0526 0.7032 -0.7091
vn -0.1052 0.6972 -0.7091
vn -0.2077 0.6738 -0.7091
vn -0.2185 0.5565 -0.8016
vn -0.3525 0.6107 -0.7091
vn -0.3368 0.4939 -0.8016
vn -0.5649 0.609 -0.5569
vn -0.517 0.4795 -0.7091
vn -0.5825 0.3973 -0.7091
vn -0.5178 0.2989 -0.8016
vn -0.6563 0.2577 -0.7091
vn -0.5713 0.1761 -0.8016
vn -0.6972 0.1052 -0.7091
vn -0.7032 0.0526 -0.7091
vn -0.7032 -0.0526 -0.7091
vn -0.5912 -0.0892 -0.8016
vn -0.6738 -0.2077 -0.7091
vn -0.5565 -0.2185 -0.8016
vn -0.6758 -0.4247 -0.6024
vn -0.4676 -0.2938 -0.8337
vn 0.2133 -0.2327 -0.9489
vn 0.3852 -0.4591 -0.8005
vn -0.5607 -0.6121 -0.5576
vn -0.4403 -0.4033 -0.8022
vn -0.5412 0.4541 -0.7078
vn -0.5208 0.4773 -0.7078
vn -0.3852 0.4591 -0.8005
vn -0.2133 0.2327 -0.9489
vn 0.5607 0.6121 -0.5576
vn 0.4403 0.4033 -0.8022
vn 0.5412 -0.4541 -0.7078
vn 0.5208 -0.4773 -0.7078
vn -0.4132 0.3692 -0.8325
vn -0.5962 0.5328 -0.6006
vn -0.5657 0.6097 -0.5552
vn -0.391 0.4544 -0.8004
vn 0.4132 -0.3692 -0.8325
vn 0.5962 -0.5328 -0.6006
vn 0.6107 -0.3525 -0.7091
vn 0.5962 -0.0446 -0.8016
vn 0.6972 0.1052 -0.7091
vn 0.6107 0.3525 -0.7091
vn 0.4939 0.3368 -0.8016
vn 0.609 0.5649 -0.5569
vn 0.4795 0.517 -0.7091
vn 0.2989 0.5178 -0.8016
vn 0.0526 0.7032 -0.7091
vn -0.0892 0.5912 -0.8016
vn -0.4247 0.6758 -0.6024
vn -0.2938 0.4676 -0.8337
vn 0.5657 -0.6097 -0.5552
vn 0.391 -0.4544 -0.8004
vn -0.6107 0.3525 -0.7091
vn -0.5962 0.0446 -0.8016
vn -0.6972 -0.1052 -0.7091
vn -0.6107 -0.3525 -0.7091
vn -0.4939 -0.3368 -0.8016
vn -0.609 -0.5649 -0.5569
vn -0.4795 -0.517 -0.7091
vn -0.2989 -0.5178 -0.8016
vn -0.0526 -0.7032 -0.7091
vn 0.0892 -0.5912 -0.8016
vn 0.4247 -0.6758 -0.6024
vn 0.2938 -0.4676 -0.8337
vn 0.5724 0.4139 -0.7078
vn 0.5845 0.5459 -0.6002
vn 0.6234 0.3321 -0.7078
vn 0.7803 0.2873 -0.5555
vn 0.6899 0.1516 -0.7078
vn 0.8289 0.0662 -0.5555
vn 0.7052 -0.0402 -0.7078
vn 0.6932 -0.1359 -0.7078
vn 0.7866 -0.2695 -0.5555
vn 0.6308 -0.3178 -0.7078
vn 0.6847 -0.4718 -0.5555
vn 0.5217 -0.4762 -0.7078
vn 0.452 -0.5428 -0.7078
vn 0.4401 -0.7055 -0.5555
vn 0.2888 -0.6447 -0.7078
vn 0.2334 -0.7981 -0.5555
vn 0.1041 -0.6987 -0.7078
vn 0.008 -0.7063 -0.7078
vn -0.1039 -0.825 -0.5555
vn -0.1828 -0.6823 -0.7078
vn -0.3226 -0.7664 -0.5555
vn -0.3601 -0.6077 -0.7078
vn -0.3346 -0.4413 -0.8326
vn -0.5609 -0.6144 -0.5549
vn -0.5845 -0.5459 -0.6002
vn -0.5724 -0.4139 -0.7078
vn -0.6234 -0.3321 -0.7078
vn -0.7803 -0.2873 -0.5555
vn -0.6899 -0.1516 -0.7078
vn -0.8289 -0.0662 -0.5555
vn -0.7052 0.0402 -0.7078
vn -0.6932 0.1359 -0.7078
vn -0.7866 0.2695 -0.5555
vn -0.6308 0.3178 -0.7078
vn -0.6847 0.4718 -0.5555
vn -0.5217 0.4762 -0.7078
vn -0.452 0.5428 -0.7078
vn -0.4401 0.7055 -0.5555
vn -0.2888 0.6447 -0.7078
vn -0.2334 0.7981 -0.5555
vn -0.1041 0.6987 -0.7078
vn -0.008 0.7063 -0.7078
vn 0.1039 0.825 -0.5555
vn 0.1828 0.6823 -0.7078
vn 0.3226 0.7664 -0.5555
vn 0.3601 0.6077 -0.7078
vn 0.3346 0.4413 -0.8326
vn 0.5609 0.6144 -0.5549
vn 0.6104 -0.6536 -0.4474
vn 0.5221 -0.4766 -0.7073
vn 0.4139 -0.5724 -0.7078
vn 0.3321 -0.6234 -0.7078
vn 0.2873 -0.7803 -0.5555
vn 0.1516 -0.6899 -0.7078
vn 0.0662 -0.8289 -0.5555
vn -0.0402 -0.7052 -0.7078
vn -0.1359 -0.6932 -0.7078
vn -0.2695 -0.7866 -0.5555
vn -0.3178 -0.6308 -0.7078
vn -0.4718 -0.6847 -0.5555
vn -0.4762 -0.5217 -0.7078
vn -0.5428 -0.452 -0.7078
vn -0.7055 -0.4401 -0.5555
vn -0.6447 -0.2888 -0.7078
vn -0.7981 -0.2334 -0.5555
vn -0.6987 -0.1041 -0.7078
vn -0.7063 -0.008 -0.7078
vn -0.825 0.1039 -0.5555
vn -0.6823 0.1828 -0.7078
vn -0.7664 0.3226 -0.5555
vn -0.6077 0.3601 -0.7078
vn -0.4413 0.3346 -0.8326
vn -0.5221 0.4766 -0.7073
vn -0.5747 0.6015 -0.5549
vn -0.4395 0.553 -0.7078
vn -0.3601 0.6077 -0.7078
vn -0.3226 0.7664 -0.5555
vn -0.1828 0.6823 -0.7078
vn -0.1039 0.825 -0.5555
vn 0.008 0.7063 -0.7078
vn 0.1041 0.6987 -0.7078
vn 0.2334 0.7981 -0.5555
vn 0.2888 0.6447 -0.7078
vn 0.4401 0.7055 -0.5555
vn 0.452 0.5428 -0.7078
vn 0.5217 0.4762 -0.7078
vn 0.6847 0.4718 -0.5555
vn 0.6308 0.3178 -0.7078
vn 0.7866 0.2695 -0.5555
vn 0.6932 0.1359 -0.7078
vn 0.7052 0.0402 -0.7078
vn 0.8289 -0.0662 -0.5555
vn 0.6899 -0.1516 -0.7078
vn 0.7803 -0.2873 -0.5555
vn 0.6234 -0.3321 -0.7078
vn 0.5724 -0.4139 -0.7078
vn -0.5212 0.4776 -0.7073
vn -0.4394 0.3372 -0.8326
vn -0.6039 0.3665 -0.7078
vn -0.6466 0.2845 -0.7078
vn -0.6782 0.1977 -0.7078
vn -0.6982 0.1075 -0.7078
vn -0.7063 0.0154 -0.7078
vn -0.7022 -0.0769 -0.7078
vn -0.6862 -0.1679 -0.7078
vn -0.6584 -0.256 -0.7078
vn -0.6194 -0.3398 -0.7078
vn -0.5697 -0.4177 -0.7078
vn -0.5103 -0.4885 -0.7078
vn 0.3398 -0.6194 -0.7078
vn 0.6114 -0.6527 -0.4474
vn 0.5212 -0.4776 -0.7073
vn 0.5697 -0.4177 -0.7078
vn 0.6194 -0.3398 -0.7078
vn 0.6584 -0.256 -0.7078
vn 0.6862 -0.1679 -0.7078
vn 0.7022 -0.0769 -0.7078
vn 0.7063 0.0154 -0.7078
vn 0.6982 0.1075 -0.7078
vn 0.6782 0.1977 -0.7078
vn 0.6466 0.2845 -0.7078
vn 0.6039 0.3665 -0.7078
vn 0.5509 0.4422 -0.7078
vn 0.4885 0.5103 -0.7078
vn 0.4177 0.5697 -0.7078
vn 0.3398 0.6194 -0.7078
vn 0.256 0.6584 -0.7078
vn 0.1679 0.6862 -0.7078
vn -0.1075 0.6982 -0.7078
vn -0.4422 0.5509 -0.7078
vn -0.5753 0.601 -0.5549
vn 0.553 -0.4395 -0.7078
vn 0.5111 -0.4884 -0.7073
vn 0.6077 -0.3601 -0.7078
vn 0.651 -0.274 -0.7078
vn 0.6823 -0.1828 -0.7078
vn 0.7008 -0.0882 -0.7078
vn 0.7063 0.008 -0.7078
vn 0.6987 0.1041 -0.7078
vn 0.678 0.1983 -0.7078
vn 0.6447 0.2888 -0.7078
vn 0.5993 0.3738 -0.7078
vn 0.5428 0.452 -0.7078
vn 0.4762 0.5217 -0.7078
vn 0.4008 0.5817 -0.7078
vn 0.3178 0.6308 -0.7078
vn 0.229 0.6682 -0.7078
vn 0.1359 0.6932 -0.7078
vn 0.0402 0.7052 -0.7078
vn -0.0562 0.7041 -0.7078
vn -0.1516 0.6899 -0.7078
vn -0.2441 0.6629 -0.7078
vn -0.3321 0.6234 -0.7078
vn -0.4139 0.5724 -0.7078
vn -0.4044 0.443 -0.8001
vn -0.5111 0.4884 -0.7073
vn -0.6369 0.483 -0.6009
vn -0.6234 0.3321 -0.7078
vn -0.6629 0.2441 -0.7078
vn -0.6899 0.1516 -0.7078
vn -0.7041 0.0562 -0.7078
vn -0.7052 -0.0402 -0.7078
vn -0.6932 -0.1359 -0.7078
vn -0.6682 -0.229 -0.7078
vn -0.6308 -0.3178 -0.7078
vn -0.5817 -0.4008 -0.7078
vn -0.5217 -0.4762 -0.7078
vn -0.452 -0.5428 -0.7078
vn -0.3738 -0.5993 -0.7078
vn -0.2888 -0.6447 -0.7078
vn -0.1983 -0.678 -0.7078
vn -0.1041 -0.6987 -0.7078
vn -0.008 -0.7063 -0.7078
vn 0.0882 -0.7008 -0.7078
vn 0.1828 -0.6823 -0.7078
vn 0.274 -0.651 -0.7078
vn 0.3601 -0.6077 -0.7078
vn 0.4395 -0.553 -0.7078
vn 0.3051 -0.3267 -0.8945
vn -0.562 -0.6134 -0.5549
vn -0.3398 -0.6194 -0.7078
vn -0.256 -0.6584 -0.7078
vn -0.1679 -0.6862 -0.7078
vn -0.0769 -0.7022 -0.7078
vn 0.2845 -0.6466 -0.7078
vn 0.3665 -0.6039 -0.7078
vn 0.4422 -0.5509 -0.7078
vn 0.5103 -0.4885 -0.7078
vn 0.5107 0.4889 -0.7073
vn 0.562 0.6134 -0.5549
vn 0.3372 0.4394 -0.8326
vn -0.3398 0.6194 -0.7078
vn -0.4885 0.5103 -0.7078
vn -0.5509 0.4422 -0.7078
vn -0.5838 -0.5468 -0.6002
vn 0.4144 0.4337 -0.8001
vn 0.4052 0.3785 -0.8322
vn 0.483 0.6369 -0.6009
vn 0.3321 0.6234 -0.7078
vn 0.2441 0.6629 -0.7078
vn 0.1516 0.6899 -0.7078
vn 0.0562 0.7041 -0.7078
vn -0.0402 0.7052 -0.7078
vn -0.1359 0.6932 -0.7078
vn -0.229 0.6682 -0.7078
vn -0.3178 0.6308 -0.7078
vn -0.4008 0.5817 -0.7078
vn -0.4762 0.5217 -0.7078
vn -0.5428 0.452 -0.7078
vn -0.5993 0.3738 -0.7078
vn -0.6447 0.2888 -0.7078
vn -0.678 0.1983 -0.7078
vn -0.6987 0.1041 -0.7078
vn -0.7063 0.008 -0.7078
vn -0.7008 -0.0882 -0.7078
vn -0.6823 -0.1828 -0.7078
vn -0.651 -0.274 -0.7078
vn -0.6077 -0.3601 -0.7078
vn -0.553 -0.4395 -0.7078
vn -0.4052 -0.3785 -0.8322
vn -0.4144 -0.4337 -0.8001
vn -0.483 -0.6369 -0.6009
vn -0.3321 -0.6234 -0.7078
vn -0.2441 -0.6629 -0.7078
vn -0.1516 -0.6899 -0.7078
vn -0.0562 -0.7041 -0.7078
vn 0.0402 -0.7052 -0.7078
vn 0.1359 -0.6932 -0.7078
vn 0.229 -0.6682 -0.7078
vn 0.3178 -0.6308 -0.7078
vn 0.4008 -0.5817 -0.7078
vn 0.4762 -0.5217 -0.7078
vn 0.5428 -0.452 -0.7078
vn 0.5993 -0.3738 -0.7078
vn 0.6447 -0.2888 -0.7078
vn 0.678 -0.1983 -0.7078
vn 0.6987 -0.1041 -0.7078
vn 0.7063 -0.008 -0.7078
vn 0.7008 0.0882 -0.7078
vn 0.6823 0.1828 -0.7078
vn 0.651 0.274 -0.7078
vn 0.6077 0.3601 -0.7078
vn 0.553 0.4395 -0.7078
vn 0.6949 -0.1256 -0.708
vn 0.7004 -0.0899 -0.708
vn 0.5988 -0.0153 -0.8008
vn 0.6785 -0.1958 -0.708
vn 0.6676 -0.2302 -0.708
vn 0.6407 -0.2971 -0.708
vn 0.6246 -0.3294 -0.708
vn 0.5878 -0.3914 -0.708
vn 0.567 -0.4209 -0.708
vn 0.5212 -0.4765 -0.708
vn 0.4961 -0.5025 -0.708
vn 0.4423 -0.5505 -0.708
vn 0.4136 -0.5724 -0.708
vn 0.3531 -0.6116 -0.708
vn 0.3214 -0.6288 -0.708
vn 0.2556 -0.6583 -0.708
vn 0.188 -0.5687 -0.8008
vn 0.1521 -0.6896 -0.708
vn 0.1167 -0.6965 -0.708
vn 0.0606 -0.9465 -0.317
vn 0.009 -0.7061 -0.708
vn -0.0742 -0.8281 -0.5557
vn -0.0989 -0.6992 -0.708
vn -0.1696 -0.6855 -0.708
vn -0.2045 -0.6759 -0.708
vn -0.2723 -0.6516 -0.708
vn -0.3053 -0.6368 -0.708
vn -0.3686 -0.6024 -0.708
vn -0.3989 -0.5827 -0.708
vn -0.4562 -0.5391 -0.708
vn -0.4832 -0.515 -0.708
vn -0.5331 -0.4631 -0.708
vn -0.4717 -0.3692 -0.8008
vn -0.5976 -0.3763 -0.708
vn -0.616 -0.3452 -0.708
vn -0.648 -0.2807 -0.708
vn -0.6615 -0.2471 -0.708
vn -0.6833 -0.1784 -0.708
vn -0.6915 -0.1433 -0.708
vn -0.7025 -0.0721 -0.708
vn -0.7053 -0.036 -0.708
vn -0.7053 0.036 -0.708
vn -0.7025 0.0721 -0.708
vn -0.6915 0.1433 -0.708
vn -0.6833 0.1784 -0.708
vn -0.6615 0.2471 -0.708
vn -0.648 0.2807 -0.708
vn -0.616 0.3452 -0.708
vn -0.5976 0.3763 -0.708
vn -0.5561 0.4352 -0.708
vn -0.4522 0.3928 -0.8008
vn -0.4832 0.515 -0.708
vn -0.4562 0.5391 -0.708
vn -0.3989 0.5827 -0.708
vn -0.3686 0.6024 -0.708
vn -0.3053 0.6368 -0.708
vn -0.2723 0.6516 -0.708
vn -0.2045 0.6759 -0.708
vn -0.1696 0.6855 -0.708
vn -0.1164 0.8232 -0.5557
vn -0.063 0.7034 -0.708
vn 0.0121 0.9484 -0.317
vn 0.0451 0.7047 -0.708
vn 0.1167 0.6965 -0.708
vn 0.1521 0.6896 -0.708
vn 0.2216 0.6705 -0.708
vn 0.2168 0.5584 -0.8008
vn 0.3214 0.6288 -0.708
vn 0.3531 0.6116 -0.708
vn 0.4136 0.5724 -0.708
vn 0.4423 0.5505 -0.708
vn 0.4961 0.5025 -0.708
vn 0.5212 0.4765 -0.708
vn 0.567 0.4209 -0.708
vn 0.5878 0.3914 -0.708
vn 0.6246 0.3294 -0.708
vn 0.6407 0.2971 -0.708
vn 0.6676 0.2302 -0.708
vn 0.6785 0.1958 -0.708
vn 0.6949 0.1256 -0.708
vn 0.7004 0.0899 -0.708
vn 0.706 0.0181 -0.708
vn -0.6974 -0.1121 -0.7078
vn -0.6757 -0.206 -0.7078
vn -0.6413 -0.2961 -0.7078
vn -0.595 -0.3807 -0.7078
vn -0.5376 -0.4582 -0.7078
vn -0.4702 -0.5271 -0.7078
vn -0.3941 -0.5862 -0.7078
vn -0.3106 -0.6344 -0.7078
vn -0.2605 -0.7897 -0.5555
vn -0.1279 -0.6947 -0.7078
vn -0.0321 -0.7056 -0.7078
vn 0.0643 -0.7034 -0.7078
vn 0.1594 -0.6881 -0.7078
vn 0.2517 -0.66 -0.7078
vn 0.3392 -0.6196 -0.7078
vn 0.4204 -0.5676 -0.7078
vn 0.4938 -0.5051 -0.7078
vn 0.6568 -0.5099 -0.5555
vn 0.6117 -0.3532 -0.7078
vn 0.6541 -0.2666 -0.7078
vn 0.6843 -0.175 -0.7078
vn 0.7018 -0.0802 -0.7078
vn 0.7062 0.0161 -0.7078
vn 0.6974 0.1121 -0.7078
vn 0.6757 0.206 -0.7078
vn 0.6413 0.2961 -0.7078
vn 0.595 0.3807 -0.7078
vn 0.6329 0.5393 -0.5555
vn 0.4702 0.5271 -0.7078
vn 0.3941 0.5862 -0.7078
vn 0.3106 0.6344 -0.7078
vn 0.2213 0.6708 -0.7078
vn 0.1279 0.6947 -0.7078
vn 0.0321 0.7056 -0.7078
vn -0.0643 0.7034 -0.7078
vn -0.1594 0.6881 -0.7078
vn -0.2962 0.777 -0.5555
vn -0.3392 0.6196 -0.7078
vn -0.4204 0.5676 -0.7078
vn -0.4938 0.5051 -0.7078
vn -0.558 0.4332 -0.7078
vn -0.6117 0.3532 -0.7078
vn -0.6541 0.2666 -0.7078
vn -0.6843 0.175 -0.7078
vn -0.7018 0.0802 -0.7078
vn -0.8313 -0.019 -0.5555
vn -0.7018 -0.0802 -0.7078
vn -0.6843 -0.175 -0.7078
vn -0.6541 -0.2666 -0.7078
vn -0.6117 -0.3532 -0.7078
vn -0.558 -0.4332 -0.7078
vn -0.4938 -0.5051 -0.7078
vn -0.4204 -0.5676 -0.7078
vn -0.3392 -0.6196 -0.7078
vn -0.2517 -0.66 -0.7078
vn -0.1594 -0.6881 -0.7078
vn -0.0643 -0.7034 -0.7078
vn 0.0321 -0.7056 -0.7078
vn 0.1279 -0.6947 -0.7078
vn 0.2213 -0.6708 -0.7078
vn 0.2635 -0.5382 -0.8006
vn 0.3941 -0.5862 -0.7078
vn 0.4702 -0.5271 -0.7078
vn 0.5376 -0.4582 -0.7078
vn 0.595 -0.3807 -0.7078
vn 0.6413 -0.2961 -0.7078
vn 0.6757 -0.206 -0.7078
vn 0.6974 -0.1121 -0.7078
vn 0.7062 -0.0161 -0.7078
vn 0.7018 0.0802 -0.7078
vn 0.6843 0.175 -0.7078
vn 0.6541 0.2666 -0.7078
vn 0.6117 0.3532 -0.7078
vn 0.558 0.4332 -0.7078
vn 0.4938 0.5051 -0.7078
vn 0.4204 0.5676 -0.7078
vn 0.2877 0.5256 -0.8006
vn 0.2517 0.66 -0.7078
vn 0.1594 0.6881 -0.7078
vn 0.0643 0.7034 -0.7078
vn -0.0321 0.7056 -0.7078
vn -0.1279 0.6947 -0.7078
vn -0.2213 0.6708 -0.7078
vn -0.3106 0.6344 -0.7078
vn -0.3941 0.5862 -0.7078
vn -0.4702 0.5271 -0.7078
vn -0.5376 0.4582 -0.7078
vn -0.595 0.3807 -0.7078
vn -0.6413 0.2961 -0.7078
vn -0.6757 0.206 -0.7078
vn -0.6974 0.1121 -0.7078
vn -0.599 0.0137 -0.8006
vn 0.6986 0.1053 -0.7078
vn 0.8314 0.0178 -0.5554
vn 0.6794 0.1938 -0.7078
vn 0.649 0.2791 -0.7078
vn 0.608 0.3598 -0.7078
vn 0.557 0.4346 -0.7078
vn 0.4969 0.5022 -0.7078
vn 0.4286 0.5616 -0.7078
vn 0.3532 0.6118 -0.7078
vn 0.2721 0.652 -0.7078
vn 0.1865 0.6814 -0.7078
vn 0.0978 0.6997 -0.7078
vn 0.0075 0.7064 -0.7078
vn -0.0829 0.7016 -0.7078
vn -0.1719 0.6852 -0.7078
vn -0.2581 0.6576 -0.7078
vn -0.4003 0.7289 -0.5554
vn -0.4165 0.5706 -0.7078
vn -0.486 0.5127 -0.7078
vn -0.5476 0.4463 -0.7078
vn -0.6002 0.3726 -0.7078
vn -0.6429 0.2928 -0.7078
vn -0.6751 0.2082 -0.7078
vn -0.6962 0.1202 -0.7078
vn -0.7058 0.0302 -0.7078
vn -0.7039 -0.0603 -0.7078
vn -0.6904 -0.1499 -0.7078
vn -0.6656 -0.2369 -0.7078
vn -0.6298 -0.3201 -0.7078
vn -0.5837 -0.398 -0.7078
vn -0.528 -0.4694 -0.7078
vn -0.4637 -0.533 -0.7078
vn -0.3917 -0.5879 -0.7078
vn -0.3688 -0.7453 -0.5554
vn -0.2297 -0.6681 -0.7078
vn -0.1424 -0.692 -0.7078
vn -0.0528 -0.7045 -0.7078
vn 0.0377 -0.7055 -0.7078
vn 0.1276 -0.6948 -0.7078
vn 0.2155 -0.6728 -0.7078
vn 0.2997 -0.6397 -0.7078
vn 0.3791 -0.5961 -0.7078
vn 0.4522 -0.5428 -0.7078
vn 0.5179 -0.4805 -0.7078
vn 0.5751 -0.4103 -0.7078
vn 0.6228 -0.3334 -0.7078
vn 0.6604 -0.251 -0.7078
vn 0.687 -0.1645 -0.7078
vn 0.7024 -0.0753 -0.7078
vn 0.3791 -0.5962 -0.7078
vn -0.0528 0.705 0.7073
vn -0.0378 0.7059 -0.7073
vn -0.0064 0.5998 0.8001
vn -0.0829 0.7021 -0.7073
vn -0.0979 0.7001 0.7073
vn -0.1277 0.6953 -0.7073
vn -0.1425 0.6924 0.7073
vn -0.172 0.6857 -0.7073
vn -0.1866 0.6819 0.7073
vn -0.2156 0.6733 -0.7073
vn -0.2299 0.6685 0.7073
vn -0.2583 0.6581 -0.7073
vn -0.2723 0.6524 0.7073
vn -0.2999 0.6402 -0.7073
vn -0.3135 0.6336 0.7073
vn -0.3403 0.6196 -0.7073
vn -0.3535 0.6122 0.7073
vn -0.3793 0.5966 -0.7073
vn -0.392 0.5883 0.7073
vn -0.4168 0.571 -0.7073
vn -0.4289 0.562 0.7073
vn -0.4525 0.5432 -0.7073
vn -0.464 0.5334 0.7073
vn -0.4864 0.5131 -0.7073
vn -0.4972 0.5025 0.7073
vn -0.5182 0.4808 -0.7073
vn -0.5284 0.4697 0.7073
vn -0.548 0.4467 -0.7073
vn -0.5574 0.4348 0.7073
vn -0.5755 0.4106 -0.7073
vn -0.5841 0.3982 0.7073
vn -0.6006 0.3729 -0.7073
vn -0.6084 0.36 0.7073
vn -0.6232 0.3337 -0.7073
vn -0.6302 0.3203 0.7073
vn -0.6433 0.2931 -0.7073
vn -0.6495 0.2792 0.7073
vn -0.6608 0.2512 -0.7073
vn -0.666 0.237 0.7073
vn -0.6755 0.2084 -0.7073
vn -0.6798 0.1939 0.7073
vn -0.6875 0.1647 -0.7073
vn -0.6909 0.1499 0.7073
vn -0.6966 0.1203 -0.7073
vn -0.699 0.1054 0.7073
vn -0.7029 0.0754 -0.7073
vn -0.7044 0.0604 0.7073
vn -0.7063 0.0302 -0.7073
vn -0.7068 0.0151 0.7073
vn -0.7068 -0.0151 -0.7073
vn -0.7063 -0.0302 0.7073
vn -0.7044 -0.0604 -0.7073
vn -0.7029 -0.0754 0.7073
vn -0.699 -0.1054 -0.7073
vn -0.6966 -0.1203 0.7073
vn -0.6909 -0.1499 -0.7073
vn -0.6875 -0.1647 0.7073
vn -0.6798 -0.1939 -0.7073
vn -0.6755 -0.2084 0.7073
vn -0.666 -0.237 -0.7073
vn -0.6608 -0.2512 0.7073
vn -0.6495 -0.2792 -0.7073
vn -0.6433 -0.2931 0.7073
vn -0.6302 -0.3203 -0.7073
vn -0.6232 -0.3337 0.7073
vn -0.5162 -0.3054 -0.8001
vn -0.5096 -0.3164 0.8001
vn -0.5841 -0.3982 -0.7073
vn -0.5755 -0.4106 0.7073
vn -0.5574 -0.4348 -0.7073
vn -0.548 -0.4467 0.7073
vn -0.5284 -0.4697 -0.7073
vn -0.5182 -0.4808 0.7073
vn -0.4972 -0.5025 -0.7073
vn -0.4864 -0.5131 0.7073
vn -0.464 -0.5334 -0.7073
vn -0.4525 -0.5432 0.7073
vn -0.4289 -0.562 -0.7073
vn -0.4168 -0.571 0.7073
vn -0.392 -0.5883 -0.7073
vn -0.3793 -0.5966 0.7073
vn -0.3535 -0.6122 -0.7073
vn -0.3403 -0.6196 0.7073
vn -0.3135 -0.6336 -0.7073
vn -0.2999 -0.6402 0.7073
vn -0.2723 -0.6524 -0.7073
vn -0.2583 -0.6581 0.7073
vn -0.2299 -0.6685 -0.7073
vn -0.2156 -0.6733 0.7073
vn -0.1866 -0.6819 -0.7073
vn -0.172 -0.6857 0.7073
vn -0.1425 -0.6924 -0.7073
vn -0.1277 -0.6953 0.7073
vn -0.0979 -0.7001 -0.7073
vn -0.0829 -0.7021 0.7073
vn -0.0528 -0.705 -0.7073
vn -0.0378 -0.7059 0.7073
vn -0.0076 -0.7069 -0.7073
vn 0.0076 -0.7069 0.7073
vn 0.0378 -0.7059 -0.7073
vn 0.0528 -0.705 0.7073
vn 0.0829 -0.7021 -0.7073
vn 0.0979 -0.7001 0.7073
vn 0.1277 -0.6953 -0.7073
vn 0.1425 -0.6924 0.7073
vn 0.172 -0.6857 -0.7073
vn 0.1866 -0.6819 0.7073
vn 0.2156 -0.6733 -0.7073
vn 0.2299 -0.6685 0.7073
vn 0.2583 -0.6581 -0.7073
vn 0.2723 -0.6524 0.7073
vn 0.2999 -0.6402 -0.7073
vn 0.3135 -0.6336 0.7073
vn 0.3403 -0.6196 -0.7073
vn 0.3535 -0.6122 0.7073
vn 0.3793 -0.5966 -0.7073
vn 0.392 -0.5883 0.7073
vn 0.4168 -0.571 -0.7073
vn 0.4289 -0.562 0.7073
vn 0.4525 -0.5432 -0.7073
vn 0.464 -0.5334 0.7073
vn 0.4864 -0.5131 -0.7073
vn 0.4972 -0.5025 0.7073
vn 0.5182 -0.4808 -0.7073
vn 0.5284 -0.4697 0.7073
vn 0.548 -0.4467 -0.7073
vn 0.5574 -0.4348 0.7073
vn 0.5755 -0.4106 -0.7073
vn 0.5841 -0.3982 0.7073
vn 0.5096 -0.3164 -0.8001
vn 0.5162 -0.3054 0.8001
vn 0.6232 -0.3337 -0.7073
vn 0.6302 -0.3203 0.7073
vn 0.6433 -0.2931 -0.7073
vn 0.6495 -0.2792 0.7073
vn 0.6608 -0.2512 -0.7073
vn 0.666 -0.237 0.7073
vn 0.6755 -0.2084 -0.7073
vn 0.6798 -0.1939 0.7073
vn 0.6875 -0.1647 -0.7073
vn 0.6909 -0.1499 0.7073
vn 0.6966 -0.1203 -0.7073
vn 0.699 -0.1054 0.7073
vn 0.7029 -0.0754 -0.7073
vn 0.7044 -0.0604 0.7073
vn 0.7063 -0.0302 -0.7073
vn 0.7068 -0.0151 0.7073
vn 0.7068 0.0151 -0.7073
vn 0.7063 0.0302 0.7073
vn 0.7044 0.0604 -0.7073
vn 0.7029 0.0754 0.7073
vn 0.699 0.1054 -0.7073
vn 0.6966 0.1203 0.7073
vn 0.6909 0.1499 -0.7073
vn 0.6875 0.1647 0.7073
vn 0.6798 0.1939 -0.7073
vn 0.6755 0.2084 0.7073
vn 0.666 0.237 -0.7073
vn 0.6608 0.2512 0.7073
vn 0.6495 0.2792 -0.7073
vn 0.6433 0.2931 0.7073
vn 0.6302 0.3203 -0.7073
vn 0.6232 0.3337 0.7073
vn 0.6084 0.36 -0.7073
vn 0.6006 0.3729 0.7073
vn 0.5841 0.3982 -0.7073
vn 0.5755 0.4106 0.7073
vn 0.5574 0.4348 -0.7073
vn 0.548 0.4467 0.7073
vn 0.5284 0.4697 -0.7073
vn 0.5182 0.4808 0.7073
vn 0.4972 0.5025 -0.7073
vn 0.4864 0.5131 0.7073
vn 0.464 0.5334 -0.7073
vn 0.4525 0.5432 0.7073
vn 0.4289 0.562 -0.7073
vn 0.4168 0.571 0.7073
vn 0.392 0.5883 -0.7073
vn 0.3793 0.5966 0.7073
vn 0.3535 0.6122 -0.7073
vn 0.3403 0.6196 0.7073
vn 0.3135 0.6336 -0.7073
vn 0.2999 0.6402 0.7073
vn 0.2723 0.6524 -0.7073
vn 0.2583 0.6581 0.7073
vn 0.2299 0.6685 -0.7073
vn 0.2156 0.6733 0.7073
vn 0.1866 0.6819 -0.7073
vn 0.172 0.6857 0.7073
vn 0.1425 0.6924 -0.7073
vn 0.1277 0.6953 0.7073
vn 0.0979 0.7001 -0.7073
vn 0.0829 0.7021 0.7073
vn 0.0528 0.705 -0.7073
vn 0.0378 0.7059 0.7073
vn 0.0064 0.5998 -0.8001
vn 0.0505 0.7047 0.7077
vn 0 0.894 0.448
vn 0.0936 0.7001 0.7078
vn 0.1364 0.6929 0.708
vn 0.1787 0.6831 0.7082
vn 0.2203 0.6707 0.7083
vn 0.261 0.6557 0.7084
vn 0.3008 0.6384 0.7085
vn 0.3394 0.6186 0.7086
vn 0.3767 0.5965 0.7087
vn 0.4126 0.5722 0.7088
vn 0.5041 0.6195 0.6017
vn 0.4809 0.5172 0.7079
vn 0.5122 0.4863 0.7079
vn 0.6146 0.5102 0.6016
vn 0.5679 0.4185 0.7088
vn 0.5925 0.3828 0.7088
vn 0.6149 0.3457 0.7088
vn 0.6349 0.3072 0.7089
vn 0.6526 0.2677 0.7089
vn 0.6678 0.2271 0.7088
vn 0.6805 0.1856 0.7088
vn 0.6907 0.1435 0.7088
vn 0.6983 0.1008 0.7087
vn 0.7032 0.0577 0.7086
vn 0.7055 0.0144 0.7085
vn 0.7052 -0.029 0.7084
vn 0.7022 -0.0723 0.7083
vn 0.6966 -0.1153 0.7082
vn 0.6883 -0.1579 0.708
vn 0.6775 -0.2 0.7079
vn 0.6641 -0.2413 0.7077
vn 0.73 -0.326 0.6006
vn 0.6229 -0.3334 0.7076
vn 0.7074 -0.4366 0.5558
vn 0.5771 -0.4071 0.708
vn -0.0936 0.7001 0.7078
vn -0.0505 0.7047 0.7077
vn -0.1364 0.6929 0.708
vn -0.1787 0.6831 0.7082
vn -0.2203 0.6707 0.7083
vn -0.261 0.6557 0.7084
vn -0.3008 0.6384 0.7085
vn -0.3394 0.6186 0.7086
vn -0.3767 0.5965 0.7087
vn -0.4126 0.5722 0.7088
vn -0.5041 0.6195 0.6017
vn -0.4809 0.5172 0.7079
vn -0.5122 0.4863 0.7079
vn -0.6146 0.5102 0.6016
vn -0.5679 0.4185 0.7088
vn -0.5925 0.3828 0.7088
vn -0.6149 0.3457 0.7088
vn -0.6349 0.3072 0.7089
vn -0.6526 0.2677 0.7089
vn -0.6678 0.2271 0.7088
vn -0.6805 0.1856 0.7088
vn -0.6907 0.1435 0.7088
vn -0.6983 0.1008 0.7087
vn -0.7032 0.0577 0.7086
vn -0.7055 0.0144 0.7085
vn -0.7052 -0.029 0.7084
vn -0.7022 -0.0723 0.7083
vn -0.6966 -0.1153 0.7082
vn -0.6883 -0.1579 0.708
vn -0.6775 -0.2 0.7079
vn -0.6641 -0.2413 0.7077
vn -0.73 -0.326 0.6006
vn -0.6229 -0.3334 0.7076
vn -0.7074 -0.4366 0.5558
vn -0.5771 -0.4071 0.708
vn -0.6249 -0.4985 0.6009
vn -0.5225 -0.4758 0.7076
vn -0.4918 -0.5074 0.7076
vn -0.5165 -0.6101 0.6008
vn -0.4248 -0.5641 0.708
vn -0.3893 -0.589 0.7082
vn -0.3523 -0.6117 0.7083
vn -0.314 -0.6321 0.7084
vn -0.2745 -0.6501 0.7085
vn -0.234 -0.6656 0.7086
vn -0.1927 -0.6787 0.7087
vn -0.1506 -0.6892 0.7088
vn -0.108 -0.6971 0.7088
vn -0.065 -0.7024 0.7088
vn -0.0217 -0.705 0.7089
vn 0.0217 -0.705 0.7089
vn 0.065 -0.7024 0.7088
vn 0.108 -0.6971 0.7088
vn 0.1506 -0.6892 0.7088
vn 0.1927 -0.6787 0.7087
vn 0.234 -0.6656 0.7086
vn 0.2745 -0.6501 0.7085
vn 0.314 -0.6321 0.7084
vn 0.3523 -0.6117 0.7083
vn 0.3893 -0.589 0.7082
vn 0.4248 -0.5641 0.708
vn 0.5165 -0.6101 0.6008
vn 0.4918 -0.5074 0.7076
vn 0.5225 -0.4758 0.7076
vn 0.6249 -0.4985 0.6009
vn -0.0476 0.705 -0.7076
vn -0.0913 0.7007 -0.7076
vn -0.1347 0.6936 -0.7076
vn -0.1776 0.6839 -0.7076
vn -0.2197 0.6716 -0.7076
vn -0.2611 0.6566 -0.7076
vn -0.3014 0.6391 -0.7076
vn -0.3405 0.6191 -0.7076
vn -0.3784 0.5968 -0.7076
vn -0.4147 0.5721 -0.7076
vn -0.4495 0.5452 -0.7076
vn -0.4825 0.5162 -0.7076
vn -0.5137 0.4852 -0.7076
vn -0.5429 0.4523 -0.7076
vn -0.5699 0.4177 -0.7076
vn -0.5948 0.3815 -0.7076
vn -0.6174 0.3437 -0.7076
vn -0.6375 0.3047 -0.7076
vn -0.6552 0.2645 -0.7076
vn -0.6704 0.2232 -0.7076
vn -0.683 0.1811 -0.7076
vn -0.6929 0.1383 -0.7076
vn -0.7002 0.095 -0.7076
vn -0.5531 0.0431 -0.832
vn -0.7072 0.022 -0.7067
vn -0.7992 -0.0311 -0.6002
vn -0.702 -0.0804 -0.7076
vn -0.6957 -0.1239 -0.7076
vn -0.6866 -0.1669 -0.7076
vn -0.6749 -0.2093 -0.7076
vn -0.6606 -0.2508 -0.7076
vn -0.6437 -0.2914 -0.7076
vn -0.6243 -0.3309 -0.7076
vn -0.7091 -0.4343 -0.5555
vn -0.5785 -0.4058 -0.7076
vn -0.5521 -0.441 -0.7076
vn -0.5236 -0.4744 -0.7076
vn -0.4931 -0.5061 -0.7076
vn -0.4607 -0.5358 -0.7076
vn -0.4265 -0.5634 -0.7076
vn -0.3907 -0.5888 -0.7076
vn -0.3533 -0.6119 -0.7076
vn -0.3146 -0.6327 -0.7076
vn -0.2746 -0.651 -0.7076
vn -0.2336 -0.6669 -0.7076
vn -0.1917 -0.6801 -0.7076
vn -0.1491 -0.6907 -0.7076
vn -0.1058 -0.6986 -0.7076
vn -0.0622 -0.7039 -0.7076
vn -0.0183 -0.7064 -0.7076
vn 0.0256 -0.7061 -0.7076
vn 0.0695 -0.7032 -0.7076
vn 0.1131 -0.6975 -0.7076
vn 0.1562 -0.6891 -0.7076
vn 0.1988 -0.6781 -0.7076
vn 0.2405 -0.6644 -0.7076
vn 0.2814 -0.6482 -0.7076
vn 0.3211 -0.6294 -0.7076
vn 0.3596 -0.6082 -0.7076
vn 0.3967 -0.5847 -0.7076
vn 0.4323 -0.5589 -0.7076
vn 0.4662 -0.5309 -0.7076
vn 0.4983 -0.5009 -0.7076
vn 0.5285 -0.469 -0.7076
vn 0.5567 -0.4352 -0.7076
vn 0.5826 -0.3998 -0.7076
vn 0.7136 -0.4269 -0.5555
vn 0.6277 -0.3244 -0.7076
vn 0.6467 -0.2847 -0.7076
vn 0.6631 -0.244 -0.7076
vn 0.677 -0.2023 -0.7076
vn 0.6883 -0.1598 -0.7076
vn 0.6969 -0.1167 -0.7076
vn 0.7028 -0.0731 -0.7076
vn 0.706 -0.0293 -0.7076
vn 0.7065 0.0147 -0.7076
vn 0.7042 0.0585 -0.7076
vn 0.6992 0.1022 -0.7076
vn 0.6915 0.1455 -0.7076
vn 0.6811 0.1882 -0.7076
vn 0.6681 0.2302 -0.7076
vn 0.6525 0.2713 -0.7076
vn 0.6343 0.3113 -0.7076
vn 0.6138 0.3501 -0.7076
vn 0.5908 0.3876 -0.7076
vn 0.5656 0.4236 -0.7076
vn 0.5381 0.4579 -0.7076
vn 0.5086 0.4905 -0.7076
vn 0.4771 0.5212 -0.7076
vn 0.4438 0.5498 -0.7076
vn 0.4088 0.5764 -0.7076
vn 0.3722 0.6007 -0.7076
vn 0.3341 0.6226 -0.7076
vn 0.2947 0.6422 -0.7076
vn 0.2542 0.6593 -0.7076
vn 0.2128 0.6738 -0.7076
vn 0.1705 0.6857 -0.7076
vn 0.1275 0.695 -0.7076
vn 0.0841 0.7016 -0.7076
vn 0.0403 0.7055 -0.7076
vn -0.0043 0.8315 -0.5555
vn 0.8486 -0.0536 0.5263
vn 0.9084 -0.0036 0.4181
vn 0.8436 -0.1072 0.5262
vn 0.8351 -0.1603 0.5262
vn 0.8233 -0.2127 0.5262
vn 0.8082 -0.2643 0.5262
vn 0.7899 -0.3149 0.5263
vn 0.8221 -0.3865 0.4181
vn 0.7469 -0.4064 0.5263
vn 0.7197 -0.4528 0.5262
vn 0.6897 -0.4974 0.5262
vn 0.6569 -0.54 0.5262
vn 0.6214 -0.5804 0.5262
vn 0.5835 -0.6185 0.5262
vn 0.5823 -0.6972 0.4181
vn 0.5059 -0.6834 0.5263
vn 0.4617 -0.7141 0.5262
vn 0.4156 -0.7418 0.5262
vn 0.3679 -0.7666 0.5262
vn 0.3188 -0.7883 0.5262
vn 0.2683 -0.8069 0.5262
vn 0.2168 -0.8222 0.5263
vn 0.1789 -0.8906 0.4181
vn 0.1176 -0.8422 0.5263
vn 0.0641 -0.8479 0.5262
vn 0.0104 -0.8503 0.5262
vn -0.0434 -0.8492 0.5262
vn -0.0969 -0.8448 0.5262
vn -0.1501 -0.837 0.5263
vn -0.2135 -0.8829 0.4181
vn -0.2485 -0.8132 0.5263
vn -0.2994 -0.7959 0.5262
vn -0.3491 -0.7754 0.5262
vn -0.3974 -0.7518 0.5262
vn -0.4441 -0.7252 0.5262
vn -0.489 -0.6956 0.5263
vn -0.5661 -0.7105 0.4181
vn -0.5682 -0.6326 0.5263
vn -0.607 -0.5955 0.5262
vn -0.6435 -0.5559 0.5262
vn -0.6773 -0.5141 0.5262
vn -0.7084 -0.4703 0.5262
vn -0.7367 -0.4246 0.5263
vn -0.8129 -0.4054 0.4181
vn -0.7819 -0.3341 0.5263
vn -0.8015 -0.284 0.5262
vn -0.8179 -0.2328 0.5262
vn -0.8309 -0.1806 0.5262
vn -0.8407 -0.1277 0.5262
vn -0.8471 -0.0744 0.5262
vn -0.7796 -0.021 0.6259
vn -0.909 0.0174 0.4165
vn -0.8903 0.0765 0.449
vn -0.8398 0.1338 0.5262
vn -0.8296 0.1866 0.5262
vn -0.8162 0.2386 0.5262
vn -0.7995 0.2897 0.5262
vn -0.7795 0.3397 0.5263
vn -0.8097 0.4119 0.4181
vn -0.7337 0.4298 0.5263
vn -0.7051 0.4754 0.5262
vn -0.6736 0.519 0.5262
vn -0.6395 0.5605 0.5262
vn -0.6028 0.5998 0.5262
vn -0.5636 0.6367 0.5263
vn -0.5604 0.715 0.4181
vn -0.484 0.6991 0.5263
vn -0.4389 0.7283 0.5262
vn -0.392 0.7546 0.5262
vn -0.3435 0.7779 0.5262
vn -0.2937 0.798 0.5262
vn -0.2426 0.815 0.5263
vn -0.2065 0.8846 0.4181
vn -0.1441 0.838 0.5263
vn -0.0909 0.8455 0.5262
vn -0.0373 0.8495 0.5262
vn 0.0165 0.8502 0.5262
vn 0.0702 0.8474 0.5262
vn 0.1236 0.8413 0.5263
vn 0.186 0.8892 0.4181
vn 0.2226 0.8206 0.5263
vn 0.2741 0.805 0.5262
vn 0.3244 0.786 0.5262
vn 0.3734 0.764 0.5262
vn 0.421 0.7388 0.5262
vn 0.4668 0.7107 0.5262
vn 0.5108 0.6798 0.5263
vn 0.5879 0.6925 0.4181
vn 0.5879 0.6143 0.5263
vn 0.6256 0.576 0.5262
vn 0.6607 0.5353 0.5262
vn 0.6932 0.4925 0.5262
vn 0.723 0.4477 0.5262
vn 0.7498 0.4011 0.5263
vn 0.8251 0.3799 0.4181
vn 0.7921 0.3092 0.5263
vn 0.8101 0.2585 0.5262
vn 0.8248 0.2068 0.5262
vn 0.8362 0.1543 0.5262
vn 0.8443 0.1011 0.5262
vn 0.849 0.0475 0.5263
vn 0.2623 0 0.965
vn 0.2289 -0.0182 0.9733
vn 0.227 -0.0339 0.9733
vn 0.2242 -0.0494 0.9733
vn 0.2202 -0.0647 0.9733
vn 0.2153 -0.0798 0.9733
vn 0.2379 -0.1104 0.965
vn 0.2289 0.0182 0.9733
vn 0.227 0.0339 0.9733
vn 0.2242 0.0494 0.9733
vn 0.2202 0.0647 0.9733
vn 0.2153 0.0798 0.9733
vn 0.2379 0.1104 0.965
vn 0.2 0.1127 0.9733
vn 0.1917 0.1262 0.9733
vn 0.1826 0.1391 0.9733
vn 0.1726 0.1513 0.9733
vn 0.1618 0.1629 0.9733
vn 0.1694 0.2003 0.965
vn 0.1341 0.1864 0.9733
vn 0.1209 0.1952 0.9733
vn 0.1072 0.203 0.9733
vn 0.0929 0.2099 0.9733
vn 0.0783 0.2158 0.9733
vn 0.0632 0.2207 0.9733
vn 0.0522 0.257 0.965
vn 0.0276 0.2279 0.9733
vn 0.0142 0.2748 0.9614
vn -0.0059 0.3419 0.9397
vn -0.0197 0.2287 0.9733
vn -0.0354 0.2269 0.9733
vn -0.0608 0.2551 0.965
vn -0.0708 0.2184 0.9733
vn -0.0857 0.213 0.9733
vn -0.1001 0.2066 0.9733
vn -0.1141 0.1992 0.9733
vn -0.1276 0.1909 0.9733
vn -0.1625 0.2058 0.965
vn -0.1561 0.1684 0.9733
vn -0.1673 0.1572 0.9733
vn -0.1777 0.1453 0.9733
vn -0.1873 0.1327 0.9733
vn -0.196 0.1196 0.9733
vn -0.2341 0.1183 0.965
vn -0.2124 0.0871 0.9733
vn -0.2179 0.0723 0.9733
vn -0.2223 0.0571 0.9733
vn -0.2257 0.0417 0.9733
vn -0.2281 0.026 0.9733
vn -0.2621 0.0088 0.965
vn -0.2294 -0.0103 0.9733
vn -0.2281 -0.026 0.9733
vn -0.2257 -0.0417 0.9733
vn -0.2223 -0.0571 0.9733
vn -0.2179 -0.0723 0.9733
vn -0.2124 -0.0871 0.9733
vn -0.2341 -0.1183 0.965
vn -0.196 -0.1196 0.9733
vn -0.1873 -0.1327 0.9733
vn -0.1777 -0.1453 0.9733
vn -0.1673 -0.1572 0.9733
vn -0.1561 -0.1684 0.9733
vn -0.1625 -0.2058 0.965
vn -0.1276 -0.1909 0.9733
vn -0.1141 -0.1992 0.9733
vn -0.1001 -0.2066 0.9733
vn -0.0857 -0.213 0.9733
vn -0.0708 -0.2184 0.9733
vn -0.0608 -0.2551 0.965
vn -0.0354 -0.2269 0.9733
vn -0.0197 -0.2287 0.9733
vn -0.0059 -0.3419 0.9397
vn 0.0142 -0.2748 0.9614
vn 0.0276 -0.2279 0.9733
vn 0.0522 -0.257 0.965
vn 0.0632 -0.2207 0.9733
vn 0.0783 -0.2158 0.9733
vn 0.0929 -0.2099 0.9733
vn 0.1072 -0.203 0.9733
vn 0.1209 -0.1952 0.9733
vn 0.1341 -0.1864 0.9733
vn 0.1694 -0.2003 0.965
vn 0.1618 -0.1629 0.9733
vn 0.1726 -0.1513 0.9733
vn 0.1826 -0.1391 0.9733
vn 0.1917 -0.1262 0.9733
vn 0.2 -0.1128 0.9733
vn 0.4113 -0.1042 -0.9055
vn 0.7075 -0.0616 -0.704
vn 0.4112 -0.0096 -0.9115
vn 0.7075 -0.1348 -0.6937
vn 0.4115 -0.1977 -0.8897
vn 0.7075 -0.2066 -0.6758
vn 0.4117 -0.2891 -0.8642
vn 0.7075 -0.2761 -0.6505
vn 0.4122 -0.3772 -0.8294
vn 0.8004 -0.2907 -0.5244
vn 0.4127 -0.4612 -0.7855
vn 0.7075 -0.4053 -0.5789
vn 0.4133 -0.5401 -0.7331
vn 0.8004 -0.3933 -0.4525
vn 0.414 -0.6132 -0.6728
vn 0.7075 -0.5168 -0.482
vn 0.4148 -0.6794 -0.6052
vn 0.8004 -0.4788 -0.3608
vn 0.4156 -0.7383 -0.5312
vn 0.7075 -0.6057 -0.364
vn 0.4744 -0.7664 -0.433
vn 0.7075 -0.6405 -0.2987
vn 0.4156 -0.8369 -0.3562
vn 0.7075 -0.6682 -0.2301
vn 0.4147 -0.8697 -0.2675
vn 0.5552 -0.8104 -0.1871
vn 0.4139 -0.8932 -0.1758
vn 0.7075 -0.7014 -0.0861
vn 0.4132 -0.9069 -0.0821
vn 0.7075 -0.7066 -0.0123
vn 0.4126 -0.9108 0.0125
vn 0.5552 -0.8286 0.0725
vn 0.4121 -0.9048 0.1071
vn 0.5552 -0.8165 0.1587
vn 0.4117 -0.889 0.2005
vn 0.5552 -0.7954 0.2432
vn 0.4114 -0.8634 0.2918
vn 0.5552 -0.7656 0.325
vn 0.4113 -0.8285 0.38
vn 0.5552 -0.7275 0.4032
vn 0.4112 -0.7846 0.464
vn 0.5552 -0.6813 0.4771
vn 0.4113 -0.7321 0.543
vn 0.5552 -0.6277 0.5457
vn 0.4115 -0.6717 0.6161
vn 0.5552 -0.5673 0.6083
vn 0.4117 -0.6039 0.6824
vn 0.5552 -0.5006 0.6642
vn 0.4122 -0.5297 0.7413
vn 0.5552 -0.4284 0.7129
vn 0.4127 -0.4497 0.7922
vn 0.5552 -0.3515 0.7538
vn 0.4133 -0.3648 0.8343
vn 0.5552 -0.2708 0.7864
vn 0.414 -0.2761 0.8674
vn 0.5552 -0.1871 0.8104
vn 0.4148 -0.1844 0.891
vn 0.5552 -0.1014 0.8255
vn 0.4156 -0.0909 0.905
vn 0.7075 -0.0123 0.7066
vn 0.4744 0.0082 0.8803
vn 0.5552 0.0725 0.8286
vn 0.4156 0.1099 0.9029
vn 0.5552 0.1587 0.8165
vn 0.4147 0.2032 0.887
vn 0.5552 0.2432 0.7954
vn 0.414 0.2943 0.8614
vn 0.5552 0.325 0.7656
vn 0.4132 0.3823 0.8265
vn 0.5552 0.4032 0.7275
vn 0.4126 0.4662 0.7825
vn 0.5552 0.4771 0.6813
vn 0.4121 0.5451 0.7301
vn 0.5552 0.5457 0.6277
vn 0.4117 0.6181 0.6696
vn 0.5552 0.6083 0.5673
vn 0.4114 0.6845 0.6018
vn 0.5552 0.6642 0.5006
vn 0.4113 0.7434 0.5275
vn 0.5552 0.7129 0.4284
vn 0.4112 0.7942 0.4474
vn 0.5552 0.7538 0.3515
vn 0.4113 0.8363 0.3625
vn 0.5552 0.7864 0.2708
vn 0.4115 0.8694 0.2736
vn 0.5552 0.8104 0.1871
vn 0.4117 0.893 0.1818
vn 0.5552 0.8255 0.1014
vn 0.4122 0.9069 0.088
vn 0.7075 0.7066 0.0123
vn 0.4127 0.9109 -0.0067
vn 0.5552 0.8286 -0.0725
vn 0.4133 0.905 -0.1012
vn 0.5552 0.8165 -0.1587
vn 0.414 0.8892 -0.1946
vn 0.5552 0.7954 -0.2432
vn 0.4148 0.8639 -0.2858
vn 0.5552 0.7656 -0.325
vn 0.4156 0.8292 -0.3738
vn 0.5552 0.7275 -0.4032
vn 0.4744 0.7582 -0.4472
vn 0.5552 0.6813 -0.4771
vn 0.4156 0.727 -0.5467
vn 0.5552 0.6277 -0.5457
vn 0.4147 0.6665 -0.6195
vn 0.5552 0.5673 -0.6083
vn 0.4139 0.5988 -0.6856
vn 0.5552 0.5006 -0.6642
vn 0.4132 0.5246 -0.7443
vn 0.5552 0.4284 -0.7129
vn 0.4126 0.4446 -0.795
vn 0.5552 0.3515 -0.7538
vn 0.4121 0.3597 -0.8371
vn 0.5552 0.2708 -0.7864
vn 0.4117 0.2708 -0.8701
vn 0.5552 0.1871 -0.8104
vn 0.4114 0.179 -0.8937
vn 0.7075 0.0861 -0.7014
vn 0.4113 0.0852 -0.9075
vn 0.7075 0.0123 -0.7066
vn 0.8693 -0.0645 -0.4901
vn 0.996 -0.0057 -0.0887
vn 0.8352 -0 -0.55
vn 0.9961 -0.0146 -0.0876
vn 0.8593 -0.1231 -0.4964
vn 0.9961 -0.0232 -0.0855
vn 0.9681 -0.0634 -0.2425
vn 0.9681 -0.0873 -0.235
vn 0.8978 -0.152 -0.4133
vn 0.8978 -0.1924 -0.3961
vn 0.8078 -0.2541 -0.5319
vn 0.8075 -0.3064 -0.504
vn 0.808 -0.1992 -0.5545
vn 0.8978 -0.1101 -0.4264
vn 0.9681 -0.039 -0.2476
vn 0.8906 -0.1585 -0.4263
vn 0.9949 -0.036 -0.0946
vn 0.9681 -0.1102 -0.2251
vn 0.8978 -0.2309 -0.375
vn 0.8072 -0.3558 -0.471
vn 0.9961 -0.0393 -0.0792
vn 0.9681 -0.1321 -0.213
vn 0.8978 -0.2671 -0.3501
vn 0.8068 -0.4017 -0.4332
vn 0.8255 -0.3102 -0.4715
vn 0.9961 -0.0472 -0.075
vn 0.8367 -0.2476 -0.4885
vn 0.996 -0.0546 -0.0701
vn 0.8152 -0.3709 -0.4449
vn 0.996 -0.0614 -0.0643
vn 0.9681 -0.1717 -0.1826
vn 0.9681 -0.189 -0.1646
vn 0.8978 -0.3312 -0.2903
vn 0.8978 -0.3585 -0.2558
vn 0.8059 -0.4812 -0.345
vn 0.8148 -0.4994 -0.2944
vn 0.8058 -0.5357 -0.2523
vn 0.8064 -0.5577 -0.197
vn 0.8068 -0.574 -0.1398
vn 0.8072 -0.5847 -0.0814
vn 0.8075 -0.5894 -0.0222
vn 0.8078 -0.5883 0.0371
vn 0.808 -0.5813 0.096
vn 0.8081 -0.5685 0.1539
vn 0.8082 -0.5501 0.2102
vn 0.8083 -0.5261 0.2644
vn 0.8083 -0.4968 0.316
vn 0.8082 -0.4626 0.3644
vn 0.8081 -0.4237 0.4091
vn 0.808 -0.3806 0.4498
vn 0.8078 -0.3336 0.486
vn 0.8137 -0.2757 0.5118
vn 0.8072 -0.2219 0.547
vn 0.7979 -0.1729 0.5775
vn 0.8064 -0.1169 0.5797
vn 0.8059 -0.0581 0.5893
vn 0.8148 -0.0053 0.5797
vn 0.8058 0.0493 0.5901
vn 0.8978 0.0015 0.4404
vn 0.8978 0.0454 0.438
vn 0.9681 0.0016 0.2506
vn 0.9681 0.0266 0.2492
vn 0.996 0.0013 0.0889
vn 0.996 0.0102 0.0883
vn 0.8112 0.0332 0.5838
vn 0.8109 0.0993 0.5767
vn 0.9961 0.0189 0.0867
vn 0.8102 0.1643 0.5626
vn 0.9961 0.0275 0.0842
vn 0.9681 0.0755 0.239
vn 0.9681 0.0989 0.2303
vn 0.8978 0.1725 0.4052
vn 0.8978 0.212 0.386
vn 0.8075 0.2755 0.5216
vn 0.8078 0.3263 0.4909
vn 0.8072 0.2219 0.547
vn 0.8978 0.1313 0.4203
vn 0.9681 0.0513 0.2454
vn 0.8063 -0.4277 -0.4087
vn 0.996 -0.0675 -0.0578
vn 0.9681 -0.2045 -0.145
vn 0.8978 -0.3821 -0.2189
vn 0.7991 -0.4788 -0.3635
vn 0.9961 -0.0729 -0.0507
vn 0.9681 -0.2179 -0.1239
vn 0.8978 -0.402 -0.1797
vn 0.7938 -0.5229 -0.3105
vn 0.9961 -0.0774 -0.0431
vn 0.9681 -0.2291 -0.1016
vn 0.8978 -0.4179 -0.1388
vn 0.8607 -0.4645 -0.2084
vn 0.9949 -0.0928 -0.0402
vn 0.9681 -0.2381 -0.0783
vn 0.8978 -0.4297 -0.0965
vn 0.9961 -0.0842 -0.0272
vn 0.9681 -0.2447 -0.0542
vn 0.8978 -0.4372 -0.0533
vn 0.7881 -0.6041 -0.1187
vn 0.9961 -0.0867 -0.0186
vn 0.7885 -0.5861 -0.1862
vn 0.996 -0.0883 -0.0099
vn 0.7886 -0.6129 -0.0493
vn 0.996 -0.0889 -0.001
vn 0.9681 -0.2506 -0.0046
vn 0.9681 -0.2498 0.0204
vn 0.8978 -0.439 0.0344
vn 0.8978 -0.4334 0.078
vn 0.8978 -0.4403 -0.0095
vn 0.9681 -0.2489 -0.0295
vn 0.7899 -0.6129 0.0205
vn 0.996 -0.0885 0.0079
vn 0.9681 -0.2466 0.0451
vn 0.8978 -0.4235 0.1207
vn 0.7917 -0.6043 0.0896
vn 0.9961 -0.0872 0.0167
vn 0.9681 -0.2408 0.0695
vn 0.8978 -0.4094 0.1623
vn 0.7938 -0.5876 0.1568
vn 0.9961 -0.0849 0.0254
vn 0.9681 -0.2327 0.0931
vn 0.8978 -0.3912 0.2023
vn 0.8745 -0.4513 0.1777
vn 0.9949 -0.0936 0.0384
vn 0.9681 -0.2223 0.1158
vn 0.8978 -0.3691 0.2402
vn 0.9961 -0.0783 0.0413
vn 0.9681 -0.2097 0.1374
vn 0.8978 -0.3434 0.2758
vn 0.8008 -0.4933 0.3398
vn 0.9961 -0.0739 0.0491
vn 0.7984 -0.5314 0.2831
vn 0.996 -0.0687 0.0563
vn 0.803 -0.4493 0.3916
vn 0.996 -0.0627 0.0629
vn 0.9681 -0.1783 0.1762
vn 0.9681 -0.1599 0.1931
vn 0.8978 -0.2819 0.3383
vn 0.8978 -0.2468 0.3647
vn 0.8978 -0.3142 0.3086
vn 0.9681 -0.1949 0.1576
vn 0.8049 -0.4002 0.4381
vn 0.996 -0.0561 0.0689
vn 0.9681 -0.1398 0.208
vn 0.9122 -0.196 0.3598
vn 0.8978 -0.1725 0.4052
vn 0.8824 -0.1387 0.4496
vn 0.8067 -0.3465 0.4787
vn 0.9961 -0.0489 0.0741
vn 0.976 -0.1042 0.1912
vn 0.9681 -0.0989 0.2303
vn 0.959 -0.0835 0.2707
vn 0.8978 -0.0858 0.432
vn 0.8081 -0.289 0.5133
vn 0.9971 -0.0361 0.0667
vn 0.9949 -0.0407 0.0926
vn 0.9952 -0.0289 0.0932
vn 0.9681 -0.0481 0.246
vn 0.8978 -0.0423 0.4383
vn 0.8868 -0.1794 0.426
vn 0.8102 -0.1643 0.5626
vn 0.9961 -0.0164 0.0872
vn 0.8109 -0.0993 0.5767
vn 0.996 -0.0076 0.0885
vn 0.8112 -0.0332 0.5838
vn 0.9681 -0.0233 0.2496
vn 0.8868 0.1794 0.426
vn 0.9949 0.0407 0.0926
vn 0.9681 0.1213 0.2193
vn 0.8978 0.2493 0.363
vn 0.808 0.3738 0.4554
vn 0.9961 0.0433 0.0772
vn 0.9681 0.1425 0.2062
vn 0.8978 0.2842 0.3364
vn 0.8081 0.4176 0.4154
vn 0.8067 0.3465 0.4787
vn 0.9961 0.0509 0.0727
vn 0.8081 0.289 0.5133
vn 0.996 0.058 0.0673
vn 0.8049 0.4002 0.4381
vn 0.996 0.0645 0.0611
vn 0.9681 0.1806 0.1738
vn 0.9681 0.197 0.155
vn 0.8978 0.3453 0.2734
vn 0.8978 0.3708 0.2377
vn 0.8083 0.492 0.3234
vn 0.8083 0.5221 0.2723
vn 0.8082 0.4571 0.3713
vn 0.8978 0.3163 0.3064
vn 0.9681 0.1624 0.191
vn 0.803 0.4493 0.3916
vn 0.996 0.0703 0.0543
vn 0.9681 0.2114 0.1346
vn 0.8978 0.3926 0.1996
vn 0.8082 0.5468 0.2184
vn 0.8008 0.4933 0.3398
vn 0.9961 0.0752 0.047
vn 0.9681 0.2238 0.1129
vn 0.8978 0.4105 0.1595
vn 0.8081 0.5662 0.1624
vn 0.7984 0.5314 0.2831
vn 0.9961 0.0794 0.0391
vn 0.9681 0.2339 0.09
vn 0.8978 0.4243 0.1178
vn 0.808 0.5798 0.1047
vn 0.8745 0.4513 0.1777
vn 0.9949 0.0947 0.0356
vn 0.9681 0.2417 0.0663
vn 0.8978 0.434 0.075
vn 0.8078 0.5877 0.0459
vn 0.9961 0.0856 0.0229
vn 0.9681 0.2471 0.0419
vn 0.8978 0.4393 0.0314
vn 0.8075 0.5897 -0.0134
vn 0.7917 0.6043 0.0896
vn 0.9961 0.0876 0.0143
vn 0.7938 0.5876 0.1568
vn 0.996 0.0887 0.0054
vn 0.7899 0.6129 0.0205
vn 0.996 0.0888 -0.0035
vn 0.9681 0.2505 -0.0079
vn 0.9681 0.2485 -0.0328
vn 0.8978 0.4368 -0.0563
vn 0.8978 0.429 -0.0995
vn 0.8068 0.576 -0.1312
vn 0.8064 0.5605 -0.1886
vn 0.8072 0.5858 -0.0726
vn 0.8978 0.4402 -0.0125
vn 0.9681 0.2501 0.0171
vn 0.7886 0.6129 -0.0493
vn 0.996 0.0879 -0.0124
vn 0.9681 0.244 -0.0574
vn 0.8978 0.417 -0.1417
vn 0.8059 0.5394 -0.2443
vn 0.7881 0.6041 -0.1187
vn 0.9961 0.0861 -0.0211
vn 0.9681 0.2371 -0.0814
vn 0.8978 0.4008 -0.1825
vn 0.8148 0.5047 -0.2853
vn 0.8058 0.4864 -0.3378
vn 0.8064 0.4494 -0.3845
vn 0.8068 0.4081 -0.4272
vn 0.8072 0.3628 -0.4656
vn 0.8075 0.314 -0.4994
vn 0.8078 0.262 -0.5281
vn 0.808 0.2075 -0.5515
vn 0.8081 0.151 -0.5693
vn 0.8082 0.093 -0.5815
vn 0.8083 0.034 -0.5878
vn 0.8083 -0.0252 -0.5883
vn 0.8082 -0.0842 -0.5828
vn 0.8081 -0.1424 -0.5715
vn 0.7885 0.5862 -0.1862
vn 0.9961 0.0834 -0.0295
vn 0.9681 0.2278 -0.1046
vn 0.8978 0.3806 -0.2215
vn 0.8607 0.4645 -0.2084
vn 0.9949 0.0916 -0.043
vn 0.9681 0.2162 -0.1267
vn 0.8978 0.3567 -0.2583
vn 0.9961 0.0762 -0.0453
vn 0.9681 0.2026 -0.1476
vn 0.8978 0.3292 -0.2925
vn 0.7991 0.4788 -0.3635
vn 0.9961 0.0714 -0.0528
vn 0.7938 0.5229 -0.3105
vn 0.996 0.0658 -0.0597
vn 0.8063 0.4277 -0.4087
vn 0.996 0.0595 -0.066
vn 0.9681 0.1693 -0.1849
vn 0.9681 0.15 -0.2008
vn 0.8978 0.2647 -0.352
vn 0.8978 0.2283 -0.3766
vn 0.8978 0.2984 -0.3239
vn 0.9681 0.1868 -0.1671
vn 0.8152 0.3709 -0.4449
vn 0.996 0.0525 -0.0716
vn 0.9681 0.1293 -0.2147
vn 0.8978 0.1897 -0.3974
vn 0.8255 0.3102 -0.4715
vn 0.9961 0.045 -0.0764
vn 0.9681 0.1073 -0.2265
vn 0.8978 0.1492 -0.4143
vn 0.8367 0.2476 -0.4885
vn 0.9961 0.0371 -0.0803
vn 0.9681 0.0842 -0.2361
vn 0.8978 0.1072 -0.4271
vn 0.8906 0.1585 -0.4263
vn 0.9949 0.0332 -0.0956
vn 0.9681 0.0603 -0.2433
vn 0.8978 0.0641 -0.4357
vn 0.9961 0.0208 -0.0862
vn 0.9681 0.0357 -0.2481
vn 0.8978 0.0204 -0.4399
vn 0.8693 0.0645 -0.4901
vn 0.9961 0.0121 -0.088
vn 0.8593 0.1231 -0.4964
vn 0.996 0.0032 -0.0888
vn 0.9681 -0.0141 -0.2503
vn 0.8978 -0.0671 -0.4352
vn 0.8978 -0.0235 -0.4398
vn 0.9681 0.0109 -0.2504
vn 0.8068 0.1659 0.567
vn 0.8978 0.0887 0.4314
vn 0.8064 0.1082 0.5815
vn 0.8064 -0.4436 -0.3911
vn 0.8978 -0.3007 -0.3218
vn 0.9681 -0.1526 -0.1988
vn 0.8793 -0.0601 -0.4725
vn 0.9792 -0.0248 -0.2012
vn 0.9066 0 -0.422
vn 0.9792 -0.0475 -0.1974
vn 0.8793 -0.1183 -0.4613
vn 0.9791 -0.0695 -0.1909
vn 0.9048 -0.1426 -0.4012
vn 0.9048 -0.1867 -0.3827
vn 0.7705 -0.2782 -0.5735
vn 0.7705 -0.3407 -0.5387
vn 0.645 -0.3934 -0.6551
vn 0.6438 -0.465 -0.6077
vn 0.6455 -0.3173 -0.6947
vn 0.7705 -0.2122 -0.601
vn 0.9048 -0.0968 -0.4146
vn 0.8794 -0.1746 -0.4429
vn 0.9791 -0.0907 -0.1819
vn 0.9048 -0.2283 -0.3594
vn 0.7705 -0.3988 -0.4972
vn 0.6426 -0.531 -0.5524
vn 0.8795 -0.2282 -0.4177
vn 0.9791 -0.1106 -0.1705
vn 0.9048 -0.2671 -0.3315
vn 0.7705 -0.452 -0.4494
vn 0.6417 -0.5903 -0.4898
vn 0.8795 -0.2782 -0.3861
vn 0.9791 -0.1291 -0.1569
vn 0.9048 -0.3026 -0.2995
vn 0.7705 -0.4995 -0.396
vn 0.6412 -0.6419 -0.4205
vn 0.8795 -0.324 -0.3486
vn 0.9792 -0.146 -0.1412
vn 0.9048 -0.3342 -0.2638
vn 0.7705 -0.5407 -0.3376
vn 0.6414 -0.6849 -0.3457
vn 0.8795 -0.3648 -0.3057
vn 0.9792 -0.1608 -0.1237
vn 0.9048 -0.3616 -0.2247
vn 0.7705 -0.5751 -0.2749
vn 0.6421 -0.7189 -0.2663
vn 0.9068 -0.3548 -0.2278
vn 0.9745 -0.1918 -0.1164
vn 0.9048 -0.3845 -0.1828
vn 0.7705 -0.6022 -0.2088
vn 0.6432 -0.7433 -0.1835
vn 0.9792 -0.1835 -0.0861
vn 0.9048 -0.4026 -0.1386
vn 0.7705 -0.6218 -0.1401
vn 0.6447 -0.758 -0.0987
vn 0.8797 -0.4513 -0.1496
vn 0.9792 -0.1923 -0.0648
vn 0.8796 -0.4295 -0.2046
vn 0.9792 -0.1985 -0.0427
vn 0.8799 -0.4661 -0.0924
vn 0.9791 -0.2022 -0.0201
vn 0.9048 -0.4233 -0.0455
vn 0.9048 -0.4258 0.0021
vn 0.7705 -0.6374 0.0018
vn 0.7705 -0.6332 0.0732
vn 0.6482 -0.758 0.0729
vn 0.65 -0.7435 0.1573
vn 0.6464 -0.7629 -0.0128
vn 0.7705 -0.6336 -0.0696
vn 0.9048 -0.4156 -0.0927
vn 0.88 -0.4738 -0.0338
vn 0.9791 -0.2032 0.0029
vn 0.9048 -0.4228 0.0498
vn 0.7705 -0.621 0.1436
vn 0.6518 -0.7196 0.2393
vn 0.8801 -0.4741 0.0253
vn 0.9791 -0.2016 0.0258
vn 0.9048 -0.4146 0.0968
vn 0.7705 -0.601 0.2122
vn 0.6536 -0.6868 0.318
vn 0.8802 -0.4671 0.0839
vn 0.9792 -0.1972 0.0484
vn 0.9048 -0.4012 0.1426
vn 0.7705 -0.5735 0.2782
vn 0.6552 -0.6455 0.3924
vn 0.8803 -0.453 0.1412
vn 0.9792 -0.1904 0.0703
vn 0.9048 -0.3827 0.1867
vn 0.7705 -0.5387 0.3407
vn 0.6567 -0.5963 0.4617
vn 0.8803 -0.4319 0.1963
vn 0.9792 -0.181 0.0913
vn 0.9048 -0.3594 0.2283
vn 0.7705 -0.4972 0.3988
vn 0.658 -0.5399 0.5249
vn 0.9075 -0.3574 0.2208
vn 0.9745 -0.1881 0.1223
vn 0.9048 -0.3315 0.2671
vn 0.7705 -0.4494 0.452
vn 0.6592 -0.4768 0.5814
vn 0.9792 -0.1572 0.1282
vn 0.9048 -0.2995 0.3026
vn 0.7705 -0.396 0.4995
vn 0.6602 -0.408 0.6306
vn 0.8809 -0.3284 0.3408
vn 0.9792 -0.1418 0.1453
vn 0.8807 -0.3685 0.2977
vn 0.9791 -0.1246 0.1605
vn 0.8811 -0.2834 0.3787
vn 0.9791 -0.1057 0.1736
vn 0.9048 -0.2247 0.3616
vn 0.9048 -0.1828 0.3845
vn 0.7705 -0.2749 0.5751
vn 0.7705 -0.2088 0.6022
vn 0.6617 -0.2565 0.7045
vn 0.6622 -0.1757 0.7285
vn 0.661 -0.3343 0.6718
vn 0.7705 -0.3376 0.5407
vn 0.9048 -0.2638 0.3342
vn 0.8813 -0.234 0.4106
vn 0.9791 -0.0854 0.1844
vn 0.9048 -0.1386 0.4026
vn 0.7705 -0.1401 0.6218
vn 0.6624 -0.0927 0.7434
vn 0.8814 -0.1812 0.4362
vn 0.9791 -0.064 0.1928
vn 0.9048 -0.0927 0.4156
vn 0.7705 -0.0696 0.6336
vn 0.6625 -0.0086 0.749
vn 0.8815 -0.1256 0.4551
vn 0.9792 -0.0418 0.1986
vn 0.9048 -0.0455 0.4233
vn 0.7705 0.0018 0.6374
vn 0.6624 0.0756 0.7453
vn 0.8817 -0.0681 0.4669
vn 0.9792 -0.0191 0.2019
vn 0.9048 0.0021 0.4258
vn 0.7705 0.0732 0.6332
vn 0.6622 0.1589 0.7323
vn 0.8818 -0 0.4717
vn 0.9745 0.0035 0.2243
vn 0.9048 0.0498 0.4228
vn 0.7705 0.1436 0.621
vn 0.6617 0.2403 0.7102
vn 0.9792 0.0248 0.2012
vn 0.9048 0.0968 0.4146
vn 0.7705 0.2122 0.601
vn 0.6611 0.3189 0.6792
vn 0.8815 0.1256 0.4551
vn 0.9792 0.0475 0.1974
vn 0.8817 0.0681 0.4669
vn 0.9792 0.0695 0.1909
vn 0.8814 0.1812 0.4362
vn 0.9791 0.0907 0.1819
vn 0.9048 0.1867 0.3827
vn 0.9048 0.2283 0.3594
vn 0.7705 0.3407 0.5387
vn 0.7705 0.3988 0.4972
vn 0.6592 0.4635 0.5921
vn 0.658 0.5279 0.5369
vn 0.6602 0.3936 0.6397
vn 0.7705 0.2782 0.5735
vn 0.9048 0.1426 0.4012
vn 0.8813 0.234 0.4106
vn 0.9791 0.1106 0.1705
vn 0.9048 0.2671 0.3315
vn 0.7705 0.452 0.4494
vn 0.6567 0.5858 0.4749
vn 0.8811 0.2834 0.3787
vn 0.9791 0.1291 0.1569
vn 0.9048 0.3026 0.2995
vn 0.7705 0.4995 0.396
vn 0.6552 0.6366 0.4067
vn 0.8809 0.3284 0.3408
vn 0.9792 0.146 0.1412
vn 0.9048 0.3342 0.2638
vn 0.7705 0.5407 0.3376
vn 0.6536 0.6796 0.3331
vn 0.8807 0.3685 0.2977
vn 0.9792 0.1608 0.1237
vn 0.9048 0.3616 0.2247
vn 0.7705 0.5751 0.2749
vn 0.6519 0.7142 0.255
vn 0.9075 0.3574 0.2208
vn 0.9745 0.1918 0.1164
vn 0.9048 0.3845 0.1828
vn 0.7705 0.6022 0.2088
vn 0.6501 0.7399 0.1733
vn 0.9792 0.1835 0.0861
vn 0.9048 0.4026 0.1386
vn 0.7705 0.6218 0.1401
vn 0.6482 0.7562 0.0891
vn 0.8803 0.453 0.1412
vn 0.9792 0.1923 0.0648
vn 0.8803 0.4319 0.1963
vn 0.9792 0.1985 0.0427
vn 0.8802 0.4671 0.0839
vn 0.9791 0.2022 0.0201
vn 0.9048 0.4233 0.0455
vn 0.9048 0.4258 -0.0021
vn 0.7705 0.6374 -0.0018
vn 0.7705 0.6332 -0.0732
vn 0.6448 0.7599 -0.0828
vn 0.6433 0.7469 -0.1682
vn 0.6464 0.763 0.0033
vn 0.7705 0.6336 0.0696
vn 0.9048 0.4156 0.0927
vn 0.8801 0.4741 0.0253
vn 0.9791 0.2032 -0.0029
vn 0.9048 0.4228 -0.0498
vn 0.7705 0.621 -0.1436
vn 0.6422 0.7241 -0.2516
vn 0.88 0.4738 -0.0338
vn 0.9791 0.2016 -0.0258
vn 0.9048 0.4146 -0.0968
vn 0.7705 0.601 -0.2122
vn 0.6415 0.6916 -0.3319
vn 0.8799 0.4661 -0.0924
vn 0.9792 0.1972 -0.0484
vn 0.9048 0.4012 -0.1426
vn 0.7705 0.5735 -0.2782
vn 0.6413 0.65 -0.4078
vn 0.8797 0.4513 -0.1496
vn 0.9792 0.1904 -0.0703
vn 0.9048 0.3827 -0.1867
vn 0.7705 0.5387 -0.3407
vn 0.6417 0.5996 -0.4782
vn 0.8796 0.4295 -0.2046
vn 0.9792 0.181 -0.0913
vn 0.9048 0.3594 -0.2283
vn 0.7705 0.4972 -0.3988
vn 0.6427 0.5414 -0.5421
vn 0.9068 0.3548 -0.2278
vn 0.9745 0.1881 -0.1223
vn 0.9048 0.3315 -0.2671
vn 0.7705 0.4494 -0.452
vn 0.6439 0.4763 -0.5988
vn 0.9792 0.1572 -0.1282
vn 0.9048 0.2995 -0.3026
vn 0.7705 0.396 -0.4995
vn 0.6451 0.4054 -0.6477
vn 0.8795 0.324 -0.3486
vn 0.9792 0.1418 -0.1453
vn 0.8795 0.3648 -0.3057
vn 0.9791 0.1246 -0.1605
vn 0.8795 0.2782 -0.3861
vn 0.9791 0.1057 -0.1736
vn 0.9048 0.2247 -0.3616
vn 0.9048 0.1828 -0.3845
vn 0.7705 0.2749 -0.5751
vn 0.7705 0.2088 -0.6022
vn 0.6447 0.2509 -0.7221
vn 0.6415 0.1691 -0.7483
vn 0.6456 0.33 -0.6887
vn 0.7705 0.3376 -0.5407
vn 0.9048 0.2638 -0.3342
vn 0.8795 0.2282 -0.4177
vn 0.9791 0.0854 -0.1844
vn 0.9048 0.1386 -0.4026
vn 0.7705 0.1401 -0.6218
vn 0.6349 0.085 -0.7679
vn 0.8794 0.1746 -0.4429
vn 0.9791 0.064 -0.1928
vn 0.9048 0.0927 -0.4156
vn 0.7705 0.0696 -0.6336
vn 0.6462 0.0082 -0.7631
vn 0.6348 -0.0713 -0.7694
vn 0.6414 -0.1557 -0.7512
vn 0.6446 -0.2378 -0.7266
vn 0.8793 0.1183 -0.4613
vn 0.9792 0.0418 -0.1986
vn 0.9048 0.0455 -0.4233
vn 0.7705 -0.0018 -0.6374
vn 0.8793 0.0601 -0.4725
vn 0.9792 0.0191 -0.2019
vn 0.9048 -0.0021 -0.4258
vn 0.7705 -0.0732 -0.6332
vn 0.9745 -0.0035 -0.2243
vn 0.9048 -0.0498 -0.4228
vn 0.7705 -0.1436 -0.621
vn 0.9979 -0.0086 -0.064
vn 0.9658 -0.0201 -0.2585
vn 0.9979 -0 -0.0645
vn 0.9658 -0.052 -0.2539
vn 0.9979 -0.0171 -0.0624
vn 0.9659 -0.0831 -0.2453
vn 0.866 -0.1538 -0.4757
vn 0.866 -0.2111 -0.4532
vn 0.7202 -0.2853 -0.6324
vn 0.7201 -0.3612 -0.5924
vn 0.7202 -0.2051 -0.6628
vn 0.866 -0.0942 -0.491
vn 0.9979 -0.0254 -0.0597
vn 0.9659 -0.1129 -0.2328
vn 0.866 -0.2652 -0.4239
vn 0.7201 -0.4315 -0.5434
vn 0.9972 -0.0392 -0.063
vn 0.9588 -0.1536 -0.2391
vn 0.866 -0.3153 -0.3881
vn 0.72 -0.4953 -0.4861
vn 0.9659 -0.1645 -0.1998
vn 0.866 -0.3606 -0.3464
vn 0.7199 -0.5515 -0.4213
vn 0.9979 -0.0484 -0.0428
vn 0.9659 -0.1883 -0.178
vn 0.9979 -0.0423 -0.049
vn 0.9658 -0.209 -0.1533
vn 0.9979 -0.0536 -0.0359
vn 0.9658 -0.2265 -0.1262
vn 0.866 -0.4342 -0.248
vn 0.866 -0.4613 -0.1927
vn 0.7198 -0.6381 -0.2735
vn 0.7197 -0.667 -0.1927
vn 0.7199 -0.5994 -0.3501
vn 0.866 -0.4004 -0.2994
vn 0.9979 -0.0579 -0.0285
vn 0.9658 -0.2404 -0.0971
vn 0.866 -0.4815 -0.1346
vn 0.7196 -0.6858 -0.109
vn 0.9979 -0.0613 -0.0205
vn 0.9659 -0.2504 -0.0664
vn 0.866 -0.4944 -0.0744
vn 0.7194 -0.6942 -0.0236
vn 0.9979 -0.0636 -0.0121
vn 0.9659 -0.2565 -0.0347
vn 0.866 -0.4998 -0.0131
vn 0.7193 -0.6919 0.0622
vn 0.9946 -0.1037 -0.0034
vn 0.9588 -0.2841 -0.004
vn 0.866 -0.4976 0.0485
vn 0.7191 -0.6791 0.1471
vn 0.966 -0.2573 0.0266
vn 0.866 -0.4879 0.1092
vn 0.719 -0.6559 0.2298
vn 0.9979 -0.0626 0.0163
vn 0.9659 -0.2523 0.0584
vn 0.997 -0.0773 0.0094
vn 0.9658 -0.2433 0.0894
vn 0.9979 -0.0597 0.0245
vn 0.9658 -0.2304 0.1189
vn 0.866 -0.4465 0.225
vn 0.866 -0.4155 0.2781
vn 0.7186 -0.58 0.3836
vn 0.7184 -0.5284 0.4524
vn 0.7188 -0.6227 0.3091
vn 0.866 -0.4708 0.1684
vn 0.9979 -0.0559 0.0323
vn 0.9658 -0.2138 0.1466
vn 0.866 -0.3782 0.3271
vn 0.7182 -0.4687 0.5142
vn 0.9979 -0.0511 0.0395
vn 0.9658 -0.1939 0.172
vn 0.866 -0.3351 0.3711
vn 0.718 -0.4019 0.5683
vn 0.9979 -0.0454 0.046
vn 0.9659 -0.1709 0.1946
vn 0.866 -0.287 0.4094
vn 0.7178 -0.3288 0.6138
vn 0.9979 -0.039 0.0519
vn 0.9659 -0.1452 0.2142
vn 0.866 -0.2345 0.4416
vn 0.7175 -0.2507 0.6499
vn 0.9972 -0.035 0.0654
vn 0.9588 -0.1302 0.2526
vn 0.866 -0.1784 0.4671
vn 0.7172 -0.1687 0.6761
vn 0.9659 -0.0908 0.2424
vn 0.866 -0.1197 0.4854
vn 0.717 -0.0841 0.692
vn 0.9979 -0.0129 0.0633
vn 0.9659 -0.06 0.252
vn 0.9979 -0.0213 0.0612
vn 0.9658 -0.0283 0.2577
vn 0.9979 -0.0043 0.0644
vn 0.9658 0.004 0.2592
vn 0.866 0.0023 0.5
vn 0.866 0.0638 0.4959
vn 0.7169 0.0716 0.6935
vn 0.7172 0.1565 0.6791
vn 0.7331 -0.0076 0.6801
vn 0.866 -0.0591 0.4965
vn 0.9979 0.0043 0.0644
vn 0.9658 0.0361 0.2567
vn 0.866 0.1242 0.4843
vn 0.7174 0.2389 0.6544
vn 0.9979 0.0129 0.0633
vn 0.9659 0.0677 0.2501
vn 0.866 0.1828 0.4654
vn 0.7177 0.3177 0.6197
vn 0.9979 0.0213 0.0612
vn 0.9659 0.0982 0.2395
vn 0.866 0.2386 0.4394
vn 0.7179 0.3915 0.5756
vn 0.9972 0.035 0.0654
vn 0.9588 0.1386 0.2481
vn 0.866 0.2908 0.4067
vn 0.7182 0.4594 0.5227
vn 0.966 0.1517 0.2096
vn 0.866 0.3386 0.3679
vn 0.7184 0.5202 0.4619
vn 0.9979 0.0454 0.046
vn 0.9659 0.1767 0.1893
vn 0.9979 0.039 0.0519
vn 0.9658 0.199 0.166
vn 0.9979 0.0511 0.0395
vn 0.9658 0.2182 0.14
vn 0.866 0.4181 0.2742
vn 0.866 0.4486 0.2208
vn 0.7188 0.6171 0.3203
vn 0.7189 0.6517 0.2417
vn 0.7186 0.573 0.3941
vn 0.866 0.3812 0.3235
vn 0.9979 0.0559 0.0323
vn 0.9658 0.2339 0.1118
vn 0.866 0.4723 0.164
vn 0.7191 0.6764 0.1594
vn 0.9979 0.0597 0.0245
vn 0.9658 0.2459 0.0819
vn 0.866 0.4889 0.1047
vn 0.7193 0.6907 0.0748
vn 0.9979 0.0626 0.0163
vn 0.9659 0.254 0.0507
vn 0.866 0.4981 0.0438
vn 0.7194 0.6945 -0.011
vn 0.997 0.0773 0.0094
vn 0.9659 0.2581 0.0187
vn 0.866 0.4997 -0.0177
vn 0.7195 0.6877 -0.0966
vn 0.9946 0.1037 -0.0034
vn 0.9588 0.2838 -0.0135
vn 0.866 0.4937 -0.079
vn 0.7196 0.6704 -0.1806
vn 0.9659 0.2553 -0.0426
vn 0.866 0.4802 -0.1391
vn 0.7197 0.6429 -0.2619
vn 0.9979 0.0613 -0.0205
vn 0.9659 0.2483 -0.074
vn 0.9979 0.0636 -0.0121
vn 0.9658 0.2373 -0.1044
vn 0.9979 0.0579 -0.0285
vn 0.9658 0.2225 -0.1331
vn 0.866 0.4318 -0.252
vn 0.866 0.3976 -0.3032
vn 0.7199 0.5591 -0.4112
vn 0.72 0.5041 -0.477
vn 0.7198 0.6056 -0.3392
vn 0.866 0.4595 -0.197
vn 0.9979 0.0536 -0.0359
vn 0.9658 0.2042 -0.1596
vn 0.866 0.3573 -0.3497
vn 0.7201 0.4413 -0.5355
vn 0.9979 0.0484 -0.0428
vn 0.9659 0.1827 -0.1837
vn 0.866 0.3116 -0.391
vn 0.7201 0.3719 -0.5858
vn 0.9979 0.0423 -0.049
vn 0.9659 0.1584 -0.2048
vn 0.866 0.2612 -0.4263
vn 0.7202 0.2967 -0.6272
vn 0.9972 0.0392 -0.063
vn 0.9588 0.1455 -0.2441
vn 0.866 0.2068 -0.4552
vn 0.7202 0.2171 -0.6589
vn 0.966 0.1056 -0.2362
vn 0.866 0.1493 -0.4772
vn 0.7202 0.1341 -0.6807
vn 0.9979 0.0171 -0.0624
vn 0.9659 0.0756 -0.2477
vn 0.9979 0.0254 -0.0597
vn 0.9658 0.0442 -0.2554
vn 0.9979 0.0086 -0.064
vn 0.9658 0.0122 -0.259
vn 0.866 0.0284 -0.4992
vn 0.866 -0.0331 -0.4989
vn 0.7202 -0.0366 -0.6928
vn 0.7202 -0.1218 -0.683
vn 0.7202 0.0492 -0.692
vn 0.866 0.0896 -0.4919
vn 0.1042 0.4113 -0.9055
vn 0.0616 0.7075 -0.704
vn 0.0096 0.4112 -0.9115
vn 0.1348 0.7075 -0.6937
vn 0.1977 0.4114 -0.8897
vn 0.2066 0.7075 -0.6758
vn 0.2891 0.4117 -0.8642
vn 0.2761 0.7075 -0.6505
vn 0.3772 0.4121 -0.8294
vn 0.2907 0.8004 -0.5244
vn 0.4612 0.4127 -0.7855
vn 0.4053 0.7075 -0.5789
vn 0.5401 0.4133 -0.7331
vn 0.3933 0.8004 -0.4525
vn 0.6132 0.414 -0.6728
vn 0.5168 0.7075 -0.482
vn 0.6794 0.4148 -0.6053
vn 0.4788 0.8004 -0.3608
vn 0.7383 0.4156 -0.5312
vn 0.6057 0.7075 -0.364
vn 0.7664 0.4744 -0.433
vn 0.6405 0.7075 -0.2987
vn 0.8369 0.4156 -0.3562
vn 0.6682 0.7075 -0.2301
vn 0.8697 0.4147 -0.2675
vn 0.8104 0.5552 -0.1871
vn 0.8932 0.4139 -0.1758
vn 0.7014 0.7075 -0.0861
vn 0.9069 0.4132 -0.0821
vn 0.7066 0.7075 -0.0123
vn 0.9108 0.4126 0.0125
vn 0.8286 0.5552 0.0725
vn 0.9048 0.4121 0.1071
vn 0.8165 0.5552 0.1587
vn 0.889 0.4117 0.2005
vn 0.7954 0.5552 0.2432
vn 0.8634 0.4114 0.2918
vn 0.7656 0.5552 0.325
vn 0.8285 0.4113 0.38
vn 0.7275 0.5552 0.4032
vn 0.7846 0.4112 0.464
vn 0.6813 0.5552 0.4771
vn 0.7321 0.4113 0.543
vn 0.6277 0.5552 0.5457
vn 0.6717 0.4114 0.6161
vn 0.5673 0.5552 0.6083
vn 0.6039 0.4117 0.6824
vn 0.5006 0.5552 0.6642
vn 0.5297 0.4121 0.7413
vn 0.4284 0.5552 0.7129
vn 0.4497 0.4127 0.7922
vn 0.3515 0.5552 0.7538
vn 0.3648 0.4133 0.8343
vn 0.2708 0.5552 0.7864
vn 0.2761 0.414 0.8674
vn 0.1871 0.5552 0.8104
vn 0.1844 0.4148 0.891
vn 0.1014 0.5552 0.8255
vn 0.0909 0.4156 0.905
vn 0.0123 0.7075 0.7066
vn -0.0082 0.4744 0.8803
vn -0.0725 0.5552 0.8286
vn -0.1099 0.4156 0.9029
vn -0.1587 0.5552 0.8165
vn -0.2032 0.4147 0.887
vn -0.2432 0.5552 0.7954
vn -0.2943 0.414 0.8614
vn -0.325 0.5552 0.7656
vn -0.3823 0.4132 0.8265
vn -0.4032 0.5552 0.7275
vn -0.4662 0.4126 0.7825
vn -0.4771 0.5552 0.6813
vn -0.5451 0.4121 0.7301
vn -0.5457 0.5552 0.6277
vn -0.6182 0.4117 0.6696
vn -0.6083 0.5552 0.5673
vn -0.6845 0.4114 0.6018
vn -0.6642 0.5552 0.5006
vn -0.7434 0.4113 0.5275
vn -0.7129 0.5552 0.4284
vn -0.7942 0.4112 0.4474
vn -0.7538 0.5552 0.3515
vn -0.8363 0.4113 0.3625
vn -0.7864 0.5552 0.2708
vn -0.8694 0.4114 0.2736
vn -0.8104 0.5552 0.1871
vn -0.893 0.4117 0.1818
vn -0.8255 0.5552 0.1014
vn -0.9069 0.4121 0.088
vn -0.7066 0.7075 0.0123
vn -0.9109 0.4127 -0.0067
vn -0.8286 0.5552 -0.0725
vn -0.905 0.4133 -0.1012
vn -0.8165 0.5552 -0.1587
vn -0.8892 0.414 -0.1946
vn -0.7954 0.5552 -0.2432
vn -0.8639 0.4148 -0.2858
vn -0.7656 0.5552 -0.325
vn -0.8292 0.4156 -0.3738
vn -0.7275 0.5552 -0.4032
vn -0.7582 0.4744 -0.4472
vn -0.6813 0.5552 -0.4771
vn -0.727 0.4156 -0.5467
vn -0.6277 0.5552 -0.5457
vn -0.6665 0.4147 -0.6195
vn -0.5673 0.5552 -0.6083
vn -0.5989 0.4139 -0.6856
vn -0.5006 0.5552 -0.6642
vn -0.5246 0.4132 -0.7443
vn -0.4284 0.5552 -0.7129
vn -0.4446 0.4126 -0.795
vn -0.3515 0.5552 -0.7538
vn -0.3597 0.4121 -0.8371
vn -0.2708 0.5552 -0.7864
vn -0.2708 0.4117 -0.8701
vn -0.1871 0.5552 -0.8104
vn -0.179 0.4114 -0.8937
vn -0.0861 0.7075 -0.7014
vn -0.0852 0.4113 -0.9075
vn -0.0123 0.7075 -0.7066
vn 0.0645 0.8692 -0.4901
vn 0.0057 0.996 -0.0887
vn 0 0.8352 -0.55
vn 0.0146 0.996 -0.0876
vn 0.1231 0.8593 -0.4964
vn 0.0232 0.9961 -0.0855
vn 0.0634 0.9681 -0.2425
vn 0.0873 0.9681 -0.235
vn 0.152 0.8978 -0.4133
vn 0.1924 0.8978 -0.3961
vn 0.2541 0.8078 -0.5319
vn 0.3064 0.8075 -0.504
vn 0.1992 0.808 -0.5545
vn 0.1101 0.8978 -0.4264
vn 0.039 0.9681 -0.2476
vn 0.1585 0.8906 -0.4263
vn 0.036 0.9949 -0.0946
vn 0.1102 0.9681 -0.2251
vn 0.2309 0.8978 -0.375
vn 0.3558 0.8072 -0.471
vn 0.0393 0.9961 -0.0792
vn 0.1321 0.9681 -0.213
vn 0.2671 0.8978 -0.3501
vn 0.4017 0.8068 -0.4332
vn 0.3102 0.8255 -0.4715
vn 0.0472 0.9961 -0.0751
vn 0.2476 0.8367 -0.4885
vn 0.0546 0.996 -0.0701
vn 0.3709 0.8152 -0.4449
vn 0.0614 0.996 -0.0643
vn 0.1717 0.9681 -0.1826
vn 0.189 0.9681 -0.1646
vn 0.3312 0.8978 -0.2903
vn 0.3584 0.8978 -0.2558
vn 0.4812 0.8059 -0.345
vn 0.4994 0.8148 -0.2944
vn 0.5357 0.8058 -0.2523
vn 0.5577 0.8063 -0.197
vn 0.574 0.8068 -0.1398
vn 0.5847 0.8072 -0.0814
vn 0.5894 0.8075 -0.0222
vn 0.5883 0.8078 0.0371
vn 0.5813 0.808 0.096
vn 0.5685 0.8081 0.1539
vn 0.5501 0.8082 0.2102
vn 0.5261 0.8083 0.2644
vn 0.4968 0.8083 0.316
vn 0.4626 0.8082 0.3644
vn 0.4237 0.8081 0.4091
vn 0.3806 0.808 0.4498
vn 0.3336 0.8078 0.486
vn 0.2757 0.8137 0.5118
vn 0.2219 0.8072 0.547
vn 0.1729 0.7979 0.5775
vn 0.1169 0.8064 0.5797
vn 0.0581 0.8059 0.5893
vn 0.0053 0.8148 0.5797
vn -0.0493 0.8058 0.5901
vn -0.0015 0.8978 0.4404
vn -0.0454 0.8978 0.438
vn -0.0016 0.9681 0.2506
vn -0.0266 0.9681 0.2492
vn -0.0013 0.996 0.0889
vn -0.0102 0.996 0.0883
vn -0.0332 0.8113 0.5837
vn -0.0993 0.8109 0.5766
vn -0.0189 0.9961 0.0867
vn -0.1643 0.8103 0.5626
vn -0.0275 0.9961 0.0842
vn -0.0755 0.9681 0.239
vn -0.0989 0.9681 0.2303
vn -0.1725 0.8978 0.4052
vn -0.212 0.8978 0.386
vn -0.2755 0.8075 0.5216
vn -0.3263 0.8078 0.4909
vn -0.2219 0.8072 0.547
vn -0.1313 0.8978 0.4203
vn -0.0513 0.9681 0.2454
vn 0.4277 0.8063 -0.4087
vn 0.0675 0.996 -0.0578
vn 0.2045 0.9681 -0.145
vn 0.3821 0.8978 -0.2189
vn 0.4788 0.7991 -0.3635
vn 0.0729 0.9961 -0.0507
vn 0.2179 0.9681 -0.1239
vn 0.402 0.8978 -0.1797
vn 0.5229 0.7938 -0.3105
vn 0.0774 0.9961 -0.0431
vn 0.2291 0.9681 -0.1016
vn 0.4179 0.8978 -0.1388
vn 0.4645 0.8607 -0.2084
vn 0.0928 0.9949 -0.0402
vn 0.2381 0.9681 -0.0783
vn 0.4297 0.8978 -0.0965
vn 0.0842 0.9961 -0.0272
vn 0.2447 0.9681 -0.0542
vn 0.4372 0.8978 -0.0533
vn 0.604 0.7881 -0.1187
vn 0.0867 0.9961 -0.0186
vn 0.5861 0.7885 -0.1862
vn 0.0883 0.996 -0.0099
vn 0.6129 0.7886 -0.0493
vn 0.0889 0.996 -0.001
vn 0.2506 0.9681 -0.0046
vn 0.2498 0.9681 0.0204
vn 0.439 0.8978 0.0344
vn 0.4334 0.8978 0.078
vn 0.4403 0.8978 -0.0095
vn 0.2489 0.9681 -0.0295
vn 0.6129 0.7899 0.0205
vn 0.0885 0.996 0.0079
vn 0.2466 0.9681 0.0451
vn 0.4235 0.8978 0.1207
vn 0.6043 0.7917 0.0896
vn 0.0872 0.9961 0.0167
vn 0.2408 0.9681 0.0695
vn 0.4094 0.8978 0.1623
vn 0.5876 0.7938 0.1568
vn 0.0849 0.9961 0.0254
vn 0.2327 0.9681 0.0931
vn 0.3912 0.8978 0.2023
vn 0.4512 0.8745 0.1777
vn 0.0936 0.9949 0.0384
vn 0.2223 0.9681 0.1158
vn 0.3691 0.8978 0.2402
vn 0.0783 0.9961 0.0413
vn 0.2097 0.9681 0.1374
vn 0.3434 0.8978 0.2758
vn 0.4932 0.8008 0.3398
vn 0.0739 0.9961 0.0491
vn 0.5314 0.7984 0.2831
vn 0.0687 0.996 0.0563
vn 0.4493 0.803 0.3916
vn 0.0627 0.996 0.063
vn 0.1783 0.9681 0.1762
vn 0.1599 0.9681 0.1931
vn 0.2819 0.8978 0.3383
vn 0.2468 0.8978 0.3647
vn 0.3142 0.8978 0.3086
vn 0.1949 0.9681 0.1576
vn 0.4002 0.805 0.4381
vn 0.0561 0.996 0.0689
vn 0.1398 0.9681 0.208
vn 0.196 0.9122 0.3598
vn 0.1725 0.8978 0.4052
vn 0.1387 0.8824 0.4496
vn 0.3465 0.8067 0.4787
vn 0.0489 0.9961 0.0741
vn 0.1042 0.976 0.1912
vn 0.0989 0.9681 0.2303
vn 0.0835 0.959 0.2707
vn 0.0858 0.8978 0.432
vn 0.289 0.8081 0.5132
vn 0.0361 0.9971 0.0667
vn 0.0407 0.9949 0.0926
vn 0.0289 0.9952 0.0932
vn 0.0481 0.9681 0.246
vn 0.0423 0.8978 0.4383
vn 0.1794 0.8868 0.426
vn 0.1643 0.8103 0.5626
vn 0.0164 0.9961 0.0872
vn 0.0993 0.8109 0.5766
vn 0.0076 0.996 0.0885
vn 0.0332 0.8113 0.5837
vn 0.0233 0.9681 0.2496
vn -0.1794 0.8868 0.426
vn -0.0407 0.9949 0.0926
vn -0.1213 0.9681 0.2193
vn -0.2493 0.8978 0.363
vn -0.3738 0.808 0.4555
vn -0.0433 0.9961 0.0772
vn -0.1425 0.9681 0.2062
vn -0.2842 0.8978 0.3364
vn -0.4176 0.8081 0.4154
vn -0.3465 0.8067 0.4787
vn -0.0509 0.9961 0.0727
vn -0.289 0.8081 0.5132
vn -0.058 0.996 0.0673
vn -0.4002 0.805 0.4381
vn -0.0645 0.996 0.0611
vn -0.1806 0.9681 0.1738
vn -0.197 0.9681 0.155
vn -0.3453 0.8978 0.2734
vn -0.3708 0.8978 0.2377
vn -0.492 0.8083 0.3234
vn -0.5221 0.8083 0.2723
vn -0.4571 0.8082 0.3713
vn -0.3163 0.8978 0.3064
vn -0.1624 0.9681 0.191
vn -0.4493 0.803 0.3916
vn -0.0703 0.996 0.0543
vn -0.2114 0.9681 0.1346
vn -0.3926 0.8978 0.1996
vn -0.5468 0.8082 0.2184
vn -0.4932 0.8008 0.3398
vn -0.0753 0.9961 0.047
vn -0.2238 0.9681 0.1129
vn -0.4105 0.8978 0.1595
vn -0.5662 0.8081 0.1624
vn -0.5314 0.7984 0.2831
vn -0.0794 0.9961 0.0391
vn -0.2339 0.9681 0.09
vn -0.4243 0.8978 0.1178
vn -0.5798 0.808 0.1047
vn -0.4512 0.8745 0.1777
vn -0.0947 0.9949 0.0356
vn -0.2417 0.9681 0.0663
vn -0.434 0.8978 0.075
vn -0.5877 0.8078 0.0459
vn -0.0856 0.9961 0.0229
vn -0.2471 0.9681 0.0419
vn -0.4393 0.8978 0.0314
vn -0.5897 0.8075 -0.0134
vn -0.6043 0.7917 0.0896
vn -0.0876 0.9961 0.0143
vn -0.5876 0.7938 0.1568
vn -0.0887 0.996 0.0054
vn -0.6129 0.7899 0.0205
vn -0.0888 0.996 -0.0035
vn -0.2505 0.9681 -0.0079
vn -0.2485 0.9681 -0.0328
vn -0.4368 0.8978 -0.0563
vn -0.429 0.8978 -0.0995
vn -0.576 0.8068 -0.1312
vn -0.5605 0.8064 -0.1886
vn -0.5858 0.8072 -0.0726
vn -0.4402 0.8978 -0.0125
vn -0.2501 0.9681 0.0171
vn -0.6129 0.7886 -0.0493
vn -0.088 0.996 -0.0124
vn -0.244 0.9681 -0.0574
vn -0.417 0.8978 -0.1417
vn -0.5394 0.8059 -0.2443
vn -0.604 0.7881 -0.1187
vn -0.0861 0.9961 -0.0211
vn -0.2371 0.9681 -0.0814
vn -0.4008 0.8978 -0.1825
vn -0.5047 0.8148 -0.2853
vn -0.4864 0.8058 -0.3378
vn -0.4494 0.8063 -0.3845
vn -0.4081 0.8068 -0.4272
vn -0.3628 0.8072 -0.4656
vn -0.314 0.8075 -0.4994
vn -0.262 0.8078 -0.5281
vn -0.2075 0.808 -0.5515
vn -0.151 0.8081 -0.5693
vn -0.093 0.8082 -0.5815
vn -0.034 0.8083 -0.5878
vn 0.0252 0.8083 -0.5883
vn 0.0842 0.8082 -0.5828
vn 0.1424 0.8081 -0.5715
vn -0.5861 0.7885 -0.1862
vn -0.0834 0.9961 -0.0296
vn -0.2278 0.9681 -0.1046
vn -0.3806 0.8978 -0.2215
vn -0.4645 0.8607 -0.2084
vn -0.0916 0.9949 -0.043
vn -0.2162 0.9681 -0.1267
vn -0.3567 0.8978 -0.2583
vn -0.0762 0.9961 -0.0453
vn -0.2026 0.9681 -0.1476
vn -0.3292 0.8978 -0.2925
vn -0.4788 0.7991 -0.3635
vn -0.0714 0.9961 -0.0528
vn -0.5229 0.7938 -0.3105
vn -0.0658 0.996 -0.0597
vn -0.4277 0.8063 -0.4087
vn -0.0595 0.996 -0.066
vn -0.1693 0.9681 -0.1848
vn -0.15 0.9681 -0.2008
vn -0.2647 0.8978 -0.352
vn -0.2283 0.8978 -0.3766
vn -0.2984 0.8978 -0.3239
vn -0.1868 0.9681 -0.1671
vn -0.3709 0.8152 -0.4449
vn -0.0526 0.996 -0.0716
vn -0.1293 0.9681 -0.2147
vn -0.1897 0.8978 -0.3974
vn -0.3102 0.8255 -0.4715
vn -0.045 0.9961 -0.0764
vn -0.1073 0.9681 -0.2265
vn -0.1492 0.8978 -0.4143
vn -0.2476 0.8367 -0.4885
vn -0.0371 0.9961 -0.0803
vn -0.0842 0.9681 -0.2361
vn -0.1072 0.8978 -0.4271
vn -0.1585 0.8906 -0.4263
vn -0.0332 0.9949 -0.0956
vn -0.0603 0.9681 -0.2433
vn -0.0641 0.8978 -0.4357
vn -0.0208 0.9961 -0.0862
vn -0.0357 0.9681 -0.2481
vn -0.0204 0.8978 -0.4399
vn -0.0645 0.8692 -0.4901
vn -0.0121 0.996 -0.088
vn -0.1231 0.8593 -0.4964
vn -0.0032 0.996 -0.0888
vn 0.0141 0.9681 -0.2503
vn 0.0671 0.8978 -0.4352
vn 0.0235 0.8978 -0.4398
vn -0.0109 0.9681 -0.2504
vn -0.1659 0.8068 0.567
vn -0.0887 0.8978 0.4314
vn -0.1082 0.8063 0.5815
vn 0.4436 0.8064 -0.3911
vn 0.3006 0.8978 -0.3218
vn 0.1526 0.9681 -0.1988
vn 0.0601 0.8793 -0.4725
vn 0.0248 0.9792 -0.2012
vn 0 0.9066 -0.422
vn 0.0475 0.9792 -0.1974
vn 0.1183 0.8793 -0.4613
vn 0.0695 0.9792 -0.1909
vn 0.1426 0.9048 -0.4012
vn 0.1867 0.9048 -0.3827
vn 0.2782 0.7705 -0.5735
vn 0.3407 0.7705 -0.5387
vn 0.3934 0.645 -0.6551
vn 0.465 0.6439 -0.6077
vn 0.3173 0.6455 -0.6947
vn 0.2122 0.7705 -0.601
vn 0.0968 0.9048 -0.4146
vn 0.1746 0.8794 -0.4429
vn 0.0907 0.9791 -0.1819
vn 0.2283 0.9048 -0.3594
vn 0.3988 0.7705 -0.4972
vn 0.531 0.6426 -0.5524
vn 0.2282 0.8795 -0.4177
vn 0.1106 0.9791 -0.1705
vn 0.2671 0.9048 -0.3315
vn 0.452 0.7705 -0.4494
vn 0.5902 0.6417 -0.4897
vn 0.2782 0.8795 -0.3861
vn 0.1291 0.9791 -0.1568
vn 0.3026 0.9048 -0.2995
vn 0.4995 0.7705 -0.396
vn 0.6419 0.6412 -0.4205
vn 0.324 0.8795 -0.3486
vn 0.1459 0.9792 -0.1412
vn 0.3342 0.9048 -0.2638
vn 0.5407 0.7705 -0.3376
vn 0.6849 0.6414 -0.3456
vn 0.3648 0.8795 -0.3057
vn 0.1608 0.9792 -0.1237
vn 0.3616 0.9048 -0.2247
vn 0.5751 0.7705 -0.2749
vn 0.7189 0.6421 -0.2663
vn 0.3548 0.9068 -0.2278
vn 0.1918 0.9745 -0.1164
vn 0.3845 0.9048 -0.1828
vn 0.6022 0.7705 -0.2088
vn 0.7433 0.6433 -0.1835
vn 0.1835 0.9792 -0.0861
vn 0.4026 0.9048 -0.1386
vn 0.6218 0.7705 -0.1401
vn 0.758 0.6447 -0.0986
vn 0.4513 0.8797 -0.1496
vn 0.1923 0.9792 -0.0648
vn 0.4295 0.8796 -0.2046
vn 0.1985 0.9792 -0.0427
vn 0.4661 0.8799 -0.0924
vn 0.2022 0.9791 -0.0201
vn 0.4233 0.9048 -0.0455
vn 0.4258 0.9048 0.0021
vn 0.6374 0.7705 0.0018
vn 0.6332 0.7705 0.0732
vn 0.758 0.6482 0.0729
vn 0.7434 0.65 0.1573
vn 0.7629 0.6464 -0.0128
vn 0.6336 0.7705 -0.0696
vn 0.4156 0.9048 -0.0927
vn 0.4738 0.88 -0.0338
vn 0.2032 0.9791 0.0029
vn 0.4228 0.9048 0.0498
vn 0.621 0.7705 0.1436
vn 0.7196 0.6519 0.2393
vn 0.4741 0.8801 0.0253
vn 0.2016 0.9791 0.0258
vn 0.4146 0.9048 0.0968
vn 0.601 0.7705 0.2122
vn 0.6868 0.6536 0.318
vn 0.4671 0.8802 0.0839
vn 0.1972 0.9792 0.0484
vn 0.4012 0.9048 0.1426
vn 0.5735 0.7705 0.2782
vn 0.6455 0.6552 0.3924
vn 0.453 0.8803 0.1412
vn 0.1903 0.9792 0.0703
vn 0.3827 0.9048 0.1867
vn 0.5387 0.7705 0.3407
vn 0.5963 0.6567 0.4617
vn 0.4319 0.8803 0.1963
vn 0.181 0.9792 0.0913
vn 0.3594 0.9048 0.2283
vn 0.4972 0.7705 0.3988
vn 0.5398 0.6581 0.5249
vn 0.3574 0.9075 0.2208
vn 0.1881 0.9745 0.1223
vn 0.3315 0.9048 0.2671
vn 0.4494 0.7705 0.452
vn 0.4768 0.6592 0.5814
vn 0.1572 0.9792 0.1282
vn 0.2995 0.9048 0.3026
vn 0.396 0.7705 0.4995
vn 0.408 0.6602 0.6306
vn 0.3284 0.8809 0.3408
vn 0.1418 0.9792 0.1453
vn 0.3685 0.8807 0.2977
vn 0.1246 0.9791 0.1605
vn 0.2834 0.8811 0.3787
vn 0.1057 0.9791 0.1736
vn 0.2247 0.9048 0.3616
vn 0.1828 0.9048 0.3845
vn 0.2749 0.7705 0.5751
vn 0.2088 0.7705 0.6022
vn 0.2565 0.6617 0.7045
vn 0.1757 0.6622 0.7285
vn 0.3343 0.6611 0.6717
vn 0.3376 0.7705 0.5407
vn 0.2638 0.9048 0.3342
vn 0.234 0.8813 0.4106
vn 0.0854 0.9791 0.1844
vn 0.1386 0.9048 0.4026
vn 0.1401 0.7705 0.6218
vn 0.0927 0.6625 0.7433
vn 0.1812 0.8814 0.4362
vn 0.064 0.9791 0.1928
vn 0.0927 0.9048 0.4156
vn 0.0696 0.7705 0.6336
vn 0.0086 0.6626 0.749
vn 0.1256 0.8815 0.4551
vn 0.0418 0.9792 0.1986
vn 0.0455 0.9048 0.4233
vn -0.0018 0.7705 0.6374
vn -0.0756 0.6625 0.7453
vn 0.0681 0.8817 0.4669
vn 0.0191 0.9792 0.2019
vn -0.0021 0.9048 0.4258
vn -0.0732 0.7705 0.6332
vn -0.1589 0.6622 0.7323
vn 0 0.8818 0.4717
vn -0.0035 0.9745 0.2243
vn -0.0498 0.9048 0.4228
vn -0.1436 0.7705 0.621
vn -0.2403 0.6617 0.7102
vn -0.0248 0.9792 0.2012
vn -0.0968 0.9048 0.4146
vn -0.2122 0.7705 0.601
vn -0.3189 0.6611 0.6792
vn -0.1256 0.8815 0.4551
vn -0.0475 0.9792 0.1973
vn -0.0681 0.8817 0.4669
vn -0.0695 0.9792 0.1909
vn -0.1812 0.8814 0.4362
vn -0.0907 0.9791 0.1819
vn -0.1867 0.9048 0.3827
vn -0.2283 0.9048 0.3594
vn -0.3407 0.7705 0.5387
vn -0.3988 0.7705 0.4972
vn -0.4635 0.6593 0.592
vn -0.5279 0.6581 0.5369
vn -0.3936 0.6603 0.6397
vn -0.2782 0.7705 0.5735
vn -0.1426 0.9048 0.4012
vn -0.234 0.8813 0.4106
vn -0.1106 0.9791 0.1705
vn -0.2671 0.9048 0.3315
vn -0.452 0.7705 0.4494
vn -0.5858 0.6567 0.4749
vn -0.2834 0.8811 0.3787
vn -0.1291 0.9791 0.1568
vn -0.3026 0.9048 0.2995
vn -0.4995 0.7705 0.396
vn -0.6366 0.6552 0.4067
vn -0.3284 0.8809 0.3408
vn -0.1459 0.9792 0.1412
vn -0.3342 0.9048 0.2638
vn -0.5407 0.7705 0.3376
vn -0.6796 0.6536 0.3331
vn -0.3685 0.8807 0.2977
vn -0.1608 0.9792 0.1237
vn -0.3616 0.9048 0.2247
vn -0.5751 0.7705 0.2749
vn -0.7142 0.6519 0.255
vn -0.3574 0.9075 0.2208
vn -0.1918 0.9745 0.1164
vn -0.3845 0.9048 0.1828
vn -0.6022 0.7705 0.2088
vn -0.7398 0.6501 0.1733
vn -0.1835 0.9792 0.0861
vn -0.4026 0.9048 0.1386
vn -0.6218 0.7705 0.1401
vn -0.7562 0.6483 0.0891
vn -0.453 0.8803 0.1412
vn -0.1923 0.9792 0.0648
vn -0.4319 0.8803 0.1963
vn -0.1985 0.9792 0.0427
vn -0.4671 0.8802 0.0839
vn -0.2022 0.9791 0.0201
vn -0.4233 0.9048 0.0455
vn -0.4258 0.9048 -0.0021
vn -0.6374 0.7705 -0.0018
vn -0.6332 0.7705 -0.0732
vn -0.7599 0.6448 -0.0828
vn -0.7469 0.6433 -0.1682
vn -0.7629 0.6465 0.0033
vn -0.6336 0.7705 0.0696
vn -0.4156 0.9048 0.0927
vn -0.4741 0.8801 0.0253
vn -0.2032 0.9791 -0.0029
vn -0.4228 0.9048 -0.0498
vn -0.621 0.7705 -0.1436
vn -0.7241 0.6422 -0.2516
vn -0.4738 0.88 -0.0338
vn -0.2016 0.9791 -0.0258
vn -0.4146 0.9048 -0.0968
vn -0.601 0.7705 -0.2122
vn -0.6916 0.6415 -0.3319
vn -0.4661 0.8799 -0.0924
vn -0.1972 0.9792 -0.0484
vn -0.4012 0.9048 -0.1426
vn -0.5735 0.7705 -0.2782
vn -0.6499 0.6413 -0.4078
vn -0.4513 0.8797 -0.1496
vn -0.1903 0.9792 -0.0703
vn -0.3827 0.9048 -0.1867
vn -0.5387 0.7705 -0.3407
vn -0.5995 0.6418 -0.4782
vn -0.4295 0.8796 -0.2046
vn -0.181 0.9792 -0.0913
vn -0.3594 0.9048 -0.2283
vn -0.4972 0.7705 -0.3988
vn -0.5413 0.6427 -0.5421
vn -0.3548 0.9068 -0.2278
vn -0.1881 0.9745 -0.1223
vn -0.3315 0.9048 -0.2671
vn -0.4494 0.7705 -0.452
vn -0.4762 0.6439 -0.5988
vn -0.1572 0.9792 -0.1282
vn -0.2995 0.9048 -0.3026
vn -0.396 0.7705 -0.4995
vn -0.4054 0.6451 -0.6477
vn -0.324 0.8795 -0.3486
vn -0.1418 0.9792 -0.1453
vn -0.3648 0.8795 -0.3057
vn -0.1246 0.9791 -0.1605
vn -0.2782 0.8795 -0.3861
vn -0.1057 0.9791 -0.1736
vn -0.2247 0.9048 -0.3616
vn -0.1828 0.9048 -0.3845
vn -0.2749 0.7705 -0.5751
vn -0.2088 0.7705 -0.6022
vn -0.2509 0.6447 -0.7221
vn -0.1691 0.6415 -0.7483
vn -0.33 0.6456 -0.6887
vn -0.3376 0.7705 -0.5407
vn -0.2638 0.9048 -0.3342
vn -0.2282 0.8795 -0.4177
vn -0.0854 0.9791 -0.1844
vn -0.1386 0.9048 -0.4026
vn -0.1401 0.7705 -0.6218
vn -0.085 0.6349 -0.7679
vn -0.1746 0.8794 -0.4429
vn -0.064 0.9791 -0.1928
vn -0.0927 0.9048 -0.4156
vn -0.0696 0.7705 -0.6336
vn -0.0082 0.6463 -0.7631
vn 0.0713 0.6348 -0.7694
vn 0.1557 0.6414 -0.7513
vn 0.2378 0.6446 -0.7266
vn -0.1183 0.8793 -0.4613
vn -0.0418 0.9792 -0.1986
vn -0.0455 0.9048 -0.4233
vn 0.0018 0.7705 -0.6374
vn -0.0601 0.8793 -0.4725
vn -0.0191 0.9792 -0.2019
vn 0.0021 0.9048 -0.4258
vn 0.0732 0.7705 -0.6332
vn 0.0035 0.9745 -0.2243
vn 0.0498 0.9048 -0.4228
vn 0.1436 0.7705 -0.621
vn 0.0086 0.9979 -0.064
vn 0.0201 0.9658 -0.2585
vn 0 0.9979 -0.0645
vn 0.052 0.9658 -0.2539
vn 0.0171 0.9979 -0.0624
vn 0.0831 0.9659 -0.2453
vn 0.1538 0.866 -0.4757
vn 0.2111 0.866 -0.4532
vn 0.2853 0.7202 -0.6324
vn 0.3612 0.7201 -0.5924
vn 0.2051 0.7202 -0.6628
vn 0.0942 0.866 -0.491
vn 0.0254 0.9979 -0.0597
vn 0.1129 0.9659 -0.2328
vn 0.2652 0.866 -0.4239
vn 0.4315 0.7201 -0.5434
vn 0.0392 0.9972 -0.063
vn 0.1536 0.9588 -0.2391
vn 0.3153 0.866 -0.3881
vn 0.4953 0.72 -0.4861
vn 0.1645 0.9659 -0.1998
vn 0.3606 0.866 -0.3464
vn 0.5515 0.7199 -0.4213
vn 0.0484 0.9979 -0.0428
vn 0.1883 0.9659 -0.178
vn 0.0423 0.9979 -0.049
vn 0.209 0.9658 -0.1533
vn 0.0536 0.9979 -0.0359
vn 0.2265 0.9658 -0.1262
vn 0.4342 0.866 -0.248
vn 0.4613 0.866 -0.1927
vn 0.6381 0.7198 -0.2735
vn 0.667 0.7197 -0.1927
vn 0.5994 0.7199 -0.3501
vn 0.4004 0.866 -0.2994
vn 0.0579 0.9979 -0.0285
vn 0.2404 0.9658 -0.0971
vn 0.4815 0.866 -0.1346
vn 0.6858 0.7196 -0.109
vn 0.0613 0.9979 -0.0205
vn 0.2504 0.9659 -0.0664
vn 0.4944 0.866 -0.0744
vn 0.6942 0.7194 -0.0236
vn 0.0636 0.9979 -0.0121
vn 0.2565 0.9659 -0.0347
vn 0.4998 0.866 -0.0131
vn 0.6919 0.7193 0.0622
vn 0.1037 0.9946 -0.0034
vn 0.2841 0.9588 -0.004
vn 0.4976 0.866 0.0485
vn 0.6791 0.7191 0.1471
vn 0.2573 0.966 0.0266
vn 0.4879 0.866 0.1092
vn 0.6559 0.719 0.2298
vn 0.0626 0.9979 0.0163
vn 0.2523 0.9659 0.0584
vn 0.0773 0.997 0.0094
vn 0.2433 0.9658 0.0894
vn 0.0597 0.9979 0.0245
vn 0.2304 0.9658 0.1189
vn 0.4465 0.866 0.225
vn 0.4155 0.866 0.2781
vn 0.58 0.7186 0.3836
vn 0.5284 0.7184 0.4524
vn 0.6227 0.7188 0.3091
vn 0.4708 0.866 0.1684
vn 0.0559 0.9979 0.0323
vn 0.2138 0.9658 0.1466
vn 0.3782 0.866 0.3271
vn 0.4687 0.7182 0.5142
vn 0.0511 0.9979 0.0395
vn 0.1939 0.9658 0.172
vn 0.3351 0.866 0.3711
vn 0.4019 0.718 0.5683
vn 0.0454 0.9979 0.046
vn 0.1709 0.9659 0.1946
vn 0.287 0.866 0.4094
vn 0.3288 0.7178 0.6138
vn 0.039 0.9979 0.0519
vn 0.1452 0.9659 0.2142
vn 0.2345 0.866 0.4416
vn 0.2507 0.7175 0.6499
vn 0.035 0.9972 0.0654
vn 0.1302 0.9588 0.2526
vn 0.1784 0.866 0.4671
vn 0.1687 0.7172 0.6761
vn 0.0908 0.9659 0.2424
vn 0.1197 0.866 0.4854
vn 0.0841 0.717 0.692
vn 0.0129 0.9979 0.0633
vn 0.06 0.9659 0.252
vn 0.0213 0.9979 0.0612
vn 0.0283 0.9658 0.2577
vn 0.0043 0.9979 0.0644
vn -0.004 0.9658 0.2592
vn -0.0023 0.866 0.5
vn -0.0638 0.866 0.4959
vn -0.0716 0.7169 0.6935
vn -0.1565 0.7172 0.6791
vn 0.0076 0.7331 0.6801
vn 0.0591 0.866 0.4965
vn -0.0043 0.9979 0.0644
vn -0.0361 0.9658 0.2567
vn -0.1242 0.866 0.4843
vn -0.2389 0.7174 0.6544
vn -0.0129 0.9979 0.0633
vn -0.0677 0.9659 0.2501
vn -0.1828 0.866 0.4654
vn -0.3177 0.7177 0.6197
vn -0.0213 0.9979 0.0612
vn -0.0982 0.9659 0.2395
vn -0.2386 0.866 0.4394
vn -0.3915 0.7179 0.5756
vn -0.035 0.9972 0.0654
vn -0.1386 0.9588 0.2481
vn -0.2908 0.866 0.4067
vn -0.4594 0.7182 0.5227
vn -0.1517 0.966 0.2096
vn -0.3386 0.866 0.3679
vn -0.5202 0.7184 0.4619
vn -0.0454 0.9979 0.046
vn -0.1767 0.9659 0.1893
vn -0.039 0.9979 0.0519
vn -0.199 0.9658 0.166
vn -0.0511 0.9979 0.0395
vn -0.2182 0.9658 0.14
vn -0.4181 0.866 0.2742
vn -0.4486 0.866 0.2208
vn -0.6171 0.7188 0.3203
vn -0.6517 0.7189 0.2417
vn -0.573 0.7186 0.3941
vn -0.3812 0.866 0.3235
vn -0.0559 0.9979 0.0323
vn -0.2339 0.9658 0.1118
vn -0.4723 0.866 0.164
vn -0.6764 0.7191 0.1594
vn -0.0597 0.9979 0.0245
vn -0.2459 0.9658 0.0819
vn -0.4889 0.866 0.1047
vn -0.6907 0.7193 0.0748
vn -0.0626 0.9979 0.0163
vn -0.254 0.9659 0.0507
vn -0.4981 0.866 0.0438
vn -0.6945 0.7194 -0.011
vn -0.0773 0.997 0.0094
vn -0.2581 0.9659 0.0187
vn -0.4997 0.866 -0.0177
vn -0.6877 0.7195 -0.0966
vn -0.1037 0.9946 -0.0034
vn -0.2838 0.9588 -0.0135
vn -0.4937 0.866 -0.079
vn -0.6704 0.7196 -0.1806
vn -0.2553 0.9659 -0.0426
vn -0.4802 0.866 -0.1391
vn -0.6429 0.7197 -0.2619
vn -0.0613 0.9979 -0.0205
vn -0.2483 0.9659 -0.074
vn -0.0636 0.9979 -0.0121
vn -0.2373 0.9658 -0.1044
vn -0.0579 0.9979 -0.0285
vn -0.2225 0.9658 -0.1331
vn -0.4318 0.866 -0.252
vn -0.3976 0.866 -0.3032
vn -0.5591 0.7199 -0.4112
vn -0.5041 0.72 -0.477
vn -0.6056 0.7198 -0.3392
vn -0.4595 0.866 -0.197
vn -0.0536 0.9979 -0.0359
vn -0.2042 0.9658 -0.1596
vn -0.3573 0.866 -0.3497
vn -0.4413 0.7201 -0.5355
vn -0.0484 0.9979 -0.0428
vn -0.1827 0.9659 -0.1837
vn -0.3116 0.866 -0.391
vn -0.3719 0.7201 -0.5858
vn -0.0423 0.9979 -0.049
vn -0.1584 0.9659 -0.2048
vn -0.2612 0.866 -0.4263
vn -0.2967 0.7202 -0.6272
vn -0.0392 0.9972 -0.063
vn -0.1455 0.9588 -0.2441
vn -0.2068 0.866 -0.4552
vn -0.2171 0.7202 -0.6589
vn -0.1056 0.966 -0.2362
vn -0.1493 0.866 -0.4772
vn -0.1341 0.7202 -0.6807
vn -0.0171 0.9979 -0.0624
vn -0.0756 0.9659 -0.2477
vn -0.0254 0.9979 -0.0597
vn -0.0442 0.9658 -0.2554
vn -0.0086 0.9979 -0.064
vn -0.0122 0.9658 -0.259
vn -0.0284 0.866 -0.4992
vn 0.0331 0.866 -0.4989
vn 0.0366 0.7202 -0.6928
vn 0.1218 0.7202 -0.683
vn -0.0492 0.7202 -0.692
vn -0.0896 0.866 -0.4919
vn -0.4113 0.1042 -0.9055
vn -0.7075 0.0616 -0.704
vn -0.4112 0.0096 -0.9115
vn -0.7075 0.1348 -0.6937
vn -0.4115 0.1977 -0.8897
vn -0.7075 0.2066 -0.6758
vn -0.4117 0.2891 -0.8642
vn -0.7075 0.2761 -0.6505
vn -0.4122 0.3772 -0.8294
vn -0.8004 0.2907 -0.5244
vn -0.4127 0.4612 -0.7855
vn -0.7075 0.4053 -0.5789
vn -0.4133 0.5401 -0.7331
vn -0.8004 0.3933 -0.4525
vn -0.414 0.6132 -0.6728
vn -0.7075 0.5168 -0.482
vn -0.4148 0.6794 -0.6052
vn -0.8004 0.4788 -0.3608
vn -0.4156 0.7383 -0.5312
vn -0.7075 0.6057 -0.364
vn -0.4744 0.7664 -0.433
vn -0.7075 0.6405 -0.2987
vn -0.4156 0.8369 -0.3562
vn -0.7075 0.6682 -0.2301
vn -0.4147 0.8697 -0.2675
vn -0.5552 0.8104 -0.1871
vn -0.4139 0.8932 -0.1758
vn -0.7075 0.7014 -0.0861
vn -0.4132 0.9069 -0.0821
vn -0.7075 0.7066 -0.0123
vn -0.4126 0.9108 0.0125
vn -0.5552 0.8286 0.0725
vn -0.4121 0.9048 0.1071
vn -0.5552 0.8165 0.1587
vn -0.4117 0.889 0.2005
vn -0.5552 0.7954 0.2432
vn -0.4114 0.8634 0.2918
vn -0.5552 0.7656 0.325
vn -0.4113 0.8285 0.38
vn -0.5552 0.7275 0.4032
vn -0.4112 0.7846 0.464
vn -0.5552 0.6813 0.4771
vn -0.4113 0.7321 0.543
vn -0.5552 0.6277 0.5457
vn -0.4115 0.6717 0.6161
vn -0.5552 0.5673 0.6083
vn -0.4117 0.6039 0.6824
vn -0.5552 0.5006 0.6642
vn -0.4122 0.5297 0.7413
vn -0.5552 0.4284 0.7129
vn -0.4127 0.4497 0.7922
vn -0.5552 0.3515 0.7538
vn -0.4133 0.3648 0.8343
vn -0.5552 0.2708 0.7864
vn -0.414 0.2761 0.8674
vn -0.5552 0.1871 0.8104
vn -0.4148 0.1844 0.891
vn -0.5552 0.1014 0.8255
vn -0.4156 0.0909 0.905
vn -0.7075 0.0123 0.7066
vn -0.4744 -0.0082 0.8803
vn -0.5552 -0.0725 0.8286
vn -0.4156 -0.1099 0.9029
vn -0.5552 -0.1587 0.8165
vn -0.4147 -0.2032 0.887
vn -0.5552 -0.2432 0.7954
vn -0.414 -0.2943 0.8614
vn -0.5552 -0.325 0.7656
vn -0.4132 -0.3823 0.8265
vn -0.5552 -0.4032 0.7275
vn -0.4126 -0.4662 0.7825
vn -0.5552 -0.4771 0.6813
vn -0.4121 -0.5451 0.73
vn -0.5552 -0.5457 0.6277
vn -0.4117 -0.6181 0.6696
vn -0.5552 -0.6083 0.5673
vn -0.4114 -0.6845 0.6018
vn -0.5552 -0.6642 0.5006
vn -0.4113 -0.7434 0.5275
vn -0.5552 -0.7129 0.4284
vn -0.4112 -0.7942 0.4474
vn -0.5552 -0.7538 0.3515
vn -0.4113 -0.8363 0.3625
vn -0.5552 -0.7864 0.2708
vn -0.4115 -0.8694 0.2736
vn -0.5552 -0.8104 0.1871
vn -0.4117 -0.893 0.1818
vn -0.5552 -0.8255 0.1014
vn -0.4122 -0.9069 0.088
vn -0.7075 -0.7066 0.0123
vn -0.4127 -0.9109 -0.0067
vn -0.5552 -0.8286 -0.0725
vn -0.4133 -0.905 -0.1012
vn -0.5552 -0.8165 -0.1587
vn -0.414 -0.8892 -0.1946
vn -0.5552 -0.7954 -0.2432
vn -0.4148 -0.8639 -0.2858
vn -0.5552 -0.7656 -0.325
vn -0.4156 -0.8292 -0.3738
vn -0.5552 -0.7275 -0.4032
vn -0.4744 -0.7582 -0.4472
vn -0.5552 -0.6813 -0.4771
vn -0.4156 -0.727 -0.5467
vn -0.5552 -0.6277 -0.5457
vn -0.4147 -0.6665 -0.6195
vn -0.5552 -0.5673 -0.6083
vn -0.4139 -0.5988 -0.6856
vn -0.5552 -0.5006 -0.6642
vn -0.4132 -0.5246 -0.7443
vn -0.5552 -0.4284 -0.7129
vn -0.4126 -0.4446 -0.795
vn -0.5552 -0.3515 -0.7538
vn -0.4121 -0.3597 -0.8371
vn -0.5552 -0.2708 -0.7864
vn -0.4117 -0.2708 -0.8701
vn -0.5552 -0.1871 -0.8104
vn -0.4114 -0.179 -0.8937
vn -0.7075 -0.0861 -0.7014
vn -0.4113 -0.0852 -0.9075
vn -0.7075 -0.0123 -0.7066
vn -0.8693 0.0645 -0.4901
vn -0.996 0.0057 -0.0887
vn -0.8352 -0 -0.55
vn -0.9961 0.0146 -0.0876
vn -0.8593 0.1231 -0.4964
vn -0.9961 0.0232 -0.0855
vn -0.9681 0.0634 -0.2425
vn -0.9681 0.0873 -0.235
vn -0.8978 0.152 -0.4133
vn -0.8978 0.1924 -0.3961
vn -0.8078 0.2541 -0.5319
vn -0.8075 0.3064 -0.504
vn -0.808 0.1992 -0.5545
vn -0.8978 0.1101 -0.4264
vn -0.9681 0.039 -0.2476
vn -0.8906 0.1585 -0.4263
vn -0.9949 0.036 -0.0946
vn -0.9681 0.1102 -0.2251
vn -0.8978 0.2309 -0.375
vn -0.8072 0.3558 -0.471
vn -0.9961 0.0393 -0.0792
vn -0.9681 0.1321 -0.213
vn -0.8978 0.2671 -0.3501
vn -0.8068 0.4017 -0.4332
vn -0.8255 0.3102 -0.4715
vn -0.9961 0.0472 -0.075
vn -0.8367 0.2476 -0.4885
vn -0.996 0.0546 -0.0701
vn -0.8152 0.3709 -0.4449
vn -0.996 0.0614 -0.0643
vn -0.9681 0.1717 -0.1826
vn -0.9681 0.189 -0.1646
vn -0.8978 0.3312 -0.2903
vn -0.8978 0.3585 -0.2558
vn -0.8059 0.4812 -0.345
vn -0.8148 0.4994 -0.2944
vn -0.8058 0.5357 -0.2523
vn -0.8064 0.5577 -0.197
vn -0.8068 0.574 -0.1398
vn -0.8072 0.5847 -0.0814
vn -0.8075 0.5894 -0.0222
vn -0.8078 0.5883 0.0371
vn -0.808 0.5813 0.096
vn -0.8081 0.5685 0.1539
vn -0.8082 0.5501 0.2102
vn -0.8083 0.5261 0.2644
vn -0.8083 0.4968 0.316
vn -0.8082 0.4626 0.3644
vn -0.8081 0.4237 0.4091
vn -0.808 0.3806 0.4498
vn -0.8078 0.3336 0.486
vn -0.8137 0.2757 0.5118
vn -0.8072 0.2219 0.547
vn -0.7979 0.1729 0.5775
vn -0.8064 0.1169 0.5797
vn -0.8059 0.0581 0.5893
vn -0.8148 0.0053 0.5797
vn -0.8058 -0.0493 0.5901
vn -0.8978 -0.0015 0.4404
vn -0.8978 -0.0454 0.438
vn -0.9681 -0.0016 0.2506
vn -0.9681 -0.0266 0.2492
vn -0.996 -0.0013 0.0889
vn -0.996 -0.0102 0.0883
vn -0.8112 -0.0332 0.5838
vn -0.8109 -0.0993 0.5767
vn -0.9961 -0.0189 0.0867
vn -0.8102 -0.1643 0.5626
vn -0.9961 -0.0275 0.0842
vn -0.9681 -0.0755 0.239
vn -0.9681 -0.0989 0.2303
vn -0.8978 -0.1725 0.4052
vn -0.8978 -0.212 0.386
vn -0.8075 -0.2755 0.5216
vn -0.8078 -0.3263 0.4909
vn -0.8072 -0.2219 0.547
vn -0.8978 -0.1313 0.4203
vn -0.9681 -0.0513 0.2454
vn -0.8063 0.4277 -0.4087
vn -0.996 0.0675 -0.0578
vn -0.9681 0.2045 -0.145
vn -0.8978 0.3821 -0.2189
vn -0.7991 0.4788 -0.3635
vn -0.9961 0.0729 -0.0507
vn -0.9681 0.2179 -0.1239
vn -0.8978 0.402 -0.1797
vn -0.7938 0.5229 -0.3105
vn -0.9961 0.0774 -0.0431
vn -0.9681 0.2291 -0.1016
vn -0.8978 0.4179 -0.1388
vn -0.8607 0.4645 -0.2084
vn -0.9949 0.0928 -0.0402
vn -0.9681 0.2381 -0.0783
vn -0.8978 0.4297 -0.0965
vn -0.9961 0.0842 -0.0272
vn -0.9681 0.2447 -0.0542
vn -0.8978 0.4372 -0.0533
vn -0.7881 0.6041 -0.1187
vn -0.9961 0.0867 -0.0186
vn -0.7885 0.5862 -0.1862
vn -0.996 0.0883 -0.0099
vn -0.7886 0.6129 -0.0493
vn -0.996 0.0889 -0.001
vn -0.9681 0.2506 -0.0046
vn -0.9681 0.2498 0.0204
vn -0.8978 0.439 0.0344
vn -0.8978 0.4334 0.078
vn -0.8978 0.4403 -0.0095
vn -0.9681 0.2489 -0.0295
vn -0.7899 0.6129 0.0205
vn -0.996 0.0885 0.0079
vn -0.9681 0.2466 0.0451
vn -0.8978 0.4235 0.1207
vn -0.7917 0.6043 0.0896
vn -0.9961 0.0872 0.0167
vn -0.9681 0.2408 0.0695
vn -0.8978 0.4094 0.1623
vn -0.7938 0.5876 0.1568
vn -0.9961 0.0849 0.0254
vn -0.9681 0.2327 0.0931
vn -0.8978 0.3912 0.2023
vn -0.8745 0.4513 0.1777
vn -0.9949 0.0936 0.0384
vn -0.9681 0.2223 0.1158
vn -0.8978 0.3691 0.2402
vn -0.9961 0.0783 0.0413
vn -0.9681 0.2097 0.1374
vn -0.8978 0.3434 0.2758
vn -0.8008 0.4933 0.3398
vn -0.9961 0.0739 0.0491
vn -0.7984 0.5314 0.2831
vn -0.996 0.0687 0.0563
vn -0.803 0.4493 0.3916
vn -0.996 0.0627 0.0629
vn -0.9681 0.1783 0.1762
vn -0.9681 0.1599 0.1931
vn -0.8978 0.2819 0.3383
vn -0.8978 0.2468 0.3647
vn -0.8978 0.3142 0.3086
vn -0.9681 0.1949 0.1576
vn -0.8049 0.4002 0.4381
vn -0.996 0.0561 0.0689
vn -0.9681 0.1398 0.208
vn -0.9122 0.196 0.3598
vn -0.8978 0.1725 0.4052
vn -0.8824 0.1387 0.4496
vn -0.8067 0.3465 0.4787
vn -0.9961 0.0489 0.0741
vn -0.976 0.1042 0.1912
vn -0.9681 0.0989 0.2303
vn -0.959 0.0835 0.2707
vn -0.8978 0.0858 0.432
vn -0.8081 0.289 0.5133
vn -0.9971 0.0361 0.0667
vn -0.9949 0.0407 0.0926
vn -0.9952 0.0289 0.0932
vn -0.9681 0.0481 0.246
vn -0.8978 0.0423 0.4383
vn -0.8868 0.1794 0.426
vn -0.8102 0.1643 0.5626
vn -0.9961 0.0164 0.0872
vn -0.8109 0.0993 0.5767
vn -0.996 0.0076 0.0885
vn -0.8112 0.0332 0.5838
vn -0.9681 0.0233 0.2496
vn -0.8868 -0.1794 0.426
vn -0.9949 -0.0407 0.0926
vn -0.9681 -0.1213 0.2193
vn -0.8978 -0.2493 0.363
vn -0.808 -0.3738 0.4554
vn -0.9961 -0.0433 0.0772
vn -0.9681 -0.1425 0.2062
vn -0.8978 -0.2842 0.3364
vn -0.8081 -0.4176 0.4154
vn -0.8067 -0.3465 0.4787
vn -0.9961 -0.0509 0.0727
vn -0.8081 -0.289 0.5133
vn -0.996 -0.058 0.0673
vn -0.8049 -0.4002 0.4381
vn -0.996 -0.0645 0.0611
vn -0.9681 -0.1806 0.1738
vn -0.9681 -0.197 0.155
vn -0.8978 -0.3453 0.2734
vn -0.8978 -0.3708 0.2377
vn -0.8083 -0.492 0.3234
vn -0.8083 -0.5221 0.2723
vn -0.8082 -0.4571 0.3713
vn -0.8978 -0.3163 0.3064
vn -0.9681 -0.1624 0.191
vn -0.803 -0.4493 0.3916
vn -0.996 -0.0703 0.0543
vn -0.9681 -0.2114 0.1346
vn -0.8978 -0.3926 0.1996
vn -0.8082 -0.5468 0.2184
vn -0.8008 -0.4933 0.3398
vn -0.9961 -0.0752 0.047
vn -0.9681 -0.2238 0.1129
vn -0.8978 -0.4105 0.1595
vn -0.8081 -0.5662 0.1624
vn -0.7984 -0.5314 0.2831
vn -0.9961 -0.0794 0.0391
vn -0.9681 -0.2339 0.09
vn -0.8978 -0.4243 0.1178
vn -0.808 -0.5798 0.1047
vn -0.8745 -0.4513 0.1777
vn -0.9949 -0.0947 0.0356
vn -0.9681 -0.2417 0.0663
vn -0.8978 -0.434 0.075
vn -0.8078 -0.5877 0.0459
vn -0.9961 -0.0856 0.0229
vn -0.9681 -0.2471 0.0419
vn -0.8978 -0.4393 0.0314
vn -0.8075 -0.5897 -0.0134
vn -0.7917 -0.6043 0.0896
vn -0.9961 -0.0876 0.0143
vn -0.7938 -0.5876 0.1568
vn -0.996 -0.0887 0.0054
vn -0.7899 -0.6129 0.0205
vn -0.996 -0.0888 -0.0035
vn -0.9681 -0.2505 -0.0079
vn -0.9681 -0.2485 -0.0328
vn -0.8978 -0.4368 -0.0563
vn -0.8978 -0.429 -0.0995
vn -0.8068 -0.576 -0.1312
vn -0.8064 -0.5605 -0.1886
vn -0.8072 -0.5858 -0.0726
vn -0.8978 -0.4402 -0.0125
vn -0.9681 -0.2501 0.0171
vn -0.7886 -0.6129 -0.0493
vn -0.996 -0.0879 -0.0124
vn -0.9681 -0.244 -0.0574
vn -0.8978 -0.417 -0.1417
vn -0.8059 -0.5394 -0.2443
vn -0.7881 -0.6041 -0.1187
vn -0.9961 -0.0861 -0.0211
vn -0.9681 -0.2371 -0.0814
vn -0.8978 -0.4008 -0.1825
vn -0.8148 -0.5047 -0.2853
vn -0.8058 -0.4864 -0.3378
vn -0.8064 -0.4494 -0.3845
vn -0.8068 -0.4081 -0.4272
vn -0.8072 -0.3628 -0.4656
vn -0.8075 -0.314 -0.4994
vn -0.8078 -0.262 -0.5281
vn -0.808 -0.2075 -0.5515
vn -0.8081 -0.151 -0.5693
vn -0.8082 -0.093 -0.5815
vn -0.8083 -0.034 -0.5878
vn -0.8083 0.0252 -0.5883
vn -0.8082 0.0842 -0.5828
vn -0.8081 0.1424 -0.5715
vn -0.7885 -0.5861 -0.1862
vn -0.9961 -0.0834 -0.0295
vn -0.9681 -0.2278 -0.1046
vn -0.8978 -0.3806 -0.2215
vn -0.8607 -0.4645 -0.2084
vn -0.9949 -0.0916 -0.043
vn -0.9681 -0.2162 -0.1267
vn -0.8978 -0.3567 -0.2583
vn -0.9961 -0.0762 -0.0453
vn -0.9681 -0.2026 -0.1476
vn -0.8978 -0.3292 -0.2925
vn -0.7991 -0.4788 -0.3635
vn -0.9961 -0.0714 -0.0528
vn -0.7938 -0.5229 -0.3105
vn -0.996 -0.0658 -0.0597
vn -0.8063 -0.4277 -0.4087
vn -0.996 -0.0595 -0.066
vn -0.9681 -0.1693 -0.1849
vn -0.9681 -0.15 -0.2008
vn -0.8978 -0.2647 -0.352
vn -0.8978 -0.2283 -0.3766
vn -0.8978 -0.2984 -0.3239
vn -0.9681 -0.1868 -0.1671
vn -0.8152 -0.3709 -0.4449
vn -0.996 -0.0525 -0.0716
vn -0.9681 -0.1293 -0.2147
vn -0.8978 -0.1897 -0.3974
vn -0.8255 -0.3102 -0.4715
vn -0.9961 -0.045 -0.0764
vn -0.9681 -0.1073 -0.2265
vn -0.8978 -0.1492 -0.4143
vn -0.8367 -0.2476 -0.4885
vn -0.9961 -0.0371 -0.0803
vn -0.9681 -0.0842 -0.2361
vn -0.8978 -0.1072 -0.4271
vn -0.8906 -0.1585 -0.4263
vn -0.9949 -0.0332 -0.0956
vn -0.9681 -0.0603 -0.2433
vn -0.8978 -0.0641 -0.4357
vn -0.9961 -0.0208 -0.0862
vn -0.9681 -0.0357 -0.2481
vn -0.8978 -0.0204 -0.4399
vn -0.8693 -0.0645 -0.4901
vn -0.9961 -0.0121 -0.088
vn -0.8593 -0.1231 -0.4964
vn -0.996 -0.0032 -0.0888
vn -0.9681 0.0141 -0.2503
vn -0.8978 0.0671 -0.4352
vn -0.8978 0.0235 -0.4398
vn -0.9681 -0.0109 -0.2504
vn -0.8068 -0.1659 0.567
vn -0.8978 -0.0887 0.4314
vn -0.8064 -0.1082 0.5815
vn -0.8064 0.4436 -0.3911
vn -0.8978 0.3007 -0.3218
vn -0.9681 0.1526 -0.1988
vn -0.8793 0.0601 -0.4725
vn -0.9792 0.0248 -0.2012
vn -0.9066 0 -0.422
vn -0.9792 0.0475 -0.1974
vn -0.8793 0.1183 -0.4613
vn -0.9791 0.0695 -0.1909
vn -0.9048 0.1426 -0.4012
vn -0.9048 0.1867 -0.3827
vn -0.7705 0.2782 -0.5735
vn -0.7705 0.3407 -0.5387
vn -0.645 0.3934 -0.6551
vn -0.6438 0.465 -0.6077
vn -0.6455 0.3173 -0.6947
vn -0.7705 0.2122 -0.601
vn -0.9048 0.0968 -0.4146
vn -0.8794 0.1746 -0.4429
vn -0.9791 0.0907 -0.1819
vn -0.9048 0.2283 -0.3594
vn -0.7705 0.3988 -0.4972
vn -0.6426 0.531 -0.5524
vn -0.8795 0.2282 -0.4177
vn -0.9791 0.1106 -0.1705
vn -0.9048 0.2671 -0.3315
vn -0.7705 0.452 -0.4494
vn -0.6417 0.5903 -0.4898
vn -0.8795 0.2782 -0.3861
vn -0.9791 0.1291 -0.1569
vn -0.9048 0.3026 -0.2995
vn -0.7705 0.4995 -0.396
vn -0.6412 0.6419 -0.4205
vn -0.8795 0.324 -0.3486
vn -0.9792 0.146 -0.1412
vn -0.9048 0.3342 -0.2638
vn -0.7705 0.5407 -0.3376
vn -0.6414 0.6849 -0.3457
vn -0.8795 0.3648 -0.3057
vn -0.9792 0.1608 -0.1237
vn -0.9048 0.3616 -0.2247
vn -0.7705 0.5751 -0.2749
vn -0.6421 0.7189 -0.2663
vn -0.9068 0.3548 -0.2278
vn -0.9745 0.1918 -0.1164
vn -0.9048 0.3845 -0.1828
vn -0.7705 0.6022 -0.2088
vn -0.6432 0.7433 -0.1835
vn -0.9792 0.1835 -0.0861
vn -0.9048 0.4026 -0.1386
vn -0.7705 0.6218 -0.1401
vn -0.6447 0.758 -0.0987
vn -0.8797 0.4513 -0.1496
vn -0.9792 0.1923 -0.0648
vn -0.8796 0.4295 -0.2046
vn -0.9792 0.1985 -0.0427
vn -0.8799 0.4661 -0.0924
vn -0.9791 0.2022 -0.0201
vn -0.9048 0.4233 -0.0455
vn -0.9048 0.4258 0.0021
vn -0.7705 0.6374 0.0018
vn -0.7705 0.6332 0.0732
vn -0.6482 0.758 0.0729
vn -0.65 0.7435 0.1573
vn -0.6464 0.7629 -0.0128
vn -0.7705 0.6336 -0.0696
vn -0.9048 0.4156 -0.0927
vn -0.88 0.4738 -0.0338
vn -0.9791 0.2032 0.0029
vn -0.9048 0.4228 0.0498
vn -0.7705 0.621 0.1436
vn -0.6518 0.7196 0.2393
vn -0.8801 0.4741 0.0253
vn -0.9791 0.2016 0.0258
vn -0.9048 0.4146 0.0968
vn -0.7705 0.601 0.2122
vn -0.6536 0.6868 0.318
vn -0.8802 0.4671 0.0839
vn -0.9792 0.1972 0.0484
vn -0.9048 0.4012 0.1426
vn -0.7705 0.5735 0.2782
vn -0.6552 0.6455 0.3924
vn -0.8803 0.453 0.1412
vn -0.9792 0.1904 0.0703
vn -0.9048 0.3827 0.1867
vn -0.7705 0.5387 0.3407
vn -0.6567 0.5963 0.4617
vn -0.8803 0.4319 0.1963
vn -0.9792 0.181 0.0913
vn -0.9048 0.3594 0.2283
vn -0.7705 0.4972 0.3988
vn -0.658 0.5399 0.5249
vn -0.9075 0.3574 0.2208
vn -0.9745 0.1881 0.1223
vn -0.9048 0.3315 0.2671
vn -0.7705 0.4494 0.452
vn -0.6592 0.4768 0.5814
vn -0.9792 0.1572 0.1282
vn -0.9048 0.2995 0.3026
vn -0.7705 0.396 0.4995
vn -0.6602 0.408 0.6306
vn -0.8809 0.3284 0.3408
vn -0.9792 0.1418 0.1453
vn -0.8807 0.3685 0.2977
vn -0.9791 0.1246 0.1605
vn -0.8811 0.2834 0.3787
vn -0.9791 0.1057 0.1736
vn -0.9048 0.2247 0.3616
vn -0.9048 0.1828 0.3845
vn -0.7705 0.2749 0.5751
vn -0.7705 0.2088 0.6022
vn -0.6617 0.2565 0.7045
vn -0.6622 0.1757 0.7285
vn -0.661 0.3343 0.6718
vn -0.7705 0.3376 0.5407
vn -0.9048 0.2638 0.3342
vn -0.8813 0.234 0.4106
vn -0.9791 0.0854 0.1844
vn -0.9048 0.1386 0.4026
vn -0.7705 0.1401 0.6218
vn -0.6624 0.0927 0.7434
vn -0.8814 0.1812 0.4362
vn -0.9791 0.064 0.1928
vn -0.9048 0.0927 0.4156
vn -0.7705 0.0696 0.6336
vn -0.6625 0.0086 0.749
vn -0.8815 0.1256 0.4551
vn -0.9792 0.0418 0.1986
vn -0.9048 0.0455 0.4233
vn -0.7705 -0.0018 0.6374
vn -0.6624 -0.0756 0.7453
vn -0.8817 0.0681 0.4669
vn -0.9792 0.0191 0.2019
vn -0.9048 -0.0021 0.4258
vn -0.7705 -0.0732 0.6332
vn -0.6622 -0.1589 0.7323
vn -0.8818 -0 0.4717
vn -0.9745 -0.0035 0.2243
vn -0.9048 -0.0498 0.4228
vn -0.7705 -0.1436 0.621
vn -0.6617 -0.2403 0.7102
vn -0.9792 -0.0248 0.2012
vn -0.9048 -0.0968 0.4146
vn -0.7705 -0.2122 0.601
vn -0.6611 -0.3189 0.6792
vn -0.8815 -0.1256 0.4551
vn -0.9792 -0.0475 0.1974
vn -0.8817 -0.0681 0.4669
vn -0.9792 -0.0695 0.1909
vn -0.8814 -0.1812 0.4362
vn -0.9791 -0.0907 0.1819
vn -0.9048 -0.1867 0.3827
vn -0.9048 -0.2283 0.3594
vn -0.7705 -0.3407 0.5387
vn -0.7705 -0.3988 0.4972
vn -0.6592 -0.4635 0.5921
vn -0.658 -0.5279 0.5369
vn -0.6602 -0.3936 0.6397
vn -0.7705 -0.2782 0.5735
vn -0.9048 -0.1426 0.4012
vn -0.8813 -0.234 0.4106
vn -0.9791 -0.1106 0.1705
vn -0.9048 -0.2671 0.3315
vn -0.7705 -0.452 0.4494
vn -0.6567 -0.5858 0.4749
vn -0.8811 -0.2834 0.3787
vn -0.9791 -0.1291 0.1569
vn -0.9048 -0.3026 0.2995
vn -0.7705 -0.4995 0.396
vn -0.6552 -0.6366 0.4067
vn -0.8809 -0.3284 0.3408
vn -0.9792 -0.146 0.1412
vn -0.9048 -0.3342 0.2638
vn -0.7705 -0.5407 0.3376
vn -0.6536 -0.6796 0.3331
vn -0.8807 -0.3685 0.2977
vn -0.9792 -0.1608 0.1237
vn -0.9048 -0.3616 0.2247
vn -0.7705 -0.5751 0.2749
vn -0.6519 -0.7142 0.255
vn -0.9075 -0.3574 0.2208
vn -0.9745 -0.1918 0.1164
vn -0.9048 -0.3845 0.1828
vn -0.7705 -0.6022 0.2088
vn -0.6501 -0.7399 0.1733
vn -0.9792 -0.1835 0.0861
vn -0.9048 -0.4026 0.1386
vn -0.7705 -0.6218 0.1401
vn -0.6482 -0.7562 0.0891
vn -0.8803 -0.453 0.1412
vn -0.9792 -0.1923 0.0648
vn -0.8803 -0.4319 0.1963
vn -0.9792 -0.1985 0.0427
vn -0.8802 -0.4671 0.0839
vn -0.9791 -0.2022 0.0201
vn -0.9048 -0.4233 0.0455
vn -0.9048 -0.4258 -0.0021
vn -0.7705 -0.6374 -0.0018
vn -0.7705 -0.6332 -0.0732
vn -0.6448 -0.7599 -0.0828
vn -0.6433 -0.7469 -0.1682
vn -0.6464 -0.763 0.0033
vn -0.7705 -0.6336 0.0696
vn -0.9048 -0.4156 0.0927
vn -0.8801 -0.4741 0.0253
vn -0.9791 -0.2032 -0.0029
vn -0.9048 -0.4228 -0.0498
vn -0.7705 -0.621 -0.1436
vn -0.6422 -0.7241 -0.2516
vn -0.88 -0.4738 -0.0338
vn -0.9791 -0.2016 -0.0258
vn -0.9048 -0.4146 -0.0968
vn -0.7705 -0.601 -0.2122
vn -0.6414 -0.6916 -0.3319
vn -0.8799 -0.4661 -0.0924
vn -0.9792 -0.1972 -0.0484
vn -0.9048 -0.4012 -0.1426
vn -0.7705 -0.5735 -0.2782
vn -0.6413 -0.65 -0.4078
vn -0.8797 -0.4513 -0.1496
vn -0.9792 -0.1904 -0.0703
vn -0.9048 -0.3827 -0.1867
vn -0.7705 -0.5387 -0.3407
vn -0.6417 -0.5996 -0.4782
vn -0.8796 -0.4295 -0.2046
vn -0.9792 -0.181 -0.0913
vn -0.9048 -0.3594 -0.2283
vn -0.7705 -0.4972 -0.3988
vn -0.6427 -0.5414 -0.5421
vn -0.9068 -0.3548 -0.2278
vn -0.9745 -0.1881 -0.1223
vn -0.9048 -0.3315 -0.2671
vn -0.7705 -0.4494 -0.452
vn -0.6439 -0.4763 -0.5988
vn -0.9792 -0.1572 -0.1282
vn -0.9048 -0.2995 -0.3026
vn -0.7705 -0.396 -0.4995
vn -0.6451 -0.4054 -0.6477
vn -0.8795 -0.324 -0.3486
vn -0.9792 -0.1418 -0.1453
vn -0.8795 -0.3648 -0.3057
vn -0.9791 -0.1246 -0.1605
vn -0.8795 -0.2782 -0.3861
vn -0.9791 -0.1057 -0.1736
vn -0.9048 -0.2247 -0.3616
vn -0.9048 -0.1828 -0.3845
vn -0.7705 -0.2749 -0.5751
vn -0.7705 -0.2088 -0.6022
vn -0.6447 -0.2509 -0.7221
vn -0.6415 -0.1691 -0.7483
vn -0.6456 -0.33 -0.6887
vn -0.7705 -0.3376 -0.5407
vn -0.9048 -0.2638 -0.3342
vn -0.8795 -0.2282 -0.4177
vn -0.9791 -0.0854 -0.1844
vn -0.9048 -0.1386 -0.4026
vn -0.7705 -0.1401 -0.6218
vn -0.6349 -0.085 -0.7679
vn -0.8794 -0.1746 -0.4429
vn -0.9791 -0.064 -0.1928
vn -0.9048 -0.0927 -0.4156
vn -0.7705 -0.0696 -0.6336
vn -0.6462 -0.0082 -0.7631
vn -0.6348 0.0713 -0.7694
vn -0.6414 0.1557 -0.7512
vn -0.6446 0.2378 -0.7266
vn -0.8793 -0.1183 -0.4613
vn -0.9792 -0.0418 -0.1986
vn -0.9048 -0.0455 -0.4233
vn -0.7705 0.0018 -0.6374
vn -0.8793 -0.0601 -0.4725
vn -0.9792 -0.0191 -0.2019
vn -0.9048 0.0021 -0.4258
vn -0.7705 0.0732 -0.6332
vn -0.9745 0.0035 -0.2243
vn -0.9048 0.0498 -0.4228
vn -0.7705 0.1436 -0.621
vn -0.9979 0.0086 -0.064
vn -0.9658 0.0201 -0.2585
vn -0.9979 -0 -0.0645
vn -0.9658 0.052 -0.2539
vn -0.9979 0.0171 -0.0624
vn -0.9659 0.0831 -0.2453
vn -0.866 0.1538 -0.4757
vn -0.866 0.2111 -0.4532
vn -0.7202 0.2853 -0.6324
vn -0.7201 0.3612 -0.5924
vn -0.7202 0.2051 -0.6628
vn -0.866 0.0942 -0.491
vn -0.9979 0.0254 -0.0597
vn -0.9659 0.1129 -0.2328
vn -0.866 0.2652 -0.4239
vn -0.7201 0.4315 -0.5434
vn -0.9972 0.0392 -0.063
vn -0.9588 0.1536 -0.2391
vn -0.866 0.3153 -0.3881
vn -0.72 0.4953 -0.4861
vn -0.9659 0.1645 -0.1998
vn -0.866 0.3606 -0.3464
vn -0.7199 0.5515 -0.4213
vn -0.9979 0.0484 -0.0428
vn -0.9659 0.1883 -0.178
vn -0.9979 0.0423 -0.049
vn -0.9658 0.209 -0.1533
vn -0.9979 0.0536 -0.0359
vn -0.9658 0.2265 -0.1262
vn -0.866 0.4342 -0.248
vn -0.866 0.4613 -0.1927
vn -0.7198 0.6381 -0.2735
vn -0.7197 0.667 -0.1927
vn -0.7199 0.5994 -0.3501
vn -0.866 0.4004 -0.2994
vn -0.9979 0.0579 -0.0285
vn -0.9658 0.2404 -0.0971
vn -0.866 0.4815 -0.1346
vn -0.7196 0.6858 -0.109
vn -0.9979 0.0613 -0.0205
vn -0.9659 0.2504 -0.0664
vn -0.866 0.4944 -0.0744
vn -0.7194 0.6942 -0.0236
vn -0.9979 0.0636 -0.0121
vn -0.9659 0.2565 -0.0347
vn -0.866 0.4998 -0.0131
vn -0.7193 0.6919 0.0622
vn -0.9946 0.1037 -0.0034
vn -0.9588 0.2841 -0.004
vn -0.866 0.4976 0.0485
vn -0.7191 0.6791 0.1471
vn -0.966 0.2573 0.0266
vn -0.866 0.4879 0.1092
vn -0.719 0.6559 0.2298
vn -0.9979 0.0626 0.0163
vn -0.9659 0.2523 0.0584
vn -0.997 0.0773 0.0094
vn -0.9658 0.2433 0.0894
vn -0.9979 0.0597 0.0245
vn -0.9658 0.2304 0.1189
vn -0.866 0.4465 0.225
vn -0.866 0.4155 0.2781
vn -0.7186 0.58 0.3836
vn -0.7184 0.5284 0.4524
vn -0.7188 0.6227 0.3091
vn -0.866 0.4708 0.1684
vn -0.9979 0.0559 0.0323
vn -0.9658 0.2138 0.1466
vn -0.866 0.3782 0.3271
vn -0.7182 0.4687 0.5142
vn -0.9979 0.0511 0.0395
vn -0.9658 0.1939 0.172
vn -0.866 0.3351 0.3711
vn -0.718 0.4019 0.5683
vn -0.9979 0.0454 0.046
vn -0.9659 0.1709 0.1946
vn -0.866 0.287 0.4094
vn -0.7178 0.3288 0.6138
vn -0.9979 0.039 0.0519
vn -0.9659 0.1452 0.2142
vn -0.866 0.2345 0.4416
vn -0.7175 0.2507 0.6499
vn -0.9972 0.035 0.0654
vn -0.9588 0.1302 0.2526
vn -0.866 0.1784 0.4671
vn -0.7172 0.1687 0.6761
vn -0.9659 0.0908 0.2424
vn -0.866 0.1197 0.4854
vn -0.717 0.0841 0.692
vn -0.9979 0.0129 0.0633
vn -0.9659 0.06 0.252
vn -0.9979 0.0213 0.0612
vn -0.9658 0.0283 0.2577
vn -0.9979 0.0043 0.0644
vn -0.9658 -0.004 0.2592
vn -0.866 -0.0023 0.5
vn -0.866 -0.0638 0.4959
vn -0.7169 -0.0716 0.6935
vn -0.7172 -0.1565 0.6791
vn -0.7331 0.0076 0.6801
vn -0.866 0.0591 0.4965
vn -0.9979 -0.0043 0.0644
vn -0.9658 -0.0361 0.2567
vn -0.866 -0.1242 0.4843
vn -0.7174 -0.2389 0.6544
vn -0.9979 -0.0129 0.0633
vn -0.9659 -0.0677 0.2501
vn -0.866 -0.1828 0.4654
vn -0.7177 -0.3177 0.6197
vn -0.9979 -0.0213 0.0612
vn -0.9659 -0.0982 0.2395
vn -0.866 -0.2386 0.4394
vn -0.7179 -0.3915 0.5756
vn -0.9972 -0.035 0.0654
vn -0.9588 -0.1386 0.2481
vn -0.866 -0.2908 0.4067
vn -0.7182 -0.4594 0.5227
vn -0.966 -0.1517 0.2096
vn -0.866 -0.3386 0.3679
vn -0.7184 -0.5202 0.4619
vn -0.9979 -0.0454 0.046
vn -0.9659 -0.1767 0.1893
vn -0.9979 -0.039 0.0519
vn -0.9658 -0.199 0.166
vn -0.9979 -0.0511 0.0395
vn -0.9658 -0.2182 0.14
vn -0.866 -0.4181 0.2742
vn -0.866 -0.4486 0.2208
vn -0.7188 -0.6171 0.3203
vn -0.7189 -0.6517 0.2417
vn -0.7186 -0.573 0.3941
vn -0.866 -0.3812 0.3235
vn -0.9979 -0.0559 0.0323
vn -0.9658 -0.2339 0.1118
vn -0.866 -0.4723 0.164
vn -0.7191 -0.6764 0.1594
vn -0.9979 -0.0597 0.0245
vn -0.9658 -0.2459 0.0819
vn -0.866 -0.4889 0.1047
vn -0.7193 -0.6907 0.0748
vn -0.9979 -0.0626 0.0163
vn -0.9659 -0.254 0.0507
vn -0.866 -0.4981 0.0438
vn -0.7194 -0.6945 -0.011
vn -0.997 -0.0773 0.0094
vn -0.9659 -0.2581 0.0187
vn -0.866 -0.4997 -0.0177
vn -0.7195 -0.6877 -0.0966
vn -0.9946 -0.1037 -0.0034
vn -0.9588 -0.2838 -0.0135
vn -0.866 -0.4937 -0.079
vn -0.7196 -0.6704 -0.1806
vn -0.9659 -0.2553 -0.0426
vn -0.866 -0.4802 -0.1391
vn -0.7197 -0.6429 -0.2619
vn -0.9979 -0.0613 -0.0205
vn -0.9659 -0.2483 -0.074
vn -0.9979 -0.0636 -0.0121
vn -0.9658 -0.2373 -0.1044
vn -0.9979 -0.0579 -0.0285
vn -0.9658 -0.2225 -0.1331
vn -0.866 -0.4318 -0.252
vn -0.866 -0.3976 -0.3032
vn -0.7199 -0.5591 -0.4112
vn -0.72 -0.5041 -0.477
vn -0.7198 -0.6056 -0.3392
vn -0.866 -0.4595 -0.197
vn -0.9979 -0.0536 -0.0359
vn -0.9658 -0.2042 -0.1596
vn -0.866 -0.3573 -0.3497
vn -0.7201 -0.4413 -0.5355
vn -0.9979 -0.0484 -0.0428
vn -0.9659 -0.1827 -0.1837
vn -0.866 -0.3116 -0.391
vn -0.7201 -0.3719 -0.5858
vn -0.9979 -0.0423 -0.049
vn -0.9659 -0.1584 -0.2048
vn -0.866 -0.2612 -0.4263
vn -0.7202 -0.2967 -0.6272
vn -0.9972 -0.0392 -0.063
vn -0.9588 -0.1455 -0.2441
vn -0.866 -0.2068 -0.4552
vn -0.7202 -0.2171 -0.6589
vn -0.966 -0.1056 -0.2362
vn -0.866 -0.1493 -0.4772
vn -0.7202 -0.1341 -0.6807
vn -0.9979 -0.0171 -0.0624
vn -0.9659 -0.0756 -0.2477
vn -0.9979 -0.0254 -0.0597
vn -0.9658 -0.0442 -0.2554
vn -0.9979 -0.0086 -0.064
vn -0.9658 -0.0122 -0.259
vn -0.866 -0.0284 -0.4992
vn -0.866 0.0331 -0.4989
vn -0.7202 0.0366 -0.6928
vn -0.7202 0.1218 -0.683
vn -0.7202 -0.0492 -0.692
vn -0.866 -0.0896 -0.4919
vn -0.1042 -0.4113 -0.9055
vn -0.0616 -0.7075 -0.704
vn -0.0096 -0.4112 -0.9115
vn -0.1348 -0.7075 -0.6937
vn -0.1977 -0.4115 -0.8897
vn -0.2066 -0.7075 -0.6758
vn -0.2891 -0.4117 -0.8642
vn -0.2761 -0.7075 -0.6505
vn -0.3772 -0.4122 -0.8294
vn -0.2907 -0.8004 -0.5244
vn -0.4612 -0.4127 -0.7855
vn -0.4053 -0.7075 -0.5789
vn -0.5401 -0.4133 -0.7331
vn -0.3933 -0.8004 -0.4525
vn -0.6132 -0.414 -0.6728
vn -0.5168 -0.7075 -0.482
vn -0.6794 -0.4148 -0.6052
vn -0.4788 -0.8004 -0.3608
vn -0.7383 -0.4156 -0.5312
vn -0.6057 -0.7075 -0.364
vn -0.7664 -0.4744 -0.433
vn -0.6405 -0.7075 -0.2987
vn -0.8369 -0.4156 -0.3562
vn -0.6682 -0.7075 -0.2301
vn -0.8697 -0.4147 -0.2675
vn -0.8104 -0.5552 -0.1871
vn -0.8932 -0.4139 -0.1758
vn -0.7014 -0.7075 -0.0861
vn -0.9069 -0.4132 -0.0821
vn -0.7066 -0.7075 -0.0123
vn -0.9108 -0.4126 0.0125
vn -0.8286 -0.5552 0.0725
vn -0.9048 -0.4121 0.1071
vn -0.8165 -0.5552 0.1587
vn -0.889 -0.4117 0.2005
vn -0.7954 -0.5552 0.2432
vn -0.8634 -0.4114 0.2918
vn -0.7656 -0.5552 0.325
vn -0.8285 -0.4113 0.38
vn -0.7275 -0.5552 0.4032
vn -0.7846 -0.4112 0.464
vn -0.6813 -0.5552 0.4771
vn -0.7321 -0.4113 0.543
vn -0.6277 -0.5552 0.5457
vn -0.6717 -0.4114 0.6161
vn -0.5673 -0.5552 0.6083
vn -0.6039 -0.4117 0.6824
vn -0.5006 -0.5552 0.6642
vn -0.5297 -0.4121 0.7413
vn -0.4284 -0.5552 0.7129
vn -0.4497 -0.4127 0.7922
vn -0.3515 -0.5552 0.7538
vn -0.3648 -0.4133 0.8343
vn -0.2708 -0.5552 0.7864
vn -0.2761 -0.414 0.8674
vn -0.1871 -0.5552 0.8104
vn -0.1844 -0.4148 0.891
vn -0.1014 -0.5552 0.8255
vn -0.0909 -0.4156 0.905
vn -0.0123 -0.7075 0.7066
vn 0.0082 -0.4744 0.8803
vn 0.0725 -0.5552 0.8286
vn 0.1099 -0.4156 0.9029
vn 0.1587 -0.5552 0.8165
vn 0.2032 -0.4147 0.887
vn 0.2432 -0.5552 0.7954
vn 0.2943 -0.414 0.8614
vn 0.325 -0.5552 0.7656
vn 0.3823 -0.4132 0.8265
vn 0.4032 -0.5552 0.7275
vn 0.4662 -0.4126 0.7825
vn 0.4771 -0.5552 0.6813
vn 0.5451 -0.4121 0.7301
vn 0.5457 -0.5552 0.6277
vn 0.6182 -0.4117 0.6696
vn 0.6083 -0.5552 0.5673
vn 0.6845 -0.4114 0.6018
vn 0.6642 -0.5552 0.5006
vn 0.7434 -0.4113 0.5275
vn 0.7129 -0.5552 0.4284
vn 0.7942 -0.4112 0.4475
vn 0.7538 -0.5552 0.3515
vn 0.8363 -0.4113 0.3625
vn 0.7864 -0.5552 0.2708
vn 0.8694 -0.4114 0.2736
vn 0.8104 -0.5552 0.1871
vn 0.893 -0.4117 0.1818
vn 0.8255 -0.5552 0.1014
vn 0.9069 -0.4121 0.088
vn 0.7066 -0.7075 0.0123
vn 0.9109 -0.4127 -0.0067
vn 0.8286 -0.5552 -0.0725
vn 0.905 -0.4133 -0.1012
vn 0.8165 -0.5552 -0.1587
vn 0.8892 -0.414 -0.1946
vn 0.7954 -0.5552 -0.2432
vn 0.8639 -0.4148 -0.2858
vn 0.7656 -0.5552 -0.325
vn 0.8292 -0.4156 -0.3738
vn 0.7275 -0.5552 -0.4032
vn 0.7582 -0.4744 -0.4472
vn 0.6813 -0.5552 -0.4771
vn 0.727 -0.4156 -0.5467
vn 0.6277 -0.5552 -0.5457
vn 0.6665 -0.4147 -0.6195
vn 0.5673 -0.5552 -0.6083
vn 0.5988 -0.4139 -0.6856
vn 0.5006 -0.5552 -0.6642
vn 0.5246 -0.4132 -0.7443
vn 0.4284 -0.5552 -0.7129
vn 0.4446 -0.4126 -0.795
vn 0.3515 -0.5552 -0.7538
vn 0.3597 -0.4121 -0.8371
vn 0.2708 -0.5552 -0.7864
vn 0.2708 -0.4117 -0.8701
vn 0.1871 -0.5552 -0.8104
vn 0.179 -0.4114 -0.8937
vn 0.0861 -0.7075 -0.7014
vn 0.0852 -0.4113 -0.9075
vn 0.0123 -0.7075 -0.7066
vn -0.0645 -0.8692 -0.4901
vn -0.0057 -0.996 -0.0887
vn 0 -0.8352 -0.55
vn -0.0146 -0.9961 -0.0876
vn -0.1231 -0.8593 -0.4964
vn -0.0232 -0.9961 -0.0855
vn -0.0634 -0.9681 -0.2425
vn -0.0873 -0.9681 -0.235
vn -0.152 -0.8978 -0.4133
vn -0.1924 -0.8978 -0.3961
vn -0.2541 -0.8078 -0.5319
vn -0.3064 -0.8075 -0.504
vn -0.1992 -0.808 -0.5545
vn -0.1101 -0.8978 -0.4264
vn -0.039 -0.9681 -0.2476
vn -0.1585 -0.8906 -0.4263
vn -0.036 -0.9949 -0.0946
vn -0.1102 -0.9681 -0.2251
vn -0.2309 -0.8978 -0.375
vn -0.3558 -0.8072 -0.471
vn -0.0393 -0.9961 -0.0792
vn -0.1321 -0.9681 -0.213
vn -0.2671 -0.8978 -0.3501
vn -0.4017 -0.8068 -0.4332
vn -0.3102 -0.8255 -0.4715
vn -0.0472 -0.9961 -0.075
vn -0.2476 -0.8367 -0.4885
vn -0.0546 -0.996 -0.0701
vn -0.3709 -0.8152 -0.4449
vn -0.0614 -0.996 -0.0643
vn -0.1717 -0.9681 -0.1826
vn -0.189 -0.9681 -0.1646
vn -0.3312 -0.8978 -0.2903
vn -0.3584 -0.8978 -0.2558
vn -0.4812 -0.8059 -0.345
vn -0.4994 -0.8148 -0.2944
vn -0.5357 -0.8058 -0.2523
vn -0.5577 -0.8063 -0.197
vn -0.574 -0.8068 -0.1398
vn -0.5847 -0.8072 -0.0814
vn -0.5894 -0.8075 -0.0222
vn -0.5883 -0.8078 0.0371
vn -0.5813 -0.808 0.096
vn -0.5685 -0.8081 0.1539
vn -0.5501 -0.8082 0.2102
vn -0.5261 -0.8083 0.2644
vn -0.4968 -0.8083 0.316
vn -0.4626 -0.8082 0.3644
vn -0.4237 -0.8081 0.4091
vn -0.3806 -0.808 0.4498
vn -0.3336 -0.8078 0.486
vn -0.2757 -0.8137 0.5118
vn -0.2219 -0.8072 0.547
vn -0.1729 -0.7979 0.5775
vn -0.1169 -0.8064 0.5797
vn -0.0581 -0.8059 0.5893
vn -0.0053 -0.8148 0.5797
vn 0.0493 -0.8058 0.5901
vn 0.0015 -0.8978 0.4404
vn 0.0454 -0.8978 0.438
vn 0.0016 -0.9681 0.2506
vn 0.0266 -0.9681 0.2492
vn 0.0013 -0.996 0.0889
vn 0.0102 -0.996 0.0883
vn 0.0332 -0.8113 0.5837
vn 0.0993 -0.8109 0.5766
vn 0.0189 -0.9961 0.0867
vn 0.1643 -0.8103 0.5626
vn 0.0275 -0.9961 0.0842
vn 0.0755 -0.9681 0.239
vn 0.0989 -0.9681 0.2303
vn 0.1725 -0.8978 0.4052
vn 0.212 -0.8978 0.386
vn 0.2755 -0.8075 0.5216
vn 0.3263 -0.8078 0.4909
vn 0.2219 -0.8072 0.547
vn 0.1313 -0.8978 0.4203
vn 0.0513 -0.9681 0.2454
vn -0.4277 -0.8063 -0.4087
vn -0.0675 -0.996 -0.0578
vn -0.2045 -0.9681 -0.145
vn -0.3821 -0.8978 -0.2189
vn -0.4788 -0.7991 -0.3635
vn -0.0729 -0.9961 -0.0507
vn -0.2179 -0.9681 -0.1239
vn -0.402 -0.8978 -0.1797
vn -0.5229 -0.7938 -0.3105
vn -0.0774 -0.9961 -0.0431
vn -0.2291 -0.9681 -0.1016
vn -0.4179 -0.8978 -0.1388
vn -0.4645 -0.8607 -0.2084
vn -0.0928 -0.9949 -0.0402
vn -0.2381 -0.9681 -0.0783
vn -0.4297 -0.8978 -0.0965
vn -0.0842 -0.9961 -0.0272
vn -0.2447 -0.9681 -0.0542
vn -0.4372 -0.8978 -0.0533
vn -0.604 -0.7881 -0.1187
vn -0.0867 -0.9961 -0.0186
vn -0.5861 -0.7885 -0.1862
vn -0.0883 -0.996 -0.0099
vn -0.6129 -0.7886 -0.0493
vn -0.0889 -0.996 -0.001
vn -0.2506 -0.9681 -0.0046
vn -0.2498 -0.9681 0.0204
vn -0.439 -0.8978 0.0344
vn -0.4334 -0.8978 0.078
vn -0.4403 -0.8978 -0.0095
vn -0.2489 -0.9681 -0.0295
vn -0.6129 -0.7899 0.0205
vn -0.0885 -0.996 0.0079
vn -0.2466 -0.9681 0.0451
vn -0.4235 -0.8978 0.1207
vn -0.6043 -0.7917 0.0896
vn -0.0872 -0.9961 0.0167
vn -0.2408 -0.9681 0.0695
vn -0.4094 -0.8978 0.1623
vn -0.5876 -0.7938 0.1568
vn -0.0849 -0.9961 0.0254
vn -0.2327 -0.9681 0.0931
vn -0.3912 -0.8978 0.2023
vn -0.4512 -0.8745 0.1777
vn -0.0936 -0.9949 0.0384
vn -0.2223 -0.9681 0.1158
vn -0.3691 -0.8978 0.2402
vn -0.0783 -0.9961 0.0413
vn -0.2097 -0.9681 0.1374
vn -0.3434 -0.8978 0.2758
vn -0.4932 -0.8008 0.3398
vn -0.0739 -0.9961 0.0491
vn -0.5314 -0.7984 0.2831
vn -0.0687 -0.996 0.0563
vn -0.4493 -0.803 0.3916
vn -0.0627 -0.996 0.063
vn -0.1783 -0.9681 0.1762
vn -0.1599 -0.9681 0.1931
vn -0.2819 -0.8978 0.3383
vn -0.2468 -0.8978 0.3647
vn -0.3142 -0.8978 0.3086
vn -0.1949 -0.9681 0.1576
vn -0.4002 -0.805 0.4381
vn -0.0561 -0.996 0.0689
vn -0.1398 -0.9681 0.208
vn -0.196 -0.9122 0.3598
vn -0.1725 -0.8978 0.4052
vn -0.1387 -0.8824 0.4496
vn -0.3465 -0.8067 0.4787
vn -0.0489 -0.9961 0.0741
vn -0.1042 -0.976 0.1912
vn -0.0989 -0.9681 0.2303
vn -0.0835 -0.959 0.2707
vn -0.0858 -0.8978 0.432
vn -0.289 -0.8081 0.5132
vn -0.0361 -0.9971 0.0667
vn -0.0407 -0.9949 0.0926
vn -0.0289 -0.9952 0.0932
vn -0.0481 -0.9681 0.246
vn -0.0423 -0.8978 0.4383
vn -0.1794 -0.8868 0.426
vn -0.1643 -0.8103 0.5626
vn -0.0164 -0.9961 0.0872
vn -0.0993 -0.8109 0.5766
vn -0.0076 -0.996 0.0885
vn -0.0332 -0.8113 0.5837
vn -0.0233 -0.9681 0.2496
vn 0.1794 -0.8868 0.426
vn 0.0407 -0.9949 0.0926
vn 0.1213 -0.9681 0.2193
vn 0.2493 -0.8978 0.363
vn 0.3738 -0.808 0.4555
vn 0.0433 -0.9961 0.0772
vn 0.1425 -0.9681 0.2062
vn 0.2842 -0.8978 0.3364
vn 0.4176 -0.8081 0.4154
vn 0.3465 -0.8067 0.4787
vn 0.0509 -0.9961 0.0727
vn 0.289 -0.8081 0.5132
vn 0.058 -0.996 0.0673
vn 0.4002 -0.805 0.4381
vn 0.0645 -0.996 0.0611
vn 0.1806 -0.9681 0.1738
vn 0.197 -0.9681 0.155
vn 0.3453 -0.8978 0.2734
vn 0.3708 -0.8978 0.2377
vn 0.492 -0.8083 0.3234
vn 0.5221 -0.8083 0.2723
vn 0.4571 -0.8082 0.3713
vn 0.3163 -0.8978 0.3064
vn 0.1624 -0.9681 0.191
vn 0.4493 -0.803 0.3916
vn 0.0703 -0.996 0.0543
vn 0.2114 -0.9681 0.1346
vn 0.3926 -0.8978 0.1996
vn 0.5468 -0.8082 0.2184
vn 0.4932 -0.8008 0.3398
vn 0.0753 -0.9961 0.047
vn 0.2238 -0.9681 0.1129
vn 0.4105 -0.8978 0.1595
vn 0.5662 -0.8081 0.1624
vn 0.5314 -0.7984 0.2831
vn 0.0794 -0.9961 0.0391
vn 0.2339 -0.9681 0.09
vn 0.4243 -0.8978 0.1178
vn 0.5798 -0.808 0.1047
vn 0.4512 -0.8745 0.1777
vn 0.0947 -0.9949 0.0356
vn 0.2417 -0.9681 0.0663
vn 0.434 -0.8978 0.075
vn 0.5877 -0.8078 0.0459
vn 0.0856 -0.9961 0.0229
vn 0.2471 -0.9681 0.0419
vn 0.4393 -0.8978 0.0314
vn 0.5897 -0.8075 -0.0134
vn 0.6043 -0.7917 0.0896
vn 0.0876 -0.9961 0.0143
vn 0.5876 -0.7938 0.1568
vn 0.0887 -0.996 0.0054
vn 0.6129 -0.7899 0.0205
vn 0.0888 -0.996 -0.0035
vn 0.2505 -0.9681 -0.0079
vn 0.2485 -0.9681 -0.0328
vn 0.4368 -0.8978 -0.0563
vn 0.429 -0.8978 -0.0995
vn 0.576 -0.8068 -0.1312
vn 0.5605 -0.8064 -0.1886
vn 0.5858 -0.8072 -0.0726
vn 0.4402 -0.8978 -0.0125
vn 0.2501 -0.9681 0.0171
vn 0.6129 -0.7886 -0.0493
vn 0.088 -0.996 -0.0124
vn 0.244 -0.9681 -0.0574
vn 0.417 -0.8978 -0.1417
vn 0.5394 -0.8059 -0.2443
vn 0.604 -0.7881 -0.1187
vn 0.0861 -0.9961 -0.0211
vn 0.2371 -0.9681 -0.0814
vn 0.4008 -0.8978 -0.1825
vn 0.5047 -0.8148 -0.2853
vn 0.4864 -0.8058 -0.3378
vn 0.4494 -0.8063 -0.3845
vn 0.4081 -0.8068 -0.4272
vn 0.3628 -0.8072 -0.4656
vn 0.314 -0.8075 -0.4994
vn 0.262 -0.8078 -0.5281
vn 0.2075 -0.808 -0.5515
vn 0.151 -0.8081 -0.5693
vn 0.093 -0.8082 -0.5815
vn 0.034 -0.8083 -0.5878
vn -0.0252 -0.8083 -0.5883
vn -0.0842 -0.8082 -0.5828
vn -0.1424 -0.8081 -0.5715
vn 0.5861 -0.7885 -0.1862
vn 0.0834 -0.9961 -0.0296
vn 0.2278 -0.9681 -0.1046
vn 0.3806 -0.8978 -0.2215
vn 0.4645 -0.8607 -0.2084
vn 0.0916 -0.9949 -0.043
vn 0.2162 -0.9681 -0.1267
vn 0.3567 -0.8978 -0.2583
vn 0.0762 -0.9961 -0.0453
vn 0.2026 -0.9681 -0.1476
vn 0.3292 -0.8978 -0.2925
vn 0.4788 -0.7991 -0.3635
vn 0.0714 -0.9961 -0.0528
vn 0.5229 -0.7938 -0.3105
vn 0.0658 -0.996 -0.0597
vn 0.4277 -0.8063 -0.4087
vn 0.0595 -0.996 -0.066
vn 0.1693 -0.9681 -0.1849
vn 0.15 -0.9681 -0.2008
vn 0.2647 -0.8978 -0.352
vn 0.2283 -0.8978 -0.3766
vn 0.2984 -0.8978 -0.3239
vn 0.1868 -0.9681 -0.1671
vn 0.3709 -0.8152 -0.4449
vn 0.0526 -0.996 -0.0716
vn 0.1293 -0.9681 -0.2147
vn 0.1897 -0.8978 -0.3974
vn 0.3102 -0.8255 -0.4715
vn 0.045 -0.9961 -0.0764
vn 0.1073 -0.9681 -0.2265
vn 0.1492 -0.8978 -0.4143
vn 0.2476 -0.8367 -0.4885
vn 0.0371 -0.9961 -0.0803
vn 0.0842 -0.9681 -0.2361
vn 0.1072 -0.8978 -0.4271
vn 0.1585 -0.8906 -0.4263
vn 0.0332 -0.9949 -0.0956
vn 0.0603 -0.9681 -0.2433
vn 0.0641 -0.8978 -0.4357
vn 0.0208 -0.9961 -0.0862
vn 0.0357 -0.9681 -0.2481
vn 0.0204 -0.8978 -0.4399
vn 0.0645 -0.8692 -0.4901
vn 0.0121 -0.9961 -0.088
vn 0.1231 -0.8593 -0.4964
vn 0.0032 -0.996 -0.0888
vn -0.0141 -0.9681 -0.2503
vn -0.0671 -0.8978 -0.4352
vn -0.0235 -0.8978 -0.4398
vn 0.0109 -0.9681 -0.2504
vn 0.1659 -0.8068 0.567
vn 0.0887 -0.8978 0.4314
vn 0.1082 -0.8063 0.5815
vn -0.4436 -0.8064 -0.3911
vn -0.3007 -0.8978 -0.3218
vn -0.1526 -0.9681 -0.1988
vn -0.0601 -0.8793 -0.4725
vn -0.0248 -0.9792 -0.2012
vn 0 -0.9066 -0.422
vn -0.0475 -0.9792 -0.1974
vn -0.1183 -0.8793 -0.4613
vn -0.0695 -0.9791 -0.1909
vn -0.1426 -0.9048 -0.4012
vn -0.1867 -0.9048 -0.3827
vn -0.2782 -0.7705 -0.5735
vn -0.3407 -0.7705 -0.5387
vn -0.3934 -0.645 -0.6551
vn -0.465 -0.6439 -0.6077
vn -0.3173 -0.6455 -0.6947
vn -0.2122 -0.7705 -0.601
vn -0.0968 -0.9048 -0.4146
vn -0.1746 -0.8794 -0.4429
vn -0.0907 -0.9791 -0.1819
vn -0.2283 -0.9048 -0.3594
vn -0.3988 -0.7705 -0.4972
vn -0.531 -0.6426 -0.5524
vn -0.2282 -0.8795 -0.4177
vn -0.1106 -0.9791 -0.1705
vn -0.2671 -0.9048 -0.3315
vn -0.452 -0.7705 -0.4494
vn -0.5902 -0.6417 -0.4897
vn -0.2782 -0.8795 -0.3861
vn -0.1291 -0.9791 -0.1568
vn -0.3026 -0.9048 -0.2995
vn -0.4995 -0.7705 -0.396
vn -0.6419 -0.6412 -0.4205
vn -0.324 -0.8795 -0.3486
vn -0.1459 -0.9792 -0.1412
vn -0.3342 -0.9048 -0.2638
vn -0.5407 -0.7705 -0.3376
vn -0.6849 -0.6414 -0.3456
vn -0.3648 -0.8795 -0.3057
vn -0.1608 -0.9792 -0.1237
vn -0.3616 -0.9048 -0.2247
vn -0.5751 -0.7705 -0.2749
vn -0.7189 -0.6421 -0.2663
vn -0.3548 -0.9068 -0.2278
vn -0.1918 -0.9745 -0.1164
vn -0.3845 -0.9048 -0.1828
vn -0.6022 -0.7705 -0.2088
vn -0.7433 -0.6433 -0.1835
vn -0.1835 -0.9792 -0.0861
vn -0.4026 -0.9048 -0.1386
vn -0.6218 -0.7705 -0.1401
vn -0.758 -0.6447 -0.0986
vn -0.4513 -0.8797 -0.1496
vn -0.1923 -0.9792 -0.0648
vn -0.4295 -0.8796 -0.2046
vn -0.1985 -0.9792 -0.0427
vn -0.4661 -0.8799 -0.0924
vn -0.2022 -0.9791 -0.0201
vn -0.4233 -0.9048 -0.0455
vn -0.4258 -0.9048 0.0021
vn -0.6374 -0.7705 0.0018
vn -0.6332 -0.7705 0.0732
vn -0.758 -0.6482 0.0729
vn -0.7434 -0.65 0.1573
vn -0.7629 -0.6464 -0.0128
vn -0.6336 -0.7705 -0.0696
vn -0.4156 -0.9048 -0.0927
vn -0.4738 -0.88 -0.0338
vn -0.2032 -0.9791 0.0029
vn -0.4228 -0.9048 0.0498
vn -0.621 -0.7705 0.1436
vn -0.7196 -0.6519 0.2393
vn -0.4741 -0.8801 0.0253
vn -0.2016 -0.9791 0.0258
vn -0.4146 -0.9048 0.0968
vn -0.601 -0.7705 0.2122
vn -0.6868 -0.6536 0.318
vn -0.4671 -0.8802 0.0839
vn -0.1972 -0.9792 0.0484
vn -0.4012 -0.9048 0.1426
vn -0.5735 -0.7705 0.2782
vn -0.6455 -0.6552 0.3924
vn -0.453 -0.8803 0.1412
vn -0.1903 -0.9792 0.0703
vn -0.3827 -0.9048 0.1867
vn -0.5387 -0.7705 0.3407
vn -0.5963 -0.6567 0.4617
vn -0.4319 -0.8803 0.1963
vn -0.181 -0.9792 0.0913
vn -0.3594 -0.9048 0.2283
vn -0.4972 -0.7705 0.3988
vn -0.5398 -0.6581 0.5249
vn -0.3574 -0.9075 0.2208
vn -0.1881 -0.9745 0.1223
vn -0.3315 -0.9048 0.2671
vn -0.4494 -0.7705 0.452
vn -0.4768 -0.6592 0.5814
vn -0.1572 -0.9792 0.1282
vn -0.2995 -0.9048 0.3026
vn -0.396 -0.7705 0.4995
vn -0.408 -0.6602 0.6306
vn -0.3284 -0.8809 0.3408
vn -0.1418 -0.9792 0.1453
vn -0.3685 -0.8807 0.2977
vn -0.1246 -0.9791 0.1605
vn -0.2834 -0.8811 0.3787
vn -0.1057 -0.9791 0.1736
vn -0.2247 -0.9048 0.3616
vn -0.1828 -0.9048 0.3845
vn -0.2749 -0.7705 0.5751
vn -0.2088 -0.7705 0.6022
vn -0.2565 -0.6617 0.7045
vn -0.1757 -0.6622 0.7285
vn -0.3343 -0.6611 0.6717
vn -0.3376 -0.7705 0.5407
vn -0.2638 -0.9048 0.3342
vn -0.234 -0.8813 0.4106
vn -0.0854 -0.9791 0.1844
vn -0.1386 -0.9048 0.4026
vn -0.1401 -0.7705 0.6218
vn -0.0927 -0.6625 0.7433
vn -0.1812 -0.8814 0.4362
vn -0.064 -0.9791 0.1928
vn -0.0927 -0.9048 0.4156
vn -0.0696 -0.7705 0.6336
vn -0.0086 -0.6626 0.749
vn -0.1256 -0.8815 0.4551
vn -0.0418 -0.9792 0.1986
vn -0.0455 -0.9048 0.4233
vn 0.0018 -0.7705 0.6374
vn 0.0756 -0.6625 0.7453
vn -0.0681 -0.8817 0.4669
vn -0.0191 -0.9792 0.2019
vn 0.0021 -0.9048 0.4258
vn 0.0732 -0.7705 0.6332
vn 0.1589 -0.6622 0.7323
vn 0 -0.8818 0.4717
vn 0.0035 -0.9745 0.2243
vn 0.0498 -0.9048 0.4228
vn 0.1436 -0.7705 0.621
vn 0.2403 -0.6617 0.7102
vn 0.0248 -0.9792 0.2012
vn 0.0968 -0.9048 0.4146
vn 0.2122 -0.7705 0.601
vn 0.3189 -0.6611 0.6792
vn 0.1256 -0.8815 0.4551
vn 0.0475 -0.9792 0.1973
vn 0.0681 -0.8817 0.4669
vn 0.0695 -0.9792 0.1909
vn 0.1812 -0.8814 0.4362
vn 0.0907 -0.9791 0.1819
vn 0.1867 -0.9048 0.3827
vn 0.2283 -0.9048 0.3594
vn 0.3407 -0.7705 0.5387
vn 0.3988 -0.7705 0.4972
vn 0.4635 -0.6593 0.592
vn 0.5279 -0.6581 0.5369
vn 0.3936 -0.6603 0.6397
vn 0.2782 -0.7705 0.5735
vn 0.1426 -0.9048 0.4012
vn 0.234 -0.8813 0.4106
vn 0.1106 -0.9791 0.1705
vn 0.2671 -0.9048 0.3315
vn 0.452 -0.7705 0.4494
vn 0.5858 -0.6567 0.4749
vn 0.2834 -0.8811 0.3787
vn 0.1291 -0.9791 0.1568
vn 0.3026 -0.9048 0.2995
vn 0.4995 -0.7705 0.396
vn 0.6366 -0.6552 0.4067
vn 0.3284 -0.8809 0.3408
vn 0.1459 -0.9792 0.1412
vn 0.3342 -0.9048 0.2638
vn 0.5407 -0.7705 0.3376
vn 0.6796 -0.6536 0.3331
vn 0.3685 -0.8807 0.2977
vn 0.1608 -0.9792 0.1237
vn 0.3616 -0.9048 0.2247
vn 0.5751 -0.7705 0.2749
vn 0.7142 -0.6519 0.255
vn 0.3574 -0.9075 0.2208
vn 0.1918 -0.9745 0.1164
vn 0.3845 -0.9048 0.1828
vn 0.6022 -0.7705 0.2088
vn 0.7398 -0.6501 0.1733
vn 0.1835 -0.9792 0.0861
vn 0.4026 -0.9048 0.1386
vn 0.6218 -0.7705 0.1401
vn 0.7562 -0.6483 0.0891
vn 0.453 -0.8803 0.1412
vn 0.1923 -0.9792 0.0648
vn 0.4319 -0.8803 0.1963
vn 0.1985 -0.9792 0.0427
vn 0.4671 -0.8802 0.0839
vn 0.2022 -0.9791 0.0201
vn 0.4233 -0.9048 0.0455
vn 0.4258 -0.9048 -0.0021
vn 0.6374 -0.7705 -0.0018
vn 0.6332 -0.7705 -0.0732
vn 0.7599 -0.6448 -0.0828
vn 0.7469 -0.6433 -0.1682
vn 0.7629 -0.6465 0.0033
vn 0.6336 -0.7705 0.0696
vn 0.4156 -0.9048 0.0927
vn 0.4741 -0.8801 0.0253
vn 0.2032 -0.9791 -0.0029
vn 0.4228 -0.9048 -0.0498
vn 0.621 -0.7705 -0.1436
vn 0.7241 -0.6422 -0.2516
vn 0.4738 -0.88 -0.0338
vn 0.2016 -0.9791 -0.0258
vn 0.4146 -0.9048 -0.0968
vn 0.601 -0.7705 -0.2122
vn 0.6916 -0.6415 -0.3319
vn 0.4661 -0.8799 -0.0924
vn 0.1972 -0.9792 -0.0484
vn 0.4012 -0.9048 -0.1426
vn 0.5735 -0.7705 -0.2782
vn 0.6499 -0.6413 -0.4078
vn 0.4513 -0.8797 -0.1496
vn 0.1903 -0.9792 -0.0703
vn 0.3827 -0.9048 -0.1867
vn 0.5387 -0.7705 -0.3407
vn 0.5995 -0.6418 -0.4782
vn 0.4295 -0.8796 -0.2046
vn 0.181 -0.9792 -0.0913
vn 0.3594 -0.9048 -0.2283
vn 0.4972 -0.7705 -0.3988
vn 0.5413 -0.6427 -0.5421
vn 0.3548 -0.9068 -0.2278
vn 0.1881 -0.9745 -0.1223
vn 0.3315 -0.9048 -0.2671
vn 0.4494 -0.7705 -0.452
vn 0.4762 -0.6439 -0.5988
vn 0.1572 -0.9792 -0.1282
vn 0.2995 -0.9048 -0.3026
vn 0.396 -0.7705 -0.4995
vn 0.4054 -0.6451 -0.6477
vn 0.324 -0.8795 -0.3486
vn 0.1418 -0.9792 -0.1453
vn 0.3648 -0.8795 -0.3057
vn 0.1246 -0.9791 -0.1605
vn 0.2782 -0.8795 -0.3861
vn 0.1057 -0.9791 -0.1736
vn 0.2247 -0.9048 -0.3616
vn 0.1828 -0.9048 -0.3845
vn 0.2749 -0.7705 -0.5751
vn 0.2088 -0.7705 -0.6022
vn 0.2509 -0.6447 -0.7221
vn 0.1691 -0.6415 -0.7483
vn 0.33 -0.6456 -0.6887
vn 0.3376 -0.7705 -0.5407
vn 0.2638 -0.9048 -0.3342
vn 0.2282 -0.8795 -0.4177
vn 0.0854 -0.9791 -0.1844
vn 0.1386 -0.9048 -0.4026
vn 0.1401 -0.7705 -0.6218
vn 0.085 -0.6349 -0.7679
vn 0.1746 -0.8794 -0.4429
vn 0.064 -0.9791 -0.1928
vn 0.0927 -0.9048 -0.4156
vn 0.0696 -0.7705 -0.6336
vn 0.0082 -0.6463 -0.7631
vn -0.0713 -0.6348 -0.7694
vn -0.1557 -0.6414 -0.7513
vn -0.2378 -0.6446 -0.7266
vn 0.1183 -0.8793 -0.4613
vn 0.0418 -0.9792 -0.1986
vn 0.0455 -0.9048 -0.4233
vn -0.0018 -0.7705 -0.6374
vn 0.0601 -0.8793 -0.4725
vn 0.0191 -0.9792 -0.2019
vn -0.0021 -0.9048 -0.4258
vn -0.0732 -0.7705 -0.6332
vn -0.0035 -0.9745 -0.2243
vn -0.0498 -0.9048 -0.4228
vn -0.1436 -0.7705 -0.621
vn -0.0086 -0.9979 -0.064
vn -0.0201 -0.9658 -0.2585
vn 0 -0.9979 -0.0645
vn -0.052 -0.9658 -0.2539
vn -0.0171 -0.9979 -0.0624
vn -0.0831 -0.9659 -0.2453
vn -0.1538 -0.866 -0.4757
vn -0.2111 -0.866 -0.4532
vn -0.2853 -0.7202 -0.6324
vn -0.3612 -0.7201 -0.5924
vn -0.2051 -0.7202 -0.6628
vn -0.0942 -0.866 -0.491
vn -0.0254 -0.9979 -0.0597
vn -0.1129 -0.9659 -0.2328
vn -0.2652 -0.866 -0.4239
vn -0.4315 -0.7201 -0.5434
vn -0.0392 -0.9972 -0.063
vn -0.1536 -0.9588 -0.2391
vn -0.3153 -0.866 -0.3881
vn -0.4953 -0.72 -0.4861
vn -0.1645 -0.9659 -0.1998
vn -0.3606 -0.866 -0.3464
vn -0.5515 -0.7199 -0.4213
vn -0.0484 -0.9979 -0.0428
vn -0.1883 -0.9659 -0.178
vn -0.0423 -0.9979 -0.049
vn -0.209 -0.9658 -0.1533
vn -0.0536 -0.9979 -0.0359
vn -0.2265 -0.9658 -0.1262
vn -0.4342 -0.866 -0.248
vn -0.4613 -0.866 -0.1927
vn -0.6381 -0.7198 -0.2735
vn -0.667 -0.7197 -0.1927
vn -0.5994 -0.7199 -0.3501
vn -0.4004 -0.866 -0.2994
vn -0.0579 -0.9979 -0.0285
vn -0.2404 -0.9658 -0.0971
vn -0.4815 -0.866 -0.1346
vn -0.6858 -0.7196 -0.109
vn -0.0613 -0.9979 -0.0205
vn -0.2504 -0.9659 -0.0664
vn -0.4944 -0.866 -0.0744
vn -0.6942 -0.7194 -0.0236
vn -0.0636 -0.9979 -0.0121
vn -0.2565 -0.9659 -0.0347
vn -0.4998 -0.866 -0.0131
vn -0.6919 -0.7193 0.0622
vn -0.1037 -0.9946 -0.0034
vn -0.2841 -0.9588 -0.004
vn -0.4976 -0.866 0.0485
vn -0.6791 -0.7191 0.1471
vn -0.2573 -0.966 0.0266
vn -0.4879 -0.866 0.1092
vn -0.6559 -0.719 0.2298
vn -0.0626 -0.9979 0.0163
vn -0.2523 -0.9659 0.0584
vn -0.0773 -0.997 0.0094
vn -0.2433 -0.9658 0.0894
vn -0.0597 -0.9979 0.0245
vn -0.2304 -0.9658 0.1189
vn -0.4465 -0.866 0.225
vn -0.4155 -0.866 0.2781
vn -0.58 -0.7186 0.3836
vn -0.5284 -0.7184 0.4524
vn -0.6227 -0.7188 0.3091
vn -0.4708 -0.866 0.1684
vn -0.0559 -0.9979 0.0323
vn -0.2138 -0.9658 0.1466
vn -0.3782 -0.866 0.3271
vn -0.4687 -0.7182 0.5142
vn -0.0511 -0.9979 0.0395
vn -0.1939 -0.9658 0.172
vn -0.3351 -0.866 0.3711
vn -0.4019 -0.718 0.5683
vn -0.0454 -0.9979 0.046
vn -0.1709 -0.9659 0.1946
vn -0.287 -0.866 0.4094
vn -0.3288 -0.7178 0.6138
vn -0.039 -0.9979 0.0519
vn -0.1452 -0.9659 0.2142
vn -0.2345 -0.866 0.4416
vn -0.2507 -0.7175 0.6499
vn -0.035 -0.9972 0.0654
vn -0.1302 -0.9588 0.2526
vn -0.1784 -0.866 0.4671
vn -0.1687 -0.7172 0.6761
vn -0.0908 -0.9659 0.2424
vn -0.1197 -0.866 0.4854
vn -0.0841 -0.717 0.692
vn -0.0129 -0.9979 0.0633
vn -0.06 -0.9659 0.252
vn -0.0213 -0.9979 0.0612
vn -0.0283 -0.9658 0.2577
vn -0.0043 -0.9979 0.0644
vn 0.004 -0.9658 0.2592
vn 0.0023 -0.866 0.5
vn 0.0638 -0.866 0.4959
vn 0.0716 -0.7169 0.6935
vn 0.1565 -0.7172 0.6791
vn -0.0076 -0.7331 0.6801
vn -0.0591 -0.866 0.4965
vn 0.0043 -0.9979 0.0644
vn 0.0361 -0.9658 0.2567
vn 0.1242 -0.866 0.4843
vn 0.2389 -0.7174 0.6544
vn 0.0129 -0.9979 0.0633
vn 0.0677 -0.9659 0.2501
vn 0.1828 -0.866 0.4654
vn 0.3177 -0.7177 0.6197
vn 0.0213 -0.9979 0.0612
vn 0.0982 -0.9659 0.2395
vn 0.2386 -0.866 0.4394
vn 0.3915 -0.7179 0.5756
vn 0.035 -0.9972 0.0654
vn 0.1386 -0.9588 0.2481
vn 0.2908 -0.866 0.4067
vn 0.4594 -0.7182 0.5227
vn 0.1517 -0.966 0.2096
vn 0.3386 -0.866 0.3679
vn 0.5202 -0.7184 0.4619
vn 0.0454 -0.9979 0.046
vn 0.1767 -0.9659 0.1893
vn 0.039 -0.9979 0.0519
vn 0.199 -0.9658 0.166
vn 0.0511 -0.9979 0.0395
vn 0.2182 -0.9658 0.14
vn 0.4181 -0.866 0.2742
vn 0.4486 -0.866 0.2208
vn 0.6171 -0.7188 0.3203
vn 0.6517 -0.7189 0.2417
vn 0.573 -0.7186 0.3941
vn 0.3812 -0.866 0.3235
vn 0.0559 -0.9979 0.0323
vn 0.2339 -0.9658 0.1118
vn 0.4723 -0.866 0.164
vn 0.6764 -0.7191 0.1594
vn 0.0597 -0.9979 0.0245
vn 0.2459 -0.9658 0.0819
vn 0.4889 -0.866 0.1047
vn 0.6907 -0.7193 0.0748
vn 0.0626 -0.9979 0.0163
vn 0.254 -0.9659 0.0507
vn 0.4981 -0.866 0.0438
vn 0.6945 -0.7194 -0.011
vn 0.0773 -0.997 0.0094
vn 0.2581 -0.9659 0.0187
vn 0.4997 -0.866 -0.0177
vn 0.6877 -0.7195 -0.0966
vn 0.1037 -0.9946 -0.0034
vn 0.2838 -0.9588 -0.0135
vn 0.4937 -0.866 -0.079
vn 0.6704 -0.7196 -0.1806
vn 0.2553 -0.9659 -0.0426
vn 0.4802 -0.866 -0.1391
vn 0.6429 -0.7197 -0.2619
vn 0.0613 -0.9979 -0.0205
vn 0.2483 -0.9659 -0.074
vn 0.0636 -0.9979 -0.0121
vn 0.2373 -0.9658 -0.1044
vn 0.0579 -0.9979 -0.0285
vn 0.2225 -0.9658 -0.1331
vn 0.4318 -0.866 -0.252
vn 0.3976 -0.866 -0.3032
vn 0.5591 -0.7199 -0.4112
vn 0.5041 -0.72 -0.477
vn 0.6056 -0.7198 -0.3392
vn 0.4595 -0.866 -0.197
vn 0.0536 -0.9979 -0.0359
vn 0.2042 -0.9658 -0.1596
vn 0.3573 -0.866 -0.3497
vn 0.4413 -0.7201 -0.5355
vn 0.0484 -0.9979 -0.0428
vn 0.1827 -0.9659 -0.1837
vn 0.3116 -0.866 -0.391
vn 0.3719 -0.7201 -0.5858
vn 0.0423 -0.9979 -0.049
vn 0.1584 -0.9659 -0.2048
vn 0.2612 -0.866 -0.4263
vn 0.2967 -0.7202 -0.6272
vn 0.0392 -0.9972 -0.063
vn 0.1455 -0.9588 -0.2441
vn 0.2068 -0.866 -0.4552
vn 0.2171 -0.7202 -0.6589
vn 0.1056 -0.966 -0.2362
vn 0.1493 -0.866 -0.4772
vn 0.1341 -0.7202 -0.6807
vn 0.0171 -0.9979 -0.0624
vn 0.0756 -0.9659 -0.2477
vn 0.0254 -0.9979 -0.0597
vn 0.0442 -0.9658 -0.2554
vn 0.0086 -0.9979 -0.064
vn 0.0122 -0.9658 -0.259
vn 0.0284 -0.866 -0.4992
vn -0.0331 -0.866 -0.4989
vn -0.0366 -0.7202 -0.6928
vn -0.1218 -0.7202 -0.683
vn 0.0492 -0.7202 -0.692
vn 0.0896 -0.866 -0.4919
vn 0.5572 -0.7976 0.2312
vn 0.7094 -0.6906 0.1409
vn 0.3181 -0.9473 0.0383
vn 0.7094 -0.6368 0.302
vn 0.7094 -0.6103 0.3525
vn 0.7094 -0.546 0.4457
vn 0.7094 -0.5082 0.4883
vn 0.8019 -0.359 0.4776
vn 0.7094 -0.3766 0.5958
vn 0.5572 -0.3256 0.7639
vn 0.7094 -0.2231 0.6686
vn 0.7094 -0.1132 0.6957
vn 0.7094 -0.0566 0.7025
vn 0.5572 0.0667 0.8277
vn 0.7094 0.1132 0.6957
vn 0.5572 0.2628 0.7877
vn 0.7094 0.2764 0.6484
vn 0.5572 0.4437 0.7019
vn 0.7094 0.4235 0.5634
vn 0.5572 0.5988 0.5753
vn 0.7094 0.546 0.4457
vn 0.5572 0.7191 0.4153
vn 0.7094 0.6368 0.302
vn 0.5572 0.7976 0.2312
vn 0.7094 0.6906 0.1409
vn 0.5572 0.8297 0.0336
vn 0.3181 0.9473 -0.0383
vn 0.859 0.5017 -0.1023
vn 0.5572 0.7976 -0.2312
vn 0.7094 0.6368 -0.302
vn 0.7094 0.6103 -0.3525
vn 0.7094 0.546 -0.4457
vn 0.7094 0.5082 -0.4883
vn 0.7094 0.4235 -0.5634
vn 0.7094 0.3766 -0.5958
vn 0.5572 0.3256 -0.7639
vn 0.7094 0.2231 -0.6686
vn 0.7094 0.1132 -0.6957
vn 0.7094 0.0566 -0.7025
vn 0.7094 -0.0566 -0.7025
vn 0.7094 -0.1132 -0.6957
vn 0.5572 -0.2628 -0.7877
vn 0.7094 -0.2764 -0.6484
vn 0.7094 -0.3766 -0.5958
vn 0.7094 -0.4235 -0.5634
vn 0.7094 -0.5082 -0.4883
vn 0.7094 -0.546 -0.4457
vn 0.5572 -0.7191 -0.4153
vn 0.7094 -0.6368 -0.302
vn 0.7094 -0.6769 -0.1962
vn 0.7094 -0.6906 -0.1409
vn 0.7094 -0.7042 -0.0285
vn 0.7976 0.5572 0.2312
vn 0.6906 0.7094 0.1409
vn 0.9473 0.3181 0.0383
vn 0.6368 0.7094 0.302
vn 0.6103 0.7094 0.3525
vn 0.546 0.7094 0.4457
vn 0.5082 0.7094 0.4883
vn 0.359 0.8019 0.4776
vn 0.3766 0.7094 0.5958
vn 0.3256 0.5572 0.7639
vn 0.2231 0.7094 0.6686
vn 0.1132 0.7094 0.6957
vn 0.0566 0.7094 0.7025
vn -0.0667 0.5572 0.8277
vn -0.1132 0.7094 0.6957
vn -0.2628 0.5572 0.7877
vn -0.2764 0.7094 0.6484
vn -0.4437 0.5572 0.7019
vn -0.4235 0.7094 0.5634
vn -0.5988 0.5572 0.5753
vn -0.546 0.7094 0.4457
vn -0.7191 0.5572 0.4153
vn -0.6368 0.7094 0.302
vn -0.7976 0.5572 0.2312
vn -0.6906 0.7094 0.1409
vn -0.8297 0.5572 0.0336
vn -0.9473 0.3181 -0.0383
vn -0.5017 0.859 -0.1023
vn -0.7976 0.5572 -0.2312
vn -0.6368 0.7094 -0.302
vn -0.6103 0.7094 -0.3525
vn -0.546 0.7094 -0.4457
vn -0.5082 0.7094 -0.4883
vn -0.4235 0.7094 -0.5634
vn -0.3766 0.7094 -0.5958
vn -0.3256 0.5572 -0.7639
vn -0.2231 0.7094 -0.6686
vn -0.1132 0.7094 -0.6957
vn -0.0566 0.7094 -0.7025
vn 0.0566 0.7094 -0.7025
vn 0.1132 0.7094 -0.6957
vn 0.2628 0.5572 -0.7877
vn 0.2764 0.7094 -0.6484
vn 0.3766 0.7094 -0.5958
vn 0.4235 0.7094 -0.5634
vn 0.5082 0.7094 -0.4883
vn 0.546 0.7094 -0.4457
vn 0.7191 0.5572 -0.4153
vn 0.6368 0.7094 -0.302
vn 0.6769 0.7094 -0.1962
vn 0.6906 0.7094 -0.1409
vn 0.7042 0.7094 -0.0285
vn -0.5572 0.7976 0.2312
vn -0.7094 0.6906 0.1409
vn -0.3181 0.9473 0.0383
vn -0.7094 0.6368 0.302
vn -0.7094 0.6103 0.3525
vn -0.7094 0.546 0.4457
vn -0.7094 0.5082 0.4883
vn -0.8019 0.359 0.4776
vn -0.7094 0.3766 0.5958
vn -0.5572 0.3256 0.7639
vn -0.7094 0.2231 0.6686
vn -0.7094 0.1132 0.6957
vn -0.7094 0.0566 0.7025
vn -0.5572 -0.0667 0.8277
vn -0.7094 -0.1132 0.6957
vn -0.5572 -0.2628 0.7877
vn -0.7094 -0.2764 0.6484
vn -0.5572 -0.4437 0.7019
vn -0.7094 -0.4235 0.5634
vn -0.5572 -0.5988 0.5753
vn -0.7094 -0.546 0.4457
vn -0.5572 -0.7191 0.4153
vn -0.7094 -0.6368 0.302
vn -0.5572 -0.7976 0.2312
vn -0.7094 -0.6906 0.1409
vn -0.5572 -0.8297 0.0336
vn -0.3181 -0.9473 -0.0383
vn -0.859 -0.5017 -0.1023
vn -0.5572 -0.7976 -0.2312
vn -0.7094 -0.6368 -0.302
vn -0.7094 -0.6103 -0.3525
vn -0.7094 -0.546 -0.4457
vn -0.7094 -0.5082 -0.4883
vn -0.7094 -0.4235 -0.5634
vn -0.7094 -0.3766 -0.5958
vn -0.5572 -0.3256 -0.7639
vn -0.7094 -0.2231 -0.6686
vn -0.7094 -0.1132 -0.6957
vn -0.7094 -0.0566 -0.7025
vn -0.7094 0.0566 -0.7025
vn -0.7094 0.1132 -0.6957
vn -0.5572 0.2628 -0.7877
vn -0.7094 0.2764 -0.6484
vn -0.7094 0.3766 -0.5958
vn -0.7094 0.4235 -0.5634
vn -0.7094 0.5082 -0.4883
vn -0.7094 0.546 -0.4457
vn -0.5572 0.7191 -0.4153
vn -0.7094 0.6368 -0.302
vn -0.7094 0.6769 -0.1962
vn -0.7094 0.6906 -0.1409
vn -0.7094 0.7042 -0.0285
vn -0.7976 -0.5572 0.2312
vn -0.6906 -0.7094 0.1409
vn -0.9473 -0.3181 0.0383
vn -0.6368 -0.7094 0.302
vn -0.6103 -0.7094 0.3525
vn -0.546 -0.7094 0.4457
vn -0.5082 -0.7094 0.4883
vn -0.359 -0.8019 0.4776
vn -0.3766 -0.7094 0.5958
vn -0.3256 -0.5572 0.7639
vn -0.2231 -0.7094 0.6686
vn -0.1132 -0.7094 0.6957
vn -0.0566 -0.7094 0.7025
vn 0.0667 -0.5572 0.8277
vn 0.1132 -0.7094 0.6957
vn 0.2628 -0.5572 0.7877
vn 0.2764 -0.7094 0.6484
vn 0.4437 -0.5572 0.7019
vn 0.4235 -0.7094 0.5634
vn 0.5988 -0.5572 0.5753
vn 0.546 -0.7094 0.4457
vn 0.7191 -0.5572 0.4153
vn 0.6368 -0.7094 0.302
vn 0.7976 -0.5572 0.2312
vn 0.6906 -0.7094 0.1409
vn 0.8297 -0.5572 0.0336
vn 0.9473 -0.3181 -0.0383
vn 0.5017 -0.859 -0.1023
vn 0.7976 -0.5572 -0.2312
vn 0.6368 -0.7094 -0.302
vn 0.6103 -0.7094 -0.3525
vn 0.546 -0.7094 -0.4457
vn 0.5082 -0.7094 -0.4883
vn 0.4235 -0.7094 -0.5634
vn 0.3766 -0.7094 -0.5958
vn 0.3256 -0.5572 -0.7639
vn 0.2231 -0.7094 -0.6686
vn 0.1132 -0.7094 -0.6957
vn 0.0566 -0.7094 -0.7025
vn -0.0566 -0.7094 -0.7025
vn -0.1132 -0.7094 -0.6957
vn -0.2628 -0.5572 -0.7877
vn -0.2764 -0.7094 -0.6484
vn -0.3766 -0.7094 -0.5958
vn -0.4235 -0.7094 -0.5634
vn -0.5082 -0.7094 -0.4883
vn -0.546 -0.7094 -0.4457
vn -0.7191 -0.5572 -0.4153
vn -0.6368 -0.7094 -0.302
vn -0.6769 -0.7094 -0.1962
vn -0.6906 -0.7094 -0.1409
vn -0.7042 -0.7094 -0.0285
vn 0.8165 -0.4082 -0.4082
vn 0.4913 -0.6167 -0.615
vn -0.3333 -0.6667 -0.6667
vn -0.6751 -0.5378 -0.5049
vn -0.8165 0.4082 -0.4082
vn -0.5378 0.6751 -0.5049
vn 0.3333 0.6667 -0.6667
vn 0.7287 0.5805 -0.3633
vn 0.594 0.3786 -0.7098
vn 0.6249 -0.3251 -0.7098
vn 0.6718 0.212 -0.7098
vn 0.947 0.0416 -0.3184
vn -0.6249 0.3251 -0.7098
vn -0.594 -0.3786 -0.7098
vn -0.6877 0.1523 -0.7098
vn -0.947 -0.0416 -0.3184
vn -0.5965 0.0262 -0.8022
vn 0.1291 -0.5829 -0.8022
vn 0.4758 -0.5194 -0.7098
vn 0.5035 -0.3209 -0.8022
vn 0.5297 0.2756 -0.8022
vn 0.5194 0.4758 -0.7098
vn 0.1797 0.5694 -0.8022
vn 0.5414 0.1113 -0.8334
vn 0.8304 0.0281 -0.5565
vn 0.6574 0.2561 -0.7087
vn 0.5924 0.3832 -0.7087
vn 0.5925 0.5825 -0.5565
vn 0.3932 0.5857 -0.7087
vn 0.2673 0.6529 -0.7087
vn 0.1304 0.6933 -0.7087
vn -0.0118 0.7054 -0.7087
vn -0.1809 0.8109 -0.5565
vn -0.2891 0.6436 -0.7087
vn -0.4127 0.5722 -0.7087
vn -0.5194 0.4774 -0.7087
vn -0.7124 0.4276 -0.5565
vn -0.6656 0.2339 -0.7087
vn -0.699 0.0951 -0.7087
vn -0.7039 -0.0476 -0.7087
vn -0.6799 -0.1883 -0.7087
vn -0.7397 -0.3784 -0.5565
vn -0.5506 -0.4411 -0.7087
vn -0.4505 -0.5429 -0.7087
vn -0.332 -0.6225 -0.7087
vn -0.2354 -0.7968 -0.5565
vn -0.0596 -0.703 -0.7087
vn 0.0831 -0.7006 -0.7087
vn 0.2225 -0.6695 -0.7087
vn 0.3527 -0.611 -0.7087
vn 0.5517 -0.6213 -0.5565
vn 0.5651 -0.4224 -0.7087
vn 0.6385 -0.3 -0.7087
vn 0.7822 -0.1607 -0.602
vn -0.5359 -0.1321 -0.8339
vn -0.7042 -0.0285 -0.7094
vn -0.6368 -0.302 -0.7094
vn -0.546 -0.4457 -0.7094
vn -0.4235 -0.5634 -0.7094
vn -0.2764 -0.6484 -0.7094
vn -0.1333 -0.8196 -0.5572
vn 0.0761 -0.945 -0.3181
vn 0.2231 -0.6686 -0.7094
vn 0.3766 -0.5958 -0.7094
vn 0.5082 -0.4883 -0.7094
vn 0.6103 -0.3525 -0.7094
vn 0.6769 -0.1962 -0.7094
vn 0.7042 -0.0285 -0.7094
vn 0.6906 0.1409 -0.7094
vn 0.6368 0.302 -0.7094
vn 0.546 0.4457 -0.7094
vn 0.4235 0.5634 -0.7094
vn 0.2764 0.6484 -0.7094
vn 0.1333 0.8196 -0.5572
vn -0.0761 0.945 -0.3181
vn -0.2231 0.6686 -0.7094
vn -0.3766 0.5958 -0.7094
vn -0.5082 0.4883 -0.7094
vn -0.6103 0.3525 -0.7094
vn -0.7747 0.1909 -0.6028
f 1//1 2//2 3//3
f 3//3 2//2 4//4
f 5//5 6//6 7//7
f 7//7 6//6 8//8
f 9//9 8//8 10//10
f 4//4 10//10 3//3
f 4//4 9//9 10//10
f 7//7 8//8 9//9
f 6//6 5//5 11//11
f 11//11 5//5 12//12
f 13//13 14//14 15//15
f 15//15 14//14 16//16
f 14//14 13//13 17//17
f 17//17 13//13 18//18
f 19//19 18//18 20//20
f 21//21 20//20 22//22
f 21//21 19//19 20//20
f 17//17 18//18 19//19
f 23//23 24//24 22//22
f 22//22 24//24 21//21
f 25//25 26//26 27//27
f 27//27 26//26 28//28
f 29//29 28//28 30//30
f 31//31 30//30 32//32
f 31//31 29//29 30//30
f 27//27 28//28 29//29
f 26//26 25//25 33//33
f 33//33 25//25 34//34
f 35//35 36//36 32//32
f 32//32 36//36 31//31
f 37//37 38//38 39//39
f 39//39 38//38 40//40
f 38//38 37//37 41//41
f 41//41 37//37 42//42
f 43//43 42//42 44//44
f 45//45 44//44 46//46
f 45//45 43//43 44//44
f 41//41 42//42 43//43
f 47//47 48//48 46//46
f 46//46 48//48 45//45
f 11//11 12//12 49//49
f 49//49 12//12 50//50
f 51//51 50//50 52//52
f 51//51 49//49 50//50
f 50//50 53//53 52//52
f 52//52 53//53 54//54
f 54//54 53//53 55//55
f 55//55 53//53 56//56
f 57//57 56//56 58//58
f 59//59 58//58 60//60
f 61//61 59//59 60//60
f 55//55 56//56 57//57
f 57//57 58//58 59//59
f 15//15 16//16 62//62
f 62//62 16//16 63//63
f 64//64 63//63 65//65
f 64//64 62//62 63//63
f 63//63 66//66 65//65
f 65//65 66//66 67//67
f 67//67 66//66 68//68
f 68//68 66//66 69//69
f 70//70 69//69 71//71
f 72//72 71//71 73//73
f 74//74 72//72 73//73
f 68//68 69//69 70//70
f 70//70 71//71 72//72
f 33//33 34//34 75//75
f 75//75 34//34 76//76
f 77//77 76//76 78//78
f 77//77 75//75 76//76
f 76//76 79//79 78//78
f 78//78 79//79 80//80
f 80//80 79//79 81//81
f 81//81 79//79 82//82
f 83//83 82//82 84//84
f 85//85 84//84 86//86
f 87//87 85//85 86//86
f 81//81 82//82 83//83
f 83//83 84//84 85//85
f 39//39 40//40 88//88
f 88//88 40//40 89//89
f 90//90 89//89 91//91
f 90//90 88//88 89//89
f 89//89 92//92 91//91
f 91//91 92//92 93//93
f 93//93 92//92 94//94
f 94//94 92//92 95//95
f 96//96 95//95 97//97
f 98//98 97//97 99//99
f 100//100 98//98 99//99
f 94//94 95//95 96//96
f 96//96 97//97 98//98
f 101//101 102//102 103//103
f 101//101 104//104 102//102
f 101//101 105//105 104//104
f 104//104 105//105 106//106
f 106//106 105//105 107//107
f 108//108 107//107 109//109
f 110//110 109//109 111//111
f 112//112 111//111 113//113
f 114//114 113//113 115//115
f 114//114 112//112 113//113
f 114//114 116//116 112//112
f 114//114 117//117 116//116
f 116//116 117//117 118//118
f 118//118 117//117 119//119
f 120//120 119//119 121//121
f 122//122 121//121 123//123
f 122//122 120//120 121//121
f 122//122 124//124 120//120
f 122//122 125//125 124//124
f 124//124 125//125 126//126
f 126//126 125//125 127//127
f 128//128 127//127 129//129
f 130//130 129//129 131//131
f 132//132 131//131 133//133
f 134//134 133//133 135//135
f 136//136 134//134 135//135
f 136//136 137//137 134//134
f 136//136 138//138 137//137
f 137//137 138//138 139//139
f 139//139 138//138 140//140
f 141//141 140//140 142//142
f 143//143 141//141 142//142
f 143//143 144//144 141//141
f 143//143 145//145 144//144
f 144//144 145//145 146//146
f 146//146 145//145 147//147
f 148//148 146//146 147//147
f 148//148 149//149 146//146
f 148//148 150//150 149//149
f 148//148 151//151 150//150
f 150//150 151//151 152//152
f 152//152 151//151 153//153
f 153//153 151//151 154//154
f 154//154 151//151 155//155
f 155//155 151//151 156//156
f 156//156 151//151 157//157
f 157//157 151//151 158//158
f 158//158 151//151 86//86
f 159//159 86//86 160//160
f 159//159 158//158 86//86
f 106//106 107//107 108//108
f 108//108 109//109 110//110
f 110//110 111//111 112//112
f 115//115 113//113 161//161
f 161//161 113//113 162//162
f 163//163 162//162 164//164
f 165//165 164//164 166//166
f 167//167 166//166 168//168
f 169//169 168//168 170//170
f 171//171 170//170 172//172
f 173//173 172//172 174//174
f 175//175 174//174 176//176
f 177//177 176//176 178//178
f 179//179 178//178 180//180
f 181//181 180//180 182//182
f 183//158 182//182 184//183
f 185//184 184//183 186//185
f 187//186 186//185 188//187
f 189//188 188//187 190//189
f 191//190 190//189 192//191
f 193//192 192//191 194//193
f 195//194 194//193 196//195
f 195//194 193//192 194//193
f 195//194 197//196 193//192
f 193//192 197//196 198//197
f 198//197 197//196 199//198
f 200//199 199//198 201//200
f 202//201 201//200 203//202
f 204//203 203//202 205//204
f 206//205 205//204 207//206
f 208//207 206//205 207//206
f 208//207 209//208 206//205
f 208//207 210//209 209//208
f 209//208 210//209 211//210
f 211//210 210//209 212//211
f 213//212 212//211 214//213
f 215//214 213//212 214//213
f 215//214 216//215 213//212
f 215//214 217//216 216//215
f 216//215 217//216 218//217
f 218//217 217//216 219//218
f 220//219 219//218 221//220
f 222//221 221//220 223//222
f 224//223 222//221 223//222
f 224//223 225//224 222//221
f 224//223 226//125 225//224
f 225//224 226//125 4//4
f 2//2 225//224 4//4
f 161//161 162//162 163//163
f 163//163 164//164 165//165
f 165//165 166//166 167//167
f 167//167 168//168 169//169
f 169//169 170//170 171//171
f 171//171 172//172 173//173
f 227//225 171//171 173//173
f 227//225 228//226 171//171
f 227//225 229//150 228//226
f 228//226 229//150 230//227
f 230//227 229//150 231//228
f 232//229 231//228 233//230
f 234//231 233//230 235//144
f 236//232 235//144 237//233
f 238//234 237//233 239//139
f 240//235 239//139 241//137
f 242//236 241//137 243//237
f 244//238 243//237 245//239
f 246//240 245//239 247//241
f 246//240 244//238 245//239
f 173//173 174//174 175//175
f 175//175 176//176 177//177
f 177//177 178//178 179//179
f 179//179 180//180 181//181
f 181//181 182//182 183//158
f 184//183 248//242 186//185
f 186//185 248//242 249//243
f 249//243 248//242 250//244
f 251//245 250//244 252//246
f 253//247 252//246 254//248
f 255//249 254//248 256//250
f 257//251 256//250 258//252
f 259//253 258//252 260//254
f 261//255 260//254 262//256
f 263//257 261//255 262//256
f 263//257 264//258 261//255
f 263//257 265//259 264//258
f 264//258 265//259 266//260
f 266//260 265//259 267//261
f 268//262 267//261 269//263
f 270//264 269//263 271//215
f 272//265 271//215 273//266
f 274//267 273//266 275//210
f 276//268 275//210 277//208
f 278//269 277//208 279//205
f 280//270 279//205 281//271
f 280//270 278//269 279//205
f 249//243 250//244 251//245
f 251//245 252//246 253//247
f 253//247 254//248 255//249
f 255//249 256//250 257//251
f 257//251 258//252 259//253
f 262//256 260//254 282//272
f 282//272 260//254 103//103
f 102//102 282//272 103//103
f 283//196 284//273 285//194
f 283//196 45//45 284//273
f 283//196 286//274 45//45
f 45//45 286//274 287//200
f 43//43 287//200 288//202
f 41//41 288//202 289//204
f 38//38 289//204 290//275
f 89//89 290//275 291//276
f 292//209 89//89 291//276
f 292//209 92//92 89//89
f 292//209 293//211 92//92
f 92//92 293//211 95//95
f 95//95 293//211 294//213
f 295//214 95//95 294//213
f 295//214 97//97 95//95
f 295//214 296//216 97//97
f 97//97 296//216 99//99
f 99//99 296//216 297//277
f 298//278 99//99 297//277
f 298//278 299//279 99//99
f 298//278 300//280 299//279
f 298//278 123//123 300//280
f 300//280 123//123 121//121
f 45//45 287//200 43//43
f 43//43 288//202 41//41
f 41//41 289//204 38//38
f 38//38 290//275 89//89
f 40//40 38//38 89//89
f 126//126 127//127 128//128
f 128//128 129//129 130//130
f 130//130 131//131 132//132
f 132//132 133//133 134//134
f 139//139 140//140 141//141
f 145//145 301//281 147//147
f 147//147 301//281 302//282
f 302//282 301//281 303//283
f 285//194 302//282 303//283
f 285//194 284//273 302//282
f 198//197 199//198 200//199
f 200//199 201//200 202//201
f 202//201 203//202 204//203
f 204//203 205//204 206//205
f 211//210 212//211 213//212
f 218//217 219//218 220//219
f 304//261 220//219 305//284
f 306//259 305//284 307//285
f 308//286 307//285 309//287
f 308//286 306//259 307//285
f 220//219 221//220 222//221
f 226//125 310//288 4//4
f 4//4 310//288 311//289
f 9//9 311//289 7//7
f 9//9 4//4 311//289
f 311//289 312//131 7//7
f 7//7 312//131 5//5
f 5//5 312//131 313//290
f 314//291 5//5 313//290
f 314//291 50//50 5//5
f 314//291 315//136 50//50
f 50//50 315//136 53//53
f 53//53 315//136 316//292
f 317//140 53//53 316//292
f 317//140 56//56 53//53
f 317//140 318//293 56//56
f 56//56 318//293 58//58
f 58//58 318//293 319//294
f 320//295 58//58 319//294
f 320//295 60//60 58//58
f 320//295 321//296 60//60
f 60//60 321//296 196//195
f 322//297 196//195 194//193
f 322//297 60//60 196//195
f 322//297 323//298 60//60
f 60//60 323//298 324//299
f 325//300 60//60 324//299
f 325//300 326//301 60//60
f 60//60 326//301 327//302
f 327//302 326//301 328//303
f 329//304 327//302 328//303
f 329//304 330//305 327//302
f 327//302 330//305 331//306
f 332//307 327//302 331//306
f 332//307 333//308 327//302
f 332//307 334//309 333//308
f 333//308 334//309 335//310
f 335//310 334//309 336//311
f 337//312 336//311 338//313
f 339//314 337//312 338//313
f 339//314 340//315 337//312
f 339//314 31//31 340//315
f 339//314 341//316 31//31
f 31//31 341//316 342//317
f 29//29 342//317 27//27
f 29//29 31//31 342//317
f 230//227 231//228 232//229
f 232//229 233//230 234//231
f 234//231 235//144 236//232
f 236//232 237//233 238//234
f 238//234 239//139 240//235
f 240//235 241//137 242//236
f 242//236 243//237 244//238
f 245//239 343//130 247//241
f 247//241 343//130 344//318
f 344//318 343//130 345//128
f 346//319 345//128 347//126
f 73//73 347//126 348//320
f 349//321 73//73 348//320
f 349//321 350//322 73//73
f 73//73 350//322 351//323
f 352//324 73//73 351//323
f 352//324 353//325 73//73
f 73//73 353//325 354//108
f 307//285 354//108 355//326
f 356//327 307//285 355//326
f 356//327 357//328 307//285
f 307//285 357//328 358//329
f 309//287 307//285 358//329
f 344//318 345//128 346//319
f 346//319 347//126 73//73
f 359//330 73//73 360//331
f 359//330 346//319 73//73
f 73//73 354//108 307//285
f 306//259 304//261 305//284
f 304//261 218//217 220//219
f 193//192 191//190 192//191
f 191//190 189//188 190//189
f 189//188 187//186 188//187
f 187//186 185//184 186//185
f 185//184 183//158 184//183
f 120//120 118//118 119//119
f 266//260 267//261 268//262
f 268//262 269//263 270//264
f 270//264 271//215 272//265
f 272//265 273//266 274//267
f 274//267 275//210 276//268
f 276//268 277//208 278//269
f 279//205 361//203 281//271
f 281//271 361//203 362//332
f 362//332 361//203 363//201
f 364//279 363//201 365//199
f 366//333 365//199 367//197
f 86//86 367//197 368//334
f 369//335 86//86 368//334
f 369//335 370//336 86//86
f 86//86 370//336 160//160
f 362//332 363//201 364//279
f 364//279 365//199 366//333
f 366//333 367//197 86//86
f 371//337 86//86 372//338
f 371//337 366//333 86//86
f 299//279 373//339 99//99
f 99//99 373//339 374//340
f 375//341 99//99 374//340
f 375//341 376//342 99//99
f 375//341 377//343 376//342
f 376//342 377//343 378//344
f 379//345 376//342 378//344
f 379//345 380//346 376//342
f 376//342 380//346 381//347
f 382//348 381//347 383//349
f 384//350 383//349 385//351
f 386//352 384//350 385//351
f 386//352 387//353 384//350
f 386//352 388//354 387//353
f 387//353 388//354 389//355
f 389//355 388//354 390//356
f 21//21 390//356 391//357
f 392//358 21//21 391//357
f 392//358 19//19 21//21
f 392//358 17//17 19//19
f 392//358 14//14 17//17
f 392//358 393//359 14//14
f 14//14 393//359 394//245
f 63//63 394//245 395//243
f 66//66 395//243 396//360
f 69//69 396//360 397//361
f 398//189 69//69 397//361
f 398//189 71//71 69//69
f 398//189 399//191 71//71
f 71//71 399//191 73//73
f 73//73 399//191 360//331
f 376//342 381//347 382//348
f 382//348 383//349 384//350
f 389//355 390//356 21//21
f 24//24 389//355 21//21
f 14//14 394//245 63//63
f 16//16 14//14 63//63
f 63//63 395//243 66//66
f 66//66 396//360 69//69
f 335//310 336//311 337//312
f 342//317 400//362 27//27
f 27//27 400//362 25//25
f 25//25 400//362 401//363
f 402//364 25//25 401//363
f 402//364 76//76 25//25
f 402//364 79//79 76//76
f 402//364 403//365 79//79
f 79//79 403//365 404//366
f 82//82 404//366 405//367
f 84//84 405//367 406//117
f 86//86 406//117 372//338
f 86//86 84//84 406//117
f 79//79 404//366 82//82
f 82//82 405//367 84//84
f 261//255 259//253 260//254
f 12//12 5//5 50//50
f 45//45 48//48 284//273
f 76//76 34//34 25//25
f 31//31 36//36 340//315
f 407//368 408//369 409//370
f 409//370 408//369 410//371
f 411//372 412//373 54//54
f 54//54 412//373 52//52
f 52//52 412//373 51//51
f 51//51 412//373 413//374
f 49//49 413//374 11//11
f 49//49 51//51 413//374
f 413//374 414//375 11//11
f 11//11 414//375 1//1
f 8//8 1//1 10//10
f 8//8 11//11 1//1
f 8//8 6//6 11//11
f 414//375 415//376 1//1
f 1//1 415//376 416//377
f 416//377 415//376 417//378
f 417//378 415//376 410//371
f 408//369 417//378 410//371
f 1//1 3//3 10//10
f 418//379 419//380 420//381
f 420//381 419//380 421//382
f 422//383 423//384 93//93
f 93//93 423//384 91//91
f 91//91 423//384 90//90
f 90//90 423//384 424//385
f 88//88 424//385 39//39
f 88//88 90//90 424//385
f 424//385 425//386 39//39
f 39//39 425//386 47//47
f 42//42 47//47 44//44
f 42//42 39//39 47//47
f 42//42 37//37 39//39
f 425//386 426//387 47//47
f 47//47 426//387 427//388
f 427//388 426//387 428//389
f 428//389 426//387 421//382
f 419//380 428//389 421//382
f 47//47 46//46 44//44
f 429//390 430//391 431//392
f 431//392 430//391 432//393
f 433//394 434//395 67//67
f 67//67 434//395 65//65
f 65//65 434//395 64//64
f 64//64 434//395 435//396
f 62//62 435//396 15//15
f 62//62 64//64 435//396
f 435//396 436//397 15//15
f 15//15 436//397 23//23
f 20//20 23//23 22//22
f 20//20 15//15 23//23
f 20//20 18//18 15//15
f 15//15 18//18 13//13
f 436//397 437//398 23//23
f 23//23 437//398 438//399
f 438//399 437//398 439//400
f 439//400 437//398 432//393
f 430//391 439//400 432//393
f 440//401 441//402 80//80
f 80//80 441//402 78//78
f 442//403 443//404 444//405
f 444//405 443//404 445//406
f 75//75 446//407 33//33
f 75//75 77//77 446//407
f 446//407 77//77 441//402
f 441//402 77//77 78//78
f 446//407 447//408 33//33
f 33//33 447//408 35//35
f 30//30 35//35 32//32
f 30//30 33//33 35//35
f 30//30 28//28 33//33
f 33//33 28//28 26//26
f 447//408 448//409 35//35
f 35//35 448//409 449//410
f 449//410 448//409 450//411
f 450//411 448//409 445//406
f 443//404 450//411 445//406
f 93//93 94//94 422//383
f 422//383 94//94 96//96
f 451//412 96//96 98//98
f 452//413 98//98 100//100
f 453//414 100//100 454//415
f 453//414 452//413 100//100
f 422//383 96//96 451//412
f 451//412 98//98 452//413
f 455//416 456//417 100//100
f 455//416 457//418 456//417
f 455//416 458//419 457//418
f 455//416 459//420 458//419
f 455//416 460//421 459//420
f 455//416 461//422 460//421
f 455//416 462//423 461//422
f 455//416 463//424 462//423
f 455//416 464//425 463//424
f 455//416 465//426 464//425
f 455//416 466//427 465//426
f 465//426 466//427 467//428
f 467//428 466//427 468//429
f 431//392 468//429 469//430
f 429//390 431//392 469//430
f 467//428 468//429 431//392
f 456//417 470//431 100//100
f 100//100 470//431 471//432
f 472//433 100//100 471//432
f 472//433 473//434 100//100
f 100//100 473//434 474//435
f 475//436 100//100 474//435
f 475//436 454//415 100//100
f 418//379 420//381 476//437
f 476//437 420//381 477//438
f 477//438 420//381 478//439
f 479//440 478//439 480//441
f 481//442 480//441 482//443
f 483//444 481//442 482//443
f 483//444 484//445 481//442
f 481//442 484//445 485//446
f 486//447 481//442 485//446
f 486//447 487//448 481//442
f 481//442 487//448 488//449
f 489//450 481//442 488//449
f 489//450 490//451 481//442
f 481//442 490//451 87//87
f 87//87 490//451 491//452
f 492//453 87//87 491//452
f 492//453 493//454 87//87
f 87//87 493//454 494//455
f 495//456 87//87 494//455
f 495//456 496//457 87//87
f 87//87 496//457 497//458
f 498//459 87//87 497//458
f 498//459 499//460 87//87
f 87//87 499//460 85//85
f 85//85 499//460 500//461
f 83//83 500//461 440//401
f 81//81 440//401 80//80
f 81//81 83//83 440//401
f 477//438 478//439 479//440
f 479//440 480//441 481//442
f 85//85 500//461 83//83
f 54//54 55//55 411//372
f 411//372 55//55 57//57
f 501//462 57//57 59//59
f 502//463 59//59 61//61
f 503//464 61//61 504//465
f 503//464 502//463 61//61
f 411//372 57//57 501//462
f 501//462 59//59 502//463
f 505//466 506//467 61//61
f 505//466 507//468 506//467
f 505//466 508//469 507//468
f 505//466 509//470 508//469
f 505//466 510//471 509//470
f 505//466 511//472 510//471
f 505//466 512//473 511//472
f 505//466 513//474 512//473
f 505//466 514//475 513//474
f 505//466 515//476 514//475
f 505//466 516//477 515//476
f 515//476 516//477 517//478
f 517//478 516//477 518//479
f 444//405 518//479 519//480
f 442//403 444//405 519//480
f 517//478 518//479 444//405
f 506//467 520//481 61//61
f 61//61 520//481 521//482
f 522//483 61//61 521//482
f 522//483 523//484 61//61
f 61//61 523//484 524//485
f 525//486 61//61 524//485
f 525//486 504//465 61//61
f 407//368 409//370 526//487
f 526//487 409//370 527//488
f 527//488 409//370 528//489
f 529//490 528//489 530//491
f 531//492 530//491 532//493
f 533//494 531//492 532//493
f 533//494 534//495 531//492
f 531//492 534//495 535//496
f 536//497 531//492 535//496
f 536//497 537//498 531//492
f 531//492 537//498 538//499
f 539//500 531//492 538//499
f 539//500 540//501 531//492
f 531//492 540//501 74//74
f 74//74 540//501 541//502
f 542//503 74//74 541//502
f 542//503 543//504 74//74
f 74//74 543//504 544//505
f 545//506 74//74 544//505
f 545//506 546//507 74//74
f 74//74 546//507 547//508
f 548//509 74//74 547//508
f 548//509 549//510 74//74
f 74//74 549//510 72//72
f 72//72 549//510 550//511
f 70//70 550//511 433//394
f 68//68 433//394 67//67
f 68//68 70//70 433//394
f 527//488 528//489 529//490
f 529//490 530//491 531//492
f 72//72 550//511 70//70
f 551//512 552//513 553//514
f 553//514 552//513 554//515
f 552//513 551//512 555//516
f 555//516 551//512 556//517
f 557//518 556//517 558//519
f 559//520 558//519 560//521
f 561//522 560//521 562//523
f 563//524 562//523 564//525
f 565//526 564//525 566//527
f 567//528 566//527 568//529
f 569//530 568//529 570//531
f 571//532 570//531 572//533
f 573//534 572//533 574//535
f 575//536 574//535 576//537
f 577//538 576//537 578//539
f 577//538 575//536 576//537
f 555//516 556//517 557//518
f 557//518 558//519 559//520
f 559//520 560//521 561//522
f 561//522 562//523 563//524
f 563//524 564//525 565//526
f 565//526 566//527 567//528
f 567//528 568//529 569//530
f 569//530 570//531 571//532
f 571//532 572//533 573//534
f 573//534 574//535 575//536
f 579//540 580//541 578//539
f 578//539 580//541 577//538
f 580//541 579//540 581//542
f 581//542 579//540 582//543
f 583//544 582//543 584//545
f 585//546 584//545 586//547
f 587//548 586//547 588//549
f 589//550 588//549 590//551
f 591//552 590//551 592//553
f 593//554 592//553 594//555
f 595//556 594//555 596//557
f 597//558 596//557 598//559
f 599//560 598//559 600//561
f 601//562 600//561 602//563
f 554//515 602//563 553//514
f 554//515 601//562 602//563
f 581//542 582//543 583//544
f 583//544 584//545 585//546
f 585//546 586//547 587//548
f 587//548 588//549 589//550
f 589//550 590//551 591//552
f 591//552 592//553 593//554
f 593//554 594//555 595//556
f 595//556 596//557 597//558
f 597//558 598//559 599//560
f 599//560 600//561 601//562
f 603//564 604//564 605//565
f 605//565 604//564 606//566
f 607//567 608//568 609//567
f 609//567 608//568 610//569
f 610//569 608//568 611//570
f 612//571 611//570 613//572
f 614//573 613//572 615//574
f 616//575 615//574 617//576
f 618//577 617//576 619//578
f 620//579 619//578 621//580
f 622//581 621//580 623//582
f 624//583 623//582 625//584
f 626//585 625//584 627//586
f 628//587 627//586 629//588
f 630//589 629//588 631//590
f 632//591 631//590 633//592
f 634//593 633//592 606//566
f 634//593 632//591 633//592
f 610//569 611//570 612//571
f 612//571 613//572 614//573
f 614//573 615//574 616//575
f 616//575 617//576 618//577
f 618//577 619//578 620//579
f 620//579 621//580 622//581
f 622//581 623//582 624//583
f 624//583 625//584 626//585
f 626//585 627//586 628//587
f 628//587 629//588 630//589
f 630//589 631//590 632//591
f 633//592 605//565 606//566
f 607//567 609//567 635//594
f 635//594 609//567 636//595
f 603//564 637//596 604//564
f 604//564 637//596 638//597
f 638//597 637//596 639//598
f 640//599 639//598 641//600
f 642//601 641//600 643//602
f 644//603 643//602 645//604
f 646//605 645//604 647//606
f 648//607 647//606 649//608
f 650//609 649//608 651//610
f 652//611 651//610 653//612
f 654//613 653//612 655//614
f 656//615 655//614 657//616
f 658//617 657//616 659//618
f 660//619 659//618 661//620
f 662//621 661//620 636//595
f 662//621 660//619 661//620
f 638//597 639//598 640//599
f 640//599 641//600 642//601
f 642//601 643//602 644//603
f 644//603 645//604 646//605
f 646//605 647//606 648//607
f 648//607 649//608 650//609
f 650//609 651//610 652//611
f 652//611 653//612 654//613
f 654//613 655//614 656//615
f 656//615 657//616 658//617
f 658//617 659//618 660//619
f 661//620 635//594 636//595
f 553//514 605//565 551//512
f 553//514 603//564 605//565
f 553//514 637//596 603//564
f 553//514 602//563 637//596
f 637//596 602//563 639//598
f 639//598 602//563 600//561
f 641//600 600//561 598//559
f 643//602 598//559 596//557
f 645//604 596//557 594//555
f 647//606 594//555 592//553
f 649//608 592//553 651//610
f 649//608 647//606 592//553
f 639//598 600//561 641//600
f 641//600 598//559 643//602
f 643//602 596//557 645//604
f 645//604 594//555 647//606
f 592//553 590//551 651//610
f 651//610 590//551 653//612
f 653//612 590//551 588//549
f 655//614 588//549 586//547
f 657//616 586//547 584//545
f 659//618 584//545 582//543
f 661//620 582//543 579//540
f 635//594 579//540 578//539
f 607//567 578//539 608//568
f 607//567 635//594 578//539
f 653//612 588//549 655//614
f 655//614 586//547 657//616
f 657//616 584//545 659//618
f 659//618 582//543 661//620
f 661//620 579//540 635//594
f 578//539 576//537 608//568
f 608//568 576//537 611//570
f 611//570 576//537 574//535
f 613//572 574//535 572//533
f 615//574 572//533 570//531
f 617//576 570//531 568//529
f 619//578 568//529 566//527
f 621//580 566//527 623//582
f 621//580 619//578 566//527
f 611//570 574//535 613//572
f 613//572 572//533 615//574
f 615//574 570//531 617//576
f 617//576 568//529 619//578
f 566//527 564//525 623//582
f 623//582 564//525 625//584
f 625//584 564//525 562//523
f 627//586 562//523 560//521
f 629//588 560//521 558//519
f 631//590 558//519 556//517
f 633//592 556//517 551//512
f 605//565 633//592 551//512
f 625//584 562//523 627//586
f 627//586 560//521 629//588
f 629//588 558//519 631//590
f 631//590 556//517 633//592
f 663//622 664//623 665//554
f 665//554 664//623 666//555
f 667//556 666//555 668//557
f 669//558 668//557 670//559
f 671//560 670//559 672//561
f 673//562 672//561 674//563
f 675//624 674//563 676//625
f 677//516 676//625 678//517
f 679//518 678//517 680//519
f 681//520 680//519 682//521
f 683//522 682//521 684//523
f 685//524 684//523 686//525
f 687//626 686//525 688//627
f 687//626 685//524 686//525
f 665//554 666//555 667//556
f 667//556 668//557 669//558
f 669//558 670//559 671//560
f 671//560 672//561 673//562
f 673//562 674//563 675//624
f 675//624 676//625 677//516
f 677//516 678//517 679//518
f 679//518 680//519 681//520
f 681//520 682//521 683//522
f 683//522 684//523 685//524
f 689//628 690//629 688//627
f 688//627 690//629 687//626
f 690//629 689//628 691//528
f 691//528 689//628 692//529
f 693//530 692//529 694//531
f 695//532 694//531 696//533
f 697//534 696//533 698//535
f 699//536 698//535 700//537
f 701//630 700//537 702//631
f 703//542 702//631 704//543
f 705//544 704//543 706//545
f 707//546 706//545 708//547
f 709//548 708//547 710//549
f 711//550 710//549 712//551
f 713//632 712//551 714//633
f 713//632 711//550 712//551
f 691//528 692//529 693//530
f 693//530 694//531 695//532
f 695//532 696//533 697//534
f 697//534 698//535 699//536
f 699//536 700//537 701//630
f 701//630 702//631 703//542
f 703//542 704//543 705//544
f 705//544 706//545 707//546
f 707//546 708//547 709//548
f 709//548 710//549 711//550
f 664//623 663//622 714//633
f 714//633 663//622 713//632
f 715//634 716//635 717//636
f 717//636 716//635 718//637
f 719//638 720//582 721//639
f 721//639 720//582 722//640
f 722//640 720//582 723//584
f 724//585 723//584 725//586
f 726//641 725//586 727//588
f 728//642 727//588 729//590
f 730//591 729//590 731//643
f 732//644 731//643 733//645
f 734//646 733//645 735//596
f 736//647 735//596 737//598
f 738//599 737//598 739//600
f 740//648 739//600 741//602
f 742//649 741//602 743//604
f 744//605 743//604 745//650
f 746//651 745//650 718//637
f 746//651 744//605 745//650
f 722//640 723//584 724//585
f 724//585 725//586 726//641
f 726//641 727//588 728//642
f 728//642 729//590 730//591
f 730//591 731//643 732//644
f 732//644 733//645 734//646
f 734//646 735//596 736//647
f 736//647 737//598 738//599
f 738//599 739//600 740//648
f 740//648 741//602 742//649
f 742//649 743//604 744//605
f 745//650 717//636 718//637
f 719//638 721//639 747//652
f 747//652 721//639 748//653
f 715//634 749//610 716//635
f 716//635 749//610 750//654
f 750//654 749//610 751//612
f 752//613 751//612 753//614
f 754//655 753//614 755//616
f 756//656 755//616 757//618
f 758//619 757//618 759//657
f 760//658 759//657 761//659
f 762//660 761//659 763//568
f 764//661 763//568 765//570
f 766//571 765//570 767//572
f 768//662 767//572 769//574
f 770//663 769//574 771//576
f 772//577 771//576 773//664
f 774//665 773//664 748//653
f 774//665 772//577 773//664
f 750//654 751//612 752//613
f 752//613 753//614 754//655
f 754//655 755//616 756//656
f 756//656 757//618 758//619
f 758//619 759//657 760//658
f 760//658 761//659 762//660
f 762//660 763//568 764//661
f 764//661 765//570 766//571
f 766//571 767//572 768//662
f 768//662 769//574 770//663
f 770//663 771//576 772//577
f 773//664 747//652 748//653
f 686//525 720//582 688//627
f 686//525 723//584 720//582
f 686//525 684//523 723//584
f 723//584 684//523 725//586
f 725//586 684//523 682//521
f 727//588 682//521 680//519
f 729//590 680//519 678//517
f 731//643 678//517 676//625
f 733//645 676//625 735//596
f 733//645 731//643 676//625
f 725//586 682//521 727//588
f 727//588 680//519 729//590
f 729//590 678//517 731//643
f 676//625 674//563 735//596
f 735//596 674//563 737//598
f 737//598 674//563 672//561
f 739//600 672//561 670//559
f 741//602 670//559 668//557
f 743//604 668//557 666//555
f 745//650 666//555 664//623
f 717//636 664//623 715//634
f 717//636 745//650 664//623
f 737//598 672//561 739//600
f 739//600 670//559 741//602
f 741//602 668//557 743//604
f 743//604 666//555 745//650
f 664//623 714//633 715//634
f 715//634 714//633 749//610
f 749//610 714//633 712//551
f 751//612 712//551 710//549
f 753//614 710//549 708//547
f 755//616 708//547 706//545
f 757//618 706//545 704//543
f 759//657 704//543 702//631
f 761//659 702//631 763//568
f 761//659 759//657 702//631
f 749//610 712//551 751//612
f 751//612 710//549 753//614
f 753//614 708//547 755//616
f 755//616 706//545 757//618
f 757//618 704//543 759//657
f 702//631 700//537 763//568
f 763//568 700//537 765//570
f 765//570 700//537 698//535
f 767//572 698//535 696//533
f 769//574 696//533 694//531
f 771//576 694//531 692//529
f 773//664 692//529 689//628
f 747//652 689//628 719//638
f 747//652 773//664 689//628
f 765//570 698//535 767//572
f 767//572 696//533 769//574
f 769//574 694//531 771//576
f 771//576 692//529 773//664
f 689//628 688//627 719//638
f 719//638 688//627 720//582
f 775//666 606//566 776//667
f 775//666 634//593 606//566
f 775//666 777//668 634//593
f 634//593 777//668 632//591
f 632//591 777//668 778//669
f 779//670 632//591 778//669
f 779//670 630//589 632//591
f 779//670 780//671 630//589
f 630//589 780//671 781//672
f 628//587 781//672 782//673
f 626//585 782//673 783//674
f 784//675 626//585 783//674
f 784//675 624//583 626//585
f 784//675 785//676 624//583
f 624//583 785//676 786//677
f 622//581 786//677 787//678
f 620//579 787//678 788//679
f 789//680 620//579 788//679
f 789//680 618//577 620//579
f 789//680 790//681 618//577
f 618//577 790//681 791//682
f 616//575 791//682 792//683
f 614//573 792//683 793//684
f 794//685 614//573 793//684
f 794//685 612//571 614//573
f 794//685 795//686 612//571
f 612//571 795//686 796//687
f 610//569 796//687 797//688
f 609//567 797//688 798//689
f 799//690 609//567 798//689
f 799//690 636//595 609//567
f 799//690 800//691 636//595
f 636//595 800//691 662//621
f 662//621 800//691 801//692
f 660//619 801//692 802//693
f 803//694 660//619 802//693
f 803//694 658//617 660//619
f 803//694 804//695 658//617
f 658//617 804//695 805//696
f 656//615 805//696 806//697
f 654//613 806//697 807//698
f 808//699 654//613 807//698
f 808//699 652//611 654//613
f 808//699 809//700 652//611
f 652//611 809//700 810//701
f 650//609 810//701 811//702
f 648//607 811//702 812//703
f 813//704 648//607 812//703
f 813//704 646//605 648//607
f 813//704 814//705 646//605
f 646//605 814//705 815//706
f 644//603 815//706 816//707
f 642//601 816//707 817//708
f 818//709 642//601 817//708
f 818//709 640//599 642//601
f 818//709 819//710 640//599
f 640//599 819//710 820//711
f 638//597 820//711 821//712
f 604//564 821//712 822//713
f 776//667 604//564 822//713
f 776//667 606//566 604//564
f 630//589 781//672 628//587
f 628//587 782//673 626//585
f 624//583 786//677 622//581
f 622//581 787//678 620//579
f 618//577 791//682 616//575
f 616//575 792//683 614//573
f 612//571 796//687 610//569
f 610//569 797//688 609//567
f 662//621 801//692 660//619
f 658//617 805//696 656//615
f 656//615 806//697 654//613
f 652//611 810//701 650//609
f 650//609 811//702 648//607
f 646//605 815//706 644//603
f 644//603 816//707 642//601
f 640//599 820//711 638//597
f 638//597 821//712 604//564
f 823//714 748//653 824//715
f 823//714 825//716 748//653
f 748//653 825//716 774//665
f 774//665 825//716 826//717
f 772//577 826//717 827//718
f 828//719 772//577 827//718
f 828//719 770//663 772//577
f 828//719 829//720 770//663
f 770//663 829//720 830//721
f 768//662 830//721 831//722
f 766//571 831//722 832//723
f 833//724 766//571 832//723
f 833//724 764//661 766//571
f 833//724 834//725 764//661
f 764//661 834//725 835//726
f 762//660 835//726 836//727
f 760//658 836//727 837//728
f 838//729 760//658 837//728
f 838//729 758//619 760//658
f 838//729 839//730 758//619
f 758//619 839//730 840//731
f 756//656 840//731 841//732
f 754//655 841//732 842//733
f 843//734 754//655 842//733
f 843//734 752//613 754//655
f 843//734 844//735 752//613
f 752//613 844//735 845//736
f 750//654 845//736 846//737
f 716//635 846//737 847//738
f 718//637 847//738 848//739
f 849//740 718//637 848//739
f 849//740 746//651 718//637
f 849//740 850//741 746//651
f 746//651 850//741 744//605
f 744//605 850//741 851//742
f 852//743 744//605 851//742
f 852//743 742//649 744//605
f 852//743 853//744 742//649
f 742//649 853//744 854//745
f 740//648 854//745 855//746
f 738//599 855//746 856//747
f 857//748 738//599 856//747
f 857//748 736//647 738//599
f 857//748 858//749 736//647
f 736//647 858//749 859//750
f 734//646 859//750 860//751
f 732//644 860//751 861//752
f 862//753 732//644 861//752
f 862//753 730//591 732//644
f 862//753 863//754 730//591
f 730//591 863//754 864//755
f 728//642 864//755 865//756
f 726//641 865//756 866//757
f 867//758 726//641 866//757
f 867//758 724//585 726//641
f 867//758 868//759 724//585
f 724//585 868//759 869//760
f 722//640 869//760 870//761
f 721//639 870//761 824//715
f 748//653 721//639 824//715
f 774//665 826//717 772//577
f 770//663 830//721 768//662
f 768//662 831//722 766//571
f 764//661 835//726 762//660
f 762//660 836//727 760//658
f 758//619 840//731 756//656
f 756//656 841//732 754//655
f 752//613 845//736 750//654
f 750//654 846//737 716//635
f 716//635 847//738 718//637
f 742//649 854//745 740//648
f 740//648 855//746 738//599
f 736//647 859//750 734//646
f 734//646 860//751 732//644
f 730//591 864//755 728//642
f 728//642 865//756 726//641
f 724//585 869//760 722//640
f 722//640 870//761 721//639
f 255//249 871//762 253//247
f 253//247 871//762 872//763
f 873//764 253//247 872//763
f 873//764 251//245 253//247
f 873//764 874//765 251//245
f 251//245 874//765 249//243
f 249//243 874//765 875//766
f 186//185 875//766 876//767
f 188//187 876//767 877//768
f 190//189 877//768 878//769
f 192//191 878//769 879//770
f 194//193 879//770 880//771
f 322//297 880//771 881//772
f 323//298 881//772 882//773
f 324//299 882//773 883//774
f 325//300 883//774 884//238
f 326//301 884//238 885//236
f 328//303 885//236 886//235
f 329//304 886//235 887//234
f 330//305 887//234 888//232
f 331//306 888//232 889//231
f 332//307 889//231 890//229
f 334//309 890//229 891//227
f 336//311 891//227 892//226
f 338//313 892//226 893//775
f 339//314 893//775 894//169
f 341//316 894//169 895//776
f 342//317 341//316 895//776
f 249//243 875//766 186//185
f 186//185 876//767 188//187
f 188//187 877//768 190//189
f 190//189 878//769 192//191
f 192//191 879//770 194//193
f 194//193 880//771 322//297
f 322//297 881//772 323//298
f 323//298 882//773 324//299
f 324//299 883//774 325//300
f 325//300 884//238 326//301
f 326//301 885//236 328//303
f 328//303 886//235 329//304
f 329//304 887//234 330//305
f 330//305 888//232 331//306
f 331//306 889//231 332//307
f 332//307 890//229 334//309
f 334//309 891//227 336//311
f 336//311 892//226 338//313
f 338//313 893//775 339//314
f 339//314 894//169 341//316
f 896//777 400//362 895//776
f 895//776 400//362 342//317
f 400//362 896//777 401//363
f 401//363 896//777 897//778
f 402//364 897//778 898//779
f 403//365 898//779 899//780
f 404//366 899//780 900//781
f 405//367 900//781 901//782
f 406//117 901//782 902//783
f 372//338 902//783 903//784
f 371//337 903//784 904//785
f 366//333 904//785 905//786
f 364//279 905//786 906//787
f 362//332 906//787 907//788
f 281//271 907//788 908//789
f 280//270 908//789 909//790
f 278//269 909//790 910//791
f 276//268 910//791 911//792
f 274//267 911//792 912//793
f 272//265 912//793 913//347
f 270//264 913//347 914//349
f 268//262 914//349 915//794
f 266//260 915//794 916//352
f 264//258 916//352 917//354
f 261//255 917//354 918//356
f 259//253 918//356 919//795
f 257//251 919//795 920//796
f 257//251 259//253 919//795
f 401//363 897//778 402//364
f 402//364 898//779 403//365
f 403//365 899//780 404//366
f 404//366 900//781 405//367
f 405//367 901//782 406//117
f 406//117 902//783 372//338
f 372//338 903//784 371//337
f 371//337 904//785 366//333
f 366//333 905//786 364//279
f 364//279 906//787 362//332
f 362//332 907//788 281//271
f 281//271 908//789 280//270
f 280//270 909//790 278//269
f 278//269 910//791 276//268
f 276//268 911//792 274//267
f 274//267 912//793 272//265
f 272//265 913//347 270//264
f 270//264 914//349 268//262
f 268//262 915//794 266//260
f 266//260 916//352 264//258
f 264//258 917//354 261//255
f 261//255 918//356 259//253
f 871//762 255//249 920//796
f 920//796 255//249 257//251
f 921//797 872//763 922//798
f 921//797 873//764 872//763
f 921//797 923//799 873//764
f 873//764 923//799 874//765
f 874//765 923//799 924//800
f 875//766 924//800 925//801
f 876//767 925//801 926//802
f 877//768 926//802 927//803
f 878//769 927//803 928//804
f 879//770 928//804 929//805
f 880//771 929//805 930//806
f 881//772 930//806 931//807
f 882//773 931//807 932//808
f 883//774 932//808 933//809
f 884//238 933//809 934//810
f 885//236 934//810 935//811
f 886//235 935//811 936//812
f 887//234 936//812 937//813
f 888//232 937//813 938//814
f 889//231 938//814 939//815
f 890//229 939//815 940//816
f 891//227 940//816 941//817
f 892//226 941//817 942//818
f 893//775 942//818 943//819
f 894//169 943//819 944//820
f 895//776 944//820 896//777
f 895//776 894//169 944//820
f 874//765 924//800 875//766
f 875//766 925//801 876//767
f 876//767 926//802 877//768
f 877//768 927//803 878//769
f 878//769 928//804 879//770
f 879//770 929//805 880//771
f 880//771 930//806 881//772
f 881//772 931//807 882//773
f 882//773 932//808 883//774
f 883//774 933//809 884//238
f 884//238 934//810 885//236
f 885//236 935//811 886//235
f 886//235 936//812 887//234
f 887//234 937//813 888//232
f 888//232 938//814 889//231
f 889//231 939//815 890//229
f 890//229 940//816 891//227
f 891//227 941//817 892//226
f 892//226 942//818 893//775
f 893//775 943//819 894//169
f 944//820 945//821 896//777
f 896//777 945//821 897//778
f 897//778 945//821 946//822
f 898//779 946//822 947//823
f 899//780 947//823 948//824
f 900//781 948//824 949//825
f 901//782 949//825 950//826
f 902//783 950//826 951//827
f 903//784 951//827 952//828
f 904//785 952//828 953//829
f 905//786 953//829 954//830
f 906//787 954//830 955//831
f 907//788 955//831 956//832
f 908//789 956//832 957//833
f 909//790 957//833 958//834
f 910//791 958//834 959//835
f 911//792 959//835 960//836
f 912//793 960//836 961//837
f 913//347 961//837 962//838
f 914//349 962//838 963//839
f 915//794 963//839 964//840
f 916//352 964//840 965//841
f 917//354 965//841 966//842
f 918//356 966//842 967//843
f 919//795 967//843 968//844
f 920//796 968//844 871//762
f 920//796 919//795 968//844
f 897//778 946//822 898//779
f 898//779 947//823 899//780
f 899//780 948//824 900//781
f 900//781 949//825 901//782
f 901//782 950//826 902//783
f 902//783 951//827 903//784
f 903//784 952//828 904//785
f 904//785 953//829 905//786
f 905//786 954//830 906//787
f 906//787 955//831 907//788
f 907//788 956//832 908//789
f 908//789 957//833 909//790
f 909//790 958//834 910//791
f 910//791 959//835 911//792
f 911//792 960//836 912//793
f 912//793 961//837 913//347
f 913//347 962//838 914//349
f 914//349 963//839 915//794
f 915//794 964//840 916//352
f 916//352 965//841 917//354
f 917//354 966//842 918//356
f 918//356 967//843 919//795
f 968//844 922//798 871//762
f 871//762 922//798 872//763
f 246//240 969//845 244//238
f 244//238 969//845 970//301
f 242//236 970//301 971//846
f 240//235 971//846 972//847
f 238//234 972//847 973//848
f 236//232 973//848 974//849
f 234//231 974//849 975//307
f 232//229 975//307 976//309
f 230//227 976//309 977//311
f 228//226 977//311 978//850
f 171//171 978//850 979//851
f 169//169 979//851 980//852
f 167//167 980//852 981//853
f 165//165 981//853 982//778
f 163//163 982//778 983//779
f 161//161 983//779 984//780
f 115//115 984//780 985//781
f 114//114 985//781 986//782
f 117//117 986//782 987//783
f 119//119 987//783 988//784
f 121//121 988//784 989//785
f 300//280 989//785 990//786
f 299//279 990//786 991//787
f 373//339 991//787 992//788
f 374//340 992//788 993//854
f 374//340 373//339 992//788
f 244//238 970//301 242//236
f 242//236 971//846 240//235
f 240//235 972//847 238//234
f 238//234 973//848 236//232
f 236//232 974//849 234//231
f 234//231 975//307 232//229
f 232//229 976//309 230//227
f 230//227 977//311 228//226
f 228//226 978//850 171//171
f 171//171 979//851 169//169
f 169//169 980//852 167//167
f 167//167 981//853 165//165
f 165//165 982//778 163//163
f 163//163 983//779 161//161
f 161//161 984//780 115//115
f 115//115 985//781 114//114
f 114//114 986//782 117//117
f 117//117 987//783 119//119
f 119//119 988//784 121//121
f 121//121 989//785 300//280
f 300//280 990//786 299//279
f 299//279 991//787 373//339
f 994//855 375//341 993//854
f 993//854 375//341 374//340
f 375//341 994//855 377//343
f 377//343 994//855 995//856
f 996//269 377//343 995//856
f 996//269 378//344 377//343
f 996//269 997//268 378//344
f 378//344 997//268 379//345
f 379//345 997//268 998//267
f 380//346 998//267 999//265
f 381//347 999//265 1000//264
f 383//349 1000//264 1001//262
f 385//351 1001//262 1002//260
f 386//352 1002//260 1003//258
f 388//354 1003//258 1004//857
f 390//356 1004//857 1005//253
f 391//357 1005//253 1006//858
f 392//358 1006//858 1007//859
f 393//359 1007//859 1008//764
f 394//245 1008//764 1009//765
f 395//243 1009//765 1010//766
f 396//360 1010//766 1011//767
f 397//361 1011//767 1012//768
f 398//189 1012//768 1013//769
f 399//191 1013//769 1014//770
f 360//331 1014//770 1015//771
f 359//330 1015//771 1016//772
f 346//319 1016//772 1017//773
f 344//318 1017//773 1018//860
f 247//241 344//318 1018//860
f 379//345 998//267 380//346
f 380//346 999//265 381//347
f 381//347 1000//264 383//349
f 383//349 1001//262 385//351
f 385//351 1002//260 386//352
f 386//352 1003//258 388//354
f 388//354 1004//857 390//356
f 390//356 1005//253 391//357
f 391//357 1006//858 392//358
f 392//358 1007//859 393//359
f 393//359 1008//764 394//245
f 394//245 1009//765 395//243
f 395//243 1010//766 396//360
f 396//360 1011//767 397//361
f 397//361 1012//768 398//189
f 398//189 1013//769 399//191
f 399//191 1014//770 360//331
f 360//331 1015//771 359//330
f 359//330 1016//772 346//319
f 346//319 1017//773 344//318
f 969//845 246//240 1018//860
f 1018//860 246//240 247//241
f 1019//861 1018//860 1020//862
f 1019//861 969//845 1018//860
f 1019//861 970//301 969//845
f 1019//861 1021//863 970//301
f 970//301 1021//863 971//846
f 971//846 1021//863 1022//864
f 972//847 1022//864 1023//865
f 973//848 1023//865 1024//866
f 974//849 1024//866 1025//867
f 975//307 1025//867 1026//868
f 976//309 1026//868 1027//869
f 977//311 1027//869 1028//870
f 978//850 1028//870 1029//871
f 979//851 1029//871 1030//872
f 980//852 1030//872 1031//873
f 981//853 1031//873 1032//874
f 982//778 1032//874 1033//875
f 983//779 1033//875 1034//876
f 984//780 1034//876 1035//877
f 985//781 1035//877 1036//878
f 986//782 1036//878 1037//879
f 987//783 1037//879 1038//880
f 988//784 1038//880 1039//881
f 989//785 1039//881 1040//882
f 990//786 1040//882 1041//883
f 991//787 1041//883 1042//884
f 992//788 1042//884 1043//885
f 993//854 1043//885 1044//886
f 994//855 1044//886 995//856
f 994//855 993//854 1044//886
f 971//846 1022//864 972//847
f 972//847 1023//865 973//848
f 973//848 1024//866 974//849
f 974//849 1025//867 975//307
f 975//307 1026//868 976//309
f 976//309 1027//869 977//311
f 977//311 1028//870 978//850
f 978//850 1029//871 979//851
f 979//851 1030//872 980//852
f 980//852 1031//873 981//853
f 981//853 1032//874 982//778
f 982//778 1033//875 983//779
f 983//779 1034//876 984//780
f 984//780 1035//877 985//781
f 985//781 1036//878 986//782
f 986//782 1037//879 987//783
f 987//783 1038//880 988//784
f 988//784 1039//881 989//785
f 989//785 1040//882 990//786
f 990//786 1041//883 991//787
f 991//787 1042//884 992//788
f 992//788 1043//885 993//854
f 1044//886 1045//887 995//856
f 995//856 1045//887 996//269
f 996//269 1045//887 1046//888
f 997//268 1046//888 1047//889
f 998//267 1047//889 1048//890
f 999//265 1048//890 1049//891
f 1000//264 1049//891 1050//892
f 1001//262 1050//892 1051//893
f 1002//260 1051//893 1052//894
f 1003//258 1052//894 1053//895
f 1004//857 1053//895 1054//896
f 1005//253 1054//896 1055//897
f 1006//858 1055//897 1056//898
f 1007//859 1056//898 1057//899
f 1008//764 1057//899 1058//900
f 1009//765 1058//900 1059//901
f 1010//766 1059//901 1060//902
f 1011//767 1060//902 1061//903
f 1012//768 1061//903 1062//904
f 1013//769 1062//904 1063//905
f 1014//770 1063//905 1064//906
f 1015//771 1064//906 1065//907
f 1016//772 1065//907 1066//908
f 1017//773 1066//908 1020//862
f 1018//860 1017//773 1020//862
f 996//269 1046//888 997//268
f 997//268 1047//889 998//267
f 998//267 1048//890 999//265
f 999//265 1049//891 1000//264
f 1000//264 1050//892 1001//262
f 1001//262 1051//893 1002//260
f 1002//260 1052//894 1003//258
f 1003//258 1053//895 1004//857
f 1004//857 1054//896 1005//253
f 1005//253 1055//897 1006//858
f 1006//858 1056//898 1007//859
f 1007//859 1057//899 1008//764
f 1008//764 1058//900 1009//765
f 1009//765 1059//901 1010//766
f 1010//766 1060//902 1011//767
f 1011//767 1061//903 1012//768
f 1012//768 1062//904 1013//769
f 1013//769 1063//905 1014//770
f 1014//770 1064//906 1015//771
f 1015//771 1065//907 1016//772
f 1016//772 1066//908 1017//773
f 1044//886 798//689 1045//887
f 1045//887 798//689 797//688
f 796//687 1045//887 797//688
f 796//687 1046//888 1045//887
f 796//687 795//686 1046//888
f 1046//888 795//686 1047//889
f 1047//889 795//686 794//685
f 1048//890 794//685 793//684
f 1049//891 793//684 792//683
f 1050//892 792//683 791//682
f 1051//893 791//682 790//681
f 1052//894 790//681 789//680
f 1053//895 789//680 788//679
f 1054//896 788//679 787//678
f 1055//897 787//678 786//677
f 1056//898 786//677 785//676
f 1057//899 785//676 784//675
f 1058//900 784//675 783//674
f 1059//901 783//674 782//673
f 1060//902 782//673 781//672
f 1061//903 781//672 780//671
f 1062//904 780//671 779//670
f 1063//905 779//670 778//669
f 1064//906 778//669 777//668
f 1065//907 777//668 775//666
f 1066//908 775//666 776//667
f 1020//862 1066//908 776//667
f 1047//889 794//685 1048//890
f 1048//890 793//684 1049//891
f 1049//891 792//683 1050//892
f 1050//892 791//682 1051//893
f 1051//893 790//681 1052//894
f 1052//894 789//680 1053//895
f 1053//895 788//679 1054//896
f 1054//896 787//678 1055//897
f 1055//897 786//677 1056//898
f 1056//898 785//676 1057//899
f 1057//899 784//675 1058//900
f 1058//900 783//674 1059//901
f 1059//901 782//673 1060//902
f 1060//902 781//672 1061//903
f 1061//903 780//671 1062//904
f 1062//904 779//670 1063//905
f 1063//905 778//669 1064//906
f 1064//906 777//668 1065//907
f 1065//907 775//666 1066//908
f 798//689 1044//886 799//690
f 799//690 1044//886 1043//885
f 1019//861 822//713 1021//863
f 1021//863 822//713 821//712
f 820//711 1021//863 821//712
f 820//711 1022//864 1021//863
f 820//711 819//710 1022//864
f 1022//864 819//710 1023//865
f 1023//865 819//710 818//709
f 1024//866 818//709 817//708
f 1025//867 817//708 816//707
f 1026//868 816//707 815//706
f 1027//869 815//706 814//705
f 1028//870 814//705 813//704
f 1029//871 813//704 812//703
f 1030//872 812//703 811//702
f 1031//873 811//702 810//701
f 1032//874 810//701 809//700
f 1033//875 809//700 808//699
f 1034//876 808//699 807//698
f 1035//877 807//698 806//697
f 1036//878 806//697 805//696
f 1037//879 805//696 804//695
f 1038//880 804//695 803//694
f 1039//881 803//694 802//693
f 1040//882 802//693 801//692
f 1041//883 801//692 800//691
f 1042//884 800//691 799//690
f 1043//885 1042//884 799//690
f 1023//865 818//709 1024//866
f 1024//866 817//708 1025//867
f 1025//867 816//707 1026//868
f 1026//868 815//706 1027//869
f 1027//869 814//705 1028//870
f 1028//870 813//704 1029//871
f 1029//871 812//703 1030//872
f 1030//872 811//702 1031//873
f 1031//873 810//701 1032//874
f 1032//874 809//700 1033//875
f 1033//875 808//699 1034//876
f 1034//876 807//698 1035//877
f 1035//877 806//697 1036//878
f 1036//878 805//696 1037//879
f 1037//879 804//695 1038//880
f 1038//880 803//694 1039//881
f 1039//881 802//693 1040//882
f 1040//882 801//692 1041//883
f 1041//883 800//691 1042//884
f 822//713 1019//861 776//667
f 776//667 1019//861 1020//862
f 552//513 580//541 554//515
f 552//513 577//538 580//541
f 552//513 555//516 577//538
f 577//538 555//516 557//518
f 559//520 577//538 557//518
f 559//520 561//522 577//538
f 577//538 561//522 563//524
f 565//526 577//538 563//524
f 565//526 575//536 577//538
f 565//526 567//528 575//536
f 575//536 567//528 573//534
f 573//534 567//528 569//530
f 571//532 573//534 569//530
f 580//541 581//542 554//515
f 554//515 581//542 583//544
f 585//546 554//515 583//544
f 585//546 587//548 554//515
f 554//515 587//548 589//550
f 591//552 554//515 589//550
f 591//552 601//562 554//515
f 591//552 593//554 601//562
f 601//562 593//554 599//560
f 599//560 593//554 595//556
f 597//558 599//560 595//556
f 824//715 922//798 823//714
f 823//714 922//798 968//844
f 945//821 847//738 946//822
f 946//822 847//738 846//737
f 845//736 946//822 846//737
f 845//736 947//823 946//822
f 845//736 844//735 947//823
f 947//823 844//735 948//824
f 948//824 844//735 843//734
f 949//825 843//734 842//733
f 950//826 842//733 841//732
f 951//827 841//732 840//731
f 952//828 840//731 839//730
f 953//829 839//730 838//729
f 954//830 838//729 837//728
f 955//831 837//728 836//727
f 956//832 836//727 835//726
f 957//833 835//726 834//725
f 958//834 834//725 833//724
f 959//835 833//724 832//723
f 960//836 832//723 831//722
f 961//837 831//722 830//721
f 962//838 830//721 829//720
f 963//839 829//720 828//719
f 964//840 828//719 827//718
f 965//841 827//718 826//717
f 966//842 826//717 825//716
f 967//843 825//716 823//714
f 968//844 967//843 823//714
f 948//824 843//734 949//825
f 949//825 842//733 950//826
f 950//826 841//732 951//827
f 951//827 840//731 952//828
f 952//828 839//730 953//829
f 953//829 838//729 954//830
f 954//830 837//728 955//831
f 955//831 836//727 956//832
f 956//832 835//726 957//833
f 957//833 834//725 958//834
f 958//834 833//724 959//835
f 959//835 832//723 960//836
f 960//836 831//722 961//837
f 961//837 830//721 962//838
f 962//838 829//720 963//839
f 963//839 828//719 964//840
f 964//840 827//718 965//841
f 965//841 826//717 966//842
f 966//842 825//716 967//843
f 847//738 945//821 848//739
f 848//739 945//821 944//820
f 922//798 824//715 921//797
f 921//797 824//715 870//761
f 923//799 870//761 869//760
f 924//800 869//760 868//759
f 925//801 868//759 867//758
f 926//802 867//758 866//757
f 927//803 866//757 865//756
f 928//804 865//756 864//755
f 929//805 864//755 863//754
f 930//806 863//754 862//753
f 931//807 862//753 861//752
f 932//808 861//752 860//751
f 933//809 860//751 859//750
f 934//810 859//750 858//749
f 935//811 858//749 857//748
f 936//812 857//748 856//747
f 937//813 856//747 855//746
f 938//814 855//746 854//745
f 939//815 854//745 853//744
f 940//816 853//744 852//743
f 941//817 852//743 851//742
f 942//818 851//742 850//741
f 943//819 850//741 849//740
f 944//820 849//740 848//739
f 944//820 943//819 849//740
f 921//797 870//761 923//799
f 923//799 869//760 924//800
f 924//800 868//759 925//801
f 925//801 867//758 926//802
f 926//802 866//757 927//803
f 927//803 865//756 928//804
f 928//804 864//755 929//805
f 929//805 863//754 930//806
f 930//806 862//753 931//807
f 931//807 861//752 932//808
f 932//808 860//751 933//809
f 933//809 859//750 934//810
f 934//810 858//749 935//811
f 935//811 857//748 936//812
f 936//812 856//747 937//813
f 937//813 855//746 938//814
f 938//814 854//745 939//815
f 939//815 853//744 940//816
f 940//816 852//743 941//817
f 941//817 851//742 942//818
f 942//818 850//741 943//819
f 665//554 673//562 663//622
f 665//554 671//560 673//562
f 665//554 667//556 671//560
f 671//560 667//556 669//558
f 673//562 675//624 663//622
f 663//622 675//624 677//516
f 679//518 663//622 677//516
f 679//518 681//520 663//622
f 663//622 681//520 683//522
f 685//524 663//622 683//522
f 685//524 687//626 663//622
f 663//622 687//626 713//632
f 713//632 687//626 690//629
f 711//550 690//629 709//548
f 711//550 713//632 690//629
f 691//528 699//536 690//629
f 691//528 697//534 699//536
f 691//528 693//530 697//534
f 697//534 693//530 695//532
f 699//536 701//630 690//629
f 690//629 701//630 703//542
f 705//544 690//629 703//542
f 705//544 707//546 690//629
f 690//629 707//546 709//548
f 1067//909 1068//910 1069//911
f 1067//909 1070//912 1068//910
f 1067//909 1071//913 1070//912
f 1070//912 1071//913 1072//914
f 1072//914 1071//913 1073//915
f 1074//916 1073//915 1075//917
f 1076//918 1075//917 1077//919
f 1078//920 1077//919 1079//921
f 1080//922 1079//921 1081//923
f 1082//924 1081//923 1083//925
f 1084//926 1083//925 1085//927
f 1086//928 1085//927 1087//929
f 1088//930 1087//929 1089//931
f 1090//932 1089//931 1091//933
f 1092//934 1091//933 1093//935
f 1094//936 1093//935 1095//937
f 1096//938 1095//937 1097//939
f 1098//940 1097//939 1099//941
f 1100//942 1099//941 1101//943
f 1102//944 1101//943 1103//945
f 1104//946 1103//945 1105//947
f 1106//948 1105//947 1107//949
f 1108//950 1107//949 1109//951
f 1110//952 1109//951 1111//953
f 1112//954 1111//953 1113//955
f 1114//956 1113//955 1115//957
f 1116//958 1115//957 1117//959
f 1118//960 1117//959 1119//961
f 1120//962 1119//961 1121//963
f 1122//964 1121//963 1123//965
f 1124//966 1123//965 1125//967
f 1126//968 1125//967 1127//969
f 1128//970 1127//969 1129//971
f 1130//972 1129//971 1131//973
f 1132//974 1131//973 1133//975
f 1134//976 1133//975 1135//977
f 1136//978 1135//977 1137//979
f 1138//980 1137//979 1139//981
f 1140//982 1139//981 1141//983
f 1142//984 1141//983 1143//985
f 1144//986 1143//985 1145//987
f 1146//988 1145//987 1147//989
f 1148//990 1147//989 1069//911
f 1068//910 1148//990 1069//911
f 1072//914 1073//915 1074//916
f 1074//916 1075//917 1076//918
f 1076//918 1077//919 1078//920
f 1078//920 1079//921 1080//922
f 1080//922 1081//923 1082//924
f 1082//924 1083//925 1084//926
f 1084//926 1085//927 1086//928
f 1086//928 1087//929 1088//930
f 1088//930 1089//931 1090//932
f 1090//932 1091//933 1092//934
f 1092//934 1093//935 1094//936
f 1094//936 1095//937 1096//938
f 1096//938 1097//939 1098//940
f 1098//940 1099//941 1100//942
f 1100//942 1101//943 1102//944
f 1102//944 1103//945 1104//946
f 1104//946 1105//947 1106//948
f 1106//948 1107//949 1108//950
f 1108//950 1109//951 1110//952
f 1110//952 1111//953 1112//954
f 1112//954 1113//955 1114//956
f 1114//956 1115//957 1116//958
f 1116//958 1117//959 1118//960
f 1118//960 1119//961 1120//962
f 1120//962 1121//963 1122//964
f 1122//964 1123//965 1124//966
f 1124//966 1125//967 1126//968
f 1126//968 1127//969 1128//970
f 1128//970 1129//971 1130//972
f 1130//972 1131//973 1132//974
f 1132//974 1133//975 1134//976
f 1134//976 1135//977 1136//978
f 1136//978 1137//979 1138//980
f 1138//980 1139//981 1140//982
f 1140//982 1141//983 1142//984
f 1142//984 1143//985 1144//986
f 1144//986 1145//987 1146//988
f 1146//988 1147//989 1148//990
f 1147//989 1149//991 1069//911
f 1147//989 1150//992 1149//991
f 1147//989 1145//987 1150//992
f 1150//992 1145//987 1151//993
f 1151//993 1145//987 1143//985
f 1152//994 1143//985 1141//983
f 1153//995 1141//983 1139//981
f 1154//996 1139//981 1137//979
f 1155//997 1137//979 1135//977
f 1156//998 1135//977 1133//975
f 1157//999 1133//975 1158//1000
f 1157//999 1156//998 1133//975
f 1151//993 1143//985 1152//994
f 1152//994 1141//983 1153//995
f 1153//995 1139//981 1154//996
f 1154//996 1137//979 1155//997
f 1155//997 1135//977 1156//998
f 1133//975 1131//973 1158//1000
f 1158//1000 1131//973 1159//1001
f 1159//1001 1131//973 1129//971
f 1160//1002 1129//971 1127//969
f 1161//1003 1127//969 1125//967
f 1162//1004 1125//967 1123//965
f 1163//1005 1123//965 1121//963
f 1164//1006 1121//963 1119//961
f 1165//1007 1119//961 1117//959
f 1166//1008 1117//959 1167//1009
f 1166//1008 1165//1007 1117//959
f 1159//1001 1129//971 1160//1002
f 1160//1002 1127//969 1161//1003
f 1161//1003 1125//967 1162//1004
f 1162//1004 1123//965 1163//1005
f 1163//1005 1121//963 1164//1006
f 1164//1006 1119//961 1165//1007
f 1117//959 1115//957 1167//1009
f 1167//1009 1115//957 1168//1010
f 1168//1010 1115//957 1113//955
f 1169//1011 1113//955 1111//953
f 1170//1012 1111//953 1109//951
f 1171//1013 1109//951 1107//949
f 1172//1014 1107//949 1105//947
f 1173//1015 1105//947 1103//945
f 1174//1016 1103//945 1101//943
f 1175//1017 1101//943 1099//941
f 1176//1018 1099//941 1177//1019
f 1176//1018 1175//1017 1099//941
f 1168//1010 1113//955 1169//1011
f 1169//1011 1111//953 1170//1012
f 1170//1012 1109//951 1171//1013
f 1171//1013 1107//949 1172//1014
f 1172//1014 1105//947 1173//1015
f 1173//1015 1103//945 1174//1016
f 1174//1016 1101//943 1175//1017
f 1099//941 1097//939 1177//1019
f 1177//1019 1097//939 1178//1020
f 1178//1020 1097//939 1095//937
f 1179//1021 1095//937 1093//935
f 1180//1022 1093//935 1091//933
f 1181//1023 1091//933 1089//931
f 1182//1024 1089//931 1087//929
f 1183//1025 1087//929 1085//927
f 1184//1026 1085//927 1083//925
f 1185//1027 1083//925 1186//1028
f 1185//1027 1184//1026 1083//925
f 1178//1020 1095//937 1179//1021
f 1179//1021 1093//935 1180//1022
f 1180//1022 1091//933 1181//1023
f 1181//1023 1089//931 1182//1024
f 1182//1024 1087//929 1183//1025
f 1183//1025 1085//927 1184//1026
f 1083//925 1081//923 1186//1028
f 1186//1028 1081//923 1187//1029
f 1187//1029 1081//923 1079//921
f 1188//1030 1079//921 1077//919
f 1189//1031 1077//919 1075//917
f 1190//1032 1075//917 1073//915
f 1191//1033 1073//915 1071//913
f 1192//1034 1071//913 1067//909
f 1193//1035 1067//909 1069//911
f 1194//1036 1069//911 1149//991
f 1194//1036 1193//1035 1069//911
f 1187//1029 1079//921 1188//1030
f 1188//1030 1077//919 1189//1031
f 1189//1031 1075//917 1190//1032
f 1190//1032 1073//915 1191//1033
f 1191//1033 1071//913 1192//1034
f 1192//1034 1067//909 1193//1035
f 1195//909 1196//910 1197//911
f 1195//909 1198//912 1196//910
f 1195//909 1199//913 1198//912
f 1198//912 1199//913 1200//914
f 1200//914 1199//913 1201//915
f 1202//916 1201//915 1203//917
f 1204//918 1203//917 1205//919
f 1206//920 1205//919 1207//921
f 1208//922 1207//921 1209//923
f 1210//924 1209//923 1211//925
f 1212//926 1211//925 1213//927
f 1214//928 1213//927 1215//929
f 1216//930 1215//929 1217//931
f 1218//932 1217//931 1219//933
f 1220//934 1219//933 1221//935
f 1222//936 1221//935 1223//937
f 1224//938 1223//937 1225//939
f 1226//940 1225//939 1227//941
f 1228//942 1227//941 1229//943
f 1230//944 1229//943 1231//945
f 1232//946 1231//945 1233//947
f 1234//948 1233//947 1235//949
f 1236//950 1235//949 1237//951
f 1238//952 1237//951 1239//953
f 1240//954 1239//953 1241//955
f 1242//956 1241//955 1243//957
f 1244//958 1243//957 1245//959
f 1246//960 1245//959 1247//961
f 1248//962 1247//961 1249//963
f 1250//964 1249//963 1251//965
f 1252//966 1251//965 1253//967
f 1254//968 1253//967 1255//969
f 1256//970 1255//969 1257//971
f 1258//972 1257//971 1259//973
f 1260//974 1259//973 1261//975
f 1262//976 1261//975 1263//977
f 1264//978 1263//977 1265//979
f 1266//980 1265//979 1267//981
f 1268//982 1267//981 1269//983
f 1270//984 1269//983 1271//985
f 1272//986 1271//985 1273//987
f 1274//988 1273//987 1275//989
f 1276//990 1275//989 1197//911
f 1196//910 1276//990 1197//911
f 1200//914 1201//915 1202//916
f 1202//916 1203//917 1204//918
f 1204//918 1205//919 1206//920
f 1206//920 1207//921 1208//922
f 1208//922 1209//923 1210//924
f 1210//924 1211//925 1212//926
f 1212//926 1213//927 1214//928
f 1214//928 1215//929 1216//930
f 1216//930 1217//931 1218//932
f 1218//932 1219//933 1220//934
f 1220//934 1221//935 1222//936
f 1222//936 1223//937 1224//938
f 1224//938 1225//939 1226//940
f 1226//940 1227//941 1228//942
f 1228//942 1229//943 1230//944
f 1230//944 1231//945 1232//946
f 1232//946 1233//947 1234//948
f 1234//948 1235//949 1236//950
f 1236//950 1237//951 1238//952
f 1238//952 1239//953 1240//954
f 1240//954 1241//955 1242//956
f 1242//956 1243//957 1244//958
f 1244//958 1245//959 1246//960
f 1246//960 1247//961 1248//962
f 1248//962 1249//963 1250//964
f 1250//964 1251//965 1252//966
f 1252//966 1253//967 1254//968
f 1254//968 1255//969 1256//970
f 1256//970 1257//971 1258//972
f 1258//972 1259//973 1260//974
f 1260//974 1261//975 1262//976
f 1262//976 1263//977 1264//978
f 1264//978 1265//979 1266//980
f 1266//980 1267//981 1268//982
f 1268//982 1269//983 1270//984
f 1270//984 1271//985 1272//986
f 1272//986 1273//987 1274//988
f 1274//988 1275//989 1276//990
f 1275//989 1277//991 1197//911
f 1275//989 1278//992 1277//991
f 1275//989 1273//987 1278//992
f 1278//992 1273//987 1279//993
f 1279//993 1273//987 1271//985
f 1280//994 1271//985 1269//983
f 1281//995 1269//983 1267//981
f 1282//996 1267//981 1265//979
f 1283//997 1265//979 1263//977
f 1284//998 1263//977 1261//975
f 1285//999 1261//975 1286//1000
f 1285//999 1284//998 1261//975
f 1279//993 1271//985 1280//994
f 1280//994 1269//983 1281//995
f 1281//995 1267//981 1282//996
f 1282//996 1265//979 1283//997
f 1283//997 1263//977 1284//998
f 1261//975 1259//973 1286//1000
f 1286//1000 1259//973 1287//1001
f 1287//1001 1259//973 1257//971
f 1288//1002 1257//971 1255//969
f 1289//1003 1255//969 1253//967
f 1290//1004 1253//967 1251//965
f 1291//1005 1251//965 1249//963
f 1292//1006 1249//963 1247//961
f 1293//1007 1247//961 1245//959
f 1294//1008 1245//959 1295//1009
f 1294//1008 1293//1007 1245//959
f 1287//1001 1257//971 1288//1002
f 1288//1002 1255//969 1289//1003
f 1289//1003 1253//967 1290//1004
f 1290//1004 1251//965 1291//1005
f 1291//1005 1249//963 1292//1006
f 1292//1006 1247//961 1293//1007
f 1245//959 1243//957 1295//1009
f 1295//1009 1243//957 1296//1010
f 1296//1010 1243//957 1241//955
f 1297//1011 1241//955 1239//953
f 1298//1012 1239//953 1237//951
f 1299//1013 1237//951 1235//949
f 1300//1014 1235//949 1233//947
f 1301//1015 1233//947 1231//945
f 1302//1016 1231//945 1229//943
f 1303//1017 1229//943 1227//941
f 1304//1018 1227//941 1305//1019
f 1304//1018 1303//1017 1227//941
f 1296//1010 1241//955 1297//1011
f 1297//1011 1239//953 1298//1012
f 1298//1012 1237//951 1299//1013
f 1299//1013 1235//949 1300//1014
f 1300//1014 1233//947 1301//1015
f 1301//1015 1231//945 1302//1016
f 1302//1016 1229//943 1303//1017
f 1227//941 1225//939 1305//1019
f 1305//1019 1225//939 1306//1020
f 1306//1020 1225//939 1223//937
f 1307//1021 1223//937 1221//935
f 1308//1022 1221//935 1219//933
f 1309//1023 1219//933 1217//931
f 1310//1024 1217//931 1215//929
f 1311//1025 1215//929 1213//927
f 1312//1026 1213//927 1211//925
f 1313//1027 1211//925 1314//1028
f 1313//1027 1312//1026 1211//925
f 1306//1020 1223//937 1307//1021
f 1307//1021 1221//935 1308//1022
f 1308//1022 1219//933 1309//1023
f 1309//1023 1217//931 1310//1024
f 1310//1024 1215//929 1311//1025
f 1311//1025 1213//927 1312//1026
f 1211//925 1209//923 1314//1028
f 1314//1028 1209//923 1315//1029
f 1315//1029 1209//923 1207//921
f 1316//1030 1207//921 1205//919
f 1317//1031 1205//919 1203//917
f 1318//1032 1203//917 1201//915
f 1319//1033 1201//915 1199//913
f 1320//1034 1199//913 1195//909
f 1321//1035 1195//909 1197//911
f 1322//1036 1197//911 1277//991
f 1322//1036 1321//1035 1197//911
f 1315//1029 1207//921 1316//1030
f 1316//1030 1205//919 1317//1031
f 1317//1031 1203//917 1318//1032
f 1318//1032 1201//915 1319//1033
f 1319//1033 1199//913 1320//1034
f 1320//1034 1195//909 1321//1035
f 1277//991 1323//1037 1322//1036
f 1277//991 1324//1038 1323//1037
f 1277//991 1278//992 1324//1038
f 1324//1038 1278//992 1325//1039
f 1325//1039 1278//992 1279//993
f 1326//1040 1279//993 1280//994
f 1327//1041 1280//994 1281//995
f 1328//1042 1281//995 1282//996
f 1329//1043 1282//996 1283//997
f 1330//1044 1283//997 1284//998
f 1331//1045 1284//998 1285//999
f 1332//1046 1285//999 1286//1000
f 1333//1047 1286//1000 1287//1001
f 1334//1048 1287//1001 1288//1002
f 1335//1049 1288//1002 1289//1003
f 1336//1050 1289//1003 1290//1004
f 1337//1051 1290//1004 1291//1005
f 1338//1052 1291//1005 1292//1006
f 1339//1053 1292//1006 1293//1007
f 1340//1054 1293//1007 1294//1008
f 1341//1055 1294//1008 1295//1009
f 1342//1056 1295//1009 1296//1010
f 1343//1057 1296//1010 1297//1011
f 1344//1058 1297//1011 1298//1012
f 1345//1059 1298//1012 1299//1013
f 1346//1060 1299//1013 1300//1014
f 1347//1061 1300//1014 1301//1015
f 1348//1062 1301//1015 1302//1016
f 1349//1063 1302//1016 1303//1017
f 1350//1064 1303//1017 1304//1018
f 1351//1065 1304//1018 1305//1019
f 1352//1066 1305//1019 1306//1020
f 1353//1067 1306//1020 1307//1021
f 1354//1068 1307//1021 1308//1022
f 1355//1069 1308//1022 1309//1023
f 1356//1070 1309//1023 1310//1024
f 1357//1071 1310//1024 1311//1025
f 1358//1072 1311//1025 1312//1026
f 1359//1073 1312//1026 1313//1027
f 1360//1074 1313//1027 1314//1028
f 1361//1075 1314//1028 1315//1029
f 1362//1076 1315//1029 1316//1030
f 1363//1077 1316//1030 1317//1031
f 1364//1078 1317//1031 1318//1032
f 1365//1079 1318//1032 1319//1033
f 1366//1080 1319//1033 1320//1034
f 1367//1081 1320//1034 1321//1035
f 1368//1082 1321//1035 1322//1036
f 1323//1037 1368//1082 1322//1036
f 1325//1039 1279//993 1326//1040
f 1326//1040 1280//994 1327//1041
f 1327//1041 1281//995 1328//1042
f 1328//1042 1282//996 1329//1043
f 1329//1043 1283//997 1330//1044
f 1330//1044 1284//998 1331//1045
f 1331//1045 1285//999 1332//1046
f 1332//1046 1286//1000 1333//1047
f 1333//1047 1287//1001 1334//1048
f 1334//1048 1288//1002 1335//1049
f 1335//1049 1289//1003 1336//1050
f 1336//1050 1290//1004 1337//1051
f 1337//1051 1291//1005 1338//1052
f 1338//1052 1292//1006 1339//1053
f 1339//1053 1293//1007 1340//1054
f 1340//1054 1294//1008 1341//1055
f 1341//1055 1295//1009 1342//1056
f 1342//1056 1296//1010 1343//1057
f 1343//1057 1297//1011 1344//1058
f 1344//1058 1298//1012 1345//1059
f 1345//1059 1299//1013 1346//1060
f 1346//1060 1300//1014 1347//1061
f 1347//1061 1301//1015 1348//1062
f 1348//1062 1302//1016 1349//1063
f 1349//1063 1303//1017 1350//1064
f 1350//1064 1304//1018 1351//1065
f 1351//1065 1305//1019 1352//1066
f 1352//1066 1306//1020 1353//1067
f 1353//1067 1307//1021 1354//1068
f 1354//1068 1308//1022 1355//1069
f 1355//1069 1309//1023 1356//1070
f 1356//1070 1310//1024 1357//1071
f 1357//1071 1311//1025 1358//1072
f 1358//1072 1312//1026 1359//1073
f 1359//1073 1313//1027 1360//1074
f 1360//1074 1314//1028 1361//1075
f 1361//1075 1315//1029 1362//1076
f 1362//1076 1316//1030 1363//1077
f 1363//1077 1317//1031 1364//1078
f 1364//1078 1318//1032 1365//1079
f 1365//1079 1319//1033 1366//1080
f 1366//1080 1320//1034 1367//1081
f 1367//1081 1321//1035 1368//1082
f 1369//1083 156//156 1370//1084
f 1369//1083 155//155 156//156
f 1369//1083 1371//1085 155//155
f 155//155 1371//1085 154//154
f 154//154 1371//1085 1372//1086
f 153//153 1372//1086 1373//1087
f 152//152 1373//1087 1374//1088
f 150//150 1374//1088 1375//1089
f 149//149 1375//1089 1376//1090
f 146//146 1376//1090 1377//1091
f 144//144 1377//1091 1378//1092
f 141//141 1378//1092 1379//1093
f 139//139 1379//1093 1380//1094
f 137//137 1380//1094 1381//1095
f 134//134 1381//1095 1382//1096
f 132//132 1382//1096 1383//1097
f 130//130 1383//1097 1384//1098
f 128//128 1384//1098 1385//1099
f 126//126 1385//1099 1386//1100
f 124//124 1386//1100 1387//1101
f 120//120 1387//1101 1388//1102
f 118//118 1388//1102 1389//1103
f 116//116 1389//1103 1390//1104
f 112//112 1390//1104 1391//1105
f 110//110 1391//1105 1392//1106
f 108//108 1392//1106 1393//1107
f 106//106 1393//1107 1394//1108
f 104//104 1394//1108 1395//1109
f 102//102 1395//1109 1396//1110
f 282//272 1396//1110 1397//1111
f 262//256 1397//1111 1398//1112
f 263//257 1398//1112 1399//1113
f 265//259 1399//1113 1400//1114
f 267//261 1400//1114 1401//1115
f 269//263 1401//1115 1402//1116
f 271//215 1402//1116 1403//1117
f 273//266 1403//1117 1404//1118
f 275//210 1404//1118 1405//1119
f 277//208 1405//1119 1406//1120
f 279//205 1406//1120 1407//1121
f 361//203 1407//1121 1408//1122
f 363//201 1408//1122 1409//1123
f 365//199 1409//1123 1410//1124
f 367//197 1410//1124 1411//1125
f 368//334 1411//1125 1412//1126
f 369//335 1412//1126 1413//1127
f 370//336 1413//1127 1414//1128
f 160//160 1414//1128 1415//1129
f 159//159 1415//1129 1416//1130
f 158//158 1416//1130 1417//1131
f 157//157 1417//1131 1370//1084
f 156//156 157//157 1370//1084
f 154//154 1372//1086 153//153
f 153//153 1373//1087 152//152
f 152//152 1374//1088 150//150
f 150//150 1375//1089 149//149
f 149//149 1376//1090 146//146
f 146//146 1377//1091 144//144
f 144//144 1378//1092 141//141
f 141//141 1379//1093 139//139
f 139//139 1380//1094 137//137
f 137//137 1381//1095 134//134
f 134//134 1382//1096 132//132
f 132//132 1383//1097 130//130
f 130//130 1384//1098 128//128
f 128//128 1385//1099 126//126
f 126//126 1386//1100 124//124
f 124//124 1387//1101 120//120
f 120//120 1388//1102 118//118
f 118//118 1389//1103 116//116
f 116//116 1390//1104 112//112
f 112//112 1391//1105 110//110
f 110//110 1392//1106 108//108
f 108//108 1393//1107 106//106
f 106//106 1394//1108 104//104
f 104//104 1395//1109 102//102
f 102//102 1396//1110 282//272
f 282//272 1397//1111 262//256
f 262//256 1398//1112 263//257
f 263//257 1399//1113 265//259
f 265//259 1400//1114 267//261
f 267//261 1401//1115 269//263
f 269//263 1402//1116 271//215
f 271//215 1403//1117 273//266
f 273//266 1404//1118 275//210
f 275//210 1405//1119 277//208
f 277//208 1406//1120 279//205
f 279//205 1407//1121 361//203
f 361//203 1408//1122 363//201
f 363//201 1409//1123 365//199
f 365//199 1410//1124 367//197
f 367//197 1411//1125 368//334
f 368//334 1412//1126 369//335
f 369//335 1413//1127 370//336
f 370//336 1414//1128 160//160
f 160//160 1415//1129 159//159
f 159//159 1416//1130 158//158
f 158//158 1417//1131 157//157
f 1323//1037 1369//1083 1368//1082
f 1323//1037 1371//1085 1369//1083
f 1323//1037 1324//1038 1371//1085
f 1371//1085 1324//1038 1372//1086
f 1372//1086 1324//1038 1325//1039
f 1373//1087 1325//1039 1326//1040
f 1374//1088 1326//1040 1327//1041
f 1375//1089 1327//1041 1328//1042
f 1376//1090 1328//1042 1329//1043
f 1377//1091 1329//1043 1330//1044
f 1378//1092 1330//1044 1331//1045
f 1379//1093 1331//1045 1332//1046
f 1380//1094 1332//1046 1333//1047
f 1381//1095 1333//1047 1334//1048
f 1382//1096 1334//1048 1335//1049
f 1383//1097 1335//1049 1336//1050
f 1384//1098 1336//1050 1337//1051
f 1385//1099 1337//1051 1386//1100
f 1385//1099 1384//1098 1337//1051
f 1372//1086 1325//1039 1373//1087
f 1373//1087 1326//1040 1374//1088
f 1374//1088 1327//1041 1375//1089
f 1375//1089 1328//1042 1376//1090
f 1376//1090 1329//1043 1377//1091
f 1377//1091 1330//1044 1378//1092
f 1378//1092 1331//1045 1379//1093
f 1379//1093 1332//1046 1380//1094
f 1380//1094 1333//1047 1381//1095
f 1381//1095 1334//1048 1382//1096
f 1382//1096 1335//1049 1383//1097
f 1383//1097 1336//1050 1384//1098
f 1337//1051 1338//1052 1386//1100
f 1386//1100 1338//1052 1387//1101
f 1387//1101 1338//1052 1339//1053
f 1388//1102 1339//1053 1340//1054
f 1389//1103 1340//1054 1341//1055
f 1390//1104 1341//1055 1342//1056
f 1391//1105 1342//1056 1343//1057
f 1392//1106 1343//1057 1344//1058
f 1393//1107 1344//1058 1345//1059
f 1394//1108 1345//1059 1346//1060
f 1395//1109 1346//1060 1347//1061
f 1396//1110 1347//1061 1348//1062
f 1397//1111 1348//1062 1349//1063
f 1398//1112 1349//1063 1350//1064
f 1399//1113 1350//1064 1351//1065
f 1400//1114 1351//1065 1352//1066
f 1401//1115 1352//1066 1353//1067
f 1402//1116 1353//1067 1403//1117
f 1402//1116 1401//1115 1353//1067
f 1387//1101 1339//1053 1388//1102
f 1388//1102 1340//1054 1389//1103
f 1389//1103 1341//1055 1390//1104
f 1390//1104 1342//1056 1391//1105
f 1391//1105 1343//1057 1392//1106
f 1392//1106 1344//1058 1393//1107
f 1393//1107 1345//1059 1394//1108
f 1394//1108 1346//1060 1395//1109
f 1395//1109 1347//1061 1396//1110
f 1396//1110 1348//1062 1397//1111
f 1397//1111 1349//1063 1398//1112
f 1398//1112 1350//1064 1399//1113
f 1399//1113 1351//1065 1400//1114
f 1400//1114 1352//1066 1401//1115
f 1353//1067 1354//1068 1403//1117
f 1403//1117 1354//1068 1404//1118
f 1404//1118 1354//1068 1355//1069
f 1405//1119 1355//1069 1356//1070
f 1406//1120 1356//1070 1357//1071
f 1407//1121 1357//1071 1358//1072
f 1408//1122 1358//1072 1359//1073
f 1409//1123 1359//1073 1360//1074
f 1410//1124 1360//1074 1361//1075
f 1411//1125 1361//1075 1362//1076
f 1412//1126 1362//1076 1363//1077
f 1413//1127 1363//1077 1364//1078
f 1414//1128 1364//1078 1365//1079
f 1415//1129 1365//1079 1366//1080
f 1416//1130 1366//1080 1367//1081
f 1417//1131 1367//1081 1368//1082
f 1370//1084 1368//1082 1369//1083
f 1370//1084 1417//1131 1368//1082
f 1404//1118 1355//1069 1405//1119
f 1405//1119 1356//1070 1406//1120
f 1406//1120 1357//1071 1407//1121
f 1407//1121 1358//1072 1408//1122
f 1408//1122 1359//1073 1409//1123
f 1409//1123 1360//1074 1410//1124
f 1410//1124 1361//1075 1411//1125
f 1411//1125 1362//1076 1412//1126
f 1412//1126 1363//1077 1413//1127
f 1413//1127 1364//1078 1414//1128
f 1414//1128 1365//1079 1415//1129
f 1415//1129 1366//1080 1416//1130
f 1416//1130 1367//1081 1417//1131
f 1149//991 1418//1037 1194//1036
f 1149//991 1419//1038 1418//1037
f 1149//991 1150//992 1419//1038
f 1419//1038 1150//992 1420//1039
f 1420//1039 1150//992 1151//993
f 1421//1040 1151//993 1152//994
f 1422//1041 1152//994 1153//995
f 1423//1042 1153//995 1154//996
f 1424//1043 1154//996 1155//997
f 1425//1044 1155//997 1156//998
f 1426//1045 1156//998 1157//999
f 1427//1046 1157//999 1158//1000
f 1428//1047 1158//1000 1159//1001
f 1429//1048 1159//1001 1160//1002
f 1430//1049 1160//1002 1161//1003
f 1431//1050 1161//1003 1162//1004
f 1432//1051 1162//1004 1163//1005
f 1433//1052 1163//1005 1164//1006
f 1434//1053 1164//1006 1165//1007
f 1435//1054 1165//1007 1166//1008
f 1436//1055 1166//1008 1167//1009
f 1437//1056 1167//1009 1168//1010
f 1438//1057 1168//1010 1169//1011
f 1439//1058 1169//1011 1170//1012
f 1440//1059 1170//1012 1171//1013
f 1441//1060 1171//1013 1172//1014
f 1442//1061 1172//1014 1173//1015
f 1443//1062 1173//1015 1174//1016
f 1444//1063 1174//1016 1175//1017
f 1445//1064 1175//1017 1176//1018
f 1446//1065 1176//1018 1177//1019
f 1447//1066 1177//1019 1178//1020
f 1448//1067 1178//1020 1179//1021
f 1449//1068 1179//1021 1180//1022
f 1450//1069 1180//1022 1181//1023
f 1451//1070 1181//1023 1182//1024
f 1452//1071 1182//1024 1183//1025
f 1453//1072 1183//1025 1184//1026
f 1454//1073 1184//1026 1185//1027
f 1455//1074 1185//1027 1186//1028
f 1456//1075 1186//1028 1187//1029
f 1457//1076 1187//1029 1188//1030
f 1458//1077 1188//1030 1189//1031
f 1459//1078 1189//1031 1190//1032
f 1460//1079 1190//1032 1191//1033
f 1461//1080 1191//1033 1192//1034
f 1462//1081 1192//1034 1193//1035
f 1463//1082 1193//1035 1194//1036
f 1418//1037 1463//1082 1194//1036
f 1420//1039 1151//993 1421//1040
f 1421//1040 1152//994 1422//1041
f 1422//1041 1153//995 1423//1042
f 1423//1042 1154//996 1424//1043
f 1424//1043 1155//997 1425//1044
f 1425//1044 1156//998 1426//1045
f 1426//1045 1157//999 1427//1046
f 1427//1046 1158//1000 1428//1047
f 1428//1047 1159//1001 1429//1048
f 1429//1048 1160//1002 1430//1049
f 1430//1049 1161//1003 1431//1050
f 1431//1050 1162//1004 1432//1051
f 1432//1051 1163//1005 1433//1052
f 1433//1052 1164//1006 1434//1053
f 1434//1053 1165//1007 1435//1054
f 1435//1054 1166//1008 1436//1055
f 1436//1055 1167//1009 1437//1056
f 1437//1056 1168//1010 1438//1057
f 1438//1057 1169//1011 1439//1058
f 1439//1058 1170//1012 1440//1059
f 1440//1059 1171//1013 1441//1060
f 1441//1060 1172//1014 1442//1061
f 1442//1061 1173//1015 1443//1062
f 1443//1062 1174//1016 1444//1063
f 1444//1063 1175//1017 1445//1064
f 1445//1064 1176//1018 1446//1065
f 1446//1065 1177//1019 1447//1066
f 1447//1066 1178//1020 1448//1067
f 1448//1067 1179//1021 1449//1068
f 1449//1068 1180//1022 1450//1069
f 1450//1069 1181//1023 1451//1070
f 1451//1070 1182//1024 1452//1071
f 1452//1071 1183//1025 1453//1072
f 1453//1072 1184//1026 1454//1073
f 1454//1073 1185//1027 1455//1074
f 1455//1074 1186//1028 1456//1075
f 1456//1075 1187//1029 1457//1076
f 1457//1076 1188//1030 1458//1077
f 1458//1077 1189//1031 1459//1078
f 1459//1078 1190//1032 1460//1079
f 1460//1079 1191//1033 1461//1080
f 1461//1080 1192//1034 1462//1081
f 1462//1081 1193//1035 1463//1082
f 1464//1083 179//179 1465//1084
f 1464//1083 177//177 179//179
f 1464//1083 1466//1085 177//177
f 177//177 1466//1085 175//175
f 175//175 1466//1085 1467//1086
f 173//173 1467//1086 1468//1087
f 227//225 1468//1087 1469//1088
f 229//150 1469//1088 1470//1089
f 231//228 1470//1089 1471//1090
f 233//230 1471//1090 1472//1091
f 235//144 1472//1091 1473//1092
f 237//233 1473//1092 1474//1093
f 239//139 1474//1093 1475//1094
f 241//137 1475//1094 1476//1095
f 243//237 1476//1095 1477//1096
f 245//239 1477//1096 1478//1097
f 343//130 1478//1097 1479//1098
f 345//128 1479//1098 1480//1099
f 347//126 1480//1099 1481//1100
f 348//320 1481//1100 1482//1101
f 349//321 1482//1101 1483//1102
f 350//322 1483//1102 1484//1103
f 351//323 1484//1103 1485//1104
f 352//324 1485//1104 1486//1105
f 353//325 1486//1105 1487//1106
f 354//108 1487//1106 1488//1107
f 355//326 1488//1107 1489//1108
f 356//327 1489//1108 1490//1109
f 357//328 1490//1109 1491//1110
f 358//329 1491//1110 1492//1111
f 309//287 1492//1111 1493//1112
f 308//286 1493//1112 1494//1113
f 306//259 1494//1113 1495//1114
f 304//261 1495//1114 1496//1115
f 218//217 1496//1115 1497//1116
f 216//215 1497//1116 1498//1117
f 213//212 1498//1117 1499//1118
f 211//210 1499//1118 1500//1119
f 209//208 1500//1119 1501//1120
f 206//205 1501//1120 1502//1121
f 204//203 1502//1121 1503//1122
f 202//201 1503//1122 1504//1123
f 200//199 1504//1123 1505//1132
f 198//197 1505//1132 1506//1125
f 193//192 1506//1125 1507//1126
f 191//190 1507//1126 1508//1127
f 189//188 1508//1127 1509//1128
f 187//186 1509//1128 1510//1129
f 185//184 1510//1129 1511//1130
f 183//158 1511//1130 1512//1131
f 181//181 1512//1131 1465//1084
f 179//179 181//181 1465//1084
f 175//175 1467//1086 173//173
f 173//173 1468//1087 227//225
f 227//225 1469//1088 229//150
f 229//150 1470//1089 231//228
f 231//228 1471//1090 233//230
f 233//230 1472//1091 235//144
f 235//144 1473//1092 237//233
f 237//233 1474//1093 239//139
f 239//139 1475//1094 241//137
f 241//137 1476//1095 243//237
f 243//237 1477//1096 245//239
f 245//239 1478//1097 343//130
f 343//130 1479//1098 345//128
f 345//128 1480//1099 347//126
f 347//126 1481//1100 348//320
f 348//320 1482//1101 349//321
f 349//321 1483//1102 350//322
f 350//322 1484//1103 351//323
f 351//323 1485//1104 352//324
f 352//324 1486//1105 353//325
f 353//325 1487//1106 354//108
f 354//108 1488//1107 355//326
f 355//326 1489//1108 356//327
f 356//327 1490//1109 357//328
f 357//328 1491//1110 358//329
f 358//329 1492//1111 309//287
f 309//287 1493//1112 308//286
f 308//286 1494//1113 306//259
f 306//259 1495//1114 304//261
f 304//261 1496//1115 218//217
f 218//217 1497//1116 216//215
f 216//215 1498//1117 213//212
f 213//212 1499//1118 211//210
f 211//210 1500//1119 209//208
f 209//208 1501//1120 206//205
f 206//205 1502//1121 204//203
f 204//203 1503//1122 202//201
f 202//201 1504//1123 200//199
f 200//199 1505//1132 198//197
f 198//197 1506//1125 193//192
f 193//192 1507//1126 191//190
f 191//190 1508//1127 189//188
f 189//188 1509//1128 187//186
f 187//186 1510//1129 185//184
f 185//184 1511//1130 183//158
f 183//158 1512//1131 181//181
f 1418//1037 1464//1083 1463//1082
f 1418//1037 1466//1085 1464//1083
f 1418//1037 1419//1038 1466//1085
f 1466//1085 1419//1038 1467//1086
f 1467//1086 1419//1038 1420//1039
f 1468//1087 1420//1039 1421//1040
f 1469//1088 1421//1040 1422//1041
f 1470//1089 1422//1041 1423//1042
f 1471//1090 1423//1042 1424//1043
f 1472//1091 1424//1043 1425//1044
f 1473//1092 1425//1044 1426//1045
f 1474//1093 1426//1045 1427//1046
f 1475//1094 1427//1046 1428//1047
f 1476//1095 1428//1047 1429//1048
f 1477//1096 1429//1048 1430//1049
f 1478//1097 1430//1049 1431//1050
f 1479//1098 1431//1050 1432//1051
f 1480//1099 1432//1051 1481//1100
f 1480//1099 1479//1098 1432//1051
f 1467//1086 1420//1039 1468//1087
f 1468//1087 1421//1040 1469//1088
f 1469//1088 1422//1041 1470//1089
f 1470//1089 1423//1042 1471//1090
f 1471//1090 1424//1043 1472//1091
f 1472//1091 1425//1044 1473//1092
f 1473//1092 1426//1045 1474//1093
f 1474//1093 1427//1046 1475//1094
f 1475//1094 1428//1047 1476//1095
f 1476//1095 1429//1048 1477//1096
f 1477//1096 1430//1049 1478//1097
f 1478//1097 1431//1050 1479//1098
f 1432//1051 1433//1052 1481//1100
f 1481//1100 1433//1052 1482//1101
f 1482//1101 1433//1052 1434//1053
f 1483//1102 1434//1053 1435//1054
f 1484//1103 1435//1054 1436//1055
f 1485//1104 1436//1055 1437//1056
f 1486//1105 1437//1056 1438//1057
f 1487//1106 1438//1057 1439//1058
f 1488//1107 1439//1058 1440//1059
f 1489//1108 1440//1059 1441//1060
f 1490//1109 1441//1060 1442//1061
f 1491//1110 1442//1061 1443//1062
f 1492//1111 1443//1062 1444//1063
f 1493//1112 1444//1063 1445//1064
f 1494//1113 1445//1064 1446//1065
f 1495//1114 1446//1065 1447//1066
f 1496//1115 1447//1066 1448//1067
f 1497//1116 1448//1067 1498//1117
f 1497//1116 1496//1115 1448//1067
f 1482//1101 1434//1053 1483//1102
f 1483//1102 1435//1054 1484//1103
f 1484//1103 1436//1055 1485//1104
f 1485//1104 1437//1056 1486//1105
f 1486//1105 1438//1057 1487//1106
f 1487//1106 1439//1058 1488//1107
f 1488//1107 1440//1059 1489//1108
f 1489//1108 1441//1060 1490//1109
f 1490//1109 1442//1061 1491//1110
f 1491//1110 1443//1062 1492//1111
f 1492//1111 1444//1063 1493//1112
f 1493//1112 1445//1064 1494//1113
f 1494//1113 1446//1065 1495//1114
f 1495//1114 1447//1066 1496//1115
f 1448//1067 1449//1068 1498//1117
f 1498//1117 1449//1068 1499//1118
f 1499//1118 1449//1068 1450//1069
f 1500//1119 1450//1069 1451//1070
f 1501//1120 1451//1070 1452//1071
f 1502//1121 1452//1071 1453//1072
f 1503//1122 1453//1072 1454//1073
f 1504//1123 1454//1073 1455//1074
f 1505//1132 1455//1074 1456//1075
f 1506//1125 1456//1075 1457//1076
f 1507//1126 1457//1076 1458//1077
f 1508//1127 1458//1077 1459//1078
f 1509//1128 1459//1078 1460//1079
f 1510//1129 1460//1079 1461//1080
f 1511//1130 1461//1080 1462//1081
f 1512//1131 1462//1081 1463//1082
f 1465//1084 1463//1082 1464//1083
f 1465//1084 1512//1131 1463//1082
f 1499//1118 1450//1069 1500//1119
f 1500//1119 1451//1070 1501//1120
f 1501//1120 1452//1071 1502//1121
f 1502//1121 1453//1072 1503//1122
f 1503//1122 1454//1073 1504//1123
f 1504//1123 1455//1074 1505//1132
f 1505//1132 1456//1075 1506//1125
f 1506//1125 1457//1076 1507//1126
f 1507//1126 1458//1077 1508//1127
f 1508//1127 1459//1078 1509//1128
f 1509//1128 1460//1079 1510//1129
f 1510//1129 1461//1080 1511//1130
f 1511//1130 1462//1081 1512//1131
f 1068//910 1106//948 1148//990
f 1068//910 1104//946 1106//948
f 1068//910 1070//912 1104//946
f 1104//946 1070//912 1102//944
f 1102//944 1070//912 1072//914
f 1100//942 1072//914 1074//916
f 1098//940 1074//916 1076//918
f 1096//938 1076//918 1078//920
f 1094//936 1078//920 1080//922
f 1092//934 1080//922 1082//924
f 1090//932 1082//924 1084//926
f 1088//930 1084//926 1086//928
f 1088//930 1090//932 1084//926
f 1102//944 1072//914 1100//942
f 1100//942 1074//916 1098//940
f 1098//940 1076//918 1096//938
f 1096//938 1078//920 1094//936
f 1094//936 1080//922 1092//934
f 1092//934 1082//924 1090//932
f 1106//948 1108//950 1148//990
f 1148//990 1108//950 1146//988
f 1146//988 1108//950 1110//952
f 1144//986 1110//952 1112//954
f 1142//984 1112//954 1114//956
f 1140//982 1114//956 1116//958
f 1138//980 1116//958 1118//960
f 1136//978 1118//960 1120//962
f 1134//976 1120//962 1122//964
f 1132//974 1122//964 1124//966
f 1130//972 1124//966 1126//968
f 1128//970 1130//972 1126//968
f 1146//988 1110//952 1144//986
f 1144//986 1112//954 1142//984
f 1142//984 1114//956 1140//982
f 1140//982 1116//958 1138//980
f 1138//980 1118//960 1136//978
f 1136//978 1120//962 1134//976
f 1134//976 1122//964 1132//974
f 1132//974 1124//966 1130//972
f 1513//1133 1514//1134 1515//1135
f 1513//1133 1516//1136 1514//1134
f 1513//1133 1517//1137 1516//1136
f 1516//1136 1517//1137 1518//1138
f 1518//1138 1517//1137 1519//1139
f 1520//1140 1519//1139 1521//1141
f 1522//1142 1521//1141 1523//1143
f 1524//1144 1523//1143 1525//1145
f 1526//1146 1525//1145 1527//1147
f 1528//1148 1527//1147 1529//1149
f 1530//1150 1529//1149 1531//1151
f 1532//1152 1531//1151 1533//1153
f 1534//1154 1533//1153 1535//1155
f 1536//1156 1535//1155 1537//1157
f 1538//1158 1537//1157 1539//1159
f 1540//1160 1539//1159 1541//1161
f 1542//1162 1541//1161 1543//1163
f 1544//1164 1543//1163 1545//1165
f 1546//1166 1545//1165 1547//1167
f 1548//1168 1547//1167 1549//1169
f 1550//1170 1549//1169 1551//1171
f 1552//1172 1551//1171 1553//1173
f 1554//1174 1553//1173 1555//1175
f 1556//1176 1555//1175 1557//1177
f 1558//1178 1557//1177 1559//1179
f 1560//1180 1559//1179 1561//1181
f 1562//1182 1561//1181 1563//1183
f 1564//1184 1563//1183 1565//1185
f 1566//1186 1565//1185 1567//1187
f 1568//1188 1567//1187 1569//1189
f 1570//1190 1569//1189 1571//1191
f 1572//1192 1571//1191 1573//1193
f 1574//1194 1573//1193 1575//1195
f 1576//1196 1575//1195 1577//1197
f 1578//1198 1577//1197 1579//1199
f 1580//1200 1579//1199 1581//1201
f 1582//1202 1581//1201 1583//1203
f 1584//1204 1583//1203 1585//1205
f 1586//1206 1585//1205 1587//1207
f 1588//1208 1587//1207 1589//1209
f 1590//1210 1589//1209 1591//1211
f 1592//1212 1591//1211 1593//1213
f 1594//1214 1593//1213 1595//1215
f 1596//1216 1595//1215 1597//1217
f 1598//1218 1597//1217 1599//1219
f 1600//1220 1599//1219 1601//1221
f 1602//1222 1601//1221 1603//1223
f 1604//1224 1603//1223 1605//1225
f 1606//1226 1605//1225 1607//1227
f 1608//1228 1607//1227 1609//1229
f 1610//1230 1609//1229 1611//1231
f 1612//1232 1611//1231 1613//1233
f 1614//1234 1613//1233 1615//1235
f 1616//1236 1615//1235 1617//1237
f 1618//1238 1617//1237 1619//1239
f 1620//1240 1619//1239 1621//1241
f 1622//1242 1621//1241 1623//1243
f 1624//1244 1623//1243 1625//1245
f 1626//1246 1625//1245 1627//1247
f 1628//1248 1627//1247 1629//1249
f 1630//1250 1629//1249 1631//1251
f 1632//1252 1631//1251 1633//1253
f 1634//1254 1633//1253 1635//1255
f 1636//1256 1635//1255 1637//1257
f 1638//1258 1637//1257 1639//1259
f 1640//1260 1639//1259 1641//1261
f 1642//1262 1641//1261 1643//1263
f 1644//1264 1643//1263 1645//1265
f 1646//1266 1645//1265 1647//1267
f 1648//1268 1647//1267 1649//1269
f 1650//1270 1649//1269 1651//1271
f 1652//1272 1651//1271 1653//1273
f 1654//1274 1653//1273 1655//1275
f 1656//1276 1655//1275 1657//1277
f 1658//1278 1657//1277 1659//1279
f 1660//1280 1659//1279 1661//1281
f 1662//1282 1661//1281 1663//1283
f 1664//1284 1663//1283 1665//1285
f 1666//1286 1665//1285 1667//1287
f 1668//1288 1667//1287 1669//1289
f 1670//1290 1669//1289 1671//1291
f 1672//1292 1671//1291 1673//1293
f 1674//1294 1673//1293 1675//1295
f 1676//1296 1675//1295 1677//1297
f 1678//1298 1677//1297 1679//1299
f 1680//1300 1679//1299 1681//1301
f 1682//1302 1681//1301 1683//1303
f 1684//1304 1683//1303 1685//1305
f 1686//1306 1685//1305 1687//1307
f 1688//1308 1687//1307 1689//1309
f 1690//1310 1689//1309 1691//1311
f 1692//1312 1691//1311 1693//1313
f 1694//1314 1693//1313 1695//1315
f 1696//1316 1695//1315 1697//1317
f 1698//1318 1697//1317 1699//1319
f 1700//1320 1699//1319 1701//1321
f 1702//1322 1701//1321 1703//1323
f 1704//1324 1703//1323 1705//1325
f 1706//1326 1705//1325 1707//1327
f 1708//1328 1707//1327 1515//1135
f 1514//1134 1708//1328 1515//1135
f 1518//1138 1519//1139 1520//1140
f 1520//1140 1521//1141 1522//1142
f 1522//1142 1523//1143 1524//1144
f 1524//1144 1525//1145 1526//1146
f 1526//1146 1527//1147 1528//1148
f 1528//1148 1529//1149 1530//1150
f 1530//1150 1531//1151 1532//1152
f 1532//1152 1533//1153 1534//1154
f 1534//1154 1535//1155 1536//1156
f 1536//1156 1537//1157 1538//1158
f 1538//1158 1539//1159 1540//1160
f 1540//1160 1541//1161 1542//1162
f 1542//1162 1543//1163 1544//1164
f 1544//1164 1545//1165 1546//1166
f 1546//1166 1547//1167 1548//1168
f 1548//1168 1549//1169 1550//1170
f 1550//1170 1551//1171 1552//1172
f 1552//1172 1553//1173 1554//1174
f 1554//1174 1555//1175 1556//1176
f 1556//1176 1557//1177 1558//1178
f 1558//1178 1559//1179 1560//1180
f 1560//1180 1561//1181 1562//1182
f 1562//1182 1563//1183 1564//1184
f 1564//1184 1565//1185 1566//1186
f 1566//1186 1567//1187 1568//1188
f 1568//1188 1569//1189 1570//1190
f 1570//1190 1571//1191 1572//1192
f 1572//1192 1573//1193 1574//1194
f 1574//1194 1575//1195 1576//1196
f 1576//1196 1577//1197 1578//1198
f 1578//1198 1579//1199 1580//1200
f 1580//1200 1581//1201 1582//1202
f 1582//1202 1583//1203 1584//1204
f 1584//1204 1585//1205 1586//1206
f 1586//1206 1587//1207 1588//1208
f 1588//1208 1589//1209 1590//1210
f 1590//1210 1591//1211 1592//1212
f 1592//1212 1593//1213 1594//1214
f 1594//1214 1595//1215 1596//1216
f 1596//1216 1597//1217 1598//1218
f 1598//1218 1599//1219 1600//1220
f 1600//1220 1601//1221 1602//1222
f 1602//1222 1603//1223 1604//1224
f 1604//1224 1605//1225 1606//1226
f 1606//1226 1607//1227 1608//1228
f 1608//1228 1609//1229 1610//1230
f 1610//1230 1611//1231 1612//1232
f 1612//1232 1613//1233 1614//1234
f 1614//1234 1615//1235 1616//1236
f 1616//1236 1617//1237 1618//1238
f 1618//1238 1619//1239 1620//1240
f 1620//1240 1621//1241 1622//1242
f 1622//1242 1623//1243 1624//1244
f 1624//1244 1625//1245 1626//1246
f 1626//1246 1627//1247 1628//1248
f 1628//1248 1629//1249 1630//1250
f 1630//1250 1631//1251 1632//1252
f 1632//1252 1633//1253 1634//1254
f 1634//1254 1635//1255 1636//1256
f 1636//1256 1637//1257 1638//1258
f 1638//1258 1639//1259 1640//1260
f 1640//1260 1641//1261 1642//1262
f 1642//1262 1643//1263 1644//1264
f 1644//1264 1645//1265 1646//1266
f 1646//1266 1647//1267 1648//1268
f 1648//1268 1649//1269 1650//1270
f 1650//1270 1651//1271 1652//1272
f 1652//1272 1653//1273 1654//1274
f 1654//1274 1655//1275 1656//1276
f 1656//1276 1657//1277 1658//1278
f 1658//1278 1659//1279 1660//1280
f 1660//1280 1661//1281 1662//1282
f 1662//1282 1663//1283 1664//1284
f 1664//1284 1665//1285 1666//1286
f 1666//1286 1667//1287 1668//1288
f 1668//1288 1669//1289 1670//1290
f 1670//1290 1671//1291 1672//1292
f 1672//1292 1673//1293 1674//1294
f 1674//1294 1675//1295 1676//1296
f 1676//1296 1677//1297 1678//1298
f 1678//1298 1679//1299 1680//1300
f 1680//1300 1681//1301 1682//1302
f 1682//1302 1683//1303 1684//1304
f 1684//1304 1685//1305 1686//1306
f 1686//1306 1687//1307 1688//1308
f 1688//1308 1689//1309 1690//1310
f 1690//1310 1691//1311 1692//1312
f 1692//1312 1693//1313 1694//1314
f 1694//1314 1695//1315 1696//1316
f 1696//1316 1697//1317 1698//1318
f 1698//1318 1699//1319 1700//1320
f 1700//1320 1701//1321 1702//1322
f 1702//1322 1703//1323 1704//1324
f 1704//1324 1705//1325 1706//1326
f 1706//1326 1707//1327 1708//1328
f 1709//1329 1710//1330 1515//1135
f 1707//1327 1709//1329 1515//1135
f 1707//1327 1711//1331 1709//1329
f 1707//1327 1705//1325 1711//1331
f 1711//1331 1705//1325 1712//1332
f 1712//1332 1705//1325 1703//1323
f 1713//1333 1703//1323 1701//1321
f 1714//1334 1701//1321 1699//1319
f 1715//1335 1699//1319 1697//1317
f 1716//1336 1697//1317 1695//1315
f 1717//1337 1695//1315 1693//1313
f 1718//1338 1693//1313 1691//1311
f 1719//1339 1691//1311 1689//1309
f 1720//1340 1689//1309 1687//1307
f 1721//1341 1687//1307 1685//1305
f 1722//1342 1685//1305 1683//1303
f 1723//1343 1683//1303 1681//1301
f 1724//1344 1681//1301 1679//1299
f 1725//1345 1679//1299 1677//1297
f 1726//1346 1677//1297 1675//1295
f 1727//1347 1675//1295 1673//1293
f 1728//1348 1673//1293 1671//1291
f 1729//1349 1671//1291 1669//1289
f 1730//1350 1669//1289 1667//1287
f 1731//1351 1667//1287 1665//1285
f 1732//1352 1665//1285 1663//1283
f 1733//1353 1663//1283 1661//1281
f 1734//1354 1661//1281 1659//1279
f 1735//1355 1659//1279 1657//1277
f 1736//1356 1657//1277 1655//1275
f 1737//1357 1655//1275 1653//1273
f 1738//1358 1653//1273 1651//1271
f 1739//1359 1651//1271 1649//1269
f 1740//1360 1649//1269 1647//1267
f 1741//1361 1647//1267 1645//1265
f 1742//1362 1645//1265 1643//1263
f 1743//1363 1643//1263 1744//1364
f 1743//1363 1742//1362 1643//1263
f 1745//1365 1513//1133 1746//1366
f 1745//1365 1517//1137 1513//1133
f 1745//1365 1747//1367 1517//1137
f 1517//1137 1747//1367 1519//1139
f 1519//1139 1747//1367 1748//1368
f 1521//1141 1748//1368 1749//1369
f 1523//1143 1749//1369 1750//1370
f 1525//1145 1750//1370 1751//1371
f 1527//1147 1751//1371 1752//1372
f 1529//1149 1752//1372 1753//1373
f 1531//1151 1753//1373 1754//1374
f 1533//1153 1754//1374 1755//1375
f 1535//1155 1755//1375 1756//1376
f 1537//1157 1756//1376 1757//1377
f 1539//1159 1757//1377 1758//1378
f 1541//1161 1758//1378 1759//1379
f 1543//1163 1759//1379 1760//1380
f 1545//1165 1760//1380 1761//1381
f 1547//1167 1761//1381 1762//1382
f 1549//1169 1762//1382 1763//1383
f 1551//1171 1763//1383 1764//1384
f 1553//1173 1764//1384 1765//1385
f 1555//1175 1765//1385 1766//1386
f 1557//1177 1766//1386 1767//1387
f 1559//1179 1767//1387 1768//1388
f 1561//1181 1768//1388 1769//1389
f 1563//1183 1769//1389 1770//1390
f 1565//1185 1770//1390 1771//1391
f 1567//1187 1771//1391 1772//1392
f 1569//1189 1772//1392 1773//1393
f 1571//1191 1773//1393 1774//1394
f 1573//1193 1774//1394 1775//1395
f 1575//1195 1775//1395 1776//1396
f 1577//1197 1776//1396 1777//1397
f 1579//1199 1777//1397 1778//1398
f 1779//1399 1579//1199 1778//1398
f 1779//1399 1581//1201 1579//1199
f 1779//1399 1780//1400 1581//1201
f 1581//1201 1780//1400 1583//1203
f 1583//1203 1780//1400 1781//1401
f 1585//1205 1781//1401 1782//1402
f 1587//1207 1782//1402 1783//1403
f 1589//1209 1783//1403 1784//1404
f 1591//1211 1784//1404 1785//1405
f 1593//1213 1785//1405 1786//1406
f 1595//1215 1786//1406 1787//1407
f 1597//1217 1787//1407 1788//1408
f 1599//1219 1788//1408 1789//1409
f 1601//1221 1789//1409 1790//1410
f 1603//1223 1790//1410 1791//1411
f 1605//1225 1791//1411 1792//1412
f 1607//1227 1792//1412 1793//1413
f 1609//1229 1793//1413 1794//1414
f 1611//1231 1794//1414 1795//1415
f 1613//1233 1795//1415 1796//1416
f 1615//1235 1796//1416 1797//1417
f 1617//1237 1797//1417 1798//1418
f 1619//1239 1798//1418 1799//1419
f 1621//1241 1799//1419 1800//1420
f 1623//1243 1800//1420 1801//1421
f 1625//1245 1801//1421 1802//1422
f 1627//1247 1802//1422 1803//1423
f 1629//1249 1803//1423 1804//1424
f 1631//1251 1804//1424 1805//1425
f 1633//1253 1805//1425 1806//1426
f 1635//1255 1806//1426 1807//1427
f 1637//1257 1807//1427 1808//1428
f 1639//1259 1808//1428 1809//1429
f 1641//1261 1809//1429 1744//1364
f 1643//1263 1641//1261 1744//1364
f 1519//1139 1748//1368 1521//1141
f 1521//1141 1749//1369 1523//1143
f 1523//1143 1750//1370 1525//1145
f 1525//1145 1751//1371 1527//1147
f 1527//1147 1752//1372 1529//1149
f 1529//1149 1753//1373 1531//1151
f 1531//1151 1754//1374 1533//1153
f 1533//1153 1755//1375 1535//1155
f 1535//1155 1756//1376 1537//1157
f 1537//1157 1757//1377 1539//1159
f 1539//1159 1758//1378 1541//1161
f 1541//1161 1759//1379 1543//1163
f 1543//1163 1760//1380 1545//1165
f 1545//1165 1761//1381 1547//1167
f 1547//1167 1762//1382 1549//1169
f 1549//1169 1763//1383 1551//1171
f 1551//1171 1764//1384 1553//1173
f 1553//1173 1765//1385 1555//1175
f 1555//1175 1766//1386 1557//1177
f 1557//1177 1767//1387 1559//1179
f 1559//1179 1768//1388 1561//1181
f 1561//1181 1769//1389 1563//1183
f 1563//1183 1770//1390 1565//1185
f 1565//1185 1771//1391 1567//1187
f 1567//1187 1772//1392 1569//1189
f 1569//1189 1773//1393 1571//1191
f 1571//1191 1774//1394 1573//1193
f 1573//1193 1775//1395 1575//1195
f 1575//1195 1776//1396 1577//1197
f 1577//1197 1777//1397 1579//1199
f 1583//1203 1781//1401 1585//1205
f 1585//1205 1782//1402 1587//1207
f 1587//1207 1783//1403 1589//1209
f 1589//1209 1784//1404 1591//1211
f 1591//1211 1785//1405 1593//1213
f 1593//1213 1786//1406 1595//1215
f 1595//1215 1787//1407 1597//1217
f 1597//1217 1788//1408 1599//1219
f 1599//1219 1789//1409 1601//1221
f 1601//1221 1790//1410 1603//1223
f 1603//1223 1791//1411 1605//1225
f 1605//1225 1792//1412 1607//1227
f 1607//1227 1793//1413 1609//1229
f 1609//1229 1794//1414 1611//1231
f 1611//1231 1795//1415 1613//1233
f 1613//1233 1796//1416 1615//1235
f 1615//1235 1797//1417 1617//1237
f 1617//1237 1798//1418 1619//1239
f 1619//1239 1799//1419 1621//1241
f 1621//1241 1800//1420 1623//1243
f 1623//1243 1801//1421 1625//1245
f 1625//1245 1802//1422 1627//1247
f 1627//1247 1803//1423 1629//1249
f 1629//1249 1804//1424 1631//1251
f 1631//1251 1805//1425 1633//1253
f 1633//1253 1806//1426 1635//1255
f 1635//1255 1807//1427 1637//1257
f 1637//1257 1808//1428 1639//1259
f 1639//1259 1809//1429 1641//1261
f 1742//1362 1741//1361 1645//1265
f 1741//1361 1740//1360 1647//1267
f 1740//1360 1739//1359 1649//1269
f 1739//1359 1738//1358 1651//1271
f 1738//1358 1737//1357 1653//1273
f 1737//1357 1736//1356 1655//1275
f 1736//1356 1735//1355 1657//1277
f 1735//1355 1734//1354 1659//1279
f 1734//1354 1733//1353 1661//1281
f 1733//1353 1732//1352 1663//1283
f 1732//1352 1731//1351 1665//1285
f 1731//1351 1730//1350 1667//1287
f 1730//1350 1729//1349 1669//1289
f 1729//1349 1728//1348 1671//1291
f 1728//1348 1727//1347 1673//1293
f 1727//1347 1726//1346 1675//1295
f 1726//1346 1725//1345 1677//1297
f 1725//1345 1724//1344 1679//1299
f 1724//1344 1723//1343 1681//1301
f 1723//1343 1722//1342 1683//1303
f 1722//1342 1721//1341 1685//1305
f 1721//1341 1720//1340 1687//1307
f 1720//1340 1719//1339 1689//1309
f 1719//1339 1718//1338 1691//1311
f 1718//1338 1717//1337 1693//1313
f 1717//1337 1716//1336 1695//1315
f 1716//1336 1715//1335 1697//1317
f 1715//1335 1714//1334 1699//1319
f 1714//1334 1713//1333 1701//1321
f 1713//1333 1712//1332 1703//1323
f 1513//1133 1515//1135 1746//1366
f 1746//1366 1515//1135 1710//1330
f 1514//1134 1810//1430 1708//1328
f 1514//1134 1811//1431 1810//1430
f 1514//1134 1516//1136 1811//1431
f 1811//1431 1516//1136 1812//1432
f 1812//1432 1516//1136 1518//1138
f 1813//1433 1518//1138 1520//1140
f 1814//1434 1520//1140 1522//1142
f 1815//1435 1522//1142 1524//1144
f 1816//1436 1524//1144 1526//1146
f 1817//1437 1526//1146 1528//1148
f 1818//1438 1528//1148 1530//1150
f 1819//1439 1530//1150 1532//1152
f 1820//1440 1532//1152 1534//1154
f 1821//1441 1534//1154 1536//1156
f 1822//1442 1536//1156 1538//1158
f 1823//1443 1538//1158 1540//1160
f 1824//1444 1540//1160 1542//1162
f 1825//1445 1542//1162 1544//1164
f 1826//1446 1544//1164 1546//1166
f 1827//1447 1546//1166 1548//1168
f 1828//1448 1548//1168 1550//1170
f 1829//1449 1550//1170 1552//1172
f 1830//1450 1552//1172 1554//1174
f 1831//1451 1554//1174 1556//1176
f 1832//1452 1556//1176 1558//1178
f 1833//1453 1558//1178 1560//1180
f 1834//1454 1560//1180 1562//1182
f 1835//1455 1562//1182 1564//1184
f 1836//1456 1564//1184 1566//1186
f 1837//1457 1566//1186 1568//1188
f 1838//1458 1568//1188 1570//1190
f 1839//1459 1570//1190 1572//1192
f 1840//1460 1572//1192 1574//1194
f 1841//1461 1574//1194 1576//1196
f 1842//1462 1576//1196 1578//1198
f 1843//1463 1578//1198 1844//1464
f 1843//1463 1842//1462 1578//1198
f 1812//1432 1518//1138 1813//1433
f 1813//1433 1520//1140 1814//1434
f 1814//1434 1522//1142 1815//1435
f 1815//1435 1524//1144 1816//1436
f 1816//1436 1526//1146 1817//1437
f 1817//1437 1528//1148 1818//1438
f 1818//1438 1530//1150 1819//1439
f 1819//1439 1532//1152 1820//1440
f 1820//1440 1534//1154 1821//1441
f 1821//1441 1536//1156 1822//1442
f 1822//1442 1538//1158 1823//1443
f 1823//1443 1540//1160 1824//1444
f 1824//1444 1542//1162 1825//1445
f 1825//1445 1544//1164 1826//1446
f 1826//1446 1546//1166 1827//1447
f 1827//1447 1548//1168 1828//1448
f 1828//1448 1550//1170 1829//1449
f 1829//1449 1552//1172 1830//1450
f 1830//1450 1554//1174 1831//1451
f 1831//1451 1556//1176 1832//1452
f 1832//1452 1558//1178 1833//1453
f 1833//1453 1560//1180 1834//1454
f 1834//1454 1562//1182 1835//1455
f 1835//1455 1564//1184 1836//1456
f 1836//1456 1566//1186 1837//1457
f 1837//1457 1568//1188 1838//1458
f 1838//1458 1570//1190 1839//1459
f 1839//1459 1572//1192 1840//1460
f 1840//1460 1574//1194 1841//1461
f 1841//1461 1576//1196 1842//1462
f 1578//1198 1580//1200 1844//1464
f 1844//1464 1580//1200 1845//1465
f 1845//1465 1580//1200 1582//1202
f 1846//1466 1582//1202 1584//1204
f 1847//1467 1584//1204 1586//1206
f 1848//1468 1586//1206 1588//1208
f 1849//1469 1588//1208 1590//1210
f 1850//1470 1590//1210 1592//1212
f 1851//1471 1592//1212 1594//1214
f 1852//1472 1594//1214 1596//1216
f 1853//1473 1596//1216 1598//1218
f 1854//1474 1598//1218 1600//1220
f 1855//1475 1600//1220 1602//1222
f 1856//1476 1602//1222 1604//1224
f 1857//1477 1604//1224 1606//1226
f 1858//1478 1606//1226 1608//1228
f 1859//1479 1608//1228 1610//1230
f 1860//1480 1610//1230 1612//1232
f 1861//1481 1612//1232 1614//1234
f 1862//1482 1614//1234 1616//1236
f 1863//1483 1616//1236 1618//1238
f 1864//1484 1618//1238 1620//1240
f 1865//1485 1620//1240 1622//1242
f 1866//1486 1622//1242 1624//1244
f 1867//1487 1624//1244 1626//1246
f 1868//1488 1626//1246 1628//1248
f 1869//1489 1628//1248 1630//1250
f 1870//1490 1630//1250 1632//1252
f 1871//1491 1632//1252 1634//1254
f 1872//1492 1634//1254 1636//1256
f 1873//1493 1636//1256 1638//1258
f 1874//1494 1638//1258 1640//1260
f 1875//1495 1640//1260 1642//1262
f 1876//1496 1642//1262 1877//1497
f 1876//1496 1875//1495 1642//1262
f 1845//1465 1582//1202 1846//1466
f 1846//1466 1584//1204 1847//1467
f 1847//1467 1586//1206 1848//1468
f 1848//1468 1588//1208 1849//1469
f 1849//1469 1590//1210 1850//1470
f 1850//1470 1592//1212 1851//1471
f 1851//1471 1594//1214 1852//1472
f 1852//1472 1596//1216 1853//1473
f 1853//1473 1598//1218 1854//1474
f 1854//1474 1600//1220 1855//1475
f 1855//1475 1602//1222 1856//1476
f 1856//1476 1604//1224 1857//1477
f 1857//1477 1606//1226 1858//1478
f 1858//1478 1608//1228 1859//1479
f 1859//1479 1610//1230 1860//1480
f 1860//1480 1612//1232 1861//1481
f 1861//1481 1614//1234 1862//1482
f 1862//1482 1616//1236 1863//1483
f 1863//1483 1618//1238 1864//1484
f 1864//1484 1620//1240 1865//1485
f 1865//1485 1622//1242 1866//1486
f 1866//1486 1624//1244 1867//1487
f 1867//1487 1626//1246 1868//1488
f 1868//1488 1628//1248 1869//1489
f 1869//1489 1630//1250 1870//1490
f 1870//1490 1632//1252 1871//1491
f 1871//1491 1634//1254 1872//1492
f 1872//1492 1636//1256 1873//1493
f 1873//1493 1638//1258 1874//1494
f 1874//1494 1640//1260 1875//1495
f 1642//1262 1644//1264 1877//1497
f 1877//1497 1644//1264 1878//1498
f 1878//1498 1644//1264 1646//1266
f 1879//1499 1646//1266 1648//1268
f 1880//1500 1648//1268 1650//1270
f 1881//1501 1650//1270 1652//1272
f 1882//1502 1652//1272 1654//1274
f 1883//1503 1654//1274 1656//1276
f 1884//1504 1656//1276 1658//1278
f 1885//1505 1658//1278 1660//1280
f 1886//1506 1660//1280 1662//1282
f 1887//1507 1662//1282 1664//1284
f 1888//1508 1664//1284 1666//1286
f 1889//1509 1666//1286 1668//1288
f 1890//1510 1668//1288 1670//1290
f 1891//1511 1670//1290 1672//1292
f 1892//1512 1672//1292 1674//1294
f 1893//1513 1674//1294 1676//1296
f 1894//1514 1676//1296 1678//1298
f 1895//1515 1678//1298 1680//1300
f 1896//1516 1680//1300 1682//1302
f 1897//1517 1682//1302 1684//1304
f 1898//1518 1684//1304 1686//1306
f 1899//1519 1686//1306 1688//1308
f 1900//1520 1688//1308 1690//1310
f 1901//1521 1690//1310 1692//1312
f 1902//1522 1692//1312 1694//1314
f 1903//1523 1694//1314 1696//1316
f 1904//1524 1696//1316 1698//1318
f 1905//1525 1698//1318 1700//1320
f 1906//1526 1700//1320 1702//1322
f 1907//1527 1702//1322 1704//1324
f 1908//1528 1704//1324 1706//1326
f 1909//1529 1706//1326 1708//1328
f 1910//1530 1708//1328 1810//1430
f 1910//1530 1909//1529 1708//1328
f 1878//1498 1646//1266 1879//1499
f 1879//1499 1648//1268 1880//1500
f 1880//1500 1650//1270 1881//1501
f 1881//1501 1652//1272 1882//1502
f 1882//1502 1654//1274 1883//1503
f 1883//1503 1656//1276 1884//1504
f 1884//1504 1658//1278 1885//1505
f 1885//1505 1660//1280 1886//1506
f 1886//1506 1662//1282 1887//1507
f 1887//1507 1664//1284 1888//1508
f 1888//1508 1666//1286 1889//1509
f 1889//1509 1668//1288 1890//1510
f 1890//1510 1670//1290 1891//1511
f 1891//1511 1672//1292 1892//1512
f 1892//1512 1674//1294 1893//1513
f 1893//1513 1676//1296 1894//1514
f 1894//1514 1678//1298 1895//1515
f 1895//1515 1680//1300 1896//1516
f 1896//1516 1682//1302 1897//1517
f 1897//1517 1684//1304 1898//1518
f 1898//1518 1686//1306 1899//1519
f 1899//1519 1688//1308 1900//1520
f 1900//1520 1690//1310 1901//1521
f 1901//1521 1692//1312 1902//1522
f 1902//1522 1694//1314 1903//1523
f 1903//1523 1696//1316 1904//1524
f 1904//1524 1698//1318 1905//1525
f 1905//1525 1700//1320 1906//1526
f 1906//1526 1702//1322 1907//1527
f 1907//1527 1704//1324 1908//1528
f 1908//1528 1706//1326 1909//1529
f 1911//1531 1884//1504 1912//1532
f 1911//1531 1883//1503 1884//1504
f 1911//1531 1913//1533 1883//1503
f 1883//1503 1913//1533 1882//1502
f 1882//1502 1913//1533 1914//1534
f 1881//1501 1914//1534 1915//1535
f 1880//1500 1915//1535 1916//1536
f 1879//1499 1916//1536 1917//1537
f 1878//1498 1917//1537 1918//1538
f 1877//1497 1918//1538 1919//1539
f 1876//1496 1919//1539 1920//1540
f 1875//1495 1920//1540 1921//1541
f 1874//1494 1921//1541 1922//1542
f 1873//1493 1922//1542 1923//1543
f 1872//1492 1923//1543 1924//1544
f 1871//1491 1924//1544 1925//1545
f 1870//1490 1925//1545 1926//1546
f 1869//1489 1926//1546 1927//1547
f 1868//1488 1927//1547 1928//1548
f 1867//1487 1928//1548 1929//1549
f 1866//1486 1929//1549 1930//1550
f 1865//1485 1930//1550 1931//1551
f 1864//1484 1931//1551 1932//1552
f 1863//1483 1932//1552 1933//1553
f 1862//1482 1933//1553 1934//1554
f 1861//1481 1934//1554 1935//1555
f 1860//1480 1935//1555 1936//1556
f 1859//1479 1936//1556 1937//1557
f 1858//1478 1937//1557 1938//1558
f 1857//1477 1938//1558 1939//1559
f 1856//1476 1939//1559 1940//1560
f 1855//1475 1940//1560 1941//1561
f 1854//1474 1941//1561 1942//1562
f 1853//1473 1942//1562 1943//1563
f 1852//1472 1943//1563 1944//1564
f 1851//1471 1944//1564 1945//1565
f 1850//1470 1945//1565 1946//1566
f 1849//1469 1946//1566 1947//1567
f 1848//1468 1947//1567 1948//1568
f 1847//1467 1948//1568 1949//1569
f 1846//1466 1949//1569 1950//1570
f 1845//1465 1950//1570 1951//1571
f 1844//1464 1951//1571 1952//1572
f 1843//1463 1952//1572 1953//1573
f 1842//1462 1953//1573 1954//1574
f 1841//1461 1954//1574 1955//1575
f 1840//1460 1955//1575 1956//1576
f 1839//1459 1956//1576 1957//1577
f 1838//1458 1957//1577 1958//1578
f 1837//1457 1958//1578 1959//1579
f 1836//1456 1959//1579 1960//1580
f 1835//1455 1960//1580 1961//1581
f 1962//1582 1835//1455 1961//1581
f 1962//1582 1834//1454 1835//1455
f 1962//1582 1963//1583 1834//1454
f 1834//1454 1963//1583 1833//1453
f 1833//1453 1963//1583 1832//1452
f 1832//1452 1963//1583 1964//1584
f 1831//1451 1964//1584 1965//1585
f 1830//1450 1965//1585 1966//1586
f 1829//1449 1966//1586 1967//1587
f 1828//1448 1967//1587 1968//1588
f 1827//1447 1968//1588 1969//1589
f 1826//1446 1969//1589 1970//1590
f 1825//1445 1970//1590 1971//1591
f 1824//1444 1971//1591 1972//1592
f 1823//1443 1972//1592 1973//1593
f 1822//1442 1973//1593 1974//1594
f 1821//1441 1974//1594 1975//1595
f 1820//1440 1975//1595 1976//1596
f 1819//1439 1976//1596 1977//1597
f 1818//1438 1977//1597 1978//1598
f 1817//1437 1978//1598 1979//1599
f 1816//1436 1979//1599 1980//1600
f 1815//1435 1980//1600 1981//1601
f 1814//1434 1981//1601 1982//1602
f 1813//1433 1982//1602 1983//1603
f 1812//1432 1983//1603 1984//1604
f 1811//1431 1984//1604 1985//1605
f 1810//1430 1985//1605 1986//1606
f 1910//1530 1986//1606 1987//1607
f 1909//1529 1987//1607 1988//1608
f 1908//1528 1988//1608 1989//1609
f 1907//1527 1989//1609 1990//1610
f 1906//1526 1990//1610 1991//1611
f 1905//1525 1991//1611 1992//1612
f 1904//1524 1992//1612 1993//1613
f 1903//1523 1993//1613 1994//1614
f 1902//1522 1994//1614 1995//1615
f 1901//1521 1995//1615 1996//1616
f 1900//1520 1996//1616 1997//1617
f 1899//1519 1997//1617 1998//1618
f 1898//1518 1998//1618 1999//1619
f 1897//1517 1999//1619 2000//1620
f 1896//1516 2000//1620 2001//1621
f 1895//1515 2001//1621 2002//1622
f 1894//1514 2002//1622 2003//1623
f 1893//1513 2003//1623 2004//1624
f 1892//1512 2004//1624 2005//1625
f 1891//1511 2005//1625 2006//1626
f 1890//1510 2006//1626 2007//1627
f 1889//1509 2007//1627 2008//1628
f 1888//1508 2008//1628 2009//1629
f 1887//1507 2009//1629 2010//1630
f 1886//1506 2010//1630 2011//1631
f 1885//1505 2011//1631 1912//1532
f 1884//1504 1885//1505 1912//1532
f 1882//1502 1914//1534 1881//1501
f 1881//1501 1915//1535 1880//1500
f 1880//1500 1916//1536 1879//1499
f 1879//1499 1917//1537 1878//1498
f 1878//1498 1918//1538 1877//1497
f 1877//1497 1919//1539 1876//1496
f 1876//1496 1920//1540 1875//1495
f 1875//1495 1921//1541 1874//1494
f 1874//1494 1922//1542 1873//1493
f 1873//1493 1923//1543 1872//1492
f 1872//1492 1924//1544 1871//1491
f 1871//1491 1925//1545 1870//1490
f 1870//1490 1926//1546 1869//1489
f 1869//1489 1927//1547 1868//1488
f 1868//1488 1928//1548 1867//1487
f 1867//1487 1929//1549 1866//1486
f 1866//1486 1930//1550 1865//1485
f 1865//1485 1931//1551 1864//1484
f 1864//1484 1932//1552 1863//1483
f 1863//1483 1933//1553 1862//1482
f 1862//1482 1934//1554 1861//1481
f 1861//1481 1935//1555 1860//1480
f 1860//1480 1936//1556 1859//1479
f 1859//1479 1937//1557 1858//1478
f 1858//1478 1938//1558 1857//1477
f 1857//1477 1939//1559 1856//1476
f 1856//1476 1940//1560 1855//1475
f 1855//1475 1941//1561 1854//1474
f 1854//1474 1942//1562 1853//1473
f 1853//1473 1943//1563 1852//1472
f 1852//1472 1944//1564 1851//1471
f 1851//1471 1945//1565 1850//1470
f 1850//1470 1946//1566 1849//1469
f 1849//1469 1947//1567 1848//1468
f 1848//1468 1948//1568 1847//1467
f 1847//1467 1949//1569 1846//1466
f 1846//1466 1950//1570 1845//1465
f 1845//1465 1951//1571 1844//1464
f 1844//1464 1952//1572 1843//1463
f 1843//1463 1953//1573 1842//1462
f 1842//1462 1954//1574 1841//1461
f 1841//1461 1955//1575 1840//1460
f 1840//1460 1956//1576 1839//1459
f 1839//1459 1957//1577 1838//1458
f 1838//1458 1958//1578 1837//1457
f 1837//1457 1959//1579 1836//1456
f 1836//1456 1960//1580 1835//1455
f 1832//1452 1964//1584 1831//1451
f 1831//1451 1965//1585 1830//1450
f 1830//1450 1966//1586 1829//1449
f 1829//1449 1967//1587 1828//1448
f 1828//1448 1968//1588 1827//1447
f 1827//1447 1969//1589 1826//1446
f 1826//1446 1970//1590 1825//1445
f 1825//1445 1971//1591 1824//1444
f 1824//1444 1972//1592 1823//1443
f 1823//1443 1973//1593 1822//1442
f 1822//1442 1974//1594 1821//1441
f 1821//1441 1975//1595 1820//1440
f 1820//1440 1976//1596 1819//1439
f 1819//1439 1977//1597 1818//1438
f 1818//1438 1978//1598 1817//1437
f 1817//1437 1979//1599 1816//1436
f 1816//1436 1980//1600 1815//1435
f 1815//1435 1981//1601 1814//1434
f 1814//1434 1982//1602 1813//1433
f 1813//1433 1983//1603 1812//1432
f 1812//1432 1984//1604 1811//1431
f 1811//1431 1985//1605 1810//1430
f 1810//1430 1986//1606 1910//1530
f 1910//1530 1987//1607 1909//1529
f 1909//1529 1988//1608 1908//1528
f 1908//1528 1989//1609 1907//1527
f 1907//1527 1990//1610 1906//1526
f 1906//1526 1991//1611 1905//1525
f 1905//1525 1992//1612 1904//1524
f 1904//1524 1993//1613 1903//1523
f 1903//1523 1994//1614 1902//1522
f 1902//1522 1995//1615 1901//1521
f 1901//1521 1996//1616 1900//1520
f 1900//1520 1997//1617 1899//1519
f 1899//1519 1998//1618 1898//1518
f 1898//1518 1999//1619 1897//1517
f 1897//1517 2000//1620 1896//1516
f 1896//1516 2001//1621 1895//1515
f 1895//1515 2002//1622 1894//1514
f 1894//1514 2003//1623 1893//1513
f 1893//1513 2004//1624 1892//1512
f 1892//1512 2005//1625 1891//1511
f 1891//1511 2006//1626 1890//1510
f 1890//1510 2007//1627 1889//1509
f 1889//1509 2008//1628 1888//1508
f 1888//1508 2009//1629 1887//1507
f 1887//1507 2010//1630 1886//1506
f 1886//1506 2011//1631 1885//1505
f 1911//1531 1912//1532 2012//1632
f 2013//1633 1911//1531 2012//1632
f 2013//1633 1913//1533 1911//1531
f 2013//1633 2014//1634 1913//1533
f 1913//1533 2014//1634 1914//1534
f 1914//1534 2014//1634 2015//1635
f 1915//1535 2015//1635 2016//1636
f 1916//1536 2016//1636 2017//1637
f 1917//1537 2017//1637 2018//1638
f 1918//1538 2018//1638 1919//1539
f 1918//1538 1917//1537 2018//1638
f 2010//1630 2019//1639 2011//1631
f 2010//1630 2020//1640 2019//1639
f 2010//1630 2009//1629 2020//1640
f 2020//1640 2009//1629 2021//1641
f 2021//1641 2009//1629 2008//1628
f 2022//1642 2008//1628 2007//1627
f 2023//1643 2007//1627 2006//1626
f 2024//1644 2006//1626 2005//1625
f 2004//1624 2024//1644 2005//1625
f 2004//1624 2025//1645 2024//1644
f 2004//1624 2003//1623 2025//1645
f 2025//1645 2003//1623 2026//1646
f 2026//1646 2003//1623 2002//1622
f 2027//1647 2002//1622 2001//1621
f 2028//1648 2001//1621 2000//1620
f 2029//1649 2000//1620 1999//1619
f 2030//1650 1999//1619 1998//1618
f 1997//1617 2030//1650 1998//1618
f 1997//1617 2031//1651 2030//1650
f 1997//1617 1996//1616 2031//1651
f 2031//1651 1996//1616 2032//1652
f 2032//1652 1996//1616 1995//1615
f 2033//1653 1995//1615 1994//1614
f 2034//1654 1994//1614 1993//1613
f 2035//1655 1993//1613 1992//1612
f 2036//1656 1992//1612 1991//1611
f 2037//1657 1991//1611 1990//1610
f 1989//1609 2037//1657 1990//1610
f 1989//1609 2038//1658 2037//1657
f 1989//1609 1988//1608 2038//1658
f 2038//1658 1988//1608 2039//1659
f 2039//1659 1988//1608 1987//1607
f 2040//1660 1987//1607 1986//1606
f 2041//1661 1986//1606 1985//1605
f 2042//1662 1985//1605 1984//1604
f 2043//1663 1984//1604 1983//1603
f 1982//1602 2043//1663 1983//1603
f 1982//1602 2044//1664 2043//1663
f 1982//1602 1981//1601 2044//1664
f 2044//1664 1981//1601 2045//1665
f 2045//1665 1981//1601 1980//1600
f 2046//1666 1980//1600 1979//1599
f 2047//1667 1979//1599 1978//1598
f 2048//1668 1978//1598 1977//1597
f 2049//1669 1977//1597 1976//1596
f 1975//1595 2049//1669 1976//1596
f 1975//1595 2050//1670 2049//1669
f 1975//1595 1974//1594 2050//1670
f 2050//1670 1974//1594 2051//1671
f 2051//1671 1974//1594 1973//1593
f 2052//1672 1973//1593 1972//1592
f 2053//1673 1972//1592 1971//1591
f 2054//1674 1971//1591 1970//1590
f 2055//1675 1970//1590 1969//1589
f 1968//1588 2055//1675 1969//1589
f 1968//1588 2056//1676 2055//1675
f 1968//1588 1967//1587 2056//1676
f 2056//1676 1967//1587 2057//1677
f 2057//1677 1967//1587 1966//1586
f 2058//1678 1966//1586 1965//1585
f 2059//1679 1965//1585 1964//1584
f 2060//1680 1964//1584 1963//1583
f 2061//1681 1963//1583 1962//1582
f 1961//1581 2061//1681 1962//1582
f 1961//1581 2062//1682 2061//1681
f 1961//1581 1960//1580 2062//1682
f 2062//1682 1960//1580 2063//1683
f 2063//1683 1960//1580 1959//1579
f 2064//1684 1959//1579 1958//1578
f 2065//1685 1958//1578 1957//1577
f 2066//1686 1957//1577 1956//1576
f 2067//1687 1956//1576 1955//1575
f 2068//1688 1955//1575 1954//1574
f 1953//1573 2068//1688 1954//1574
f 1953//1573 2069//1689 2068//1688
f 1953//1573 1952//1572 2069//1689
f 2069//1689 1952//1572 2070//1690
f 2070//1690 1952//1572 1951//1571
f 2071//1691 1951//1571 1950//1570
f 2072//1692 1950//1570 1949//1569
f 2073//1693 1949//1569 1948//1568
f 2074//1694 1948//1568 1947//1567
f 1946//1566 2074//1694 1947//1567
f 1946//1566 2075//1695 2074//1694
f 1946//1566 1945//1565 2075//1695
f 2075//1695 1945//1565 2076//1696
f 2076//1696 1945//1565 1944//1564
f 2077//1697 1944//1564 1943//1563
f 2078//1698 1943//1563 1942//1562
f 2079//1699 1942//1562 1941//1561
f 2080//1700 1941//1561 1940//1560
f 1939//1559 2080//1700 1940//1560
f 1939//1559 2081//1701 2080//1700
f 1939//1559 1938//1558 2081//1701
f 2081//1701 1938//1558 2082//1702
f 2082//1702 1938//1558 1937//1557
f 2083//1703 1937//1557 1936//1556
f 2084//1704 1936//1556 1935//1555
f 2085//1705 1935//1555 1934//1554
f 2086//1706 1934//1554 1933//1553
f 1932//1552 2086//1706 1933//1553
f 1932//1552 2087//1707 2086//1706
f 1932//1552 1931//1551 2087//1707
f 2087//1707 1931//1551 2088//1708
f 2088//1708 1931//1551 1930//1550
f 2089//1709 1930//1550 1929//1549
f 2090//1710 1929//1549 1928//1548
f 2091//1711 1928//1548 1927//1547
f 2092//1712 1927//1547 1926//1546
f 2093//1713 1926//1546 1925//1545
f 1924//1544 2093//1713 1925//1545
f 1924//1544 2094//1714 2093//1713
f 1924//1544 1923//1543 2094//1714
f 2094//1714 1923//1543 2095//1715
f 2095//1715 1923//1543 1922//1542
f 2096//1716 1922//1542 1921//1541
f 2097//1717 1921//1541 1920//1540
f 2098//1718 1920//1540 1919//1539
f 2018//1638 2098//1718 1919//1539
f 2021//1641 2008//1628 2022//1642
f 2022//1642 2007//1627 2023//1643
f 2023//1643 2006//1626 2024//1644
f 2026//1646 2002//1622 2027//1647
f 2027//1647 2001//1621 2028//1648
f 2028//1648 2000//1620 2029//1649
f 2029//1649 1999//1619 2030//1650
f 2032//1652 1995//1615 2033//1653
f 2033//1653 1994//1614 2034//1654
f 2034//1654 1993//1613 2035//1655
f 2035//1655 1992//1612 2036//1656
f 2036//1656 1991//1611 2037//1657
f 2039//1659 1987//1607 2040//1660
f 2040//1660 1986//1606 2041//1661
f 2041//1661 1985//1605 2042//1662
f 2042//1662 1984//1604 2043//1663
f 2045//1665 1980//1600 2046//1666
f 2046//1666 1979//1599 2047//1667
f 2047//1667 1978//1598 2048//1668
f 2048//1668 1977//1597 2049//1669
f 2051//1671 1973//1593 2052//1672
f 2052//1672 1972//1592 2053//1673
f 2053//1673 1971//1591 2054//1674
f 2054//1674 1970//1590 2055//1675
f 2057//1677 1966//1586 2058//1678
f 2058//1678 1965//1585 2059//1679
f 2059//1679 1964//1584 2060//1680
f 2060//1680 1963//1583 2061//1681
f 2063//1683 1959//1579 2064//1684
f 2064//1684 1958//1578 2065//1685
f 2065//1685 1957//1577 2066//1686
f 2066//1686 1956//1576 2067//1687
f 2067//1687 1955//1575 2068//1688
f 2070//1690 1951//1571 2071//1691
f 2071//1691 1950//1570 2072//1692
f 2072//1692 1949//1569 2073//1693
f 2073//1693 1948//1568 2074//1694
f 2076//1696 1944//1564 2077//1697
f 2077//1697 1943//1563 2078//1698
f 2078//1698 1942//1562 2079//1699
f 2079//1699 1941//1561 2080//1700
f 2082//1702 1937//1557 2083//1703
f 2083//1703 1936//1556 2084//1704
f 2084//1704 1935//1555 2085//1705
f 2085//1705 1934//1554 2086//1706
f 2088//1708 1930//1550 2089//1709
f 2089//1709 1929//1549 2090//1710
f 2090//1710 1928//1548 2091//1711
f 2091//1711 1927//1547 2092//1712
f 2092//1712 1926//1546 2093//1713
f 2095//1715 1922//1542 2096//1716
f 2096//1716 1921//1541 2097//1717
f 2097//1717 1920//1540 2098//1718
f 1917//1537 1916//1536 2017//1637
f 1916//1536 1915//1535 2016//1636
f 1915//1535 1914//1534 2015//1635
f 2019//1639 2012//1632 2011//1631
f 2011//1631 2012//1632 1912//1532
f 2019//1639 2061//1681 2012//1632
f 2019//1639 2060//1680 2061//1681
f 2019//1639 2020//1640 2060//1680
f 2060//1680 2020//1640 2059//1679
f 2059//1679 2020//1640 2021//1641
f 2058//1678 2021//1641 2022//1642
f 2057//1677 2022//1642 2023//1643
f 2056//1676 2023//1643 2024//1644
f 2055//1675 2024//1644 2025//1645
f 2054//1674 2025//1645 2026//1646
f 2053//1673 2026//1646 2027//1647
f 2052//1672 2027//1647 2028//1648
f 2051//1671 2028//1648 2029//1649
f 2050//1670 2029//1649 2030//1650
f 2049//1669 2030//1650 2031//1651
f 2048//1668 2031//1651 2032//1652
f 2047//1667 2032//1652 2033//1653
f 2046//1666 2033//1653 2034//1654
f 2045//1665 2034//1654 2035//1655
f 2044//1664 2035//1655 2036//1656
f 2043//1663 2036//1656 2037//1657
f 2042//1662 2037//1657 2038//1658
f 2041//1661 2038//1658 2039//1659
f 2040//1660 2041//1661 2039//1659
f 2059//1679 2021//1641 2058//1678
f 2058//1678 2022//1642 2057//1677
f 2057//1677 2023//1643 2056//1676
f 2056//1676 2024//1644 2055//1675
f 2055//1675 2025//1645 2054//1674
f 2054//1674 2026//1646 2053//1673
f 2053//1673 2027//1647 2052//1672
f 2052//1672 2028//1648 2051//1671
f 2051//1671 2029//1649 2050//1670
f 2050//1670 2030//1650 2049//1669
f 2049//1669 2031//1651 2048//1668
f 2048//1668 2032//1652 2047//1667
f 2047//1667 2033//1653 2046//1666
f 2046//1666 2034//1654 2045//1665
f 2045//1665 2035//1655 2044//1664
f 2044//1664 2036//1656 2043//1663
f 2043//1663 2037//1657 2042//1662
f 2042//1662 2038//1658 2041//1661
f 2061//1681 2062//1682 2012//1632
f 2012//1632 2062//1682 2013//1633
f 2013//1633 2062//1682 2063//1683
f 2014//1634 2063//1683 2064//1684
f 2015//1635 2064//1684 2065//1685
f 2016//1636 2065//1685 2066//1686
f 2017//1637 2066//1686 2067//1687
f 2018//1638 2067//1687 2068//1688
f 2098//1718 2068//1688 2069//1689
f 2097//1717 2069//1689 2070//1690
f 2096//1716 2070//1690 2071//1691
f 2095//1715 2071//1691 2072//1692
f 2094//1714 2072//1692 2073//1693
f 2093//1713 2073//1693 2074//1694
f 2092//1712 2074//1694 2075//1695
f 2091//1711 2075//1695 2076//1696
f 2090//1710 2076//1696 2077//1697
f 2089//1709 2077//1697 2078//1698
f 2088//1708 2078//1698 2079//1699
f 2087//1707 2079//1699 2080//1700
f 2086//1706 2080//1700 2081//1701
f 2085//1705 2081//1701 2082//1702
f 2084//1704 2082//1702 2083//1703
f 2084//1704 2085//1705 2082//1702
f 2013//1633 2063//1683 2014//1634
f 2014//1634 2064//1684 2015//1635
f 2015//1635 2065//1685 2016//1636
f 2016//1636 2066//1686 2017//1637
f 2017//1637 2067//1687 2018//1638
f 2018//1638 2068//1688 2098//1718
f 2098//1718 2069//1689 2097//1717
f 2097//1717 2070//1690 2096//1716
f 2096//1716 2071//1691 2095//1715
f 2095//1715 2072//1692 2094//1714
f 2094//1714 2073//1693 2093//1713
f 2093//1713 2074//1694 2092//1712
f 2092//1712 2075//1695 2091//1711
f 2091//1711 2076//1696 2090//1710
f 2090//1710 2077//1697 2089//1709
f 2089//1709 2078//1698 2088//1708
f 2088//1708 2079//1699 2087//1707
f 2087//1707 2080//1700 2086//1706
f 2086//1706 2081//1701 2085//1705
f 1709//1329 470//431 1710//1330
f 1709//1329 471//432 470//431
f 1709//1329 1711//1331 471//432
f 471//432 1711//1331 472//433
f 472//433 1711//1331 1712//1332
f 473//434 1712//1332 1713//1333
f 474//435 1713//1333 1714//1334
f 475//436 1714//1334 1715//1335
f 454//415 1715//1335 1716//1336
f 453//414 1716//1336 1717//1337
f 452//413 1717//1337 1718//1338
f 451//412 1718//1338 1719//1339
f 422//383 1719//1339 1720//1340
f 423//384 1720//1340 424//385
f 423//384 422//383 1720//1340
f 472//433 1712//1332 473//434
f 473//434 1713//1333 474//435
f 474//435 1714//1334 475//436
f 475//436 1715//1335 454//415
f 454//415 1716//1336 453//414
f 453//414 1717//1337 452//413
f 452//413 1718//1338 451//412
f 451//412 1719//1339 422//383
f 1720//1340 1721//1341 424//385
f 424//385 1721//1341 425//386
f 425//386 1721//1341 1722//1342
f 426//387 1722//1342 1723//1343
f 421//382 1723//1343 420//381
f 421//382 426//387 1723//1343
f 425//386 1722//1342 426//387
f 1723//1343 1724//1344 420//381
f 420//381 1724//1344 478//439
f 478//439 1724//1344 1725//1345
f 480//441 1725//1345 1726//1346
f 482//443 1726//1346 1727//1347
f 483//444 1727//1347 1728//1348
f 484//445 1728//1348 1729//1349
f 485//446 1729//1349 1730//1350
f 486//447 1730//1350 1731//1351
f 487//448 1731//1351 1732//1352
f 488//449 1732//1352 1733//1353
f 489//450 1733//1353 1734//1354
f 490//451 1734//1354 1735//1355
f 491//452 1735//1355 1736//1356
f 492//453 1736//1356 1737//1357
f 493//454 1737//1357 1738//1358
f 494//455 1738//1358 1739//1359
f 495//456 1739//1359 1740//1360
f 496//457 1740//1360 1741//1361
f 497//458 1741//1361 498//459
f 497//458 496//457 1741//1361
f 478//439 1725//1345 480//441
f 480//441 1726//1346 482//443
f 482//443 1727//1347 483//444
f 483//444 1728//1348 484//445
f 484//445 1729//1349 485//446
f 485//446 1730//1350 486//447
f 486//447 1731//1351 487//448
f 487//448 1732//1352 488//449
f 488//449 1733//1353 489//450
f 489//450 1734//1354 490//451
f 490//451 1735//1355 491//452
f 491//452 1736//1356 492//453
f 492//453 1737//1357 493//454
f 493//454 1738//1358 494//455
f 494//455 1739//1359 495//456
f 495//456 1740//1360 496//457
f 1741//1361 1742//1362 498//459
f 498//459 1742//1362 499//460
f 499//460 1742//1362 1743//1363
f 500//461 1743//1363 1744//1364
f 440//401 1744//1364 1809//1429
f 441//402 1809//1429 446//407
f 441//402 440//401 1809//1429
f 499//460 1743//1363 500//461
f 500//461 1744//1364 440//401
f 1809//1429 1808//1428 446//407
f 446//407 1808//1428 447//408
f 447//408 1808//1428 1807//1427
f 448//409 1807//1427 1806//1426
f 445//406 1806//1426 444//405
f 445//406 448//409 1806//1426
f 447//408 1807//1427 448//409
f 1806//1426 1805//1425 444//405
f 444//405 1805//1425 517//478
f 517//478 1805//1425 1804//1424
f 515//476 1804//1424 1803//1423
f 514//475 1803//1423 1802//1422
f 513//474 1802//1422 1801//1421
f 512//473 1801//1421 1800//1420
f 511//472 1800//1420 1799//1419
f 510//471 1799//1419 1798//1418
f 509//470 1798//1418 1797//1417
f 508//469 1797//1417 1796//1416
f 507//468 1796//1416 1795//1415
f 506//467 1795//1415 1794//1414
f 520//481 1794//1414 1793//1413
f 521//482 1793//1413 1792//1412
f 522//483 1792//1412 1791//1411
f 523//484 1791//1411 1790//1410
f 524//485 1790//1410 1789//1409
f 525//486 1789//1409 1788//1408
f 504//465 1788//1408 1787//1407
f 503//464 1787//1407 1786//1406
f 502//463 1786//1406 1785//1405
f 501//462 1785//1405 1784//1404
f 411//372 1784//1404 1783//1403
f 412//373 1783//1403 413//374
f 412//373 411//372 1783//1403
f 517//478 1804//1424 515//476
f 515//476 1803//1423 514//475
f 514//475 1802//1422 513//474
f 513//474 1801//1421 512//473
f 512//473 1800//1420 511//472
f 511//472 1799//1419 510//471
f 510//471 1798//1418 509//470
f 509//470 1797//1417 508//469
f 508//469 1796//1416 507//468
f 507//468 1795//1415 506//467
f 506//467 1794//1414 520//481
f 520//481 1793//1413 521//482
f 521//482 1792//1412 522//483
f 522//483 1791//1411 523//484
f 523//484 1790//1410 524//485
f 524//485 1789//1409 525//486
f 525//486 1788//1408 504//465
f 504//465 1787//1407 503//464
f 503//464 1786//1406 502//463
f 502//463 1785//1405 501//462
f 501//462 1784//1404 411//372
f 1783//1403 1782//1402 413//374
f 413//374 1782//1402 414//375
f 414//375 1782//1402 1781//1401
f 415//376 1781//1401 1780//1400
f 410//371 1780//1400 409//370
f 410//371 415//376 1780//1400
f 414//375 1781//1401 415//376
f 1780//1400 1779//1399 409//370
f 409//370 1779//1399 528//489
f 528//489 1779//1399 1778//1398
f 530//491 1778//1398 1777//1397
f 532//493 1777//1397 1776//1396
f 533//494 1776//1396 534//495
f 533//494 532//493 1776//1396
f 528//489 1778//1398 530//491
f 530//491 1777//1397 532//493
f 1776//1396 1775//1395 534//495
f 534//495 1775//1395 535//496
f 535//496 1775//1395 1774//1394
f 536//497 1774//1394 1773//1393
f 537//498 1773//1393 1772//1392
f 538//499 1772//1392 1771//1391
f 539//500 1771//1391 1770//1390
f 540//501 1770//1390 1769//1389
f 541//502 1769//1389 1768//1388
f 542//503 1768//1388 1767//1387
f 543//504 1767//1387 1766//1386
f 544//505 1766//1386 1765//1385
f 545//506 1765//1385 1764//1384
f 546//507 1764//1384 1763//1383
f 547//508 1763//1383 1762//1382
f 548//509 1762//1382 1761//1381
f 549//510 1761//1381 1760//1380
f 550//511 1760//1380 1759//1379
f 433//394 1759//1379 1758//1378
f 434//395 1758//1378 435//396
f 434//395 433//394 1758//1378
f 535//496 1774//1394 536//497
f 536//497 1773//1393 537//498
f 537//498 1772//1392 538//499
f 538//499 1771//1391 539//500
f 539//500 1770//1390 540//501
f 540//501 1769//1389 541//502
f 541//502 1768//1388 542//503
f 542//503 1767//1387 543//504
f 543//504 1766//1386 544//505
f 544//505 1765//1385 545//506
f 545//506 1764//1384 546//507
f 546//507 1763//1383 547//508
f 547//508 1762//1382 548//509
f 548//509 1761//1381 549//510
f 549//510 1760//1380 550//511
f 550//511 1759//1379 433//394
f 1758//1378 1757//1377 435//396
f 435//396 1757//1377 436//397
f 436//397 1757//1377 1756//1376
f 437//398 1756//1376 1755//1375
f 432//393 1755//1375 431//392
f 432//393 437//398 1755//1375
f 436//397 1756//1376 437//398
f 1755//1375 1754//1374 431//392
f 431//392 1754//1374 467//428
f 467//428 1754//1374 1753//1373
f 465//426 1753//1373 1752//1372
f 464//425 1752//1372 1751//1371
f 463//424 1751//1371 1750//1370
f 462//423 1750//1370 1749//1369
f 461//422 1749//1369 1748//1368
f 460//421 1748//1368 1747//1367
f 459//420 1747//1367 1745//1365
f 458//419 1745//1365 1746//1366
f 457//418 1746//1366 1710//1330
f 456//417 1710//1330 470//431
f 456//417 457//418 1710//1330
f 467//428 1753//1373 465//426
f 465//426 1752//1372 464//425
f 464//425 1751//1371 463//424
f 463//424 1750//1370 462//423
f 462//423 1749//1369 461//422
f 461//422 1748//1368 460//421
f 460//421 1747//1367 459//420
f 459//420 1745//1365 458//419
f 458//419 1746//1366 457//418
f 2099//1719 2100//1720 2101//1721
f 2099//1719 2102//1722 2100//1720
f 2099//1719 2103//1723 2102//1722
f 2102//1722 2103//1723 2104//1724
f 2104//1724 2103//1723 2105//1725
f 2106//1726 2105//1725 2107//1727
f 2108//1728 2107//1727 2109//1729
f 2110//1730 2109//1729 2111//1731
f 2112//1732 2111//1731 2113//1733
f 2114//1734 2113//1733 2115//1735
f 2116//1736 2115//1735 2117//1737
f 2118//1738 2117//1737 2119//1739
f 2120//1740 2119//1739 2121//1741
f 2122//1742 2121//1741 2123//1743
f 2124//1744 2123//1743 2125//1745
f 2126//1746 2125//1745 2127//1747
f 2128//1748 2127//1747 2129//1749
f 2130//1750 2129//1749 2131//1751
f 2132//1752 2131//1751 2133//1753
f 2134//1754 2133//1753 2135//1755
f 2136//1756 2135//1755 2137//1757
f 2138//1758 2137//1757 2139//1759
f 2140//1760 2139//1759 2141//1761
f 2142//1762 2141//1761 2143//1763
f 2144//1764 2143//1763 2145//1765
f 2146//1766 2145//1765 2147//1767
f 2148//1768 2147//1767 2149//1769
f 2150//1770 2149//1769 2151//1771
f 2152//1772 2151//1771 2153//1773
f 2154//1774 2153//1773 2155//1775
f 2156//1776 2155//1775 2157//1777
f 2158//1778 2157//1777 2159//1779
f 2160//1780 2159//1779 2161//1781
f 2162//1782 2161//1781 2163//1783
f 2164//1784 2163//1783 2165//1785
f 2166//1786 2165//1785 2167//1787
f 2168//1788 2167//1787 2169//1789
f 2170//1790 2169//1789 2171//1791
f 2172//1792 2171//1791 2173//1793
f 2174//1794 2173//1793 2175//1795
f 2176//1796 2175//1795 2177//1797
f 2178//1798 2177//1797 2179//1799
f 2180//1800 2179//1799 2181//1801
f 2182//1802 2181//1801 2183//1803
f 2184//1804 2183//1803 2185//1805
f 2186//1806 2185//1805 2187//1807
f 2188//1808 2187//1807 2189//1809
f 2190//1810 2189//1809 2191//1811
f 2192//1812 2191//1811 2193//1813
f 2194//1814 2193//1813 2195//1815
f 2196//1816 2195//1815 2197//1817
f 2198//1818 2197//1817 2199//1819
f 2200//1820 2199//1819 2201//1821
f 2202//1822 2201//1821 2203//1823
f 2204//1824 2203//1823 2205//1825
f 2206//1826 2205//1825 2207//1827
f 2208//1828 2207//1827 2209//1829
f 2210//1830 2209//1829 2211//1831
f 2212//1832 2211//1831 2213//1833
f 2214//1834 2213//1833 2215//1835
f 2216//1836 2215//1835 2217//1837
f 2218//1838 2217//1837 2101//1721
f 2100//1720 2218//1838 2101//1721
f 2104//1724 2105//1725 2106//1726
f 2106//1726 2107//1727 2108//1728
f 2108//1728 2109//1729 2110//1730
f 2110//1730 2111//1731 2112//1732
f 2112//1732 2113//1733 2114//1734
f 2114//1734 2115//1735 2116//1736
f 2116//1736 2117//1737 2118//1738
f 2118//1738 2119//1739 2120//1740
f 2120//1740 2121//1741 2122//1742
f 2122//1742 2123//1743 2124//1744
f 2124//1744 2125//1745 2126//1746
f 2126//1746 2127//1747 2128//1748
f 2128//1748 2129//1749 2130//1750
f 2130//1750 2131//1751 2132//1752
f 2132//1752 2133//1753 2134//1754
f 2134//1754 2135//1755 2136//1756
f 2136//1756 2137//1757 2138//1758
f 2138//1758 2139//1759 2140//1760
f 2140//1760 2141//1761 2142//1762
f 2142//1762 2143//1763 2144//1764
f 2144//1764 2145//1765 2146//1766
f 2146//1766 2147//1767 2148//1768
f 2148//1768 2149//1769 2150//1770
f 2150//1770 2151//1771 2152//1772
f 2152//1772 2153//1773 2154//1774
f 2154//1774 2155//1775 2156//1776
f 2156//1776 2157//1777 2158//1778
f 2158//1778 2159//1779 2160//1780
f 2160//1780 2161//1781 2162//1782
f 2162//1782 2163//1783 2164//1784
f 2164//1784 2165//1785 2166//1786
f 2166//1786 2167//1787 2168//1788
f 2168//1788 2169//1789 2170//1790
f 2170//1790 2171//1791 2172//1792
f 2172//1792 2173//1793 2174//1794
f 2174//1794 2175//1795 2176//1796
f 2176//1796 2177//1797 2178//1798
f 2178//1798 2179//1799 2180//1800
f 2180//1800 2181//1801 2182//1802
f 2182//1802 2183//1803 2184//1804
f 2184//1804 2185//1805 2186//1806
f 2186//1806 2187//1807 2188//1808
f 2188//1808 2189//1809 2190//1810
f 2190//1810 2191//1811 2192//1812
f 2192//1812 2193//1813 2194//1814
f 2194//1814 2195//1815 2196//1816
f 2196//1816 2197//1817 2198//1818
f 2198//1818 2199//1819 2200//1820
f 2200//1820 2201//1821 2202//1822
f 2202//1822 2203//1823 2204//1824
f 2204//1824 2205//1825 2206//1826
f 2206//1826 2207//1827 2208//1828
f 2208//1828 2209//1829 2210//1830
f 2210//1830 2211//1831 2212//1832
f 2212//1832 2213//1833 2214//1834
f 2214//1834 2215//1835 2216//1836
f 2216//1836 2217//1837 2218//1838
f 2219//1839 2220//1840 2221//1841
f 2219//1839 2222//1842 2220//1840
f 2219//1839 2223//1843 2222//1842
f 2222//1842 2223//1843 2224//1844
f 2225//1845 2224//1844 2226//1846
f 2227//1847 2226//1846 2228//1848
f 2229//1849 2228//1848 2230//1850
f 2109//1729 2230//1850 2111//1731
f 2109//1729 2229//1849 2230//1850
f 2109//1729 2107//1727 2229//1849
f 2229//1849 2107//1727 2231//1851
f 2227//1847 2231//1851 2232//1852
f 2225//1845 2232//1852 2233//1853
f 2222//1842 2233//1853 2220//1840
f 2222//1842 2225//1845 2233//1853
f 2222//1842 2224//1844 2225//1845
f 2223//1843 2234//1854 2224//1844
f 2224//1844 2234//1854 2235//1855
f 2226//1846 2235//1855 2236//1856
f 2228//1848 2236//1856 2237//1857
f 2230//1850 2237//1857 2238//1858
f 2111//1731 2238//1858 2113//1733
f 2111//1731 2230//1850 2238//1858
f 2235//1855 2234//1854 2239//1859
f 2236//1856 2239//1859 2240//1860
f 2237//1857 2240//1860 2241//1861
f 2238//1858 2241//1861 2242//1862
f 2113//1733 2242//1862 2115//1735
f 2113//1733 2238//1858 2242//1862
f 2243//1863 2244//1864 2245//1865
f 2243//1863 2246//1866 2244//1864
f 2243//1863 2247//1867 2246//1866
f 2246//1866 2247//1867 2248//1868
f 2249//1869 2248//1868 2250//1870
f 2251//1871 2250//1870 2252//1872
f 2253//1873 2252//1872 2254//1874
f 2119//1739 2254//1874 2255//1875
f 2121//1741 2255//1875 2256//1876
f 2123//1743 2256//1876 2257//1877
f 2125//1745 2257//1877 2258//1878
f 2127//1747 2258//1878 2259//1879
f 2129//1749 2259//1879 2260//1880
f 2131//1751 2260//1880 2261//1881
f 2133//1753 2261//1881 2262//1882
f 2135//1755 2262//1882 2263//1883
f 2137//1757 2263//1883 2264//1884
f 2139//1759 2264//1884 2265//1885
f 2141//1761 2265//1885 2266//1886
f 2143//1763 2266//1886 2267//1887
f 2145//1765 2267//1887 2268//1888
f 2147//1767 2268//1888 2269//1889
f 2149//1769 2269//1889 2270//1890
f 2151//1771 2270//1890 2271//1891
f 2153//1773 2271//1891 2272//1892
f 2155//1775 2272//1892 2273//1893
f 2157//1777 2273//1893 2274//1894
f 2159//1779 2274//1894 2275//1895
f 2276//1896 2275//1895 2277//1897
f 2278//1898 2277//1897 2279//1899
f 2280//1900 2279//1899 2281//1901
f 2282//1902 2281//1901 2283//1903
f 2284//1904 2282//1902 2283//1903
f 2284//1904 2285//1905 2282//1902
f 2284//1904 2286//1906 2285//1905
f 2285//1905 2286//1906 2287//1907
f 2288//1908 2287//1907 2289//1909
f 2290//1910 2289//1909 2291//1911
f 2292//1912 2291//1911 2293//1913
f 2169//1789 2293//1913 2171//1791
f 2169//1789 2292//1912 2293//1913
f 2169//1789 2167//1787 2292//1912
f 2292//1912 2167//1787 2294//1914
f 2290//1910 2294//1914 2295//1915
f 2288//1908 2295//1915 2296//1916
f 2285//1905 2296//1916 2282//1902
f 2285//1905 2288//1908 2296//1916
f 2285//1905 2287//1907 2288//1908
f 2247//1867 2297//1917 2248//1868
f 2248//1868 2297//1917 2298//1918
f 2250//1870 2298//1918 2299//1919
f 2252//1872 2299//1919 2300//1920
f 2254//1874 2300//1920 2255//1875
f 2254//1874 2252//1872 2300//1920
f 2297//1917 2301//1921 2298//1918
f 2298//1918 2301//1921 2302//1922
f 2299//1919 2302//1922 2303//1923
f 2300//1920 2303//1923 2304//1924
f 2255//1875 2304//1924 2256//1876
f 2255//1875 2300//1920 2304//1924
f 2301//1921 2305//1925 2302//1922
f 2302//1922 2305//1925 2306//1926
f 2303//1923 2306//1926 2307//1927
f 2304//1924 2307//1927 2308//1928
f 2256//1876 2308//1928 2257//1877
f 2256//1876 2304//1924 2308//1928
f 2305//1925 2309//1929 2306//1926
f 2306//1926 2309//1929 2310//1930
f 2307//1927 2310//1930 2311//1931
f 2308//1928 2311//1931 2312//1932
f 2257//1877 2312//1932 2258//1878
f 2257//1877 2308//1928 2312//1932
f 2310//1930 2309//1929 2313//1933
f 2311//1931 2313//1933 2314//1934
f 2312//1932 2314//1934 2315//1935
f 2258//1878 2315//1935 2259//1879
f 2258//1878 2312//1932 2315//1935
f 2316//1936 2317//1937 2318//1938
f 2316//1936 2319//1939 2317//1937
f 2316//1936 2320//1940 2319//1939
f 2319//1939 2320//1940 2321//1941
f 2322//1942 2321//1941 2323//1943
f 2324//1944 2323//1943 2325//1945
f 2261//1881 2325//1945 2262//1882
f 2261//1881 2324//1944 2325//1945
f 2261//1881 2260//1880 2324//1944
f 2324//1944 2260//1880 2326//1946
f 2322//1942 2326//1946 2327//1947
f 2319//1939 2327//1947 2317//1937
f 2319//1939 2322//1942 2327//1947
f 2319//1939 2321//1941 2322//1942
f 2320//1940 2328//1948 2321//1941
f 2321//1941 2328//1948 2329//1949
f 2323//1943 2329//1949 2330//1950
f 2325//1945 2330//1950 2331//1951
f 2262//1882 2331//1951 2263//1883
f 2262//1882 2325//1945 2331//1951
f 2328//1948 2332//1952 2329//1949
f 2329//1949 2332//1952 2333//1953
f 2330//1950 2333//1953 2334//1954
f 2331//1951 2334//1954 2335//1955
f 2263//1883 2335//1955 2264//1884
f 2263//1883 2331//1951 2335//1955
f 2332//1952 2336//1956 2333//1953
f 2333//1953 2336//1956 2337//1957
f 2334//1954 2337//1957 2338//1958
f 2335//1955 2338//1958 2339//1959
f 2264//1884 2339//1959 2265//1885
f 2264//1884 2335//1955 2339//1959
f 2336//1956 2340//1960 2337//1957
f 2337//1957 2340//1960 2341//1961
f 2338//1958 2341//1961 2342//1962
f 2339//1959 2342//1962 2343//1963
f 2265//1885 2343//1963 2266//1886
f 2265//1885 2339//1959 2343//1963
f 2341//1961 2340//1960 2344//1964
f 2342//1962 2344//1964 2345//1965
f 2343//1963 2345//1965 2346//1966
f 2266//1886 2346//1966 2267//1887
f 2266//1886 2343//1963 2346//1966
f 2347//1967 2348//1968 2349//1969
f 2347//1967 2350//1970 2348//1968
f 2347//1967 2351//1971 2350//1970
f 2350//1970 2351//1971 2352//1972
f 2353//1973 2352//1972 2354//1974
f 2355//1975 2354//1974 2356//1976
f 2269//1889 2356//1976 2270//1890
f 2269//1889 2355//1975 2356//1976
f 2269//1889 2268//1888 2355//1975
f 2355//1975 2268//1888 2357//1977
f 2353//1973 2357//1977 2358//1978
f 2350//1970 2358//1978 2348//1968
f 2350//1970 2353//1973 2358//1978
f 2350//1970 2352//1972 2353//1973
f 2351//1971 2359//1979 2352//1972
f 2352//1972 2359//1979 2360//1980
f 2354//1974 2360//1980 2361//1981
f 2356//1976 2361//1981 2362//1982
f 2270//1890 2362//1982 2363//1983
f 2271//1891 2363//1983 2364//1984
f 2272//1892 2364//1984 2273//1893
f 2272//1892 2271//1891 2364//1984
f 2359//1979 2365//1985 2360//1980
f 2360//1980 2365//1985 2366//1986
f 2361//1981 2366//1986 2367//1987
f 2362//1982 2367//1987 2368//1988
f 2363//1983 2368//1988 2369//1989
f 2364//1984 2369//1989 2370//1990
f 2273//1893 2370//1990 2274//1894
f 2273//1893 2364//1984 2370//1990
f 2365//1985 2371//1991 2366//1986
f 2366//1986 2371//1991 2372//1992
f 2367//1987 2372//1992 2373//1993
f 2368//1988 2373//1993 2374//1994
f 2369//1989 2374//1994 2375//1995
f 2370//1990 2375//1995 2376//1996
f 2274//1894 2376//1996 2275//1895
f 2274//1894 2370//1990 2376//1996
f 2371//1991 2377//1997 2372//1992
f 2372//1992 2377//1997 2373//1993
f 2373//1993 2377//1997 2374//1994
f 2374//1994 2377//1997 2378//1998
f 2379//1999 2378//1998 2380//2000
f 2381//2001 2380//2000 2382//2002
f 2281//1901 2382//2002 2283//1903
f 2281//1901 2381//2001 2382//2002
f 2281//1901 2279//1899 2381//2001
f 2381//2001 2279//1899 2383//2003
f 2379//1999 2383//2003 2375//1995
f 2374//1994 2379//1999 2375//1995
f 2374//1994 2378//1998 2379//1999
f 2379//1999 2380//2000 2381//2001
f 2383//2003 2379//1999 2381//2001
f 2286//1906 2384//2004 2287//1907
f 2287//1907 2384//2004 2385//2005
f 2289//1909 2385//2005 2386//2006
f 2291//1911 2386//2006 2387//2007
f 2293//1913 2387//2007 2388//2008
f 2171//1791 2388//2008 2173//1793
f 2171//1791 2293//1913 2388//2008
f 2385//2005 2384//2004 2389//2009
f 2386//2006 2389//2009 2390//2010
f 2387//2007 2390//2010 2391//2011
f 2388//2008 2391//2011 2392//2012
f 2173//1793 2392//2012 2175//1795
f 2173//1793 2388//2008 2392//2012
f 2393//2013 2394//2014 2395//2015
f 2393//2013 2396//2016 2394//2014
f 2393//2013 2397//2017 2396//2016
f 2396//2016 2397//2017 2398//2018
f 2399//2019 2398//2018 2400//2020
f 2401//2021 2400//2020 2402//2022
f 2403//2023 2402//2022 2404//2024
f 2179//1799 2404//2024 2181//1801
f 2179//1799 2403//2023 2404//2024
f 2179//1799 2177//1797 2403//2023
f 2403//2023 2177//1797 2405//2025
f 2401//2021 2405//2025 2406//2026
f 2399//2019 2406//2026 2407//2027
f 2396//2016 2407//2027 2394//2014
f 2396//2016 2399//2019 2407//2027
f 2396//2016 2398//2018 2399//2019
f 2397//2017 2408//2028 2398//2018
f 2398//2018 2408//2028 2409//2029
f 2400//2020 2409//2029 2410//2030
f 2402//2022 2410//2030 2411//2031
f 2404//2024 2411//2031 2412//2032
f 2181//1801 2412//2032 2183//1803
f 2181//1801 2404//2024 2412//2032
f 2408//2028 2413//2033 2409//2029
f 2409//2029 2413//2033 2414//2034
f 2410//2030 2414//2034 2415//2035
f 2411//2031 2415//2035 2416//2036
f 2412//2032 2416//2036 2417//2037
f 2183//1803 2417//2037 2185//1805
f 2183//1803 2412//2032 2417//2037
f 2413//2033 2418//2038 2414//2034
f 2414//2034 2418//2038 2419//2039
f 2415//2035 2419//2039 2420//2040
f 2416//2036 2420//2040 2421//2041
f 2417//2037 2421//2041 2422//2042
f 2185//1805 2422//2042 2187//1807
f 2185//1805 2417//2037 2422//2042
f 2418//2038 2423//2043 2419//2039
f 2419//2039 2423//2043 2424//2044
f 2420//2040 2424//2044 2425//2045
f 2421//2041 2425//2045 2426//2046
f 2422//2042 2426//2046 2427//2047
f 2187//1807 2427//2047 2189//1809
f 2187//1807 2422//2042 2427//2047
f 2424//2044 2423//2043 2428//2048
f 2425//2045 2428//2048 2429//2049
f 2426//2046 2429//2049 2430//2050
f 2427//2047 2430//2050 2431//2051
f 2189//1809 2431//2051 2191//1811
f 2189//1809 2427//2047 2431//2051
f 2432//2052 2433//2053 2434//2054
f 2432//2052 2435//2055 2433//2053
f 2432//2052 2436//2056 2435//2055
f 2435//2055 2436//2056 2437//2057
f 2438//2058 2437//2057 2439//2059
f 2440//2060 2439//2059 2441//2061
f 2442//2062 2441//2061 2443//2063
f 2195//1815 2443//2063 2197//1817
f 2195//1815 2442//2062 2443//2063
f 2195//1815 2193//1813 2442//2062
f 2442//2062 2193//1813 2444//2064
f 2440//2060 2444//2064 2445//2065
f 2438//2058 2445//2065 2446//2066
f 2435//2055 2446//2066 2433//2053
f 2435//2055 2438//2058 2446//2066
f 2435//2055 2437//2057 2438//2058
f 2436//2056 2447//2067 2437//2057
f 2437//2057 2447//2067 2448//2068
f 2439//2059 2448//2068 2449//2069
f 2441//2061 2449//2069 2450//2070
f 2443//2063 2450//2070 2451//2071
f 2197//1817 2451//2071 2199//1819
f 2197//1817 2443//2063 2451//2071
f 2447//2067 2452//2072 2448//2068
f 2448//2068 2452//2072 2453//2073
f 2449//2069 2453//2073 2454//2074
f 2450//2070 2454//2074 2455//2075
f 2451//2071 2455//2075 2456//2076
f 2199//1819 2456//2076 2457//2077
f 2201//1821 2457//2077 2458//2078
f 2203//1823 2458//2078 2459//2079
f 2205//1825 2459//2079 2460//2080
f 2207//1827 2460//2080 2461//2081
f 2209//1829 2461//2081 2462//2082
f 2211//1831 2462//2082 2463//2083
f 2213//1833 2463//2083 2464//2084
f 2215//1835 2464//2084 2465//2085
f 2217//1837 2465//2085 2466//2086
f 2101//1721 2466//2086 2467//2087
f 2099//1719 2467//2087 2468//2088
f 2103//1723 2468//2088 2469//2089
f 2105//1725 2469//2089 2231//1851
f 2107//1727 2105//1725 2231//1851
f 2452//2072 2470//2090 2453//2073
f 2453//2073 2470//2090 2471//2091
f 2454//2074 2471//2091 2472//2092
f 2455//2075 2472//2092 2473//2093
f 2456//2076 2473//2093 2457//2077
f 2456//2076 2455//2075 2473//2093
f 2470//2090 2474//2094 2471//2091
f 2471//2091 2474//2094 2475//2095
f 2472//2092 2475//2095 2476//2096
f 2473//2093 2476//2096 2477//2097
f 2457//2077 2477//2097 2458//2078
f 2457//2077 2473//2093 2477//2097
f 2475//2095 2474//2094 2478//2098
f 2476//2096 2478//2098 2479//2099
f 2477//2097 2479//2099 2480//2100
f 2458//2078 2480//2100 2459//2079
f 2458//2078 2477//2097 2480//2100
f 2481//2101 2482//2102 2483//2103
f 2481//2101 2484//2104 2482//2102
f 2481//2101 2485//2105 2484//2104
f 2484//2104 2485//2105 2486//2106
f 2487//2107 2486//2106 2488//2108
f 2489//2109 2488//2108 2490//2110
f 2461//2081 2490//2110 2462//2082
f 2461//2081 2489//2109 2490//2110
f 2461//2081 2460//2080 2489//2109
f 2489//2109 2460//2080 2491//2111
f 2487//2107 2491//2111 2492//2112
f 2484//2104 2492//2112 2482//2102
f 2484//2104 2487//2107 2492//2112
f 2484//2104 2486//2106 2487//2107
f 2485//2105 2493//2113 2486//2106
f 2486//2106 2493//2113 2494//2114
f 2488//2108 2494//2114 2495//2115
f 2490//2110 2495//2115 2496//2116
f 2462//2082 2496//2116 2463//2083
f 2462//2082 2490//2110 2496//2116
f 2493//2113 2497//2117 2494//2114
f 2494//2114 2497//2117 2498//2118
f 2495//2115 2498//2118 2499//2119
f 2496//2116 2499//2119 2500//2120
f 2463//2083 2500//2120 2464//2084
f 2463//2083 2496//2116 2500//2120
f 2497//2117 2501//2121 2498//2118
f 2498//2118 2501//2121 2502//2122
f 2499//2119 2502//2122 2503//2123
f 2500//2120 2503//2123 2504//2124
f 2464//2084 2504//2124 2465//2085
f 2464//2084 2500//2120 2504//2124
f 2501//2121 2505//2125 2502//2122
f 2502//2122 2505//2125 2506//2126
f 2503//2123 2506//2126 2507//2127
f 2504//2124 2507//2127 2508//2128
f 2465//2085 2508//2128 2466//2086
f 2465//2085 2504//2124 2508//2128
f 2506//2126 2505//2125 2509//2129
f 2507//2127 2509//2129 2510//2130
f 2508//2128 2510//2130 2511//2131
f 2466//2086 2511//2131 2467//2087
f 2466//2086 2508//2128 2511//2131
f 2512//2132 2513//2133 2514//2134
f 2512//2132 2515//2135 2513//2133
f 2512//2132 2221//1841 2515//2135
f 2515//2135 2221//1841 2220//1840
f 2516//2136 2220//1840 2233//1853
f 2517//2137 2233//1853 2232//1852
f 2469//2089 2232//1852 2231//1851
f 2469//2089 2517//2137 2232//1852
f 2469//2089 2468//2088 2517//2137
f 2517//2137 2468//2088 2518//2138
f 2516//2136 2518//2138 2519//2139
f 2515//2135 2519//2139 2513//2133
f 2515//2135 2516//2136 2519//2139
f 2515//2135 2220//1840 2516//2136
f 2101//1721 2217//1837 2466//2086
f 2217//1837 2215//1835 2465//2085
f 2215//1835 2213//1833 2464//2084
f 2213//1833 2211//1831 2463//2083
f 2211//1831 2209//1829 2462//2082
f 2209//1829 2207//1827 2461//2081
f 2207//1827 2205//1825 2460//2080
f 2205//1825 2203//1823 2459//2079
f 2203//1823 2201//1821 2458//2078
f 2201//1821 2199//1819 2457//2077
f 2456//2076 2199//1819 2451//2071
f 2193//1813 2191//1811 2444//2064
f 2444//2064 2191//1811 2431//2051
f 2445//2065 2431//2051 2430//2050
f 2446//2066 2430//2050 2429//2049
f 2433//2053 2429//2049 2428//2048
f 2434//2054 2428//2048 2423//2043
f 2434//2054 2433//2053 2428//2048
f 2177//1797 2175//1795 2405//2025
f 2405//2025 2175//1795 2392//2012
f 2406//2026 2392//2012 2391//2011
f 2407//2027 2391//2011 2390//2010
f 2394//2014 2390//2010 2389//2009
f 2395//2015 2389//2009 2384//2004
f 2395//2015 2394//2014 2389//2009
f 2167//1787 2165//1785 2294//1914
f 2294//1914 2165//1785 2520//2140
f 2295//1915 2520//2140 2521//2141
f 2296//1916 2521//2141 2280//1900
f 2282//1902 2280//1900 2281//1901
f 2282//1902 2296//1916 2280//1900
f 2165//1785 2163//1783 2520//2140
f 2520//2140 2163//1783 2522//2142
f 2521//2141 2522//2142 2278//1898
f 2280//1900 2278//1898 2279//1899
f 2280//1900 2521//2141 2278//1898
f 2163//1783 2161//1781 2522//2142
f 2522//2142 2161//1781 2276//1896
f 2278//1898 2276//1896 2277//1897
f 2278//1898 2522//2142 2276//1896
f 2161//1781 2159//1779 2276//1896
f 2276//1896 2159//1779 2275//1895
f 2159//1779 2157//1777 2274//1894
f 2157//1777 2155//1775 2273//1893
f 2155//1775 2153//1773 2272//1892
f 2153//1773 2151//1771 2271//1891
f 2151//1771 2149//1769 2270//1890
f 2149//1769 2147//1767 2269//1889
f 2147//1767 2145//1765 2268//1888
f 2145//1765 2143//1763 2267//1887
f 2143//1763 2141//1761 2266//1886
f 2141//1761 2139//1759 2265//1885
f 2139//1759 2137//1757 2264//1884
f 2137//1757 2135//1755 2263//1883
f 2135//1755 2133//1753 2262//1882
f 2133//1753 2131//1751 2261//1881
f 2131//1751 2129//1749 2260//1880
f 2129//1749 2127//1747 2259//1879
f 2127//1747 2125//1745 2258//1878
f 2125//1745 2123//1743 2257//1877
f 2123//1743 2121//1741 2256//1876
f 2121//1741 2119//1739 2255//1875
f 2254//1874 2119//1739 2253//1873
f 2253//1873 2119//1739 2117//1737
f 2523//2143 2117//1737 2115//1735
f 2242//1862 2523//2143 2115//1735
f 2242//1862 2524//2144 2523//2143
f 2242//1862 2241//1861 2524//2144
f 2524//2144 2241//1861 2525//2145
f 2249//1869 2525//2145 2246//1866
f 2248//1868 2249//1869 2246//1866
f 2253//1873 2117//1737 2523//2143
f 2251//1871 2523//2143 2524//2144
f 2249//1869 2524//2144 2525//2145
f 2249//1869 2251//1871 2524//2144
f 2249//1869 2250//1870 2251//1871
f 2105//1725 2103//1723 2469//2089
f 2103//1723 2099//1719 2468//2088
f 2099//1719 2101//1721 2467//2087
f 2279//1899 2277//1897 2383//2003
f 2383//2003 2277//1897 2376//1996
f 2375//1995 2383//2003 2376//1996
f 2277//1897 2275//1895 2376//1996
f 2340//1960 2349//1969 2344//1964
f 2344//1964 2349//1969 2348//1968
f 2345//1965 2348//1968 2358//1978
f 2346//1966 2358//1978 2357//1977
f 2267//1887 2357//1977 2268//1888
f 2267//1887 2346//1966 2357//1977
f 2309//1929 2318//1938 2313//1933
f 2313//1933 2318//1938 2317//1937
f 2314//1934 2317//1937 2327//1947
f 2315//1935 2327//1947 2326//1946
f 2259//1879 2326//1946 2260//1880
f 2259//1879 2315//1935 2326//1946
f 2234//1854 2245//1865 2239//1859
f 2239//1859 2245//1865 2244//1864
f 2240//1860 2244//1864 2525//2145
f 2241//1861 2240//1860 2525//2145
f 2503//2123 2502//2122 2506//2126
f 2472//2092 2471//2091 2475//2095
f 2420//2040 2419//2039 2424//2044
f 2289//1909 2287//1907 2385//2005
f 2519//2139 2518//2138 2511//2131
f 2510//2130 2519//2139 2511//2131
f 2510//2130 2513//2133 2519//2139
f 2510//2130 2509//2129 2513//2133
f 2513//2133 2509//2129 2514//2134
f 2514//2134 2509//2129 2505//2125
f 2233//1853 2517//2137 2516//2136
f 2516//2136 2517//2137 2518//2138
f 2511//2131 2518//2138 2467//2087
f 2467//2087 2518//2138 2468//2088
f 2227//1847 2232//1852 2225//1845
f 2226//1846 2227//1847 2225//1845
f 2235//1855 2226//1846 2224//1844
f 2239//1859 2236//1856 2235//1855
f 2229//1849 2231//1851 2227//1847
f 2228//1848 2229//1849 2227//1847
f 2236//1856 2228//1848 2226//1846
f 2244//1864 2240//1860 2239//1859
f 2240//1860 2237//1857 2236//1856
f 2246//1866 2525//2145 2244//1864
f 2237//1857 2230//1850 2228//1848
f 2238//1858 2237//1857 2241//1861
f 2298//1918 2250//1870 2248//1868
f 2302//1922 2299//1919 2298//1918
f 2253//1873 2523//2143 2251//1871
f 2252//1872 2253//1873 2251//1871
f 2299//1919 2252//1872 2250//1870
f 2306//1926 2303//1923 2302//1922
f 2303//1923 2300//1920 2299//1919
f 2310//1930 2307//1927 2306//1926
f 2307//1927 2304//1924 2303//1923
f 2313//1933 2311//1931 2310//1930
f 2311//1931 2308//1928 2307//1927
f 2317//1937 2314//1934 2313//1933
f 2314//1934 2312//1932 2311//1931
f 2315//1935 2314//1934 2327//1947
f 2324//1944 2326//1946 2322//1942
f 2323//1943 2324//1944 2322//1942
f 2329//1949 2323//1943 2321//1941
f 2333//1953 2330//1950 2329//1949
f 2330//1950 2325//1945 2323//1943
f 2337//1957 2334//1954 2333//1953
f 2334//1954 2331//1951 2330//1950
f 2341//1961 2338//1958 2337//1957
f 2338//1958 2335//1955 2334//1954
f 2344//1964 2342//1962 2341//1961
f 2342//1962 2339//1959 2338//1958
f 2348//1968 2345//1965 2344//1964
f 2345//1965 2343//1963 2342//1962
f 2346//1966 2345//1965 2358//1978
f 2355//1975 2357//1977 2353//1973
f 2354//1974 2355//1975 2353//1973
f 2360//1980 2354//1974 2352//1972
f 2366//1986 2361//1981 2360//1980
f 2361//1981 2356//1976 2354//1974
f 2372//1992 2367//1987 2366//1986
f 2367//1987 2362//1982 2361//1981
f 2362//1982 2270//1890 2356//1976
f 2368//1988 2367//1987 2373//1993
f 2363//1983 2362//1982 2368//1988
f 2271//1891 2270//1890 2363//1983
f 2374//1994 2369//1989 2368//1988
f 2369//1989 2364//1984 2363//1983
f 2370//1990 2369//1989 2375//1995
f 2295//1915 2521//2141 2296//1916
f 2520//2140 2522//2142 2521//2141
f 2290//1910 2295//1915 2288//1908
f 2289//1909 2290//1910 2288//1908
f 2294//1914 2520//2140 2295//1915
f 2389//2009 2386//2006 2385//2005
f 2386//2006 2291//1911 2289//1909
f 2387//2007 2386//2006 2390//2010
f 2294//1914 2290//1910 2292//1912
f 2292//1912 2290//1910 2291//1911
f 2293//1913 2291//1911 2387//2007
f 2407//2027 2390//2010 2394//2014
f 2388//2008 2387//2007 2391//2011
f 2406//2026 2391//2011 2407//2027
f 2401//2021 2406//2026 2399//2019
f 2400//2020 2401//2021 2399//2019
f 2409//2029 2400//2020 2398//2018
f 2405//2025 2392//2012 2406//2026
f 2414//2034 2410//2030 2409//2029
f 2403//2023 2405//2025 2401//2021
f 2402//2022 2403//2023 2401//2021
f 2410//2030 2402//2022 2400//2020
f 2419//2039 2415//2035 2414//2034
f 2415//2035 2411//2031 2410//2030
f 2411//2031 2404//2024 2402//2022
f 2416//2036 2415//2035 2420//2040
f 2412//2032 2411//2031 2416//2036
f 2428//2048 2425//2045 2424//2044
f 2425//2045 2421//2041 2420//2040
f 2426//2046 2425//2045 2429//2049
f 2421//2041 2417//2037 2416//2036
f 2422//2042 2421//2041 2426//2046
f 2446//2066 2429//2049 2433//2053
f 2427//2047 2426//2046 2430//2050
f 2445//2065 2430//2050 2446//2066
f 2440//2060 2445//2065 2438//2058
f 2439//2059 2440//2060 2438//2058
f 2448//2068 2439//2059 2437//2057
f 2444//2064 2431//2051 2445//2065
f 2453//2073 2449//2069 2448//2068
f 2442//2062 2444//2064 2440//2060
f 2441//2061 2442//2062 2440//2060
f 2449//2069 2441//2061 2439//2059
f 2471//2091 2454//2074 2453//2073
f 2454//2074 2450//2070 2449//2069
f 2450//2070 2443//2063 2441//2061
f 2455//2075 2454//2074 2472//2092
f 2451//2071 2450//2070 2455//2075
f 2478//2098 2476//2096 2475//2095
f 2476//2096 2473//2093 2472//2092
f 2479//2099 2477//2097 2476//2096
f 2483//2103 2482//2102 2478//2098
f 2474//2094 2483//2103 2478//2098
f 2480//2100 2479//2099 2492//2112
f 2491//2111 2480//2100 2492//2112
f 2491//2111 2459//2079 2480//2100
f 2491//2111 2460//2080 2459//2079
f 2492//2112 2479//2099 2482//2102
f 2482//2102 2479//2099 2478//2098
f 2489//2109 2491//2111 2487//2107
f 2488//2108 2489//2109 2487//2107
f 2494//2114 2488//2108 2486//2106
f 2498//2118 2495//2115 2494//2114
f 2495//2115 2490//2110 2488//2108
f 2502//2122 2499//2119 2498//2118
f 2499//2119 2496//2116 2495//2115
f 2500//2120 2499//2119 2503//2123
f 2509//2129 2507//2127 2506//2126
f 2507//2127 2504//2124 2503//2123
f 2508//2128 2507//2127 2510//2130
f 2526//2146 2527//2147 2528//2148
f 2526//2146 2529//2149 2527//2147
f 2526//2146 2530//2150 2529//2149
f 2529//2149 2530//2150 2531//2151
f 2532//2152 2531//2151 2533//2153
f 2534//2154 2533//2153 2535//2155
f 2536//2156 2535//2155 2537//2157
f 2243//1863 2537//2157 2247//1867
f 2243//1863 2536//2156 2537//2157
f 2243//1863 2245//1865 2536//2156
f 2536//2156 2245//1865 2538//2158
f 2534//2154 2538//2158 2539//2159
f 2532//2152 2539//2159 2540//2160
f 2529//2149 2540//2160 2527//2147
f 2529//2149 2532//2152 2540//2160
f 2529//2149 2531//2151 2532//2152
f 2530//2150 2541//2161 2531//2151
f 2531//2151 2541//2161 2542//2162
f 2533//2153 2542//2162 2543//2163
f 2535//2155 2543//2163 2544//2164
f 2537//2157 2544//2164 2545//2165
f 2247//1867 2545//2165 2297//1917
f 2247//1867 2537//2157 2545//2165
f 2541//2161 2546//2166 2542//2162
f 2542//2162 2546//2166 2547//2167
f 2543//2163 2547//2167 2548//2168
f 2544//2164 2548//2168 2549//2169
f 2545//2165 2549//2169 2550//2170
f 2297//1917 2550//2170 2301//1921
f 2297//1917 2545//2165 2550//2170
f 2546//2166 2551//2171 2547//2167
f 2547//2167 2551//2171 2552//2172
f 2548//2168 2552//2172 2553//2173
f 2549//2169 2553//2173 2554//2174
f 2550//2170 2554//2174 2555//2175
f 2301//1921 2555//2175 2305//1925
f 2301//1921 2550//2170 2555//2175
f 2551//2171 2556//2176 2552//2172
f 2552//2172 2556//2176 2557//2177
f 2553//2173 2557//2177 2558//2178
f 2554//2174 2558//2178 2559//2179
f 2555//2175 2559//2179 2560//2180
f 2305//1925 2560//2180 2309//1929
f 2305//1925 2555//2175 2560//2180
f 2556//2176 2561//2181 2557//2177
f 2557//2177 2561//2181 2562//2182
f 2558//2178 2562//2182 2563//2183
f 2559//2179 2563//2183 2564//2184
f 2560//2180 2564//2184 2565//2185
f 2309//1929 2565//2185 2318//1938
f 2309//1929 2560//2180 2565//2185
f 2561//2181 2566//2186 2562//2182
f 2562//2182 2566//2186 2567//2187
f 2563//2183 2567//2187 2568//2188
f 2564//2184 2568//2188 2569//2189
f 2565//2185 2569//2189 2570//2190
f 2318//1938 2570//2190 2316//1936
f 2318//1938 2565//2185 2570//2190
f 2567//2187 2566//2186 2571//2191
f 2568//2188 2571//2191 2572//2192
f 2569//2189 2572//2192 2573//2193
f 2570//2190 2573//2193 2574//2194
f 2316//1936 2574//2194 2320//1940
f 2316//1936 2570//2190 2574//2194
f 2575//2195 2576//2196 2577//2197
f 2575//2195 2578//2198 2576//2196
f 2575//2195 2579//2199 2578//2198
f 2578//2198 2579//2199 2580//2200
f 2581//2201 2580//2200 2582//2202
f 2583//2203 2582//2202 2584//2204
f 2585//2205 2584//2204 2586//2206
f 2332//1952 2586//2206 2336//1956
f 2332//1952 2585//2205 2586//2206
f 2332//1952 2328//1948 2585//2205
f 2585//2205 2328//1948 2587//2207
f 2583//2203 2587//2207 2588//2208
f 2581//2201 2588//2208 2589//2209
f 2578//2198 2589//2209 2576//2196
f 2578//2198 2581//2201 2589//2209
f 2578//2198 2580//2200 2581//2201
f 2579//2199 2590//2210 2580//2200
f 2580//2200 2590//2210 2591//2211
f 2582//2202 2591//2211 2592//2212
f 2584//2204 2592//2212 2593//2213
f 2586//2206 2593//2213 2594//2214
f 2336//1956 2594//2214 2340//1960
f 2336//1956 2586//2206 2594//2214
f 2590//2210 2595//2215 2591//2211
f 2591//2211 2595//2215 2596//2216
f 2592//2212 2596//2216 2597//2217
f 2593//2213 2597//2217 2598//2218
f 2594//2214 2598//2218 2599//2219
f 2340//1960 2599//2219 2349//1969
f 2340//1960 2594//2214 2599//2219
f 2595//2215 2600//2220 2596//2216
f 2596//2216 2600//2220 2601//2221
f 2597//2217 2601//2221 2602//2222
f 2598//2218 2602//2222 2603//2223
f 2599//2219 2603//2223 2604//2224
f 2349//1969 2604//2224 2347//1967
f 2349//1969 2599//2219 2604//2224
f 2600//2220 2605//2225 2601//2221
f 2601//2221 2605//2225 2606//2226
f 2602//2222 2606//2226 2607//2227
f 2603//2223 2607//2227 2608//2228
f 2604//2224 2608//2228 2609//2229
f 2347//1967 2609//2229 2351//1971
f 2347//1967 2604//2224 2609//2229
f 2605//2225 2610//2230 2606//2226
f 2606//2226 2610//2230 2611//2231
f 2607//2227 2611//2231 2612//2232
f 2608//2228 2612//2232 2613//2233
f 2609//2229 2613//2233 2614//2234
f 2351//1971 2614//2234 2359//1979
f 2351//1971 2609//2229 2614//2234
f 2610//2230 2615//2235 2611//2231
f 2611//2231 2615//2235 2616//2236
f 2612//2232 2616//2236 2617//2237
f 2613//2233 2617//2237 2618//2238
f 2614//2234 2618//2238 2619//2239
f 2359//1979 2619//2239 2365//1985
f 2359//1979 2614//2234 2619//2239
f 2616//2236 2615//2235 2620//2240
f 2617//2237 2620//2240 2621//2241
f 2618//2238 2621//2241 2622//2242
f 2619//2239 2622//2242 2623//2243
f 2365//1985 2623//2243 2371//1991
f 2365//1985 2619//2239 2623//2243
f 2624//2244 2625//2245 2626//2246
f 2624//2244 2627//2247 2625//2245
f 2624//2244 2628//2248 2627//2247
f 2627//2247 2628//2248 2629//2249
f 2630//2250 2629//2249 2631//2251
f 2632//2252 2631//2251 2633//2253
f 2634//2254 2633//2253 2635//2255
f 2378//1998 2635//2255 2380//2000
f 2378//1998 2634//2254 2635//2255
f 2378//1998 2377//1997 2634//2254
f 2634//2254 2377//1997 2636//2256
f 2632//2252 2636//2256 2637//2257
f 2630//2250 2637//2257 2638//2258
f 2627//2247 2638//2258 2625//2245
f 2627//2247 2630//2250 2638//2258
f 2627//2247 2629//2249 2630//2250
f 2628//2248 2639//2259 2629//2249
f 2629//2249 2639//2259 2640//2260
f 2631//2251 2640//2260 2641//2261
f 2633//2253 2641//2261 2642//2262
f 2635//2255 2642//2262 2643//2263
f 2380//2000 2643//2263 2382//2002
f 2380//2000 2635//2255 2643//2263
f 2639//2259 2644//2264 2640//2260
f 2640//2260 2644//2264 2645//2265
f 2641//2261 2645//2265 2646//2266
f 2642//2262 2646//2266 2647//2267
f 2643//2263 2647//2267 2648//2268
f 2382//2002 2648//2268 2283//1903
f 2382//2002 2643//2263 2648//2268
f 2644//2264 2649//2269 2645//2265
f 2645//2265 2649//2269 2650//2270
f 2646//2266 2650//2270 2651//2271
f 2647//2267 2651//2271 2652//2272
f 2648//2268 2652//2272 2653//2273
f 2283//1903 2653//2273 2284//1904
f 2283//1903 2648//2268 2653//2273
f 2649//2269 2654//2274 2650//2270
f 2650//2270 2654//2274 2655//2275
f 2651//2271 2655//2275 2656//2276
f 2652//2272 2656//2276 2657//2277
f 2653//2273 2657//2277 2658//2278
f 2284//1904 2658//2278 2286//1906
f 2284//1904 2653//2273 2658//2278
f 2654//2274 2659//2279 2655//2275
f 2655//2275 2659//2279 2660//2280
f 2656//2276 2660//2280 2661//2281
f 2657//2277 2661//2281 2662//2282
f 2658//2278 2662//2282 2663//2283
f 2286//1906 2663//2283 2384//2004
f 2286//1906 2658//2278 2663//2283
f 2660//2280 2659//2279 2664//2284
f 2661//2281 2664//2284 2665//2285
f 2662//2282 2665//2285 2666//2286
f 2663//2283 2666//2286 2667//2287
f 2384//2004 2667//2287 2395//2015
f 2384//2004 2663//2283 2667//2287
f 2668//2288 2669//2289 2670//2290
f 2668//2288 2671//2291 2669//2289
f 2668//2288 2672//2292 2671//2291
f 2671//2291 2672//2292 2673//2293
f 2674//2294 2673//2293 2675//2295
f 2676//2296 2675//2295 2677//2297
f 2678//2298 2677//2297 2679//2299
f 2397//2017 2679//2299 2408//2028
f 2397//2017 2678//2298 2679//2299
f 2397//2017 2393//2013 2678//2298
f 2678//2298 2393//2013 2680//2300
f 2676//2296 2680//2300 2681//2301
f 2674//2294 2681//2301 2682//2302
f 2671//2291 2682//2302 2669//2289
f 2671//2291 2674//2294 2682//2302
f 2671//2291 2673//2293 2674//2294
f 2672//2292 2683//2303 2673//2293
f 2673//2293 2683//2303 2684//2304
f 2675//2295 2684//2304 2685//2305
f 2677//2297 2685//2305 2686//2306
f 2679//2299 2686//2306 2687//2307
f 2408//2028 2687//2307 2413//2033
f 2408//2028 2679//2299 2687//2307
f 2683//2303 2688//2308 2684//2304
f 2684//2304 2688//2308 2689//2309
f 2685//2305 2689//2309 2690//2310
f 2686//2306 2690//2310 2691//2311
f 2687//2307 2691//2311 2692//2312
f 2413//2033 2692//2312 2418//2038
f 2413//2033 2687//2307 2692//2312
f 2688//2308 2693//2313 2689//2309
f 2689//2309 2693//2313 2694//2314
f 2690//2310 2694//2314 2695//2315
f 2691//2311 2695//2315 2696//2316
f 2692//2312 2696//2316 2697//2317
f 2418//2038 2697//2317 2423//2043
f 2418//2038 2692//2312 2697//2317
f 2693//2313 2698//2318 2694//2314
f 2694//2314 2698//2318 2699//2319
f 2695//2315 2699//2319 2700//2320
f 2696//2316 2700//2320 2701//2321
f 2697//2317 2701//2321 2702//2322
f 2423//2043 2702//2322 2434//2054
f 2423//2043 2697//2317 2702//2322
f 2698//2318 2703//2323 2699//2319
f 2699//2319 2703//2323 2704//2324
f 2700//2320 2704//2324 2705//2325
f 2701//2321 2705//2325 2706//2326
f 2702//2322 2706//2326 2707//2327
f 2434//2054 2707//2327 2432//2052
f 2434//2054 2702//2322 2707//2327
f 2704//2324 2703//2323 2708//2328
f 2705//2325 2708//2328 2709//2329
f 2706//2326 2709//2329 2710//2330
f 2707//2327 2710//2330 2711//2331
f 2432//2052 2711//2331 2436//2056
f 2432//2052 2707//2327 2711//2331
f 2712//2332 2713//2333 2714//2334
f 2712//2332 2715//2335 2713//2333
f 2712//2332 2716//2336 2715//2335
f 2715//2335 2716//2336 2717//2337
f 2718//2338 2717//2337 2719//2339
f 2720//2340 2719//2339 2721//2341
f 2722//2342 2721//2341 2723//2343
f 2452//2072 2723//2343 2470//2090
f 2452//2072 2722//2342 2723//2343
f 2452//2072 2447//2067 2722//2342
f 2722//2342 2447//2067 2724//2344
f 2720//2340 2724//2344 2725//2345
f 2718//2338 2725//2345 2726//2346
f 2715//2335 2726//2346 2713//2333
f 2715//2335 2718//2338 2726//2346
f 2715//2335 2717//2337 2718//2338
f 2716//2336 2727//2347 2717//2337
f 2717//2337 2727//2347 2728//2348
f 2719//2339 2728//2348 2729//2349
f 2721//2341 2729//2349 2730//2350
f 2723//2343 2730//2350 2731//2351
f 2470//2090 2731//2351 2474//2094
f 2470//2090 2723//2343 2731//2351
f 2727//2347 2732//2352 2728//2348
f 2728//2348 2732//2352 2733//2353
f 2729//2349 2733//2353 2734//2354
f 2730//2350 2734//2354 2735//2355
f 2731//2351 2735//2355 2736//2356
f 2474//2094 2736//2356 2483//2103
f 2474//2094 2731//2351 2736//2356
f 2732//2352 2737//2357 2733//2353
f 2733//2353 2737//2357 2738//2358
f 2734//2354 2738//2358 2739//2359
f 2735//2355 2739//2359 2740//2360
f 2736//2356 2740//2360 2741//2361
f 2483//2103 2741//2361 2481//2101
f 2483//2103 2736//2356 2741//2361
f 2737//2357 2742//2362 2738//2358
f 2738//2358 2742//2362 2743//2363
f 2739//2359 2743//2363 2744//2364
f 2740//2360 2744//2364 2745//2365
f 2741//2361 2745//2365 2746//2366
f 2481//2101 2746//2366 2485//2105
f 2481//2101 2741//2361 2746//2366
f 2742//2362 2747//2367 2743//2363
f 2743//2363 2747//2367 2748//2368
f 2744//2364 2748//2368 2749//2369
f 2745//2365 2749//2369 2750//2370
f 2746//2366 2750//2370 2751//2371
f 2485//2105 2751//2371 2493//2113
f 2485//2105 2746//2366 2751//2371
f 2747//2367 2752//2372 2748//2368
f 2748//2368 2752//2372 2753//2373
f 2749//2369 2753//2373 2754//2374
f 2750//2370 2754//2374 2755//2375
f 2751//2371 2755//2375 2756//2376
f 2493//2113 2756//2376 2497//2117
f 2493//2113 2751//2371 2756//2376
f 2753//2373 2752//2372 2757//2377
f 2754//2374 2757//2377 2758//2378
f 2755//2375 2758//2378 2759//2379
f 2756//2376 2759//2379 2760//2380
f 2497//2117 2760//2380 2501//2121
f 2497//2117 2756//2376 2760//2380
f 2761//2381 2762//2382 2763//2383
f 2761//2381 2764//2384 2762//2382
f 2761//2381 2765//2385 2764//2384
f 2764//2384 2765//2385 2766//2386
f 2767//2387 2766//2386 2768//2388
f 2769//2389 2768//2388 2770//2390
f 2771//2391 2770//2390 2772//2392
f 2514//2134 2772//2392 2512//2132
f 2514//2134 2771//2391 2772//2392
f 2514//2134 2505//2125 2771//2391
f 2771//2391 2505//2125 2773//2393
f 2769//2389 2773//2393 2774//2394
f 2767//2387 2774//2394 2775//2395
f 2764//2384 2775//2395 2762//2382
f 2764//2384 2767//2387 2775//2395
f 2764//2384 2766//2386 2767//2387
f 2765//2385 2776//2396 2766//2386
f 2766//2386 2776//2396 2777//2397
f 2768//2388 2777//2397 2778//2398
f 2770//2390 2778//2398 2779//2399
f 2772//2392 2779//2399 2780//2400
f 2512//2132 2780//2400 2221//1841
f 2512//2132 2772//2392 2780//2400
f 2776//2396 2781//2401 2777//2397
f 2777//2397 2781//2401 2782//2402
f 2778//2398 2782//2402 2783//2403
f 2779//2399 2783//2403 2784//2404
f 2780//2400 2784//2404 2785//2405
f 2221//1841 2785//2405 2786//2406
f 2219//1839 2786//2406 2787//2407
f 2223//1843 2787//2407 2788//2408
f 2234//1854 2788//2408 2538//2158
f 2245//1865 2234//1854 2538//2158
f 2781//2401 2789//2409 2782//2402
f 2782//2402 2789//2409 2790//2410
f 2783//2403 2790//2410 2791//2411
f 2784//2404 2791//2411 2792//2412
f 2785//2405 2792//2412 2786//2406
f 2785//2405 2784//2404 2792//2412
f 2789//2409 2793//2413 2790//2410
f 2790//2410 2793//2413 2794//2414
f 2791//2411 2794//2414 2795//2415
f 2792//2412 2795//2415 2796//2416
f 2786//2406 2796//2416 2787//2407
f 2786//2406 2792//2412 2796//2416
f 2793//2413 2528//2148 2794//2414
f 2794//2414 2528//2148 2797//2417
f 2795//2415 2797//2417 2798//2418
f 2796//2416 2798//2418 2799//2419
f 2787//2407 2799//2419 2788//2408
f 2787//2407 2796//2416 2799//2419
f 2785//2405 2221//1841 2780//2400
f 2505//2125 2501//2121 2773//2393
f 2773//2393 2501//2121 2760//2380
f 2774//2394 2760//2380 2759//2379
f 2775//2395 2759//2379 2758//2378
f 2762//2382 2758//2378 2757//2377
f 2763//2383 2757//2377 2752//2372
f 2763//2383 2762//2382 2757//2377
f 2447//2067 2436//2056 2724//2344
f 2724//2344 2436//2056 2711//2331
f 2725//2345 2711//2331 2710//2330
f 2726//2346 2710//2330 2709//2329
f 2713//2333 2709//2329 2708//2328
f 2714//2334 2708//2328 2703//2323
f 2714//2334 2713//2333 2708//2328
f 2393//2013 2395//2015 2680//2300
f 2680//2300 2395//2015 2667//2287
f 2681//2301 2667//2287 2666//2286
f 2682//2302 2666//2286 2665//2285
f 2669//2289 2665//2285 2664//2284
f 2670//2290 2664//2284 2659//2279
f 2670//2290 2669//2289 2664//2284
f 2377//1997 2371//1991 2636//2256
f 2636//2256 2371//1991 2623//2243
f 2637//2257 2623//2243 2622//2242
f 2638//2258 2622//2242 2621//2241
f 2625//2245 2621//2241 2620//2240
f 2626//2246 2620//2240 2615//2235
f 2626//2246 2625//2245 2620//2240
f 2328//1948 2320//1940 2587//2207
f 2587//2207 2320//1940 2574//2194
f 2588//2208 2574//2194 2573//2193
f 2589//2209 2573//2193 2572//2192
f 2576//2196 2572//2192 2571//2191
f 2577//2197 2571//2191 2566//2186
f 2577//2197 2576//2196 2571//2191
f 2234//1854 2223//1843 2788//2408
f 2223//1843 2219//1839 2787//2407
f 2219//1839 2221//1841 2786//2406
f 2656//2276 2655//2275 2660//2280
f 2661//2281 2660//2280 2664//2284
f 2656//2276 2652//2272 2651//2271
f 2657//2277 2656//2276 2661//2281
f 2652//2272 2648//2268 2647//2267
f 2653//2273 2652//2272 2657//2277
f 2612//2232 2611//2231 2616//2236
f 2795//2415 2794//2414 2797//2417
f 2749//2369 2748//2368 2753//2373
f 2528//2148 2527//2147 2797//2417
f 2797//2417 2527//2147 2798//2418
f 2798//2418 2527//2147 2540//2160
f 2799//2419 2540//2160 2539//2159
f 2788//2408 2539//2159 2538//2158
f 2788//2408 2799//2419 2539//2159
f 2798//2418 2796//2416 2795//2415
f 2799//2419 2798//2418 2540//2160
f 2791//2411 2795//2415 2792//2412
f 2534//2154 2539//2159 2532//2152
f 2533//2153 2534//2154 2532//2152
f 2542//2162 2533//2153 2531//2151
f 2547//2167 2543//2163 2542//2162
f 2536//2156 2538//2158 2534//2154
f 2535//2155 2536//2156 2534//2154
f 2543//2163 2535//2155 2533//2153
f 2552//2172 2548//2168 2547//2167
f 2548//2168 2544//2164 2543//2163
f 2544//2164 2537//2157 2535//2155
f 2557//2177 2553//2173 2552//2172
f 2553//2173 2549//2169 2548//2168
f 2549//2169 2545//2165 2544//2164
f 2562//2182 2558//2178 2557//2177
f 2558//2178 2554//2174 2553//2173
f 2554//2174 2550//2170 2549//2169
f 2567//2187 2563//2183 2562//2182
f 2563//2183 2559//2179 2558//2178
f 2559//2179 2555//2175 2554//2174
f 2571//2191 2568//2188 2567//2187
f 2568//2188 2564//2184 2563//2183
f 2564//2184 2560//2180 2559//2179
f 2589//2209 2572//2192 2576//2196
f 2572//2192 2569//2189 2568//2188
f 2569//2189 2565//2185 2564//2184
f 2570//2190 2569//2189 2573//2193
f 2588//2208 2573//2193 2589//2209
f 2583//2203 2588//2208 2581//2201
f 2582//2202 2583//2203 2581//2201
f 2591//2211 2582//2202 2580//2200
f 2587//2207 2574//2194 2588//2208
f 2596//2216 2592//2212 2591//2211
f 2585//2205 2587//2207 2583//2203
f 2584//2204 2585//2205 2583//2203
f 2592//2212 2584//2204 2582//2202
f 2601//2221 2597//2217 2596//2216
f 2597//2217 2593//2213 2592//2212
f 2593//2213 2586//2206 2584//2204
f 2606//2226 2602//2222 2601//2221
f 2602//2222 2598//2218 2597//2217
f 2598//2218 2594//2214 2593//2213
f 2611//2231 2607//2227 2606//2226
f 2607//2227 2603//2223 2602//2222
f 2603//2223 2599//2219 2598//2218
f 2608//2228 2607//2227 2612//2232
f 2604//2224 2603//2223 2608//2228
f 2620//2240 2617//2237 2616//2236
f 2617//2237 2613//2233 2612//2232
f 2618//2238 2617//2237 2621//2241
f 2613//2233 2609//2229 2608//2228
f 2614//2234 2613//2233 2618//2238
f 2638//2258 2621//2241 2625//2245
f 2619//2239 2618//2238 2622//2242
f 2637//2257 2622//2242 2638//2258
f 2632//2252 2637//2257 2630//2250
f 2631//2251 2632//2252 2630//2250
f 2640//2260 2631//2251 2629//2249
f 2636//2256 2623//2243 2637//2257
f 2645//2265 2641//2261 2640//2260
f 2634//2254 2636//2256 2632//2252
f 2633//2253 2634//2254 2632//2252
f 2641//2261 2633//2253 2631//2251
f 2650//2270 2646//2266 2645//2265
f 2646//2266 2642//2262 2641//2261
f 2642//2262 2635//2255 2633//2253
f 2655//2275 2651//2271 2650//2270
f 2651//2271 2647//2267 2646//2266
f 2647//2267 2643//2263 2642//2262
f 2662//2282 2661//2281 2665//2285
f 2658//2278 2657//2277 2662//2282
f 2682//2302 2665//2285 2669//2289
f 2663//2283 2662//2282 2666//2286
f 2681//2301 2666//2286 2682//2302
f 2676//2296 2681//2301 2674//2294
f 2675//2295 2676//2296 2674//2294
f 2684//2304 2675//2295 2673//2293
f 2680//2300 2667//2287 2681//2301
f 2689//2309 2685//2305 2684//2304
f 2678//2298 2680//2300 2676//2296
f 2677//2297 2678//2298 2676//2296
f 2685//2305 2677//2297 2675//2295
f 2694//2314 2690//2310 2689//2309
f 2690//2310 2686//2306 2685//2305
f 2686//2306 2679//2299 2677//2297
f 2699//2319 2695//2315 2694//2314
f 2695//2315 2691//2311 2690//2310
f 2691//2311 2687//2307 2686//2306
f 2704//2324 2700//2320 2699//2319
f 2700//2320 2696//2316 2695//2315
f 2696//2316 2692//2312 2691//2311
f 2708//2328 2705//2325 2704//2324
f 2705//2325 2701//2321 2700//2320
f 2701//2321 2697//2317 2696//2316
f 2726//2346 2709//2329 2713//2333
f 2709//2329 2706//2326 2705//2325
f 2706//2326 2702//2322 2701//2321
f 2707//2327 2706//2326 2710//2330
f 2725//2345 2710//2330 2726//2346
f 2720//2340 2725//2345 2718//2338
f 2719//2339 2720//2340 2718//2338
f 2728//2348 2719//2339 2717//2337
f 2724//2344 2711//2331 2725//2345
f 2733//2353 2729//2349 2728//2348
f 2722//2342 2724//2344 2720//2340
f 2721//2341 2722//2342 2720//2340
f 2729//2349 2721//2341 2719//2339
f 2738//2358 2734//2354 2733//2353
f 2734//2354 2730//2350 2729//2349
f 2730//2350 2723//2343 2721//2341
f 2743//2363 2739//2359 2738//2358
f 2739//2359 2735//2355 2734//2354
f 2735//2355 2731//2351 2730//2350
f 2748//2368 2744//2364 2743//2363
f 2744//2364 2740//2360 2739//2359
f 2740//2360 2736//2356 2735//2355
f 2745//2365 2744//2364 2749//2369
f 2741//2361 2740//2360 2745//2365
f 2757//2377 2754//2374 2753//2373
f 2754//2374 2750//2370 2749//2369
f 2755//2375 2754//2374 2758//2378
f 2750//2370 2746//2366 2745//2365
f 2751//2371 2750//2370 2755//2375
f 2775//2395 2758//2378 2762//2382
f 2756//2376 2755//2375 2759//2379
f 2774//2394 2759//2379 2775//2395
f 2769//2389 2774//2394 2767//2387
f 2768//2388 2769//2389 2767//2387
f 2777//2397 2768//2388 2766//2386
f 2773//2393 2760//2380 2774//2394
f 2782//2402 2778//2398 2777//2397
f 2771//2391 2773//2393 2769//2389
f 2770//2390 2771//2391 2769//2389
f 2778//2398 2770//2390 2768//2388
f 2790//2410 2783//2403 2782//2402
f 2783//2403 2779//2399 2778//2398
f 2779//2399 2772//2392 2770//2390
f 2794//2414 2791//2411 2790//2410
f 2791//2411 2784//2404 2783//2403
f 2784//2404 2780//2400 2779//2399
f 2800//2420 2801//2421 2802//2422
f 2800//2420 2803//2423 2801//2421
f 2800//2420 2804//2424 2803//2423
f 2803//2423 2804//2424 2805//2425
f 2806//2426 2805//2425 2807//2427
f 2808//2428 2807//2427 2809//2429
f 2546//2166 2809//2429 2551//2171
f 2546//2166 2808//2428 2809//2429
f 2546//2166 2541//2161 2808//2428
f 2808//2428 2541//2161 2810//2430
f 2806//2426 2810//2430 2811//2431
f 2803//2423 2811//2431 2801//2421
f 2803//2423 2806//2426 2811//2431
f 2803//2423 2805//2425 2806//2426
f 2804//2424 2812//2432 2805//2425
f 2805//2425 2812//2432 2813//2433
f 2807//2427 2813//2433 2814//2434
f 2809//2429 2814//2434 2815//2435
f 2551//2171 2815//2435 2556//2176
f 2551//2171 2809//2429 2815//2435
f 2812//2432 2816//2436 2813//2433
f 2813//2433 2816//2436 2817//2437
f 2814//2434 2817//2437 2818//2438
f 2815//2435 2818//2438 2819//2439
f 2556//2176 2819//2439 2561//2181
f 2556//2176 2815//2435 2819//2439
f 2817//2437 2816//2436 2820//2440
f 2818//2438 2820//2440 2821//2441
f 2819//2439 2821//2441 2822//2442
f 2561//2181 2822//2442 2566//2186
f 2561//2181 2819//2439 2822//2442
f 2823//2443 2824//2444 2825//2445
f 2823//2443 2826//2446 2824//2444
f 2823//2443 2827//2447 2826//2446
f 2826//2446 2827//2447 2828//2448
f 2829//2449 2828//2448 2830//2450
f 2831//2451 2830//2450 2832//2452
f 2575//2195 2832//2452 2579//2199
f 2575//2195 2831//2451 2832//2452
f 2575//2195 2577//2197 2831//2451
f 2831//2451 2577//2197 2833//2453
f 2829//2449 2833//2453 2834//2454
f 2826//2446 2834//2454 2824//2444
f 2826//2446 2829//2449 2834//2454
f 2826//2446 2828//2448 2829//2449
f 2827//2447 2835//2455 2828//2448
f 2828//2448 2835//2455 2836//2456
f 2830//2450 2836//2456 2837//2457
f 2832//2452 2837//2457 2838//2458
f 2579//2199 2838//2458 2590//2210
f 2579//2199 2832//2452 2838//2458
f 2835//2455 2839//2459 2836//2456
f 2836//2456 2839//2459 2840//2460
f 2837//2457 2840//2460 2841//2461
f 2838//2458 2841//2461 2842//2462
f 2590//2210 2842//2462 2595//2215
f 2590//2210 2838//2458 2842//2462
f 2839//2459 2843//2463 2840//2460
f 2840//2460 2843//2463 2844//2464
f 2841//2461 2844//2464 2845//2465
f 2842//2462 2845//2465 2846//2466
f 2595//2215 2846//2466 2600//2220
f 2595//2215 2842//2462 2846//2466
f 2843//2463 2847//2467 2844//2464
f 2844//2464 2847//2467 2848//2468
f 2845//2465 2848//2468 2849//2469
f 2846//2466 2849//2469 2850//2470
f 2600//2220 2850//2470 2605//2225
f 2600//2220 2846//2466 2850//2470
f 2848//2468 2847//2467 2851//2471
f 2849//2469 2851//2471 2852//2472
f 2850//2470 2852//2472 2853//2473
f 2605//2225 2853//2473 2610//2230
f 2605//2225 2850//2470 2853//2473
f 2854//2474 2855//2475 2856//2476
f 2854//2474 2857//2477 2855//2475
f 2854//2474 2858//2478 2857//2477
f 2857//2477 2858//2478 2859//2479
f 2860//2480 2859//2479 2861//2481
f 2862//2482 2861//2481 2863//2483
f 2626//2246 2863//2483 2624//2244
f 2626//2246 2862//2482 2863//2483
f 2626//2246 2615//2235 2862//2482
f 2862//2482 2615//2235 2864//2484
f 2860//2480 2864//2484 2865//2485
f 2857//2477 2865//2485 2855//2475
f 2857//2477 2860//2480 2865//2485
f 2857//2477 2859//2479 2860//2480
f 2858//2478 2866//2486 2859//2479
f 2859//2479 2866//2486 2867//2487
f 2861//2481 2867//2487 2868//2488
f 2863//2483 2868//2488 2869//2489
f 2624//2244 2869//2489 2628//2248
f 2624//2244 2863//2483 2869//2489
f 2866//2486 2870//2490 2867//2487
f 2867//2487 2870//2490 2871//2491
f 2868//2488 2871//2491 2872//2492
f 2869//2489 2872//2492 2873//2493
f 2628//2248 2873//2493 2639//2259
f 2628//2248 2869//2489 2873//2493
f 2870//2490 2874//2494 2871//2491
f 2871//2491 2874//2494 2875//2495
f 2872//2492 2875//2495 2876//2496
f 2873//2493 2876//2496 2877//2497
f 2639//2259 2877//2497 2644//2264
f 2639//2259 2873//2493 2877//2497
f 2874//2494 2878//2498 2875//2495
f 2875//2495 2878//2498 2879//2499
f 2876//2496 2879//2499 2880//2500
f 2877//2497 2880//2500 2881//2501
f 2644//2264 2881//2501 2649//2269
f 2644//2264 2877//2497 2881//2501
f 2878//2498 2882//2502 2879//2499
f 2879//2499 2882//2502 2883//2503
f 2880//2500 2883//2503 2884//2504
f 2881//2501 2884//2504 2885//2505
f 2649//2269 2885//2505 2654//2274
f 2649//2269 2881//2501 2885//2505
f 2883//2503 2882//2502 2886//2506
f 2884//2504 2886//2506 2887//2507
f 2885//2505 2887//2507 2888//2508
f 2654//2274 2888//2508 2659//2279
f 2654//2274 2885//2505 2888//2508
f 2889//2509 2890//2510 2891//2511
f 2889//2509 2892//2512 2890//2510
f 2889//2509 2893//2513 2892//2512
f 2892//2512 2893//2513 2894//2514
f 2895//2515 2894//2514 2896//2516
f 2897//2517 2896//2516 2898//2518
f 2670//2290 2898//2518 2668//2288
f 2670//2290 2897//2517 2898//2518
f 2670//2290 2659//2279 2897//2517
f 2897//2517 2659//2279 2899//2519
f 2895//2515 2899//2519 2900//2520
f 2892//2512 2900//2520 2890//2510
f 2892//2512 2895//2515 2900//2520
f 2892//2512 2894//2514 2895//2515
f 2893//2513 2901//2521 2894//2514
f 2894//2514 2901//2521 2902//2522
f 2896//2516 2902//2522 2903//2523
f 2898//2518 2903//2523 2904//2524
f 2668//2288 2904//2524 2672//2292
f 2668//2288 2898//2518 2904//2524
f 2901//2521 2905//2525 2902//2522
f 2902//2522 2905//2525 2906//2526
f 2903//2523 2906//2526 2907//2527
f 2904//2524 2907//2527 2908//2528
f 2672//2292 2908//2528 2683//2303
f 2672//2292 2904//2524 2908//2528
f 2905//2525 2909//2529 2906//2526
f 2906//2526 2909//2529 2910//2530
f 2907//2527 2910//2530 2911//2531
f 2908//2528 2911//2531 2912//2532
f 2683//2303 2912//2532 2688//2308
f 2683//2303 2908//2528 2912//2532
f 2909//2529 2913//2533 2910//2530
f 2910//2530 2913//2533 2914//2534
f 2911//2531 2914//2534 2915//2535
f 2912//2532 2915//2535 2916//2536
f 2688//2308 2916//2536 2693//2313
f 2688//2308 2912//2532 2916//2536
f 2914//2534 2913//2533 2917//2537
f 2915//2535 2917//2537 2918//2538
f 2916//2536 2918//2538 2919//2539
f 2693//2313 2919//2539 2698//2318
f 2693//2313 2916//2536 2919//2539
f 2920//2540 2921//2541 2922//2542
f 2920//2540 2923//2543 2921//2541
f 2920//2540 2924//2544 2923//2543
f 2923//2543 2924//2544 2925//2545
f 2926//2546 2925//2545 2927//2547
f 2928//2548 2927//2547 2929//2549
f 2714//2334 2929//2549 2712//2332
f 2714//2334 2928//2548 2929//2549
f 2714//2334 2703//2323 2928//2548
f 2928//2548 2703//2323 2930//2550
f 2926//2546 2930//2550 2931//2551
f 2923//2543 2931//2551 2921//2541
f 2923//2543 2926//2546 2931//2551
f 2923//2543 2925//2545 2926//2546
f 2924//2544 2932//2552 2925//2545
f 2925//2545 2932//2552 2933//2553
f 2927//2547 2933//2553 2934//2554
f 2929//2549 2934//2554 2935//2555
f 2712//2332 2935//2555 2716//2336
f 2712//2332 2929//2549 2935//2555
f 2932//2552 2936//2556 2933//2553
f 2933//2553 2936//2556 2937//2557
f 2934//2554 2937//2557 2938//2558
f 2935//2555 2938//2558 2939//2559
f 2716//2336 2939//2559 2727//2347
f 2716//2336 2935//2555 2939//2559
f 2936//2556 2940//2560 2937//2557
f 2937//2557 2940//2560 2941//2561
f 2938//2558 2941//2561 2942//2562
f 2939//2559 2942//2562 2943//2563
f 2727//2347 2943//2563 2732//2352
f 2727//2347 2939//2559 2943//2563
f 2940//2560 2944//2564 2941//2561
f 2941//2561 2944//2564 2945//2565
f 2942//2562 2945//2565 2946//2566
f 2943//2563 2946//2566 2947//2567
f 2732//2352 2947//2567 2737//2357
f 2732//2352 2943//2563 2947//2567
f 2944//2564 2948//2568 2945//2565
f 2945//2565 2948//2568 2949//2569
f 2946//2566 2949//2569 2950//2570
f 2947//2567 2950//2570 2951//2571
f 2737//2357 2951//2571 2742//2362
f 2737//2357 2947//2567 2951//2571
f 2949//2569 2948//2568 2952//2572
f 2950//2570 2952//2572 2953//2573
f 2951//2571 2953//2573 2954//2574
f 2742//2362 2954//2574 2747//2367
f 2742//2362 2951//2571 2954//2574
f 2955//2575 2956//2576 2957//2577
f 2955//2575 2958//2578 2956//2576
f 2955//2575 2959//2579 2958//2578
f 2958//2578 2959//2579 2960//2580
f 2961//2581 2960//2580 2962//2582
f 2963//2583 2962//2582 2964//2584
f 2763//2383 2964//2584 2761//2381
f 2763//2383 2963//2583 2964//2584
f 2763//2383 2752//2372 2963//2583
f 2963//2583 2752//2372 2965//2585
f 2961//2581 2965//2585 2966//2586
f 2958//2578 2966//2586 2956//2576
f 2958//2578 2961//2581 2966//2586
f 2958//2578 2960//2580 2961//2581
f 2959//2579 2967//2587 2960//2580
f 2960//2580 2967//2587 2968//2588
f 2962//2582 2968//2588 2969//2589
f 2964//2584 2969//2589 2970//2590
f 2761//2381 2970//2590 2765//2385
f 2761//2381 2964//2584 2970//2590
f 2967//2587 2971//2591 2968//2588
f 2968//2588 2971//2591 2972//2592
f 2969//2589 2972//2592 2973//2593
f 2970//2590 2973//2593 2974//2594
f 2765//2385 2974//2594 2776//2396
f 2765//2385 2970//2590 2974//2594
f 2971//2591 2975//2595 2972//2592
f 2972//2592 2975//2595 2976//2596
f 2973//2593 2976//2596 2977//2597
f 2974//2594 2977//2597 2978//2598
f 2776//2396 2978//2598 2781//2401
f 2776//2396 2974//2594 2978//2598
f 2975//2595 2979//2599 2976//2596
f 2976//2596 2979//2599 2980//2600
f 2977//2597 2980//2600 2981//2601
f 2978//2598 2981//2601 2982//2602
f 2781//2401 2982//2602 2789//2409
f 2781//2401 2978//2598 2982//2602
f 2980//2600 2979//2599 2983//2603
f 2981//2601 2983//2603 2984//2604
f 2982//2602 2984//2604 2985//2605
f 2789//2409 2985//2605 2793//2413
f 2789//2409 2982//2602 2985//2605
f 2986//2606 2987//2607 2988//2608
f 2986//2606 2989//2609 2987//2607
f 2986//2606 2990//2610 2989//2609
f 2989//2609 2990//2610 2991//2611
f 2992//2612 2991//2611 2993//2613
f 2994//2614 2993//2613 2995//2615
f 2526//2146 2995//2615 2530//2150
f 2526//2146 2994//2614 2995//2615
f 2526//2146 2528//2148 2994//2614
f 2994//2614 2528//2148 2996//2616
f 2992//2612 2996//2616 2997//2617
f 2989//2609 2997//2617 2987//2607
f 2989//2609 2992//2612 2997//2617
f 2989//2609 2991//2611 2992//2612
f 2990//2610 2802//2422 2991//2611
f 2991//2611 2802//2422 2801//2421
f 2993//2613 2801//2421 2811//2431
f 2995//2615 2811//2431 2810//2430
f 2530//2150 2810//2430 2541//2161
f 2530//2150 2995//2615 2810//2430
f 2528//2148 2793//2413 2996//2616
f 2996//2616 2793//2413 2985//2605
f 2997//2617 2985//2605 2984//2604
f 2987//2607 2984//2604 2983//2603
f 2988//2608 2983//2603 2979//2599
f 2988//2608 2987//2607 2983//2603
f 2752//2372 2747//2367 2965//2585
f 2965//2585 2747//2367 2954//2574
f 2966//2586 2954//2574 2953//2573
f 2956//2576 2953//2573 2952//2572
f 2957//2577 2952//2572 2948//2568
f 2957//2577 2956//2576 2952//2572
f 2703//2323 2698//2318 2930//2550
f 2930//2550 2698//2318 2919//2539
f 2931//2551 2919//2539 2918//2538
f 2921//2541 2918//2538 2917//2537
f 2922//2542 2917//2537 2913//2533
f 2922//2542 2921//2541 2917//2537
f 2899//2519 2659//2279 2888//2508
f 2900//2520 2888//2508 2887//2507
f 2890//2510 2887//2507 2886//2506
f 2891//2511 2886//2506 2882//2502
f 2891//2511 2890//2510 2886//2506
f 2615//2235 2610//2230 2864//2484
f 2864//2484 2610//2230 2853//2473
f 2865//2485 2853//2473 2852//2472
f 2855//2475 2852//2472 2851//2471
f 2856//2476 2851//2471 2847//2467
f 2856//2476 2855//2475 2851//2471
f 2577//2197 2566//2186 2833//2453
f 2833//2453 2566//2186 2822//2442
f 2834//2454 2822//2442 2821//2441
f 2824//2444 2821//2441 2820//2440
f 2825//2445 2820//2440 2816//2436
f 2825//2445 2824//2444 2820//2440
f 2888//2508 2900//2520 2899//2519
f 2902//2522 2896//2516 2894//2514
f 2896//2516 2897//2517 2895//2515
f 2895//2515 2897//2517 2899//2519
f 2880//2500 2879//2499 2883//2503
f 2814//2434 2813//2433 2817//2437
f 2946//2566 2945//2565 2949//2569
f 2801//2421 2993//2613 2991//2611
f 2996//2616 2992//2612 2994//2614
f 2994//2614 2992//2612 2993//2613
f 2995//2615 2993//2613 2811//2431
f 2985//2605 2997//2617 2996//2616
f 2808//2428 2810//2430 2806//2426
f 2807//2427 2808//2428 2806//2426
f 2813//2433 2807//2427 2805//2425
f 2809//2429 2807//2427 2814//2434
f 2820//2440 2818//2438 2817//2437
f 2818//2438 2815//2435 2814//2434
f 2819//2439 2818//2438 2821//2441
f 2834//2454 2821//2441 2824//2444
f 2833//2453 2822//2442 2834//2454
f 2831//2451 2833//2453 2829//2449
f 2830//2450 2831//2451 2829//2449
f 2836//2456 2830//2450 2828//2448
f 2840//2460 2837//2457 2836//2456
f 2837//2457 2832//2452 2830//2450
f 2844//2464 2841//2461 2840//2460
f 2841//2461 2838//2458 2837//2457
f 2848//2468 2845//2465 2844//2464
f 2845//2465 2842//2462 2841//2461
f 2851//2471 2849//2469 2848//2468
f 2849//2469 2846//2466 2845//2465
f 2865//2485 2852//2472 2855//2475
f 2852//2472 2850//2470 2849//2469
f 2864//2484 2853//2473 2865//2485
f 2862//2482 2864//2484 2860//2480
f 2861//2481 2862//2482 2860//2480
f 2867//2487 2861//2481 2859//2479
f 2871//2491 2868//2488 2867//2487
f 2868//2488 2863//2483 2861//2481
f 2875//2495 2872//2492 2871//2491
f 2872//2492 2869//2489 2868//2488
f 2879//2499 2876//2496 2875//2495
f 2876//2496 2873//2493 2872//2492
f 2877//2497 2876//2496 2880//2500
f 2886//2506 2884//2504 2883//2503
f 2884//2504 2881//2501 2880//2500
f 2885//2505 2884//2504 2887//2507
f 2900//2520 2887//2507 2890//2510
f 2906//2526 2903//2523 2902//2522
f 2903//2523 2898//2518 2896//2516
f 2910//2530 2907//2527 2906//2526
f 2907//2527 2904//2524 2903//2523
f 2914//2534 2911//2531 2910//2530
f 2911//2531 2908//2528 2907//2527
f 2917//2537 2915//2535 2914//2534
f 2915//2535 2912//2532 2911//2531
f 2931//2551 2918//2538 2921//2541
f 2918//2538 2916//2536 2915//2535
f 2930//2550 2919//2539 2931//2551
f 2928//2548 2930//2550 2926//2546
f 2927//2547 2928//2548 2926//2546
f 2933//2553 2927//2547 2925//2545
f 2937//2557 2934//2554 2933//2553
f 2934//2554 2929//2549 2927//2547
f 2941//2561 2938//2558 2937//2557
f 2938//2558 2935//2555 2934//2554
f 2945//2565 2942//2562 2941//2561
f 2942//2562 2939//2559 2938//2558
f 2943//2563 2942//2562 2946//2566
f 2952//2572 2950//2570 2949//2569
f 2950//2570 2947//2567 2946//2566
f 2951//2571 2950//2570 2953//2573
f 2966//2586 2953//2573 2956//2576
f 2965//2585 2954//2574 2966//2586
f 2963//2583 2965//2585 2961//2581
f 2962//2582 2963//2583 2961//2581
f 2968//2588 2962//2582 2960//2580
f 2972//2592 2969//2589 2968//2588
f 2969//2589 2964//2584 2962//2582
f 2976//2596 2973//2593 2972//2592
f 2973//2593 2970//2590 2969//2589
f 2980//2600 2977//2597 2976//2596
f 2977//2597 2974//2594 2973//2593
f 2983//2603 2981//2601 2980//2600
f 2981//2601 2978//2598 2977//2597
f 2997//2617 2984//2604 2987//2607
f 2984//2604 2982//2602 2981//2601
f 2990//2610 2901//2521 2802//2422
f 2990//2610 2905//2525 2901//2521
f 2990//2610 2986//2606 2905//2525
f 2905//2525 2986//2606 2909//2529
f 2909//2529 2986//2606 2988//2608
f 2913//2533 2988//2608 2979//2599
f 2922//2542 2979//2599 2975//2595
f 2920//2540 2975//2595 2971//2591
f 2924//2544 2971//2591 2967//2587
f 2932//2552 2967//2587 2959//2579
f 2936//2556 2959//2579 2955//2575
f 2940//2560 2955//2575 2957//2577
f 2944//2564 2957//2577 2948//2568
f 2944//2564 2940//2560 2957//2577
f 2909//2529 2988//2608 2913//2533
f 2913//2533 2979//2599 2922//2542
f 2922//2542 2975//2595 2920//2540
f 2920//2540 2971//2591 2924//2544
f 2924//2544 2967//2587 2932//2552
f 2932//2552 2959//2579 2936//2556
f 2936//2556 2955//2575 2940//2560
f 2901//2521 2893//2513 2802//2422
f 2802//2422 2893//2513 2800//2420
f 2800//2420 2893//2513 2889//2509
f 2804//2424 2889//2509 2891//2511
f 2812//2432 2891//2511 2882//2502
f 2816//2436 2882//2502 2878//2498
f 2825//2445 2878//2498 2874//2494
f 2823//2443 2874//2494 2870//2490
f 2827//2447 2870//2490 2866//2486
f 2835//2455 2866//2486 2858//2478
f 2839//2459 2858//2478 2854//2474
f 2843//2463 2854//2474 2856//2476
f 2847//2467 2843//2463 2856//2476
f 2800//2420 2889//2509 2804//2424
f 2804//2424 2891//2511 2812//2432
f 2812//2432 2882//2502 2816//2436
f 2816//2436 2878//2498 2825//2445
f 2825//2445 2874//2494 2823//2443
f 2823//2443 2870//2490 2827//2447
f 2827//2447 2866//2486 2835//2455
f 2835//2455 2858//2478 2839//2459
f 2839//2459 2854//2474 2843//2463
f 2998//2618 2999//2619 3000//2620
f 2998//2618 3001//2621 2999//2619
f 2998//2618 3002//2622 3001//2621
f 3001//2621 3002//2622 3003//2623
f 3003//2623 3002//2622 3004//2624
f 3005//2625 3004//2624 3006//2626
f 3007//2627 3006//2626 3008//2628
f 3009//2629 3008//2628 3010//2630
f 3011//2631 3010//2630 3012//2632
f 3013//2633 3012//2632 3014//2634
f 3015//2635 3014//2634 3016//2636
f 3017//2637 3016//2636 3018//2638
f 3019//2639 3018//2638 3020//2640
f 3021//2641 3020//2640 3022//2642
f 3023//2643 3022//2642 3024//2644
f 3025//2645 3024//2644 3026//2646
f 3027//2647 3026//2646 3028//2648
f 3029//2649 3028//2648 3030//2650
f 3031//2651 3030//2650 3032//2652
f 3033//2653 3032//2652 3034//2654
f 3035//2655 3034//2654 3036//2656
f 3037//2657 3036//2656 3038//2658
f 3039//2659 3038//2658 3040//2660
f 3041//2661 3040//2660 3042//2662
f 3043//2663 3042//2662 3044//2664
f 3045//2665 3044//2664 3046//2666
f 3047//2667 3046//2666 3048//2668
f 3049//2669 3048//2668 3050//2670
f 3051//2671 3050//2670 3052//2672
f 3053//2673 3052//2672 3054//2674
f 3055//2675 3054//2674 3056//2676
f 3057//2677 3056//2676 3058//2678
f 3059//2679 3058//2678 3060//2680
f 3061//2681 3060//2680 3062//2682
f 3063//2683 3062//2682 3064//2684
f 3065//2685 3064//2684 3066//2686
f 3067//2687 3066//2686 3068//2688
f 3069//2689 3068//2688 3070//2690
f 3071//2691 3070//2690 3072//2692
f 3073//2693 3072//2692 3074//2694
f 3075//2695 3074//2694 3076//2696
f 3077//2697 3076//2696 3078//2698
f 3079//2699 3078//2698 3080//2700
f 3081//2701 3080//2700 3082//2702
f 3083//2703 3082//2702 3084//2704
f 3085//2705 3084//2704 3086//2706
f 3087//2707 3086//2706 3088//2708
f 3089//2709 3088//2708 3090//2710
f 3091//2711 3090//2710 3092//2712
f 3093//2713 3092//2712 3094//2714
f 3095//2715 3094//2714 3096//2716
f 3097//2717 3096//2716 3098//2718
f 3099//2719 3098//2718 3100//2720
f 3101//2721 3100//2720 3102//2722
f 3103//2723 3102//2722 3104//2724
f 3105//2725 3104//2724 3106//2726
f 3107//2727 3106//2726 3108//2728
f 3109//2729 3108//2728 3110//2730
f 3111//2731 3110//2730 3112//2732
f 3113//2733 3112//2732 3114//2734
f 3115//2735 3114//2734 3116//2736
f 3117//2737 3116//2736 3000//2620
f 2999//2619 3117//2737 3000//2620
f 3003//2623 3004//2624 3005//2625
f 3005//2625 3006//2626 3007//2627
f 3007//2627 3008//2628 3009//2629
f 3009//2629 3010//2630 3011//2631
f 3011//2631 3012//2632 3013//2633
f 3013//2633 3014//2634 3015//2635
f 3015//2635 3016//2636 3017//2637
f 3017//2637 3018//2638 3019//2639
f 3019//2639 3020//2640 3021//2641
f 3021//2641 3022//2642 3023//2643
f 3023//2643 3024//2644 3025//2645
f 3025//2645 3026//2646 3027//2647
f 3027//2647 3028//2648 3029//2649
f 3029//2649 3030//2650 3031//2651
f 3031//2651 3032//2652 3033//2653
f 3033//2653 3034//2654 3035//2655
f 3035//2655 3036//2656 3037//2657
f 3037//2657 3038//2658 3039//2659
f 3039//2659 3040//2660 3041//2661
f 3041//2661 3042//2662 3043//2663
f 3043//2663 3044//2664 3045//2665
f 3045//2665 3046//2666 3047//2667
f 3047//2667 3048//2668 3049//2669
f 3049//2669 3050//2670 3051//2671
f 3051//2671 3052//2672 3053//2673
f 3053//2673 3054//2674 3055//2675
f 3055//2675 3056//2676 3057//2677
f 3057//2677 3058//2678 3059//2679
f 3059//2679 3060//2680 3061//2681
f 3061//2681 3062//2682 3063//2683
f 3063//2683 3064//2684 3065//2685
f 3065//2685 3066//2686 3067//2687
f 3067//2687 3068//2688 3069//2689
f 3069//2689 3070//2690 3071//2691
f 3071//2691 3072//2692 3073//2693
f 3073//2693 3074//2694 3075//2695
f 3075//2695 3076//2696 3077//2697
f 3077//2697 3078//2698 3079//2699
f 3079//2699 3080//2700 3081//2701
f 3081//2701 3082//2702 3083//2703
f 3083//2703 3084//2704 3085//2705
f 3085//2705 3086//2706 3087//2707
f 3087//2707 3088//2708 3089//2709
f 3089//2709 3090//2710 3091//2711
f 3091//2711 3092//2712 3093//2713
f 3093//2713 3094//2714 3095//2715
f 3095//2715 3096//2716 3097//2717
f 3097//2717 3098//2718 3099//2719
f 3099//2719 3100//2720 3101//2721
f 3101//2721 3102//2722 3103//2723
f 3103//2723 3104//2724 3105//2725
f 3105//2725 3106//2726 3107//2727
f 3107//2727 3108//2728 3109//2729
f 3109//2729 3110//2730 3111//2731
f 3111//2731 3112//2732 3113//2733
f 3113//2733 3114//2734 3115//2735
f 3115//2735 3116//2736 3117//2737
f 3118//2738 3119//2739 3120//2740
f 3118//2738 3121//2741 3119//2739
f 3118//2738 3122//2742 3121//2741
f 3121//2741 3122//2742 3123//2743
f 3124//2744 3123//2743 3125//2745
f 3126//2746 3125//2745 3127//2747
f 3128//2748 3127//2747 3129//2749
f 3008//2628 3129//2749 3010//2630
f 3008//2628 3128//2748 3129//2749
f 3008//2628 3006//2626 3128//2748
f 3128//2748 3006//2626 3130//2750
f 3126//2746 3130//2750 3131//2751
f 3124//2744 3131//2751 3132//2752
f 3121//2741 3132//2752 3119//2739
f 3121//2741 3124//2744 3132//2752
f 3121//2741 3123//2743 3124//2744
f 3122//2742 3133//2753 3123//2743
f 3123//2743 3133//2753 3134//2754
f 3125//2745 3134//2754 3135//2755
f 3127//2747 3135//2755 3136//2756
f 3129//2749 3136//2756 3137//2757
f 3010//2630 3137//2757 3012//2632
f 3010//2630 3129//2749 3137//2757
f 3134//2754 3133//2753 3138//2758
f 3135//2755 3138//2758 3139//2759
f 3136//2756 3139//2759 3140//2760
f 3137//2757 3140//2760 3141//2761
f 3012//2632 3141//2761 3014//2634
f 3012//2632 3137//2757 3141//2761
f 3142//2762 3143//2763 3144//2764
f 3142//2762 3145//2765 3143//2763
f 3142//2762 3146//2766 3145//2765
f 3145//2765 3146//2766 3147//2767
f 3148//2768 3147//2767 3149//2769
f 3150//2770 3149//2769 3151//2771
f 3152//2772 3151//2771 3153//2773
f 3018//2638 3153//2773 3154//2774
f 3020//2640 3154//2774 3155//2775
f 3022//2642 3155//2775 3156//2776
f 3024//2644 3156//2776 3157//2777
f 3026//2646 3157//2777 3158//2778
f 3028//2648 3158//2778 3159//2779
f 3030//2650 3159//2779 3160//2780
f 3032//2652 3160//2780 3161//2781
f 3034//2654 3161//2781 3162//2782
f 3036//2656 3162//2782 3163//2783
f 3038//2658 3163//2783 3164//2784
f 3040//2660 3164//2784 3165//2785
f 3042//2662 3165//2785 3166//2786
f 3044//2664 3166//2786 3167//2787
f 3046//2666 3167//2787 3168//2788
f 3048//2668 3168//2788 3169//2789
f 3050//2670 3169//2789 3170//2790
f 3052//2672 3170//2790 3171//2791
f 3054//2674 3171//2791 3172//2792
f 3056//2676 3172//2792 3173//2793
f 3058//2678 3173//2793 3174//2794
f 3175//2795 3174//2794 3176//2796
f 3177//2797 3176//2796 3178//2798
f 3179//2799 3178//2798 3180//2800
f 3181//2801 3180//2800 3182//2802
f 3183//2803 3181//2801 3182//2802
f 3183//2803 3184//2804 3181//2801
f 3183//2803 3185//2805 3184//2804
f 3184//2804 3185//2805 3186//2806
f 3187//2807 3186//2806 3188//2808
f 3189//2809 3188//2808 3190//2810
f 3191//2811 3190//2810 3192//2812
f 3068//2688 3192//2812 3070//2690
f 3068//2688 3191//2811 3192//2812
f 3068//2688 3066//2686 3191//2811
f 3191//2811 3066//2686 3193//2813
f 3189//2809 3193//2813 3194//2814
f 3187//2807 3194//2814 3195//2815
f 3184//2804 3195//2815 3181//2801
f 3184//2804 3187//2807 3195//2815
f 3184//2804 3186//2806 3187//2807
f 3146//2766 3196//2816 3147//2767
f 3147//2767 3196//2816 3197//2817
f 3149//2769 3197//2817 3198//2818
f 3151//2771 3198//2818 3199//2819
f 3153//2773 3199//2819 3154//2774
f 3153//2773 3151//2771 3199//2819
f 3196//2816 3200//2820 3197//2817
f 3197//2817 3200//2820 3201//2821
f 3198//2818 3201//2821 3202//2822
f 3199//2819 3202//2822 3203//2823
f 3154//2774 3203//2823 3155//2775
f 3154//2774 3199//2819 3203//2823
f 3200//2820 3204//2824 3201//2821
f 3201//2821 3204//2824 3205//2825
f 3202//2822 3205//2825 3206//2826
f 3203//2823 3206//2826 3207//2827
f 3155//2775 3207//2827 3156//2776
f 3155//2775 3203//2823 3207//2827
f 3204//2824 3208//2828 3205//2825
f 3205//2825 3208//2828 3209//2829
f 3206//2826 3209//2829 3210//2830
f 3207//2827 3210//2830 3211//2831
f 3156//2776 3211//2831 3157//2777
f 3156//2776 3207//2827 3211//2831
f 3209//2829 3208//2828 3212//2832
f 3210//2830 3212//2832 3213//2833
f 3211//2831 3213//2833 3214//2834
f 3157//2777 3214//2834 3158//2778
f 3157//2777 3211//2831 3214//2834
f 3215//2835 3216//2836 3217//2837
f 3215//2835 3218//2838 3216//2836
f 3215//2835 3219//2839 3218//2838
f 3218//2838 3219//2839 3220//2840
f 3221//2841 3220//2840 3222//2842
f 3223//2843 3222//2842 3224//2844
f 3160//2780 3224//2844 3161//2781
f 3160//2780 3223//2843 3224//2844
f 3160//2780 3159//2779 3223//2843
f 3223//2843 3159//2779 3225//2845
f 3221//2841 3225//2845 3226//2846
f 3218//2838 3226//2846 3216//2836
f 3218//2838 3221//2841 3226//2846
f 3218//2838 3220//2840 3221//2841
f 3219//2839 3227//2847 3220//2840
f 3220//2840 3227//2847 3228//2848
f 3222//2842 3228//2848 3229//2849
f 3224//2844 3229//2849 3230//2850
f 3161//2781 3230//2850 3162//2782
f 3161//2781 3224//2844 3230//2850
f 3227//2847 3231//2851 3228//2848
f 3228//2848 3231//2851 3232//2852
f 3229//2849 3232//2852 3233//2853
f 3230//2850 3233//2853 3234//2854
f 3162//2782 3234//2854 3163//2783
f 3162//2782 3230//2850 3234//2854
f 3231//2851 3235//2855 3232//2852
f 3232//2852 3235//2855 3236//2856
f 3233//2853 3236//2856 3237//2857
f 3234//2854 3237//2857 3238//2858
f 3163//2783 3238//2858 3164//2784
f 3163//2783 3234//2854 3238//2858
f 3235//2855 3239//2859 3236//2856
f 3236//2856 3239//2859 3240//2860
f 3237//2857 3240//2860 3241//2861
f 3238//2858 3241//2861 3242//2862
f 3164//2784 3242//2862 3165//2785
f 3164//2784 3238//2858 3242//2862
f 3240//2860 3239//2859 3243//2863
f 3241//2861 3243//2863 3244//2864
f 3242//2862 3244//2864 3245//2865
f 3165//2785 3245//2865 3166//2786
f 3165//2785 3242//2862 3245//2865
f 3246//2866 3247//2867 3248//2868
f 3246//2866 3249//2869 3247//2867
f 3246//2866 3250//2870 3249//2869
f 3249//2869 3250//2870 3251//2871
f 3252//2872 3251//2871 3253//2873
f 3254//2874 3253//2873 3255//2875
f 3168//2788 3255//2875 3169//2789
f 3168//2788 3254//2874 3255//2875
f 3168//2788 3167//2787 3254//2874
f 3254//2874 3167//2787 3256//2876
f 3252//2872 3256//2876 3257//2877
f 3249//2869 3257//2877 3247//2867
f 3249//2869 3252//2872 3257//2877
f 3249//2869 3251//2871 3252//2872
f 3250//2870 3258//2878 3251//2871
f 3251//2871 3258//2878 3259//2879
f 3253//2873 3259//2879 3260//2880
f 3255//2875 3260//2880 3261//2881
f 3169//2789 3261//2881 3262//2882
f 3170//2790 3262//2882 3263//2883
f 3171//2791 3263//2883 3172//2792
f 3171//2791 3170//2790 3263//2883
f 3258//2878 3264//2884 3259//2879
f 3259//2879 3264//2884 3265//2885
f 3260//2880 3265//2885 3266//2886
f 3261//2881 3266//2886 3267//2887
f 3262//2882 3267//2887 3268//2888
f 3263//2883 3268//2888 3269//2889
f 3172//2792 3269//2889 3173//2793
f 3172//2792 3263//2883 3269//2889
f 3264//2884 3270//2890 3265//2885
f 3265//2885 3270//2890 3271//2891
f 3266//2886 3271//2891 3272//2892
f 3267//2887 3272//2892 3273//2893
f 3268//2888 3273//2893 3274//2894
f 3269//2889 3274//2894 3275//2895
f 3173//2793 3275//2895 3174//2794
f 3173//2793 3269//2889 3275//2895
f 3270//2890 3276//2896 3271//2891
f 3271//2891 3276//2896 3272//2892
f 3272//2892 3276//2896 3273//2893
f 3273//2893 3276//2896 3277//2897
f 3278//2898 3277//2897 3279//2899
f 3280//2900 3279//2899 3281//2901
f 3180//2800 3281//2901 3182//2802
f 3180//2800 3280//2900 3281//2901
f 3180//2800 3178//2798 3280//2900
f 3280//2900 3178//2798 3282//2902
f 3278//2898 3282//2902 3274//2894
f 3273//2893 3278//2898 3274//2894
f 3273//2893 3277//2897 3278//2898
f 3278//2898 3279//2899 3280//2900
f 3282//2902 3278//2898 3280//2900
f 3185//2805 3283//2903 3186//2806
f 3186//2806 3283//2903 3284//2904
f 3188//2808 3284//2904 3285//2905
f 3190//2810 3285//2905 3286//2906
f 3192//2812 3286//2906 3287//2907
f 3070//2690 3287//2907 3072//2692
f 3070//2690 3192//2812 3287//2907
f 3284//2904 3283//2903 3288//2908
f 3285//2905 3288//2908 3289//2909
f 3286//2906 3289//2909 3290//2910
f 3287//2907 3290//2910 3291//2911
f 3072//2692 3291//2911 3074//2694
f 3072//2692 3287//2907 3291//2911
f 3292//2912 3293//2913 3294//2914
f 3292//2912 3295//2915 3293//2913
f 3292//2912 3296//2916 3295//2915
f 3295//2915 3296//2916 3297//2917
f 3298//2918 3297//2917 3299//2919
f 3300//2920 3299//2919 3301//2921
f 3302//2922 3301//2921 3303//2923
f 3078//2698 3303//2923 3080//2700
f 3078//2698 3302//2922 3303//2923
f 3078//2698 3076//2696 3302//2922
f 3302//2922 3076//2696 3304//2924
f 3300//2920 3304//2924 3305//2925
f 3298//2918 3305//2925 3306//2926
f 3295//2915 3306//2926 3293//2913
f 3295//2915 3298//2918 3306//2926
f 3295//2915 3297//2917 3298//2918
f 3296//2916 3307//2927 3297//2917
f 3297//2917 3307//2927 3308//2928
f 3299//2919 3308//2928 3309//2929
f 3301//2921 3309//2929 3310//2930
f 3303//2923 3310//2930 3311//2931
f 3080//2700 3311//2931 3082//2702
f 3080//2700 3303//2923 3311//2931
f 3307//2927 3312//2932 3308//2928
f 3308//2928 3312//2932 3313//2933
f 3309//2929 3313//2933 3314//2934
f 3310//2930 3314//2934 3315//2935
f 3311//2931 3315//2935 3316//2936
f 3082//2702 3316//2936 3084//2704
f 3082//2702 3311//2931 3316//2936
f 3312//2932 3317//2937 3313//2933
f 3313//2933 3317//2937 3318//2938
f 3314//2934 3318//2938 3319//2939
f 3315//2935 3319//2939 3320//2940
f 3316//2936 3320//2940 3321//2941
f 3084//2704 3321//2941 3086//2706
f 3084//2704 3316//2936 3321//2941
f 3317//2937 3322//2942 3318//2938
f 3318//2938 3322//2942 3323//2943
f 3319//2939 3323//2943 3324//2944
f 3320//2940 3324//2944 3325//2945
f 3321//2941 3325//2945 3326//2946
f 3086//2706 3326//2946 3088//2708
f 3086//2706 3321//2941 3326//2946
f 3323//2943 3322//2942 3327//2947
f 3324//2944 3327//2947 3328//2948
f 3325//2945 3328//2948 3329//2949
f 3326//2946 3329//2949 3330//2950
f 3088//2708 3330//2950 3090//2710
f 3088//2708 3326//2946 3330//2950
f 3331//2951 3332//2952 3333//2953
f 3331//2951 3334//2954 3332//2952
f 3331//2951 3335//2955 3334//2954
f 3334//2954 3335//2955 3336//2956
f 3337//2957 3336//2956 3338//2958
f 3339//2959 3338//2958 3340//2960
f 3341//2961 3340//2960 3342//2962
f 3094//2714 3342//2962 3096//2716
f 3094//2714 3341//2961 3342//2962
f 3094//2714 3092//2712 3341//2961
f 3341//2961 3092//2712 3343//2963
f 3339//2959 3343//2963 3344//2964
f 3337//2957 3344//2964 3345//2965
f 3334//2954 3345//2965 3332//2952
f 3334//2954 3337//2957 3345//2965
f 3334//2954 3336//2956 3337//2957
f 3335//2955 3346//2966 3336//2956
f 3336//2956 3346//2966 3347//2967
f 3338//2958 3347//2967 3348//2968
f 3340//2960 3348//2968 3349//2969
f 3342//2962 3349//2969 3350//2970
f 3096//2716 3350//2970 3098//2718
f 3096//2716 3342//2962 3350//2970
f 3346//2966 3351//2971 3347//2967
f 3347//2967 3351//2971 3352//2972
f 3348//2968 3352//2972 3353//2973
f 3349//2969 3353//2973 3354//2974
f 3350//2970 3354//2974 3355//2975
f 3098//2718 3355//2975 3356//2976
f 3100//2720 3356//2976 3357//2977
f 3102//2722 3357//2977 3358//2978
f 3104//2724 3358//2978 3359//2979
f 3106//2726 3359//2979 3360//2980
f 3108//2728 3360//2980 3361//2981
f 3110//2730 3361//2981 3362//2982
f 3112//2732 3362//2982 3363//2983
f 3114//2734 3363//2983 3364//2984
f 3116//2736 3364//2984 3365//2985
f 3000//2620 3365//2985 3366//2986
f 2998//2618 3366//2986 3367//2987
f 3002//2622 3367//2987 3368//2988
f 3004//2624 3368//2988 3130//2750
f 3006//2626 3004//2624 3130//2750
f 3351//2971 3369//2989 3352//2972
f 3352//2972 3369//2989 3370//2990
f 3353//2973 3370//2990 3371//2991
f 3354//2974 3371//2991 3372//2992
f 3355//2975 3372//2992 3356//2976
f 3355//2975 3354//2974 3372//2992
f 3369//2989 3373//2993 3370//2990
f 3370//2990 3373//2993 3374//2994
f 3371//2991 3374//2994 3375//2995
f 3372//2992 3375//2995 3376//2996
f 3356//2976 3376//2996 3357//2977
f 3356//2976 3372//2992 3376//2996
f 3374//2994 3373//2993 3377//2997
f 3375//2995 3377//2997 3378//2998
f 3376//2996 3378//2998 3379//2999
f 3357//2977 3379//2999 3358//2978
f 3357//2977 3376//2996 3379//2999
f 3380//3000 3381//3001 3382//3002
f 3380//3000 3383//3003 3381//3001
f 3380//3000 3384//3004 3383//3003
f 3383//3003 3384//3004 3385//3005
f 3386//3006 3385//3005 3387//3007
f 3388//3008 3387//3007 3389//3009
f 3360//2980 3389//3009 3361//2981
f 3360//2980 3388//3008 3389//3009
f 3360//2980 3359//2979 3388//3008
f 3388//3008 3359//2979 3390//3010
f 3386//3006 3390//3010 3391//3011
f 3383//3003 3391//3011 3381//3001
f 3383//3003 3386//3006 3391//3011
f 3383//3003 3385//3005 3386//3006
f 3384//3004 3392//3012 3385//3005
f 3385//3005 3392//3012 3393//3013
f 3387//3007 3393//3013 3394//3014
f 3389//3009 3394//3014 3395//3015
f 3361//2981 3395//3015 3362//2982
f 3361//2981 3389//3009 3395//3015
f 3392//3012 3396//3016 3393//3013
f 3393//3013 3396//3016 3397//3017
f 3394//3014 3397//3017 3398//3018
f 3395//3015 3398//3018 3399//3019
f 3362//2982 3399//3019 3363//2983
f 3362//2982 3395//3015 3399//3019
f 3396//3016 3400//3020 3397//3017
f 3397//3017 3400//3020 3401//3021
f 3398//3018 3401//3021 3402//3022
f 3399//3019 3402//3022 3403//3023
f 3363//2983 3403//3023 3364//2984
f 3363//2983 3399//3019 3403//3023
f 3400//3020 3404//3024 3401//3021
f 3401//3021 3404//3024 3405//3025
f 3402//3022 3405//3025 3406//3026
f 3403//3023 3406//3026 3407//3027
f 3364//2984 3407//3027 3365//2985
f 3364//2984 3403//3023 3407//3027
f 3405//3025 3404//3024 3408//3028
f 3406//3026 3408//3028 3409//3029
f 3407//3027 3409//3029 3410//3030
f 3365//2985 3410//3030 3366//2986
f 3365//2985 3407//3027 3410//3030
f 3411//3031 3412//3032 3413//3033
f 3411//3031 3414//3034 3412//3032
f 3411//3031 3120//2740 3414//3034
f 3414//3034 3120//2740 3119//2739
f 3415//3035 3119//2739 3132//2752
f 3416//3036 3132//2752 3131//2751
f 3368//2988 3131//2751 3130//2750
f 3368//2988 3416//3036 3131//2751
f 3368//2988 3367//2987 3416//3036
f 3416//3036 3367//2987 3417//3037
f 3415//3035 3417//3037 3418//3038
f 3414//3034 3418//3038 3412//3032
f 3414//3034 3415//3035 3418//3038
f 3414//3034 3119//2739 3415//3035
f 3000//2620 3116//2736 3365//2985
f 3116//2736 3114//2734 3364//2984
f 3114//2734 3112//2732 3363//2983
f 3112//2732 3110//2730 3362//2982
f 3110//2730 3108//2728 3361//2981
f 3108//2728 3106//2726 3360//2980
f 3106//2726 3104//2724 3359//2979
f 3104//2724 3102//2722 3358//2978
f 3102//2722 3100//2720 3357//2977
f 3100//2720 3098//2718 3356//2976
f 3355//2975 3098//2718 3350//2970
f 3092//2712 3090//2710 3343//2963
f 3343//2963 3090//2710 3330//2950
f 3344//2964 3330//2950 3329//2949
f 3345//2965 3329//2949 3328//2948
f 3332//2952 3328//2948 3327//2947
f 3333//2953 3327//2947 3322//2942
f 3333//2953 3332//2952 3327//2947
f 3076//2696 3074//2694 3304//2924
f 3304//2924 3074//2694 3291//2911
f 3305//2925 3291//2911 3290//2910
f 3306//2926 3290//2910 3289//2909
f 3293//2913 3289//2909 3288//2908
f 3294//2914 3288//2908 3283//2903
f 3294//2914 3293//2913 3288//2908
f 3066//2686 3064//2684 3193//2813
f 3193//2813 3064//2684 3419//3039
f 3194//2814 3419//3039 3420//3040
f 3195//2815 3420//3040 3179//2799
f 3181//2801 3179//2799 3180//2800
f 3181//2801 3195//2815 3179//2799
f 3064//2684 3062//2682 3419//3039
f 3419//3039 3062//2682 3421//3041
f 3420//3040 3421//3041 3177//2797
f 3179//2799 3177//2797 3178//2798
f 3179//2799 3420//3040 3177//2797
f 3062//2682 3060//2680 3421//3041
f 3421//3041 3060//2680 3175//2795
f 3177//2797 3175//2795 3176//2796
f 3177//2797 3421//3041 3175//2795
f 3060//2680 3058//2678 3175//2795
f 3175//2795 3058//2678 3174//2794
f 3058//2678 3056//2676 3173//2793
f 3056//2676 3054//2674 3172//2792
f 3054//2674 3052//2672 3171//2791
f 3052//2672 3050//2670 3170//2790
f 3050//2670 3048//2668 3169//2789
f 3048//2668 3046//2666 3168//2788
f 3046//2666 3044//2664 3167//2787
f 3044//2664 3042//2662 3166//2786
f 3042//2662 3040//2660 3165//2785
f 3040//2660 3038//2658 3164//2784
f 3038//2658 3036//2656 3163//2783
f 3036//2656 3034//2654 3162//2782
f 3034//2654 3032//2652 3161//2781
f 3032//2652 3030//2650 3160//2780
f 3030//2650 3028//2648 3159//2779
f 3028//2648 3026//2646 3158//2778
f 3026//2646 3024//2644 3157//2777
f 3024//2644 3022//2642 3156//2776
f 3022//2642 3020//2640 3155//2775
f 3020//2640 3018//2638 3154//2774
f 3153//2773 3018//2638 3152//2772
f 3152//2772 3018//2638 3016//2636
f 3422//3042 3016//2636 3014//2634
f 3141//2761 3422//3042 3014//2634
f 3141//2761 3423//3043 3422//3042
f 3141//2761 3140//2760 3423//3043
f 3423//3043 3140//2760 3424//3044
f 3148//2768 3424//3044 3145//2765
f 3147//2767 3148//2768 3145//2765
f 3152//2772 3016//2636 3422//3042
f 3150//2770 3422//3042 3423//3043
f 3148//2768 3423//3043 3424//3044
f 3148//2768 3150//2770 3423//3043
f 3148//2768 3149//2769 3150//2770
f 3004//2624 3002//2622 3368//2988
f 3002//2622 2998//2618 3367//2987
f 2998//2618 3000//2620 3366//2986
f 3178//2798 3176//2796 3282//2902
f 3282//2902 3176//2796 3275//2895
f 3274//2894 3282//2902 3275//2895
f 3176//2796 3174//2794 3275//2895
f 3239//2859 3248//2868 3243//2863
f 3243//2863 3248//2868 3247//2867
f 3244//2864 3247//2867 3257//2877
f 3245//2865 3257//2877 3256//2876
f 3166//2786 3256//2876 3167//2787
f 3166//2786 3245//2865 3256//2876
f 3208//2828 3217//2837 3212//2832
f 3212//2832 3217//2837 3216//2836
f 3213//2833 3216//2836 3226//2846
f 3214//2834 3226//2846 3225//2845
f 3158//2778 3225//2845 3159//2779
f 3158//2778 3214//2834 3225//2845
f 3133//2753 3144//2764 3138//2758
f 3138//2758 3144//2764 3143//2763
f 3139//2759 3143//2763 3424//3044
f 3140//2760 3139//2759 3424//3044
f 3402//3022 3401//3021 3405//3025
f 3371//2991 3370//2990 3374//2994
f 3319//2939 3318//2938 3323//2943
f 3188//2808 3186//2806 3284//2904
f 3418//3038 3417//3037 3410//3030
f 3409//3029 3418//3038 3410//3030
f 3409//3029 3412//3032 3418//3038
f 3409//3029 3408//3028 3412//3032
f 3412//3032 3408//3028 3413//3033
f 3413//3033 3408//3028 3404//3024
f 3132//2752 3416//3036 3415//3035
f 3415//3035 3416//3036 3417//3037
f 3410//3030 3417//3037 3366//2986
f 3366//2986 3417//3037 3367//2987
f 3126//2746 3131//2751 3124//2744
f 3125//2745 3126//2746 3124//2744
f 3134//2754 3125//2745 3123//2743
f 3138//2758 3135//2755 3134//2754
f 3128//2748 3130//2750 3126//2746
f 3127//2747 3128//2748 3126//2746
f 3135//2755 3127//2747 3125//2745
f 3143//2763 3139//2759 3138//2758
f 3139//2759 3136//2756 3135//2755
f 3145//2765 3424//3044 3143//2763
f 3136//2756 3129//2749 3127//2747
f 3137//2757 3136//2756 3140//2760
f 3197//2817 3149//2769 3147//2767
f 3201//2821 3198//2818 3197//2817
f 3152//2772 3422//3042 3150//2770
f 3151//2771 3152//2772 3150//2770
f 3198//2818 3151//2771 3149//2769
f 3205//2825 3202//2822 3201//2821
f 3202//2822 3199//2819 3198//2818
f 3209//2829 3206//2826 3205//2825
f 3206//2826 3203//2823 3202//2822
f 3212//2832 3210//2830 3209//2829
f 3210//2830 3207//2827 3206//2826
f 3216//2836 3213//2833 3212//2832
f 3213//2833 3211//2831 3210//2830
f 3214//2834 3213//2833 3226//2846
f 3223//2843 3225//2845 3221//2841
f 3222//2842 3223//2843 3221//2841
f 3228//2848 3222//2842 3220//2840
f 3232//2852 3229//2849 3228//2848
f 3229//2849 3224//2844 3222//2842
f 3236//2856 3233//2853 3232//2852
f 3233//2853 3230//2850 3229//2849
f 3240//2860 3237//2857 3236//2856
f 3237//2857 3234//2854 3233//2853
f 3243//2863 3241//2861 3240//2860
f 3241//2861 3238//2858 3237//2857
f 3247//2867 3244//2864 3243//2863
f 3244//2864 3242//2862 3241//2861
f 3245//2865 3244//2864 3257//2877
f 3254//2874 3256//2876 3252//2872
f 3253//2873 3254//2874 3252//2872
f 3259//2879 3253//2873 3251//2871
f 3265//2885 3260//2880 3259//2879
f 3260//2880 3255//2875 3253//2873
f 3271//2891 3266//2886 3265//2885
f 3266//2886 3261//2881 3260//2880
f 3261//2881 3169//2789 3255//2875
f 3267//2887 3266//2886 3272//2892
f 3262//2882 3261//2881 3267//2887
f 3170//2790 3169//2789 3262//2882
f 3273//2893 3268//2888 3267//2887
f 3268//2888 3263//2883 3262//2882
f 3269//2889 3268//2888 3274//2894
f 3194//2814 3420//3040 3195//2815
f 3419//3039 3421//3041 3420//3040
f 3189//2809 3194//2814 3187//2807
f 3188//2808 3189//2809 3187//2807
f 3193//2813 3419//3039 3194//2814
f 3288//2908 3285//2905 3284//2904
f 3285//2905 3190//2810 3188//2808
f 3286//2906 3285//2905 3289//2909
f 3193//2813 3189//2809 3191//2811
f 3191//2811 3189//2809 3190//2810
f 3192//2812 3190//2810 3286//2906
f 3306//2926 3289//2909 3293//2913
f 3287//2907 3286//2906 3290//2910
f 3305//2925 3290//2910 3306//2926
f 3300//2920 3305//2925 3298//2918
f 3299//2919 3300//2920 3298//2918
f 3308//2928 3299//2919 3297//2917
f 3304//2924 3291//2911 3305//2925
f 3313//2933 3309//2929 3308//2928
f 3302//2922 3304//2924 3300//2920
f 3301//2921 3302//2922 3300//2920
f 3309//2929 3301//2921 3299//2919
f 3318//2938 3314//2934 3313//2933
f 3314//2934 3310//2930 3309//2929
f 3310//2930 3303//2923 3301//2921
f 3315//2935 3314//2934 3319//2939
f 3311//2931 3310//2930 3315//2935
f 3327//2947 3324//2944 3323//2943
f 3324//2944 3320//2940 3319//2939
f 3325//2945 3324//2944 3328//2948
f 3320//2940 3316//2936 3315//2935
f 3321//2941 3320//2940 3325//2945
f 3345//2965 3328//2948 3332//2952
f 3326//2946 3325//2945 3329//2949
f 3344//2964 3329//2949 3345//2965
f 3339//2959 3344//2964 3337//2957
f 3338//2958 3339//2959 3337//2957
f 3347//2967 3338//2958 3336//2956
f 3343//2963 3330//2950 3344//2964
f 3352//2972 3348//2968 3347//2967
f 3341//2961 3343//2963 3339//2959
f 3340//2960 3341//2961 3339//2959
f 3348//2968 3340//2960 3338//2958
f 3370//2990 3353//2973 3352//2972
f 3353//2973 3349//2969 3348//2968
f 3349//2969 3342//2962 3340//2960
f 3354//2974 3353//2973 3371//2991
f 3350//2970 3349//2969 3354//2974
f 3377//2997 3375//2995 3374//2994
f 3375//2995 3372//2992 3371//2991
f 3378//2998 3376//2996 3375//2995
f 3382//3002 3381//3001 3377//2997
f 3373//2993 3382//3002 3377//2997
f 3379//2999 3378//2998 3391//3011
f 3390//3010 3379//2999 3391//3011
f 3390//3010 3358//2978 3379//2999
f 3390//3010 3359//2979 3358//2978
f 3391//3011 3378//2998 3381//3001
f 3381//3001 3378//2998 3377//2997
f 3388//3008 3390//3010 3386//3006
f 3387//3007 3388//3008 3386//3006
f 3393//3013 3387//3007 3385//3005
f 3397//3017 3394//3014 3393//3013
f 3394//3014 3389//3009 3387//3007
f 3401//3021 3398//3018 3397//3017
f 3398//3018 3395//3015 3394//3014
f 3399//3019 3398//3018 3402//3022
f 3408//3028 3406//3026 3405//3025
f 3406//3026 3403//3023 3402//3022
f 3407//3027 3406//3026 3409//3029
f 3425//3045 3426//3046 3427//3047
f 3425//3045 3428//3048 3426//3046
f 3425//3045 3429//3049 3428//3048
f 3428//3048 3429//3049 3430//3050
f 3431//3051 3430//3050 3432//3052
f 3433//3053 3432//3052 3434//3054
f 3435//3055 3434//3054 3436//3056
f 3142//2762 3436//3056 3146//2766
f 3142//2762 3435//3055 3436//3056
f 3142//2762 3144//2764 3435//3055
f 3435//3055 3144//2764 3437//3057
f 3433//3053 3437//3057 3438//3058
f 3431//3051 3438//3058 3439//3059
f 3428//3048 3439//3059 3426//3046
f 3428//3048 3431//3051 3439//3059
f 3428//3048 3430//3050 3431//3051
f 3429//3049 3440//3060 3430//3050
f 3430//3050 3440//3060 3441//3061
f 3432//3052 3441//3061 3442//3062
f 3434//3054 3442//3062 3443//3063
f 3436//3056 3443//3063 3444//3064
f 3146//2766 3444//3064 3196//2816
f 3146//2766 3436//3056 3444//3064
f 3440//3060 3445//3065 3441//3061
f 3441//3061 3445//3065 3446//3066
f 3442//3062 3446//3066 3447//3067
f 3443//3063 3447//3067 3448//3068
f 3444//3064 3448//3068 3449//3069
f 3196//2816 3449//3069 3200//2820
f 3196//2816 3444//3064 3449//3069
f 3445//3065 3450//3070 3446//3066
f 3446//3066 3450//3070 3451//3071
f 3447//3067 3451//3071 3452//3072
f 3448//3068 3452//3072 3453//3073
f 3449//3069 3453//3073 3454//3074
f 3200//2820 3454//3074 3204//2824
f 3200//2820 3449//3069 3454//3074
f 3450//3070 3455//3075 3451//3071
f 3451//3071 3455//3075 3456//3076
f 3452//3072 3456//3076 3457//3077
f 3453//3073 3457//3077 3458//3078
f 3454//3074 3458//3078 3459//3079
f 3204//2824 3459//3079 3208//2828
f 3204//2824 3454//3074 3459//3079
f 3455//3075 3460//3080 3456//3076
f 3456//3076 3460//3080 3461//3081
f 3457//3077 3461//3081 3462//3082
f 3458//3078 3462//3082 3463//3083
f 3459//3079 3463//3083 3464//3084
f 3208//2828 3464//3084 3217//2837
f 3208//2828 3459//3079 3464//3084
f 3460//3080 3465//3085 3461//3081
f 3461//3081 3465//3085 3466//3086
f 3462//3082 3466//3086 3467//3087
f 3463//3083 3467//3087 3468//3088
f 3464//3084 3468//3088 3469//3089
f 3217//2837 3469//3089 3215//2835
f 3217//2837 3464//3084 3469//3089
f 3466//3086 3465//3085 3470//3090
f 3467//3087 3470//3090 3471//3091
f 3468//3088 3471//3091 3472//3092
f 3469//3089 3472//3092 3473//3093
f 3215//2835 3473//3093 3219//2839
f 3215//2835 3469//3089 3473//3093
f 3474//3094 3475//3095 3476//3096
f 3474//3094 3477//3097 3475//3095
f 3474//3094 3478//3098 3477//3097
f 3477//3097 3478//3098 3479//3099
f 3480//3100 3479//3099 3481//3101
f 3482//3102 3481//3101 3483//3103
f 3484//3104 3483//3103 3485//3105
f 3231//2851 3485//3105 3235//2855
f 3231//2851 3484//3104 3485//3105
f 3231//2851 3227//2847 3484//3104
f 3484//3104 3227//2847 3486//3106
f 3482//3102 3486//3106 3487//3107
f 3480//3100 3487//3107 3488//3108
f 3477//3097 3488//3108 3475//3095
f 3477//3097 3480//3100 3488//3108
f 3477//3097 3479//3099 3480//3100
f 3478//3098 3489//3109 3479//3099
f 3479//3099 3489//3109 3490//3110
f 3481//3101 3490//3110 3491//3111
f 3483//3103 3491//3111 3492//3112
f 3485//3105 3492//3112 3493//3113
f 3235//2855 3493//3113 3239//2859
f 3235//2855 3485//3105 3493//3113
f 3489//3109 3494//3114 3490//3110
f 3490//3110 3494//3114 3495//3115
f 3491//3111 3495//3115 3496//3116
f 3492//3112 3496//3116 3497//3117
f 3493//3113 3497//3117 3498//3118
f 3239//2859 3498//3118 3248//2868
f 3239//2859 3493//3113 3498//3118
f 3494//3114 3499//3119 3495//3115
f 3495//3115 3499//3119 3500//3120
f 3496//3116 3500//3120 3501//3121
f 3497//3117 3501//3121 3502//3122
f 3498//3118 3502//3122 3503//3123
f 3248//2868 3503//3123 3246//2866
f 3248//2868 3498//3118 3503//3123
f 3499//3119 3504//3124 3500//3120
f 3500//3120 3504//3124 3505//3125
f 3501//3121 3505//3125 3506//3126
f 3502//3122 3506//3126 3507//3127
f 3503//3123 3507//3127 3508//3128
f 3246//2866 3508//3128 3250//2870
f 3246//2866 3503//3123 3508//3128
f 3504//3124 3509//3129 3505//3125
f 3505//3125 3509//3129 3510//3130
f 3506//3126 3510//3130 3511//3131
f 3507//3127 3511//3131 3512//3132
f 3508//3128 3512//3132 3513//3133
f 3250//2870 3513//3133 3258//2878
f 3250//2870 3508//3128 3513//3133
f 3509//3129 3514//3134 3510//3130
f 3510//3130 3514//3134 3515//3135
f 3511//3131 3515//3135 3516//3136
f 3512//3132 3516//3136 3517//3137
f 3513//3133 3517//3137 3518//3138
f 3258//2878 3518//3138 3264//2884
f 3258//2878 3513//3133 3518//3138
f 3515//3135 3514//3134 3519//3139
f 3516//3136 3519//3139 3520//3140
f 3517//3137 3520//3140 3521//3141
f 3518//3138 3521//3141 3522//3142
f 3264//2884 3522//3142 3270//2890
f 3264//2884 3518//3138 3522//3142
f 3523//3143 3524//3144 3525//3145
f 3523//3143 3526//3146 3524//3144
f 3523//3143 3527//3147 3526//3146
f 3526//3146 3527//3147 3528//3148
f 3529//3149 3528//3148 3530//3150
f 3531//3151 3530//3150 3532//3152
f 3533//3153 3532//3152 3534//3154
f 3277//2897 3534//3154 3279//2899
f 3277//2897 3533//3153 3534//3154
f 3277//2897 3276//2896 3533//3153
f 3533//3153 3276//2896 3535//3155
f 3531//3151 3535//3155 3536//3156
f 3529//3149 3536//3156 3537//3157
f 3526//3146 3537//3157 3524//3144
f 3526//3146 3529//3149 3537//3157
f 3526//3146 3528//3148 3529//3149
f 3527//3147 3538//3158 3528//3148
f 3528//3148 3538//3158 3539//3159
f 3530//3150 3539//3159 3540//3160
f 3532//3152 3540//3160 3541//3161
f 3534//3154 3541//3161 3542//3162
f 3279//2899 3542//3162 3281//2901
f 3279//2899 3534//3154 3542//3162
f 3538//3158 3543//3163 3539//3159
f 3539//3159 3543//3163 3544//3164
f 3540//3160 3544//3164 3545//3165
f 3541//3161 3545//3165 3546//3166
f 3542//3162 3546//3166 3547//3167
f 3281//2901 3547//3167 3182//2802
f 3281//2901 3542//3162 3547//3167
f 3543//3163 3548//3168 3544//3164
f 3544//3164 3548//3168 3549//3169
f 3545//3165 3549//3169 3550//3170
f 3546//3166 3550//3170 3551//3171
f 3547//3167 3551//3171 3552//3172
f 3182//2802 3552//3172 3183//2803
f 3182//2802 3547//3167 3552//3172
f 3548//3168 3553//3173 3549//3169
f 3549//3169 3553//3173 3554//3174
f 3550//3170 3554//3174 3555//3175
f 3551//3171 3555//3175 3556//3176
f 3552//3172 3556//3176 3557//3177
f 3183//2803 3557//3177 3185//2805
f 3183//2803 3552//3172 3557//3177
f 3553//3173 3558//3178 3554//3174
f 3554//3174 3558//3178 3559//3179
f 3555//3175 3559//3179 3560//3180
f 3556//3176 3560//3180 3561//3181
f 3557//3177 3561//3181 3562//3182
f 3185//2805 3562//3182 3283//2903
f 3185//2805 3557//3177 3562//3182
f 3559//3179 3558//3178 3563//3183
f 3560//3180 3563//3183 3564//3184
f 3561//3181 3564//3184 3565//3185
f 3562//3182 3565//3185 3566//3186
f 3283//2903 3566//3186 3294//2914
f 3283//2903 3562//3182 3566//3186
f 3567//3187 3568//3188 3569//3189
f 3567//3187 3570//3190 3568//3188
f 3567//3187 3571//3191 3570//3190
f 3570//3190 3571//3191 3572//3192
f 3573//3193 3572//3192 3574//3194
f 3575//3195 3574//3194 3576//3196
f 3577//3197 3576//3196 3578//3198
f 3296//2916 3578//3198 3307//2927
f 3296//2916 3577//3197 3578//3198
f 3296//2916 3292//2912 3577//3197
f 3577//3197 3292//2912 3579//3199
f 3575//3195 3579//3199 3580//3200
f 3573//3193 3580//3200 3581//3201
f 3570//3190 3581//3201 3568//3188
f 3570//3190 3573//3193 3581//3201
f 3570//3190 3572//3192 3573//3193
f 3571//3191 3582//3202 3572//3192
f 3572//3192 3582//3202 3583//3203
f 3574//3194 3583//3203 3584//3204
f 3576//3196 3584//3204 3585//3205
f 3578//3198 3585//3205 3586//3206
f 3307//2927 3586//3206 3312//2932
f 3307//2927 3578//3198 3586//3206
f 3582//3202 3587//3207 3583//3203
f 3583//3203 3587//3207 3588//3208
f 3584//3204 3588//3208 3589//3209
f 3585//3205 3589//3209 3590//3210
f 3586//3206 3590//3210 3591//3211
f 3312//2932 3591//3211 3317//2937
f 3312//2932 3586//3206 3591//3211
f 3587//3207 3592//3212 3588//3208
f 3588//3208 3592//3212 3593//3213
f 3589//3209 3593//3213 3594//3214
f 3590//3210 3594//3214 3595//3215
f 3591//3211 3595//3215 3596//3216
f 3317//2937 3596//3216 3322//2942
f 3317//2937 3591//3211 3596//3216
f 3592//3212 3597//3217 3593//3213
f 3593//3213 3597//3217 3598//3218
f 3594//3214 3598//3218 3599//3219
f 3595//3215 3599//3219 3600//3220
f 3596//3216 3600//3220 3601//3221
f 3322//2942 3601//3221 3333//2953
f 3322//2942 3596//3216 3601//3221
f 3597//3217 3602//3222 3598//3218
f 3598//3218 3602//3222 3603//3223
f 3599//3219 3603//3223 3604//3224
f 3600//3220 3604//3224 3605//3225
f 3601//3221 3605//3225 3606//3226
f 3333//2953 3606//3226 3331//2951
f 3333//2953 3601//3221 3606//3226
f 3603//3223 3602//3222 3607//3227
f 3604//3224 3607//3227 3608//3228
f 3605//3225 3608//3228 3609//3229
f 3606//3226 3609//3229 3610//3230
f 3331//2951 3610//3230 3335//2955
f 3331//2951 3606//3226 3610//3230
f 3611//3231 3612//3232 3613//3233
f 3611//3231 3614//3234 3612//3232
f 3611//3231 3615//3235 3614//3234
f 3614//3234 3615//3235 3616//3236
f 3617//3237 3616//3236 3618//3238
f 3619//3239 3618//3238 3620//3240
f 3621//3241 3620//3240 3622//3242
f 3351//2971 3622//3242 3369//2989
f 3351//2971 3621//3241 3622//3242
f 3351//2971 3346//2966 3621//3241
f 3621//3241 3346//2966 3623//3243
f 3619//3239 3623//3243 3624//3244
f 3617//3237 3624//3244 3625//3245
f 3614//3234 3625//3245 3612//3232
f 3614//3234 3617//3237 3625//3245
f 3614//3234 3616//3236 3617//3237
f 3615//3235 3626//3246 3616//3236
f 3616//3236 3626//3246 3627//3247
f 3618//3238 3627//3247 3628//3248
f 3620//3240 3628//3248 3629//3249
f 3622//3242 3629//3249 3630//3250
f 3369//2989 3630//3250 3373//2993
f 3369//2989 3622//3242 3630//3250
f 3626//3246 3631//3251 3627//3247
f 3627//3247 3631//3251 3632//3252
f 3628//3248 3632//3252 3633//3253
f 3629//3249 3633//3253 3634//3254
f 3630//3250 3634//3254 3635//3255
f 3373//2993 3635//3255 3382//3002
f 3373//2993 3630//3250 3635//3255
f 3631//3251 3636//3256 3632//3252
f 3632//3252 3636//3256 3637//3257
f 3633//3253 3637//3257 3638//3258
f 3634//3254 3638//3258 3639//3259
f 3635//3255 3639//3259 3640//3260
f 3382//3002 3640//3260 3380//3000
f 3382//3002 3635//3255 3640//3260
f 3636//3256 3641//3261 3637//3257
f 3637//3257 3641//3261 3642//3262
f 3638//3258 3642//3262 3643//3263
f 3639//3259 3643//3263 3644//3264
f 3640//3260 3644//3264 3645//3265
f 3380//3000 3645//3265 3384//3004
f 3380//3000 3640//3260 3645//3265
f 3641//3261 3646//3266 3642//3262
f 3642//3262 3646//3266 3647//3267
f 3643//3263 3647//3267 3648//3268
f 3644//3264 3648//3268 3649//3269
f 3645//3265 3649//3269 3650//3270
f 3384//3004 3650//3270 3392//3012
f 3384//3004 3645//3265 3650//3270
f 3646//3266 3651//3271 3647//3267
f 3647//3267 3651//3271 3652//3272
f 3648//3268 3652//3272 3653//3273
f 3649//3269 3653//3273 3654//3274
f 3650//3270 3654//3274 3655//3275
f 3392//3012 3655//3275 3396//3016
f 3392//3012 3650//3270 3655//3275
f 3652//3272 3651//3271 3656//3276
f 3653//3273 3656//3276 3657//3277
f 3654//3274 3657//3277 3658//3278
f 3655//3275 3658//3278 3659//3279
f 3396//3016 3659//3279 3400//3020
f 3396//3016 3655//3275 3659//3279
f 3660//3280 3661//3281 3662//3282
f 3660//3280 3663//3283 3661//3281
f 3660//3280 3664//3284 3663//3283
f 3663//3283 3664//3284 3665//3285
f 3666//3286 3665//3285 3667//3287
f 3668//3288 3667//3287 3669//3289
f 3670//3290 3669//3289 3671//3291
f 3413//3033 3671//3291 3411//3031
f 3413//3033 3670//3290 3671//3291
f 3413//3033 3404//3024 3670//3290
f 3670//3290 3404//3024 3672//3292
f 3668//3288 3672//3292 3673//3293
f 3666//3286 3673//3293 3674//3294
f 3663//3283 3674//3294 3661//3281
f 3663//3283 3666//3286 3674//3294
f 3663//3283 3665//3285 3666//3286
f 3664//3284 3675//3295 3665//3285
f 3665//3285 3675//3295 3676//3296
f 3667//3287 3676//3296 3677//3297
f 3669//3289 3677//3297 3678//3298
f 3671//3291 3678//3298 3679//3299
f 3411//3031 3679//3299 3120//2740
f 3411//3031 3671//3291 3679//3299
f 3675//3295 3680//3300 3676//3296
f 3676//3296 3680//3300 3681//3301
f 3677//3297 3681//3301 3682//3302
f 3678//3298 3682//3302 3683//3303
f 3679//3299 3683//3303 3684//3304
f 3120//2740 3684//3304 3685//3305
f 3118//2738 3685//3305 3686//3306
f 3122//2742 3686//3306 3687//3307
f 3133//2753 3687//3307 3437//3057
f 3144//2764 3133//2753 3437//3057
f 3680//3300 3688//3308 3681//3301
f 3681//3301 3688//3308 3689//3309
f 3682//3302 3689//3309 3690//3310
f 3683//3303 3690//3310 3691//3311
f 3684//3304 3691//3311 3685//3305
f 3684//3304 3683//3303 3691//3311
f 3688//3308 3692//3312 3689//3309
f 3689//3309 3692//3312 3693//3313
f 3690//3310 3693//3313 3694//3314
f 3691//3311 3694//3314 3695//3315
f 3685//3305 3695//3315 3686//3306
f 3685//3305 3691//3311 3695//3315
f 3692//3312 3427//3047 3693//3313
f 3693//3313 3427//3047 3696//3316
f 3694//3314 3696//3316 3697//3317
f 3695//3315 3697//3317 3698//3318
f 3686//3306 3698//3318 3687//3307
f 3686//3306 3695//3315 3698//3318
f 3684//3304 3120//2740 3679//3299
f 3404//3024 3400//3020 3672//3292
f 3672//3292 3400//3020 3659//3279
f 3673//3293 3659//3279 3658//3278
f 3674//3294 3658//3278 3657//3277
f 3661//3281 3657//3277 3656//3276
f 3662//3282 3656//3276 3651//3271
f 3662//3282 3661//3281 3656//3276
f 3346//2966 3335//2955 3623//3243
f 3623//3243 3335//2955 3610//3230
f 3624//3244 3610//3230 3609//3229
f 3625//3245 3609//3229 3608//3228
f 3612//3232 3608//3228 3607//3227
f 3613//3233 3607//3227 3602//3222
f 3613//3233 3612//3232 3607//3227
f 3292//2912 3294//2914 3579//3199
f 3579//3199 3294//2914 3566//3186
f 3580//3200 3566//3186 3565//3185
f 3581//3201 3565//3185 3564//3184
f 3568//3188 3564//3184 3563//3183
f 3569//3189 3563//3183 3558//3178
f 3569//3189 3568//3188 3563//3183
f 3276//2896 3270//2890 3535//3155
f 3535//3155 3270//2890 3522//3142
f 3536//3156 3522//3142 3521//3141
f 3537//3157 3521//3141 3520//3140
f 3524//3144 3520//3140 3519//3139
f 3525//3145 3519//3139 3514//3134
f 3525//3145 3524//3144 3519//3139
f 3227//2847 3219//2839 3486//3106
f 3486//3106 3219//2839 3473//3093
f 3487//3107 3473//3093 3472//3092
f 3488//3108 3472//3092 3471//3091
f 3475//3095 3471//3091 3470//3090
f 3476//3096 3470//3090 3465//3085
f 3476//3096 3475//3095 3470//3090
f 3133//2753 3122//2742 3687//3307
f 3122//2742 3118//2738 3686//3306
f 3118//2738 3120//2740 3685//3305
f 3555//3175 3554//3174 3559//3179
f 3560//3180 3559//3179 3563//3183
f 3555//3175 3551//3171 3550//3170
f 3556//3176 3555//3175 3560//3180
f 3551//3171 3547//3167 3546//3166
f 3552//3172 3551//3171 3556//3176
f 3511//3131 3510//3130 3515//3135
f 3694//3314 3693//3313 3696//3316
f 3648//3268 3647//3267 3652//3272
f 3427//3047 3426//3046 3696//3316
f 3696//3316 3426//3046 3697//3317
f 3697//3317 3426//3046 3439//3059
f 3698//3318 3439//3059 3438//3058
f 3687//3307 3438//3058 3437//3057
f 3687//3307 3698//3318 3438//3058
f 3697//3317 3695//3315 3694//3314
f 3698//3318 3697//3317 3439//3059
f 3690//3310 3694//3314 3691//3311
f 3433//3053 3438//3058 3431//3051
f 3432//3052 3433//3053 3431//3051
f 3441//3061 3432//3052 3430//3050
f 3446//3066 3442//3062 3441//3061
f 3435//3055 3437//3057 3433//3053
f 3434//3054 3435//3055 3433//3053
f 3442//3062 3434//3054 3432//3052
f 3451//3071 3447//3067 3446//3066
f 3447//3067 3443//3063 3442//3062
f 3443//3063 3436//3056 3434//3054
f 3456//3076 3452//3072 3451//3071
f 3452//3072 3448//3068 3447//3067
f 3448//3068 3444//3064 3443//3063
f 3461//3081 3457//3077 3456//3076
f 3457//3077 3453//3073 3452//3072
f 3453//3073 3449//3069 3448//3068
f 3466//3086 3462//3082 3461//3081
f 3462//3082 3458//3078 3457//3077
f 3458//3078 3454//3074 3453//3073
f 3470//3090 3467//3087 3466//3086
f 3467//3087 3463//3083 3462//3082
f 3463//3083 3459//3079 3458//3078
f 3488//3108 3471//3091 3475//3095
f 3471//3091 3468//3088 3467//3087
f 3468//3088 3464//3084 3463//3083
f 3469//3089 3468//3088 3472//3092
f 3487//3107 3472//3092 3488//3108
f 3482//3102 3487//3107 3480//3100
f 3481//3101 3482//3102 3480//3100
f 3490//3110 3481//3101 3479//3099
f 3486//3106 3473//3093 3487//3107
f 3495//3115 3491//3111 3490//3110
f 3484//3104 3486//3106 3482//3102
f 3483//3103 3484//3104 3482//3102
f 3491//3111 3483//3103 3481//3101
f 3500//3120 3496//3116 3495//3115
f 3496//3116 3492//3112 3491//3111
f 3492//3112 3485//3105 3483//3103
f 3505//3125 3501//3121 3500//3120
f 3501//3121 3497//3117 3496//3116
f 3497//3117 3493//3113 3492//3112
f 3510//3130 3506//3126 3505//3125
f 3506//3126 3502//3122 3501//3121
f 3502//3122 3498//3118 3497//3117
f 3507//3127 3506//3126 3511//3131
f 3503//3123 3502//3122 3507//3127
f 3519//3139 3516//3136 3515//3135
f 3516//3136 3512//3132 3511//3131
f 3517//3137 3516//3136 3520//3140
f 3512//3132 3508//3128 3507//3127
f 3513//3133 3512//3132 3517//3137
f 3537//3157 3520//3140 3524//3144
f 3518//3138 3517//3137 3521//3141
f 3536//3156 3521//3141 3537//3157
f 3531//3151 3536//3156 3529//3149
f 3530//3150 3531//3151 3529//3149
f 3539//3159 3530//3150 3528//3148
f 3535//3155 3522//3142 3536//3156
f 3544//3164 3540//3160 3539//3159
f 3533//3153 3535//3155 3531//3151
f 3532//3152 3533//3153 3531//3151
f 3540//3160 3532//3152 3530//3150
f 3549//3169 3545//3165 3544//3164
f 3545//3165 3541//3161 3540//3160
f 3541//3161 3534//3154 3532//3152
f 3554//3174 3550//3170 3549//3169
f 3550//3170 3546//3166 3545//3165
f 3546//3166 3542//3162 3541//3161
f 3561//3181 3560//3180 3564//3184
f 3557//3177 3556//3176 3561//3181
f 3581//3201 3564//3184 3568//3188
f 3562//3182 3561//3181 3565//3185
f 3580//3200 3565//3185 3581//3201
f 3575//3195 3580//3200 3573//3193
f 3574//3194 3575//3195 3573//3193
f 3583//3203 3574//3194 3572//3192
f 3579//3199 3566//3186 3580//3200
f 3588//3208 3584//3204 3583//3203
f 3577//3197 3579//3199 3575//3195
f 3576//3196 3577//3197 3575//3195
f 3584//3204 3576//3196 3574//3194
f 3593//3213 3589//3209 3588//3208
f 3589//3209 3585//3205 3584//3204
f 3585//3205 3578//3198 3576//3196
f 3598//3218 3594//3214 3593//3213
f 3594//3214 3590//3210 3589//3209
f 3590//3210 3586//3206 3585//3205
f 3603//3223 3599//3219 3598//3218
f 3599//3219 3595//3215 3594//3214
f 3595//3215 3591//3211 3590//3210
f 3607//3227 3604//3224 3603//3223
f 3604//3224 3600//3220 3599//3219
f 3600//3220 3596//3216 3595//3215
f 3625//3245 3608//3228 3612//3232
f 3608//3228 3605//3225 3604//3224
f 3605//3225 3601//3221 3600//3220
f 3606//3226 3605//3225 3609//3229
f 3624//3244 3609//3229 3625//3245
f 3619//3239 3624//3244 3617//3237
f 3618//3238 3619//3239 3617//3237
f 3627//3247 3618//3238 3616//3236
f 3623//3243 3610//3230 3624//3244
f 3632//3252 3628//3248 3627//3247
f 3621//3241 3623//3243 3619//3239
f 3620//3240 3621//3241 3619//3239
f 3628//3248 3620//3240 3618//3238
f 3637//3257 3633//3253 3632//3252
f 3633//3253 3629//3249 3628//3248
f 3629//3249 3622//3242 3620//3240
f 3642//3262 3638//3258 3637//3257
f 3638//3258 3634//3254 3633//3253
f 3634//3254 3630//3250 3629//3249
f 3647//3267 3643//3263 3642//3262
f 3643//3263 3639//3259 3638//3258
f 3639//3259 3635//3255 3634//3254
f 3644//3264 3643//3263 3648//3268
f 3640//3260 3639//3259 3644//3264
f 3656//3276 3653//3273 3652//3272
f 3653//3273 3649//3269 3648//3268
f 3654//3274 3653//3273 3657//3277
f 3649//3269 3645//3265 3644//3264
f 3650//3270 3649//3269 3654//3274
f 3674//3294 3657//3277 3661//3281
f 3655//3275 3654//3274 3658//3278
f 3673//3293 3658//3278 3674//3294
f 3668//3288 3673//3293 3666//3286
f 3667//3287 3668//3288 3666//3286
f 3676//3296 3667//3287 3665//3285
f 3672//3292 3659//3279 3673//3293
f 3681//3301 3677//3297 3676//3296
f 3670//3290 3672//3292 3668//3288
f 3669//3289 3670//3290 3668//3288
f 3677//3297 3669//3289 3667//3287
f 3689//3309 3682//3302 3681//3301
f 3682//3302 3678//3298 3677//3297
f 3678//3298 3671//3291 3669//3289
f 3693//3313 3690//3310 3689//3309
f 3690//3310 3683//3303 3682//3302
f 3683//3303 3679//3299 3678//3298
f 3699//3319 3700//3320 3701//3321
f 3699//3319 3702//3322 3700//3320
f 3699//3319 3703//3323 3702//3322
f 3702//3322 3703//3323 3704//3324
f 3705//3325 3704//3324 3706//3326
f 3707//3327 3706//3326 3708//3328
f 3445//3065 3708//3328 3450//3070
f 3445//3065 3707//3327 3708//3328
f 3445//3065 3440//3060 3707//3327
f 3707//3327 3440//3060 3709//3329
f 3705//3325 3709//3329 3710//3330
f 3702//3322 3710//3330 3700//3320
f 3702//3322 3705//3325 3710//3330
f 3702//3322 3704//3324 3705//3325
f 3703//3323 3711//3331 3704//3324
f 3704//3324 3711//3331 3712//3332
f 3706//3326 3712//3332 3713//3333
f 3708//3328 3713//3333 3714//3334
f 3450//3070 3714//3334 3455//3075
f 3450//3070 3708//3328 3714//3334
f 3711//3331 3715//3335 3712//3332
f 3712//3332 3715//3335 3716//3336
f 3713//3333 3716//3336 3717//3337
f 3714//3334 3717//3337 3718//3338
f 3455//3075 3718//3338 3460//3080
f 3455//3075 3714//3334 3718//3338
f 3716//3336 3715//3335 3719//3339
f 3717//3337 3719//3339 3720//3340
f 3718//3338 3720//3340 3721//3341
f 3460//3080 3721//3341 3465//3085
f 3460//3080 3718//3338 3721//3341
f 3722//3342 3723//3343 3724//3344
f 3722//3342 3725//3345 3723//3343
f 3722//3342 3726//3346 3725//3345
f 3725//3345 3726//3346 3727//3347
f 3728//3348 3727//3347 3729//3349
f 3730//3350 3729//3349 3731//3351
f 3474//3094 3731//3351 3478//3098
f 3474//3094 3730//3350 3731//3351
f 3474//3094 3476//3096 3730//3350
f 3730//3350 3476//3096 3732//3352
f 3728//3348 3732//3352 3733//3353
f 3725//3345 3733//3353 3723//3343
f 3725//3345 3728//3348 3733//3353
f 3725//3345 3727//3347 3728//3348
f 3726//3346 3734//3354 3727//3347
f 3727//3347 3734//3354 3735//3355
f 3729//3349 3735//3355 3736//3356
f 3731//3351 3736//3356 3737//3357
f 3478//3098 3737//3357 3489//3109
f 3478//3098 3731//3351 3737//3357
f 3734//3354 3738//3358 3735//3355
f 3735//3355 3738//3358 3739//3359
f 3736//3356 3739//3359 3740//3360
f 3737//3357 3740//3360 3741//3361
f 3489//3109 3741//3361 3494//3114
f 3489//3109 3737//3357 3741//3361
f 3738//3358 3742//3362 3739//3359
f 3739//3359 3742//3362 3743//3363
f 3740//3360 3743//3363 3744//3364
f 3741//3361 3744//3364 3745//3365
f 3494//3114 3745//3365 3499//3119
f 3494//3114 3741//3361 3745//3365
f 3742//3362 3746//3366 3743//3363
f 3743//3363 3746//3366 3747//3367
f 3744//3364 3747//3367 3748//3368
f 3745//3365 3748//3368 3749//3369
f 3499//3119 3749//3369 3504//3124
f 3499//3119 3745//3365 3749//3369
f 3747//3367 3746//3366 3750//3370
f 3748//3368 3750//3370 3751//3371
f 3749//3369 3751//3371 3752//3372
f 3504//3124 3752//3372 3509//3129
f 3504//3124 3749//3369 3752//3372
f 3753//3373 3754//3374 3755//3375
f 3753//3373 3756//3376 3754//3374
f 3753//3373 3757//3377 3756//3376
f 3756//3376 3757//3377 3758//3378
f 3759//3379 3758//3378 3760//3380
f 3761//3381 3760//3380 3762//3382
f 3525//3145 3762//3382 3523//3143
f 3525//3145 3761//3381 3762//3382
f 3525//3145 3514//3134 3761//3381
f 3761//3381 3514//3134 3763//3383
f 3759//3379 3763//3383 3764//3384
f 3756//3376 3764//3384 3754//3374
f 3756//3376 3759//3379 3764//3384
f 3756//3376 3758//3378 3759//3379
f 3757//3377 3765//3385 3758//3378
f 3758//3378 3765//3385 3766//3386
f 3760//3380 3766//3386 3767//3387
f 3762//3382 3767//3387 3768//3388
f 3523//3143 3768//3388 3527//3147
f 3523//3143 3762//3382 3768//3388
f 3765//3385 3769//3389 3766//3386
f 3766//3386 3769//3389 3770//3390
f 3767//3387 3770//3390 3771//3391
f 3768//3388 3771//3391 3772//3392
f 3527//3147 3772//3392 3538//3158
f 3527//3147 3768//3388 3772//3392
f 3769//3389 3773//3393 3770//3390
f 3770//3390 3773//3393 3774//3394
f 3771//3391 3774//3394 3775//3395
f 3772//3392 3775//3395 3776//3396
f 3538//3158 3776//3396 3543//3163
f 3538//3158 3772//3392 3776//3396
f 3773//3393 3777//3397 3774//3394
f 3774//3394 3777//3397 3778//3398
f 3775//3395 3778//3398 3779//3399
f 3776//3396 3779//3399 3780//3400
f 3543//3163 3780//3400 3548//3168
f 3543//3163 3776//3396 3780//3400
f 3777//3397 3781//3401 3778//3398
f 3778//3398 3781//3401 3782//3402
f 3779//3399 3782//3402 3783//3403
f 3780//3400 3783//3403 3784//3404
f 3548//3168 3784//3404 3553//3173
f 3548//3168 3780//3400 3784//3404
f 3782//3402 3781//3401 3785//3405
f 3783//3403 3785//3405 3786//3406
f 3784//3404 3786//3406 3787//3407
f 3553//3173 3787//3407 3558//3178
f 3553//3173 3784//3404 3787//3407
f 3788//3408 3789//3409 3790//3410
f 3788//3408 3791//3411 3789//3409
f 3788//3408 3792//3412 3791//3411
f 3791//3411 3792//3412 3793//3413
f 3794//3414 3793//3413 3795//3415
f 3796//3416 3795//3415 3797//3417
f 3569//3189 3797//3417 3567//3187
f 3569//3189 3796//3416 3797//3417
f 3569//3189 3558//3178 3796//3416
f 3796//3416 3558//3178 3798//3418
f 3794//3414 3798//3418 3799//3419
f 3791//3411 3799//3419 3789//3409
f 3791//3411 3794//3414 3799//3419
f 3791//3411 3793//3413 3794//3414
f 3792//3412 3800//3420 3793//3413
f 3793//3413 3800//3420 3801//3421
f 3795//3415 3801//3421 3802//3422
f 3797//3417 3802//3422 3803//3423
f 3567//3187 3803//3423 3571//3191
f 3567//3187 3797//3417 3803//3423
f 3800//3420 3804//3424 3801//3421
f 3801//3421 3804//3424 3805//3425
f 3802//3422 3805//3425 3806//3426
f 3803//3423 3806//3426 3807//3427
f 3571//3191 3807//3427 3582//3202
f 3571//3191 3803//3423 3807//3427
f 3804//3424 3808//3428 3805//3425
f 3805//3425 3808//3428 3809//3429
f 3806//3426 3809//3429 3810//3430
f 3807//3427 3810//3430 3811//3431
f 3582//3202 3811//3431 3587//3207
f 3582//3202 3807//3427 3811//3431
f 3808//3428 3812//3432 3809//3429
f 3809//3429 3812//3432 3813//3433
f 3810//3430 3813//3433 3814//3434
f 3811//3431 3814//3434 3815//3435
f 3587//3207 3815//3435 3592//3212
f 3587//3207 3811//3431 3815//3435
f 3813//3433 3812//3432 3816//3436
f 3814//3434 3816//3436 3817//3437
f 3815//3435 3817//3437 3818//3438
f 3592//3212 3818//3438 3597//3217
f 3592//3212 3815//3435 3818//3438
f 3819//3439 3820//3440 3821//3441
f 3819//3439 3822//3442 3820//3440
f 3819//3439 3823//3443 3822//3442
f 3822//3442 3823//3443 3824//3444
f 3825//3445 3824//3444 3826//3446
f 3827//3447 3826//3446 3828//3448
f 3613//3233 3828//3448 3611//3231
f 3613//3233 3827//3447 3828//3448
f 3613//3233 3602//3222 3827//3447
f 3827//3447 3602//3222 3829//3449
f 3825//3445 3829//3449 3830//3450
f 3822//3442 3830//3450 3820//3440
f 3822//3442 3825//3445 3830//3450
f 3822//3442 3824//3444 3825//3445
f 3823//3443 3831//3451 3824//3444
f 3824//3444 3831//3451 3832//3452
f 3826//3446 3832//3452 3833//3453
f 3828//3448 3833//3453 3834//3454
f 3611//3231 3834//3454 3615//3235
f 3611//3231 3828//3448 3834//3454
f 3831//3451 3835//3455 3832//3452
f 3832//3452 3835//3455 3836//3456
f 3833//3453 3836//3456 3837//3457
f 3834//3454 3837//3457 3838//3458
f 3615//3235 3838//3458 3626//3246
f 3615//3235 3834//3454 3838//3458
f 3835//3455 3839//3459 3836//3456
f 3836//3456 3839//3459 3840//3460
f 3837//3457 3840//3460 3841//3461
f 3838//3458 3841//3461 3842//3462
f 3626//3246 3842//3462 3631//3251
f 3626//3246 3838//3458 3842//3462
f 3839//3459 3843//3463 3840//3460
f 3840//3460 3843//3463 3844//3464
f 3841//3461 3844//3464 3845//3465
f 3842//3462 3845//3465 3846//3466
f 3631//3251 3846//3466 3636//3256
f 3631//3251 3842//3462 3846//3466
f 3843//3463 3847//3467 3844//3464
f 3844//3464 3847//3467 3848//3468
f 3845//3465 3848//3468 3849//3469
f 3846//3466 3849//3469 3850//3470
f 3636//3256 3850//3470 3641//3261
f 3636//3256 3846//3466 3850//3470
f 3848//3468 3847//3467 3851//3471
f 3849//3469 3851//3471 3852//3472
f 3850//3470 3852//3472 3853//3473
f 3641//3261 3853//3473 3646//3266
f 3641//3261 3850//3470 3853//3473
f 3854//3474 3855//3475 3856//3476
f 3854//3474 3857//3477 3855//3475
f 3854//3474 3858//3478 3857//3477
f 3857//3477 3858//3478 3859//3479
f 3860//3480 3859//3479 3861//3481
f 3862//3482 3861//3481 3863//3483
f 3662//3282 3863//3483 3660//3280
f 3662//3282 3862//3482 3863//3483
f 3662//3282 3651//3271 3862//3482
f 3862//3482 3651//3271 3864//3484
f 3860//3480 3864//3484 3865//3485
f 3857//3477 3865//3485 3855//3475
f 3857//3477 3860//3480 3865//3485
f 3857//3477 3859//3479 3860//3480
f 3858//3478 3866//3486 3859//3479
f 3859//3479 3866//3486 3867//3487
f 3861//3481 3867//3487 3868//3488
f 3863//3483 3868//3488 3869//3489
f 3660//3280 3869//3489 3664//3284
f 3660//3280 3863//3483 3869//3489
f 3866//3486 3870//3490 3867//3487
f 3867//3487 3870//3490 3871//3491
f 3868//3488 3871//3491 3872//3492
f 3869//3489 3872//3492 3873//3493
f 3664//3284 3873//3493 3675//3295
f 3664//3284 3869//3489 3873//3493
f 3870//3490 3874//3494 3871//3491
f 3871//3491 3874//3494 3875//3495
f 3872//3492 3875//3495 3876//3496
f 3873//3493 3876//3496 3877//3497
f 3675//3295 3877//3497 3680//3300
f 3675//3295 3873//3493 3877//3497
f 3874//3494 3878//3498 3875//3495
f 3875//3495 3878//3498 3879//3499
f 3876//3496 3879//3499 3880//3500
f 3877//3497 3880//3500 3881//3501
f 3680//3300 3881//3501 3688//3308
f 3680//3300 3877//3497 3881//3501
f 3879//3499 3878//3498 3882//3502
f 3880//3500 3882//3502 3883//3503
f 3881//3501 3883//3503 3884//3504
f 3688//3308 3884//3504 3692//3312
f 3688//3308 3881//3501 3884//3504
f 3885//3505 3886//3506 3887//3507
f 3885//3505 3888//3508 3886//3506
f 3885//3505 3889//3509 3888//3508
f 3888//3508 3889//3509 3890//3510
f 3891//3511 3890//3510 3892//3512
f 3893//3513 3892//3512 3894//3514
f 3425//3045 3894//3514 3429//3049
f 3425//3045 3893//3513 3894//3514
f 3425//3045 3427//3047 3893//3513
f 3893//3513 3427//3047 3895//3515
f 3891//3511 3895//3515 3896//3516
f 3888//3508 3896//3516 3886//3506
f 3888//3508 3891//3511 3896//3516
f 3888//3508 3890//3510 3891//3511
f 3889//3509 3701//3321 3890//3510
f 3890//3510 3701//3321 3700//3320
f 3892//3512 3700//3320 3710//3330
f 3894//3514 3710//3330 3709//3329
f 3429//3049 3709//3329 3440//3060
f 3429//3049 3894//3514 3709//3329
f 3427//3047 3692//3312 3895//3515
f 3895//3515 3692//3312 3884//3504
f 3896//3516 3884//3504 3883//3503
f 3886//3506 3883//3503 3882//3502
f 3887//3507 3882//3502 3878//3498
f 3887//3507 3886//3506 3882//3502
f 3651//3271 3646//3266 3864//3484
f 3864//3484 3646//3266 3853//3473
f 3865//3485 3853//3473 3852//3472
f 3855//3475 3852//3472 3851//3471
f 3856//3476 3851//3471 3847//3467
f 3856//3476 3855//3475 3851//3471
f 3602//3222 3597//3217 3829//3449
f 3829//3449 3597//3217 3818//3438
f 3830//3450 3818//3438 3817//3437
f 3820//3440 3817//3437 3816//3436
f 3821//3441 3816//3436 3812//3432
f 3821//3441 3820//3440 3816//3436
f 3798//3418 3558//3178 3787//3407
f 3799//3419 3787//3407 3786//3406
f 3789//3409 3786//3406 3785//3405
f 3790//3410 3785//3405 3781//3401
f 3790//3410 3789//3409 3785//3405
f 3514//3134 3509//3129 3763//3383
f 3763//3383 3509//3129 3752//3372
f 3764//3384 3752//3372 3751//3371
f 3754//3374 3751//3371 3750//3370
f 3755//3375 3750//3370 3746//3366
f 3755//3375 3754//3374 3750//3370
f 3476//3096 3465//3085 3732//3352
f 3732//3352 3465//3085 3721//3341
f 3733//3353 3721//3341 3720//3340
f 3723//3343 3720//3340 3719//3339
f 3724//3344 3719//3339 3715//3335
f 3724//3344 3723//3343 3719//3339
f 3787//3407 3799//3419 3798//3418
f 3801//3421 3795//3415 3793//3413
f 3795//3415 3796//3416 3794//3414
f 3794//3414 3796//3416 3798//3418
f 3779//3399 3778//3398 3782//3402
f 3713//3333 3712//3332 3716//3336
f 3845//3465 3844//3464 3848//3468
f 3700//3320 3892//3512 3890//3510
f 3895//3515 3891//3511 3893//3513
f 3893//3513 3891//3511 3892//3512
f 3894//3514 3892//3512 3710//3330
f 3884//3504 3896//3516 3895//3515
f 3707//3327 3709//3329 3705//3325
f 3706//3326 3707//3327 3705//3325
f 3712//3332 3706//3326 3704//3324
f 3708//3328 3706//3326 3713//3333
f 3719//3339 3717//3337 3716//3336
f 3717//3337 3714//3334 3713//3333
f 3718//3338 3717//3337 3720//3340
f 3733//3353 3720//3340 3723//3343
f 3732//3352 3721//3341 3733//3353
f 3730//3350 3732//3352 3728//3348
f 3729//3349 3730//3350 3728//3348
f 3735//3355 3729//3349 3727//3347
f 3739//3359 3736//3356 3735//3355
f 3736//3356 3731//3351 3729//3349
f 3743//3363 3740//3360 3739//3359
f 3740//3360 3737//3357 3736//3356
f 3747//3367 3744//3364 3743//3363
f 3744//3364 3741//3361 3740//3360
f 3750//3370 3748//3368 3747//3367
f 3748//3368 3745//3365 3744//3364
f 3764//3384 3751//3371 3754//3374
f 3751//3371 3749//3369 3748//3368
f 3763//3383 3752//3372 3764//3384
f 3761//3381 3763//3383 3759//3379
f 3760//3380 3761//3381 3759//3379
f 3766//3386 3760//3380 3758//3378
f 3770//3390 3767//3387 3766//3386
f 3767//3387 3762//3382 3760//3380
f 3774//3394 3771//3391 3770//3390
f 3771//3391 3768//3388 3767//3387
f 3778//3398 3775//3395 3774//3394
f 3775//3395 3772//3392 3771//3391
f 3776//3396 3775//3395 3779//3399
f 3785//3405 3783//3403 3782//3402
f 3783//3403 3780//3400 3779//3399
f 3784//3404 3783//3403 3786//3406
f 3799//3419 3786//3406 3789//3409
f 3805//3425 3802//3422 3801//3421
f 3802//3422 3797//3417 3795//3415
f 3809//3429 3806//3426 3805//3425
f 3806//3426 3803//3423 3802//3422
f 3813//3433 3810//3430 3809//3429
f 3810//3430 3807//3427 3806//3426
f 3816//3436 3814//3434 3813//3433
f 3814//3434 3811//3431 3810//3430
f 3830//3450 3817//3437 3820//3440
f 3817//3437 3815//3435 3814//3434
f 3829//3449 3818//3438 3830//3450
f 3827//3447 3829//3449 3825//3445
f 3826//3446 3827//3447 3825//3445
f 3832//3452 3826//3446 3824//3444
f 3836//3456 3833//3453 3832//3452
f 3833//3453 3828//3448 3826//3446
f 3840//3460 3837//3457 3836//3456
f 3837//3457 3834//3454 3833//3453
f 3844//3464 3841//3461 3840//3460
f 3841//3461 3838//3458 3837//3457
f 3842//3462 3841//3461 3845//3465
f 3851//3471 3849//3469 3848//3468
f 3849//3469 3846//3466 3845//3465
f 3850//3470 3849//3469 3852//3472
f 3865//3485 3852//3472 3855//3475
f 3864//3484 3853//3473 3865//3485
f 3862//3482 3864//3484 3860//3480
f 3861//3481 3862//3482 3860//3480
f 3867//3487 3861//3481 3859//3479
f 3871//3491 3868//3488 3867//3487
f 3868//3488 3863//3483 3861//3481
f 3875//3495 3872//3492 3871//3491
f 3872//3492 3869//3489 3868//3488
f 3879//3499 3876//3496 3875//3495
f 3876//3496 3873//3493 3872//3492
f 3882//3502 3880//3500 3879//3499
f 3880//3500 3877//3497 3876//3496
f 3896//3516 3883//3503 3886//3506
f 3883//3503 3881//3501 3880//3500
f 3889//3509 3800//3420 3701//3321
f 3889//3509 3804//3424 3800//3420
f 3889//3509 3885//3505 3804//3424
f 3804//3424 3885//3505 3808//3428
f 3808//3428 3885//3505 3887//3507
f 3812//3432 3887//3507 3878//3498
f 3821//3441 3878//3498 3874//3494
f 3819//3439 3874//3494 3870//3490
f 3823//3443 3870//3490 3866//3486
f 3831//3451 3866//3486 3858//3478
f 3835//3455 3858//3478 3854//3474
f 3839//3459 3854//3474 3856//3476
f 3843//3463 3856//3476 3847//3467
f 3843//3463 3839//3459 3856//3476
f 3808//3428 3887//3507 3812//3432
f 3812//3432 3878//3498 3821//3441
f 3821//3441 3874//3494 3819//3439
f 3819//3439 3870//3490 3823//3443
f 3823//3443 3866//3486 3831//3451
f 3831//3451 3858//3478 3835//3455
f 3835//3455 3854//3474 3839//3459
f 3800//3420 3792//3412 3701//3321
f 3701//3321 3792//3412 3699//3319
f 3699//3319 3792//3412 3788//3408
f 3703//3323 3788//3408 3790//3410
f 3711//3331 3790//3410 3781//3401
f 3715//3335 3781//3401 3777//3397
f 3724//3344 3777//3397 3773//3393
f 3722//3342 3773//3393 3769//3389
f 3726//3346 3769//3389 3765//3385
f 3734//3354 3765//3385 3757//3377
f 3738//3358 3757//3377 3753//3373
f 3742//3362 3753//3373 3755//3375
f 3746//3366 3742//3362 3755//3375
f 3699//3319 3788//3408 3703//3323
f 3703//3323 3790//3410 3711//3331
f 3711//3331 3781//3401 3715//3335
f 3715//3335 3777//3397 3724//3344
f 3724//3344 3773//3393 3722//3342
f 3722//3342 3769//3389 3726//3346
f 3726//3346 3765//3385 3734//3354
f 3734//3354 3757//3377 3738//3358
f 3738//3358 3753//3373 3742//3362
f 3897//3517 3898//3518 3899//3519
f 3897//3517 3900//3520 3898//3518
f 3897//3517 3901//3521 3900//3520
f 3900//3520 3901//3521 3902//3522
f 3902//3522 3901//3521 3903//3523
f 3904//3524 3903//3523 3905//3525
f 3906//3526 3905//3525 3907//3527
f 3908//3528 3907//3527 3909//3529
f 3910//3530 3909//3529 3911//3531
f 3912//3532 3911//3531 3913//3533
f 3914//3534 3913//3533 3915//3535
f 3916//3536 3915//3535 3917//3537
f 3918//3538 3917//3537 3919//3539
f 3920//3540 3919//3539 3921//3541
f 3922//3542 3921//3541 3923//3543
f 3924//3544 3923//3543 3925//3545
f 3926//3546 3925//3545 3927//3547
f 3928//3548 3927//3547 3929//3549
f 3930//3550 3929//3549 3931//3551
f 3932//3552 3931//3551 3933//3553
f 3934//3554 3933//3553 3935//3555
f 3936//3556 3935//3555 3937//3557
f 3938//3558 3937//3557 3939//3559
f 3940//3560 3939//3559 3941//3561
f 3942//3562 3941//3561 3943//3563
f 3944//3564 3943//3563 3945//3565
f 3946//3566 3945//3565 3947//3567
f 3948//3568 3947//3567 3949//3569
f 3950//3570 3949//3569 3951//3571
f 3952//3572 3951//3571 3953//3573
f 3954//3574 3953//3573 3955//3575
f 3956//3576 3955//3575 3957//3577
f 3958//3578 3957//3577 3959//3579
f 3960//3580 3959//3579 3961//3581
f 3962//3582 3961//3581 3963//3583
f 3964//3584 3963//3583 3965//3585
f 3966//3586 3965//3585 3967//3587
f 3968//3588 3967//3587 3969//3589
f 3970//3590 3969//3589 3971//3591
f 3972//3592 3971//3591 3973//3593
f 3974//3594 3973//3593 3975//3595
f 3976//3596 3975//3595 3977//3597
f 3978//3598 3977//3597 3979//3599
f 3980//3600 3979//3599 3981//3601
f 3982//3602 3981//3601 3983//3603
f 3984//3604 3983//3603 3985//3605
f 3986//3606 3985//3605 3987//3607
f 3988//3608 3987//3607 3989//3609
f 3990//3610 3989//3609 3991//3611
f 3992//3612 3991//3611 3993//3613
f 3994//3614 3993//3613 3995//3615
f 3996//3616 3995//3615 3997//3617
f 3998//3618 3997//3617 3999//3619
f 4000//3620 3999//3619 4001//3621
f 4002//3622 4001//3621 4003//3623
f 4004//3624 4003//3623 4005//3625
f 4006//3626 4005//3625 4007//3627
f 4008//3628 4007//3627 4009//3629
f 4010//3630 4009//3629 4011//3631
f 4012//3632 4011//3631 4013//3633
f 4014//3634 4013//3633 4015//3635
f 4016//3636 4015//3635 3899//3519
f 3898//3518 4016//3636 3899//3519
f 3902//3522 3903//3523 3904//3524
f 3904//3524 3905//3525 3906//3526
f 3906//3526 3907//3527 3908//3528
f 3908//3528 3909//3529 3910//3530
f 3910//3530 3911//3531 3912//3532
f 3912//3532 3913//3533 3914//3534
f 3914//3534 3915//3535 3916//3536
f 3916//3536 3917//3537 3918//3538
f 3918//3538 3919//3539 3920//3540
f 3920//3540 3921//3541 3922//3542
f 3922//3542 3923//3543 3924//3544
f 3924//3544 3925//3545 3926//3546
f 3926//3546 3927//3547 3928//3548
f 3928//3548 3929//3549 3930//3550
f 3930//3550 3931//3551 3932//3552
f 3932//3552 3933//3553 3934//3554
f 3934//3554 3935//3555 3936//3556
f 3936//3556 3937//3557 3938//3558
f 3938//3558 3939//3559 3940//3560
f 3940//3560 3941//3561 3942//3562
f 3942//3562 3943//3563 3944//3564
f 3944//3564 3945//3565 3946//3566
f 3946//3566 3947//3567 3948//3568
f 3948//3568 3949//3569 3950//3570
f 3950//3570 3951//3571 3952//3572
f 3952//3572 3953//3573 3954//3574
f 3954//3574 3955//3575 3956//3576
f 3956//3576 3957//3577 3958//3578
f 3958//3578 3959//3579 3960//3580
f 3960//3580 3961//3581 3962//3582
f 3962//3582 3963//3583 3964//3584
f 3964//3584 3965//3585 3966//3586
f 3966//3586 3967//3587 3968//3588
f 3968//3588 3969//3589 3970//3590
f 3970//3590 3971//3591 3972//3592
f 3972//3592 3973//3593 3974//3594
f 3974//3594 3975//3595 3976//3596
f 3976//3596 3977//3597 3978//3598
f 3978//3598 3979//3599 3980//3600
f 3980//3600 3981//3601 3982//3602
f 3982//3602 3983//3603 3984//3604
f 3984//3604 3985//3605 3986//3606
f 3986//3606 3987//3607 3988//3608
f 3988//3608 3989//3609 3990//3610
f 3990//3610 3991//3611 3992//3612
f 3992//3612 3993//3613 3994//3614
f 3994//3614 3995//3615 3996//3616
f 3996//3616 3997//3617 3998//3618
f 3998//3618 3999//3619 4000//3620
f 4000//3620 4001//3621 4002//3622
f 4002//3622 4003//3623 4004//3624
f 4004//3624 4005//3625 4006//3626
f 4006//3626 4007//3627 4008//3628
f 4008//3628 4009//3629 4010//3630
f 4010//3630 4011//3631 4012//3632
f 4012//3632 4013//3633 4014//3634
f 4014//3634 4015//3635 4016//3636
f 4017//3637 4018//3638 4019//3639
f 4017//3637 4020//3640 4018//3638
f 4017//3637 4021//3641 4020//3640
f 4020//3640 4021//3641 4022//3642
f 4023//3643 4022//3642 4024//3644
f 4025//3645 4024//3644 4026//3646
f 4027//3647 4026//3646 4028//3648
f 3907//3527 4028//3648 3909//3529
f 3907//3527 4027//3647 4028//3648
f 3907//3527 3905//3525 4027//3647
f 4027//3647 3905//3525 4029//3649
f 4025//3645 4029//3649 4030//3650
f 4023//3643 4030//3650 4031//3651
f 4020//3640 4031//3651 4018//3638
f 4020//3640 4023//3643 4031//3651
f 4020//3640 4022//3642 4023//3643
f 4021//3641 4032//3652 4022//3642
f 4022//3642 4032//3652 4033//3653
f 4024//3644 4033//3653 4034//3654
f 4026//3646 4034//3654 4035//3655
f 4028//3648 4035//3655 4036//3656
f 3909//3529 4036//3656 3911//3531
f 3909//3529 4028//3648 4036//3656
f 4033//3653 4032//3652 4037//3657
f 4034//3654 4037//3657 4038//3658
f 4035//3655 4038//3658 4039//3659
f 4036//3656 4039//3659 4040//3660
f 3911//3531 4040//3660 3913//3533
f 3911//3531 4036//3656 4040//3660
f 4041//3661 4042//3662 4043//3663
f 4041//3661 4044//3664 4042//3662
f 4041//3661 4045//3665 4044//3664
f 4044//3664 4045//3665 4046//3666
f 4047//3667 4046//3666 4048//3668
f 4049//3669 4048//3668 4050//3670
f 4051//3671 4050//3670 4052//3672
f 3917//3537 4052//3672 4053//3673
f 3919//3539 4053//3673 4054//3674
f 3921//3541 4054//3674 4055//3675
f 3923//3543 4055//3675 4056//3676
f 3925//3545 4056//3676 4057//3677
f 3927//3547 4057//3677 4058//3678
f 3929//3549 4058//3678 4059//3679
f 3931//3551 4059//3679 4060//3680
f 3933//3553 4060//3680 4061//3681
f 3935//3555 4061//3681 4062//3682
f 3937//3557 4062//3682 4063//3683
f 3939//3559 4063//3683 4064//3684
f 3941//3561 4064//3684 4065//3685
f 3943//3563 4065//3685 4066//3686
f 3945//3565 4066//3686 4067//3687
f 3947//3567 4067//3687 4068//3688
f 3949//3569 4068//3688 4069//3689
f 3951//3571 4069//3689 4070//3690
f 3953//3573 4070//3690 4071//3691
f 3955//3575 4071//3691 4072//3692
f 3957//3577 4072//3692 4073//3693
f 4074//3694 4073//3693 4075//3695
f 4076//3696 4075//3695 4077//3697
f 4078//3698 4077//3697 4079//3699
f 4080//3700 4079//3699 4081//3701
f 4082//3702 4080//3700 4081//3701
f 4082//3702 4083//3703 4080//3700
f 4082//3702 4084//3704 4083//3703
f 4083//3703 4084//3704 4085//3705
f 4086//3706 4085//3705 4087//3707
f 4088//3708 4087//3707 4089//3709
f 4090//3710 4089//3709 4091//3711
f 3967//3587 4091//3711 3969//3589
f 3967//3587 4090//3710 4091//3711
f 3967//3587 3965//3585 4090//3710
f 4090//3710 3965//3585 4092//3712
f 4088//3708 4092//3712 4093//3713
f 4086//3706 4093//3713 4094//3714
f 4083//3703 4094//3714 4080//3700
f 4083//3703 4086//3706 4094//3714
f 4083//3703 4085//3705 4086//3706
f 4045//3665 4095//3715 4046//3666
f 4046//3666 4095//3715 4096//3716
f 4048//3668 4096//3716 4097//3717
f 4050//3670 4097//3717 4098//3718
f 4052//3672 4098//3718 4053//3673
f 4052//3672 4050//3670 4098//3718
f 4095//3715 4099//3719 4096//3716
f 4096//3716 4099//3719 4100//3720
f 4097//3717 4100//3720 4101//3721
f 4098//3718 4101//3721 4102//3722
f 4053//3673 4102//3722 4054//3674
f 4053//3673 4098//3718 4102//3722
f 4099//3719 4103//3723 4100//3720
f 4100//3720 4103//3723 4104//3724
f 4101//3721 4104//3724 4105//3725
f 4102//3722 4105//3725 4106//3726
f 4054//3674 4106//3726 4055//3675
f 4054//3674 4102//3722 4106//3726
f 4103//3723 4107//3727 4104//3724
f 4104//3724 4107//3727 4108//3728
f 4105//3725 4108//3728 4109//3729
f 4106//3726 4109//3729 4110//3730
f 4055//3675 4110//3730 4056//3676
f 4055//3675 4106//3726 4110//3730
f 4108//3728 4107//3727 4111//3731
f 4109//3729 4111//3731 4112//3732
f 4110//3730 4112//3732 4113//3733
f 4056//3676 4113//3733 4057//3677
f 4056//3676 4110//3730 4113//3733
f 4114//3734 4115//3735 4116//3736
f 4114//3734 4117//3737 4115//3735
f 4114//3734 4118//3738 4117//3737
f 4117//3737 4118//3738 4119//3739
f 4120//3740 4119//3739 4121//3741
f 4122//3742 4121//3741 4123//3743
f 4059//3679 4123//3743 4060//3680
f 4059//3679 4122//3742 4123//3743
f 4059//3679 4058//3678 4122//3742
f 4122//3742 4058//3678 4124//3744
f 4120//3740 4124//3744 4125//3745
f 4117//3737 4125//3745 4115//3735
f 4117//3737 4120//3740 4125//3745
f 4117//3737 4119//3739 4120//3740
f 4118//3738 4126//3746 4119//3739
f 4119//3739 4126//3746 4127//3747
f 4121//3741 4127//3747 4128//3748
f 4123//3743 4128//3748 4129//3749
f 4060//3680 4129//3749 4061//3681
f 4060//3680 4123//3743 4129//3749
f 4126//3746 4130//3750 4127//3747
f 4127//3747 4130//3750 4131//3751
f 4128//3748 4131//3751 4132//3752
f 4129//3749 4132//3752 4133//3753
f 4061//3681 4133//3753 4062//3682
f 4061//3681 4129//3749 4133//3753
f 4130//3750 4134//3754 4131//3751
f 4131//3751 4134//3754 4135//3755
f 4132//3752 4135//3755 4136//3756
f 4133//3753 4136//3756 4137//3757
f 4062//3682 4137//3757 4063//3683
f 4062//3682 4133//3753 4137//3757
f 4134//3754 4138//3758 4135//3755
f 4135//3755 4138//3758 4139//3759
f 4136//3756 4139//3759 4140//3760
f 4137//3757 4140//3760 4141//3761
f 4063//3683 4141//3761 4064//3684
f 4063//3683 4137//3757 4141//3761
f 4139//3759 4138//3758 4142//3762
f 4140//3760 4142//3762 4143//3763
f 4141//3761 4143//3763 4144//3764
f 4064//3684 4144//3764 4065//3685
f 4064//3684 4141//3761 4144//3764
f 4145//3765 4146//3766 4147//3767
f 4145//3765 4148//3768 4146//3766
f 4145//3765 4149//3769 4148//3768
f 4148//3768 4149//3769 4150//3770
f 4151//3771 4150//3770 4152//3772
f 4153//3773 4152//3772 4154//3774
f 4067//3687 4154//3774 4068//3688
f 4067//3687 4153//3773 4154//3774
f 4067//3687 4066//3686 4153//3773
f 4153//3773 4066//3686 4155//3775
f 4151//3771 4155//3775 4156//3776
f 4148//3768 4156//3776 4146//3766
f 4148//3768 4151//3771 4156//3776
f 4148//3768 4150//3770 4151//3771
f 4149//3769 4157//3777 4150//3770
f 4150//3770 4157//3777 4158//3778
f 4152//3772 4158//3778 4159//3779
f 4154//3774 4159//3779 4160//3780
f 4068//3688 4160//3780 4161//3781
f 4069//3689 4161//3781 4162//3782
f 4070//3690 4162//3782 4071//3691
f 4070//3690 4069//3689 4162//3782
f 4157//3777 4163//3783 4158//3778
f 4158//3778 4163//3783 4164//3784
f 4159//3779 4164//3784 4165//3785
f 4160//3780 4165//3785 4166//3786
f 4161//3781 4166//3786 4167//3787
f 4162//3782 4167//3787 4168//3788
f 4071//3691 4168//3788 4072//3692
f 4071//3691 4162//3782 4168//3788
f 4163//3783 4169//3789 4164//3784
f 4164//3784 4169//3789 4170//3790
f 4165//3785 4170//3790 4171//3791
f 4166//3786 4171//3791 4172//3792
f 4167//3787 4172//3792 4173//3793
f 4168//3788 4173//3793 4174//3794
f 4072//3692 4174//3794 4073//3693
f 4072//3692 4168//3788 4174//3794
f 4169//3789 4175//3795 4170//3790
f 4170//3790 4175//3795 4171//3791
f 4171//3791 4175//3795 4172//3792
f 4172//3792 4175//3795 4176//3796
f 4177//3797 4176//3796 4178//3798
f 4179//3799 4178//3798 4180//3800
f 4079//3699 4180//3800 4081//3701
f 4079//3699 4179//3799 4180//3800
f 4079//3699 4077//3697 4179//3799
f 4179//3799 4077//3697 4181//3801
f 4177//3797 4181//3801 4173//3793
f 4172//3792 4177//3797 4173//3793
f 4172//3792 4176//3796 4177//3797
f 4177//3797 4178//3798 4179//3799
f 4181//3801 4177//3797 4179//3799
f 4084//3704 4182//3802 4085//3705
f 4085//3705 4182//3802 4183//3803
f 4087//3707 4183//3803 4184//3804
f 4089//3709 4184//3804 4185//3805
f 4091//3711 4185//3805 4186//3806
f 3969//3589 4186//3806 3971//3591
f 3969//3589 4091//3711 4186//3806
f 4183//3803 4182//3802 4187//3807
f 4184//3804 4187//3807 4188//3808
f 4185//3805 4188//3808 4189//3809
f 4186//3806 4189//3809 4190//3810
f 3971//3591 4190//3810 3973//3593
f 3971//3591 4186//3806 4190//3810
f 4191//3811 4192//3812 4193//3813
f 4191//3811 4194//3814 4192//3812
f 4191//3811 4195//3815 4194//3814
f 4194//3814 4195//3815 4196//3816
f 4197//3817 4196//3816 4198//3818
f 4199//3819 4198//3818 4200//3820
f 4201//3821 4200//3820 4202//3822
f 3977//3597 4202//3822 3979//3599
f 3977//3597 4201//3821 4202//3822
f 3977//3597 3975//3595 4201//3821
f 4201//3821 3975//3595 4203//3823
f 4199//3819 4203//3823 4204//3824
f 4197//3817 4204//3824 4205//3825
f 4194//3814 4205//3825 4192//3812
f 4194//3814 4197//3817 4205//3825
f 4194//3814 4196//3816 4197//3817
f 4195//3815 4206//3826 4196//3816
f 4196//3816 4206//3826 4207//3827
f 4198//3818 4207//3827 4208//3828
f 4200//3820 4208//3828 4209//3829
f 4202//3822 4209//3829 4210//3830
f 3979//3599 4210//3830 3981//3601
f 3979//3599 4202//3822 4210//3830
f 4206//3826 4211//3831 4207//3827
f 4207//3827 4211//3831 4212//3832
f 4208//3828 4212//3832 4213//3833
f 4209//3829 4213//3833 4214//3834
f 4210//3830 4214//3834 4215//3835
f 3981//3601 4215//3835 3983//3603
f 3981//3601 4210//3830 4215//3835
f 4211//3831 4216//3836 4212//3832
f 4212//3832 4216//3836 4217//3837
f 4213//3833 4217//3837 4218//3838
f 4214//3834 4218//3838 4219//3839
f 4215//3835 4219//3839 4220//3840
f 3983//3603 4220//3840 3985//3605
f 3983//3603 4215//3835 4220//3840
f 4216//3836 4221//3841 4217//3837
f 4217//3837 4221//3841 4222//3842
f 4218//3838 4222//3842 4223//3843
f 4219//3839 4223//3843 4224//3844
f 4220//3840 4224//3844 4225//3845
f 3985//3605 4225//3845 3987//3607
f 3985//3605 4220//3840 4225//3845
f 4222//3842 4221//3841 4226//3846
f 4223//3843 4226//3846 4227//3847
f 4224//3844 4227//3847 4228//3848
f 4225//3845 4228//3848 4229//3849
f 3987//3607 4229//3849 3989//3609
f 3987//3607 4225//3845 4229//3849
f 4230//3850 4231//3851 4232//3852
f 4230//3850 4233//3853 4231//3851
f 4230//3850 4234//3854 4233//3853
f 4233//3853 4234//3854 4235//3855
f 4236//3856 4235//3855 4237//3857
f 4238//3858 4237//3857 4239//3859
f 4240//3860 4239//3859 4241//3861
f 3993//3613 4241//3861 3995//3615
f 3993//3613 4240//3860 4241//3861
f 3993//3613 3991//3611 4240//3860
f 4240//3860 3991//3611 4242//3862
f 4238//3858 4242//3862 4243//3863
f 4236//3856 4243//3863 4244//3864
f 4233//3853 4244//3864 4231//3851
f 4233//3853 4236//3856 4244//3864
f 4233//3853 4235//3855 4236//3856
f 4234//3854 4245//3865 4235//3855
f 4235//3855 4245//3865 4246//3866
f 4237//3857 4246//3866 4247//3867
f 4239//3859 4247//3867 4248//3868
f 4241//3861 4248//3868 4249//3869
f 3995//3615 4249//3869 3997//3617
f 3995//3615 4241//3861 4249//3869
f 4245//3865 4250//3870 4246//3866
f 4246//3866 4250//3870 4251//3871
f 4247//3867 4251//3871 4252//3872
f 4248//3868 4252//3872 4253//3873
f 4249//3869 4253//3873 4254//3874
f 3997//3617 4254//3874 4255//3875
f 3999//3619 4255//3875 4256//3876
f 4001//3621 4256//3876 4257//3877
f 4003//3623 4257//3877 4258//3878
f 4005//3625 4258//3878 4259//3879
f 4007//3627 4259//3879 4260//3880
f 4009//3629 4260//3880 4261//3881
f 4011//3631 4261//3881 4262//3882
f 4013//3633 4262//3882 4263//3883
f 4015//3635 4263//3883 4264//3884
f 3899//3519 4264//3884 4265//3885
f 3897//3517 4265//3885 4266//3886
f 3901//3521 4266//3886 4267//3887
f 3903//3523 4267//3887 4029//3649
f 3905//3525 3903//3523 4029//3649
f 4250//3870 4268//3888 4251//3871
f 4251//3871 4268//3888 4269//3889
f 4252//3872 4269//3889 4270//3890
f 4253//3873 4270//3890 4271//3891
f 4254//3874 4271//3891 4255//3875
f 4254//3874 4253//3873 4271//3891
f 4268//3888 4272//3892 4269//3889
f 4269//3889 4272//3892 4273//3893
f 4270//3890 4273//3893 4274//3894
f 4271//3891 4274//3894 4275//3895
f 4255//3875 4275//3895 4256//3876
f 4255//3875 4271//3891 4275//3895
f 4273//3893 4272//3892 4276//3896
f 4274//3894 4276//3896 4277//3897
f 4275//3895 4277//3897 4278//3898
f 4256//3876 4278//3898 4257//3877
f 4256//3876 4275//3895 4278//3898
f 4279//3899 4280//3900 4281//3901
f 4279//3899 4282//3902 4280//3900
f 4279//3899 4283//3903 4282//3902
f 4282//3902 4283//3903 4284//3904
f 4285//3905 4284//3904 4286//3906
f 4287//3907 4286//3906 4288//3908
f 4259//3879 4288//3908 4260//3880
f 4259//3879 4287//3907 4288//3908
f 4259//3879 4258//3878 4287//3907
f 4287//3907 4258//3878 4289//3909
f 4285//3905 4289//3909 4290//3910
f 4282//3902 4290//3910 4280//3900
f 4282//3902 4285//3905 4290//3910
f 4282//3902 4284//3904 4285//3905
f 4283//3903 4291//3911 4284//3904
f 4284//3904 4291//3911 4292//3912
f 4286//3906 4292//3912 4293//3913
f 4288//3908 4293//3913 4294//3914
f 4260//3880 4294//3914 4261//3881
f 4260//3880 4288//3908 4294//3914
f 4291//3911 4295//3915 4292//3912
f 4292//3912 4295//3915 4296//3916
f 4293//3913 4296//3916 4297//3917
f 4294//3914 4297//3917 4298//3918
f 4261//3881 4298//3918 4262//3882
f 4261//3881 4294//3914 4298//3918
f 4295//3915 4299//3919 4296//3916
f 4296//3916 4299//3919 4300//3920
f 4297//3917 4300//3920 4301//3921
f 4298//3918 4301//3921 4302//3922
f 4262//3882 4302//3922 4263//3883
f 4262//3882 4298//3918 4302//3922
f 4299//3919 4303//3923 4300//3920
f 4300//3920 4303//3923 4304//3924
f 4301//3921 4304//3924 4305//3925
f 4302//3922 4305//3925 4306//3926
f 4263//3883 4306//3926 4264//3884
f 4263//3883 4302//3922 4306//3926
f 4304//3924 4303//3923 4307//3927
f 4305//3925 4307//3927 4308//3928
f 4306//3926 4308//3928 4309//3929
f 4264//3884 4309//3929 4265//3885
f 4264//3884 4306//3926 4309//3929
f 4310//3930 4311//3931 4312//3932
f 4310//3930 4313//3933 4311//3931
f 4310//3930 4019//3639 4313//3933
f 4313//3933 4019//3639 4018//3638
f 4314//3934 4018//3638 4031//3651
f 4315//3935 4031//3651 4030//3650
f 4267//3887 4030//3650 4029//3649
f 4267//3887 4315//3935 4030//3650
f 4267//3887 4266//3886 4315//3935
f 4315//3935 4266//3886 4316//3936
f 4314//3934 4316//3936 4317//3937
f 4313//3933 4317//3937 4311//3931
f 4313//3933 4314//3934 4317//3937
f 4313//3933 4018//3638 4314//3934
f 3899//3519 4015//3635 4264//3884
f 4015//3635 4013//3633 4263//3883
f 4013//3633 4011//3631 4262//3882
f 4011//3631 4009//3629 4261//3881
f 4009//3629 4007//3627 4260//3880
f 4007//3627 4005//3625 4259//3879
f 4005//3625 4003//3623 4258//3878
f 4003//3623 4001//3621 4257//3877
f 4001//3621 3999//3619 4256//3876
f 3999//3619 3997//3617 4255//3875
f 4254//3874 3997//3617 4249//3869
f 3991//3611 3989//3609 4242//3862
f 4242//3862 3989//3609 4229//3849
f 4243//3863 4229//3849 4228//3848
f 4244//3864 4228//3848 4227//3847
f 4231//3851 4227//3847 4226//3846
f 4232//3852 4226//3846 4221//3841
f 4232//3852 4231//3851 4226//3846
f 3975//3595 3973//3593 4203//3823
f 4203//3823 3973//3593 4190//3810
f 4204//3824 4190//3810 4189//3809
f 4205//3825 4189//3809 4188//3808
f 4192//3812 4188//3808 4187//3807
f 4193//3813 4187//3807 4182//3802
f 4193//3813 4192//3812 4187//3807
f 3965//3585 3963//3583 4092//3712
f 4092//3712 3963//3583 4318//3938
f 4093//3713 4318//3938 4319//3939
f 4094//3714 4319//3939 4078//3698
f 4080//3700 4078//3698 4079//3699
f 4080//3700 4094//3714 4078//3698
f 3963//3583 3961//3581 4318//3938
f 4318//3938 3961//3581 4320//3940
f 4319//3939 4320//3940 4076//3696
f 4078//3698 4076//3696 4077//3697
f 4078//3698 4319//3939 4076//3696
f 3961//3581 3959//3579 4320//3940
f 4320//3940 3959//3579 4074//3694
f 4076//3696 4074//3694 4075//3695
f 4076//3696 4320//3940 4074//3694
f 3959//3579 3957//3577 4074//3694
f 4074//3694 3957//3577 4073//3693
f 3957//3577 3955//3575 4072//3692
f 3955//3575 3953//3573 4071//3691
f 3953//3573 3951//3571 4070//3690
f 3951//3571 3949//3569 4069//3689
f 3949//3569 3947//3567 4068//3688
f 3947//3567 3945//3565 4067//3687
f 3945//3565 3943//3563 4066//3686
f 3943//3563 3941//3561 4065//3685
f 3941//3561 3939//3559 4064//3684
f 3939//3559 3937//3557 4063//3683
f 3937//3557 3935//3555 4062//3682
f 3935//3555 3933//3553 4061//3681
f 3933//3553 3931//3551 4060//3680
f 3931//3551 3929//3549 4059//3679
f 3929//3549 3927//3547 4058//3678
f 3927//3547 3925//3545 4057//3677
f 3925//3545 3923//3543 4056//3676
f 3923//3543 3921//3541 4055//3675
f 3921//3541 3919//3539 4054//3674
f 3919//3539 3917//3537 4053//3673
f 4052//3672 3917//3537 4051//3671
f 4051//3671 3917//3537 3915//3535
f 4321//3941 3915//3535 3913//3533
f 4040//3660 4321//3941 3913//3533
f 4040//3660 4322//3942 4321//3941
f 4040//3660 4039//3659 4322//3942
f 4322//3942 4039//3659 4323//3943
f 4047//3667 4323//3943 4044//3664
f 4046//3666 4047//3667 4044//3664
f 4051//3671 3915//3535 4321//3941
f 4049//3669 4321//3941 4322//3942
f 4047//3667 4322//3942 4323//3943
f 4047//3667 4049//3669 4322//3942
f 4047//3667 4048//3668 4049//3669
f 3903//3523 3901//3521 4267//3887
f 3901//3521 3897//3517 4266//3886
f 3897//3517 3899//3519 4265//3885
f 4077//3697 4075//3695 4181//3801
f 4181//3801 4075//3695 4174//3794
f 4173//3793 4181//3801 4174//3794
f 4075//3695 4073//3693 4174//3794
f 4138//3758 4147//3767 4142//3762
f 4142//3762 4147//3767 4146//3766
f 4143//3763 4146//3766 4156//3776
f 4144//3764 4156//3776 4155//3775
f 4065//3685 4155//3775 4066//3686
f 4065//3685 4144//3764 4155//3775
f 4107//3727 4116//3736 4111//3731
f 4111//3731 4116//3736 4115//3735
f 4112//3732 4115//3735 4125//3745
f 4113//3733 4125//3745 4124//3744
f 4057//3677 4124//3744 4058//3678
f 4057//3677 4113//3733 4124//3744
f 4032//3652 4043//3663 4037//3657
f 4037//3657 4043//3663 4042//3662
f 4038//3658 4042//3662 4323//3943
f 4039//3659 4038//3658 4323//3943
f 4301//3921 4300//3920 4304//3924
f 4270//3890 4269//3889 4273//3893
f 4218//3838 4217//3837 4222//3842
f 4087//3707 4085//3705 4183//3803
f 4317//3937 4316//3936 4309//3929
f 4308//3928 4317//3937 4309//3929
f 4308//3928 4311//3931 4317//3937
f 4308//3928 4307//3927 4311//3931
f 4311//3931 4307//3927 4312//3932
f 4312//3932 4307//3927 4303//3923
f 4031//3651 4315//3935 4314//3934
f 4314//3934 4315//3935 4316//3936
f 4309//3929 4316//3936 4265//3885
f 4265//3885 4316//3936 4266//3886
f 4025//3645 4030//3650 4023//3643
f 4024//3644 4025//3645 4023//3643
f 4033//3653 4024//3644 4022//3642
f 4037//3657 4034//3654 4033//3653
f 4027//3647 4029//3649 4025//3645
f 4026//3646 4027//3647 4025//3645
f 4034//3654 4026//3646 4024//3644
f 4042//3662 4038//3658 4037//3657
f 4038//3658 4035//3655 4034//3654
f 4044//3664 4323//3943 4042//3662
f 4035//3655 4028//3648 4026//3646
f 4036//3656 4035//3655 4039//3659
f 4096//3716 4048//3668 4046//3666
f 4100//3720 4097//3717 4096//3716
f 4051//3671 4321//3941 4049//3669
f 4050//3670 4051//3671 4049//3669
f 4097//3717 4050//3670 4048//3668
f 4104//3724 4101//3721 4100//3720
f 4101//3721 4098//3718 4097//3717
f 4108//3728 4105//3725 4104//3724
f 4105//3725 4102//3722 4101//3721
f 4111//3731 4109//3729 4108//3728
f 4109//3729 4106//3726 4105//3725
f 4115//3735 4112//3732 4111//3731
f 4112//3732 4110//3730 4109//3729
f 4113//3733 4112//3732 4125//3745
f 4122//3742 4124//3744 4120//3740
f 4121//3741 4122//3742 4120//3740
f 4127//3747 4121//3741 4119//3739
f 4131//3751 4128//3748 4127//3747
f 4128//3748 4123//3743 4121//3741
f 4135//3755 4132//3752 4131//3751
f 4132//3752 4129//3749 4128//3748
f 4139//3759 4136//3756 4135//3755
f 4136//3756 4133//3753 4132//3752
f 4142//3762 4140//3760 4139//3759
f 4140//3760 4137//3757 4136//3756
f 4146//3766 4143//3763 4142//3762
f 4143//3763 4141//3761 4140//3760
f 4144//3764 4143//3763 4156//3776
f 4153//3773 4155//3775 4151//3771
f 4152//3772 4153//3773 4151//3771
f 4158//3778 4152//3772 4150//3770
f 4164//3784 4159//3779 4158//3778
f 4159//3779 4154//3774 4152//3772
f 4170//3790 4165//3785 4164//3784
f 4165//3785 4160//3780 4159//3779
f 4160//3780 4068//3688 4154//3774
f 4166//3786 4165//3785 4171//3791
f 4161//3781 4160//3780 4166//3786
f 4069//3689 4068//3688 4161//3781
f 4172//3792 4167//3787 4166//3786
f 4167//3787 4162//3782 4161//3781
f 4168//3788 4167//3787 4173//3793
f 4093//3713 4319//3939 4094//3714
f 4318//3938 4320//3940 4319//3939
f 4088//3708 4093//3713 4086//3706
f 4087//3707 4088//3708 4086//3706
f 4092//3712 4318//3938 4093//3713
f 4187//3807 4184//3804 4183//3803
f 4184//3804 4089//3709 4087//3707
f 4185//3805 4184//3804 4188//3808
f 4092//3712 4088//3708 4090//3710
f 4090//3710 4088//3708 4089//3709
f 4091//3711 4089//3709 4185//3805
f 4205//3825 4188//3808 4192//3812
f 4186//3806 4185//3805 4189//3809
f 4204//3824 4189//3809 4205//3825
f 4199//3819 4204//3824 4197//3817
f 4198//3818 4199//3819 4197//3817
f 4207//3827 4198//3818 4196//3816
f 4203//3823 4190//3810 4204//3824
f 4212//3832 4208//3828 4207//3827
f 4201//3821 4203//3823 4199//3819
f 4200//3820 4201//3821 4199//3819
f 4208//3828 4200//3820 4198//3818
f 4217//3837 4213//3833 4212//3832
f 4213//3833 4209//3829 4208//3828
f 4209//3829 4202//3822 4200//3820
f 4214//3834 4213//3833 4218//3838
f 4210//3830 4209//3829 4214//3834
f 4226//3846 4223//3843 4222//3842
f 4223//3843 4219//3839 4218//3838
f 4224//3844 4223//3843 4227//3847
f 4219//3839 4215//3835 4214//3834
f 4220//3840 4219//3839 4224//3844
f 4244//3864 4227//3847 4231//3851
f 4225//3845 4224//3844 4228//3848
f 4243//3863 4228//3848 4244//3864
f 4238//3858 4243//3863 4236//3856
f 4237//3857 4238//3858 4236//3856
f 4246//3866 4237//3857 4235//3855
f 4242//3862 4229//3849 4243//3863
f 4251//3871 4247//3867 4246//3866
f 4240//3860 4242//3862 4238//3858
f 4239//3859 4240//3860 4238//3858
f 4247//3867 4239//3859 4237//3857
f 4269//3889 4252//3872 4251//3871
f 4252//3872 4248//3868 4247//3867
f 4248//3868 4241//3861 4239//3859
f 4253//3873 4252//3872 4270//3890
f 4249//3869 4248//3868 4253//3873
f 4276//3896 4274//3894 4273//3893
f 4274//3894 4271//3891 4270//3890
f 4277//3897 4275//3895 4274//3894
f 4281//3901 4280//3900 4276//3896
f 4272//3892 4281//3901 4276//3896
f 4278//3898 4277//3897 4290//3910
f 4289//3909 4278//3898 4290//3910
f 4289//3909 4257//3877 4278//3898
f 4289//3909 4258//3878 4257//3877
f 4290//3910 4277//3897 4280//3900
f 4280//3900 4277//3897 4276//3896
f 4287//3907 4289//3909 4285//3905
f 4286//3906 4287//3907 4285//3905
f 4292//3912 4286//3906 4284//3904
f 4296//3916 4293//3913 4292//3912
f 4293//3913 4288//3908 4286//3906
f 4300//3920 4297//3917 4296//3916
f 4297//3917 4294//3914 4293//3913
f 4298//3918 4297//3917 4301//3921
f 4307//3927 4305//3925 4304//3924
f 4305//3925 4302//3922 4301//3921
f 4306//3926 4305//3925 4308//3928
f 4324//3944 4325//3945 4326//3946
f 4324//3944 4327//3947 4325//3945
f 4324//3944 4328//3948 4327//3947
f 4327//3947 4328//3948 4329//3949
f 4330//3950 4329//3949 4331//3951
f 4332//3952 4331//3951 4333//3953
f 4334//3954 4333//3953 4335//3955
f 4041//3661 4335//3955 4045//3665
f 4041//3661 4334//3954 4335//3955
f 4041//3661 4043//3663 4334//3954
f 4334//3954 4043//3663 4336//3956
f 4332//3952 4336//3956 4337//3957
f 4330//3950 4337//3957 4338//3958
f 4327//3947 4338//3958 4325//3945
f 4327//3947 4330//3950 4338//3958
f 4327//3947 4329//3949 4330//3950
f 4328//3948 4339//3959 4329//3949
f 4329//3949 4339//3959 4340//3960
f 4331//3951 4340//3960 4341//3961
f 4333//3953 4341//3961 4342//3962
f 4335//3955 4342//3962 4343//3963
f 4045//3665 4343//3963 4095//3715
f 4045//3665 4335//3955 4343//3963
f 4339//3959 4344//3964 4340//3960
f 4340//3960 4344//3964 4345//3965
f 4341//3961 4345//3965 4346//3966
f 4342//3962 4346//3966 4347//3967
f 4343//3963 4347//3967 4348//3968
f 4095//3715 4348//3968 4099//3719
f 4095//3715 4343//3963 4348//3968
f 4344//3964 4349//3969 4345//3965
f 4345//3965 4349//3969 4350//3970
f 4346//3966 4350//3970 4351//3971
f 4347//3967 4351//3971 4352//3972
f 4348//3968 4352//3972 4353//3973
f 4099//3719 4353//3973 4103//3723
f 4099//3719 4348//3968 4353//3973
f 4349//3969 4354//3974 4350//3970
f 4350//3970 4354//3974 4355//3975
f 4351//3971 4355//3975 4356//3976
f 4352//3972 4356//3976 4357//3977
f 4353//3973 4357//3977 4358//3978
f 4103//3723 4358//3978 4107//3727
f 4103//3723 4353//3973 4358//3978
f 4354//3974 4359//3979 4355//3975
f 4355//3975 4359//3979 4360//3980
f 4356//3976 4360//3980 4361//3981
f 4357//3977 4361//3981 4362//3982
f 4358//3978 4362//3982 4363//3983
f 4107//3727 4363//3983 4116//3736
f 4107//3727 4358//3978 4363//3983
f 4359//3979 4364//3984 4360//3980
f 4360//3980 4364//3984 4365//3985
f 4361//3981 4365//3985 4366//3986
f 4362//3982 4366//3986 4367//3987
f 4363//3983 4367//3987 4368//3988
f 4116//3736 4368//3988 4114//3734
f 4116//3736 4363//3983 4368//3988
f 4365//3985 4364//3984 4369//3989
f 4366//3986 4369//3989 4370//3990
f 4367//3987 4370//3990 4371//3991
f 4368//3988 4371//3991 4372//3992
f 4114//3734 4372//3992 4118//3738
f 4114//3734 4368//3988 4372//3992
f 4373//3993 4374//3994 4375//3995
f 4373//3993 4376//3996 4374//3994
f 4373//3993 4377//3997 4376//3996
f 4376//3996 4377//3997 4378//3998
f 4379//3999 4378//3998 4380//4000
f 4381//4001 4380//4000 4382//4002
f 4383//4003 4382//4002 4384//4004
f 4130//3750 4384//4004 4134//3754
f 4130//3750 4383//4003 4384//4004
f 4130//3750 4126//3746 4383//4003
f 4383//4003 4126//3746 4385//4005
f 4381//4001 4385//4005 4386//4006
f 4379//3999 4386//4006 4387//4007
f 4376//3996 4387//4007 4374//3994
f 4376//3996 4379//3999 4387//4007
f 4376//3996 4378//3998 4379//3999
f 4377//3997 4388//4008 4378//3998
f 4378//3998 4388//4008 4389//4009
f 4380//4000 4389//4009 4390//4010
f 4382//4002 4390//4010 4391//4011
f 4384//4004 4391//4011 4392//4012
f 4134//3754 4392//4012 4138//3758
f 4134//3754 4384//4004 4392//4012
f 4388//4008 4393//4013 4389//4009
f 4389//4009 4393//4013 4394//4014
f 4390//4010 4394//4014 4395//4015
f 4391//4011 4395//4015 4396//4016
f 4392//4012 4396//4016 4397//4017
f 4138//3758 4397//4017 4147//3767
f 4138//3758 4392//4012 4397//4017
f 4393//4013 4398//4018 4394//4014
f 4394//4014 4398//4018 4399//4019
f 4395//4015 4399//4019 4400//4020
f 4396//4016 4400//4020 4401//4021
f 4397//4017 4401//4021 4402//4022
f 4147//3767 4402//4022 4145//3765
f 4147//3767 4397//4017 4402//4022
f 4398//4018 4403//4023 4399//4019
f 4399//4019 4403//4023 4404//4024
f 4400//4020 4404//4024 4405//4025
f 4401//4021 4405//4025 4406//4026
f 4402//4022 4406//4026 4407//4027
f 4145//3765 4407//4027 4149//3769
f 4145//3765 4402//4022 4407//4027
f 4403//4023 4408//4028 4404//4024
f 4404//4024 4408//4028 4409//4029
f 4405//4025 4409//4029 4410//4030
f 4406//4026 4410//4030 4411//4031
f 4407//4027 4411//4031 4412//4032
f 4149//3769 4412//4032 4157//3777
f 4149//3769 4407//4027 4412//4032
f 4408//4028 4413//4033 4409//4029
f 4409//4029 4413//4033 4414//4034
f 4410//4030 4414//4034 4415//4035
f 4411//4031 4415//4035 4416//4036
f 4412//4032 4416//4036 4417//4037
f 4157//3777 4417//4037 4163//3783
f 4157//3777 4412//4032 4417//4037
f 4414//4034 4413//4033 4418//4038
f 4415//4035 4418//4038 4419//4039
f 4416//4036 4419//4039 4420//4040
f 4417//4037 4420//4040 4421//4041
f 4163//3783 4421//4041 4169//3789
f 4163//3783 4417//4037 4421//4041
f 4422//4042 4423//4043 4424//4044
f 4422//4042 4425//4045 4423//4043
f 4422//4042 4426//4046 4425//4045
f 4425//4045 4426//4046 4427//4047
f 4428//4048 4427//4047 4429//4049
f 4430//4050 4429//4049 4431//4051
f 4432//4052 4431//4051 4433//4053
f 4176//3796 4433//4053 4178//3798
f 4176//3796 4432//4052 4433//4053
f 4176//3796 4175//3795 4432//4052
f 4432//4052 4175//3795 4434//4054
f 4430//4050 4434//4054 4435//4055
f 4428//4048 4435//4055 4436//4056
f 4425//4045 4436//4056 4423//4043
f 4425//4045 4428//4048 4436//4056
f 4425//4045 4427//4047 4428//4048
f 4426//4046 4437//4057 4427//4047
f 4427//4047 4437//4057 4438//4058
f 4429//4049 4438//4058 4439//4059
f 4431//4051 4439//4059 4440//4060
f 4433//4053 4440//4060 4441//4061
f 4178//3798 4441//4061 4180//3800
f 4178//3798 4433//4053 4441//4061
f 4437//4057 4442//4062 4438//4058
f 4438//4058 4442//4062 4443//4063
f 4439//4059 4443//4063 4444//4064
f 4440//4060 4444//4064 4445//4065
f 4441//4061 4445//4065 4446//4066
f 4180//3800 4446//4066 4081//3701
f 4180//3800 4441//4061 4446//4066
f 4442//4062 4447//4067 4443//4063
f 4443//4063 4447//4067 4448//4068
f 4444//4064 4448//4068 4449//4069
f 4445//4065 4449//4069 4450//4070
f 4446//4066 4450//4070 4451//4071
f 4081//3701 4451//4071 4082//3702
f 4081//3701 4446//4066 4451//4071
f 4447//4067 4452//4072 4448//4068
f 4448//4068 4452//4072 4453//4073
f 4449//4069 4453//4073 4454//4074
f 4450//4070 4454//4074 4455//4075
f 4451//4071 4455//4075 4456//4076
f 4082//3702 4456//4076 4084//3704
f 4082//3702 4451//4071 4456//4076
f 4452//4072 4457//4077 4453//4073
f 4453//4073 4457//4077 4458//4078
f 4454//4074 4458//4078 4459//4079
f 4455//4075 4459//4079 4460//4080
f 4456//4076 4460//4080 4461//4081
f 4084//3704 4461//4081 4182//3802
f 4084//3704 4456//4076 4461//4081
f 4458//4078 4457//4077 4462//4082
f 4459//4079 4462//4082 4463//4083
f 4460//4080 4463//4083 4464//4084
f 4461//4081 4464//4084 4465//4085
f 4182//3802 4465//4085 4193//3813
f 4182//3802 4461//4081 4465//4085
f 4466//4086 4467//4087 4468//4088
f 4466//4086 4469//4089 4467//4087
f 4466//4086 4470//4090 4469//4089
f 4469//4089 4470//4090 4471//4091
f 4472//4092 4471//4091 4473//4093
f 4474//4094 4473//4093 4475//4095
f 4476//4096 4475//4095 4477//4097
f 4195//3815 4477//4097 4206//3826
f 4195//3815 4476//4096 4477//4097
f 4195//3815 4191//3811 4476//4096
f 4476//4096 4191//3811 4478//4098
f 4474//4094 4478//4098 4479//4099
f 4472//4092 4479//4099 4480//4100
f 4469//4089 4480//4100 4467//4087
f 4469//4089 4472//4092 4480//4100
f 4469//4089 4471//4091 4472//4092
f 4470//4090 4481//4101 4471//4091
f 4471//4091 4481//4101 4482//4102
f 4473//4093 4482//4102 4483//4103
f 4475//4095 4483//4103 4484//4104
f 4477//4097 4484//4104 4485//4105
f 4206//3826 4485//4105 4211//3831
f 4206//3826 4477//4097 4485//4105
f 4481//4101 4486//4106 4482//4102
f 4482//4102 4486//4106 4487//4107
f 4483//4103 4487//4107 4488//4108
f 4484//4104 4488//4108 4489//4109
f 4485//4105 4489//4109 4490//4110
f 4211//3831 4490//4110 4216//3836
f 4211//3831 4485//4105 4490//4110
f 4486//4106 4491//4111 4487//4107
f 4487//4107 4491//4111 4492//4112
f 4488//4108 4492//4112 4493//4113
f 4489//4109 4493//4113 4494//4114
f 4490//4110 4494//4114 4495//4115
f 4216//3836 4495//4115 4221//3841
f 4216//3836 4490//4110 4495//4115
f 4491//4111 4496//4116 4492//4112
f 4492//4112 4496//4116 4497//4117
f 4493//4113 4497//4117 4498//4118
f 4494//4114 4498//4118 4499//4119
f 4495//4115 4499//4119 4500//4120
f 4221//3841 4500//4120 4232//3852
f 4221//3841 4495//4115 4500//4120
f 4496//4116 4501//4121 4497//4117
f 4497//4117 4501//4121 4502//4122
f 4498//4118 4502//4122 4503//4123
f 4499//4119 4503//4123 4504//4124
f 4500//4120 4504//4124 4505//4125
f 4232//3852 4505//4125 4230//3850
f 4232//3852 4500//4120 4505//4125
f 4502//4122 4501//4121 4506//4126
f 4503//4123 4506//4126 4507//4127
f 4504//4124 4507//4127 4508//4128
f 4505//4125 4508//4128 4509//4129
f 4230//3850 4509//4129 4234//3854
f 4230//3850 4505//4125 4509//4129
f 4510//4130 4511//4131 4512//4132
f 4510//4130 4513//4133 4511//4131
f 4510//4130 4514//4134 4513//4133
f 4513//4133 4514//4134 4515//4135
f 4516//4136 4515//4135 4517//4137
f 4518//4138 4517//4137 4519//4139
f 4520//4140 4519//4139 4521//4141
f 4250//3870 4521//4141 4268//3888
f 4250//3870 4520//4140 4521//4141
f 4250//3870 4245//3865 4520//4140
f 4520//4140 4245//3865 4522//4142
f 4518//4138 4522//4142 4523//4143
f 4516//4136 4523//4143 4524//4144
f 4513//4133 4524//4144 4511//4131
f 4513//4133 4516//4136 4524//4144
f 4513//4133 4515//4135 4516//4136
f 4514//4134 4525//4145 4515//4135
f 4515//4135 4525//4145 4526//4146
f 4517//4137 4526//4146 4527//4147
f 4519//4139 4527//4147 4528//4148
f 4521//4141 4528//4148 4529//4149
f 4268//3888 4529//4149 4272//3892
f 4268//3888 4521//4141 4529//4149
f 4525//4145 4530//4150 4526//4146
f 4526//4146 4530//4150 4531//4151
f 4527//4147 4531//4151 4532//4152
f 4528//4148 4532//4152 4533//4153
f 4529//4149 4533//4153 4534//4154
f 4272//3892 4534//4154 4281//3901
f 4272//3892 4529//4149 4534//4154
f 4530//4150 4535//4155 4531//4151
f 4531//4151 4535//4155 4536//4156
f 4532//4152 4536//4156 4537//4157
f 4533//4153 4537//4157 4538//4158
f 4534//4154 4538//4158 4539//4159
f 4281//3901 4539//4159 4279//3899
f 4281//3901 4534//4154 4539//4159
f 4535//4155 4540//4160 4536//4156
f 4536//4156 4540//4160 4541//4161
f 4537//4157 4541//4161 4542//4162
f 4538//4158 4542//4162 4543//4163
f 4539//4159 4543//4163 4544//4164
f 4279//3899 4544//4164 4283//3903
f 4279//3899 4539//4159 4544//4164
f 4540//4160 4545//4165 4541//4161
f 4541//4161 4545//4165 4546//4166
f 4542//4162 4546//4166 4547//4167
f 4543//4163 4547//4167 4548//4168
f 4544//4164 4548//4168 4549//4169
f 4283//3903 4549//4169 4291//3911
f 4283//3903 4544//4164 4549//4169
f 4545//4165 4550//4170 4546//4166
f 4546//4166 4550//4170 4551//4171
f 4547//4167 4551//4171 4552//4172
f 4548//4168 4552//4172 4553//4173
f 4549//4169 4553//4173 4554//4174
f 4291//3911 4554//4174 4295//3915
f 4291//3911 4549//4169 4554//4174
f 4551//4171 4550//4170 4555//4175
f 4552//4172 4555//4175 4556//4176
f 4553//4173 4556//4176 4557//4177
f 4554//4174 4557//4177 4558//4178
f 4295//3915 4558//4178 4299//3919
f 4295//3915 4554//4174 4558//4178
f 4559//4179 4560//4180 4561//4181
f 4559//4179 4562//4182 4560//4180
f 4559//4179 4563//4183 4562//4182
f 4562//4182 4563//4183 4564//4184
f 4565//4185 4564//4184 4566//4186
f 4567//4187 4566//4186 4568//4188
f 4569//4189 4568//4188 4570//4190
f 4312//3932 4570//4190 4310//3930
f 4312//3932 4569//4189 4570//4190
f 4312//3932 4303//3923 4569//4189
f 4569//4189 4303//3923 4571//4191
f 4567//4187 4571//4191 4572//4192
f 4565//4185 4572//4192 4573//4193
f 4562//4182 4573//4193 4560//4180
f 4562//4182 4565//4185 4573//4193
f 4562//4182 4564//4184 4565//4185
f 4563//4183 4574//4194 4564//4184
f 4564//4184 4574//4194 4575//4195
f 4566//4186 4575//4195 4576//4196
f 4568//4188 4576//4196 4577//4197
f 4570//4190 4577//4197 4578//4198
f 4310//3930 4578//4198 4019//3639
f 4310//3930 4570//4190 4578//4198
f 4574//4194 4579//4199 4575//4195
f 4575//4195 4579//4199 4580//4200
f 4576//4196 4580//4200 4581//4201
f 4577//4197 4581//4201 4582//4202
f 4578//4198 4582//4202 4583//4203
f 4019//3639 4583//4203 4584//4204
f 4017//3637 4584//4204 4585//4205
f 4021//3641 4585//4205 4586//4206
f 4032//3652 4586//4206 4336//3956
f 4043//3663 4032//3652 4336//3956
f 4579//4199 4587//4207 4580//4200
f 4580//4200 4587//4207 4588//4208
f 4581//4201 4588//4208 4589//4209
f 4582//4202 4589//4209 4590//4210
f 4583//4203 4590//4210 4584//4204
f 4583//4203 4582//4202 4590//4210
f 4587//4207 4591//4211 4588//4208
f 4588//4208 4591//4211 4592//4212
f 4589//4209 4592//4212 4593//4213
f 4590//4210 4593//4213 4594//4214
f 4584//4204 4594//4214 4585//4205
f 4584//4204 4590//4210 4594//4214
f 4591//4211 4326//3946 4592//4212
f 4592//4212 4326//3946 4595//4215
f 4593//4213 4595//4215 4596//4216
f 4594//4214 4596//4216 4597//4217
f 4585//4205 4597//4217 4586//4206
f 4585//4205 4594//4214 4597//4217
f 4583//4203 4019//3639 4578//4198
f 4303//3923 4299//3919 4571//4191
f 4571//4191 4299//3919 4558//4178
f 4572//4192 4558//4178 4557//4177
f 4573//4193 4557//4177 4556//4176
f 4560//4180 4556//4176 4555//4175
f 4561//4181 4555//4175 4550//4170
f 4561//4181 4560//4180 4555//4175
f 4245//3865 4234//3854 4522//4142
f 4522//4142 4234//3854 4509//4129
f 4523//4143 4509//4129 4508//4128
f 4524//4144 4508//4128 4507//4127
f 4511//4131 4507//4127 4506//4126
f 4512//4132 4506//4126 4501//4121
f 4512//4132 4511//4131 4506//4126
f 4191//3811 4193//3813 4478//4098
f 4478//4098 4193//3813 4465//4085
f 4479//4099 4465//4085 4464//4084
f 4480//4100 4464//4084 4463//4083
f 4467//4087 4463//4083 4462//4082
f 4468//4088 4462//4082 4457//4077
f 4468//4088 4467//4087 4462//4082
f 4175//3795 4169//3789 4434//4054
f 4434//4054 4169//3789 4421//4041
f 4435//4055 4421//4041 4420//4040
f 4436//4056 4420//4040 4419//4039
f 4423//4043 4419//4039 4418//4038
f 4424//4044 4418//4038 4413//4033
f 4424//4044 4423//4043 4418//4038
f 4126//3746 4118//3738 4385//4005
f 4385//4005 4118//3738 4372//3992
f 4386//4006 4372//3992 4371//3991
f 4387//4007 4371//3991 4370//3990
f 4374//3994 4370//3990 4369//3989
f 4375//3995 4369//3989 4364//3984
f 4375//3995 4374//3994 4369//3989
f 4032//3652 4021//3641 4586//4206
f 4021//3641 4017//3637 4585//4205
f 4017//3637 4019//3639 4584//4204
f 4454//4074 4453//4073 4458//4078
f 4459//4079 4458//4078 4462//4082
f 4454//4074 4450//4070 4449//4069
f 4455//4075 4454//4074 4459//4079
f 4450//4070 4446//4066 4445//4065
f 4451//4071 4450//4070 4455//4075
f 4410//4030 4409//4029 4414//4034
f 4593//4213 4592//4212 4595//4215
f 4547//4167 4546//4166 4551//4171
f 4326//3946 4325//3945 4595//4215
f 4595//4215 4325//3945 4596//4216
f 4596//4216 4325//3945 4338//3958
f 4597//4217 4338//3958 4337//3957
f 4586//4206 4337//3957 4336//3956
f 4586//4206 4597//4217 4337//3957
f 4596//4216 4594//4214 4593//4213
f 4597//4217 4596//4216 4338//3958
f 4589//4209 4593//4213 4590//4210
f 4332//3952 4337//3957 4330//3950
f 4331//3951 4332//3952 4330//3950
f 4340//3960 4331//3951 4329//3949
f 4345//3965 4341//3961 4340//3960
f 4334//3954 4336//3956 4332//3952
f 4333//3953 4334//3954 4332//3952
f 4341//3961 4333//3953 4331//3951
f 4350//3970 4346//3966 4345//3965
f 4346//3966 4342//3962 4341//3961
f 4342//3962 4335//3955 4333//3953
f 4355//3975 4351//3971 4350//3970
f 4351//3971 4347//3967 4346//3966
f 4347//3967 4343//3963 4342//3962
f 4360//3980 4356//3976 4355//3975
f 4356//3976 4352//3972 4351//3971
f 4352//3972 4348//3968 4347//3967
f 4365//3985 4361//3981 4360//3980
f 4361//3981 4357//3977 4356//3976
f 4357//3977 4353//3973 4352//3972
f 4369//3989 4366//3986 4365//3985
f 4366//3986 4362//3982 4361//3981
f 4362//3982 4358//3978 4357//3977
f 4387//4007 4370//3990 4374//3994
f 4370//3990 4367//3987 4366//3986
f 4367//3987 4363//3983 4362//3982
f 4368//3988 4367//3987 4371//3991
f 4386//4006 4371//3991 4387//4007
f 4381//4001 4386//4006 4379//3999
f 4380//4000 4381//4001 4379//3999
f 4389//4009 4380//4000 4378//3998
f 4385//4005 4372//3992 4386//4006
f 4394//4014 4390//4010 4389//4009
f 4383//4003 4385//4005 4381//4001
f 4382//4002 4383//4003 4381//4001
f 4390//4010 4382//4002 4380//4000
f 4399//4019 4395//4015 4394//4014
f 4395//4015 4391//4011 4390//4010
f 4391//4011 4384//4004 4382//4002
f 4404//4024 4400//4020 4399//4019
f 4400//4020 4396//4016 4395//4015
f 4396//4016 4392//4012 4391//4011
f 4409//4029 4405//4025 4404//4024
f 4405//4025 4401//4021 4400//4020
f 4401//4021 4397//4017 4396//4016
f 4406//4026 4405//4025 4410//4030
f 4402//4022 4401//4021 4406//4026
f 4418//4038 4415//4035 4414//4034
f 4415//4035 4411//4031 4410//4030
f 4416//4036 4415//4035 4419//4039
f 4411//4031 4407//4027 4406//4026
f 4412//4032 4411//4031 4416//4036
f 4436//4056 4419//4039 4423//4043
f 4417//4037 4416//4036 4420//4040
f 4435//4055 4420//4040 4436//4056
f 4430//4050 4435//4055 4428//4048
f 4429//4049 4430//4050 4428//4048
f 4438//4058 4429//4049 4427//4047
f 4434//4054 4421//4041 4435//4055
f 4443//4063 4439//4059 4438//4058
f 4432//4052 4434//4054 4430//4050
f 4431//4051 4432//4052 4430//4050
f 4439//4059 4431//4051 4429//4049
f 4448//4068 4444//4064 4443//4063
f 4444//4064 4440//4060 4439//4059
f 4440//4060 4433//4053 4431//4051
f 4453//4073 4449//4069 4448//4068
f 4449//4069 4445//4065 4444//4064
f 4445//4065 4441//4061 4440//4060
f 4460//4080 4459//4079 4463//4083
f 4456//4076 4455//4075 4460//4080
f 4480//4100 4463//4083 4467//4087
f 4461//4081 4460//4080 4464//4084
f 4479//4099 4464//4084 4480//4100
f 4474//4094 4479//4099 4472//4092
f 4473//4093 4474//4094 4472//4092
f 4482//4102 4473//4093 4471//4091
f 4478//4098 4465//4085 4479//4099
f 4487//4107 4483//4103 4482//4102
f 4476//4096 4478//4098 4474//4094
f 4475//4095 4476//4096 4474//4094
f 4483//4103 4475//4095 4473//4093
f 4492//4112 4488//4108 4487//4107
f 4488//4108 4484//4104 4483//4103
f 4484//4104 4477//4097 4475//4095
f 4497//4117 4493//4113 4492//4112
f 4493//4113 4489//4109 4488//4108
f 4489//4109 4485//4105 4484//4104
f 4502//4122 4498//4118 4497//4117
f 4498//4118 4494//4114 4493//4113
f 4494//4114 4490//4110 4489//4109
f 4506//4126 4503//4123 4502//4122
f 4503//4123 4499//4119 4498//4118
f 4499//4119 4495//4115 4494//4114
f 4524//4144 4507//4127 4511//4131
f 4507//4127 4504//4124 4503//4123
f 4504//4124 4500//4120 4499//4119
f 4505//4125 4504//4124 4508//4128
f 4523//4143 4508//4128 4524//4144
f 4518//4138 4523//4143 4516//4136
f 4517//4137 4518//4138 4516//4136
f 4526//4146 4517//4137 4515//4135
f 4522//4142 4509//4129 4523//4143
f 4531//4151 4527//4147 4526//4146
f 4520//4140 4522//4142 4518//4138
f 4519//4139 4520//4140 4518//4138
f 4527//4147 4519//4139 4517//4137
f 4536//4156 4532//4152 4531//4151
f 4532//4152 4528//4148 4527//4147
f 4528//4148 4521//4141 4519//4139
f 4541//4161 4537//4157 4536//4156
f 4537//4157 4533//4153 4532//4152
f 4533//4153 4529//4149 4528//4148
f 4546//4166 4542//4162 4541//4161
f 4542//4162 4538//4158 4537//4157
f 4538//4158 4534//4154 4533//4153
f 4543//4163 4542//4162 4547//4167
f 4539//4159 4538//4158 4543//4163
f 4555//4175 4552//4172 4551//4171
f 4552//4172 4548//4168 4547//4167
f 4553//4173 4552//4172 4556//4176
f 4548//4168 4544//4164 4543//4163
f 4549//4169 4548//4168 4553//4173
f 4573//4193 4556//4176 4560//4180
f 4554//4174 4553//4173 4557//4177
f 4572//4192 4557//4177 4573//4193
f 4567//4187 4572//4192 4565//4185
f 4566//4186 4567//4187 4565//4185
f 4575//4195 4566//4186 4564//4184
f 4571//4191 4558//4178 4572//4192
f 4580//4200 4576//4196 4575//4195
f 4569//4189 4571//4191 4567//4187
f 4568//4188 4569//4189 4567//4187
f 4576//4196 4568//4188 4566//4186
f 4588//4208 4581//4201 4580//4200
f 4581//4201 4577//4197 4576//4196
f 4577//4197 4570//4190 4568//4188
f 4592//4212 4589//4209 4588//4208
f 4589//4209 4582//4202 4581//4201
f 4582//4202 4578//4198 4577//4197
f 4598//4218 4599//4219 4600//4220
f 4598//4218 4601//4221 4599//4219
f 4598//4218 4602//4222 4601//4221
f 4601//4221 4602//4222 4603//4223
f 4604//4224 4603//4223 4605//4225
f 4606//4226 4605//4225 4607//4227
f 4344//3964 4607//4227 4349//3969
f 4344//3964 4606//4226 4607//4227
f 4344//3964 4339//3959 4606//4226
f 4606//4226 4339//3959 4608//4228
f 4604//4224 4608//4228 4609//4229
f 4601//4221 4609//4229 4599//4219
f 4601//4221 4604//4224 4609//4229
f 4601//4221 4603//4223 4604//4224
f 4602//4222 4610//4230 4603//4223
f 4603//4223 4610//4230 4611//4231
f 4605//4225 4611//4231 4612//4232
f 4607//4227 4612//4232 4613//4233
f 4349//3969 4613//4233 4354//3974
f 4349//3969 4607//4227 4613//4233
f 4610//4230 4614//4234 4611//4231
f 4611//4231 4614//4234 4615//4235
f 4612//4232 4615//4235 4616//4236
f 4613//4233 4616//4236 4617//4237
f 4354//3974 4617//4237 4359//3979
f 4354//3974 4613//4233 4617//4237
f 4615//4235 4614//4234 4618//4238
f 4616//4236 4618//4238 4619//4239
f 4617//4237 4619//4239 4620//4240
f 4359//3979 4620//4240 4364//3984
f 4359//3979 4617//4237 4620//4240
f 4621//4241 4622//4242 4623//4243
f 4621//4241 4624//4244 4622//4242
f 4621//4241 4625//4245 4624//4244
f 4624//4244 4625//4245 4626//4246
f 4627//4247 4626//4246 4628//4248
f 4629//4249 4628//4248 4630//4250
f 4373//3993 4630//4250 4377//3997
f 4373//3993 4629//4249 4630//4250
f 4373//3993 4375//3995 4629//4249
f 4629//4249 4375//3995 4631//4251
f 4627//4247 4631//4251 4632//4252
f 4624//4244 4632//4252 4622//4242
f 4624//4244 4627//4247 4632//4252
f 4624//4244 4626//4246 4627//4247
f 4625//4245 4633//4253 4626//4246
f 4626//4246 4633//4253 4634//4254
f 4628//4248 4634//4254 4635//4255
f 4630//4250 4635//4255 4636//4256
f 4377//3997 4636//4256 4388//4008
f 4377//3997 4630//4250 4636//4256
f 4633//4253 4637//4257 4634//4254
f 4634//4254 4637//4257 4638//4258
f 4635//4255 4638//4258 4639//4259
f 4636//4256 4639//4259 4640//4260
f 4388//4008 4640//4260 4393//4013
f 4388//4008 4636//4256 4640//4260
f 4637//4257 4641//4261 4638//4258
f 4638//4258 4641//4261 4642//4262
f 4639//4259 4642//4262 4643//4263
f 4640//4260 4643//4263 4644//4264
f 4393//4013 4644//4264 4398//4018
f 4393//4013 4640//4260 4644//4264
f 4641//4261 4645//4265 4642//4262
f 4642//4262 4645//4265 4646//4266
f 4643//4263 4646//4266 4647//4267
f 4644//4264 4647//4267 4648//4268
f 4398//4018 4648//4268 4403//4023
f 4398//4018 4644//4264 4648//4268
f 4646//4266 4645//4265 4649//4269
f 4647//4267 4649//4269 4650//4270
f 4648//4268 4650//4270 4651//4271
f 4403//4023 4651//4271 4408//4028
f 4403//4023 4648//4268 4651//4271
f 4652//4272 4653//4273 4654//4274
f 4652//4272 4655//4275 4653//4273
f 4652//4272 4656//4276 4655//4275
f 4655//4275 4656//4276 4657//4277
f 4658//4278 4657//4277 4659//4279
f 4660//4280 4659//4279 4661//4281
f 4424//4044 4661//4281 4422//4042
f 4424//4044 4660//4280 4661//4281
f 4424//4044 4413//4033 4660//4280
f 4660//4280 4413//4033 4662//4282
f 4658//4278 4662//4282 4663//4283
f 4655//4275 4663//4283 4653//4273
f 4655//4275 4658//4278 4663//4283
f 4655//4275 4657//4277 4658//4278
f 4656//4276 4664//4284 4657//4277
f 4657//4277 4664//4284 4665//4285
f 4659//4279 4665//4285 4666//4286
f 4661//4281 4666//4286 4667//4287
f 4422//4042 4667//4287 4426//4046
f 4422//4042 4661//4281 4667//4287
f 4664//4284 4668//4288 4665//4285
f 4665//4285 4668//4288 4669//4289
f 4666//4286 4669//4289 4670//4290
f 4667//4287 4670//4290 4671//4291
f 4426//4046 4671//4291 4437//4057
f 4426//4046 4667//4287 4671//4291
f 4668//4288 4672//4292 4669//4289
f 4669//4289 4672//4292 4673//4293
f 4670//4290 4673//4293 4674//4294
f 4671//4291 4674//4294 4675//4295
f 4437//4057 4675//4295 4442//4062
f 4437//4057 4671//4291 4675//4295
f 4672//4292 4676//4296 4673//4293
f 4673//4293 4676//4296 4677//4297
f 4674//4294 4677//4297 4678//4298
f 4675//4295 4678//4298 4679//4299
f 4442//4062 4679//4299 4447//4067
f 4442//4062 4675//4295 4679//4299
f 4676//4296 4680//4300 4677//4297
f 4677//4297 4680//4300 4681//4301
f 4678//4298 4681//4301 4682//4302
f 4679//4299 4682//4302 4683//4303
f 4447//4067 4683//4303 4452//4072
f 4447//4067 4679//4299 4683//4303
f 4681//4301 4680//4300 4684//4304
f 4682//4302 4684//4304 4685//4305
f 4683//4303 4685//4305 4686//4306
f 4452//4072 4686//4306 4457//4077
f 4452//4072 4683//4303 4686//4306
f 4687//4307 4688//4308 4689//4309
f 4687//4307 4690//4310 4688//4308
f 4687//4307 4691//4311 4690//4310
f 4690//4310 4691//4311 4692//4312
f 4693//4313 4692//4312 4694//4314
f 4695//4315 4694//4314 4696//4316
f 4468//4088 4696//4316 4466//4086
f 4468//4088 4695//4315 4696//4316
f 4468//4088 4457//4077 4695//4315
f 4695//4315 4457//4077 4697//4317
f 4693//4313 4697//4317 4698//4318
f 4690//4310 4698//4318 4688//4308
f 4690//4310 4693//4313 4698//4318
f 4690//4310 4692//4312 4693//4313
f 4691//4311 4699//4319 4692//4312
f 4692//4312 4699//4319 4700//4320
f 4694//4314 4700//4320 4701//4321
f 4696//4316 4701//4321 4702//4322
f 4466//4086 4702//4322 4470//4090
f 4466//4086 4696//4316 4702//4322
f 4699//4319 4703//4323 4700//4320
f 4700//4320 4703//4323 4704//4324
f 4701//4321 4704//4324 4705//4325
f 4702//4322 4705//4325 4706//4326
f 4470//4090 4706//4326 4481//4101
f 4470//4090 4702//4322 4706//4326
f 4703//4323 4707//4327 4704//4324
f 4704//4324 4707//4327 4708//4328
f 4705//4325 4708//4328 4709//4329
f 4706//4326 4709//4329 4710//4330
f 4481//4101 4710//4330 4486//4106
f 4481//4101 4706//4326 4710//4330
f 4707//4327 4711//4331 4708//4328
f 4708//4328 4711//4331 4712//4332
f 4709//4329 4712//4332 4713//4333
f 4710//4330 4713//4333 4714//4334
f 4486//4106 4714//4334 4491//4111
f 4486//4106 4710//4330 4714//4334
f 4712//4332 4711//4331 4715//4335
f 4713//4333 4715//4335 4716//4336
f 4714//4334 4716//4336 4717//4337
f 4491//4111 4717//4337 4496//4116
f 4491//4111 4714//4334 4717//4337
f 4718//4338 4719//4339 4720//4340
f 4718//4338 4721//4341 4719//4339
f 4718//4338 4722//4342 4721//4341
f 4721//4341 4722//4342 4723//4343
f 4724//4344 4723//4343 4725//4345
f 4726//4346 4725//4345 4727//4347
f 4512//4132 4727//4347 4510//4130
f 4512//4132 4726//4346 4727//4347
f 4512//4132 4501//4121 4726//4346
f 4726//4346 4501//4121 4728//4348
f 4724//4344 4728//4348 4729//4349
f 4721//4341 4729//4349 4719//4339
f 4721//4341 4724//4344 4729//4349
f 4721//4341 4723//4343 4724//4344
f 4722//4342 4730//4350 4723//4343
f 4723//4343 4730//4350 4731//4351
f 4725//4345 4731//4351 4732//4352
f 4727//4347 4732//4352 4733//4353
f 4510//4130 4733//4353 4514//4134
f 4510//4130 4727//4347 4733//4353
f 4730//4350 4734//4354 4731//4351
f 4731//4351 4734//4354 4735//4355
f 4732//4352 4735//4355 4736//4356
f 4733//4353 4736//4356 4737//4357
f 4514//4134 4737//4357 4525//4145
f 4514//4134 4733//4353 4737//4357
f 4734//4354 4738//4358 4735//4355
f 4735//4355 4738//4358 4739//4359
f 4736//4356 4739//4359 4740//4360
f 4737//4357 4740//4360 4741//4361
f 4525//4145 4741//4361 4530//4150
f 4525//4145 4737//4357 4741//4361
f 4738//4358 4742//4362 4739//4359
f 4739//4359 4742//4362 4743//4363
f 4740//4360 4743//4363 4744//4364
f 4741//4361 4744//4364 4745//4365
f 4530//4150 4745//4365 4535//4155
f 4530//4150 4741//4361 4745//4365
f 4742//4362 4746//4366 4743//4363
f 4743//4363 4746//4366 4747//4367
f 4744//4364 4747//4367 4748//4368
f 4745//4365 4748//4368 4749//4369
f 4535//4155 4749//4369 4540//4160
f 4535//4155 4745//4365 4749//4369
f 4747//4367 4746//4366 4750//4370
f 4748//4368 4750//4370 4751//4371
f 4749//4369 4751//4371 4752//4372
f 4540//4160 4752//4372 4545//4165
f 4540//4160 4749//4369 4752//4372
f 4753//4373 4754//4374 4755//4375
f 4753//4373 4756//4376 4754//4374
f 4753//4373 4757//4377 4756//4376
f 4756//4376 4757//4377 4758//4378
f 4759//4379 4758//4378 4760//4380
f 4761//4381 4760//4380 4762//4382
f 4561//4181 4762//4382 4559//4179
f 4561//4181 4761//4381 4762//4382
f 4561//4181 4550//4170 4761//4381
f 4761//4381 4550//4170 4763//4383
f 4759//4379 4763//4383 4764//4384
f 4756//4376 4764//4384 4754//4374
f 4756//4376 4759//4379 4764//4384
f 4756//4376 4758//4378 4759//4379
f 4757//4377 4765//4385 4758//4378
f 4758//4378 4765//4385 4766//4386
f 4760//4380 4766//4386 4767//4387
f 4762//4382 4767//4387 4768//4388
f 4559//4179 4768//4388 4563//4183
f 4559//4179 4762//4382 4768//4388
f 4765//4385 4769//4389 4766//4386
f 4766//4386 4769//4389 4770//4390
f 4767//4387 4770//4390 4771//4391
f 4768//4388 4771//4391 4772//4392
f 4563//4183 4772//4392 4574//4194
f 4563//4183 4768//4388 4772//4392
f 4769//4389 4773//4393 4770//4390
f 4770//4390 4773//4393 4774//4394
f 4771//4391 4774//4394 4775//4395
f 4772//4392 4775//4395 4776//4396
f 4574//4194 4776//4396 4579//4199
f 4574//4194 4772//4392 4776//4396
f 4773//4393 4777//4397 4774//4394
f 4774//4394 4777//4397 4778//4398
f 4775//4395 4778//4398 4779//4399
f 4776//4396 4779//4399 4780//4400
f 4579//4199 4780//4400 4587//4207
f 4579//4199 4776//4396 4780//4400
f 4778//4398 4777//4397 4781//4401
f 4779//4399 4781//4401 4782//4402
f 4780//4400 4782//4402 4783//4403
f 4587//4207 4783//4403 4591//4211
f 4587//4207 4780//4400 4783//4403
f 4784//4404 4785//4405 4786//4406
f 4784//4404 4787//4407 4785//4405
f 4784//4404 4788//4408 4787//4407
f 4787//4407 4788//4408 4789//4409
f 4790//4410 4789//4409 4791//4411
f 4792//4412 4791//4411 4793//4413
f 4324//3944 4793//4413 4328//3948
f 4324//3944 4792//4412 4793//4413
f 4324//3944 4326//3946 4792//4412
f 4792//4412 4326//3946 4794//4414
f 4790//4410 4794//4414 4795//4415
f 4787//4407 4795//4415 4785//4405
f 4787//4407 4790//4410 4795//4415
f 4787//4407 4789//4409 4790//4410
f 4788//4408 4600//4220 4789//4409
f 4789//4409 4600//4220 4599//4219
f 4791//4411 4599//4219 4609//4229
f 4793//4413 4609//4229 4608//4228
f 4328//3948 4608//4228 4339//3959
f 4328//3948 4793//4413 4608//4228
f 4326//3946 4591//4211 4794//4414
f 4794//4414 4591//4211 4783//4403
f 4795//4415 4783//4403 4782//4402
f 4785//4405 4782//4402 4781//4401
f 4786//4406 4781//4401 4777//4397
f 4786//4406 4785//4405 4781//4401
f 4550//4170 4545//4165 4763//4383
f 4763//4383 4545//4165 4752//4372
f 4764//4384 4752//4372 4751//4371
f 4754//4374 4751//4371 4750//4370
f 4755//4375 4750//4370 4746//4366
f 4755//4375 4754//4374 4750//4370
f 4501//4121 4496//4116 4728//4348
f 4728//4348 4496//4116 4717//4337
f 4729//4349 4717//4337 4716//4336
f 4719//4339 4716//4336 4715//4335
f 4720//4340 4715//4335 4711//4331
f 4720//4340 4719//4339 4715//4335
f 4697//4317 4457//4077 4686//4306
f 4698//4318 4686//4306 4685//4305
f 4688//4308 4685//4305 4684//4304
f 4689//4309 4684//4304 4680//4300
f 4689//4309 4688//4308 4684//4304
f 4413//4033 4408//4028 4662//4282
f 4662//4282 4408//4028 4651//4271
f 4663//4283 4651//4271 4650//4270
f 4653//4273 4650//4270 4649//4269
f 4654//4274 4649//4269 4645//4265
f 4654//4274 4653//4273 4649//4269
f 4375//3995 4364//3984 4631//4251
f 4631//4251 4364//3984 4620//4240
f 4632//4252 4620//4240 4619//4239
f 4622//4242 4619//4239 4618//4238
f 4623//4243 4618//4238 4614//4234
f 4623//4243 4622//4242 4618//4238
f 4686//4306 4698//4318 4697//4317
f 4700//4320 4694//4314 4692//4312
f 4694//4314 4695//4315 4693//4313
f 4693//4313 4695//4315 4697//4317
f 4678//4298 4677//4297 4681//4301
f 4612//4232 4611//4231 4615//4235
f 4744//4364 4743//4363 4747//4367
f 4599//4219 4791//4411 4789//4409
f 4794//4414 4790//4410 4792//4412
f 4792//4412 4790//4410 4791//4411
f 4793//4413 4791//4411 4609//4229
f 4783//4403 4795//4415 4794//4414
f 4606//4226 4608//4228 4604//4224
f 4605//4225 4606//4226 4604//4224
f 4611//4231 4605//4225 4603//4223
f 4607//4227 4605//4225 4612//4232
f 4618//4238 4616//4236 4615//4235
f 4616//4236 4613//4233 4612//4232
f 4617//4237 4616//4236 4619//4239
f 4632//4252 4619//4239 4622//4242
f 4631//4251 4620//4240 4632//4252
f 4629//4249 4631//4251 4627//4247
f 4628//4248 4629//4249 4627//4247
f 4634//4254 4628//4248 4626//4246
f 4638//4258 4635//4255 4634//4254
f 4635//4255 4630//4250 4628//4248
f 4642//4262 4639//4259 4638//4258
f 4639//4259 4636//4256 4635//4255
f 4646//4266 4643//4263 4642//4262
f 4643//4263 4640//4260 4639//4259
f 4649//4269 4647//4267 4646//4266
f 4647//4267 4644//4264 4643//4263
f 4663//4283 4650//4270 4653//4273
f 4650//4270 4648//4268 4647//4267
f 4662//4282 4651//4271 4663//4283
f 4660//4280 4662//4282 4658//4278
f 4659//4279 4660//4280 4658//4278
f 4665//4285 4659//4279 4657//4277
f 4669//4289 4666//4286 4665//4285
f 4666//4286 4661//4281 4659//4279
f 4673//4293 4670//4290 4669//4289
f 4670//4290 4667//4287 4666//4286
f 4677//4297 4674//4294 4673//4293
f 4674//4294 4671//4291 4670//4290
f 4675//4295 4674//4294 4678//4298
f 4684//4304 4682//4302 4681//4301
f 4682//4302 4679//4299 4678//4298
f 4683//4303 4682//4302 4685//4305
f 4698//4318 4685//4305 4688//4308
f 4704//4324 4701//4321 4700//4320
f 4701//4321 4696//4316 4694//4314
f 4708//4328 4705//4325 4704//4324
f 4705//4325 4702//4322 4701//4321
f 4712//4332 4709//4329 4708//4328
f 4709//4329 4706//4326 4705//4325
f 4715//4335 4713//4333 4712//4332
f 4713//4333 4710//4330 4709//4329
f 4729//4349 4716//4336 4719//4339
f 4716//4336 4714//4334 4713//4333
f 4728//4348 4717//4337 4729//4349
f 4726//4346 4728//4348 4724//4344
f 4725//4345 4726//4346 4724//4344
f 4731//4351 4725//4345 4723//4343
f 4735//4355 4732//4352 4731//4351
f 4732//4352 4727//4347 4725//4345
f 4739//4359 4736//4356 4735//4355
f 4736//4356 4733//4353 4732//4352
f 4743//4363 4740//4360 4739//4359
f 4740//4360 4737//4357 4736//4356
f 4741//4361 4740//4360 4744//4364
f 4750//4370 4748//4368 4747//4367
f 4748//4368 4745//4365 4744//4364
f 4749//4369 4748//4368 4751//4371
f 4764//4384 4751//4371 4754//4374
f 4763//4383 4752//4372 4764//4384
f 4761//4381 4763//4383 4759//4379
f 4760//4380 4761//4381 4759//4379
f 4766//4386 4760//4380 4758//4378
f 4770//4390 4767//4387 4766//4386
f 4767//4387 4762//4382 4760//4380
f 4774//4394 4771//4391 4770//4390
f 4771//4391 4768//4388 4767//4387
f 4778//4398 4775//4395 4774//4394
f 4775//4395 4772//4392 4771//4391
f 4781//4401 4779//4399 4778//4398
f 4779//4399 4776//4396 4775//4395
f 4795//4415 4782//4402 4785//4405
f 4782//4402 4780//4400 4779//4399
f 4788//4408 4699//4319 4600//4220
f 4788//4408 4703//4323 4699//4319
f 4788//4408 4784//4404 4703//4323
f 4703//4323 4784//4404 4707//4327
f 4707//4327 4784//4404 4786//4406
f 4711//4331 4786//4406 4777//4397
f 4720//4340 4777//4397 4773//4393
f 4718//4338 4773//4393 4769//4389
f 4722//4342 4769//4389 4765//4385
f 4730//4350 4765//4385 4757//4377
f 4734//4354 4757//4377 4753//4373
f 4738//4358 4753//4373 4755//4375
f 4742//4362 4755//4375 4746//4366
f 4742//4362 4738//4358 4755//4375
f 4707//4327 4786//4406 4711//4331
f 4711//4331 4777//4397 4720//4340
f 4720//4340 4773//4393 4718//4338
f 4718//4338 4769//4389 4722//4342
f 4722//4342 4765//4385 4730//4350
f 4730//4350 4757//4377 4734//4354
f 4734//4354 4753//4373 4738//4358
f 4699//4319 4691//4311 4600//4220
f 4600//4220 4691//4311 4598//4218
f 4598//4218 4691//4311 4687//4307
f 4602//4222 4687//4307 4689//4309
f 4610//4230 4689//4309 4680//4300
f 4614//4234 4680//4300 4676//4296
f 4623//4243 4676//4296 4672//4292
f 4621//4241 4672//4292 4668//4288
f 4625//4245 4668//4288 4664//4284
f 4633//4253 4664//4284 4656//4276
f 4637//4257 4656//4276 4652//4272
f 4641//4261 4652//4272 4654//4274
f 4645//4265 4641//4261 4654//4274
f 4598//4218 4687//4307 4602//4222
f 4602//4222 4689//4309 4610//4230
f 4610//4230 4680//4300 4614//4234
f 4614//4234 4676//4296 4623//4243
f 4623//4243 4672//4292 4621//4241
f 4621//4241 4668//4288 4625//4245
f 4625//4245 4664//4284 4633//4253
f 4633//4253 4656//4276 4637//4257
f 4637//4257 4652//4272 4641//4261
f 4796//4416 4797//4417 4798//4418
f 4796//4416 4799//4419 4797//4417
f 4796//4416 4800//4420 4799//4419
f 4799//4419 4800//4420 4801//4421
f 4801//4421 4800//4420 4802//4422
f 4803//4423 4802//4422 4804//4424
f 4805//4425 4804//4424 4806//4426
f 4807//4427 4806//4426 4808//4428
f 4809//4429 4808//4428 4810//4430
f 4811//4431 4810//4430 4812//4432
f 4813//4433 4812//4432 4814//4434
f 4815//4435 4814//4434 4816//4436
f 4817//4437 4816//4436 4818//4438
f 4819//4439 4818//4438 4820//4440
f 4821//4441 4820//4440 4822//4442
f 4823//4443 4822//4442 4824//4444
f 4825//4445 4824//4444 4826//4446
f 4827//4447 4826//4446 4828//4448
f 4829//4449 4828//4448 4830//4450
f 4831//4451 4830//4450 4832//4452
f 4833//4453 4832//4452 4834//4454
f 4835//4455 4834//4454 4836//4456
f 4837//4457 4836//4456 4838//4458
f 4839//4459 4838//4458 4840//4460
f 4841//4461 4840//4460 4842//4462
f 4843//4463 4842//4462 4844//4464
f 4845//4465 4844//4464 4846//4466
f 4847//4467 4846//4466 4848//4468
f 4849//4469 4848//4468 4850//4470
f 4851//4471 4850//4470 4852//4472
f 4853//4473 4852//4472 4854//4474
f 4855//4475 4854//4474 4856//4476
f 4857//4477 4856//4476 4858//4478
f 4859//4479 4858//4478 4860//4480
f 4861//4481 4860//4480 4862//4482
f 4863//4483 4862//4482 4864//4484
f 4865//4485 4864//4484 4866//4486
f 4867//4487 4866//4486 4868//4488
f 4869//4489 4868//4488 4870//4490
f 4871//4491 4870//4490 4872//4492
f 4873//4493 4872//4492 4874//4494
f 4875//4495 4874//4494 4876//4496
f 4877//4497 4876//4496 4878//4498
f 4879//4499 4878//4498 4880//4500
f 4881//4501 4880//4500 4882//4502
f 4883//4503 4882//4502 4884//4504
f 4885//4505 4884//4504 4886//4506
f 4887//4507 4886//4506 4888//4508
f 4889//4509 4888//4508 4890//4510
f 4891//4511 4890//4510 4892//4512
f 4893//4513 4892//4512 4894//4514
f 4895//4515 4894//4514 4896//4516
f 4897//4517 4896//4516 4898//4518
f 4899//4519 4898//4518 4900//4520
f 4901//4521 4900//4520 4902//4522
f 4903//4523 4902//4522 4904//4524
f 4905//4525 4904//4524 4906//4526
f 4907//4527 4906//4526 4908//4528
f 4909//4529 4908//4528 4910//4530
f 4911//4531 4910//4530 4912//4532
f 4913//4533 4912//4532 4914//4534
f 4915//4535 4914//4534 4798//4418
f 4797//4417 4915//4535 4798//4418
f 4801//4421 4802//4422 4803//4423
f 4803//4423 4804//4424 4805//4425
f 4805//4425 4806//4426 4807//4427
f 4807//4427 4808//4428 4809//4429
f 4809//4429 4810//4430 4811//4431
f 4811//4431 4812//4432 4813//4433
f 4813//4433 4814//4434 4815//4435
f 4815//4435 4816//4436 4817//4437
f 4817//4437 4818//4438 4819//4439
f 4819//4439 4820//4440 4821//4441
f 4821//4441 4822//4442 4823//4443
f 4823//4443 4824//4444 4825//4445
f 4825//4445 4826//4446 4827//4447
f 4827//4447 4828//4448 4829//4449
f 4829//4449 4830//4450 4831//4451
f 4831//4451 4832//4452 4833//4453
f 4833//4453 4834//4454 4835//4455
f 4835//4455 4836//4456 4837//4457
f 4837//4457 4838//4458 4839//4459
f 4839//4459 4840//4460 4841//4461
f 4841//4461 4842//4462 4843//4463
f 4843//4463 4844//4464 4845//4465
f 4845//4465 4846//4466 4847//4467
f 4847//4467 4848//4468 4849//4469
f 4849//4469 4850//4470 4851//4471
f 4851//4471 4852//4472 4853//4473
f 4853//4473 4854//4474 4855//4475
f 4855//4475 4856//4476 4857//4477
f 4857//4477 4858//4478 4859//4479
f 4859//4479 4860//4480 4861//4481
f 4861//4481 4862//4482 4863//4483
f 4863//4483 4864//4484 4865//4485
f 4865//4485 4866//4486 4867//4487
f 4867//4487 4868//4488 4869//4489
f 4869//4489 4870//4490 4871//4491
f 4871//4491 4872//4492 4873//4493
f 4873//4493 4874//4494 4875//4495
f 4875//4495 4876//4496 4877//4497
f 4877//4497 4878//4498 4879//4499
f 4879//4499 4880//4500 4881//4501
f 4881//4501 4882//4502 4883//4503
f 4883//4503 4884//4504 4885//4505
f 4885//4505 4886//4506 4887//4507
f 4887//4507 4888//4508 4889//4509
f 4889//4509 4890//4510 4891//4511
f 4891//4511 4892//4512 4893//4513
f 4893//4513 4894//4514 4895//4515
f 4895//4515 4896//4516 4897//4517
f 4897//4517 4898//4518 4899//4519
f 4899//4519 4900//4520 4901//4521
f 4901//4521 4902//4522 4903//4523
f 4903//4523 4904//4524 4905//4525
f 4905//4525 4906//4526 4907//4527
f 4907//4527 4908//4528 4909//4529
f 4909//4529 4910//4530 4911//4531
f 4911//4531 4912//4532 4913//4533
f 4913//4533 4914//4534 4915//4535
f 4916//4536 4917//4537 4918//4538
f 4916//4536 4919//4539 4917//4537
f 4916//4536 4920//4540 4919//4539
f 4919//4539 4920//4540 4921//4541
f 4922//4542 4921//4541 4923//4543
f 4924//4544 4923//4543 4925//4545
f 4926//4546 4925//4545 4927//4547
f 4806//4426 4927//4547 4808//4428
f 4806//4426 4926//4546 4927//4547
f 4806//4426 4804//4424 4926//4546
f 4926//4546 4804//4424 4928//4548
f 4924//4544 4928//4548 4929//4549
f 4922//4542 4929//4549 4930//4550
f 4919//4539 4930//4550 4917//4537
f 4919//4539 4922//4542 4930//4550
f 4919//4539 4921//4541 4922//4542
f 4920//4540 4931//4551 4921//4541
f 4921//4541 4931//4551 4932//4552
f 4923//4543 4932//4552 4933//4553
f 4925//4545 4933//4553 4934//4554
f 4927//4547 4934//4554 4935//4555
f 4808//4428 4935//4555 4810//4430
f 4808//4428 4927//4547 4935//4555
f 4932//4552 4931//4551 4936//4556
f 4933//4553 4936//4556 4937//4557
f 4934//4554 4937//4557 4938//4558
f 4935//4555 4938//4558 4939//4559
f 4810//4430 4939//4559 4812//4432
f 4810//4430 4935//4555 4939//4559
f 4940//4560 4941//4561 4942//4562
f 4940//4560 4943//4563 4941//4561
f 4940//4560 4944//4564 4943//4563
f 4943//4563 4944//4564 4945//4565
f 4946//4566 4945//4565 4947//4567
f 4948//4568 4947//4567 4949//4569
f 4950//4570 4949//4569 4951//4571
f 4816//4436 4951//4571 4952//4572
f 4818//4438 4952//4572 4953//4573
f 4820//4440 4953//4573 4954//4574
f 4822//4442 4954//4574 4955//4575
f 4824//4444 4955//4575 4956//4576
f 4826//4446 4956//4576 4957//4577
f 4828//4448 4957//4577 4958//4578
f 4830//4450 4958//4578 4959//4579
f 4832//4452 4959//4579 4960//4580
f 4834//4454 4960//4580 4961//4581
f 4836//4456 4961//4581 4962//4582
f 4838//4458 4962//4582 4963//4583
f 4840//4460 4963//4583 4964//4584
f 4842//4462 4964//4584 4965//4585
f 4844//4464 4965//4585 4966//4586
f 4846//4466 4966//4586 4967//4587
f 4848//4468 4967//4587 4968//4588
f 4850//4470 4968//4588 4969//4589
f 4852//4472 4969//4589 4970//4590
f 4854//4474 4970//4590 4971//4591
f 4856//4476 4971//4591 4972//4592
f 4973//4593 4972//4592 4974//4594
f 4975//4595 4974//4594 4976//4596
f 4977//4597 4976//4596 4978//4598
f 4979//4599 4978//4598 4980//4600
f 4981//4601 4979//4599 4980//4600
f 4981//4601 4982//4602 4979//4599
f 4981//4601 4983//4603 4982//4602
f 4982//4602 4983//4603 4984//4604
f 4985//4605 4984//4604 4986//4606
f 4987//4607 4986//4606 4988//4608
f 4989//4609 4988//4608 4990//4610
f 4866//4486 4990//4610 4868//4488
f 4866//4486 4989//4609 4990//4610
f 4866//4486 4864//4484 4989//4609
f 4989//4609 4864//4484 4991//4611
f 4987//4607 4991//4611 4992//4612
f 4985//4605 4992//4612 4993//4613
f 4982//4602 4993//4613 4979//4599
f 4982//4602 4985//4605 4993//4613
f 4982//4602 4984//4604 4985//4605
f 4944//4564 4994//4614 4945//4565
f 4945//4565 4994//4614 4995//4615
f 4947//4567 4995//4615 4996//4616
f 4949//4569 4996//4616 4997//4617
f 4951//4571 4997//4617 4952//4572
f 4951//4571 4949//4569 4997//4617
f 4994//4614 4998//4618 4995//4615
f 4995//4615 4998//4618 4999//4619
f 4996//4616 4999//4619 5000//4620
f 4997//4617 5000//4620 5001//4621
f 4952//4572 5001//4621 4953//4573
f 4952//4572 4997//4617 5001//4621
f 4998//4618 5002//4622 4999//4619
f 4999//4619 5002//4622 5003//4623
f 5000//4620 5003//4623 5004//4624
f 5001//4621 5004//4624 5005//4625
f 4953//4573 5005//4625 4954//4574
f 4953//4573 5001//4621 5005//4625
f 5002//4622 5006//4626 5003//4623
f 5003//4623 5006//4626 5007//4627
f 5004//4624 5007//4627 5008//4628
f 5005//4625 5008//4628 5009//4629
f 4954//4574 5009//4629 4955//4575
f 4954//4574 5005//4625 5009//4629
f 5007//4627 5006//4626 5010//4630
f 5008//4628 5010//4630 5011//4631
f 5009//4629 5011//4631 5012//4632
f 4955//4575 5012//4632 4956//4576
f 4955//4575 5009//4629 5012//4632
f 5013//4633 5014//4634 5015//4635
f 5013//4633 5016//4636 5014//4634
f 5013//4633 5017//4637 5016//4636
f 5016//4636 5017//4637 5018//4638
f 5019//4639 5018//4638 5020//4640
f 5021//4641 5020//4640 5022//4642
f 4958//4578 5022//4642 4959//4579
f 4958//4578 5021//4641 5022//4642
f 4958//4578 4957//4577 5021//4641
f 5021//4641 4957//4577 5023//4643
f 5019//4639 5023//4643 5024//4644
f 5016//4636 5024//4644 5014//4634
f 5016//4636 5019//4639 5024//4644
f 5016//4636 5018//4638 5019//4639
f 5017//4637 5025//4645 5018//4638
f 5018//4638 5025//4645 5026//4646
f 5020//4640 5026//4646 5027//4647
f 5022//4642 5027//4647 5028//4648
f 4959//4579 5028//4648 4960//4580
f 4959//4579 5022//4642 5028//4648
f 5025//4645 5029//4649 5026//4646
f 5026//4646 5029//4649 5030//4650
f 5027//4647 5030//4650 5031//4651
f 5028//4648 5031//4651 5032//4652
f 4960//4580 5032//4652 4961//4581
f 4960//4580 5028//4648 5032//4652
f 5029//4649 5033//4653 5030//4650
f 5030//4650 5033//4653 5034//4654
f 5031//4651 5034//4654 5035//4655
f 5032//4652 5035//4655 5036//4656
f 4961//4581 5036//4656 4962//4582
f 4961//4581 5032//4652 5036//4656
f 5033//4653 5037//4657 5034//4654
f 5034//4654 5037//4657 5038//4658
f 5035//4655 5038//4658 5039//4659
f 5036//4656 5039//4659 5040//4660
f 4962//4582 5040//4660 4963//4583
f 4962//4582 5036//4656 5040//4660
f 5038//4658 5037//4657 5041//4661
f 5039//4659 5041//4661 5042//4662
f 5040//4660 5042//4662 5043//4663
f 4963//4583 5043//4663 4964//4584
f 4963//4583 5040//4660 5043//4663
f 5044//4664 5045//4665 5046//4666
f 5044//4664 5047//4667 5045//4665
f 5044//4664 5048//4668 5047//4667
f 5047//4667 5048//4668 5049//4669
f 5050//4670 5049//4669 5051//4671
f 5052//4672 5051//4671 5053//4673
f 4966//4586 5053//4673 4967//4587
f 4966//4586 5052//4672 5053//4673
f 4966//4586 4965//4585 5052//4672
f 5052//4672 4965//4585 5054//4674
f 5050//4670 5054//4674 5055//4675
f 5047//4667 5055//4675 5045//4665
f 5047//4667 5050//4670 5055//4675
f 5047//4667 5049//4669 5050//4670
f 5048//4668 5056//4676 5049//4669
f 5049//4669 5056//4676 5057//4677
f 5051//4671 5057//4677 5058//4678
f 5053//4673 5058//4678 5059//4679
f 4967//4587 5059//4679 5060//4680
f 4968//4588 5060//4680 5061//4681
f 4969//4589 5061//4681 4970//4590
f 4969//4589 4968//4588 5061//4681
f 5056//4676 5062//4682 5057//4677
f 5057//4677 5062//4682 5063//4683
f 5058//4678 5063//4683 5064//4684
f 5059//4679 5064//4684 5065//4685
f 5060//4680 5065//4685 5066//4686
f 5061//4681 5066//4686 5067//4687
f 4970//4590 5067//4687 4971//4591
f 4970//4590 5061//4681 5067//4687
f 5062//4682 5068//4688 5063//4683
f 5063//4683 5068//4688 5069//4689
f 5064//4684 5069//4689 5070//4690
f 5065//4685 5070//4690 5071//4691
f 5066//4686 5071//4691 5072//4692
f 5067//4687 5072//4692 5073//4693
f 4971//4591 5073//4693 4972//4592
f 4971//4591 5067//4687 5073//4693
f 5068//4688 5074//4694 5069//4689
f 5069//4689 5074//4694 5070//4690
f 5070//4690 5074//4694 5071//4691
f 5071//4691 5074//4694 5075//4695
f 5076//4696 5075//4695 5077//4697
f 5078//4698 5077//4697 5079//4699
f 4978//4598 5079//4699 4980//4600
f 4978//4598 5078//4698 5079//4699
f 4978//4598 4976//4596 5078//4698
f 5078//4698 4976//4596 5080//4700
f 5076//4696 5080//4700 5072//4692
f 5071//4691 5076//4696 5072//4692
f 5071//4691 5075//4695 5076//4696
f 5076//4696 5077//4697 5078//4698
f 5080//4700 5076//4696 5078//4698
f 4983//4603 5081//4701 4984//4604
f 4984//4604 5081//4701 5082//4702
f 4986//4606 5082//4702 5083//4703
f 4988//4608 5083//4703 5084//4704
f 4990//4610 5084//4704 5085//4705
f 4868//4488 5085//4705 4870//4490
f 4868//4488 4990//4610 5085//4705
f 5082//4702 5081//4701 5086//4706
f 5083//4703 5086//4706 5087//4707
f 5084//4704 5087//4707 5088//4708
f 5085//4705 5088//4708 5089//4709
f 4870//4490 5089//4709 4872//4492
f 4870//4490 5085//4705 5089//4709
f 5090//4710 5091//4711 5092//4712
f 5090//4710 5093//4713 5091//4711
f 5090//4710 5094//4714 5093//4713
f 5093//4713 5094//4714 5095//4715
f 5096//4716 5095//4715 5097//4717
f 5098//4718 5097//4717 5099//4719
f 5100//4720 5099//4719 5101//4721
f 4876//4496 5101//4721 4878//4498
f 4876//4496 5100//4720 5101//4721
f 4876//4496 4874//4494 5100//4720
f 5100//4720 4874//4494 5102//4722
f 5098//4718 5102//4722 5103//4723
f 5096//4716 5103//4723 5104//4724
f 5093//4713 5104//4724 5091//4711
f 5093//4713 5096//4716 5104//4724
f 5093//4713 5095//4715 5096//4716
f 5094//4714 5105//4725 5095//4715
f 5095//4715 5105//4725 5106//4726
f 5097//4717 5106//4726 5107//4727
f 5099//4719 5107//4727 5108//4728
f 5101//4721 5108//4728 5109//4729
f 4878//4498 5109//4729 4880//4500
f 4878//4498 5101//4721 5109//4729
f 5105//4725 5110//4730 5106//4726
f 5106//4726 5110//4730 5111//4731
f 5107//4727 5111//4731 5112//4732
f 5108//4728 5112//4732 5113//4733
f 5109//4729 5113//4733 5114//4734
f 4880//4500 5114//4734 4882//4502
f 4880//4500 5109//4729 5114//4734
f 5110//4730 5115//4735 5111//4731
f 5111//4731 5115//4735 5116//4736
f 5112//4732 5116//4736 5117//4737
f 5113//4733 5117//4737 5118//4738
f 5114//4734 5118//4738 5119//4739
f 4882//4502 5119//4739 4884//4504
f 4882//4502 5114//4734 5119//4739
f 5115//4735 5120//4740 5116//4736
f 5116//4736 5120//4740 5121//4741
f 5117//4737 5121//4741 5122//4742
f 5118//4738 5122//4742 5123//4743
f 5119//4739 5123//4743 5124//4744
f 4884//4504 5124//4744 4886//4506
f 4884//4504 5119//4739 5124//4744
f 5121//4741 5120//4740 5125//4745
f 5122//4742 5125//4745 5126//4746
f 5123//4743 5126//4746 5127//4747
f 5124//4744 5127//4747 5128//4748
f 4886//4506 5128//4748 4888//4508
f 4886//4506 5124//4744 5128//4748
f 5129//4749 5130//4750 5131//4751
f 5129//4749 5132//4752 5130//4750
f 5129//4749 5133//4753 5132//4752
f 5132//4752 5133//4753 5134//4754
f 5135//4755 5134//4754 5136//4756
f 5137//4757 5136//4756 5138//4758
f 5139//4759 5138//4758 5140//4760
f 4892//4512 5140//4760 4894//4514
f 4892//4512 5139//4759 5140//4760
f 4892//4512 4890//4510 5139//4759
f 5139//4759 4890//4510 5141//4761
f 5137//4757 5141//4761 5142//4762
f 5135//4755 5142//4762 5143//4763
f 5132//4752 5143//4763 5130//4750
f 5132//4752 5135//4755 5143//4763
f 5132//4752 5134//4754 5135//4755
f 5133//4753 5144//4764 5134//4754
f 5134//4754 5144//4764 5145//4765
f 5136//4756 5145//4765 5146//4766
f 5138//4758 5146//4766 5147//4767
f 5140//4760 5147//4767 5148//4768
f 4894//4514 5148//4768 4896//4516
f 4894//4514 5140//4760 5148//4768
f 5144//4764 5149//4769 5145//4765
f 5145//4765 5149//4769 5150//4770
f 5146//4766 5150//4770 5151//4771
f 5147//4767 5151//4771 5152//4772
f 5148//4768 5152//4772 5153//4773
f 4896//4516 5153//4773 5154//4774
f 4898//4518 5154//4774 5155//4775
f 4900//4520 5155//4775 5156//4776
f 4902//4522 5156//4776 5157//4777
f 4904//4524 5157//4777 5158//4778
f 4906//4526 5158//4778 5159//4779
f 4908//4528 5159//4779 5160//4780
f 4910//4530 5160//4780 5161//4781
f 4912//4532 5161//4781 5162//4782
f 4914//4534 5162//4782 5163//4783
f 4798//4418 5163//4783 5164//4784
f 4796//4416 5164//4784 5165//4785
f 4800//4420 5165//4785 5166//4786
f 4802//4422 5166//4786 4928//4548
f 4804//4424 4802//4422 4928//4548
f 5149//4769 5167//4787 5150//4770
f 5150//4770 5167//4787 5168//4788
f 5151//4771 5168//4788 5169//4789
f 5152//4772 5169//4789 5170//4790
f 5153//4773 5170//4790 5154//4774
f 5153//4773 5152//4772 5170//4790
f 5167//4787 5171//4791 5168//4788
f 5168//4788 5171//4791 5172//4792
f 5169//4789 5172//4792 5173//4793
f 5170//4790 5173//4793 5174//4794
f 5154//4774 5174//4794 5155//4775
f 5154//4774 5170//4790 5174//4794
f 5172//4792 5171//4791 5175//4795
f 5173//4793 5175//4795 5176//4796
f 5174//4794 5176//4796 5177//4797
f 5155//4775 5177//4797 5156//4776
f 5155//4775 5174//4794 5177//4797
f 5178//4798 5179//4799 5180//4800
f 5178//4798 5181//4801 5179//4799
f 5178//4798 5182//4802 5181//4801
f 5181//4801 5182//4802 5183//4803
f 5184//4804 5183//4803 5185//4805
f 5186//4806 5185//4805 5187//4807
f 5158//4778 5187//4807 5159//4779
f 5158//4778 5186//4806 5187//4807
f 5158//4778 5157//4777 5186//4806
f 5186//4806 5157//4777 5188//4808
f 5184//4804 5188//4808 5189//4809
f 5181//4801 5189//4809 5179//4799
f 5181//4801 5184//4804 5189//4809
f 5181//4801 5183//4803 5184//4804
f 5182//4802 5190//4810 5183//4803
f 5183//4803 5190//4810 5191//4811
f 5185//4805 5191//4811 5192//4812
f 5187//4807 5192//4812 5193//4813
f 5159//4779 5193//4813 5160//4780
f 5159//4779 5187//4807 5193//4813
f 5190//4810 5194//4814 5191//4811
f 5191//4811 5194//4814 5195//4815
f 5192//4812 5195//4815 5196//4816
f 5193//4813 5196//4816 5197//4817
f 5160//4780 5197//4817 5161//4781
f 5160//4780 5193//4813 5197//4817
f 5194//4814 5198//4818 5195//4815
f 5195//4815 5198//4818 5199//4819
f 5196//4816 5199//4819 5200//4820
f 5197//4817 5200//4820 5201//4821
f 5161//4781 5201//4821 5162//4782
f 5161//4781 5197//4817 5201//4821
f 5198//4818 5202//4822 5199//4819
f 5199//4819 5202//4822 5203//4823
f 5200//4820 5203//4823 5204//4824
f 5201//4821 5204//4824 5205//4825
f 5162//4782 5205//4825 5163//4783
f 5162//4782 5201//4821 5205//4825
f 5203//4823 5202//4822 5206//4826
f 5204//4824 5206//4826 5207//4827
f 5205//4825 5207//4827 5208//4828
f 5163//4783 5208//4828 5164//4784
f 5163//4783 5205//4825 5208//4828
f 5209//4829 5210//4830 5211//4831
f 5209//4829 5212//4832 5210//4830
f 5209//4829 4918//4538 5212//4832
f 5212//4832 4918//4538 4917//4537
f 5213//4833 4917//4537 4930//4550
f 5214//4834 4930//4550 4929//4549
f 5166//4786 4929//4549 4928//4548
f 5166//4786 5214//4834 4929//4549
f 5166//4786 5165//4785 5214//4834
f 5214//4834 5165//4785 5215//4835
f 5213//4833 5215//4835 5216//4836
f 5212//4832 5216//4836 5210//4830
f 5212//4832 5213//4833 5216//4836
f 5212//4832 4917//4537 5213//4833
f 4798//4418 4914//4534 5163//4783
f 4914//4534 4912//4532 5162//4782
f 4912//4532 4910//4530 5161//4781
f 4910//4530 4908//4528 5160//4780
f 4908//4528 4906//4526 5159//4779
f 4906//4526 4904//4524 5158//4778
f 4904//4524 4902//4522 5157//4777
f 4902//4522 4900//4520 5156//4776
f 4900//4520 4898//4518 5155//4775
f 4898//4518 4896//4516 5154//4774
f 5153//4773 4896//4516 5148//4768
f 4890//4510 4888//4508 5141//4761
f 5141//4761 4888//4508 5128//4748
f 5142//4762 5128//4748 5127//4747
f 5143//4763 5127//4747 5126//4746
f 5130//4750 5126//4746 5125//4745
f 5131//4751 5125//4745 5120//4740
f 5131//4751 5130//4750 5125//4745
f 4874//4494 4872//4492 5102//4722
f 5102//4722 4872//4492 5089//4709
f 5103//4723 5089//4709 5088//4708
f 5104//4724 5088//4708 5087//4707
f 5091//4711 5087//4707 5086//4706
f 5092//4712 5086//4706 5081//4701
f 5092//4712 5091//4711 5086//4706
f 4864//4484 4862//4482 4991//4611
f 4991//4611 4862//4482 5217//4837
f 4992//4612 5217//4837 5218//4838
f 4993//4613 5218//4838 4977//4597
f 4979//4599 4977//4597 4978//4598
f 4979//4599 4993//4613 4977//4597
f 4862//4482 4860//4480 5217//4837
f 5217//4837 4860//4480 5219//4839
f 5218//4838 5219//4839 4975//4595
f 4977//4597 4975//4595 4976//4596
f 4977//4597 5218//4838 4975//4595
f 4860//4480 4858//4478 5219//4839
f 5219//4839 4858//4478 4973//4593
f 4975//4595 4973//4593 4974//4594
f 4975//4595 5219//4839 4973//4593
f 4858//4478 4856//4476 4973//4593
f 4973//4593 4856//4476 4972//4592
f 4856//4476 4854//4474 4971//4591
f 4854//4474 4852//4472 4970//4590
f 4852//4472 4850//4470 4969//4589
f 4850//4470 4848//4468 4968//4588
f 4848//4468 4846//4466 4967//4587
f 4846//4466 4844//4464 4966//4586
f 4844//4464 4842//4462 4965//4585
f 4842//4462 4840//4460 4964//4584
f 4840//4460 4838//4458 4963//4583
f 4838//4458 4836//4456 4962//4582
f 4836//4456 4834//4454 4961//4581
f 4834//4454 4832//4452 4960//4580
f 4832//4452 4830//4450 4959//4579
f 4830//4450 4828//4448 4958//4578
f 4828//4448 4826//4446 4957//4577
f 4826//4446 4824//4444 4956//4576
f 4824//4444 4822//4442 4955//4575
f 4822//4442 4820//4440 4954//4574
f 4820//4440 4818//4438 4953//4573
f 4818//4438 4816//4436 4952//4572
f 4951//4571 4816//4436 4950//4570
f 4950//4570 4816//4436 4814//4434
f 5220//4840 4814//4434 4812//4432
f 4939//4559 5220//4840 4812//4432
f 4939//4559 5221//4841 5220//4840
f 4939//4559 4938//4558 5221//4841
f 5221//4841 4938//4558 5222//4842
f 4946//4566 5222//4842 4943//4563
f 4945//4565 4946//4566 4943//4563
f 4950//4570 4814//4434 5220//4840
f 4948//4568 5220//4840 5221//4841
f 4946//4566 5221//4841 5222//4842
f 4946//4566 4948//4568 5221//4841
f 4946//4566 4947//4567 4948//4568
f 4802//4422 4800//4420 5166//4786
f 4800//4420 4796//4416 5165//4785
f 4796//4416 4798//4418 5164//4784
f 4976//4596 4974//4594 5080//4700
f 5080//4700 4974//4594 5073//4693
f 5072//4692 5080//4700 5073//4693
f 4974//4594 4972//4592 5073//4693
f 5037//4657 5046//4666 5041//4661
f 5041//4661 5046//4666 5045//4665
f 5042//4662 5045//4665 5055//4675
f 5043//4663 5055//4675 5054//4674
f 4964//4584 5054//4674 4965//4585
f 4964//4584 5043//4663 5054//4674
f 5006//4626 5015//4635 5010//4630
f 5010//4630 5015//4635 5014//4634
f 5011//4631 5014//4634 5024//4644
f 5012//4632 5024//4644 5023//4643
f 4956//4576 5023//4643 4957//4577
f 4956//4576 5012//4632 5023//4643
f 4931//4551 4942//4562 4936//4556
f 4936//4556 4942//4562 4941//4561
f 4937//4557 4941//4561 5222//4842
f 4938//4558 4937//4557 5222//4842
f 5200//4820 5199//4819 5203//4823
f 5169//4789 5168//4788 5172//4792
f 5117//4737 5116//4736 5121//4741
f 4986//4606 4984//4604 5082//4702
f 5216//4836 5215//4835 5208//4828
f 5207//4827 5216//4836 5208//4828
f 5207//4827 5210//4830 5216//4836
f 5207//4827 5206//4826 5210//4830
f 5210//4830 5206//4826 5211//4831
f 5211//4831 5206//4826 5202//4822
f 4930//4550 5214//4834 5213//4833
f 5213//4833 5214//4834 5215//4835
f 5208//4828 5215//4835 5164//4784
f 5164//4784 5215//4835 5165//4785
f 4924//4544 4929//4549 4922//4542
f 4923//4543 4924//4544 4922//4542
f 4932//4552 4923//4543 4921//4541
f 4936//4556 4933//4553 4932//4552
f 4926//4546 4928//4548 4924//4544
f 4925//4545 4926//4546 4924//4544
f 4933//4553 4925//4545 4923//4543
f 4941//4561 4937//4557 4936//4556
f 4937//4557 4934//4554 4933//4553
f 4943//4563 5222//4842 4941//4561
f 4934//4554 4927//4547 4925//4545
f 4935//4555 4934//4554 4938//4558
f 4995//4615 4947//4567 4945//4565
f 4999//4619 4996//4616 4995//4615
f 4950//4570 5220//4840 4948//4568
f 4949//4569 4950//4570 4948//4568
f 4996//4616 4949//4569 4947//4567
f 5003//4623 5000//4620 4999//4619
f 5000//4620 4997//4617 4996//4616
f 5007//4627 5004//4624 5003//4623
f 5004//4624 5001//4621 5000//4620
f 5010//4630 5008//4628 5007//4627
f 5008//4628 5005//4625 5004//4624
f 5014//4634 5011//4631 5010//4630
f 5011//4631 5009//4629 5008//4628
f 5012//4632 5011//4631 5024//4644
f 5021//4641 5023//4643 5019//4639
f 5020//4640 5021//4641 5019//4639
f 5026//4646 5020//4640 5018//4638
f 5030//4650 5027//4647 5026//4646
f 5027//4647 5022//4642 5020//4640
f 5034//4654 5031//4651 5030//4650
f 5031//4651 5028//4648 5027//4647
f 5038//4658 5035//4655 5034//4654
f 5035//4655 5032//4652 5031//4651
f 5041//4661 5039//4659 5038//4658
f 5039//4659 5036//4656 5035//4655
f 5045//4665 5042//4662 5041//4661
f 5042//4662 5040//4660 5039//4659
f 5043//4663 5042//4662 5055//4675
f 5052//4672 5054//4674 5050//4670
f 5051//4671 5052//4672 5050//4670
f 5057//4677 5051//4671 5049//4669
f 5063//4683 5058//4678 5057//4677
f 5058//4678 5053//4673 5051//4671
f 5069//4689 5064//4684 5063//4683
f 5064//4684 5059//4679 5058//4678
f 5059//4679 4967//4587 5053//4673
f 5065//4685 5064//4684 5070//4690
f 5060//4680 5059//4679 5065//4685
f 4968//4588 4967//4587 5060//4680
f 5071//4691 5066//4686 5065//4685
f 5066//4686 5061//4681 5060//4680
f 5067//4687 5066//4686 5072//4692
f 4992//4612 5218//4838 4993//4613
f 5217//4837 5219//4839 5218//4838
f 4987//4607 4992//4612 4985//4605
f 4986//4606 4987//4607 4985//4605
f 4991//4611 5217//4837 4992//4612
f 5086//4706 5083//4703 5082//4702
f 5083//4703 4988//4608 4986//4606
f 5084//4704 5083//4703 5087//4707
f 4991//4611 4987//4607 4989//4609
f 4989//4609 4987//4607 4988//4608
f 4990//4610 4988//4608 5084//4704
f 5104//4724 5087//4707 5091//4711
f 5085//4705 5084//4704 5088//4708
f 5103//4723 5088//4708 5104//4724
f 5098//4718 5103//4723 5096//4716
f 5097//4717 5098//4718 5096//4716
f 5106//4726 5097//4717 5095//4715
f 5102//4722 5089//4709 5103//4723
f 5111//4731 5107//4727 5106//4726
f 5100//4720 5102//4722 5098//4718
f 5099//4719 5100//4720 5098//4718
f 5107//4727 5099//4719 5097//4717
f 5116//4736 5112//4732 5111//4731
f 5112//4732 5108//4728 5107//4727
f 5108//4728 5101//4721 5099//4719
f 5113//4733 5112//4732 5117//4737
f 5109//4729 5108//4728 5113//4733
f 5125//4745 5122//4742 5121//4741
f 5122//4742 5118//4738 5117//4737
f 5123//4743 5122//4742 5126//4746
f 5118//4738 5114//4734 5113//4733
f 5119//4739 5118//4738 5123//4743
f 5143//4763 5126//4746 5130//4750
f 5124//4744 5123//4743 5127//4747
f 5142//4762 5127//4747 5143//4763
f 5137//4757 5142//4762 5135//4755
f 5136//4756 5137//4757 5135//4755
f 5145//4765 5136//4756 5134//4754
f 5141//4761 5128//4748 5142//4762
f 5150//4770 5146//4766 5145//4765
f 5139//4759 5141//4761 5137//4757
f 5138//4758 5139//4759 5137//4757
f 5146//4766 5138//4758 5136//4756
f 5168//4788 5151//4771 5150//4770
f 5151//4771 5147//4767 5146//4766
f 5147//4767 5140//4760 5138//4758
f 5152//4772 5151//4771 5169//4789
f 5148//4768 5147//4767 5152//4772
f 5175//4795 5173//4793 5172//4792
f 5173//4793 5170//4790 5169//4789
f 5176//4796 5174//4794 5173//4793
f 5180//4800 5179//4799 5175//4795
f 5171//4791 5180//4800 5175//4795
f 5177//4797 5176//4796 5189//4809
f 5188//4808 5177//4797 5189//4809
f 5188//4808 5156//4776 5177//4797
f 5188//4808 5157//4777 5156//4776
f 5189//4809 5176//4796 5179//4799
f 5179//4799 5176//4796 5175//4795
f 5186//4806 5188//4808 5184//4804
f 5185//4805 5186//4806 5184//4804
f 5191//4811 5185//4805 5183//4803
f 5195//4815 5192//4812 5191//4811
f 5192//4812 5187//4807 5185//4805
f 5199//4819 5196//4816 5195//4815
f 5196//4816 5193//4813 5192//4812
f 5197//4817 5196//4816 5200//4820
f 5206//4826 5204//4824 5203//4823
f 5204//4824 5201//4821 5200//4820
f 5205//4825 5204//4824 5207//4827
f 5223//4843 5224//4844 5225//4845
f 5223//4843 5226//4846 5224//4844
f 5223//4843 5227//4847 5226//4846
f 5226//4846 5227//4847 5228//4848
f 5229//4849 5228//4848 5230//4850
f 5231//4851 5230//4850 5232//4852
f 5233//4853 5232//4852 5234//4854
f 4940//4560 5234//4854 4944//4564
f 4940//4560 5233//4853 5234//4854
f 4940//4560 4942//4562 5233//4853
f 5233//4853 4942//4562 5235//4855
f 5231//4851 5235//4855 5236//4856
f 5229//4849 5236//4856 5237//4857
f 5226//4846 5237//4857 5224//4844
f 5226//4846 5229//4849 5237//4857
f 5226//4846 5228//4848 5229//4849
f 5227//4847 5238//4858 5228//4848
f 5228//4848 5238//4858 5239//4859
f 5230//4850 5239//4859 5240//4860
f 5232//4852 5240//4860 5241//4861
f 5234//4854 5241//4861 5242//4862
f 4944//4564 5242//4862 4994//4614
f 4944//4564 5234//4854 5242//4862
f 5238//4858 5243//4863 5239//4859
f 5239//4859 5243//4863 5244//4864
f 5240//4860 5244//4864 5245//4865
f 5241//4861 5245//4865 5246//4866
f 5242//4862 5246//4866 5247//4867
f 4994//4614 5247//4867 4998//4618
f 4994//4614 5242//4862 5247//4867
f 5243//4863 5248//4868 5244//4864
f 5244//4864 5248//4868 5249//4869
f 5245//4865 5249//4869 5250//4870
f 5246//4866 5250//4870 5251//4871
f 5247//4867 5251//4871 5252//4872
f 4998//4618 5252//4872 5002//4622
f 4998//4618 5247//4867 5252//4872
f 5248//4868 5253//4873 5249//4869
f 5249//4869 5253//4873 5254//4874
f 5250//4870 5254//4874 5255//4875
f 5251//4871 5255//4875 5256//4876
f 5252//4872 5256//4876 5257//4877
f 5002//4622 5257//4877 5006//4626
f 5002//4622 5252//4872 5257//4877
f 5253//4873 5258//4878 5254//4874
f 5254//4874 5258//4878 5259//4879
f 5255//4875 5259//4879 5260//4880
f 5256//4876 5260//4880 5261//4881
f 5257//4877 5261//4881 5262//4882
f 5006//4626 5262//4882 5015//4635
f 5006//4626 5257//4877 5262//4882
f 5258//4878 5263//4883 5259//4879
f 5259//4879 5263//4883 5264//4884
f 5260//4880 5264//4884 5265//4885
f 5261//4881 5265//4885 5266//4886
f 5262//4882 5266//4886 5267//4887
f 5015//4635 5267//4887 5013//4633
f 5015//4635 5262//4882 5267//4887
f 5264//4884 5263//4883 5268//4888
f 5265//4885 5268//4888 5269//4889
f 5266//4886 5269//4889 5270//4890
f 5267//4887 5270//4890 5271//4891
f 5013//4633 5271//4891 5017//4637
f 5013//4633 5267//4887 5271//4891
f 5272//4892 5273//4893 5274//4894
f 5272//4892 5275//4895 5273//4893
f 5272//4892 5276//4896 5275//4895
f 5275//4895 5276//4896 5277//4897
f 5278//4898 5277//4897 5279//4899
f 5280//4900 5279//4899 5281//4901
f 5282//4902 5281//4901 5283//4903
f 5029//4649 5283//4903 5033//4653
f 5029//4649 5282//4902 5283//4903
f 5029//4649 5025//4645 5282//4902
f 5282//4902 5025//4645 5284//4904
f 5280//4900 5284//4904 5285//4905
f 5278//4898 5285//4905 5286//4906
f 5275//4895 5286//4906 5273//4893
f 5275//4895 5278//4898 5286//4906
f 5275//4895 5277//4897 5278//4898
f 5276//4896 5287//4907 5277//4897
f 5277//4897 5287//4907 5288//4908
f 5279//4899 5288//4908 5289//4909
f 5281//4901 5289//4909 5290//4910
f 5283//4903 5290//4910 5291//4911
f 5033//4653 5291//4911 5037//4657
f 5033//4653 5283//4903 5291//4911
f 5287//4907 5292//4912 5288//4908
f 5288//4908 5292//4912 5293//4913
f 5289//4909 5293//4913 5294//4914
f 5290//4910 5294//4914 5295//4915
f 5291//4911 5295//4915 5296//4916
f 5037//4657 5296//4916 5046//4666
f 5037//4657 5291//4911 5296//4916
f 5292//4912 5297//4917 5293//4913
f 5293//4913 5297//4917 5298//4918
f 5294//4914 5298//4918 5299//4919
f 5295//4915 5299//4919 5300//4920
f 5296//4916 5300//4920 5301//4921
f 5046//4666 5301//4921 5044//4664
f 5046//4666 5296//4916 5301//4921
f 5297//4917 5302//4922 5298//4918
f 5298//4918 5302//4922 5303//4923
f 5299//4919 5303//4923 5304//4924
f 5300//4920 5304//4924 5305//4925
f 5301//4921 5305//4925 5306//4926
f 5044//4664 5306//4926 5048//4668
f 5044//4664 5301//4921 5306//4926
f 5302//4922 5307//4927 5303//4923
f 5303//4923 5307//4927 5308//4928
f 5304//4924 5308//4928 5309//4929
f 5305//4925 5309//4929 5310//4930
f 5306//4926 5310//4930 5311//4931
f 5048//4668 5311//4931 5056//4676
f 5048//4668 5306//4926 5311//4931
f 5307//4927 5312//4932 5308//4928
f 5308//4928 5312//4932 5313//4933
f 5309//4929 5313//4933 5314//4934
f 5310//4930 5314//4934 5315//4935
f 5311//4931 5315//4935 5316//4936
f 5056//4676 5316//4936 5062//4682
f 5056//4676 5311//4931 5316//4936
f 5313//4933 5312//4932 5317//4937
f 5314//4934 5317//4937 5318//4938
f 5315//4935 5318//4938 5319//4939
f 5316//4936 5319//4939 5320//4940
f 5062//4682 5320//4940 5068//4688
f 5062//4682 5316//4936 5320//4940
f 5321//4941 5322//4942 5323//4943
f 5321//4941 5324//4944 5322//4942
f 5321//4941 5325//4945 5324//4944
f 5324//4944 5325//4945 5326//4946
f 5327//4947 5326//4946 5328//4948
f 5329//4949 5328//4948 5330//4950
f 5331//4951 5330//4950 5332//4952
f 5075//4695 5332//4952 5077//4697
f 5075//4695 5331//4951 5332//4952
f 5075//4695 5074//4694 5331//4951
f 5331//4951 5074//4694 5333//4953
f 5329//4949 5333//4953 5334//4954
f 5327//4947 5334//4954 5335//4955
f 5324//4944 5335//4955 5322//4942
f 5324//4944 5327//4947 5335//4955
f 5324//4944 5326//4946 5327//4947
f 5325//4945 5336//4956 5326//4946
f 5326//4946 5336//4956 5337//4957
f 5328//4948 5337//4957 5338//4958
f 5330//4950 5338//4958 5339//4959
f 5332//4952 5339//4959 5340//4960
f 5077//4697 5340//4960 5079//4699
f 5077//4697 5332//4952 5340//4960
f 5336//4956 5341//4961 5337//4957
f 5337//4957 5341//4961 5342//4962
f 5338//4958 5342//4962 5343//4963
f 5339//4959 5343//4963 5344//4964
f 5340//4960 5344//4964 5345//4965
f 5079//4699 5345//4965 4980//4600
f 5079//4699 5340//4960 5345//4965
f 5341//4961 5346//4966 5342//4962
f 5342//4962 5346//4966 5347//4967
f 5343//4963 5347//4967 5348//4968
f 5344//4964 5348//4968 5349//4969
f 5345//4965 5349//4969 5350//4970
f 4980//4600 5350//4970 4981//4601
f 4980//4600 5345//4965 5350//4970
f 5346//4966 5351//4971 5347//4967
f 5347//4967 5351//4971 5352//4972
f 5348//4968 5352//4972 5353//4973
f 5349//4969 5353//4973 5354//4974
f 5350//4970 5354//4974 5355//4975
f 4981//4601 5355//4975 4983//4603
f 4981//4601 5350//4970 5355//4975
f 5351//4971 5356//4976 5352//4972
f 5352//4972 5356//4976 5357//4977
f 5353//4973 5357//4977 5358//4978
f 5354//4974 5358//4978 5359//4979
f 5355//4975 5359//4979 5360//4980
f 4983//4603 5360//4980 5081//4701
f 4983//4603 5355//4975 5360//4980
f 5357//4977 5356//4976 5361//4981
f 5358//4978 5361//4981 5362//4982
f 5359//4979 5362//4982 5363//4983
f 5360//4980 5363//4983 5364//4984
f 5081//4701 5364//4984 5092//4712
f 5081//4701 5360//4980 5364//4984
f 5365//4985 5366//4986 5367//4987
f 5365//4985 5368//4988 5366//4986
f 5365//4985 5369//4989 5368//4988
f 5368//4988 5369//4989 5370//4990
f 5371//4991 5370//4990 5372//4992
f 5373//4993 5372//4992 5374//4994
f 5375//4995 5374//4994 5376//4996
f 5094//4714 5376//4996 5105//4725
f 5094//4714 5375//4995 5376//4996
f 5094//4714 5090//4710 5375//4995
f 5375//4995 5090//4710 5377//4997
f 5373//4993 5377//4997 5378//4998
f 5371//4991 5378//4998 5379//4999
f 5368//4988 5379//4999 5366//4986
f 5368//4988 5371//4991 5379//4999
f 5368//4988 5370//4990 5371//4991
f 5369//4989 5380//5000 5370//4990
f 5370//4990 5380//5000 5381//5001
f 5372//4992 5381//5001 5382//5002
f 5374//4994 5382//5002 5383//5003
f 5376//4996 5383//5003 5384//5004
f 5105//4725 5384//5004 5110//4730
f 5105//4725 5376//4996 5384//5004
f 5380//5000 5385//5005 5381//5001
f 5381//5001 5385//5005 5386//5006
f 5382//5002 5386//5006 5387//5007
f 5383//5003 5387//5007 5388//5008
f 5384//5004 5388//5008 5389//5009
f 5110//4730 5389//5009 5115//4735
f 5110//4730 5384//5004 5389//5009
f 5385//5005 5390//5010 5386//5006
f 5386//5006 5390//5010 5391//5011
f 5387//5007 5391//5011 5392//5012
f 5388//5008 5392//5012 5393//5013
f 5389//5009 5393//5013 5394//5014
f 5115//4735 5394//5014 5120//4740
f 5115//4735 5389//5009 5394//5014
f 5390//5010 5395//5015 5391//5011
f 5391//5011 5395//5015 5396//5016
f 5392//5012 5396//5016 5397//5017
f 5393//5013 5397//5017 5398//5018
f 5394//5014 5398//5018 5399//5019
f 5120//4740 5399//5019 5131//4751
f 5120//4740 5394//5014 5399//5019
f 5395//5015 5400//5020 5396//5016
f 5396//5016 5400//5020 5401//5021
f 5397//5017 5401//5021 5402//5022
f 5398//5018 5402//5022 5403//5023
f 5399//5019 5403//5023 5404//5024
f 5131//4751 5404//5024 5129//4749
f 5131//4751 5399//5019 5404//5024
f 5401//5021 5400//5020 5405//5025
f 5402//5022 5405//5025 5406//5026
f 5403//5023 5406//5026 5407//5027
f 5404//5024 5407//5027 5408//5028
f 5129//4749 5408//5028 5133//4753
f 5129//4749 5404//5024 5408//5028
f 5409//5029 5410//5030 5411//5031
f 5409//5029 5412//5032 5410//5030
f 5409//5029 5413//5033 5412//5032
f 5412//5032 5413//5033 5414//5034
f 5415//5035 5414//5034 5416//5036
f 5417//5037 5416//5036 5418//5038
f 5419//5039 5418//5038 5420//5040
f 5149//4769 5420//5040 5167//4787
f 5149//4769 5419//5039 5420//5040
f 5149//4769 5144//4764 5419//5039
f 5419//5039 5144//4764 5421//5041
f 5417//5037 5421//5041 5422//5042
f 5415//5035 5422//5042 5423//5043
f 5412//5032 5423//5043 5410//5030
f 5412//5032 5415//5035 5423//5043
f 5412//5032 5414//5034 5415//5035
f 5413//5033 5424//5044 5414//5034
f 5414//5034 5424//5044 5425//5045
f 5416//5036 5425//5045 5426//5046
f 5418//5038 5426//5046 5427//5047
f 5420//5040 5427//5047 5428//5048
f 5167//4787 5428//5048 5171//4791
f 5167//4787 5420//5040 5428//5048
f 5424//5044 5429//5049 5425//5045
f 5425//5045 5429//5049 5430//5050
f 5426//5046 5430//5050 5431//5051
f 5427//5047 5431//5051 5432//5052
f 5428//5048 5432//5052 5433//5053
f 5171//4791 5433//5053 5180//4800
f 5171//4791 5428//5048 5433//5053
f 5429//5049 5434//5054 5430//5050
f 5430//5050 5434//5054 5435//5055
f 5431//5051 5435//5055 5436//5056
f 5432//5052 5436//5056 5437//5057
f 5433//5053 5437//5057 5438//5058
f 5180//4800 5438//5058 5178//4798
f 5180//4800 5433//5053 5438//5058
f 5434//5054 5439//5059 5435//5055
f 5435//5055 5439//5059 5440//5060
f 5436//5056 5440//5060 5441//5061
f 5437//5057 5441//5061 5442//5062
f 5438//5058 5442//5062 5443//5063
f 5178//4798 5443//5063 5182//4802
f 5178//4798 5438//5058 5443//5063
f 5439//5059 5444//5064 5440//5060
f 5440//5060 5444//5064 5445//5065
f 5441//5061 5445//5065 5446//5066
f 5442//5062 5446//5066 5447//5067
f 5443//5063 5447//5067 5448//5068
f 5182//4802 5448//5068 5190//4810
f 5182//4802 5443//5063 5448//5068
f 5444//5064 5449//5069 5445//5065
f 5445//5065 5449//5069 5450//5070
f 5446//5066 5450//5070 5451//5071
f 5447//5067 5451//5071 5452//5072
f 5448//5068 5452//5072 5453//5073
f 5190//4810 5453//5073 5194//4814
f 5190//4810 5448//5068 5453//5073
f 5450//5070 5449//5069 5454//5074
f 5451//5071 5454//5074 5455//5075
f 5452//5072 5455//5075 5456//5076
f 5453//5073 5456//5076 5457//5077
f 5194//4814 5457//5077 5198//4818
f 5194//4814 5453//5073 5457//5077
f 5458//5078 5459//5079 5460//5080
f 5458//5078 5461//5081 5459//5079
f 5458//5078 5462//5082 5461//5081
f 5461//5081 5462//5082 5463//5083
f 5464//5084 5463//5083 5465//5085
f 5466//5086 5465//5085 5467//5087
f 5468//5088 5467//5087 5469//5089
f 5211//4831 5469//5089 5209//4829
f 5211//4831 5468//5088 5469//5089
f 5211//4831 5202//4822 5468//5088
f 5468//5088 5202//4822 5470//5090
f 5466//5086 5470//5090 5471//5091
f 5464//5084 5471//5091 5472//5092
f 5461//5081 5472//5092 5459//5079
f 5461//5081 5464//5084 5472//5092
f 5461//5081 5463//5083 5464//5084
f 5462//5082 5473//5093 5463//5083
f 5463//5083 5473//5093 5474//5094
f 5465//5085 5474//5094 5475//5095
f 5467//5087 5475//5095 5476//5096
f 5469//5089 5476//5096 5477//5097
f 5209//4829 5477//5097 4918//4538
f 5209//4829 5469//5089 5477//5097
f 5473//5093 5478//5098 5474//5094
f 5474//5094 5478//5098 5479//5099
f 5475//5095 5479//5099 5480//5100
f 5476//5096 5480//5100 5481//5101
f 5477//5097 5481//5101 5482//5102
f 4918//4538 5482//5102 5483//5103
f 4916//4536 5483//5103 5484//5104
f 4920//4540 5484//5104 5485//5105
f 4931//4551 5485//5105 5235//4855
f 4942//4562 4931//4551 5235//4855
f 5478//5098 5486//5106 5479//5099
f 5479//5099 5486//5106 5487//5107
f 5480//5100 5487//5107 5488//5108
f 5481//5101 5488//5108 5489//5109
f 5482//5102 5489//5109 5483//5103
f 5482//5102 5481//5101 5489//5109
f 5486//5106 5490//5110 5487//5107
f 5487//5107 5490//5110 5491//5111
f 5488//5108 5491//5111 5492//5112
f 5489//5109 5492//5112 5493//5113
f 5483//5103 5493//5113 5484//5104
f 5483//5103 5489//5109 5493//5113
f 5490//5110 5225//4845 5491//5111
f 5491//5111 5225//4845 5494//5114
f 5492//5112 5494//5114 5495//5115
f 5493//5113 5495//5115 5496//5116
f 5484//5104 5496//5116 5485//5105
f 5484//5104 5493//5113 5496//5116
f 5482//5102 4918//4538 5477//5097
f 5202//4822 5198//4818 5470//5090
f 5470//5090 5198//4818 5457//5077
f 5471//5091 5457//5077 5456//5076
f 5472//5092 5456//5076 5455//5075
f 5459//5079 5455//5075 5454//5074
f 5460//5080 5454//5074 5449//5069
f 5460//5080 5459//5079 5454//5074
f 5144//4764 5133//4753 5421//5041
f 5421//5041 5133//4753 5408//5028
f 5422//5042 5408//5028 5407//5027
f 5423//5043 5407//5027 5406//5026
f 5410//5030 5406//5026 5405//5025
f 5411//5031 5405//5025 5400//5020
f 5411//5031 5410//5030 5405//5025
f 5090//4710 5092//4712 5377//4997
f 5377//4997 5092//4712 5364//4984
f 5378//4998 5364//4984 5363//4983
f 5379//4999 5363//4983 5362//4982
f 5366//4986 5362//4982 5361//4981
f 5367//4987 5361//4981 5356//4976
f 5367//4987 5366//4986 5361//4981
f 5074//4694 5068//4688 5333//4953
f 5333//4953 5068//4688 5320//4940
f 5334//4954 5320//4940 5319//4939
f 5335//4955 5319//4939 5318//4938
f 5322//4942 5318//4938 5317//4937
f 5323//4943 5317//4937 5312//4932
f 5323//4943 5322//4942 5317//4937
f 5025//4645 5017//4637 5284//4904
f 5284//4904 5017//4637 5271//4891
f 5285//4905 5271//4891 5270//4890
f 5286//4906 5270//4890 5269//4889
f 5273//4893 5269//4889 5268//4888
f 5274//4894 5268//4888 5263//4883
f 5274//4894 5273//4893 5268//4888
f 4931//4551 4920//4540 5485//5105
f 4920//4540 4916//4536 5484//5104
f 4916//4536 4918//4538 5483//5103
f 5353//4973 5352//4972 5357//4977
f 5358//4978 5357//4977 5361//4981
f 5353//4973 5349//4969 5348//4968
f 5354//4974 5353//4973 5358//4978
f 5349//4969 5345//4965 5344//4964
f 5350//4970 5349//4969 5354//4974
f 5309//4929 5308//4928 5313//4933
f 5492//5112 5491//5111 5494//5114
f 5446//5066 5445//5065 5450//5070
f 5225//4845 5224//4844 5494//5114
f 5494//5114 5224//4844 5495//5115
f 5495//5115 5224//4844 5237//4857
f 5496//5116 5237//4857 5236//4856
f 5485//5105 5236//4856 5235//4855
f 5485//5105 5496//5116 5236//4856
f 5495//5115 5493//5113 5492//5112
f 5496//5116 5495//5115 5237//4857
f 5488//5108 5492//5112 5489//5109
f 5231//4851 5236//4856 5229//4849
f 5230//4850 5231//4851 5229//4849
f 5239//4859 5230//4850 5228//4848
f 5244//4864 5240//4860 5239//4859
f 5233//4853 5235//4855 5231//4851
f 5232//4852 5233//4853 5231//4851
f 5240//4860 5232//4852 5230//4850
f 5249//4869 5245//4865 5244//4864
f 5245//4865 5241//4861 5240//4860
f 5241//4861 5234//4854 5232//4852
f 5254//4874 5250//4870 5249//4869
f 5250//4870 5246//4866 5245//4865
f 5246//4866 5242//4862 5241//4861
f 5259//4879 5255//4875 5254//4874
f 5255//4875 5251//4871 5250//4870
f 5251//4871 5247//4867 5246//4866
f 5264//4884 5260//4880 5259//4879
f 5260//4880 5256//4876 5255//4875
f 5256//4876 5252//4872 5251//4871
f 5268//4888 5265//4885 5264//4884
f 5265//4885 5261//4881 5260//4880
f 5261//4881 5257//4877 5256//4876
f 5286//4906 5269//4889 5273//4893
f 5269//4889 5266//4886 5265//4885
f 5266//4886 5262//4882 5261//4881
f 5267//4887 5266//4886 5270//4890
f 5285//4905 5270//4890 5286//4906
f 5280//4900 5285//4905 5278//4898
f 5279//4899 5280//4900 5278//4898
f 5288//4908 5279//4899 5277//4897
f 5284//4904 5271//4891 5285//4905
f 5293//4913 5289//4909 5288//4908
f 5282//4902 5284//4904 5280//4900
f 5281//4901 5282//4902 5280//4900
f 5289//4909 5281//4901 5279//4899
f 5298//4918 5294//4914 5293//4913
f 5294//4914 5290//4910 5289//4909
f 5290//4910 5283//4903 5281//4901
f 5303//4923 5299//4919 5298//4918
f 5299//4919 5295//4915 5294//4914
f 5295//4915 5291//4911 5290//4910
f 5308//4928 5304//4924 5303//4923
f 5304//4924 5300//4920 5299//4919
f 5300//4920 5296//4916 5295//4915
f 5305//4925 5304//4924 5309//4929
f 5301//4921 5300//4920 5305//4925
f 5317//4937 5314//4934 5313//4933
f 5314//4934 5310//4930 5309//4929
f 5315//4935 5314//4934 5318//4938
f 5310//4930 5306//4926 5305//4925
f 5311//4931 5310//4930 5315//4935
f 5335//4955 5318//4938 5322//4942
f 5316//4936 5315//4935 5319//4939
f 5334//4954 5319//4939 5335//4955
f 5329//4949 5334//4954 5327//4947
f 5328//4948 5329//4949 5327//4947
f 5337//4957 5328//4948 5326//4946
f 5333//4953 5320//4940 5334//4954
f 5342//4962 5338//4958 5337//4957
f 5331//4951 5333//4953 5329//4949
f 5330//4950 5331//4951 5329//4949
f 5338//4958 5330//4950 5328//4948
f 5347//4967 5343//4963 5342//4962
f 5343//4963 5339//4959 5338//4958
f 5339//4959 5332//4952 5330//4950
f 5352//4972 5348//4968 5347//4967
f 5348//4968 5344//4964 5343//4963
f 5344//4964 5340//4960 5339//4959
f 5359//4979 5358//4978 5362//4982
f 5355//4975 5354//4974 5359//4979
f 5379//4999 5362//4982 5366//4986
f 5360//4980 5359//4979 5363//4983
f 5378//4998 5363//4983 5379//4999
f 5373//4993 5378//4998 5371//4991
f 5372//4992 5373//4993 5371//4991
f 5381//5001 5372//4992 5370//4990
f 5377//4997 5364//4984 5378//4998
f 5386//5006 5382//5002 5381//5001
f 5375//4995 5377//4997 5373//4993
f 5374//4994 5375//4995 5373//4993
f 5382//5002 5374//4994 5372//4992
f 5391//5011 5387//5007 5386//5006
f 5387//5007 5383//5003 5382//5002
f 5383//5003 5376//4996 5374//4994
f 5396//5016 5392//5012 5391//5011
f 5392//5012 5388//5008 5387//5007
f 5388//5008 5384//5004 5383//5003
f 5401//5021 5397//5017 5396//5016
f 5397//5017 5393//5013 5392//5012
f 5393//5013 5389//5009 5388//5008
f 5405//5025 5402//5022 5401//5021
f 5402//5022 5398//5018 5397//5017
f 5398//5018 5394//5014 5393//5013
f 5423//5043 5406//5026 5410//5030
f 5406//5026 5403//5023 5402//5022
f 5403//5023 5399//5019 5398//5018
f 5404//5024 5403//5023 5407//5027
f 5422//5042 5407//5027 5423//5043
f 5417//5037 5422//5042 5415//5035
f 5416//5036 5417//5037 5415//5035
f 5425//5045 5416//5036 5414//5034
f 5421//5041 5408//5028 5422//5042
f 5430//5050 5426//5046 5425//5045
f 5419//5039 5421//5041 5417//5037
f 5418//5038 5419//5039 5417//5037
f 5426//5046 5418//5038 5416//5036
f 5435//5055 5431//5051 5430//5050
f 5431//5051 5427//5047 5426//5046
f 5427//5047 5420//5040 5418//5038
f 5440//5060 5436//5056 5435//5055
f 5436//5056 5432//5052 5431//5051
f 5432//5052 5428//5048 5427//5047
f 5445//5065 5441//5061 5440//5060
f 5441//5061 5437//5057 5436//5056
f 5437//5057 5433//5053 5432//5052
f 5442//5062 5441//5061 5446//5066
f 5438//5058 5437//5057 5442//5062
f 5454//5074 5451//5071 5450//5070
f 5451//5071 5447//5067 5446//5066
f 5452//5072 5451//5071 5455//5075
f 5447//5067 5443//5063 5442//5062
f 5448//5068 5447//5067 5452//5072
f 5472//5092 5455//5075 5459//5079
f 5453//5073 5452//5072 5456//5076
f 5471//5091 5456//5076 5472//5092
f 5466//5086 5471//5091 5464//5084
f 5465//5085 5466//5086 5464//5084
f 5474//5094 5465//5085 5463//5083
f 5470//5090 5457//5077 5471//5091
f 5479//5099 5475//5095 5474//5094
f 5468//5088 5470//5090 5466//5086
f 5467//5087 5468//5088 5466//5086
f 5475//5095 5467//5087 5465//5085
f 5487//5107 5480//5100 5479//5099
f 5480//5100 5476//5096 5475//5095
f 5476//5096 5469//5089 5467//5087
f 5491//5111 5488//5108 5487//5107
f 5488//5108 5481//5101 5480//5100
f 5481//5101 5477//5097 5476//5096
f 5497//5117 5498//5118 5499//5119
f 5497//5117 5500//5120 5498//5118
f 5497//5117 5501//5121 5500//5120
f 5500//5120 5501//5121 5502//5122
f 5503//5123 5502//5122 5504//5124
f 5505//5125 5504//5124 5506//5126
f 5243//4863 5506//5126 5248//4868
f 5243//4863 5505//5125 5506//5126
f 5243//4863 5238//4858 5505//5125
f 5505//5125 5238//4858 5507//5127
f 5503//5123 5507//5127 5508//5128
f 5500//5120 5508//5128 5498//5118
f 5500//5120 5503//5123 5508//5128
f 5500//5120 5502//5122 5503//5123
f 5501//5121 5509//5129 5502//5122
f 5502//5122 5509//5129 5510//5130
f 5504//5124 5510//5130 5511//5131
f 5506//5126 5511//5131 5512//5132
f 5248//4868 5512//5132 5253//4873
f 5248//4868 5506//5126 5512//5132
f 5509//5129 5513//5133 5510//5130
f 5510//5130 5513//5133 5514//5134
f 5511//5131 5514//5134 5515//5135
f 5512//5132 5515//5135 5516//5136
f 5253//4873 5516//5136 5258//4878
f 5253//4873 5512//5132 5516//5136
f 5514//5134 5513//5133 5517//5137
f 5515//5135 5517//5137 5518//5138
f 5516//5136 5518//5138 5519//5139
f 5258//4878 5519//5139 5263//4883
f 5258//4878 5516//5136 5519//5139
f 5520//5140 5521//5141 5522//5142
f 5520//5140 5523//5143 5521//5141
f 5520//5140 5524//5144 5523//5143
f 5523//5143 5524//5144 5525//5145
f 5526//5146 5525//5145 5527//5147
f 5528//5148 5527//5147 5529//5149
f 5272//4892 5529//5149 5276//4896
f 5272//4892 5528//5148 5529//5149
f 5272//4892 5274//4894 5528//5148
f 5528//5148 5274//4894 5530//5150
f 5526//5146 5530//5150 5531//5151
f 5523//5143 5531//5151 5521//5141
f 5523//5143 5526//5146 5531//5151
f 5523//5143 5525//5145 5526//5146
f 5524//5144 5532//5152 5525//5145
f 5525//5145 5532//5152 5533//5153
f 5527//5147 5533//5153 5534//5154
f 5529//5149 5534//5154 5535//5155
f 5276//4896 5535//5155 5287//4907
f 5276//4896 5529//5149 5535//5155
f 5532//5152 5536//5156 5533//5153
f 5533//5153 5536//5156 5537//5157
f 5534//5154 5537//5157 5538//5158
f 5535//5155 5538//5158 5539//5159
f 5287//4907 5539//5159 5292//4912
f 5287//4907 5535//5155 5539//5159
f 5536//5156 5540//5160 5537//5157
f 5537//5157 5540//5160 5541//5161
f 5538//5158 5541//5161 5542//5162
f 5539//5159 5542//5162 5543//5163
f 5292//4912 5543//5163 5297//4917
f 5292//4912 5539//5159 5543//5163
f 5540//5160 5544//5164 5541//5161
f 5541//5161 5544//5164 5545//5165
f 5542//5162 5545//5165 5546//5166
f 5543//5163 5546//5166 5547//5167
f 5297//4917 5547//5167 5302//4922
f 5297//4917 5543//5163 5547//5167
f 5545//5165 5544//5164 5548//5168
f 5546//5166 5548//5168 5549//5169
f 5547//5167 5549//5169 5550//5170
f 5302//4922 5550//5170 5307//4927
f 5302//4922 5547//5167 5550//5170
f 5551//5171 5552//5172 5553//5173
f 5551//5171 5554//5174 5552//5172
f 5551//5171 5555//5175 5554//5174
f 5554//5174 5555//5175 5556//5176
f 5557//5177 5556//5176 5558//5178
f 5559//5179 5558//5178 5560//5180
f 5323//4943 5560//5180 5321//4941
f 5323//4943 5559//5179 5560//5180
f 5323//4943 5312//4932 5559//5179
f 5559//5179 5312//4932 5561//5181
f 5557//5177 5561//5181 5562//5182
f 5554//5174 5562//5182 5552//5172
f 5554//5174 5557//5177 5562//5182
f 5554//5174 5556//5176 5557//5177
f 5555//5175 5563//5183 5556//5176
f 5556//5176 5563//5183 5564//5184
f 5558//5178 5564//5184 5565//5185
f 5560//5180 5565//5185 5566//5186
f 5321//4941 5566//5186 5325//4945
f 5321//4941 5560//5180 5566//5186
f 5563//5183 5567//5187 5564//5184
f 5564//5184 5567//5187 5568//5188
f 5565//5185 5568//5188 5569//5189
f 5566//5186 5569//5189 5570//5190
f 5325//4945 5570//5190 5336//4956
f 5325//4945 5566//5186 5570//5190
f 5567//5187 5571//5191 5568//5188
f 5568//5188 5571//5191 5572//5192
f 5569//5189 5572//5192 5573//5193
f 5570//5190 5573//5193 5574//5194
f 5336//4956 5574//5194 5341//4961
f 5336//4956 5570//5190 5574//5194
f 5571//5191 5575//5195 5572//5192
f 5572//5192 5575//5195 5576//5196
f 5573//5193 5576//5196 5577//5197
f 5574//5194 5577//5197 5578//5198
f 5341//4961 5578//5198 5346//4966
f 5341//4961 5574//5194 5578//5198
f 5575//5195 5579//5199 5576//5196
f 5576//5196 5579//5199 5580//5200
f 5577//5197 5580//5200 5581//5201
f 5578//5198 5581//5201 5582//5202
f 5346//4966 5582//5202 5351//4971
f 5346//4966 5578//5198 5582//5202
f 5580//5200 5579//5199 5583//5203
f 5581//5201 5583//5203 5584//5204
f 5582//5202 5584//5204 5585//5205
f 5351//4971 5585//5205 5356//4976
f 5351//4971 5582//5202 5585//5205
f 5586//5206 5587//5207 5588//5208
f 5586//5206 5589//5209 5587//5207
f 5586//5206 5590//5210 5589//5209
f 5589//5209 5590//5210 5591//5211
f 5592//5212 5591//5211 5593//5213
f 5594//5214 5593//5213 5595//5215
f 5367//4987 5595//5215 5365//4985
f 5367//4987 5594//5214 5595//5215
f 5367//4987 5356//4976 5594//5214
f 5594//5214 5356//4976 5596//5216
f 5592//5212 5596//5216 5597//5217
f 5589//5209 5597//5217 5587//5207
f 5589//5209 5592//5212 5597//5217
f 5589//5209 5591//5211 5592//5212
f 5590//5210 5598//5218 5591//5211
f 5591//5211 5598//5218 5599//5219
f 5593//5213 5599//5219 5600//5220
f 5595//5215 5600//5220 5601//5221
f 5365//4985 5601//5221 5369//4989
f 5365//4985 5595//5215 5601//5221
f 5598//5218 5602//5222 5599//5219
f 5599//5219 5602//5222 5603//5223
f 5600//5220 5603//5223 5604//5224
f 5601//5221 5604//5224 5605//5225
f 5369//4989 5605//5225 5380//5000
f 5369//4989 5601//5221 5605//5225
f 5602//5222 5606//5226 5603//5223
f 5603//5223 5606//5226 5607//5227
f 5604//5224 5607//5227 5608//5228
f 5605//5225 5608//5228 5609//5229
f 5380//5000 5609//5229 5385//5005
f 5380//5000 5605//5225 5609//5229
f 5606//5226 5610//5230 5607//5227
f 5607//5227 5610//5230 5611//5231
f 5608//5228 5611//5231 5612//5232
f 5609//5229 5612//5232 5613//5233
f 5385//5005 5613//5233 5390//5010
f 5385//5005 5609//5229 5613//5233
f 5611//5231 5610//5230 5614//5234
f 5612//5232 5614//5234 5615//5235
f 5613//5233 5615//5235 5616//5236
f 5390//5010 5616//5236 5395//5015
f 5390//5010 5613//5233 5616//5236
f 5617//5237 5618//5238 5619//5239
f 5617//5237 5620//5240 5618//5238
f 5617//5237 5621//5241 5620//5240
f 5620//5240 5621//5241 5622//5242
f 5623//5243 5622//5242 5624//5244
f 5625//5245 5624//5244 5626//5246
f 5411//5031 5626//5246 5409//5029
f 5411//5031 5625//5245 5626//5246
f 5411//5031 5400//5020 5625//5245
f 5625//5245 5400//5020 5627//5247
f 5623//5243 5627//5247 5628//5248
f 5620//5240 5628//5248 5618//5238
f 5620//5240 5623//5243 5628//5248
f 5620//5240 5622//5242 5623//5243
f 5621//5241 5629//5249 5622//5242
f 5622//5242 5629//5249 5630//5250
f 5624//5244 5630//5250 5631//5251
f 5626//5246 5631//5251 5632//5252
f 5409//5029 5632//5252 5413//5033
f 5409//5029 5626//5246 5632//5252
f 5629//5249 5633//5253 5630//5250
f 5630//5250 5633//5253 5634//5254
f 5631//5251 5634//5254 5635//5255
f 5632//5252 5635//5255 5636//5256
f 5413//5033 5636//5256 5424//5044
f 5413//5033 5632//5252 5636//5256
f 5633//5253 5637//5257 5634//5254
f 5634//5254 5637//5257 5638//5258
f 5635//5255 5638//5258 5639//5259
f 5636//5256 5639//5259 5640//5260
f 5424//5044 5640//5260 5429//5049
f 5424//5044 5636//5256 5640//5260
f 5637//5257 5641//5261 5638//5258
f 5638//5258 5641//5261 5642//5262
f 5639//5259 5642//5262 5643//5263
f 5640//5260 5643//5263 5644//5264
f 5429//5049 5644//5264 5434//5054
f 5429//5049 5640//5260 5644//5264
f 5641//5261 5645//5265 5642//5262
f 5642//5262 5645//5265 5646//5266
f 5643//5263 5646//5266 5647//5267
f 5644//5264 5647//5267 5648//5268
f 5434//5054 5648//5268 5439//5059
f 5434//5054 5644//5264 5648//5268
f 5646//5266 5645//5265 5649//5269
f 5647//5267 5649//5269 5650//5270
f 5648//5268 5650//5270 5651//5271
f 5439//5059 5651//5271 5444//5064
f 5439//5059 5648//5268 5651//5271
f 5652//5272 5653//5273 5654//5274
f 5652//5272 5655//5275 5653//5273
f 5652//5272 5656//5276 5655//5275
f 5655//5275 5656//5276 5657//5277
f 5658//5278 5657//5277 5659//5279
f 5660//5280 5659//5279 5661//5281
f 5460//5080 5661//5281 5458//5078
f 5460//5080 5660//5280 5661//5281
f 5460//5080 5449//5069 5660//5280
f 5660//5280 5449//5069 5662//5282
f 5658//5278 5662//5282 5663//5283
f 5655//5275 5663//5283 5653//5273
f 5655//5275 5658//5278 5663//5283
f 5655//5275 5657//5277 5658//5278
f 5656//5276 5664//5284 5657//5277
f 5657//5277 5664//5284 5665//5285
f 5659//5279 5665//5285 5666//5286
f 5661//5281 5666//5286 5667//5287
f 5458//5078 5667//5287 5462//5082
f 5458//5078 5661//5281 5667//5287
f 5664//5284 5668//5288 5665//5285
f 5665//5285 5668//5288 5669//5289
f 5666//5286 5669//5289 5670//5290
f 5667//5287 5670//5290 5671//5291
f 5462//5082 5671//5291 5473//5093
f 5462//5082 5667//5287 5671//5291
f 5668//5288 5672//5292 5669//5289
f 5669//5289 5672//5292 5673//5293
f 5670//5290 5673//5293 5674//5294
f 5671//5291 5674//5294 5675//5295
f 5473//5093 5675//5295 5478//5098
f 5473//5093 5671//5291 5675//5295
f 5672//5292 5676//5296 5673//5293
f 5673//5293 5676//5296 5677//5297
f 5674//5294 5677//5297 5678//5298
f 5675//5295 5678//5298 5679//5299
f 5478//5098 5679//5299 5486//5106
f 5478//5098 5675//5295 5679//5299
f 5677//5297 5676//5296 5680//5300
f 5678//5298 5680//5300 5681//5301
f 5679//5299 5681//5301 5682//5302
f 5486//5106 5682//5302 5490//5110
f 5486//5106 5679//5299 5682//5302
f 5683//5303 5684//5304 5685//5305
f 5683//5303 5686//5306 5684//5304
f 5683//5303 5687//5307 5686//5306
f 5686//5306 5687//5307 5688//5308
f 5689//5309 5688//5308 5690//5310
f 5691//5311 5690//5310 5692//5312
f 5223//4843 5692//5312 5227//4847
f 5223//4843 5691//5311 5692//5312
f 5223//4843 5225//4845 5691//5311
f 5691//5311 5225//4845 5693//5313
f 5689//5309 5693//5313 5694//5314
f 5686//5306 5694//5314 5684//5304
f 5686//5306 5689//5309 5694//5314
f 5686//5306 5688//5308 5689//5309
f 5687//5307 5499//5119 5688//5308
f 5688//5308 5499//5119 5498//5118
f 5690//5310 5498//5118 5508//5128
f 5692//5312 5508//5128 5507//5127
f 5227//4847 5507//5127 5238//4858
f 5227//4847 5692//5312 5507//5127
f 5225//4845 5490//5110 5693//5313
f 5693//5313 5490//5110 5682//5302
f 5694//5314 5682//5302 5681//5301
f 5684//5304 5681//5301 5680//5300
f 5685//5305 5680//5300 5676//5296
f 5685//5305 5684//5304 5680//5300
f 5449//5069 5444//5064 5662//5282
f 5662//5282 5444//5064 5651//5271
f 5663//5283 5651//5271 5650//5270
f 5653//5273 5650//5270 5649//5269
f 5654//5274 5649//5269 5645//5265
f 5654//5274 5653//5273 5649//5269
f 5400//5020 5395//5015 5627//5247
f 5627//5247 5395//5015 5616//5236
f 5628//5248 5616//5236 5615//5235
f 5618//5238 5615//5235 5614//5234
f 5619//5239 5614//5234 5610//5230
f 5619//5239 5618//5238 5614//5234
f 5596//5216 5356//4976 5585//5205
f 5597//5217 5585//5205 5584//5204
f 5587//5207 5584//5204 5583//5203
f 5588//5208 5583//5203 5579//5199
f 5588//5208 5587//5207 5583//5203
f 5312//4932 5307//4927 5561//5181
f 5561//5181 5307//4927 5550//5170
f 5562//5182 5550//5170 5549//5169
f 5552//5172 5549//5169 5548//5168
f 5553//5173 5548//5168 5544//5164
f 5553//5173 5552//5172 5548//5168
f 5274//4894 5263//4883 5530//5150
f 5530//5150 5263//4883 5519//5139
f 5531//5151 5519//5139 5518//5138
f 5521//5141 5518//5138 5517//5137
f 5522//5142 5517//5137 5513//5133
f 5522//5142 5521//5141 5517//5137
f 5585//5205 5597//5217 5596//5216
f 5599//5219 5593//5213 5591//5211
f 5593//5213 5594//5214 5592//5212
f 5592//5212 5594//5214 5596//5216
f 5577//5197 5576//5196 5580//5200
f 5511//5131 5510//5130 5514//5134
f 5643//5263 5642//5262 5646//5266
f 5498//5118 5690//5310 5688//5308
f 5693//5313 5689//5309 5691//5311
f 5691//5311 5689//5309 5690//5310
f 5692//5312 5690//5310 5508//5128
f 5682//5302 5694//5314 5693//5313
f 5505//5125 5507//5127 5503//5123
f 5504//5124 5505//5125 5503//5123
f 5510//5130 5504//5124 5502//5122
f 5506//5126 5504//5124 5511//5131
f 5517//5137 5515//5135 5514//5134
f 5515//5135 5512//5132 5511//5131
f 5516//5136 5515//5135 5518//5138
f 5531//5151 5518//5138 5521//5141
f 5530//5150 5519//5139 5531//5151
f 5528//5148 5530//5150 5526//5146
f 5527//5147 5528//5148 5526//5146
f 5533//5153 5527//5147 5525//5145
f 5537//5157 5534//5154 5533//5153
f 5534//5154 5529//5149 5527//5147
f 5541//5161 5538//5158 5537//5157
f 5538//5158 5535//5155 5534//5154
f 5545//5165 5542//5162 5541//5161
f 5542//5162 5539//5159 5538//5158
f 5548//5168 5546//5166 5545//5165
f 5546//5166 5543//5163 5542//5162
f 5562//5182 5549//5169 5552//5172
f 5549//5169 5547//5167 5546//5166
f 5561//5181 5550//5170 5562//5182
f 5559//5179 5561//5181 5557//5177
f 5558//5178 5559//5179 5557//5177
f 5564//5184 5558//5178 5556//5176
f 5568//5188 5565//5185 5564//5184
f 5565//5185 5560//5180 5558//5178
f 5572//5192 5569//5189 5568//5188
f 5569//5189 5566//5186 5565//5185
f 5576//5196 5573//5193 5572//5192
f 5573//5193 5570//5190 5569//5189
f 5574//5194 5573//5193 5577//5197
f 5583//5203 5581//5201 5580//5200
f 5581//5201 5578//5198 5577//5197
f 5582//5202 5581//5201 5584//5204
f 5597//5217 5584//5204 5587//5207
f 5603//5223 5600//5220 5599//5219
f 5600//5220 5595//5215 5593//5213
f 5607//5227 5604//5224 5603//5223
f 5604//5224 5601//5221 5600//5220
f 5611//5231 5608//5228 5607//5227
f 5608//5228 5605//5225 5604//5224
f 5614//5234 5612//5232 5611//5231
f 5612//5232 5609//5229 5608//5228
f 5628//5248 5615//5235 5618//5238
f 5615//5235 5613//5233 5612//5232
f 5627//5247 5616//5236 5628//5248
f 5625//5245 5627//5247 5623//5243
f 5624//5244 5625//5245 5623//5243
f 5630//5250 5624//5244 5622//5242
f 5634//5254 5631//5251 5630//5250
f 5631//5251 5626//5246 5624//5244
f 5638//5258 5635//5255 5634//5254
f 5635//5255 5632//5252 5631//5251
f 5642//5262 5639//5259 5638//5258
f 5639//5259 5636//5256 5635//5255
f 5640//5260 5639//5259 5643//5263
f 5649//5269 5647//5267 5646//5266
f 5647//5267 5644//5264 5643//5263
f 5648//5268 5647//5267 5650//5270
f 5663//5283 5650//5270 5653//5273
f 5662//5282 5651//5271 5663//5283
f 5660//5280 5662//5282 5658//5278
f 5659//5279 5660//5280 5658//5278
f 5665//5285 5659//5279 5657//5277
f 5669//5289 5666//5286 5665//5285
f 5666//5286 5661//5281 5659//5279
f 5673//5293 5670//5290 5669//5289
f 5670//5290 5667//5287 5666//5286
f 5677//5297 5674//5294 5673//5293
f 5674//5294 5671//5291 5670//5290
f 5680//5300 5678//5298 5677//5297
f 5678//5298 5675//5295 5674//5294
f 5694//5314 5681//5301 5684//5304
f 5681//5301 5679//5299 5678//5298
f 5687//5307 5598//5218 5499//5119
f 5687//5307 5602//5222 5598//5218
f 5687//5307 5683//5303 5602//5222
f 5602//5222 5683//5303 5606//5226
f 5606//5226 5683//5303 5685//5305
f 5610//5230 5685//5305 5676//5296
f 5619//5239 5676//5296 5672//5292
f 5617//5237 5672//5292 5668//5288
f 5621//5241 5668//5288 5664//5284
f 5629//5249 5664//5284 5656//5276
f 5633//5253 5656//5276 5652//5272
f 5637//5257 5652//5272 5654//5274
f 5641//5261 5654//5274 5645//5265
f 5641//5261 5637//5257 5654//5274
f 5606//5226 5685//5305 5610//5230
f 5610//5230 5676//5296 5619//5239
f 5619//5239 5672//5292 5617//5237
f 5617//5237 5668//5288 5621//5241
f 5621//5241 5664//5284 5629//5249
f 5629//5249 5656//5276 5633//5253
f 5633//5253 5652//5272 5637//5257
f 5598//5218 5590//5210 5499//5119
f 5499//5119 5590//5210 5497//5117
f 5497//5117 5590//5210 5586//5206
f 5501//5121 5586//5206 5588//5208
f 5509//5129 5588//5208 5579//5199
f 5513//5133 5579//5199 5575//5195
f 5522//5142 5575//5195 5571//5191
f 5520//5140 5571//5191 5567//5187
f 5524//5144 5567//5187 5563//5183
f 5532//5152 5563//5183 5555//5175
f 5536//5156 5555//5175 5551//5171
f 5540//5160 5551//5171 5553//5173
f 5544//5164 5540//5160 5553//5173
f 5497//5117 5586//5206 5501//5121
f 5501//5121 5588//5208 5509//5129
f 5509//5129 5579//5199 5513//5133
f 5513//5133 5575//5195 5522//5142
f 5522//5142 5571//5191 5520//5140
f 5520//5140 5567//5187 5524//5144
f 5524//5144 5563//5183 5532//5152
f 5532//5152 5555//5175 5536//5156
f 5536//5156 5551//5171 5540//5160
f 5695//5315 5696//5316 5697//5317
f 5695//5315 5698//5318 5696//5316
f 5695//5315 5699//5319 5698//5318
f 5698//5318 5699//5319 5700//5320
f 5700//5320 5699//5319 5701//5321
f 5702//5322 5701//5321 5703//5323
f 5704//5324 5703//5323 5705//5325
f 5706//5326 5705//5325 5707//5327
f 5708//5328 5707//5327 5709//5329
f 5710//5330 5709//5329 5711//5331
f 5712//5332 5711//5331 5713//5333
f 5714//5334 5713//5333 5715//5335
f 5716//5336 5715//5335 5717//5337
f 5718//5338 5717//5337 5719//5339
f 5720//5340 5719//5339 5721//5341
f 5722//5342 5721//5341 5723//5343
f 5724//5344 5723//5343 5725//5345
f 5726//5346 5725//5345 5727//5347
f 5728//5348 5727//5347 5729//5349
f 5730//5350 5729//5349 5731//5351
f 5732//5352 5731//5351 5733//5353
f 5734//5354 5733//5353 5735//5355
f 5736//5356 5735//5355 5737//5357
f 5738//5358 5737//5357 5739//5359
f 5740//5360 5739//5359 5741//5361
f 5742//5362 5741//5361 5743//5363
f 5744//5364 5743//5363 5745//5365
f 5746//5366 5745//5365 5697//5317
f 5696//5316 5746//5366 5697//5317
f 5700//5320 5701//5321 5702//5322
f 5702//5322 5703//5323 5704//5324
f 5704//5324 5705//5325 5706//5326
f 5706//5326 5707//5327 5708//5328
f 5708//5328 5709//5329 5710//5330
f 5710//5330 5711//5331 5712//5332
f 5712//5332 5713//5333 5714//5334
f 5714//5334 5715//5335 5716//5336
f 5716//5336 5717//5337 5718//5338
f 5718//5338 5719//5339 5720//5340
f 5720//5340 5721//5341 5722//5342
f 5722//5342 5723//5343 5724//5344
f 5724//5344 5725//5345 5726//5346
f 5726//5346 5727//5347 5728//5348
f 5728//5348 5729//5349 5730//5350
f 5730//5350 5731//5351 5732//5352
f 5732//5352 5733//5353 5734//5354
f 5734//5354 5735//5355 5736//5356
f 5736//5356 5737//5357 5738//5358
f 5738//5358 5739//5359 5740//5360
f 5740//5360 5741//5361 5742//5362
f 5742//5362 5743//5363 5744//5364
f 5744//5364 5745//5365 5746//5366
f 5697//5317 5745//5365 5695//5315
f 5695//5315 5745//5365 5699//5319
f 5699//5319 5745//5365 5743//5363
f 5701//5321 5743//5363 5741//5361
f 5703//5323 5741//5361 5739//5359
f 5705//5325 5739//5359 5737//5357
f 5707//5327 5737//5357 5735//5355
f 5709//5329 5735//5355 5733//5353
f 5711//5331 5733//5353 5731//5351
f 5713//5333 5731//5351 5729//5349
f 5715//5335 5729//5349 5727//5347
f 5717//5337 5727//5347 5725//5345
f 5719//5339 5725//5345 5723//5343
f 5721//5341 5719//5339 5723//5343
f 5699//5319 5743//5363 5701//5321
f 5701//5321 5741//5361 5703//5323
f 5703//5323 5739//5359 5705//5325
f 5705//5325 5737//5357 5707//5327
f 5707//5327 5735//5355 5709//5329
f 5709//5329 5733//5353 5711//5331
f 5711//5331 5731//5351 5713//5333
f 5713//5333 5729//5349 5715//5335
f 5715//5335 5727//5347 5717//5337
f 5717//5337 5725//5345 5719//5339
f 5747//5367 5748//5368 5749//5369
f 5747//5367 5750//5370 5748//5368
f 5747//5367 5751//5371 5750//5370
f 5750//5370 5751//5371 5752//5372
f 5752//5372 5751//5371 5753//5373
f 5754//5374 5753//5373 5755//5375
f 5756//5376 5755//5375 5757//5377
f 5758//5378 5757//5377 5759//5379
f 5760//5380 5759//5379 5761//5381
f 5762//5382 5761//5381 5763//5383
f 5764//5384 5763//5383 5765//5385
f 5766//5386 5765//5385 5767//5387
f 5768//5388 5767//5387 5769//5389
f 5770//5390 5769//5389 5771//5391
f 5772//5392 5771//5391 5773//5393
f 5774//5394 5773//5393 5775//5395
f 5776//5396 5775//5395 5777//5397
f 5778//5398 5777//5397 5779//5399
f 5780//5400 5779//5399 5781//5401
f 5782//5402 5781//5401 5783//5403
f 5784//5404 5783//5403 5785//5405
f 5786//5406 5785//5405 5787//5407
f 5788//5408 5787//5407 5789//5409
f 5790//5410 5789//5409 5791//5411
f 5792//5412 5791//5411 5793//5413
f 5794//5414 5793//5413 5795//5415
f 5796//5416 5795//5415 5797//5417
f 5798//5418 5797//5417 5749//5369
f 5748//5368 5798//5418 5749//5369
f 5752//5372 5753//5373 5754//5374
f 5754//5374 5755//5375 5756//5376
f 5756//5376 5757//5377 5758//5378
f 5758//5378 5759//5379 5760//5380
f 5760//5380 5761//5381 5762//5382
f 5762//5382 5763//5383 5764//5384
f 5764//5384 5765//5385 5766//5386
f 5766//5386 5767//5387 5768//5388
f 5768//5388 5769//5389 5770//5390
f 5770//5390 5771//5391 5772//5392
f 5772//5392 5773//5393 5774//5394
f 5774//5394 5775//5395 5776//5396
f 5776//5396 5777//5397 5778//5398
f 5778//5398 5779//5399 5780//5400
f 5780//5400 5781//5401 5782//5402
f 5782//5402 5783//5403 5784//5404
f 5784//5404 5785//5405 5786//5406
f 5786//5406 5787//5407 5788//5408
f 5788//5408 5789//5409 5790//5410
f 5790//5410 5791//5411 5792//5412
f 5792//5412 5793//5413 5794//5414
f 5794//5414 5795//5415 5796//5416
f 5796//5416 5797//5417 5798//5418
f 5749//5369 5797//5417 5747//5367
f 5747//5367 5797//5417 5751//5371
f 5751//5371 5797//5417 5795//5415
f 5753//5373 5795//5415 5793//5413
f 5755//5375 5793//5413 5791//5411
f 5757//5377 5791//5411 5789//5409
f 5759//5379 5789//5409 5787//5407
f 5761//5381 5787//5407 5785//5405
f 5763//5383 5785//5405 5783//5403
f 5765//5385 5783//5403 5781//5401
f 5767//5387 5781//5401 5779//5399
f 5769//5389 5779//5399 5777//5397
f 5771//5391 5777//5397 5775//5395
f 5773//5393 5771//5391 5775//5395
f 5751//5371 5795//5415 5753//5373
f 5753//5373 5793//5413 5755//5375
f 5755//5375 5791//5411 5757//5377
f 5757//5377 5789//5409 5759//5379
f 5759//5379 5787//5407 5761//5381
f 5761//5381 5785//5405 5763//5383
f 5763//5383 5783//5403 5765//5385
f 5765//5385 5781//5401 5767//5387
f 5767//5387 5779//5399 5769//5389
f 5769//5389 5777//5397 5771//5391
f 5799//5419 5800//5420 5801//5421
f 5799//5419 5802//5422 5800//5420
f 5799//5419 5803//5423 5802//5422
f 5802//5422 5803//5423 5804//5424
f 5804//5424 5803//5423 5805//5425
f 5806//5426 5805//5425 5807//5427
f 5808//5428 5807//5427 5809//5429
f 5810//5430 5809//5429 5811//5431
f 5812//5432 5811//5431 5813//5433
f 5814//5434 5813//5433 5815//5435
f 5816//5436 5815//5435 5817//5437
f 5818//5438 5817//5437 5819//5439
f 5820//5440 5819//5439 5821//5441
f 5822//5442 5821//5441 5823//5443
f 5824//5444 5823//5443 5825//5445
f 5826//5446 5825//5445 5827//5447
f 5828//5448 5827//5447 5829//5449
f 5830//5450 5829//5449 5831//5451
f 5832//5452 5831//5451 5833//5453
f 5834//5454 5833//5453 5835//5455
f 5836//5456 5835//5455 5837//5457
f 5838//5458 5837//5457 5839//5459
f 5840//5460 5839//5459 5841//5461
f 5842//5462 5841//5461 5843//5463
f 5844//5464 5843//5463 5845//5465
f 5846//5466 5845//5465 5847//5467
f 5848//5468 5847//5467 5849//5469
f 5850//5470 5849//5469 5801//5421
f 5800//5420 5850//5470 5801//5421
f 5804//5424 5805//5425 5806//5426
f 5806//5426 5807//5427 5808//5428
f 5808//5428 5809//5429 5810//5430
f 5810//5430 5811//5431 5812//5432
f 5812//5432 5813//5433 5814//5434
f 5814//5434 5815//5435 5816//5436
f 5816//5436 5817//5437 5818//5438
f 5818//5438 5819//5439 5820//5440
f 5820//5440 5821//5441 5822//5442
f 5822//5442 5823//5443 5824//5444
f 5824//5444 5825//5445 5826//5446
f 5826//5446 5827//5447 5828//5448
f 5828//5448 5829//5449 5830//5450
f 5830//5450 5831//5451 5832//5452
f 5832//5452 5833//5453 5834//5454
f 5834//5454 5835//5455 5836//5456
f 5836//5456 5837//5457 5838//5458
f 5838//5458 5839//5459 5840//5460
f 5840//5460 5841//5461 5842//5462
f 5842//5462 5843//5463 5844//5464
f 5844//5464 5845//5465 5846//5466
f 5846//5466 5847//5467 5848//5468
f 5848//5468 5849//5469 5850//5470
f 5801//5421 5849//5469 5799//5419
f 5799//5419 5849//5469 5803//5423
f 5803//5423 5849//5469 5847//5467
f 5805//5425 5847//5467 5845//5465
f 5807//5427 5845//5465 5843//5463
f 5809//5429 5843//5463 5841//5461
f 5811//5431 5841//5461 5839//5459
f 5813//5433 5839//5459 5837//5457
f 5815//5435 5837//5457 5835//5455
f 5817//5437 5835//5455 5833//5453
f 5819//5439 5833//5453 5831//5451
f 5821//5441 5831//5451 5829//5449
f 5823//5443 5829//5449 5827//5447
f 5825//5445 5823//5443 5827//5447
f 5803//5423 5847//5467 5805//5425
f 5805//5425 5845//5465 5807//5427
f 5807//5427 5843//5463 5809//5429
f 5809//5429 5841//5461 5811//5431
f 5811//5431 5839//5459 5813//5433
f 5813//5433 5837//5457 5815//5435
f 5815//5435 5835//5455 5817//5437
f 5817//5437 5833//5453 5819//5439
f 5819//5439 5831//5451 5821//5441
f 5821//5441 5829//5449 5823//5443
f 5851//5471 5852//5472 5853//5473
f 5851//5471 5854//5474 5852//5472
f 5851//5471 5855//5475 5854//5474
f 5854//5474 5855//5475 5856//5476
f 5856//5476 5855//5475 5857//5477
f 5858//5478 5857//5477 5859//5479
f 5860//5480 5859//5479 5861//5481
f 5862//5482 5861//5481 5863//5483
f 5864//5484 5863//5483 5865//5485
f 5866//5486 5865//5485 5867//5487
f 5868//5488 5867//5487 5869//5489
f 5870//5490 5869//5489 5871//5491
f 5872//5492 5871//5491 5873//5493
f 5874//5494 5873//5493 5875//5495
f 5876//5496 5875//5495 5877//5497
f 5878//5498 5877//5497 5879//5499
f 5880//5500 5879//5499 5881//5501
f 5882//5502 5881//5501 5883//5503
f 5884//5504 5883//5503 5885//5505
f 5886//5506 5885//5505 5887//5507
f 5888//5508 5887//5507 5889//5509
f 5890//5510 5889//5509 5891//5511
f 5892//5512 5891//5511 5893//5513
f 5894//5514 5893//5513 5895//5515
f 5896//5516 5895//5515 5897//5517
f 5898//5518 5897//5517 5899//5519
f 5900//5520 5899//5519 5901//5521
f 5902//5522 5901//5521 5853//5473
f 5852//5472 5902//5522 5853//5473
f 5856//5476 5857//5477 5858//5478
f 5858//5478 5859//5479 5860//5480
f 5860//5480 5861//5481 5862//5482
f 5862//5482 5863//5483 5864//5484
f 5864//5484 5865//5485 5866//5486
f 5866//5486 5867//5487 5868//5488
f 5868//5488 5869//5489 5870//5490
f 5870//5490 5871//5491 5872//5492
f 5872//5492 5873//5493 5874//5494
f 5874//5494 5875//5495 5876//5496
f 5876//5496 5877//5497 5878//5498
f 5878//5498 5879//5499 5880//5500
f 5880//5500 5881//5501 5882//5502
f 5882//5502 5883//5503 5884//5504
f 5884//5504 5885//5505 5886//5506
f 5886//5506 5887//5507 5888//5508
f 5888//5508 5889//5509 5890//5510
f 5890//5510 5891//5511 5892//5512
f 5892//5512 5893//5513 5894//5514
f 5894//5514 5895//5515 5896//5516
f 5896//5516 5897//5517 5898//5518
f 5898//5518 5899//5519 5900//5520
f 5900//5520 5901//5521 5902//5522
f 5853//5473 5901//5521 5851//5471
f 5851//5471 5901//5521 5855//5475
f 5855//5475 5901//5521 5899//5519
f 5857//5477 5899//5519 5897//5517
f 5859//5479 5897//5517 5895//5515
f 5861//5481 5895//5515 5893//5513
f 5863//5483 5893//5513 5891//5511
f 5865//5485 5891//5511 5889//5509
f 5867//5487 5889//5509 5887//5507
f 5869//5489 5887//5507 5885//5505
f 5871//5491 5885//5505 5883//5503
f 5873//5493 5883//5503 5881//5501
f 5875//5495 5881//5501 5879//5499
f 5877//5497 5875//5495 5879//5499
f 5855//5475 5899//5519 5857//5477
f 5857//5477 5897//5517 5859//5479
f 5859//5479 5895//5515 5861//5481
f 5861//5481 5893//5513 5863//5483
f 5863//5483 5891//5511 5865//5485
f 5865//5485 5889//5509 5867//5487
f 5867//5487 5887//5507 5869//5489
f 5869//5489 5885//5505 5871//5491
f 5871//5491 5883//5503 5873//5493
f 5873//5493 5881//5501 5875//5495
f 5903//5523 5904//5524 5905//5525
f 5905//5525 5904//5524 5906//5526
f 5905//5525 5906//5526 5907//5527
f 5907//5527 5906//5526 5908//5528
f 5907//5527 5908//5528 5909//5529
f 5909//5529 5908//5528 5910//5530
f 5909//5529 5910//5530 5903//5523
f 5903//5523 5910//5530 5904//5524
f 5903//5523 5905//5525 5909//5529
f 5909//5529 5905//5525 5907//5527
f 5911//5523 5912//5524 5913//5525
f 5913//5525 5912//5524 5914//5526
f 5913//5525 5914//5526 5915//5527
f 5915//5527 5914//5526 5916//5528
f 5915//5527 5916//5528 5917//5529
f 5917//5529 5916//5528 5918//5530
f 5917//5529 5918//5530 5911//5523
f 5911//5523 5918//5530 5912//5524
f 5911//5523 5913//5525 5917//5529
f 5917//5529 5913//5525 5915//5527
f 5906//5526 5904//5524 5919//562
f 5919//562 5904//5524 5920//554
f 5921//560 5920//554 5922//556
f 5923//558 5921//560 5922//556
f 5919//562 5920//554 5921//560
f 5910//5530 5924//5531 5904//5524
f 5904//5524 5924//5531 5925//5532
f 5925//5532 5924//5531 5926//5533
f 5927//548 5926//5533 5928//5534
f 5927//548 5925//5532 5926//5533
f 5910//5530 5908//5528 5929//536
f 5929//536 5908//5528 5930//528
f 5931//534 5930//528 5932//530
f 5933//532 5931//534 5932//530
f 5929//536 5930//528 5931//534
f 5908//5528 5906//5526 5934//5535
f 5934//5535 5906//5526 5935//5536
f 5936//5537 5935//5536 5937//518
f 5938//5538 5936//5537 5937//518
f 5934//5535 5935//5536 5936//5537
f 5914//5526 5912//5524 5939//562
f 5939//562 5912//5524 5940//554
f 5941//560 5940//554 5942//556
f 5943//558 5941//560 5942//556
f 5939//562 5940//554 5941//560
f 5918//5530 5944//5531 5912//5524
f 5912//5524 5944//5531 5945//5532
f 5945//5532 5944//5531 5946//5533
f 5947//548 5946//5533 5948//5534
f 5947//548 5945//5532 5946//5533
f 5918//5530 5916//5528 5949//536
f 5949//536 5916//5528 5950//528
f 5951//534 5950//528 5952//530
f 5953//532 5951//534 5952//530
f 5949//536 5950//528 5951//534
f 5916//5528 5914//5526 5954//5535
f 5954//5535 5914//5526 5955//5536
f 5956//5537 5955//5536 5957//518
f 5958//5538 5956//5537 5957//518
f 5954//5535 5955//5536 5956//5537
f 5954//5535 5959//525 5916//5528
f 5954//5535 5960//523 5959//525
f 5954//5535 5956//5537 5960//523
f 5960//523 5956//5537 5961//5539
f 5961//5539 5956//5537 5958//5538
f 5962//519 5958//5538 5957//518
f 5963//517 5957//518 5955//5536
f 5964//625 5955//5536 5914//5526
f 5965//563 5914//5526 5939//562
f 5966//561 5939//562 5941//560
f 5967//559 5941//560 5943//558
f 5968//5540 5943//558 5942//556
f 5969//555 5942//556 5940//554
f 5970//5541 5940//554 5912//5524
f 5971//5542 5912//5524 5945//5532
f 5972//549 5945//5532 5947//548
f 5973//547 5947//548 5948//5534
f 5974//545 5948//5534 5946//5533
f 5975//5543 5946//5533 5944//5531
f 5976//5544 5944//5531 5918//5530
f 5977//537 5918//5530 5949//536
f 5978//5545 5949//536 5951//534
f 5979//533 5951//534 5953//532
f 5980//531 5953//532 5952//530
f 5981//529 5952//530 5950//528
f 5982//527 5950//528 5916//5528
f 5959//525 5982//527 5916//5528
f 5961//5539 5958//5538 5962//519
f 5962//519 5957//518 5963//517
f 5963//517 5955//5536 5964//625
f 5964//625 5914//5526 5965//563
f 5965//563 5939//562 5966//561
f 5966//561 5941//560 5967//559
f 5967//559 5943//558 5968//5540
f 5968//5540 5942//556 5969//555
f 5969//555 5940//554 5970//5541
f 5970//5541 5912//5524 5971//5542
f 5971//5542 5945//5532 5972//549
f 5972//549 5947//548 5973//547
f 5973//547 5948//5534 5974//545
f 5974//545 5946//5533 5975//5543
f 5975//5543 5944//5531 5976//5544
f 5976//5544 5918//5530 5977//537
f 5977//537 5949//536 5978//5545
f 5978//5545 5951//534 5979//533
f 5979//533 5953//532 5980//531
f 5980//531 5952//530 5981//529
f 5981//529 5950//528 5982//527
f 5983//5546 197//196 5984//5547
f 5983//5546 5985//5548 197//196
f 197//196 5985//5548 199//198
f 199//198 5985//5548 5986//5549
f 201//200 5986//5549 5987//5550
f 203//202 5987//5550 5988//5551
f 205//204 5988//5551 5989//5552
f 207//206 5989//5552 5990//5553
f 208//207 5990//5553 5991//5554
f 210//209 5991//5554 5992//5555
f 212//211 5992//5555 5993//5556
f 214//213 5993//5556 5994//5557
f 215//214 5994//5557 5995//5558
f 217//216 5995//5558 5996//5559
f 219//218 5996//5559 5997//5560
f 221//220 5997//5560 5998//5561
f 223//222 5998//5561 5999//5562
f 224//223 5999//5562 6000//5563
f 226//125 6000//5563 6001//5564
f 310//288 6001//5564 6002//5565
f 311//289 6002//5565 6003//5566
f 312//131 6003//5566 6004//5567
f 313//290 6004//5567 6005//5568
f 314//291 6005//5568 6006//5569
f 315//136 6006//5569 6007//5570
f 316//292 6007//5570 6008//5571
f 317//140 6008//5571 6009//5572
f 318//293 6009//5572 6010//5573
f 319//294 6010//5573 6011//5574
f 320//295 6011//5574 6012//5575
f 321//296 6012//5575 6013//5576
f 196//195 6013//5576 195//194
f 196//195 321//296 6013//5576
f 199//198 5986//5549 201//200
f 201//200 5987//5550 203//202
f 203//202 5988//5551 205//204
f 205//204 5989//5552 207//206
f 207//206 5990//5553 208//207
f 208//207 5991//5554 210//209
f 210//209 5992//5555 212//211
f 212//211 5993//5556 214//213
f 214//213 5994//5557 215//214
f 215//214 5995//5558 217//216
f 217//216 5996//5559 219//218
f 219//218 5997//5560 221//220
f 221//220 5998//5561 223//222
f 223//222 5999//5562 224//223
f 224//223 6000//5563 226//125
f 226//125 6001//5564 310//288
f 310//288 6002//5565 311//289
f 311//289 6003//5566 312//131
f 312//131 6004//5567 313//290
f 313//290 6005//5568 314//291
f 314//291 6006//5569 315//136
f 315//136 6007//5570 316//292
f 316//292 6008//5571 317//140
f 317//140 6009//5572 318//293
f 318//293 6010//5573 319//294
f 319//294 6011//5574 320//295
f 320//295 6012//5575 321//296
f 6013//5576 5984//5547 195//194
f 195//194 5984//5547 197//196
f 5962//519 5983//5546 5961//5539
f 5962//519 5985//5548 5983//5546
f 5962//519 5963//517 5985//5548
f 5985//5548 5963//517 5986//5549
f 5986//5549 5963//517 5964//625
f 5987//5550 5964//625 5988//5551
f 5987//5550 5986//5549 5964//625
f 5964//625 5965//563 5988//5551
f 5988//5551 5965//563 5989//5552
f 5989//5552 5965//563 5966//561
f 5990//5553 5966//561 5967//559
f 5991//5554 5967//559 5968//5540
f 5992//5555 5968//5540 5993//5556
f 5992//5555 5991//5554 5968//5540
f 5989//5552 5966//561 5990//5553
f 5990//5553 5967//559 5991//5554
f 5968//5540 5969//555 5993//5556
f 5993//5556 5969//555 5994//5557
f 5994//5557 5969//555 5970//5541
f 5995//5558 5970//5541 5971//5542
f 5996//5559 5971//5542 5997//5560
f 5996//5559 5995//5558 5971//5542
f 5994//5557 5970//5541 5995//5558
f 5971//5542 5972//549 5997//5560
f 5997//5560 5972//549 5998//5561
f 5998//5561 5972//549 5973//547
f 5999//5562 5973//547 5974//545
f 6000//5563 5974//545 5975//5543
f 6001//5564 5975//5543 6002//5565
f 6001//5564 6000//5563 5975//5543
f 5998//5561 5973//547 5999//5562
f 5999//5562 5974//545 6000//5563
f 5975//5543 5976//5544 6002//5565
f 6002//5565 5976//5544 6003//5566
f 6003//5566 5976//5544 5977//537
f 6004//5567 5977//537 5978//5545
f 6005//5568 5978//5545 6006//5569
f 6005//5568 6004//5567 5978//5545
f 6003//5566 5977//537 6004//5567
f 5978//5545 5979//533 6006//5569
f 6006//5569 5979//533 6007//5570
f 6007//5570 5979//533 5980//531
f 6008//5571 5980//531 5981//529
f 6009//5572 5981//529 5982//527
f 6010//5573 5982//527 6011//5574
f 6010//5573 6009//5572 5982//527
f 6007//5570 5980//531 6008//5571
f 6008//5571 5981//529 6009//5572
f 5982//527 5959//525 6011//5574
f 6011//5574 5959//525 6012//5575
f 6012//5575 5959//525 5960//523
f 6013//5576 5960//523 5961//5539
f 5984//5547 5961//5539 5983//5546
f 5984//5547 6013//5576 5961//5539
f 6012//5575 5960//523 6013//5576
f 5934//5535 6014//525 5908//5528
f 5934//5535 6015//523 6014//525
f 5934//5535 5936//5537 6015//523
f 6015//523 5936//5537 6016//5539
f 6016//5539 5936//5537 5938//5538
f 6017//519 5938//5538 5937//518
f 6018//517 5937//518 5935//5536
f 6019//625 5935//5536 5906//5526
f 6020//563 5906//5526 5919//562
f 6021//561 5919//562 5921//560
f 6022//559 5921//560 5923//558
f 6023//5540 5923//558 5922//556
f 6024//555 5922//556 5920//554
f 6025//5541 5920//554 5904//5524
f 6026//5542 5904//5524 5925//5532
f 6027//549 5925//5532 5927//548
f 6028//547 5927//548 5928//5534
f 6029//545 5928//5534 5926//5533
f 6030//5543 5926//5533 5924//5531
f 6031//5544 5924//5531 5910//5530
f 6032//537 5910//5530 5929//536
f 6033//5545 5929//536 5931//534
f 6034//533 5931//534 5933//532
f 6035//531 5933//532 5932//530
f 6036//529 5932//530 5930//528
f 6037//527 5930//528 5908//5528
f 6014//525 6037//527 5908//5528
f 6016//5539 5938//5538 6017//519
f 6017//519 5937//518 6018//517
f 6018//517 5935//5536 6019//625
f 6019//625 5906//5526 6020//563
f 6020//563 5919//562 6021//561
f 6021//561 5921//560 6022//559
f 6022//559 5923//558 6023//5540
f 6023//5540 5922//556 6024//555
f 6024//555 5920//554 6025//5541
f 6025//5541 5904//5524 6026//5542
f 6026//5542 5925//5532 6027//549
f 6027//549 5927//548 6028//547
f 6028//547 5928//5534 6029//545
f 6029//545 5926//5533 6030//5543
f 6030//5543 5924//5531 6031//5544
f 6031//5544 5910//5530 6032//537
f 6032//537 5929//536 6033//5545
f 6033//5545 5931//534 6034//533
f 6034//533 5933//532 6035//531
f 6035//531 5932//530 6036//529
f 6036//529 5930//528 6037//527
f 6038//5546 283//196 6039//5547
f 6038//5546 6040//5548 283//196
f 283//196 6040//5548 286//274
f 286//274 6040//5548 6041//5549
f 287//200 6041//5549 6042//5550
f 288//202 6042//5550 6043//5551
f 289//204 6043//5551 6044//5552
f 290//275 6044//5552 6045//5553
f 291//276 6045//5553 6046//5554
f 292//209 6046//5554 6047//5555
f 293//211 6047//5555 6048//5556
f 294//213 6048//5556 6049//5557
f 295//214 6049//5557 6050//5558
f 296//216 6050//5558 6051//5559
f 297//277 6051//5559 6052//5560
f 298//278 6052//5560 6053//5561
f 123//123 6053//5561 6054//5562
f 122//122 6054//5562 6055//5563
f 125//125 6055//5563 6056//5564
f 127//127 6056//5564 6057//5565
f 129//129 6057//5565 6058//5566
f 131//131 6058//5566 6059//5567
f 133//133 6059//5567 6060//5568
f 135//135 6060//5568 6061//5569
f 136//136 6061//5569 6062//5570
f 138//138 6062//5570 6063//5571
f 140//140 6063//5571 6064//5572
f 142//142 6064//5572 6065//5573
f 143//143 6065//5573 6066//5574
f 145//145 6066//5574 6067//5575
f 301//281 6067//5575 6068//5576
f 303//283 6068//5576 285//194
f 303//283 301//281 6068//5576
f 286//274 6041//5549 287//200
f 287//200 6042//5550 288//202
f 288//202 6043//5551 289//204
f 289//204 6044//5552 290//275
f 290//275 6045//5553 291//276
f 291//276 6046//5554 292//209
f 292//209 6047//5555 293//211
f 293//211 6048//5556 294//213
f 294//213 6049//5557 295//214
f 295//214 6050//5558 296//216
f 296//216 6051//5559 297//277
f 297//277 6052//5560 298//278
f 298//278 6053//5561 123//123
f 123//123 6054//5562 122//122
f 122//122 6055//5563 125//125
f 125//125 6056//5564 127//127
f 127//127 6057//5565 129//129
f 129//129 6058//5566 131//131
f 131//131 6059//5567 133//133
f 133//133 6060//5568 135//135
f 135//135 6061//5569 136//136
f 136//136 6062//5570 138//138
f 138//138 6063//5571 140//140
f 140//140 6064//5572 142//142
f 142//142 6065//5573 143//143
f 143//143 6066//5574 145//145
f 145//145 6067//5575 301//281
f 6068//5576 6039//5547 285//194
f 285//194 6039//5547 283//196
f 6017//519 6038//5546 6016//5539
f 6017//519 6040//5548 6038//5546
f 6017//519 6018//517 6040//5548
f 6040//5548 6018//517 6041//5549
f 6041//5549 6018//517 6019//625
f 6042//5550 6019//625 6043//5551
f 6042//5550 6041//5549 6019//625
f 6019//625 6020//563 6043//5551
f 6043//5551 6020//563 6044//5552
f 6044//5552 6020//563 6021//561
f 6045//5553 6021//561 6022//559
f 6046//5554 6022//559 6023//5540
f 6047//5555 6023//5540 6048//5556
f 6047//5555 6046//5554 6023//5540
f 6044//5552 6021//561 6045//5553
f 6045//5553 6022//559 6046//5554
f 6023//5540 6024//555 6048//5556
f 6048//5556 6024//555 6049//5557
f 6049//5557 6024//555 6025//5541
f 6050//5558 6025//5541 6026//5542
f 6051//5559 6026//5542 6052//5560
f 6051//5559 6050//5558 6026//5542
f 6049//5557 6025//5541 6050//5558
f 6026//5542 6027//549 6052//5560
f 6052//5560 6027//549 6053//5561
f 6053//5561 6027//549 6028//547
f 6054//5562 6028//547 6029//545
f 6055//5563 6029//545 6030//5543
f 6056//5564 6030//5543 6057//5565
f 6056//5564 6055//5563 6030//5543
f 6053//5561 6028//547 6054//5562
f 6054//5562 6029//545 6055//5563
f 6030//5543 6031//5544 6057//5565
f 6057//5565 6031//5544 6058//5566
f 6058//5566 6031//5544 6032//537
f 6059//5567 6032//537 6033//5545
f 6060//5568 6033//5545 6061//5569
f 6060//5568 6059//5567 6033//5545
f 6058//5566 6032//537 6059//5567
f 6033//5545 6034//533 6061//5569
f 6061//5569 6034//533 6062//5570
f 6062//5570 6034//533 6035//531
f 6063//5571 6035//531 6036//529
f 6064//5572 6036//529 6037//527
f 6065//5573 6037//527 6066//5574
f 6065//5573 6064//5572 6037//527
f 6062//5570 6035//531 6063//5571
f 6063//5571 6036//529 6064//5572
f 6037//527 6014//525 6066//5574
f 6066//5574 6014//525 6067//5575
f 6067//5575 6014//525 6015//523
f 6068//5576 6015//523 6016//5539
f 6039//5547 6016//5539 6038//5546
f 6039//5547 6068//5576 6016//5539
f 6067//5575 6015//523 6068//5576
f 1196//910 1234//948 1276//990
f 1196//910 1232//946 1234//948
f 1196//910 1198//912 1232//946
f 1232//946 1198//912 1230//944
f 1230//944 1198//912 1200//914
f 1228//942 1200//914 1202//916
f 1226//940 1202//916 1204//918
f 1224//938 1204//918 1206//920
f 1222//936 1206//920 1208//922
f 1220//934 1208//922 1210//924
f 1218//932 1210//924 1212//926
f 1216//930 1212//926 1214//928
f 1216//930 1218//932 1212//926
f 1230//944 1200//914 1228//942
f 1228//942 1202//916 1226//940
f 1226//940 1204//918 1224//938
f 1224//938 1206//920 1222//936
f 1222//936 1208//922 1220//934
f 1220//934 1210//924 1218//932
f 1234//948 1236//950 1276//990
f 1276//990 1236//950 1274//988
f 1274//988 1236//950 1238//952
f 1272//986 1238//952 1240//954
f 1270//984 1240//954 1242//956
f 1268//982 1242//956 1244//958
f 1266//980 1244//958 1246//960
f 1264//978 1246//960 1248//962
f 1262//976 1248//962 1250//964
f 1260//974 1250//964 1252//966
f 1258//972 1252//966 1254//968
f 1256//970 1258//972 1254//968
f 1274//988 1238//952 1272//986
f 1272//986 1240//954 1270//984
f 1270//984 1242//956 1268//982
f 1268//982 1244//958 1266//980
f 1266//980 1246//960 1264//978
f 1264//978 1248//962 1262//976
f 1262//976 1250//964 1260//974
f 1260//974 1252//966 1258//972
f 6069//5577 101//101 6070//5578
f 6069//5577 6071//5579 101//101
f 101//101 6071//5579 105//105
f 105//105 6071//5579 6072//5580
f 107//107 6072//5580 6073//5581
f 109//109 6073//5581 6074//5582
f 111//111 6074//5582 6075//5583
f 113//113 6075//5583 6076//5584
f 162//162 6076//5584 6077//5585
f 164//164 6077//5585 6078//5586
f 166//166 6078//5586 6079//5587
f 168//168 6079//5587 6080//5588
f 170//170 6080//5588 6081//5589
f 172//172 6081//5589 6082//5590
f 174//174 6082//5590 6083//5591
f 176//176 6083//5591 6084//5592
f 178//178 6084//5592 6085//5593
f 180//180 6085//5593 6086//5594
f 182//182 6086//5594 6087//5595
f 184//183 6087//5595 6088//5596
f 248//242 6088//5596 6089//5597
f 250//244 6089//5597 6090//5598
f 252//246 6090//5598 6091//5599
f 254//248 6091//5599 6092//5600
f 256//250 6092//5600 6093//5601
f 258//252 6093//5601 6094//5602
f 260//254 6094//5602 103//103
f 260//254 258//252 6094//5602
f 105//105 6072//5580 107//107
f 107//107 6073//5581 109//109
f 109//109 6074//5582 111//111
f 111//111 6075//5583 113//113
f 113//113 6076//5584 162//162
f 162//162 6077//5585 164//164
f 164//164 6078//5586 166//166
f 166//166 6079//5587 168//168
f 168//168 6080//5588 170//170
f 170//170 6081//5589 172//172
f 172//172 6082//5590 174//174
f 174//174 6083//5591 176//176
f 176//176 6084//5592 178//178
f 178//178 6085//5593 180//180
f 180//180 6086//5594 182//182
f 182//182 6087//5595 184//183
f 184//183 6088//5596 248//242
f 248//242 6089//5597 250//244
f 250//244 6090//5598 252//246
f 252//246 6091//5599 254//248
f 254//248 6092//5600 256//250
f 256//250 6093//5601 258//252
f 6094//5602 6070//5578 103//103
f 103//103 6070//5578 101//101
f 6094//5602 6083//5591 6070//5578
f 6094//5602 6084//5592 6083//5591
f 6094//5602 6093//5601 6084//5592
f 6084//5592 6093//5601 6085//5593
f 6085//5593 6093//5601 6092//5600
f 6086//5594 6092//5600 6091//5599
f 6087//5595 6091//5599 6090//5598
f 6088//5596 6090//5598 6089//5597
f 6088//5596 6087//5595 6090//5598
f 6085//5593 6092//5600 6086//5594
f 6086//5594 6091//5599 6087//5595
f 6083//5591 6082//5590 6070//5578
f 6070//5578 6082//5590 6069//5577
f 6069//5577 6082//5590 6081//5589
f 6071//5579 6081//5589 6080//5588
f 6072//5580 6080//5588 6079//5587
f 6073//5581 6079//5587 6078//5586
f 6074//5582 6078//5586 6077//5585
f 6075//5583 6077//5585 6076//5584
f 6075//5583 6074//5582 6077//5585
f 6069//5577 6081//5589 6071//5579
f 6071//5579 6080//5588 6072//5580
f 6072//5580 6079//5587 6073//5581
f 6073//5581 6078//5586 6074//5582
f 35//35 449//410 36//36
f 36//36 449//410 340//315
f 340//315 449//410 450//411
f 443//404 340//315 450//411
f 443//404 337//312 340//315
f 443//404 442//403 337//312
f 337//312 442//403 519//480
f 335//310 519//480 518//479
f 333//308 518//479 516//477
f 327//302 516//477 505//466
f 327//302 333//308 516//477
f 337//312 519//480 335//310
f 335//310 518//479 333//308
f 2100//1720 5700//5320 2218//1838
f 2100//1720 5698//5318 5700//5320
f 2100//1720 2102//1722 5698//5318
f 5698//5318 2102//1722 5696//5316
f 5696//5316 2102//1722 2104//1724
f 5746//5366 2104//1724 2106//1726
f 5744//5364 2106//1726 2108//1728
f 5742//5362 2108//1728 5740//5360
f 5742//5362 5744//5364 2108//1728
f 5696//5316 2104//1724 5746//5366
f 5746//5366 2106//1726 5744//5364
f 2108//1728 2110//1730 5740//5360
f 5740//5360 2110//1730 5738//5358
f 5738//5358 2110//1730 2112//1732
f 5736//5356 2112//1732 5734//5354
f 5736//5356 5738//5358 2112//1732
f 2112//1732 2114//1734 5734//5354
f 5734//5354 2114//1734 5732//5352
f 5732//5352 2114//1734 2116//1736
f 5730//5350 2116//1736 5728//5348
f 5730//5350 5732//5352 2116//1736
f 2116//1736 2118//1738 5728//5348
f 5728//5348 2118//1738 5726//5346
f 5726//5346 2118//1738 2120//1740
f 5724//5344 2120//1740 2122//1742
f 5722//5342 2122//1742 2124//1744
f 2126//1746 5722//5342 2124//1744
f 2126//1746 86//86 5722//5342
f 2126//1746 2128//1748 86//86
f 86//86 2128//1748 87//87
f 87//87 2128//1748 2130//1750
f 2132//1752 87//87 2130//1750
f 2132//1752 2134//1754 87//87
f 87//87 2134//1754 2136//1756
f 2138//1758 87//87 2136//1756
f 2138//1758 2140//1760 87//87
f 87//87 2140//1760 2142//1762
f 2144//1764 87//87 2142//1762
f 2144//1764 2146//1766 87//87
f 87//87 2146//1766 2148//1768
f 2150//1770 87//87 2148//1768
f 2150//1770 2152//1772 87//87
f 87//87 2152//1772 2154//1774
f 2156//1776 87//87 2154//1774
f 2156//1776 2158//1778 87//87
f 87//87 2158//1778 481//442
f 481//442 2158//1778 2160//1780
f 2162//1782 481//442 2160//1780
f 2162//1782 2164//1784 481//442
f 481//442 2164//1784 2166//1786
f 2168//1788 481//442 2166//1786
f 2168//1788 2170//1790 481//442
f 481//442 2170//1790 2172//1792
f 2174//1794 481//442 2172//1792
f 2174//1794 2176//1796 481//442
f 481//442 2176//1796 2178//1798
f 2180//1800 481//442 2178//1798
f 2180//1800 2182//1802 481//442
f 481//442 2182//1802 2184//1804
f 2186//1806 481//442 2184//1804
f 2186//1806 2188//1808 481//442
f 481//442 2188//1808 151//151
f 151//151 2188//1808 2190//1810
f 2192//1812 151//151 2190//1810
f 2192//1812 2194//1814 151//151
f 151//151 2194//1814 2196//1816
f 2198//1818 151//151 2196//1816
f 2198//1818 2200//1820 151//151
f 151//151 2200//1820 2202//1822
f 2204//1824 151//151 2202//1822
f 2204//1824 2206//1826 151//151
f 151//151 2206//1826 2208//1828
f 2210//1830 151//151 2208//1828
f 2210//1830 2212//1832 151//151
f 151//151 2212//1832 2214//1834
f 2216//1836 151//151 2214//1834
f 2216//1836 5702//5322 151//151
f 2216//1836 2218//1838 5702//5322
f 5702//5322 2218//1838 5700//5320
f 5726//5346 2120//1740 5724//5344
f 5724//5344 2122//1742 5722//5342
f 5702//5322 5704//5324 151//151
f 151//151 5704//5324 5706//5326
f 86//86 5706//5326 5708//5328
f 5710//5330 86//86 5708//5328
f 5710//5330 5712//5332 86//86
f 86//86 5712//5332 5714//5334
f 5716//5336 86//86 5714//5334
f 5716//5336 5718//5338 86//86
f 86//86 5718//5338 5720//5340
f 5722//5342 86//86 5720//5340
f 151//151 5706//5326 86//86
f 47//47 427//388 48//48
f 48//48 427//388 284//273
f 284//273 427//388 428//389
f 419//380 284//273 428//389
f 419//380 302//282 284//273
f 419//380 418//379 302//282
f 302//282 418//379 476//437
f 147//147 476//437 477//438
f 148//148 477//438 479//440
f 151//151 479//440 481//442
f 151//151 148//148 479//440
f 302//282 476//437 147//147
f 147//147 477//438 148//148
f 2999//2619 5752//5372 3117//2737
f 2999//2619 5750//5370 5752//5372
f 2999//2619 3001//2621 5750//5370
f 5750//5370 3001//2621 5748//5368
f 5748//5368 3001//2621 3003//2623
f 5798//5418 3003//2623 3005//2625
f 5796//5416 3005//2625 3007//2627
f 5794//5414 3007//2627 5792//5412
f 5794//5414 5796//5416 3007//2627
f 5748//5368 3003//2623 5798//5418
f 5798//5418 3005//2625 5796//5416
f 3007//2627 3009//2629 5792//5412
f 5792//5412 3009//2629 5790//5410
f 5790//5410 3009//2629 3011//2631
f 5788//5408 3011//2631 5786//5406
f 5788//5408 5790//5410 3011//2631
f 3011//2631 3013//2633 5786//5406
f 5786//5406 3013//2633 5784//5404
f 5784//5404 3013//2633 3015//2635
f 5782//5402 3015//2635 5780//5400
f 5782//5402 5784//5404 3015//2635
f 3015//2635 3017//2637 5780//5400
f 5780//5400 3017//2637 5778//5398
f 5778//5398 3017//2637 3019//2639
f 5776//5396 3019//2639 3021//2641
f 5774//5394 3021//2641 3023//2643
f 3025//2645 5774//5394 3023//2643
f 3025//2645 99//99 5774//5394
f 3025//2645 3027//2647 99//99
f 99//99 3027//2647 100//100
f 100//100 3027//2647 3029//2649
f 3031//2651 100//100 3029//2649
f 3031//2651 3033//2653 100//100
f 100//100 3033//2653 3035//2655
f 3037//2657 100//100 3035//2655
f 3037//2657 3039//2659 100//100
f 100//100 3039//2659 3041//2661
f 3043//2663 100//100 3041//2661
f 3043//2663 3045//2665 100//100
f 100//100 3045//2665 3047//2667
f 3049//2669 100//100 3047//2667
f 3049//2669 3051//2671 100//100
f 100//100 3051//2671 3053//2673
f 3055//2675 100//100 3053//2673
f 3055//2675 3057//2677 100//100
f 100//100 3057//2677 455//416
f 455//416 3057//2677 3059//2679
f 3061//2681 455//416 3059//2679
f 3061//2681 3063//2683 455//416
f 455//416 3063//2683 3065//2685
f 3067//2687 455//416 3065//2685
f 3067//2687 3069//2689 455//416
f 455//416 3069//2689 3071//2691
f 3073//2693 455//416 3071//2691
f 3073//2693 3075//2695 455//416
f 455//416 3075//2695 3077//2697
f 3079//2699 455//416 3077//2697
f 3079//2699 3081//2701 455//416
f 455//416 3081//2701 3083//2703
f 3085//2705 455//416 3083//2703
f 3085//2705 3087//2707 455//416
f 455//416 3087//2707 376//342
f 376//342 3087//2707 3089//2709
f 3091//2711 376//342 3089//2709
f 3091//2711 3093//2713 376//342
f 376//342 3093//2713 3095//2715
f 3097//2717 376//342 3095//2715
f 3097//2717 3099//2719 376//342
f 376//342 3099//2719 3101//2721
f 3103//2723 376//342 3101//2721
f 3103//2723 3105//2725 376//342
f 376//342 3105//2725 3107//2727
f 3109//2729 376//342 3107//2727
f 3109//2729 3111//2731 376//342
f 376//342 3111//2731 3113//2733
f 3115//2735 376//342 3113//2733
f 3115//2735 5754//5374 376//342
f 3115//2735 3117//2737 5754//5374
f 5754//5374 3117//2737 5752//5372
f 5778//5398 3019//2639 5776//5396
f 5776//5396 3021//2641 5774//5394
f 5754//5374 5756//5376 376//342
f 376//342 5756//5376 5758//5378
f 99//99 5758//5378 5760//5380
f 5762//5382 99//99 5760//5380
f 5762//5382 5764//5384 99//99
f 99//99 5764//5384 5766//5386
f 5768//5388 99//99 5766//5386
f 5768//5388 5770//5390 99//99
f 99//99 5770//5390 5772//5392
f 5774//5394 99//99 5772//5392
f 376//342 5758//5378 99//99
f 23//23 438//399 24//24
f 24//24 438//399 389//355
f 389//355 438//399 439//400
f 430//391 389//355 439//400
f 430//391 387//353 389//355
f 430//391 429//390 387//353
f 387//353 429//390 469//430
f 384//350 469//430 468//429
f 382//348 468//429 466//427
f 376//342 466//427 455//416
f 376//342 382//348 466//427
f 387//353 469//430 384//350
f 384//350 468//429 382//348
f 3898//3518 5804//5424 4016//3636
f 3898//3518 5802//5422 5804//5424
f 3898//3518 3900//3520 5802//5422
f 5802//5422 3900//3520 5800//5420
f 5800//5420 3900//3520 3902//3522
f 5850//5470 3902//3522 3904//3524
f 5848//5468 3904//3524 3906//3526
f 5846//5466 3906//3526 5844//5464
f 5846//5466 5848//5468 3906//3526
f 5800//5420 3902//3522 5850//5470
f 5850//5470 3904//3524 5848//5468
f 3906//3526 3908//3528 5844//5464
f 5844//5464 3908//3528 5842//5462
f 5842//5462 3908//3528 3910//3530
f 5840//5460 3910//3530 5838//5458
f 5840//5460 5842//5462 3910//3530
f 3910//3530 3912//3532 5838//5458
f 5838//5458 3912//3532 5836//5456
f 5836//5456 3912//3532 3914//3534
f 5834//5454 3914//3534 5832//5452
f 5834//5454 5836//5456 3914//3534
f 3914//3534 3916//3536 5832//5452
f 5832//5452 3916//3536 5830//5450
f 5830//5450 3916//3536 3918//3538
f 5828//5448 3918//3538 3920//3540
f 5826//5446 3920//3540 3922//3542
f 3924//3544 5826//5446 3922//3542
f 3924//3544 73//73 5826//5446
f 3924//3544 3926//3546 73//73
f 73//73 3926//3546 74//74
f 74//74 3926//3546 3928//3548
f 3930//3550 74//74 3928//3548
f 3930//3550 3932//3552 74//74
f 74//74 3932//3552 3934//3554
f 3936//3556 74//74 3934//3554
f 3936//3556 3938//3558 74//74
f 74//74 3938//3558 3940//3560
f 3942//3562 74//74 3940//3560
f 3942//3562 3944//3564 74//74
f 74//74 3944//3564 3946//3566
f 3948//3568 74//74 3946//3566
f 3948//3568 3950//3570 74//74
f 74//74 3950//3570 3952//3572
f 3954//3574 74//74 3952//3572
f 3954//3574 3956//3576 74//74
f 74//74 3956//3576 531//492
f 531//492 3956//3576 3958//3578
f 3960//3580 531//492 3958//3578
f 3960//3580 3962//3582 531//492
f 531//492 3962//3582 3964//3584
f 3966//3586 531//492 3964//3584
f 3966//3586 3968//3588 531//492
f 531//492 3968//3588 3970//3590
f 3972//3592 531//492 3970//3590
f 3972//3592 3974//3594 531//492
f 531//492 3974//3594 3976//3596
f 3978//3598 531//492 3976//3596
f 3978//3598 3980//3600 531//492
f 531//492 3980//3600 3982//3602
f 3984//3604 531//492 3982//3602
f 3984//3604 3986//3606 531//492
f 531//492 3986//3606 307//285
f 307//285 3986//3606 3988//3608
f 3990//3610 307//285 3988//3608
f 3990//3610 3992//3612 307//285
f 307//285 3992//3612 3994//3614
f 3996//3616 307//285 3994//3614
f 3996//3616 3998//3618 307//285
f 307//285 3998//3618 4000//3620
f 4002//3622 307//285 4000//3620
f 4002//3622 4004//3624 307//285
f 307//285 4004//3624 4006//3626
f 4008//3628 307//285 4006//3626
f 4008//3628 4010//3630 307//285
f 307//285 4010//3630 4012//3632
f 4014//3634 307//285 4012//3632
f 4014//3634 5806//5426 307//285
f 4014//3634 4016//3636 5806//5426
f 5806//5426 4016//3636 5804//5424
f 5830//5450 3918//3538 5828//5448
f 5828//5448 3920//3540 5826//5446
f 5806//5426 5808//5428 307//285
f 307//285 5808//5428 5810//5430
f 73//73 5810//5430 5812//5432
f 5814//5434 73//73 5812//5432
f 5814//5434 5816//5436 73//73
f 73//73 5816//5436 5818//5438
f 5820//5440 73//73 5818//5438
f 5820//5440 5822//5442 73//73
f 73//73 5822//5442 5824//5444
f 5826//5446 73//73 5824//5444
f 307//285 5810//5430 73//73
f 1//1 416//377 2//2
f 2//2 416//377 225//224
f 225//224 416//377 417//378
f 408//369 225//224 417//378
f 408//369 222//221 225//224
f 408//369 407//368 222//221
f 222//221 407//368 526//487
f 220//219 526//487 527//488
f 305//284 527//488 529//490
f 307//285 529//490 531//492
f 307//285 305//284 529//490
f 222//221 526//487 220//219
f 220//219 527//488 305//284
f 4797//4417 5856//5476 4915//4535
f 4797//4417 5854//5474 5856//5476
f 4797//4417 4799//4419 5854//5474
f 5854//5474 4799//4419 5852//5472
f 5852//5472 4799//4419 4801//4421
f 5902//5522 4801//4421 4803//4423
f 5900//5520 4803//4423 4805//4425
f 5898//5518 4805//4425 5896//5516
f 5898//5518 5900//5520 4805//4425
f 5852//5472 4801//4421 5902//5522
f 5902//5522 4803//4423 5900//5520
f 4805//4425 4807//4427 5896//5516
f 5896//5516 4807//4427 5894//5514
f 5894//5514 4807//4427 4809//4429
f 5892//5512 4809//4429 5890//5510
f 5892//5512 5894//5514 4809//4429
f 4809//4429 4811//4431 5890//5510
f 5890//5510 4811//4431 5888//5508
f 5888//5508 4811//4431 4813//4433
f 5886//5506 4813//4433 5884//5504
f 5886//5506 5888//5508 4813//4433
f 4813//4433 4815//4435 5884//5504
f 5884//5504 4815//4435 5882//5502
f 5882//5502 4815//4435 4817//4437
f 5880//5500 4817//4437 4819//4439
f 5878//5498 4819//4439 4821//4441
f 4823//4443 5878//5498 4821//4441
f 4823//4443 60//60 5878//5498
f 4823//4443 4825//4445 60//60
f 60//60 4825//4445 61//61
f 61//61 4825//4445 4827//4447
f 4829//4449 61//61 4827//4447
f 4829//4449 4831//4451 61//61
f 61//61 4831//4451 4833//4453
f 4835//4455 61//61 4833//4453
f 4835//4455 4837//4457 61//61
f 61//61 4837//4457 4839//4459
f 4841//4461 61//61 4839//4459
f 4841//4461 4843//4463 61//61
f 61//61 4843//4463 4845//4465
f 4847//4467 61//61 4845//4465
f 4847//4467 4849//4469 61//61
f 61//61 4849//4469 4851//4471
f 4853//4473 61//61 4851//4471
f 4853//4473 4855//4475 61//61
f 61//61 4855//4475 505//466
f 505//466 4855//4475 4857//4477
f 4859//4479 505//466 4857//4477
f 4859//4479 4861//4481 505//466
f 505//466 4861//4481 4863//4483
f 4865//4485 505//466 4863//4483
f 4865//4485 4867//4487 505//466
f 505//466 4867//4487 4869//4489
f 4871//4491 505//466 4869//4489
f 4871//4491 4873//4493 505//466
f 505//466 4873//4493 4875//4495
f 4877//4497 505//466 4875//4495
f 4877//4497 4879//4499 505//466
f 505//466 4879//4499 4881//4501
f 4883//4503 505//466 4881//4501
f 4883//4503 4885//4505 505//466
f 505//466 4885//4505 327//302
f 327//302 4885//4505 4887//4507
f 4889//4509 327//302 4887//4507
f 4889//4509 4891//4511 327//302
f 327//302 4891//4511 4893//4513
f 4895//4515 327//302 4893//4513
f 4895//4515 4897//4517 327//302
f 327//302 4897//4517 4899//4519
f 4901//4521 327//302 4899//4519
f 4901//4521 4903//4523 327//302
f 327//302 4903//4523 4905//4525
f 4907//4527 327//302 4905//4525
f 4907//4527 4909//4529 327//302
f 327//302 4909//4529 4911//4531
f 4913//4533 327//302 4911//4531
f 4913//4533 5858//5478 327//302
f 4913//4533 4915//4535 5858//5478
f 5858//5478 4915//4535 5856//5476
f 5882//5502 4817//4437 5880//5500
f 5880//5500 4819//4439 5878//5498
f 5858//5478 5860//5480 327//302
f 327//302 5860//5480 5862//5482
f 60//60 5862//5482 5864//5484
f 5866//5486 60//60 5864//5484
f 5866//5486 5868//5488 60//60
f 60//60 5868//5488 5870//5490
f 5872//5492 60//60 5870//5490
f 5872//5492 5874//5494 60//60
f 60//60 5874//5494 5876//5496
f 5878//5498 60//60 5876//5496
f 327//302 5862//5482 60//60
# Vertices: 6094, normals: 5602, texture coordinates: 0, faces: 12184

