# File generated by ImageToStl.com - Free Image and 3D model conversion tools

o obj1
v -17.317 -17.25 -18.2171
v -15.6138 -17.25 -19.6755
v -17.317 -18.25 -18.2171
v -15.6138 -18.25 -19.6755
v -13.7883 -17.25 -20.9777
v -13.7883 -18.25 -20.9777
v -11.8549 -17.25 -22.1133
v -11.8549 -18.25 -22.1133
v -9.8287 -17.25 -23.0736
v -9.8287 -18.25 -23.0736
v -7.7255 -17.25 -23.851
v -7.7255 -18.25 -23.851
v -5.5618 -17.25 -24.4395
v -5.5618 -18.25 -24.4395
v -3.3546 -17.25 -24.8343
v -3.3546 -18.25 -24.8343
v -1.1211 -17.25 -25.0326
v -1.1211 -18.25 -25.0326
v 1.1211 -17.25 -25.0326
v 1.1211 -18.25 -25.0326
v 3.3546 -17.25 -24.8343
v 3.3546 -18.25 -24.8343
v 5.5618 -17.25 -24.4395
v 5.5618 -18.25 -24.4395
v 7.7255 -17.25 -23.851
v 7.7255 -18.25 -23.851
v 9.8287 -17.25 -23.0736
v 9.8287 -18.25 -23.0736
v 11.8549 -17.25 -22.1133
v 11.8549 -18.25 -22.1133
v 13.7883 -17.25 -20.9777
v 13.7883 -18.25 -20.9777
v 15.6138 -17.25 -19.6755
v 15.6138 -18.25 -19.6755
v 17.317 -18.25 -18.2171
v 17.317 -17.25 -18.2171
v 26.8088 -17.25 -18.2171
v 26.8088 -18.25 -18.2171
v 28.5399 -17.25 -19.6213
v 28.5399 -18.25 -19.6213
v 30.3904 -17.25 -20.8641
v 30.3904 -18.25 -20.8641
v 32.3451 -17.25 -21.9353
v 32.3451 -18.25 -21.9353
v 34.3883 -18.25 -22.8263
v 34.3883 -17.25 -22.8263
v 36.5034 -18.25 -23.5299
v 36.5034 -17.25 -23.5299
v 38.6732 -17.25 -24.0403
v 38.6732 -18.25 -24.0403
v 40.8801 -17.25 -24.3534
v 40.8801 -18.25 -24.3534
v 43.1062 -17.25 -24.4667
v 43.1062 -18.25 -24.4667
v 45.3335 -17.25 -24.3793
v 45.3335 -18.25 -24.3793
v 47.5439 -17.25 -24.0918
v 47.5439 -18.25 -24.0918
v 49.7195 -17.25 -23.6066
v 49.7195 -18.25 -23.6066
v 51.8426 -17.25 -22.9277
v 51.8426 -18.25 -22.9277
v 53.896 -17.25 -22.0605
v 53.896 -18.25 -22.0605
v 55.863 -17.25 -21.0121
v 55.863 -18.25 -21.0121
v 57.7278 -17.25 -19.7909
v 57.7278 -18.25 -19.7909
v 59.4751 -17.25 -18.4069
v 59.4751 -18.25 -18.4069
v 61.0908 -17.25 -16.8714
v 61.0908 -18.25 -16.8714
v 62.5618 -17.25 -15.1966
v 62.5618 -18.25 -15.1966
v 63.8762 -17.25 -13.3964
v 63.8762 -18.25 -13.3964
v 65.0233 -17.25 -11.4852
v 65.0233 -18.25 -11.4852
v 65.9937 -17.25 -9.4785
v 65.9937 -18.25 -9.4785
v 66.7797 -17.25 -7.3927
v 66.7797 -18.25 -7.3927
v 67.3749 -17.25 -5.2446
v 67.3749 -18.25 -5.2446
v 67.7743 -17.25 -3.0516
v 67.7743 -18.25 -3.0516
v 67.9749 -17.25 -0.8317
v 67.9749 -18.25 -0.8317
v 67.9749 -17.25 1.3974
v 67.9749 -18.25 1.3974
v 67.7743 -17.25 3.6173
v 67.7743 -18.25 3.6173
v 67.3749 -17.25 5.8103
v 67.3749 -18.25 5.8103
v 66.7797 -17.25 7.9584
v 66.7797 -18.25 7.9584
v 65.9937 -17.25 10.0442
v 65.9937 -18.25 10.0442
v 65.0233 -17.25 12.0509
v 65.0233 -18.25 12.0509
v 63.8762 -17.25 13.9621
v 63.8762 -18.25 13.9621
v 62.5618 -17.25 15.7624
v 62.5618 -18.25 15.7624
v 61.0908 -17.25 17.4371
v 61.0908 -18.25 17.4371
v 59.4751 -17.25 18.9726
v 59.4751 -18.25 18.9726
v 57.7278 -17.25 20.3566
v 57.7278 -18.25 20.3566
v 55.863 -17.25 21.5778
v 55.863 -18.25 21.5778
v 53.896 -17.25 22.6262
v 53.896 -18.25 22.6262
v 51.8426 -17.25 23.4934
v 51.8426 -18.25 23.4934
v 49.7195 -17.25 24.1723
v 49.7195 -18.25 24.1723
v 47.5439 -17.25 24.6575
v 47.5439 -18.25 24.6575
v 45.3335 -17.25 24.945
v 45.3335 -18.25 24.945
v 43.1062 -17.25 25.0324
v 43.1062 -18.25 25.0324
v 40.8801 -17.25 24.9191
v 40.8801 -18.25 24.9191
v 38.6732 -17.25 24.606
v 38.6732 -18.25 24.606
v 36.5034 -17.25 24.0956
v 36.5034 -18.25 24.0956
v 34.3883 -17.25 23.392
v 34.3883 -18.25 23.392
v 32.3451 -17.25 22.501
v 32.3451 -18.25 22.501
v 30.3904 -17.25 21.4298
v 30.3904 -18.25 21.4298
v 28.5399 -17.25 20.187
v 28.5399 -18.25 20.187
v 26.8088 -17.25 18.7829
v 26.8088 -18.25 18.7829
v 15.637 -17.25 18.7829
v 15.637 -18.25 18.7829
v 13.9562 -17.25 20.0816
v 13.9562 -18.25 20.0816
v 12.1681 -17.25 21.2281
v 12.1681 -18.25 21.2281
v 10.2865 -17.25 22.2135
v 10.2865 -18.25 22.2135
v 8.3257 -17.25 23.0303
v 8.3257 -18.25 23.0303
v 6.301 -17.25 23.6722
v 6.301 -18.25 23.6722
v 4.2278 -17.25 24.1343
v 4.2278 -18.25 24.1343
v 2.122 -17.25 24.413
v 2.122 -18.25 24.413
v 0 -17.25 24.5061
v 0 -18.25 24.5061
v -2.122 -17.25 24.413
v -2.122 -18.25 24.413
v -4.2278 -17.25 24.1343
v -4.2278 -18.25 24.1343
v -6.301 -17.25 23.6722
v -6.301 -18.25 23.6722
v -8.3257 -17.25 23.0303
v -8.3257 -18.25 23.0303
v -10.2865 -17.25 22.2135
v -10.2865 -18.25 22.2135
v -12.1681 -17.25 21.2281
v -12.1681 -18.25 21.2281
v -13.9562 -17.25 20.0816
v -13.9562 -18.25 20.0816
v -15.637 -18.25 18.7829
v -15.637 -17.25 18.7829
v -26.8088 -17.25 18.7829
v -26.8088 -18.25 18.7829
v -28.5399 -17.25 20.187
v -28.5399 -18.25 20.187
v -30.3904 -17.25 21.4298
v -30.3904 -18.25 21.4298
v -32.3451 -17.25 22.501
v -32.3451 -18.25 22.501
v -34.3883 -18.25 23.392
v -34.3883 -17.25 23.392
v -36.5034 -18.25 24.0956
v -36.5034 -17.25 24.0956
v -38.6732 -17.25 24.606
v -38.6732 -18.25 24.606
v -40.8801 -17.25 24.9191
v -40.8801 -18.25 24.9191
v -43.1062 -17.25 25.0324
v -43.1062 -18.25 25.0324
v -45.3335 -17.25 24.945
v -45.3335 -18.25 24.945
v -47.5439 -17.25 24.6575
v -47.5439 -18.25 24.6575
v -49.7195 -17.25 24.1723
v -49.7195 -18.25 24.1723
v -51.8426 -17.25 23.4934
v -51.8426 -18.25 23.4934
v -53.896 -17.25 22.6262
v -53.896 -18.25 22.6262
v -55.863 -17.25 21.5778
v -55.863 -18.25 21.5778
v -57.7278 -17.25 20.3566
v -57.7278 -18.25 20.3566
v -59.4751 -17.25 18.9726
v -59.4751 -18.25 18.9726
v -61.0908 -17.25 17.4371
v -61.0908 -18.25 17.4371
v -62.5618 -17.25 15.7624
v -62.5618 -18.25 15.7624
v -63.8762 -17.25 13.9621
v -63.8762 -18.25 13.9621
v -65.0233 -17.25 12.0509
v -65.0233 -18.25 12.0509
v -65.9937 -17.25 10.0442
v -65.9937 -18.25 10.0442
v -66.7797 -17.25 7.9584
v -66.7797 -18.25 7.9584
v -67.3749 -17.25 5.8103
v -67.3749 -18.25 5.8103
v -67.7743 -17.25 3.6173
v -67.7743 -18.25 3.6173
v -67.9749 -17.25 1.3974
v -67.9749 -18.25 1.3974
v -67.9749 -17.25 -0.8317
v -67.9749 -18.25 -0.8317
v -67.7743 -17.25 -3.0516
v -67.7743 -18.25 -3.0516
v -67.3749 -17.25 -5.2446
v -67.3749 -18.25 -5.2446
v -66.7797 -17.25 -7.3927
v -66.7797 -18.25 -7.3927
v -65.9937 -17.25 -9.4785
v -65.9937 -18.25 -9.4785
v -65.0233 -17.25 -11.4852
v -65.0233 -18.25 -11.4852
v -63.8762 -17.25 -13.3964
v -63.8762 -18.25 -13.3964
v -62.5618 -17.25 -15.1966
v -62.5618 -18.25 -15.1966
v -61.0908 -17.25 -16.8714
v -61.0908 -18.25 -16.8714
v -59.4751 -17.25 -18.4069
v -59.4751 -18.25 -18.4069
v -57.7278 -17.25 -19.7909
v -57.7278 -18.25 -19.7909
v -55.863 -17.25 -21.0121
v -55.863 -18.25 -21.0121
v -53.896 -17.25 -22.0605
v -53.896 -18.25 -22.0605
v -51.8426 -17.25 -22.9277
v -51.8426 -18.25 -22.9277
v -49.7195 -17.25 -23.6066
v -49.7195 -18.25 -23.6066
v -47.5439 -17.25 -24.0918
v -47.5439 -18.25 -24.0918
v -45.3335 -17.25 -24.3793
v -45.3335 -18.25 -24.3793
v -43.1062 -17.25 -24.4667
v -43.1062 -18.25 -24.4667
v -40.8801 -17.25 -24.3534
v -40.8801 -18.25 -24.3534
v -38.6732 -17.25 -24.0403
v -38.6732 -18.25 -24.0403
v -36.5034 -17.25 -23.5299
v -36.5034 -18.25 -23.5299
v -34.3883 -17.25 -22.8263
v -34.3883 -18.25 -22.8263
v -32.3451 -17.25 -21.9353
v -32.3451 -18.25 -21.9353
v -30.3904 -17.25 -20.8641
v -30.3904 -18.25 -20.8641
v -28.5399 -17.25 -19.6213
v -28.5399 -18.25 -19.6213
v -26.8088 -17.25 -18.2171
v -26.8088 -18.25 -18.2171
v -17.7076 -18.25 -19.2171
v -26.433 -18.25 -19.2171
v -28.2434 -18.25 -20.6423
v -30.1739 -18.25 -21.9
v -32.2091 -18.25 -22.98
v -34.3328 -18.25 -23.8738
v -36.5278 -18.25 -24.5742
v -38.7766 -18.25 -25.0756
v -41.0613 -18.25 -25.374
v -43.3635 -18.25 -25.4669
v -45.6648 -18.25 -25.3537
v -47.9467 -18.25 -25.0352
v -50.191 -18.25 -24.514
v -52.3798 -18.25 -23.7943
v -54.4955 -18.25 -22.8818
v -56.5211 -18.25 -21.7839
v -58.4405 -18.25 -20.5092
v -60.2383 -18.25 -19.0681
v -61.9 -18.25 -17.4721
v -63.4124 -18.25 -15.7339
v -64.7634 -18.25 -13.8675
v -65.9422 -18.25 -11.8878
v -66.9393 -18.25 -9.8107
v -67.7467 -18.25 -7.6527
v -68.358 -18.25 -5.4313
v -68.7682 -18.25 -3.164
v -68.9742 -18.25 -0.8692
v -68.9742 -18.25 1.4349
v -15.9517 -18.25 -20.6778
v -14.076 -18.25 -21.9809
v -12.0944 -18.25 -23.1166
v -10.0219 -18.25 -24.0763
v -7.8741 -18.25 -24.8529
v -5.667 -18.25 -25.4405
v -3.4173 -18.25 -25.8348
v -1.142 -18.25 -26.0326
v 1.142 -18.25 -26.0326
v 3.4173 -18.25 -25.8348
v 5.667 -18.25 -25.4405
v 7.8741 -18.25 -24.8529
v 10.0219 -18.25 -24.0763
v 12.0944 -18.25 -23.1166
v 14.076 -18.25 -21.9809
v 15.9517 -18.25 -20.6778
v 17.7076 -18.25 -19.2171
v 26.433 -18.25 -19.2171
v 28.2434 -18.25 -20.6423
v 30.1739 -18.25 -21.9
v 32.2091 -18.25 -22.98
v 34.3328 -18.25 -23.8738
v 36.5278 -18.25 -24.5742
v 38.7766 -18.25 -25.0756
v 41.0613 -18.25 -25.374
v 43.3635 -18.25 -25.4669
v 45.6648 -18.25 -25.3537
v 47.9467 -18.25 -25.0352
v 50.191 -18.25 -24.514
v 52.3798 -18.25 -23.7943
v 54.4955 -18.25 -22.8818
v 56.5211 -18.25 -21.7839
v 58.4405 -18.25 -20.5092
v 60.2383 -18.25 -19.0681
v 61.9 -18.25 -17.4721
v 63.4124 -18.25 -15.7339
v 64.7634 -18.25 -13.8675
v 65.9422 -18.25 -11.8878
v 66.9393 -18.25 -9.8107
v 67.7467 -18.25 -7.6527
v 68.358 -18.25 -5.4313
v 68.7682 -18.25 -3.164
v 68.9742 -18.25 -0.8692
v 68.9742 -18.25 1.4349
v 68.7682 -18.25 3.7297
v 68.358 -18.25 5.997
v 67.7467 -18.25 8.2185
v 66.9393 -18.25 10.3764
v 65.9422 -18.25 12.4536
v 64.7634 -18.25 14.4333
v 63.4124 -18.25 16.2997
v 61.9 -18.25 18.0378
v 60.2383 -18.25 19.6339
v 58.4405 -18.25 21.0749
v 56.5211 -18.25 22.3496
v 54.4955 -18.25 23.4475
v 52.3798 -18.25 24.36
v 50.191 -18.25 25.0797
v 47.9467 -18.25 25.6009
v 45.6648 -18.25 25.9194
v 43.3635 -18.25 26.0326
v 41.0613 -18.25 25.9397
v 38.7766 -18.25 25.6413
v 36.5278 -18.25 25.1399
v 34.3328 -18.25 24.4395
v 32.2091 -18.25 23.5457
v 30.1739 -18.25 22.4657
v 28.2434 -18.25 21.208
v 26.433 -18.25 19.7829
v 15.9988 -18.25 19.7829
v 14.2671 -18.25 21.0834
v 12.4302 -18.25 22.2305
v 10.5017 -18.25 23.2159
v 8.4958 -18.25 24.0322
v 6.4273 -18.25 24.6735
v 4.3114 -18.25 25.1349
v 2.1637 -18.25 25.4131
v 0 -18.25 25.5061
v -2.1637 -18.25 25.4131
v -4.3114 -18.25 25.1349
v -6.4273 -18.25 24.6735
v -8.4958 -18.25 24.0322
v -10.5017 -18.25 23.2159
v -12.4302 -18.25 22.2305
v -14.2671 -18.25 21.0834
v -15.9988 -18.25 19.7829
v -26.433 -18.25 19.7829
v -28.2434 -18.25 21.208
v -30.1739 -18.25 22.4657
v -32.2091 -18.25 23.5457
v -34.3328 -18.25 24.4395
v -36.5278 -18.25 25.1399
v -38.7766 -18.25 25.6413
v -41.0613 -18.25 25.9397
v -43.3635 -18.25 26.0326
v -45.6648 -18.25 25.9194
v -47.9467 -18.25 25.6009
v -50.191 -18.25 25.0797
v -52.3798 -18.25 24.36
v -54.4955 -18.25 23.4475
v -56.5211 -18.25 22.3496
v -58.4405 -18.25 21.0749
v -60.2383 -18.25 19.6339
v -61.9 -18.25 18.0378
v -63.4124 -18.25 16.2997
v -64.7634 -18.25 14.4333
v -65.9422 -18.25 12.4536
v -66.9393 -18.25 10.3764
v -67.7467 -18.25 8.2185
v -68.358 -18.25 5.997
v -68.7682 -18.25 3.7297
v 17.7076 -17.25 -19.2171
v 26.433 -17.25 -19.2171
v 28.2434 -17.25 -20.6423
v 30.1739 -17.25 -21.9
v 32.2091 -17.25 -22.98
v 34.3328 -17.25 -23.8738
v 36.5278 -17.25 -24.5742
v 38.7766 -17.25 -25.0756
v 41.0613 -17.25 -25.374
v 43.3635 -17.25 -25.4669
v 45.6648 -17.25 -25.3537
v 47.9467 -17.25 -25.0352
v 50.191 -17.25 -24.514
v 52.3798 -17.25 -23.7943
v 54.4955 -17.25 -22.8818
v 56.5211 -17.25 -21.7839
v 58.4405 -17.25 -20.5092
v 60.2383 -17.25 -19.0681
v 61.9 -17.25 -17.4721
v 63.4124 -17.25 -15.7339
v 64.7634 -17.25 -13.8675
v 65.9422 -17.25 -11.8878
v 66.9393 -17.25 -9.8107
v 67.7467 -17.25 -7.6527
v 68.358 -17.25 -5.4313
v 68.7682 -17.25 -3.164
v 68.9742 -17.25 -0.8692
v 68.9742 -17.25 1.4349
v 15.9517 -17.25 -20.6778
v 14.076 -17.25 -21.9809
v 12.0944 -17.25 -23.1166
v 10.0219 -17.25 -24.0763
v 7.8741 -17.25 -24.8529
v 5.667 -17.25 -25.4405
v 3.4173 -17.25 -25.8348
v 1.142 -17.25 -26.0326
v -1.142 -17.25 -26.0326
v -3.4173 -17.25 -25.8348
v -5.667 -17.25 -25.4405
v -7.8741 -17.25 -24.8529
v -10.0219 -17.25 -24.0763
v -12.0944 -17.25 -23.1166
v -14.076 -17.25 -21.9809
v -15.9517 -17.25 -20.6778
v -17.7076 -17.25 -19.2171
v -26.433 -17.25 -19.2171
v -28.2434 -17.25 -20.6423
v -30.1739 -17.25 -21.9
v -32.2091 -17.25 -22.98
v -34.3328 -17.25 -23.8738
v -36.5278 -17.25 -24.5742
v -38.7766 -17.25 -25.0756
v -41.0613 -17.25 -25.374
v -43.3635 -17.25 -25.4669
v -45.6648 -17.25 -25.3537
v -47.9467 -17.25 -25.0352
v -50.191 -17.25 -24.514
v -52.3798 -17.25 -23.7943
v -54.4955 -17.25 -22.8818
v -56.5211 -17.25 -21.7839
v -58.4405 -17.25 -20.5092
v -60.2383 -17.25 -19.0681
v -61.9 -17.25 -17.4721
v -63.4124 -17.25 -15.7339
v -64.7634 -17.25 -13.8675
v -65.9422 -17.25 -11.8878
v -66.9393 -17.25 -9.8107
v -67.7467 -17.25 -7.6527
v -68.358 -17.25 -5.4313
v -68.7682 -17.25 -3.164
v -68.9742 -17.25 -0.8692
v -68.9742 -17.25 1.4349
v -68.7682 -17.25 3.7297
v -68.358 -17.25 5.997
v -67.7467 -17.25 8.2185
v -66.9393 -17.25 10.3764
v -65.9422 -17.25 12.4536
v -64.7634 -17.25 14.4333
v -63.4124 -17.25 16.2997
v -61.9 -17.25 18.0378
v -60.2383 -17.25 19.6339
v -58.4405 -17.25 21.0749
v -56.5211 -17.25 22.3496
v -54.4955 -17.25 23.4475
v -52.3798 -17.25 24.36
v -50.191 -17.25 25.0797
v -47.9467 -17.25 25.6009
v -45.6648 -17.25 25.9194
v -43.3635 -17.25 26.0326
v -41.0613 -17.25 25.9397
v -38.7766 -17.25 25.6413
v -36.5278 -17.25 25.1399
v -34.3328 -17.25 24.4395
v -32.2091 -17.25 23.5457
v -30.1739 -17.25 22.4657
v -28.2434 -17.25 21.208
v -26.433 -17.25 19.7829
v -15.9988 -17.25 19.7829
v -14.2671 -17.25 21.0834
v -12.4302 -17.25 22.2305
v -10.5017 -17.25 23.2159
v -8.4958 -17.25 24.0322
v -6.4273 -17.25 24.6735
v -4.3114 -17.25 25.1349
v -2.1637 -17.25 25.4131
v 0 -17.25 25.5061
v 2.1637 -17.25 25.4131
v 4.3114 -17.25 25.1349
v 6.4273 -17.25 24.6735
v 8.4958 -17.25 24.0322
v 10.5017 -17.25 23.2159
v 12.4302 -17.25 22.2305
v 14.2671 -17.25 21.0834
v 15.9988 -17.25 19.7829
v 26.433 -17.25 19.7829
v 28.2434 -17.25 21.208
v 30.1739 -17.25 22.4657
v 32.2091 -17.25 23.5457
v 34.3328 -17.25 24.4395
v 36.5278 -17.25 25.1399
v 38.7766 -17.25 25.6413
v 41.0613 -17.25 25.9397
v 43.3635 -17.25 26.0326
v 45.6648 -17.25 25.9194
v 47.9467 -17.25 25.6009
v 50.191 -17.25 25.0797
v 52.3798 -17.25 24.36
v 54.4955 -17.25 23.4475
v 56.5211 -17.25 22.3496
v 58.4405 -17.25 21.0749
v 60.2383 -17.25 19.6339
v 61.9 -17.25 18.0378
v 63.4124 -17.25 16.2997
v 64.7634 -17.25 14.4333
v 65.9422 -17.25 12.4536
v 66.9393 -17.25 10.3764
v 67.7467 -17.25 8.2185
v 68.358 -17.25 5.997
v 68.7682 -17.25 3.7297
v 26.433 -34.75 -19.2171
v 28.2434 -34.75 -20.6423
v 30.1739 -34.75 -21.9
v 32.2091 -34.75 -22.98
v 34.3328 -34.75 -23.8738
v 36.5278 -34.75 -24.5742
v 38.7766 -34.75 -25.0756
v 41.0613 -34.75 -25.374
v 43.3635 -34.75 -25.4669
v 45.6648 -34.75 -25.3537
v 47.9467 -34.75 -25.0352
v 50.191 -34.75 -24.514
v 52.3798 -34.75 -23.7943
v 54.4955 -34.75 -22.8818
v 56.5211 -34.75 -21.7839
v 58.4405 -34.75 -20.5092
v 60.2383 -34.75 -19.0681
v 61.9 -34.75 -17.4721
v 63.4124 -34.75 -15.734
v 64.7634 -34.75 -13.8675
v 65.9422 -34.75 -11.8878
v 66.9393 -34.75 -9.8107
v 67.7467 -34.75 -7.6527
v 68.358 -34.75 -5.4313
v 68.7682 -34.75 -3.164
v 68.9742 -34.75 -0.8692
v 68.9742 -34.75 1.4349
v 68.7682 -34.75 3.7297
v 68.358 -34.75 5.997
v 67.7467 -34.75 8.2185
v 66.9393 -34.75 10.3764
v 65.9422 -34.75 12.4535
v 64.7634 -34.75 14.4332
v 63.4124 -34.75 16.2997
v 61.9 -34.75 18.0378
v 60.2383 -34.75 19.6338
v 58.4405 -34.75 21.0749
v 56.5211 -34.75 22.3496
v 54.4955 -34.75 23.4475
v 52.3798 -34.75 24.36
v 50.191 -34.75 25.0797
v 47.9467 -34.75 25.6009
v 45.6648 -34.75 25.9194
v 43.3635 -34.75 26.0326
v 41.0613 -34.75 25.9397
v 38.7766 -34.75 25.6413
v 36.5278 -34.75 25.1399
v 34.3328 -34.75 24.4395
v 32.2091 -34.75 23.5457
v 30.1739 -34.75 22.4657
v 28.2434 -34.75 21.208
v 26.433 -34.75 19.7829
v 26.433 1.25 19.7829
v 28.2434 1.25 21.208
v 30.1739 1.25 22.4657
v 32.2091 1.25 23.5457
v 34.3328 1.25 24.4395
v 36.5278 1.25 25.1399
v 38.7766 1.25 25.6413
v 41.0613 1.25 25.9397
v 43.3635 1.25 26.0326
v 45.6648 1.25 25.9194
v 47.9467 1.25 25.6009
v 50.191 1.25 25.0797
v 52.3798 1.25 24.36
v 54.4955 1.25 23.4475
v 56.5211 1.25 22.3496
v 58.4405 1.25 21.0749
v 60.2383 1.25 19.6339
v 61.9 1.25 18.0378
v 63.4124 1.25 16.2997
v 64.7634 1.25 14.4333
v 65.9422 1.25 12.4536
v 66.9393 1.25 10.3764
v 67.7467 1.25 8.2185
v 68.358 1.25 5.997
v 68.7682 1.25 3.7297
v 68.9742 1.25 1.4349
v 68.9742 1.25 -0.8692
v 68.7682 1.25 -3.164
v 68.358 1.25 -5.4313
v 67.7467 1.25 -7.6527
v 66.9393 1.25 -9.8107
v 65.9422 1.25 -11.8878
v 64.7634 1.25 -13.8675
v 63.4124 1.25 -15.7339
v 61.9 1.25 -17.4721
v 60.2383 1.25 -19.0681
v 58.4405 1.25 -20.5092
v 56.5211 1.25 -21.7839
v 54.4955 1.25 -22.8818
v 52.3798 1.25 -23.7943
v 50.191 1.25 -24.514
v 47.9467 1.25 -25.0352
v 45.6648 1.25 -25.3537
v 43.3635 1.25 -25.4669
v 41.0613 1.25 -25.374
v 38.7766 1.25 -25.0756
v 36.5278 1.25 -24.5742
v 34.3328 1.25 -23.8738
v 32.2091 1.25 -22.98
v 30.1739 1.25 -21.9
v 28.2434 1.25 -20.6423
v 26.433 1.25 -19.2171
v 15.9988 -34.75 19.7829
v 14.2671 -34.75 21.0834
v 12.4302 -34.75 22.2305
v 10.5017 -34.75 23.2159
v 8.4958 -34.75 24.0322
v 6.4273 -34.75 24.6735
v 4.3114 -34.75 25.1349
v 2.1637 -34.75 25.4131
v 0 -34.75 25.5061
v -2.1637 -34.75 25.4131
v -4.3114 -34.75 25.1349
v -6.4273 -34.75 24.6735
v -8.4958 -34.75 24.0322
v -10.5017 -34.75 23.2159
v -12.4302 -34.75 22.2305
v -14.2671 -34.75 21.0834
v -15.9988 -34.75 19.7829
v 17.7076 -34.75 -19.2171
v 17.7076 1.25 -19.2171
v -26.433 -34.75 19.7829
v -17.7076 -34.75 -19.2171
v -15.9517 -34.75 -20.6778
v -14.076 -34.75 -21.9809
v -12.0944 -34.75 -23.1166
v -10.0219 -34.75 -24.0763
v -7.8741 -34.75 -24.8529
v -5.667 -34.75 -25.4405
v -3.4173 -34.75 -25.8348
v -1.142 -34.75 -26.0326
v 1.142 -34.75 -26.0326
v 3.4173 -34.75 -25.8348
v 5.667 -34.75 -25.4405
v 7.8741 -34.75 -24.8529
v 10.0219 -34.75 -24.0763
v 12.0944 -34.75 -23.1166
v 14.076 -34.75 -21.9809
v 15.9517 -34.75 -20.6778
v 15.9517 1.25 -20.6778
v 14.076 1.25 -21.9809
v 12.0944 1.25 -23.1166
v 10.0219 1.25 -24.0763
v 7.8741 1.25 -24.8529
v 5.667 1.25 -25.4405
v 3.4173 1.25 -25.8347
v 1.142 1.25 -26.0326
v -1.142 1.25 -26.0326
v -3.4173 1.25 -25.8347
v -5.667 1.25 -25.4405
v -7.8741 1.25 -24.8529
v -10.0219 1.25 -24.0763
v -12.0944 1.25 -23.1166
v -14.076 1.25 -21.9809
v -15.9517 1.25 -20.6778
v -17.7076 1.25 -19.2171
v -28.2434 -34.75 21.208
v -30.1739 -34.75 22.4657
v -32.2091 -34.75 23.5457
v -34.3328 -34.75 24.4395
v -36.5278 -34.75 25.1399
v -38.7766 -34.75 25.6413
v -41.0613 -34.75 25.9397
v -43.3635 -34.75 26.0326
v -45.6648 -34.75 25.9194
v -47.9467 -34.75 25.6009
v -50.191 -34.75 25.0797
v -52.3798 -34.75 24.36
v -54.4955 -34.75 23.4475
v -56.5211 -34.75 22.3496
v -58.4405 -34.75 21.0749
v -60.2383 -34.75 19.6338
v -61.9 -34.75 18.0378
v -63.4124 -34.75 16.2997
v -64.7634 -34.75 14.4332
v -65.9422 -34.75 12.4535
v -66.9393 -34.75 10.3764
v -67.7467 -34.75 8.2185
v -68.358 -34.75 5.997
v -68.7682 -34.75 3.7297
v -68.9742 -34.75 1.4349
v -68.9742 -34.75 -0.8692
v -68.7682 -34.75 -3.164
v -68.358 -34.75 -5.4313
v -67.7467 -34.75 -7.6527
v -66.9393 -34.75 -9.8107
v -65.9422 -34.75 -11.8878
v -64.7634 -34.75 -13.8675
v -63.4124 -34.75 -15.734
v -61.9 -34.75 -17.4721
v -60.2383 -34.75 -19.0681
v -58.4405 -34.75 -20.5092
v -56.5211 -34.75 -21.7839
v -54.4955 -34.75 -22.8818
v -52.3798 -34.75 -23.7943
v -50.191 -34.75 -24.514
v -47.9467 -34.75 -25.0352
v -45.6648 -34.75 -25.3537
v -43.3635 -34.75 -25.4669
v -41.0613 -34.75 -25.374
v -38.7766 -34.75 -25.0756
v -36.5278 -34.75 -24.5742
v -34.3328 -34.75 -23.8738
v -32.2091 -34.75 -22.98
v -30.1739 -34.75 -21.9
v -28.2434 -34.75 -20.6423
v -26.433 -34.75 -19.2171
v 35.9796 0.25 -16.2697
v 35.9796 1.25 -16.2697
v 36.075 0.25 -16.9944
v 35.6999 1.25 -15.5944
v 35.6999 0.25 -15.5944
v 35.2549 1.25 -15.0145
v 35.2549 0.25 -15.0145
v 34.675 1.25 -14.5695
v 34.675 0.25 -14.5695
v 33.9997 1.25 -14.2898
v 33.9997 0.25 -14.2898
v 33.275 1.25 -14.1944
v 33.275 0.25 -14.1944
v 32.5503 1.25 -14.2898
v 32.5503 0.25 -14.2898
v 31.875 1.25 -14.5695
v 31.875 0.25 -14.5695
v 31.2951 1.25 -15.0145
v 31.2951 0.25 -15.0145
v 30.8501 1.25 -15.5944
v 30.8501 0.25 -15.5944
v 30.5704 1.25 -16.2697
v 30.5704 0.25 -16.2697
v 30.475 1.25 -16.9944
v 30.475 0.25 -16.9944
v 30.5704 1.25 -17.719
v 30.5704 0.25 -17.719
v 30.8501 1.25 -18.3944
v 30.8501 0.25 -18.3944
v 31.2951 1.25 -18.9743
v 31.2951 0.25 -18.9743
v 31.875 1.25 -19.4192
v 31.875 0.25 -19.4192
v 32.5503 1.25 -19.6989
v 32.5503 0.25 -19.6989
v 33.275 1.25 -19.7943
v 33.275 0.25 -19.7943
v 33.9997 1.25 -19.6989
v 33.9997 0.25 -19.6989
v 34.675 1.25 -19.4192
v 34.675 0.25 -19.4192
v 35.2549 1.25 -18.9743
v 35.2549 0.25 -18.9743
v 35.6999 1.25 -18.3944
v 35.6999 0.25 -18.3944
v 35.9796 1.25 -17.719
v 35.9796 0.25 -17.719
v 36.075 1.25 -16.9944
v 55.9296 0.25 18.2848
v 55.9296 1.25 18.2848
v 56.025 0.25 17.5601
v 55.6499 1.25 18.9601
v 55.6499 0.25 18.9601
v 55.2049 1.25 19.54
v 55.2049 0.25 19.54
v 54.625 1.25 19.9849
v 54.625 0.25 19.9849
v 53.9497 1.25 20.2647
v 53.9497 0.25 20.2647
v 53.225 1.25 20.3601
v 53.225 0.25 20.3601
v 52.5003 1.25 20.2647
v 52.5003 0.25 20.2647
v 51.825 1.25 19.9849
v 51.825 0.25 19.9849
v 51.2451 1.25 19.54
v 51.2451 0.25 19.54
v 50.8001 1.25 18.9601
v 50.8001 0.25 18.9601
v 50.5204 1.25 18.2848
v 50.5204 0.25 18.2848
v 50.425 1.25 17.5601
v 50.425 0.25 17.5601
v 50.5204 1.25 16.8354
v 50.5204 0.25 16.8354
v 50.8001 1.25 16.1601
v 50.8001 0.25 16.1601
v 51.2451 1.25 15.5802
v 51.2451 0.25 15.5802
v 51.825 1.25 15.1352
v 51.825 0.25 15.1352
v 52.5003 1.25 14.8555
v 52.5003 0.25 14.8555
v 53.225 1.25 14.7601
v 53.225 0.25 14.7601
v 53.9497 1.25 14.8555
v 53.9497 0.25 14.8555
v 54.625 1.25 15.1352
v 54.625 0.25 15.1352
v 55.2049 1.25 15.5802
v 55.2049 0.25 15.5802
v 55.6499 1.25 16.1601
v 55.6499 0.25 16.1601
v 55.9296 1.25 16.8354
v 55.9296 0.25 16.8354
v 56.025 1.25 17.5601
v -50.5204 0.25 -16.2697
v -50.5204 1.25 -16.2697
v -50.425 0.25 -16.9944
v -50.8001 1.25 -15.5944
v -50.8001 0.25 -15.5944
v -51.2451 1.25 -15.0145
v -51.2451 0.25 -15.0145
v -51.825 1.25 -14.5695
v -51.825 0.25 -14.5695
v -52.5003 1.25 -14.2898
v -52.5003 0.25 -14.2898
v -53.225 1.25 -14.1944
v -53.225 0.25 -14.1944
v -53.9497 1.25 -14.2898
v -53.9497 0.25 -14.2898
v -54.625 1.25 -14.5695
v -54.625 0.25 -14.5695
v -55.2049 1.25 -15.0145
v -55.2049 0.25 -15.0145
v -55.6499 1.25 -15.5944
v -55.6499 0.25 -15.5944
v -55.9296 1.25 -16.2697
v -55.9296 0.25 -16.2697
v -56.025 1.25 -16.9944
v -56.025 0.25 -16.9944
v -55.9296 1.25 -17.719
v -55.9296 0.25 -17.719
v -55.6499 1.25 -18.3944
v -55.6499 0.25 -18.3944
v -55.2049 1.25 -18.9743
v -55.2049 0.25 -18.9743
v -54.625 1.25 -19.4192
v -54.625 0.25 -19.4192
v -53.9497 1.25 -19.6989
v -53.9497 0.25 -19.6989
v -53.225 1.25 -19.7943
v -53.225 0.25 -19.7943
v -52.5003 1.25 -19.6989
v -52.5003 0.25 -19.6989
v -51.825 1.25 -19.4192
v -51.825 0.25 -19.4192
v -51.2451 1.25 -18.9743
v -51.2451 0.25 -18.9743
v -50.8001 1.25 -18.3944
v -50.8001 0.25 -18.3944
v -50.5204 1.25 -17.719
v -50.5204 0.25 -17.719
v -50.425 1.25 -16.9944
v -30.5704 0.25 18.2848
v -30.5704 1.25 18.2848
v -30.475 0.25 17.5601
v -30.8501 1.25 18.9601
v -30.8501 0.25 18.9601
v -31.2951 1.25 19.54
v -31.2951 0.25 19.54
v -31.875 1.25 19.9849
v -31.875 0.25 19.9849
v -32.5503 1.25 20.2647
v -32.5503 0.25 20.2647
v -33.275 1.25 20.3601
v -33.275 0.25 20.3601
v -33.9997 1.25 20.2647
v -33.9997 0.25 20.2647
v -34.675 1.25 19.9849
v -34.675 0.25 19.9849
v -35.2549 1.25 19.54
v -35.2549 0.25 19.54
v -35.6999 1.25 18.9601
v -35.6999 0.25 18.9601
v -35.9796 1.25 18.2848
v -35.9796 0.25 18.2848
v -36.075 1.25 17.5601
v -36.075 0.25 17.5601
v -35.9796 1.25 16.8354
v -35.9796 0.25 16.8354
v -35.6999 1.25 16.1601
v -35.6999 0.25 16.1601
v -35.2549 1.25 15.5802
v -35.2549 0.25 15.5802
v -34.675 1.25 15.1352
v -34.675 0.25 15.1352
v -33.9997 1.25 14.8555
v -33.9997 0.25 14.8555
v -33.275 1.25 14.7601
v -33.275 0.25 14.7601
v -32.5503 1.25 14.8555
v -32.5503 0.25 14.8555
v -31.875 1.25 15.1352
v -31.875 0.25 15.1352
v -31.2951 1.25 15.5802
v -31.2951 0.25 15.5802
v -30.8501 1.25 16.1601
v -30.8501 0.25 16.1601
v -30.5704 1.25 16.8354
v -30.5704 0.25 16.8354
v -30.475 1.25 17.5601
v 27.1935 -36.75 -17.2171
v 16.9173 -36.75 -17.2171
v -16.9173 -36.75 -17.2171
v -15.2683 -36.75 -18.6731
v -13.4945 -36.75 -19.9741
v -11.6104 -36.75 -21.1098
v -9.6316 -36.75 -22.0707
v -7.5741 -36.75 -22.8489
v -5.4547 -36.75 -23.4383
v -3.2907 -36.75 -23.8339
v -1.0999 -36.75 -24.0325
v 1.0999 -36.75 -24.0325
v 3.2907 -36.75 -23.8339
v 5.4547 -36.75 -23.4383
v 7.5741 -36.75 -22.8489
v 9.6316 -36.75 -22.0707
v 11.6104 -36.75 -21.1098
v 13.4945 -36.75 -19.9741
v 15.2683 -36.75 -18.6731
v -27.1935 -36.75 -17.2171
v -28.8791 -36.75 -18.6259
v -30.6876 -36.75 -19.8728
v -32.6037 -36.75 -20.9473
v -34.6108 -36.75 -21.8401
v -36.6918 -36.75 -22.5437
v -38.829 -36.75 -23.052
v -41.004 -36.75 -23.3607
v -43.1981 -36.75 -23.4671
v -45.3928 -36.75 -23.3703
v -47.5691 -36.75 -23.0711
v -49.7084 -36.75 -22.5722
v -51.7925 -36.75 -21.8777
v -53.8035 -36.75 -20.9936
v -55.7242 -36.75 -19.9274
v -57.5382 -36.75 -18.6884
v -59.23 -36.75 -17.2871
v -60.785 -36.75 -15.7354
v -62.19 -36.75 -14.0468
v -63.433 -36.75 -12.2355
v -64.5033 -36.75 -10.3171
v -65.3918 -36.75 -8.308
v -66.0908 -36.75 -6.2255
v -66.5945 -36.75 -4.0872
v -66.8984 -36.75 -1.9116
v -67 -36.75 0.2829
v -66.8984 -36.75 2.4773
v -66.5945 -36.75 4.6529
v -66.0908 -36.75 6.7912
v -65.3918 -36.75 8.8737
v -64.5033 -36.75 10.8828
v -63.433 -36.75 12.8012
v -62.19 -36.75 14.6125
v -60.785 -36.75 16.3011
v -59.23 -36.75 17.8528
v -57.5382 -36.75 19.2541
v -55.7242 -36.75 20.4931
v -53.8035 -36.75 21.5593
v -51.7925 -36.75 22.4434
v -49.7084 -36.75 23.1379
v -47.5691 -36.75 23.6368
v -45.3928 -36.75 23.936
v -43.1981 -36.75 24.0328
v -41.004 -36.75 23.9264
v -38.829 -36.75 23.6177
v -36.6918 -36.75 23.1094
v -34.6108 -36.75 22.4058
v -32.6037 -36.75 21.513
v -30.6876 -36.75 20.4385
v -28.8791 -36.75 19.1916
v -27.1935 -36.75 17.7829
v -15.2666 -36.75 17.7829
v 15.2666 -36.75 17.7829
v 13.6382 -36.75 19.0796
v 11.9002 -36.75 20.2254
v 10.0665 -36.75 21.2109
v 8.152 -36.75 22.0283
v 6.172 -36.75 22.6709
v 4.1425 -36.75 23.1336
v 2.0796 -36.75 23.4128
v 0 -36.75 23.5061
v -2.0796 -36.75 23.4128
v -4.1425 -36.75 23.1336
v -6.172 -36.75 22.6709
v -8.152 -36.75 22.0283
v -10.0665 -36.75 21.2109
v -11.9002 -36.75 20.2254
v -13.6382 -36.75 19.0796
v 27.1935 -36.75 17.7829
v 28.8791 -36.75 19.1916
v 30.6876 -36.75 20.4385
v 32.6037 -36.75 21.513
v 34.6108 -36.75 22.4058
v 36.6918 -36.75 23.1094
v 38.829 -36.75 23.6177
v 41.004 -36.75 23.9264
v 43.1981 -36.75 24.0328
v 45.3928 -36.75 23.936
v 47.5691 -36.75 23.6368
v 49.7084 -36.75 23.1379
v 51.7925 -36.75 22.4434
v 53.8035 -36.75 21.5593
v 55.7242 -36.75 20.4931
v 57.5382 -36.75 19.2541
v 59.23 -36.75 17.8528
v 60.785 -36.75 16.3011
v 62.19 -36.75 14.6125
v 63.433 -36.75 12.8012
v 64.5033 -36.75 10.8828
v 65.3918 -36.75 8.8737
v 66.0908 -36.75 6.7912
v 66.5945 -36.75 4.6529
v 66.8984 -36.75 2.4773
v 67 -36.75 0.2829
v 66.8984 -36.75 -1.9116
v 66.5945 -36.75 -4.0872
v 66.0908 -36.75 -6.2255
v 65.3918 -36.75 -8.308
v 64.5033 -36.75 -10.3171
v 63.433 -36.75 -12.2355
v 62.19 -36.75 -14.0468
v 60.785 -36.75 -15.7354
v 59.23 -36.75 -17.2871
v 57.5382 -36.75 -18.6884
v 55.7242 -36.75 -19.9274
v 53.8035 -36.75 -20.9936
v 51.7925 -36.75 -21.8777
v 49.7084 -36.75 -22.5722
v 47.5691 -36.75 -23.0711
v 45.3928 -36.75 -23.3703
v 43.1981 -36.75 -23.4671
v 41.004 -36.75 -23.3607
v 38.829 -36.75 -23.052
v 36.6918 -36.75 -22.5437
v 34.6108 -36.75 -21.8401
v 32.6037 -36.75 -20.9473
v 30.6876 -36.75 -19.8728
v 28.8791 -36.75 -18.6259
v -15.9988 1.25 19.7829
v -14.2671 1.25 21.0834
v -12.4302 1.25 22.2305
v -10.5017 1.25 23.2159
v -8.4958 1.25 24.0322
v -6.4273 1.25 24.6735
v -4.3114 1.25 25.1349
v -2.1637 1.25 25.4131
v 0 1.25 25.5061
v 2.1637 1.25 25.4131
v 4.3114 1.25 25.1349
v 6.4273 1.25 24.6735
v 8.4958 1.25 24.0322
v 10.5017 1.25 23.2159
v 12.4302 1.25 22.2305
v 14.2671 1.25 21.0834
v 15.9988 1.25 19.7829
v 23.8533 -36.75 2.2879
v 19.4741 -36.75 1.2867
v 23.75 -36.75 0.2829
v 19.2677 -36.75 3.2837
v 24.1623 -36.75 4.2716
v 18.857 -36.75 5.2489
v 24.6736 -36.75 6.2131
v 18.2465 -36.75 7.1615
v 25.3818 -36.75 8.0917
v 17.4425 -36.75 9.0012
v 26.2794 -36.75 9.8875
v 16.4536 -36.75 10.7484
v 27.3569 -36.75 11.5816
v 15.2903 -36.75 12.3847
v 28.6029 -36.75 13.1558
v 13.965 -36.75 13.8928
v 12.4916 -36.75 15.2565
v 10.8857 -36.75 16.4616
v 30.0042 -36.75 14.5936
v 31.5458 -36.75 15.8797
v 33.2115 -36.75 17.0005
v 34.9837 -36.75 17.944
v 36.8434 -36.75 18.7004
v 38.7711 -36.75 19.2615
v 40.7462 -36.75 19.6214
v 42.7479 -36.75 19.7764
v 44.7549 -36.75 19.7247
v 46.746 -36.75 19.4669
v 48.7 -36.75 19.0058
v 50.5962 -36.75 18.3462
v 52.4145 -36.75 17.4951
v 54.1357 -36.75 16.4616
v 55.7416 -36.75 15.2565
v 57.215 -36.75 13.8928
v 58.5403 -36.75 12.3847
v 59.7036 -36.75 10.7484
v 60.6925 -36.75 9.0012
v 61.4965 -36.75 7.1615
v 62.107 -36.75 5.2489
v 62.5177 -36.75 3.2837
v 62.7241 -36.75 1.2867
v 62.7241 -36.75 -0.721
v 62.5177 -36.75 -2.718
v 62.107 -36.75 -4.6832
v 61.4965 -36.75 -6.5958
v 60.6925 -36.75 -8.4355
v 59.7036 -36.75 -10.1827
v 58.5403 -36.75 -11.819
v 57.215 -36.75 -13.3271
v 55.7416 -36.75 -14.6908
v 54.1357 -36.75 -15.8959
v 52.4145 -36.75 -16.9294
v 50.5962 -36.75 -17.7805
v 48.7 -36.75 -18.4401
v 46.746 -36.75 -18.9012
v 44.7549 -36.75 -19.159
v 42.7479 -36.75 -19.2107
v 40.7462 -36.75 -19.0557
v 38.7711 -36.75 -18.6958
v 36.8434 -36.75 -18.1347
v 34.9837 -36.75 -17.3783
v 33.2115 -36.75 -16.4348
v 31.5458 -36.75 -15.314
v 30.0042 -36.75 -14.0279
v 28.6029 -36.75 -12.5901
v 13.965 -36.75 -13.3271
v 12.4916 -36.75 -14.6908
v 10.8857 -36.75 -15.8959
v 9.1646 -36.75 -16.9294
v 7.3462 -36.75 -17.7805
v 5.45 -36.75 -18.4401
v 3.496 -36.75 -18.9012
v 1.5049 -36.75 -19.159
v 15.2903 -36.75 -11.819
v 27.3569 -36.75 -11.0159
v 16.4536 -36.75 -10.1827
v 26.2794 -36.75 -9.3218
v 17.4425 -36.75 -8.4355
v 25.3818 -36.75 -7.526
v 18.2465 -36.75 -6.5958
v 24.6736 -36.75 -5.6474
v 18.857 -36.75 -4.6832
v 24.1623 -36.75 -3.7059
v 19.2677 -36.75 -2.718
v 23.8533 -36.75 -1.7222
v 19.4741 -36.75 -0.721
v -19.3966 -36.75 2.2879
v -23.7758 -36.75 1.2867
v -19.5 -36.75 0.2829
v -23.9823 -36.75 3.2837
v -19.0877 -36.75 4.2716
v -24.393 -36.75 5.2489
v -18.5764 -36.75 6.2131
v -25.0035 -36.75 7.1615
v -17.8682 -36.75 8.0917
v -25.8075 -36.75 9.0012
v -16.9706 -36.75 9.8875
v -26.7964 -36.75 10.7484
v -15.893 -36.75 11.5816
v -27.9597 -36.75 12.3847
v -14.6471 -36.75 13.1558
v -29.285 -36.75 13.8928
v -13.2458 -36.75 14.5936
v -11.7042 -36.75 15.8797
v -10.0385 -36.75 17.0005
v -8.2663 -36.75 17.944
v -6.4066 -36.75 18.7004
v -4.4789 -36.75 19.2615
v -30.7584 -36.75 15.2565
v -32.3642 -36.75 16.4616
v -34.0854 -36.75 17.4951
v -35.9038 -36.75 18.3462
v -37.8 -36.75 19.0058
v -39.754 -36.75 19.4669
v -41.7451 -36.75 19.7247
v -43.7521 -36.75 19.7764
v -45.7538 -36.75 19.6214
v -47.7289 -36.75 19.2615
v -49.6566 -36.75 18.7004
v -51.5163 -36.75 17.944
v -53.2884 -36.75 17.0005
v -54.9542 -36.75 15.8797
v -56.4958 -36.75 14.5936
v -57.8971 -36.75 13.1558
v -59.143 -36.75 11.5816
v -60.2205 -36.75 9.8875
v -61.1182 -36.75 8.0917
v -61.8264 -36.75 6.2131
v -62.3377 -36.75 4.2716
v -62.6466 -36.75 2.2879
v -62.75 -36.75 0.2829
v -62.6466 -36.75 -1.7222
v -2.5038 -36.75 19.6214
v -0.5021 -36.75 19.7764
v 1.5049 -36.75 19.7247
v 3.496 -36.75 19.4669
v 5.45 -36.75 19.0058
v 7.3462 -36.75 18.3462
v 9.1646 -36.75 17.4951
v -0.5021 -36.75 -19.2107
v -2.5038 -36.75 -19.0557
v -4.4789 -36.75 -18.6958
v -6.4066 -36.75 -18.1347
v -8.2663 -36.75 -17.3783
v -10.0385 -36.75 -16.4348
v -11.7042 -36.75 -15.314
v -13.2458 -36.75 -14.0279
v -14.6471 -36.75 -12.5901
v -29.285 -36.75 -13.3271
v -30.7584 -36.75 -14.6908
v -32.3642 -36.75 -15.8959
v -34.0854 -36.75 -16.9294
v -35.9038 -36.75 -17.7805
v -27.9597 -36.75 -11.819
v -15.893 -36.75 -11.0159
v -26.7964 -36.75 -10.1827
v -16.9706 -36.75 -9.3218
v -25.8075 -36.75 -8.4355
v -17.8682 -36.75 -7.526
v -25.0035 -36.75 -6.5958
v -18.5764 -36.75 -5.6474
v -24.393 -36.75 -4.6832
v -19.0877 -36.75 -3.7059
v -23.9823 -36.75 -2.718
v -19.3966 -36.75 -1.7222
v -23.7758 -36.75 -0.721
v -37.8 -36.75 -18.4401
v -39.754 -36.75 -18.9012
v -41.7451 -36.75 -19.159
v -43.7521 -36.75 -19.2107
v -45.7538 -36.75 -19.0557
v -47.7289 -36.75 -18.6958
v -49.6566 -36.75 -18.1347
v -51.5163 -36.75 -17.3783
v -53.2884 -36.75 -16.4348
v -54.9542 -36.75 -15.314
v -56.4958 -36.75 -14.0279
v -57.8971 -36.75 -12.5901
v -59.143 -36.75 -11.0159
v -60.2205 -36.75 -9.3218
v -61.1182 -36.75 -7.526
v -61.8264 -36.75 -5.6474
v -62.3377 -36.75 -3.7059
v 2.4631 -0.25 10.9428
v 2.4631 8.75 10.9428
v 2.55 -0.25 10.2829
v 2.2084 8.75 11.5579
v 2.2084 -0.25 11.5579
v 1.8031 8.75 12.086
v 1.8031 17.75 12.086
v 1.275 17.75 12.4912
v 2.2084 17.75 11.5579
v 2.4631 17.75 10.9428
v 2.55 8.75 10.2829
v 2.55 17.75 10.2829
v 2.4631 8.75 9.6229
v 2.4631 17.75 9.6229
v 2.2084 8.75 9.0079
v 2.2084 17.75 9.0079
v 1.8031 8.75 8.4797
v 1.8031 17.75 8.4797
v 1.275 8.75 8.0745
v 1.275 17.75 8.0745
v 0.66 8.75 7.8197
v 0.66 17.75 7.8197
v 0 8.75 7.7329
v 0 17.75 7.7329
v -0.66 8.75 7.8197
v -0.66 17.75 7.8197
v -1.275 8.75 8.0745
v -1.275 17.75 8.0745
v -1.8031 8.75 8.4797
v -1.8031 17.75 8.4797
v -2.2084 8.75 9.0079
v -2.2084 17.75 9.0079
v -2.4631 8.75 9.6229
v -2.4631 17.75 9.6229
v -2.55 8.75 10.2829
v -2.55 17.75 10.2829
v -2.4631 8.75 10.9428
v -2.4631 17.75 10.9428
v -2.2084 8.75 11.5579
v -2.2084 17.75 11.5579
v -1.8031 8.75 12.086
v -1.8031 17.75 12.086
v -1.275 8.75 12.4912
v -1.275 17.75 12.4912
v -0.66 8.75 12.746
v -0.66 17.75 12.746
v 0 8.75 12.8329
v 0 17.75 12.8329
v 0.66 8.75 12.746
v 0.66 17.75 12.746
v 1.275 8.75 12.4912
v 1.8031 -0.25 12.086
v 1.275 -0.25 12.4912
v 0.66 -0.25 12.746
v 0 -0.25 12.8329
v -0.66 -0.25 12.746
v -1.275 -0.25 12.4912
v -1.8031 -0.25 12.086
v -2.2084 -0.25 11.5579
v -2.4631 -0.25 10.9428
v -2.55 -0.25 10.2829
v -2.4631 -0.25 9.6229
v -2.2084 -0.25 9.0079
v -1.8031 -0.25 8.4797
v -1.275 -0.25 8.0745
v -0.66 -0.25 7.8197
v 0 -0.25 7.7329
v 0.66 -0.25 7.8197
v 1.275 -0.25 8.0745
v 1.8031 -0.25 8.4797
v 2.2084 -0.25 9.0079
v 2.4631 -0.25 9.6229
v 11.6699 34.4 -0.3254
v 11.5926 35.0082 -0.3046
v 11.75 34.4 0.2829
v 11.3658 35.0082 -0.8521
v 11.4352 34.4 -0.8921
v 11.0051 35.0082 -1.3222
v 10.8391 35.575 -1.1562
v 10.4176 35.575 -1.4796
v 10.2308 36.0617 -1.1562
v 9.8301 36.0617 -1.3222
v 9.7041 36.4352 -0.8521
v 9.4 36.4352 -0.8921
v 9.4 36.6699 -0.3254
v 9.2426 36.6699 -0.3046
v 11.0617 34.4 -1.3788
v 10.535 35.0082 -1.6829
v 9.9267 35.575 -1.6829
v 9.4 36.0617 -1.3788
v 9.0959 36.4352 -0.8521
v 9.0959 36.6699 -0.2439
v 10.575 34.4 -1.7523
v 9.9875 35.0082 -1.9097
v 9.4 35.575 -1.7523
v 8.9699 36.0617 -1.3222
v 8.8125 36.4352 -0.7347
v 8.9699 36.6699 -0.1472
v 10.0082 34.4 -1.9871
v 9.4 35.0082 -1.9871
v 8.8733 35.575 -1.6829
v 8.5692 36.0617 -1.1562
v 8.5692 36.4352 -0.548
v 8.8733 36.6699 -0.0213
v 9.4 34.4 -2.0671
v 8.8125 35.0082 -1.9097
v 8.3824 35.575 -1.4796
v 8.225 36.0617 -0.8921
v 8.3824 36.4352 -0.3046
v 8.8125 36.6699 0.1254
v 8.7918 34.4 -1.9871
v 8.265 35.0082 -1.6829
v 7.9609 35.575 -1.1562
v 7.9609 36.0617 -0.548
v 8.265 36.4352 -0.0213
v 8.7918 36.6699 0.2829
v 8.225 34.4 -1.7523
v 7.7949 35.0082 -1.3222
v 7.6375 35.575 -0.7347
v 7.7949 36.0617 -0.1472
v 8.225 36.4352 0.2829
v 8.8125 36.6699 0.4403
v 7.7383 34.4 -1.3788
v 7.4342 35.0082 -0.8521
v 7.4342 35.575 -0.2439
v 7.7383 36.0617 0.2829
v 8.265 36.4352 0.587
v 8.8733 36.6699 0.587
v 7.3648 34.4 -0.8921
v 7.2074 35.0082 -0.3046
v 7.3648 35.575 0.2829
v 7.7949 36.0617 0.7129
v 8.3824 36.4352 0.8704
v 8.9699 36.6699 0.7129
v 7.1301 34.4 -0.3254
v 7.1301 35.0082 0.2829
v 7.4342 35.575 0.8096
v 7.9609 36.0617 1.1137
v 8.5692 36.4352 1.1137
v 9.0959 36.6699 0.8096
v 7.05 34.4 0.2829
v 7.2074 35.0082 0.8704
v 7.6375 35.575 1.3004
v 8.225 36.0617 1.4579
v 8.8125 36.4352 1.3004
v 9.2426 36.6699 0.8704
v 7.1301 34.4 0.8911
v 7.4342 35.0082 1.4178
v 7.9609 35.575 1.7219
v 8.5692 36.0617 1.7219
v 9.0959 36.4352 1.4178
v 9.4 36.6699 0.8911
v 7.3648 34.4 1.4579
v 7.7949 35.0082 1.8879
v 8.3824 35.575 2.0454
v 8.9699 36.0617 1.8879
v 9.4 36.4352 1.4579
v 9.5574 36.6699 0.8704
v 7.7383 34.4 1.9446
v 8.265 35.0082 2.2487
v 8.8733 35.575 2.2487
v 9.4 36.0617 1.9446
v 9.7041 36.4352 1.4178
v 9.7041 36.6699 0.8096
v 8.225 34.4 2.318
v 8.8125 35.0082 2.4754
v 9.4 35.575 2.318
v 9.8301 36.0617 1.8879
v 9.9875 36.4352 1.3004
v 9.8301 36.6699 0.7129
v 8.7918 34.4 2.5528
v 9.4 35.0082 2.5528
v 9.9267 35.575 2.2487
v 10.2308 36.0617 1.7219
v 10.2308 36.4352 1.1137
v 9.9267 36.6699 0.587
v 9.4 34.4 2.6329
v 9.9875 35.0082 2.4754
v 10.4176 35.575 2.0454
v 10.575 36.0617 1.4579
v 10.4176 36.4352 0.8704
v 9.9875 36.6699 0.4403
v 10.0082 34.4 2.5528
v 10.535 35.0082 2.2487
v 10.8391 35.575 1.7219
v 10.8391 36.0617 1.1137
v 10.535 36.4352 0.587
v 10.0082 36.6699 0.2829
v 10.575 34.4 2.318
v 11.0051 35.0082 1.8879
v 11.1625 35.575 1.3004
v 11.0051 36.0617 0.7129
v 10.575 36.4352 0.2829
v 9.9875 36.6699 0.1254
v 11.0617 34.4 1.9446
v 11.3658 35.0082 1.4178
v 11.3658 35.575 0.8096
v 11.0617 36.0617 0.2829
v 10.535 36.4352 -0.0213
v 9.9267 36.6699 -0.0213
v 11.4352 34.4 1.4579
v 11.5926 35.0082 0.8704
v 11.4352 35.575 0.2829
v 11.0051 36.0617 -0.1472
v 10.4176 36.4352 -0.3046
v 9.8301 36.6699 -0.1472
v 11.6699 34.4 0.8911
v 11.6699 35.0082 0.2829
v 11.3658 35.575 -0.2439
v 10.8391 36.0617 -0.548
v 10.2308 36.4352 -0.548
v 9.7041 36.6699 -0.2439
v 11.1625 35.575 -0.7347
v 10.575 36.0617 -0.8921
v 9.9875 36.4352 -0.7347
v 9.5574 36.6699 -0.3046
v 9.4 36.75 0.2829
v 11.6699 17.75 -0.3254
v 11.6699 26.075 -0.3254
v 11.75 17.75 0.2829
v 11.4352 26.075 -0.8921
v 11.4352 17.75 -0.8921
v 11.0617 26.075 -1.3788
v 11.75 26.075 0.2829
v 11.6699 26.075 0.8911
v 11.4352 26.075 1.4579
v 11.0617 26.075 1.9446
v 10.575 26.075 2.318
v 10.0082 26.075 2.5528
v 9.4 26.075 2.6329
v 8.7918 26.075 2.5528
v 8.225 26.075 2.318
v 7.7383 26.075 1.9446
v 7.3648 26.075 1.4579
v 7.1301 26.075 0.8911
v 7.05 26.075 0.2829
v 7.1301 26.075 -0.3254
v 7.3648 26.075 -0.8921
v 7.7383 26.075 -1.3788
v 8.225 26.075 -1.7523
v 8.7918 26.075 -1.9871
v 9.4 26.075 -2.0671
v 10.0082 26.075 -1.9871
v 10.575 26.075 -1.7523
v 11.0617 17.75 -1.3788
v 10.575 17.75 -1.7523
v 10.0082 17.75 -1.9871
v 9.4 17.75 -2.0671
v 8.7918 17.75 -1.9871
v 8.225 17.75 -1.7523
v 7.7383 17.75 -1.3788
v 7.3648 17.75 -0.8921
v 7.1301 17.75 -0.3254
v 7.05 17.75 0.2829
v 7.1301 17.75 0.8911
v 7.3648 17.75 1.4579
v 7.7383 17.75 1.9446
v 8.225 17.75 2.318
v 8.7918 17.75 2.5528
v 9.4 17.75 2.6329
v 10.0082 17.75 2.5528
v 10.575 17.75 2.318
v 11.0617 17.75 1.9446
v 11.4352 17.75 1.4579
v 11.6699 17.75 0.8911
v -7.1301 34.4 -0.3254
v -7.2074 35.0082 -0.3046
v -7.05 34.4 0.2829
v -7.4342 35.0082 -0.8521
v -7.3648 34.4 -0.8921
v -7.7949 35.0082 -1.3222
v -7.9609 35.575 -1.1562
v -8.3824 35.575 -1.4796
v -8.5692 36.0617 -1.1562
v -8.9699 36.0617 -1.3222
v -9.0959 36.4352 -0.8521
v -9.4 36.4352 -0.8921
v -9.4 36.6699 -0.3254
v -9.5574 36.6699 -0.3046
v -7.7383 34.4 -1.3788
v -8.265 35.0082 -1.6829
v -8.8733 35.575 -1.6829
v -9.4 36.0617 -1.3788
v -9.7041 36.4352 -0.8521
v -9.7041 36.6699 -0.2439
v -8.225 34.4 -1.7523
v -8.8125 35.0082 -1.9097
v -9.4 35.575 -1.7523
v -9.8301 36.0617 -1.3222
v -9.9875 36.4352 -0.7347
v -9.8301 36.6699 -0.1472
v -8.7918 34.4 -1.9871
v -9.4 35.0082 -1.9871
v -9.9267 35.575 -1.6829
v -10.2308 36.0617 -1.1562
v -10.2308 36.4352 -0.548
v -9.9267 36.6699 -0.0213
v -9.4 34.4 -2.0671
v -9.9875 35.0082 -1.9097
v -10.4176 35.575 -1.4796
v -10.575 36.0617 -0.8921
v -10.4176 36.4352 -0.3046
v -9.9875 36.6699 0.1254
v -10.0082 34.4 -1.9871
v -10.535 35.0082 -1.6829
v -10.8391 35.575 -1.1562
v -10.8391 36.0617 -0.548
v -10.535 36.4352 -0.0213
v -10.0082 36.6699 0.2829
v -10.575 34.4 -1.7523
v -11.0051 35.0082 -1.3222
v -11.1625 35.575 -0.7347
v -11.0051 36.0617 -0.1472
v -10.575 36.4352 0.2829
v -9.9875 36.6699 0.4403
v -11.0617 34.4 -1.3788
v -11.3658 35.0082 -0.8521
v -11.3658 35.575 -0.2439
v -11.0617 36.0617 0.2829
v -10.535 36.4352 0.587
v -9.9267 36.6699 0.587
v -11.4352 34.4 -0.8921
v -11.5926 35.0082 -0.3046
v -11.4352 35.575 0.2829
v -11.0051 36.0617 0.7129
v -10.4176 36.4352 0.8704
v -9.8301 36.6699 0.7129
v -11.6699 34.4 -0.3254
v -11.6699 35.0082 0.2829
v -11.3658 35.575 0.8096
v -10.8391 36.0617 1.1137
v -10.2308 36.4352 1.1137
v -9.7041 36.6699 0.8096
v -11.75 34.4 0.2829
v -11.5926 35.0082 0.8704
v -11.1625 35.575 1.3004
v -10.575 36.0617 1.4579
v -9.9875 36.4352 1.3004
v -9.5574 36.6699 0.8704
v -11.6699 34.4 0.8911
v -11.3658 35.0082 1.4178
v -10.8391 35.575 1.7219
v -10.2308 36.0617 1.7219
v -9.7041 36.4352 1.4178
v -9.4 36.6699 0.8911
v -11.4352 34.4 1.4579
v -11.0051 35.0082 1.8879
v -10.4176 35.575 2.0454
v -9.8301 36.0617 1.8879
v -9.4 36.4352 1.4579
v -9.2426 36.6699 0.8704
v -11.0617 34.4 1.9446
v -10.535 35.0082 2.2487
v -9.9267 35.575 2.2487
v -9.4 36.0617 1.9446
v -9.0959 36.4352 1.4178
v -9.0959 36.6699 0.8096
v -10.575 34.4 2.318
v -9.9875 35.0082 2.4754
v -9.4 35.575 2.318
v -8.9699 36.0617 1.8879
v -8.8125 36.4352 1.3004
v -8.9699 36.6699 0.7129
v -10.0082 34.4 2.5528
v -9.4 35.0082 2.5528
v -8.8733 35.575 2.2487
v -8.5692 36.0617 1.7219
v -8.5692 36.4352 1.1137
v -8.8733 36.6699 0.587
v -9.4 34.4 2.6329
v -8.8125 35.0082 2.4754
v -8.3824 35.575 2.0454
v -8.225 36.0617 1.4579
v -8.3824 36.4352 0.8704
v -8.8125 36.6699 0.4403
v -8.7918 34.4 2.5528
v -8.265 35.0082 2.2487
v -7.9609 35.575 1.7219
v -7.9609 36.0617 1.1137
v -8.265 36.4352 0.587
v -8.7918 36.6699 0.2829
v -8.225 34.4 2.318
v -7.7949 35.0082 1.8879
v -7.6375 35.575 1.3004
v -7.7949 36.0617 0.7129
v -8.225 36.4352 0.2829
v -8.8125 36.6699 0.1254
v -7.7383 34.4 1.9446
v -7.4342 35.0082 1.4178
v -7.4342 35.575 0.8096
v -7.7383 36.0617 0.2829
v -8.265 36.4352 -0.0213
v -8.8733 36.6699 -0.0213
v -7.3648 34.4 1.4579
v -7.2074 35.0082 0.8704
v -7.3648 35.575 0.2829
v -7.7949 36.0617 -0.1472
v -8.3824 36.4352 -0.3046
v -8.9699 36.6699 -0.1472
v -7.1301 34.4 0.8911
v -7.1301 35.0082 0.2829
v -7.4342 35.575 -0.2439
v -7.9609 36.0617 -0.548
v -8.5692 36.4352 -0.548
v -9.0959 36.6699 -0.2439
v -7.6375 35.575 -0.7347
v -8.225 36.0617 -0.8921
v -8.8125 36.4352 -0.7347
v -9.2426 36.6699 -0.3046
v -9.4 36.75 0.2829
v -7.1301 17.75 -0.3254
v -7.1301 26.075 -0.3254
v -7.05 17.75 0.2829
v -7.3648 26.075 -0.8921
v -7.3648 17.75 -0.8921
v -7.7383 26.075 -1.3788
v -7.05 26.075 0.2829
v -7.1301 26.075 0.8911
v -7.3648 26.075 1.4579
v -7.7383 26.075 1.9446
v -8.225 26.075 2.318
v -8.7918 26.075 2.5528
v -9.4 26.075 2.6329
v -10.0082 26.075 2.5528
v -10.575 26.075 2.318
v -11.0617 26.075 1.9446
v -11.4352 26.075 1.4579
v -11.6699 26.075 0.8911
v -11.75 26.075 0.2829
v -11.6699 26.075 -0.3254
v -11.4352 26.075 -0.8921
v -11.0617 26.075 -1.3788
v -10.575 26.075 -1.7523
v -10.0082 26.075 -1.9871
v -9.4 26.075 -2.0671
v -8.7918 26.075 -1.9871
v -8.225 26.075 -1.7523
v -7.7383 17.75 -1.3788
v -8.225 17.75 -1.7523
v -8.7918 17.75 -1.9871
v -9.4 17.75 -2.0671
v -10.0082 17.75 -1.9871
v -10.575 17.75 -1.7523
v -11.0617 17.75 -1.3788
v -11.4352 17.75 -0.8921
v -11.6699 17.75 -0.3254
v -11.75 17.75 0.2829
v -11.6699 17.75 0.8911
v -11.4352 17.75 1.4579
v -11.0617 17.75 1.9446
v -10.575 17.75 2.318
v -10.0082 17.75 2.5528
v -9.4 17.75 2.6329
v -8.7918 17.75 2.5528
v -8.225 17.75 2.318
v -7.7383 17.75 1.9446
v -7.3648 17.75 1.4579
v -7.1301 17.75 0.8911
v 18.1466 17.75 2.2227
v 18.1466 1.25 2.2227
v 18.25 17.75 0.2829
v 17.8376 1.25 4.1406
v 17.8376 17.75 4.1406
v 17.3265 1.25 6.0148
v 17.3265 17.75 6.0148
v 16.6191 1.25 7.824
v 16.6191 17.75 7.824
v 15.7234 1.25 9.5478
v 15.7234 17.75 9.5478
v 14.6495 1.25 11.1666
v 14.6495 17.75 11.1666
v 13.4096 1.25 12.662
v 13.4096 17.75 12.662
v 12.0178 1.25 14.0173
v 12.0178 17.75 14.0173
v 10.4899 1.25 15.2169
v 10.4899 17.75 15.2169
v 8.843 1.25 16.2473
v 8.843 17.75 16.2473
v 7.096 1.25 17.0968
v 7.096 17.75 17.0968
v 5.2686 1.25 17.7558
v 5.2686 17.75 17.7558
v 3.3815 1.25 18.2168
v 3.3815 17.75 18.2168
v 1.4561 1.25 18.4747
v 1.4561 17.75 18.4747
v -0.4858 1.25 18.5264
v -0.4858 17.75 18.5264
v -2.4222 1.25 18.3714
v -2.4222 17.75 18.3714
v -4.3312 1.25 18.0115
v -4.3312 17.75 18.0115
v -6.1911 1.25 17.4506
v -6.1911 17.75 17.4506
v -7.9809 1.25 16.6953
v -7.9809 17.75 16.6953
v -9.6802 1.25 15.754
v -9.6802 17.75 15.754
v -11.2698 1.25 14.6374
v -11.2698 17.75 14.6374
v -12.7318 1.25 13.3582
v -12.7318 17.75 13.3582
v -14.0495 1.25 11.9308
v -14.0495 17.75 11.9308
v -15.208 1.25 10.3715
v -15.208 17.75 10.3715
v -16.1942 1.25 8.6978
v -16.1942 17.75 8.6978
v -16.9969 1.25 6.9288
v -16.9969 17.75 6.9288
v -17.607 1.25 5.0845
v -17.607 17.75 5.0845
v -18.0176 1.25 3.1858
v -18.0176 17.75 3.1858
v -18.2241 1.25 1.2542
v -18.2241 17.75 1.2542
v -18.2241 1.25 -0.6884
v -18.2241 17.75 -0.6884
v -18.0176 1.25 -2.62
v -18.0176 17.75 -2.62
v -17.607 1.25 -4.5188
v -17.607 17.75 -4.5188
v -16.9969 1.25 -6.3631
v -16.9969 17.75 -6.3631
v -16.1942 1.25 -8.1321
v -16.1942 17.75 -8.1321
v -15.208 1.25 -9.8057
v -15.208 17.75 -9.8057
v -14.0495 1.25 -11.3651
v -14.0495 17.75 -11.3651
v -12.7318 1.25 -12.7925
v -12.7318 17.75 -12.7925
v -11.2698 1.25 -14.0717
v -11.2698 17.75 -14.0717
v -9.6802 1.25 -15.1883
v -9.6802 17.75 -15.1883
v -7.9809 1.25 -16.1296
v -7.9809 17.75 -16.1296
v -6.1911 1.25 -16.8849
v -6.1911 17.75 -16.8849
v -4.3312 1.25 -17.4457
v -4.3312 17.75 -17.4457
v -2.4222 1.25 -17.8057
v -2.4222 17.75 -17.8057
v -0.4858 1.25 -17.9607
v -0.4858 17.75 -17.9607
v 1.4561 1.25 -17.909
v 1.4561 17.75 -17.909
v 3.3815 1.25 -17.6511
v 3.3815 17.75 -17.6511
v 5.2686 1.25 -17.1901
v 5.2686 17.75 -17.1901
v 7.096 1.25 -16.5311
v 7.096 17.75 -16.5311
v 8.843 1.25 -15.6816
v 8.843 17.75 -15.6816
v 10.4899 1.25 -14.6512
v 10.4899 17.75 -14.6512
v 12.0178 1.25 -13.4516
v 12.0178 17.75 -13.4516
v 13.4096 1.25 -12.0963
v 13.4096 17.75 -12.0963
v 14.6495 1.25 -10.6008
v 14.6495 17.75 -10.6008
v 15.7234 1.25 -8.982
v 15.7234 17.75 -8.982
v 16.6191 1.25 -7.2583
v 16.6191 17.75 -7.2583
v 17.3265 1.25 -5.449
v 17.3265 17.75 -5.449
v 17.8376 1.25 -3.5749
v 17.8376 17.75 -3.5749
v 18.1466 1.25 -1.657
v 18.1466 17.75 -1.657
v 18.25 1.25 0.2829
v -33.0199 -34.1 -0.3254
v -32.9426 -34.7082 -0.3046
v -33.1 -34.1 0.2829
v -32.7158 -34.7082 -0.8521
v -32.7852 -34.1 -0.8921
v -32.3551 -34.7082 -1.3222
v -32.1891 -35.275 -1.1562
v -31.7676 -35.275 -1.4796
v -31.5808 -35.7617 -1.1562
v -31.1801 -35.7617 -1.3222
v -31.0541 -36.1352 -0.8521
v -30.75 -36.1352 -0.8921
v -30.75 -36.3699 -0.3254
v -30.5926 -36.3699 -0.3046
v -32.4117 -34.1 -1.3788
v -31.885 -34.7082 -1.683
v -31.2767 -35.275 -1.683
v -30.75 -35.7617 -1.3788
v -30.4459 -36.1352 -0.8521
v -30.4459 -36.3699 -0.2439
v -31.925 -34.1 -1.7523
v -31.3375 -34.7082 -1.9097
v -30.75 -35.275 -1.7523
v -30.3199 -35.7617 -1.3222
v -30.1625 -36.1352 -0.7347
v -30.3199 -36.3699 -0.1472
v -31.3582 -34.1 -1.9871
v -30.75 -34.7082 -1.9871
v -30.2233 -35.275 -1.683
v -29.9191 -35.7617 -1.1562
v -29.9191 -36.1352 -0.548
v -30.2233 -36.3699 -0.0213
v -30.75 -34.1 -2.0671
v -30.1625 -34.7082 -1.9097
v -29.7324 -35.275 -1.4796
v -29.575 -35.7617 -0.8921
v -29.7324 -36.1352 -0.3046
v -30.1625 -36.3699 0.1254
v -30.1418 -34.1 -1.9871
v -29.615 -34.7082 -1.683
v -29.3109 -35.275 -1.1562
v -29.3109 -35.7617 -0.548
v -29.615 -36.1352 -0.0213
v -30.1418 -36.3699 0.2829
v -29.575 -34.1 -1.7523
v -29.1449 -34.7082 -1.3222
v -28.9875 -35.275 -0.7347
v -29.1449 -35.7617 -0.1472
v -29.575 -36.1352 0.2829
v -30.1625 -36.3699 0.4403
v -29.0883 -34.1 -1.3788
v -28.7842 -34.7082 -0.8521
v -28.7842 -35.275 -0.2439
v -29.0883 -35.7617 0.2829
v -29.615 -36.1352 0.587
v -30.2233 -36.3699 0.587
v -28.7148 -34.1 -0.8921
v -28.5574 -34.7082 -0.3046
v -28.7148 -35.275 0.2829
v -29.1449 -35.7617 0.7129
v -29.7324 -36.1352 0.8704
v -30.3199 -36.3699 0.7129
v -28.4801 -34.1 -0.3254
v -28.4801 -34.7082 0.2829
v -28.7842 -35.275 0.8096
v -29.3109 -35.7617 1.1137
v -29.9191 -36.1352 1.1137
v -30.4459 -36.3699 0.8096
v -28.4 -34.1 0.2829
v -28.5574 -34.7082 0.8704
v -28.9875 -35.275 1.3004
v -29.575 -35.7617 1.4579
v -30.1625 -36.1352 1.3004
v -30.5926 -36.3699 0.8704
v -28.4801 -34.1 0.8911
v -28.7842 -34.7082 1.4178
v -29.3109 -35.275 1.7219
v -29.9191 -35.7617 1.7219
v -30.4459 -36.1352 1.4178
v -30.75 -36.3699 0.8911
v -28.7148 -34.1 1.4579
v -29.1449 -34.7082 1.8879
v -29.7324 -35.275 2.0454
v -30.3199 -35.7617 1.8879
v -30.75 -36.1352 1.4579
v -30.9074 -36.3699 0.8704
v -29.0883 -34.1 1.9446
v -29.615 -34.7082 2.2487
v -30.2233 -35.275 2.2487
v -30.75 -35.7617 1.9446
v -31.0541 -36.1352 1.4178
v -31.0541 -36.3699 0.8096
v -29.575 -34.1 2.318
v -30.1625 -34.7082 2.4754
v -30.75 -35.275 2.318
v -31.1801 -35.7617 1.8879
v -31.3375 -36.1352 1.3004
v -31.1801 -36.3699 0.7129
v -30.1418 -34.1 2.5528
v -30.75 -34.7082 2.5528
v -31.2767 -35.275 2.2487
v -31.5808 -35.7617 1.7219
v -31.5808 -36.1352 1.1137
v -31.2767 -36.3699 0.587
v -30.75 -34.1 2.6328
v -31.3375 -34.7082 2.4754
v -31.7676 -35.275 2.0454
v -31.925 -35.7617 1.4579
v -31.7676 -36.1352 0.8704
v -31.3375 -36.3699 0.4403
v -31.3582 -34.1 2.5528
v -31.885 -34.7082 2.2487
v -32.1891 -35.275 1.7219
v -32.1891 -35.7617 1.1137
v -31.885 -36.1352 0.587
v -31.3582 -36.3699 0.2829
v -31.925 -34.1 2.318
v -32.3551 -34.7082 1.8879
v -32.5125 -35.275 1.3004
v -32.3551 -35.7617 0.7129
v -31.925 -36.1352 0.2829
v -31.3375 -36.3699 0.1254
v -32.4117 -34.1 1.9446
v -32.7158 -34.7082 1.4178
v -32.7158 -35.275 0.8096
v -32.4117 -35.7617 0.2829
v -31.885 -36.1352 -0.0213
v -31.2767 -36.3699 -0.0213
v -32.7852 -34.1 1.4579
v -32.9426 -34.7082 0.8704
v -32.7852 -35.275 0.2829
v -32.3551 -35.7617 -0.1472
v -31.7676 -36.1352 -0.3046
v -31.1801 -36.3699 -0.1472
v -33.0199 -34.1 0.8911
v -33.0199 -34.7082 0.2829
v -32.7158 -35.275 -0.2439
v -32.1891 -35.7617 -0.548
v -31.5808 -36.1352 -0.548
v -31.0541 -36.3699 -0.2439
v -32.5125 -35.275 -0.7347
v -31.925 -35.7617 -0.8921
v -31.3375 -36.1352 -0.7347
v -30.9074 -36.3699 -0.3046
v -30.75 -36.45 0.2829
v -33.0199 -21.75 -0.3254
v -33.1 -21.75 0.2829
v -32.7852 -21.75 -0.8921
v -32.4117 -21.75 -1.3788
v -31.925 -21.75 -1.7523
v -31.3582 -21.75 -1.9871
v -30.75 -21.75 -2.0671
v -30.1418 -21.75 -1.9871
v -29.575 -21.75 -1.7523
v -29.0883 -21.75 -1.3788
v -28.7148 -21.75 -0.8921
v -28.4801 -21.75 -0.3254
v -28.4 -21.75 0.2829
v -28.4801 -21.75 0.8911
v -28.7148 -21.75 1.4579
v -29.0883 -21.75 1.9446
v -29.575 -21.75 2.318
v -30.1418 -21.75 2.5528
v -30.75 -21.75 2.6328
v -31.3582 -21.75 2.5528
v -31.925 -21.75 2.318
v -32.4117 -21.75 1.9446
v -32.7852 -21.75 1.4579
v -33.0199 -21.75 0.8911
v 8.4525 -36.45 9.2252
v 8.2761 -36.4429 9.2725
v 8.4388 -36.45 9.1217
v 8.3343 -36.4429 9.413
v 8.4924 -36.45 9.3217
v 8.4269 -36.4429 9.5337
v 8.0228 -36.3258 9.9377
v 8.2618 -36.3258 10.1211
v 7.9994 -36.0715 10.5757
v 8.4043 -36.0715 10.7434
v 8.2888 -35.6958 11.1743
v 8.8388 -35.6958 11.2467
v 8.8388 -35.2218 11.5866
v 9.4768 -35.2218 11.5026
v 9.5319 -34.6787 11.7081
v 10.1776 -34.6787 11.4406
v 10.2138 -34.1 11.5033
v 10.7834 -34.1 11.0662
v 9.5506 -34.1 11.778
v 8.8388 -34.6787 11.7993
v 8.2009 -35.2218 11.5026
v 7.7763 -35.6958 10.962
v 7.6517 -36.0715 10.3089
v 7.8395 -36.3258 9.6987
v 8.556 -36.45 9.4045
v 8.5475 -36.4429 9.6263
v 8.5402 -36.3258 10.2364
v 8.8388 -36.0715 10.8006
v 9.3888 -35.6958 11.1743
v 10.0713 -35.2218 11.2564
v 10.7322 -34.6787 11.015
v 11.2204 -34.1 10.4967
v 8.6388 -36.45 9.4681
v 8.688 -36.4429 9.6845
v 8.8388 -36.3258 10.2757
v 9.2734 -36.0715 10.7434
v 9.9014 -35.6958 10.962
v 10.5818 -35.2218 10.8647
v 11.1577 -34.6787 10.4605
v 11.4951 -34.1 9.8334
v 8.7353 -36.45 9.5081
v 8.8388 -36.4429 9.7043
v 9.1375 -36.3258 10.2364
v 9.6783 -36.0715 10.5757
v 10.3415 -35.6958 10.6243
v 10.9735 -35.2218 10.3542
v 11.4252 -34.6787 9.8147
v 11.5888 -34.1 9.1217
v 8.8388 -36.45 9.5217
v 8.9896 -36.4429 9.6845
v 9.4158 -36.3258 10.1211
v 10.026 -36.0715 10.3089
v 10.6792 -35.6958 10.1842
v 11.2198 -35.2218 9.7597
v 11.5165 -34.6787 9.1217
v 11.4951 -34.1 8.4099
v 8.9424 -36.45 9.5081
v 9.1301 -36.4429 9.6263
v 9.6548 -36.3258 9.9377
v 10.2928 -36.0715 9.9611
v 10.8915 -35.6958 9.6717
v 11.3038 -35.2218 9.1217
v 11.4252 -34.6787 8.4287
v 11.2204 -34.1 7.7467
v 9.0388 -36.45 9.4681
v 9.2508 -36.4429 9.5337
v 9.8382 -36.3258 9.6987
v 10.4605 -36.0715 9.5562
v 10.9639 -35.6958 9.1217
v 11.2198 -35.2218 8.4837
v 11.1577 -34.6787 7.7829
v 10.7834 -34.1 7.1771
v 9.1217 -36.45 9.4045
v 9.3434 -36.4429 9.413
v 9.9535 -36.3258 9.4204
v 10.5177 -36.0715 9.1217
v 10.8915 -35.6958 8.5717
v 10.9735 -35.2218 7.8892
v 10.7322 -34.6787 7.2283
v 10.2138 -34.1 6.7401
v 9.1852 -36.45 9.3217
v 9.4016 -36.4429 9.2725
v 9.9928 -36.3258 9.1217
v 10.4605 -36.0715 8.6872
v 10.6792 -35.6958 8.0592
v 10.5818 -35.2218 7.3787
v 10.1776 -34.6787 6.8028
v 9.5506 -34.1 6.4654
v 9.2252 -36.45 9.2252
v 9.4215 -36.4429 9.1217
v 9.9535 -36.3258 8.823
v 10.2928 -36.0715 8.2822
v 10.3415 -35.6958 7.619
v 10.0713 -35.2218 6.987
v 9.5319 -34.6787 6.5353
v 8.8388 -34.1 6.3717
v 9.2388 -36.45 9.1217
v 9.4016 -36.4429 8.9709
v 9.8382 -36.3258 8.5447
v 10.026 -36.0715 7.9345
v 9.9014 -35.6958 7.2813
v 9.4768 -35.2218 6.7407
v 8.8388 -34.6787 6.4441
v 8.1271 -34.1 6.4654
v 9.2252 -36.45 9.0182
v 9.3434 -36.4429 8.8304
v 9.6548 -36.3258 8.3057
v 9.6783 -36.0715 7.6677
v 9.3888 -35.6958 7.069
v 8.8388 -35.2218 6.6567
v 8.1458 -34.6787 6.5353
v 7.4638 -34.1 6.7401
v 9.1852 -36.45 8.9217
v 9.2508 -36.4429 8.7097
v 9.4158 -36.3258 8.1223
v 9.2734 -36.0715 7.5
v 8.8388 -35.6958 6.9966
v 8.2009 -35.2218 6.7407
v 7.5 -34.6787 6.8028
v 6.8943 -34.1 7.1771
v 9.1217 -36.45 8.8388
v 9.1301 -36.4429 8.6171
v 9.1375 -36.3258 8.007
v 8.8388 -36.0715 7.4428
v 8.2888 -35.6958 7.069
v 7.6064 -35.2218 6.987
v 6.9455 -34.6787 7.2283
v 6.4573 -34.1 7.7467
v 9.0388 -36.45 8.7753
v 8.9896 -36.4429 8.5589
v 8.8388 -36.3258 7.9677
v 8.4043 -36.0715 7.5
v 7.7763 -35.6958 7.2813
v 7.0959 -35.2218 7.3787
v 6.5199 -34.6787 7.7829
v 6.1825 -34.1 8.4099
v 8.9424 -36.45 8.7353
v 8.8388 -36.4429 8.5391
v 8.5402 -36.3258 8.007
v 7.9994 -36.0715 7.6677
v 7.3362 -35.6958 7.619
v 6.7041 -35.2218 7.8892
v 6.2524 -34.6787 8.4287
v 6.0888 -34.1 9.1217
v 8.8388 -36.45 8.7217
v 8.688 -36.4429 8.5589
v 8.2618 -36.3258 8.1223
v 7.6517 -36.0715 7.9345
v 6.9985 -35.6958 8.0592
v 6.4579 -35.2218 8.4837
v 6.1612 -34.6787 9.1217
v 6.1825 -34.1 9.8334
v 8.7353 -36.45 8.7353
v 8.5475 -36.4429 8.6171
v 8.0228 -36.3258 8.3057
v 7.3849 -36.0715 8.2822
v 6.7862 -35.6958 8.5717
v 6.3739 -35.2218 9.1217
v 6.2524 -34.6787 9.8147
v 6.4573 -34.1 10.4967
v 8.6388 -36.45 8.7753
v 8.4269 -36.4429 8.7097
v 7.8395 -36.3258 8.5447
v 7.2171 -36.0715 8.6872
v 6.7138 -35.6958 9.1217
v 6.4579 -35.2218 9.7597
v 6.5199 -34.6787 10.4605
v 6.8943 -34.1 11.0662
v 8.556 -36.45 8.8388
v 8.3343 -36.4429 8.8304
v 7.7242 -36.3258 8.823
v 7.1599 -36.0715 9.1217
v 6.7862 -35.6958 9.6717
v 6.7041 -35.2218 10.3542
v 6.9455 -34.6787 11.015
v 7.4638 -34.1 11.5033
v 8.4924 -36.45 8.9217
v 8.2761 -36.4429 8.9709
v 7.6848 -36.3258 9.1217
v 7.2171 -36.0715 9.5562
v 6.9985 -35.6958 10.1842
v 7.0959 -35.2218 10.8647
v 7.5 -34.6787 11.4406
v 8.1271 -34.1 11.778
v 8.4525 -36.45 9.0182
v 8.2562 -36.4429 9.1217
v 7.7242 -36.3258 9.4204
v 7.3849 -36.0715 9.9611
v 7.3362 -35.6958 10.6243
v 7.6064 -35.2218 11.2564
v 8.1458 -34.6787 11.7081
v 8.8388 -34.1 11.8717
v 6.1825 -21.75 8.4099
v 6.0888 -21.75 9.1217
v 6.4573 -21.75 7.7467
v 6.8943 -21.75 7.1771
v 7.4638 -21.75 6.7401
v 8.1271 -21.75 6.4654
v 8.8388 -21.75 6.3717
v 9.5506 -21.75 6.4654
v 10.2138 -21.75 6.7401
v 10.7834 -21.75 7.1771
v 11.2204 -21.75 7.7467
v 11.4951 -21.75 8.4099
v 11.5888 -21.75 9.1217
v 11.4951 -21.75 9.8334
v 11.2204 -21.75 10.4967
v 10.7834 -21.75 11.0662
v 10.2138 -21.75 11.5033
v 9.5506 -21.75 11.778
v 8.8388 -21.75 11.8717
v 8.1271 -21.75 11.778
v 7.4638 -21.75 11.5033
v 6.8943 -21.75 11.0662
v 6.4573 -21.75 10.4967
v 6.1825 -21.75 9.8334
v 28.4801 -34.1 -0.3254
v 28.5574 -34.7082 -0.3046
v 28.4 -34.1 0.2829
v 28.7842 -34.7082 -0.8521
v 28.7148 -34.1 -0.8921
v 29.1449 -34.7082 -1.3222
v 29.3109 -35.275 -1.1562
v 29.7324 -35.275 -1.4796
v 29.9191 -35.7617 -1.1562
v 30.3199 -35.7617 -1.3222
v 30.4459 -36.1352 -0.8521
v 30.75 -36.1352 -0.8921
v 30.75 -36.3699 -0.3254
v 30.9074 -36.3699 -0.3046
v 29.0883 -34.1 -1.3788
v 29.615 -34.7082 -1.683
v 30.2233 -35.275 -1.683
v 30.75 -35.7617 -1.3788
v 31.0541 -36.1352 -0.8521
v 31.0541 -36.3699 -0.2439
v 29.575 -34.1 -1.7523
v 30.1625 -34.7082 -1.9097
v 30.75 -35.275 -1.7523
v 31.1801 -35.7617 -1.3222
v 31.3375 -36.1352 -0.7347
v 31.1801 -36.3699 -0.1472
v 30.1418 -34.1 -1.9871
v 30.75 -34.7082 -1.9871
v 31.2767 -35.275 -1.683
v 31.5808 -35.7617 -1.1562
v 31.5808 -36.1352 -0.548
v 31.2767 -36.3699 -0.0213
v 30.75 -34.1 -2.0671
v 31.3375 -34.7082 -1.9097
v 31.7676 -35.275 -1.4796
v 31.925 -35.7617 -0.8921
v 31.7676 -36.1352 -0.3046
v 31.3375 -36.3699 0.1254
v 31.3582 -34.1 -1.9871
v 31.885 -34.7082 -1.683
v 32.1891 -35.275 -1.1562
v 32.1891 -35.7617 -0.548
v 31.885 -36.1352 -0.0213
v 31.3582 -36.3699 0.2829
v 31.925 -34.1 -1.7523
v 32.3551 -34.7082 -1.3222
v 32.5125 -35.275 -0.7347
v 32.3551 -35.7617 -0.1472
v 31.925 -36.1352 0.2829
v 31.3375 -36.3699 0.4403
v 32.4117 -34.1 -1.3788
v 32.7158 -34.7082 -0.8521
v 32.7158 -35.275 -0.2439
v 32.4117 -35.7617 0.2829
v 31.885 -36.1352 0.587
v 31.2767 -36.3699 0.587
v 32.7852 -34.1 -0.8921
v 32.9426 -34.7082 -0.3046
v 32.7852 -35.275 0.2829
v 32.3551 -35.7617 0.7129
v 31.7676 -36.1352 0.8704
v 31.1801 -36.3699 0.7129
v 33.0199 -34.1 -0.3254
v 33.0199 -34.7082 0.2829
v 32.7158 -35.275 0.8096
v 32.1891 -35.7617 1.1137
v 31.5808 -36.1352 1.1137
v 31.0541 -36.3699 0.8096
v 33.1 -34.1 0.2829
v 32.9426 -34.7082 0.8704
v 32.5125 -35.275 1.3004
v 31.925 -35.7617 1.4579
v 31.3375 -36.1352 1.3004
v 30.9074 -36.3699 0.8704
v 33.0199 -34.1 0.8911
v 32.7158 -34.7082 1.4178
v 32.1891 -35.275 1.7219
v 31.5808 -35.7617 1.7219
v 31.0541 -36.1352 1.4178
v 30.75 -36.3699 0.8911
v 32.7852 -34.1 1.4579
v 32.3551 -34.7082 1.8879
v 31.7676 -35.275 2.0454
v 31.1801 -35.7617 1.8879
v 30.75 -36.1352 1.4579
v 30.5926 -36.3699 0.8704
v 32.4117 -34.1 1.9446
v 31.885 -34.7082 2.2487
v 31.2767 -35.275 2.2487
v 30.75 -35.7617 1.9446
v 30.4459 -36.1352 1.4178
v 30.4459 -36.3699 0.8096
v 31.925 -34.1 2.318
v 31.3375 -34.7082 2.4754
v 30.75 -35.275 2.318
v 30.3199 -35.7617 1.8879
v 30.1625 -36.1352 1.3004
v 30.3199 -36.3699 0.7129
v 31.3582 -34.1 2.5528
v 30.75 -34.7082 2.5528
v 30.2233 -35.275 2.2487
v 29.9191 -35.7617 1.7219
v 29.9191 -36.1352 1.1137
v 30.2233 -36.3699 0.587
v 30.75 -34.1 2.6328
v 30.1625 -34.7082 2.4754
v 29.7324 -35.275 2.0454
v 29.575 -35.7617 1.4579
v 29.7324 -36.1352 0.8704
v 30.1625 -36.3699 0.4403
v 30.1418 -34.1 2.5528
v 29.615 -34.7082 2.2487
v 29.3109 -35.275 1.7219
v 29.3109 -35.7617 1.1137
v 29.615 -36.1352 0.587
v 30.1418 -36.3699 0.2829
v 29.575 -34.1 2.318
v 29.1449 -34.7082 1.8879
v 28.9875 -35.275 1.3004
v 29.1449 -35.7617 0.7129
v 29.575 -36.1352 0.2829
v 30.1625 -36.3699 0.1254
v 29.0883 -34.1 1.9446
v 28.7842 -34.7082 1.4178
v 28.7842 -35.275 0.8096
v 29.0883 -35.7617 0.2829
v 29.615 -36.1352 -0.0213
v 30.2233 -36.3699 -0.0213
v 28.7148 -34.1 1.4579
v 28.5574 -34.7082 0.8704
v 28.7148 -35.275 0.2829
v 29.1449 -35.7617 -0.1472
v 29.7324 -36.1352 -0.3046
v 30.3199 -36.3699 -0.1472
v 28.4801 -34.1 0.8911
v 28.4801 -34.7082 0.2829
v 28.7842 -35.275 -0.2439
v 29.3109 -35.7617 -0.548
v 29.9191 -36.1352 -0.548
v 30.4459 -36.3699 -0.2439
v 28.9875 -35.275 -0.7347
v 29.575 -35.7617 -0.8921
v 30.1625 -36.1352 -0.7347
v 30.5926 -36.3699 -0.3046
v 30.75 -36.45 0.2829
v 28.4801 -21.75 -0.3254
v 28.4 -21.75 0.2829
v 28.7148 -21.75 -0.8921
v 29.0883 -21.75 -1.3788
v 29.575 -21.75 -1.7523
v 30.1418 -21.75 -1.9871
v 30.75 -21.75 -2.0671
v 31.3582 -21.75 -1.9871
v 31.925 -21.75 -1.7523
v 32.4117 -21.75 -1.3788
v 32.7852 -21.75 -0.8921
v 33.0199 -21.75 -0.3254
v 33.1 -21.75 0.2829
v 33.0199 -21.75 0.8911
v 32.7852 -21.75 1.4579
v 32.4117 -21.75 1.9446
v 31.925 -21.75 2.318
v 31.3582 -21.75 2.5528
v 30.75 -21.75 2.6328
v 30.1418 -21.75 2.5528
v 29.575 -21.75 2.318
v 29.0883 -21.75 1.9446
v 28.7148 -21.75 1.4579
v 28.4801 -21.75 0.8911
v -45.9063 -16.75 -8.4054
v -45.9063 -21.75 -8.4054
v -46 -16.75 -9.1172
v -45.6316 -21.75 -7.7421
v -45.6316 -16.75 -7.7421
v -45.1945 -21.75 -7.1726
v -45.1945 -16.75 -7.1726
v -44.625 -21.75 -6.7356
v -44.625 -16.75 -6.7356
v -43.9617 -21.75 -6.4608
v -43.9617 -16.75 -6.4608
v -43.25 -21.75 -6.3671
v -43.25 -16.75 -6.3671
v -42.5382 -21.75 -6.4608
v -42.5382 -16.75 -6.4608
v -41.875 -21.75 -6.7356
v -41.875 -16.75 -6.7356
v -41.3054 -21.75 -7.1726
v -41.3054 -16.75 -7.1726
v -40.8684 -21.75 -7.7421
v -40.8684 -16.75 -7.7421
v -40.5937 -21.75 -8.4054
v -40.5937 -16.75 -8.4054
v -40.5 -21.75 -9.1172
v -40.5 -16.75 -9.1172
v -40.5937 -21.75 -9.8289
v -40.5937 -16.75 -9.8289
v -40.8684 -21.75 -10.4921
v -40.8684 -16.75 -10.4921
v -41.3054 -21.75 -11.0617
v -41.3054 -16.75 -11.0617
v -41.875 -21.75 -11.4987
v -41.875 -16.75 -11.4987
v -42.5382 -21.75 -11.7734
v -42.5382 -16.75 -11.7734
v -43.25 -21.75 -11.8671
v -43.25 -16.75 -11.8671
v -43.9617 -21.75 -11.7734
v -43.9617 -16.75 -11.7734
v -44.625 -21.75 -11.4987
v -44.625 -16.75 -11.4987
v -45.1945 -21.75 -11.0617
v -45.1945 -16.75 -11.0617
v -45.6316 -21.75 -10.4921
v -45.6316 -16.75 -10.4921
v -45.9063 -21.75 -9.8289
v -45.9063 -16.75 -9.8289
v -46 -21.75 -9.1172
v -45.9063 -16.75 10.3946
v -45.9063 -21.75 10.3946
v -46 -16.75 9.6829
v -45.6316 -21.75 11.0579
v -45.6316 -16.75 11.0579
v -45.1945 -21.75 11.6274
v -45.1945 -16.75 11.6274
v -44.625 -21.75 12.0644
v -44.625 -16.75 12.0644
v -43.9617 -21.75 12.3392
v -43.9617 -16.75 12.3392
v -43.25 -21.75 12.4329
v -43.25 -16.75 12.4329
v -42.5382 -21.75 12.3392
v -42.5382 -16.75 12.3392
v -41.875 -21.75 12.0644
v -41.875 -16.75 12.0644
v -41.3054 -21.75 11.6274
v -41.3054 -16.75 11.6274
v -40.8684 -21.75 11.0579
v -40.8684 -16.75 11.0579
v -40.5937 -21.75 10.3946
v -40.5937 -16.75 10.3946
v -40.5 -21.75 9.6829
v -40.5 -16.75 9.6829
v -40.5937 -21.75 8.9711
v -40.5937 -16.75 8.9711
v -40.8684 -21.75 8.3079
v -40.8684 -16.75 8.3079
v -41.3054 -21.75 7.7383
v -41.3054 -16.75 7.7383
v -41.875 -21.75 7.3013
v -41.875 -16.75 7.3013
v -42.5382 -21.75 7.0266
v -42.5382 -16.75 7.0266
v -43.25 -21.75 6.9329
v -43.25 -16.75 6.9329
v -43.9617 -21.75 7.0266
v -43.9617 -16.75 7.0266
v -44.625 -21.75 7.3013
v -44.625 -16.75 7.3013
v -45.1945 -21.75 7.7383
v -45.1945 -16.75 7.7383
v -45.6316 -21.75 8.3079
v -45.6316 -16.75 8.3079
v -45.9063 -21.75 8.9711
v -45.9063 -16.75 8.9711
v -46 -21.75 9.6829
v 40.5937 -16.75 -8.4054
v 40.5937 -21.75 -8.4054
v 40.5 -16.75 -9.1172
v 40.8684 -21.75 -7.7421
v 40.8684 -16.75 -7.7421
v 41.3054 -21.75 -7.1726
v 41.3054 -16.75 -7.1726
v 41.875 -21.75 -6.7356
v 41.875 -16.75 -6.7356
v 42.5382 -21.75 -6.4608
v 42.5382 -16.75 -6.4608
v 43.25 -21.75 -6.3671
v 43.25 -16.75 -6.3671
v 43.9617 -21.75 -6.4608
v 43.9617 -16.75 -6.4608
v 44.625 -21.75 -6.7356
v 44.625 -16.75 -6.7356
v 45.1945 -21.75 -7.1726
v 45.1945 -16.75 -7.1726
v 45.6316 -21.75 -7.7421
v 45.6316 -16.75 -7.7421
v 45.9063 -21.75 -8.4054
v 45.9063 -16.75 -8.4054
v 46 -21.75 -9.1172
v 46 -16.75 -9.1172
v 45.9063 -21.75 -9.8289
v 45.9063 -16.75 -9.8289
v 45.6316 -21.75 -10.4921
v 45.6316 -16.75 -10.4921
v 45.1945 -21.75 -11.0617
v 45.1945 -16.75 -11.0617
v 44.625 -21.75 -11.4987
v 44.625 -16.75 -11.4987
v 43.9617 -21.75 -11.7734
v 43.9617 -16.75 -11.7734
v 43.25 -21.75 -11.8671
v 43.25 -16.75 -11.8671
v 42.5382 -21.75 -11.7734
v 42.5382 -16.75 -11.7734
v 41.875 -21.75 -11.4987
v 41.875 -16.75 -11.4987
v 41.3054 -21.75 -11.0617
v 41.3054 -16.75 -11.0617
v 40.8684 -21.75 -10.4921
v 40.8684 -16.75 -10.4921
v 40.5937 -21.75 -9.8289
v 40.5937 -16.75 -9.8289
v 40.5 -21.75 -9.1172
v -9.3031 -16.75 7.6414
v -9.3031 -21.75 7.6414
v -9.3968 -16.75 6.9297
v -9.0284 -21.75 8.3047
v -9.0284 -16.75 8.3047
v -8.5914 -21.75 8.8742
v -8.5914 -16.75 8.8742
v -8.0218 -21.75 9.3112
v -8.0218 -16.75 9.3112
v -7.3586 -21.75 9.586
v -7.3586 -16.75 9.586
v -6.6468 -21.75 9.6797
v -6.6468 -16.75 9.6797
v -5.9351 -21.75 9.586
v -5.9351 -16.75 9.586
v -5.2718 -21.75 9.3112
v -5.2718 -16.75 9.3112
v -4.7023 -21.75 8.8742
v -4.7023 -16.75 8.8742
v -4.2652 -21.75 8.3047
v -4.2652 -16.75 8.3047
v -3.9905 -21.75 7.6414
v -3.9905 -16.75 7.6414
v -3.8968 -21.75 6.9297
v -3.8968 -16.75 6.9297
v -3.9905 -21.75 6.2179
v -3.9905 -16.75 6.2179
v -4.2652 -21.75 5.5547
v -4.2652 -16.75 5.5547
v -4.7023 -21.75 4.9851
v -4.7023 -16.75 4.9851
v -5.2718 -21.75 4.5481
v -5.2718 -16.75 4.5481
v -5.9351 -21.75 4.2734
v -5.9351 -16.75 4.2734
v -6.6468 -21.75 4.1797
v -6.6468 -16.75 4.1797
v -7.3586 -21.75 4.2734
v -7.3586 -16.75 4.2734
v -8.0218 -21.75 4.5481
v -8.0218 -16.75 4.5481
v -8.5914 -21.75 4.9851
v -8.5914 -16.75 4.9851
v -9.0284 -21.75 5.5547
v -9.0284 -16.75 5.5547
v -9.3031 -21.75 6.2179
v -9.3031 -16.75 6.2179
v -9.3968 -21.75 6.9297
v 40.5937 -16.75 10.3946
v 40.5937 -21.75 10.3946
v 40.5 -16.75 9.6829
v 40.8684 -21.75 11.0579
v 40.8684 -16.75 11.0579
v 41.3054 -21.75 11.6274
v 41.3054 -16.75 11.6274
v 41.875 -21.75 12.0644
v 41.875 -16.75 12.0644
v 42.5382 -21.75 12.3392
v 42.5382 -16.75 12.3392
v 43.25 -21.75 12.4329
v 43.25 -16.75 12.4329
v 43.9617 -21.75 12.3392
v 43.9617 -16.75 12.3392
v 44.625 -21.75 12.0644
v 44.625 -16.75 12.0644
v 45.1945 -21.75 11.6274
v 45.1945 -16.75 11.6274
v 45.6316 -21.75 11.0579
v 45.6316 -16.75 11.0579
v 45.9063 -21.75 10.3946
v 45.9063 -16.75 10.3946
v 46 -21.75 9.6829
v 46 -16.75 9.6829
v 45.9063 -21.75 8.9711
v 45.9063 -16.75 8.9711
v 45.6316 -21.75 8.3079
v 45.6316 -16.75 8.3079
v 45.1945 -21.75 7.7383
v 45.1945 -16.75 7.7383
v 44.625 -21.75 7.3013
v 44.625 -16.75 7.3013
v 43.9617 -21.75 7.0266
v 43.9617 -16.75 7.0266
v 43.25 -21.75 6.9329
v 43.25 -16.75 6.9329
v 42.5382 -21.75 7.0266
v 42.5382 -16.75 7.0266
v 41.875 -21.75 7.3013
v 41.875 -16.75 7.3013
v 41.3054 -21.75 7.7383
v 41.3054 -16.75 7.7383
v 40.8684 -21.75 8.3079
v 40.8684 -16.75 8.3079
v 40.5937 -21.75 8.9711
v 40.5937 -16.75 8.9711
v 40.5 -21.75 9.6829
v 3.9905 -16.75 -5.6522
v 3.9905 -21.75 -5.6522
v 3.8968 -16.75 -6.3639
v 4.2652 -21.75 -4.9889
v 4.2652 -16.75 -4.9889
v 4.7023 -21.75 -4.4194
v 4.7023 -16.75 -4.4194
v 5.2718 -21.75 -3.9824
v 5.2718 -16.75 -3.9824
v 5.9351 -21.75 -3.7077
v 5.9351 -16.75 -3.7077
v 6.6468 -21.75 -3.6139
v 6.6468 -16.75 -3.6139
v 7.3586 -21.75 -3.7077
v 7.3586 -16.75 -3.7077
v 8.0218 -21.75 -3.9824
v 8.0218 -16.75 -3.9824
v 8.5914 -21.75 -4.4194
v 8.5914 -16.75 -4.4194
v 9.0284 -21.75 -4.9889
v 9.0284 -16.75 -4.9889
v 9.3031 -21.75 -5.6522
v 9.3031 -16.75 -5.6522
v 9.3968 -21.75 -6.3639
v 9.3968 -16.75 -6.3639
v 9.3031 -21.75 -7.0757
v 9.3031 -16.75 -7.0757
v 9.0284 -21.75 -7.7389
v 9.0284 -16.75 -7.7389
v 8.5914 -21.75 -8.3085
v 8.5914 -16.75 -8.3085
v 8.0218 -21.75 -8.7455
v 8.0218 -16.75 -8.7455
v 7.3586 -21.75 -9.0203
v 7.3586 -16.75 -9.0203
v 6.6468 -21.75 -9.114
v 6.6468 -16.75 -9.114
v 5.9351 -21.75 -9.0203
v 5.9351 -16.75 -9.0203
v 5.2718 -21.75 -8.7455
v 5.2718 -16.75 -8.7455
v 4.7023 -21.75 -8.3085
v 4.7023 -16.75 -8.3085
v 4.2652 -21.75 -7.7389
v 4.2652 -16.75 -7.7389
v 3.9905 -21.75 -7.0757
v 3.9905 -16.75 -7.0757
v 3.8968 -21.75 -6.3639
v -62.6466 -21.75 2.2879
v -62.75 -21.75 0.2829
v -62.3377 -21.75 4.2716
v -61.8264 -21.75 6.2131
v -61.1182 -21.75 8.0917
v -60.2205 -21.75 9.8875
v -59.143 -21.75 11.5816
v -57.8971 -21.75 13.1558
v -56.4958 -21.75 14.5936
v -54.9542 -21.75 15.8797
v -53.2884 -21.75 17.0005
v -51.5163 -21.75 17.944
v -49.6566 -21.75 18.7004
v -47.7289 -21.75 19.2615
v -45.7538 -21.75 19.6214
v -43.7521 -21.75 19.7764
v -41.7451 -21.75 19.7247
v -39.754 -21.75 19.4669
v -37.8 -21.75 19.0058
v -35.9038 -21.75 18.3462
v -34.0854 -21.75 17.4951
v -32.3642 -21.75 16.4616
v -30.7584 -21.75 15.2565
v -29.285 -21.75 13.8928
v -27.9597 -21.75 12.3847
v -26.7964 -21.75 10.7484
v -25.8075 -21.75 9.0012
v -25.0035 -21.75 7.1615
v -24.393 -21.75 5.2489
v -23.9823 -21.75 3.2837
v -23.7758 -21.75 1.2867
v -23.7758 -21.75 -0.721
v -23.9823 -21.75 -2.718
v -24.393 -21.75 -4.6832
v -25.0035 -21.75 -6.5958
v -25.8075 -21.75 -8.4355
v -26.7964 -21.75 -10.1827
v -27.9597 -21.75 -11.819
v -29.285 -21.75 -13.3271
v -30.7584 -21.75 -14.6908
v -32.3642 -21.75 -15.8958
v -34.0854 -21.75 -16.9294
v -35.9038 -21.75 -17.7805
v -37.8 -21.75 -18.4401
v -39.754 -21.75 -18.9012
v -41.7451 -21.75 -19.159
v -43.7521 -21.75 -19.2107
v -45.7538 -21.75 -19.0557
v -47.7289 -21.75 -18.6958
v -49.6566 -21.75 -18.1347
v -51.5163 -21.75 -17.3783
v -53.2884 -21.75 -16.4348
v -54.9542 -21.75 -15.314
v -56.4958 -21.75 -14.0279
v -57.8971 -21.75 -12.5901
v -59.143 -21.75 -11.0159
v -60.2205 -21.75 -9.3218
v -61.1182 -21.75 -7.526
v -61.8264 -21.75 -5.6474
v -62.3377 -21.75 -3.7059
v -62.6466 -21.75 -1.7222
v -19.3966 -21.75 2.2879
v -19.5 -21.75 0.2829
v -19.0877 -21.75 4.2716
v -18.5764 -21.75 6.2131
v -17.8682 -21.75 8.0917
v -16.9706 -21.75 9.8875
v -15.893 -21.75 11.5816
v -14.6471 -21.75 13.1558
v -13.2458 -21.75 14.5936
v -11.7042 -21.75 15.8797
v -10.0385 -21.75 17.0005
v -8.2663 -21.75 17.944
v -6.4066 -21.75 18.7004
v -4.4789 -21.75 19.2615
v -2.5038 -21.75 19.6214
v -0.5021 -21.75 19.7764
v 1.5049 -21.75 19.7247
v 3.496 -21.75 19.4669
v 5.45 -21.75 19.0058
v 7.3462 -21.75 18.3462
v 9.1646 -21.75 17.4951
v 10.8857 -21.75 16.4616
v 12.4916 -21.75 15.2565
v 13.965 -21.75 13.8928
v 15.2903 -21.75 12.3847
v 16.4536 -21.75 10.7484
v 17.4425 -21.75 9.0012
v 18.2465 -21.75 7.1615
v 18.857 -21.75 5.2489
v 19.2677 -21.75 3.2837
v 19.4741 -21.75 1.2867
v 19.4741 -21.75 -0.721
v 19.2677 -21.75 -2.718
v 18.857 -21.75 -4.6832
v 18.2465 -21.75 -6.5958
v 17.4425 -21.75 -8.4355
v 16.4536 -21.75 -10.1827
v 15.2903 -21.75 -11.819
v 13.965 -21.75 -13.3271
v 12.4916 -21.75 -14.6908
v 10.8857 -21.75 -15.8958
v 9.1646 -21.75 -16.9294
v 7.3462 -21.75 -17.7805
v 5.45 -21.75 -18.4401
v 3.496 -21.75 -18.9012
v 1.5049 -21.75 -19.159
v -0.5021 -21.75 -19.2107
v -2.5038 -21.75 -19.0557
v -4.4789 -21.75 -18.6958
v -6.4066 -21.75 -18.1347
v -8.2663 -21.75 -17.3783
v -10.0385 -21.75 -16.4348
v -11.7042 -21.75 -15.314
v -13.2458 -21.75 -14.0279
v -14.6471 -21.75 -12.5901
v -15.893 -21.75 -11.0159
v -16.9706 -21.75 -9.3218
v -17.8682 -21.75 -7.526
v -18.5764 -21.75 -5.6474
v -19.0877 -21.75 -3.7059
v -19.3966 -21.75 -1.7222
v 23.8533 -21.75 2.2879
v 23.75 -21.75 0.2829
v 24.1623 -21.75 4.2716
v 24.6736 -21.75 6.2131
v 25.3818 -21.75 8.0917
v 26.2794 -21.75 9.8875
v 27.3569 -21.75 11.5816
v 28.6029 -21.75 13.1558
v 30.0042 -21.75 14.5936
v 31.5458 -21.75 15.8797
v 33.2115 -21.75 17.0005
v 34.9837 -21.75 17.944
v 36.8434 -21.75 18.7004
v 38.7711 -21.75 19.2615
v 40.7462 -21.75 19.6214
v 42.7479 -21.75 19.7764
v 44.7549 -21.75 19.7247
v 46.746 -21.75 19.4669
v 48.7 -21.75 19.0058
v 50.5962 -21.75 18.3462
v 52.4145 -21.75 17.4951
v 54.1357 -21.75 16.4616
v 55.7416 -21.75 15.2565
v 57.215 -21.75 13.8928
v 58.5403 -21.75 12.3847
v 59.7036 -21.75 10.7484
v 60.6925 -21.75 9.0012
v 61.4965 -21.75 7.1615
v 62.107 -21.75 5.2489
v 62.5177 -21.75 3.2837
v 62.7241 -21.75 1.2867
v 62.7241 -21.75 -0.721
v 62.5177 -21.75 -2.718
v 62.107 -21.75 -4.6832
v 61.4965 -21.75 -6.5958
v 60.6925 -21.75 -8.4355
v 59.7036 -21.75 -10.1827
v 58.5403 -21.75 -11.819
v 57.215 -21.75 -13.3271
v 55.7416 -21.75 -14.6908
v 54.1357 -21.75 -15.8958
v 52.4145 -21.75 -16.9294
v 50.5962 -21.75 -17.7805
v 48.7 -21.75 -18.4401
v 46.746 -21.75 -18.9012
v 44.7549 -21.75 -19.159
v 42.7479 -21.75 -19.2107
v 40.7462 -21.75 -19.0557
v 38.7711 -21.75 -18.6958
v 36.8434 -21.75 -18.1347
v 34.9837 -21.75 -17.3783
v 33.2115 -21.75 -16.4348
v 31.5458 -21.75 -15.314
v 30.0042 -21.75 -14.0279
v 28.6029 -21.75 -12.5901
v 27.3569 -21.75 -11.0159
v 26.2794 -21.75 -9.3218
v 25.3818 -21.75 -7.526
v 24.6736 -21.75 -5.6474
v 24.1623 -21.75 -3.7059
v 23.8533 -21.75 -1.7222
v -26.433 1.25 -19.2171
v -26.433 1.25 19.7829
v -28.2434 1.25 -20.6423
v -30.1739 1.25 -21.9
v -32.2091 1.25 -22.98
v -34.3328 1.25 -23.8738
v -36.5278 1.25 -24.5742
v -38.7766 1.25 -25.0756
v -41.0613 1.25 -25.374
v -43.3635 1.25 -25.4669
v -45.6648 1.25 -25.3537
v -47.9467 1.25 -25.0352
v -50.191 1.25 -24.514
v -52.3798 1.25 -23.7943
v -54.4955 1.25 -22.8818
v -56.5211 1.25 -21.7839
v -58.4405 1.25 -20.5092
v -60.2383 1.25 -19.0681
v -61.9 1.25 -17.4721
v -63.4124 1.25 -15.7339
v -64.7634 1.25 -13.8675
v -65.9422 1.25 -11.8878
v -66.9393 1.25 -9.8107
v -67.7467 1.25 -7.6527
v -68.358 1.25 -5.4313
v -68.7682 1.25 -3.164
v -68.9742 1.25 -0.8692
v -68.9742 1.25 1.4349
v -68.7682 1.25 3.7297
v -68.358 1.25 5.997
v -67.7467 1.25 8.2185
v -66.9393 1.25 10.3764
v -65.9422 1.25 12.4536
v -64.7634 1.25 14.4333
v -63.4124 1.25 16.2997
v -61.9 1.25 18.0378
v -60.2383 1.25 19.6339
v -58.4405 1.25 21.0749
v -56.5211 1.25 22.3496
v -54.4955 1.25 23.4475
v -52.3798 1.25 24.36
v -50.191 1.25 25.0797
v -47.9467 1.25 25.6009
v -45.6648 1.25 25.9194
v -43.3635 1.25 26.0326
v -41.0613 1.25 25.9397
v -38.7766 1.25 25.6413
v -36.5278 1.25 25.1399
v -34.3328 1.25 24.4395
v -32.2091 1.25 23.5457
v -30.1739 1.25 22.4657
v -28.2434 1.25 21.208
vn -0.2372 -0.7294 -0.6417
vn -0.4437 -0.7074 -0.5502
vn -0.306 0.4704 -0.8277
vn -0.4272 0.7074 -0.5631
vn -0.3933 -0.7074 -0.5873
vn -0.3758 0.7074 -0.5986
vn -0.3398 -0.7074 -0.6197
vn -0.3214 0.7074 -0.6295
vn -0.2837 -0.7074 -0.6473
vn -0.2645 0.7074 -0.6554
vn -0.2254 -0.7074 -0.6699
vn -0.2055 0.7074 -0.6763
vn -0.1653 -0.7074 -0.6872
vn -0.1449 0.7074 -0.6918
vn -0.1039 -0.7074 -0.6991
vn -0.0832 0.7074 -0.7019
vn -0.0354 -0.8003 -0.5986
vn -0.0208 0.7074 -0.7065
vn 0.0208 -0.7074 -0.7065
vn 0.0354 0.8003 -0.5986
vn 0.0832 -0.7074 -0.7019
vn 0.1039 0.7074 -0.6991
vn 0.1449 -0.7074 -0.6918
vn 0.1653 0.7074 -0.6872
vn 0.2055 -0.7074 -0.6763
vn 0.2254 0.7074 -0.6699
vn 0.2645 -0.7074 -0.6554
vn 0.2837 0.7074 -0.6473
vn 0.3214 -0.7074 -0.6295
vn 0.3398 0.7074 -0.6197
vn 0.3758 -0.7074 -0.5986
vn 0.3933 0.7074 -0.5873
vn 0.4928 -0.6004 -0.6299
vn 0.3416 0.8323 -0.4366
vn 0.3749 0.5764 -0.7261
vn 0.1875 -0.5764 -0.7954
vn -0.1778 -0.8467 -0.5014
vn -0.2615 0.6227 -0.7375
vn -0.4286 -0.7074 -0.562
vn -0.4115 0.7074 -0.5747
vn -0.3763 -0.7074 -0.5983
vn -0.3581 0.7074 -0.6093
vn -0.3524 -0.6004 -0.7179
vn -0.2442 0.8323 -0.4976
vn -0.263 0.7074 -0.6561
vn -0.2431 -0.7074 -0.6637
vn -0.218 0.6004 -0.7694
vn -0.1511 -0.8323 -0.5333
vn -0.1411 -0.7074 -0.6926
vn -0.1203 0.7074 -0.6965
vn -0.0782 -0.7074 -0.7024
vn -0.0571 0.7074 -0.7045
vn -0.0147 -0.7074 -0.7066
vn 0.0065 0.7074 -0.7068
vn 0.0415 -0.8003 -0.5982
vn 0.0595 0.8003 -0.5967
vn 0.1121 -0.7074 -0.6978
vn 0.1331 0.7074 -0.6941
vn 0.1745 -0.7074 -0.6849
vn 0.195 0.7074 -0.6794
vn 0.2354 -0.7074 -0.6664
vn 0.2553 0.7074 -0.6591
vn 0.2944 -0.7074 -0.6426
vn 0.3136 0.7074 -0.6334
vn 0.351 -0.7074 -0.6135
vn 0.3693 0.7074 -0.6026
vn 0.4048 -0.7074 -0.5794
vn 0.422 0.7074 -0.567
vn 0.4553 -0.7074 -0.5406
vn 0.4713 0.7074 -0.5267
vn 0.5021 -0.7074 -0.4975
vn 0.5168 0.7074 -0.4822
vn 0.5448 -0.7074 -0.4503
vn 0.5581 0.7074 -0.4337
vn 0.5831 -0.7074 -0.3994
vn 0.5948 0.7074 -0.3817
vn 0.6167 -0.7074 -0.3454
vn 0.6268 0.7074 -0.3267
vn 0.6452 -0.7074 -0.2885
vn 0.6536 0.7074 -0.269
vn 0.6686 -0.7074 -0.2293
vn 0.6752 0.7074 -0.2091
vn 0.6865 -0.7074 -0.1682
vn 0.6912 0.7074 -0.1475
vn 0.6988 -0.7074 -0.1057
vn 0.7017 0.7074 -0.0847
vn 0.7055 -0.7074 -0.0424
vn 0.7065 0.7074 -0.0212
vn 0.8314 -0.555 0.025
vn 0.8303 0.555 0.0499
vn 0.7017 -0.7074 0.0847
vn 0.6988 0.7074 0.1057
vn 0.6912 -0.7074 0.1475
vn 0.6865 0.7074 0.1682
vn 0.6752 -0.7074 0.2091
vn 0.6686 0.7074 0.2293
vn 0.6536 -0.7074 0.269
vn 0.6452 0.7074 0.2885
vn 0.6268 -0.7074 0.3267
vn 0.6167 0.7074 0.3454
vn 0.5948 -0.7074 0.3817
vn 0.5831 0.7074 0.3994
vn 0.5581 -0.7074 0.4337
vn 0.5448 0.7074 0.4503
vn 0.5168 -0.7074 0.4822
vn 0.5021 0.7074 0.4975
vn 0.4713 -0.7074 0.5267
vn 0.4553 0.7074 0.5406
vn 0.422 -0.7074 0.567
vn 0.4048 0.7074 0.5794
vn 0.3693 -0.7074 0.6026
vn 0.351 0.7074 0.6135
vn 0.3136 -0.7074 0.6334
vn 0.2944 0.7074 0.6426
vn 0.2553 -0.7074 0.6591
vn 0.2354 0.7074 0.6664
vn 0.195 -0.7074 0.6794
vn 0.1745 0.7074 0.6849
vn 0.1331 -0.7074 0.6941
vn 0.1121 0.7074 0.6978
vn 0.0595 -0.8003 0.5967
vn 0.0415 0.8003 0.5982
vn 0.0065 -0.7074 0.7068
vn -0.0147 0.7074 0.7066
vn -0.0571 -0.7074 0.7045
vn -0.0782 0.7074 0.7024
vn -0.1203 -0.7074 0.6965
vn -0.1411 0.7074 0.6926
vn -0.1824 -0.7074 0.6828
vn -0.2029 0.7074 0.6771
vn -0.2431 -0.7074 0.6637
vn -0.263 0.7074 0.6561
vn -0.3018 -0.7074 0.6391
vn -0.3209 0.7074 0.6297
vn -0.3581 -0.7074 0.6093
vn -0.3763 0.7074 0.5983
vn -0.4115 -0.7074 0.5747
vn -0.4286 0.7074 0.562
vn -0.2952 -0.4686 0.8326
vn -0.2292 0.7277 0.6464
vn 0.1724 -0.8457 0.505
vn 0.2532 0.6211 0.7417
vn 0.4156 -0.7074 0.5717
vn 0.3987 0.7074 0.5836
vn 0.364 -0.7074 0.6059
vn 0.3461 0.7074 0.6163
vn 0.3095 -0.7074 0.6355
vn 0.2908 0.7074 0.6442
vn 0.2526 -0.7074 0.6601
vn 0.2332 0.7074 0.6672
vn 0.1938 -0.7074 0.6797
vn 0.1739 0.7074 0.6851
vn 0.1335 -0.7074 0.6941
vn 0.1132 0.7074 0.6977
vn 0.0722 -0.7074 0.7031
vn 0.0516 0.7074 0.7049
vn 0.0088 -0.8002 0.5996
vn -0.0088 0.8002 0.5996
vn -0.0516 -0.7074 0.7049
vn -0.0722 0.7074 0.7031
vn -0.1132 -0.7074 0.6977
vn -0.1335 0.7074 0.6941
vn -0.1739 -0.7074 0.6851
vn -0.1938 0.7074 0.6797
vn -0.2332 -0.7074 0.6672
vn -0.2526 0.7074 0.6601
vn -0.2908 -0.7074 0.6442
vn -0.3095 0.7074 0.6355
vn -0.3461 -0.7074 0.6163
vn -0.364 0.7074 0.6059
vn -0.4608 -0.6004 0.6536
vn -0.3194 0.8323 0.4531
vn -0.2952 0.7241 0.6233
vn -0.1476 -0.7241 0.6737
vn 0.2292 -0.7277 0.6464
vn 0.2952 0.4686 0.8326
vn 0.4286 -0.7074 0.562
vn 0.4115 0.7074 0.5747
vn 0.3763 -0.7074 0.5983
vn 0.3581 0.7074 0.6093
vn 0.3524 -0.6004 0.7179
vn 0.2442 0.8323 0.4976
vn 0.263 0.7074 0.6561
vn 0.2431 -0.7074 0.6637
vn 0.218 0.6004 0.7694
vn 0.1511 -0.8323 0.5333
vn 0.1411 -0.7074 0.6926
vn 0.1203 0.7074 0.6965
vn 0.0782 -0.7074 0.7024
vn 0.0571 0.7074 0.7045
vn 0.0147 -0.7074 0.7066
vn -0.0065 0.7074 0.7068
vn -0.0415 -0.8003 0.5982
vn -0.0595 0.8003 0.5967
vn -0.1121 -0.7074 0.6978
vn -0.1331 0.7074 0.6941
vn -0.1745 -0.7074 0.6849
vn -0.195 0.7074 0.6794
vn -0.2354 -0.7074 0.6664
vn -0.2553 0.7074 0.6591
vn -0.2944 -0.7074 0.6426
vn -0.3136 0.7074 0.6334
vn -0.351 -0.7074 0.6135
vn -0.3693 0.7074 0.6026
vn -0.4048 -0.7074 0.5794
vn -0.422 0.7074 0.567
vn -0.4553 -0.7074 0.5406
vn -0.4713 0.7074 0.5267
vn -0.5021 -0.7074 0.4975
vn -0.5168 0.7074 0.4822
vn -0.5448 -0.7074 0.4503
vn -0.5581 0.7074 0.4337
vn -0.5831 -0.7074 0.3994
vn -0.5948 0.7074 0.3817
vn -0.6167 -0.7074 0.3454
vn -0.6268 0.7074 0.3267
vn -0.6452 -0.7074 0.2885
vn -0.6536 0.7074 0.269
vn -0.6686 -0.7074 0.2293
vn -0.6752 0.7074 0.2091
vn -0.6865 -0.7074 0.1682
vn -0.6912 0.7074 0.1475
vn -0.6988 -0.7074 0.1057
vn -0.7017 0.7074 0.0847
vn -0.8303 -0.555 0.0499
vn -0.8314 0.555 0.025
vn -0.7065 -0.7074 -0.0212
vn -0.7055 0.7074 -0.0424
vn -0.7017 -0.7074 -0.0847
vn -0.6988 0.7074 -0.1057
vn -0.6912 -0.7074 -0.1475
vn -0.6865 0.7074 -0.1682
vn -0.6752 -0.7074 -0.2091
vn -0.6686 0.7074 -0.2293
vn -0.6536 -0.7074 -0.269
vn -0.6452 0.7074 -0.2885
vn -0.6268 -0.7074 -0.3267
vn -0.6167 0.7074 -0.3454
vn -0.5948 -0.7074 -0.3817
vn -0.5831 0.7074 -0.3994
vn -0.5581 -0.7074 -0.4337
vn -0.5448 0.7074 -0.4503
vn -0.5168 -0.7074 -0.4822
vn -0.5021 0.7074 -0.4975
vn -0.4713 -0.7074 -0.5267
vn -0.4553 0.7074 -0.5406
vn -0.422 -0.7074 -0.567
vn -0.4048 0.7074 -0.5794
vn -0.3693 -0.7074 -0.6026
vn -0.351 0.7074 -0.6135
vn -0.3136 -0.7074 -0.6334
vn -0.2944 0.7074 -0.6426
vn -0.2553 -0.7074 -0.6591
vn -0.2354 0.7074 -0.6664
vn -0.195 -0.7074 -0.6794
vn -0.1745 0.7074 -0.6849
vn -0.1331 -0.7074 -0.6941
vn -0.1121 0.7074 -0.6978
vn -0.0595 -0.8003 -0.5967
vn -0.0415 0.8003 -0.5982
vn -0.0065 -0.7074 -0.7068
vn 0.0147 0.7074 -0.7066
vn 0.0571 -0.7074 -0.7045
vn 0.0782 0.7074 -0.7024
vn 0.1203 -0.7074 -0.6965
vn 0.1411 0.7074 -0.6926
vn 0.1824 -0.7074 -0.6828
vn 0.2029 0.7074 -0.6771
vn 0.2431 -0.7074 -0.6637
vn 0.263 0.7074 -0.6561
vn 0.3018 -0.7074 -0.6391
vn 0.3209 0.7074 -0.6297
vn 0.3581 -0.7074 -0.6093
vn 0.3763 0.7074 -0.5983
vn 0.4115 -0.7074 -0.5747
vn 0.4286 0.7074 -0.562
vn 0.2615 -0.6227 -0.7375
vn 0.1778 0.8467 -0.5014
vn -0.1447 0.905 -0.4002
vn 0.1494 0.7246 -0.6728
vn 0.4204 0.7074 -0.5681
vn 0.368 0.7074 -0.6035
vn 0.3125 0.7074 -0.6339
vn 0.2769 0.6004 -0.7502
vn 0.1743 0.7074 -0.685
vn 0.1124 0.7074 -0.6978
vn 0.0496 0.7074 -0.7051
vn -0.0137 0.7074 -0.7067
vn -0.0904 0.555 -0.8269
vn -0.1393 0.7074 -0.6929
vn -0.2007 0.7074 -0.6777
vn -0.2604 0.7074 -0.6571
vn -0.3181 0.7074 -0.6312
vn -0.3733 0.7074 -0.6002
vn -0.4254 0.7074 -0.5644
vn -0.4742 0.7074 -0.5241
vn -0.5191 0.7074 -0.4796
vn -0.5599 0.7074 -0.4313
vn -0.5962 0.7074 -0.3795
vn -0.6278 0.7074 -0.3247
vn -0.6543 0.7074 -0.2673
vn -0.6756 0.7074 -0.2078
vn -0.6914 0.7074 -0.1465
vn -0.7018 0.7074 -0.0841
vn -0.7065 0.7074 -0.0211
vn -0.5986 0.8003 0.0358
vn -0.4361 0.7074 -0.5562
vn -0.3863 0.7074 -0.5919
vn -0.3336 0.7074 -0.6231
vn -0.2784 0.7074 -0.6497
vn -0.221 0.7074 -0.6714
vn -0.162 0.7074 -0.688
vn -0.1018 0.7074 -0.6994
vn -0.0409 0.7074 -0.7056
vn 0.024 0.555 -0.8315
vn 0.0816 0.7074 -0.7021
vn 0.1421 0.7074 -0.6924
vn 0.2015 0.7074 -0.6775
vn 0.2594 0.7074 -0.6575
vn 0.3154 0.7074 -0.6325
vn 0.369 0.7074 -0.6028
vn 0.4199 0.7074 -0.5686
vn 0.2329 0.7285 -0.6443
vn -0.1745 0.8461 -0.5036
vn -0.4204 0.7074 -0.5681
vn -0.368 0.7074 -0.6035
vn -0.3125 0.7074 -0.6339
vn -0.2546 0.7074 -0.6593
vn -0.1947 0.7074 -0.6795
vn -0.1332 0.7074 -0.6941
vn -0.0706 0.7074 -0.7033
vn -0.0074 0.7074 -0.7068
vn 0.0656 0.555 -0.8292
vn 0.1185 0.7074 -0.6968
vn 0.1803 0.7074 -0.6834
vn 0.2407 0.7074 -0.6645
vn 0.2991 0.7074 -0.6404
vn 0.3552 0.7074 -0.6111
vn 0.4084 0.7074 -0.5769
vn 0.4583 0.7074 -0.5381
vn 0.5046 0.7074 -0.4949
vn 0.5468 0.7074 -0.4478
vn 0.5846 0.7074 -0.3972
vn 0.6178 0.7074 -0.3433
vn 0.646 0.7074 -0.2867
vn 0.6691 0.7074 -0.2278
vn 0.6868 0.7074 -0.1671
vn 0.6989 0.7074 -0.1051
vn 0.7055 0.7074 -0.0422
vn 0.5994 0.8003 0.0179
vn 0.7018 0.7074 0.0841
vn 0.6914 0.7074 0.1465
vn 0.6756 0.7074 0.2078
vn 0.6543 0.7074 0.2673
vn 0.6278 0.7074 0.3247
vn 0.5962 0.7074 0.3795
vn 0.5599 0.7074 0.4313
vn 0.5191 0.7074 0.4796
vn 0.4742 0.7074 0.5241
vn 0.4254 0.7074 0.5644
vn 0.3733 0.7074 0.6002
vn 0.3181 0.7074 0.6312
vn 0.2604 0.7074 0.6571
vn 0.2007 0.7074 0.6777
vn 0.1393 0.7074 0.6929
vn 0.0904 0.555 0.8269
vn 0.0137 0.7074 0.7067
vn -0.0496 0.7074 0.7051
vn -0.1124 0.7074 0.6978
vn -0.1743 0.7074 0.685
vn -0.2769 0.6004 0.7502
vn -0.3125 0.7074 0.6339
vn -0.368 0.7074 0.6035
vn -0.4204 0.7074 0.5681
vn -0.1259 0.8141 0.567
vn 0.1692 0.8452 0.507
vn 0.4081 0.7074 0.5771
vn 0.3571 0.7074 0.61
vn 0.3035 0.7074 0.6384
vn 0.2476 0.7074 0.662
vn 0.1899 0.7074 0.6808
vn 0.1308 0.7074 0.6946
vn 0.0686 0.6004 0.7968
vn 0 0.7074 0.7068
vn -0.0505 0.7074 0.705
vn -0.1108 0.7074 0.6981
vn -0.1703 0.7074 0.686
vn -0.2285 0.7074 0.6689
vn -0.2851 0.7074 0.6468
vn -0.3395 0.7074 0.62
vn -0.3914 0.7074 0.5885
vn -0.2483 0.6202 0.7441
vn 0.1398 0.9042 0.4037
vn 0.4204 0.7074 0.5681
vn 0.368 0.7074 0.6035
vn 0.3125 0.7074 0.6339
vn 0.2546 0.7074 0.6593
vn 0.1947 0.7074 0.6795
vn 0.1332 0.7074 0.6941
vn 0.0706 0.7074 0.7033
vn 0.0074 0.7074 0.7068
vn -0.0656 0.555 0.8292
vn -0.1185 0.7074 0.6968
vn -0.1803 0.7074 0.6834
vn -0.2407 0.7074 0.6645
vn -0.2991 0.7074 0.6404
vn -0.3552 0.7074 0.6111
vn -0.4084 0.7074 0.5769
vn -0.4583 0.7074 0.5381
vn -0.5046 0.7074 0.4949
vn -0.5468 0.7074 0.4478
vn -0.5846 0.7074 0.3972
vn -0.6178 0.7074 0.3433
vn -0.646 0.7074 0.2867
vn -0.6691 0.7074 0.2278
vn -0.6868 0.7074 0.1671
vn -0.6989 0.7074 0.1051
vn 0.1447 -0.905 -0.4002
vn -0.2564 -0.6217 -0.7401
vn -0.4033 -0.7074 -0.5804
vn -0.3498 -0.7074 -0.6142
vn -0.2935 -0.7074 -0.643
vn -0.2348 -0.7074 -0.6666
vn -0.1743 -0.7074 -0.685
vn -0.1124 -0.7074 -0.6978
vn -0.0496 -0.7074 -0.7051
vn 0.0137 -0.7074 -0.7067
vn 0.0904 -0.555 -0.8269
vn 0.1393 -0.7074 -0.6929
vn 0.2007 -0.7074 -0.6777
vn 0.2604 -0.7074 -0.6571
vn 0.3181 -0.7074 -0.6312
vn 0.3733 -0.7074 -0.6002
vn 0.4254 -0.7074 -0.5644
vn 0.4742 -0.7074 -0.5241
vn 0.5191 -0.7074 -0.4796
vn 0.5599 -0.7074 -0.4313
vn 0.5962 -0.7074 -0.3795
vn 0.6278 -0.7074 -0.3247
vn 0.6543 -0.7074 -0.2673
vn 0.6756 -0.7074 -0.2078
vn 0.6914 -0.7074 -0.1465
vn 0.7018 -0.7074 -0.0841
vn 0.7065 -0.7074 -0.0211
vn 0.5986 -0.8003 0.0358
vn 0.4361 -0.7074 -0.5562
vn 0.3863 -0.7074 -0.5919
vn 0.3336 -0.7074 -0.6231
vn 0.2784 -0.7074 -0.6497
vn 0.221 -0.7074 -0.6714
vn 0.162 -0.7074 -0.688
vn 0.1018 -0.7074 -0.6994
vn 0.0409 -0.7074 -0.7056
vn -0.024 -0.555 -0.8315
vn -0.0816 -0.7074 -0.7021
vn -0.1421 -0.7074 -0.6924
vn -0.2015 -0.7074 -0.6775
vn -0.2594 -0.7074 -0.6575
vn -0.3154 -0.7074 -0.6325
vn -0.369 -0.7074 -0.6028
vn -0.4199 -0.7074 -0.5686
vn -0.2329 -0.7285 -0.6443
vn 0.2988 -0.7246 -0.6211
vn 0.4033 -0.7074 -0.5804
vn 0.3498 -0.7074 -0.6142
vn 0.2935 -0.7074 -0.643
vn 0.192 -0.8323 -0.52
vn 0.1947 -0.7074 -0.6795
vn 0.1332 -0.7074 -0.6941
vn 0.0706 -0.7074 -0.7033
vn 0.0074 -0.7074 -0.7068
vn -0.0656 -0.555 -0.8292
vn -0.1185 -0.7074 -0.6968
vn -0.1803 -0.7074 -0.6834
vn -0.2407 -0.7074 -0.6645
vn -0.2991 -0.7074 -0.6404
vn -0.3552 -0.7074 -0.6111
vn -0.4084 -0.7074 -0.5769
vn -0.4583 -0.7074 -0.5381
vn -0.5046 -0.7074 -0.4949
vn -0.5468 -0.7074 -0.4478
vn -0.5846 -0.7074 -0.3972
vn -0.6178 -0.7074 -0.3433
vn -0.646 -0.7074 -0.2867
vn -0.6691 -0.7074 -0.2278
vn -0.6868 -0.7074 -0.1671
vn -0.6989 -0.7074 -0.1051
vn -0.7055 -0.7074 -0.0422
vn -0.5994 -0.8003 0.0179
vn -0.7018 -0.7074 0.0841
vn -0.6914 -0.7074 0.1465
vn -0.6756 -0.7074 0.2078
vn -0.6543 -0.7074 0.2673
vn -0.6278 -0.7074 0.3247
vn -0.5962 -0.7074 0.3795
vn -0.5599 -0.7074 0.4313
vn -0.5191 -0.7074 0.4796
vn -0.4742 -0.7074 0.5241
vn -0.4254 -0.7074 0.5644
vn -0.3733 -0.7074 0.6002
vn -0.3181 -0.7074 0.6312
vn -0.2604 -0.7074 0.6571
vn -0.2007 -0.7074 0.6777
vn -0.1393 -0.7074 0.6929
vn -0.0904 -0.555 0.8269
vn -0.0137 -0.7074 0.7067
vn 0.0496 -0.7074 0.7051
vn 0.1124 -0.7074 0.6978
vn 0.1743 -0.7074 0.685
vn 0.2348 -0.7074 0.6666
vn 0.2935 -0.7074 0.643
vn 0.3498 -0.7074 0.6142
vn 0.4033 -0.7074 0.5804
vn 0.2248 -0.7268 0.649
vn -0.1692 -0.8452 0.507
vn -0.4081 -0.7074 0.5771
vn -0.3571 -0.7074 0.61
vn -0.3035 -0.7074 0.6384
vn -0.2476 -0.7074 0.662
vn -0.1899 -0.7074 0.6808
vn -0.1308 -0.7074 0.6946
vn -0.0707 -0.7074 0.7033
vn 0 -0.4475 0.8943
vn 0.0476 -0.8323 0.5523
vn 0.1108 -0.7074 0.6981
vn 0.1703 -0.7074 0.686
vn 0.2285 -0.7074 0.6689
vn 0.2851 -0.7074 0.6468
vn 0.3395 -0.7074 0.62
vn 0.3914 -0.7074 0.5885
vn 0.2483 -0.6202 0.7441
vn -0.2518 -0.8141 0.5233
vn -0.4033 -0.7074 0.5804
vn -0.3498 -0.7074 0.6142
vn -0.2935 -0.7074 0.643
vn -0.192 -0.8323 0.52
vn -0.1947 -0.7074 0.6795
vn -0.1332 -0.7074 0.6941
vn -0.0706 -0.7074 0.7033
vn -0.0074 -0.7074 0.7068
vn 0.0656 -0.555 0.8292
vn 0.1185 -0.7074 0.6968
vn 0.1803 -0.7074 0.6834
vn 0.2407 -0.7074 0.6645
vn 0.2991 -0.7074 0.6404
vn 0.3552 -0.7074 0.6111
vn 0.4084 -0.7074 0.5769
vn 0.4583 -0.7074 0.5381
vn 0.5046 -0.7074 0.4949
vn 0.5468 -0.7074 0.4478
vn 0.5846 -0.7074 0.3972
vn 0.6178 -0.7074 0.3433
vn 0.646 -0.7074 0.2867
vn 0.6691 -0.7074 0.2278
vn 0.6868 -0.7074 0.1671
vn 0.6989 -0.7074 0.1051
vn -0.3455 -0.3444 -0.873
vn -0.5301 -0.3821 -0.757
vn -0.4599 -0.3821 -0.8015
vn -0.3861 -0.3822 -0.8396
vn -0.3091 -0.3823 -0.8708
vn -0.2297 -0.3823 -0.895
vn -0.1483 -0.3824 -0.912
vn -0.0658 -0.3825 -0.9216
vn 0.0172 -0.3826 -0.9237
vn 0.1001 -0.3827 -0.9184
vn 0.1832 -0.3052 -0.9345
vn 0.2514 -0.3828 -0.889
vn 0.3303 -0.3827 -0.8628
vn 0.4064 -0.3826 -0.8297
vn 0.4793 -0.3825 -0.7899
vn 0.5483 -0.3824 -0.7437
vn 0.6129 -0.3823 -0.6915
vn 0.6726 -0.3822 -0.6337
vn 0.7268 -0.3822 -0.5707
vn 0.7751 -0.3821 -0.5032
vn 0.8172 -0.3821 -0.4315
vn 0.8527 -0.382 -0.3564
vn 0.8812 -0.382 -0.2784
vn 0.9027 -0.382 -0.1981
vn 0.9168 -0.3819 -0.1163
vn 0.9236 -0.3819 -0.0335
vn 0.9229 -0.3819 0.0496
vn 0.9147 -0.3819 0.1323
vn 0.8991 -0.382 0.2139
vn 0.8762 -0.382 0.2938
vn 0.8463 -0.382 0.3712
vn 0.8095 -0.382 0.4457
vn 0.7662 -0.3821 0.5166
vn 0.7167 -0.3822 0.5833
vn 0.6614 -0.3822 0.6453
vn 0.6008 -0.3823 0.7021
vn 0.5353 -0.3824 0.7532
vn 0.4655 -0.3825 0.7982
vn 0.3919 -0.3826 0.8367
vn 0.3151 -0.3827 0.8685
vn 0.2358 -0.3828 0.8932
vn 0.1642 -0.3052 0.938
vn 0.084 -0.3828 0.92
vn 0.001 -0.3827 0.9239
vn -0.0819 -0.3825 0.9203
vn -0.1643 -0.3825 0.9093
vn -0.2453 -0.3824 0.8909
vn -0.3041 -0.4571 0.8358
vn -0.3861 -0.3822 0.8396
vn -0.4599 -0.3821 0.8015
vn -0.5301 -0.3821 0.757
vn -0.3435 -0.4566 0.8207
vn -0.0655 0.9532 0.2951
vn -0.3678 0.555 0.7461
vn -0.2051 0.555 0.8061
vn -0.1323 0.555 0.8212
vn -0.0583 0.555 0.8298
vn 0.0161 0.555 0.8317
vn 0.0768 0.7074 0.7026
vn 0.1639 0.555 0.8155
vn 0.2362 0.555 0.7976
vn 0.3609 0.8003 0.4789
vn 0.4023 0.8003 0.4447
vn 0.4404 0.8003 0.4069
vn 0.4751 0.8003 0.3659
vn 0.7951 0.555 0.2445
vn 0.503 0.8577 0.1066
vn 0.8259 0.555 0.099
vn 0.7065 0.7074 0.0211
vn 0.8226 0.555 -0.1236
vn 0.5827 0.8003 -0.1418
vn 0.7874 0.555 -0.2681
vn 0.7271 0.555 -0.4041
vn 0.3521 0.555 -0.7536
vn 0.2122 0.555 -0.8043
vn 0.1395 0.555 -0.82
vn -0.0088 0.555 -0.8318
vn -0.1567 0.555 -0.8169
vn -0.2291 0.555 -0.7996
vn -0.3567 0.8003 -0.482
vn -0.0983 0.9538 -0.2839
vn 0.3343 -0.3432 0.8777
vn 0.5144 -0.3822 0.7677
vn 0.4462 -0.3822 0.8092
vn 0.3747 -0.3823 0.8447
vn 0.3004 -0.3824 0.8738
vn 0.2238 -0.3825 0.8964
vn 0.1456 -0.3826 0.9124
vn 0.07 -0.4577 0.8863
vn 0 -0.2528 0.9675
vn -0.0818 -0.3828 0.9202
vn -0.1609 -0.3826 0.9098
vn -0.2388 -0.3825 0.8925
vn -0.315 -0.3824 0.8686
vn -0.3888 -0.3823 0.8383
vn -0.4597 -0.3822 0.8016
vn -0.5272 -0.3822 0.759
vn -0.3294 -0.4769 0.8149
vn 0.2919 -0.5293 -0.7966
vn 0.161 0.8809 -0.4452
vn 0.3023 -0.4018 0.8644
vn -0.3137 -0.4035 -0.8595
vn -0.5516 -0.3821 -0.7414
vn -0.4849 -0.3822 -0.7867
vn -0.4145 -0.3823 -0.8259
vn -0.3409 -0.3823 -0.8588
vn -0.2648 -0.3824 -0.8852
vn -0.1866 -0.3826 -0.9049
vn -0.1071 -0.3827 -0.9177
vn -0.0319 -0.3052 -0.9518
vn 0.0423 -0.3829 -0.9228
vn 0.1226 -0.3827 -0.9157
vn 0.2019 -0.3826 -0.9016
vn 0.2797 -0.3825 -0.8806
vn 0.3554 -0.3824 -0.8529
vn 0.4284 -0.3823 -0.8187
vn 0.4981 -0.3822 -0.7783
vn 0.5641 -0.3821 -0.732
vn 0.3712 0.555 -0.7444
vn 0.2372 0.555 -0.7973
vn 0.1672 0.555 -0.8149
vn -0.0481 0.555 -0.8304
vn -0.1198 0.555 -0.8232
vn -0.1907 0.555 -0.8097
vn -0.3276 0.555 -0.7646
vn -0.1197 0.936 -0.3311
vn 0.5301 -0.3821 0.757
vn 0.4599 -0.3821 0.8015
vn 0.3861 -0.3822 0.8396
vn 0.3091 -0.3823 0.8708
vn 0.2297 -0.3823 0.895
vn 0.1483 -0.3824 0.912
vn 0.0658 -0.3825 0.9216
vn -0.0172 -0.3826 0.9237
vn -0.1001 -0.3827 0.9184
vn -0.1832 -0.3052 0.9345
vn -0.2514 -0.3828 0.889
vn -0.3303 -0.3827 0.8628
vn -0.4064 -0.3826 0.8297
vn -0.4793 -0.3825 0.7899
vn -0.5483 -0.3824 0.7437
vn -0.6129 -0.3823 0.6915
vn -0.6726 -0.3822 0.6337
vn -0.7268 -0.3822 0.5707
vn -0.7751 -0.3821 0.5032
vn -0.8172 -0.3821 0.4315
vn -0.8527 -0.382 0.3564
vn -0.8812 -0.382 0.2784
vn -0.9027 -0.382 0.1981
vn -0.9168 -0.3819 0.1163
vn -0.9236 -0.3819 0.0335
vn -0.9229 -0.3819 -0.0496
vn -0.9147 -0.3819 -0.1323
vn -0.8991 -0.3819 -0.2139
vn -0.8762 -0.382 -0.2938
vn -0.8463 -0.382 -0.3712
vn -0.8095 -0.382 -0.4457
vn -0.7662 -0.3821 -0.5166
vn -0.7167 -0.3822 -0.5833
vn -0.6614 -0.3822 -0.6453
vn -0.6008 -0.3823 -0.7021
vn -0.5353 -0.3824 -0.7532
vn -0.4655 -0.3825 -0.7982
vn -0.3919 -0.3826 -0.8367
vn -0.3151 -0.3827 -0.8685
vn -0.2358 -0.3828 -0.8932
vn -0.1642 -0.3052 -0.938
vn -0.084 -0.3828 -0.92
vn -0.001 -0.3827 -0.9239
vn 0.0819 -0.3825 -0.9203
vn 0.1643 -0.3825 -0.9093
vn 0.2453 -0.3824 -0.8909
vn 0.3041 -0.4571 -0.8358
vn 0.3861 -0.3822 -0.8396
vn 0.4599 -0.3821 -0.8015
vn 0.5301 -0.3821 -0.757
vn 0.4008 -0.3996 -0.8244
vn -0.6718 0.7098 -0.212
vn -0.6877 0.7098 -0.1523
vn -0.7037 0.7098 -0.0309
vn -0.6249 0.7098 -0.3251
vn -0.594 0.7098 -0.3786
vn -0.5194 0.7098 -0.4758
vn -0.4758 0.7098 -0.5194
vn -0.3209 0.8022 -0.5035
vn -0.3251 0.7098 -0.6249
vn -0.154 0.8592 -0.4879
vn -0.1523 0.7098 -0.6877
vn -0.0262 0.8022 -0.5965
vn 0.0416 0.3184 -0.947
vn 0.1523 0.7098 -0.6877
vn 0.2498 0.5576 -0.7916
vn 0.3251 0.7098 -0.6249
vn 0.3786 0.7098 -0.594
vn 0.4758 0.7098 -0.5194
vn 0.5194 0.7098 -0.4758
vn 0.5035 0.8022 -0.3209
vn 0.6249 0.7098 -0.3251
vn 0.6718 0.7098 -0.212
vn 0.6877 0.7098 -0.1523
vn 0.8293 0.5576 -0.0364
vn 0.7037 0.7098 0.0309
vn 0.8105 0.5576 0.1795
vn 0.6718 0.7098 0.212
vn 0.7364 0.5576 0.3831
vn 0.594 0.7098 0.3786
vn 0.5194 0.7098 0.4758
vn 0.4758 0.7098 0.5194
vn 0.4462 0.5576 0.7
vn 0.3251 0.7098 0.6249
vn 0.212 0.7098 0.6718
vn 0.1523 0.7098 0.6877
vn 0.0309 0.7098 0.7037
vn -0.0416 0.3184 0.947
vn -0.1523 0.7098 0.6877
vn -0.2498 0.5576 0.7916
vn -0.2361 0.8592 0.4539
vn -0.3786 0.7098 0.594
vn -0.2644 0.9202 0.2886
vn -0.5194 0.7098 0.4758
vn -0.5035 0.8022 0.3209
vn -0.6249 0.7098 0.3251
vn -0.6718 0.7098 0.212
vn -0.6877 0.7098 0.1523
vn -0.7037 0.7098 0.0309
vn -0.7364 0.5576 -0.3831
vn -0.4462 0.5576 -0.7
vn -0.212 0.7098 -0.6718
vn -0.0309 0.7098 -0.7037
vn 0.2361 0.8592 -0.4539
vn 0.2644 0.9202 -0.2886
vn 0.7037 0.7098 -0.0309
vn 0.3209 0.8022 0.5035
vn 0.1797 0.8022 0.5694
vn 0.0262 0.8022 0.5965
vn -0.3251 0.7098 0.6249
vn -0.4758 0.7098 0.5194
vn -0.7 0.5576 0.4462
vn -0.8293 0.5576 0.0364
vn -0.8105 0.5576 -0.1795
vn -0.4403 0.8022 -0.4033
vn -0.3786 0.7098 -0.594
vn 0.7 0.5576 -0.4462
vn 0.6877 0.7098 0.1523
vn 0.6249 0.7098 0.3251
vn 0.1338 0.8958 0.4239
vn -0.07 -0.9504 -0.3031
vn 0.0618 -0.9846 -0.1638
vn -0.071 -0.9795 -0.1884
vn -0.241 -0.9243 -0.2959
vn -0.2137 -0.9243 -0.3163
vn -0.1847 -0.9243 -0.3341
vn -0.1845 -0.8896 -0.4178
vn -0.1226 -0.9242 -0.3618
vn -0.0899 -0.9241 -0.3714
vn -0.0675 -0.8894 -0.4521
vn -0.0224 -0.8631 -0.5046
vn 0.0226 -0.924 -0.3817
vn 0.0675 -0.8894 -0.4521
vn 0.1075 -0.8895 -0.4442
vn 0.1226 -0.9242 -0.3618
vn 0.1543 -0.9242 -0.3493
vn 0.1847 -0.9243 -0.3341
vn 0.2137 -0.9243 -0.3163
vn 0.241 -0.9243 -0.2959
vn 0.0539 -0.9709 -0.2335
vn 0.2327 -0.9243 -0.3025
vn 0.2441 -0.8897 -0.3858
vn 0.1738 -0.9243 -0.3399
vn 0.142 -0.9242 -0.3544
vn 0.109 -0.9242 -0.366
vn 0.0899 -0.8895 -0.4479
vn 0.0406 -0.9241 -0.3799
vn 0.0068 -0.8894 -0.4571
vn -0.035 -0.8893 -0.4559
vn -0.0795 -0.8998 -0.429
vn -0.1306 -0.8893 -0.4383
vn -0.1422 -0.9241 -0.3548
vn -0.1739 -0.9241 -0.3403
vn -0.2043 -0.9241 -0.3229
vn -0.2329 -0.9242 -0.3028
vn -0.2595 -0.9242 -0.2801
vn -0.284 -0.9243 -0.2552
vn -0.306 -0.9243 -0.2281
vn -0.3256 -0.9243 -0.1992
vn -0.3424 -0.9243 -0.1686
vn -0.3563 -0.9243 -0.1366
vn -0.3673 -0.9244 -0.1034
vn -0.3751 -0.9244 -0.0694
vn -0.3799 -0.9244 -0.0349
vn -0.3264 -0.9452 0
vn -0.3799 -0.9244 0.0349
vn -0.3751 -0.9244 0.0694
vn -0.3673 -0.9244 0.1034
vn -0.3563 -0.9243 0.1366
vn -0.3424 -0.9243 0.1686
vn -0.3256 -0.9243 0.1992
vn -0.306 -0.9243 0.2281
vn -0.284 -0.9243 0.2552
vn -0.2595 -0.9242 0.2801
vn -0.2329 -0.9242 0.3028
vn -0.2043 -0.9241 0.3229
vn -0.1739 -0.9241 0.3403
vn -0.1422 -0.9241 0.3548
vn -0.1306 -0.8893 0.4383
vn -0.0795 -0.8998 0.429
vn -0.035 -0.8893 0.4559
vn 0.0068 -0.8894 0.4571
vn 0.0406 -0.9241 0.3799
vn 0.0899 -0.8895 0.4479
vn 0.109 -0.9242 0.366
vn 0.142 -0.9242 0.3544
vn 0.1738 -0.9243 0.3399
vn 0.2441 -0.8897 0.3858
vn 0.2327 -0.9243 0.3025
vn 0.0688 -0.9793 0.1902
vn -0.0592 -0.9623 0.2653
vn 0.0524 -0.9707 0.2347
vn 0.2259 -0.9243 0.3077
vn 0.2366 -0.8897 0.3905
vn 0.1683 -0.9242 0.3428
vn 0.1374 -0.9242 0.3564
vn 0.1054 -0.9241 0.3672
vn 0.0868 -0.8894 0.4487
vn 0.0392 -0.924 0.3803
vn 0 -0.8631 0.5051
vn -0.0469 -0.8893 0.4548
vn -0.0726 -0.9241 0.3752
vn -0.1054 -0.9241 0.3672
vn -0.1643 -0.8896 0.4262
vn -0.1683 -0.9242 0.3428
vn -0.1979 -0.9243 0.3265
vn -0.2259 -0.9243 0.3077
vn -0.0688 -0.9793 0.1902
vn -0.2327 -0.9243 0.3025
vn -0.2041 -0.9243 0.3226
vn -0.1738 -0.9243 0.3399
vn -0.142 -0.9242 0.3544
vn -0.1304 -0.8896 0.4378
vn -0.0751 -0.9242 0.3745
vn -0.0486 -0.8895 0.4544
vn -0.0068 -0.8894 0.4571
vn 0.0293 -0.924 0.3812
vn 0.092 -0.8631 0.4967
vn 0.1092 -0.924 0.3665
vn 0.1422 -0.9241 0.3548
vn 0.208 -0.8894 0.4069
vn 0.2043 -0.9241 0.3229
vn 0.2329 -0.9242 0.3028
vn 0.2595 -0.9242 0.2801
vn 0.243 -0.9451 0.2184
vn 0.306 -0.9243 0.2281
vn 0.3256 -0.9243 0.1992
vn 0.3424 -0.9243 0.1686
vn 0.3563 -0.9243 0.1366
vn 0.3673 -0.9244 0.1034
vn 0.3751 -0.9244 0.0694
vn 0.3799 -0.9244 0.0349
vn 0.3815 -0.9244 0
vn 0.3799 -0.9244 -0.0349
vn 0.3751 -0.9244 -0.0694
vn 0.3673 -0.9244 -0.1034
vn 0.3563 -0.9243 -0.1366
vn 0.3424 -0.9243 -0.1686
vn 0.3256 -0.9243 -0.1992
vn 0.306 -0.9243 -0.2281
vn 0.243 -0.9451 -0.2184
vn 0.2595 -0.9242 -0.2801
vn 0.2329 -0.9242 -0.3028
vn 0.2043 -0.9241 -0.3229
vn 0.208 -0.8894 -0.4069
vn 0.1422 -0.9241 -0.3548
vn 0.1092 -0.924 -0.3665
vn 0.092 -0.8631 -0.4967
vn 0.0293 -0.924 -0.3812
vn -0.0068 -0.8894 -0.4571
vn -0.0486 -0.8895 -0.4544
vn -0.0751 -0.9242 -0.3745
vn -0.1304 -0.8896 -0.4378
vn -0.142 -0.9242 -0.3544
vn -0.1738 -0.9243 -0.3399
vn -0.2041 -0.9243 -0.3226
vn -0.2327 -0.9243 -0.3025
vn -0.1692 0.8452 0.507
vn -0.3995 0.555 0.7296
vn -0.2689 0.555 0.7872
vn -0.1304 0.555 0.8216
vn -0.0595 0.555 0.8297
vn 0.1539 0.555 0.8175
vn 0.2235 0.555 0.8013
vn 0.3571 0.555 0.7513
vn 0.1123 0.935 0.3365
vn 0.7041 -0.7075 -0.0606
vn -0.705 -0.7075 -0.0485
vn 0.7066 -0.7075 0.0121
vn -0.6963 -0.7075 -0.1207
vn 0.6941 -0.7075 -0.1326
vn -0.6802 -0.7075 -0.1917
vn 0.6768 -0.7075 -0.2033
vn -0.6569 -0.7075 -0.2606
vn 0.6523 -0.7075 -0.2718
vn -0.6266 -0.7075 -0.3268
vn 0.6209 -0.7075 -0.3375
vn -0.5897 -0.7075 -0.3895
vn 0.5829 -0.7075 -0.3995
vn -0.5465 -0.7075 -0.448
vn 0.3919 -0.8578 -0.3327
vn -0.4975 -0.7075 -0.5019
vn -0.5218 -0.5552 -0.6477
vn -0.4524 -0.5552 -0.698
vn 0.5754 -0.5552 -0.6006
vn 0.5106 -0.5552 -0.6566
vn 0.3742 -0.7075 -0.5995
vn 0.3105 -0.7075 -0.6348
vn 0.2436 -0.7075 -0.6634
vn 0.1741 -0.7075 -0.6849
vn 0.0872 -0.8003 -0.5932
vn 0.0221 -0.8578 -0.5136
vn -0.036 -0.8003 -0.5985
vn -0.1147 -0.7075 -0.6973
vn -0.1577 -0.8003 -0.5784
vn -0.2549 -0.7075 -0.6591
vn -0.3214 -0.7075 -0.6294
vn -0.3844 -0.7075 -0.593
vn -0.7063 -0.7075 0.0242
vn -0.7 -0.7075 0.0967
vn -0.6864 -0.7075 0.1682
vn -0.6654 -0.7075 0.2379
vn -0.6375 -0.7075 0.3051
vn -0.6027 -0.7075 0.369
vn -0.5616 -0.7075 0.429
vn -0.5145 -0.7075 0.4845
vn -0.5437 -0.5552 0.6294
vn -0.4045 -0.7075 0.5795
vn -0.3428 -0.7075 0.618
vn -0.2774 -0.7075 0.65
vn -0.1774 -0.8003 0.5727
vn -0.1386 -0.7075 0.693
vn -0.0565 -0.8003 0.5969
vn 0.0044 -0.8578 0.514
vn 0.0668 -0.8003 0.5958
vn 0.1505 -0.7075 0.6905
vn 0.2207 -0.7075 0.6714
vn 0.2885 -0.7075 0.6451
vn 0.3533 -0.7075 0.612
vn 0.4877 -0.5552 0.6737
vn 0.4711 -0.7075 0.5268
vn 0.4435 -0.8003 0.4035
vn -0.2091 -0.7075 0.675
vn -0.0485 -0.8578 0.5118
vn 0.5689 -0.7075 0.4193
vn 0.609 -0.7075 0.3586
vn -0.6375 -0.7075 0.305
vn 0.6426 -0.7075 0.2941
vn 0.6694 -0.7075 0.2264
vn 0.6892 -0.7075 0.1564
vn 0.7016 -0.7075 0.0847
vn 0.5388 -0.7075 -0.4573
vn -0.3619 -0.8578 -0.365
vn 0.4889 -0.7075 -0.5103
vn 0.1477 -0.8003 -0.5811
vn -0.2163 -0.8003 -0.5592
vn -0.1858 -0.7075 -0.6818
vn 0.4338 -0.7075 -0.5579
vn 0.8316 -0.5552 0.0143
vn 0.1028 -0.7075 -0.6992
vn 0.0787 -0.7075 0.7023
vn 0.1277 -0.8003 0.5858
vn 0.5544 -0.5552 0.62
vn 0.3802 -0.8578 0.3459
vn -0.4761 -0.5552 0.682
vn -0.2354 -0.8003 0.5514
vn 0.4144 -0.7075 0.5724
vn 0.5227 -0.7075 0.4756
vn -0.9659 0 -0.2588
vn -0.866 0 -0.5
vn -0.7071 0 -0.7071
vn -0.5297 0.8022 -0.2756
vn -1 -0 0
vn -0.9659 -0 0.2588
vn -0.4879 0.8592 0.154
vn -0.866 -0 0.5
vn -0.594 0.7098 0.3786
vn -0.7071 -0 0.7071
vn -0.5 -0 0.866
vn -0.2588 -0 0.9659
vn 0 -0 1
vn 0.0224 0.8592 0.5111
vn 0.2588 -0 0.9659
vn 0.5 -0 0.866
vn 0.3786 0.7098 0.594
vn 0.7071 -0 0.7071
vn 0.866 -0 0.5
vn 0.9659 -0 0.2588
vn 0.5829 0.8022 0.1291
vn 1 0 -0
vn 0.5965 0.8022 -0.0262
vn 0.9659 0 -0.2588
vn 0.866 0 -0.5
vn 0.594 0.7098 -0.3786
vn 0.7071 0 -0.7071
vn 0.5 0 -0.866
vn 0.2588 0 -0.9659
vn -0 0 -1
vn -0.2588 0 -0.9659
vn -0.5 0 -0.866
vn 0.9639 0.0654 -0.2581
vn 0.9334 0.2589 -0.2486
vn 0.9979 0.0654 0.0002
vn 0.8372 0.2589 -0.4817
vn 0.8643 0.0654 -0.4988
vn 0.684 0.2589 -0.682
vn 0.6143 0.5001 -0.6103
vn 0.4355 0.5001 -0.7485
vn 0.357 0.7072 -0.6103
vn 0.1869 0.7072 -0.6819
vn 0.1342 0.8661 -0.4816
vn 0.005 0.8661 -0.4999
vn 0.0102 0.9587 -0.2841
vn -0.0637 0.9587 -0.277
vn 0.7057 0.0654 -0.7055
vn 0.4842 0.2589 -0.8358
vn 0.2269 0.5001 -0.8357
vn 0.0041 0.7072 -0.707
vn -0.1246 0.8661 -0.4841
vn -0.1332 0.9587 -0.2511
vn 0.4991 0.0654 -0.8641
vn 0.2514 0.2589 -0.9326
vn 0.0029 0.5001 -0.866
vn -0.1791 0.7072 -0.684
vn -0.2456 0.8661 -0.4354
vn -0.1937 0.9587 -0.208
vn 0.2584 0.0654 -0.9638
vn 0.0015 0.2589 -0.9659
vn -0.2214 0.5001 -0.8372
vn -0.35 0.7072 -0.6143
vn -0.3499 0.8661 -0.357
vn -0.2409 0.9587 -0.1508
vn 0.0002 0.0654 -0.9979
vn -0.2486 0.2589 -0.9334
vn -0.4305 0.5001 -0.7514
vn -0.4971 0.7072 -0.5028
vn -0.4304 0.8661 -0.2543
vn -0.2718 0.9587 -0.0833
vn -0.2581 0.0654 -0.9639
vn -0.4817 0.2589 -0.8372
vn -0.6103 0.5001 -0.6143
vn -0.6103 0.7072 -0.357
vn -0.4816 0.8661 -0.1342
vn -0.2841 0.9587 -0.0102
vn -0.4988 0.0654 -0.8643
vn -0.682 0.2589 -0.684
vn -0.7485 0.5001 -0.4354
vn -0.6819 0.7072 -0.1869
vn -0.4999 0.8661 -0.005
vn -0.277 0.9587 0.0637
vn -0.7055 0.0654 -0.7057
vn -0.8358 0.2589 -0.4842
vn -0.8357 0.5001 -0.2269
vn -0.707 0.7072 -0.0041
vn -0.4841 0.8661 0.1246
vn -0.2511 0.9587 0.1332
vn -0.8641 0.0654 -0.4991
vn -0.9326 0.2589 -0.2514
vn -0.866 0.5001 -0.0029
vn -0.684 0.7072 0.1791
vn -0.4354 0.8661 0.2456
vn -0.208 0.9587 0.1937
vn -0.9638 0.0654 -0.2584
vn -0.9659 0.2589 -0.0015
vn -0.8372 0.5001 0.2214
vn -0.6143 0.7072 0.35
vn -0.357 0.8661 0.3499
vn -0.1508 0.9587 0.2409
vn -0.9979 0.0654 -0.0002
vn -0.9334 0.2589 0.2486
vn -0.7514 0.5001 0.4305
vn -0.5028 0.7072 0.4971
vn -0.2543 0.8661 0.4304
vn -0.0833 0.9587 0.2718
vn -0.9639 0.0654 0.2581
vn -0.8372 0.2589 0.4817
vn -0.6143 0.5001 0.6103
vn -0.357 0.7072 0.6103
vn -0.1342 0.8661 0.4816
vn -0.0102 0.9587 0.2841
vn -0.8643 0.0654 0.4988
vn -0.684 0.2589 0.682
vn -0.4355 0.5001 0.7485
vn -0.1869 0.7072 0.6819
vn -0.005 0.8661 0.4999
vn 0.0637 0.9587 0.277
vn -0.7057 0.0654 0.7055
vn -0.4842 0.2589 0.8358
vn -0.2269 0.5001 0.8357
vn -0.0041 0.7072 0.707
vn 0.1246 0.8661 0.4841
vn 0.1332 0.9587 0.2511
vn -0.4991 0.0654 0.8641
vn -0.2514 0.2589 0.9326
vn -0.0029 0.5001 0.866
vn 0.1791 0.7072 0.684
vn 0.2456 0.8661 0.4354
vn 0.1937 0.9587 0.208
vn -0.2584 0.0654 0.9638
vn -0.0015 0.2589 0.9659
vn 0.2214 0.5001 0.8372
vn 0.35 0.7072 0.6143
vn 0.3499 0.8661 0.357
vn 0.2409 0.9587 0.1508
vn -0.0002 0.0654 0.9979
vn 0.2486 0.2589 0.9334
vn 0.4305 0.5001 0.7514
vn 0.4971 0.7072 0.5028
vn 0.4304 0.8661 0.2543
vn 0.2718 0.9587 0.0833
vn 0.2581 0.0654 0.9639
vn 0.4817 0.2589 0.8372
vn 0.6103 0.5001 0.6143
vn 0.6103 0.7072 0.357
vn 0.4816 0.8661 0.1342
vn 0.2841 0.9587 0.0102
vn 0.4988 0.0654 0.8643
vn 0.682 0.2589 0.684
vn 0.7485 0.5001 0.4355
vn 0.6819 0.7072 0.1869
vn 0.4999 0.8661 0.005
vn 0.277 0.9587 -0.0637
vn 0.7055 0.0654 0.7057
vn 0.8358 0.2589 0.4842
vn 0.8357 0.5001 0.2269
vn 0.707 0.7072 0.0041
vn 0.4841 0.8661 -0.1246
vn 0.2511 0.9587 -0.1332
vn 0.8641 0.0654 0.4991
vn 0.9326 0.2589 0.2514
vn 0.866 0.5001 0.0029
vn 0.684 0.7072 -0.1791
vn 0.4354 0.8661 -0.2456
vn 0.208 0.9587 -0.1937
vn 0.9638 0.0654 0.2584
vn 0.9659 0.2589 0.0015
vn 0.8372 0.5001 -0.2214
vn 0.6143 0.7072 -0.35
vn 0.357 0.8661 -0.3499
vn 0.1508 0.9587 -0.2409
vn 0.7514 0.5001 -0.4305
vn 0.5028 0.7072 -0.4971
vn 0.2543 0.8661 -0.4304
vn 0.0833 0.9587 -0.2718
vn -0 1 0
vn 0.2756 0.8022 -0.5297
vn -0.1797 0.8022 -0.5694
vn -0.3278 0.8958 -0.3002
vn -0.5965 0.8022 0.0262
vn -0.7485 0.5001 -0.4355
vn 0.3002 0.8958 -0.3278
vn 0.1291 0.8022 -0.5829
vn 0.7012 0.7076 0.0876
vn 0.5972 0.8004 0.0531
vn 0.5994 0.8004 0.0106
vn 0.6932 0.7076 0.1371
vn 0.6879 0.7076 0.1616
vn 0.6747 0.7076 0.21
vn 0.6669 0.7076 0.2338
vn 0.7634 0.5552 0.3302
vn 0.7512 0.5552 0.3571
vn 0.5218 0.8004 0.2951
vn 0.6024 0.7076 0.3695
vn 0.6763 0.5552 0.4841
vn 0.5597 0.7076 0.4314
vn 0.6211 0.5552 0.5532
vn 0.5106 0.7076 0.4885
vn 0.4747 0.7076 0.5235
vn 0.4558 0.7076 0.54
vn 0.4901 0.5552 0.672
vn 0.3958 0.7076 0.5854
vn 0.4159 0.5552 0.7203
vn 0.3314 0.7076 0.6241
vn 0.2863 0.7076 0.6461
vn 0.3097 0.5552 0.7719
vn 0.216 0.7076 0.6728
vn 0.192 0.7076 0.6801
vn 0.1215 0.8004 0.5871
vn 0.1006 0.8004 0.591
vn 0.0501 0.8578 0.5116
vn 0.0439 0.7076 0.7053
vn -0.004 0.8947 0.4467
vn -0.0314 0.7076 0.706
vn -0.069 0.8004 0.5955
vn -0.1062 0.7076 0.6986
vn -0.1319 0.8004 0.5848
vn -0.1799 0.7076 0.6834
vn -0.2279 0.7076 0.6689
vn -0.2515 0.7076 0.6604
vn -0.3504 0.5552 0.7543
vn -0.3203 0.7076 0.6299
vn -0.4286 0.5552 0.7128
vn -0.3854 0.7076 0.5923
vn -0.5019 0.5552 0.6632
vn -0.5252 0.5552 0.645
vn -0.3059 0.8947 0.3256
vn -0.4258 0.8004 0.422
vn -0.5359 0.7076 0.4606
vn -0.6496 0.5552 0.5194
vn -0.5818 0.7076 0.401
vn -0.5957 0.7076 0.3801
vn -0.6212 0.7076 0.3369
vn -0.6327 0.7076 0.3146
vn -0.7691 0.5552 0.3166
vn -0.6626 0.7076 0.2456
vn -0.6784 0.7076 0.198
vn -0.685 0.7076 0.1738
vn -0.5901 0.8004 0.1059
vn -0.6996 0.7076 0.1
vn -0.7049 0.7076 0.0501
vn -0.7062 0.7076 0.0251
vn -0.5991 0.8004 -0.0213
vn -0.7049 0.7076 -0.0501
vn -0.5935 0.8004 -0.0848
vn -0.6956 0.7076 -0.1248
vn -0.8062 0.5552 -0.2045
vn -0.6784 0.7076 -0.198
vn -0.6626 0.7076 -0.2456
vn -0.6535 0.7076 -0.269
vn -0.6327 0.7076 -0.3146
vn -0.6212 0.7076 -0.3369
vn -0.5957 0.7076 -0.3801
vn -0.5818 0.7076 -0.401
vn -0.6496 0.5552 -0.5194
vn -0.6308 0.5552 -0.5421
vn -0.5019 0.7076 -0.4975
vn -0.4839 0.7076 -0.515
vn -0.5252 0.5552 -0.645
vn -0.5019 0.5552 -0.6632
vn -0.4536 0.5552 -0.6971
vn -0.3641 0.7076 -0.6056
vn -0.3203 0.7076 -0.6299
vn -0.3504 0.5552 -0.7543
vn -0.2515 0.7076 -0.6604
vn -0.2682 0.5552 -0.7873
vn -0.1799 0.7076 -0.6834
vn -0.1555 0.7076 -0.6893
vn -0.0901 0.8004 -0.5927
vn -0.0957 0.5552 -0.8262
vn -0.0175 0.9193 -0.3931
vn -0.0063 0.7076 -0.7066
vn 0.0319 0.8578 -0.513
vn 0.0811 0.5552 -0.8278
vn 0.1006 0.8004 -0.591
vn 0.1686 0.5552 -0.8145
vn 0.192 0.7076 -0.6801
vn 0.216 0.7076 -0.6728
vn 0.2632 0.7076 -0.6558
vn 0.337 0.5552 -0.7604
vn 0.39 0.5552 -0.7346
vn 0.3533 0.7076 -0.612
vn 0.4659 0.5552 -0.689
vn 0.4901 0.5552 -0.672
vn 0.4558 0.7076 -0.54
vn 0.4747 0.7076 -0.5235
vn 0.5106 0.7076 -0.4885
vn 0.6211 0.5552 -0.5532
vn 0.5597 0.7076 -0.4314
vn 0.5746 0.7076 -0.4113
vn 0.6024 0.7076 -0.3695
vn 0.6151 0.7076 -0.3479
vn 0.6382 0.7076 -0.3034
vn 0.7634 0.5552 -0.3302
vn 0.7849 0.5552 -0.2752
vn 0.6747 0.7076 -0.21
vn 0.5836 0.8004 -0.1371
vn 0.6932 0.7076 -0.1371
vn 0.5949 0.8004 -0.0743
vn 0.7039 0.7076 -0.0626
vn 0.7066 0.7076 -0.0126
vn -0.9639 -0.0654 -0.2581
vn -0.9334 -0.2589 -0.2486
vn -0.9979 -0.0654 0.0002
vn -0.8372 -0.2589 -0.4817
vn -0.8643 -0.0654 -0.4988
vn -0.684 -0.2589 -0.682
vn -0.6143 -0.5001 -0.6103
vn -0.4355 -0.5001 -0.7485
vn -0.357 -0.7072 -0.6103
vn -0.1869 -0.7072 -0.6819
vn -0.1342 -0.8661 -0.4816
vn -0.005 -0.8661 -0.4999
vn -0.0102 -0.9587 -0.2841
vn 0.0637 -0.9587 -0.277
vn -0.7057 -0.0654 -0.7055
vn -0.4842 -0.2589 -0.8358
vn -0.2269 -0.5001 -0.8357
vn -0.0041 -0.7072 -0.707
vn 0.1246 -0.8661 -0.4841
vn 0.1332 -0.9587 -0.2511
vn -0.4991 -0.0654 -0.8641
vn -0.2514 -0.2589 -0.9326
vn -0.0029 -0.5001 -0.866
vn 0.1791 -0.7072 -0.684
vn 0.2456 -0.8661 -0.4354
vn 0.1937 -0.9587 -0.2081
vn -0.2584 -0.0654 -0.9638
vn -0.0015 -0.2589 -0.9659
vn 0.2214 -0.5001 -0.8372
vn 0.35 -0.7072 -0.6143
vn 0.35 -0.8661 -0.357
vn 0.2409 -0.9587 -0.1508
vn -0.0002 -0.0654 -0.9979
vn 0.2486 -0.2589 -0.9334
vn 0.4305 -0.5001 -0.7514
vn 0.4971 -0.7072 -0.5028
vn 0.4304 -0.8661 -0.2543
vn 0.2718 -0.9587 -0.0833
vn 0.2581 -0.0654 -0.9639
vn 0.4817 -0.2589 -0.8372
vn 0.6103 -0.5001 -0.6143
vn 0.6103 -0.7072 -0.357
vn 0.4816 -0.8661 -0.1342
vn 0.2841 -0.9587 -0.0102
vn 0.4988 -0.0654 -0.8643
vn 0.682 -0.2589 -0.684
vn 0.7485 -0.5001 -0.4354
vn 0.6819 -0.7072 -0.1869
vn 0.4999 -0.8661 -0.005
vn 0.277 -0.9587 0.0637
vn 0.7055 -0.0654 -0.7057
vn 0.8358 -0.2589 -0.4842
vn 0.8357 -0.5001 -0.2269
vn 0.707 -0.7072 -0.0041
vn 0.4841 -0.8661 0.1246
vn 0.2511 -0.9587 0.1332
vn 0.8641 -0.0654 -0.4991
vn 0.9326 -0.2589 -0.2514
vn 0.866 -0.5001 -0.0029
vn 0.684 -0.7072 0.1791
vn 0.4354 -0.8661 0.2456
vn 0.2081 -0.9587 0.1937
vn 0.9638 -0.0654 -0.2584
vn 0.9659 -0.2589 -0.0015
vn 0.8372 -0.5001 0.2214
vn 0.6143 -0.7072 0.35
vn 0.357 -0.8661 0.3499
vn 0.1508 -0.9587 0.2409
vn 0.9979 -0.0654 -0.0002
vn 0.9334 -0.2589 0.2486
vn 0.7514 -0.5001 0.4305
vn 0.5028 -0.7072 0.4971
vn 0.2543 -0.8661 0.4304
vn 0.0833 -0.9587 0.2718
vn 0.9639 -0.0654 0.2581
vn 0.8372 -0.2589 0.4817
vn 0.6143 -0.5001 0.6103
vn 0.357 -0.7072 0.6103
vn 0.1342 -0.8661 0.4816
vn 0.0102 -0.9587 0.2841
vn 0.8643 -0.0654 0.4988
vn 0.684 -0.2589 0.682
vn 0.4354 -0.5001 0.7485
vn 0.1869 -0.7072 0.6819
vn 0.005 -0.8661 0.4999
vn -0.0637 -0.9587 0.277
vn 0.7057 -0.0654 0.7055
vn 0.4842 -0.2589 0.8358
vn 0.2269 -0.5001 0.8357
vn 0.0041 -0.7072 0.707
vn -0.1246 -0.8661 0.4841
vn -0.1332 -0.9587 0.2511
vn 0.4991 -0.0654 0.8641
vn 0.2514 -0.2589 0.9326
vn 0.0029 -0.5001 0.866
vn -0.1791 -0.7072 0.684
vn -0.2456 -0.8661 0.4354
vn -0.1937 -0.9587 0.2081
vn 0.2584 -0.0654 0.9638
vn 0.0015 -0.2589 0.9659
vn -0.2214 -0.5001 0.8372
vn -0.35 -0.7072 0.6143
vn -0.3499 -0.8661 0.357
vn -0.2409 -0.9587 0.1508
vn 0.0002 -0.0654 0.9979
vn -0.2486 -0.2589 0.9334
vn -0.4305 -0.5001 0.7514
vn -0.4971 -0.7072 0.5028
vn -0.4304 -0.8661 0.2543
vn -0.2718 -0.9587 0.0833
vn -0.2581 -0.0654 0.9639
vn -0.4817 -0.2589 0.8372
vn -0.6103 -0.5001 0.6143
vn -0.6103 -0.7072 0.357
vn -0.4816 -0.8661 0.1342
vn -0.2841 -0.9587 0.0102
vn -0.4988 -0.0654 0.8643
vn -0.682 -0.2589 0.684
vn -0.7485 -0.5001 0.4354
vn -0.6819 -0.7072 0.1869
vn -0.4999 -0.8661 0.005
vn -0.277 -0.9587 -0.0637
vn -0.7055 -0.0654 0.7057
vn -0.8358 -0.2589 0.4842
vn -0.8357 -0.5001 0.2269
vn -0.707 -0.7072 0.0041
vn -0.4841 -0.8661 -0.1246
vn -0.2511 -0.9587 -0.1332
vn -0.8641 -0.0654 0.4991
vn -0.9326 -0.2589 0.2514
vn -0.866 -0.5001 0.0029
vn -0.684 -0.7072 -0.1791
vn -0.4354 -0.8661 -0.2456
vn -0.2081 -0.9587 -0.1937
vn -0.9638 -0.0654 0.2584
vn -0.9659 -0.2589 0.0015
vn -0.8372 -0.5001 -0.2214
vn -0.6143 -0.7072 -0.35
vn -0.357 -0.8661 -0.3499
vn -0.1508 -0.9587 -0.2409
vn -0.7514 -0.5001 -0.4305
vn -0.5028 -0.7072 -0.4971
vn -0.2543 -0.8661 -0.4304
vn -0.0833 -0.9587 -0.2718
vn 0 -1 0
vn -0.6718 -0.7098 -0.212
vn -0.5111 -0.8592 -0.0224
vn -0.594 -0.7098 -0.3786
vn -0.4758 -0.7098 -0.5194
vn -0.3831 -0.5576 -0.7364
vn -0.0961 -0.8958 -0.434
vn 0.0309 -0.7098 -0.7037
vn 0.212 -0.7098 -0.6718
vn 0.3786 -0.7098 -0.594
vn 0.5194 -0.7098 -0.4758
vn 0.7364 -0.5576 -0.3831
vn 0.6877 -0.7098 -0.1523
vn 0.7037 -0.7098 0.0309
vn 0.6718 -0.7098 0.212
vn 0.7 -0.5576 0.4462
vn 0.4758 -0.7098 0.5194
vn 0.3251 -0.7098 0.6249
vn 0.1523 -0.7098 0.6877
vn -0.0309 -0.7098 0.7037
vn -0.1338 -0.8958 0.4239
vn -0.4462 -0.5576 0.7
vn -0.5194 -0.7098 0.4758
vn -0.6249 -0.7098 0.3251
vn -0.6877 -0.7098 0.1523
vn -0.0186 -0.9998 0.0059
vn -0.1152 -0.9927 0.0346
vn -0.0194 -0.9998 0.0009
vn -0.1023 -0.9927 0.0632
vn -0.0164 -0.9998 0.0105
vn -0.0825 -0.9927 0.0875
vn -0.2231 -0.9471 0.2305
vn -0.1559 -0.9471 0.2804
vn -0.2681 -0.839 0.4735
vn -0.1364 -0.839 0.5268
vn -0.1864 -0.6792 0.7099
vn 0.0037 -0.6792 0.734
vn 0.0026 -0.4775 0.8786
vn 0.2299 -0.4775 0.848
vn 0.2521 -0.2463 0.9358
vn 0.4857 -0.2463 0.8387
vn 0.4992 -0.0622 0.8643
vn 0.7059 -0.0622 0.7056
vn 0.2585 -0.0622 0.964
vn 0.0013 -0.2463 0.9692
vn -0.2249 -0.4775 0.8494
vn -0.3638 -0.6792 0.6375
vn -0.3815 -0.839 0.388
vn -0.2752 -0.9471 0.1649
vn -0.0131 -0.9998 0.0143
vn -0.057 -0.9927 0.1059
vn -0.078 -0.9471 0.3112
vn 0.0046 -0.839 0.5441
vn 0.1935 -0.6792 0.708
vn 0.4416 -0.4775 0.7596
vn 0.6863 -0.2463 0.6844
vn 0.8644 -0.0622 0.4989
vn -0.009 -0.9998 0.0173
vn -0.0277 -0.9927 0.1171
vn 0.0052 -0.9471 0.3208
vn 0.1453 -0.839 0.5244
vn 0.3702 -0.6792 0.6338
vn 0.6231 -0.4775 0.6195
vn 0.84 -0.2463 0.4834
vn 0.9641 -0.0622 0.2582
vn -0.0042 -0.9998 0.019
vn 0.0036 -0.9927 0.1202
vn 0.088 -0.9471 0.3085
vn 0.276 -0.839 0.4689
vn 0.5216 -0.6792 0.5164
vn 0.7622 -0.4775 0.4371
vn 0.9365 -0.2463 0.2496
vn 0.9981 -0.0622 -0.0002
vn 0.0013 -0.9996 0.0292
vn 0.0346 -0.9927 0.1152
vn 0.1649 -0.9471 0.2752
vn 0.388 -0.839 0.3815
vn 0.6375 -0.6792 0.3638
vn 0.8494 -0.4775 0.2249
vn 0.9692 -0.2463 -0.0013
vn 0.964 -0.0622 -0.2585
vn 0.007 -0.9997 0.0223
vn 0.0632 -0.9927 0.1023
vn 0.2305 -0.9471 0.2231
vn 0.4735 -0.839 0.2681
vn 0.7099 -0.6792 0.1864
vn 0.8786 -0.4775 -0.0026
vn 0.9358 -0.2463 -0.2521
vn 0.8643 -0.0622 -0.4992
vn 0.0105 -0.9998 0.0164
vn 0.0875 -0.9927 0.0825
vn 0.2804 -0.9471 0.1559
vn 0.5268 -0.839 0.1364
vn 0.734 -0.6792 -0.0037
vn 0.848 -0.4775 -0.2299
vn 0.8387 -0.2463 -0.4857
vn 0.7056 -0.0622 -0.7059
vn 0.0143 -0.9998 0.0131
vn 0.1059 -0.9927 0.057
vn 0.3112 -0.9471 0.078
vn 0.5441 -0.839 -0.0046
vn 0.708 -0.6792 -0.1935
vn 0.7596 -0.4775 -0.4416
vn 0.6844 -0.2463 -0.6863
vn 0.4989 -0.0622 -0.8644
vn 0.0173 -0.9998 0.009
vn 0.1171 -0.9927 0.0277
vn 0.3208 -0.9471 -0.0052
vn 0.5244 -0.839 -0.1453
vn 0.6338 -0.6792 -0.3702
vn 0.6195 -0.4775 -0.6231
vn 0.4834 -0.2463 -0.84
vn 0.2582 -0.0622 -0.9641
vn 0.019 -0.9998 0.0042
vn 0.1202 -0.9927 -0.0036
vn 0.3085 -0.9471 -0.088
vn 0.4689 -0.839 -0.276
vn 0.5164 -0.6792 -0.5216
vn 0.4371 -0.4775 -0.7622
vn 0.2496 -0.2463 -0.9365
vn -0.0002 -0.0622 -0.9981
vn 0.0194 -0.9998 -0.0009
vn 0.1152 -0.9927 -0.0346
vn 0.2752 -0.9471 -0.1649
vn 0.3815 -0.839 -0.388
vn 0.3638 -0.6792 -0.6375
vn 0.2249 -0.4775 -0.8494
vn -0.0013 -0.2463 -0.9692
vn -0.2585 -0.0622 -0.964
vn 0.0186 -0.9998 -0.0059
vn 0.1023 -0.9927 -0.0632
vn 0.2231 -0.9471 -0.2305
vn 0.2681 -0.839 -0.4735
vn 0.1864 -0.6792 -0.7099
vn -0.0026 -0.4775 -0.8786
vn -0.2521 -0.2463 -0.9358
vn -0.4992 -0.0622 -0.8643
vn 0.0164 -0.9998 -0.0105
vn 0.0825 -0.9927 -0.0875
vn 0.1559 -0.9471 -0.2804
vn 0.1364 -0.839 -0.5268
vn -0.0037 -0.6792 -0.734
vn -0.2299 -0.4775 -0.848
vn -0.4857 -0.2463 -0.8387
vn -0.7059 -0.0622 -0.7056
vn 0.0131 -0.9998 -0.0143
vn 0.057 -0.9927 -0.1059
vn 0.078 -0.9471 -0.3112
vn -0.0046 -0.839 -0.5441
vn -0.1935 -0.6792 -0.708
vn -0.4416 -0.4775 -0.7596
vn -0.6863 -0.2463 -0.6844
vn -0.8644 -0.0622 -0.4989
vn 0.009 -0.9998 -0.0173
vn 0.0277 -0.9927 -0.1171
vn -0.0052 -0.9471 -0.3208
vn -0.1453 -0.839 -0.5244
vn -0.3702 -0.6792 -0.6338
vn -0.6231 -0.4775 -0.6195
vn -0.84 -0.2463 -0.4834
vn -0.9641 -0.0622 -0.2582
vn 0.0042 -0.9998 -0.019
vn -0.0036 -0.9927 -0.1202
vn -0.088 -0.9471 -0.3085
vn -0.276 -0.839 -0.4689
vn -0.5216 -0.6792 -0.5164
vn -0.7622 -0.4775 -0.4371
vn -0.9365 -0.2463 -0.2496
vn -0.9981 -0.0622 0.0002
vn -0.0013 -0.9996 -0.0292
vn -0.0346 -0.9927 -0.1152
vn -0.1649 -0.9471 -0.2752
vn -0.388 -0.839 -0.3815
vn -0.6375 -0.6792 -0.3638
vn -0.8494 -0.4775 -0.2249
vn -0.9692 -0.2463 0.0013
vn -0.964 -0.0622 0.2585
vn -0.007 -0.9997 -0.0223
vn -0.0632 -0.9927 -0.1023
vn -0.2305 -0.9471 -0.2231
vn -0.4735 -0.839 -0.2681
vn -0.7099 -0.6792 -0.1864
vn -0.8786 -0.4775 0.0026
vn -0.9358 -0.2463 0.2521
vn -0.8643 -0.0622 0.4992
vn -0.0105 -0.9998 -0.0164
vn -0.0875 -0.9927 -0.0825
vn -0.2804 -0.9471 -0.1559
vn -0.5268 -0.839 -0.1364
vn -0.734 -0.6792 0.0037
vn -0.848 -0.4775 0.2299
vn -0.8387 -0.2463 0.4857
vn -0.7056 -0.0622 0.7059
vn -0.0143 -0.9998 -0.0131
vn -0.1059 -0.9927 -0.057
vn -0.3112 -0.9471 -0.078
vn -0.5441 -0.839 0.0046
vn -0.708 -0.6792 0.1935
vn -0.7596 -0.4775 0.4416
vn -0.6844 -0.2463 0.6863
vn -0.4989 -0.0622 0.8644
vn -0.0173 -0.9998 -0.009
vn -0.1171 -0.9927 -0.0277
vn -0.3208 -0.9471 0.0052
vn -0.5244 -0.839 0.1453
vn -0.6338 -0.6792 0.3702
vn -0.6195 -0.4775 0.6231
vn -0.4834 -0.2463 0.84
vn -0.2582 -0.0622 0.9641
vn -0.019 -0.9998 -0.0042
vn -0.1202 -0.9927 0.0036
vn -0.3085 -0.9471 0.088
vn -0.4689 -0.839 0.276
vn -0.5164 -0.6792 0.5216
vn -0.4371 -0.4775 0.7622
vn -0.2496 -0.2463 0.9365
vn 0.0002 -0.0622 0.9981
vn -0.7037 -0.7098 -0.0309
vn -0.3456 -0.8592 -0.3773
vn -0.3251 -0.7098 -0.6249
vn -0.1523 -0.7098 -0.6877
vn 0.3209 -0.8022 -0.5035
vn 0.6249 -0.7098 -0.3251
vn 0.594 -0.7098 0.3786
vn 0.5607 -0.5576 0.6121
vn -0.212 -0.7098 0.6718
vn -0.3786 -0.7098 0.594
vn -0.5297 -0.8022 0.2756
vn 0.3499 -0.8661 -0.357
vn 0.4355 -0.5001 0.7485
vn -0.8293 -0.5576 -0.0364
vn 0.154 -0.8592 -0.4879
vn 0.4462 -0.5576 -0.7
vn 0.5111 -0.8592 0.0224
vn 0.3831 -0.5576 0.7364
vn 0.1106 -0.8592 0.4995
vn 0.6718 -0.7098 -0.212
vn 0.5829 -0.8022 -0.1291
vn 0.7037 -0.7098 -0.0309
vn 0.4539 -0.8592 -0.2361
vn 0.594 -0.7098 -0.3786
vn 0.3773 -0.8592 -0.3456
vn 0.4758 -0.7098 -0.5194
vn 0.3251 -0.7098 -0.6249
vn 0.1523 -0.7098 -0.6877
vn -0.0416 -0.3184 -0.947
vn -0.1291 -0.8022 -0.5829
vn -0.2498 -0.5576 -0.7916
vn -0.3786 -0.7098 -0.594
vn -0.5194 -0.7098 -0.4758
vn -0.6249 -0.7098 -0.3251
vn -0.5694 -0.8022 -0.1797
vn -0.6877 -0.7098 -0.1523
vn -0.5965 -0.8022 -0.0262
vn -0.7037 -0.7098 0.0309
vn -0.5829 -0.8022 0.1291
vn -0.6718 -0.7098 0.212
vn -0.594 -0.7098 0.3786
vn -0.4758 -0.7098 0.5194
vn -0.3251 -0.7098 0.6249
vn -0.1523 -0.7098 0.6877
vn 0.0416 -0.3184 0.947
vn 0.2498 -0.5576 0.7916
vn 0.3786 -0.7098 0.594
vn 0.4033 -0.8022 0.4403
vn 0.5194 -0.7098 0.4758
vn 0.6249 -0.7098 0.3251
vn 0.6877 -0.7098 0.1523
vn 0.5965 -0.8022 0.0262
vn 0.4403 -0.8022 -0.4033
vn 0.3002 -0.8958 0.3278
vn 0.4314 -0.8592 0.275
vn 0.5694 -0.8022 0.1797
vn 0.1797 -0.8022 -0.5694
vn 0.0364 -0.5576 -0.8293
vn -0.3002 -0.8958 -0.3278
vn -0.4314 -0.8592 -0.275
vn -0.0195 -0.8958 0.4441
vn 0.2756 -0.8022 0.5297
vn -0.4539 -0.8592 0.2361
vn -0.4403 -0.8022 0.4033
vn -0.0262 -0.8022 0.5965
vn -0.5035 -0.8022 -0.3209
vn 0.5035 -0.8022 0.3209
vn 0.4879 -0.8592 0.154
vn 0.8257 -0.5552 -0.0997
vn 0.7066 -0.7075 -0.0121
vn 0.6892 -0.7075 -0.1564
vn 0.7879 -0.5552 -0.2665
vn 0.7563 -0.5552 -0.3461
vn 0.609 -0.7075 -0.3586
vn 0.6695 -0.5552 -0.4935
vn 0.5227 -0.7075 -0.4756
vn 0.5544 -0.5552 -0.62
vn 0.4144 -0.7075 -0.5724
vn 0.3533 -0.7075 -0.612
vn 0.2885 -0.7075 -0.6451
vn 0.2597 -0.5552 -0.7902
vn 0.1505 -0.7075 -0.6905
vn 0.0787 -0.7075 -0.7023
vn 0.0061 -0.7075 -0.7067
vn -0.0666 -0.7075 -0.7035
vn -0.1386 -0.7075 -0.693
vn -0.2091 -0.7075 -0.675
vn -0.2774 -0.7075 -0.65
vn -0.3428 -0.7075 -0.618
vn -0.4761 -0.5552 -0.682
vn -0.462 -0.7075 -0.5348
vn -0.5145 -0.7075 -0.4845
vn -0.661 -0.5552 -0.5049
vn -0.6027 -0.7075 -0.369
vn -0.6375 -0.7075 -0.305
vn -0.6654 -0.7075 -0.2379
vn -0.6864 -0.7075 -0.1682
vn -0.5939 -0.8003 -0.0821
vn -0.7063 -0.7075 -0.0242
vn -0.705 -0.7075 0.0485
vn -0.5907 -0.8003 0.1024
vn -0.6802 -0.7075 0.1917
vn -0.6569 -0.7075 0.2606
vn -0.6266 -0.7075 0.3268
vn -0.5897 -0.7075 0.3895
vn -0.6432 -0.5552 0.5273
vn -0.4975 -0.7075 0.5019
vn -0.4433 -0.7075 0.5504
vn -0.4524 -0.5552 0.698
vn -0.3214 -0.7075 0.6294
vn -0.2549 -0.7075 0.6591
vn -0.1858 -0.7075 0.6818
vn -0.1147 -0.7075 0.6973
vn -0.0424 -0.7075 0.7054
vn 0.0303 -0.7075 0.706
vn 0.1028 -0.7075 0.6992
vn 0.1741 -0.7075 0.6849
vn 0.2867 -0.5552 0.7808
vn 0.3105 -0.7075 0.6348
vn 0.3742 -0.7075 0.5995
vn 0.4338 -0.7075 0.5579
vn 0.5754 -0.5552 0.6006
vn 0.5388 -0.7075 0.4573
vn 0.6861 -0.5552 0.4702
vn 0.6209 -0.7075 0.3375
vn 0.7678 -0.5552 0.3199
vn 0.7966 -0.5552 0.2393
vn 0.6941 -0.7075 0.1326
vn 0.8287 -0.5552 0.0713
vn 0.7016 -0.7075 -0.0847
vn 0.8316 -0.5552 -0.0143
vn 0.6426 -0.7075 -0.2941
vn 0.5689 -0.7075 -0.4193
vn 0.4711 -0.7075 -0.5268
vn 0.0071 -0.5552 -0.8317
vn -0.4045 -0.7075 -0.5795
vn -0.4365 -0.8003 -0.411
vn -0.5616 -0.7075 -0.429
vn -0.7 -0.7075 -0.0967
vn -0.8195 -0.5552 0.1421
vn -0.694 -0.5552 0.4584
vn -0.5465 -0.7075 0.448
vn -0.3844 -0.7075 0.593
vn -0.135 -0.5552 0.8207
vn 0.0357 -0.5552 0.831
vn 0.2049 -0.5552 0.8061
vn 0.2436 -0.7075 0.6634
vn 0.3655 -0.5552 0.7471
vn 0.4404 -0.5552 0.7056
vn 0.4889 -0.7075 0.5103
vn 0.6341 -0.5552 0.5383
vn 0.5829 -0.7075 0.3995
vn 0.7308 -0.5552 0.3972
vn 0.6768 -0.7075 0.2033
vn 0.817 -0.5552 0.1561
vn 0.7041 -0.7075 0.0606
vn 0.5995 -0.8003 -0.0103
vn 0.6694 -0.7075 -0.2264
vn -0.6055 -0.5552 -0.5702
vn -0.7094 -0.5552 -0.4343
vn -0.6375 -0.7075 -0.3051
vn -0.7832 -0.5552 -0.28
vn -0.8078 -0.5552 -0.198
vn -0.8298 -0.5552 0.0571
vn -0.6963 -0.7075 0.1207
vn -0.8006 -0.5552 0.2256
vn -0.7731 -0.5552 0.3067
vn -0.5856 -0.5552 0.5907
vn 0.6523 -0.7075 0.2718
vn 0.0728 0.9419 -0.328
vn 0.0853 0.9654 0.2463
vn 0.3678 0.555 -0.7461
vn 0.2051 0.555 -0.8061
vn 0.1323 0.555 -0.8212
vn 0.0583 0.555 -0.8298
vn -0.0161 0.555 -0.8317
vn -0.0768 0.7074 -0.7026
vn -0.1639 0.555 -0.8155
vn -0.2362 0.555 -0.7976
vn -0.3181 0.7074 -0.6311
vn -0.3609 0.8003 -0.4789
vn -0.4023 0.8003 -0.4447
vn -0.4404 0.8003 -0.4069
vn -0.4751 0.8003 -0.3659
vn -0.7951 0.555 -0.2445
vn -0.5866 0.8003 -0.1243
vn -0.8315 0.555 -0.0248
vn -0.7055 0.7074 0.0422
vn -0.7874 0.555 0.2681
vn -0.7271 0.555 0.4041
vn -0.3521 0.555 0.7536
vn -0.2122 0.555 0.8043
vn -0.1395 0.555 0.82
vn 0.0088 0.555 0.8318
vn 0.1567 0.555 0.8169
vn 0.2291 0.555 0.7996
vn 0.3567 0.8003 0.482
f 1//1 2//2 3//3
f 3//3 2//2 4//4
f 4//4 2//2 5//5
f 6//6 5//5 7//7
f 8//8 7//7 9//9
f 10//10 9//9 11//11
f 12//12 11//11 13//13
f 14//14 13//13 15//15
f 16//16 15//15 17//17
f 18//18 17//17 19//19
f 20//20 19//19 21//21
f 22//22 21//21 23//23
f 24//24 23//23 25//25
f 26//26 25//25 27//27
f 28//28 27//27 29//29
f 30//30 29//29 31//31
f 32//32 31//31 33//33
f 34//34 33//33 35//35
f 34//34 32//32 33//33
f 4//4 5//5 6//6
f 6//6 7//7 8//8
f 8//8 9//9 10//10
f 10//10 11//11 12//12
f 12//12 13//13 14//14
f 14//14 15//15 16//16
f 16//16 17//17 18//18
f 18//18 19//19 20//20
f 20//20 21//21 22//22
f 22//22 23//23 24//24
f 24//24 25//25 26//26
f 26//26 27//27 28//28
f 28//28 29//29 30//30
f 30//30 31//31 32//32
f 33//33 36//36 35//35
f 37//37 38//38 36//36
f 36//36 38//38 35//35
f 37//37 39//39 38//38
f 38//38 39//39 40//40
f 40//40 39//39 41//41
f 42//42 41//41 43//43
f 44//44 43//43 45//45
f 44//44 42//42 43//43
f 40//40 41//41 42//42
f 43//43 46//46 45//45
f 45//45 46//46 47//47
f 47//47 46//46 48//48
f 49//49 47//47 48//48
f 49//49 50//50 47//47
f 49//49 51//51 50//50
f 50//50 51//51 52//52
f 52//52 51//51 53//53
f 54//54 53//53 55//55
f 56//56 55//55 57//57
f 58//58 57//57 59//59
f 60//60 59//59 61//61
f 62//62 61//61 63//63
f 64//64 63//63 65//65
f 66//66 65//65 67//67
f 68//68 67//67 69//69
f 70//70 69//69 71//71
f 72//72 71//71 73//73
f 74//74 73//73 75//75
f 76//76 75//75 77//77
f 78//78 77//77 79//79
f 80//80 79//79 81//81
f 82//82 81//81 83//83
f 84//84 83//83 85//85
f 86//86 85//85 87//87
f 88//88 87//87 89//89
f 90//90 89//89 91//91
f 92//92 91//91 93//93
f 94//94 93//93 95//95
f 96//96 95//95 97//97
f 98//98 97//97 99//99
f 100//100 99//99 101//101
f 102//102 101//101 103//103
f 104//104 103//103 105//105
f 106//106 105//105 107//107
f 108//108 107//107 109//109
f 110//110 109//109 111//111
f 112//112 111//111 113//113
f 114//114 113//113 115//115
f 116//116 115//115 117//117
f 118//118 117//117 119//119
f 120//120 119//119 121//121
f 122//122 121//121 123//123
f 124//124 123//123 125//125
f 126//126 125//125 127//127
f 128//128 127//127 129//129
f 130//130 129//129 131//131
f 132//132 131//131 133//133
f 134//134 133//133 135//135
f 136//136 135//135 137//137
f 138//138 137//137 139//139
f 140//140 138//138 139//139
f 52//52 53//53 54//54
f 54//54 55//55 56//56
f 56//56 57//57 58//58
f 58//58 59//59 60//60
f 60//60 61//61 62//62
f 62//62 63//63 64//64
f 64//64 65//65 66//66
f 66//66 67//67 68//68
f 68//68 69//69 70//70
f 70//70 71//71 72//72
f 72//72 73//73 74//74
f 74//74 75//75 76//76
f 76//76 77//77 78//78
f 78//78 79//79 80//80
f 80//80 81//81 82//82
f 82//82 83//83 84//84
f 84//84 85//85 86//86
f 86//86 87//87 88//88
f 88//88 89//89 90//90
f 90//90 91//91 92//92
f 92//92 93//93 94//94
f 94//94 95//95 96//96
f 96//96 97//97 98//98
f 98//98 99//99 100//100
f 100//100 101//101 102//102
f 102//102 103//103 104//104
f 104//104 105//105 106//106
f 106//106 107//107 108//108
f 108//108 109//109 110//110
f 110//110 111//111 112//112
f 112//112 113//113 114//114
f 114//114 115//115 116//116
f 116//116 117//117 118//118
f 118//118 119//119 120//120
f 120//120 121//121 122//122
f 122//122 123//123 124//124
f 124//124 125//125 126//126
f 126//126 127//127 128//128
f 128//128 129//129 130//130
f 130//130 131//131 132//132
f 132//132 133//133 134//134
f 134//134 135//135 136//136
f 136//136 137//137 138//138
f 141//141 142//142 139//139
f 139//139 142//142 140//140
f 141//141 143//143 142//142
f 142//142 143//143 144//144
f 144//144 143//143 145//145
f 146//146 145//145 147//147
f 148//148 147//147 149//149
f 150//150 149//149 151//151
f 152//152 151//151 153//153
f 154//154 153//153 155//155
f 156//156 155//155 157//157
f 158//158 157//157 159//159
f 160//160 159//159 161//161
f 162//162 161//161 163//163
f 164//164 163//163 165//165
f 166//166 165//165 167//167
f 168//168 167//167 169//169
f 170//170 169//169 171//171
f 172//172 171//171 173//173
f 172//172 170//170 171//171
f 144//144 145//145 146//146
f 146//146 147//147 148//148
f 148//148 149//149 150//150
f 150//150 151//151 152//152
f 152//152 153//153 154//154
f 154//154 155//155 156//156
f 156//156 157//157 158//158
f 158//158 159//159 160//160
f 160//160 161//161 162//162
f 162//162 163//163 164//164
f 164//164 165//165 166//166
f 166//166 167//167 168//168
f 168//168 169//169 170//170
f 171//171 174//174 173//173
f 175//175 176//176 174//174
f 174//174 176//176 173//173
f 175//175 177//177 176//176
f 176//176 177//177 178//178
f 178//178 177//177 179//179
f 180//180 179//179 181//181
f 182//182 181//181 183//183
f 182//182 180//180 181//181
f 178//178 179//179 180//180
f 181//181 184//184 183//183
f 183//183 184//184 185//185
f 185//185 184//184 186//186
f 187//187 185//185 186//186
f 187//187 188//188 185//185
f 187//187 189//189 188//188
f 188//188 189//189 190//190
f 190//190 189//189 191//191
f 192//192 191//191 193//193
f 194//194 193//193 195//195
f 196//196 195//195 197//197
f 198//198 197//197 199//199
f 200//200 199//199 201//201
f 202//202 201//201 203//203
f 204//204 203//203 205//205
f 206//206 205//205 207//207
f 208//208 207//207 209//209
f 210//210 209//209 211//211
f 212//212 211//211 213//213
f 214//214 213//213 215//215
f 216//216 215//215 217//217
f 218//218 217//217 219//219
f 220//220 219//219 221//221
f 222//222 221//221 223//223
f 224//224 223//223 225//225
f 226//226 225//225 227//227
f 228//228 227//227 229//229
f 230//230 229//229 231//231
f 232//232 231//231 233//233
f 234//234 233//233 235//235
f 236//236 235//235 237//237
f 238//238 237//237 239//239
f 240//240 239//239 241//241
f 242//242 241//241 243//243
f 244//244 243//243 245//245
f 246//246 245//245 247//247
f 248//248 247//247 249//249
f 250//250 249//249 251//251
f 252//252 251//251 253//253
f 254//254 253//253 255//255
f 256//256 255//255 257//257
f 258//258 257//257 259//259
f 260//260 259//259 261//261
f 262//262 261//261 263//263
f 264//264 263//263 265//265
f 266//266 265//265 267//267
f 268//268 267//267 269//269
f 270//270 269//269 271//271
f 272//272 271//271 273//273
f 274//274 273//273 275//275
f 276//276 275//275 277//277
f 278//278 276//276 277//277
f 190//190 191//191 192//192
f 192//192 193//193 194//194
f 194//194 195//195 196//196
f 196//196 197//197 198//198
f 198//198 199//199 200//200
f 200//200 201//201 202//202
f 202//202 203//203 204//204
f 204//204 205//205 206//206
f 206//206 207//207 208//208
f 208//208 209//209 210//210
f 210//210 211//211 212//212
f 212//212 213//213 214//214
f 214//214 215//215 216//216
f 216//216 217//217 218//218
f 218//218 219//219 220//220
f 220//220 221//221 222//222
f 222//222 223//223 224//224
f 224//224 225//225 226//226
f 226//226 227//227 228//228
f 228//228 229//229 230//230
f 230//230 231//231 232//232
f 232//232 233//233 234//234
f 234//234 235//235 236//236
f 236//236 237//237 238//238
f 238//238 239//239 240//240
f 240//240 241//241 242//242
f 242//242 243//243 244//244
f 244//244 245//245 246//246
f 246//246 247//247 248//248
f 248//248 249//249 250//250
f 250//250 251//251 252//252
f 252//252 253//253 254//254
f 254//254 255//255 256//256
f 256//256 257//257 258//258
f 258//258 259//259 260//260
f 260//260 261//261 262//262
f 262//262 263//263 264//264
f 264//264 265//265 266//266
f 266//266 267//267 268//268
f 268//268 269//269 270//270
f 270//270 271//271 272//272
f 272//272 273//273 274//274
f 274//274 275//275 276//276
f 1//1 3//3 277//277
f 277//277 3//3 278//278
f 278//278 3//3 279//279
f 280//280 278//278 279//279
f 280//280 276//276 278//278
f 280//280 281//281 276//276
f 276//276 281//281 274//274
f 274//274 281//281 282//282
f 272//272 282//282 283//283
f 270//270 283//283 284//284
f 268//268 284//284 285//285
f 266//266 285//285 286//286
f 264//264 286//286 287//287
f 262//262 287//287 288//288
f 260//260 288//288 289//289
f 290//290 260//260 289//289
f 290//290 258//258 260//260
f 290//290 291//291 258//258
f 258//258 291//291 256//256
f 256//256 291//291 292//292
f 254//254 292//292 293//293
f 252//252 293//293 294//294
f 250//250 294//294 295//295
f 248//248 295//295 296//296
f 246//246 296//296 297//297
f 244//244 297//297 298//298
f 242//242 298//298 299//299
f 240//240 299//299 300//300
f 238//238 300//300 301//301
f 236//236 301//301 302//302
f 234//234 302//302 303//303
f 232//232 303//303 304//304
f 230//230 304//304 305//305
f 228//228 305//305 306//306
f 226//226 306//306 224//224
f 226//226 228//228 306//306
f 6//6 307//307 4//4
f 6//6 308//308 307//307
f 6//6 8//8 308//308
f 308//308 8//8 309//309
f 309//309 8//8 10//10
f 310//310 10//10 12//12
f 311//311 12//12 14//14
f 312//312 14//14 16//16
f 313//313 16//16 18//18
f 314//314 18//18 20//20
f 315//315 20//20 316//316
f 315//315 314//314 20//20
f 309//309 10//10 310//310
f 310//310 12//12 311//311
f 311//311 14//14 312//312
f 312//312 16//16 313//313
f 313//313 18//18 314//314
f 20//20 22//22 316//316
f 316//316 22//22 317//317
f 317//317 22//22 24//24
f 318//318 24//24 26//26
f 319//319 26//26 28//28
f 320//320 28//28 30//30
f 321//321 30//30 32//32
f 322//322 32//32 34//34
f 323//323 34//34 35//35
f 38//38 323//323 35//35
f 38//38 324//324 323//323
f 38//38 40//40 324//324
f 324//324 40//40 325//325
f 325//325 40//40 42//42
f 326//326 42//42 44//44
f 327//327 44//44 45//45
f 328//328 45//45 47//47
f 329//329 47//47 50//50
f 330//330 50//50 52//52
f 331//331 52//52 54//54
f 332//332 54//54 56//56
f 333//333 56//56 334//334
f 333//333 332//332 56//56
f 317//317 24//24 318//318
f 318//318 26//26 319//319
f 319//319 28//28 320//320
f 320//320 30//30 321//321
f 321//321 32//32 322//322
f 322//322 34//34 323//323
f 325//325 42//42 326//326
f 326//326 44//44 327//327
f 327//327 45//45 328//328
f 328//328 47//47 329//329
f 329//329 50//50 330//330
f 330//330 52//52 331//331
f 331//331 54//54 332//332
f 56//56 58//58 334//334
f 334//334 58//58 335//335
f 335//335 58//58 60//60
f 336//336 60//60 62//62
f 337//337 62//62 64//64
f 338//338 64//64 66//66
f 339//339 66//66 68//68
f 340//340 68//68 70//70
f 341//341 70//70 72//72
f 342//342 72//72 74//74
f 343//343 74//74 76//76
f 344//344 76//76 78//78
f 345//345 78//78 80//80
f 346//346 80//80 82//82
f 347//347 82//82 84//84
f 348//348 84//84 86//86
f 349//349 86//86 88//88
f 350//350 88//88 90//90
f 92//92 350//350 90//90
f 92//92 351//351 350//350
f 92//92 94//94 351//351
f 351//351 94//94 352//352
f 352//352 94//94 96//96
f 353//353 96//96 98//98
f 354//354 98//98 100//100
f 355//355 100//100 102//102
f 356//356 102//102 104//104
f 357//357 104//104 106//106
f 358//358 106//106 108//108
f 359//359 108//108 110//110
f 360//360 110//110 112//112
f 361//361 112//112 114//114
f 362//362 114//114 116//116
f 363//363 116//116 118//118
f 364//364 118//118 120//120
f 365//365 120//120 122//122
f 366//366 122//122 367//367
f 366//366 365//365 122//122
f 335//335 60//60 336//336
f 336//336 62//62 337//337
f 337//337 64//64 338//338
f 338//338 66//66 339//339
f 339//339 68//68 340//340
f 340//340 70//70 341//341
f 341//341 72//72 342//342
f 342//342 74//74 343//343
f 343//343 76//76 344//344
f 344//344 78//78 345//345
f 345//345 80//80 346//346
f 346//346 82//82 347//347
f 347//347 84//84 348//348
f 348//348 86//86 349//349
f 349//349 88//88 350//350
f 352//352 96//96 353//353
f 353//353 98//98 354//354
f 354//354 100//100 355//355
f 355//355 102//102 356//356
f 356//356 104//104 357//357
f 357//357 106//106 358//358
f 358//358 108//108 359//359
f 359//359 110//110 360//360
f 360//360 112//112 361//361
f 361//361 114//114 362//362
f 362//362 116//116 363//363
f 363//363 118//118 364//364
f 364//364 120//120 365//365
f 122//122 124//124 367//367
f 367//367 124//124 368//368
f 368//368 124//124 126//126
f 369//369 126//126 128//128
f 370//370 128//128 130//130
f 371//371 130//130 132//132
f 372//372 132//132 134//134
f 373//373 134//134 136//136
f 374//374 136//136 138//138
f 375//375 138//138 140//140
f 142//142 375//375 140//140
f 142//142 376//376 375//375
f 142//142 144//144 376//376
f 376//376 144//144 377//377
f 377//377 144//144 146//146
f 378//378 146//146 148//148
f 379//379 148//148 150//150
f 380//380 150//150 152//152
f 381//381 152//152 154//154
f 382//382 154//154 156//156
f 383//383 156//156 158//158
f 384//384 158//158 385//385
f 384//384 383//383 158//158
f 368//368 126//126 369//369
f 369//369 128//128 370//370
f 370//370 130//130 371//371
f 371//371 132//132 372//372
f 372//372 134//134 373//373
f 373//373 136//136 374//374
f 374//374 138//138 375//375
f 377//377 146//146 378//378
f 378//378 148//148 379//379
f 379//379 150//150 380//380
f 380//380 152//152 381//381
f 381//381 154//154 382//382
f 382//382 156//156 383//383
f 158//158 160//160 385//385
f 385//385 160//160 386//386
f 386//386 160//160 162//162
f 387//387 162//162 164//164
f 388//388 164//164 166//166
f 389//389 166//166 168//168
f 390//390 168//168 170//170
f 391//391 170//170 172//172
f 392//392 172//172 173//173
f 393//393 173//173 176//176
f 178//178 393//393 176//176
f 178//178 394//394 393//393
f 178//178 180//180 394//394
f 394//394 180//180 395//395
f 395//395 180//180 182//182
f 396//396 182//182 183//183
f 397//397 183//183 185//185
f 398//398 185//185 188//188
f 399//399 188//188 190//190
f 400//400 190//190 192//192
f 401//401 192//192 194//194
f 402//402 194//194 403//403
f 402//402 401//401 194//194
f 386//386 162//162 387//387
f 387//387 164//164 388//388
f 388//388 166//166 389//389
f 389//389 168//168 390//390
f 390//390 170//170 391//391
f 391//391 172//172 392//392
f 392//392 173//173 393//393
f 395//395 182//182 396//396
f 396//396 183//183 397//397
f 397//397 185//185 398//398
f 398//398 188//188 399//399
f 399//399 190//190 400//400
f 400//400 192//192 401//401
f 194//194 196//196 403//403
f 403//403 196//196 404//404
f 404//404 196//196 198//198
f 405//405 198//198 200//200
f 406//406 200//200 202//202
f 407//407 202//202 204//204
f 408//408 204//204 206//206
f 409//409 206//206 208//208
f 410//410 208//208 210//210
f 411//411 210//210 212//212
f 412//412 212//212 214//214
f 413//413 214//214 216//216
f 414//414 216//216 218//218
f 415//415 218//218 220//220
f 416//416 220//220 222//222
f 417//417 222//222 224//224
f 306//306 417//417 224//224
f 404//404 198//198 405//405
f 405//405 200//200 406//406
f 406//406 202//202 407//407
f 407//407 204//204 408//408
f 408//408 206//206 409//409
f 409//409 208//208 410//410
f 410//410 210//210 411//411
f 411//411 212//212 412//412
f 412//412 214//214 413//413
f 413//413 216//216 414//414
f 414//414 218//218 415//415
f 415//415 220//220 416//416
f 416//416 222//222 417//417
f 228//228 230//230 305//305
f 230//230 232//232 304//304
f 232//232 234//234 303//303
f 234//234 236//236 302//302
f 236//236 238//238 301//301
f 238//238 240//240 300//300
f 240//240 242//242 299//299
f 242//242 244//244 298//298
f 244//244 246//246 297//297
f 246//246 248//248 296//296
f 248//248 250//250 295//295
f 250//250 252//252 294//294
f 252//252 254//254 293//293
f 254//254 256//256 292//292
f 260//260 262//262 288//288
f 262//262 264//264 287//287
f 264//264 266//266 286//286
f 266//266 268//268 285//285
f 268//268 270//270 284//284
f 270//270 272//272 283//283
f 272//272 274//274 282//282
f 307//307 279//279 4//4
f 4//4 279//279 3//3
f 37//37 36//36 418//418
f 419//419 37//37 418//418
f 419//419 39//39 37//37
f 419//419 420//420 39//39
f 39//39 420//420 41//41
f 41//41 420//420 421//421
f 43//43 421//421 422//422
f 46//46 422//422 423//423
f 48//48 423//423 424//424
f 49//49 424//424 425//425
f 51//51 425//425 426//426
f 53//53 426//426 427//427
f 55//55 427//427 428//428
f 429//429 55//55 428//428
f 429//429 57//57 55//55
f 429//429 430//430 57//57
f 57//57 430//430 59//59
f 59//59 430//430 431//431
f 61//61 431//431 432//432
f 63//63 432//432 433//433
f 65//65 433//433 434//434
f 67//67 434//434 435//435
f 69//69 435//435 436//436
f 71//71 436//436 437//437
f 73//73 437//437 438//438
f 75//75 438//438 439//439
f 77//77 439//439 440//440
f 79//79 440//440 441//441
f 81//81 441//441 442//442
f 83//83 442//442 443//443
f 85//85 443//443 444//444
f 87//87 444//444 445//445
f 89//89 445//445 91//91
f 89//89 87//87 445//445
f 31//31 446//446 33//33
f 31//31 447//447 446//446
f 31//31 29//29 447//447
f 447//447 29//29 448//448
f 448//448 29//29 27//27
f 449//449 27//27 25//25
f 450//450 25//25 23//23
f 451//451 23//23 21//21
f 452//452 21//21 19//19
f 453//453 19//19 17//17
f 454//454 17//17 455//455
f 454//454 453//453 17//17
f 448//448 27//27 449//449
f 449//449 25//25 450//450
f 450//450 23//23 451//451
f 451//451 21//21 452//452
f 452//452 19//19 453//453
f 17//17 15//15 455//455
f 455//455 15//15 456//456
f 456//456 15//15 13//13
f 457//457 13//13 11//11
f 458//458 11//11 9//9
f 459//459 9//9 7//7
f 460//460 7//7 5//5
f 461//461 5//5 2//2
f 462//462 2//2 1//1
f 277//277 462//462 1//1
f 277//277 463//463 462//462
f 277//277 275//275 463//463
f 463//463 275//275 464//464
f 464//464 275//275 273//273
f 465//465 273//273 271//271
f 466//466 271//271 269//269
f 467//467 269//269 267//267
f 468//468 267//267 265//265
f 469//469 265//265 263//263
f 470//470 263//263 261//261
f 471//471 261//261 259//259
f 472//472 259//259 473//473
f 472//472 471//471 259//259
f 456//456 13//13 457//457
f 457//457 11//11 458//458
f 458//458 9//9 459//459
f 459//459 7//7 460//460
f 460//460 5//5 461//461
f 461//461 2//2 462//462
f 464//464 273//273 465//465
f 465//465 271//271 466//466
f 466//466 269//269 467//467
f 467//467 267//267 468//468
f 468//468 265//265 469//469
f 469//469 263//263 470//470
f 470//470 261//261 471//471
f 259//259 257//257 473//473
f 473//473 257//257 474//474
f 474//474 257//257 255//255
f 475//475 255//255 253//253
f 476//476 253//253 251//251
f 477//477 251//251 249//249
f 478//478 249//249 247//247
f 479//479 247//247 245//245
f 480//480 245//245 243//243
f 481//481 243//243 241//241
f 482//482 241//241 239//239
f 483//483 239//239 237//237
f 484//484 237//237 235//235
f 485//485 235//235 233//233
f 486//486 233//233 231//231
f 487//487 231//231 229//229
f 488//488 229//229 227//227
f 489//489 227//227 225//225
f 223//223 489//489 225//225
f 223//223 490//490 489//489
f 223//223 221//221 490//490
f 490//490 221//221 491//491
f 491//491 221//221 219//219
f 492//492 219//219 217//217
f 493//493 217//217 215//215
f 494//494 215//215 213//213
f 495//495 213//213 211//211
f 496//496 211//211 209//209
f 497//497 209//209 207//207
f 498//498 207//207 205//205
f 499//499 205//205 203//203
f 500//500 203//203 201//201
f 501//501 201//201 199//199
f 502//502 199//199 197//197
f 503//503 197//197 195//195
f 504//504 195//195 193//193
f 505//505 193//193 506//506
f 505//505 504//504 193//193
f 474//474 255//255 475//475
f 475//475 253//253 476//476
f 476//476 251//251 477//477
f 477//477 249//249 478//478
f 478//478 247//247 479//479
f 479//479 245//245 480//480
f 480//480 243//243 481//481
f 481//481 241//241 482//482
f 482//482 239//239 483//483
f 483//483 237//237 484//484
f 484//484 235//235 485//485
f 485//485 233//233 486//486
f 486//486 231//231 487//487
f 487//487 229//229 488//488
f 488//488 227//227 489//489
f 491//491 219//219 492//492
f 492//492 217//217 493//493
f 493//493 215//215 494//494
f 494//494 213//213 495//495
f 495//495 211//211 496//496
f 496//496 209//209 497//497
f 497//497 207//207 498//498
f 498//498 205//205 499//499
f 499//499 203//203 500//500
f 500//500 201//201 501//501
f 501//501 199//199 502//502
f 502//502 197//197 503//503
f 503//503 195//195 504//504
f 193//193 191//191 506//506
f 506//506 191//191 507//507
f 507//507 191//191 189//189
f 508//508 189//189 187//187
f 509//509 187//187 186//186
f 510//510 186//186 184//184
f 511//511 184//184 181//181
f 512//512 181//181 179//179
f 513//513 179//179 177//177
f 514//514 177//177 175//175
f 174//174 514//514 175//175
f 174//174 515//515 514//514
f 174//174 171//171 515//515
f 515//515 171//171 516//516
f 516//516 171//171 169//169
f 517//517 169//169 167//167
f 518//518 167//167 165//165
f 519//519 165//165 163//163
f 520//520 163//163 161//161
f 521//521 161//161 159//159
f 522//522 159//159 157//157
f 523//523 157//157 524//524
f 523//523 522//522 157//157
f 507//507 189//189 508//508
f 508//508 187//187 509//509
f 509//509 186//186 510//510
f 510//510 184//184 511//511
f 511//511 181//181 512//512
f 512//512 179//179 513//513
f 513//513 177//177 514//514
f 516//516 169//169 517//517
f 517//517 167//167 518//518
f 518//518 165//165 519//519
f 519//519 163//163 520//520
f 520//520 161//161 521//521
f 521//521 159//159 522//522
f 157//157 155//155 524//524
f 524//524 155//155 525//525
f 525//525 155//155 153//153
f 526//526 153//153 151//151
f 527//527 151//151 149//149
f 528//528 149//149 147//147
f 529//529 147//147 145//145
f 530//530 145//145 143//143
f 531//531 143//143 141//141
f 532//532 141//141 139//139
f 137//137 532//532 139//139
f 137//137 533//533 532//532
f 137//137 135//135 533//533
f 533//533 135//135 534//534
f 534//534 135//135 133//133
f 535//535 133//133 131//131
f 536//536 131//131 129//129
f 537//537 129//129 127//127
f 538//538 127//127 125//125
f 539//539 125//125 123//123
f 540//540 123//123 121//121
f 541//541 121//121 542//542
f 541//541 540//540 121//121
f 525//525 153//153 526//526
f 526//526 151//151 527//527
f 527//527 149//149 528//528
f 528//528 147//147 529//529
f 529//529 145//145 530//530
f 530//530 143//143 531//531
f 531//531 141//141 532//532
f 534//534 133//133 535//535
f 535//535 131//131 536//536
f 536//536 129//129 537//537
f 537//537 127//127 538//538
f 538//538 125//125 539//539
f 539//539 123//123 540//540
f 121//121 119//119 542//542
f 542//542 119//119 543//543
f 543//543 119//119 117//117
f 544//544 117//117 115//115
f 545//545 115//115 113//113
f 546//546 113//113 111//111
f 547//547 111//111 109//109
f 548//548 109//109 107//107
f 549//549 107//107 105//105
f 550//550 105//105 103//103
f 551//551 103//103 101//101
f 552//552 101//101 99//99
f 553//553 99//99 97//97
f 554//554 97//97 95//95
f 555//555 95//95 93//93
f 556//556 93//93 91//91
f 445//445 556//556 91//91
f 543//543 117//117 544//544
f 544//544 115//115 545//545
f 545//545 113//113 546//546
f 546//546 111//111 547//547
f 547//547 109//109 548//548
f 548//548 107//107 549//549
f 549//549 105//105 550//550
f 550//550 103//103 551//551
f 551//551 101//101 552//552
f 552//552 99//99 553//553
f 553//553 97//97 554//554
f 554//554 95//95 555//555
f 555//555 93//93 556//556
f 87//87 85//85 444//444
f 85//85 83//83 443//443
f 83//83 81//81 442//442
f 81//81 79//79 441//441
f 79//79 77//77 440//440
f 77//77 75//75 439//439
f 75//75 73//73 438//438
f 73//73 71//71 437//437
f 71//71 69//69 436//436
f 69//69 67//67 435//435
f 67//67 65//65 434//434
f 65//65 63//63 433//433
f 63//63 61//61 432//432
f 61//61 59//59 431//431
f 55//55 53//53 427//427
f 53//53 51//51 426//426
f 51//51 49//49 425//425
f 49//49 48//48 424//424
f 48//48 46//46 423//423
f 46//46 43//43 422//422
f 43//43 41//41 421//421
f 446//446 418//418 33//33
f 33//33 418//418 36//36
f 324//324 325//325 557//557
f 557//557 325//325 558//558
f 558//558 325//325 326//326
f 559//559 326//326 327//327
f 560//560 327//327 328//328
f 561//561 328//328 329//329
f 562//562 329//329 330//330
f 563//563 330//330 331//331
f 564//564 331//331 332//332
f 565//565 332//332 333//333
f 566//566 333//333 334//334
f 567//567 334//334 335//335
f 568//568 335//335 336//336
f 569//569 336//336 337//337
f 570//570 337//337 338//338
f 571//571 338//338 339//339
f 572//572 339//339 340//340
f 573//573 340//340 341//341
f 574//574 341//341 342//342
f 575//575 342//342 343//343
f 576//576 343//343 344//344
f 577//577 344//344 345//345
f 578//578 345//345 346//346
f 579//579 346//346 347//347
f 580//580 347//347 348//348
f 581//581 348//348 349//349
f 582//582 349//349 350//350
f 583//583 350//350 351//351
f 584//584 351//351 352//352
f 585//585 352//352 353//353
f 586//586 353//353 354//354
f 587//587 354//354 355//355
f 588//588 355//355 356//356
f 589//589 356//356 357//357
f 590//590 357//357 358//358
f 591//591 358//358 359//359
f 592//592 359//359 360//360
f 593//593 360//360 361//361
f 594//594 361//361 362//362
f 595//595 362//362 363//363
f 596//596 363//363 364//364
f 597//597 364//364 365//365
f 598//598 365//365 366//366
f 599//599 366//366 367//367
f 600//600 367//367 368//368
f 601//601 368//368 369//369
f 602//602 369//369 370//370
f 603//603 370//370 371//371
f 604//604 371//371 605//605
f 604//604 603//603 371//371
f 558//558 326//326 559//559
f 559//559 327//327 560//560
f 560//560 328//328 561//561
f 561//561 329//329 562//562
f 562//562 330//330 563//563
f 563//563 331//331 564//564
f 564//564 332//332 565//565
f 565//565 333//333 566//566
f 566//566 334//334 567//567
f 567//567 335//335 568//568
f 568//568 336//336 569//569
f 569//569 337//337 570//570
f 570//570 338//338 571//571
f 571//571 339//339 572//572
f 572//572 340//340 573//573
f 573//573 341//341 574//574
f 574//574 342//342 575//575
f 575//575 343//343 576//576
f 576//576 344//344 577//577
f 577//577 345//345 578//578
f 578//578 346//346 579//579
f 579//579 347//347 580//580
f 580//580 348//348 581//581
f 581//581 349//349 582//582
f 582//582 350//350 583//583
f 583//583 351//351 584//584
f 584//584 352//352 585//585
f 585//585 353//353 586//586
f 586//586 354//354 587//587
f 587//587 355//355 588//588
f 588//588 356//356 589//589
f 589//589 357//357 590//590
f 590//590 358//358 591//591
f 591//591 359//359 592//592
f 592//592 360//360 593//593
f 593//593 361//361 594//594
f 594//594 362//362 595//595
f 595//595 363//363 596//596
f 596//596 364//364 597//597
f 597//597 365//365 598//598
f 598//598 366//366 599//599
f 599//599 367//367 600//600
f 600//600 368//368 601//601
f 601//601 369//369 602//602
f 602//602 370//370 603//603
f 371//371 372//372 605//605
f 605//605 372//372 606//606
f 606//606 372//372 373//373
f 607//607 373//373 374//374
f 608//608 374//374 375//375
f 608//608 607//607 374//374
f 606//606 373//373 607//607
f 609//609 532//532 610//374
f 610//374 532//532 533//533
f 611//373 533//533 534//534
f 612//610 534//534 535//535
f 613//371 535//535 536//536
f 537//537 613//371 536//536
f 537//537 614//611 613//371
f 537//537 538//538 614//611
f 614//611 538//538 615//612
f 615//612 538//538 539//539
f 616//613 539//539 540//540
f 617//614 540//540 541//541
f 618//615 541//541 542//542
f 619//616 542//542 543//543
f 620//617 543//543 544//544
f 621//363 544//544 545//545
f 622//362 545//545 546//546
f 623//361 546//546 547//547
f 624//618 547//547 548//548
f 625//619 548//548 549//549
f 626//620 549//549 550//550
f 627//621 550//550 551//551
f 628//356 551//551 552//552
f 629//355 552//552 553//553
f 630//354 553//553 554//554
f 631//622 554//554 555//555
f 632//623 555//555 556//556
f 633//624 556//556 445//445
f 634//625 445//445 444//444
f 635//349 444//444 443//443
f 636//626 443//443 442//442
f 637//627 442//442 441//441
f 638//628 441//441 440//440
f 639//345 440//440 439//439
f 640//629 439//439 438//438
f 641//343 438//438 437//437
f 642//342 437//437 436//436
f 643//341 436//436 435//435
f 644//340 435//435 434//434
f 645//339 434//434 433//433
f 646//338 433//433 432//432
f 647//630 432//432 431//431
f 648//336 431//431 430//430
f 649//631 430//430 429//429
f 650//632 429//429 428//428
f 651//333 428//428 427//427
f 652//633 427//427 426//426
f 653//331 426//426 425//425
f 654//634 425//425 424//424
f 655//635 424//424 423//423
f 656//328 423//423 422//422
f 657//327 422//422 421//421
f 658//326 421//421 420//420
f 659//636 420//420 419//419
f 660//637 659//636 419//419
f 610//374 533//533 611//373
f 611//373 534//534 612//610
f 612//610 535//535 613//371
f 615//612 539//539 616//613
f 616//613 540//540 617//614
f 617//614 541//541 618//615
f 618//615 542//542 619//616
f 619//616 543//543 620//617
f 620//617 544//544 621//363
f 621//363 545//545 622//362
f 622//362 546//546 623//361
f 623//361 547//547 624//618
f 624//618 548//548 625//619
f 625//619 549//549 626//620
f 626//620 550//550 627//621
f 627//621 551//551 628//356
f 628//356 552//552 629//355
f 629//355 553//553 630//354
f 630//354 554//554 631//622
f 631//622 555//555 632//623
f 632//623 556//556 633//624
f 633//624 445//445 634//625
f 634//625 444//444 635//349
f 635//349 443//443 636//626
f 636//626 442//442 637//627
f 637//627 441//441 638//628
f 638//628 440//440 639//345
f 639//345 439//439 640//629
f 640//629 438//438 641//343
f 641//343 437//437 642//342
f 642//342 436//436 643//341
f 643//341 435//435 644//340
f 644//340 434//434 645//339
f 645//339 433//433 646//338
f 646//338 432//432 647//630
f 647//630 431//431 648//336
f 648//336 430//430 649//631
f 649//631 429//429 650//632
f 650//632 428//428 651//333
f 651//333 427//427 652//633
f 652//633 426//426 653//331
f 653//331 425//425 654//634
f 654//634 424//424 655//635
f 655//635 423//423 656//328
f 656//328 422//422 657//327
f 657//327 421//421 658//326
f 658//326 420//420 659//636
f 376//376 661//638 375//375
f 375//375 661//638 608//608
f 376//376 377//377 661//638
f 661//638 377//377 662//639
f 662//639 377//377 378//378
f 663//640 378//378 379//379
f 664//641 379//379 380//380
f 665//642 380//380 381//381
f 666//643 381//381 382//382
f 667//644 382//382 383//383
f 668//645 383//383 669//646
f 668//645 667//644 383//383
f 662//639 378//378 663//640
f 663//640 379//379 664//641
f 664//641 380//380 665//642
f 665//642 381//381 666//643
f 666//643 382//382 667//644
f 383//383 384//384 669//646
f 669//646 384//384 385//385
f 670//647 385//385 386//386
f 671//648 386//386 387//387
f 672//649 387//387 388//388
f 673//650 388//388 389//389
f 674//651 389//389 390//390
f 675//652 390//390 391//391
f 676//653 391//391 392//392
f 677//654 676//653 392//392
f 669//646 385//385 670//647
f 670//647 386//386 671//648
f 671//648 387//387 672//649
f 672//649 388//388 673//650
f 673//650 389//389 674//651
f 674//651 390//390 675//652
f 675//652 391//391 676//653
f 324//324 557//557 323//323
f 323//323 557//557 678//655
f 418//418 679//656 419//419
f 419//419 679//656 660//637
f 393//393 680//657 392//392
f 392//392 680//657 677//654
f 279//279 307//307 681//658
f 681//658 307//307 682//659
f 682//659 307//307 308//308
f 683//660 308//308 309//309
f 684//661 309//309 310//310
f 685//662 310//310 311//311
f 686//663 311//311 312//312
f 687//664 312//312 313//313
f 688//665 313//313 314//314
f 689//666 314//314 315//315
f 690//667 315//315 316//316
f 691//668 316//316 317//317
f 692//669 317//317 318//318
f 693//670 318//318 319//319
f 694//671 319//319 320//320
f 695//672 320//320 321//321
f 696//673 321//321 322//322
f 697//674 322//322 323//323
f 678//655 697//674 323//323
f 682//659 308//308 683//660
f 683//660 309//309 684//661
f 684//661 310//310 685//662
f 685//662 311//311 686//663
f 686//663 312//312 687//664
f 687//664 313//313 688//665
f 688//665 314//314 689//666
f 689//666 315//315 690//667
f 690//667 316//316 691//668
f 691//668 317//317 692//669
f 692//669 318//318 693//670
f 693//670 319//319 694//671
f 694//671 320//320 695//672
f 695//672 321//321 696//673
f 696//673 322//322 697//674
f 418//418 446//446 679//656
f 679//656 446//446 698//322
f 698//322 446//446 447//447
f 699//321 447//447 448//448
f 700//675 448//448 449//449
f 701//319 449//449 450//450
f 702//676 450//450 451//451
f 703//677 451//451 452//452
f 704//316 452//452 453//453
f 705//315 453//453 454//454
f 706//678 454//454 455//455
f 707//679 455//455 456//456
f 708//680 456//456 457//457
f 709//311 457//457 458//458
f 710//681 458//458 459//459
f 711//309 459//459 460//460
f 712//308 460//460 461//461
f 713//307 461//461 462//462
f 714//682 713//307 462//462
f 698//322 447//447 699//321
f 699//321 448//448 700//675
f 700//675 449//449 701//319
f 701//319 450//450 702//676
f 702//676 451//451 703//677
f 703//677 452//452 704//316
f 704//316 453//453 705//315
f 705//315 454//454 706//678
f 706//678 455//455 707//679
f 707//679 456//456 708//680
f 708//680 457//457 709//311
f 709//311 458//458 710//681
f 710//681 459//459 711//309
f 711//309 460//460 712//308
f 712//308 461//461 713//307
f 393//393 394//394 680//657
f 680//657 394//394 715//683
f 715//683 394//394 395//395
f 716//684 395//395 396//396
f 717//685 396//396 397//397
f 718//686 397//397 398//398
f 719//687 398//398 399//399
f 720//688 399//399 400//400
f 721//689 400//400 401//401
f 722//690 401//401 402//402
f 723//691 402//402 403//403
f 724//692 403//403 404//404
f 725//693 404//404 405//405
f 726//694 405//405 406//406
f 727//695 406//406 407//407
f 728//696 407//407 408//408
f 729//697 408//408 409//409
f 730//698 409//409 410//410
f 731//699 410//410 411//411
f 732//700 411//411 412//412
f 733//701 412//412 413//413
f 734//702 413//413 414//414
f 735//703 414//414 415//415
f 736//704 415//415 416//416
f 737//705 416//416 417//417
f 738//706 417//417 306//306
f 739//707 306//306 305//305
f 740//708 305//305 304//304
f 741//709 304//304 303//303
f 742//710 303//303 302//302
f 743//711 302//302 301//301
f 744//712 301//301 300//300
f 745//713 300//300 299//299
f 746//714 299//299 298//298
f 747//715 298//298 297//297
f 748//716 297//297 296//296
f 749//717 296//296 295//295
f 750//718 295//295 294//294
f 751//719 294//294 293//293
f 752//720 293//293 292//292
f 753//721 292//292 291//291
f 754//722 291//291 290//290
f 755//723 290//290 289//289
f 756//724 289//289 288//288
f 757//725 288//288 287//287
f 758//726 287//287 286//286
f 759//727 286//286 285//285
f 760//728 285//285 284//284
f 761//729 284//284 762//730
f 761//729 760//728 284//284
f 715//683 395//395 716//684
f 716//684 396//396 717//685
f 717//685 397//397 718//686
f 718//686 398//398 719//687
f 719//687 399//399 720//688
f 720//688 400//400 721//689
f 721//689 401//401 722//690
f 722//690 402//402 723//691
f 723//691 403//403 724//692
f 724//692 404//404 725//693
f 725//693 405//405 726//694
f 726//694 406//406 727//695
f 727//695 407//407 728//696
f 728//696 408//408 729//697
f 729//697 409//409 730//698
f 730//698 410//410 731//699
f 731//699 411//411 732//700
f 732//700 412//412 733//701
f 733//701 413//413 734//702
f 734//702 414//414 735//703
f 735//703 415//415 736//704
f 736//704 416//416 737//705
f 737//705 417//417 738//706
f 738//706 306//306 739//707
f 739//707 305//305 740//708
f 740//708 304//304 741//709
f 741//709 303//303 742//710
f 742//710 302//302 743//711
f 743//711 301//301 744//712
f 744//712 300//300 745//713
f 745//713 299//299 746//714
f 746//714 298//298 747//715
f 747//715 297//297 748//716
f 748//716 296//296 749//717
f 749//717 295//295 750//718
f 750//718 294//294 751//719
f 751//719 293//293 752//720
f 752//720 292//292 753//721
f 753//721 291//291 754//722
f 754//722 290//290 755//723
f 755//723 289//289 756//724
f 756//724 288//288 757//725
f 757//725 287//287 758//726
f 758//726 286//286 759//727
f 759//727 285//285 760//728
f 284//284 283//283 762//730
f 762//730 283//283 763//731
f 763//731 283//283 282//282
f 764//732 282//282 281//281
f 765//733 281//281 280//280
f 765//733 764//732 281//281
f 763//731 282//282 764//732
f 279//279 681//658 280//280
f 280//280 681//658 765//733
f 766//734 767//735 768//736
f 766//734 769//737 767//735
f 766//734 770//738 769//737
f 769//737 770//738 771//739
f 771//739 770//738 772//740
f 773//741 772//740 774//742
f 775//743 774//742 776//744
f 777//745 776//744 778//746
f 779//747 778//746 780//748
f 781//749 780//748 782//750
f 783//751 782//750 784//752
f 785//753 784//752 786//754
f 787//755 786//754 788//756
f 789//757 788//756 790//758
f 791//759 790//758 792//760
f 793//761 792//760 794//762
f 795//763 794//762 796//764
f 797//765 796//764 798//766
f 799//767 798//766 800//768
f 801//769 800//768 802//770
f 803//771 802//770 804//772
f 805//773 804//772 806//774
f 807//775 806//774 808//776
f 809//777 808//776 810//778
f 811//779 810//778 812//780
f 813//781 812//780 768//736
f 767//735 813//781 768//736
f 771//739 772//740 773//741
f 773//741 774//742 775//743
f 775//743 776//744 777//745
f 777//745 778//746 779//747
f 779//747 780//748 781//749
f 781//749 782//750 783//751
f 783//751 784//752 785//753
f 785//753 786//754 787//755
f 787//755 788//756 789//757
f 789//757 790//758 791//759
f 791//759 792//760 793//761
f 793//761 794//762 795//763
f 795//763 796//764 797//765
f 797//765 798//766 799//767
f 799//767 800//768 801//769
f 801//769 802//770 803//771
f 803//771 804//772 805//773
f 805//773 806//774 807//775
f 807//775 808//776 809//777
f 809//777 810//778 811//779
f 811//779 812//780 813//781
f 812//780 792//760 768//736
f 812//780 794//762 792//760
f 812//780 810//778 794//762
f 794//762 810//778 796//764
f 796//764 810//778 808//776
f 798//766 808//776 806//774
f 800//768 806//774 804//772
f 802//770 800//768 804//772
f 796//764 808//776 798//766
f 798//766 806//774 800//768
f 792//760 790//758 768//736
f 768//736 790//758 766//734
f 766//734 790//758 788//756
f 770//738 788//756 786//754
f 772//740 786//754 784//752
f 774//742 784//752 782//750
f 776//744 782//750 780//748
f 778//746 776//744 780//748
f 766//734 788//756 770//738
f 770//738 786//754 772//740
f 772//740 784//752 774//742
f 774//742 782//750 776//744
f 814//734 815//735 816//736
f 814//734 817//782 815//735
f 814//734 818//738 817//782
f 817//782 818//738 819//739
f 819//739 818//738 820//740
f 821//783 820//740 822//742
f 823//784 822//742 824//744
f 825//785 824//744 826//746
f 827//747 826//746 828//748
f 829//786 828//748 830//750
f 831//787 830//750 832//752
f 833//753 832//752 834//754
f 835//755 834//754 836//756
f 837//788 836//756 838//758
f 839//759 838//758 840//760
f 841//761 840//760 842//762
f 843//763 842//762 844//764
f 845//789 844//764 846//766
f 847//790 846//766 848//768
f 849//791 848//768 850//770
f 851//771 850//770 852//772
f 853//792 852//772 854//774
f 855//793 854//774 856//776
f 857//794 856//776 858//778
f 859//779 858//778 860//780
f 861//795 860//780 816//736
f 815//735 861//795 816//736
f 819//739 820//740 821//783
f 821//783 822//742 823//784
f 823//784 824//744 825//785
f 825//785 826//746 827//747
f 827//747 828//748 829//786
f 829//786 830//750 831//787
f 831//787 832//752 833//753
f 833//753 834//754 835//755
f 835//755 836//756 837//788
f 837//788 838//758 839//759
f 839//759 840//760 841//761
f 841//761 842//762 843//763
f 843//763 844//764 845//789
f 845//789 846//766 847//790
f 847//790 848//768 849//791
f 849//791 850//770 851//771
f 851//771 852//772 853//792
f 853//792 854//774 855//793
f 855//793 856//776 857//794
f 857//794 858//778 859//779
f 859//779 860//780 861//795
f 860//780 840//760 816//736
f 860//780 842//762 840//760
f 860//780 858//778 842//762
f 842//762 858//778 844//764
f 844//764 858//778 856//776
f 846//766 856//776 854//774
f 848//768 854//774 852//772
f 850//770 848//768 852//772
f 844//764 856//776 846//766
f 846//766 854//774 848//768
f 840//760 838//758 816//736
f 816//736 838//758 814//734
f 814//734 838//758 836//756
f 818//738 836//756 834//754
f 820//740 834//754 832//752
f 822//742 832//752 830//750
f 824//744 830//750 828//748
f 826//746 824//744 828//748
f 814//734 836//756 818//738
f 818//738 834//754 820//740
f 820//740 832//752 822//742
f 822//742 830//750 824//744
f 862//734 863//796 864//736
f 862//734 865//782 863//796
f 862//734 866//738 865//782
f 865//782 866//738 867//797
f 867//797 866//738 868//740
f 869//798 868//740 870//742
f 871//743 870//742 872//744
f 873//745 872//744 874//746
f 875//747 874//746 876//748
f 877//749 876//748 878//750
f 879//751 878//750 880//752
f 881//799 880//752 882//754
f 883//755 882//754 884//756
f 885//757 884//756 886//758
f 887//800 886//758 888//760
f 889//761 888//760 890//762
f 891//763 890//762 892//764
f 893//765 892//764 894//766
f 895//767 894//766 896//768
f 897//769 896//768 898//770
f 899//771 898//770 900//772
f 901//773 900//772 902//774
f 903//775 902//774 904//776
f 905//777 904//776 906//778
f 907//779 906//778 908//780
f 909//781 908//780 864//736
f 863//796 909//781 864//736
f 867//797 868//740 869//798
f 869//798 870//742 871//743
f 871//743 872//744 873//745
f 873//745 874//746 875//747
f 875//747 876//748 877//749
f 877//749 878//750 879//751
f 879//751 880//752 881//799
f 881//799 882//754 883//755
f 883//755 884//756 885//757
f 885//757 886//758 887//800
f 887//800 888//760 889//761
f 889//761 890//762 891//763
f 891//763 892//764 893//765
f 893//765 894//766 895//767
f 895//767 896//768 897//769
f 897//769 898//770 899//771
f 899//771 900//772 901//773
f 901//773 902//774 903//775
f 903//775 904//776 905//777
f 905//777 906//778 907//779
f 907//779 908//780 909//781
f 908//780 888//760 864//736
f 908//780 890//762 888//760
f 908//780 906//778 890//762
f 890//762 906//778 892//764
f 892//764 906//778 904//776
f 894//766 904//776 902//774
f 896//768 902//774 900//772
f 898//770 896//768 900//772
f 892//764 904//776 894//766
f 894//766 902//774 896//768
f 888//760 886//758 864//736
f 864//736 886//758 862//734
f 862//734 886//758 884//756
f 866//738 884//756 882//754
f 868//740 882//754 880//752
f 870//742 880//752 878//750
f 872//744 878//750 876//748
f 874//746 872//744 876//748
f 862//734 884//756 866//738
f 866//738 882//754 868//740
f 868//740 880//752 870//742
f 870//742 878//750 872//744
f 910//734 911//796 912//736
f 910//734 913//782 911//796
f 910//734 914//738 913//782
f 913//782 914//738 915//739
f 915//739 914//738 916//740
f 917//783 916//740 918//742
f 919//784 918//742 920//744
f 921//785 920//744 922//746
f 923//747 922//746 924//748
f 925//786 924//748 926//750
f 927//787 926//750 928//752
f 929//753 928//752 930//754
f 931//755 930//754 932//756
f 933//788 932//756 934//758
f 935//800 934//758 936//760
f 937//801 936//760 938//762
f 939//763 938//762 940//764
f 941//789 940//764 942//766
f 943//802 942//766 944//768
f 945//791 944//768 946//770
f 947//771 946//770 948//772
f 949//792 948//772 950//774
f 951//793 950//774 952//776
f 953//794 952//776 954//778
f 955//779 954//778 956//780
f 957//795 956//780 912//736
f 911//796 957//795 912//736
f 915//739 916//740 917//783
f 917//783 918//742 919//784
f 919//784 920//744 921//785
f 921//785 922//746 923//747
f 923//747 924//748 925//786
f 925//786 926//750 927//787
f 927//787 928//752 929//753
f 929//753 930//754 931//755
f 931//755 932//756 933//788
f 933//788 934//758 935//800
f 935//800 936//760 937//801
f 937//801 938//762 939//763
f 939//763 940//764 941//789
f 941//789 942//766 943//802
f 943//802 944//768 945//791
f 945//791 946//770 947//771
f 947//771 948//772 949//792
f 949//792 950//774 951//793
f 951//793 952//776 953//794
f 953//794 954//778 955//779
f 955//779 956//780 957//795
f 956//780 936//760 912//736
f 956//780 938//762 936//760
f 956//780 954//778 938//762
f 938//762 954//778 940//764
f 940//764 954//778 952//776
f 942//766 952//776 950//774
f 944//768 950//774 948//772
f 946//770 944//768 948//772
f 940//764 952//776 942//766
f 942//766 950//774 944//768
f 936//760 934//758 912//736
f 912//736 934//758 910//734
f 910//734 934//758 932//756
f 914//738 932//756 930//754
f 916//740 930//754 928//752
f 918//742 928//752 926//750
f 920//744 926//750 924//748
f 922//746 920//744 924//748
f 910//734 932//756 914//738
f 914//738 930//754 916//740
f 916//740 928//752 918//742
f 918//742 926//750 920//744
f 557//557 958//803 678//655
f 678//655 958//803 959//804
f 960//805 681//658 961//806
f 961//806 681//658 682//659
f 962//807 682//659 683//660
f 963//808 683//660 684//661
f 964//809 684//661 685//662
f 965//810 685//662 686//663
f 966//811 686//663 687//664
f 967//812 687//664 688//665
f 968//813 688//665 689//666
f 690//667 968//813 689//666
f 690//667 969//814 968//813
f 690//667 691//668 969//814
f 969//814 691//668 970//815
f 970//815 691//668 692//669
f 971//816 692//669 693//670
f 972//817 693//670 694//671
f 973//818 694//671 695//672
f 974//819 695//672 696//673
f 975//820 696//673 697//674
f 976//821 697//674 678//655
f 959//804 976//821 678//655
f 961//806 682//659 962//807
f 962//807 683//660 963//808
f 963//808 684//661 964//809
f 964//809 685//662 965//810
f 965//810 686//663 966//811
f 966//811 687//664 967//812
f 967//812 688//665 968//813
f 970//815 692//669 971//816
f 971//816 693//670 972//817
f 972//817 694//671 973//818
f 973//818 695//672 974//819
f 974//819 696//673 975//820
f 975//820 697//674 976//821
f 765//733 681//658 977//822
f 977//822 681//658 960//805
f 977//822 978//823 765//733
f 765//733 978//823 764//732
f 764//732 978//823 979//824
f 763//731 979//824 980//825
f 762//730 980//825 981//826
f 761//729 981//826 982//827
f 760//728 982//827 983//828
f 759//727 983//828 984//829
f 758//726 984//829 985//830
f 757//725 985//830 986//831
f 756//724 986//831 987//832
f 755//723 987//832 754//722
f 755//723 756//724 987//832
f 764//732 979//824 763//731
f 763//731 980//825 762//730
f 762//730 981//826 761//729
f 761//729 982//827 760//728
f 760//728 983//828 759//727
f 759//727 984//829 758//726
f 758//726 985//830 757//725
f 757//725 986//831 756//724
f 987//832 988//833 754//722
f 754//722 988//833 753//721
f 753//721 988//833 989//834
f 752//720 989//834 990//835
f 751//719 990//835 991//836
f 750//718 991//836 992//837
f 749//717 992//837 993//838
f 748//716 993//838 994//839
f 747//715 994//839 995//840
f 746//714 995//840 996//841
f 745//713 996//841 997//842
f 744//712 997//842 998//843
f 743//711 998//843 999//844
f 742//710 999//844 1000//845
f 741//709 1000//845 1001//846
f 740//708 1001//846 1002//847
f 739//707 1002//847 1003//848
f 738//706 1003//848 1004//849
f 737//705 1004//849 1005//850
f 736//704 1005//850 1006//851
f 735//703 1006//851 1007//852
f 734//702 1007//852 1008//853
f 733//701 1008//853 1009//854
f 732//700 1009//854 1010//855
f 731//699 1010//855 1011//856
f 730//698 1011//856 1012//857
f 729//697 1012//857 1013//858
f 728//696 1013//858 1014//859
f 727//695 1014//859 1015//860
f 726//694 1015//860 1016//861
f 725//693 1016//861 1017//862
f 724//692 1017//862 723//691
f 724//692 725//693 1017//862
f 753//721 989//834 752//720
f 752//720 990//835 751//719
f 751//719 991//836 750//718
f 750//718 992//837 749//717
f 749//717 993//838 748//716
f 748//716 994//839 747//715
f 747//715 995//840 746//714
f 746//714 996//841 745//713
f 745//713 997//842 744//712
f 744//712 998//843 743//711
f 743//711 999//844 742//710
f 742//710 1000//845 741//709
f 741//709 1001//846 740//708
f 740//708 1002//847 739//707
f 739//707 1003//848 738//706
f 738//706 1004//849 737//705
f 737//705 1005//850 736//704
f 736//704 1006//851 735//703
f 735//703 1007//852 734//702
f 734//702 1008//853 733//701
f 733//701 1009//854 732//700
f 732//700 1010//855 731//699
f 731//699 1011//856 730//698
f 730//698 1012//857 729//697
f 729//697 1013//858 728//696
f 728//696 1014//859 727//695
f 727//695 1015//860 726//694
f 726//694 1016//861 725//693
f 1017//862 1018//863 723//691
f 723//691 1018//863 722//690
f 722//690 1018//863 1019//864
f 721//689 1019//864 1020//865
f 720//688 1020//865 1021//866
f 719//687 1021//866 1022//867
f 718//686 1022//867 1023//868
f 717//685 1023//868 1024//869
f 716//684 1024//869 1025//870
f 715//683 1025//870 1026//871
f 680//657 1026//871 1027//872
f 680//657 715//683 1026//871
f 722//690 1019//864 721//689
f 721//689 1020//865 720//688
f 720//688 1021//866 719//687
f 719//687 1022//867 718//686
f 718//686 1023//868 717//685
f 717//685 1024//869 716//684
f 716//684 1025//870 715//683
f 677//654 680//657 1028//873
f 1028//873 680//657 1027//872
f 1029//874 661//638 1030//875
f 1030//875 661//638 662//639
f 1031//876 662//639 663//640
f 1032//877 663//640 664//641
f 1033//878 664//641 665//642
f 1034//879 665//642 666//643
f 1035//880 666//643 667//644
f 1036//881 667//644 668//645
f 1037//882 668//645 669//646
f 670//647 1037//882 669//646
f 670//647 1038//883 1037//882
f 670//647 671//648 1038//883
f 1038//883 671//648 1039//884
f 1039//884 671//648 672//649
f 1040//885 672//649 673//650
f 1041//886 673//650 674//651
f 1042//887 674//651 675//652
f 1043//888 675//652 676//653
f 1044//889 676//653 677//654
f 1028//873 1044//889 677//654
f 1030//875 662//639 1031//876
f 1031//876 663//640 1032//877
f 1032//877 664//641 1033//878
f 1033//878 665//642 1034//879
f 1034//879 666//643 1035//880
f 1035//880 667//644 1036//881
f 1036//881 668//645 1037//882
f 1039//884 672//649 1040//885
f 1040//885 673//650 1041//886
f 1041//886 674//651 1042//887
f 1042//887 675//652 1043//888
f 1043//888 676//653 1044//889
f 661//638 1029//874 608//608
f 608//608 1029//874 1045//890
f 1045//890 1046//891 608//608
f 608//608 1046//891 607//607
f 607//607 1046//891 1047//892
f 606//606 1047//892 1048//893
f 605//605 1048//893 1049//894
f 604//604 1049//894 1050//895
f 603//603 1050//895 1051//896
f 602//602 1051//896 1052//897
f 601//601 1052//897 1053//898
f 600//600 1053//898 1054//899
f 599//599 1054//899 1055//900
f 598//598 1055//900 597//597
f 598//598 599//599 1055//900
f 607//607 1047//892 606//606
f 606//606 1048//893 605//605
f 605//605 1049//894 604//604
f 604//604 1050//895 603//603
f 603//603 1051//896 602//602
f 602//602 1052//897 601//601
f 601//601 1053//898 600//600
f 600//600 1054//899 599//599
f 1055//900 1056//901 597//597
f 597//597 1056//901 596//596
f 596//596 1056//901 1057//902
f 595//595 1057//902 1058//903
f 594//594 1058//903 1059//904
f 593//593 1059//904 1060//905
f 592//592 1060//905 1061//906
f 591//591 1061//906 1062//907
f 590//590 1062//907 1063//908
f 589//589 1063//908 1064//909
f 588//588 1064//909 1065//910
f 587//587 1065//910 1066//911
f 586//586 1066//911 1067//912
f 585//585 1067//912 1068//913
f 584//584 1068//913 1069//914
f 583//583 1069//914 1070//915
f 582//582 1070//915 1071//916
f 581//581 1071//916 1072//917
f 580//580 1072//917 1073//918
f 579//579 1073//918 1074//919
f 578//578 1074//919 1075//920
f 577//577 1075//920 1076//921
f 576//576 1076//921 1077//922
f 575//575 1077//922 1078//923
f 574//574 1078//923 1079//924
f 573//573 1079//924 1080//925
f 572//572 1080//925 1081//926
f 571//571 1081//926 1082//927
f 570//570 1082//927 1083//928
f 569//569 1083//928 1084//929
f 568//568 1084//929 1085//930
f 567//567 1085//930 566//566
f 567//567 568//568 1085//930
f 596//596 1057//902 595//595
f 595//595 1058//903 594//594
f 594//594 1059//904 593//593
f 593//593 1060//905 592//592
f 592//592 1061//906 591//591
f 591//591 1062//907 590//590
f 590//590 1063//908 589//589
f 589//589 1064//909 588//588
f 588//588 1065//910 587//587
f 587//587 1066//911 586//586
f 586//586 1067//912 585//585
f 585//585 1068//913 584//584
f 584//584 1069//914 583//583
f 583//583 1070//915 582//582
f 582//582 1071//916 581//581
f 581//581 1072//917 580//580
f 580//580 1073//918 579//579
f 579//579 1074//919 578//578
f 578//578 1075//920 577//577
f 577//577 1076//921 576//576
f 576//576 1077//922 575//575
f 575//575 1078//923 574//574
f 574//574 1079//924 573//573
f 573//573 1080//925 572//572
f 572//572 1081//926 571//571
f 571//571 1082//927 570//570
f 570//570 1083//928 569//569
f 569//569 1084//929 568//568
f 1085//930 1086//931 566//566
f 566//566 1086//931 565//565
f 565//565 1086//931 1087//932
f 564//564 1087//932 1088//933
f 563//563 1088//933 1089//934
f 562//562 1089//934 1090//935
f 561//561 1090//935 1091//936
f 560//560 1091//936 1092//937
f 559//559 1092//937 1093//938
f 558//558 1093//938 1094//939
f 557//557 1094//939 958//803
f 557//557 558//558 1094//939
f 565//565 1087//932 564//564
f 564//564 1088//933 563//563
f 563//563 1089//934 562//562
f 562//562 1090//935 561//561
f 561//561 1091//936 560//560
f 560//560 1092//937 559//559
f 559//559 1093//938 558//558
f 515//515 516//516 1095//940
f 1095//940 516//516 1096//391
f 1096//391 516//516 517//517
f 1097//941 517//517 518//518
f 1098//389 518//518 519//519
f 1099//942 519//519 520//520
f 1100//387 520//520 521//521
f 1101//943 521//521 522//522
f 1102//944 522//522 523//523
f 1103//384 523//523 1104//383
f 1103//384 1102//944 523//523
f 1096//391 517//517 1097//941
f 1097//941 518//518 1098//389
f 1098//389 519//519 1099//942
f 1099//942 520//520 1100//387
f 1100//387 521//521 1101//943
f 1101//943 522//522 1102//944
f 523//523 524//524 1104//383
f 1104//383 524//524 525//525
f 1105//945 525//525 526//526
f 1106//946 526//526 527//527
f 1107//380 527//527 528//528
f 1108//947 528//528 529//529
f 1109//378 529//529 530//530
f 1110//377 530//530 531//531
f 1111//948 1110//377 531//531
f 1104//383 525//525 1105//945
f 1105//945 526//526 1106//946
f 1106//946 527//527 1107//380
f 1107//380 528//528 1108//947
f 1108//947 529//529 1109//378
f 1109//378 530//530 1110//377
f 532//532 609//609 531//531
f 531//531 609//609 1111//948
f 1112//949 1113//950 1114//951
f 1112//949 1115//952 1113//950
f 1112//949 1116//953 1115//952
f 1115//952 1116//953 1117//954
f 1117//954 1116//953 1118//955
f 1119//956 1118//955 1120//957
f 1121//958 1120//957 1122//959
f 1123//960 1122//959 1124//961
f 1125//962 1124//961 1126//963
f 1127//964 1126//963 1029//874
f 1128//965 1029//874 1129//966
f 1128//965 1127//964 1029//874
f 1117//954 1118//955 1119//956
f 1119//956 1120//957 1121//958
f 1121//958 1122//959 1123//960
f 1123//960 1124//961 1125//962
f 1029//874 1126//963 1045//890
f 1045//890 1126//963 1130//967
f 1131//968 1045//890 1130//967
f 1131//968 1132//969 1045//890
f 1045//890 1132//969 1046//891
f 1046//891 1132//969 1133//970
f 1047//892 1133//970 1134//971
f 1048//893 1134//971 1135//972
f 1049//894 1135//972 1136//973
f 1050//895 1136//973 1051//896
f 1050//895 1049//894 1136//973
f 1046//891 1133//970 1047//892
f 1047//892 1134//971 1048//893
f 1048//893 1135//972 1049//894
f 1136//973 1137//974 1051//896
f 1051//896 1137//974 1052//897
f 1052//897 1137//974 1053//898
f 1053//898 1137//974 1054//899
f 1054//899 1137//974 1138//975
f 1055//900 1138//975 1056//901
f 1055//900 1054//899 1138//975
f 1138//975 1139//976 1056//901
f 1056//901 1139//976 1057//902
f 1057//902 1139//976 1140//977
f 1058//903 1140//977 1059//904
f 1058//903 1057//902 1140//977
f 1140//977 1141//978 1059//904
f 1059//904 1141//978 1060//905
f 1060//905 1141//978 1142//979
f 1061//906 1142//979 1143//980
f 1062//907 1143//980 1144//965
f 1145//964 1062//907 1144//965
f 1145//964 1063//908 1062//907
f 1145//964 1146//962 1063//908
f 1063//908 1146//962 1064//909
f 1064//909 1146//962 1147//960
f 1065//910 1147//960 1148//958
f 1066//911 1148//958 1149//956
f 1067//912 1149//956 1150//954
f 1068//913 1150//954 1151//952
f 1069//914 1151//952 1152//950
f 1070//915 1152//950 1153//981
f 1071//916 1153//981 1154//982
f 1072//917 1154//982 1155//983
f 1073//918 1155//983 1156//984
f 1074//919 1156//984 1157//985
f 1075//920 1157//985 1158//986
f 1076//921 1158//986 1159//987
f 1077//922 1159//987 1160//988
f 1078//923 1160//988 1161//989
f 1162//990 1078//923 1161//989
f 1162//990 1079//924 1078//923
f 1162//990 1163//991 1079//924
f 1079//924 1163//991 1080//925
f 1080//925 1163//991 1164//992
f 1081//926 1164//992 1165//993
f 1082//927 1165//993 1083//928
f 1082//927 1081//926 1165//993
f 1060//905 1142//979 1061//906
f 1061//906 1143//980 1062//907
f 1064//909 1147//960 1065//910
f 1065//910 1148//958 1066//911
f 1066//911 1149//956 1067//912
f 1067//912 1150//954 1068//913
f 1068//913 1151//952 1069//914
f 1069//914 1152//950 1070//915
f 1070//915 1153//981 1071//916
f 1071//916 1154//982 1072//917
f 1072//917 1155//983 1073//918
f 1073//918 1156//984 1074//919
f 1074//919 1157//985 1075//920
f 1075//920 1158//986 1076//921
f 1076//921 1159//987 1077//922
f 1077//922 1160//988 1078//923
f 1080//925 1164//992 1081//926
f 1165//993 1166//994 1083//928
f 1083//928 1166//994 1084//929
f 1084//929 1166//994 1167//995
f 1085//930 1167//995 1086//931
f 1085//930 1084//929 1167//995
f 1167//995 1168//996 1086//931
f 1086//931 1168//996 1087//932
f 1087//932 1168//996 1088//933
f 1088//933 1168//996 1089//934
f 1089//934 1168//996 1169//997
f 1090//935 1169//997 1091//936
f 1090//935 1089//934 1169//997
f 1169//997 1170//998 1091//936
f 1091//936 1170//998 1092//937
f 1092//937 1170//998 1171//999
f 1093//938 1171//999 1172//1000
f 1094//939 1172//1000 1173//1001
f 958//803 1173//1001 1174//1002
f 1175//1003 958//803 1174//1002
f 1175//1003 959//804 958//803
f 1175//1003 1176//1004 959//804
f 959//804 1176//1004 1177//988
f 1178//989 959//804 1177//988
f 1178//989 1179//990 959//804
f 959//804 1179//990 976//821
f 976//821 1179//990 1180//991
f 975//820 1180//991 1181//992
f 974//819 1181//992 1182//1005
f 973//818 1182//1005 1183//994
f 972//817 1183//994 1184//1006
f 971//816 1184//1006 970//815
f 971//816 972//817 1184//1006
f 1092//937 1171//999 1093//938
f 1093//938 1172//1000 1094//939
f 1094//939 1173//1001 958//803
f 1177//988 1176//1004 1185//987
f 1185//987 1176//1004 1186//1007
f 1187//986 1186//1007 1188//1008
f 1189//1009 1188//1008 1190//1010
f 1191//984 1190//1010 1192//1011
f 1193//983 1192//1011 1194//1012
f 1195//982 1194//1012 1196//1013
f 1197//981 1196//1013 1114//951
f 1113//950 1197//981 1114//951
f 1185//987 1186//1007 1187//986
f 1187//986 1188//1008 1189//1009
f 1189//1009 1190//1010 1191//984
f 1191//984 1192//1011 1193//983
f 1193//983 1194//1012 1195//982
f 1195//982 1196//1013 1197//981
f 1198//949 1199//950 1200//951
f 1198//949 1201//952 1199//950
f 1198//949 1202//953 1201//952
f 1201//952 1202//953 1203//954
f 1203//954 1202//953 1204//955
f 1205//956 1204//955 1206//957
f 1207//958 1206//957 1208//959
f 1209//960 1208//959 1210//961
f 1211//962 1210//961 1212//1014
f 1213//1015 1212//1014 1214//1016
f 1028//873 1214//1016 1215//968
f 1216//969 1028//873 1215//968
f 1216//969 1044//889 1028//873
f 1216//969 1217//970 1044//889
f 1044//889 1217//970 1043//888
f 1043//888 1217//970 1218//971
f 1042//887 1218//971 1219//1017
f 1041//886 1219//1017 1040//885
f 1041//886 1042//887 1219//1017
f 1203//954 1204//955 1205//956
f 1205//956 1206//957 1207//958
f 1207//958 1208//959 1209//960
f 1209//960 1210//961 1211//962
f 1211//962 1212//1014 1213//1015
f 1213//1015 1214//1016 1028//873
f 1027//872 1213//1015 1028//873
f 1027//872 1220//965 1213//1015
f 1027//872 1221//966 1220//965
f 1027//872 1222//979 1221//966
f 1027//872 1026//871 1222//979
f 1222//979 1026//871 1223//1018
f 1223//1018 1026//871 1025//870
f 1024//869 1223//1018 1025//870
f 1024//869 1224//1019 1223//1018
f 1024//869 1023//868 1224//1019
f 1224//1019 1023//868 1225//976
f 1225//976 1023//868 1022//867
f 1226//975 1022//867 1021//866
f 1020//865 1226//975 1021//866
f 1020//865 1227//974 1226//975
f 1020//865 1019//864 1227//974
f 1227//974 1019//864 1018//863
f 1017//862 1227//974 1018//863
f 1017//862 1228//973 1227//974
f 1017//862 1016//861 1228//973
f 1228//973 1016//861 1015//860
f 1229//972 1015//860 1014//859
f 1230//971 1014//859 1013//858
f 1231//970 1013//858 1012//857
f 1232//969 1012//857 1011//856
f 1233//1020 1011//856 1010//855
f 1234//1016 1010//855 1009//854
f 1235//1014 1009//854 1008//853
f 1236//961 1008//853 1007//852
f 1237//959 1007//852 1006//851
f 1238//957 1006//851 1005//850
f 1239//955 1005//850 1004//849
f 1240//953 1004//849 1003//848
f 1241//949 1003//848 1002//847
f 1242//1021 1002//847 1243//1013
f 1242//1021 1241//949 1002//847
f 1043//888 1218//971 1042//887
f 1219//1017 1244//1022 1040//885
f 1040//885 1244//1022 1039//884
f 1039//884 1244//1022 1245//974
f 1038//883 1245//974 1037//882
f 1038//883 1039//884 1245//974
f 1037//882 1245//974 1036//881
f 1036//881 1245//974 1246//975
f 1035//880 1246//975 1034//879
f 1035//880 1036//881 1246//975
f 1246//975 1247//976 1034//879
f 1034//879 1247//976 1033//878
f 1033//878 1247//976 1248//1019
f 1032//877 1248//1019 1249//1018
f 1031//876 1249//1018 1030//875
f 1031//876 1032//877 1249//1018
f 1033//878 1248//1019 1032//877
f 1249//1018 1250//979 1030//875
f 1030//875 1250//979 1029//874
f 1029//874 1250//979 1129//966
f 1127//964 1125//962 1126//963
f 976//821 1180//991 975//820
f 975//820 1181//992 974//819
f 974//819 1182//1005 973//818
f 973//818 1183//994 972//817
f 970//815 1184//1006 969//814
f 969//814 1184//1006 1251//996
f 968//813 1251//996 967//812
f 968//813 969//814 1251//996
f 967//812 1251//996 966//811
f 966//811 1251//996 1252//1023
f 965//810 1252//1023 1253//1024
f 964//809 1253//1024 963//808
f 964//809 965//810 1253//1024
f 966//811 1252//1023 965//810
f 1253//1024 1254//999 963//808
f 963//808 1254//999 962//807
f 962//807 1254//999 1255//1000
f 961//806 1255//1000 1256//1001
f 960//805 1256//1001 1257//1002
f 1258//1025 960//805 1257//1002
f 1258//1025 1259//1026 960//805
f 960//805 1259//1026 977//822
f 977//822 1259//1026 1260//988
f 1261//989 977//822 1260//988
f 1261//989 1262//1027 977//822
f 977//822 1262//1027 1263//991
f 978//823 1263//991 1264//1028
f 979//824 1264//1028 980//825
f 979//824 978//823 1264//1028
f 962//807 1255//1000 961//806
f 961//806 1256//1001 960//805
f 1260//988 1259//1026 1265//987
f 1265//987 1259//1026 1266//1007
f 1267//986 1266//1007 1268//1008
f 1269//1009 1268//1008 1270//1010
f 1271//984 1270//1010 1272//1011
f 1273//983 1272//1011 1274//1012
f 1275//982 1274//1012 1276//1013
f 1277//981 1276//1013 1200//951
f 1199//950 1277//981 1200//951
f 1265//987 1266//1007 1267//986
f 1267//986 1268//1008 1269//1009
f 1269//1009 1270//1010 1271//984
f 1271//984 1272//1011 1273//983
f 1273//983 1274//1012 1275//982
f 1275//982 1276//1013 1277//981
f 1241//949 1240//953 1003//848
f 1240//953 1239//955 1004//849
f 1239//955 1238//957 1005//850
f 1238//957 1237//959 1006//851
f 1237//959 1236//961 1007//852
f 1236//961 1235//1014 1008//853
f 1235//1014 1234//1016 1009//854
f 1234//1016 1233//1020 1010//855
f 1233//1020 1232//969 1011//856
f 1232//969 1231//970 1012//857
f 1231//970 1230//971 1013//858
f 1230//971 1229//972 1014//859
f 1229//972 1228//973 1015//860
f 1226//975 1225//976 1022//867
f 977//822 1263//991 978//823
f 1264//1028 1278//1005 980//825
f 980//825 1278//1005 981//826
f 981//826 1278//1005 1279//994
f 982//827 1279//994 1280//995
f 983//828 1280//995 984//829
f 983//828 982//827 1280//995
f 981//826 1279//994 982//827
f 1280//995 1281//996 984//829
f 984//829 1281//996 985//830
f 985//830 1281//996 986//831
f 986//831 1281//996 987//832
f 987//832 1281//996 1282//997
f 988//833 1282//997 989//834
f 988//833 987//832 1282//997
f 1282//997 1283//998 989//834
f 989//834 1283//998 990//835
f 990//835 1283//998 1284//999
f 991//836 1284//999 1285//1000
f 992//837 1285//1000 1286//1001
f 993//838 1286//1001 1287//1029
f 994//839 1287//1029 1288//1003
f 995//840 1288//1003 1289//1030
f 996//841 1289//1030 1290//1007
f 997//842 1290//1007 1291//1008
f 998//843 1291//1008 1292//1010
f 999//844 1292//1010 1293//1011
f 1000//845 1293//1011 1294//1012
f 1001//846 1294//1012 1243//1013
f 1002//847 1001//846 1243//1013
f 990//835 1284//999 991//836
f 991//836 1285//1000 992//837
f 992//837 1286//1001 993//838
f 993//838 1287//1029 994//839
f 994//839 1288//1003 995//840
f 995//840 1289//1030 996//841
f 996//841 1290//1007 997//842
f 997//842 1291//1008 998//843
f 998//843 1292//1010 999//844
f 999//844 1293//1011 1000//845
f 1000//845 1294//1012 1001//846
f 1295//734 1296//1031 1297//736
f 1295//734 1298//1032 1296//1031
f 1295//734 1299//738 1298//1032
f 1298//1032 1299//738 1300//1033
f 1301//739 1300//1033 1302//783
f 1301//739 1298//1032 1300//1033
f 1301//739 1303//1034 1298//1032
f 1298//1032 1303//1034 1296//1031
f 1296//1031 1303//1034 1304//735
f 1305//1035 1304//735 1306//781
f 1307//1036 1306//781 1308//1037
f 1309//1038 1308//1037 1310//1039
f 1311//1040 1310//1039 1312//793
f 1313//1041 1312//793 1314//792
f 1315//1042 1314//792 1316//771
f 1317//1043 1316//771 1318//1044
f 1319//1045 1318//1044 1320//767
f 1321//1046 1320//767 1322//1047
f 1323//1048 1322//1047 1324//763
f 1325//1049 1324//763 1326//801
f 1327//1050 1326//801 1328//1051
f 1329//1052 1328//1051 1330//1053
f 1331//1054 1330//1053 1332//755
f 1333//1055 1332//755 1334//1056
f 1335//1057 1334//1056 1336//751
f 1337//1058 1336//751 1338//749
f 1339//1059 1338//749 1340//747
f 1341//1060 1340//747 1342//785
f 1343//1061 1342//785 1344//784
f 1345//1062 1344//784 1302//783
f 1300//1033 1345//1062 1302//783
f 1300//1033 1346//740 1345//1062
f 1300//1033 1299//738 1346//740
f 1346//740 1347//742 1345//1062
f 1345//1062 1347//742 1343//1061
f 1344//784 1345//1062 1343//1061
f 1347//742 1348//744 1343//1061
f 1343//1061 1348//744 1341//1060
f 1342//785 1343//1061 1341//1060
f 1348//744 1349//746 1341//1060
f 1341//1060 1349//746 1339//1059
f 1340//747 1341//1060 1339//1059
f 1349//746 1350//748 1339//1059
f 1339//1059 1350//748 1337//1058
f 1338//749 1339//1059 1337//1058
f 1350//748 1351//750 1337//1058
f 1337//1058 1351//750 1335//1057
f 1336//751 1337//1058 1335//1057
f 1351//750 1352//752 1335//1057
f 1335//1057 1352//752 1333//1055
f 1334//1056 1335//1057 1333//1055
f 1352//752 1353//754 1333//1055
f 1333//1055 1353//754 1331//1054
f 1332//755 1333//1055 1331//1054
f 1353//754 1354//756 1331//1054
f 1331//1054 1354//756 1329//1052
f 1330//1053 1331//1054 1329//1052
f 1354//756 1355//758 1329//1052
f 1329//1052 1355//758 1327//1050
f 1328//1051 1329//1052 1327//1050
f 1355//758 1356//760 1327//1050
f 1327//1050 1356//760 1325//1049
f 1326//801 1327//1050 1325//1049
f 1356//760 1357//762 1325//1049
f 1325//1049 1357//762 1323//1048
f 1324//763 1325//1049 1323//1048
f 1357//762 1358//764 1323//1048
f 1323//1048 1358//764 1321//1046
f 1322//1047 1323//1048 1321//1046
f 1358//764 1359//766 1321//1046
f 1321//1046 1359//766 1319//1045
f 1320//767 1321//1046 1319//1045
f 1359//766 1360//768 1319//1045
f 1319//1045 1360//768 1317//1043
f 1318//1044 1319//1045 1317//1043
f 1360//768 1361//770 1317//1043
f 1317//1043 1361//770 1315//1042
f 1316//771 1317//1043 1315//1042
f 1361//770 1362//772 1315//1042
f 1315//1042 1362//772 1313//1041
f 1314//792 1315//1042 1313//1041
f 1362//772 1363//774 1313//1041
f 1313//1041 1363//774 1311//1040
f 1312//793 1313//1041 1311//1040
f 1363//774 1364//776 1311//1040
f 1311//1040 1364//776 1309//1038
f 1310//1039 1311//1040 1309//1038
f 1364//776 1365//778 1309//1038
f 1309//1038 1365//778 1307//1036
f 1308//1037 1309//1038 1307//1036
f 1365//778 1366//780 1307//1036
f 1307//1036 1366//780 1305//1035
f 1306//781 1307//1036 1305//1035
f 1366//780 1297//736 1305//1035
f 1305//1035 1297//736 1296//1031
f 1304//735 1305//1035 1296//1031
f 1366//780 1356//760 1297//736
f 1366//780 1357//762 1356//760
f 1366//780 1365//778 1357//762
f 1357//762 1365//778 1358//764
f 1358//764 1365//778 1364//776
f 1359//766 1364//776 1363//774
f 1360//768 1363//774 1362//772
f 1361//770 1360//768 1362//772
f 1358//764 1364//776 1359//766
f 1359//766 1363//774 1360//768
f 1356//760 1355//758 1297//736
f 1297//736 1355//758 1295//734
f 1295//734 1355//758 1354//756
f 1299//738 1354//756 1353//754
f 1346//740 1353//754 1352//752
f 1347//742 1352//752 1351//750
f 1348//744 1351//750 1350//748
f 1349//746 1348//744 1350//748
f 1295//734 1354//756 1299//738
f 1299//738 1353//754 1346//740
f 1346//740 1352//752 1347//742
f 1347//742 1351//750 1348//744
f 1367//1063 1368//1064 1369//1065
f 1367//1063 1370//1066 1368//1064
f 1367//1063 1371//1067 1370//1066
f 1370//1066 1371//1067 1372//1068
f 1373//1069 1372//1068 1374//1070
f 1375//1071 1374//1070 1376//1072
f 1377//1073 1376//1072 1378//1074
f 1379//1075 1378//1074 1380//1076
f 1371//1067 1381//1077 1372//1068
f 1372//1068 1381//1077 1382//1078
f 1374//1070 1382//1078 1383//1079
f 1376//1072 1383//1079 1384//1080
f 1378//1074 1384//1080 1385//1081
f 1380//1076 1385//1081 1386//1082
f 1381//1077 1387//1083 1382//1078
f 1382//1078 1387//1083 1388//1084
f 1383//1079 1388//1084 1389//1085
f 1384//1080 1389//1085 1390//1086
f 1385//1081 1390//1086 1391//1087
f 1386//1082 1391//1087 1392//1088
f 1387//1083 1393//1089 1388//1084
f 1388//1084 1393//1089 1394//1090
f 1389//1085 1394//1090 1395//1091
f 1390//1086 1395//1091 1396//1092
f 1391//1087 1396//1092 1397//1093
f 1392//1088 1397//1093 1398//1094
f 1393//1089 1399//1095 1394//1090
f 1394//1090 1399//1095 1400//1096
f 1395//1091 1400//1096 1401//1097
f 1396//1092 1401//1097 1402//1098
f 1397//1093 1402//1098 1403//1099
f 1398//1094 1403//1099 1404//1100
f 1399//1095 1405//1101 1400//1096
f 1400//1096 1405//1101 1406//1102
f 1401//1097 1406//1102 1407//1103
f 1402//1098 1407//1103 1408//1104
f 1403//1099 1408//1104 1409//1105
f 1404//1100 1409//1105 1410//1106
f 1405//1101 1411//1107 1406//1102
f 1406//1102 1411//1107 1412//1108
f 1407//1103 1412//1108 1413//1109
f 1408//1104 1413//1109 1414//1110
f 1409//1105 1414//1110 1415//1111
f 1410//1106 1415//1111 1416//1112
f 1411//1107 1417//1113 1412//1108
f 1412//1108 1417//1113 1418//1114
f 1413//1109 1418//1114 1419//1115
f 1414//1110 1419//1115 1420//1116
f 1415//1111 1420//1116 1421//1117
f 1416//1112 1421//1117 1422//1118
f 1417//1113 1423//1119 1418//1114
f 1418//1114 1423//1119 1424//1120
f 1419//1115 1424//1120 1425//1121
f 1420//1116 1425//1121 1426//1122
f 1421//1117 1426//1122 1427//1123
f 1422//1118 1427//1123 1428//1124
f 1423//1119 1429//1125 1424//1120
f 1424//1120 1429//1125 1430//1126
f 1425//1121 1430//1126 1431//1127
f 1426//1122 1431//1127 1432//1128
f 1427//1123 1432//1128 1433//1129
f 1428//1124 1433//1129 1434//1130
f 1429//1125 1435//1131 1430//1126
f 1430//1126 1435//1131 1436//1132
f 1431//1127 1436//1132 1437//1133
f 1432//1128 1437//1133 1438//1134
f 1433//1129 1438//1134 1439//1135
f 1434//1130 1439//1135 1440//1136
f 1435//1131 1441//1137 1436//1132
f 1436//1132 1441//1137 1442//1138
f 1437//1133 1442//1138 1443//1139
f 1438//1134 1443//1139 1444//1140
f 1439//1135 1444//1140 1445//1141
f 1440//1136 1445//1141 1446//1142
f 1441//1137 1447//1143 1442//1138
f 1442//1138 1447//1143 1448//1144
f 1443//1139 1448//1144 1449//1145
f 1444//1140 1449//1145 1450//1146
f 1445//1141 1450//1146 1451//1147
f 1446//1142 1451//1147 1452//1148
f 1447//1143 1453//1149 1448//1144
f 1448//1144 1453//1149 1454//1150
f 1449//1145 1454//1150 1455//1151
f 1450//1146 1455//1151 1456//1152
f 1451//1147 1456//1152 1457//1153
f 1452//1148 1457//1153 1458//1154
f 1453//1149 1459//1155 1454//1150
f 1454//1150 1459//1155 1460//1156
f 1455//1151 1460//1156 1461//1157
f 1456//1152 1461//1157 1462//1158
f 1457//1153 1462//1158 1463//1159
f 1458//1154 1463//1159 1464//1160
f 1459//1155 1465//1161 1460//1156
f 1460//1156 1465//1161 1466//1162
f 1461//1157 1466//1162 1467//1163
f 1462//1158 1467//1163 1468//1164
f 1463//1159 1468//1164 1469//1165
f 1464//1160 1469//1165 1470//1166
f 1465//1161 1471//1167 1466//1162
f 1466//1162 1471//1167 1472//1168
f 1467//1163 1472//1168 1473//1169
f 1468//1164 1473//1169 1474//1170
f 1469//1165 1474//1170 1475//1171
f 1470//1166 1475//1171 1476//1172
f 1471//1167 1477//1173 1472//1168
f 1472//1168 1477//1173 1478//1174
f 1473//1169 1478//1174 1479//1175
f 1474//1170 1479//1175 1480//1176
f 1475//1171 1480//1176 1481//1177
f 1476//1172 1481//1177 1482//1178
f 1477//1173 1483//1179 1478//1174
f 1478//1174 1483//1179 1484//1180
f 1479//1175 1484//1180 1485//1181
f 1480//1176 1485//1181 1486//1182
f 1481//1177 1486//1182 1487//1183
f 1482//1178 1487//1183 1488//1184
f 1483//1179 1489//1185 1484//1180
f 1484//1180 1489//1185 1490//1186
f 1485//1181 1490//1186 1491//1187
f 1486//1182 1491//1187 1492//1188
f 1487//1183 1492//1188 1493//1189
f 1488//1184 1493//1189 1494//1190
f 1489//1185 1495//1191 1490//1186
f 1490//1186 1495//1191 1496//1192
f 1491//1187 1496//1192 1497//1193
f 1492//1188 1497//1193 1498//1194
f 1493//1189 1498//1194 1499//1195
f 1494//1190 1499//1195 1500//1196
f 1495//1191 1501//1197 1496//1192
f 1496//1192 1501//1197 1502//1198
f 1497//1193 1502//1198 1503//1199
f 1498//1194 1503//1199 1504//1200
f 1499//1195 1504//1200 1505//1201
f 1500//1196 1505//1201 1506//1202
f 1501//1197 1369//1065 1502//1198
f 1502//1198 1369//1065 1368//1064
f 1503//1199 1368//1064 1507//1203
f 1504//1200 1507//1203 1508//1204
f 1505//1201 1508//1204 1509//1205
f 1506//1202 1509//1205 1510//1206
f 1416//1112 1511//1207 1410//1106
f 1410//1106 1511//1207 1404//1100
f 1506//1202 1511//1207 1500//1196
f 1458//1154 1511//1207 1452//1148
f 1404//1100 1511//1207 1398//1094
f 1398//1094 1511//1207 1392//1088
f 1392//1088 1511//1207 1386//1082
f 1386//1082 1511//1207 1380//1076
f 1380//1076 1511//1207 1379//1075
f 1379//1075 1511//1207 1510//1206
f 1377//1073 1510//1206 1509//1205
f 1375//1071 1509//1205 1508//1204
f 1373//1069 1508//1204 1507//1203
f 1370//1066 1507//1203 1368//1064
f 1370//1066 1373//1069 1507//1203
f 1370//1066 1372//1068 1373//1069
f 1510//1206 1511//1207 1506//1202
f 1500//1196 1511//1207 1494//1190
f 1494//1190 1511//1207 1488//1184
f 1488//1184 1511//1207 1482//1178
f 1482//1178 1511//1207 1476//1172
f 1476//1172 1511//1207 1470//1166
f 1470//1166 1511//1207 1464//1160
f 1464//1160 1511//1207 1458//1154
f 1452//1148 1511//1207 1446//1142
f 1446//1142 1511//1207 1440//1136
f 1440//1136 1511//1207 1434//1130
f 1434//1130 1511//1207 1428//1124
f 1428//1124 1511//1207 1422//1118
f 1422//1118 1511//1207 1416//1112
f 1430//1126 1425//1121 1424//1120
f 1431//1127 1430//1126 1436//1132
f 1425//1121 1420//1116 1419//1115
f 1426//1122 1425//1121 1431//1127
f 1420//1116 1415//1111 1414//1110
f 1421//1117 1420//1116 1426//1122
f 1415//1111 1410//1106 1409//1105
f 1416//1112 1415//1111 1421//1117
f 1368//1064 1503//1199 1502//1198
f 1503//1199 1498//1194 1497//1193
f 1504//1200 1503//1199 1507//1203
f 1498//1194 1493//1189 1492//1188
f 1499//1195 1498//1194 1504//1200
f 1493//1189 1488//1184 1487//1183
f 1494//1190 1493//1189 1499//1195
f 1481//1177 1487//1183 1482//1178
f 1486//1182 1492//1188 1487//1183
f 1491//1187 1497//1193 1492//1188
f 1496//1192 1502//1198 1497//1193
f 1505//1201 1504//1200 1508//1204
f 1500//1196 1499//1195 1505//1201
f 1374//1070 1372//1068 1382//1078
f 1375//1071 1508//1204 1373//1069
f 1374//1070 1375//1071 1373//1069
f 1506//1202 1505//1201 1509//1205
f 1383//1079 1382//1078 1388//1084
f 1376//1072 1374//1070 1383//1079
f 1377//1073 1509//1205 1375//1071
f 1376//1072 1377//1073 1375//1071
f 1389//1085 1388//1084 1394//1090
f 1384//1080 1383//1079 1389//1085
f 1378//1074 1376//1072 1384//1080
f 1379//1075 1510//1206 1377//1073
f 1378//1074 1379//1075 1377//1073
f 1395//1091 1394//1090 1400//1096
f 1390//1086 1389//1085 1395//1091
f 1385//1081 1384//1080 1390//1086
f 1380//1076 1378//1074 1385//1081
f 1401//1097 1400//1096 1406//1102
f 1396//1092 1395//1091 1401//1097
f 1391//1087 1390//1086 1396//1092
f 1386//1082 1385//1081 1391//1087
f 1407//1103 1406//1102 1412//1108
f 1402//1098 1401//1097 1407//1103
f 1397//1093 1396//1092 1402//1098
f 1392//1088 1391//1087 1397//1093
f 1413//1109 1412//1108 1418//1114
f 1408//1104 1407//1103 1413//1109
f 1403//1099 1402//1098 1408//1104
f 1398//1094 1397//1093 1403//1099
f 1419//1115 1418//1114 1424//1120
f 1414//1110 1413//1109 1419//1115
f 1409//1105 1408//1104 1414//1110
f 1404//1100 1403//1099 1409//1105
f 1437//1133 1436//1132 1442//1138
f 1432//1128 1431//1127 1437//1133
f 1427//1123 1426//1122 1432//1128
f 1422//1118 1421//1117 1427//1123
f 1443//1139 1442//1138 1448//1144
f 1438//1134 1437//1133 1443//1139
f 1433//1129 1432//1128 1438//1134
f 1428//1124 1427//1123 1433//1129
f 1449//1145 1448//1144 1454//1150
f 1444//1140 1443//1139 1449//1145
f 1439//1135 1438//1134 1444//1140
f 1434//1130 1433//1129 1439//1135
f 1455//1151 1454//1150 1460//1156
f 1450//1146 1449//1145 1455//1151
f 1445//1141 1444//1140 1450//1146
f 1440//1136 1439//1135 1445//1141
f 1461//1157 1460//1156 1466//1162
f 1456//1152 1455//1151 1461//1157
f 1451//1147 1450//1146 1456//1152
f 1446//1142 1445//1141 1451//1147
f 1467//1163 1466//1162 1472//1168
f 1462//1158 1461//1157 1467//1163
f 1457//1153 1456//1152 1462//1158
f 1452//1148 1451//1147 1457//1153
f 1473//1169 1472//1168 1478//1174
f 1468//1164 1467//1163 1473//1169
f 1463//1159 1462//1158 1468//1164
f 1458//1154 1457//1153 1463//1159
f 1479//1175 1478//1174 1484//1180
f 1474//1170 1473//1169 1479//1175
f 1469//1165 1468//1164 1474//1170
f 1464//1160 1463//1159 1469//1165
f 1485//1181 1484//1180 1490//1186
f 1480//1176 1479//1175 1485//1181
f 1475//1171 1474//1170 1480//1176
f 1470//1166 1469//1165 1475//1171
f 1491//1187 1490//1186 1496//1192
f 1486//1182 1485//1181 1491//1187
f 1481//1177 1480//1176 1486//1182
f 1476//1172 1475//1171 1481//1177
f 1512//755 1513//1054 1514//757
f 1512//755 1515//1055 1513//1054
f 1512//755 1516//1056 1515//1055
f 1515//1055 1516//1056 1517//1057
f 1381//1077 1517//1057 1387//1083
f 1381//1077 1515//1055 1517//1057
f 1381//1077 1371//1067 1515//1055
f 1515//1055 1371//1067 1513//1054
f 1513//1054 1371//1067 1367//1063
f 1518//1052 1367//1063 1369//1065
f 1519//1050 1369//1065 1501//1197
f 1520//1049 1501//1197 1495//1191
f 1521//1048 1495//1191 1489//1185
f 1522//1046 1489//1185 1483//1179
f 1523//1045 1483//1179 1477//1173
f 1524//1043 1477//1173 1471//1167
f 1525//1042 1471//1167 1465//1161
f 1526//1041 1465//1161 1459//1155
f 1527//1040 1459//1155 1453//1149
f 1528//1038 1453//1149 1447//1143
f 1529//1036 1447//1143 1441//1137
f 1530//1035 1441//1137 1435//1131
f 1531//1031 1435//1131 1429//1125
f 1532//1032 1429//1125 1423//1119
f 1533//1033 1423//1119 1417//1113
f 1534//1062 1417//1113 1411//1107
f 1535//1061 1411//1107 1405//1101
f 1536//1060 1405//1101 1399//1095
f 1537//1059 1399//1095 1393//1089
f 1538//1058 1393//1089 1387//1083
f 1517//1057 1538//1058 1387//1083
f 1517//1057 1539//751 1538//1058
f 1517//1057 1516//1056 1539//751
f 1539//751 1540//1208 1538//1058
f 1538//1058 1540//1208 1537//1059
f 1393//1089 1538//1058 1537//1059
f 1540//1208 1541//747 1537//1059
f 1537//1059 1541//747 1536//1060
f 1399//1095 1537//1059 1536//1060
f 1541//747 1542//745 1536//1060
f 1536//1060 1542//745 1535//1061
f 1405//1101 1536//1060 1535//1061
f 1542//745 1543//1209 1535//1061
f 1535//1061 1543//1209 1534//1062
f 1411//1107 1535//1061 1534//1062
f 1543//1209 1544//741 1534//1062
f 1534//1062 1544//741 1533//1033
f 1417//1113 1534//1062 1533//1033
f 1544//741 1545//1210 1533//1033
f 1533//1033 1545//1210 1532//1032
f 1423//1119 1533//1033 1532//1032
f 1545//1210 1546//737 1532//1032
f 1532//1032 1546//737 1531//1031
f 1429//1125 1532//1032 1531//1031
f 1546//737 1547//735 1531//1031
f 1531//1031 1547//735 1530//1035
f 1435//1131 1531//1031 1530//1035
f 1547//735 1548//1211 1530//1035
f 1530//1035 1548//1211 1529//1036
f 1441//1137 1530//1035 1529//1036
f 1548//1211 1549//779 1529//1036
f 1529//1036 1549//779 1528//1038
f 1447//1143 1529//1036 1528//1038
f 1549//779 1550//1039 1528//1038
f 1528//1038 1550//1039 1527//1040
f 1453//1149 1528//1038 1527//1040
f 1550//1039 1551//793 1527//1040
f 1527//1040 1551//793 1526//1041
f 1459//1155 1527//1040 1526//1041
f 1551//793 1552//792 1526//1041
f 1526//1041 1552//792 1525//1042
f 1465//1161 1526//1041 1525//1042
f 1552//792 1553//771 1525//1042
f 1525//1042 1553//771 1524//1043
f 1471//1167 1525//1042 1524//1043
f 1553//771 1554//791 1524//1043
f 1524//1043 1554//791 1523//1045
f 1477//1173 1524//1043 1523//1045
f 1554//791 1555//767 1523//1045
f 1523//1045 1555//767 1522//1046
f 1483//1179 1523//1045 1522//1046
f 1555//767 1556//789 1522//1046
f 1522//1046 1556//789 1521//1048
f 1489//1185 1522//1046 1521//1048
f 1556//789 1557//763 1521//1048
f 1521//1048 1557//763 1520//1049
f 1495//1191 1521//1048 1520//1049
f 1557//763 1558//801 1520//1049
f 1520//1049 1558//801 1519//1050
f 1501//1197 1520//1049 1519//1050
f 1558//801 1559//800 1519//1050
f 1519//1050 1559//800 1518//1052
f 1369//1065 1519//1050 1518//1052
f 1559//800 1514//757 1518//1052
f 1518//1052 1514//757 1513//1054
f 1367//1063 1518//1052 1513//1054
f 1560//1063 1561//1064 1562//1065
f 1560//1063 1563//1066 1561//1064
f 1560//1063 1564//1067 1563//1066
f 1563//1066 1564//1067 1565//1068
f 1566//1069 1565//1068 1567//1070
f 1568//1071 1567//1070 1569//1072
f 1570//1073 1569//1072 1571//1074
f 1572//1075 1571//1074 1573//1076
f 1564//1067 1574//1077 1565//1068
f 1565//1068 1574//1077 1575//1078
f 1567//1070 1575//1078 1576//1079
f 1569//1072 1576//1079 1577//1080
f 1571//1074 1577//1080 1578//1081
f 1573//1076 1578//1081 1579//1082
f 1574//1077 1580//1083 1575//1078
f 1575//1078 1580//1083 1581//1084
f 1576//1079 1581//1084 1582//1085
f 1577//1080 1582//1085 1583//1086
f 1578//1081 1583//1086 1584//1087
f 1579//1082 1584//1087 1585//1088
f 1580//1083 1586//1089 1581//1084
f 1581//1084 1586//1089 1587//1090
f 1582//1085 1587//1090 1588//1091
f 1583//1086 1588//1091 1589//1092
f 1584//1087 1589//1092 1590//1093
f 1585//1088 1590//1093 1591//1094
f 1586//1089 1592//1095 1587//1090
f 1587//1090 1592//1095 1593//1096
f 1588//1091 1593//1096 1594//1097
f 1589//1092 1594//1097 1595//1098
f 1590//1093 1595//1098 1596//1099
f 1591//1094 1596//1099 1597//1100
f 1592//1095 1598//1101 1593//1096
f 1593//1096 1598//1101 1599//1102
f 1594//1097 1599//1102 1600//1103
f 1595//1098 1600//1103 1601//1104
f 1596//1099 1601//1104 1602//1105
f 1597//1100 1602//1105 1603//1106
f 1598//1101 1604//1107 1599//1102
f 1599//1102 1604//1107 1605//1108
f 1600//1103 1605//1108 1606//1212
f 1601//1104 1606//1212 1607//1110
f 1602//1105 1607//1110 1608//1111
f 1603//1106 1608//1111 1609//1112
f 1604//1107 1610//1113 1605//1108
f 1605//1108 1610//1113 1611//1114
f 1606//1212 1611//1114 1612//1115
f 1607//1110 1612//1115 1613//1116
f 1608//1111 1613//1116 1614//1117
f 1609//1112 1614//1117 1615//1118
f 1610//1113 1616//1119 1611//1114
f 1611//1114 1616//1119 1617//1120
f 1612//1115 1617//1120 1618//1121
f 1613//1116 1618//1121 1619//1122
f 1614//1117 1619//1122 1620//1123
f 1615//1118 1620//1123 1621//1124
f 1616//1119 1622//1125 1617//1120
f 1617//1120 1622//1125 1623//1126
f 1618//1121 1623//1126 1624//1127
f 1619//1122 1624//1127 1625//1128
f 1620//1123 1625//1128 1626//1129
f 1621//1124 1626//1129 1627//1130
f 1622//1125 1628//1131 1623//1126
f 1623//1126 1628//1131 1629//1132
f 1624//1127 1629//1132 1630//1133
f 1625//1128 1630//1133 1631//1134
f 1626//1129 1631//1134 1632//1135
f 1627//1130 1632//1135 1633//1136
f 1628//1131 1634//1137 1629//1132
f 1629//1132 1634//1137 1635//1138
f 1630//1133 1635//1138 1636//1139
f 1631//1134 1636//1139 1637//1140
f 1632//1135 1637//1140 1638//1141
f 1633//1136 1638//1141 1639//1142
f 1634//1137 1640//1143 1635//1138
f 1635//1138 1640//1143 1641//1144
f 1636//1139 1641//1144 1642//1145
f 1637//1140 1642//1145 1643//1146
f 1638//1141 1643//1146 1644//1147
f 1639//1142 1644//1147 1645//1148
f 1640//1143 1646//1149 1641//1144
f 1641//1144 1646//1149 1647//1150
f 1642//1145 1647//1150 1648//1151
f 1643//1146 1648//1151 1649//1152
f 1644//1147 1649//1152 1650//1153
f 1645//1148 1650//1153 1651//1154
f 1646//1149 1652//1155 1647//1150
f 1647//1150 1652//1155 1653//1156
f 1648//1151 1653//1156 1654//1157
f 1649//1152 1654//1157 1655//1158
f 1650//1153 1655//1158 1656//1159
f 1651//1154 1656//1159 1657//1160
f 1652//1155 1658//1161 1653//1156
f 1653//1156 1658//1161 1659//1162
f 1654//1157 1659//1162 1660//1163
f 1655//1158 1660//1163 1661//1164
f 1656//1159 1661//1164 1662//1165
f 1657//1160 1662//1165 1663//1166
f 1658//1161 1664//1167 1659//1162
f 1659//1162 1664//1167 1665//1168
f 1660//1163 1665//1168 1666//1169
f 1661//1164 1666//1169 1667//1170
f 1662//1165 1667//1170 1668//1171
f 1663//1166 1668//1171 1669//1172
f 1664//1167 1670//1173 1665//1168
f 1665//1168 1670//1173 1671//1174
f 1666//1169 1671//1174 1672//1175
f 1667//1170 1672//1175 1673//1176
f 1668//1171 1673//1176 1674//1177
f 1669//1172 1674//1177 1675//1178
f 1670//1173 1676//1179 1671//1174
f 1671//1174 1676//1179 1677//1180
f 1672//1175 1677//1180 1678//1181
f 1673//1176 1678//1181 1679//1182
f 1674//1177 1679//1182 1680//1183
f 1675//1178 1680//1183 1681//1184
f 1676//1179 1682//1185 1677//1180
f 1677//1180 1682//1185 1683//1186
f 1678//1181 1683//1186 1684//1187
f 1679//1182 1684//1187 1685//1188
f 1680//1183 1685//1188 1686//1189
f 1681//1184 1686//1189 1687//1190
f 1682//1185 1688//1191 1683//1186
f 1683//1186 1688//1191 1689//1192
f 1684//1187 1689//1192 1690//1193
f 1685//1188 1690//1193 1691//1194
f 1686//1189 1691//1194 1692//1195
f 1687//1190 1692//1195 1693//1196
f 1688//1191 1694//1197 1689//1192
f 1689//1192 1694//1197 1695//1198
f 1690//1193 1695//1198 1696//1199
f 1691//1194 1696//1199 1697//1200
f 1692//1195 1697//1200 1698//1201
f 1693//1196 1698//1201 1699//1202
f 1694//1197 1562//1065 1695//1198
f 1695//1198 1562//1065 1561//1064
f 1696//1199 1561//1064 1700//1203
f 1697//1200 1700//1203 1701//1204
f 1698//1201 1701//1204 1702//1205
f 1699//1202 1702//1205 1703//1206
f 1609//1112 1704//1207 1603//1106
f 1603//1106 1704//1207 1597//1100
f 1699//1202 1704//1207 1693//1196
f 1651//1154 1704//1207 1645//1148
f 1597//1100 1704//1207 1591//1094
f 1591//1094 1704//1207 1585//1088
f 1585//1088 1704//1207 1579//1082
f 1579//1082 1704//1207 1573//1076
f 1573//1076 1704//1207 1572//1075
f 1572//1075 1704//1207 1703//1206
f 1570//1073 1703//1206 1702//1205
f 1568//1071 1702//1205 1701//1204
f 1566//1069 1701//1204 1700//1203
f 1563//1066 1700//1203 1561//1064
f 1563//1066 1566//1069 1700//1203
f 1563//1066 1565//1068 1566//1069
f 1703//1206 1704//1207 1699//1202
f 1693//1196 1704//1207 1687//1190
f 1687//1190 1704//1207 1681//1184
f 1681//1184 1704//1207 1675//1178
f 1675//1178 1704//1207 1669//1172
f 1669//1172 1704//1207 1663//1166
f 1663//1166 1704//1207 1657//1160
f 1657//1160 1704//1207 1651//1154
f 1645//1148 1704//1207 1639//1142
f 1639//1142 1704//1207 1633//1136
f 1633//1136 1704//1207 1627//1130
f 1627//1130 1704//1207 1621//1124
f 1621//1124 1704//1207 1615//1118
f 1615//1118 1704//1207 1609//1112
f 1623//1126 1618//1121 1617//1120
f 1624//1127 1623//1126 1629//1132
f 1618//1121 1613//1116 1612//1115
f 1619//1122 1618//1121 1624//1127
f 1613//1116 1608//1111 1607//1110
f 1614//1117 1613//1116 1619//1122
f 1608//1111 1603//1106 1602//1105
f 1609//1112 1608//1111 1614//1117
f 1561//1064 1696//1199 1695//1198
f 1696//1199 1691//1194 1690//1193
f 1697//1200 1696//1199 1700//1203
f 1691//1194 1686//1189 1685//1188
f 1692//1195 1691//1194 1697//1200
f 1686//1189 1681//1184 1680//1183
f 1687//1190 1686//1189 1692//1195
f 1674//1177 1680//1183 1675//1178
f 1679//1182 1685//1188 1680//1183
f 1684//1187 1690//1193 1685//1188
f 1689//1192 1695//1198 1690//1193
f 1698//1201 1697//1200 1701//1204
f 1693//1196 1692//1195 1698//1201
f 1567//1070 1565//1068 1575//1078
f 1568//1071 1701//1204 1566//1069
f 1567//1070 1568//1071 1566//1069
f 1699//1202 1698//1201 1702//1205
f 1576//1079 1575//1078 1581//1084
f 1569//1072 1567//1070 1576//1079
f 1570//1073 1702//1205 1568//1071
f 1569//1072 1570//1073 1568//1071
f 1582//1085 1581//1084 1587//1090
f 1577//1080 1576//1079 1582//1085
f 1571//1074 1569//1072 1577//1080
f 1572//1075 1703//1206 1570//1073
f 1571//1074 1572//1075 1570//1073
f 1588//1091 1587//1090 1593//1096
f 1583//1086 1582//1085 1588//1091
f 1578//1081 1577//1080 1583//1086
f 1573//1076 1571//1074 1578//1081
f 1594//1097 1593//1096 1599//1102
f 1589//1092 1588//1091 1594//1097
f 1584//1087 1583//1086 1589//1092
f 1579//1082 1578//1081 1584//1087
f 1600//1103 1599//1102 1605//1108
f 1595//1098 1594//1097 1600//1103
f 1590//1093 1589//1092 1595//1098
f 1585//1088 1584//1087 1590//1093
f 1606//1212 1605//1108 1611//1114
f 1601//1104 1600//1103 1606//1212
f 1596//1099 1595//1098 1601//1104
f 1591//1094 1590//1093 1596//1099
f 1612//1115 1611//1114 1617//1120
f 1607//1110 1606//1212 1612//1115
f 1602//1105 1601//1104 1607//1110
f 1597//1100 1596//1099 1602//1105
f 1630//1133 1629//1132 1635//1138
f 1625//1128 1624//1127 1630//1133
f 1620//1123 1619//1122 1625//1128
f 1615//1118 1614//1117 1620//1123
f 1636//1139 1635//1138 1641//1144
f 1631//1134 1630//1133 1636//1139
f 1626//1129 1625//1128 1631//1134
f 1621//1124 1620//1123 1626//1129
f 1642//1145 1641//1144 1647//1150
f 1637//1140 1636//1139 1642//1145
f 1632//1135 1631//1134 1637//1140
f 1627//1130 1626//1129 1632//1135
f 1648//1151 1647//1150 1653//1156
f 1643//1146 1642//1145 1648//1151
f 1638//1141 1637//1140 1643//1146
f 1633//1136 1632//1135 1638//1141
f 1654//1157 1653//1156 1659//1162
f 1649//1152 1648//1151 1654//1157
f 1644//1147 1643//1146 1649//1152
f 1639//1142 1638//1141 1644//1147
f 1660//1163 1659//1162 1665//1168
f 1655//1158 1654//1157 1660//1163
f 1650//1153 1649//1152 1655//1158
f 1645//1148 1644//1147 1650//1153
f 1666//1169 1665//1168 1671//1174
f 1661//1164 1660//1163 1666//1169
f 1656//1159 1655//1158 1661//1164
f 1651//1154 1650//1153 1656//1159
f 1672//1175 1671//1174 1677//1180
f 1667//1170 1666//1169 1672//1175
f 1662//1165 1661//1164 1667//1170
f 1657//1160 1656//1159 1662//1165
f 1678//1181 1677//1180 1683//1186
f 1673//1176 1672//1175 1678//1181
f 1668//1171 1667//1170 1673//1176
f 1663//1166 1662//1165 1668//1171
f 1684//1187 1683//1186 1689//1192
f 1679//1182 1678//1181 1684//1187
f 1674//1177 1673//1176 1679//1182
f 1669//1172 1668//1171 1674//1177
f 1705//755 1706//1054 1707//788
f 1705//755 1708//1055 1706//1054
f 1705//755 1709//1056 1708//1055
f 1708//1055 1709//1056 1710//1057
f 1574//1077 1710//1057 1580//1083
f 1574//1077 1708//1055 1710//1057
f 1574//1077 1564//1067 1708//1055
f 1708//1055 1564//1067 1706//1054
f 1706//1054 1564//1067 1560//1063
f 1711//1052 1560//1063 1562//1065
f 1712//1050 1562//1065 1694//1197
f 1713//1049 1694//1197 1688//1191
f 1714//1048 1688//1191 1682//1185
f 1715//1046 1682//1185 1676//1179
f 1716//1045 1676//1179 1670//1173
f 1717//1043 1670//1173 1664//1167
f 1718//1042 1664//1167 1658//1161
f 1719//1041 1658//1161 1652//1155
f 1720//1040 1652//1155 1646//1149
f 1721//1038 1646//1149 1640//1143
f 1722//1036 1640//1143 1634//1137
f 1723//1035 1634//1137 1628//1131
f 1724//1031 1628//1131 1622//1125
f 1725//1032 1622//1125 1616//1119
f 1726//1033 1616//1119 1610//1113
f 1727//1062 1610//1113 1604//1107
f 1728//1061 1604//1107 1598//1101
f 1729//1060 1598//1101 1592//1095
f 1730//1059 1592//1095 1586//1089
f 1731//1058 1586//1089 1580//1083
f 1710//1057 1731//1058 1580//1083
f 1710//1057 1732//1213 1731//1058
f 1710//1057 1709//1056 1732//1213
f 1732//1213 1733//786 1731//1058
f 1731//1058 1733//786 1730//1059
f 1586//1089 1731//1058 1730//1059
f 1733//786 1734//1214 1730//1059
f 1730//1059 1734//1214 1729//1060
f 1592//1095 1730//1059 1729//1060
f 1734//1214 1735//745 1729//1060
f 1729//1060 1735//745 1728//1061
f 1598//1101 1729//1060 1728//1061
f 1735//745 1736//784 1728//1061
f 1728//1061 1736//784 1727//1062
f 1604//1107 1728//1061 1727//1062
f 1736//784 1737//798 1727//1062
f 1727//1062 1737//798 1726//1033
f 1610//1113 1727//1062 1726//1033
f 1737//798 1738//739 1726//1033
f 1726//1033 1738//739 1725//1032
f 1616//1119 1726//1033 1725//1032
f 1738//739 1739//737 1725//1032
f 1725//1032 1739//737 1724//1031
f 1622//1125 1725//1032 1724//1031
f 1739//737 1740//735 1724//1031
f 1724//1031 1740//735 1723//1035
f 1628//1131 1724//1031 1723//1035
f 1740//735 1741//781 1723//1035
f 1723//1035 1741//781 1722//1036
f 1634//1137 1723//1035 1722//1036
f 1741//781 1742//779 1722//1036
f 1722//1036 1742//779 1721//1038
f 1640//1143 1722//1036 1721//1038
f 1742//779 1743//1039 1721//1038
f 1721//1038 1743//1039 1720//1040
f 1646//1149 1721//1038 1720//1040
f 1743//1039 1744//793 1720//1040
f 1720//1040 1744//793 1719//1041
f 1652//1155 1720//1040 1719//1041
f 1744//793 1745//792 1719//1041
f 1719//1041 1745//792 1718//1042
f 1658//1161 1719//1041 1718//1042
f 1745//792 1746//771 1718//1042
f 1718//1042 1746//771 1717//1043
f 1664//1167 1718//1042 1717//1043
f 1746//771 1747//1044 1717//1043
f 1717//1043 1747//1044 1716//1045
f 1670//1173 1717//1043 1716//1045
f 1747//1044 1748//767 1716//1045
f 1716//1045 1748//767 1715//1046
f 1676//1179 1716//1045 1715//1046
f 1748//767 1749//1047 1715//1046
f 1715//1046 1749//1047 1714//1048
f 1682//1185 1715//1046 1714//1048
f 1749//1047 1750//763 1714//1048
f 1714//1048 1750//763 1713//1049
f 1688//1191 1714//1048 1713//1049
f 1750//763 1751//801 1713//1049
f 1713//1049 1751//801 1712//1050
f 1694//1197 1713//1049 1712//1050
f 1751//801 1752//800 1712//1050
f 1712//1050 1752//800 1711//1052
f 1562//1065 1712//1050 1711//1052
f 1752//800 1707//788 1711//1052
f 1711//1052 1707//788 1706//1054
f 1560//1063 1711//1052 1706//1054
f 1753//1215 1754//1216 1755//1217
f 1753//1215 1756//1218 1754//1216
f 1753//1215 1757//1219 1756//1218
f 1756//1218 1757//1219 1758//1220
f 1758//1220 1757//1219 1759//1221
f 1760//1222 1759//1221 1761//1223
f 1762//1224 1761//1223 1763//1225
f 1764//1226 1763//1225 1765//1227
f 1766//1228 1765//1227 1767//1229
f 1768//1230 1767//1229 1769//1231
f 1770//1232 1769//1231 1771//1233
f 1772//1234 1771//1233 1773//1235
f 1774//1236 1773//1235 1775//1237
f 1776//1238 1775//1237 1777//1239
f 1778//1240 1777//1239 1779//1241
f 1780//1242 1779//1241 1781//1243
f 1782//1244 1781//1243 1783//1245
f 1784//1246 1783//1245 1785//1247
f 1786//1248 1785//1247 1787//1249
f 1788//1250 1787//1249 1789//1251
f 1790//1252 1789//1251 1791//1253
f 1792//1254 1791//1253 1793//1255
f 1794//1256 1793//1255 1795//1257
f 1796//1258 1795//1257 1797//1259
f 1798//1260 1797//1259 1799//1261
f 1800//1262 1799//1261 1801//1263
f 1802//1264 1801//1263 1803//1265
f 1804//1266 1803//1265 1805//1267
f 1806//1268 1805//1267 1807//1269
f 1808//1270 1807//1269 1809//1271
f 1810//1272 1809//1271 1811//1273
f 1812//1274 1811//1273 1813//1275
f 1814//1276 1813//1275 1815//1277
f 1816//1278 1815//1277 1817//1279
f 1818//1280 1817//1279 1819//1281
f 1820//1282 1819//1281 1821//1283
f 1822//1284 1821//1283 1823//1285
f 1824//1286 1823//1285 1825//1287
f 1826//1288 1825//1287 1827//1289
f 1828//1290 1827//1289 1829//1291
f 1830//1292 1829//1291 1831//1293
f 1832//1294 1831//1293 1833//1295
f 1834//1296 1833//1295 1835//1297
f 1836//1298 1835//1297 1837//1299
f 1838//1300 1837//1299 1839//1301
f 1840//1302 1839//1301 1841//1303
f 1842//1304 1841//1303 1843//1305
f 1844//1306 1843//1305 1845//1307
f 1846//1308 1845//1307 1847//1309
f 1848//1310 1847//1309 1849//1311
f 1850//1312 1849//1311 1851//1313
f 1852//1314 1851//1313 1853//1315
f 1854//1316 1853//1315 1855//1317
f 1856//1318 1855//1317 1857//1319
f 1858//1320 1857//1319 1859//1321
f 1860//1322 1859//1321 1861//1323
f 1862//1324 1861//1323 1863//1325
f 1864//1326 1863//1325 1865//1327
f 1866//1328 1865//1327 1867//1329
f 1868//1330 1867//1329 1869//1331
f 1870//1332 1869//1331 1755//1217
f 1754//1216 1870//1332 1755//1217
f 1758//1220 1759//1221 1760//1222
f 1760//1222 1761//1223 1762//1224
f 1762//1224 1763//1225 1764//1226
f 1764//1226 1765//1227 1766//1228
f 1766//1228 1767//1229 1768//1230
f 1768//1230 1769//1231 1770//1232
f 1770//1232 1771//1233 1772//1234
f 1772//1234 1773//1235 1774//1236
f 1774//1236 1775//1237 1776//1238
f 1776//1238 1777//1239 1778//1240
f 1778//1240 1779//1241 1780//1242
f 1780//1242 1781//1243 1782//1244
f 1782//1244 1783//1245 1784//1246
f 1784//1246 1785//1247 1786//1248
f 1786//1248 1787//1249 1788//1250
f 1788//1250 1789//1251 1790//1252
f 1790//1252 1791//1253 1792//1254
f 1792//1254 1793//1255 1794//1256
f 1794//1256 1795//1257 1796//1258
f 1796//1258 1797//1259 1798//1260
f 1798//1260 1799//1261 1800//1262
f 1800//1262 1801//1263 1802//1264
f 1802//1264 1803//1265 1804//1266
f 1804//1266 1805//1267 1806//1268
f 1806//1268 1807//1269 1808//1270
f 1808//1270 1809//1271 1810//1272
f 1810//1272 1811//1273 1812//1274
f 1812//1274 1813//1275 1814//1276
f 1814//1276 1815//1277 1816//1278
f 1816//1278 1817//1279 1818//1280
f 1818//1280 1819//1281 1820//1282
f 1820//1282 1821//1283 1822//1284
f 1822//1284 1823//1285 1824//1286
f 1824//1286 1825//1287 1826//1288
f 1826//1288 1827//1289 1828//1290
f 1828//1290 1829//1291 1830//1292
f 1830//1292 1831//1293 1832//1294
f 1832//1294 1833//1295 1834//1296
f 1834//1296 1835//1297 1836//1298
f 1836//1298 1837//1299 1838//1300
f 1838//1300 1839//1301 1840//1302
f 1840//1302 1841//1303 1842//1304
f 1842//1304 1843//1305 1844//1306
f 1844//1306 1845//1307 1846//1308
f 1846//1308 1847//1309 1848//1310
f 1848//1310 1849//1311 1850//1312
f 1850//1312 1851//1313 1852//1314
f 1852//1314 1853//1315 1854//1316
f 1854//1316 1855//1317 1856//1318
f 1856//1318 1857//1319 1858//1320
f 1858//1320 1859//1321 1860//1322
f 1860//1322 1861//1323 1862//1324
f 1862//1324 1863//1325 1864//1326
f 1864//1326 1865//1327 1866//1328
f 1866//1328 1867//1329 1868//1330
f 1868//1330 1869//1331 1870//1332
f 1304//735 1771//1233 1306//781
f 1304//735 1773//1235 1771//1233
f 1304//735 1303//1034 1773//1235
f 1773//1235 1303//1034 1775//1237
f 1775//1237 1303//1034 1777//1239
f 1777//1239 1303//1034 1301//739
f 1779//1241 1301//739 1302//783
f 1344//784 1779//1241 1302//783
f 1344//784 1781//1243 1779//1241
f 1344//784 1342//785 1781//1243
f 1781//1243 1342//785 1783//1245
f 1783//1245 1342//785 1340//747
f 1785//1247 1340//747 1338//749
f 1787//1249 1338//749 1336//751
f 1789//1251 1336//751 1334//1056
f 1791//1253 1334//1056 1332//755
f 1793//1255 1332//755 1330//1053
f 1795//1257 1330//1053 1797//1259
f 1795//1257 1793//1255 1330//1053
f 1777//1239 1301//739 1779//1241
f 1783//1245 1340//747 1785//1247
f 1785//1247 1338//749 1787//1249
f 1787//1249 1336//751 1789//1251
f 1789//1251 1334//1056 1791//1253
f 1791//1253 1332//755 1793//1255
f 1330//1053 1328//1051 1797//1259
f 1797//1259 1328//1051 1747//1044
f 1799//1261 1747//1044 1801//1263
f 1799//1261 1797//1259 1747//1044
f 1747//1044 1328//1051 1748//767
f 1748//767 1328//1051 1326//801
f 1749//1047 1326//801 1324//763
f 1750//763 1324//763 1322//1047
f 1751//801 1322//1047 1320//767
f 1752//800 1320//767 1318//1044
f 1707//788 1318//1044 1548//1211
f 1705//755 1548//1211 1547//735
f 1709//1056 1547//735 1546//737
f 1732//1213 1546//737 1545//1210
f 1841//1303 1545//1210 1843//1305
f 1841//1303 1732//1213 1545//1210
f 1841//1303 1839//1301 1732//1213
f 1732//1213 1839//1301 1837//1299
f 1733//786 1837//1299 1835//1297
f 1833//1295 1733//786 1835//1297
f 1833//1295 1831//1293 1733//786
f 1733//786 1831//1293 1734//1214
f 1734//1214 1831//1293 1829//1291
f 1827//1289 1734//1214 1829//1291
f 1827//1289 1735//745 1734//1214
f 1827//1289 1825//1287 1735//745
f 1735//745 1825//1287 1823//1285
f 1736//784 1823//1285 1821//1283
f 1737//798 1821//1283 1819//1281
f 1738//739 1819//1281 1817//1279
f 1739//737 1817//1279 1815//1277
f 1740//735 1815//1277 1813//1275
f 1741//781 1813//1275 1811//1273
f 1742//779 1811//1273 1809//1271
f 1743//1039 1809//1271 1807//1269
f 1744//793 1807//1269 1805//1267
f 1745//792 1805//1267 1803//1265
f 1746//771 1803//1265 1801//1263
f 1747//1044 1746//771 1801//1263
f 1748//767 1326//801 1749//1047
f 1749//1047 1324//763 1750//763
f 1750//763 1322//1047 1751//801
f 1751//801 1320//767 1752//800
f 1548//1211 1318//1044 1549//779
f 1549//779 1318//1044 1316//771
f 1550//1039 1316//771 1314//792
f 1551//793 1314//792 1312//793
f 1552//792 1312//793 1310//1039
f 1553//771 1310//1039 1308//1037
f 1554//791 1308//1037 1767//1229
f 1765//1227 1554//791 1767//1229
f 1765//1227 1555//767 1554//791
f 1765//1227 1763//1225 1555//767
f 1555//767 1763//1225 1556//789
f 1556//789 1763//1225 1761//1223
f 1759//1221 1556//789 1761//1223
f 1759//1221 1557//763 1556//789
f 1759//1221 1757//1219 1557//763
f 1557//763 1757//1219 1558//801
f 1558//801 1757//1219 1753//1215
f 1559//800 1753//1215 1755//1217
f 1514//757 1755//1217 1512//755
f 1514//757 1559//800 1755//1217
f 1549//779 1316//771 1550//1039
f 1550//1039 1314//792 1551//793
f 1551//793 1312//793 1552//792
f 1552//792 1310//1039 1553//771
f 1767//1229 1308//1037 1769//1231
f 1769//1231 1308//1037 1306//781
f 1771//1233 1769//1231 1306//781
f 1559//800 1558//801 1753//1215
f 1554//791 1553//771 1308//1037
f 1707//788 1548//1211 1705//755
f 1705//755 1547//735 1709//1056
f 1709//1056 1546//737 1732//1213
f 1544//741 1847//1309 1545//1210
f 1544//741 1849//1311 1847//1309
f 1544//741 1851//1313 1849//1311
f 1544//741 1543//1209 1851//1313
f 1851//1313 1543//1209 1853//1315
f 1853//1315 1543//1209 1855//1317
f 1855//1317 1543//1209 1542//745
f 1857//1319 1542//745 1859//1321
f 1857//1319 1855//1317 1542//745
f 1542//745 1541//747 1859//1321
f 1859//1321 1541//747 1861//1323
f 1861//1323 1541//747 1540//1208
f 1863//1325 1540//1208 1865//1327
f 1863//1325 1861//1323 1540//1208
f 1540//1208 1539//751 1865//1327
f 1865//1327 1539//751 1867//1329
f 1867//1329 1539//751 1516//1056
f 1869//1331 1516//1056 1512//755
f 1755//1217 1869//1331 1512//755
f 1867//1329 1516//1056 1869//1331
f 1707//788 1752//800 1318//1044
f 1746//771 1745//792 1803//1265
f 1745//792 1744//793 1805//1267
f 1744//793 1743//1039 1807//1269
f 1743//1039 1742//779 1809//1271
f 1742//779 1741//781 1811//1273
f 1741//781 1740//735 1813//1275
f 1740//735 1739//737 1815//1277
f 1739//737 1738//739 1817//1279
f 1738//739 1737//798 1819//1281
f 1737//798 1736//784 1821//1283
f 1736//784 1735//745 1823//1285
f 1733//786 1732//1213 1837//1299
f 1847//1309 1845//1307 1545//1210
f 1545//1210 1845//1307 1843//1305
f 1871//1333 1872//1334 1873//1335
f 1871//1333 1874//1336 1872//1334
f 1871//1333 1875//1337 1874//1336
f 1874//1336 1875//1337 1876//1338
f 1877//1339 1876//1338 1878//1340
f 1879//1341 1878//1340 1880//1342
f 1881//1343 1880//1342 1882//1344
f 1883//1345 1882//1344 1884//1346
f 1875//1337 1885//1347 1876//1338
f 1876//1338 1885//1347 1886//1348
f 1878//1340 1886//1348 1887//1349
f 1880//1342 1887//1349 1888//1350
f 1882//1344 1888//1350 1889//1351
f 1884//1346 1889//1351 1890//1352
f 1885//1347 1891//1353 1886//1348
f 1886//1348 1891//1353 1892//1354
f 1887//1349 1892//1354 1893//1355
f 1888//1350 1893//1355 1894//1356
f 1889//1351 1894//1356 1895//1357
f 1890//1352 1895//1357 1896//1358
f 1891//1353 1897//1359 1892//1354
f 1892//1354 1897//1359 1898//1360
f 1893//1355 1898//1360 1899//1361
f 1894//1356 1899//1361 1900//1362
f 1895//1357 1900//1362 1901//1363
f 1896//1358 1901//1363 1902//1364
f 1897//1359 1903//1365 1898//1360
f 1898//1360 1903//1365 1904//1366
f 1899//1361 1904//1366 1905//1367
f 1900//1362 1905//1367 1906//1368
f 1901//1363 1906//1368 1907//1369
f 1902//1364 1907//1369 1908//1370
f 1903//1365 1909//1371 1904//1366
f 1904//1366 1909//1371 1910//1372
f 1905//1367 1910//1372 1911//1373
f 1906//1368 1911//1373 1912//1374
f 1907//1369 1912//1374 1913//1375
f 1908//1370 1913//1375 1914//1376
f 1909//1371 1915//1377 1910//1372
f 1910//1372 1915//1377 1916//1378
f 1911//1373 1916//1378 1917//1379
f 1912//1374 1917//1379 1918//1380
f 1913//1375 1918//1380 1919//1381
f 1914//1376 1919//1381 1920//1382
f 1915//1377 1921//1383 1916//1378
f 1916//1378 1921//1383 1922//1384
f 1917//1379 1922//1384 1923//1385
f 1918//1380 1923//1385 1924//1386
f 1919//1381 1924//1386 1925//1387
f 1920//1382 1925//1387 1926//1388
f 1921//1383 1927//1389 1922//1384
f 1922//1384 1927//1389 1928//1390
f 1923//1385 1928//1390 1929//1391
f 1924//1386 1929//1391 1930//1392
f 1925//1387 1930//1392 1931//1393
f 1926//1388 1931//1393 1932//1394
f 1927//1389 1933//1395 1928//1390
f 1928//1390 1933//1395 1934//1396
f 1929//1391 1934//1396 1935//1397
f 1930//1392 1935//1397 1936//1398
f 1931//1393 1936//1398 1937//1399
f 1932//1394 1937//1399 1938//1400
f 1933//1395 1939//1401 1934//1396
f 1934//1396 1939//1401 1940//1402
f 1935//1397 1940//1402 1941//1403
f 1936//1398 1941//1403 1942//1404
f 1937//1399 1942//1404 1943//1405
f 1938//1400 1943//1405 1944//1406
f 1939//1401 1945//1407 1940//1402
f 1940//1402 1945//1407 1946//1408
f 1941//1403 1946//1408 1947//1409
f 1942//1404 1947//1409 1948//1410
f 1943//1405 1948//1410 1949//1411
f 1944//1406 1949//1411 1950//1412
f 1945//1407 1951//1413 1946//1408
f 1946//1408 1951//1413 1952//1414
f 1947//1409 1952//1414 1953//1415
f 1948//1410 1953//1415 1954//1416
f 1949//1411 1954//1416 1955//1417
f 1950//1412 1955//1417 1956//1418
f 1951//1413 1957//1419 1952//1414
f 1952//1414 1957//1419 1958//1420
f 1953//1415 1958//1420 1959//1421
f 1954//1416 1959//1421 1960//1422
f 1955//1417 1960//1422 1961//1423
f 1956//1418 1961//1423 1962//1424
f 1957//1419 1963//1425 1958//1420
f 1958//1420 1963//1425 1964//1426
f 1959//1421 1964//1426 1965//1427
f 1960//1422 1965//1427 1966//1428
f 1961//1423 1966//1428 1967//1429
f 1962//1424 1967//1429 1968//1430
f 1963//1425 1969//1431 1964//1426
f 1964//1426 1969//1431 1970//1432
f 1965//1427 1970//1432 1971//1433
f 1966//1428 1971//1433 1972//1434
f 1967//1429 1972//1434 1973//1435
f 1968//1430 1973//1435 1974//1436
f 1969//1431 1975//1437 1970//1432
f 1970//1432 1975//1437 1976//1438
f 1971//1433 1976//1438 1977//1439
f 1972//1434 1977//1439 1978//1440
f 1973//1435 1978//1440 1979//1441
f 1974//1436 1979//1441 1980//1442
f 1975//1437 1981//1443 1976//1438
f 1976//1438 1981//1443 1982//1444
f 1977//1439 1982//1444 1983//1445
f 1978//1440 1983//1445 1984//1446
f 1979//1441 1984//1446 1985//1447
f 1980//1442 1985//1447 1986//1448
f 1981//1443 1987//1449 1982//1444
f 1982//1444 1987//1449 1988//1450
f 1983//1445 1988//1450 1989//1451
f 1984//1446 1989//1451 1990//1452
f 1985//1447 1990//1452 1991//1453
f 1986//1448 1991//1453 1992//1454
f 1987//1449 1993//1455 1988//1450
f 1988//1450 1993//1455 1994//1456
f 1989//1451 1994//1456 1995//1457
f 1990//1452 1995//1457 1996//1458
f 1991//1453 1996//1458 1997//1459
f 1992//1454 1997//1459 1998//1460
f 1993//1455 1999//1461 1994//1456
f 1994//1456 1999//1461 2000//1462
f 1995//1457 2000//1462 2001//1463
f 1996//1458 2001//1463 2002//1464
f 1997//1459 2002//1464 2003//1465
f 1998//1460 2003//1465 2004//1466
f 1999//1461 2005//1467 2000//1462
f 2000//1462 2005//1467 2006//1468
f 2001//1463 2006//1468 2007//1469
f 2002//1464 2007//1469 2008//1470
f 2003//1465 2008//1470 2009//1471
f 2004//1466 2009//1471 2010//1472
f 2005//1467 1873//1335 2006//1468
f 2006//1468 1873//1335 1872//1334
f 2007//1469 1872//1334 2011//1473
f 2008//1470 2011//1473 2012//1474
f 2009//1471 2012//1474 2013//1475
f 2010//1472 2013//1475 2014//1476
f 1992//1454 2015//1477 1986//1448
f 1986//1448 2015//1477 1980//1442
f 1938//1400 2015//1477 1932//1394
f 1890//1352 2015//1477 1884//1346
f 1980//1442 2015//1477 1974//1436
f 1974//1436 2015//1477 1968//1430
f 1968//1430 2015//1477 1962//1424
f 1962//1424 2015//1477 1956//1418
f 1956//1418 2015//1477 1950//1412
f 1950//1412 2015//1477 1944//1406
f 1944//1406 2015//1477 1938//1400
f 1932//1394 2015//1477 1926//1388
f 1926//1388 2015//1477 1920//1382
f 1920//1382 2015//1477 1914//1376
f 1914//1376 2015//1477 1908//1370
f 1908//1370 2015//1477 1902//1364
f 1902//1364 2015//1477 1896//1358
f 1896//1358 2015//1477 1890//1352
f 1884//1346 2015//1477 1883//1345
f 1883//1345 2015//1477 2014//1476
f 1881//1343 2014//1476 2013//1475
f 1879//1341 2013//1475 2012//1474
f 1877//1339 2012//1474 2011//1473
f 1874//1336 2011//1473 1872//1334
f 1874//1336 1877//1339 2011//1473
f 1874//1336 1876//1338 1877//1339
f 2014//1476 2015//1477 2010//1472
f 2010//1472 2015//1477 2004//1466
f 2004//1466 2015//1477 1998//1460
f 1998//1460 2015//1477 1992//1454
f 2006//1468 2001//1463 2000//1462
f 2007//1469 2006//1468 1872//1334
f 2001//1463 1996//1458 1995//1457
f 2002//1464 2001//1463 2007//1469
f 1996//1458 1991//1453 1990//1452
f 1997//1459 1996//1458 2002//1464
f 1991//1453 1986//1448 1985//1447
f 1992//1454 1991//1453 1997//1459
f 2008//1470 2007//1469 2011//1473
f 2003//1465 2002//1464 2008//1470
f 1998//1460 1997//1459 2003//1465
f 2009//1471 2008//1470 2012//1474
f 2004//1466 2003//1465 2009//1471
f 1878//1340 1876//1338 1886//1348
f 1879//1341 2012//1474 1877//1339
f 1878//1340 1879//1341 1877//1339
f 2010//1472 2009//1471 2013//1475
f 1887//1349 1886//1348 1892//1354
f 1880//1342 1878//1340 1887//1349
f 1881//1343 2013//1475 1879//1341
f 1880//1342 1881//1343 1879//1341
f 1893//1355 1892//1354 1898//1360
f 1888//1350 1887//1349 1893//1355
f 1882//1344 1880//1342 1888//1350
f 1883//1345 2014//1476 1881//1343
f 1882//1344 1883//1345 1881//1343
f 1899//1361 1898//1360 1904//1366
f 1894//1356 1893//1355 1899//1361
f 1889//1351 1888//1350 1894//1356
f 1884//1346 1882//1344 1889//1351
f 1905//1367 1904//1366 1910//1372
f 1900//1362 1899//1361 1905//1367
f 1895//1357 1894//1356 1900//1362
f 1890//1352 1889//1351 1895//1357
f 1911//1373 1910//1372 1916//1378
f 1906//1368 1905//1367 1911//1373
f 1901//1363 1900//1362 1906//1368
f 1896//1358 1895//1357 1901//1363
f 1917//1379 1916//1378 1922//1384
f 1912//1374 1911//1373 1917//1379
f 1907//1369 1906//1368 1912//1374
f 1902//1364 1901//1363 1907//1369
f 1923//1385 1922//1384 1928//1390
f 1918//1380 1917//1379 1923//1385
f 1913//1375 1912//1374 1918//1380
f 1908//1370 1907//1369 1913//1375
f 1929//1391 1928//1390 1934//1396
f 1924//1386 1923//1385 1929//1391
f 1919//1381 1918//1380 1924//1386
f 1914//1376 1913//1375 1919//1381
f 1935//1397 1934//1396 1940//1402
f 1930//1392 1929//1391 1935//1397
f 1925//1387 1924//1386 1930//1392
f 1920//1382 1919//1381 1925//1387
f 1941//1403 1940//1402 1946//1408
f 1936//1398 1935//1397 1941//1403
f 1931//1393 1930//1392 1936//1398
f 1926//1388 1925//1387 1931//1393
f 1947//1409 1946//1408 1952//1414
f 1942//1404 1941//1403 1947//1409
f 1937//1399 1936//1398 1942//1404
f 1932//1394 1931//1393 1937//1399
f 1953//1415 1952//1414 1958//1420
f 1948//1410 1947//1409 1953//1415
f 1943//1405 1942//1404 1948//1410
f 1938//1400 1937//1399 1943//1405
f 1959//1421 1958//1420 1964//1426
f 1954//1416 1953//1415 1959//1421
f 1949//1411 1948//1410 1954//1416
f 1944//1406 1943//1405 1949//1411
f 1965//1427 1964//1426 1970//1432
f 1960//1422 1959//1421 1965//1427
f 1955//1417 1954//1416 1960//1422
f 1950//1412 1949//1411 1955//1417
f 1971//1433 1970//1432 1976//1438
f 1966//1428 1965//1427 1971//1433
f 1961//1423 1960//1422 1966//1428
f 1956//1418 1955//1417 1961//1423
f 1977//1439 1976//1438 1982//1444
f 1972//1434 1971//1433 1977//1439
f 1967//1429 1966//1428 1972//1434
f 1962//1424 1961//1423 1967//1429
f 1983//1445 1982//1444 1988//1450
f 1978//1440 1977//1439 1983//1445
f 1973//1435 1972//1434 1978//1440
f 1968//1430 1967//1429 1973//1435
f 1989//1451 1988//1450 1994//1456
f 1984//1446 1983//1445 1989//1451
f 1979//1441 1978//1440 1984//1446
f 1974//1436 1973//1435 1979//1441
f 1995//1457 1994//1456 2000//1462
f 1990//1452 1989//1451 1995//1457
f 1985//1447 1984//1446 1990//1452
f 1980//1442 1979//1441 1985//1447
f 2016//1478 1871//1333 2017//1479
f 2016//1478 1875//1337 1871//1333
f 2016//1478 2018//1480 1875//1337
f 1875//1337 2018//1480 1885//1347
f 1885//1347 2018//1480 2019//1481
f 1891//1353 2019//1481 2020//1482
f 1897//1359 2020//1482 2021//1483
f 1903//1365 2021//1483 2022//1484
f 1909//1371 2022//1484 2023//1485
f 1915//1377 2023//1485 2024//1486
f 1921//1383 2024//1486 2025//1487
f 1927//1389 2025//1487 2026//1488
f 1933//1395 2026//1488 2027//1489
f 1939//1401 2027//1489 2028//1490
f 1945//1407 2028//1490 2029//1491
f 1951//1413 2029//1491 2030//1492
f 1957//1419 2030//1492 2031//1493
f 1963//1425 2031//1493 2032//1494
f 1969//1431 2032//1494 2033//1495
f 1975//1437 2033//1495 2034//1496
f 1981//1443 2034//1496 2035//1497
f 1987//1449 2035//1497 2036//1498
f 1993//1455 2036//1498 2037//1499
f 1999//1461 2037//1499 2038//1500
f 2005//1467 2038//1500 2039//1501
f 1873//1335 2039//1501 2017//1479
f 1871//1333 1873//1335 2017//1479
f 1885//1347 2019//1481 1891//1353
f 1891//1353 2020//1482 1897//1359
f 1897//1359 2021//1483 1903//1365
f 1903//1365 2022//1484 1909//1371
f 1909//1371 2023//1485 1915//1377
f 1915//1377 2024//1486 1921//1383
f 1921//1383 2025//1487 1927//1389
f 1927//1389 2026//1488 1933//1395
f 1933//1395 2027//1489 1939//1401
f 1939//1401 2028//1490 1945//1407
f 1945//1407 2029//1491 1951//1413
f 1951//1413 2030//1492 1957//1419
f 1957//1419 2031//1493 1963//1425
f 1963//1425 2032//1494 1969//1431
f 1969//1431 2033//1495 1975//1437
f 1975//1437 2034//1496 1981//1443
f 1981//1443 2035//1497 1987//1449
f 1987//1449 2036//1498 1993//1455
f 1993//1455 2037//1499 1999//1461
f 1999//1461 2038//1500 2005//1467
f 2005//1467 2039//1501 1873//1335
f 2040//1502 2041//1503 2042//1504
f 2040//1502 2043//1505 2041//1503
f 2040//1502 2044//1506 2043//1505
f 2043//1505 2044//1506 2045//1507
f 2046//1508 2045//1507 2047//1509
f 2048//1510 2047//1509 2049//1511
f 2050//1512 2049//1511 2051//1513
f 2052//1514 2051//1513 2053//1515
f 2054//1516 2053//1515 2055//1517
f 2056//1518 2055//1517 2057//1519
f 2056//1518 2054//1516 2055//1517
f 2056//1518 2058//1520 2054//1516
f 2054//1516 2058//1520 2059//1521
f 2052//1514 2059//1521 2060//1522
f 2050//1512 2060//1522 2061//1523
f 2048//1510 2061//1523 2062//1524
f 2046//1508 2062//1524 2063//1525
f 2043//1505 2063//1525 2041//1503
f 2043//1505 2046//1508 2063//1525
f 2043//1505 2045//1507 2046//1508
f 2044//1506 2064//1526 2045//1507
f 2045//1507 2064//1526 2065//1527
f 2047//1509 2065//1527 2066//1528
f 2049//1511 2066//1528 2067//1529
f 2051//1513 2067//1529 2068//1530
f 2053//1515 2068//1530 2069//1531
f 2055//1517 2069//1531 2070//1532
f 2057//1519 2070//1532 2071//1533
f 2057//1519 2055//1517 2070//1532
f 2064//1526 2072//1534 2065//1527
f 2065//1527 2072//1534 2073//1535
f 2066//1528 2073//1535 2074//1536
f 2067//1529 2074//1536 2075//1537
f 2068//1530 2075//1537 2076//1538
f 2069//1531 2076//1538 2077//1539
f 2070//1532 2077//1539 2078//1540
f 2071//1533 2078//1540 2079//1541
f 2071//1533 2070//1532 2078//1540
f 2072//1534 2080//1542 2073//1535
f 2073//1535 2080//1542 2081//1543
f 2074//1536 2081//1543 2082//1544
f 2075//1537 2082//1544 2083//1545
f 2076//1538 2083//1545 2084//1546
f 2077//1539 2084//1546 2085//1547
f 2078//1540 2085//1547 2086//1548
f 2079//1541 2086//1548 2087//1549
f 2079//1541 2078//1540 2086//1548
f 2080//1542 2088//1550 2081//1543
f 2081//1543 2088//1550 2089//1551
f 2082//1544 2089//1551 2090//1552
f 2083//1545 2090//1552 2091//1553
f 2084//1546 2091//1553 2092//1554
f 2085//1547 2092//1554 2093//1555
f 2086//1548 2093//1555 2094//1556
f 2087//1549 2094//1556 2095//1557
f 2087//1549 2086//1548 2094//1556
f 2088//1550 2096//1558 2089//1551
f 2089//1551 2096//1558 2097//1559
f 2090//1552 2097//1559 2098//1560
f 2091//1553 2098//1560 2099//1561
f 2092//1554 2099//1561 2100//1562
f 2093//1555 2100//1562 2101//1563
f 2094//1556 2101//1563 2102//1564
f 2095//1557 2102//1564 2103//1565
f 2095//1557 2094//1556 2102//1564
f 2096//1558 2104//1566 2097//1559
f 2097//1559 2104//1566 2105//1567
f 2098//1560 2105//1567 2106//1568
f 2099//1561 2106//1568 2107//1569
f 2100//1562 2107//1569 2108//1570
f 2101//1563 2108//1570 2109//1571
f 2102//1564 2109//1571 2110//1572
f 2103//1565 2110//1572 2111//1573
f 2103//1565 2102//1564 2110//1572
f 2104//1566 2112//1574 2105//1567
f 2105//1567 2112//1574 2113//1575
f 2106//1568 2113//1575 2114//1576
f 2107//1569 2114//1576 2115//1577
f 2108//1570 2115//1577 2116//1578
f 2109//1571 2116//1578 2117//1579
f 2110//1572 2117//1579 2118//1580
f 2111//1573 2118//1580 2119//1581
f 2111//1573 2110//1572 2118//1580
f 2112//1574 2120//1582 2113//1575
f 2113//1575 2120//1582 2121//1583
f 2114//1576 2121//1583 2122//1584
f 2115//1577 2122//1584 2123//1585
f 2116//1578 2123//1585 2124//1586
f 2117//1579 2124//1586 2125//1587
f 2118//1580 2125//1587 2126//1588
f 2119//1581 2126//1588 2127//1589
f 2119//1581 2118//1580 2126//1588
f 2120//1582 2128//1590 2121//1583
f 2121//1583 2128//1590 2129//1591
f 2122//1584 2129//1591 2130//1592
f 2123//1585 2130//1592 2131//1593
f 2124//1586 2131//1593 2132//1594
f 2125//1587 2132//1594 2133//1595
f 2126//1588 2133//1595 2134//1596
f 2127//1589 2134//1596 2135//1597
f 2127//1589 2126//1588 2134//1596
f 2128//1590 2136//1598 2129//1591
f 2129//1591 2136//1598 2137//1599
f 2130//1592 2137//1599 2138//1600
f 2131//1593 2138//1600 2139//1601
f 2132//1594 2139//1601 2140//1602
f 2133//1595 2140//1602 2141//1603
f 2134//1596 2141//1603 2142//1604
f 2135//1597 2142//1604 2143//1605
f 2135//1597 2134//1596 2142//1604
f 2136//1598 2144//1606 2137//1599
f 2137//1599 2144//1606 2145//1607
f 2138//1600 2145//1607 2146//1608
f 2139//1601 2146//1608 2147//1609
f 2140//1602 2147//1609 2148//1610
f 2141//1603 2148//1610 2149//1611
f 2142//1604 2149//1611 2150//1612
f 2143//1605 2150//1612 2151//1613
f 2143//1605 2142//1604 2150//1612
f 2144//1606 2152//1614 2145//1607
f 2145//1607 2152//1614 2153//1615
f 2146//1608 2153//1615 2154//1616
f 2147//1609 2154//1616 2155//1617
f 2148//1610 2155//1617 2156//1618
f 2149//1611 2156//1618 2157//1619
f 2150//1612 2157//1619 2158//1620
f 2151//1613 2158//1620 2159//1621
f 2151//1613 2150//1612 2158//1620
f 2152//1614 2160//1622 2153//1615
f 2153//1615 2160//1622 2161//1623
f 2154//1616 2161//1623 2162//1624
f 2155//1617 2162//1624 2163//1625
f 2156//1618 2163//1625 2164//1626
f 2157//1619 2164//1626 2165//1627
f 2158//1620 2165//1627 2166//1628
f 2159//1621 2166//1628 2167//1629
f 2159//1621 2158//1620 2166//1628
f 2160//1622 2168//1630 2161//1623
f 2161//1623 2168//1630 2169//1631
f 2162//1624 2169//1631 2170//1632
f 2163//1625 2170//1632 2171//1633
f 2164//1626 2171//1633 2172//1634
f 2165//1627 2172//1634 2173//1635
f 2166//1628 2173//1635 2174//1636
f 2167//1629 2174//1636 2175//1637
f 2167//1629 2166//1628 2174//1636
f 2168//1630 2176//1638 2169//1631
f 2169//1631 2176//1638 2177//1639
f 2170//1632 2177//1639 2178//1640
f 2171//1633 2178//1640 2179//1641
f 2172//1634 2179//1641 2180//1642
f 2173//1635 2180//1642 2181//1643
f 2174//1636 2181//1643 2182//1644
f 2175//1637 2182//1644 2183//1645
f 2175//1637 2174//1636 2182//1644
f 2176//1638 2184//1646 2177//1639
f 2177//1639 2184//1646 2185//1647
f 2178//1640 2185//1647 2186//1648
f 2179//1641 2186//1648 2187//1649
f 2180//1642 2187//1649 2188//1650
f 2181//1643 2188//1650 2189//1651
f 2182//1644 2189//1651 2190//1652
f 2183//1645 2190//1652 2191//1653
f 2183//1645 2182//1644 2190//1652
f 2184//1646 2192//1654 2185//1647
f 2185//1647 2192//1654 2193//1655
f 2186//1648 2193//1655 2194//1656
f 2187//1649 2194//1656 2195//1657
f 2188//1650 2195//1657 2196//1658
f 2189//1651 2196//1658 2197//1659
f 2190//1652 2197//1659 2198//1660
f 2191//1653 2198//1660 2199//1661
f 2191//1653 2190//1652 2198//1660
f 2192//1654 2200//1662 2193//1655
f 2193//1655 2200//1662 2201//1663
f 2194//1656 2201//1663 2202//1664
f 2195//1657 2202//1664 2203//1665
f 2196//1658 2203//1665 2204//1666
f 2197//1659 2204//1666 2205//1667
f 2198//1660 2205//1667 2206//1668
f 2199//1661 2206//1668 2207//1669
f 2199//1661 2198//1660 2206//1668
f 2200//1662 2208//1670 2201//1663
f 2201//1663 2208//1670 2209//1671
f 2202//1664 2209//1671 2210//1672
f 2203//1665 2210//1672 2211//1673
f 2204//1666 2211//1673 2212//1674
f 2205//1667 2212//1674 2213//1675
f 2206//1668 2213//1675 2214//1676
f 2207//1669 2214//1676 2215//1677
f 2207//1669 2206//1668 2214//1676
f 2208//1670 2216//1678 2209//1671
f 2209//1671 2216//1678 2217//1679
f 2210//1672 2217//1679 2218//1680
f 2211//1673 2218//1680 2219//1681
f 2212//1674 2219//1681 2220//1682
f 2213//1675 2220//1682 2221//1683
f 2214//1676 2221//1683 2222//1684
f 2215//1677 2222//1684 2223//1685
f 2215//1677 2214//1676 2222//1684
f 2216//1678 2224//1686 2217//1679
f 2217//1679 2224//1686 2225//1687
f 2218//1680 2225//1687 2226//1688
f 2219//1681 2226//1688 2227//1689
f 2220//1682 2227//1689 2228//1690
f 2221//1683 2228//1690 2229//1691
f 2222//1684 2229//1691 2230//1692
f 2223//1685 2230//1692 2231//1693
f 2223//1685 2222//1684 2230//1692
f 2224//1686 2042//1504 2225//1687
f 2225//1687 2042//1504 2041//1503
f 2226//1688 2041//1503 2063//1525
f 2227//1689 2063//1525 2062//1524
f 2228//1690 2062//1524 2061//1523
f 2229//1691 2061//1523 2060//1522
f 2230//1692 2060//1522 2059//1521
f 2231//1693 2059//1521 2058//1520
f 2231//1693 2230//1692 2059//1521
f 2225//1687 2218//1680 2217//1679
f 2226//1688 2225//1687 2041//1503
f 2218//1680 2211//1673 2210//1672
f 2219//1681 2218//1680 2226//1688
f 2211//1673 2204//1666 2203//1665
f 2212//1674 2211//1673 2219//1681
f 2204//1666 2197//1659 2196//1658
f 2205//1667 2204//1666 2212//1674
f 2197//1659 2190//1652 2189//1651
f 2198//1660 2197//1659 2205//1667
f 2227//1689 2226//1688 2063//1525
f 2220//1682 2219//1681 2227//1689
f 2213//1675 2212//1674 2220//1682
f 2206//1668 2205//1667 2213//1675
f 2228//1690 2227//1689 2062//1524
f 2221//1683 2220//1682 2228//1690
f 2214//1676 2213//1675 2221//1683
f 2047//1509 2045//1507 2065//1527
f 2048//1510 2062//1524 2046//1508
f 2047//1509 2048//1510 2046//1508
f 2229//1691 2228//1690 2061//1523
f 2222//1684 2221//1683 2229//1691
f 2066//1528 2065//1527 2073//1535
f 2049//1511 2047//1509 2066//1528
f 2050//1512 2061//1523 2048//1510
f 2049//1511 2050//1512 2048//1510
f 2230//1692 2229//1691 2060//1522
f 2074//1536 2073//1535 2081//1543
f 2067//1529 2066//1528 2074//1536
f 2051//1513 2049//1511 2067//1529
f 2052//1514 2060//1522 2050//1512
f 2051//1513 2052//1514 2050//1512
f 2082//1544 2081//1543 2089//1551
f 2075//1537 2074//1536 2082//1544
f 2068//1530 2067//1529 2075//1537
f 2053//1515 2051//1513 2068//1530
f 2054//1516 2059//1521 2052//1514
f 2053//1515 2054//1516 2052//1514
f 2090//1552 2089//1551 2097//1559
f 2083//1545 2082//1544 2090//1552
f 2076//1538 2075//1537 2083//1545
f 2069//1531 2068//1530 2076//1538
f 2055//1517 2053//1515 2069//1531
f 2098//1560 2097//1559 2105//1567
f 2091//1553 2090//1552 2098//1560
f 2084//1546 2083//1545 2091//1553
f 2077//1539 2076//1538 2084//1546
f 2070//1532 2069//1531 2077//1539
f 2106//1568 2105//1567 2113//1575
f 2099//1561 2098//1560 2106//1568
f 2092//1554 2091//1553 2099//1561
f 2085//1547 2084//1546 2092//1554
f 2078//1540 2077//1539 2085//1547
f 2114//1576 2113//1575 2121//1583
f 2107//1569 2106//1568 2114//1576
f 2100//1562 2099//1561 2107//1569
f 2093//1555 2092//1554 2100//1562
f 2086//1548 2085//1547 2093//1555
f 2122//1584 2121//1583 2129//1591
f 2115//1577 2114//1576 2122//1584
f 2108//1570 2107//1569 2115//1577
f 2101//1563 2100//1562 2108//1570
f 2094//1556 2093//1555 2101//1563
f 2130//1592 2129//1591 2137//1599
f 2123//1585 2122//1584 2130//1592
f 2116//1578 2115//1577 2123//1585
f 2109//1571 2108//1570 2116//1578
f 2102//1564 2101//1563 2109//1571
f 2138//1600 2137//1599 2145//1607
f 2131//1593 2130//1592 2138//1600
f 2124//1586 2123//1585 2131//1593
f 2117//1579 2116//1578 2124//1586
f 2110//1572 2109//1571 2117//1579
f 2146//1608 2145//1607 2153//1615
f 2139//1601 2138//1600 2146//1608
f 2132//1594 2131//1593 2139//1601
f 2125//1587 2124//1586 2132//1594
f 2118//1580 2117//1579 2125//1587
f 2154//1616 2153//1615 2161//1623
f 2147//1609 2146//1608 2154//1616
f 2140//1602 2139//1601 2147//1609
f 2133//1595 2132//1594 2140//1602
f 2126//1588 2125//1587 2133//1595
f 2162//1624 2161//1623 2169//1631
f 2155//1617 2154//1616 2162//1624
f 2148//1610 2147//1609 2155//1617
f 2141//1603 2140//1602 2148//1610
f 2134//1596 2133//1595 2141//1603
f 2170//1632 2169//1631 2177//1639
f 2163//1625 2162//1624 2170//1632
f 2156//1618 2155//1617 2163//1625
f 2149//1611 2148//1610 2156//1618
f 2142//1604 2141//1603 2149//1611
f 2178//1640 2177//1639 2185//1647
f 2171//1633 2170//1632 2178//1640
f 2164//1626 2163//1625 2171//1633
f 2157//1619 2156//1618 2164//1626
f 2150//1612 2149//1611 2157//1619
f 2186//1648 2185//1647 2193//1655
f 2179//1641 2178//1640 2186//1648
f 2172//1634 2171//1633 2179//1641
f 2165//1627 2164//1626 2172//1634
f 2158//1620 2157//1619 2165//1627
f 2194//1656 2193//1655 2201//1663
f 2187//1649 2186//1648 2194//1656
f 2180//1642 2179//1641 2187//1649
f 2173//1635 2172//1634 2180//1642
f 2166//1628 2165//1627 2173//1635
f 2202//1664 2201//1663 2209//1671
f 2195//1657 2194//1656 2202//1664
f 2188//1650 2187//1649 2195//1657
f 2181//1643 2180//1642 2188//1650
f 2174//1636 2173//1635 2181//1643
f 2210//1672 2209//1671 2217//1679
f 2203//1665 2202//1664 2210//1672
f 2196//1658 2195//1657 2203//1665
f 2189//1651 2188//1650 2196//1658
f 2182//1644 2181//1643 2189//1651
f 2232//1478 2175//1637 2233//1694
f 2232//1478 2167//1629 2175//1637
f 2232//1478 2234//1480 2167//1629
f 2167//1629 2234//1480 2159//1621
f 2159//1621 2234//1480 2235//1695
f 2151//1613 2235//1695 2236//1696
f 2143//1605 2236//1696 2237//1697
f 2135//1597 2237//1697 2238//1484
f 2127//1589 2238//1484 2239//1485
f 2119//1581 2239//1485 2240//1698
f 2111//1573 2240//1698 2241//1487
f 2103//1565 2241//1487 2242//1699
f 2095//1557 2242//1699 2243//1489
f 2087//1549 2243//1489 2244//1490
f 2079//1541 2244//1490 2245//1491
f 2071//1533 2245//1491 2246//1700
f 2057//1519 2246//1700 2247//1701
f 2056//1518 2247//1701 2248//1494
f 2058//1520 2248//1494 2249//1495
f 2231//1693 2249//1495 2250//1496
f 2223//1685 2250//1496 2251//1702
f 2215//1677 2251//1702 2252//1703
f 2207//1669 2252//1703 2253//1499
f 2199//1661 2253//1499 2254//1704
f 2191//1653 2254//1704 2255//1501
f 2183//1645 2255//1501 2233//1694
f 2175//1637 2183//1645 2233//1694
f 2159//1621 2235//1695 2151//1613
f 2151//1613 2236//1696 2143//1605
f 2143//1605 2237//1697 2135//1597
f 2135//1597 2238//1484 2127//1589
f 2127//1589 2239//1485 2119//1581
f 2119//1581 2240//1698 2111//1573
f 2111//1573 2241//1487 2103//1565
f 2103//1565 2242//1699 2095//1557
f 2095//1557 2243//1489 2087//1549
f 2087//1549 2244//1490 2079//1541
f 2079//1541 2245//1491 2071//1533
f 2071//1533 2246//1700 2057//1519
f 2057//1519 2247//1701 2056//1518
f 2056//1518 2248//1494 2058//1520
f 2058//1520 2249//1495 2231//1693
f 2231//1693 2250//1496 2223//1685
f 2223//1685 2251//1702 2215//1677
f 2215//1677 2252//1703 2207//1669
f 2207//1669 2253//1499 2199//1661
f 2199//1661 2254//1704 2191//1653
f 2191//1653 2255//1501 2183//1645
f 2224//1686 2144//1606 2042//1504
f 2224//1686 2152//1614 2144//1606
f 2224//1686 2216//1678 2152//1614
f 2152//1614 2216//1678 2160//1622
f 2160//1622 2216//1678 2208//1670
f 2168//1630 2208//1670 2200//1662
f 2176//1638 2200//1662 2192//1654
f 2184//1646 2176//1638 2192//1654
f 2160//1622 2208//1670 2168//1630
f 2168//1630 2200//1662 2176//1638
f 2144//1606 2136//1598 2042//1504
f 2042//1504 2136//1598 2040//1502
f 2040//1502 2136//1598 2128//1590
f 2044//1506 2128//1590 2120//1582
f 2064//1526 2120//1582 2112//1574
f 2072//1534 2112//1574 2104//1566
f 2080//1542 2104//1566 2096//1558
f 2088//1550 2080//1542 2096//1558
f 2040//1502 2128//1590 2044//1506
f 2044//1506 2120//1582 2064//1526
f 2064//1526 2112//1574 2072//1534
f 2072//1534 2104//1566 2080//1542
f 2256//1333 2257//1334 2258//1335
f 2256//1333 2259//1336 2257//1334
f 2256//1333 2260//1337 2259//1336
f 2259//1336 2260//1337 2261//1338
f 2262//1339 2261//1338 2263//1340
f 2264//1341 2263//1340 2265//1342
f 2266//1343 2265//1342 2267//1344
f 2268//1345 2267//1344 2269//1346
f 2260//1337 2270//1347 2261//1338
f 2261//1338 2270//1347 2271//1348
f 2263//1340 2271//1348 2272//1349
f 2265//1342 2272//1349 2273//1350
f 2267//1344 2273//1350 2274//1351
f 2269//1346 2274//1351 2275//1352
f 2270//1347 2276//1353 2271//1348
f 2271//1348 2276//1353 2277//1354
f 2272//1349 2277//1354 2278//1355
f 2273//1350 2278//1355 2279//1356
f 2274//1351 2279//1356 2280//1357
f 2275//1352 2280//1357 2281//1358
f 2276//1353 2282//1359 2277//1354
f 2277//1354 2282//1359 2283//1360
f 2278//1355 2283//1360 2284//1361
f 2279//1356 2284//1361 2285//1362
f 2280//1357 2285//1362 2286//1705
f 2281//1358 2286//1705 2287//1364
f 2282//1359 2288//1365 2283//1360
f 2283//1360 2288//1365 2289//1366
f 2284//1361 2289//1366 2290//1367
f 2285//1362 2290//1367 2291//1368
f 2286//1705 2291//1368 2292//1369
f 2287//1364 2292//1369 2293//1370
f 2288//1365 2294//1371 2289//1366
f 2289//1366 2294//1371 2295//1372
f 2290//1367 2295//1372 2296//1373
f 2291//1368 2296//1373 2297//1374
f 2292//1369 2297//1374 2298//1375
f 2293//1370 2298//1375 2299//1376
f 2294//1371 2300//1377 2295//1372
f 2295//1372 2300//1377 2301//1378
f 2296//1373 2301//1378 2302//1379
f 2297//1374 2302//1379 2303//1380
f 2298//1375 2303//1380 2304//1381
f 2299//1376 2304//1381 2305//1382
f 2300//1377 2306//1383 2301//1378
f 2301//1378 2306//1383 2307//1384
f 2302//1379 2307//1384 2308//1385
f 2303//1380 2308//1385 2309//1386
f 2304//1381 2309//1386 2310//1387
f 2305//1382 2310//1387 2311//1388
f 2306//1383 2312//1389 2307//1384
f 2307//1384 2312//1389 2313//1390
f 2308//1385 2313//1390 2314//1391
f 2309//1386 2314//1391 2315//1392
f 2310//1387 2315//1392 2316//1393
f 2311//1388 2316//1393 2317//1394
f 2312//1389 2318//1395 2313//1390
f 2313//1390 2318//1395 2319//1396
f 2314//1391 2319//1396 2320//1397
f 2315//1392 2320//1397 2321//1398
f 2316//1393 2321//1398 2322//1399
f 2317//1394 2322//1399 2323//1400
f 2318//1395 2324//1401 2319//1396
f 2319//1396 2324//1401 2325//1402
f 2320//1397 2325//1402 2326//1403
f 2321//1398 2326//1403 2327//1404
f 2322//1399 2327//1404 2328//1405
f 2323//1400 2328//1405 2329//1406
f 2324//1401 2330//1407 2325//1402
f 2325//1402 2330//1407 2331//1408
f 2326//1403 2331//1408 2332//1409
f 2327//1404 2332//1409 2333//1410
f 2328//1405 2333//1410 2334//1411
f 2329//1406 2334//1411 2335//1412
f 2330//1407 2336//1413 2331//1408
f 2331//1408 2336//1413 2337//1414
f 2332//1409 2337//1414 2338//1706
f 2333//1410 2338//1706 2339//1416
f 2334//1411 2339//1416 2340//1417
f 2335//1412 2340//1417 2341//1418
f 2336//1413 2342//1419 2337//1414
f 2337//1414 2342//1419 2343//1420
f 2338//1706 2343//1420 2344//1421
f 2339//1416 2344//1421 2345//1422
f 2340//1417 2345//1422 2346//1423
f 2341//1418 2346//1423 2347//1424
f 2342//1419 2348//1425 2343//1420
f 2343//1420 2348//1425 2349//1426
f 2344//1421 2349//1426 2350//1427
f 2345//1422 2350//1427 2351//1428
f 2346//1423 2351//1428 2352//1429
f 2347//1424 2352//1429 2353//1430
f 2348//1425 2354//1431 2349//1426
f 2349//1426 2354//1431 2355//1432
f 2350//1427 2355//1432 2356//1433
f 2351//1428 2356//1433 2357//1434
f 2352//1429 2357//1434 2358//1435
f 2353//1430 2358//1435 2359//1436
f 2354//1431 2360//1437 2355//1432
f 2355//1432 2360//1437 2361//1438
f 2356//1433 2361//1438 2362//1439
f 2357//1434 2362//1439 2363//1440
f 2358//1435 2363//1440 2364//1441
f 2359//1436 2364//1441 2365//1442
f 2360//1437 2366//1443 2361//1438
f 2361//1438 2366//1443 2367//1444
f 2362//1439 2367//1444 2368//1445
f 2363//1440 2368//1445 2369//1446
f 2364//1441 2369//1446 2370//1447
f 2365//1442 2370//1447 2371//1448
f 2366//1443 2372//1449 2367//1444
f 2367//1444 2372//1449 2373//1450
f 2368//1445 2373//1450 2374//1451
f 2369//1446 2374//1451 2375//1452
f 2370//1447 2375//1452 2376//1453
f 2371//1448 2376//1453 2377//1454
f 2372//1449 2378//1455 2373//1450
f 2373//1450 2378//1455 2379//1456
f 2374//1451 2379//1456 2380//1457
f 2375//1452 2380//1457 2381//1458
f 2376//1453 2381//1458 2382//1459
f 2377//1454 2382//1459 2383//1460
f 2378//1455 2384//1461 2379//1456
f 2379//1456 2384//1461 2385//1462
f 2380//1457 2385//1462 2386//1463
f 2381//1458 2386//1463 2387//1464
f 2382//1459 2387//1464 2388//1465
f 2383//1460 2388//1465 2389//1466
f 2384//1461 2390//1467 2385//1462
f 2385//1462 2390//1467 2391//1468
f 2386//1463 2391//1468 2392//1469
f 2387//1464 2392//1469 2393//1470
f 2388//1465 2393//1470 2394//1471
f 2389//1466 2394//1471 2395//1472
f 2390//1467 2258//1335 2391//1468
f 2391//1468 2258//1335 2257//1334
f 2392//1469 2257//1334 2396//1473
f 2393//1470 2396//1473 2397//1474
f 2394//1471 2397//1474 2398//1475
f 2395//1472 2398//1475 2399//1476
f 2377//1454 2400//1477 2371//1448
f 2371//1448 2400//1477 2365//1442
f 2323//1400 2400//1477 2317//1394
f 2275//1352 2400//1477 2269//1346
f 2365//1442 2400//1477 2359//1436
f 2359//1436 2400//1477 2353//1430
f 2353//1430 2400//1477 2347//1424
f 2347//1424 2400//1477 2341//1418
f 2341//1418 2400//1477 2335//1412
f 2335//1412 2400//1477 2329//1406
f 2329//1406 2400//1477 2323//1400
f 2317//1394 2400//1477 2311//1388
f 2311//1388 2400//1477 2305//1382
f 2305//1382 2400//1477 2299//1376
f 2299//1376 2400//1477 2293//1370
f 2293//1370 2400//1477 2287//1364
f 2287//1364 2400//1477 2281//1358
f 2281//1358 2400//1477 2275//1352
f 2269//1346 2400//1477 2268//1345
f 2268//1345 2400//1477 2399//1476
f 2266//1343 2399//1476 2398//1475
f 2264//1341 2398//1475 2397//1474
f 2262//1339 2397//1474 2396//1473
f 2259//1336 2396//1473 2257//1334
f 2259//1336 2262//1339 2396//1473
f 2259//1336 2261//1338 2262//1339
f 2399//1476 2400//1477 2395//1472
f 2395//1472 2400//1477 2389//1466
f 2389//1466 2400//1477 2383//1460
f 2383//1460 2400//1477 2377//1454
f 2391//1468 2386//1463 2385//1462
f 2392//1469 2391//1468 2257//1334
f 2386//1463 2381//1458 2380//1457
f 2387//1464 2386//1463 2392//1469
f 2381//1458 2376//1453 2375//1452
f 2382//1459 2381//1458 2387//1464
f 2376//1453 2371//1448 2370//1447
f 2377//1454 2376//1453 2382//1459
f 2393//1470 2392//1469 2396//1473
f 2388//1465 2387//1464 2393//1470
f 2383//1460 2382//1459 2388//1465
f 2394//1471 2393//1470 2397//1474
f 2389//1466 2388//1465 2394//1471
f 2263//1340 2261//1338 2271//1348
f 2264//1341 2397//1474 2262//1339
f 2263//1340 2264//1341 2262//1339
f 2395//1472 2394//1471 2398//1475
f 2272//1349 2271//1348 2277//1354
f 2265//1342 2263//1340 2272//1349
f 2266//1343 2398//1475 2264//1341
f 2265//1342 2266//1343 2264//1341
f 2278//1355 2277//1354 2283//1360
f 2273//1350 2272//1349 2278//1355
f 2267//1344 2265//1342 2273//1350
f 2268//1345 2399//1476 2266//1343
f 2267//1344 2268//1345 2266//1343
f 2284//1361 2283//1360 2289//1366
f 2279//1356 2278//1355 2284//1361
f 2274//1351 2273//1350 2279//1356
f 2269//1346 2267//1344 2274//1351
f 2290//1367 2289//1366 2295//1372
f 2285//1362 2284//1361 2290//1367
f 2280//1357 2279//1356 2285//1362
f 2275//1352 2274//1351 2280//1357
f 2296//1373 2295//1372 2301//1378
f 2291//1368 2290//1367 2296//1373
f 2286//1705 2285//1362 2291//1368
f 2281//1358 2280//1357 2286//1705
f 2302//1379 2301//1378 2307//1384
f 2297//1374 2296//1373 2302//1379
f 2292//1369 2291//1368 2297//1374
f 2287//1364 2286//1705 2292//1369
f 2308//1385 2307//1384 2313//1390
f 2303//1380 2302//1379 2308//1385
f 2298//1375 2297//1374 2303//1380
f 2293//1370 2292//1369 2298//1375
f 2314//1391 2313//1390 2319//1396
f 2309//1386 2308//1385 2314//1391
f 2304//1381 2303//1380 2309//1386
f 2299//1376 2298//1375 2304//1381
f 2320//1397 2319//1396 2325//1402
f 2315//1392 2314//1391 2320//1397
f 2310//1387 2309//1386 2315//1392
f 2305//1382 2304//1381 2310//1387
f 2326//1403 2325//1402 2331//1408
f 2321//1398 2320//1397 2326//1403
f 2316//1393 2315//1392 2321//1398
f 2311//1388 2310//1387 2316//1393
f 2332//1409 2331//1408 2337//1414
f 2327//1404 2326//1403 2332//1409
f 2322//1399 2321//1398 2327//1404
f 2317//1394 2316//1393 2322//1399
f 2338//1706 2337//1414 2343//1420
f 2333//1410 2332//1409 2338//1706
f 2328//1405 2327//1404 2333//1410
f 2323//1400 2322//1399 2328//1405
f 2344//1421 2343//1420 2349//1426
f 2339//1416 2338//1706 2344//1421
f 2334//1411 2333//1410 2339//1416
f 2329//1406 2328//1405 2334//1411
f 2350//1427 2349//1426 2355//1432
f 2345//1422 2344//1421 2350//1427
f 2340//1417 2339//1416 2345//1422
f 2335//1412 2334//1411 2340//1417
f 2356//1433 2355//1432 2361//1438
f 2351//1428 2350//1427 2356//1433
f 2346//1423 2345//1422 2351//1428
f 2341//1418 2340//1417 2346//1423
f 2362//1439 2361//1438 2367//1444
f 2357//1434 2356//1433 2362//1439
f 2352//1429 2351//1428 2357//1434
f 2347//1424 2346//1423 2352//1429
f 2368//1445 2367//1444 2373//1450
f 2363//1440 2362//1439 2368//1445
f 2358//1435 2357//1434 2363//1440
f 2353//1430 2352//1429 2358//1435
f 2374//1451 2373//1450 2379//1456
f 2369//1446 2368//1445 2374//1451
f 2364//1441 2363//1440 2369//1446
f 2359//1436 2358//1435 2364//1441
f 2380//1457 2379//1456 2385//1462
f 2375//1452 2374//1451 2380//1457
f 2370//1447 2369//1446 2375//1452
f 2365//1442 2364//1441 2370//1447
f 2401//1478 2256//1333 2402//1707
f 2401//1478 2260//1337 2256//1333
f 2401//1478 2403//1480 2260//1337
f 2260//1337 2403//1480 2270//1347
f 2270//1347 2403//1480 2404//1481
f 2276//1353 2404//1481 2405//1696
f 2282//1359 2405//1696 2406//1697
f 2288//1365 2406//1697 2407//1484
f 2294//1371 2407//1484 2408//1708
f 2300//1377 2408//1708 2409//1709
f 2306//1383 2409//1709 2410//1487
f 2312//1389 2410//1487 2411//1699
f 2318//1395 2411//1699 2412//1489
f 2324//1401 2412//1489 2413//1710
f 2330//1407 2413//1710 2414//1491
f 2336//1413 2414//1491 2415//1700
f 2342//1419 2415//1700 2416//1493
f 2348//1425 2416//1493 2417//1711
f 2354//1431 2417//1711 2418//1712
f 2360//1437 2418//1712 2419//1496
f 2366//1443 2419//1496 2420//1702
f 2372//1449 2420//1702 2421//1703
f 2378//1455 2421//1703 2422//1499
f 2384//1461 2422//1499 2423//1500
f 2390//1467 2423//1500 2424//1501
f 2258//1335 2424//1501 2402//1707
f 2256//1333 2258//1335 2402//1707
f 2270//1347 2404//1481 2276//1353
f 2276//1353 2405//1696 2282//1359
f 2282//1359 2406//1697 2288//1365
f 2288//1365 2407//1484 2294//1371
f 2294//1371 2408//1708 2300//1377
f 2300//1377 2409//1709 2306//1383
f 2306//1383 2410//1487 2312//1389
f 2312//1389 2411//1699 2318//1395
f 2318//1395 2412//1489 2324//1401
f 2324//1401 2413//1710 2330//1407
f 2330//1407 2414//1491 2336//1413
f 2336//1413 2415//1700 2342//1419
f 2342//1419 2416//1493 2348//1425
f 2348//1425 2417//1711 2354//1431
f 2354//1431 2418//1712 2360//1437
f 2360//1437 2419//1496 2366//1443
f 2366//1443 2420//1702 2372//1449
f 2372//1449 2421//1703 2378//1455
f 2378//1455 2422//1499 2384//1461
f 2384//1461 2423//1500 2390//1467
f 2390//1467 2424//1501 2258//1335
f 2425//1713 2426//1714 2427//1715
f 2425//1713 2428//1716 2426//1714
f 2425//1713 2429//1717 2428//1716
f 2428//1716 2429//1717 2430//1718
f 2430//1718 2429//1717 2431//1719
f 2432//1486 2431//1719 2433//1720
f 2434//1485 2433//1720 2435//1721
f 2436//1484 2435//1721 2437//1722
f 2438//1723 2437//1722 2439//1724
f 2440//1696 2439//1724 2441//1725
f 2442//1481 2441//1725 2443//1726
f 2444//1480 2443//1726 2445//1727
f 2446//1728 2445//1727 2447//1729
f 2448//1730 2447//1729 2449//1731
f 2450//1732 2449//1731 2451//1733
f 2452//1500 2451//1733 2453//1734
f 2454//1499 2453//1734 2455//1735
f 2456//1703 2455//1735 2457//1736
f 2458//1702 2457//1736 2459//1737
f 2460//1496 2459//1737 2461//1738
f 2462//1495 2461//1738 2463//1739
f 2464//1494 2463//1739 2465//1740
f 2466//1741 2465//1740 2467//1742
f 2468//1700 2467//1742 2469//1743
f 2470//1491 2469//1743 2471//1744
f 2472//1745 2471//1744 2427//1715
f 2426//1714 2472//1745 2427//1715
f 2430//1718 2431//1719 2432//1486
f 2432//1486 2433//1720 2434//1485
f 2434//1485 2435//1721 2436//1484
f 2436//1484 2437//1722 2438//1723
f 2438//1723 2439//1724 2440//1696
f 2440//1696 2441//1725 2442//1481
f 2442//1481 2443//1726 2444//1480
f 2444//1480 2445//1727 2446//1728
f 2446//1728 2447//1729 2448//1730
f 2448//1730 2449//1731 2450//1732
f 2450//1732 2451//1733 2452//1500
f 2452//1500 2453//1734 2454//1499
f 2454//1499 2455//1735 2456//1703
f 2456//1703 2457//1736 2458//1702
f 2458//1702 2459//1737 2460//1496
f 2460//1496 2461//1738 2462//1495
f 2462//1495 2463//1739 2464//1494
f 2464//1494 2465//1740 2466//1741
f 2466//1741 2467//1742 2468//1700
f 2468//1700 2469//1743 2470//1491
f 2470//1491 2471//1744 2472//1745
f 2471//1744 2451//1733 2427//1715
f 2471//1744 2453//1734 2451//1733
f 2471//1744 2469//1743 2453//1734
f 2453//1734 2469//1743 2455//1735
f 2455//1735 2469//1743 2467//1742
f 2457//1736 2467//1742 2465//1740
f 2459//1737 2465//1740 2463//1739
f 2461//1738 2459//1737 2463//1739
f 2455//1735 2467//1742 2457//1736
f 2457//1736 2465//1740 2459//1737
f 2451//1733 2449//1731 2427//1715
f 2427//1715 2449//1731 2425//1713
f 2425//1713 2449//1731 2447//1729
f 2429//1717 2447//1729 2445//1727
f 2431//1719 2445//1727 2443//1726
f 2433//1720 2443//1726 2441//1725
f 2435//1721 2441//1725 2439//1724
f 2437//1722 2435//1721 2439//1724
f 2425//1713 2447//1729 2429//1717
f 2429//1717 2445//1727 2431//1719
f 2431//1719 2443//1726 2433//1720
f 2433//1720 2441//1725 2435//1721
f 2473//1713 2474//1489 2475//1715
f 2473//1713 2476//1699 2474//1489
f 2473//1713 2477//1717 2476//1699
f 2476//1699 2477//1717 2478//1746
f 2478//1746 2477//1717 2479//1719
f 2480//1486 2479//1719 2481//1720
f 2482//1485 2481//1720 2483//1721
f 2484//1484 2483//1721 2485//1722
f 2486//1697 2485//1722 2487//1724
f 2488//1696 2487//1724 2489//1725
f 2490//1481 2489//1725 2491//1726
f 2492//1480 2491//1726 2493//1727
f 2494//1728 2493//1727 2495//1729
f 2496//1730 2495//1729 2497//1731
f 2498//1732 2497//1731 2499//1733
f 2500//1500 2499//1733 2501//1734
f 2502//1499 2501//1734 2503//1735
f 2504//1703 2503//1735 2505//1736
f 2506//1702 2505//1736 2507//1737
f 2508//1496 2507//1737 2509//1738
f 2510//1495 2509//1738 2511//1739
f 2512//1494 2511//1739 2513//1740
f 2514//1747 2513//1740 2515//1742
f 2516//1748 2515//1742 2517//1743
f 2518//1749 2517//1743 2519//1744
f 2520//1745 2519//1744 2475//1715
f 2474//1489 2520//1745 2475//1715
f 2478//1746 2479//1719 2480//1486
f 2480//1486 2481//1720 2482//1485
f 2482//1485 2483//1721 2484//1484
f 2484//1484 2485//1722 2486//1697
f 2486//1697 2487//1724 2488//1696
f 2488//1696 2489//1725 2490//1481
f 2490//1481 2491//1726 2492//1480
f 2492//1480 2493//1727 2494//1728
f 2494//1728 2495//1729 2496//1730
f 2496//1730 2497//1731 2498//1732
f 2498//1732 2499//1733 2500//1500
f 2500//1500 2501//1734 2502//1499
f 2502//1499 2503//1735 2504//1703
f 2504//1703 2505//1736 2506//1702
f 2506//1702 2507//1737 2508//1496
f 2508//1496 2509//1738 2510//1495
f 2510//1495 2511//1739 2512//1494
f 2512//1494 2513//1740 2514//1747
f 2514//1747 2515//1742 2516//1748
f 2516//1748 2517//1743 2518//1749
f 2518//1749 2519//1744 2520//1745
f 2519//1744 2499//1733 2475//1715
f 2519//1744 2501//1734 2499//1733
f 2519//1744 2517//1743 2501//1734
f 2501//1734 2517//1743 2503//1735
f 2503//1735 2517//1743 2515//1742
f 2505//1736 2515//1742 2513//1740
f 2507//1737 2513//1740 2511//1739
f 2509//1738 2507//1737 2511//1739
f 2503//1735 2515//1742 2505//1736
f 2505//1736 2513//1740 2507//1737
f 2499//1733 2497//1731 2475//1715
f 2475//1715 2497//1731 2473//1713
f 2473//1713 2497//1731 2495//1729
f 2477//1717 2495//1729 2493//1727
f 2479//1719 2493//1727 2491//1726
f 2481//1720 2491//1726 2489//1725
f 2483//1721 2489//1725 2487//1724
f 2485//1722 2483//1721 2487//1724
f 2473//1713 2495//1729 2477//1717
f 2477//1717 2493//1727 2479//1719
f 2479//1719 2491//1726 2481//1720
f 2481//1720 2489//1725 2483//1721
f 2521//1713 2522//1714 2523//1715
f 2521//1713 2524//1699 2522//1714
f 2521//1713 2525//1717 2524//1699
f 2524//1699 2525//1717 2526//1487
f 2526//1487 2525//1717 2527//1719
f 2528//1486 2527//1719 2529//1720
f 2530//1750 2529//1720 2531//1721
f 2532//1751 2531//1721 2533//1722
f 2534//1697 2533//1722 2535//1724
f 2536//1696 2535//1724 2537//1725
f 2538//1752 2537//1725 2539//1726
f 2540//1753 2539//1726 2541//1727
f 2542//1728 2541//1727 2543//1729
f 2544//1730 2543//1729 2545//1731
f 2546//1732 2545//1731 2547//1733
f 2548//1500 2547//1733 2549//1734
f 2550//1499 2549//1734 2551//1735
f 2552//1703 2551//1735 2553//1736
f 2554//1702 2553//1736 2555//1737
f 2556//1496 2555//1737 2557//1738
f 2558//1495 2557//1738 2559//1739
f 2560//1494 2559//1739 2561//1740
f 2562//1741 2561//1740 2563//1742
f 2564//1700 2563//1742 2565//1743
f 2566//1491 2565//1743 2567//1744
f 2568//1710 2567//1744 2523//1715
f 2522//1714 2568//1710 2523//1715
f 2526//1487 2527//1719 2528//1486
f 2528//1486 2529//1720 2530//1750
f 2530//1750 2531//1721 2532//1751
f 2532//1751 2533//1722 2534//1697
f 2534//1697 2535//1724 2536//1696
f 2536//1696 2537//1725 2538//1752
f 2538//1752 2539//1726 2540//1753
f 2540//1753 2541//1727 2542//1728
f 2542//1728 2543//1729 2544//1730
f 2544//1730 2545//1731 2546//1732
f 2546//1732 2547//1733 2548//1500
f 2548//1500 2549//1734 2550//1499
f 2550//1499 2551//1735 2552//1703
f 2552//1703 2553//1736 2554//1702
f 2554//1702 2555//1737 2556//1496
f 2556//1496 2557//1738 2558//1495
f 2558//1495 2559//1739 2560//1494
f 2560//1494 2561//1740 2562//1741
f 2562//1741 2563//1742 2564//1700
f 2564//1700 2565//1743 2566//1491
f 2566//1491 2567//1744 2568//1710
f 2567//1744 2547//1733 2523//1715
f 2567//1744 2549//1734 2547//1733
f 2567//1744 2565//1743 2549//1734
f 2549//1734 2565//1743 2551//1735
f 2551//1735 2565//1743 2563//1742
f 2553//1736 2563//1742 2561//1740
f 2555//1737 2561//1740 2559//1739
f 2557//1738 2555//1737 2559//1739
f 2551//1735 2563//1742 2553//1736
f 2553//1736 2561//1740 2555//1737
f 2547//1733 2545//1731 2523//1715
f 2523//1715 2545//1731 2521//1713
f 2521//1713 2545//1731 2543//1729
f 2525//1717 2543//1729 2541//1727
f 2527//1719 2541//1727 2539//1726
f 2529//1720 2539//1726 2537//1725
f 2531//1721 2537//1725 2535//1724
f 2533//1722 2531//1721 2535//1724
f 2521//1713 2543//1729 2525//1717
f 2525//1717 2541//1727 2527//1719
f 2527//1719 2539//1726 2529//1720
f 2529//1720 2537//1725 2531//1721
f 2569//1713 2570//1489 2571//1715
f 2569//1713 2572//1699 2570//1489
f 2569//1713 2573//1717 2572//1699
f 2572//1699 2573//1717 2574//1487
f 2574//1487 2573//1717 2575//1719
f 2576//1486 2575//1719 2577//1720
f 2578//1485 2577//1720 2579//1721
f 2580//1484 2579//1721 2581//1722
f 2582//1723 2581//1722 2583//1724
f 2584//1696 2583//1724 2585//1725
f 2586//1752 2585//1725 2587//1726
f 2588//1480 2587//1726 2589//1727
f 2590//1478 2589//1727 2591//1729
f 2592//1694 2591//1729 2593//1731
f 2594//1501 2593//1731 2595//1733
f 2596//1500 2595//1733 2597//1734
f 2598//1499 2597//1734 2599//1735
f 2600//1703 2599//1735 2601//1736
f 2602//1702 2601//1736 2603//1737
f 2604//1754 2603//1737 2605//1738
f 2606//1712 2605//1738 2607//1739
f 2608//1755 2607//1739 2609//1740
f 2610//1741 2609//1740 2611//1742
f 2612//1700 2611//1742 2613//1743
f 2614//1749 2613//1743 2615//1744
f 2616//1490 2615//1744 2571//1715
f 2570//1489 2616//1490 2571//1715
f 2574//1487 2575//1719 2576//1486
f 2576//1486 2577//1720 2578//1485
f 2578//1485 2579//1721 2580//1484
f 2580//1484 2581//1722 2582//1723
f 2582//1723 2583//1724 2584//1696
f 2584//1696 2585//1725 2586//1752
f 2586//1752 2587//1726 2588//1480
f 2588//1480 2589//1727 2590//1478
f 2590//1478 2591//1729 2592//1694
f 2592//1694 2593//1731 2594//1501
f 2594//1501 2595//1733 2596//1500
f 2596//1500 2597//1734 2598//1499
f 2598//1499 2599//1735 2600//1703
f 2600//1703 2601//1736 2602//1702
f 2602//1702 2603//1737 2604//1754
f 2604//1754 2605//1738 2606//1712
f 2606//1712 2607//1739 2608//1755
f 2608//1755 2609//1740 2610//1741
f 2610//1741 2611//1742 2612//1700
f 2612//1700 2613//1743 2614//1749
f 2614//1749 2615//1744 2616//1490
f 2615//1744 2595//1733 2571//1715
f 2615//1744 2597//1734 2595//1733
f 2615//1744 2613//1743 2597//1734
f 2597//1734 2613//1743 2599//1735
f 2599//1735 2613//1743 2611//1742
f 2601//1736 2611//1742 2609//1740
f 2603//1737 2609//1740 2607//1739
f 2605//1738 2603//1737 2607//1739
f 2599//1735 2611//1742 2601//1736
f 2601//1736 2609//1740 2603//1737
f 2595//1733 2593//1731 2571//1715
f 2571//1715 2593//1731 2569//1713
f 2569//1713 2593//1731 2591//1729
f 2573//1717 2591//1729 2589//1727
f 2575//1719 2589//1727 2587//1726
f 2577//1720 2587//1726 2585//1725
f 2579//1721 2585//1725 2583//1724
f 2581//1722 2579//1721 2583//1724
f 2569//1713 2591//1729 2573//1717
f 2573//1717 2589//1727 2575//1719
f 2575//1719 2587//1726 2577//1720
f 2577//1720 2585//1725 2579//1721
f 2617//1713 2618//1489 2619//1715
f 2617//1713 2620//1699 2618//1489
f 2617//1713 2621//1717 2620//1699
f 2620//1699 2621//1717 2622//1746
f 2622//1746 2621//1717 2623//1719
f 2624//1486 2623//1719 2625//1720
f 2626//1485 2625//1720 2627//1721
f 2628//1484 2627//1721 2629//1722
f 2630//1697 2629//1722 2631//1724
f 2632//1696 2631//1724 2633//1725
f 2634//1481 2633//1725 2635//1726
f 2636//1480 2635//1726 2637//1727
f 2638//1728 2637//1727 2639//1729
f 2640//1730 2639//1729 2641//1731
f 2642//1732 2641//1731 2643//1733
f 2644//1756 2643//1733 2645//1734
f 2646//1757 2645//1734 2647//1735
f 2648//1703 2647//1735 2649//1736
f 2650//1702 2649//1736 2651//1737
f 2652//1758 2651//1737 2653//1738
f 2654//1495 2653//1738 2655//1739
f 2656//1494 2655//1739 2657//1740
f 2658//1493 2657//1740 2659//1742
f 2660//1700 2659//1742 2661//1743
f 2662//1749 2661//1743 2663//1744
f 2664//1710 2663//1744 2619//1715
f 2618//1489 2664//1710 2619//1715
f 2622//1746 2623//1719 2624//1486
f 2624//1486 2625//1720 2626//1485
f 2626//1485 2627//1721 2628//1484
f 2628//1484 2629//1722 2630//1697
f 2630//1697 2631//1724 2632//1696
f 2632//1696 2633//1725 2634//1481
f 2634//1481 2635//1726 2636//1480
f 2636//1480 2637//1727 2638//1728
f 2638//1728 2639//1729 2640//1730
f 2640//1730 2641//1731 2642//1732
f 2642//1732 2643//1733 2644//1756
f 2644//1756 2645//1734 2646//1757
f 2646//1757 2647//1735 2648//1703
f 2648//1703 2649//1736 2650//1702
f 2650//1702 2651//1737 2652//1758
f 2652//1758 2653//1738 2654//1495
f 2654//1495 2655//1739 2656//1494
f 2656//1494 2657//1740 2658//1493
f 2658//1493 2659//1742 2660//1700
f 2660//1700 2661//1743 2662//1749
f 2662//1749 2663//1744 2664//1710
f 2663//1744 2643//1733 2619//1715
f 2663//1744 2645//1734 2643//1733
f 2663//1744 2661//1743 2645//1734
f 2645//1734 2661//1743 2647//1735
f 2647//1735 2661//1743 2659//1742
f 2649//1736 2659//1742 2657//1740
f 2651//1737 2657//1740 2655//1739
f 2653//1738 2651//1737 2655//1739
f 2647//1735 2659//1742 2649//1736
f 2649//1736 2657//1740 2651//1737
f 2643//1733 2641//1731 2619//1715
f 2619//1715 2641//1731 2617//1713
f 2617//1713 2641//1731 2639//1729
f 2621//1717 2639//1729 2637//1727
f 2623//1719 2637//1727 2635//1726
f 2625//1720 2635//1726 2633//1725
f 2627//1721 2633//1725 2631//1724
f 2629//1722 2627//1721 2631//1724
f 2617//1713 2639//1729 2621//1717
f 2621//1717 2637//1727 2623//1719
f 2623//1719 2635//1726 2625//1720
f 2625//1720 2633//1725 2627//1721
f 2665//1713 2666//1489 2667//1715
f 2665//1713 2668//1699 2666//1489
f 2665//1713 2669//1717 2668//1699
f 2668//1699 2669//1717 2670//1487
f 2670//1487 2669//1717 2671//1719
f 2672//1698 2671//1719 2673//1720
f 2674//1485 2673//1720 2675//1721
f 2676//1484 2675//1721 2677//1722
f 2678//1697 2677//1722 2679//1724
f 2680//1696 2679//1724 2681//1725
f 2682//1695 2681//1725 2683//1726
f 2684//1759 2683//1726 2685//1727
f 2686//1478 2685//1727 2687//1729
f 2688//1694 2687//1729 2689//1731
f 2690//1732 2689//1731 2691//1733
f 2692//1500 2691//1733 2693//1734
f 2694//1499 2693//1734 2695//1735
f 2696//1703 2695//1735 2697//1736
f 2698//1702 2697//1736 2699//1737
f 2700//1496 2699//1737 2701//1738
f 2702//1495 2701//1738 2703//1739
f 2704//1755 2703//1739 2705//1740
f 2706//1741 2705//1740 2707//1742
f 2708//1760 2707//1742 2709//1743
f 2710//1761 2709//1743 2711//1744
f 2712//1745 2711//1744 2667//1715
f 2666//1489 2712//1745 2667//1715
f 2670//1487 2671//1719 2672//1698
f 2672//1698 2673//1720 2674//1485
f 2674//1485 2675//1721 2676//1484
f 2676//1484 2677//1722 2678//1697
f 2678//1697 2679//1724 2680//1696
f 2680//1696 2681//1725 2682//1695
f 2682//1695 2683//1726 2684//1759
f 2684//1759 2685//1727 2686//1478
f 2686//1478 2687//1729 2688//1694
f 2688//1694 2689//1731 2690//1732
f 2690//1732 2691//1733 2692//1500
f 2692//1500 2693//1734 2694//1499
f 2694//1499 2695//1735 2696//1703
f 2696//1703 2697//1736 2698//1702
f 2698//1702 2699//1737 2700//1496
f 2700//1496 2701//1738 2702//1495
f 2702//1495 2703//1739 2704//1755
f 2704//1755 2705//1740 2706//1741
f 2706//1741 2707//1742 2708//1760
f 2708//1760 2709//1743 2710//1761
f 2710//1761 2711//1744 2712//1745
f 2711//1744 2691//1733 2667//1715
f 2711//1744 2693//1734 2691//1733
f 2711//1744 2709//1743 2693//1734
f 2693//1734 2709//1743 2695//1735
f 2695//1735 2709//1743 2707//1742
f 2697//1736 2707//1742 2705//1740
f 2699//1737 2705//1740 2703//1739
f 2701//1738 2699//1737 2703//1739
f 2695//1735 2707//1742 2697//1736
f 2697//1736 2705//1740 2699//1737
f 2691//1733 2689//1731 2667//1715
f 2667//1715 2689//1731 2665//1713
f 2665//1713 2689//1731 2687//1729
f 2669//1717 2687//1729 2685//1727
f 2671//1719 2685//1727 2683//1726
f 2673//1720 2683//1726 2681//1725
f 2675//1721 2681//1725 2679//1724
f 2677//1722 2675//1721 2679//1724
f 2665//1713 2687//1729 2669//1717
f 2669//1717 2685//1727 2671//1719
f 2671//1719 2683//1726 2673//1720
f 2673//1720 2681//1725 2675//1721
f 2713//1762 1241//949 2714//1763
f 2713//1762 1240//953 1241//949
f 2713//1762 2715//1764 1240//953
f 1240//953 2715//1764 1239//955
f 1239//955 2715//1764 2716//1765
f 1238//957 2716//1765 2717//1766
f 1237//959 2717//1766 2718//1767
f 1236//961 2718//1767 2719//1768
f 1235//1014 2719//1768 2720//1769
f 1234//1016 2720//1769 2721//1770
f 1233//1020 2721//1770 2722//1771
f 1232//969 2722//1771 2723//1772
f 1231//970 2723//1772 2724//1773
f 1230//971 2724//1773 2725//1774
f 1229//972 2725//1774 2726//1775
f 1228//973 2726//1775 2727//1776
f 1227//974 2727//1776 2728//1777
f 1226//975 2728//1777 2729//1778
f 1225//976 2729//1778 2730//1779
f 1224//1019 2730//1779 2731//1780
f 1223//1018 2731//1780 2732//1781
f 1222//979 2732//1781 2733//1782
f 1221//966 2733//1782 2734//1783
f 1220//965 2734//1783 2735//1784
f 1213//1015 2735//1784 2736//1785
f 1211//962 2736//1785 2737//1786
f 1209//960 2737//1786 2738//1787
f 1207//958 2738//1787 2739//1788
f 1205//956 2739//1788 2740//1789
f 1203//954 2740//1789 2741//1790
f 1201//952 2741//1790 2742//1791
f 1199//950 2742//1791 2743//1792
f 1277//981 2743//1792 2744//1793
f 1275//982 2744//1793 2745//1794
f 1273//983 2745//1794 2746//1795
f 1271//984 2746//1795 2747//1796
f 1269//1009 2747//1796 2748//1797
f 1267//986 2748//1797 2749//1798
f 1265//987 2749//1798 2750//1799
f 1260//988 2750//1799 2751//1800
f 1261//989 2751//1800 2752//1801
f 1262//1027 2752//1801 2753//1802
f 1263//991 2753//1802 2754//1803
f 1264//1028 2754//1803 2755//1804
f 1278//1005 2755//1804 2756//1805
f 1279//994 2756//1805 2757//1806
f 1280//995 2757//1806 2758//1807
f 1281//996 2758//1807 2759//1808
f 1282//997 2759//1808 2760//1809
f 1283//998 2760//1809 2761//1810
f 1284//999 2761//1810 2762//1811
f 1285//1000 2762//1811 2763//1812
f 1286//1001 2763//1812 2764//1813
f 1287//1029 2764//1813 2765//1814
f 1288//1003 2765//1814 2766//1815
f 1289//1030 2766//1815 2767//1816
f 1290//1007 2767//1816 2768//1817
f 1291//1008 2768//1817 2769//1818
f 1292//1010 2769//1818 2770//1819
f 1293//1011 2770//1819 2771//1820
f 1294//1012 2771//1820 2772//1821
f 1243//1013 2772//1821 2773//1822
f 1242//1021 2773//1822 2714//1763
f 1241//949 1242//1021 2714//1763
f 1239//955 2716//1765 1238//957
f 1238//957 2717//1766 1237//959
f 1237//959 2718//1767 1236//961
f 1236//961 2719//1768 1235//1014
f 1235//1014 2720//1769 1234//1016
f 1234//1016 2721//1770 1233//1020
f 1233//1020 2722//1771 1232//969
f 1232//969 2723//1772 1231//970
f 1231//970 2724//1773 1230//971
f 1230//971 2725//1774 1229//972
f 1229//972 2726//1775 1228//973
f 1228//973 2727//1776 1227//974
f 1227//974 2728//1777 1226//975
f 1226//975 2729//1778 1225//976
f 1225//976 2730//1779 1224//1019
f 1224//1019 2731//1780 1223//1018
f 1223//1018 2732//1781 1222//979
f 1222//979 2733//1782 1221//966
f 1221//966 2734//1783 1220//965
f 1220//965 2735//1784 1213//1015
f 1213//1015 2736//1785 1211//962
f 1211//962 2737//1786 1209//960
f 1209//960 2738//1787 1207//958
f 1207//958 2739//1788 1205//956
f 1205//956 2740//1789 1203//954
f 1203//954 2741//1790 1201//952
f 1201//952 2742//1791 1199//950
f 1199//950 2743//1792 1277//981
f 1277//981 2744//1793 1275//982
f 1275//982 2745//1794 1273//983
f 1273//983 2746//1795 1271//984
f 1271//984 2747//1796 1269//1009
f 1269//1009 2748//1797 1267//986
f 1267//986 2749//1798 1265//987
f 1265//987 2750//1799 1260//988
f 1260//988 2751//1800 1261//989
f 1261//989 2752//1801 1262//1027
f 1262//1027 2753//1802 1263//991
f 1263//991 2754//1803 1264//1028
f 1264//1028 2755//1804 1278//1005
f 1278//1005 2756//1805 1279//994
f 1279//994 2757//1806 1280//995
f 1280//995 2758//1807 1281//996
f 1281//996 2759//1808 1282//997
f 1282//997 2760//1809 1283//998
f 1283//998 2761//1810 1284//999
f 1284//999 2762//1811 1285//1000
f 1285//1000 2763//1812 1286//1001
f 1286//1001 2764//1813 1287//1029
f 1287//1029 2765//1814 1288//1003
f 1288//1003 2766//1815 1289//1030
f 1289//1030 2767//1816 1290//1007
f 1290//1007 2768//1817 1291//1008
f 1291//1008 2769//1818 1292//1010
f 1292//1010 2770//1819 1293//1011
f 1293//1011 2771//1820 1294//1012
f 1294//1012 2772//1821 1243//1013
f 1243//1013 2773//1822 1242//1021
f 2039//1501 2504//1703 2017//1479
f 2039//1501 2502//1499 2504//1703
f 2039//1501 2038//1500 2502//1499
f 2502//1499 2038//1500 2500//1500
f 2500//1500 2038//1500 2037//1499
f 2498//1732 2037//1499 2036//1498
f 2035//1497 2498//1732 2036//1498
f 2035//1497 2496//1730 2498//1732
f 2035//1497 2736//1785 2496//1730
f 2035//1497 2737//1786 2736//1785
f 2035//1497 2738//1787 2737//1786
f 2035//1497 2034//1496 2738//1787
f 2738//1787 2034//1496 2739//1788
f 2739//1788 2034//1496 2033//1495
f 2740//1789 2033//1495 2032//1494
f 2741//1790 2032//1494 2031//1493
f 2742//1791 2031//1493 2030//1492
f 2029//1491 2742//1791 2030//1492
f 2029//1491 2743//1792 2742//1791
f 2029//1491 2028//1490 2743//1792
f 2743//1792 2028//1490 2744//1793
f 2744//1793 2028//1490 2027//1489
f 2745//1794 2027//1489 2026//1488
f 2025//1487 2745//1794 2026//1488
f 2025//1487 2746//1795 2745//1794
f 2025//1487 2024//1486 2746//1795
f 2746//1795 2024//1486 2747//1796
f 2747//1796 2024//1486 2023//1485
f 2748//1797 2023//1485 2022//1484
f 2749//1798 2022//1484 2021//1483
f 2750//1799 2021//1483 2751//1800
f 2750//1799 2749//1798 2021//1483
f 2500//1500 2037//1499 2498//1732
f 2739//1788 2033//1495 2740//1789
f 2740//1789 2032//1494 2741//1790
f 2741//1790 2031//1493 2742//1791
f 2744//1793 2027//1489 2745//1794
f 2747//1796 2023//1485 2748//1797
f 2748//1797 2022//1484 2749//1798
f 2020//1482 2446//1728 2021//1483
f 2020//1482 2019//1481 2446//1728
f 2446//1728 2019//1481 2444//1480
f 2444//1480 2019//1481 2018//1480
f 2442//1481 2018//1480 2016//1478
f 2440//1696 2016//1478 2017//1479
f 2438//1723 2017//1479 2506//1702
f 2508//1496 2438//1723 2506//1702
f 2508//1496 2436//1484 2438//1723
f 2508//1496 2510//1495 2436//1484
f 2436//1484 2510//1495 2434//1485
f 2434//1485 2510//1495 2512//1494
f 2432//1486 2512//1494 2514//1747
f 2430//1718 2514//1747 2714//1763
f 2773//1822 2430//1718 2714//1763
f 2773//1822 2772//1821 2430//1718
f 2430//1718 2772//1821 2428//1716
f 2428//1716 2772//1821 2771//1820
f 2770//1819 2428//1716 2771//1820
f 2770//1819 2769//1818 2428//1716
f 2428//1716 2769//1818 2426//1714
f 2426//1714 2769//1818 2768//1817
f 2767//1816 2426//1714 2768//1817
f 2767//1816 2472//1745 2426//1714
f 2767//1816 2766//1815 2472//1745
f 2472//1745 2766//1815 2765//1814
f 2470//1491 2765//1814 2764//1813
f 2468//1700 2764//1813 2763//1812
f 2466//1741 2763//1812 2762//1811
f 2761//1810 2466//1741 2762//1811
f 2761//1810 2464//1494 2466//1741
f 2761//1810 2760//1809 2464//1494
f 2464//1494 2760//1809 2462//1495
f 2462//1495 2760//1809 2759//1808
f 2460//1496 2759//1808 2758//1807
f 2458//1702 2758//1807 2757//1806
f 2456//1703 2757//1806 2756//1805
f 2454//1499 2756//1805 2755//1804
f 2452//1500 2755//1804 2754//1803
f 2450//1732 2754//1803 2753//1802
f 2752//1801 2450//1732 2753//1802
f 2752//1801 2448//1730 2450//1732
f 2752//1801 2751//1800 2448//1730
f 2448//1730 2751//1800 2021//1483
f 2446//1728 2448//1730 2021//1483
f 2444//1480 2018//1480 2442//1481
f 2442//1481 2016//1478 2440//1696
f 2430//1718 2432//1486 2514//1747
f 2432//1486 2434//1485 2512//1494
f 2438//1723 2440//1696 2017//1479
f 2450//1732 2452//1500 2754//1803
f 2452//1500 2454//1499 2755//1804
f 2454//1499 2456//1703 2756//1805
f 2456//1703 2458//1702 2757//1806
f 2458//1702 2460//1496 2758//1807
f 2460//1496 2462//1495 2759//1808
f 2466//1741 2468//1700 2763//1812
f 2468//1700 2470//1491 2764//1813
f 2470//1491 2472//1745 2765//1814
f 2474//1489 2722//1771 2520//1745
f 2474//1489 2723//1772 2722//1771
f 2474//1489 2476//1699 2723//1772
f 2723//1772 2476//1699 2724//1773
f 2724//1773 2476//1699 2478//1746
f 2725//1774 2478//1746 2726//1775
f 2725//1774 2724//1773 2478//1746
f 2478//1746 2480//1486 2726//1775
f 2726//1775 2480//1486 2727//1776
f 2727//1776 2480//1486 2482//1485
f 2728//1777 2482//1485 2484//1484
f 2729//1778 2484//1484 2486//1697
f 2730//1779 2486//1697 2488//1696
f 2731//1780 2488//1696 2490//1481
f 2732//1781 2490//1481 2492//1480
f 2733//1782 2492//1480 2494//1728
f 2734//1783 2494//1728 2735//1784
f 2734//1783 2733//1782 2494//1728
f 2727//1776 2482//1485 2728//1777
f 2728//1777 2484//1484 2729//1778
f 2729//1778 2486//1697 2730//1779
f 2730//1779 2488//1696 2731//1780
f 2731//1780 2490//1481 2732//1781
f 2732//1781 2492//1480 2733//1782
f 2494//1728 2496//1730 2735//1784
f 2735//1784 2496//1730 2736//1785
f 2504//1703 2506//1702 2017//1479
f 2516//1748 2715//1764 2514//1747
f 2516//1748 2716//1765 2715//1764
f 2516//1748 2717//1766 2716//1765
f 2516//1748 2718//1767 2717//1766
f 2516//1748 2518//1749 2718//1767
f 2718//1767 2518//1749 2719//1768
f 2719//1768 2518//1749 2720//1769
f 2720//1769 2518//1749 2520//1745
f 2721//1770 2520//1745 2722//1771
f 2721//1770 2720//1769 2520//1745
f 2715//1764 2713//1762 2514//1747
f 2514//1747 2713//1762 2714//1763
f 2774//1823 1198//949 2775//1824
f 2774//1823 1202//953 1198//949
f 2774//1823 2776//1764 1202//953
f 1202//953 2776//1764 1204//955
f 1204//955 2776//1764 2777//1765
f 1206//957 2777//1765 2778//1825
f 1208//959 2778//1825 2779//1767
f 1210//961 2779//1767 2780//1826
f 1212//1014 2780//1826 2781//1769
f 1214//1016 2781//1769 2782//1827
f 1215//968 2782//1827 2783//1771
f 1216//969 2783//1771 2784//1772
f 1217//970 2784//1772 2785//1773
f 1218//971 2785//1773 2786//1774
f 1219//1017 2786//1774 2787//1775
f 1244//1022 2787//1775 2788//1776
f 1245//974 2788//1776 2789//1828
f 1246//975 2789//1828 2790//1778
f 1247//976 2790//1778 2791//1779
f 1248//1019 2791//1779 2792//1780
f 1249//1018 2792//1780 2793//1781
f 1250//979 2793//1781 2794//1782
f 1129//966 2794//1782 2795//1829
f 1128//965 2795//1829 2796//1784
f 1127//964 2796//1784 2797//1830
f 1125//962 2797//1830 2798//1831
f 1123//960 2798//1831 2799//1787
f 1121//958 2799//1787 2800//1788
f 1119//956 2800//1788 2801//1789
f 1117//954 2801//1789 2802//1790
f 1115//952 2802//1790 2803//1832
f 1113//950 2803//1832 2804//1792
f 1197//981 2804//1792 2805//1793
f 1195//982 2805//1793 2806//1833
f 1193//983 2806//1833 2807//1795
f 1191//984 2807//1795 2808//1796
f 1189//1009 2808//1796 2809//1797
f 1187//986 2809//1797 2810//1834
f 1185//987 2810//1834 2811//1835
f 1177//988 2811//1835 2812//1800
f 1178//989 2812//1800 2813//1801
f 1179//990 2813//1801 2814//1836
f 1180//991 2814//1836 2815//1803
f 1181//992 2815//1803 2816//1804
f 1182//1005 2816//1804 2817//1805
f 1183//994 2817//1805 2818//1837
f 1184//1006 2818//1837 2819//1807
f 1251//996 2819//1807 2820//1838
f 1252//1023 2820//1838 2821//1809
f 1253//1024 2821//1809 2822//1839
f 1254//999 2822//1839 2823//1840
f 1255//1000 2823//1840 2824//1841
f 1256//1001 2824//1841 2825//1842
f 1257//1002 2825//1842 2826//1814
f 1258//1025 2826//1814 2827//1843
f 1259//1026 2827//1843 2828//1844
f 1266//1007 2828//1844 2829//1845
f 1268//1008 2829//1845 2830//1846
f 1270//1010 2830//1846 2831//1819
f 1272//1011 2831//1819 2832//1847
f 1274//1012 2832//1847 2833//1848
f 1276//1013 2833//1848 2834//1849
f 1200//951 2834//1849 2775//1824
f 1198//949 1200//951 2775//1824
f 1204//955 2777//1765 1206//957
f 1206//957 2778//1825 1208//959
f 1208//959 2779//1767 1210//961
f 1210//961 2780//1826 1212//1014
f 1212//1014 2781//1769 1214//1016
f 1214//1016 2782//1827 1215//968
f 1215//968 2783//1771 1216//969
f 1216//969 2784//1772 1217//970
f 1217//970 2785//1773 1218//971
f 1218//971 2786//1774 1219//1017
f 1219//1017 2787//1775 1244//1022
f 1244//1022 2788//1776 1245//974
f 1245//974 2789//1828 1246//975
f 1246//975 2790//1778 1247//976
f 1247//976 2791//1779 1248//1019
f 1248//1019 2792//1780 1249//1018
f 1249//1018 2793//1781 1250//979
f 1250//979 2794//1782 1129//966
f 1129//966 2795//1829 1128//965
f 1128//965 2796//1784 1127//964
f 1127//964 2797//1830 1125//962
f 1125//962 2798//1831 1123//960
f 1123//960 2799//1787 1121//958
f 1121//958 2800//1788 1119//956
f 1119//956 2801//1789 1117//954
f 1117//954 2802//1790 1115//952
f 1115//952 2803//1832 1113//950
f 1113//950 2804//1792 1197//981
f 1197//981 2805//1793 1195//982
f 1195//982 2806//1833 1193//983
f 1193//983 2807//1795 1191//984
f 1191//984 2808//1796 1189//1009
f 1189//1009 2809//1797 1187//986
f 1187//986 2810//1834 1185//987
f 1185//987 2811//1835 1177//988
f 1177//988 2812//1800 1178//989
f 1178//989 2813//1801 1179//990
f 1179//990 2814//1836 1180//991
f 1180//991 2815//1803 1181//992
f 1181//992 2816//1804 1182//1005
f 1182//1005 2817//1805 1183//994
f 1183//994 2818//1837 1184//1006
f 1184//1006 2819//1807 1251//996
f 1251//996 2820//1838 1252//1023
f 1252//1023 2821//1809 1253//1024
f 1253//1024 2822//1839 1254//999
f 1254//999 2823//1840 1255//1000
f 1255//1000 2824//1841 1256//1001
f 1256//1001 2825//1842 1257//1002
f 1257//1002 2826//1814 1258//1025
f 1258//1025 2827//1843 1259//1026
f 1259//1026 2828//1844 1266//1007
f 1266//1007 2829//1845 1268//1008
f 1268//1008 2830//1846 1270//1010
f 1270//1010 2831//1819 1272//1011
f 1272//1011 2832//1847 1274//1012
f 1274//1012 2833//1848 1276//1013
f 1276//1013 2834//1849 1200//951
f 2255//1501 2588//1480 2233//1694
f 2255//1501 2586//1752 2588//1480
f 2255//1501 2254//1704 2586//1752
f 2586//1752 2254//1704 2790//1778
f 2789//1828 2586//1752 2790//1778
f 2789//1828 2788//1776 2586//1752
f 2586//1752 2788//1776 2584//1696
f 2584//1696 2788//1776 2787//1775
f 2582//1723 2787//1775 2786//1774
f 2785//1773 2582//1723 2786//1774
f 2785//1773 2580//1484 2582//1723
f 2785//1773 2784//1772 2580//1484
f 2580//1484 2784//1772 2578//1485
f 2578//1485 2784//1772 2783//1771
f 2576//1486 2783//1771 2782//1827
f 2574//1487 2782//1827 2781//1769
f 2572//1699 2781//1769 2780//1826
f 2570//1489 2780//1826 2779//1767
f 2616//1490 2779//1767 2778//1825
f 2614//1749 2778//1825 2777//1765
f 2776//1764 2614//1749 2777//1765
f 2776//1764 2612//1700 2614//1749
f 2776//1764 2774//1823 2612//1700
f 2612//1700 2774//1823 2610//1741
f 2610//1741 2774//1823 2775//1824
f 2834//1849 2610//1741 2775//1824
f 2834//1849 2608//1755 2610//1741
f 2834//1849 2833//1848 2608//1755
f 2608//1755 2833//1848 2832//1847
f 2606//1712 2832//1847 2831//1819
f 2830//1846 2606//1712 2831//1819
f 2830//1846 2829//1845 2606//1712
f 2606//1712 2829//1845 2604//1754
f 2604//1754 2829//1845 2828//1844
f 2827//1843 2604//1754 2828//1844
f 2827//1843 2712//1745 2604//1754
f 2827//1843 2826//1814 2712//1745
f 2712//1745 2826//1814 2710//1761
f 2710//1761 2826//1814 2825//1842
f 2824//1841 2710//1761 2825//1842
f 2824//1841 2823//1840 2710//1761
f 2710//1761 2823//1840 2708//1760
f 2708//1760 2823//1840 2822//1839
f 2821//1809 2708//1760 2822//1839
f 2821//1809 2706//1741 2708//1760
f 2821//1809 2820//1838 2706//1741
f 2706//1741 2820//1838 2819//1807
f 2704//1755 2819//1807 2818//1837
f 2817//1805 2704//1755 2818//1837
f 2817//1805 2702//1495 2704//1755
f 2817//1805 2816//1804 2702//1495
f 2702//1495 2816//1804 2700//1496
f 2700//1496 2816//1804 2815//1803
f 2698//1702 2815//1803 2814//1836
f 2696//1703 2814//1836 2813//1801
f 2694//1499 2813//1801 2812//1800
f 2692//1500 2812//1800 2811//1835
f 2690//1732 2811//1835 2810//1834
f 2809//1797 2690//1732 2810//1834
f 2809//1797 2688//1694 2690//1732
f 2809//1797 2808//1796 2688//1694
f 2688//1694 2808//1796 2686//1478
f 2686//1478 2808//1796 2807//1795
f 2684//1759 2807//1795 2806//1833
f 2805//1793 2684//1759 2806//1833
f 2805//1793 2682//1695 2684//1759
f 2805//1793 2804//1792 2682//1695
f 2682//1695 2804//1792 2240//1698
f 2239//1485 2682//1695 2240//1698
f 2239//1485 2680//1696 2682//1695
f 2239//1485 2238//1484 2680//1696
f 2680//1696 2238//1484 2678//1697
f 2678//1697 2238//1484 2237//1697
f 2676//1484 2237//1697 2236//1696
f 2674//1485 2236//1696 2235//1695
f 2672//1698 2235//1695 2596//1500
f 2598//1499 2672//1698 2596//1500
f 2598//1499 2670//1487 2672//1698
f 2598//1499 2600//1703 2670//1487
f 2670//1487 2600//1703 2668//1699
f 2668//1699 2600//1703 2602//1702
f 2666//1489 2602//1702 2604//1754
f 2712//1745 2666//1489 2604//1754
f 2790//1778 2254//1704 2791//1779
f 2791//1779 2254//1704 2253//1499
f 2792//1780 2253//1499 2252//1703
f 2793//1781 2252//1703 2251//1702
f 2794//1782 2251//1702 2250//1496
f 2795//1829 2250//1496 2249//1495
f 2796//1784 2249//1495 2248//1494
f 2797//1830 2248//1494 2247//1701
f 2246//1700 2797//1830 2247//1701
f 2246//1700 2798//1831 2797//1830
f 2246//1700 2245//1491 2798//1831
f 2798//1831 2245//1491 2799//1787
f 2799//1787 2245//1491 2244//1490
f 2800//1788 2244//1490 2243//1489
f 2801//1789 2243//1489 2242//1699
f 2802//1790 2242//1699 2241//1487
f 2803//1832 2241//1487 2240//1698
f 2804//1792 2803//1832 2240//1698
f 2791//1779 2253//1499 2792//1780
f 2792//1780 2252//1703 2793//1781
f 2793//1781 2251//1702 2794//1782
f 2794//1782 2250//1496 2795//1829
f 2795//1829 2249//1495 2796//1784
f 2796//1784 2248//1494 2797//1830
f 2799//1787 2244//1490 2800//1788
f 2800//1788 2243//1489 2801//1789
f 2801//1789 2242//1699 2802//1790
f 2802//1790 2241//1487 2803//1832
f 2678//1697 2237//1697 2676//1484
f 2676//1484 2236//1696 2674//1485
f 2596//1500 2235//1695 2594//1501
f 2594//1501 2235//1695 2234//1480
f 2592//1694 2234//1480 2232//1478
f 2590//1478 2232//1478 2233//1694
f 2588//1480 2590//1478 2233//1694
f 2594//1501 2234//1480 2592//1694
f 2592//1694 2232//1478 2590//1478
f 2616//1490 2570//1489 2779//1767
f 2570//1489 2572//1699 2780//1826
f 2572//1699 2574//1487 2781//1769
f 2574//1487 2576//1486 2782//1827
f 2576//1486 2578//1485 2783//1771
f 2582//1723 2584//1696 2787//1775
f 2668//1699 2602//1702 2666//1489
f 2606//1712 2608//1755 2832//1847
f 2614//1749 2616//1490 2778//1825
f 2672//1698 2674//1485 2235//1695
f 2684//1759 2686//1478 2807//1795
f 2690//1732 2692//1500 2811//1835
f 2692//1500 2694//1499 2812//1800
f 2694//1499 2696//1703 2813//1801
f 2696//1703 2698//1702 2814//1836
f 2698//1702 2700//1496 2815//1803
f 2704//1755 2706//1741 2819//1807
f 2835//1823 1112//949 2836//1850
f 2835//1823 1116//953 1112//949
f 2835//1823 2837//1764 1116//953
f 1116//953 2837//1764 1118//955
f 1118//955 2837//1764 2838//1851
f 1120//957 2838//1851 2839//1825
f 1122//959 2839//1825 2840//1767
f 1124//961 2840//1767 2841//1826
f 1126//963 2841//1826 2842//1769
f 1130//967 2842//1769 2843//1770
f 1131//968 2843//1770 2844//1771
f 1132//969 2844//1771 2845//1772
f 1133//970 2845//1772 2846//1773
f 1134//971 2846//1773 2847//1774
f 1135//972 2847//1774 2848//1775
f 1136//973 2848//1775 2849//1776
f 1137//974 2849//1776 2850//1777
f 1138//975 2850//1777 2851//1778
f 1139//976 2851//1778 2852//1779
f 1140//977 2852//1779 2853//1780
f 1141//978 2853//1780 2854//1781
f 1142//979 2854//1781 2855//1782
f 1143//980 2855//1782 2856//1783
f 1144//965 2856//1783 2857//1784
f 1145//964 2857//1784 2858//1852
f 1146//962 2858//1852 2859//1831
f 1147//960 2859//1831 2860//1853
f 1148//958 2860//1853 2861//1854
f 1149//956 2861//1854 2862//1855
f 1150//954 2862//1855 2863//1856
f 1151//952 2863//1856 2864//1832
f 1152//950 2864//1832 2865//1792
f 1153//981 2865//1792 2866//1857
f 1154//982 2866//1857 2867//1858
f 1155//983 2867//1858 2868//1859
f 1156//984 2868//1859 2869//1860
f 1157//985 2869//1860 2870//1797
f 1158//986 2870//1797 2871//1834
f 1159//987 2871//1834 2872//1835
f 1160//988 2872//1835 2873//1861
f 1161//989 2873//1861 2874//1801
f 1162//990 2874//1801 2875//1802
f 1163//991 2875//1802 2876//1803
f 1164//992 2876//1803 2877//1804
f 1165//993 2877//1804 2878//1805
f 1166//994 2878//1805 2879//1806
f 1167//995 2879//1806 2880//1807
f 1168//996 2880//1807 2881//1808
f 1169//997 2881//1808 2882//1809
f 1170//998 2882//1809 2883//1810
f 1171//999 2883//1810 2884//1811
f 1172//1000 2884//1811 2885//1812
f 1173//1001 2885//1812 2886//1813
f 1174//1002 2886//1813 2887//1814
f 1175//1003 2887//1814 2888//1815
f 1176//1004 2888//1815 2889//1816
f 1186//1007 2889//1816 2890//1845
f 1188//1008 2890//1845 2891//1818
f 1190//1010 2891//1818 2892//1862
f 1192//1011 2892//1862 2893//1847
f 1194//1012 2893//1847 2894//1821
f 1196//1013 2894//1821 2895//1849
f 1114//951 2895//1849 2836//1850
f 1112//949 1114//951 2836//1850
f 1118//955 2838//1851 1120//957
f 1120//957 2839//1825 1122//959
f 1122//959 2840//1767 1124//961
f 1124//961 2841//1826 1126//963
f 1126//963 2842//1769 1130//967
f 1130//967 2843//1770 1131//968
f 1131//968 2844//1771 1132//969
f 1132//969 2845//1772 1133//970
f 1133//970 2846//1773 1134//971
f 1134//971 2847//1774 1135//972
f 1135//972 2848//1775 1136//973
f 1136//973 2849//1776 1137//974
f 1137//974 2850//1777 1138//975
f 1138//975 2851//1778 1139//976
f 1139//976 2852//1779 1140//977
f 1140//977 2853//1780 1141//978
f 1141//978 2854//1781 1142//979
f 1142//979 2855//1782 1143//980
f 1143//980 2856//1783 1144//965
f 1144//965 2857//1784 1145//964
f 1145//964 2858//1852 1146//962
f 1146//962 2859//1831 1147//960
f 1147//960 2860//1853 1148//958
f 1148//958 2861//1854 1149//956
f 1149//956 2862//1855 1150//954
f 1150//954 2863//1856 1151//952
f 1151//952 2864//1832 1152//950
f 1152//950 2865//1792 1153//981
f 1153//981 2866//1857 1154//982
f 1154//982 2867//1858 1155//983
f 1155//983 2868//1859 1156//984
f 1156//984 2869//1860 1157//985
f 1157//985 2870//1797 1158//986
f 1158//986 2871//1834 1159//987
f 1159//987 2872//1835 1160//988
f 1160//988 2873//1861 1161//989
f 1161//989 2874//1801 1162//990
f 1162//990 2875//1802 1163//991
f 1163//991 2876//1803 1164//992
f 1164//992 2877//1804 1165//993
f 1165//993 2878//1805 1166//994
f 1166//994 2879//1806 1167//995
f 1167//995 2880//1807 1168//996
f 1168//996 2881//1808 1169//997
f 1169//997 2882//1809 1170//998
f 1170//998 2883//1810 1171//999
f 1171//999 2884//1811 1172//1000
f 1172//1000 2885//1812 1173//1001
f 1173//1001 2886//1813 1174//1002
f 1174//1002 2887//1814 1175//1003
f 1175//1003 2888//1815 1176//1004
f 1176//1004 2889//1816 1186//1007
f 1186//1007 2890//1845 1188//1008
f 1188//1008 2891//1818 1190//1010
f 1190//1010 2892//1862 1192//1011
f 1192//1011 2893//1847 1194//1012
f 1194//1012 2894//1821 1196//1013
f 1196//1013 2895//1849 1114//951
f 2401//1478 2402//1707 2836//1850
f 2895//1849 2401//1478 2836//1850
f 2895//1849 2403//1480 2401//1478
f 2895//1849 2894//1821 2403//1480
f 2403//1480 2894//1821 2404//1481
f 2404//1481 2894//1821 2893//1847
f 2405//1696 2893//1847 2892//1862
f 2406//1697 2892//1862 2891//1818
f 2407//1484 2891//1818 2890//1845
f 2408//1708 2890//1845 2889//1816
f 2568//1710 2889//1816 2888//1815
f 2887//1814 2568//1710 2888//1815
f 2887//1814 2566//1491 2568//1710
f 2887//1814 2886//1813 2566//1491
f 2566//1491 2886//1813 2564//1700
f 2564//1700 2886//1813 2885//1812
f 2562//1741 2885//1812 2884//1811
f 2883//1810 2562//1741 2884//1811
f 2883//1810 2560//1494 2562//1741
f 2883//1810 2882//1809 2560//1494
f 2560//1494 2882//1809 2558//1495
f 2558//1495 2882//1809 2881//1808
f 2556//1496 2881//1808 2880//1807
f 2554//1702 2880//1807 2879//1806
f 2552//1703 2879//1806 2878//1805
f 2550//1499 2878//1805 2877//1804
f 2548//1500 2877//1804 2876//1803
f 2546//1732 2876//1803 2875//1802
f 2874//1801 2546//1732 2875//1802
f 2874//1801 2544//1730 2546//1732
f 2874//1801 2873//1861 2544//1730
f 2544//1730 2873//1861 2872//1835
f 2542//1728 2872//1835 2871//1834
f 2870//1797 2542//1728 2871//1834
f 2870//1797 2540//1753 2542//1728
f 2870//1797 2869//1860 2540//1753
f 2540//1753 2869//1860 2868//1859
f 2867//1858 2540//1753 2868//1859
f 2867//1858 2538//1752 2540//1753
f 2867//1858 2866//1857 2538//1752
f 2538//1752 2866//1857 2865//1792
f 2646//1757 2865//1792 2864//1832
f 2644//1756 2864//1832 2863//1856
f 2862//1855 2644//1756 2863//1856
f 2862//1855 2861//1854 2644//1756
f 2644//1756 2861//1854 2642//1732
f 2642//1732 2861//1854 2860//1853
f 2859//1831 2642//1732 2860//1853
f 2859//1831 2640//1730 2642//1732
f 2859//1831 2858//1852 2640//1730
f 2640//1730 2858//1852 2857//1784
f 2638//1728 2857//1784 2856//1783
f 2855//1782 2638//1728 2856//1783
f 2855//1782 2636//1480 2638//1728
f 2855//1782 2854//1781 2636//1480
f 2636//1480 2854//1781 2634//1481
f 2634//1481 2854//1781 2853//1780
f 2632//1696 2853//1780 2852//1779
f 2630//1697 2852//1779 2851//1778
f 2628//1484 2851//1778 2850//1777
f 2626//1485 2850//1777 2849//1776
f 2624//1486 2849//1776 2848//1775
f 2622//1746 2848//1775 2847//1774
f 2846//1773 2622//1746 2847//1774
f 2846//1773 2620//1699 2622//1746
f 2846//1773 2845//1772 2620//1699
f 2620//1699 2845//1772 2618//1489
f 2618//1489 2845//1772 2844//1771
f 2664//1710 2844//1771 2843//1770
f 2842//1769 2664//1710 2843//1770
f 2842//1769 2418//1712 2664//1710
f 2842//1769 2841//1826 2418//1712
f 2418//1712 2841//1826 2419//1496
f 2419//1496 2841//1826 2840//1767
f 2420//1702 2840//1767 2839//1825
f 2421//1703 2839//1825 2838//1851
f 2422//1499 2838//1851 2837//1764
f 2423//1500 2837//1764 2835//1823
f 2424//1501 2835//1823 2836//1850
f 2402//1707 2424//1501 2836//1850
f 2424//1501 2423//1500 2835//1823
f 2423//1500 2422//1499 2837//1764
f 2422//1499 2421//1703 2838//1851
f 2421//1703 2420//1702 2839//1825
f 2420//1702 2419//1496 2840//1767
f 2664//1710 2418//1712 2662//1749
f 2662//1749 2418//1712 2417//1711
f 2416//1493 2662//1749 2417//1711
f 2416//1493 2660//1700 2662//1749
f 2416//1493 2415//1700 2660//1700
f 2660//1700 2415//1700 2658//1493
f 2658//1493 2415//1700 2414//1491
f 2656//1494 2414//1491 2413//1710
f 2654//1495 2413//1710 2530//1750
f 2652//1758 2530//1750 2532//1751
f 2534//1697 2652//1758 2532//1751
f 2534//1697 2650//1702 2652//1758
f 2534//1697 2536//1696 2650//1702
f 2650//1702 2536//1696 2648//1703
f 2648//1703 2536//1696 2538//1752
f 2646//1757 2538//1752 2865//1792
f 2646//1757 2648//1703 2538//1752
f 2658//1493 2414//1491 2656//1494
f 2530//1750 2413//1710 2528//1486
f 2528//1486 2413//1710 2412//1489
f 2526//1487 2412//1489 2411//1699
f 2524//1699 2411//1699 2410//1487
f 2522//1714 2410//1487 2409//1709
f 2408//1708 2522//1714 2409//1709
f 2408//1708 2568//1710 2522//1714
f 2408//1708 2889//1816 2568//1710
f 2528//1486 2412//1489 2526//1487
f 2526//1487 2411//1699 2524//1699
f 2524//1699 2410//1487 2522//1714
f 2408//1708 2407//1484 2890//1845
f 2407//1484 2406//1697 2891//1818
f 2406//1697 2405//1696 2892//1862
f 2405//1696 2404//1481 2893//1847
f 2654//1495 2530//1750 2652//1758
f 2542//1728 2544//1730 2872//1835
f 2546//1732 2548//1500 2876//1803
f 2548//1500 2550//1499 2877//1804
f 2550//1499 2552//1703 2878//1805
f 2552//1703 2554//1702 2879//1806
f 2554//1702 2556//1496 2880//1807
f 2556//1496 2558//1495 2881//1808
f 2562//1741 2564//1700 2885//1812
f 2664//1710 2618//1489 2844//1771
f 2622//1746 2624//1486 2848//1775
f 2624//1486 2626//1485 2849//1776
f 2626//1485 2628//1484 2850//1777
f 2628//1484 2630//1697 2851//1778
f 2630//1697 2632//1696 2852//1779
f 2632//1696 2634//1481 2853//1780
f 2638//1728 2640//1730 2857//1784
f 2644//1756 2646//1757 2864//1832
f 2654//1495 2656//1494 2413//1710
f 463//463 2896//1863 462//462
f 462//462 2896//1863 714//682
f 515//515 1095//940 514//514
f 514//514 1095//940 2897//1864
f 2896//1863 463//463 2898//281
f 2898//281 463//463 464//464
f 2899//282 464//464 465//465
f 2900//1865 465//465 466//466
f 2901//284 466//466 467//467
f 468//468 2901//284 467//467
f 468//468 2902//1866 2901//284
f 468//468 469//469 2902//1866
f 2902//1866 469//469 2903//1867
f 2903//1867 469//469 470//470
f 2904//1868 470//470 471//471
f 2905//1869 471//471 472//472
f 2906//1870 472//472 473//473
f 2907//1871 473//473 474//474
f 2908//1872 474//474 475//475
f 2909//292 475//475 476//476
f 2910//1873 476//476 477//477
f 2911//294 477//477 478//478
f 2912//1874 478//478 479//479
f 2913//1875 479//479 480//480
f 2914//1876 480//480 481//481
f 2915//1877 481//481 482//482
f 2916//299 482//482 483//483
f 2917//300 483//483 484//484
f 2918//301 484//484 485//485
f 2919//1878 485//485 486//486
f 2920//1879 486//486 487//487
f 2921//304 487//487 488//488
f 2922//1880 488//488 489//489
f 2923//1881 489//489 490//490
f 2924//417 490//490 491//491
f 2925//416 491//491 492//492
f 2926//1882 492//492 493//493
f 2927//414 493//493 494//494
f 2928//1883 494//494 495//495
f 2929//412 495//495 496//496
f 2930//411 496//496 497//497
f 2931//410 497//497 498//498
f 2932//409 498//498 499//499
f 2933//408 499//499 500//500
f 2934//407 500//500 501//501
f 2935//1884 501//501 502//502
f 2936//405 502//502 503//503
f 2937//1885 503//503 504//504
f 2938//1886 504//504 505//505
f 2939//402 505//505 506//506
f 2940//1887 506//506 507//507
f 2941//400 507//507 508//508
f 2942//1888 508//508 509//509
f 2943//1889 509//509 510//510
f 2944//397 510//510 511//511
f 2945//396 511//511 512//512
f 2946//395 512//512 513//513
f 2947//1890 513//513 514//514
f 2897//1864 2947//1890 514//514
f 2898//281 464//464 2899//282
f 2899//282 465//465 2900//1865
f 2900//1865 466//466 2901//284
f 2903//1867 470//470 2904//1868
f 2904//1868 471//471 2905//1869
f 2905//1869 472//472 2906//1870
f 2906//1870 473//473 2907//1871
f 2907//1871 474//474 2908//1872
f 2908//1872 475//475 2909//292
f 2909//292 476//476 2910//1873
f 2910//1873 477//477 2911//294
f 2911//294 478//478 2912//1874
f 2912//1874 479//479 2913//1875
f 2913//1875 480//480 2914//1876
f 2914//1876 481//481 2915//1877
f 2915//1877 482//482 2916//299
f 2916//299 483//483 2917//300
f 2917//300 484//484 2918//301
f 2918//301 485//485 2919//1878
f 2919//1878 486//486 2920//1879
f 2920//1879 487//487 2921//304
f 2921//304 488//488 2922//1880
f 2922//1880 489//489 2923//1881
f 2923//1881 490//490 2924//417
f 2924//417 491//491 2925//416
f 2925//416 492//492 2926//1882
f 2926//1882 493//493 2927//414
f 2927//414 494//494 2928//1883
f 2928//1883 495//495 2929//412
f 2929//412 496//496 2930//411
f 2930//411 497//497 2931//410
f 2931//410 498//498 2932//409
f 2932//409 499//499 2933//408
f 2933//408 500//500 2934//407
f 2934//407 501//501 2935//1884
f 2935//1884 502//502 2936//405
f 2936//405 503//503 2937//1885
f 2937//1885 504//504 2938//1886
f 2938//1886 505//505 2939//402
f 2939//402 506//506 2940//1887
f 2940//1887 507//507 2941//400
f 2941//400 508//508 2942//1888
f 2942//1888 509//509 2943//1889
f 2943//1889 510//510 2944//397
f 2944//397 511//511 2945//396
f 2945//396 512//512 2946//395
f 2946//395 513//513 2947//1890
f 767//735 644//340 813//781
f 767//735 643//341 644//340
f 767//735 769//737 643//341
f 643//341 769//737 642//342
f 642//342 769//737 771//739
f 641//343 771//739 773//741
f 640//629 773//741 639//345
f 640//629 641//343 773//741
f 642//342 771//739 641//343
f 773//741 775//743 639//345
f 639//345 775//743 638//628
f 638//628 775//743 637//627
f 637//627 775//743 1866//1328
f 1868//1330 637//627 1866//1328
f 1868//1330 636//626 637//627
f 1868//1330 635//349 636//626
f 1868//1330 1870//1332 635//349
f 635//349 1870//1332 634//625
f 634//625 1870//1332 1754//1216
f 633//624 1754//1216 632//623
f 633//624 634//625 1754//1216
f 775//743 777//745 1866//1328
f 1866//1328 777//745 1864//1326
f 1864//1326 777//745 1862//1324
f 1862//1324 777//745 779//747
f 1860//1322 779//747 781//749
f 1858//1320 781//749 783//751
f 1856//1318 783//751 785//753
f 1854//1316 785//753 679//656
f 1852//1314 679//656 1850//1312
f 1852//1314 1854//1316 679//656
f 1862//1324 779//747 1860//1322
f 1860//1322 781//749 1858//1320
f 1858//1320 783//751 1856//1318
f 785//753 787//755 679//656
f 679//656 787//755 660//637
f 660//637 787//755 789//757
f 791//759 660//637 789//757
f 791//759 793//761 660//637
f 660//637 793//761 795//763
f 659//636 795//763 797//765
f 799//767 659//636 797//765
f 799//767 658//326 659//636
f 799//767 801//769 658//326
f 658//326 801//769 657//327
f 657//327 801//769 803//771
f 656//328 803//771 805//773
f 655//635 805//773 654//634
f 655//635 656//328 805//773
f 660//637 795//763 659//636
f 657//327 803//771 656//328
f 654//634 805//773 653//331
f 653//331 805//773 807//775
f 652//633 807//775 651//333
f 652//633 653//331 807//775
f 809//777 648//336 807//775
f 809//777 647//630 648//336
f 809//777 646//338 647//630
f 809//777 811//779 646//338
f 646//338 811//779 645//339
f 645//339 811//779 813//781
f 644//340 645//339 813//781
f 859//779 861//795 626//620
f 627//621 859//779 626//620
f 627//621 857//794 859//779
f 627//621 855//793 857//794
f 627//621 628//356 855//793
f 855//793 628//356 853//792
f 853//792 628//356 629//355
f 851//771 629//355 630//354
f 849//791 630//354 631//622
f 632//623 849//791 631//622
f 632//623 847//790 849//791
f 632//623 1756//1218 847//790
f 632//623 1754//1216 1756//1218
f 817//782 625//619 815//735
f 817//782 819//739 625//619
f 625//619 819//739 624//618
f 624//618 819//739 821//783
f 823//784 624//618 821//783
f 823//784 623//361 624//618
f 823//784 825//785 623//361
f 623//361 825//785 622//362
f 622//362 825//785 827//747
f 621//363 827//747 829//786
f 620//617 829//786 619//616
f 620//617 621//363 829//786
f 622//362 827//747 621//363
f 619//616 829//786 618//615
f 618//615 829//786 831//787
f 617//614 831//787 616//613
f 617//614 618//615 831//787
f 833//753 613//371 831//787
f 833//753 612//610 613//371
f 833//753 611//373 612//610
f 833//753 835//755 611//373
f 611//373 835//755 610//374
f 610//374 835//755 837//788
f 609//609 837//788 839//759
f 841//761 609//609 839//759
f 841//761 843//763 609//609
f 609//609 843//763 1762//1224
f 1764//1226 609//609 1762//1224
f 1764//1226 1766//1228 609//609
f 609//609 1766//1228 1768//1230
f 1111//948 1768//1230 1770//1232
f 1772//1234 1111//948 1770//1232
f 1772//1234 1774//1236 1111//948
f 1111//948 1774//1236 1110//377
f 1110//377 1774//1236 1776//1238
f 1109//378 1776//1238 1778//1240
f 1108//947 1778//1240 1107//380
f 1108//947 1109//378 1778//1240
f 610//374 837//788 609//609
f 843//763 845//789 1762//1224
f 1762//1224 845//789 1760//1222
f 1760//1222 845//789 1758//1220
f 1758//1220 845//789 847//790
f 1756//1218 1758//1220 847//790
f 849//791 851//771 630//354
f 851//771 853//792 629//355
f 863//796 2896//1863 909//781
f 863//796 865//782 2896//1863
f 2896//1863 865//782 867//797
f 1822//1284 867//797 1820//1282
f 1822//1284 2896//1863 867//797
f 1822//1284 1824//1286 2896//1863
f 2896//1863 1824//1286 1826//1288
f 714//682 1826//1288 1828//1290
f 1830//1292 714//682 1828//1290
f 1830//1292 1832//1294 714//682
f 714//682 1832//1294 713//307
f 713//307 1832//1294 1834//1296
f 712//308 1834//1296 1836//1298
f 711//309 1836//1298 1838//1300
f 710//681 1838//1300 709//311
f 710//681 711//309 1838//1300
f 867//797 869//798 1820//1282
f 1820//1282 869//798 1818//1280
f 1818//1280 869//798 871//743
f 1816//1278 871//743 1814//1276
f 1816//1278 1818//1280 871//743
f 1814//1276 871//743 2920//1879
f 2921//304 1814//1276 2920//1879
f 2921//304 1812//1274 1814//1276
f 2921//304 2922//1880 1812//1274
f 1812//1274 2922//1880 2923//1881
f 1810//1272 2923//1881 2924//417
f 1808//1270 2924//417 2925//416
f 943//802 2925//416 2926//1882
f 2927//414 943//802 2926//1882
f 2927//414 941//789 943//802
f 2927//414 2928//1883 941//789
f 941//789 2928//1883 2929//412
f 939//763 2929//412 2930//411
f 937//801 2930//411 2931//410
f 935//800 2931//410 2932//409
f 933//788 2932//409 2933//408
f 931//755 2933//408 2934//407
f 929//753 2934//407 2935//1884
f 2936//405 929//753 2935//1884
f 2936//405 927//787 929//753
f 2936//405 2937//1885 927//787
f 927//787 2937//1885 2938//1886
f 2939//402 927//787 2938//1886
f 2939//402 2940//1887 927//787
f 927//787 2940//1887 2941//400
f 925//786 2941//400 2942//1888
f 2943//1889 925//786 2942//1888
f 2943//1889 2944//397 925//786
f 925//786 2944//397 923//747
f 923//747 2944//397 2945//396
f 921//785 2945//396 2946//395
f 919//784 2946//395 2947//1890
f 917//783 2947//1890 915//739
f 917//783 919//784 2947//1890
f 875//747 2918//301 873//745
f 875//747 2917//300 2918//301
f 875//747 877//749 2917//300
f 2917//300 877//749 2916//299
f 2916//299 877//749 879//751
f 2915//1877 879//751 881//799
f 883//755 2915//1877 881//799
f 883//755 2914//1876 2915//1877
f 883//755 885//757 2914//1876
f 2914//1876 885//757 887//800
f 2913//1875 887//800 889//761
f 891//763 2913//1875 889//761
f 891//763 2912//1874 2913//1875
f 891//763 893//765 2912//1874
f 2912//1874 893//765 895//767
f 2911//294 895//767 897//769
f 2910//1873 897//769 899//771
f 2909//292 899//771 901//773
f 2908//1872 901//773 2907//1871
f 2908//1872 2909//292 901//773
f 2916//299 879//751 2915//1877
f 2914//1876 887//800 2913//1875
f 2912//1874 895//767 2911//294
f 2911//294 897//769 2910//1873
f 2910//1873 899//771 2909//292
f 2907//1871 901//773 2906//1870
f 2906//1870 901//773 903//775
f 2905//1869 903//775 2904//1868
f 2905//1869 2906//1870 903//775
f 905//777 2901//284 903//775
f 905//777 2900//1865 2901//284
f 905//777 2899//282 2900//1865
f 905//777 907//779 2899//282
f 2899//282 907//779 2898//281
f 2898//281 907//779 909//781
f 2896//1863 2898//281 909//781
f 955//779 957//795 2897//1864
f 1796//1258 2897//1864 1095//940
f 1794//1256 1095//940 1792//1254
f 1794//1256 1796//1258 1095//940
f 957//795 911//796 2897//1864
f 2897//1864 911//796 913//782
f 915//739 2897//1864 913//782
f 915//739 2947//1890 2897//1864
f 919//784 921//785 2946//395
f 921//785 923//747 2945//396
f 925//786 927//787 2941//400
f 929//753 931//755 2934//407
f 931//755 933//788 2933//408
f 933//788 935//800 2932//409
f 935//800 937//801 2931//410
f 937//801 939//763 2930//411
f 939//763 941//789 2929//412
f 945//791 1806//1268 943//802
f 945//791 1804//1266 1806//1268
f 945//791 1802//1264 1804//1266
f 945//791 947//771 1802//1264
f 1802//1264 947//771 1800//1262
f 1800//1262 947//771 949//792
f 1798//1260 949//792 951//793
f 1796//1258 951//793 953//794
f 955//779 1796//1258 953//794
f 955//779 2897//1864 1796//1258
f 1800//1262 949//792 1798//1260
f 1798//1260 951//793 1796//1258
f 609//609 1768//1230 1111//948
f 1110//377 1776//1238 1109//378
f 1778//1240 1780//1242 1107//380
f 1107//380 1780//1242 1106//946
f 1106//946 1780//1242 1105//945
f 1105//945 1780//1242 1104//383
f 1104//383 1780//1242 1782//1244
f 1103//384 1782//1244 1102//944
f 1103//384 1104//383 1782//1244
f 1784//1246 1100//387 1782//1244
f 1784//1246 1099//942 1100//387
f 1784//1246 1098//389 1099//942
f 1784//1246 1786//1248 1098//389
f 1098//389 1786//1248 1097//941
f 1097//941 1786//1248 1096//391
f 1096//391 1786//1248 1788//1250
f 1095//940 1788//1250 1790//1252
f 1792//1254 1095//940 1790//1252
f 1096//391 1788//1250 1095//940
f 1806//1268 1808//1270 943//802
f 943//802 1808//1270 2925//416
f 1808//1270 1810//1272 2924//417
f 1810//1272 1812//1274 2923//1881
f 2896//1863 1826//1288 714//682
f 713//307 1834//1296 712//308
f 712//308 1836//1298 711//309
f 1838//1300 1840//1302 709//311
f 709//311 1840//1302 708//680
f 708//680 1840//1302 707//679
f 707//679 1840//1302 706//678
f 706//678 1840//1302 705//315
f 705//315 1840//1302 704//316
f 704//316 1840//1302 1842//1304
f 703//677 1842//1304 702//676
f 703//677 704//316 1842//1304
f 702//676 1842//1304 701//319
f 701//319 1842//1304 1844//1306
f 700//675 1844//1306 699//321
f 700//675 701//319 1844//1306
f 1844//1306 1846//1308 699//321
f 699//321 1846//1308 698//322
f 698//322 1846//1308 1848//1310
f 679//656 1848//1310 1850//1312
f 679//656 698//322 1848//1310
f 1854//1316 1856//1318 785//753
f 2901//284 2902//1866 903//775
f 903//775 2902//1866 2903//1867
f 2904//1868 903//775 2903//1867
f 2918//301 2919//1878 873//745
f 873//745 2919//1878 2920//1879
f 871//743 873//745 2920//1879
f 1100//387 1101//943 1782//1244
f 1782//1244 1101//943 1102//944
f 613//371 614//611 831//787
f 831//787 614//611 615//612
f 616//613 831//787 615//612
f 625//619 626//620 815//735
f 815//735 626//620 861//795
f 648//336 649//631 807//775
f 807//775 649//631 650//632
f 651//333 807//775 650//632
# Vertices: 2947, normals: 1890, texture coordinates: 0, faces: 5890

