# File generated by ImageToStl.com - Free Image and 3D model conversion tools

o obj1
v 29.4915 29.7292 20.9467
v 28.7 29.8071 20.9467
v 29.4841 29.6921 21.1171
v 30.2526 29.4983 20.9467
v 30.2381 29.4634 21.1171
v 30.954 29.1234 20.9467
v 30.933 29.092 21.1171
v 31.5688 28.6188 20.9467
v 31.5421 28.5921 21.1171
v 32.0734 28.004 20.9467
v 32.042 27.983 21.1171
v 32.4483 27.3026 20.9467
v 32.4134 27.2881 21.1171
v 32.6792 26.5415 20.9467
v 32.6421 26.5341 21.1171
v 32.7571 25.75 20.9467
v 32.6239 25.75 21.3916
v 28.7 29.4418 21.7937
v 29.4452 29.4962 21.5994
v 28.7 29.6739 21.3916
v 29.3832 29.1844 22.0136
v 28.7 29.1231 22.1315
v 29.3023 28.7782 22.3315
v 30.0401 28.9852 22.0136
v 29.8815 28.6025 22.3315
v 30.6455 28.6616 22.0136
v 30.4153 28.3172 22.3315
v 31.1761 28.2261 22.0136
v 30.8832 27.9332 22.3315
v 31.6116 27.6955 22.0136
v 31.2672 27.4653 22.3315
v 31.9352 27.0901 22.0136
v 31.5525 26.9315 22.3315
v 32.1344 26.4332 22.0136
v 31.7282 26.3523 22.3315
v 32.0731 25.75 22.1315
v 31.6851 25.75 22.3867
v 32.3918 25.75 21.7937
v 32.4462 26.4952 21.5994
v 32.2288 27.2117 21.5994
v 31.8758 27.872 21.5994
v 31.4008 28.4508 21.5994
v 30.822 28.9259 21.5994
v 30.1617 29.2788 21.5994
v 28.7 28.7351 22.3867
v 29.2082 28.3051 22.5313
v 29.6969 28.1568 22.5313
v 30.1473 27.9161 22.5313
v 30.5421 27.5921 22.5313
v 30.8661 27.1973 22.5313
v 31.1068 26.747 22.5313
v 31.2551 26.2582 22.5313
v 31.2487 25.75 22.5455
v 28.7 28.2987 22.5455
v 28.7 27.8375 22.5994
v 29.2403 27.7664 22.5994
v 29.7438 27.5578 22.5994
v 30.1761 27.2261 22.5994
v 30.5078 26.7938 22.5994
v 30.7164 26.2903 22.5994
v 30.7875 25.75 22.5994
v 31.2487 -25.75 22.5455
v 31.1348 -15.45 22.569
v 30.7875 -25.75 22.5994
v 31.6327 -15.45 22.412
v 31.6851 -25.75 22.3867
v 32.0731 -15.45 22.1315
v 32.0731 -5.15 22.1315
v 32.4258 -5.15 21.7466
v 32.4258 5.15 21.7466
v 32.6669 5.15 21.2835
v 32.6669 15.45 21.2835
v 32.4258 15.45 21.7466
v 32.0731 15.45 22.1315
v 32.0731 5.15 22.1315
v 31.6327 5.15 22.412
v 31.6327 -5.15 22.412
v 31.1348 -5.15 22.569
v 32.0731 -25.75 22.1315
v 32.3918 -25.75 21.7937
v 32.4258 -15.45 21.7466
v 32.6239 -25.75 21.3916
v 32.6669 -15.45 21.2835
v 32.7571 -25.75 20.9467
v 32.6669 -5.15 21.2835
v 31.6327 15.45 22.412
v 31.1348 15.45 22.569
v 31.1348 5.15 22.569
v 28.7 -27.8375 22.5994
v 28.7 -28.2987 22.5455
v 29.2403 -27.7664 22.5994
v 29.2082 -28.3051 22.5313
v 29.697 -28.1568 22.5313
v 29.3023 -28.7782 22.3315
v 29.8815 -28.6025 22.3315
v 29.3832 -29.1844 22.0136
v 30.0401 -28.9852 22.0136
v 29.4452 -29.4962 21.5994
v 30.1617 -29.2788 21.5994
v 29.4841 -29.6921 21.1171
v 30.2381 -29.4634 21.1171
v 29.4915 -29.7292 20.9467
v 30.2526 -29.4983 20.9467
v 30.933 -29.092 21.1171
v 30.954 -29.1234 20.9467
v 31.5421 -28.5921 21.1171
v 31.4008 -28.4508 21.5994
v 31.8759 -27.872 21.5994
v 31.6116 -27.6955 22.0136
v 31.9352 -27.09 22.0136
v 31.5525 -26.9315 22.3315
v 31.7282 -26.3523 22.3315
v 31.2551 -26.2582 22.5313
v 30.7164 -26.2903 22.5994
v 31.1068 -26.7469 22.5313
v 30.5078 -26.7938 22.5994
v 30.8661 -27.1973 22.5313
v 30.1761 -27.2261 22.5994
v 30.5421 -27.5921 22.5313
v 30.1473 -27.9161 22.5313
v 30.4153 -28.3172 22.3315
v 30.6455 -28.6616 22.0136
v 28.7 -28.7351 22.3867
v 28.7 -29.1231 22.1315
v 28.7 -29.4418 21.7937
v 28.7 -29.6739 21.3916
v 28.7 -29.8071 20.9467
v 31.5688 -28.6188 20.9467
v 32.042 -27.983 21.1171
v 32.2288 -27.2117 21.5994
v 32.1344 -26.4332 22.0136
v 32.0734 -28.004 20.9467
v 32.4134 -27.2881 21.1171
v 32.4462 -26.4952 21.5994
v 32.4483 -27.3026 20.9467
v 32.6421 -26.5341 21.1171
v 32.6792 -26.5415 20.9467
v 31.2672 -27.4653 22.3315
v 31.1761 -28.2261 22.0136
v 30.822 -28.9258 21.5994
v 30.8832 -27.9332 22.3315
v 29.7438 -27.5578 22.5994
v -42 -28.2987 22.5455
v -31.9 -28.1848 22.569
v -42 -27.8375 22.5994
v -31.9 -28.6827 22.412
v -42 -28.7351 22.3867
v -31.9 -29.1231 22.1315
v -21.8 -29.1231 22.1315
v -21.8 -29.4758 21.7466
v -11.7 -29.4758 21.7466
v -11.7 -29.7169 21.2835
v -1.6 -29.7169 21.2835
v 8.5 -29.7169 21.2835
v 18.6 -29.7169 21.2835
v 8.5 -29.4758 21.7466
v 18.6 -29.4758 21.7466
v 8.5 -29.1231 22.1315
v 18.6 -29.1231 22.1315
v 8.5 -28.6827 22.412
v 18.6 -28.6827 22.412
v 8.5 -28.1848 22.569
v 18.6 -28.1848 22.569
v -1.6 -28.1848 22.569
v -11.7 -28.1848 22.569
v -1.6 -28.6827 22.412
v -11.7 -28.6827 22.412
v -1.6 -29.1231 22.1315
v -11.7 -29.1231 22.1315
v -1.6 -29.4758 21.7466
v -42 -29.1231 22.1315
v -42 -29.4418 21.7937
v -31.9 -29.4758 21.7466
v -42 -29.6739 21.3916
v -31.9 -29.7169 21.2835
v -42 -29.8071 20.9467
v -21.8 -29.7169 21.2835
v -21.8 -28.1848 22.569
v -21.8 -28.6827 22.412
v -44.0875 -25.75 22.5994
v -44.5487 -25.75 22.5455
v -44.0164 -26.2903 22.5994
v -44.5551 -26.2582 22.5313
v -44.4068 -26.747 22.5313
v -45.0282 -26.3523 22.3315
v -44.8525 -26.9315 22.3315
v -45.4344 -26.4332 22.0136
v -45.2352 -27.0901 22.0136
v -45.7462 -26.4952 21.5994
v -45.5288 -27.2117 21.5994
v -45.9421 -26.5341 21.1171
v -45.7134 -27.2881 21.1171
v -45.9792 -26.5415 20.9467
v -45.7483 -27.3026 20.9467
v -45.342 -27.983 21.1171
v -45.3734 -28.004 20.9467
v -44.8421 -28.5921 21.1171
v -44.7008 -28.4508 21.5994
v -44.122 -28.9259 21.5994
v -43.9454 -28.6616 22.0136
v -43.34 -28.9852 22.0136
v -43.1815 -28.6025 22.3315
v -42.6023 -28.7782 22.3315
v -42.5082 -28.3051 22.5313
v -42.5403 -27.7664 22.5994
v -42.9969 -28.1568 22.5313
v -43.0438 -27.5578 22.5994
v -43.4473 -27.9161 22.5313
v -43.4761 -27.2261 22.5994
v -43.8421 -27.5921 22.5313
v -44.1661 -27.1973 22.5313
v -44.5672 -27.4653 22.3315
v -44.9116 -27.6955 22.0136
v -44.9851 -25.75 22.3867
v -45.3731 -25.75 22.1315
v -45.6918 -25.75 21.7937
v -45.9239 -25.75 21.3916
v -46.0571 -25.75 20.9467
v -44.8688 -28.6188 20.9467
v -44.233 -29.092 21.1171
v -43.4617 -29.2788 21.5994
v -42.6832 -29.1844 22.0136
v -44.254 -29.1234 20.9467
v -43.5381 -29.4634 21.1171
v -42.7452 -29.4962 21.5994
v -43.5526 -29.4983 20.9467
v -42.7841 -29.6921 21.1171
v -42.7915 -29.7292 20.9467
v -43.7153 -28.3172 22.3315
v -44.4761 -28.2261 22.0136
v -45.1758 -27.872 21.5994
v -44.1832 -27.9332 22.3315
v -43.8078 -26.7938 22.5994
v -44.5487 25.75 22.5455
v -44.4348 15.45 22.569
v -44.0875 25.75 22.5994
v -44.9327 15.45 22.412
v -44.9851 25.75 22.3867
v -45.3731 15.45 22.1315
v -45.3731 5.15 22.1315
v -45.7258 5.15 21.7466
v -45.7258 -5.15 21.7466
v -45.9669 -5.15 21.2835
v -45.9669 -15.45 21.2835
v -45.7258 -15.45 21.7466
v -45.3731 -15.45 22.1315
v -45.3731 -5.15 22.1315
v -44.9327 -5.15 22.412
v -44.9327 5.15 22.412
v -44.4348 5.15 22.569
v -45.3731 25.75 22.1315
v -45.6918 25.75 21.7937
v -45.7258 15.45 21.7466
v -45.9239 25.75 21.3916
v -45.9669 15.45 21.2835
v -46.0571 25.75 20.9467
v -45.9669 5.15 21.2835
v -44.9327 -15.45 22.412
v -44.4348 -15.45 22.569
v -44.4348 -5.15 22.569
v -42 27.8375 22.5994
v -42 28.2987 22.5455
v -42.5403 27.7664 22.5994
v -42.5082 28.3051 22.5313
v -42.9969 28.1568 22.5313
v -42.6023 28.7782 22.3315
v -43.1815 28.6025 22.3315
v -42.6832 29.1844 22.0136
v -43.3401 28.9852 22.0136
v -42.7452 29.4962 21.5994
v -43.4617 29.2788 21.5994
v -42.7841 29.6921 21.1171
v -43.5381 29.4634 21.1171
v -42.7915 29.7292 20.9467
v -43.5526 29.4983 20.9467
v -44.233 29.092 21.1171
v -44.254 29.1234 20.9467
v -44.8421 28.5921 21.1171
v -44.7008 28.4508 21.5994
v -45.1759 27.872 21.5994
v -44.9116 27.6955 22.0136
v -45.2352 27.09 22.0136
v -44.8525 26.9315 22.3315
v -45.0282 26.3523 22.3315
v -44.5551 26.2582 22.5313
v -44.0164 26.2903 22.5994
v -44.4068 26.7469 22.5313
v -43.8078 26.7938 22.5994
v -44.1661 27.1973 22.5313
v -43.4761 27.2261 22.5994
v -43.8421 27.5921 22.5313
v -43.4473 27.9161 22.5313
v -43.7153 28.3172 22.3315
v -43.9455 28.6616 22.0136
v -42 28.7351 22.3867
v -42 29.1231 22.1315
v -42 29.4418 21.7937
v -42 29.6739 21.3916
v -42 29.8071 20.9467
v -44.8688 28.6188 20.9467
v -45.342 27.983 21.1171
v -45.5288 27.2117 21.5994
v -45.4344 26.4332 22.0136
v -45.3734 28.004 20.9467
v -45.7134 27.2881 21.1171
v -45.7462 26.4952 21.5994
v -45.7483 27.3026 20.9467
v -45.9421 26.5341 21.1171
v -45.9792 26.5415 20.9467
v -44.5672 27.4653 22.3315
v -44.4761 28.2261 22.0136
v -44.122 28.9258 21.5994
v -44.1832 27.9332 22.3315
v -43.0438 27.5578 22.5994
v 18.6 28.1848 22.569
v 18.6 28.6827 22.412
v 18.6 29.1231 22.1315
v 8.5 29.1231 22.1315
v 8.5 29.4758 21.7466
v -1.6 29.4758 21.7466
v -1.6 29.7169 21.2835
v -11.7 29.7169 21.2835
v -21.8 29.7169 21.2835
v -31.9 29.7169 21.2835
v -21.8 29.4758 21.7466
v -31.9 29.4758 21.7466
v -21.8 29.1231 22.1315
v -31.9 29.1231 22.1315
v -21.8 28.6827 22.412
v -31.9 28.6827 22.412
v -21.8 28.1848 22.569
v -31.9 28.1848 22.569
v -11.7 28.1848 22.569
v -1.6 28.1848 22.569
v -11.7 28.6827 22.412
v -1.6 28.6827 22.412
v -11.7 29.1231 22.1315
v -1.6 29.1231 22.1315
v -11.7 29.4758 21.7466
v 18.6 29.4758 21.7466
v 18.6 29.7169 21.2835
v 8.5 29.7169 21.2835
v 8.5 28.1848 22.569
v 8.5 28.6827 22.412
v -47 25.75 15.5994
v -47 -25.75 15.5994
v -46.924 26.6182 15.5994
v -46.6985 27.4601 15.5994
v -46.3301 28.25 15.5994
v -45.8302 28.9639 15.5994
v -45.2139 29.5802 15.5994
v -44.5 30.0801 15.5994
v -43.7101 30.4485 15.5994
v -42.8682 30.674 15.5994
v -42 30.75 15.5994
v 28.7 30.75 15.5994
v 29.5682 30.674 15.5994
v 30.4101 30.4485 15.5994
v 31.2 30.0801 15.5994
v 31.9139 29.5802 15.5994
v 32.5302 28.9639 15.5994
v 33.0301 28.25 15.5994
v 33.3985 27.4601 15.5994
v 33.624 26.6182 15.5994
v 33.7 25.75 15.5994
v 24.7676 -26.3748 22.5994
v 24.1 -26.45 22.5994
v 25.4017 -26.1529 22.5994
v 25.9705 -25.7955 22.5994
v -38.0676 -26.3748 22.5994
v -37.4 -26.45 22.5994
v -38.7017 -26.1529 22.5994
v -39.2705 -25.7955 22.5994
v -39.7455 -25.3205 22.5994
v -40.1029 -24.7517 22.5994
v -40.3248 -24.1176 22.5994
v -40.4 -23.45 22.5994
v -40.4 23.45 22.5994
v -40.3248 24.1176 22.5994
v -40.1029 24.7516 22.5994
v -39.7455 25.3205 22.5994
v -39.2705 25.7955 22.5994
v -38.7017 26.1529 22.5994
v -38.0676 26.3748 22.5994
v -37.4 26.45 22.5994
v 24.1 26.45 22.5994
v 24.7676 26.3748 22.5994
v 25.4017 26.1529 22.5994
v 25.9705 25.7955 22.5994
v 26.4455 25.3205 22.5994
v 26.8029 24.7517 22.5994
v 27.0248 24.1176 22.5994
v 27.1 23.45 22.5994
v 27.1 -23.45 22.5994
v 27.0248 -24.1176 22.5994
v 26.8029 -24.7516 22.5994
v 26.4455 -25.3205 22.5994
v 33.7 -25.75 15.5994
v 33.624 -26.6182 15.5994
v 33.3985 -27.4601 15.5994
v 33.0301 -28.25 15.5994
v 32.5302 -28.9639 15.5994
v 31.9139 -29.5802 15.5994
v 31.2 -30.0801 15.5994
v 30.4101 -30.4485 15.5994
v 29.5682 -30.674 15.5994
v 28.7 -30.75 15.5994
v -42 -30.75 15.5994
v -42.8682 -30.674 15.5994
v -43.7101 -30.4485 15.5994
v -44.5 -30.0801 15.5994
v -45.2139 -29.5802 15.5994
v -45.8302 -28.9639 15.5994
v -46.3301 -28.25 15.5994
v -46.6985 -27.4601 15.5994
v -46.924 -26.6182 15.5994
v 33.7 -25.75 1.1494
v 33.624 -26.6182 1.1494
v 33.3985 -27.4601 1.1494
v 33.0301 -28.25 1.1494
v 32.5302 -28.9639 1.1494
v 31.9139 -29.5802 1.1494
v 31.2 -30.0801 1.1494
v 30.4101 -30.4485 1.1494
v 29.5682 -30.674 1.1494
v 28.7 -30.75 1.1494
v -42 -30.75 1.1494
v -42.8682 -30.674 1.1494
v -43.7101 -30.4485 1.1494
v -44.5 -30.0801 1.1494
v -45.2139 -29.5802 1.1494
v -45.8302 -28.9639 1.1494
v -46.3301 -28.25 1.1494
v -46.6985 -27.4601 1.1494
v -46.924 -26.6182 1.1494
v -47 -25.75 1.1494
v -47 25.75 1.1494
v 24.1 26.45 12.4994
v 24.7676 26.3748 12.4994
v 25.4017 26.1529 12.4994
v 25.9705 25.7955 12.4994
v 26.4455 25.3205 12.4994
v 26.8029 24.7517 12.4994
v 27.0248 24.1176 12.4994
v 27.1 23.45 12.4994
v -38.3922 -24.95 12.4994
v -37.4 -26.45 12.4994
v 24.2508 -24.95 12.4994
v -38.0676 -26.3748 12.4994
v -38.7017 -26.1529 12.4994
v -39.2705 -25.7955 12.4994
v -38.653 -24.9159 12.4994
v -38.8961 -24.816 12.4994
v -39.7455 -25.3205 12.4994
v -39.1048 -24.6571 12.4994
v -40.1029 -24.7517 12.4994
v -39.265 -24.45 12.4994
v -39.3657 -24.2088 12.4994
v -40.3248 -24.1176 12.4994
v -39.4 -23.95 12.4994
v -40.4 -23.45 12.4994
v -39.4 -0.5 12.4994
v -40.4 23.45 12.4994
v -38.5586 0.5 12.4994
v -38.5586 23.95 12.4994
v -40.3248 24.1176 12.4994
v -38.5242 24.2088 12.4994
v -40.1029 24.7516 12.4994
v -38.4236 24.45 12.4994
v -39.7455 25.3205 12.4994
v -38.2634 24.6571 12.4994
v -39.2705 25.7955 12.4994
v -38.0547 24.816 12.4994
v -38.7017 26.1529 12.4994
v -37.8116 24.9159 12.4994
v -38.0676 26.3748 12.4994
v -37.5508 24.95 12.4994
v -37.4 26.45 12.4994
v 25.2586 -0.5 12.4994
v 26.1 0.5 12.4994
v 27.1 -23.45 12.4994
v 26.1 23.95 12.4994
v 26.0657 24.2088 12.4994
v 25.965 24.45 12.4994
v 25.8048 24.6571 12.4994
v 25.2586 -23.95 12.4994
v 27.0248 -24.1176 12.4994
v 25.2242 -24.2088 12.4994
v 26.8029 -24.7516 12.4994
v 25.1236 -24.45 12.4994
v 26.4455 -25.3205 12.4994
v 24.9634 -24.6571 12.4994
v 25.9705 -25.7955 12.4994
v 24.7547 -24.816 12.4994
v 25.4017 -26.1529 12.4994
v 24.5116 -24.9159 12.4994
v 24.7676 -26.3748 12.4994
v 24.1 -26.45 12.4994
v 25.0922 24.95 12.4994
v 25.353 24.9159 12.4994
v 25.5961 24.816 12.4994
v -36.2763 -24.95 29.4006
v -37.2436 -24.9159 23.7576
v -37.9541 -24.9159 18.0825
v -38.1934 -24.816 18.1124
v -36.7725 -24.816 29.4627
v -37.4829 -24.816 23.7876
v -36.5331 -24.9159 29.4327
v -37.6884 -24.6571 23.8133
v -36.978 -24.6571 29.4884
v -37.8461 -24.45 23.833
v -38.5566 -24.45 18.1579
v -38.6557 -24.2088 18.1703
v -38.3989 -24.6571 18.1382
v -37.1356 -24.45 29.5081
v -37.9452 -24.2088 23.8454
v -37.2348 -24.2088 29.5206
v -37.2686 -23.95 29.5248
v 26.3923 -23.95 21.555
v 25.7838 -24.2088 16.9694
v 25.6847 -24.45 16.9818
v 25.527 -24.6571 17.0015
v 25.3215 -24.816 17.0272
v 25.0822 -24.9159 17.0572
v 26.2593 -24.45 21.5717
v 26.3584 -24.2088 21.5593
v 26.1016 -24.6571 21.5914
v 25.8961 -24.816 21.6171
v 25.6568 -24.9159 21.6471
v 25.4 -24.95 21.6793
v 25.4321 -24.9159 21.9361
v 19.8252 -24.9159 22.638
v 19.8552 -24.816 22.8773
v 25.4621 -24.816 22.1754
v 19.8809 -24.6571 23.0828
v 14.274 -24.6571 23.7848
v 14.2937 -24.45 23.9424
v 8.6868 -24.45 24.6444
v 8.6992 -24.2088 24.7435
v 3.0922 -24.2088 25.4454
v 25.5242 -23.95 22.6715
v -2.5147 -24.2088 26.1474
v -36.1521 -23.95 30.3928
v -8.1216 -24.2088 26.8493
v -13.7286 -24.2088 27.5513
v -8.1341 -24.45 26.7502
v -13.741 -24.45 27.4521
v -8.1538 -24.6571 26.5925
v -13.7607 -24.6571 27.2944
v -8.1795 -24.816 26.387
v -13.7865 -24.816 27.0889
v -8.2095 -24.9159 26.1477
v -13.8164 -24.9159 26.8496
v -19.4234 -24.9159 27.5516
v -25.0303 -24.9159 28.2535
v -25.0003 -24.816 28.4928
v -30.6073 -24.816 29.1948
v -30.5816 -24.6571 29.4003
v -36.1885 -24.6571 30.1022
v -36.1687 -24.45 30.2599
v -36.2142 -24.816 29.8967
v -30.6372 -24.9159 28.9554
v 25.4878 -24.6571 22.3809
v 19.9006 -24.45 23.2405
v 14.3061 -24.2088 24.0416
v 25.5076 -24.45 22.5386
v 19.9131 -24.2088 23.3396
v 25.52 -24.2088 22.6377
v 3.0798 -24.45 25.3463
v -2.5271 -24.45 26.0483
v 3.0601 -24.6571 25.1886
v -2.5469 -24.6571 25.8906
v 3.0344 -24.816 24.9831
v -2.5726 -24.816 25.6851
v 3.0044 -24.9159 24.7438
v -2.6025 -24.9159 25.4458
v -36.1563 -24.2088 30.359
v -30.5494 -24.2088 29.6571
v -30.5618 -24.45 29.5579
v -24.9746 -24.6571 28.6983
v -19.3934 -24.816 27.7909
v -19.3677 -24.6571 27.9964
v -24.9549 -24.45 28.856
v -36.2442 -24.9159 29.6574
v 14.2183 -24.9159 23.3399
v 14.2482 -24.816 23.5793
v 8.667 -24.6571 24.4867
v 8.6113 -24.9159 24.0419
v 8.6413 -24.816 24.2812
v -19.3479 -24.45 28.1541
v -19.3355 -24.2088 28.2532
v -24.9425 -24.2088 28.9551
v 25.583 -24.133 22.6452
v 25.65 -24.383 22.5453
v 25.5294 -24.433 22.5453
v 25.5827 -24.6331 22.3864
v 25.7536 -24.5624 22.3864
v 25.833 -24.7 22.1793
v 25.9 -24.45 22.3864
v 26.0124 -24.5624 22.1793
v 26.0124 -24.3036 22.3864
v 26.15 -24.383 22.1793
v 26.2363 -24.1751 22.1793
v 26.3326 -24.2014 21.9381
v 26.3214 -23.95 22.0678
v 26.3906 -23.95 21.8161
v 26.1895 -23.95 22.293
v 26.0829 -24.1336 22.3864
v 25.833 -24.2 22.5453
v 25.7536 -24.3036 22.5453
v 25.6233 -24.7867 22.1793
v 25.883 -24.7865 21.9381
v 26.083 -24.633 21.9381
v 26.2365 -24.433 21.9381
v 26.3655 -24.2106 21.6793
v 25.6487 -24.8834 21.9381
v 25.9 -24.816 21.6793
v 26.1071 -24.6571 21.6793
v 26.266 -24.45 21.6793
v 25.657 -24.9164 21.6793
v 26.0037 -23.95 22.4765
v 25.8829 -24.0796 22.5453
v 25.6241 -24.0794 22.6452
v 25.7768 -23.95 22.6055
v 25.65 -24.017 22.6452
v -36.2763 -24.9159 29.6594
v -36.5248 -24.8834 29.6594
v -36.2763 -24.816 29.9006
v -36.4994 -24.7868 29.9006
v -36.2763 -24.6571 30.1077
v -36.4587 -24.6332 30.1077
v -36.2763 -24.45 30.2666
v -36.4054 -24.4331 30.2666
v -36.2763 -24.2088 30.3665
v -36.3432 -24.2 30.3665
v -36.2763 -23.95 30.4006
v -36.2093 -24.2 30.3665
v -36.4132 -23.95 30.3912
v -36.5263 -24.0171 30.3665
v -36.5005 -24.0794 30.3665
v -36.4593 -24.133 30.3665
v -36.4057 -24.1741 30.3665
v -36.8901 -23.95 30.19
v -36.7592 -24.0798 30.2666
v -36.6649 -23.95 30.322
v -36.9591 -24.1337 30.1077
v -37.0735 -23.95 30.0043
v -37.1125 -24.1753 29.9006
v -36.8887 -24.3036 30.1077
v -37.0263 -24.383 29.9006
v -36.7763 -24.45 30.1077
v -36.8887 -24.5624 29.9006
v -36.6299 -24.5624 30.1077
v -36.7093 -24.7 29.9006
v -37.2026 -23.95 29.7774
v -37.2089 -24.2016 29.6594
v -37.1128 -24.433 29.6594
v -36.9593 -24.633 29.6594
v -36.7593 -24.7865 29.6594
v -36.5263 -24.383 30.2666
v -36.6299 -24.3036 30.2666
v -36.7093 -24.2 30.2666
v -37.2686 -0.5 29.5248
v -37.2026 -20.86 29.7774
v -37.0735 -20.86 30.0043
v -36.8901 -20.86 30.19
v -36.8901 -15.77 30.19
v -36.6649 -15.77 30.322
v -36.6649 -10.68 30.322
v -36.4132 -10.68 30.3912
v -36.4132 -5.59 30.3912
v -36.1521 -0.5 30.3928
v -36.4132 -0.5 30.3912
v -36.6649 -5.59 30.322
v -36.6649 -0.5 30.322
v -36.8901 -5.59 30.19
v -36.8901 -10.68 30.19
v -37.0735 -10.68 30.0043
v -37.0735 -15.77 30.0043
v -37.2026 -15.77 29.7774
v -36.6649 -20.86 30.322
v -36.4132 -15.77 30.3912
v -36.4132 -20.86 30.3912
v -36.8901 -0.5 30.19
v -37.0735 -5.59 30.0043
v -37.2026 -10.68 29.7774
v -37.0735 -0.5 30.0043
v -37.2026 -5.59 29.7774
v -37.2026 -0.5 29.7774
v 25.5242 -0.5 22.6715
v 22.9763 24.95 29.4006
v 23.9436 24.9159 23.7576
v 24.6541 24.9159 18.0825
v 24.8934 24.816 18.1124
v 23.4725 24.816 29.4627
v 24.1829 24.816 23.7876
v 23.2331 24.9159 29.4327
v 24.3884 24.6571 23.8133
v 23.678 24.6571 29.4884
v 24.5461 24.45 23.833
v 25.2566 24.45 18.1579
v 25.3557 24.2088 18.1703
v 25.0989 24.6571 18.1382
v 23.8356 24.45 29.5081
v 24.6452 24.2088 23.8454
v 23.9348 24.2088 29.5206
v 23.9686 23.95 29.5248
v -39.6923 23.95 21.555
v -39.0838 24.2088 16.9694
v -38.9847 24.45 16.9818
v -38.827 24.6571 17.0015
v -38.6215 24.816 17.0272
v -38.3822 24.9159 17.0572
v -39.5593 24.45 21.5717
v -39.6584 24.2088 21.5593
v -39.4016 24.6571 21.5914
v -39.1961 24.816 21.6171
v -38.9568 24.9159 21.6471
v -38.7 24.95 21.6793
v -38.7322 24.9159 21.9361
v -33.1252 24.9159 22.638
v -33.1552 24.816 22.8773
v -38.7621 24.816 22.1754
v -33.1809 24.6571 23.0828
v -27.574 24.6571 23.7848
v -27.5937 24.45 23.9424
v -21.9868 24.45 24.6444
v -21.9992 24.2088 24.7435
v -16.3922 24.2088 25.4454
v -38.8242 23.95 22.6715
v -10.7853 24.2088 26.1474
v 22.8521 23.95 30.3928
v -5.1784 24.2088 26.8493
v 0.4286 24.2088 27.5513
v -5.1659 24.45 26.7502
v 0.441 24.45 27.4521
v -5.1462 24.6571 26.5925
v 0.4607 24.6571 27.2944
v -5.1205 24.816 26.387
v 0.4865 24.816 27.0889
v -5.0905 24.9159 26.1477
v 0.5164 24.9159 26.8496
v 6.1234 24.9159 27.5516
v 11.7303 24.9159 28.2535
v 11.7003 24.816 28.4928
v 17.3073 24.816 29.1948
v 17.2816 24.6571 29.4003
v 22.8885 24.6571 30.1022
v 22.8687 24.45 30.2599
v 22.9142 24.816 29.8967
v 17.3372 24.9159 28.9554
v -38.7878 24.6571 22.3809
v -33.2006 24.45 23.2405
v -27.6061 24.2088 24.0416
v -38.8076 24.45 22.5386
v -33.2131 24.2088 23.3396
v -38.82 24.2088 22.6377
v -16.3798 24.45 25.3463
v -10.7729 24.45 26.0483
v -16.3601 24.6571 25.1886
v -10.7531 24.6571 25.8906
v -16.3344 24.816 24.9831
v -10.7274 24.816 25.6851
v -16.3044 24.9159 24.7438
v -10.6975 24.9159 25.4458
v 22.8563 24.2088 30.359
v 17.2494 24.2088 29.6571
v 17.2618 24.45 29.5579
v 11.6746 24.6571 28.6983
v 6.0934 24.816 27.7909
v 6.0677 24.6571 27.9964
v 11.6549 24.45 28.856
v 22.9442 24.9159 29.6574
v -27.5183 24.9159 23.3399
v -27.5482 24.816 23.5793
v -21.967 24.6571 24.4867
v -21.9113 24.9159 24.0419
v -21.9413 24.816 24.2812
v 6.0479 24.45 28.1541
v 6.0355 24.2088 28.2532
v 11.6425 24.2088 28.9551
v -38.883 24.133 22.6452
v -38.95 24.383 22.5453
v -38.8294 24.433 22.5453
v -38.8827 24.6331 22.3864
v -39.0536 24.5624 22.3864
v -39.133 24.7 22.1793
v -39.2 24.45 22.3864
v -39.3124 24.5624 22.1793
v -39.3124 24.3036 22.3864
v -39.45 24.383 22.1793
v -39.5363 24.1751 22.1793
v -39.6326 24.2014 21.9381
v -39.6214 23.95 22.0678
v -39.6906 23.95 21.8161
v -39.4895 23.95 22.293
v -39.3829 24.1336 22.3864
v -39.133 24.2 22.5453
v -39.0536 24.3036 22.5453
v -38.9233 24.7867 22.1793
v -39.183 24.7865 21.9381
v -39.383 24.633 21.9381
v -39.5365 24.433 21.9381
v -39.6655 24.2106 21.6793
v -38.9487 24.8834 21.9381
v -39.2 24.816 21.6793
v -39.4071 24.6571 21.6793
v -39.566 24.45 21.6793
v -38.957 24.9164 21.6793
v -39.3037 23.95 22.4765
v -39.1829 24.0796 22.5453
v -38.9241 24.0794 22.6452
v -39.0768 23.95 22.6055
v -38.95 24.017 22.6452
v 22.9763 24.9159 29.6594
v 23.2248 24.8834 29.6594
v 22.9763 24.816 29.9006
v 23.1994 24.7868 29.9006
v 22.9763 24.6571 30.1077
v 23.1587 24.6332 30.1077
v 22.9763 24.45 30.2666
v 23.1054 24.4331 30.2666
v 22.9763 24.2088 30.3665
v 23.0432 24.2 30.3665
v 22.9763 23.95 30.4006
v 22.9093 24.2 30.3665
v 23.1132 23.95 30.3912
v 23.2263 24.0171 30.3665
v 23.2005 24.0794 30.3665
v 23.1593 24.133 30.3665
v 23.1057 24.1741 30.3665
v 23.5901 23.95 30.19
v 23.4592 24.0798 30.2666
v 23.3649 23.95 30.322
v 23.6591 24.1337 30.1077
v 23.7735 23.95 30.0043
v 23.8125 24.1753 29.9006
v 23.5887 24.3036 30.1077
v 23.7263 24.383 29.9006
v 23.4763 24.45 30.1077
v 23.5887 24.5624 29.9006
v 23.3299 24.5624 30.1077
v 23.4093 24.7 29.9006
v 23.9026 23.95 29.7774
v 23.9089 24.2016 29.6594
v 23.8128 24.433 29.6594
v 23.6593 24.633 29.6594
v 23.4593 24.7865 29.6594
v 23.2263 24.383 30.2666
v 23.3299 24.3036 30.2666
v 23.4093 24.2 30.2666
v 23.9686 0.5 29.5248
v 23.9026 19.26 29.7774
v 23.7735 19.26 30.0043
v 23.5901 19.26 30.19
v 23.5901 14.57 30.19
v 23.3649 14.57 30.322
v 23.3649 9.88 30.322
v 23.1132 9.88 30.3912
v 23.1132 5.19 30.3912
v 22.8521 0.5 30.3928
v 23.1132 0.5 30.3912
v 23.3649 5.19 30.322
v 23.3649 0.5 30.322
v 23.5901 5.19 30.19
v 23.5901 9.88 30.19
v 23.7735 9.88 30.0043
v 23.7735 14.57 30.0043
v 23.9026 14.57 29.7774
v 23.3649 19.26 30.322
v 23.1132 14.57 30.3912
v 23.1132 19.26 30.3912
v 23.5901 0.5 30.19
v 23.7735 5.19 30.0043
v 23.9026 9.88 29.7774
v 23.7735 0.5 30.0043
v 23.9026 5.19 29.7774
v 23.9026 0.5 29.7774
v -38.8242 0.5 22.6715
v 26.1 -0.5 19.2206
v 26.1 -0.5 22.3934
v 26.1 0 19.2206
v 26.1 0 22.3934
v 25.9299 -0.5 22.5273
v 25.7349 -0.5 22.6215
v -39.038 0.5 22.6204
v -39.2355 0.5 22.5238
v -39.4071 0.5 22.3864
v -39.5445 0.5 22.2148
v -39.6411 0.5 22.0173
v -39.6923 0.5 21.8035
v -39.6923 0.5 21.555
v -39.6923 0 21.8035
v -39.6923 0 21.555
v 26.3923 0 21.555
v 26.2444 0 22.215
v 26.3443 0 22.0084
v 26.3944 0 21.7845
v 25.7768 -19.96 22.6055
v 26.0037 -19.96 22.4765
v 26.1895 -19.96 22.293
v 26.1895 -14.97 22.293
v 26.3214 -14.97 22.0678
v 26.3214 -9.98 22.0678
v 26.3906 -9.98 21.8161
v 26.3906 -4.99 21.8161
v 26.3214 -4.99 22.0678
v 26.1895 -9.98 22.293
v 26.0037 -14.97 22.4765
v 26.3214 -19.96 22.0678
v 26.3906 -14.97 21.8161
v 26.3906 -19.96 21.8161
v 26.1895 -4.99 22.293
v 26.0037 -9.98 22.4765
v 25.7768 -14.97 22.6055
v 26.0037 -4.99 22.4765
v 25.7768 -9.98 22.6055
v 25.7768 -4.99 22.6055
v -39.6991 0 21.6377
v -39.6991 0 21.7208
v -39.0768 19.96 22.6055
v -39.3037 19.96 22.4765
v -39.4895 19.96 22.293
v -39.4895 14.97 22.293
v -39.6214 14.97 22.0678
v -39.6214 9.98 22.0678
v -39.6906 9.98 21.8161
v -39.6906 4.99 21.8161
v -39.6214 4.99 22.0678
v -39.4895 4.99 22.293
v -39.4895 9.98 22.293
v -39.3037 9.98 22.4765
v -39.3037 14.97 22.4765
v -39.0768 14.97 22.6055
v -39.6214 19.96 22.0678
v -39.6906 14.97 21.8161
v -39.6906 19.96 21.8161
v -39.3037 4.99 22.4765
v -39.0768 9.98 22.6055
v -39.0768 4.99 22.6055
v 33.7 15.75 0.3994
v 33.7 -15.75 0.3994
v 33.7 15.75 1.0994
v 33.7 -15.75 1.0994
v 33.7 15.7499 1.1161
v 33.7 -15.7499 1.1161
v 33.7 15.7497 1.1328
v 33.7 -15.7497 1.1328
v 33.7 15.7494 1.1494
v 33.7 -15.7494 1.1494
v 27.7 -29.75 1.1494
v 27.7 -29.75 0.3994
v 28.5682 -29.674 1.1494
v 28.5682 -29.674 0.3994
v 29.4101 -29.4485 0.3994
v 29.4101 -29.4485 1.1494
v 30.2 -29.0801 0.3994
v 30.2 -29.0801 1.1494
v 30.9139 -28.5802 0.3994
v 30.9139 -28.5802 1.1494
v 31.5302 -27.9639 0.3994
v 31.5302 -27.9639 1.1494
v 32.0301 -27.25 0.3994
v 32.0301 -27.25 1.1494
v 32.3985 -26.4601 0.3994
v 32.3985 -26.4601 1.1494
v 32.624 -25.6182 0.3994
v 32.624 -25.6182 1.1494
v 32.7 -24.75 0.3994
v 32.7 -24.75 1.1494
v 32.7 24.75 0.3994
v 32.7 24.75 1.1494
v 32.624 25.6182 1.1494
v 32.624 25.6182 0.3994
v 32.3985 26.4601 0.3994
v 32.3985 26.4601 1.1494
v 32.0301 27.25 0.3994
v 32.0301 27.25 1.1494
v 31.5302 27.9639 0.3994
v 31.5302 27.9639 1.1494
v 30.9139 28.5802 0.3994
v 30.9139 28.5802 1.1494
v 30.2 29.0801 0.3994
v 30.2 29.0801 1.1494
v 29.4101 29.4485 0.3994
v 29.4101 29.4485 1.1494
v 28.5682 29.674 0.3994
v 28.5682 29.674 1.1494
v 27.7 29.75 0.3994
v 27.7 29.75 1.1494
v -41 29.75 0.3994
v -41 29.75 1.1494
v -41.8682 29.674 1.1494
v -41.8682 29.674 0.3994
v -42.7101 29.4485 0.3994
v -42.7101 29.4485 1.1494
v -43.5 29.0801 0.3994
v -43.5 29.0801 1.1494
v -44.2139 28.5802 0.3994
v -44.2139 28.5802 1.1494
v -44.8302 27.9639 0.3994
v -44.8302 27.9639 1.1494
v -45.3301 27.25 0.3994
v -45.3301 27.25 1.1494
v -45.6985 26.4601 0.3994
v -45.6985 26.4601 1.1494
v -45.924 25.6182 0.3994
v -45.924 25.6182 1.1494
v -46 24.75 0.3994
v -46 24.75 1.1494
v -46 -24.75 0.3994
v -46 -24.75 1.1494
v -45.924 -25.6182 1.1494
v -45.924 -25.6182 0.3994
v -45.6985 -26.4601 0.3994
v -45.6985 -26.4601 1.1494
v -45.3301 -27.25 0.3994
v -45.3301 -27.25 1.1494
v -44.8302 -27.9639 0.3994
v -44.8302 -27.9639 1.1494
v -44.2139 -28.5802 0.3994
v -44.2139 -28.5802 1.1494
v -43.5 -29.0801 0.3994
v -43.5 -29.0801 1.1494
v -42.7101 -29.4485 0.3994
v -42.7101 -29.4485 1.1494
v -41.8682 -29.674 0.3994
v -41.8682 -29.674 1.1494
v -41 -29.75 0.3994
v -41 -29.75 1.1494
v -46.924 26.6182 1.1494
v -46.6985 27.4601 1.1494
v -46.3301 28.25 1.1494
v -45.8302 28.9639 1.1494
v -45.2139 29.5802 1.1494
v -44.5 30.0801 1.1494
v -43.7101 30.4485 1.1494
v -42.8682 30.674 1.1494
v -42 30.75 1.1494
v 28.7 30.75 1.1494
v 33.7 25.75 1.1494
v 33.624 26.6182 1.1494
v 33.3985 27.4601 1.1494
v 33.0301 28.25 1.1494
v 32.5302 28.9639 1.1494
v 31.9139 29.5802 1.1494
v 31.2 30.0801 1.1494
v 30.4101 30.4485 1.1494
v 29.5682 30.674 1.1494
v 33.7 13.75 3.0994
v 33.7 -13.75 3.0994
v 33.7 -14.2596 3.0334
v 33.7 -14.7355 2.8397
v 33.7 -15.1464 2.5312
v 33.7 -15.4651 2.1282
v 33.7 -15.6706 1.6572
v 33.7 14.2596 3.0334
v 33.7 14.7355 2.8397
v 33.7 15.1464 2.5312
v 33.7 15.4651 2.1282
v 33.7 15.6706 1.6572
v 33.7 -25.75 -26.4006
v 33.7 -25.75 0.3994
v 33.6384 -26.5322 -14.0006
v 33.624 -26.6182 -26.4006
v 33.4194 -27.4014 -14.0006
v 33.3985 -27.4601 -26.4006
v 33.0487 -28.2175 -14.0006
v 33.0301 -28.25 -26.4006
v 32.5382 -28.9544 -14.0006
v 32.5302 -28.9639 -26.4006
v 31.9044 -29.5882 -14.0006
v 31.9139 -29.5802 -26.4006
v 31.2 -30.0801 -26.4006
v 33.3985 -27.4601 0.3994
v 33.624 -26.6182 0.3994
v 33.0301 -28.25 0.3994
v 32.5302 -28.9639 0.3994
v 31.9139 -29.5802 0.3994
v 31.2 -30.0801 0.3994
v 31.1675 -30.0987 -14.0006
v 30.4101 -30.4485 0.3994
v 30.3514 -30.4694 -14.0006
v 30.4101 -30.4485 -26.4006
v 29.5682 -30.674 -26.4006
v 29.5682 -30.674 0.3994
v 29.4822 -30.6884 -14.0006
v 28.7 -30.75 -26.4006
v 28.7 -30.75 0.3994
v -47 10.55 0.3994
v -47 25.75 0.3994
v -47 10.55 -9.0506
v -47 10.4731 -10.3222
v -47 10.2434 -11.5754
v -47 25.75 -26.4006
v -47 9.8644 -12.7917
v -47 9.3416 -13.9534
v -47 8.6825 -15.0437
v -47 21.2472 -26.4006
v -47 7.8968 -16.0465
v -47 6.9959 -16.9474
v -47 -17.5 -26.4006
v -47 0 -19.6006
v -47 -1.2717 -19.5236
v -47 -2.5248 -19.294
v -47 -17.5 -21.6006
v -47 -3.7411 -18.915
v -47 -4.9028 -18.3921
v -47 -5.9931 -17.733
v -47 -6.9959 -16.9474
v -47 -7.8968 -16.0465
v -47 -8.6825 -15.0437
v -47 -9.3416 -13.9534
v -47 -22.5 -21.6006
v -47 -9.8644 -12.7917
v -47 -10.2434 -11.5754
v -47 -22.5 -26.4006
v -47 -25.75 -26.4006
v -47 -25.75 0.3994
v -47 -10.4731 -10.3222
v -47 -10.55 -9.0506
v -47 -10.55 0.3994
v -47 1.2717 -19.5236
v -47 2.5248 -19.294
v -47 3.7411 -18.915
v -47 4.9028 -18.3921
v -47 5.9931 -17.733
v 24.1972 -30.75 -26.4006
v -42 -30.75 0.3994
v -42 -30.75 -26.4006
v 48 -0.3365 -8.1446
v 48 -0.3365 -10.6565
v 48 0 -8.1003
v 48 -0.6501 -10.5266
v 48 -0.6501 -8.2745
v 48 -0.9194 -10.32
v 48 -0.9194 -8.4812
v 48 -1.126 -10.0507
v 48 -1.126 -8.7505
v 48 -1.2559 -9.7371
v 48 -1.2559 -9.064
v 48 -1.3002 -9.4006
v 48 0 -10.7008
v 48 0.3365 -8.1446
v 48 0.3365 -10.6565
v 48 0.6501 -8.2745
v 48 0.6501 -10.5266
v 48 0.9194 -8.4812
v 48 0.9194 -10.32
v 48 1.126 -8.7505
v 48 1.126 -10.0507
v 48 1.2559 -9.064
v 48 1.2559 -9.7371
v 48 1.3002 -9.4006
v 47.3706 -0.4615 -7.6781
v 47.5 -0.4659 -7.6617
v 47.3706 0 -7.6174
v 47.5 -0.9001 -7.8415
v 47.3706 -0.8916 -7.8563
v 47.5 -1.273 -8.1276
v 47.6294 -1.2609 -8.1397
v 47.6294 -1.5443 -8.509
v 47.75 -1.501 -8.5339
v 47.75 -1.6742 -8.952
v 47.8536 -1.5974 -8.9725
v 47.8536 -1.6538 -9.4006
v 47.933 -1.5502 -9.4006
v 47.933 -1.4974 -9.8018
v 47.983 -1.3809 -9.7706
v 47.983 -1.2381 -10.1154
v 47.983 -1.4297 -9.4006
v 47.933 -1.4974 -8.9993
v 47.8536 -1.4322 -8.5737
v 47.75 -1.2256 -8.175
v 47.6294 -0.8916 -7.8563
v 47.3706 -1.2609 -8.1397
v 47.5 -1.5591 -8.5005
v 47.6294 -1.7224 -8.939
v 47.75 -1.7332 -9.4006
v 47.8536 -1.5974 -9.8286
v 47.933 -1.3425 -10.1757
v 47.983 -1.0109 -10.4115
v 47.3706 -1.5443 -8.509
v 47.5 -1.7389 -8.9346
v 47.6294 -1.7832 -9.4006
v 47.75 -1.6742 -9.8492
v 47.8536 -1.4322 -10.2275
v 47.933 -1.0962 -10.4968
v 47.983 -0.7148 -10.6387
v 47.3706 -1.7224 -8.939
v 47.5 -1.8002 -9.4006
v 47.6294 -1.7224 -9.8621
v 47.75 -1.501 -10.2672
v 47.8536 -1.1694 -10.57
v 47.933 -0.7751 -10.7431
v 47.983 -0.37 -10.7815
v 47.3706 -1.7832 -9.4006
v 47.5 -1.7389 -9.8665
v 47.6294 -1.5443 -10.2922
v 47.75 -1.2256 -10.6262
v 47.8536 -0.8269 -10.8328
v 47.933 -0.4012 -10.898
v 47.983 0 -10.8302
v 47.3706 -1.7224 -9.8621
v 47.5 -1.5591 -10.3007
v 47.6294 -1.2609 -10.6615
v 47.75 -0.8666 -10.9016
v 47.8536 -0.428 -10.998
v 47.933 0 -10.9508
v 47.983 0.37 -10.7815
v 47.3706 -1.5443 -10.2922
v 47.5 -1.273 -10.6735
v 47.6294 -0.8916 -10.9449
v 47.75 -0.4486 -11.0748
v 47.8536 0 -11.0544
v 47.933 0.4012 -10.898
v 47.983 0.7148 -10.6387
v 47.3706 -1.2609 -10.6615
v 47.5 -0.9001 -10.9596
v 47.6294 -0.4615 -11.123
v 47.75 0 -11.1338
v 47.8536 0.428 -10.998
v 47.933 0.7751 -10.7431
v 47.983 1.0109 -10.4115
v 47.3706 -0.8916 -10.9449
v 47.5 -0.4659 -11.1395
v 47.6294 0 -11.1838
v 47.75 0.4486 -11.0748
v 47.8536 0.8269 -10.8328
v 47.933 1.0962 -10.4968
v 47.983 1.2381 -10.1154
v 47.3706 -0.4615 -11.123
v 47.5 0 -11.2008
v 47.6294 0.4615 -11.123
v 47.75 0.8666 -10.9016
v 47.8536 1.1694 -10.57
v 47.933 1.3425 -10.1757
v 47.983 1.3809 -9.7706
v 47.3706 0 -11.1838
v 47.5 0.4659 -11.1395
v 47.6294 0.8916 -10.9449
v 47.75 1.2256 -10.6262
v 47.8536 1.4322 -10.2275
v 47.933 1.4974 -9.8018
v 47.983 1.4297 -9.4006
v 47.3706 0.4615 -11.123
v 47.5 0.9001 -10.9596
v 47.6294 1.2609 -10.6615
v 47.75 1.501 -10.2672
v 47.8536 1.5974 -9.8286
v 47.933 1.5502 -9.4006
v 47.983 1.3809 -9.0305
v 47.3706 0.8916 -10.9449
v 47.5 1.273 -10.6735
v 47.6294 1.5443 -10.2922
v 47.75 1.6742 -9.8492
v 47.8536 1.6538 -9.4006
v 47.933 1.4974 -8.9993
v 47.983 1.2381 -8.6858
v 47.3706 1.2609 -10.6615
v 47.5 1.5591 -10.3007
v 47.6294 1.7224 -9.8621
v 47.75 1.7333 -9.4006
v 47.8536 1.5974 -8.9725
v 47.933 1.3425 -8.6255
v 47.983 1.0109 -8.3897
v 47.3706 1.5443 -10.2922
v 47.5 1.7389 -9.8665
v 47.6294 1.7832 -9.4006
v 47.75 1.6742 -8.952
v 47.8536 1.4322 -8.5737
v 47.933 1.0962 -8.3044
v 47.983 0.7148 -8.1625
v 47.3706 1.7224 -9.8621
v 47.5 1.8002 -9.4006
v 47.6294 1.7224 -8.939
v 47.75 1.501 -8.5339
v 47.8536 1.1694 -8.2312
v 47.933 0.7751 -8.058
v 47.983 0.37 -8.0196
v 47.3706 1.7832 -9.4006
v 47.5 1.7389 -8.9346
v 47.6294 1.5443 -8.509
v 47.75 1.2256 -8.175
v 47.8536 0.8269 -7.9683
v 47.933 0.4012 -7.9032
v 47.983 0 -7.9709
v 47.3706 1.7224 -8.939
v 47.5 1.5591 -8.5005
v 47.6294 1.2609 -8.1397
v 47.75 0.8666 -7.8995
v 47.8536 0.428 -7.8031
v 47.933 0 -7.8503
v 47.983 -0.37 -8.0196
v 47.3706 1.5443 -8.509
v 47.5 1.273 -8.1276
v 47.6294 0.8916 -7.8563
v 47.75 0.4486 -7.7264
v 47.8536 0 -7.7468
v 47.933 -0.4012 -7.9032
v 47.983 -0.7148 -8.1625
v 47.3706 1.2609 -8.1397
v 47.5 0.9001 -7.8415
v 47.6294 0.4615 -7.6781
v 47.75 0 -7.6673
v 47.8536 -0.428 -7.8031
v 47.933 -0.7751 -8.058
v 47.983 -1.0109 -8.3897
v 47.3706 0.8916 -7.8563
v 47.5 0.4659 -7.6617
v 47.6294 0 -7.6174
v 47.75 -0.4486 -7.7264
v 47.8536 -0.8269 -7.9683
v 47.933 -1.0962 -8.3044
v 47.983 -1.2381 -8.6858
v 47.3706 0.4615 -7.6781
v 47.5 0 -7.6003
v 47.6294 -0.4615 -7.6781
v 47.75 -0.8666 -7.8995
v 47.8536 -1.1694 -8.2312
v 47.933 -1.3425 -8.6255
v 47.983 -1.3809 -9.0305
v 46 -0.3665 -8.0329
v 46 0 -7.9846
v 46 -0.708 -8.1743
v 46 -1.0012 -8.3993
v 46 -1.2263 -8.6926
v 46 -1.3677 -9.0341
v 46 -1.416 -9.4006
v 46 -1.3677 -9.767
v 46 -1.2263 -10.1085
v 46 -1.0012 -10.4018
v 46 -0.708 -10.6268
v 46 -0.3665 -10.7683
v 46 0 -10.8165
v 46 0.3665 -10.7683
v 46 0.708 -10.6268
v 46 1.0012 -10.4018
v 46 1.2263 -10.1085
v 46 1.3677 -9.767
v 46 1.416 -9.4006
v 46 1.3677 -9.0341
v 46 1.2263 -8.6926
v 46 1.0012 -8.3993
v 46 0.708 -8.1743
v 46 0.3665 -8.0329
v 46 -0.6082 -7.1307
v 46 0 -7.0506
v 46 -1.175 -7.3654
v 46 -1.6617 -7.7389
v 46 -2.0352 -8.2256
v 46 -2.2699 -8.7924
v 46 -2.35 -9.4006
v 46 -2.2699 -10.0088
v 46 -2.0352 -10.5756
v 46 -1.6617 -11.0623
v 46 -1.175 -11.4357
v 46 -0.6082 -11.6705
v 46 0 -11.7506
v 46 0.6082 -11.6705
v 46 1.175 -11.4357
v 46 1.6617 -11.0623
v 46 2.0352 -10.5756
v 46 2.2699 -10.0088
v 46 2.35 -9.4006
v 46 2.2699 -8.7924
v 46 2.0352 -8.2256
v 46 1.6617 -7.7389
v 46 1.175 -7.3654
v 46 0.6082 -7.1307
v 43.2 -0.6082 -7.1307
v 43.2477 -0.5639 -6.7475
v 43.2 0 -7.0506
v 43.2477 -1.1032 -6.9227
v 43.2 -1.175 -7.3654
v 43.2477 -1.5943 -7.2062
v 43.3876 -1.7927 -6.9331
v 43.3876 -2.2666 -7.3597
v 43.6101 -2.4821 -7.1657
v 43.6101 -2.8925 -7.7306
v 43.9 -3.0852 -7.6193
v 43.9 -3.3881 -8.2997
v 44.2377 -3.5211 -8.2565
v 44.2377 -3.682 -9.0136
v 44.6 -3.7294 -9.0086
v 44.6 -3.7294 -9.7926
v 44.9623 -3.682 -9.7876
v 44.9623 -3.5211 -10.5446
v 45.3 -3.3881 -10.5014
v 45.3 -3.0852 -11.1818
v 45.5899 -2.8925 -11.0705
v 45.5899 -2.4821 -11.6354
v 45.8124 -2.2666 -11.4414
v 45.8124 -1.7927 -11.8681
v 45.9523 -1.5943 -11.5949
v 45.9523 -1.1032 -11.8784
v 45.9523 -2.0157 -11.2155
v 45.8124 -2.6414 -10.9256
v 45.5899 -3.1765 -10.4327
v 45.3 -3.5429 -9.7729
v 44.9623 -3.682 -9.0136
v 44.6 -3.5665 -8.2418
v 44.2377 -3.2063 -7.5494
v 43.9 -2.6474 -7.0168
v 43.6101 -1.9632 -6.6985
v 43.3876 -1.2405 -6.6143
v 43.2 -1.6617 -7.7389
v 43.2477 -2.0157 -7.5857
v 43.3876 -2.6414 -7.8756
v 43.6101 -3.1765 -8.3685
v 43.9 -3.5429 -9.0282
v 44.2377 -3.682 -9.7876
v 44.6 -3.5665 -10.5594
v 44.9623 -3.2063 -11.2517
v 45.3 -2.6474 -11.7843
v 45.5899 -1.9632 -12.1026
v 45.8124 -1.2405 -12.1869
v 45.9523 -0.5639 -12.0536
v 43.2 -2.0352 -8.2256
v 43.2477 -2.349 -8.0444
v 43.3876 -2.9007 -8.4581
v 43.6101 -3.3216 -9.0515
v 43.9 -3.5429 -9.7729
v 44.2377 -3.5211 -10.5446
v 44.6 -3.2476 -11.2756
v 44.9623 -2.7513 -11.8779
v 45.3 -2.0939 -12.2826
v 45.5899 -1.3585 -12.4518
v 45.8124 -0.6341 -12.3839
v 45.9523 0 -12.1129
v 45.9523 0.5639 -12.0536
v 45.9523 1.1032 -11.8784
v 45.9523 1.5943 -11.5949
v 45.9523 2.0157 -11.2155
v 45.9523 2.349 -10.7567
v 45.9523 2.5796 -10.2387
v 45.8124 2.6414 -10.9256
v 45.8124 2.9007 -10.3431
v 45.5899 2.8925 -11.0705
v 45.5899 3.1765 -10.4327
v 45.3 3.0852 -11.1818
v 45.3 3.3881 -10.5014
v 44.9623 3.2063 -11.2517
v 44.9623 3.5211 -10.5446
v 44.6 3.2476 -11.2756
v 44.6 3.5665 -10.5594
v 44.2377 3.2063 -11.2517
v 44.2377 3.5211 -10.5446
v 43.9 3.0852 -11.1818
v 43.9 3.3881 -10.5014
v 43.6101 2.8925 -11.0705
v 43.6101 3.1765 -10.4327
v 43.3876 2.6414 -10.9256
v 43.3876 2.9007 -10.3431
v 43.2477 2.349 -10.7567
v 43.2477 2.5796 -10.2387
v 43.2 2.0352 -10.5756
v 43.2 2.2699 -10.0088
v 43.2477 2.6975 -9.6841
v 43.2 2.35 -9.4006
v 43.2477 2.6975 -9.1171
v 43.3876 3.0333 -9.0818
v 43.3876 2.9007 -8.4581
v 43.6101 3.1765 -8.3685
v 43.6101 2.8925 -7.7306
v 43.9 3.0852 -7.6193
v 43.9 2.6474 -7.0168
v 44.2377 2.7513 -6.9233
v 44.2377 2.1762 -6.4054
v 44.6 2.2042 -6.3668
v 44.6 1.5253 -5.9748
v 44.9623 1.5059 -6.0183
v 44.9623 0.7698 -5.7792
v 45.3 0.7407 -5.916
v 45.3 0 -5.8381
v 45.5899 0 -6.0606
v 45.5899 -0.6944 -6.1336
v 45.8124 -0.6341 -6.4172
v 45.8124 -1.2405 -6.6143
v 45.9523 -1.1032 -6.9227
v 45.9523 -1.5943 -7.2062
v 45.9523 -0.5639 -6.7475
v 45.8124 0 -6.3506
v 45.5899 0.6944 -6.1336
v 45.3 1.449 -6.1461
v 44.9623 2.1762 -6.4054
v 44.6 2.7868 -6.8913
v 44.2377 3.2063 -7.5494
v 43.9 3.3881 -8.2997
v 43.6101 3.3217 -9.0515
v 43.3876 3.0333 -9.7194
v 43.2477 -2.5796 -8.5624
v 43.3876 -3.0333 -9.0818
v 43.6101 -3.3216 -9.7497
v 43.9 -3.3881 -10.5014
v 44.2377 -3.2063 -11.2517
v 44.6 -2.7868 -11.9098
v 44.9623 -2.1761 -12.3958
v 45.3 -1.449 -12.655
v 45.5899 -0.6944 -12.6675
v 45.8124 0 -12.4506
v 43.2 -2.35 -9.4006
v 43.2477 -2.6975 -9.1171
v 43.2 -2.2699 -8.7924
v 43.2477 -2.6975 -9.6841
v 43.2 -2.2699 -10.0088
v 43.2477 -2.5796 -10.2387
v 43.3876 -2.9007 -10.3431
v 43.3876 -2.6414 -10.9256
v 43.6101 -2.8925 -11.0705
v 43.6101 -2.4821 -11.6354
v 43.9 -2.6474 -11.7843
v 43.9 -2.0939 -12.2826
v 44.2377 -2.1761 -12.3958
v 44.2377 -1.5059 -12.7828
v 44.6 -1.5253 -12.8264
v 44.6 -0.7797 -13.0686
v 44.9623 -0.7697 -13.022
v 44.9623 0 -13.1029
v 45.3 0 -12.963
v 45.3 0.7407 -12.8852
v 45.5899 0.6944 -12.6675
v 45.5899 1.3585 -12.4518
v 45.8124 1.2406 -12.1869
v 45.8124 1.7928 -11.8681
v 45.8124 0.6341 -12.3839
v 45.5899 0 -12.7405
v 45.3 -0.7407 -12.8852
v 44.9623 -1.5059 -12.7828
v 44.6 -2.2042 -12.4344
v 44.2377 -2.7513 -11.8779
v 43.9 -3.0852 -11.1818
v 43.6101 -3.1765 -10.4327
v 43.3876 -3.0333 -9.7194
v 43.2 -2.0352 -10.5756
v 43.2477 -2.349 -10.7567
v 43.3876 -2.2666 -11.4414
v 43.6101 -1.9632 -12.1026
v 43.9 -1.449 -12.655
v 44.2377 -0.7697 -13.022
v 44.6 0 -13.1506
v 44.9623 0.7698 -13.022
v 45.3 1.449 -12.655
v 45.5899 1.9632 -12.1026
v 45.8124 2.2666 -11.4414
v 43.2477 -2.0157 -11.2155
v 43.3876 -1.7927 -11.8681
v 43.6101 -1.3585 -12.4518
v 43.9 -0.7407 -12.8852
v 44.2377 0 -13.1029
v 44.6 0.7797 -13.0686
v 44.9623 1.5059 -12.7828
v 45.3 2.0939 -12.2826
v 45.5899 2.4821 -11.6354
v 43.2 -1.175 -11.4357
v 43.2477 -1.5943 -11.5949
v 43.2 -1.6617 -11.0623
v 43.2477 -1.1032 -11.8784
v 43.2 -0.6082 -11.6705
v 43.2477 -0.5639 -12.0536
v 43.3876 -0.6341 -12.3839
v 43.3876 0 -12.4506
v 43.6101 0 -12.7405
v 43.6101 0.6944 -12.6675
v 43.9 0.7407 -12.8852
v 43.9 1.449 -12.655
v 44.2377 1.5059 -12.7828
v 44.2377 2.1762 -12.3958
v 44.6 2.2042 -12.4344
v 44.6 2.7868 -11.9098
v 44.9623 2.7513 -11.8779
v 45.3 2.6474 -11.7843
v 44.9623 2.1762 -12.3958
v 44.6 1.5253 -12.8264
v 43.2 0 -11.7506
v 43.2477 0 -12.1129
v 43.3876 0.6341 -12.3839
v 43.6101 1.3585 -12.4518
v 43.9 2.0939 -12.2826
v 44.2377 2.7513 -11.8779
v 43.2477 0.5639 -12.0536
v 43.3876 1.2406 -12.1869
v 43.6101 1.9632 -12.1026
v 43.9 2.6474 -11.7843
v 43.2 1.175 -11.4357
v 43.2477 1.1032 -11.8784
v 43.2 0.6082 -11.6705
v 43.2477 1.5943 -11.5949
v 43.2 1.6617 -11.0623
v 43.2477 2.0157 -11.2155
v 43.3876 2.2666 -11.4414
v 43.6101 2.4821 -11.6354
v 43.3876 1.7928 -11.8681
v 43.2 2.2699 -8.7924
v 43.2477 2.5796 -8.5624
v 43.3876 2.6414 -7.8756
v 43.6101 2.4821 -7.1657
v 43.9 2.0939 -6.5185
v 44.2377 1.5059 -6.0183
v 44.6 0.7797 -5.7325
v 44.9623 0 -5.6983
v 45.3 -0.7407 -5.916
v 45.5899 -1.3585 -6.3494
v 45.8124 -1.7927 -6.9331
v 45.9523 -2.0157 -7.5857
v 43.2 2.0352 -8.2256
v 43.2477 2.349 -8.0444
v 43.3876 2.2666 -7.3597
v 43.6101 1.9632 -6.6985
v 43.9 1.449 -6.1461
v 44.2377 0.7698 -5.7792
v 44.6 0 -5.6506
v 44.9623 -0.7697 -5.7792
v 45.3 -1.449 -6.1461
v 45.5899 -1.9632 -6.6985
v 45.8124 -2.2666 -7.3597
v 45.9523 -2.349 -8.0444
v 45.9523 -2.5796 -8.5624
v 45.9523 -2.6975 -9.1171
v 45.9523 -2.6975 -9.6841
v 45.9523 -2.5796 -10.2387
v 45.9523 -2.349 -10.7567
v 43.2477 2.0157 -7.5857
v 43.3876 1.7928 -6.9331
v 43.6101 1.3585 -6.3494
v 43.9 0.7407 -5.916
v 44.2377 0 -5.6983
v 44.6 -0.7797 -5.7325
v 44.9623 -1.5059 -6.0183
v 45.3 -2.0939 -6.5185
v 45.5899 -2.4821 -7.1657
v 45.8124 -2.6414 -7.8756
v 43.2 1.175 -7.3654
v 43.2477 1.5943 -7.2062
v 43.2 1.6617 -7.7389
v 43.2477 1.1032 -6.9227
v 43.2 0.6082 -7.1307
v 43.2477 0.5639 -6.7475
v 43.3876 0.6341 -6.4172
v 43.3876 0 -6.3506
v 43.6101 0 -6.0606
v 43.6101 -0.6944 -6.1336
v 43.9 -0.7407 -5.916
v 43.9 -1.449 -6.1461
v 44.2377 -1.5059 -6.0183
v 44.2377 -2.1761 -6.4054
v 44.6 -2.2042 -6.3668
v 44.6 -2.7868 -6.8913
v 44.9623 -2.7513 -6.9233
v 44.9623 -3.2063 -7.5494
v 45.3 -3.0852 -7.6193
v 45.3 -3.3881 -8.2997
v 45.5899 -3.1765 -8.3685
v 45.5899 -3.3216 -9.0515
v 45.8124 -3.0333 -9.0818
v 45.8124 -3.0333 -9.7194
v 45.8124 -2.9007 -8.4581
v 45.5899 -2.8925 -7.7306
v 45.3 -2.6474 -7.0168
v 44.9623 -2.1761 -6.4054
v 44.6 -1.5253 -5.9748
v 44.2377 -0.7697 -5.7792
v 43.9 0 -5.8381
v 43.6101 0.6944 -6.1336
v 43.3876 1.2406 -6.6143
v 43.2477 0 -6.6882
v 43.3876 -0.6341 -6.4172
v 43.6101 -1.3585 -6.3494
v 43.9 -2.0939 -6.5185
v 44.2377 -2.7513 -6.9233
v 44.6 -3.2476 -7.5256
v 44.9623 -3.5211 -8.2565
v 45.3 -3.5429 -9.0282
v 45.5899 -3.3216 -9.7497
v 45.8124 -2.9007 -10.3431
v 45.9523 0.5639 -6.7475
v 45.9523 1.1032 -6.9227
v 45.9523 1.5943 -7.2062
v 45.8124 1.7928 -6.9331
v 45.8124 2.2666 -7.3597
v 45.5899 2.4821 -7.1657
v 45.5899 2.8925 -7.7306
v 45.3 3.0852 -7.6193
v 45.3 3.3881 -8.2997
v 44.9623 3.5211 -8.2565
v 44.9623 3.682 -9.0136
v 44.6 3.7295 -9.0086
v 44.6 3.7295 -9.7926
v 44.2377 3.682 -9.7876
v 43.9 3.5429 -9.7729
v 45.9523 2.0157 -7.5857
v 45.8124 2.6414 -7.8756
v 45.5899 3.1765 -8.3685
v 45.3 3.5429 -9.0282
v 44.9623 3.682 -9.7876
v 45.9523 2.349 -8.0444
v 45.8124 2.9007 -8.4581
v 45.5899 3.3217 -9.0515
v 45.3 3.5429 -9.7729
v 45.9523 2.5796 -8.5624
v 45.8124 3.0333 -9.0818
v 45.5899 3.3217 -9.7497
v 45.9523 2.6975 -9.1171
v 45.9523 2.6975 -9.6841
v 45.8124 3.0333 -9.7194
v 45.9523 0 -6.6882
v 45.8124 0.6341 -6.4172
v 45.5899 1.3585 -6.3494
v 45.3 2.0939 -6.5185
v 44.9623 2.7513 -6.9233
v 44.6 3.2476 -7.5256
v 44.2377 3.5211 -8.2565
v 43.9 3.5429 -9.0282
v 43.6101 3.3217 -9.7497
v 43.6101 -0.6944 -12.6675
v 43.3876 -1.2405 -12.1869
v 43.9 0 -12.963
v 44.2377 0.7698 -13.022
v 45.8124 1.2406 -6.6143
v 45.5899 1.9632 -6.6985
v 44.2377 3.682 -9.0136
v 44.6 3.5665 -8.2418
v 44.9623 3.2063 -7.5494
v 45.3 2.6474 -7.0168
v 43.2 0.8856 -4.378
v 43.2 0 -4.3006
v 43.2 1.7443 -4.6081
v 43.2 2.55 -4.9838
v 43.2 3.2782 -5.4938
v 43.2 3.9068 -6.1224
v 43.2 4.4167 -6.8506
v 43.2 4.7924 -7.6563
v 43.2 -1.7443 -4.6081
v 43.2 -0.8856 -4.378
v 43.2 -2.55 -4.9838
v 43.2 -3.2782 -5.4938
v 43.2 -3.9068 -6.1224
v 43.2 -4.4167 -6.8506
v 43.2 -4.7924 -7.6563
v 43.2 -5.0225 -8.515
v 43.2 -5.1 -9.4006
v 43.2 -5.0225 -10.2862
v 43.2 -4.7924 -11.1449
v 43.2 -4.4167 -11.9506
v 43.2 -3.9068 -12.6788
v 43.2 -3.2782 -13.3074
v 43.2 -2.55 -13.8173
v 43.2 -1.7443 -14.193
v 43.2 -0.8856 -14.4231
v 43.2 0 -14.5006
v 43.2 0.8856 -14.4231
v 43.2 1.7443 -14.193
v 43.2 2.55 -13.8173
v 43.2 3.2782 -13.3074
v 43.2 3.9068 -12.6788
v 43.2 4.4167 -11.9506
v 43.2 4.7924 -11.1449
v 43.2 5.0225 -10.2862
v 43.2 5.1 -9.4006
v 43.2 5.0225 -8.515
v 40.4 -0.8856 -4.378
v 40.4477 -0.8545 -4.0055
v 40.4 0 -4.3006
v 40.4477 -1.688 -4.2056
v 40.4 -1.7443 -4.6081
v 40.4477 -2.4798 -4.5336
v 40.5876 -2.6331 -4.2327
v 40.5876 -3.4091 -4.7083
v 40.8101 -3.5796 -4.4737
v 40.8101 -4.3062 -5.0943
v 41.1 -4.4636 -4.937
v 41.1 -5.1069 -5.6902
v 41.4377 -5.22 -5.608
v 41.4377 -5.749 -6.4713
v 41.8 -5.7915 -6.4496
v 41.8 -6.1819 -7.392
v 42.1623 -6.1365 -7.4067
v 42.1623 -6.3729 -8.3912
v 42.5 -6.2347 -8.4131
v 42.5 -6.3124 -9.4006
v 42.79 -6.0899 -9.4006
v 42.79 -6.015 -10.3532
v 43.0124 -5.7286 -10.3079
v 43.0124 -5.5161 -11.1929
v 43.1523 -5.195 -11.0885
v 43.1523 -4.867 -11.8804
v 43.1523 -5.3951 -10.2551
v 43.0124 -5.8 -9.4006
v 42.79 -6.015 -8.4479
v 42.5 -6.0035 -7.4499
v 42.1623 -5.749 -6.4713
v 41.8 -5.2586 -5.58
v 41.4377 -4.5625 -4.8381
v 41.1 -3.7104 -4.2937
v 40.8101 -2.7648 -3.9744
v 40.5876 -1.7923 -3.8844
v 40.4 -2.55 -4.9838
v 40.4477 -3.2107 -4.9814
v 40.5876 -4.1012 -5.2993
v 40.8101 -4.9269 -5.821
v 41.1 -5.6244 -6.5348
v 41.4377 -6.1365 -7.4067
v 41.8 -6.42 -8.3837
v 42.1623 -6.4523 -9.4006
v 42.5 -6.2347 -10.3881
v 42.79 -5.7919 -11.2825
v 43.0124 -5.1678 -12.0337
v 43.1523 -4.4191 -12.6113
v 40.4 -3.2782 -5.4938
v 40.4477 -3.8625 -5.5381
v 40.5876 -4.6923 -5.9914
v 40.8101 -5.4262 -6.6358
v 41.1 -6.0035 -7.4499
v 41.4377 -6.3729 -8.3912
v 41.8 -6.5 -9.4006
v 42.1623 -6.3729 -10.4099
v 42.5 -6.0035 -11.3512
v 42.79 -5.4262 -12.1653
v 43.0124 -4.6923 -12.8097
v 43.1523 -3.8625 -13.263
v 40.4 -3.9068 -6.1224
v 40.4477 -4.4191 -6.1899
v 40.5876 -5.1678 -6.7674
v 40.8101 -5.7919 -7.5187
v 41.1 -6.2347 -8.4131
v 41.4377 -6.4523 -9.4006
v 41.8 -6.42 -10.4174
v 42.1623 -6.1365 -11.3944
v 42.5 -5.6244 -12.2664
v 42.79 -4.9269 -12.9802
v 43.0124 -4.1012 -13.5018
v 43.1523 -3.2107 -13.8197
v 40.4 -4.4167 -6.8506
v 40.4477 -4.867 -6.9207
v 40.5876 -5.5161 -7.6083
v 40.8101 -6.015 -8.4479
v 41.1 -6.3124 -9.4006
v 41.4377 -6.3729 -10.4099
v 41.8 -6.1819 -11.4092
v 42.1623 -5.749 -12.3299
v 42.5 -5.1069 -13.1109
v 42.79 -4.3062 -13.7068
v 43.0124 -3.4091 -14.0929
v 43.1523 -2.4798 -14.2676
v 40.4 -4.7924 -7.6563
v 40.4477 -5.195 -7.7126
v 40.5876 -5.7286 -8.4932
v 40.8101 -6.0899 -9.4006
v 41.1 -6.2347 -10.3881
v 41.4377 -6.1365 -11.3944
v 41.8 -5.7915 -12.3515
v 42.1623 -5.22 -13.1931
v 42.5 -4.4636 -13.8641
v 42.79 -3.5796 -14.3274
v 43.0124 -2.6331 -14.5684
v 43.1523 -1.688 -14.5956
v 40.4 -5.0225 -8.515
v 40.4477 -5.3951 -8.5461
v 40.5876 -5.8 -9.4006
v 40.8101 -6.015 -10.3532
v 41.1 -6.0035 -11.3512
v 41.4377 -5.749 -12.3299
v 41.8 -5.2586 -13.2212
v 42.1623 -4.5625 -13.963
v 42.5 -3.7104 -14.5074
v 42.79 -2.7648 -14.8268
v 43.0124 -1.7923 -14.9167
v 43.1523 -0.8545 -14.7957
v 40.4 -5.1 -9.4006
v 40.4477 -5.4623 -9.4006
v 40.5876 -5.7286 -10.3079
v 40.8101 -5.7919 -11.2825
v 41.1 -5.6244 -12.2664
v 41.4377 -5.22 -13.1931
v 41.8 -4.5962 -13.9968
v 42.1623 -3.7926 -14.6206
v 42.5 -2.8658 -15.025
v 42.79 -1.8819 -15.1925
v 43.0124 -0.9073 -15.1292
v 43.1523 0 -14.8629
v 43.1523 0.8545 -14.7957
v 43.1523 1.688 -14.5956
v 43.1523 2.4799 -14.2676
v 43.1523 3.2107 -13.8197
v 43.1523 3.8625 -13.263
v 43.1523 4.4191 -12.6113
v 43.1523 4.867 -11.8804
v 43.1523 5.195 -11.0885
v 43.1523 5.3951 -10.2551
v 43.1523 5.4623 -9.4006
v 43.1523 5.3951 -8.5461
v 43.0124 5.8 -9.4006
v 43.0124 5.7286 -8.4932
v 42.79 6.0899 -9.4006
v 42.79 6.015 -8.4479
v 42.5 6.3124 -9.4006
v 42.5 6.2347 -8.4131
v 42.1623 6.4523 -9.4006
v 42.1623 6.3729 -8.3912
v 41.8 6.5 -9.4006
v 41.8 6.42 -8.3837
v 41.4377 6.4523 -9.4006
v 41.4377 6.3729 -8.3912
v 41.1 6.3124 -9.4006
v 41.1 6.2347 -8.4131
v 40.8101 6.0899 -9.4006
v 40.8101 6.015 -8.4479
v 40.5876 5.8 -9.4006
v 40.5876 5.7286 -8.4932
v 40.4477 5.4623 -9.4006
v 40.4477 5.3951 -8.5461
v 40.4 5.1 -9.4006
v 40.4 5.0225 -8.515
v 40.4477 5.195 -7.7126
v 40.4 4.7924 -7.6563
v 40.4477 4.867 -6.9207
v 40.5876 5.1678 -6.7674
v 40.5876 4.6923 -5.9914
v 40.8101 4.9269 -5.821
v 40.8101 4.3063 -5.0943
v 41.1 4.4636 -4.937
v 41.1 3.7104 -4.2937
v 41.4377 3.7926 -4.1806
v 41.4377 2.9293 -3.6515
v 41.8 2.9509 -3.609
v 41.8 2.0086 -3.2187
v 42.1623 1.9939 -3.2641
v 42.1623 1.0094 -3.0277
v 42.5 0.9875 -3.1658
v 42.5 0 -3.0881
v 42.79 0 -3.3106
v 42.79 -0.9527 -3.3856
v 43.0124 -0.9073 -3.672
v 43.0124 -1.7923 -3.8844
v 43.1523 -1.688 -4.2056
v 43.1523 -2.4798 -4.5336
v 43.1523 -0.8545 -4.0055
v 43.0124 0 -3.6006
v 42.79 0.9527 -3.3856
v 42.5 1.9506 -3.3971
v 42.1623 2.9293 -3.6515
v 41.8 3.8206 -4.142
v 41.4377 4.5625 -4.8381
v 41.1 5.1069 -5.6902
v 40.8101 5.4262 -6.6358
v 40.5876 5.5161 -7.6083
v 40.4477 -5.3951 -10.2551
v 40.5876 -5.5161 -11.1929
v 40.8101 -5.4262 -12.1653
v 41.1 -5.1069 -13.1109
v 41.4377 -4.5625 -13.963
v 41.8 -3.8206 -14.6592
v 42.1623 -2.9293 -15.1496
v 42.5 -1.9506 -15.4041
v 42.79 -0.9527 -15.4155
v 43.0124 0 -15.2006
v 40.4 -4.7924 -11.1449
v 40.4477 -5.195 -11.0885
v 40.4 -5.0225 -10.2862
v 40.4477 -4.867 -11.8804
v 40.4 -4.4167 -11.9506
v 40.4477 -4.4191 -12.6113
v 40.5876 -4.6923 -12.8097
v 40.5876 -4.1012 -13.5018
v 40.8101 -4.3062 -13.7068
v 40.8101 -3.5796 -14.3274
v 41.1 -3.7104 -14.5074
v 41.1 -2.8658 -15.025
v 41.4377 -2.9293 -15.1496
v 41.4377 -1.9939 -15.5371
v 41.8 -2.0086 -15.5824
v 41.8 -1.0168 -15.8205
v 42.1623 -1.0094 -15.7734
v 42.1623 0 -15.8529
v 42.5 0 -15.713
v 42.5 0.9875 -15.6353
v 42.79 0.9527 -15.4155
v 42.79 1.8819 -15.1925
v 43.0124 1.7923 -14.9167
v 43.0124 2.6332 -14.5684
v 43.0124 0.9073 -15.1292
v 42.79 0 -15.4905
v 42.5 -0.9875 -15.6353
v 42.1623 -1.9939 -15.5371
v 41.8 -2.9509 -15.1921
v 41.4377 -3.7926 -14.6206
v 41.1 -4.4636 -13.8641
v 40.8101 -4.9269 -12.9802
v 40.5876 -5.1678 -12.0337
v 40.4 -3.9068 -12.6788
v 40.4477 -3.8625 -13.263
v 40.5876 -3.4091 -14.0929
v 40.8101 -2.7648 -14.8268
v 41.1 -1.9506 -15.4041
v 41.4377 -1.0094 -15.7734
v 41.8 0 -15.9006
v 42.1623 1.0094 -15.7734
v 42.5 1.9506 -15.4041
v 42.79 2.7648 -14.8268
v 43.0124 3.4092 -14.0929
v 40.4 -3.2782 -13.3074
v 40.4477 -3.2107 -13.8197
v 40.5876 -2.6331 -14.5684
v 40.8101 -1.8819 -15.1925
v 41.1 -0.9875 -15.6353
v 41.4377 0 -15.8529
v 41.8 1.0168 -15.8205
v 42.1623 1.9939 -15.5371
v 42.5 2.8658 -15.025
v 42.79 3.5796 -14.3274
v 43.0124 4.1012 -13.5018
v 40.4 -2.55 -13.8173
v 40.4477 -2.4798 -14.2676
v 40.5876 -1.7923 -14.9167
v 40.8101 -0.9527 -15.4155
v 41.1 0 -15.713
v 41.4377 1.0094 -15.7734
v 41.8 2.0086 -15.5824
v 42.1623 2.9293 -15.1496
v 42.5 3.7104 -14.5074
v 42.79 4.3063 -13.7068
v 43.0124 4.6923 -12.8097
v 40.4 -1.7443 -14.193
v 40.4477 -1.688 -14.5956
v 40.5876 -0.9073 -15.1292
v 40.8101 0 -15.4905
v 41.1 0.9875 -15.6353
v 41.4377 1.9939 -15.5371
v 41.8 2.9509 -15.1921
v 42.1623 3.7926 -14.6206
v 42.5 4.4636 -13.8641
v 42.79 4.9269 -12.9802
v 43.0124 5.1678 -12.0337
v 40.4 -0.8856 -14.4231
v 40.4477 -0.8545 -14.7957
v 40.5876 0 -15.2006
v 40.8101 0.9527 -15.4155
v 41.1 1.9506 -15.4041
v 41.4377 2.9293 -15.1496
v 41.8 3.8206 -14.6592
v 42.1623 4.5625 -13.963
v 42.5 5.1069 -13.1109
v 42.79 5.4262 -12.1653
v 43.0124 5.5161 -11.1929
v 40.4 0 -14.5006
v 40.4477 0 -14.8629
v 40.5876 0.9073 -15.1292
v 40.8101 1.8819 -15.1925
v 41.1 2.8658 -15.025
v 41.4377 3.7926 -14.6206
v 41.8 4.5962 -13.9968
v 42.1623 5.22 -13.1931
v 42.5 5.6244 -12.2664
v 42.79 5.7919 -11.2825
v 43.0124 5.7286 -10.3079
v 40.4477 0.8545 -14.7957
v 40.5876 1.7923 -14.9167
v 40.8101 2.7648 -14.8268
v 41.1 3.7104 -14.5074
v 41.4377 4.5625 -13.963
v 41.8 5.2586 -13.2212
v 42.1623 5.749 -12.3299
v 42.5 6.0035 -11.3512
v 42.79 6.015 -10.3532
v 40.4 1.7443 -14.193
v 40.4477 1.688 -14.5956
v 40.4 0.8856 -14.4231
v 40.4477 2.4799 -14.2676
v 40.4 2.55 -13.8173
v 40.4477 3.2107 -13.8197
v 40.5876 3.4092 -14.0929
v 40.5876 4.1012 -13.5018
v 40.8101 4.3063 -13.7068
v 40.8101 4.9269 -12.9802
v 41.1 5.1069 -13.1109
v 41.1 5.6244 -12.2664
v 41.4377 5.749 -12.3299
v 41.4377 6.1365 -11.3944
v 41.8 6.1819 -11.4092
v 41.8 6.42 -10.4174
v 42.1623 6.3729 -10.4099
v 42.5 6.2347 -10.3881
v 42.1623 6.1365 -11.3944
v 41.8 5.7915 -12.3515
v 40.4 3.2782 -13.3074
v 40.4477 3.8625 -13.263
v 40.5876 4.6923 -12.8097
v 40.8101 5.4262 -12.1653
v 41.1 6.0035 -11.3512
v 41.4377 6.3729 -10.4099
v 40.4 3.9068 -12.6788
v 40.4477 4.4191 -12.6113
v 40.5876 5.1678 -12.0337
v 40.8101 5.7919 -11.2825
v 41.1 6.2347 -10.3881
v 40.4 4.4167 -11.9506
v 40.4477 4.867 -11.8804
v 40.5876 5.5161 -11.1929
v 40.8101 6.015 -10.3532
v 40.4 4.7924 -11.1449
v 40.4477 5.195 -11.0885
v 40.5876 5.7286 -10.3079
v 40.4 5.0225 -10.2862
v 40.4477 5.3951 -10.2551
v 40.4 4.4167 -6.8506
v 40.4477 4.4191 -6.1899
v 40.5876 4.1012 -5.2993
v 40.8101 3.5796 -4.4737
v 41.1 2.8658 -3.7761
v 41.4377 1.9939 -3.2641
v 41.8 1.0168 -2.9806
v 42.1623 0 -2.9483
v 42.5 -0.9875 -3.1658
v 42.79 -1.8819 -3.6087
v 43.0124 -2.6331 -4.2327
v 43.1523 -3.2107 -4.9814
v 40.4 3.9068 -6.1224
v 40.4477 3.8625 -5.5381
v 40.5876 3.4092 -4.7083
v 40.8101 2.7648 -3.9744
v 41.1 1.9506 -3.3971
v 41.4377 1.0094 -3.0277
v 41.8 0 -2.9006
v 42.1623 -1.0094 -3.0277
v 42.5 -1.9506 -3.3971
v 42.79 -2.7648 -3.9744
v 43.0124 -3.4091 -4.7083
v 43.1523 -3.8625 -5.5381
v 40.4 3.2782 -5.4938
v 40.4477 3.2107 -4.9814
v 40.5876 2.6332 -4.2327
v 40.8101 1.8819 -3.6087
v 41.1 0.9875 -3.1658
v 41.4377 0 -2.9483
v 41.8 -1.0168 -2.9806
v 42.1623 -1.9939 -3.2641
v 42.5 -2.8658 -3.7761
v 42.79 -3.5796 -4.4737
v 43.0124 -4.1012 -5.2993
v 43.1523 -4.4191 -6.1899
v 40.4 2.55 -4.9838
v 40.4477 2.4799 -4.5336
v 40.5876 1.7923 -3.8844
v 40.8101 0.9527 -3.3856
v 41.1 0 -3.0881
v 41.4377 -1.0094 -3.0277
v 41.8 -2.0086 -3.2187
v 42.1623 -2.9293 -3.6515
v 42.5 -3.7104 -4.2937
v 42.79 -4.3062 -5.0943
v 43.0124 -4.6923 -5.9914
v 43.1523 -4.867 -6.9207
v 40.4 1.7443 -4.6081
v 40.4477 1.688 -4.2056
v 40.5876 0.9073 -3.672
v 40.8101 0 -3.3106
v 41.1 -0.9875 -3.1658
v 41.4377 -1.9939 -3.2641
v 41.8 -2.9509 -3.609
v 42.1623 -3.7926 -4.1806
v 42.5 -4.4636 -4.937
v 42.79 -4.9269 -5.821
v 43.0124 -5.1678 -6.7674
v 43.1523 -5.195 -7.7126
v 40.4 0.8856 -4.378
v 40.4477 0.8545 -4.0055
v 40.5876 0 -3.6006
v 40.8101 -0.9527 -3.3856
v 41.1 -1.9506 -3.3971
v 41.4377 -2.9293 -3.6515
v 41.8 -3.8206 -4.142
v 42.1623 -4.5625 -4.8381
v 42.5 -5.1069 -5.6902
v 42.79 -5.4262 -6.6358
v 43.0124 -5.5161 -7.6083
v 43.1523 -5.3951 -8.5461
v 40.4477 0 -3.9382
v 40.5876 -0.9073 -3.672
v 40.8101 -1.8819 -3.6087
v 41.1 -2.8658 -3.7761
v 41.4377 -3.7926 -4.1806
v 41.8 -4.5962 -4.8044
v 42.1623 -5.22 -5.608
v 42.5 -5.6244 -6.5348
v 42.79 -5.7919 -7.5187
v 43.0124 -5.7286 -8.4932
v 43.1523 -5.4623 -9.4006
v 43.1523 0.8545 -4.0055
v 43.1523 1.688 -4.2056
v 43.1523 2.4799 -4.5336
v 43.0124 2.6332 -4.2327
v 43.0124 3.4092 -4.7083
v 42.79 3.5796 -4.4737
v 42.79 4.3063 -5.0943
v 42.5 4.4636 -4.937
v 42.5 5.1069 -5.6902
v 42.1623 5.22 -5.608
v 42.1623 5.749 -6.4713
v 41.8 5.7915 -6.4496
v 41.8 6.1819 -7.392
v 41.4377 6.1365 -7.4067
v 41.1 6.0035 -7.4499
v 43.1523 3.2107 -4.9814
v 43.0124 4.1012 -5.2993
v 42.79 4.9269 -5.821
v 42.5 5.6244 -6.5348
v 42.1623 6.1365 -7.4067
v 43.1523 3.8625 -5.5381
v 43.0124 4.6923 -5.9914
v 42.79 5.4262 -6.6358
v 42.5 6.0035 -7.4499
v 43.1523 4.4191 -6.1899
v 43.0124 5.1678 -6.7674
v 42.79 5.7919 -7.5187
v 43.1523 4.867 -6.9207
v 43.0124 5.5161 -7.6083
v 43.1523 5.195 -7.7126
v 43.1523 0 -3.9382
v 43.0124 0.9073 -3.672
v 42.79 1.8819 -3.6087
v 42.5 2.8658 -3.7761
v 42.1623 3.7926 -4.1806
v 41.8 4.5962 -4.8044
v 41.4377 5.22 -5.608
v 41.1 5.6244 -6.5348
v 40.8101 5.7919 -7.5187
v 43.0124 1.7923 -3.8844
v 42.79 2.7648 -3.9744
v 40.5876 2.6332 -14.5684
v 40.8101 3.5796 -14.3274
v 41.1 4.4636 -13.8641
v 41.4377 5.22 -13.1931
v 41.4377 5.749 -6.4713
v 41.8 5.2586 -5.58
v 42.1623 4.5625 -4.8381
v 42.5 3.7104 -4.2937
v 40.4 1.0702 -2.1289
v 40.4 0 -2.0506
v 40.4 2.1175 -2.3622
v 40.4 3.1198 -2.7455
v 40.4 4.0555 -3.2707
v 40.4 4.9048 -3.9265
v 40.4 5.6496 -4.699
v 40.4 6.2739 -5.5717
v 40.4 -2.1175 -2.3622
v 40.4 -1.0702 -2.1289
v 40.4 -3.1197 -2.7455
v 40.4 -4.0555 -3.2707
v 40.4 -4.9048 -3.9265
v 40.4 -5.6495 -4.699
v 40.4 -6.2739 -5.5717
v 40.4 -6.7645 -6.5259
v 40.4 -7.111 -7.5415
v 40.4 -7.3059 -8.5967
v 40.4 -7.3451 -9.669
v 40.4 -7.2277 -10.7356
v 40.4 -6.9563 -11.7737
v 40.4 -6.5367 -12.7613
v 40.4 -5.9777 -13.6772
v 40.4 -5.2913 -14.502
v 40.4 -4.4921 -15.2181
v 40.4 -3.5972 -15.8101
v 40.4 -2.6256 -16.2656
v 40.4 -1.5981 -16.5747
v 40.4 -0.5365 -16.731
v 40.4 0.5365 -16.731
v 40.4 1.5981 -16.5747
v 40.4 2.6256 -16.2656
v 40.4 3.5972 -15.8101
v 40.4 4.4921 -15.2181
v 40.4 5.2913 -14.502
v 40.4 5.9777 -13.6772
v 40.4 6.5367 -12.7613
v 40.4 6.9563 -11.7737
v 40.4 7.2277 -10.7356
v 40.4 7.3451 -9.669
v 40.4 7.3059 -8.5967
v 40.4 7.111 -7.5415
v 40.4 6.7645 -6.5259
v 37.6 -1.0702 -2.1289
v 37.6477 -1.0502 -1.7601
v 37.6 0 -2.0506
v 37.6477 -2.0808 -1.9742
v 37.6 -2.1175 -2.3622
v 37.6477 -3.0726 -2.3267
v 37.7876 -3.2071 -2.017
v 37.7876 -4.1826 -2.5225
v 38.01 -4.3333 -2.2748
v 38.01 -5.2632 -2.9312
v 38.3 -5.4036 -2.7586
v 38.3 -6.2577 -3.5562
v 38.6377 -6.36 -3.4608
v 38.6377 -7.1095 -4.3821
v 39 -7.1485 -4.3546
v 39 -7.769 -5.375
v 39.3623 -7.7266 -5.397
v 39.3623 -8.1998 -6.4863
v 39.7 -8.068 -6.5332
v 39.7 -8.3833 -7.6585
v 39.9899 -8.1655 -7.7038
v 39.9899 -8.3205 -8.8314
v 40.2124 -8.0312 -8.8512
v 40.2124 -8.0312 -9.9499
v 40.3523 -7.6944 -9.9269
v 40.3523 -7.551 -10.9697
v 40.3523 -7.6944 -8.8743
v 40.2124 -7.8816 -7.7627
v 39.9899 -7.8584 -6.6077
v 39.7 -7.6025 -5.4613
v 39.3623 -7.1095 -4.3821
v 39 -6.3948 -3.4282
v 38.6377 -5.4919 -2.6501
v 38.3 -4.4489 -2.0847
v 38.01 -3.3226 -1.7511
v 37.7876 -2.1719 -1.6491
v 37.6 -3.1198 -2.7455
v 37.6477 -4.0072 -2.811
v 37.7876 -5.0803 -3.1561
v 38.01 -6.0951 -3.7081
v 38.3 -6.9953 -4.4628
v 38.6377 -7.7266 -5.397
v 39 -8.2448 -6.4704
v 39.3623 -8.5203 -7.63
v 39.7 -8.5425 -8.8163
v 39.9899 -8.3205 -9.9697
v 40.2124 -7.8816 -11.0384
v 40.3523 -7.267 -11.9833
v 37.6 -4.0555 -3.2707
v 37.6477 -4.8672 -3.418
v 37.7876 -5.8832 -3.906
v 38.01 -6.8135 -4.5911
v 38.3 -7.6025 -5.4613
v 38.6377 -8.1998 -6.4863
v 39 -8.567 -7.6203
v 39.3623 -8.682 -8.8067
v 39.7 -8.5425 -9.9849
v 39.9899 -8.1655 -11.0974
v 40.2124 -7.5852 -12.0964
v 40.3523 -6.8477 -12.9488
v 40.3523 -6.3007 -13.8481
v 40.3523 -5.6365 -14.6647
v 40.3523 -4.8672 -15.3831
v 40.3523 -4.0072 -15.9901
v 40.3523 -3.0726 -16.4744
v 40.3523 -2.0808 -16.8269
v 40.3523 -1.0502 -17.0411
v 40.3523 0 -17.1129
v 40.3523 1.0502 -17.0411
v 40.3523 2.0808 -16.8269
v 40.3523 3.0726 -16.4744
v 40.3523 4.0072 -15.9901
v 40.3523 4.8672 -15.3831
v 40.3523 5.6365 -14.6647
v 40.3523 6.3008 -13.8481
v 40.3523 6.8477 -12.9488
v 40.3523 7.2671 -11.9833
v 40.2124 7.1475 -13.1041
v 40.2124 7.5852 -12.0964
v 39.9899 7.4049 -13.2375
v 39.9899 7.8584 -12.1934
v 39.7 7.6025 -13.3398
v 39.7 8.068 -12.268
v 39.3623 7.7266 -13.4042
v 39.3623 8.1998 -12.3148
v 39 7.769 -13.4261
v 39 8.2448 -12.3308
v 38.6377 7.7266 -13.4042
v 38.6377 8.1998 -12.3148
v 38.3 7.6025 -13.3398
v 38.3 8.068 -12.268
v 38.01 7.4049 -13.2375
v 38.01 7.8584 -12.1934
v 37.7876 7.1475 -13.1041
v 37.7876 7.5852 -12.0964
v 37.6477 6.8477 -12.9488
v 37.6477 7.2671 -11.9833
v 37.6 6.5367 -12.7613
v 37.6 6.9563 -11.7737
v 37.6477 7.551 -10.9697
v 37.6 7.2277 -10.7356
v 37.6477 7.6944 -9.9269
v 37.7876 8.0312 -9.9499
v 37.7876 8.0312 -8.8512
v 38.01 8.3205 -8.8314
v 38.01 8.1655 -7.7038
v 38.3 8.3834 -7.6585
v 38.3 8.068 -6.5332
v 38.6377 8.1998 -6.4863
v 38.6377 7.7266 -5.397
v 39 7.769 -5.375
v 39 7.1485 -4.3546
v 39.3623 7.1095 -4.3821
v 39.3623 6.36 -3.4608
v 39.7 6.2577 -3.5562
v 39.7 5.4036 -2.7586
v 39.9899 5.2632 -2.9312
v 39.9899 4.3333 -2.2748
v 40.2124 4.1826 -2.5225
v 40.2124 3.2071 -2.017
v 40.3523 3.0726 -2.3267
v 40.3523 2.0808 -1.9742
v 40.3523 4.0072 -2.811
v 40.2124 5.0803 -3.1561
v 39.9899 6.0951 -3.7081
v 39.7 6.9953 -4.4628
v 39.3623 7.7266 -5.397
v 39 8.2448 -6.4704
v 38.6377 8.5203 -7.63
v 38.3 8.5425 -8.8163
v 38.01 8.3205 -9.9697
v 37.7876 7.8816 -11.0384
v 37.6 -4.9048 -3.9265
v 37.6477 -5.6365 -4.1365
v 37.7876 -6.5766 -4.7583
v 38.01 -7.4049 -5.5636
v 38.3 -8.068 -6.5332
v 38.6377 -8.5203 -7.63
v 39 -8.7296 -8.8034
v 39.3623 -8.682 -9.9944
v 39.7 -8.3833 -11.1426
v 39.9899 -7.8584 -12.1934
v 40.2124 -7.1475 -13.1041
v 37.6 -5.6495 -4.699
v 37.6477 -6.3007 -4.953
v 37.7876 -7.1475 -5.697
v 38.01 -7.8584 -6.6077
v 38.3 -8.3833 -7.6585
v 38.6377 -8.682 -8.8067
v 39 -8.7296 -9.9977
v 39.3623 -8.5203 -11.1711
v 39.7 -8.068 -12.268
v 39.9899 -7.4049 -13.2375
v 40.2124 -6.5766 -14.0428
v 37.6 -6.2739 -5.5717
v 37.6477 -6.8477 -5.8524
v 37.7876 -7.5852 -6.7048
v 38.01 -8.1655 -7.7038
v 38.3 -8.5425 -8.8163
v 38.6377 -8.682 -9.9944
v 39 -8.567 -11.1808
v 39.3623 -8.1998 -12.3148
v 39.7 -7.6025 -13.3398
v 39.9899 -6.8135 -14.2101
v 40.2124 -5.8832 -14.8951
v 37.6 -6.7645 -6.5259
v 37.6477 -7.267 -6.8179
v 37.7876 -7.8816 -7.7627
v 38.01 -8.3205 -8.8314
v 38.3 -8.5425 -9.9849
v 38.6377 -8.5203 -11.1711
v 39 -8.2448 -12.3308
v 39.3623 -7.7266 -13.4042
v 39.7 -6.9953 -14.3384
v 39.9899 -6.0951 -15.093
v 40.2124 -5.0803 -15.645
v 37.6 -7.111 -7.5415
v 37.6477 -7.551 -7.8315
v 37.7876 -8.0312 -8.8512
v 38.01 -8.3205 -9.9697
v 38.3 -8.3833 -11.1426
v 38.6377 -8.1998 -12.3148
v 39 -7.769 -13.4261
v 39.3623 -7.1095 -14.419
v 39.7 -6.2577 -15.2449
v 39.9899 -5.2632 -15.87
v 40.2124 -4.1826 -16.2786
v 37.6 -7.3059 -8.5967
v 37.6477 -7.6944 -8.8743
v 37.7876 -8.0312 -9.9499
v 38.01 -8.1655 -11.0974
v 38.3 -8.068 -12.268
v 38.6377 -7.7266 -13.4042
v 39 -7.1485 -14.4465
v 39.3623 -6.36 -15.3403
v 39.7 -5.4036 -16.0425
v 39.9899 -4.3333 -16.5264
v 40.2124 -3.2071 -16.7841
v 37.6 -7.3451 -9.669
v 37.6477 -7.6944 -9.9269
v 37.7876 -7.8816 -11.0384
v 38.01 -7.8584 -12.1934
v 38.3 -7.6025 -13.3398
v 38.6377 -7.1095 -14.419
v 39 -6.3948 -15.3729
v 39.3623 -5.4919 -16.151
v 39.7 -4.4489 -16.7165
v 39.9899 -3.3226 -17.0501
v 40.2124 -2.1719 -17.1521
v 37.6 -7.2277 -10.7356
v 37.6477 -7.551 -10.9697
v 37.7876 -7.5852 -12.0964
v 38.01 -7.4049 -13.2375
v 38.3 -6.9953 -14.3384
v 38.6377 -6.36 -15.3403
v 39 -5.522 -16.188
v 39.3623 -4.5216 -16.836
v 39.7 -3.4113 -17.2541
v 39.9899 -2.2501 -17.4313
v 40.2124 -1.0961 -17.3756
v 37.6 -6.9563 -11.7737
v 37.6477 -7.267 -11.9833
v 37.7876 -7.1475 -13.1041
v 38.01 -6.8135 -14.2101
v 38.3 -6.2577 -15.2449
v 38.6377 -5.4919 -16.151
v 39 -4.5464 -16.8767
v 39.3623 -3.467 -17.3824
v 39.7 -2.3101 -17.6455
v 39.9899 -1.1356 -17.6628
v 40.2124 0 -17.4506
v 37.6 -6.5367 -12.7613
v 37.6477 -6.8477 -12.9488
v 37.7876 -6.5766 -14.0428
v 38.01 -6.0951 -15.093
v 38.3 -5.4036 -16.0425
v 38.6377 -4.5216 -16.836
v 39 -3.486 -17.4262
v 39.3623 -2.3479 -17.7802
v 39.7 -1.1659 -17.8833
v 39.9899 0 -17.7405
v 40.2124 1.0961 -17.3756
v 37.6477 -6.3007 -13.8481
v 37.7876 -5.8832 -14.8951
v 38.01 -5.2632 -15.87
v 38.3 -4.4489 -16.7165
v 38.6377 -3.467 -17.3824
v 39 -2.3607 -17.8261
v 39.3623 -1.185 -18.0218
v 39.7 0 -17.963
v 39.9899 1.1356 -17.6628
v 40.2124 2.1719 -17.1521
v 37.6 -5.2913 -14.502
v 37.6477 -5.6365 -14.6647
v 37.6 -5.9777 -13.6772
v 37.6477 -4.8672 -15.3831
v 37.6 -4.4921 -15.2181
v 37.6477 -4.0072 -15.9901
v 37.7876 -4.1826 -16.2786
v 37.7876 -3.2071 -16.7841
v 38.01 -3.3226 -17.0501
v 38.01 -2.2501 -17.4313
v 38.3 -2.3101 -17.6455
v 38.3 -1.1659 -17.8833
v 38.6377 -1.185 -18.0218
v 38.6377 0 -18.1029
v 39 0 -18.1506
v 39 1.1915 -18.0691
v 39.3623 1.185 -18.0218
v 39.3623 2.3479 -17.7802
v 39.7 2.3101 -17.6455
v 39.7 3.4113 -17.2541
v 39.9899 3.3226 -17.0501
v 39.9899 4.3333 -16.5264
v 40.2124 4.1826 -16.2786
v 40.2124 5.0803 -15.645
v 40.2124 3.2071 -16.7841
v 39.9899 2.2501 -17.4313
v 39.7 1.1659 -17.8833
v 39.3623 0 -18.1029
v 39 -1.1915 -18.0691
v 38.6377 -2.3479 -17.7802
v 38.3 -3.4113 -17.2541
v 38.01 -4.3333 -16.5264
v 37.7876 -5.0803 -15.645
v 37.6 -3.5972 -15.8101
v 37.6477 -3.0726 -16.4744
v 37.7876 -2.1719 -17.1521
v 38.01 -1.1356 -17.6628
v 38.3 0 -17.963
v 38.6377 1.185 -18.0218
v 39 2.3607 -17.8261
v 39.3623 3.467 -17.3824
v 39.7 4.4489 -16.7165
v 39.9899 5.2632 -15.87
v 40.2124 5.8832 -14.8951
v 37.6 -2.6256 -16.2656
v 37.6477 -2.0808 -16.8269
v 37.7876 -1.0961 -17.3756
v 38.01 0 -17.7405
v 38.3 1.1659 -17.8833
v 38.6377 2.3479 -17.7802
v 39 3.486 -17.4262
v 39.3623 4.5216 -16.836
v 39.7 5.4036 -16.0425
v 39.9899 6.0951 -15.093
v 40.2124 6.5766 -14.0428
v 37.6 -1.5981 -16.5747
v 37.6477 -1.0502 -17.0411
v 37.7876 0 -17.4506
v 38.01 1.1356 -17.6628
v 38.3 2.3101 -17.6455
v 38.6377 3.467 -17.3824
v 39 4.5464 -16.8767
v 39.3623 5.4919 -16.151
v 39.7 6.2577 -15.2449
v 39.9899 6.8135 -14.2101
v 37.6 -0.5365 -16.731
v 37.6477 0 -17.1129
v 37.7876 1.0961 -17.3756
v 38.01 2.2501 -17.4313
v 38.3 3.4113 -17.2541
v 38.6377 4.5216 -16.836
v 39 5.522 -16.188
v 39.3623 6.36 -15.3403
v 39.7 6.9953 -14.3384
v 37.6 0.5365 -16.731
v 37.6477 1.0502 -17.0411
v 37.7876 2.1719 -17.1521
v 38.01 3.3226 -17.0501
v 38.3 4.4489 -16.7165
v 38.6377 5.4919 -16.151
v 39 6.3948 -15.3729
v 39.3623 7.1095 -14.419
v 37.6 1.5981 -16.5747
v 37.6477 2.0808 -16.8269
v 37.7876 3.2071 -16.7841
v 38.01 4.3333 -16.5264
v 38.3 5.4036 -16.0425
v 38.6377 6.36 -15.3403
v 39 7.1485 -14.4465
v 37.6 2.6256 -16.2656
v 37.6477 3.0726 -16.4744
v 37.7876 4.1826 -16.2786
v 38.01 5.2632 -15.87
v 38.3 6.2577 -15.2449
v 38.6377 7.1095 -14.419
v 37.6 3.5972 -15.8101
v 37.6477 4.0072 -15.9901
v 37.7876 5.0803 -15.645
v 38.01 6.0951 -15.093
v 38.3 6.9953 -14.3384
v 37.6 4.4921 -15.2181
v 37.6477 4.8672 -15.3831
v 37.7876 5.8832 -14.8951
v 38.01 6.8135 -14.2101
v 37.6 5.2913 -14.502
v 37.6477 5.6365 -14.6647
v 37.7876 6.5766 -14.0428
v 37.6 5.9777 -13.6772
v 37.6477 6.3008 -13.8481
v 37.6 7.3451 -9.669
v 37.6477 7.6944 -8.8743
v 37.7876 7.8816 -7.7627
v 38.01 7.8584 -6.6077
v 38.3 7.6025 -5.4613
v 38.6377 7.1095 -4.3821
v 39 6.3948 -3.4282
v 39.3623 5.4919 -2.6501
v 39.7 4.4489 -2.0847
v 39.9899 3.3226 -1.7511
v 40.2124 2.1719 -1.6491
v 40.3523 1.0502 -1.7601
v 37.6 7.3059 -8.5967
v 37.6477 7.551 -7.8315
v 37.7876 7.5852 -6.7048
v 38.01 7.4049 -5.5636
v 38.3 6.9953 -4.4628
v 38.6377 6.36 -3.4608
v 39 5.522 -2.6131
v 39.3623 4.5216 -1.9652
v 39.7 3.4113 -1.547
v 39.9899 2.2501 -1.3699
v 40.2124 1.0961 -1.4256
v 40.3523 0 -1.6882
v 40.3523 -1.0502 -1.7601
v 40.3523 -2.0808 -1.9742
v 40.3523 -3.0726 -2.3267
v 40.3523 -4.0072 -2.811
v 40.3523 -4.8672 -3.418
v 40.3523 -5.6365 -4.1365
v 40.3523 -6.3007 -4.953
v 40.3523 -6.8477 -5.8524
v 40.3523 -7.267 -6.8179
v 40.3523 -7.551 -7.8315
v 37.6 7.111 -7.5415
v 37.6477 7.2671 -6.8179
v 37.7876 7.1475 -5.697
v 38.01 6.8135 -4.5911
v 38.3 6.2577 -3.5562
v 38.6377 5.4919 -2.6501
v 39 4.5464 -1.9244
v 39.3623 3.467 -1.4187
v 39.7 2.3101 -1.1557
v 39.9899 1.1356 -1.1383
v 40.2124 0 -1.3506
v 37.6 6.7645 -6.5259
v 37.6477 6.8477 -5.8524
v 37.7876 6.5766 -4.7583
v 38.01 6.0951 -3.7081
v 38.3 5.4036 -2.7586
v 38.6377 4.5216 -1.9652
v 39 3.486 -1.375
v 39.3623 2.3479 -1.021
v 39.7 1.1659 -0.9179
v 39.9899 0 -1.0606
v 40.2124 -1.0961 -1.4256
v 37.6 6.2739 -5.5717
v 37.6477 6.3008 -4.953
v 37.7876 5.8832 -3.906
v 38.01 5.2632 -2.9312
v 38.3 4.4489 -2.0847
v 38.6377 3.467 -1.4187
v 39 2.3607 -0.975
v 39.3623 1.185 -0.7793
v 39.7 0 -0.8381
v 39.9899 -1.1356 -1.1383
v 40.2124 -2.1719 -1.6491
v 37.6 5.6496 -4.699
v 37.6477 5.6365 -4.1365
v 37.7876 5.0803 -3.1561
v 38.01 4.3333 -2.2748
v 38.3 3.4113 -1.547
v 38.6377 2.3479 -1.021
v 39 1.1915 -0.7321
v 39.3623 0 -0.6983
v 39.7 -1.1659 -0.9179
v 39.9899 -2.2501 -1.3699
v 40.2124 -3.2071 -2.017
v 37.6 4.9048 -3.9265
v 37.6477 4.8672 -3.418
v 37.7876 4.1826 -2.5225
v 38.01 3.3226 -1.7511
v 38.3 2.3101 -1.1557
v 38.6377 1.185 -0.7793
v 39 0 -0.6506
v 39.3623 -1.185 -0.7793
v 39.7 -2.3101 -1.1557
v 39.9899 -3.3226 -1.7511
v 40.2124 -4.1826 -2.5225
v 37.6 4.0555 -3.2707
v 37.6477 4.0072 -2.811
v 37.7876 3.2071 -2.017
v 38.01 2.2501 -1.3699
v 38.3 1.1659 -0.9179
v 38.6377 0 -0.6983
v 39 -1.1915 -0.7321
v 39.3623 -2.3479 -1.021
v 39.7 -3.4113 -1.547
v 39.9899 -4.3333 -2.2748
v 40.2124 -5.0803 -3.1561
v 37.6 3.1198 -2.7455
v 37.6477 3.0726 -2.3267
v 37.7876 2.1719 -1.6491
v 38.01 1.1356 -1.1383
v 38.3 0 -0.8381
v 38.6377 -1.185 -0.7793
v 39 -2.3607 -0.975
v 39.3623 -3.467 -1.4187
v 39.7 -4.4489 -2.0847
v 39.9899 -5.2632 -2.9312
v 40.2124 -5.8832 -3.906
v 37.6 2.1175 -2.3622
v 37.6477 2.0808 -1.9742
v 37.7876 1.0961 -1.4256
v 38.01 0 -1.0606
v 38.3 -1.1659 -0.9179
v 38.6377 -2.3479 -1.021
v 39 -3.486 -1.375
v 39.3623 -4.5216 -1.9652
v 39.7 -5.4036 -2.7586
v 39.9899 -6.0951 -3.7081
v 40.2124 -6.5766 -4.7583
v 37.6 1.0702 -2.1289
v 37.6477 1.0502 -1.7601
v 37.7876 0 -1.3506
v 38.01 -1.1356 -1.1383
v 38.3 -2.3101 -1.1557
v 38.6377 -3.467 -1.4187
v 39 -4.5464 -1.9244
v 39.3623 -5.4919 -2.6501
v 39.7 -6.2577 -3.5562
v 39.9899 -6.8135 -4.5911
v 40.2124 -7.1475 -5.697
v 37.6477 0 -1.6882
v 37.7876 -1.0961 -1.4256
v 38.01 -2.2501 -1.3699
v 38.3 -3.4113 -1.547
v 38.6377 -4.5216 -1.9652
v 39 -5.522 -2.6131
v 39.3623 -6.36 -3.4608
v 39.7 -6.9953 -4.4628
v 39.9899 -7.4049 -5.5636
v 40.2124 -7.5852 -6.7048
v 40.3523 4.8672 -3.418
v 40.2124 5.8832 -3.906
v 39.9899 6.8135 -4.5911
v 39.7 7.6025 -5.4613
v 39.3623 8.1998 -6.4863
v 39 8.567 -7.6203
v 38.6377 8.682 -8.8067
v 38.3 8.5425 -9.9849
v 38.01 8.1655 -11.0974
v 40.3523 5.6365 -4.1365
v 40.2124 6.5766 -4.7583
v 39.9899 7.4049 -5.5636
v 39.7 8.068 -6.5332
v 39.3623 8.5203 -7.63
v 39 8.7296 -8.8034
v 38.6377 8.682 -9.9944
v 38.3 8.3834 -11.1426
v 40.3523 6.3008 -4.953
v 40.2124 7.1475 -5.697
v 39.9899 7.8584 -6.6077
v 39.7 8.3834 -7.6585
v 39.3623 8.682 -8.8067
v 39 8.7296 -9.9977
v 38.6377 8.5203 -11.1711
v 40.3523 6.8477 -5.8524
v 40.2124 7.5852 -6.7048
v 39.9899 8.1655 -7.7038
v 39.7 8.5425 -8.8163
v 39.3623 8.682 -9.9944
v 39 8.567 -11.1808
v 40.3523 7.2671 -6.8179
v 40.2124 7.8816 -7.7627
v 39.9899 8.3205 -8.8314
v 39.7 8.5425 -9.9849
v 39.3623 8.5203 -11.1711
v 40.3523 7.551 -7.8315
v 40.2124 8.0312 -8.8512
v 39.9899 8.3205 -9.9697
v 39.7 8.3834 -11.1426
v 40.3523 7.6944 -8.8743
v 40.2124 8.0312 -9.9499
v 39.9899 8.1655 -11.0974
v 40.3523 7.6944 -9.9269
v 40.2124 7.8816 -11.0384
v 40.3523 7.551 -10.9697
v 36.2 1.1915 -0.7321
v 36.2 0 -0.6506
v 36.2 2.3607 -0.975
v 36.2 3.486 -1.375
v 36.2 4.5464 -1.9244
v 36.2 5.522 -2.6131
v 36.2 6.3948 -3.4282
v 36.2 7.1485 -4.3546
v 36.2 7.769 -5.375
v 36.2 8.2448 -6.4704
v 36.2 8.567 -7.6203
v 36.2 8.7296 -8.8034
v 36.2 8.7296 -9.9977
v 36.2 8.567 -11.1808
v 36.2 8.2448 -12.3308
v 36.2 7.769 -13.4261
v 36.2 7.1485 -14.4465
v 36.2 -2.3607 -0.975
v 36.2 -1.1915 -0.7321
v 36.2 -3.486 -1.375
v 36.2 -4.5464 -1.9244
v 36.2 -5.522 -2.6131
v 36.2 -6.3948 -3.4282
v 36.2 -7.1485 -4.3546
v 36.2 -7.769 -5.375
v 36.2 -8.2448 -6.4704
v 36.2 -8.567 -7.6203
v 36.2 -8.7296 -8.8034
v 36.2 -8.7296 -9.9977
v 36.2 -8.567 -11.1808
v 36.2 -8.2448 -12.3308
v 36.2 -7.769 -13.4261
v 36.2 -7.1485 -14.4465
v 36.2 -6.3948 -15.3729
v 36.2 -5.522 -16.188
v 36.2 -4.5464 -16.8767
v 36.2 -3.486 -17.4262
v 36.2 -2.3607 -17.8261
v 36.2 -1.1915 -18.0691
v 36.2 0 -18.1506
v 36.2 1.1915 -18.0691
v 36.2 2.3607 -17.8261
v 36.2 3.486 -17.4262
v 36.2 4.5464 -16.8767
v 36.2 5.522 -16.188
v 36.2 6.3948 -15.3729
v -45.1 -17.5 -26.9006
v -45.1 -22.5 -26.9006
v -45.3588 -17.5 -26.8665
v -45.3588 -22.5 -26.8665
v -45.6 -17.5 -26.7666
v -45.6 -22.5 -26.7666
v -45.8071 -17.5 -26.6077
v -45.8071 -22.5 -26.6077
v -45.966 -17.5 -26.4006
v -45.966 -22.5 -26.4006
v -46.0659 -17.5 -26.1594
v -46.0659 -22.5 -26.1594
v -46.1 -17.5 -25.9006
v -46.1 -22.5 -25.9006
v -46.1 -22.5 -21.6006
v -46.1 -17.5 -21.6006
v 31.8 17.5 -26.9006
v 31.8 22.5 -26.9006
v 32.0588 17.5 -26.8665
v 32.0588 22.5 -26.8665
v 32.3 17.5 -26.7666
v 32.3 22.5 -26.7666
v 32.5071 17.5 -26.6077
v 32.5071 22.5 -26.6077
v 32.666 17.5 -26.4006
v 32.666 22.5 -26.4006
v 32.7659 17.5 -26.1594
v 32.7659 22.5 -26.1594
v 32.8 17.5 -25.9006
v 32.8 22.5 -25.9006
v 32.8 22.5 -21.6006
v 32.8 17.5 -21.6006
v 24.1972 -29.2676 -28.3324
v 13.1644 -29.2676 -28.3324
v 24.1972 -28.75 -28.4006
v 13.1644 -29.75 -28.1326
v 24.1972 -29.75 -28.1326
v 13.1644 -30.1642 -27.8148
v 2.1315 -30.1642 -27.8148
v 2.1315 -30.4821 -27.4006
v -8.9014 -30.4821 -27.4006
v -8.9014 -30.6819 -26.9182
v -19.9343 -30.6819 -26.9182
v -30.9671 -30.6819 -26.9182
v -42 -30.6819 -26.9182
v -30.9671 -30.4821 -27.4006
v -42 -30.4821 -27.4006
v -30.9671 -30.1642 -27.8148
v -42 -30.1642 -27.8148
v -30.9671 -29.75 -28.1326
v -42 -29.75 -28.1326
v -30.9671 -29.2676 -28.3324
v -42 -29.2676 -28.3324
v -42 -28.75 -28.4006
v -19.9343 -29.2676 -28.3324
v -8.9014 -29.2676 -28.3324
v 2.1315 -29.2676 -28.3324
v -8.9014 -29.75 -28.1326
v 2.1315 -29.75 -28.1326
v -8.9014 -30.1642 -27.8148
v -19.9343 -30.4821 -27.4006
v 24.1972 -30.1642 -27.8148
v 13.1644 -30.4821 -27.4006
v 2.1315 -30.6819 -26.9182
v 24.1972 -30.482 -27.4006
v 13.1644 -30.6819 -26.9182
v 24.1972 -30.6818 -26.9182
v -19.9343 -30.1642 -27.8148
v -19.9343 -29.75 -28.1326
v -44.8928 -26.5447 -28.4006
v -45.025 -26.6549 -28.3944
v -44.9522 -26.2833 -28.4006
v -45.4858 -26.2222 -28.3324
v -44.988 -26.0177 -28.4006
v -45.5176 -25.75 -28.3324
v -45 -25.75 -28.4006
v -45.1427 -26.7783 -28.3769
v -45.3455 -26.837 -28.3324
v -45.8042 -26.9861 -28.1326
v -45.3306 -27.0576 -28.3152
v -45.4498 -27.3652 -28.2296
v -45.5224 -27.6455 -28.1326
v -45.4987 -27.6872 -28.1331
v -45.4772 -28.0105 -28.0387
v -45.8871 -27.8418 -27.8148
v -45.3864 -28.3227 -27.9596
v -45.4512 -28.5022 -27.8148
v -45.2282 -28.6111 -27.9087
v -45.0106 -28.8584 -27.8966
v -44.9043 -29.0742 -27.8148
v -44.7478 -29.0503 -27.9251
v -44.4567 -29.1788 -27.9869
v -44.264 -29.5394 -27.8148
v -44.1509 -29.2424 -28.0698
v -43.8423 -29.2417 -28.1617
v -43.554 -29.8816 -27.8148
v -43.409 -29.4936 -28.1326
v -43.5415 -29.1782 -28.251
v -43.2588 -29.0541 -28.3275
v -42.7121 -29.6861 -28.1326
v -42.6258 -29.2115 -28.3324
v -42.7865 -30.0936 -27.8148
v -43.6648 -30.1795 -27.4006
v -44.4271 -29.8122 -27.4006
v -44.5295 -29.9837 -26.9182
v -45.1134 -29.3136 -27.4006
v -45.2449 -29.464 -26.9182
v -45.6997 -28.7004 -27.4006
v -45.8559 -28.825 -26.9182
v -46.167 -27.9924 -27.4006
v -46.343 -28.0871 -26.9182
v -46.5004 -27.2123 -27.4006
v -46.6905 -27.274 -26.9182
v -46.6892 -26.3852 -27.4006
v -46.8872 -26.412 -26.9182
v -46.732 -25.75 -27.4006
v -46.9319 -25.75 -26.9182
v -46.4142 -25.75 -27.8148
v -46.3743 -26.3425 -27.8148
v -46.1982 -27.1141 -27.8148
v -45.9638 -26.2869 -28.1326
v -46 -25.75 -28.1326
v -43.0059 -28.8733 -28.3807
v -42.7947 -28.6428 -28.4006
v -42.5333 -28.7022 -28.4006
v -42.2677 -28.738 -28.4006
v -42.8437 -30.4062 -27.4006
v -43.734 -30.367 -26.9182
v -44.5 -30.0801 -26.4006
v -45.2139 -29.5802 -26.4006
v -45.8302 -28.9639 -26.4006
v -46.3301 -28.25 -26.4006
v -46.6985 -27.4601 -26.4006
v -46.924 -26.6182 -26.4006
v -42.88 -30.6027 -26.9182
v -43.7101 -30.4485 -26.4006
v -42.8682 -30.674 -26.4006
v -46.9319 -22.5 -26.9182
v -46.732 -22.5 -27.4006
v -46.4142 -22.5 -27.8148
v -46 -22.5 -28.1326
v -45.5176 -22.5 -28.3324
v -45 -22.5 -28.4006
v 25.5384 -29.2194 -28.3447
v 26 -29.25 -28.3371
v 25.0732 -29.1251 -28.3651
v 24.6214 -28.9671 -28.3888
v 28.7 -29.25 -28.3371
v 28.7 -29.66 -28.1816
v 28.7 -30.0262 -27.9404
v 28.7 -30.3311 -27.6253
v 28.7 -30.56 -27.2513
v 28.7 -30.7019 -26.8364
v 31.7 5 -28.4006
v 31.7 17.5 -28.4006
v 32.2176 7.8132 -28.3324
v 32.2176 5 -28.3324
v 32.7 5 -28.1326
v 32.7 17.5 -28.1326
v 32.7 7.8132 -28.1326
v 32.2176 17.5 -28.3324
v 33.1142 7.8132 -27.8148
v 33.1142 17.5 -27.8148
v 33.432 7.8132 -27.4006
v 33.432 5 -27.4006
v 33.6319 7.8132 -26.9182
v 33.6319 -1.8736 -26.9182
v 33.7 17.5 -26.4006
v 33.7 -21.2472 -26.4006
v 33.6319 -11.5604 -26.9182
v 33.6319 -21.2472 -26.9182
v 33.432 -11.5604 -27.4006
v 33.432 -5 -27.4006
v 33.1142 -5 -27.8148
v 33.432 17.5 -27.4006
v 33.6319 17.5 -26.9182
v 33.432 -21.2472 -27.4006
v 33.1142 -11.5604 -27.8148
v 32.7 -5 -28.1326
v 33.1142 -21.2472 -27.8148
v 32.7 -11.5604 -28.1326
v 32.2176 -5 -28.3324
v 32.7 -21.2472 -28.1326
v 32.2176 -11.5604 -28.3324
v 31.7 -5 -28.4006
v 32.2176 -21.2472 -28.3324
v 31.7 -21.2472 -28.4006
v 33.1142 5 -27.8148
v 32.2 -25.75 -28.3371
v 32.2 -23.05 -28.3371
v 32.61 -25.75 -28.1816
v 32.9762 -25.75 -27.9404
v 33.2811 -25.75 -27.6253
v 33.51 -25.75 -27.2513
v 33.6519 -25.75 -26.8364
v 32.1694 -22.5884 -28.3447
v 32.0751 -22.1232 -28.3651
v 31.9171 -21.6714 -28.3888
v 32.2 -26.4891 -28.3155
v 32.5042 -26.9861 -28.1326
v 32.2 -27.25 -28.2301
v 32.6638 -26.2869 -28.1326
v 33.0743 -26.3425 -27.8148
v 32.8982 -27.1141 -27.8148
v 32.2224 -27.6455 -28.1326
v 32.5871 -27.8418 -27.8148
v 32.0504 -28.0089 -28.1084
v 32.1512 -28.5022 -27.8148
v 31.8672 -28.3547 -28.0704
v 31.6179 -28.6605 -28.0567
v 33.3892 -26.3852 -27.4006
v 33.2004 -27.2123 -27.4006
v 32.867 -27.9924 -27.4006
v 32.3997 -28.7004 -27.4006
v 31.6043 -29.0742 -27.8148
v 31.8134 -29.3136 -27.4006
v 30.9641 -29.5394 -27.8148
v 31.1271 -29.8122 -27.4006
v 30.251 -29.8827 -27.8148
v 30.3627 -30.1803 -27.4006
v 29.4882 -30.0933 -27.8148
v 29.5449 -30.406 -27.4006
v 29.4142 -29.6857 -28.1326
v 30.1055 -29.4949 -28.1326
v 30.7516 -29.1838 -28.1326
v 30.9657 -29.0976 -28.1075
v 30.5903 -29.2115 -28.1637
v 31.3134 -28.9114 -28.0697
v 33.5872 -26.412 -26.9182
v 33.3905 -27.274 -26.9182
v 33.043 -28.087 -26.9182
v 32.5559 -28.825 -26.9182
v 31.9449 -29.464 -26.9182
v 31.2295 -29.9837 -26.9182
v 30.4329 -30.3674 -26.9182
v 29.5806 -30.6026 -26.9182
v 29.4391 -29.25 -28.3155
v 30.2 -29.25 -28.2301
v 32.1625 -27.6355 -28.1645
v -44.8 -22.5 -26.9006
v -44.8 -22.5 -28.4006
v -42.7822 -30.6884 -14.0006
v -43.6514 -30.4694 -14.0006
v -44.4675 -30.0987 -14.0006
v -45.2044 -29.5882 -14.0006
v -45.8382 -28.9544 -14.0006
v -43.7101 -30.4485 0.3994
v -42.8682 -30.674 0.3994
v -44.5 -30.0801 0.3994
v -45.2139 -29.5802 0.3994
v -45.8302 -28.9639 0.3994
v -46.3301 -28.25 0.3994
v -46.3487 -28.2175 -14.0006
v -46.6985 -27.4601 0.3994
v -46.7194 -27.4014 -14.0006
v -46.924 -26.6182 0.3994
v -46.9384 -26.5322 -14.0006
v -44.6185 -26.3835 -28.4006
v -44.3164 -26.2837 -28.4006
v -44.8 -17.5 -28.4006
v -44 -5 -28.4006
v -45 -5 -28.4006
v -44 -26.25 -28.4006
v -45 -17.5 -28.4006
v 31.418 -20.8449 -28.4006
v 31.0825 -20.4861 -28.4006
v 30.7 -5 -28.4006
v 30.7 -20.1777 -28.4006
v 33.7 15.75 -19.9006
v 33.7 25.75 0.3994
v 33.7 22.5 -21.6006
v 33.7 25.75 -26.4006
v 33.7 22.5 -26.4006
v 33.7 17.5 -21.6006
v 33.7 15.6819 -20.4182
v 33.7 15.4821 -20.9006
v 33.7 15.1642 -21.3148
v 33.7 14.75 -21.6326
v 33.7 14.2676 -21.8324
v 33.7 13.75 -21.9006
v 33.7 -13.75 -21.9006
v 33.7 -14.2676 -21.8324
v 33.7 -14.75 -21.6326
v 33.7 -15.1642 -21.3148
v 33.7 -15.482 -20.9006
v 33.7 -15.6819 -20.4182
v 33.7 -15.75 -19.9006
v 31.5 17.5 -26.9006
v 31.5 17.5 -28.4006
v -37.4972 29.2676 -28.3324
v -26.4644 29.2676 -28.3324
v -37.4972 28.75 -28.4006
v -26.4644 29.75 -28.1326
v -37.4972 29.75 -28.1326
v -26.4644 30.1642 -27.8148
v -15.4315 30.1642 -27.8148
v -15.4315 30.4821 -27.4006
v -4.3986 30.4821 -27.4006
v -4.3986 30.6819 -26.9182
v 6.6343 30.6819 -26.9182
v 28.7 30.75 -26.4006
v 17.6671 30.6819 -26.9182
v 28.7 30.6819 -26.9182
v 17.6671 30.4821 -27.4006
v 28.7 30.4821 -27.4006
v 17.6671 30.1642 -27.8148
v 28.7 30.1642 -27.8148
v 17.6671 29.75 -28.1326
v 28.7 29.75 -28.1326
v 17.6671 29.2676 -28.3324
v 28.7 29.2676 -28.3324
v 28.7 28.75 -28.4006
v 6.6343 29.2676 -28.3324
v -4.3986 29.2676 -28.3324
v -15.4315 29.2676 -28.3324
v -4.3986 29.75 -28.1326
v -15.4315 29.75 -28.1326
v -4.3986 30.1642 -27.8148
v 6.6343 30.4821 -27.4006
v -37.4972 30.1642 -27.8148
v -26.4644 30.4821 -27.4006
v -15.4315 30.6819 -26.9182
v -37.4972 30.75 -26.4006
v -37.4972 30.482 -27.4006
v -26.4644 30.6819 -26.9182
v -37.4972 30.6818 -26.9182
v 6.6343 30.1642 -27.8148
v 6.6343 29.75 -28.1326
v 31.5928 26.5447 -28.4006
v 31.725 26.6549 -28.3944
v 31.6522 26.2833 -28.4006
v 32.1294 26.5327 -28.3324
v 32.2141 25.9078 -28.3324
v 32.5997 26.6401 -28.1326
v 32.696 25.9295 -28.1326
v 33.0035 26.7323 -27.8148
v 33.1098 25.948 -27.8148
v 33.3134 26.803 -27.4006
v 33.4273 25.9623 -27.4006
v 33.5082 26.8474 -26.9182
v 33.6269 25.9713 -26.9182
v 33.624 26.6182 -26.4006
v 33.6319 25.75 -26.9182
v 33.432 25.75 -27.4006
v 33.1142 25.75 -27.8148
v 32.7 25.75 -28.1326
v 32.2176 25.75 -28.3324
v 31.7 25.75 -28.4006
v 31.688 26.0177 -28.4006
v 31.8427 26.7783 -28.3769
v 32.0306 27.0576 -28.3152
v 32.3781 27.3221 -28.1326
v 32.759 27.4849 -27.8148
v 32.1987 27.6872 -28.1331
v 32.1772 28.0105 -28.0387
v 32.384 28.1818 -27.8148
v 32.0863 28.3227 -27.9596
v 31.9282 28.6111 -27.9087
v 31.8906 28.8005 -27.8148
v 31.7106 28.8584 -27.8966
v 31.4478 29.0503 -27.9251
v 31.2946 29.3212 -27.8148
v 31.1567 29.1788 -27.9869
v 30.8509 29.2424 -28.0698
v 30.6153 29.7271 -27.8148
v 30.4355 29.3539 -28.1326
v 29.8718 30.0058 -27.8148
v 29.7611 29.6067 -28.1326
v 29.0948 30.1465 -27.8148
v 29.0575 29.734 -28.1326
v 29.1236 30.4631 -27.4006
v 29.9571 30.312 -27.4006
v 30.7532 30.0134 -27.4006
v 31.4814 29.5783 -27.4006
v 32.1203 29.0201 -27.4006
v 32.6492 28.3569 -27.4006
v 33.0513 27.6098 -27.4006
v 32.1498 27.3652 -28.2296
v 30.5423 29.2417 -28.1617
v 30.2415 29.1782 -28.251
v 29.9588 29.0541 -28.3275
v 29.6325 29.1418 -28.3324
v 29.7059 28.8733 -28.3807
v 29.4947 28.6428 -28.4006
v 29.2333 28.7022 -28.4006
v 29.0142 29.2536 -28.3324
v 28.9677 28.738 -28.4006
v 29.1418 30.662 -26.9182
v 30.0111 30.5044 -26.9182
v 30.8398 30.1934 -26.9182
v 31.5989 29.74 -26.9182
v 32.2647 29.1582 -26.9182
v 32.816 28.4669 -26.9182
v 33.235 27.6883 -26.9182
v 29.5682 30.674 -26.4006
v 30.4101 30.4485 -26.4006
v 31.2 30.0801 -26.4006
v 31.9139 29.5802 -26.4006
v 32.5302 28.9639 -26.4006
v 33.0301 28.25 -26.4006
v 33.3985 27.4601 -26.4006
v 33.6319 22.5 -26.9182
v 33.432 22.5 -27.4006
v 33.1142 22.5 -27.8148
v 32.7 22.5 -28.1326
v 32.2176 22.5 -28.3324
v 31.7 22.5 -28.4006
v -38.8384 29.2194 -28.3447
v -39.3 29.25 -28.3371
v -38.3732 29.1251 -28.3651
v -37.9214 28.9671 -28.3888
v -42 29.25 -28.3371
v -42 29.66 -28.1816
v -42 30.0262 -27.9404
v -42 30.3311 -27.6253
v -42 30.56 -27.2513
v -42 30.7019 -26.8364
v -42 30.75 -26.4006
v -45.5176 -7.8132 -28.3324
v -45.5176 -5 -28.3324
v -46 -5 -28.1326
v -46 -17.5 -28.1326
v -46 -7.8132 -28.1326
v -45.5176 -17.5 -28.3324
v -46.4142 -7.8132 -27.8148
v -46.4142 -17.5 -27.8148
v -46.732 -7.8132 -27.4006
v -46.732 -5 -27.4006
v -46.9319 -7.8132 -26.9182
v -46.9319 1.8736 -26.9182
v -46.9319 11.5604 -26.9182
v -46.9319 21.2472 -26.9182
v -46.732 11.5604 -27.4006
v -46.732 5 -27.4006
v -46.4142 5 -27.8148
v -46.732 -17.5 -27.4006
v -46.9319 -17.5 -26.9182
v -46.732 21.2472 -27.4006
v -46.4142 11.5604 -27.8148
v -46 5 -28.1326
v -46.4142 21.2472 -27.8148
v -46 11.5604 -28.1326
v -45.5176 5 -28.3324
v -46 21.2472 -28.1326
v -45.5176 11.5604 -28.3324
v -45 5 -28.4006
v -45.5176 21.2472 -28.3324
v -45 21.2472 -28.4006
v -46.4142 -5 -27.8148
v -45.5 25.75 -28.3371
v -45.5 23.05 -28.3371
v -45.91 25.75 -28.1816
v -46.2762 25.75 -27.9404
v -46.5811 25.75 -27.6253
v -46.81 25.75 -27.2513
v -46.9519 25.75 -26.8364
v -45.4694 22.5884 -28.3447
v -45.3751 22.1232 -28.3651
v -45.2171 21.6714 -28.3888
v -45.5 26.4891 -28.3155
v -45.8997 26.6401 -28.1326
v -45.5 27.25 -28.2301
v -45.996 25.9295 -28.1326
v -46.4098 25.948 -27.8148
v -46.3035 26.7323 -27.8148
v -46.0578 27.4876 -27.8148
v -46.3504 27.6117 -27.4006
v -45.9492 28.3569 -27.4006
v -46.116 28.4669 -26.9182
v -45.4203 29.0201 -27.4006
v -45.5647 29.1582 -26.9182
v -44.7814 29.5783 -27.4006
v -44.8989 29.74 -26.9182
v -44.0532 30.0134 -27.4006
v -44.1399 30.1934 -26.9182
v -43.2589 30.3115 -27.4006
v -43.3121 30.5041 -26.9182
v -42.4242 30.463 -27.4006
v -42.4421 30.662 -26.9182
v -42.3957 30.1464 -27.8148
v -43.1743 30.0051 -27.8148
v -43.9153 29.7271 -27.8148
v -44.5946 29.3212 -27.8148
v -45.1906 28.8005 -27.8148
v -45.684 28.1818 -27.8148
v -45.4625 27.6355 -28.1645
v -45.6767 27.3253 -28.1326
v -46.7273 25.9623 -27.4006
v -46.6134 26.803 -27.4006
v -46.5345 27.6893 -26.9182
v -46.3301 28.25 -26.4006
v -45.8302 28.9639 -26.4006
v -45.2139 29.5802 -26.4006
v -44.5 30.0801 -26.4006
v -43.7101 30.4485 -26.4006
v -42.8682 30.674 -26.4006
v -46.9269 25.9713 -26.9182
v -46.8082 26.8474 -26.9182
v -46.6985 27.4601 -26.4006
v -46.924 26.6182 -26.4006
v -42.3586 29.7339 -28.1326
v -43.0641 29.6058 -28.1326
v -43.7355 29.3539 -28.1326
v -44.2657 29.0976 -28.1075
v -43.8903 29.2115 -28.1637
v -44.6134 28.9114 -28.0697
v -44.9179 28.6605 -28.0567
v -45.1672 28.3547 -28.0704
v -45.3504 28.0089 -28.1084
v -42.7391 29.25 -28.3155
v -43.5 29.25 -28.2301
v 31.5 22.5 -26.9006
v 31.5 22.5 -28.4006
v 28.7 30.75 0.3994
v 29.4822 30.6884 -14.0006
v 30.3514 30.4694 -14.0006
v 31.1675 30.0987 -14.0006
v 31.9044 29.5882 -14.0006
v 32.5382 28.9544 -14.0006
v 30.4101 30.4485 0.3994
v 29.5682 30.674 0.3994
v 31.2 30.0801 0.3994
v 31.9139 29.5802 0.3994
v 32.5302 28.9639 0.3994
v 33.0301 28.25 0.3994
v 33.0487 28.2175 -14.0006
v 33.3985 27.4601 0.3994
v 33.4194 27.4014 -14.0006
v 33.624 26.6182 0.3994
v 33.6384 26.5322 -14.0006
v -42 30.75 0.3994
v -46.9384 26.5322 -14.0006
v -46.7194 27.4014 -14.0006
v -46.3487 28.2175 -14.0006
v -45.8382 28.9544 -14.0006
v -45.2044 29.5882 -14.0006
v -46.6985 27.4601 0.3994
v -46.924 26.6182 0.3994
v -46.3301 28.25 0.3994
v -45.8302 28.9639 0.3994
v -45.2139 29.5802 0.3994
v -44.5 30.0801 0.3994
v -44.4675 30.0987 -14.0006
v -43.7101 30.4485 0.3994
v -43.6514 30.4694 -14.0006
v -42.8682 30.674 0.3994
v -42.7822 30.6884 -14.0006
v -44.718 20.8449 -28.4006
v -44.3825 20.4861 -28.4006
v -44 5 -28.4006
v -44 20.1777 -28.4006
v 29.3335 28.3685 -28.4006
v -3.3 27.75 -28.4006
v 29.2337 28.0664 -28.4006
v 29.2 27.75 -28.4006
v -3.3 24.55 -28.4006
v -5.2393 25.6107 -28.4006
v -5.001 25.3 -28.4006
v -4.8511 24.9382 -28.4006
v -4.8 24.55 -28.4006
v -4.8511 24.1618 -28.4006
v -3.3752 23.8824 -28.4006
v -5.001 23.8 -28.4006
v -5.2393 23.4893 -28.4006
v -3.5971 23.2483 -28.4006
v -5.55 23.251 -28.4006
v -5.9118 23.1011 -28.4006
v -3.9545 22.6795 -28.4006
v -6.3 23.05 -28.4006
v -8.6455 22.6795 -28.4006
v -6.6882 23.1011 -28.4006
v -9.0029 23.2483 -28.4006
v -7.05 23.251 -28.4006
v -7.3607 23.4893 -28.4006
v -4.4295 22.2045 -28.4006
v -8.1705 22.2045 -28.4006
v -4.9984 21.8471 -28.4006
v -7.6017 21.8471 -28.4006
v -5.6324 21.6252 -28.4006
v -6.9676 21.6252 -28.4006
v -6.3 21.55 -28.4006
v -9.2248 23.8824 -28.4006
v -7.599 23.8 -28.4006
v -7.7489 24.1618 -28.4006
v -9.3 24.55 -28.4006
v -7.8 24.55 -28.4006
v -7.7489 24.9382 -28.4006
v -9.3 27.75 -28.4006
v -7.3607 25.6107 -28.4006
v -7.05 25.849 -28.4006
v -6.6882 25.9989 -28.4006
v -6.3 26.05 -28.4006
v -37.0949 28.468 -28.4006
v -36.7361 28.1325 -28.4006
v -36.4277 27.75 -28.4006
v -5.55 25.849 -28.4006
v -5.9118 25.9989 -28.4006
v -7.599 25.3 -28.4006
v 30.7 5 -28.4006
v 31.0164 26.2837 -28.4006
v 30.7 26.25 -28.4006
v 31.3185 26.3835 -28.4006
v -44.8 -17.5 -26.9006
v -42.6335 -28.3685 -28.4006
v -9.3 -27.75 -28.4006
v -42.5337 -28.0664 -28.4006
v -42.5 -27.75 -28.4006
v -9.3 -24.55 -28.4006
v -7.3607 -25.6107 -28.4006
v -7.599 -25.3 -28.4006
v -7.7489 -24.9382 -28.4006
v -7.8 -24.55 -28.4006
v -7.7489 -24.1618 -28.4006
v -9.2248 -23.8824 -28.4006
v -7.599 -23.8 -28.4006
v -7.3607 -23.4893 -28.4006
v -9.0029 -23.2483 -28.4006
v -7.05 -23.251 -28.4006
v -6.6882 -23.1011 -28.4006
v -8.6455 -22.6795 -28.4006
v -6.3 -23.05 -28.4006
v -3.9545 -22.6795 -28.4006
v -5.9118 -23.1011 -28.4006
v -3.5971 -23.2483 -28.4006
v -5.55 -23.251 -28.4006
v -5.2393 -23.4893 -28.4006
v -4.4295 -22.2045 -28.4006
v -8.1705 -22.2045 -28.4006
v -4.9984 -21.8471 -28.4006
v -7.6017 -21.8471 -28.4006
v -5.6324 -21.6252 -28.4006
v -6.9676 -21.6252 -28.4006
v -6.3 -21.55 -28.4006
v -3.3752 -23.8824 -28.4006
v -5.001 -23.8 -28.4006
v -4.8511 -24.1618 -28.4006
v -3.3 -24.55 -28.4006
v -4.8 -24.55 -28.4006
v -4.8511 -24.9382 -28.4006
v -3.3 -27.75 -28.4006
v -5.2393 -25.6107 -28.4006
v -5.55 -25.849 -28.4006
v -5.9118 -25.9989 -28.4006
v -6.3 -26.05 -28.4006
v 23.7949 -28.468 -28.4006
v 23.4361 -28.1325 -28.4006
v 23.1277 -27.75 -28.4006
v -5.001 -25.3 -28.4006
v -7.05 -25.849 -28.4006
v -6.6882 -25.9989 -28.4006
v -44 -5 -27.9006
v -44 -5 -27.4006
v 22.7735 19.2926 -22.9006
v 22.7735 19.2926 -27.9006
v 22.45 19.25 -22.9006
v 23.075 19.4175 -27.9006
v 23.075 19.4175 -22.9006
v 23.3339 19.6161 -27.9006
v 23.3339 19.6161 -22.9006
v 23.5325 19.875 -27.9006
v 23.5325 19.875 -22.9006
v 23.6574 20.1765 -27.9006
v 23.6574 20.1765 -22.9006
v 23.7 20.5 -27.9006
v 23.7 20.5 -22.9006
v 23.6574 20.8235 -27.9006
v 23.6574 20.8235 -22.9006
v 23.5325 21.125 -27.9006
v 23.5325 21.125 -22.9006
v 23.3339 21.3839 -27.9006
v 23.3339 21.3839 -22.9006
v 23.075 21.5825 -27.9006
v 23.075 21.5825 -22.9006
v 22.7735 21.7074 -27.9006
v 22.7735 21.7074 -22.9006
v 22.45 21.75 -27.9006
v 22.45 21.75 -22.9006
v 22.1265 21.7074 -27.9006
v 22.1265 21.7074 -22.9006
v 21.825 21.5825 -27.9006
v 21.825 21.5825 -22.9006
v 21.5661 21.3839 -27.9006
v 21.5661 21.3839 -22.9006
v 21.3675 21.125 -27.9006
v 21.3675 21.125 -22.9006
v 21.2426 20.8235 -27.9006
v 21.2426 20.8235 -22.9006
v 21.2 20.5 -27.9006
v 21.2 20.5 -22.9006
v 21.2426 20.1765 -27.9006
v 21.2426 20.1765 -22.9006
v 21.3675 19.875 -27.9006
v 21.3675 19.875 -22.9006
v 21.5661 19.6161 -27.9006
v 21.5661 19.6161 -22.9006
v 21.825 19.4175 -27.9006
v 21.825 19.4175 -22.9006
v 22.1265 19.2926 -27.9006
v 22.1265 19.2926 -22.9006
v 22.45 19.25 -27.9006
v -35.4265 -21.7074 -22.9006
v -35.4265 -21.7074 -27.9006
v -35.75 -21.75 -22.9006
v -35.125 -21.5825 -27.9006
v -35.125 -21.5825 -22.9006
v -34.8661 -21.3839 -27.9006
v -34.8661 -21.3839 -22.9006
v -34.6675 -21.125 -27.9006
v -34.6675 -21.125 -22.9006
v -34.5426 -20.8235 -27.9006
v -34.5426 -20.8235 -22.9006
v -34.5 -20.5 -27.9006
v -34.5 -20.5 -22.9006
v -34.5426 -20.1765 -27.9006
v -34.5426 -20.1765 -22.9006
v -34.6675 -19.875 -27.9006
v -34.6675 -19.875 -22.9006
v -34.8661 -19.6161 -27.9006
v -34.8661 -19.6161 -22.9006
v -35.125 -19.4175 -27.9006
v -35.125 -19.4175 -22.9006
v -35.4265 -19.2926 -27.9006
v -35.4265 -19.2926 -22.9006
v -35.75 -19.25 -27.9006
v -35.75 -19.25 -22.9006
v -36.0735 -19.2926 -27.9006
v -36.0735 -19.2926 -22.9006
v -36.375 -19.4175 -27.9006
v -36.375 -19.4175 -22.9006
v -36.6339 -19.6161 -27.9006
v -36.6339 -19.6161 -22.9006
v -36.8325 -19.875 -27.9006
v -36.8325 -19.875 -22.9006
v -36.9574 -20.1765 -27.9006
v -36.9574 -20.1765 -22.9006
v -37 -20.5 -27.9006
v -37 -20.5 -22.9006
v -36.9574 -20.8235 -27.9006
v -36.9574 -20.8235 -22.9006
v -36.8325 -21.125 -27.9006
v -36.8325 -21.125 -22.9006
v -36.6339 -21.3839 -27.9006
v -36.6339 -21.3839 -22.9006
v -36.375 -21.5825 -27.9006
v -36.375 -21.5825 -22.9006
v -36.0735 -21.7074 -27.9006
v -36.0735 -21.7074 -22.9006
v -35.75 -21.75 -27.9006
v -44 5 -27.9006
v -44 5 -27.4006
v 30.7 5 -27.9006
v 30.7 5 -27.4006
v 30.7 -5 -27.9006
v 30.7 -5 -27.4006
v -44 20.1777 -27.9006
v -44 -26.25 -27.9006
v 30.7 26.25 -27.9006
v 30.7 -20.1777 -27.9006
v -10.3 -26.15 -25.3006
v -10.3 -26.15 -27.9006
v -41.5 -26.15 -25.3006
v -41.5 -26.15 -27.9006
v -42.5 -25.15 -27.9006
v -42.5 -25.15 -25.3006
v -42.4659 -25.4088 -27.9006
v -42.4659 -25.4088 -25.3006
v -42.366 -25.65 -27.9006
v -42.366 -25.65 -25.3006
v -42.2071 -25.8571 -27.9006
v -42.2071 -25.8571 -25.3006
v -42 -26.016 -27.9006
v -42 -26.016 -25.3006
v -41.7588 -26.1159 -27.9006
v -41.7588 -26.1159 -25.3006
v -42.5 16.35 -25.3006
v -42.5 16.35 -27.9006
v -40.5 16.35 -27.9006
v -40.5 16.35 -25.3006
v -40.5341 16.6088 -27.9006
v -40.5341 16.6088 -25.3006
v -40.634 16.85 -27.9006
v -40.634 16.85 -25.3006
v -40.7929 17.0571 -27.9006
v -40.7929 17.0571 -25.3006
v -41 17.216 -27.9006
v -41 17.216 -25.3006
v -41.2412 17.3159 -27.9006
v -41.2412 17.3159 -25.3006
v -41.5 17.35 -27.9006
v -41.5 17.35 -25.3006
v -41.7588 17.3159 -27.9006
v -41.7588 17.3159 -25.3006
v -42 17.216 -27.9006
v -42 17.216 -25.3006
v -42.2071 17.0571 -27.9006
v -42.2071 17.0571 -25.3006
v -42.366 16.85 -27.9006
v -42.366 16.85 -25.3006
v -42.4659 16.6088 -27.9006
v -42.4659 16.6088 -25.3006
v -40.5 -23.15 -25.3006
v -40.5 -23.15 -27.9006
v -39.5 -24.15 -27.9006
v -39.5 -24.15 -25.3006
v -39.7588 -24.1159 -27.9006
v -39.7588 -24.1159 -25.3006
v -40 -24.016 -27.9006
v -40 -24.016 -25.3006
v -40.2071 -23.8571 -27.9006
v -40.2071 -23.8571 -25.3006
v -40.366 -23.65 -27.9006
v -40.366 -23.65 -25.3006
v -40.4659 -23.4088 -27.9006
v -40.4659 -23.4088 -25.3006
v -10.3 -24.15 -25.3006
v -10.3 -24.15 -27.9006
v -10.0412 -26.1159 -27.9006
v -10.0412 -26.1159 -25.3006
v -9.8 -26.016 -27.9006
v -9.8 -26.016 -25.3006
v -9.5929 -25.8571 -27.9006
v -9.5929 -25.8571 -25.3006
v -9.434 -25.65 -27.9006
v -9.434 -25.65 -25.3006
v -9.3341 -25.4088 -27.9006
v -9.3341 -25.4088 -25.3006
v -9.3 -25.15 -27.9006
v -9.3 -25.15 -25.3006
v -9.3341 -24.8912 -27.9006
v -9.3341 -24.8912 -25.3006
v -9.434 -24.65 -27.9006
v -9.434 -24.65 -25.3006
v -9.5929 -24.4429 -27.9006
v -9.5929 -24.4429 -25.3006
v -9.8 -24.284 -27.9006
v -9.8 -24.284 -25.3006
v -10.0412 -24.1841 -27.9006
v -10.0412 -24.1841 -25.3006
v 29.2 25.15 -27.9006
v 29.2 25.15 -25.3006
v 29.1659 25.4088 -27.9006
v 29.1659 25.4088 -25.3006
v 29.066 25.65 -27.9006
v 29.066 25.65 -25.3006
v 28.9071 25.8571 -27.9006
v 28.9071 25.8571 -25.3006
v 28.7 26.016 -27.9006
v 28.7 26.016 -25.3006
v 28.4588 26.1159 -27.9006
v 28.4588 26.1159 -25.3006
v 28.2 26.15 -27.9006
v 28.2 26.15 -25.3006
v 29.2 -16.35 -25.3006
v 29.2 -16.35 -27.9006
v 27.2 -16.35 -27.9006
v 27.2 -16.35 -25.3006
v 27.2341 -16.6088 -27.9006
v 27.2341 -16.6088 -25.3006
v 27.334 -16.85 -27.9006
v 27.334 -16.85 -25.3006
v 27.4929 -17.0571 -27.9006
v 27.4929 -17.0571 -25.3006
v 27.7 -17.216 -27.9006
v 27.7 -17.216 -25.3006
v 27.9412 -17.3159 -27.9006
v 27.9412 -17.3159 -25.3006
v 28.2 -17.35 -27.9006
v 28.2 -17.35 -25.3006
v 28.4588 -17.3159 -27.9006
v 28.4588 -17.3159 -25.3006
v 28.7 -17.216 -27.9006
v 28.7 -17.216 -25.3006
v 28.9071 -17.0571 -27.9006
v 28.9071 -17.0571 -25.3006
v 29.066 -16.85 -27.9006
v 29.066 -16.85 -25.3006
v 29.1659 -16.6088 -27.9006
v 29.1659 -16.6088 -25.3006
v 27.2 23.15 -25.3006
v 27.2 23.15 -27.9006
v 26.2 24.15 -27.9006
v 26.2 24.15 -25.3006
v 26.4588 24.1159 -27.9006
v 26.4588 24.1159 -25.3006
v 26.7 24.016 -27.9006
v 26.7 24.016 -25.3006
v 26.9071 23.8571 -27.9006
v 26.9071 23.8571 -25.3006
v 27.066 23.65 -27.9006
v 27.066 23.65 -25.3006
v 27.1659 23.4088 -27.9006
v 27.1659 23.4088 -25.3006
v -2.3 24.15 -25.3006
v -2.3 24.15 -27.9006
v -2.3 26.15 -27.9006
v -2.3 26.15 -25.3006
v -2.5588 26.1159 -27.9006
v -2.5588 26.1159 -25.3006
v -2.8 26.016 -27.9006
v -2.8 26.016 -25.3006
v -3.0071 25.8571 -27.9006
v -3.0071 25.8571 -25.3006
v -3.166 25.65 -27.9006
v -3.166 25.65 -25.3006
v -3.2659 25.4088 -27.9006
v -3.2659 25.4088 -25.3006
v -3.3 25.15 -27.9006
v -3.3 25.15 -25.3006
v -3.2659 24.8912 -27.9006
v -3.2659 24.8912 -25.3006
v -3.166 24.65 -27.9006
v -3.166 24.65 -25.3006
v -3.0071 24.4429 -27.9006
v -3.0071 24.4429 -25.3006
v -2.8 24.284 -27.9006
v -2.8 24.284 -25.3006
v -2.5588 24.1841 -27.9006
v -2.5588 24.1841 -25.3006
v -32.8 26.15 -25.3006
v -32.8 26.15 -27.9006
v -10.3 26.15 -25.3006
v -10.3 26.15 -27.9006
v -10.3 24.15 -27.9006
v -10.3 24.15 -25.3006
v -10.0412 24.1841 -27.9006
v -10.0412 24.1841 -25.3006
v -9.8 24.284 -27.9006
v -9.8 24.284 -25.3006
v -9.5929 24.4429 -27.9006
v -9.5929 24.4429 -25.3006
v -9.434 24.65 -27.9006
v -9.434 24.65 -25.3006
v -9.3341 24.8912 -27.9006
v -9.3341 24.8912 -25.3006
v -9.3 25.15 -27.9006
v -9.3 25.15 -25.3006
v -9.3341 25.4088 -27.9006
v -9.3341 25.4088 -25.3006
v -9.434 25.65 -27.9006
v -9.434 25.65 -25.3006
v -9.5929 25.8571 -27.9006
v -9.5929 25.8571 -25.3006
v -9.8 26.016 -27.9006
v -9.8 26.016 -25.3006
v -10.0412 26.1159 -27.9006
v -10.0412 26.1159 -25.3006
v -32.8 24.15 -25.3006
v -32.8 24.15 -27.9006
v -33.0588 26.1159 -27.9006
v -33.0588 26.1159 -25.3006
v -33.3 26.016 -27.9006
v -33.3 26.016 -25.3006
v -33.5071 25.8571 -27.9006
v -33.5071 25.8571 -25.3006
v -33.666 25.65 -27.9006
v -33.666 25.65 -25.3006
v -33.7659 25.4088 -27.9006
v -33.7659 25.4088 -25.3006
v -33.8 25.15 -27.9006
v -33.8 25.15 -25.3006
v -33.7659 24.8912 -27.9006
v -33.7659 24.8912 -25.3006
v -33.666 24.65 -27.9006
v -33.666 24.65 -25.3006
v -33.5071 24.4429 -27.9006
v -33.5071 24.4429 -25.3006
v -33.3 24.284 -27.9006
v -33.3 24.284 -25.3006
v -33.0588 24.1841 -27.9006
v -33.0588 24.1841 -25.3006
v -2.3 -24.15 -27.9006
v -2.3 -24.15 -25.3006
v -2.5588 -24.1841 -27.9006
v -2.5588 -24.1841 -25.3006
v -2.8 -24.284 -27.9006
v -2.8 -24.284 -25.3006
v -3.0071 -24.4429 -27.9006
v -3.0071 -24.4429 -25.3006
v -3.166 -24.65 -27.9006
v -3.166 -24.65 -25.3006
v -3.2659 -24.8912 -27.9006
v -3.2659 -24.8912 -25.3006
v -3.3 -25.15 -27.9006
v -3.3 -25.15 -25.3006
v -3.2659 -25.4088 -27.9006
v -3.2659 -25.4088 -25.3006
v -3.166 -25.65 -27.9006
v -3.166 -25.65 -25.3006
v -3.0071 -25.8571 -27.9006
v -3.0071 -25.8571 -25.3006
v -2.8 -26.016 -27.9006
v -2.8 -26.016 -25.3006
v -2.5588 -26.1159 -27.9006
v -2.5588 -26.1159 -25.3006
v -2.3 -26.15 -27.9006
v -2.3 -26.15 -25.3006
v 20.2 -24.15 -25.3006
v 20.2 -24.15 -27.9006
v 20.2 -26.15 -27.9006
v 20.2 -26.15 -25.3006
v 20.4588 -26.1159 -27.9006
v 20.4588 -26.1159 -25.3006
v 20.7 -26.016 -27.9006
v 20.7 -26.016 -25.3006
v 20.9071 -25.8571 -27.9006
v 20.9071 -25.8571 -25.3006
v 21.066 -25.65 -27.9006
v 21.066 -25.65 -25.3006
v 21.1659 -25.4088 -27.9006
v 21.1659 -25.4088 -25.3006
v 21.2 -25.15 -27.9006
v 21.2 -25.15 -25.3006
v 21.1659 -24.8912 -27.9006
v 21.1659 -24.8912 -25.3006
v 21.066 -24.65 -27.9006
v 21.066 -24.65 -25.3006
v 20.9071 -24.4429 -27.9006
v 20.9071 -24.4429 -25.3006
v 20.7 -24.284 -27.9006
v 20.7 -24.284 -25.3006
v 20.4588 -24.1841 -27.9006
v 20.4588 -24.1841 -25.3006
v -5.6324 -21.6252 -27.9006
v -5.6324 21.6252 -27.9006
v -6.3 21.55 -27.9006
v -4.9984 21.8471 -27.9006
v -4.4295 22.2045 -27.9006
v -3.9545 22.6795 -27.9006
v -3.5971 23.2483 -27.9006
v -3.3752 23.8824 -27.9006
v -3.3 24.55 -27.9006
v -8.6455 -22.6795 -27.9006
v -9.0029 -23.2483 -27.9006
v -9.2248 -23.8824 -27.9006
v -9.3 -24.55 -27.9006
v -8.1705 -22.2045 -27.9006
v -7.6017 -21.8471 -27.9006
v -6.9676 -21.6252 -27.9006
v -6.9676 21.6252 -27.9006
v -6.3 -21.55 -27.9006
v -7.6017 21.8471 -27.9006
v -8.1705 22.2045 -27.9006
v 23.0845 -23.8135 -27.9006
v 23.5251 -23.2751 -27.9006
v 22.7591 -24.4284 -27.9006
v 22.5618 -25.0954 -27.9006
v 22.5002 -25.7884 -27.9006
v 22.5769 -26.4798 -27.9006
v 22.7889 -27.1424 -27.9006
v 23.1277 -27.75 -27.9006
v -3.3 -27.75 -27.9006
v 26.2251 -20.5751 -27.9006
v 26.7635 -20.1345 -27.9006
v 27.3784 -19.8091 -27.9006
v 28.0454 -19.6117 -27.9006
v 28.7384 -19.5502 -27.9006
v 29.4298 -19.6269 -27.9006
v 30.0924 -19.8389 -27.9006
v 30.3118 26.3011 -27.9006
v 29.95 26.451 -27.9006
v 29.6393 26.6893 -27.9006
v 29.401 27 -27.9006
v 29.2511 27.3618 -27.9006
v 29.2 27.75 -27.9006
v -3.3 27.75 -27.9006
v -3.9545 -22.6795 -27.9006
v -3.5971 -23.2483 -27.9006
v -3.3752 -23.8824 -27.9006
v -3.3 -24.55 -27.9006
v -4.4295 -22.2045 -27.9006
v -4.9984 -21.8471 -27.9006
v -8.6455 22.6795 -27.9006
v -9.0029 23.2483 -27.9006
v -9.2248 23.8824 -27.9006
v -39.5251 20.5751 -27.9006
v -40.0635 20.1345 -27.9006
v -40.6784 19.8091 -27.9006
v -41.3454 19.6117 -27.9006
v -42.0384 19.5502 -27.9006
v -42.7298 19.6269 -27.9006
v -43.3924 19.8389 -27.9006
v -43.6118 -26.3011 -27.9006
v -43.25 -26.451 -27.9006
v -42.9393 -26.6893 -27.9006
v -42.701 -27 -27.9006
v -42.5511 -27.3618 -27.9006
v -42.5 -27.75 -27.9006
v -9.3 -27.75 -27.9006
v -36.3845 23.8135 -27.9006
v -36.8251 23.2751 -27.9006
v -36.0591 24.4284 -27.9006
v -35.8617 25.0954 -27.9006
v -35.8002 25.7884 -27.9006
v -35.8769 26.4798 -27.9006
v -36.0889 27.1424 -27.9006
v -36.4277 27.75 -27.9006
v -9.3 27.75 -27.9006
v -9.3 24.55 -27.9006
v -5.9118 23.1011 -27.1506
v -6.3 23.05 -27.1506
v -5.55 23.251 -27.1506
v -5.2393 23.4893 -27.1506
v -5.001 23.8 -27.1506
v -4.8511 24.1618 -27.1506
v -4.8 24.55 -27.1506
v -4.8511 24.9382 -27.1506
v -5.001 25.3 -27.1506
v -5.2393 25.6107 -27.1506
v -5.55 25.849 -27.1506
v -5.9118 25.9989 -27.1506
v -6.3 26.05 -27.1506
v -6.6882 25.9989 -27.1506
v -7.05 25.849 -27.1506
v -7.3607 25.6107 -27.1506
v -7.599 25.3 -27.1506
v -7.7489 24.9382 -27.1506
v -7.8 24.55 -27.1506
v -7.7489 24.1618 -27.1506
v -7.599 23.8 -27.1506
v -7.3607 23.4893 -27.1506
v -7.05 23.251 -27.1506
v -6.6882 23.1011 -27.1506
v -5.9118 -25.9989 -27.1506
v -6.3 -26.05 -27.1506
v -5.55 -25.849 -27.1506
v -5.2393 -25.6107 -27.1506
v -5.001 -25.3 -27.1506
v -4.8511 -24.9382 -27.1506
v -4.8 -24.55 -27.1506
v -4.8511 -24.1618 -27.1506
v -5.001 -23.8 -27.1506
v -5.2393 -23.4893 -27.1506
v -5.55 -23.251 -27.1506
v -5.9118 -23.1011 -27.1506
v -6.3 -23.05 -27.1506
v -6.6882 -23.1011 -27.1506
v -7.05 -23.251 -27.1506
v -7.3607 -23.4893 -27.1506
v -7.599 -23.8 -27.1506
v -7.7489 -24.1618 -27.1506
v -7.8 -24.55 -27.1506
v -7.7489 -24.9382 -27.1506
v -7.599 -25.3 -27.1506
v -7.3607 -25.6107 -27.1506
v -7.05 -25.849 -27.1506
v -6.6882 -25.9989 -27.1506
v 31.0882 26.3011 -30.4006
v 30.7 26.25 -30.4006
v 31.45 26.451 -30.4006
v 31.7607 26.6893 -30.4006
v 31.999 27 -30.4006
v 32.1489 27.3618 -30.4006
v 32.2 27.75 -30.4006
v 32.1489 28.1382 -30.4006
v 31.999 28.5 -30.4006
v 31.7607 28.8107 -30.4006
v 31.45 29.049 -30.4006
v 31.0882 29.1989 -30.4006
v 30.7 29.25 -30.4006
v 30.3118 29.1989 -30.4006
v 29.95 29.049 -30.4006
v 29.6393 28.8107 -30.4006
v 29.401 28.5 -30.4006
v 29.2511 28.1382 -30.4006
v 29.2 27.75 -30.4006
v 29.2511 27.3618 -30.4006
v 29.401 27 -30.4006
v 29.6393 26.6893 -30.4006
v 29.95 26.451 -30.4006
v 30.3118 26.3011 -30.4006
v -43.6118 -29.1989 -30.4006
v -44 -29.25 -30.4006
v -43.25 -29.049 -30.4006
v -42.9393 -28.8107 -30.4006
v -42.701 -28.5 -30.4006
v -42.5511 -28.1382 -30.4006
v -42.5 -27.75 -30.4006
v -42.5511 -27.3618 -30.4006
v -42.701 -27 -30.4006
v -42.9393 -26.6893 -30.4006
v -43.25 -26.451 -30.4006
v -43.6118 -26.3011 -30.4006
v -44 -26.25 -30.4006
v -44.3882 -26.3011 -30.4006
v -44.75 -26.451 -30.4006
v -45.0607 -26.6893 -30.4006
v -45.299 -27 -30.4006
v -45.4489 -27.3618 -30.4006
v -45.5 -27.75 -30.4006
v -45.4489 -28.1382 -30.4006
v -45.299 -28.5 -30.4006
v -45.0607 -28.8107 -30.4006
v -44.75 -29.049 -30.4006
v -44.3882 -29.1989 -30.4006
v 30.2 -29.25 -30.4006
v 30.7176 -29.1819 -30.4006
v 31.2 -28.982 -30.4006
v 31.6142 -28.6642 -30.4006
v 31.9321 -28.25 -30.4006
v 32.1319 -27.7676 -30.4006
v 32.2 -27.25 -30.4006
v 30.1217 -24.4567 -30.4006
v 30.4395 -24.0425 -30.4006
v 32.2 -23.05 -30.4006
v 30.6393 -23.5602 -30.4006
v 30.7075 -23.0425 -30.4006
v 32.12 -22.306 -30.4006
v 30.6393 -22.5249 -30.4006
v 31.8837 -21.596 -30.4006
v 30.4395 -22.0425 -30.4006
v 31.5019 -20.9525 -30.4006
v 30.1217 -21.6283 -30.4006
v 30.992 -20.4049 -30.4006
v 29.7075 -21.3105 -30.4006
v 30.3774 -19.9781 -30.4006
v 29.2251 -21.1107 -30.4006
v 29.6861 -19.6918 -30.4006
v 28.9497 -19.5589 -30.4006
v 26 -29.25 -30.4006
v 26.9498 -27.5323 -30.4006
v 26.4674 -27.7321 -30.4006
v 25.9497 -27.8003 -30.4006
v 25.256 -29.17 -30.4006
v 25.4321 -27.7321 -30.4006
v 24.5461 -28.9337 -30.4006
v 24.9498 -27.5323 -30.4006
v 23.9025 -28.5519 -30.4006
v 24.5355 -27.2145 -30.4006
v 23.3549 -28.042 -30.4006
v 24.2177 -26.8003 -30.4006
v 22.9281 -27.4274 -30.4006
v 24.0179 -26.3179 -30.4006
v 22.6418 -26.7361 -30.4006
v 22.5089 -25.9997 -30.4006
v 23.9497 -25.8002 -30.4006
v 22.5356 -25.2519 -30.4006
v 24.0179 -25.2826 -30.4006
v 22.7207 -24.5269 -30.4006
v 24.2177 -24.8003 -30.4006
v 23.0556 -23.8578 -30.4006
v 24.5355 -24.386 -30.4006
v 23.5251 -23.2751 -30.4006
v 27.2933 -21.6283 -30.4006
v 26.2251 -20.5751 -30.4006
v 26.8078 -20.1056 -30.4006
v 27.7075 -21.3105 -30.4006
v 27.4769 -19.7707 -30.4006
v 28.1898 -21.1107 -30.4006
v 28.2019 -19.5856 -30.4006
v 28.7075 -21.0425 -30.4006
v 27.364 -27.2145 -30.4006
v -37.5605 24.7575 11.5994
v -37.5605 24.7575 1.0994
v -37.8783 24.3432 11.5994
v -37.3607 25.2398 1.0994
v -37.3607 25.2398 11.5994
v -37.2925 25.7575 1.0994
v -37.2925 25.7575 -9.4006
v -37.3607 26.2751 -9.4006
v -37.3607 26.2751 -19.9006
v -37.5605 26.7575 -19.9006
v -37.5605 26.7575 -30.4006
v -37.8783 27.1717 -30.4006
v -37.3607 26.2751 -30.4006
v -37.2925 25.7575 -19.9006
v -37.3607 25.2398 -9.4006
v -37.2925 25.7575 11.5994
v -37.3607 26.2751 1.0994
v -37.5605 26.7575 -9.4006
v -37.8783 27.1717 -19.9006
v -38.2925 27.4895 -30.4006
v -37.3607 26.2751 11.5994
v -37.5605 26.7575 1.0994
v -37.8783 27.1717 -9.4006
v -38.2925 27.4895 -19.9006
v -38.7749 27.6893 -30.4006
v -37.5605 26.7575 11.5994
v -37.8783 27.1717 1.0994
v -38.2925 27.4895 -9.4006
v -38.7749 27.6893 -19.9006
v -39.2925 27.7575 -30.4006
v -37.8783 27.1717 11.5994
v -38.2925 27.4895 1.0994
v -38.7749 27.6893 -9.4006
v -39.2925 27.7575 -19.9006
v -39.8102 27.6893 -30.4006
v -38.2925 27.4895 11.5994
v -38.7749 27.6893 1.0994
v -39.2925 27.7575 -9.4006
v -39.8102 27.6893 -19.9006
v -40.2925 27.4895 -30.4006
v -38.7749 27.6893 11.5994
v -39.2925 27.7575 1.0994
v -39.8102 27.6893 -9.4006
v -40.2925 27.4895 -19.9006
v -40.7067 27.1717 -30.4006
v -39.2925 27.7575 11.5994
v -39.8102 27.6893 1.0994
v -40.2925 27.4895 -9.4006
v -39.8102 27.6893 11.5994
v -40.2925 27.4895 1.0994
v -40.7067 27.1717 11.5994
v -40.2925 27.4895 11.5994
v -37.2925 25.7575 -30.4006
v -37.3607 25.2398 -19.9006
v -37.5605 24.7575 -9.4006
v -37.3607 25.2398 -30.4006
v -37.5605 24.7575 -19.9006
v -37.8783 24.3432 -30.4006
v -37.5605 24.7575 -30.4006
v -40.636 21.5855 11.5994
v -40.636 21.5855 -30.4006
v -43.7823 23.9997 11.5994
v -43.7823 23.9997 1.0994
v -43.4645 24.414 11.5994
v -43.9821 23.5174 1.0994
v -43.9821 23.5174 11.5994
v -44.0503 22.9997 1.0994
v -44.0503 22.9997 -9.4006
v -43.9821 22.4821 -9.4006
v -43.9821 22.4821 -19.9006
v -43.7823 21.9997 -19.9006
v -43.7823 21.9997 -30.4006
v -43.4645 21.5855 -30.4006
v -43.9821 22.4821 -30.4006
v -44.0503 22.9997 -19.9006
v -43.9821 23.5174 -9.4006
v -44.0503 22.9997 11.5994
v -43.9821 22.4821 1.0994
v -43.7823 21.9997 -9.4006
v -43.4645 21.5855 -19.9006
v -43.0503 21.2677 -30.4006
v -43.9821 22.4821 11.5994
v -43.7823 21.9997 1.0994
v -43.4645 21.5855 -9.4006
v -43.0503 21.2677 -19.9006
v -42.5679 21.0679 -30.4006
v -43.7823 21.9997 11.5994
v -43.4645 21.5855 1.0994
v -43.0503 21.2677 -9.4006
v -42.5679 21.0679 -19.9006
v -42.0503 20.9997 -30.4006
v -43.4645 21.5855 11.5994
v -43.0503 21.2677 1.0994
v -42.5679 21.0679 -9.4006
v -42.0503 20.9997 -19.9006
v -41.5326 21.0679 -30.4006
v -43.0503 21.2677 11.5994
v -42.5679 21.0679 1.0994
v -42.0503 20.9997 -9.4006
v -41.5326 21.0679 -19.9006
v -41.0503 21.2677 -30.4006
v -42.5679 21.0679 11.5994
v -42.0503 20.9997 1.0994
v -41.5326 21.0679 -9.4006
v -41.0503 21.2677 -19.9006
v -42.0503 20.9997 11.5994
v -41.5326 21.0679 1.0994
v -41.0503 21.2677 -9.4006
v -41.5326 21.0679 11.5994
v -41.0503 21.2677 1.0994
v -41.0503 21.2677 11.5994
v -44.0503 22.9997 -30.4006
v -43.9821 23.5174 -19.9006
v -43.7823 23.9997 -9.4006
v -43.9821 23.5174 -30.4006
v -43.7823 23.9997 -19.9006
v -43.4645 24.414 -30.4006
v -43.7823 23.9997 -30.4006
v 24.2177 -24.8003 11.5994
v 24.2177 -24.8003 1.0994
v 24.5355 -24.386 11.5994
v 24.0179 -25.2826 1.0994
v 24.0179 -25.2826 11.5994
v 23.9497 -25.8002 1.0994
v 23.9497 -25.8002 -9.4006
v 24.0179 -26.3179 -9.4006
v 24.0179 -26.3179 -19.9006
v 24.2177 -26.8003 -19.9006
v 23.9497 -25.8002 -19.9006
v 24.0179 -25.2826 -9.4006
v 23.9497 -25.8002 11.5994
v 24.0179 -26.3179 1.0994
v 24.2177 -26.8003 -9.4006
v 24.5355 -27.2145 -19.9006
v 24.0179 -26.3179 11.5994
v 24.2177 -26.8003 1.0994
v 24.5355 -27.2145 -9.4006
v 24.9498 -27.5323 -19.9006
v 24.2177 -26.8003 11.5994
v 24.5355 -27.2145 1.0994
v 24.9498 -27.5323 -9.4006
v 25.4321 -27.7321 -19.9006
v 24.5355 -27.2145 11.5994
v 24.9498 -27.5323 1.0994
v 25.4321 -27.7321 -9.4006
v 25.9497 -27.8003 -19.9006
v 24.9498 -27.5323 11.5994
v 25.4321 -27.7321 1.0994
v 25.9497 -27.8003 -9.4006
v 26.4674 -27.7321 -19.9006
v 25.4321 -27.7321 11.5994
v 25.9497 -27.8003 1.0994
v 26.4674 -27.7321 -9.4006
v 26.9498 -27.5323 -19.9006
v 25.9497 -27.8003 11.5994
v 26.4674 -27.7321 1.0994
v 26.9498 -27.5323 -9.4006
v 26.4674 -27.7321 11.5994
v 26.9498 -27.5323 1.0994
v 27.364 -27.2145 11.5994
v 26.9498 -27.5323 11.5994
v 24.0179 -25.2826 -19.9006
v 24.2177 -24.8003 -9.4006
v 24.2177 -24.8003 -19.9006
v 27.2933 -21.6283 11.5994
v 30.4395 -24.0425 11.5994
v 30.4395 -24.0425 1.0994
v 30.1217 -24.4567 11.5994
v 30.6393 -23.5602 1.0994
v 30.6393 -23.5602 11.5994
v 30.7075 -23.0425 1.0994
v 30.7075 -23.0425 -9.4006
v 30.6393 -22.5249 -9.4006
v 30.6393 -22.5249 -19.9006
v 30.4395 -22.0425 -19.9006
v 30.7075 -23.0425 -19.9006
v 30.6393 -23.5602 -9.4006
v 30.7075 -23.0425 11.5994
v 30.6393 -22.5249 1.0994
v 30.4395 -22.0425 -9.4006
v 30.1217 -21.6283 -19.9006
v 30.6393 -22.5249 11.5994
v 30.4395 -22.0425 1.0994
v 30.1217 -21.6283 -9.4006
v 29.7075 -21.3105 -19.9006
v 30.4395 -22.0425 11.5994
v 30.1217 -21.6283 1.0994
v 29.7075 -21.3105 -9.4006
v 29.2251 -21.1107 -19.9006
v 30.1217 -21.6283 11.5994
v 29.7075 -21.3105 1.0994
v 29.2251 -21.1107 -9.4006
v 28.7075 -21.0425 -19.9006
v 29.7075 -21.3105 11.5994
v 29.2251 -21.1107 1.0994
v 28.7075 -21.0425 -9.4006
v 28.1898 -21.1107 -19.9006
v 29.2251 -21.1107 11.5994
v 28.7075 -21.0425 1.0994
v 28.1898 -21.1107 -9.4006
v 27.7075 -21.3105 -19.9006
v 28.7075 -21.0425 11.5994
v 28.1898 -21.1107 1.0994
v 27.7075 -21.3105 -9.4006
v 28.1898 -21.1107 11.5994
v 27.7075 -21.3105 1.0994
v 27.7075 -21.3105 11.5994
v 30.6393 -23.5602 -19.9006
v 30.4395 -24.0425 -9.4006
v 30.4395 -24.0425 -19.9006
v -43.5 29.25 -30.4006
v -44.0176 29.1819 -30.4006
v -44.5 28.982 -30.4006
v -44.9142 28.6642 -30.4006
v -45.2321 28.25 -30.4006
v -45.4319 27.7676 -30.4006
v -45.5 27.25 -30.4006
v -36.3556 23.8578 -30.4006
v -36.0207 24.5269 -30.4006
v -35.8356 25.2519 -30.4006
v -35.8089 25.9997 -30.4006
v -35.9418 26.7361 -30.4006
v -36.2281 27.4274 -30.4006
v -36.6549 28.042 -30.4006
v -37.2025 28.5519 -30.4006
v -37.8461 28.9337 -30.4006
v -38.556 29.17 -30.4006
v -39.3 29.25 -30.4006
v -45.5 23.05 -30.4006
v -45.42 22.306 -30.4006
v -45.1837 21.596 -30.4006
v -44.8019 20.9525 -30.4006
v -44.292 20.4049 -30.4006
v -43.6774 19.9781 -30.4006
v -42.9861 19.6918 -30.4006
v -42.2497 19.5589 -30.4006
v -41.5019 19.5856 -30.4006
v -40.7769 19.7707 -30.4006
v -40.1078 20.1056 -30.4006
v -39.5251 20.5751 -30.4006
v -36.8251 23.2751 -30.4006
v -48 -10.55 0.3994
v -48 -10.55 -9.0506
v -48 -10.4731 -10.3222
v -48 -10.2434 -11.5754
v -48 -9.8644 -12.7917
v -48 -9.3416 -13.9534
v -48 -8.6825 -15.0437
v -48 -7.8968 -16.0465
v -48 -6.9959 -16.9474
v -48 -5.9931 -17.733
v -48 -4.9028 -18.3921
v -48 -3.7411 -18.915
v -48 -2.5248 -19.294
v -48 -1.2717 -19.5236
v -48 0 -19.6006
v -48 1.2717 -19.5236
v -48 2.5248 -19.294
v -48 3.7411 -18.915
v -48 4.9028 -18.3921
v -48 5.9931 -17.733
v -48 6.9959 -16.9474
v -48 7.8968 -16.0465
v -48 8.6825 -15.0437
v -48 9.3416 -13.9534
v -48 9.8644 -12.7917
v -48 10.2434 -11.5754
v -48 10.4731 -10.3222
v -48 10.55 -9.0506
v -48 10.55 0.3994
v 36.2 15.75 -19.9006
v 36.2 15.6819 -20.4182
v 36.2 15.4821 -20.9006
v 36.2 15.1642 -21.3148
v 36.2 14.75 -21.6326
v 36.2 14.2676 -21.8324
v 36.2 13.75 -21.9006
v 36.2 13.75 3.0994
v 36.2 15.75 1.0994
v 36.2 -13.75 -21.9006
v 36.2 -15.75 -19.9006
v 36.2 -15.75 1.0994
v 36.2 -13.75 3.0994
v 36.2 15.6819 1.6171
v 36.2 15.4821 2.0994
v 36.2 15.1642 2.5136
v 36.2 14.75 2.8315
v 36.2 14.2676 3.0313
v 36.2 -15.6818 1.6171
v 36.2 -15.482 2.0994
v 36.2 -14.2676 3.0313
v 36.2 -14.75 2.8315
v 36.2 -15.1642 2.5136
v 36.2 -15.6818 -20.4182
v 36.2 -15.482 -20.9006
v 36.2 -15.1642 -21.3148
v 36.2 -14.75 -21.6326
v 36.2 -14.2676 -21.8324
vn 0.2042 0.96 0.1914
vn 0.0398 0.9718 0.2322
vn 0.1883 0.94 0.2846
vn 0.3671 0.9093 0.1958
vn 0.3658 0.8808 0.3007
vn 0.5344 0.8222 0.1959
vn 0.5306 0.7925 0.3007
vn 0.682 0.7046 0.1959
vn 0.675 0.6738 0.3007
vn 0.8043 0.561 0.1959
vn 0.7935 0.5291 0.3007
vn 0.8969 0.3966 0.1957
vn 0.8814 0.3642 0.3007
vn 0.9563 0.2175 0.1955
vn 0.9316 0.1858 0.3125
vn 0.9734 0.0358 0.2264
vn 0.9133 0.0432 0.4049
vn 0.037 0.7895 0.6126
vn 0.1765 0.8587 0.4812
vn 0.0432 0.9133 0.4049
vn 0.1472 0.7104 0.6883
vn 0.0348 0.6351 0.7716
vn 0.1081 0.5155 0.85
vn 0.2734 0.6521 0.7072
vn 0.1948 0.4604 0.8661
vn 0.3953 0.5862 0.7072
vn 0.2809 0.4136 0.8661
vn 0.5021 0.4978 0.7072
vn 0.3561 0.3509 0.8661
vn 0.5896 0.3903 0.7072
vn 0.4178 0.2746 0.8661
vn 0.6544 0.2678 0.7072
vn 0.4633 0.1879 0.8661
vn 0.6807 0.1382 0.7194
vn 0.4792 0.0971 0.8723
vn 0.6351 0.0348 0.7716
vn 0.4525 0.0196 0.8915
vn 0.7895 0.037 0.6126
vn 0.8376 0.1701 0.5191
vn 0.8009 0.3294 0.5001
vn 0.7212 0.4793 0.5001
vn 0.6139 0.6108 0.5001
vn 0.4829 0.7189 0.5001
vn 0.3334 0.7992 0.5001
vn 0.0196 0.4525 0.8915
vn 0.0554 0.2631 0.9632
vn 0.1049 0.2367 0.9659
vn 0.1501 0.2108 0.9659
vn 0.2063 0.1955 0.9588
vn 0.2178 0.1395 0.966
vn 0.2415 0.0932 0.9659
vn 0.2707 0.0516 0.9613
vn 0.2253 0.0107 0.9742
vn 0.0098 0.2448 0.9695
vn 0.0031 0.0506 0.9987
vn 0.0208 0.0743 0.997
vn 0.0378 0.0672 0.997
vn 0.0607 0.0607 0.9963
vn 0.0672 0.0378 0.997
vn 0.0814 0.0215 0.9965
vn 0.0407 0.0016 0.9992
vn 0.2448 -0.0098 0.9695
vn 0.2222 0 0.975
vn 0.0565 -0.004 0.9984
vn 0.4292 0.0002 0.9032
vn 0.4525 -0.0196 0.8915
vn 0.6571 0.0002 0.7538
vn 0.6428 0 0.766
vn 0.8192 0 0.5736
vn 0.9238 0 0.3828
vn 0.9216 -0 0.3881
vn 0.815 -0.0002 0.5795
vn 0.6283 -0.0002 0.778
vn 0.4226 0 0.9063
vn 0.2165 0 0.9763
vn 0.6351 -0.0348 0.7716
vn 0.7895 -0.037 0.6126
vn 0.8396 0.0002 0.5433
vn 0.9133 -0.0432 0.4049
vn 0.9293 0 0.3692
vn 0.9724 -0.0447 0.2289
vn 0.932 0 0.3624
vn 0.3892 -0.0002 0.9211
vn 0.2022 -0 0.9793
vn 0.1951 0 0.9808
vn 0.0014 -0.0412 0.9992
vn 0.0107 -0.2253 0.9742
vn 0.0215 -0.0814 0.9965
vn 0.0516 -0.2707 0.9613
vn 0.0932 -0.2415 0.9659
vn 0.0971 -0.4792 0.8723
vn 0.1879 -0.4633 0.8661
vn 0.1382 -0.6807 0.7194
vn 0.2678 -0.6544 0.7072
vn 0.1701 -0.8376 0.5191
vn 0.3294 -0.8009 0.5001
vn 0.1858 -0.9316 0.3124
vn 0.3642 -0.8814 0.3007
vn 0.2175 -0.9563 0.1955
vn 0.3966 -0.8969 0.1957
vn 0.5291 -0.7935 0.3007
vn 0.561 -0.8043 0.1959
vn 0.6738 -0.675 0.3007
vn 0.6108 -0.6139 0.5001
vn 0.7189 -0.4829 0.5001
vn 0.5862 -0.3953 0.7072
vn 0.6521 -0.2734 0.7072
vn 0.4604 -0.1948 0.8661
vn 0.5155 -0.1081 0.85
vn 0.2631 -0.0554 0.9632
vn 0.0743 -0.0208 0.997
vn 0.2367 -0.1049 0.9659
vn 0.0672 -0.0378 0.997
vn 0.2108 -0.1501 0.9659
vn 0.0607 -0.0607 0.9963
vn 0.1955 -0.2063 0.9588
vn 0.1395 -0.2178 0.966
vn 0.2746 -0.4178 0.8661
vn 0.3903 -0.5896 0.7072
vn 0.0196 -0.4525 0.8915
vn 0.0348 -0.6351 0.7716
vn 0.037 -0.7895 0.6126
vn 0.0432 -0.9133 0.4049
vn 0.0325 -0.9728 0.2294
vn 0.7046 -0.682 0.1959
vn 0.7925 -0.5306 0.3007
vn 0.7992 -0.3334 0.5001
vn 0.7104 -0.1472 0.6883
vn 0.8222 -0.5344 0.1959
vn 0.8808 -0.3658 0.3007
vn 0.8587 -0.1764 0.4812
vn 0.9093 -0.3671 0.1958
vn 0.94 -0.1883 0.2846
vn 0.96 -0.2042 0.1914
vn 0.4136 -0.2809 0.8661
vn 0.4978 -0.5021 0.7072
vn 0.4793 -0.7212 0.5001
vn 0.3509 -0.3561 0.8661
vn 0.0378 -0.0672 0.997
vn -0.0098 -0.2448 0.9695
vn 0 -0.2222 0.975
vn -0.0034 -0.0545 0.9985
vn 0.0002 -0.4292 0.9032
vn -0.0196 -0.4525 0.8915
vn 0.0002 -0.6571 0.7538
vn 0 -0.6428 0.766
vn 0 -0.8192 0.5736
vn 0 -0.932 0.3624
vn 0 -0.9238 0.3828
vn -0 -0.9216 0.3881
vn -0.0002 -0.815 0.5795
vn -0.0002 -0.6283 0.778
vn 0 -0.4226 0.9063
vn -0.0002 -0.3892 0.9211
vn 0 -0.2165 0.9763
vn -0 -0.2022 0.9793
vn 0 -0.1951 0.9808
vn -0.0348 -0.6351 0.7716
vn -0.037 -0.7895 0.6126
vn 0.0002 -0.8396 0.5433
vn -0.0432 -0.9133 0.4049
vn 0 -0.9293 0.3692
vn -0.0398 -0.9718 0.2322
vn -0.0407 -0.0016 0.9992
vn -0.2253 -0.0107 0.9742
vn -0.0814 -0.0215 0.9965
vn -0.2707 -0.0516 0.9613
vn -0.2415 -0.0932 0.9659
vn -0.4792 -0.0971 0.8723
vn -0.4633 -0.1879 0.8661
vn -0.6807 -0.1382 0.7194
vn -0.6544 -0.2678 0.7072
vn -0.8376 -0.1701 0.5191
vn -0.8009 -0.3294 0.5001
vn -0.9316 -0.1858 0.3124
vn -0.8814 -0.3642 0.3007
vn -0.9563 -0.2175 0.1955
vn -0.8969 -0.3966 0.1957
vn -0.7935 -0.5291 0.3007
vn -0.8043 -0.561 0.1958
vn -0.675 -0.6738 0.3007
vn -0.6139 -0.6108 0.5001
vn -0.4829 -0.7189 0.5001
vn -0.3953 -0.5862 0.7072
vn -0.2734 -0.6521 0.7072
vn -0.1948 -0.4604 0.8661
vn -0.1081 -0.5155 0.85
vn -0.0554 -0.2631 0.9632
vn -0.0208 -0.0743 0.997
vn -0.1049 -0.2367 0.9659
vn -0.0378 -0.0672 0.997
vn -0.1501 -0.2108 0.9659
vn -0.0607 -0.0607 0.9963
vn -0.2063 -0.1955 0.9588
vn -0.2178 -0.1395 0.966
vn -0.4178 -0.2746 0.8661
vn -0.5896 -0.3903 0.7072
vn -0.4525 -0.0196 0.8915
vn -0.6351 -0.0348 0.7716
vn -0.7895 -0.037 0.6126
vn -0.9133 -0.0432 0.4049
vn -0.9734 -0.0358 0.2264
vn -0.682 -0.7046 0.1959
vn -0.5306 -0.7925 0.3007
vn -0.3334 -0.7992 0.5001
vn -0.1472 -0.7104 0.6883
vn -0.5344 -0.8222 0.1959
vn -0.3658 -0.8808 0.3007
vn -0.1765 -0.8587 0.4812
vn -0.3671 -0.9093 0.1958
vn -0.1883 -0.94 0.2846
vn -0.2042 -0.96 0.1914
vn -0.2809 -0.4136 0.8661
vn -0.5021 -0.4978 0.7072
vn -0.7212 -0.4793 0.5001
vn -0.3561 -0.3509 0.8661
vn -0.0672 -0.0378 0.997
vn -0.2448 0.0098 0.9695
vn -0.2222 -0 0.975
vn -0.0565 0.004 0.9984
vn -0.4292 -0.0002 0.9032
vn -0.4525 0.0196 0.8915
vn -0.6571 -0.0002 0.7538
vn -0.6428 0 0.766
vn -0.8192 0 0.5736
vn -0.9238 0 0.3828
vn -0.9216 0 0.3881
vn -0.815 0.0002 0.5795
vn -0.6283 0.0002 0.778
vn -0.4226 0 0.9063
vn -0.2165 0 0.9763
vn -0.6351 0.0348 0.7716
vn -0.7895 0.037 0.6126
vn -0.8396 -0.0002 0.5433
vn -0.9133 0.0432 0.4049
vn -0.9293 -0 0.3692
vn -0.9724 0.0447 0.2289
vn -0.932 0 0.3624
vn -0.3892 0.0002 0.9211
vn -0.2022 0 0.9793
vn -0.1951 0 0.9808
vn -0.0015 0.0449 0.999
vn -0.0107 0.2253 0.9742
vn -0.0215 0.0814 0.9965
vn -0.0516 0.2707 0.9613
vn -0.0932 0.2415 0.9659
vn -0.0971 0.4792 0.8723
vn -0.1879 0.4633 0.8661
vn -0.1382 0.6807 0.7194
vn -0.2678 0.6544 0.7072
vn -0.1701 0.8376 0.5191
vn -0.3294 0.8009 0.5001
vn -0.1858 0.9316 0.3124
vn -0.3642 0.8814 0.3007
vn -0.2175 0.9563 0.1955
vn -0.3966 0.8969 0.1957
vn -0.5291 0.7935 0.3007
vn -0.561 0.8043 0.1959
vn -0.6738 0.675 0.3007
vn -0.6108 0.6139 0.5001
vn -0.7189 0.4829 0.5001
vn -0.5862 0.3953 0.7072
vn -0.6521 0.2734 0.7072
vn -0.4604 0.1948 0.8661
vn -0.5155 0.1081 0.85
vn -0.2631 0.0554 0.9632
vn -0.0743 0.0208 0.997
vn -0.2367 0.1049 0.9659
vn -0.0672 0.0378 0.997
vn -0.2108 0.1501 0.966
vn -0.0607 0.0607 0.9963
vn -0.1955 0.2063 0.9588
vn -0.1395 0.2178 0.966
vn -0.2746 0.4178 0.8661
vn -0.3903 0.5896 0.7072
vn -0.0196 0.4525 0.8915
vn -0.0348 0.6351 0.7716
vn -0.037 0.7895 0.6126
vn -0.0432 0.9133 0.4049
vn -0.0325 0.9728 0.2294
vn -0.7046 0.682 0.1959
vn -0.7925 0.5306 0.3007
vn -0.7992 0.3334 0.5001
vn -0.7104 0.1472 0.6883
vn -0.8222 0.5344 0.1959
vn -0.8808 0.3658 0.3007
vn -0.8587 0.1765 0.4812
vn -0.9093 0.3671 0.1958
vn -0.94 0.1883 0.2846
vn -0.96 0.2042 0.1914
vn -0.4136 0.2809 0.8661
vn -0.4978 0.5021 0.7072
vn -0.4793 0.7212 0.5001
vn -0.3509 0.3561 0.8661
vn -0.0378 0.0672 0.997
vn -0 0.2222 0.975
vn -0.0002 0.4292 0.9032
vn -0.0002 0.6571 0.7538
vn 0 0.6428 0.766
vn 0 0.8192 0.5736
vn -0 0.932 0.3624
vn 0 0.9238 0.3828
vn 0 0.9216 0.3881
vn 0.0002 0.815 0.5795
vn 0.0002 0.6283 0.778
vn 0 0.4226 0.9063
vn 0.0002 0.3892 0.9211
vn 0 0.2165 0.9763
vn 0 0.2022 0.9793
vn -0 0.1951 0.9808
vn -0.0002 0.8396 0.5433
vn -0 0.9293 0.3692
vn -0.9939 0.0348 0.1045
vn -0.9974 -0.0435 0.058
vn -0.9854 0.1461 0.0872
vn -0.9439 0.3184 0.087
vn -0.8726 0.4807 0.0869
vn -0.7649 0.6398 0.0745
vn -0.6376 0.7633 0.1042
vn -0.5061 0.8581 0.0869
vn -0.346 0.9342 0.087
vn -0.175 0.9807 0.0872
vn -0.0435 0.9974 0.058
vn 0.0348 0.9939 0.1045
vn 0.1461 0.9854 0.0872
vn 0.3184 0.9439 0.087
vn 0.4807 0.8726 0.0869
vn 0.6398 0.7649 0.0745
vn 0.7633 0.6376 0.1042
vn 0.8581 0.5061 0.0869
vn 0.9342 0.346 0.087
vn 0.9807 0.175 0.0872
vn 0.9981 0.0373 0.0497
vn -0.1543 0.8162 0.5569
vn -0.0396 0.7054 0.7077
vn -0.332 0.7614 0.5569
vn -0.557 0.6984 0.4495
vn 0.2151 0.8023 0.5569
vn 0.0448 0.7983 0.6006
vn 0.3882 0.7343 0.5569
vn 0.4395 0.5511 0.7093
vn 0.3479 0.2774 0.8956
vn 0.7614 0.332 0.5569
vn 0.8162 0.1543 0.5569
vn 0.7054 0.0396 0.7077
vn 0.7983 -0.0448 0.6006
vn 0.8023 -0.2151 0.5569
vn 0.7343 -0.3882 0.5569
vn 0.1885 -0.1503 0.9705
vn 0.557 -0.6984 0.4495
vn 0.332 -0.7614 0.5569
vn 0.1543 -0.8162 0.5569
vn 0.0311 -0.5532 0.8325
vn -0.0501 -0.8927 0.4478
vn -0.2151 -0.8023 0.5569
vn -0.3882 -0.7343 0.5569
vn -0.4395 -0.5511 0.7093
vn -0.3479 -0.2774 0.8956
vn -0.7614 -0.332 0.5569
vn -0.8162 -0.1543 0.5569
vn -0.7054 -0.0396 0.7077
vn -0.7983 0.0448 0.6006
vn -0.8023 0.2151 0.5569
vn -0.7343 0.3882 0.5569
vn -0.1885 0.1503 0.9705
vn 0.9976 -0.0217 0.0653
vn 0.9854 -0.1461 0.0872
vn 0.9439 -0.3184 0.087
vn 0.8726 -0.4807 0.0869
vn 0.7649 -0.6398 0.0745
vn 0.6376 -0.7633 0.1042
vn 0.5061 -0.8581 0.0869
vn 0.346 -0.9342 0.087
vn 0.175 -0.9807 0.0872
vn 0.0435 -0.9974 0.058
vn -0.0348 -0.9939 0.1045
vn -0.1461 -0.9854 0.0872
vn -0.3184 -0.9439 0.087
vn -0.4807 -0.8726 0.0869
vn -0.6398 -0.7649 0.0745
vn -0.7633 -0.6376 0.1042
vn -0.8581 -0.5061 0.0869
vn -0.9342 -0.346 0.087
vn -0.9807 -0.175 0.0872
vn 0.8941 -0.0195 -0.4475
vn 0.814 -0.1681 -0.556
vn 0.656 -0.2607 -0.7083
vn 0.6008 -0.3706 -0.7083
vn 0.4238 -0.3556 -0.833
vn 0.5135 -0.612 -0.6015
vn 0.3944 -0.7316 -0.556
vn 0.222 -0.6701 -0.7083
vn 0.1023 -0.6985 -0.7083
vn 0.0195 -0.4464 -0.8946
vn -0.0349 -0.799 -0.6004
vn -0.1428 -0.6913 -0.7083
vn -0.2607 -0.656 -0.7083
vn -0.4364 -0.7074 -0.556
vn -0.3556 -0.4238 -0.833
vn -0.612 -0.5135 -0.6015
vn -0.6214 -0.335 -0.7083
vn -0.6701 -0.222 -0.7083
vn -0.8224 -0.1204 -0.556
vn -0.4464 -0.0195 -0.8946
vn -0.6237 0.0272 -0.7812
vn -0.0311 -0.5532 0.8325
vn -0.1543 -0.8162 0.5569
vn -0.332 -0.7614 0.5569
vn -0.4318 -0.3443 0.8337
vn -0.5285 -0.2794 0.8016
vn -0.6811 -0.1826 0.7091
vn -0.7983 -0.0448 0.6006
vn -0.0547 -0.7008 0.7113
vn 0.0311 0.5532 0.8325
vn 0.0521 -0.6001 0.7982
vn 0.1543 0.8162 0.5569
vn 0.332 0.7614 0.5569
vn -0.2437 -0.7783 0.5787
vn -0.3637 -0.5751 0.7328
vn 0.4318 0.3443 0.8337
vn -0.4933 -0.4554 0.7411
vn 0.5285 0.2794 0.8016
vn -0.696 -0.365 0.6183
vn -0.5015 -0.1354 0.8545
vn 0.6811 0.1826 0.7091
vn -0.7464 -0.0741 0.6613
vn 0.7983 0.0448 0.6006
vn -0.3565 0.5389 0.7632
vn 0.4459 -0.025 0.8947
vn -0.2406 -0.2425 0.9398
vn -0.8433 0.0557 0.5346
vn 0.6928 -0.131 0.7091
vn -0.7099 0.2258 0.6671
vn 0.6463 -0.2819 0.7091
vn -0.6229 0.4001 0.6722
vn 0.624 -0.4977 0.6024
vn -0.4932 0.5427 0.6798
vn 0.3443 -0.4318 0.8337
vn -0.3323 0.6436 0.6895
vn 0.3296 -0.6234 0.7091
vn -0.1438 0.5407 0.8289
vn 0.1826 -0.6811 0.7091
vn -0.0521 0.6001 0.7982
vn 0.0501 -0.8927 0.4478
vn 0.2406 0.2425 0.9398
vn 0.3565 -0.5389 0.7632
vn -0.4459 0.025 0.8947
vn 0.7464 0.0741 0.6613
vn 0.5015 0.1354 0.8545
vn 0.696 0.365 0.6183
vn 0.4933 0.4554 0.7411
vn 0.8433 -0.0557 0.5346
vn -0.6928 0.131 0.7091
vn 0.7099 -0.2258 0.6671
vn -0.6463 0.2819 0.7091
vn 0.6229 -0.4001 0.6722
vn -0.624 0.4977 0.6024
vn 0.4932 -0.5427 0.6798
vn -0.3443 0.4318 0.8337
vn 0.3323 -0.6436 0.6895
vn -0.3296 0.6234 0.7091
vn 0.1438 -0.5407 0.8289
vn -0.1826 0.6811 0.7091
vn -0.0501 0.8927 0.4478
vn 0.0547 0.7008 0.7113
vn 0.2437 0.7783 0.5787
vn 0.3637 0.5751 0.7328
vn -0.0244 -0.9949 0.0976
vn -0.2568 -0.9659 0.0322
vn -0.458 -0.8871 0.0573
vn -0.4916 -0.8636 0.1118
vn -0.4961 -0.866 0.0621
vn -0.252 -0.9636 0.0895
vn -0.7016 -0.7071 0.0878
vn -0.6973 -0.7048 0.1306
vn -0.8593 -0.5 0.1076
vn -0.8367 -0.5375 0.1048
vn -0.9463 -0.3009 0.1185
vn -0.6702 -0.7374 0.0839
vn -0.8549 -0.4981 0.1451
vn -0.9584 -0.2588 0.12
vn -0.9457 -0.2828 0.1602
vn -0.9795 -0.0487 0.1952
vn 0.9974 -0.0492 -0.0525
vn 0.9649 -0.2333 -0.1208
vn 0.8802 -0.4615 -0.1102
vn 0.7317 -0.6754 -0.0916
vn 0.5333 -0.8433 -0.0668
vn 0.2748 -0.9609 -0.0344
vn 0.8532 -0.5161 -0.076
vn 0.9541 -0.2841 -0.0952
vn 0.6726 -0.7373 -0.063
vn 0.4748 -0.8788 -0.0469
vn 0.283 -0.9588 -0.0241
vn 0.0487 -0.996 0.0751
vn 0.0877 -0.9636 0.2526
vn 0.0353 -0.9588 0.282
vn 0.0621 -0.866 0.4961
vn 0.1042 -0.8636 0.4933
vn 0.0878 -0.7071 0.7016
vn 0.1076 -0.5 0.8593
vn 0.1191 -0.2842 0.9514
vn 0.1768 -0.0585 0.9825
vn 0.12 -0.2588 0.9584
vn 0.1129 -0.0971 0.9889
vn 0.1191 -0.2841 0.9514
vn 0.0322 -0.9659 0.2568
vn 0.063 -0.7373 0.6727
vn 0.0787 -0.5373 0.8397
vn 0.0469 -0.8788 0.4748
vn 0.1131 -0.7042 0.7009
vn 0.1101 -0.4944 0.8622
vn 0.117 -0.2853 0.9513
vn 0.0924 -0.3194 0.9431
vn 0.0241 -0.9587 0.2833
vn 0.194 -0.216 0.9569
vn 0.2519 -0.4097 0.8767
vn 0.1696 -0.4964 0.8513
vn 0.222 -0.6732 0.7054
vn 0.3376 -0.5849 0.7375
vn 0.4215 -0.7303 0.5376
vn 0.4971 -0.5028 0.7072
vn 0.6103 -0.6143 0.5001
vn 0.6385 -0.3688 0.6755
vn 0.7681 -0.4438 0.4617
vn 0.8233 -0.2264 0.5206
vn 0.9254 -0.2538 0.2814
vn 0.9285 -0.0547 0.3672
vn 0.9882 -0.0717 0.1354
vn 0.8019 -0.0449 0.5958
vn 0.6643 -0.1849 0.7242
vn 0.4653 -0.2688 0.8433
vn 0.3499 -0.357 0.8661
vn 0.2462 -0.8314 0.4981
vn 0.4766 -0.826 0.3009
vn 0.682 -0.684 0.2589
vn 0.8453 -0.4885 0.2163
vn 0.9602 -0.2774 0.0316
vn 0.2619 -0.9303 0.2566
vn 0.4991 -0.8651 0.0508
vn 0.7368 -0.6748 0.0424
vn 0.8652 -0.5 0.0385
vn 0.2354 -0.9694 0.0691
vn 0.6201 -0.03 0.7839
vn 0.4586 -0.134 0.8785
vn 0.2722 -0.1567 0.9494
vn 0.3949 -0.0068 0.9187
vn 0.2863 -0.0652 0.9559
vn -0.0668 -0.9695 0.236
vn -0.2477 -0.9306 0.2694
vn -0.0318 -0.8748 0.4835
vn -0.2263 -0.8359 0.5001
vn -0.0252 -0.7068 0.707
vn -0.1866 -0.682 0.7072
vn -0.0076 -0.4999 0.866
vn -0.134 -0.4816 0.8661
vn 0.0022 -0.3087 0.9511
vn -0.0833 -0.2718 0.9587
vn -0.0396 -0.0819 0.9958
vn 0.0638 -0.2037 0.9769
vn -0.1681 -0.0384 0.985
vn -0.237 -0.0977 0.9666
vn -0.2511 -0.1333 0.9588
vn -0.2081 -0.1937 0.9587
vn -0.1508 -0.2409 0.9587
vn -0.5937 -0.0303 0.8041
vn -0.4607 -0.1337 0.8774
vn -0.3641 -0.0069 0.9313
vn -0.6659 -0.185 0.7227
vn -0.7816 -0.0452 0.6221
vn -0.8244 -0.2265 0.5187
vn -0.6142 -0.3502 0.7072
vn -0.7512 -0.4308 0.5001
vn -0.5028 -0.4971 0.7072
vn -0.6143 -0.6103 0.5001
vn -0.3569 -0.6103 0.7072
vn -0.4352 -0.7487 0.5001
vn -0.9157 -0.0549 0.398
vn -0.9218 -0.2473 0.2985
vn -0.8299 -0.4791 0.2858
vn -0.6782 -0.6786 0.2821
vn -0.4796 -0.8328 0.2763
vn -0.2542 -0.4305 0.8661
vn -0.357 -0.35 0.8661
vn -0.4353 -0.2457 0.8661
vn -0.7798 0.6006 0.1766
vn -0.9161 0 0.4011
vn -0.7972 0 0.6037
vn -0.6138 0 0.7895
vn -0.3885 0 0.9214
vn -0.1628 0 0.9867
vn 0.0154 0.7077 0.7064
vn -0.1707 0.3184 0.9325
vn -0.3558 0.5576 0.75
vn -0.1522 0.0001 0.9883
vn -0.1873 0 0.9823
vn -0.5377 0.5576 0.6324
vn -0.9263 0 0.3768
vn -0.6831 0.5576 0.4716
vn -0.6522 0.7101 0.2653
vn 0.0715 0.8947 0.441
vn 0.0244 0.9949 0.0976
vn 0.2568 0.9659 0.0322
vn 0.458 0.8871 0.0573
vn 0.4916 0.8636 0.1118
vn 0.4961 0.866 0.0621
vn 0.252 0.9636 0.0895
vn 0.7016 0.7071 0.0878
vn 0.6973 0.7048 0.1306
vn 0.8593 0.5 0.1076
vn 0.8367 0.5375 0.1048
vn 0.9463 0.3009 0.1185
vn 0.6702 0.7374 0.0839
vn 0.8549 0.4981 0.1451
vn 0.9584 0.2588 0.12
vn 0.9457 0.2828 0.1602
vn 0.9795 0.0487 0.1952
vn -0.9975 0.0547 -0.0444
vn -0.9649 0.2333 -0.1208
vn -0.8802 0.4615 -0.1102
vn -0.7317 0.6754 -0.0916
vn -0.5333 0.8433 -0.0668
vn -0.2748 0.9609 -0.0344
vn -0.8532 0.5161 -0.076
vn -0.9541 0.2841 -0.0952
vn -0.6726 0.7373 -0.063
vn -0.4748 0.8788 -0.0469
vn -0.283 0.9588 -0.0241
vn -0.0487 0.996 0.0751
vn -0.0877 0.9636 0.2526
vn -0.0353 0.9588 0.282
vn -0.0621 0.866 0.4961
vn -0.1042 0.8636 0.4933
vn -0.0878 0.7071 0.7016
vn -0.1076 0.5 0.8593
vn -0.1191 0.2842 0.9514
vn -0.1768 0.0585 0.9825
vn -0.12 0.2588 0.9584
vn -0.1129 0.0971 0.9889
vn -0.1191 0.2841 0.9514
vn -0.0322 0.9659 0.2568
vn -0.065 0.7069 0.7043
vn -0.0801 0.4999 0.8624
vn -0.0455 0.8659 0.4981
vn -0.1131 0.7042 0.7009
vn -0.1101 0.4944 0.8622
vn -0.117 0.2853 0.9513
vn -0.0982 0.3087 0.9461
vn -0.0241 0.9587 0.2833
vn -0.194 0.216 0.9569
vn -0.2519 0.4097 0.8767
vn -0.1696 0.4964 0.8513
vn -0.222 0.6732 0.7054
vn -0.3376 0.5849 0.7375
vn -0.4215 0.7303 0.5376
vn -0.4971 0.5028 0.7072
vn -0.6103 0.6143 0.5001
vn -0.6385 0.3688 0.6755
vn -0.7681 0.4438 0.4617
vn -0.8233 0.2264 0.5206
vn -0.9254 0.2538 0.2814
vn -0.9285 0.0547 0.3672
vn -0.9882 0.0717 0.1354
vn -0.8019 0.0449 0.5958
vn -0.6643 0.1849 0.7242
vn -0.4653 0.2688 0.8433
vn -0.3499 0.357 0.8661
vn -0.2462 0.8314 0.4981
vn -0.4766 0.826 0.3009
vn -0.682 0.684 0.2589
vn -0.8453 0.4885 0.2163
vn -0.9602 0.2774 0.0316
vn -0.2619 0.9303 0.2566
vn -0.4991 0.8651 0.0508
vn -0.7368 0.6748 0.0424
vn -0.8652 0.5 0.0385
vn -0.2354 0.9694 0.0691
vn -0.6201 0.03 0.7839
vn -0.4586 0.134 0.8785
vn -0.2722 0.1567 0.9494
vn -0.3949 0.0068 0.9187
vn -0.2863 0.0652 0.9559
vn 0.0668 0.9695 0.236
vn 0.2477 0.9306 0.2694
vn 0.0434 0.8862 0.4612
vn 0.2263 0.8359 0.5001
vn 0.0271 0.7371 0.6752
vn 0.1866 0.682 0.7072
vn 0.0089 0.5374 0.8433
vn 0.134 0.4816 0.8661
vn -0.0102 0.3195 0.9475
vn 0.0833 0.2718 0.9587
vn 0.0393 0.0819 0.9959
vn -0.0638 0.2037 0.9769
vn 0.1681 0.0384 0.985
vn 0.237 0.0977 0.9666
vn 0.2511 0.1333 0.9588
vn 0.2081 0.1937 0.9587
vn 0.1508 0.2409 0.9587
vn 0.5937 0.0303 0.8041
vn 0.4607 0.1337 0.8774
vn 0.3641 0.0069 0.9313
vn 0.6659 0.185 0.7227
vn 0.7816 0.0452 0.6221
vn 0.8244 0.2265 0.5187
vn 0.6142 0.3502 0.7072
vn 0.7512 0.4308 0.5001
vn 0.5028 0.4971 0.7072
vn 0.6143 0.6103 0.5001
vn 0.3569 0.6103 0.7072
vn 0.4352 0.7487 0.5001
vn 0.9157 0.0549 0.398
vn 0.9218 0.2473 0.2985
vn 0.8299 0.4791 0.2858
vn 0.6782 0.6786 0.2821
vn 0.4796 0.8328 0.2763
vn 0.2542 0.4305 0.8661
vn 0.357 0.35 0.8661
vn 0.4353 0.2457 0.8661
vn 0.7798 -0.6006 0.1766
vn 0.9161 0 0.4011
vn 0.7972 0 0.6037
vn 0.6138 0 0.7895
vn 0.3885 0 0.9214
vn 0.1628 0 0.9867
vn -0.0158 -0.7077 0.7064
vn 0.1707 -0.3184 0.9325
vn 0.3558 -0.5576 0.75
vn 0.1516 -0.0001 0.9884
vn 0.1873 0 0.9823
vn 0.5377 -0.5576 0.6324
vn 0.9263 0 0.3768
vn 0.6831 -0.5576 0.4716
vn 0.6522 -0.7101 0.2653
vn -0.0507 -0.9488 0.3117
vn 0.6986 0.7059 -0.1169
vn 0.2485 0.5688 0.784
vn -0.4493 0.8917 -0.0554
vn -0.1852 0.8318 0.5233
vn 0.4305 0.5564 0.7107
vn 0.3054 0.3175 0.8977
vn -0.307 -0.3175 0.8972
vn -0.4337 -0.5564 0.7087
vn -0.5863 -0.5564 0.5888
vn -0.7069 -0.5564 0.4367
vn -0.7889 -0.5565 0.2607
vn -0.428 -0.8864 0.1762
vn -0.855 -0.5145 -0.065
vn 0.0017 -0.9991 0.0414
vn 0.7071 -0.7047 -0.0585
vn 0.8561 0.5151 -0.0421
vn 0.6652 0.602 0.4416
vn 0.7904 0.5567 0.2557
vn 0.8883 0.4495 0.094
vn 0.4011 0 0.9161
vn 0.6037 0 0.7972
vn 0.7895 0 0.6138
vn 0.9214 0 0.3885
vn 0.9906 0 0.1368
vn 0.9855 -0.0002 0.1697
vn 0.9091 -0.0003 0.4165
vn 0.9867 0 0.1629
vn 0.7734 -0.0004 0.6339
vn 0.5886 -0.0004 0.8084
vn 0.397 -0.0003 0.9178
vn -0.8317 -0.5539 -0.0397
vn -0.9473 -0.3159 0.0522
vn -0.401 0 0.9161
vn -0.6037 0 0.7972
vn -0.7895 0 0.6138
vn -0.9214 0 0.3885
vn -0.9906 0 0.1368
vn -0.9911 0.0008 0.1332
vn -0.9088 0.0003 0.4172
vn -0.7743 0.0004 0.6328
vn -0.9867 0 0.1629
vn -0.5898 0.0004 0.8076
vn -0.3977 0.0003 0.9175
vn -0 0.7071 0.7071
vn -0.2673 -0.8018 0.5345
vn -0.8321 0.5547 0.0012
vn -0.8321 -0.5547 0.0012
vn -0.832 0.5547 0.0046
vn -0.832 -0.5547 0.0046
vn -0.832 0.5546 0.0092
vn -0.832 -0.5546 0.0093
vn -0.2799 0.8344 -0.4748
vn 0.0001 -0.7416 -0.6709
vn 0.0308 -0.7061 -0.7074
vn 0.039 -0.8934 0.4476
vn 0.1387 -0.7868 -0.6015
vn 0.0961 -0.5448 0.833
vn 0.222 -0.6701 0.7083
vn 0.2607 -0.656 -0.7083
vn 0.2841 -0.527 0.801
vn 0.3143 -0.5095 -0.801
vn 0.4378 -0.5538 0.7083
vn 0.4693 -0.5273 -0.7083
vn 0.5273 -0.4693 0.7083
vn 0.5538 -0.4378 -0.7083
vn 0.6008 -0.3706 0.7083
vn 0.6214 -0.335 -0.7083
vn 0.5564 -0.2211 0.801
vn 0.5683 -0.1883 -0.801
vn 0.814 -0.1681 0.556
vn 0.8224 -0.1204 -0.556
vn 0.5987 -0.0349 0.8002
vn 0.7065 -0.0206 -0.7074
vn 0.799 0.0349 0.6004
vn 0.4464 0.0195 -0.8946
vn 0.8802 0.1552 -0.4486
vn 0.695 0.1226 0.7085
vn 0.5683 0.1883 0.801
vn 0.5564 0.2211 -0.801
vn 0.6214 0.335 0.7083
vn 0.6008 0.3706 -0.7083
vn 0.5538 0.4378 0.7083
vn 0.5273 0.4693 -0.7083
vn 0.4693 0.5273 0.7083
vn 0.4378 0.5538 -0.7083
vn 0.3143 0.5095 0.801
vn 0.2841 0.527 -0.801
vn 0.2607 0.656 0.7083
vn 0.222 0.6701 -0.7083
vn 0.1428 0.6913 0.7083
vn 0.1023 0.6985 -0.7083
vn 0.0484 0.8304 0.555
vn 0.0242 0.8315 -0.555
vn -0.0349 0.799 0.6004
vn -0.0242 0.5538 -0.8323
vn -0.1387 0.7868 -0.6015
vn -0.0961 0.5448 0.833
vn -0.222 0.6701 0.7083
vn -0.2607 0.656 -0.7083
vn -0.2841 0.527 0.801
vn -0.3143 0.5095 -0.801
vn -0.4378 0.5538 0.7083
vn -0.4693 0.5273 -0.7083
vn -0.5273 0.4693 0.7083
vn -0.5538 0.4378 -0.7083
vn -0.6008 0.3706 0.7083
vn -0.6214 0.335 -0.7083
vn -0.5564 0.2211 0.801
vn -0.5683 0.1883 -0.801
vn -0.814 0.1681 0.556
vn -0.8224 0.1204 -0.556
vn -0.5987 0.0349 0.8002
vn -0.8315 0.0242 -0.555
vn -0.799 -0.0349 0.6004
vn -0.5538 -0.0242 -0.8323
vn -0.8802 -0.1552 -0.4486
vn -0.695 -0.1226 0.7085
vn -0.5683 -0.1883 0.801
vn -0.5564 -0.2211 -0.801
vn -0.6214 -0.335 0.7083
vn -0.6008 -0.3706 -0.7083
vn -0.5538 -0.4378 0.7083
vn -0.5273 -0.4693 -0.7083
vn -0.4693 -0.5273 0.7083
vn -0.4378 -0.5538 -0.7083
vn -0.3143 -0.5095 0.801
vn -0.2841 -0.527 -0.801
vn -0.2607 -0.656 0.7083
vn -0.222 -0.6701 -0.7083
vn -0.1428 -0.6913 0.7083
vn -0.1023 -0.6985 -0.7083
vn -0.0411 -0.7056 0.7074
vn -0.0206 -0.7065 -0.7074
vn -0.814 0.1681 -0.556
vn -0.656 0.2607 -0.7083
vn -0.6008 0.3706 -0.7083
vn -0.4238 0.3556 -0.833
vn -0.5135 0.612 -0.6015
vn -0.3944 0.7316 -0.556
vn -0.222 0.6701 -0.7083
vn -0.1023 0.6985 -0.7083
vn 0.0308 0.7061 -0.7074
vn 0.8681 0.0108 -0.4963
vn 0.8224 0.1204 -0.556
vn 0.6701 0.222 -0.7083
vn 0.6214 0.335 -0.7083
vn 0.612 0.5135 -0.6015
vn 0.3556 0.4238 -0.833
vn 0.4364 0.7074 -0.556
vn 0.2607 0.656 -0.7083
vn 0.1428 0.6913 -0.7083
vn 0.8326 0.0357 0.5528
vn 0.5554 -0.0357 0.8308
vn 0.7097 -0.1504 0.6883
vn 0.5574 -0.3791 0.7386
vn 0.5573 -0.5557 0.6169
vn 0.5572 -0.6953 0.4541
vn 0.557 -0.7885 0.2609
vn 0.7097 0.1504 0.6883
vn 0.5574 0.3791 0.7386
vn 0.5573 0.5557 0.6169
vn 0.5572 0.6953 0.4541
vn 0.557 0.7885 0.2609
vn 0.9986 -0.0374 -0.0361
vn 0.7062 -0.0293 0.7075
vn 0.9889 -0.1488 0
vn 0.9792 -0.1933 -0.0618
vn 0.9518 -0.3066 0
vn 0.9301 -0.362 -0.0622
vn 0.8826 -0.4701 0
vn 0.8523 -0.5194 -0.0626
vn 0.7855 -0.6189 0
vn 0.748 -0.6607 -0.0631
vn 0.6418 -0.7668 0
vn 0.6302 -0.7727 -0.0763
vn 0.5002 -0.8635 -0.0642
vn 0.6569 -0.2585 0.7083
vn 0.8149 -0.1641 0.556
vn 0.6014 -0.3696 0.7083
vn 0.3556 -0.4238 0.833
vn 0.4352 -0.7081 0.556
vn 0.4701 -0.8826 0
vn 0.2585 -0.6569 0.7083
vn 0.3066 -0.9518 0
vn 0.341 -0.9378 -0.0648
vn 0.173 -0.983 -0.0619
vn 0.1393 -0.6921 0.7082
vn 0.1488 -0.9889 0
vn 0.0506 -0.9978 -0.044
vn 0.0293 -0.7062 0.7075
vn -0.2357 0.2357 0.9428
vn -0.8315 0.023 0.555
vn -0.4474 0.8939 -0.027
vn -0.7078 0.7013 -0.0852
vn -0.7077 0.6893 -0.1552
vn -0.999 0.0325 -0.0323
vn -0.5553 0.7834 -0.2792
vn -0.5553 0.744 -0.3716
vn -0.7077 0.5894 -0.3896
vn -0.9991 -0.0001 -0.0422
vn -0.5553 0.6335 -0.5388
vn -0.5553 0.5639 -0.6112
vn -0.9599 -0.2753 -0.0539
vn -0.7077 0.0142 -0.7064
vn -0.5553 -0.0836 -0.8274
vn -0.7077 -0.1552 -0.6893
vn -0.954 -0.212 -0.212
vn -0.5553 -0.2792 -0.7834
vn -0.5553 -0.3716 -0.744
vn -0.5553 -0.4585 -0.6938
vn -0.5553 -0.5388 -0.6335
vn -0.5553 -0.6112 -0.5639
vn -0.5553 -0.6748 -0.4861
vn -0.7077 -0.6189 -0.3409
vn -0.9526 0.2722 -0.1361
vn -0.5553 -0.7715 -0.3105
vn -0.5553 -0.8033 -0.2153
vn -0.8284 0.5554 -0.0725
vn -0.9976 -0.0457 -0.0525
vn -0.8315 -0.023 0.555
vn -0.7077 -0.6995 -0.0993
vn -0.5549 -0.8313 -0.0335
vn -0.2182 -0.4364 0.8729
vn -0.5553 0.1169 -0.8234
vn -0.5553 0.2153 -0.8033
vn -0.5553 0.3105 -0.7715
vn -0.5553 0.4012 -0.7284
vn -0.5553 0.4861 -0.6748
vn -0.0002 -0.9964 -0.0848
vn -0.0331 -0.799 0.6004
vn -0.0316 -0.9961 -0.0818
vn 0.9979 -0.0142 0.0639
vn 0.9979 -0.0197 -0.0624
vn 0.9979 0.0029 0.0654
vn 0.9979 -0.0352 -0.0552
vn 0.9979 -0.0302 0.0581
vn 0.9979 -0.0483 -0.0442
vn 0.9979 -0.0442 0.0483
vn 0.9979 -0.0581 -0.0302
vn 0.9979 -0.0552 0.0352
vn 0.9979 -0.0639 -0.0142
vn 0.9969 -0.0749 0.0236
vn 0.9952 -0.098 0.0043
vn 0.9979 -0.0029 -0.0654
vn 0.9979 0.0197 0.0624
vn 0.9979 0.0142 -0.0639
vn 0.9979 0.0352 0.0552
vn 0.9979 0.0302 -0.0581
vn 0.9979 0.0483 0.0442
vn 0.9979 0.0442 -0.0483
vn 0.9979 0.0581 0.0302
vn 0.9979 0.0552 -0.0352
vn 0.9979 0.0639 0.0142
vn 0.9969 0.0749 -0.0236
vn 0.9952 0.098 -0.0043
vn -0.1951 -0.2544 0.9472
vn -0 -0.2588 0.9659
vn -0.1951 -0.0006 0.9808
vn 0 -0.5 0.866
vn -0.1951 -0.4909 0.8491
vn 0 -0.7071 0.7071
vn 0.2589 -0.682 0.684
vn 0.2589 -0.8358 0.4842
vn 0.5001 -0.7485 0.4355
vn 0.5001 -0.8357 0.2269
vn 0.7072 -0.6819 0.1869
vn 0.7072 -0.707 0.0041
vn 0.8661 -0.4999 0.005
vn 0.8661 -0.4841 -0.1246
vn 0.9659 -0.2514 -0.0616
vn 0.9659 -0.2269 -0.1245
vn 0.9659 -0.2588 0.0056
vn 0.8661 -0.4816 0.1342
vn 0.7072 -0.6102 0.357
vn 0.5001 -0.6103 0.6143
vn 0.2589 -0.4817 0.8372
vn -0.1951 -0.6939 0.6931
vn -0 -0.866 0.5
vn 0.2589 -0.9326 0.2514
vn 0.5001 -0.866 0.0029
vn 0.7072 -0.6839 -0.1791
vn 0.8661 -0.4354 -0.2456
vn 0.9659 -0.1869 -0.179
vn -0.1951 -0.8497 0.4899
vn 0 -0.9659 0.2588
vn 0.2589 -0.9659 0.0015
vn 0.5001 -0.8372 -0.2214
vn 0.7072 -0.6143 -0.35
vn 0.8661 -0.357 -0.35
vn 0.9659 -0.1342 -0.2213
vn -0.1951 -0.9475 0.2533
vn -0 -1 0
vn 0.2589 -0.9334 -0.2486
vn 0.5001 -0.7514 -0.4305
vn 0.7072 -0.5028 -0.4971
vn 0.8661 -0.2543 -0.4304
vn 0.9659 -0.0724 -0.2485
vn -0.1951 -0.9808 -0.0006
vn -0 -0.9659 -0.2588
vn 0.2589 -0.8372 -0.4817
vn 0.5001 -0.6143 -0.6103
vn 0.7072 -0.357 -0.6102
vn 0.8661 -0.1342 -0.4816
vn 0.9659 -0.0056 -0.2588
vn -0.1951 -0.9472 -0.2544
vn 0 -0.866 -0.5
vn 0.2589 -0.684 -0.682
vn 0.5001 -0.4354 -0.7485
vn 0.7072 -0.1869 -0.6819
vn 0.8661 -0.005 -0.4999
vn 0.9659 0.0616 -0.2514
vn -0.1951 -0.8491 -0.4909
vn 0 -0.7071 -0.7071
vn 0.2589 -0.4842 -0.8358
vn 0.5001 -0.2269 -0.8357
vn 0.7072 -0.0041 -0.707
vn 0.8661 0.1246 -0.4841
vn 0.9659 0.1245 -0.2269
vn -0.1951 -0.6931 -0.6939
vn -0 -0.5 -0.866
vn 0.2589 -0.2514 -0.9326
vn 0.5001 -0.0029 -0.866
vn 0.7072 0.1791 -0.6839
vn 0.8661 0.2456 -0.4354
vn 0.9659 0.179 -0.1869
vn -0.1951 -0.4899 -0.8497
vn 0 -0.2588 -0.9659
vn 0.2589 -0.0015 -0.9659
vn 0.5001 0.2214 -0.8372
vn 0.7072 0.35 -0.6143
vn 0.8661 0.3499 -0.357
vn 0.9659 0.2213 -0.1342
vn -0.1951 -0.2533 -0.9475
vn 0 -0 -1
vn 0.2589 0.2486 -0.9334
vn 0.5001 0.4305 -0.7514
vn 0.7072 0.4971 -0.5028
vn 0.8661 0.4304 -0.2543
vn 0.9659 0.2485 -0.0724
vn -0.1951 0.0006 -0.9808
vn -0 0.2588 -0.9659
vn 0.2589 0.4817 -0.8372
vn 0.5001 0.6103 -0.6143
vn 0.7072 0.6102 -0.357
vn 0.8661 0.4816 -0.1342
vn 0.9659 0.2588 -0.0056
vn -0.1951 0.2544 -0.9472
vn 0 0.5 -0.866
vn 0.2589 0.682 -0.684
vn 0.5001 0.7485 -0.4354
vn 0.7072 0.6819 -0.1869
vn 0.8661 0.4999 -0.005
vn 0.9659 0.2514 0.0616
vn -0.1951 0.4909 -0.8491
vn -0 0.7071 -0.7071
vn 0.2589 0.8358 -0.4842
vn 0.5001 0.8357 -0.2269
vn 0.7072 0.707 -0.0041
vn 0.8661 0.4841 0.1246
vn 0.9659 0.2269 0.1245
vn -0.1951 0.6939 -0.6931
vn -0 0.866 -0.5
vn 0.2589 0.9326 -0.2514
vn 0.5001 0.866 -0.0029
vn 0.7072 0.6839 0.1791
vn 0.8661 0.4354 0.2456
vn 0.9659 0.1869 0.179
vn -0.1951 0.8497 -0.4899
vn 0 0.9659 -0.2588
vn 0.2589 0.9659 -0.0015
vn 0.5001 0.8372 0.2214
vn 0.7072 0.6143 0.35
vn 0.8661 0.357 0.35
vn 0.9659 0.1342 0.2213
vn -0.1951 0.9475 -0.2533
vn 0 1 0
vn 0.2589 0.9334 0.2486
vn 0.5001 0.7514 0.4305
vn 0.7072 0.5028 0.4971
vn 0.8661 0.2543 0.4304
vn 0.9659 0.0724 0.2485
vn -0.1951 0.9808 0.0006
vn -0 0.9659 0.2588
vn 0.2589 0.8372 0.4817
vn 0.5001 0.6143 0.6103
vn 0.7072 0.357 0.6102
vn 0.8661 0.1342 0.4816
vn 0.9659 0.0056 0.2588
vn -0.1951 0.9472 0.2544
vn 0 0.866 0.5
vn 0.2589 0.684 0.682
vn 0.5001 0.4354 0.7485
vn 0.7072 0.1869 0.6819
vn 0.8661 0.005 0.4999
vn 0.9659 -0.0616 0.2514
vn -0.1951 0.8491 0.4909
vn 0.2589 0.4842 0.8358
vn 0.5001 0.2269 0.8357
vn 0.7072 0.0041 0.707
vn 0.8661 -0.1246 0.4841
vn 0.9659 -0.1245 0.2269
vn -0.1951 0.6931 0.6939
vn -0 0.5 0.866
vn 0.2589 0.2514 0.9326
vn 0.5001 0.0029 0.866
vn 0.7072 -0.1791 0.684
vn 0.8661 -0.2456 0.4354
vn 0.9659 -0.179 0.1869
vn -0.1951 0.4899 0.8497
vn 0 0.2588 0.9659
vn 0.2589 0.0015 0.9659
vn 0.5001 -0.2214 0.8372
vn 0.7072 -0.35 0.6143
vn 0.8661 -0.35 0.357
vn 0.9659 -0.2213 0.1342
vn -0.1951 0.2533 0.9475
vn -0 -0 1
vn 0.2589 -0.2486 0.9334
vn 0.5001 -0.4305 0.7514
vn 0.7072 -0.4971 0.5028
vn 0.8661 -0.4304 0.2543
vn 0.9659 -0.2485 0.0724
vn 0.6125 -0.2379 0.7538
vn 0.393 -0.0403 0.9187
vn 0.6125 -0.4249 0.6666
vn 0.6125 -0.5829 0.5339
vn 0.6125 -0.7012 0.3648
vn 0.6125 -0.7717 0.1709
vn 0.7467 -0.6646 -0.0292
vn 0.6125 -0.7538 -0.2379
vn 0.6125 -0.6666 -0.4249
vn 0.6125 -0.5339 -0.5829
vn 0.6125 -0.3648 -0.7012
vn 0.393 -0.1988 -0.8978
vn 0.6125 0.0347 -0.7897
vn 0.6125 0.2379 -0.7538
vn 0.6125 0.4249 -0.6666
vn 0.6125 0.5829 -0.5339
vn 0.6125 0.7012 -0.3648
vn 0.6125 0.7717 -0.1709
vn 0.7467 0.6646 0.0292
vn 0.6125 0.7538 0.2379
vn 0.6125 0.6666 0.4249
vn 0.6125 0.5339 0.5829
vn 0.6125 0.3648 0.7012
vn 0.6125 0.1709 0.7717
vn 0.998 -0.0176 0.0615
vn 0.9979 0 0.0641
vn 0.998 -0.0319 0.0553
vn 0.998 -0.0444 0.046
vn 0.9973 -0.0635 0.0366
vn 0.998 -0.0621 0.0155
vn 0.9971 -0.0766 -0
vn 0.998 -0.0621 -0.0155
vn 0.9973 -0.0635 -0.0366
vn 0.998 -0.0444 -0.046
vn 0.998 -0.0319 -0.0553
vn 0.9985 -0.0151 -0.0527
vn 0.9973 0 -0.0733
vn 0.998 0.0176 -0.0615
vn 0.998 0.0319 -0.0553
vn 0.998 0.0444 -0.046
vn 0.9973 0.0635 -0.0366
vn 0.998 0.0621 -0.0155
vn 0.9971 0.0766 -0
vn 0.998 0.0621 0.0155
vn 0.9973 0.0635 0.0366
vn 0.998 0.0444 0.046
vn 0.998 0.0319 0.0553
vn 0.998 0.0176 0.0615
vn 0.0648 -0.2752 0.9592
vn -0.966 -0.0588 0.2519
vn 0.065 0 0.9979
vn -0.9658 -0.1111 0.2341
vn 0.937 -0.1747 0.3025
vn -0.9658 -0.1582 0.2053
vn -0.8661 -0.2971 0.4021
vn -0.8661 -0.3742 0.3316
vn -0.7072 -0.5276 0.4707
vn -0.7072 -0.6139 0.3507
vn -0.5001 -0.7511 0.431
vn -0.5001 -0.8243 0.2654
vn -0.2589 -0.919 0.2974
vn -0.2589 -0.9607 0.0998
vn -0 -0.9945 0.1045
vn -0 -0.9945 -0.1045
vn 0.2589 -0.9607 -0.0998
vn 0.2589 -0.919 -0.2974
vn 0.5001 -0.8243 -0.2654
vn 0.5001 -0.7511 -0.431
vn 0.7072 -0.6139 -0.3507
vn 0.7072 -0.5276 -0.4707
vn 0.8661 -0.3742 -0.3316
vn 0.8661 -0.2971 -0.4021
vn 0.9658 -0.1582 -0.2053
vn 0.9658 -0.1111 -0.2341
vn 0.9659 -0.1978 -0.1668
vn 0.8661 -0.4349 -0.2465
vn 0.7072 -0.6734 -0.2154
vn 0.5001 -0.8615 -0.0882
vn 0.2589 -0.9605 0.1021
vn -0 -0.9511 0.309
vn -0.2589 -0.8371 0.4819
vn -0.5001 -0.6451 0.5778
vn -0.7072 -0.4182 0.5701
vn -0.8661 -0.207 0.4551
vn 0.0648 -0.6931 0.7179
vn -0.9659 -0.1978 0.1668
vn -0.8661 -0.4349 0.2465
vn -0.7072 -0.6734 0.2154
vn -0.5001 -0.8615 0.0882
vn -0.2589 -0.9605 -0.1021
vn -0 -0.9511 -0.309
vn 0.2589 -0.8371 -0.4819
vn 0.5001 -0.6451 -0.5778
vn 0.7072 -0.4182 -0.5701
vn 0.8661 -0.207 -0.4551
vn 0.966 -0.0588 -0.2519
vn 0.065 -0.8642 0.4989
vn -0.9588 -0.2501 0.135
vn -0.8661 -0.4767 0.1507
vn -0.7072 -0.7035 0.0707
vn -0.5001 -0.861 -0.0928
vn -0.2589 -0.9183 -0.2996
vn 0.2589 -0.7186 -0.6454
vn 0.5001 -0.5109 -0.6992
vn 0.7072 -0.2905 -0.6446
vn 0.8661 -0.1078 -0.4882
vn 0.9588 -0.0081 -0.2841
vn 0.9659 0.0456 -0.2547
vn 0.9658 0.0987 -0.2396
vn 0.9658 0.1472 -0.2132
vn 0.966 0.1888 -0.1769
vn 0.9588 0.242 -0.1491
vn 0.9659 0.2434 -0.0879
vn 0.8661 0.431 -0.2534
vn 0.8661 0.4742 -0.1583
vn 0.7072 0.6107 -0.3563
vn 0.7072 0.6714 -0.2216
vn 0.5001 0.7488 -0.435
vn 0.5001 0.8229 -0.2698
vn 0.2589 0.8359 -0.484
vn 0.2589 0.9183 -0.2996
vn -0 0.9511 -0.309
vn -0.2589 0.8371 -0.4819
vn -0.2589 0.919 -0.2974
vn -0.5001 0.7511 -0.431
vn -0.5001 0.8243 -0.2654
vn -0.7072 0.6139 -0.3507
vn -0.7072 0.6734 -0.2154
vn -0.8661 0.4349 -0.2465
vn -0.8661 0.4767 -0.1507
vn -0.9588 0.2501 -0.135
vn -0.966 0.2476 -0.075
vn 0.065 0.8642 -0.4989
vn 0.0648 0.9683 -0.2413
vn -0.9658 0.2583 -0.0209
vn 0.937 0.3493 -0
vn -0.9658 0.2569 0.0343
vn -0.8661 0.4968 0.0562
vn -0.8661 0.4742 0.1583
vn -0.7072 0.6714 0.2216
vn -0.7072 0.6107 0.3563
vn -0.5001 0.7488 0.435
vn -0.5001 0.642 0.5812
vn -0.2589 0.717 0.6472
vn -0.2589 0.5668 0.7821
vn -0 0.5878 0.809
vn -0 0.4067 0.9135
vn 0.2589 0.394 0.8819
vn 0.2589 0.202 0.9446
vn 0.5001 0.1823 0.8466
vn 0.5001 0.0023 0.866
vn 0.7072 0.0032 0.707
vn 0.7072 -0.1438 0.6923
vn 0.8661 -0.1 0.4898
vn 0.8661 -0.1997 0.4583
vn 0.9658 -0.0987 0.2396
vn 0.9658 -0.1472 0.2132
vn 0.9659 -0.0456 0.2547
vn 0.8661 0.004 0.4999
vn 0.7072 0.1502 0.6909
vn 0.5001 0.3543 0.7902
vn 0.2589 0.5687 0.7807
vn -0 0.7431 0.6691
vn -0.2589 0.8359 0.484
vn -0.5001 0.8229 0.2698
vn -0.7072 0.7028 0.0771
vn -0.8661 0.4976 -0.0483
vn -0.966 -0.2476 0.075
vn -0.8661 -0.4976 0.0483
vn -0.7072 -0.7028 -0.0771
vn -0.5001 -0.8229 -0.2698
vn -0.2589 -0.8359 -0.484
vn -0 -0.7431 -0.6691
vn 0.2589 -0.5687 -0.7807
vn 0.5001 -0.3543 -0.7902
vn 0.7072 -0.1502 -0.6909
vn 0.8661 -0.004 -0.4999
vn 0.937 -0.3493 -0
vn -0.9658 -0.2583 0.0209
vn 0.0648 -0.9683 0.2413
vn -0.9658 -0.2569 -0.0343
vn 0.0648 -0.9683 -0.2413
vn -0.9659 -0.2434 -0.0879
vn -0.8661 -0.4742 -0.1583
vn -0.8661 -0.431 -0.2534
vn -0.7072 -0.6107 -0.3563
vn -0.7072 -0.5233 -0.4755
vn -0.5001 -0.642 -0.5812
vn -0.5001 -0.5072 -0.7019
vn -0.2589 -0.5668 -0.7821
vn -0.2589 -0.3918 -0.8829
vn -0 -0.4067 -0.9135
vn -0 -0.2079 -0.9781
vn 0.2589 -0.202 -0.9446
vn 0.2589 -0.0012 -0.9659
vn 0.5001 -0.0023 -0.866
vn 0.5001 0.1778 -0.8475
vn 0.7072 0.1438 -0.6923
vn 0.7072 0.2846 -0.6472
vn 0.8661 0.1997 -0.4583
vn 0.8661 0.2906 -0.4068
vn 0.8661 0.1 -0.4898
vn 0.7072 -0.0032 -0.707
vn 0.5001 -0.1823 -0.8466
vn 0.2589 -0.394 -0.8819
vn -0 -0.5878 -0.809
vn -0.2589 -0.717 -0.6472
vn -0.5001 -0.7488 -0.435
vn -0.7072 -0.6714 -0.2216
vn -0.8661 -0.4968 -0.0562
vn 0.065 -0.8642 -0.4989
vn -0.9588 -0.242 -0.1491
vn -0.8661 -0.3689 -0.3375
vn -0.7072 -0.413 -0.5739
vn -0.5001 -0.3501 -0.792
vn -0.2589 -0.1997 -0.9451
vn 0.2589 0.1997 -0.9451
vn 0.5001 0.3501 -0.792
vn 0.7072 0.413 -0.5739
vn 0.8661 0.3689 -0.3375
vn -0.966 -0.1888 -0.1769
vn -0.8661 -0.2906 -0.4068
vn -0.7072 -0.2846 -0.6472
vn -0.5001 -0.1778 -0.8475
vn -0.2589 0.0012 -0.9659
vn -0 0.2079 -0.9781
vn 0.2589 0.3918 -0.8829
vn 0.5001 0.5072 -0.7019
vn 0.7072 0.5233 -0.4755
vn 0.937 -0.1747 -0.3025
vn -0.9658 -0.1472 -0.2132
vn 0.0648 -0.6931 -0.7179
vn -0.9658 -0.0987 -0.2396
vn 0.0648 -0.2752 -0.9592
vn -0.9659 -0.0456 -0.2547
vn -0.8661 -0.1 -0.4898
vn -0.8661 0.004 -0.4999
vn -0.7072 0.0032 -0.707
vn -0.7072 0.1502 -0.6909
vn -0.5001 0.1823 -0.8466
vn -0.5001 0.3543 -0.7902
vn -0.2589 0.394 -0.8819
vn -0.2589 0.5687 -0.7807
vn -0 0.5878 -0.809
vn -0 0.7431 -0.6691
vn 0.2589 0.717 -0.6472
vn 0.5001 0.642 -0.5812
vn 0.2589 0.5668 -0.7821
vn -0 0.4067 -0.9135
vn 0.065 -0 -0.9979
vn -0.9588 0.0081 -0.2841
vn -0.8661 0.1078 -0.4882
vn -0.7072 0.2905 -0.6446
vn -0.5001 0.5109 -0.6992
vn -0.2589 0.7186 -0.6454
vn -0.966 0.0588 -0.2519
vn -0.8661 0.207 -0.4551
vn -0.7072 0.4182 -0.5701
vn -0.5001 0.6451 -0.5778
vn 0.937 0.1747 -0.3025
vn -0.9658 0.1111 -0.2341
vn 0.0648 0.2752 -0.9592
vn -0.9658 0.1582 -0.2053
vn 0.0648 0.6931 -0.7179
vn -0.9659 0.1978 -0.1668
vn -0.8661 0.3742 -0.3316
vn -0.7072 0.5276 -0.4707
vn -0.8661 0.2971 -0.4021
vn 0.0648 0.9683 0.2413
vn -0.9659 0.2434 0.0879
vn -0.8661 0.431 0.2534
vn -0.7072 0.5233 0.4755
vn -0.5001 0.5072 0.7019
vn -0.2589 0.3918 0.8829
vn 0 0.2079 0.9781
vn 0.2589 0.0012 0.9659
vn 0.5001 -0.1778 0.8475
vn 0.7072 -0.2846 0.6472
vn 0.8661 -0.2906 0.4068
vn 0.966 -0.1887 0.1769
vn 0.065 0.8642 0.4989
vn -0.9588 0.242 0.1491
vn -0.8661 0.3689 0.3375
vn -0.7072 0.413 0.5739
vn -0.5001 0.3501 0.792
vn -0.2589 0.1997 0.9451
vn 0.2589 -0.1997 0.9451
vn 0.5001 -0.3501 0.792
vn 0.7072 -0.413 0.5739
vn 0.8661 -0.3689 0.3375
vn 0.9588 -0.242 0.1491
vn 0.9659 -0.2434 0.0879
vn 0.9658 -0.2569 0.0343
vn 0.9658 -0.2583 -0.0209
vn 0.966 -0.2476 -0.075
vn 0.9588 -0.2501 -0.135
vn -0.966 0.1887 0.1769
vn -0.8661 0.2906 0.4068
vn -0.7072 0.2846 0.6472
vn -0.5001 0.1778 0.8475
vn -0.2589 -0.0012 0.9659
vn -0 -0.2079 0.9781
vn 0.2589 -0.3918 0.8829
vn 0.5001 -0.5072 0.7019
vn 0.7072 -0.5233 0.4755
vn 0.8661 -0.431 0.2534
vn 0.937 0.1747 0.3025
vn -0.9658 0.1472 0.2132
vn 0.0648 0.6931 0.7179
vn -0.9658 0.0987 0.2396
vn 0.0648 0.2752 0.9592
vn -0.9659 0.0456 0.2547
vn -0.8661 0.1 0.4898
vn -0.8661 -0.004 0.4999
vn -0.7072 -0.0032 0.707
vn -0.7072 -0.1502 0.6909
vn -0.5001 -0.1823 0.8466
vn -0.5001 -0.3543 0.7902
vn -0.2589 -0.394 0.8819
vn -0.2589 -0.5687 0.7807
vn -0 -0.5878 0.809
vn 0 -0.7431 0.6691
vn 0.2589 -0.717 0.6472
vn 0.2589 -0.8359 0.484
vn 0.5001 -0.7488 0.435
vn 0.5001 -0.8229 0.2698
vn 0.7072 -0.6714 0.2216
vn 0.7072 -0.7028 0.0771
vn 0.8661 -0.4968 0.0562
vn 0.8661 -0.4976 -0.0483
vn 0.8661 -0.4742 0.1583
vn 0.7072 -0.6107 0.3563
vn 0.5001 -0.642 0.5812
vn 0.2589 -0.5668 0.7821
vn -0 -0.4067 0.9135
vn -0.2589 -0.202 0.9446
vn -0.5001 -0.0023 0.866
vn -0.7072 0.1438 0.6923
vn -0.8661 0.1997 0.4583
vn -0.9588 -0.0081 0.2841
vn -0.8661 -0.1078 0.4882
vn -0.7072 -0.2905 0.6446
vn -0.5001 -0.5109 0.6992
vn -0.2589 -0.7186 0.6454
vn 0.2589 -0.9183 0.2996
vn 0.5001 -0.861 0.0928
vn 0.7072 -0.7035 -0.0707
vn 0.8661 -0.4767 -0.1507
vn 0.966 0.0588 0.2519
vn 0.9658 0.1111 0.2341
vn 0.9658 0.1582 0.2053
vn 0.8661 0.2971 0.4021
vn 0.8661 0.3742 0.3316
vn 0.7072 0.5276 0.4707
vn 0.7072 0.6139 0.3507
vn 0.5001 0.7511 0.431
vn 0.5001 0.8243 0.2654
vn 0.2589 0.919 0.2974
vn 0.2589 0.9607 0.0998
vn -0 0.9945 0.1045
vn -0 0.9945 -0.1045
vn -0.2589 0.9607 -0.0998
vn -0.5001 0.8615 -0.0882
vn 0.9659 0.1978 0.1668
vn 0.8661 0.4349 0.2465
vn 0.7072 0.6734 0.2154
vn 0.5001 0.8615 0.0882
vn 0.2589 0.9605 -0.1021
vn 0.9588 0.2501 0.135
vn 0.8661 0.4767 0.1507
vn 0.7072 0.7035 0.0707
vn 0.5001 0.861 -0.0928
vn 0.966 0.2476 0.075
vn 0.8661 0.4976 0.0483
vn 0.7072 0.7028 -0.0771
vn 0.9658 0.2583 0.0209
vn 0.9658 0.2569 -0.0343
vn 0.8661 0.4968 -0.0562
vn 0.9588 0.0081 0.2841
vn 0.8661 0.1078 0.4882
vn 0.7072 0.2905 0.6446
vn 0.5001 0.5109 0.6992
vn 0.2589 0.7186 0.6454
vn -0.2589 0.9183 0.2996
vn -0.5001 0.861 0.0928
vn -0.7072 0.7035 -0.0707
vn -0.7072 -0.1438 -0.6923
vn -0.8661 -0.1997 -0.4583
vn -0.5001 0.0023 -0.866
vn -0.2589 0.202 -0.9446
vn 0.8661 0.207 0.4551
vn 0.7072 0.4182 0.5701
vn -0.2589 0.9605 0.1021
vn -0 0.9511 0.309
vn 0.2589 0.8371 0.4819
vn 0.5001 0.6451 0.5778
vn 0.9979 0.0125 0.0634
vn 0.9963 0 0.0863
vn 0.9979 0.0229 0.0601
vn 0.997 0.0391 0.0664
vn 0.9979 0.0414 0.049
vn 0.9979 0.049 0.0414
vn 0.997 0.0664 0.0391
vn 0.9979 0.0601 0.0229
vn 0.9979 -0.0229 0.0601
vn 0.9979 -0.0125 0.0634
vn 0.997 -0.0391 0.0664
vn 0.9979 -0.0414 0.049
vn 0.9979 -0.049 0.0414
vn 0.997 -0.0664 0.0391
vn 0.9979 -0.0601 0.0229
vn 0.9979 -0.0634 0.0125
vn 0.9963 -0.0863 0
vn 0.9979 -0.0634 -0.0125
vn 0.9979 -0.0601 -0.0229
vn 0.997 -0.0664 -0.0391
vn 0.9979 -0.049 -0.0414
vn 0.9979 -0.0414 -0.049
vn 0.997 -0.0391 -0.0664
vn 0.9979 -0.0229 -0.0601
vn 0.9979 -0.0125 -0.0634
vn 0.9963 0 -0.0863
vn 0.9979 0.0125 -0.0634
vn 0.9979 0.0229 -0.0601
vn 0.997 0.0391 -0.0664
vn 0.9979 0.0414 -0.049
vn 0.9979 0.049 -0.0414
vn 0.997 0.0664 -0.0391
vn 0.9979 0.0601 -0.0229
vn 0.9979 0.0634 -0.0125
vn 0.9963 0.0863 0
vn 0.9979 0.0634 0.0125
vn 0.065 -0.1935 0.979
vn -0.9659 -0.044 0.255
vn 0.0652 0 0.9979
vn -0.9658 -0.0838 0.2452
vn 0.0648 -0.3553 0.9325
vn -0.9658 -0.1216 0.2291
vn -0.866 -0.2296 0.4441
vn -0.866 -0.2963 0.4027
vn -0.7071 -0.4176 0.5706
vn -0.7071 -0.5017 0.4983
vn -0.5 -0.6136 0.6111
vn -0.5 -0.7016 0.5076
vn -0.2588 -0.782 0.567
vn -0.2588 -0.861 0.4377
vn -0 -0.891 0.454
vn 0.2588 -0.9184 0.2993
vn 0.2588 -0.9539 0.152
vn 0.5 -0.8551 0.1372
vn 0.5 -0.866 0.0017
vn 0.7071 -0.7071 0.0024
vn 0.7071 -0.6987 -0.1082
vn 0.866 -0.4943 -0.0753
vn 0.866 -0.4764 -0.1517
vn 0.9658 -0.2483 -0.0742
vn 0.9658 -0.2337 -0.1126
vn 0.9659 -0.2566 -0.034
vn 0.866 -0.5 0.003
vn 0.7071 -0.698 0.113
vn 0.5 -0.8231 0.2692
vn 0.2588 -0.8602 0.4393
vn 0 -0.809 0.5878
vn -0.2588 -0.6836 0.6824
vn -0.5 -0.5104 0.6996
vn -0.7071 -0.3232 0.6289
vn -0.866 -0.1573 0.4746
vn 0.0646 -0.5068 0.8596
vn -0.9657 -0.1564 0.2072
vn -0.866 -0.3556 0.3514
vn -0.7071 -0.5735 0.4136
vn -0.5 -0.7724 0.3916
vn -0.2588 -0.9189 0.2976
vn -0 -0.9877 0.1564
vn 0.2588 -0.9659 0.0009
vn 0.5 -0.8556 -0.1338
vn 0.7071 -0.6732 -0.2162
vn 0.866 -0.4468 -0.2243
vn 0.9657 -0.2132 -0.1482
vn 0.0646 -0.6438 0.7625
vn -0.9657 -0.1871 0.18
vn -0.866 -0.4062 0.2915
vn -0.7071 -0.6311 0.3188
vn -0.5 -0.8241 0.266
vn -0.2588 -0.9542 0.1502
vn 0.2588 -0.9542 -0.1502
vn 0.5 -0.8241 -0.266
vn 0.7071 -0.6311 -0.3188
vn 0.866 -0.4062 -0.2914
vn 0.9657 -0.1871 -0.18
vn 0.9364 -0.2681 0.2263
vn -0.9657 -0.2132 0.1482
vn -0.866 -0.4468 0.2243
vn -0.7071 -0.6732 0.2162
vn -0.5 -0.8556 0.1338
vn -0.2588 -0.9659 -0.0009
vn 0 -0.9877 -0.1564
vn 0.2588 -0.9189 -0.2976
vn 0.5 -0.7724 -0.3916
vn 0.7071 -0.5735 -0.4136
vn 0.866 -0.3556 -0.3514
vn 0.9657 -0.1564 -0.2072
vn 0.0646 -0.8596 0.5068
vn -0.9658 -0.2337 0.1126
vn -0.866 -0.4764 0.1517
vn -0.7071 -0.6987 0.1082
vn -0.5 -0.866 -0.0017
vn -0.2588 -0.9539 -0.152
vn 0.2588 -0.861 -0.4377
vn 0.5 -0.7016 -0.5076
vn 0.7071 -0.5017 -0.4983
vn 0.866 -0.2963 -0.4027
vn 0.9658 -0.1216 -0.2291
vn 0.0648 -0.9325 0.3553
vn -0.9658 -0.2483 0.0742
vn -0.866 -0.4943 0.0753
vn -0.7071 -0.7071 -0.0024
vn -0.5 -0.8551 -0.1372
vn -0.2588 -0.9184 -0.2993
vn -0 -0.891 -0.454
vn 0.2588 -0.782 -0.567
vn 0.5 -0.6136 -0.6111
vn 0.7071 -0.4176 -0.5706
vn 0.866 -0.2296 -0.4441
vn 0.9658 -0.0838 -0.2452
vn 0.065 -0.979 0.1935
vn -0.9659 -0.2566 0.034
vn -0.866 -0.5 -0.003
vn -0.7071 -0.698 -0.113
vn -0.5 -0.8231 -0.2692
vn -0.2588 -0.8602 -0.4393
vn -0 -0.809 -0.5878
vn 0.2588 -0.6836 -0.6824
vn 0.5 -0.5104 -0.6996
vn 0.7071 -0.3232 -0.6289
vn 0.866 -0.1573 -0.4746
vn 0.9659 -0.044 -0.255
vn -0.8818 -0.4716 0
vn -0.9588 -0.2841 -0.0061
vn -0.866 -0.4933 -0.0812
vn -0.7071 -0.6717 -0.2208
vn -0.5 -0.7708 -0.3947
vn -0.2588 -0.7809 -0.5685
vn 0.2588 -0.5685 -0.7809
vn 0.5 -0.3947 -0.7708
vn 0.7071 -0.2208 -0.6717
vn 0.866 -0.0812 -0.4933
vn 0.9588 -0.0061 -0.2841
vn 0.9659 0.034 -0.2566
vn 0.9658 0.0742 -0.2483
vn 0.9658 0.1126 -0.2337
vn 0.9657 0.1482 -0.2132
vn 0.9657 0.18 -0.1871
vn 0.9657 0.2072 -0.1564
vn 0.9658 0.2291 -0.1216
vn 0.9658 0.2452 -0.0838
vn 0.9659 0.255 -0.044
vn 0.9588 0.2841 -0.0061
vn 0.9659 0.2566 0.034
vn 0.866 0.5 -0.003
vn 0.866 0.4943 0.0753
vn 0.7071 0.7071 -0.0024
vn 0.7071 0.6987 0.1082
vn 0.5 0.866 -0.0017
vn 0.5 0.8556 0.1338
vn 0.2588 0.9659 -0.0009
vn 0.2588 0.9542 0.1502
vn 0 0.9877 0.1564
vn -0.2588 0.9659 0.0009
vn -0.2588 0.9539 0.152
vn -0.5 0.866 0.0017
vn -0.5 0.8551 0.1372
vn -0.7071 0.7071 0.0024
vn -0.7071 0.698 0.113
vn -0.866 0.5 0.003
vn -0.866 0.4933 0.0812
vn -0.9588 0.2841 0.0061
vn -0.9659 0.255 0.044
vn -0.8818 0.4716 0
vn 0.065 0.979 0.1935
vn -0.9658 0.2452 0.0838
vn 0.0648 0.9325 0.3553
vn -0.9658 0.2291 0.1216
vn -0.866 0.4441 0.2296
vn -0.866 0.4027 0.2963
vn -0.7071 0.5706 0.4176
vn -0.7071 0.4983 0.5017
vn -0.5 0.6111 0.6136
vn -0.5 0.5076 0.7016
vn -0.2588 0.567 0.782
vn -0.2588 0.4377 0.861
vn 0 0.454 0.891
vn -0 0.309 0.9511
vn 0.2588 0.2993 0.9184
vn 0.2588 0.152 0.9539
vn 0.5 0.1372 0.8551
vn 0.5 0.0017 0.866
vn 0.7071 0.0024 0.7071
vn 0.7071 -0.1082 0.6987
vn 0.866 -0.0753 0.4943
vn 0.866 -0.1517 0.4764
vn 0.9658 -0.0742 0.2483
vn 0.9658 -0.1126 0.2337
vn 0.9659 -0.034 0.2566
vn 0.866 0.003 0.5
vn 0.7071 0.113 0.698
vn 0.5 0.2692 0.8231
vn 0.2588 0.4393 0.8602
vn -0.2588 0.6824 0.6836
vn -0.5 0.6996 0.5104
vn -0.7071 0.6289 0.3232
vn -0.866 0.4746 0.1573
vn -0.9659 -0.255 -0.044
vn -0.866 -0.4746 -0.1573
vn -0.7071 -0.6289 -0.3232
vn -0.5 -0.6996 -0.5104
vn -0.2588 -0.6824 -0.6836
vn 0.2588 -0.4393 -0.8602
vn 0.5 -0.2692 -0.8231
vn 0.7071 -0.113 -0.698
vn 0.866 -0.003 -0.5
vn 0.0648 -0.9325 -0.3553
vn -0.9658 -0.2452 -0.0838
vn 0.9356 -0.3463 -0.0684
vn -0.9658 -0.2291 -0.1216
vn 0.0646 -0.8596 -0.5068
vn -0.9657 -0.2072 -0.1564
vn -0.866 -0.4027 -0.2963
vn -0.866 -0.3514 -0.3556
vn -0.7071 -0.4983 -0.5017
vn -0.7071 -0.4136 -0.5735
vn -0.5 -0.5076 -0.7016
vn -0.5 -0.3916 -0.7724
vn -0.2588 -0.4377 -0.861
vn -0.2588 -0.2976 -0.9189
vn -0 -0.309 -0.9511
vn 0 -0.1564 -0.9877
vn 0.2588 -0.152 -0.9539
vn 0.2588 -0.0009 -0.9659
vn 0.5 -0.0017 -0.866
vn 0.5 0.1338 -0.8556
vn 0.7071 0.1082 -0.6987
vn 0.7071 0.2162 -0.6732
vn 0.866 0.1517 -0.4764
vn 0.866 0.2243 -0.4468
vn 0.866 0.0753 -0.4943
vn 0.7071 -0.0024 -0.7071
vn 0.5 -0.1372 -0.8551
vn 0.2588 -0.2993 -0.9184
vn 0 -0.454 -0.891
vn -0.2588 -0.567 -0.782
vn -0.5 -0.6111 -0.6136
vn -0.7071 -0.5706 -0.4176
vn -0.866 -0.4441 -0.2296
vn 0.0646 -0.7625 -0.6438
vn -0.9657 -0.18 -0.1871
vn -0.866 -0.2915 -0.4062
vn -0.7071 -0.3188 -0.6311
vn -0.5 -0.266 -0.8241
vn -0.2588 -0.1502 -0.9542
vn 0.2588 0.1502 -0.9542
vn 0.5 0.266 -0.8241
vn 0.7071 0.3188 -0.6311
vn 0.866 0.2914 -0.4062
vn 0.0646 -0.6438 -0.7625
vn -0.9657 -0.1482 -0.2132
vn -0.866 -0.2243 -0.4468
vn -0.7071 -0.2162 -0.6732
vn -0.5 -0.1338 -0.8556
vn -0.2588 0.0009 -0.9659
vn -0 0.1564 -0.9877
vn 0.2588 0.2976 -0.9189
vn 0.5 0.3916 -0.7724
vn 0.7071 0.4136 -0.5735
vn 0.866 0.3514 -0.3556
vn 0.9363 -0.1783 -0.3025
vn -0.9658 -0.1126 -0.2337
vn -0.866 -0.1517 -0.4764
vn -0.7071 -0.1082 -0.6987
vn -0.5 0.0017 -0.866
vn -0.2588 0.152 -0.9539
vn 0 0.309 -0.9511
vn 0.2588 0.4377 -0.861
vn 0.5 0.5076 -0.7016
vn 0.7071 0.4983 -0.5017
vn 0.866 0.4027 -0.2963
vn 0.0648 -0.3553 -0.9325
vn -0.9658 -0.0742 -0.2483
vn -0.866 -0.0753 -0.4943
vn -0.7071 0.0024 -0.7071
vn -0.5 0.1372 -0.8551
vn -0.2588 0.2993 -0.9184
vn -0 0.454 -0.891
vn 0.2588 0.567 -0.782
vn 0.5 0.6111 -0.6136
vn 0.7071 0.5706 -0.4176
vn 0.866 0.4441 -0.2296
vn 0.065 -0.1935 -0.979
vn -0.9659 -0.034 -0.2566
vn -0.866 0.003 -0.5
vn -0.7071 0.113 -0.698
vn -0.5 0.2692 -0.8231
vn -0.2588 0.4393 -0.8602
vn 0.2588 0.6824 -0.6836
vn 0.5 0.6996 -0.5104
vn 0.7071 0.6289 -0.3232
vn 0.866 0.4746 -0.1573
vn -0.8818 0 -0.4716
vn -0.9588 0.0061 -0.2841
vn -0.866 0.0812 -0.4933
vn -0.7071 0.2208 -0.6717
vn -0.5 0.3947 -0.7708
vn -0.2588 0.5685 -0.7809
vn 0.2588 0.7809 -0.5685
vn 0.5 0.7708 -0.3947
vn 0.7071 0.6717 -0.2208
vn 0.866 0.4933 -0.0812
vn -0.9659 0.044 -0.255
vn -0.866 0.1573 -0.4746
vn -0.7071 0.3232 -0.6289
vn -0.5 0.5104 -0.6996
vn -0.2588 0.6836 -0.6824
vn 0 0.809 -0.5878
vn 0.2588 0.8602 -0.4393
vn 0.5 0.8231 -0.2692
vn 0.7071 0.698 -0.113
vn 0.0648 0.3553 -0.9325
vn -0.9658 0.0838 -0.2452
vn 0.065 0.1935 -0.979
vn -0.9658 0.1216 -0.2291
vn 0.9363 0.1783 -0.3025
vn -0.9657 0.1564 -0.2072
vn -0.866 0.2963 -0.4027
vn -0.866 0.3556 -0.3514
vn -0.7071 0.5017 -0.4983
vn -0.7071 0.5735 -0.4136
vn -0.5 0.7016 -0.5076
vn -0.5 0.7724 -0.3916
vn -0.2588 0.861 -0.4377
vn -0.2588 0.9189 -0.2976
vn -0 0.9877 -0.1564
vn 0.2588 0.9539 -0.152
vn 0.5 0.8551 -0.1372
vn 0.2588 0.9184 -0.2993
vn 0 0.891 -0.454
vn 0.0646 0.6438 -0.7625
vn -0.9657 0.1871 -0.18
vn -0.866 0.4062 -0.2915
vn -0.7071 0.6311 -0.3188
vn -0.5 0.8241 -0.266
vn -0.2588 0.9542 -0.1502
vn 0.0646 0.7625 -0.6438
vn -0.9657 0.2132 -0.1482
vn -0.866 0.4468 -0.2243
vn -0.7071 0.6732 -0.2162
vn -0.5 0.8556 -0.1338
vn 0.0646 0.8596 -0.5068
vn -0.9658 0.2337 -0.1126
vn -0.866 0.4764 -0.1517
vn -0.7071 0.6987 -0.1082
vn 0.0648 0.9325 -0.3553
vn -0.9658 0.2483 -0.0742
vn -0.866 0.4943 -0.0753
vn 0.9356 0.3463 -0.0684
vn -0.9659 0.2566 -0.034
vn 0.0646 0.8596 0.5068
vn -0.9657 0.2072 0.1564
vn -0.866 0.3514 0.3556
vn -0.7071 0.4136 0.5735
vn -0.5 0.3916 0.7724
vn -0.2588 0.2976 0.9189
vn -0 0.1564 0.9877
vn 0.2588 0.0009 0.9659
vn 0.5 -0.1338 0.8556
vn 0.7071 -0.2162 0.6732
vn 0.866 -0.2243 0.4468
vn 0.9657 -0.1482 0.2132
vn 0.9364 0.2681 0.2263
vn -0.9657 0.18 0.1871
vn -0.866 0.2915 0.4062
vn -0.7071 0.3188 0.6311
vn -0.5 0.266 0.8241
vn -0.2588 0.1502 0.9542
vn 0.2588 -0.1502 0.9542
vn 0.5 -0.266 0.8241
vn 0.7071 -0.3188 0.6311
vn 0.866 -0.2914 0.4062
vn 0.9657 -0.18 0.1871
vn 0.0646 0.6438 0.7625
vn -0.9657 0.1482 0.2132
vn -0.866 0.2243 0.4468
vn -0.7071 0.2162 0.6732
vn -0.5 0.1338 0.8556
vn -0.2588 -0.0009 0.9659
vn 0 -0.1564 0.9877
vn 0.2588 -0.2976 0.9189
vn 0.5 -0.3916 0.7724
vn 0.7071 -0.4136 0.5735
vn 0.866 -0.3514 0.3556
vn 0.9657 -0.2072 0.1564
vn 0.0646 0.5068 0.8596
vn -0.9658 0.1126 0.2337
vn -0.866 0.1517 0.4764
vn -0.7071 0.1082 0.6987
vn -0.5 -0.0017 0.866
vn -0.2588 -0.152 0.9539
vn 0 -0.309 0.9511
vn 0.2588 -0.4377 0.861
vn 0.5 -0.5076 0.7016
vn 0.7071 -0.4983 0.5017
vn 0.866 -0.4027 0.2963
vn 0.9658 -0.2291 0.1216
vn 0.0648 0.3553 0.9325
vn -0.9658 0.0742 0.2483
vn -0.866 0.0753 0.4943
vn -0.7071 -0.0024 0.7071
vn -0.5 -0.1372 0.8551
vn -0.2588 -0.2993 0.9184
vn -0 -0.454 0.891
vn 0.2588 -0.567 0.782
vn 0.5 -0.6111 0.6136
vn 0.7071 -0.5706 0.4176
vn 0.866 -0.4441 0.2296
vn 0.9658 -0.2452 0.0838
vn 0.065 0.1935 0.979
vn -0.9659 0.034 0.2566
vn -0.866 -0.003 0.5
vn -0.7071 -0.113 0.698
vn -0.5 -0.2692 0.8231
vn -0.2588 -0.4393 0.8602
vn 0.2588 -0.6824 0.6836
vn 0.5 -0.6996 0.5104
vn 0.7071 -0.6289 0.3232
vn 0.866 -0.4746 0.1573
vn 0.9659 -0.255 0.044
vn -0.9588 -0.0061 0.2841
vn -0.866 -0.0812 0.4933
vn -0.7071 -0.2208 0.6717
vn -0.5 -0.3947 0.7708
vn -0.2588 -0.5685 0.7809
vn 0.2588 -0.7809 0.5685
vn 0.5 -0.7708 0.3947
vn 0.7071 -0.6717 0.2208
vn 0.866 -0.4933 0.0812
vn 0.9588 -0.2841 0.0061
vn 0.9659 0.044 0.255
vn 0.9658 0.0838 0.2452
vn 0.9658 0.1216 0.2291
vn 0.866 0.2296 0.4441
vn 0.866 0.2963 0.4027
vn 0.7071 0.4176 0.5706
vn 0.7071 0.5017 0.4983
vn 0.5 0.6136 0.6111
vn 0.5 0.7016 0.5076
vn 0.2588 0.782 0.567
vn 0.2588 0.861 0.4377
vn 0 0.891 0.454
vn -0.2588 0.9184 0.2993
vn -0.5 0.8231 0.2692
vn 0.9657 0.1564 0.2072
vn 0.866 0.3556 0.3514
vn 0.7071 0.5735 0.4136
vn 0.5 0.7724 0.3916
vn 0.2588 0.9189 0.2976
vn 0.9657 0.1871 0.18
vn 0.866 0.4062 0.2914
vn 0.7071 0.6311 0.3188
vn 0.5 0.8241 0.266
vn 0.9657 0.2132 0.1482
vn 0.866 0.4468 0.2243
vn 0.7071 0.6732 0.2162
vn 0.9658 0.2337 0.1126
vn 0.866 0.4764 0.1517
vn 0.9658 0.2483 0.0742
vn 0.9588 0.0061 0.2841
vn 0.866 0.0812 0.4933
vn 0.7071 0.2208 0.6717
vn 0.5 0.3947 0.7708
vn 0.2588 0.5685 0.7809
vn -0.2588 0.7809 0.5685
vn -0.5 0.7708 0.3947
vn -0.7071 0.6717 0.2208
vn 0.866 0.1573 0.4746
vn 0.7071 0.3232 0.6289
vn -0.866 0.2296 -0.4441
vn -0.7071 0.4176 -0.5706
vn -0.5 0.6136 -0.6111
vn -0.2588 0.782 -0.567
vn -0.2588 0.8602 0.4393
vn -0 0.809 0.5878
vn 0.2588 0.6836 0.6824
vn 0.5 0.5104 0.6996
vn 0.9979 0.0107 0.064
vn 0.9962 -0 0.0866
vn 0.9979 0.0197 0.0616
vn 0.9979 0.0282 0.058
vn 0.9979 0.0361 0.0533
vn 0.9979 0.0432 0.0476
vn 0.997 0.0594 0.0491
vn 0.9979 0.0548 0.0334
vn 0.9979 -0.0197 0.0616
vn 0.9979 -0.0107 0.064
vn 0.9979 -0.0282 0.058
vn 0.9979 -0.0361 0.0533
vn 0.9979 -0.0432 0.0476
vn 0.997 -0.0594 0.0491
vn 0.9979 -0.0548 0.0334
vn 0.9979 -0.059 0.0253
vn 0.9979 -0.0621 0.0166
vn 0.9979 -0.0639 0.0076
vn 0.9979 -0.0644 -0.0015
vn 0.997 -0.0764 -0.0129
vn 0.9979 -0.0617 -0.0198
vn 0.9972 -0.066 -0.0341
vn 0.9979 -0.052 -0.0389
vn 0.9979 -0.0458 -0.0457
vn 0.9979 -0.0387 -0.0517
vn 0.997 -0.037 -0.0678
vn 0.9979 -0.0225 -0.0603
vn 0.9979 -0.0137 -0.0628
vn 0.9979 -0.0046 -0.0641
vn 0.9979 0.0046 -0.0641
vn 0.9979 0.0137 -0.0628
vn 0.9979 0.0225 -0.0603
vn 0.997 0.037 -0.0678
vn 0.9979 0.0387 -0.0517
vn 0.9979 0.0458 -0.0457
vn 0.9979 0.052 -0.0389
vn 0.9972 0.066 -0.0341
vn 0.9979 0.0617 -0.0198
vn 0.997 0.0764 -0.0129
vn 0.9979 0.0644 -0.0015
vn 0.9979 0.0639 0.0076
vn 0.9979 0.0621 0.0166
vn 0.9979 0.059 0.0253
vn -0.3224 -0.1562 0.9336
vn -0.9659 -0.0382 0.256
vn -0.3225 0 0.9466
vn -0.9659 -0.073 0.2486
vn -0.3223 -0.2877 0.9019
vn -0.9658 -0.1065 0.2364
vn -0.866 -0.2016 0.4575
vn -0.866 -0.262 0.4258
vn -0.7071 -0.3692 0.603
vn -0.7071 -0.4479 0.5471
vn -0.5 -0.5477 0.6708
vn -0.5 -0.6339 0.59
vn -0.2588 -0.7065 0.6587
vn -0.2588 -0.7896 0.5564
vn 0 -0.817 0.5767
vn 0 -0.8879 0.4601
vn 0.2588 -0.8573 0.4451
vn 0.2588 -0.9099 0.3242
vn 0.5 -0.8155 0.2914
vn 0.5 -0.8476 0.1777
vn 0.7071 -0.6919 0.1459
vn 0.7071 -0.7053 0.0504
vn 0.866 -0.4986 0.0367
vn 0.866 -0.499 -0.0315
vn 0.9658 -0.259 -0.0142
vn 0.9658 -0.2544 -0.0495
vn 0.9657 -0.2587 0.0214
vn 0.866 -0.489 0.1043
vn 0.7071 -0.6655 0.2388
vn 0.5 -0.7682 0.3997
vn 0.2588 -0.7887 0.5577
vn 0 -0.7308 0.6826
vn -0.2588 -0.6102 0.7488
vn -0.5 -0.4512 0.7392
vn -0.7071 -0.2836 0.6477
vn -0.866 -0.1374 0.4807
vn -0.3222 -0.4133 0.8517
vn -0.9657 -0.138 0.2198
vn -0.866 -0.3175 0.3862
vn -0.7071 -0.5182 0.4811
vn -0.5 -0.7084 0.4982
vn -0.2588 -0.858 0.4437
vn 0 -0.9423 0.3349
vn 0.2588 -0.9456 0.1973
vn 0.5 -0.8639 0.0606
vn 0.7071 -0.7056 -0.0461
vn 0.866 -0.49 -0.0992
vn 0.9659 -0.245 -0.0838
vn -0.3221 -0.5304 0.7842
vn -0.9657 -0.1668 0.1989
vn -0.866 -0.3672 0.3394
vn -0.7071 -0.5789 0.406
vn -0.5 -0.7696 0.3971
vn -0.2588 -0.9104 0.3227
vn 0 -0.9791 0.2035
vn 0.2588 -0.9636 0.0667
vn 0.5 -0.8641 -0.0576
vn 0.7071 -0.6927 -0.1418
vn 0.866 -0.472 -0.165
vn 0.9588 -0.2547 -0.126
vn 0.9659 -0.2147 -0.1444
vn 0.9659 -0.1931 -0.1726
vn 0.9658 -0.1678 -0.1977
vn 0.9658 -0.1392 -0.2189
vn 0.9657 -0.108 -0.2361
vn 0.9657 -0.0747 -0.2488
vn 0.9657 -0.0399 -0.2567
vn 0.9657 -0.0044 -0.2598
vn 0.9657 0.0312 -0.2579
vn 0.9657 0.0662 -0.2511
vn 0.9657 0.0999 -0.2396
vn 0.9658 0.1317 -0.2235
vn 0.9658 0.1609 -0.2032
vn 0.9659 0.1871 -0.1791
vn 0.966 0.2096 -0.1516
vn 0.9588 0.2499 -0.1354
vn 0.9659 0.242 -0.092
vn 0.866 0.4427 -0.2323
vn 0.866 0.4702 -0.1699
vn 0.7071 0.6268 -0.3272
vn 0.7071 0.6655 -0.2388
vn 0.5 0.7682 -0.3997
vn 0.5 0.8155 -0.2914
vn 0.2588 0.8573 -0.4451
vn 0.2588 0.9099 -0.3242
vn 0 0.8879 -0.4601
vn 0 0.9423 -0.3349
vn -0.2588 0.858 -0.4437
vn -0.2588 0.9104 -0.3227
vn -0.5 0.7696 -0.3971
vn -0.5 0.8165 -0.2886
vn -0.7071 0.6288 -0.3234
vn -0.7071 0.667 -0.2348
vn -0.866 0.4451 -0.2277
vn -0.866 0.472 -0.165
vn -0.9588 0.2547 -0.126
vn -0.9659 0.245 -0.0838
vn -0.3225 0.8411 -0.4341
vn -0.3224 0.9015 -0.2889
vn -0.9658 0.2544 -0.0495
vn -0.3222 0.9335 -0.1575
vn -0.9658 0.259 -0.0142
vn -0.866 0.499 -0.0315
vn -0.866 0.4986 0.0367
vn -0.7071 0.7053 0.0504
vn -0.7071 0.6919 0.1459
vn -0.5 0.8476 0.1777
vn -0.5 0.8155 0.2914
vn -0.2588 0.9099 0.3242
vn -0.2588 0.8573 0.4451
vn 0 0.8879 0.4601
vn 0 0.817 0.5767
vn 0.2588 0.7896 0.5564
vn 0.2588 0.7065 0.6587
vn 0.5 0.6339 0.59
vn 0.5 0.5477 0.6708
vn 0.7071 0.4479 0.5472
vn 0.7071 0.3692 0.603
vn 0.866 0.262 0.4258
vn 0.866 0.2016 0.4575
vn 0.9658 0.1065 0.2364
vn 0.9659 0.073 0.2486
vn 0.9657 0.138 0.2198
vn 0.866 0.3175 0.3862
vn 0.7071 0.5182 0.4811
vn 0.5 0.7084 0.4982
vn 0.2588 0.858 0.4437
vn 0 0.9423 0.3349
vn -0.2588 0.9456 0.1973
vn -0.5 0.8639 0.0606
vn -0.7071 0.7056 -0.0461
vn -0.866 0.49 -0.0992
vn -0.322 -0.6367 0.7007
vn -0.9657 -0.1926 0.1743
vn -0.866 -0.41 0.2862
vn -0.7071 -0.6288 0.3234
vn -0.5 -0.8165 0.2886
vn -0.2588 -0.9459 0.1958
vn 0 -0.9977 0.0682
vn 0.2588 -0.9637 -0.0651
vn 0.5 -0.8482 -0.1747
vn 0.7071 -0.667 -0.2348
vn 0.866 -0.4451 -0.2277
vn -0.322 -0.73 0.6029
vn -0.9657 -0.2147 0.1463
vn -0.866 -0.4451 0.2277
vn -0.7071 -0.667 0.2348
vn -0.5 -0.8482 0.1747
vn -0.2588 -0.9637 0.0651
vn 0 -0.9977 -0.0682
vn 0.2588 -0.9459 -0.1958
vn 0.5 -0.8165 -0.2886
vn 0.7071 -0.6288 -0.3234
vn 0.866 -0.41 -0.2862
vn -0.322 -0.8084 0.4928
vn -0.9657 -0.2327 0.1156
vn -0.866 -0.472 0.165
vn -0.7071 -0.6927 0.1418
vn -0.5 -0.8641 0.0576
vn -0.2588 -0.9636 -0.0667
vn 0 -0.9791 -0.2035
vn 0.2588 -0.9104 -0.3227
vn 0.5 -0.7696 -0.3971
vn 0.7071 -0.5789 -0.406
vn 0.866 -0.3672 -0.3394
vn -0.322 -0.8703 0.3726
vn -0.9657 -0.2463 0.0826
vn -0.866 -0.49 0.0992
vn -0.7071 -0.7056 0.0461
vn -0.5 -0.8639 -0.0606
vn -0.2588 -0.9456 -0.1973
vn 0 -0.9423 -0.3349
vn 0.2588 -0.858 -0.4437
vn 0.5 -0.7084 -0.4982
vn 0.7071 -0.5182 -0.4811
vn 0.866 -0.3175 -0.3862
vn -0.322 -0.9145 0.2449
vn -0.9657 -0.2552 0.0481
vn -0.866 -0.499 0.0315
vn -0.7071 -0.7053 -0.0504
vn -0.5 -0.8476 -0.1777
vn -0.2588 -0.9099 -0.3242
vn 0 -0.8879 -0.4601
vn 0.2588 -0.7896 -0.5564
vn 0.5 -0.6339 -0.59
vn 0.7071 -0.4479 -0.5472
vn 0.866 -0.262 -0.4258
vn -0.3221 -0.9401 0.1121
vn -0.9657 -0.2593 0.0127
vn -0.866 -0.4986 -0.0367
vn -0.7071 -0.6919 -0.1459
vn -0.5 -0.8155 -0.2914
vn -0.2588 -0.8573 -0.4451
vn 0 -0.817 -0.5767
vn 0.2588 -0.7065 -0.6587
vn 0.5 -0.5477 -0.6708
vn 0.7071 -0.3692 -0.603
vn 0.866 -0.2016 -0.4575
vn -0.3221 -0.9464 -0.0229
vn -0.9658 -0.2584 -0.0229
vn -0.866 -0.489 -0.1043
vn -0.7071 -0.6655 -0.2388
vn -0.5 -0.7682 -0.3997
vn -0.2588 -0.7887 -0.5577
vn 0 -0.7308 -0.6826
vn 0.2588 -0.6102 -0.7488
vn 0.5 -0.4512 -0.7392
vn 0.7071 -0.2836 -0.6477
vn 0.866 -0.1374 -0.4807
vn -0.3222 -0.9335 -0.1575
vn -0.9658 -0.2526 -0.0581
vn -0.866 -0.4702 -0.1699
vn -0.7071 -0.6268 -0.3272
vn -0.5 -0.7066 -0.5006
vn -0.2588 -0.7054 -0.6599
vn 0 -0.6311 -0.7757
vn 0.2588 -0.5025 -0.8249
vn 0.5 -0.3464 -0.7937
vn 0.7071 -0.1928 -0.6803
vn 0.866 -0.0707 -0.495
vn -0.3224 -0.9015 -0.2889
vn -0.9659 -0.242 -0.092
vn -0.866 -0.4427 -0.2323
vn -0.7071 -0.5764 -0.4095
vn -0.5 -0.6319 -0.5922
vn -0.2588 -0.609 -0.7498
vn 0 -0.5196 -0.8544
vn 0.2588 -0.3855 -0.8856
vn 0.5 -0.2351 -0.8335
vn 0.7071 -0.0984 -0.7002
vn 0.866 -0.0026 -0.5
vn -0.3225 -0.8411 -0.4341
vn -0.9588 -0.2499 -0.1354
vn -0.866 -0.407 -0.2904
vn -0.7071 -0.5153 -0.4842
vn -0.5 -0.5454 -0.6727
vn -0.2588 -0.5012 -0.8257
vn 0 -0.3984 -0.9172
vn 0.2588 -0.2613 -0.9299
vn 0.5 -0.1194 -0.8577
vn 0.7071 -0.0021 -0.7071
vn 0.866 0.0655 -0.4957
vn -0.966 -0.2096 -0.1516
vn -0.866 -0.3636 -0.3432
vn -0.7071 -0.4446 -0.5498
vn -0.5 -0.4487 -0.7407
vn -0.2588 -0.3841 -0.8863
vn 0 -0.2698 -0.9629
vn 0.2588 -0.1323 -0.9568
vn 0.5 -0.0015 -0.866
vn 0.7071 0.0942 -0.7008
vn 0.866 0.1324 -0.4821
vn -0.3223 -0.6698 -0.6689
vn -0.9659 -0.1871 -0.1791
vn -0.3224 -0.7583 -0.5666
vn -0.9658 -0.1609 -0.2032
vn -0.3222 -0.5677 -0.7576
vn -0.9658 -0.1317 -0.2235
vn -0.866 -0.2576 -0.4285
vn -0.866 -0.1968 -0.4596
vn -0.7071 -0.2798 -0.6494
vn -0.7071 -0.1887 -0.6814
vn -0.5 -0.2322 -0.8343
vn -0.5 -0.1164 -0.8581
vn -0.2588 -0.1308 -0.957
vn -0.2588 0.0008 -0.9659
vn 0 0.1362 -0.9907
vn 0.2588 0.1308 -0.957
vn 0.2588 0.2599 -0.9303
vn 0.5 0.2322 -0.8343
vn 0.5 0.3436 -0.7949
vn 0.7071 0.2798 -0.6494
vn 0.7071 0.3656 -0.6052
vn 0.866 0.2576 -0.4285
vn 0.866 0.3135 -0.3895
vn 0.866 0.1968 -0.4596
vn 0.7071 0.1887 -0.6814
vn 0.5 0.1164 -0.8581
vn 0.2588 -0.0008 -0.9659
vn 0 -0.1362 -0.9907
vn -0.2588 -0.2599 -0.9303
vn -0.5 -0.3436 -0.7949
vn -0.7071 -0.3656 -0.6052
vn -0.866 -0.3135 -0.3895
vn -0.3221 -0.454 -0.8307
vn -0.9657 -0.0999 -0.2396
vn -0.866 -0.1324 -0.4821
vn -0.7071 -0.0942 -0.7008
vn -0.5 0.0015 -0.866
vn -0.2588 0.1323 -0.9568
vn 0 0.2698 -0.9629
vn 0.2588 0.3841 -0.8863
vn 0.5 0.4487 -0.7407
vn 0.7071 0.4446 -0.5498
vn 0.866 0.3636 -0.3432
vn -0.322 -0.3311 -0.887
vn -0.9657 -0.0662 -0.2511
vn -0.866 -0.0655 -0.4957
vn -0.7071 0.0021 -0.7071
vn -0.5 0.1194 -0.8577
vn -0.2588 0.2613 -0.9299
vn 0 0.3984 -0.9172
vn 0.2588 0.5012 -0.8257
vn 0.5 0.5454 -0.6727
vn 0.7071 0.5153 -0.4842
vn 0.866 0.407 -0.2904
vn -0.322 -0.2014 -0.9251
vn -0.9657 -0.0312 -0.2579
vn -0.866 0.0026 -0.5
vn -0.7071 0.0984 -0.7002
vn -0.5 0.2351 -0.8335
vn -0.2588 0.3855 -0.8856
vn 0 0.5196 -0.8544
vn 0.2588 0.609 -0.7498
vn 0.5 0.6319 -0.5922
vn 0.7071 0.5764 -0.4095
vn -0.322 -0.0676 -0.9443
vn -0.9657 0.0044 -0.2598
vn -0.866 0.0707 -0.495
vn -0.7071 0.1928 -0.6803
vn -0.5 0.3464 -0.7937
vn -0.2588 0.5025 -0.8249
vn 0 0.6311 -0.7757
vn 0.2588 0.7054 -0.6599
vn 0.5 0.7066 -0.5006
vn -0.322 0.0676 -0.9443
vn -0.9657 0.0399 -0.2567
vn -0.866 0.1374 -0.4807
vn -0.7071 0.2836 -0.6477
vn -0.5 0.4512 -0.7392
vn -0.2588 0.6102 -0.7488
vn 0 0.7308 -0.6826
vn 0.2588 0.7887 -0.5577
vn -0.322 0.2014 -0.9251
vn -0.9657 0.0747 -0.2488
vn -0.866 0.2016 -0.4575
vn -0.7071 0.3692 -0.603
vn -0.5 0.5477 -0.6708
vn -0.2588 0.7065 -0.6587
vn 0 0.817 -0.5767
vn -0.322 0.3311 -0.887
vn -0.9657 0.108 -0.2361
vn -0.866 0.262 -0.4258
vn -0.7071 0.4479 -0.5471
vn -0.5 0.6339 -0.59
vn -0.2588 0.7896 -0.5564
vn -0.3221 0.454 -0.8307
vn -0.9658 0.1392 -0.2189
vn -0.866 0.3175 -0.3862
vn -0.7071 0.5182 -0.4811
vn -0.5 0.7084 -0.4982
vn -0.3222 0.5677 -0.7576
vn -0.9658 0.1678 -0.1977
vn -0.866 0.3672 -0.3394
vn -0.7071 0.5789 -0.406
vn -0.3223 0.6698 -0.6689
vn -0.9659 0.1931 -0.1726
vn -0.866 0.41 -0.2862
vn -0.3224 0.7583 -0.5666
vn -0.9659 0.2147 -0.1444
vn -0.3221 0.9464 -0.0229
vn -0.9657 0.2587 0.0214
vn -0.866 0.489 0.1043
vn -0.7071 0.6655 0.2388
vn -0.5 0.7682 0.3997
vn -0.2588 0.7887 0.5577
vn -0 0.7308 0.6826
vn 0.2588 0.6102 0.7488
vn 0.5 0.4512 0.7392
vn 0.7071 0.2836 0.6477
vn 0.866 0.1374 0.4807
vn 0.9659 0.0382 0.256
vn -0.3221 0.9401 0.1121
vn -0.9657 0.2534 0.0567
vn -0.866 0.4702 0.1699
vn -0.7071 0.6268 0.3272
vn -0.5 0.7066 0.5006
vn -0.2588 0.7054 0.6599
vn 0 0.6311 0.7757
vn 0.2588 0.5025 0.8249
vn 0.5 0.3464 0.7937
vn 0.7071 0.1928 0.6803
vn 0.866 0.0707 0.495
vn 0.9588 0.0053 0.2841
vn 0.9659 -0.0295 0.2572
vn 0.9659 -0.0646 0.2509
vn 0.9658 -0.0984 0.2399
vn 0.9657 -0.1304 0.2244
vn 0.9657 -0.16 0.2045
vn 0.9657 -0.1866 0.1807
vn 0.9657 -0.2096 0.1535
vn 0.9657 -0.2287 0.1234
vn 0.9657 -0.2434 0.0909
vn 0.9657 -0.2534 0.0567
vn -0.322 0.9145 0.2449
vn -0.9657 0.2434 0.0909
vn -0.866 0.4427 0.2323
vn -0.7071 0.5764 0.4095
vn -0.5 0.6319 0.5922
vn -0.2588 0.609 0.7498
vn 0 0.5196 0.8544
vn 0.2588 0.3855 0.8856
vn 0.5 0.2351 0.8335
vn 0.7071 0.0984 0.7002
vn 0.866 0.0026 0.5
vn -0.322 0.8703 0.3726
vn -0.9657 0.2287 0.1234
vn -0.866 0.407 0.2904
vn -0.7071 0.5153 0.4842
vn -0.5 0.5454 0.6727
vn -0.2588 0.5012 0.8257
vn 0 0.3984 0.9172
vn 0.2588 0.2613 0.9299
vn 0.5 0.1194 0.8577
vn 0.7071 0.0021 0.7071
vn 0.866 -0.0655 0.4957
vn -0.322 0.8084 0.4928
vn -0.9657 0.2096 0.1535
vn -0.866 0.3636 0.3432
vn -0.7071 0.4446 0.5498
vn -0.5 0.4487 0.7407
vn -0.2588 0.3841 0.8863
vn 0 0.2698 0.9629
vn 0.2588 0.1323 0.9568
vn 0.5 0.0015 0.866
vn 0.7071 -0.0942 0.7008
vn 0.866 -0.1324 0.4821
vn -0.322 0.73 0.6029
vn -0.9657 0.1866 0.1807
vn -0.866 0.3135 0.3895
vn -0.7071 0.3656 0.6052
vn -0.5 0.3436 0.7949
vn -0.2588 0.2599 0.9303
vn 0 0.1362 0.9907
vn 0.2588 0.0008 0.9659
vn 0.5 -0.1164 0.8581
vn 0.7071 -0.1887 0.6814
vn 0.866 -0.1968 0.4596
vn -0.322 0.6367 0.7007
vn -0.9657 0.16 0.2045
vn -0.866 0.2576 0.4285
vn -0.7071 0.2798 0.6494
vn -0.5 0.2322 0.8343
vn -0.2588 0.1308 0.957
vn 0.2588 -0.1308 0.957
vn 0.5 -0.2322 0.8343
vn 0.7071 -0.2798 0.6494
vn 0.866 -0.2576 0.4285
vn -0.3221 0.5304 0.7842
vn -0.9657 0.1304 0.2244
vn -0.866 0.1968 0.4596
vn -0.7071 0.1887 0.6814
vn -0.5 0.1164 0.8581
vn -0.2588 -0.0008 0.9659
vn -0 -0.1362 0.9907
vn 0.2588 -0.2599 0.9303
vn 0.5 -0.3436 0.7949
vn 0.7071 -0.3656 0.6052
vn 0.866 -0.3135 0.3895
vn -0.3222 0.4133 0.8517
vn -0.9658 0.0984 0.2399
vn -0.866 0.1324 0.4821
vn -0.7071 0.0942 0.7008
vn -0.5 -0.0015 0.866
vn -0.2588 -0.1323 0.9568
vn 0 -0.2698 0.9629
vn 0.2588 -0.3841 0.8863
vn 0.5 -0.4487 0.7407
vn 0.7071 -0.4446 0.5498
vn 0.866 -0.3636 0.3432
vn -0.3223 0.2877 0.9019
vn -0.9659 0.0646 0.2509
vn -0.866 0.0655 0.4957
vn -0.7071 -0.0021 0.7071
vn -0.5 -0.1194 0.8577
vn -0.2588 -0.2613 0.9299
vn 0 -0.3984 0.9172
vn 0.2588 -0.5012 0.8257
vn 0.5 -0.5454 0.6727
vn 0.7071 -0.5153 0.4842
vn 0.866 -0.407 0.2904
vn -0.3224 0.1562 0.9336
vn -0.9659 0.0295 0.2572
vn -0.866 -0.0026 0.5
vn -0.7071 -0.0984 0.7002
vn -0.5 -0.2351 0.8335
vn -0.2588 -0.3855 0.8856
vn -0 -0.5196 0.8544
vn 0.2588 -0.609 0.7498
vn 0.5 -0.6319 0.5922
vn 0.7071 -0.5764 0.4095
vn 0.866 -0.4427 0.2323
vn -0.9588 -0.0053 0.2841
vn -0.866 -0.0707 0.495
vn -0.7071 -0.1928 0.6803
vn -0.5 -0.3464 0.7937
vn -0.2588 -0.5025 0.8249
vn 0 -0.6311 0.7757
vn 0.2588 -0.7054 0.6599
vn 0.5 -0.7066 0.5006
vn 0.7071 -0.6268 0.3272
vn 0.866 -0.4702 0.1699
vn 0.9657 0.1668 0.1989
vn 0.866 0.3672 0.3394
vn 0.7071 0.5789 0.406
vn 0.5 0.7696 0.3971
vn 0.2588 0.9104 0.3227
vn 0 0.9791 0.2035
vn -0.2588 0.9636 0.0667
vn -0.5 0.8641 -0.0576
vn -0.7071 0.6927 -0.1418
vn 0.9657 0.1926 0.1743
vn 0.866 0.41 0.2862
vn 0.7071 0.6288 0.3234
vn 0.5 0.8165 0.2886
vn 0.2588 0.9459 0.1958
vn 0 0.9977 0.0682
vn -0.2588 0.9637 -0.0651
vn -0.5 0.8482 -0.1747
vn 0.9657 0.2147 0.1463
vn 0.866 0.4451 0.2277
vn 0.7071 0.667 0.2348
vn 0.5 0.8482 0.1747
vn 0.2588 0.9637 0.0651
vn -0 0.9977 -0.0682
vn -0.2588 0.9459 -0.1958
vn 0.9657 0.2327 0.1156
vn 0.866 0.472 0.165
vn 0.7071 0.6927 0.1418
vn 0.5 0.8641 0.0576
vn 0.2588 0.9636 -0.0667
vn 0 0.9791 -0.2035
vn 0.9657 0.2463 0.0826
vn 0.866 0.49 0.0992
vn 0.7071 0.7056 0.0461
vn 0.5 0.8639 -0.0606
vn 0.2588 0.9456 -0.1973
vn 0.9657 0.2552 0.0481
vn 0.866 0.499 0.0315
vn 0.7071 0.7053 -0.0504
vn 0.5 0.8476 -0.1777
vn 0.9657 0.2593 0.0127
vn 0.866 0.4986 -0.0367
vn 0.7071 0.6919 -0.1459
vn 0.9658 0.2584 -0.0229
vn 0.866 0.489 -0.1043
vn 0.9658 0.2526 -0.0581
vn 0.8892 0.0527 0.4545
vn 0.9524 0 0.3049
vn 0.8891 0.1156 0.443
vn 0.8889 0.1763 0.4227
vn 0.8889 0.2335 0.3942
vn 0.8888 0.2862 0.3579
vn 0.9236 0.2787 0.2631
vn 0.8887 0.374 0.2652
vn 0.8887 0.4073 0.2105
vn 0.8887 0.4326 0.1517
vn 0.8888 0.4494 0.09
vn 0.8888 0.4575 0.0265
vn 0.9237 0.3817 -0.0314
vn 0.889 0.4467 -0.1007
vn 0.8892 0.428 -0.1619
vn 0.924 0.3396 -0.1759
vn 0.8893 0.3795 -0.2554
vn 0.8891 -0.1156 0.443
vn 0.8892 -0.0527 0.4545
vn 0.8889 -0.1763 0.4227
vn 0.8889 -0.2335 0.3942
vn 0.8888 -0.2862 0.3579
vn 0.9236 -0.2787 0.2631
vn 0.8887 -0.374 0.2652
vn 0.8887 -0.4073 0.2105
vn 0.8887 -0.4326 0.1517
vn 0.8888 -0.4494 0.09
vn 0.9237 -0.3825 0.0221
vn 0.8889 -0.4565 -0.0375
vn 0.889 -0.4467 -0.1007
vn 0.8892 -0.428 -0.1619
vn 0.924 -0.3396 -0.1759
vn 0.8893 -0.3795 -0.2554
vn 0.9239 -0.2846 -0.2558
vn 0.889 -0.2946 -0.3506
vn 0.8889 -0.243 -0.3884
vn 0.8888 -0.1865 -0.4186
vn 0.8887 -0.1265 -0.4406
vn 0.8887 -0.0639 -0.454
vn 0.9236 0 -0.3833
vn 0.8887 0.0639 -0.454
vn 0.8887 0.1265 -0.4406
vn 0.8888 0.1865 -0.4186
vn 0.8889 0.243 -0.3884
vn 0.889 0.2946 -0.3506
vn 0.9239 0.2846 -0.2558
vn -0.0362 -0.5554 -0.8308
vn -0.0725 0.5554 -0.8284
vn -0.1523 -0.7098 -0.6877
vn -0.212 0.7098 -0.6718
vn -0.3251 -0.7098 -0.6249
vn -0.3786 0.7098 -0.594
vn -0.5607 -0.5576 -0.6121
vn -0.6121 0.5576 -0.5607
vn -0.594 -0.7098 -0.3786
vn -0.6249 0.7098 -0.3251
vn -0.6718 -0.7098 -0.212
vn -0.6877 0.7098 -0.1523
vn -0.6225 -0.7815 -0.0408
vn -0.3699 0.9288 -0.0242
vn -0.6667 0.3333 -0.6667
vn -0.5774 -0.5774 -0.5774
vn 0.0362 0.5554 -0.8308
vn 0.0725 -0.5554 -0.8284
vn 0.1523 0.7098 -0.6877
vn 0.212 -0.7098 -0.6718
vn 0.3251 0.7098 -0.6249
vn 0.3786 -0.7098 -0.594
vn 0.5607 0.5576 -0.6121
vn 0.6121 -0.5576 -0.5607
vn 0.594 0.7098 -0.3786
vn 0.6249 -0.7098 -0.3251
vn 0.6718 0.7098 -0.212
vn 0.6877 -0.7098 -0.1523
vn 0.6225 0.7815 -0.0408
vn 0.3699 -0.9288 -0.0242
vn 0.6667 -0.3333 -0.6667
vn 0.5774 0.5774 -0.5774
vn -0.0051 -0.2665 -0.9638
vn 0 -0.2842 -0.9588
vn -0.1808 -0.3689 -0.9117
vn -0.0007 -0.5272 -0.8497
vn 0 -0.9588 -0.2842
vn -0.0491 -0.9596 -0.2772
vn -0.0378 -0.8427 -0.5371
vn -0.0303 -0.6751 -0.7371
vn -0.0207 -0.4614 -0.8869
vn -0.0105 -0.2339 -0.9722
vn -0.0006 -0.0654 -0.9979
vn -0.0008 -0.7243 -0.6894
vn -0.0008 -0.8747 -0.4847
vn -0.0007 -0.9623 -0.272
vn -0.4223 0.568 -0.7064
vn -0.4495 0.3907 -0.8033
vn -0.042 -0.0026 -0.9991
vn -0.2341 -0.0337 -0.9716
vn -0.098 -0.008 -0.9952
vn -0.2771 -0.0096 -0.9608
vn -0.0785 -0.0012 -0.9969
vn -0.6446 0.3845 -0.6608
vn -0.2851 -0.0798 -0.9552
vn -0.4601 -0.1493 -0.8752
vn -0.7701 0.2138 -0.6011
vn -0.7569 0 -0.6535
vn -0.4884 -0.2376 -0.8397
vn -0.9116 -0.0633 -0.4063
vn -0.8569 -0.2585 -0.4461
vn -0.6119 -0.3366 -0.7157
vn -0.81 -0.4205 -0.4087
vn -0.5707 -0.4807 -0.6657
vn -0.7539 -0.5792 -0.3102
vn -0.6263 -0.6827 -0.3765
vn -0.4752 -0.5739 -0.667
vn -0.5049 -0.7676 -0.3949
vn -0.3906 -0.8273 -0.4038
vn -0.3426 -0.6039 -0.7197
vn -0.1979 -0.9164 -0.3479
vn -0.0991 -0.8367 -0.5387
vn -0.2536 -0.6455 -0.7204
vn -0.1599 -0.4641 -0.8712
vn 0.178 -0.8789 -0.4425
vn 0.1313 -0.6273 -0.7677
vn -0.0968 -0.5075 -0.8562
vn -0.0325 -0.2322 -0.9721
vn -0.1316 -0.7255 -0.6755
vn -0.3063 -0.81 -0.5001
vn -0.4326 -0.7238 -0.5375
vn -0.5014 -0.819 -0.279
vn -0.5683 -0.6534 -0.5001
vn -0.6538 -0.71 -0.2617
vn -0.6758 -0.5415 -0.5001
vn -0.7694 -0.5824 -0.2622
vn -0.7617 -0.4121 -0.5
vn -0.8606 -0.4363 -0.2627
vn -0.823 -0.2695 -0.5
vn -0.9243 -0.2764 -0.2631
vn -0.8566 -0.1276 -0.5
vn -0.9586 -0.1185 -0.2589
vn -0.8867 -0.0299 -0.4614
vn -0.9721 -0.026 -0.2332
vn -0.7372 -0.0248 -0.6752
vn -0.6992 -0.1052 -0.7071
vn -0.6716 -0.2211 -0.7072
vn -0.4943 -0.0757 -0.866
vn -0.5374 -0.0181 -0.8431
vn 0.5027 -0.6888 -0.5224
vn 0.4717 -0.4002 -0.7857
vn -0.0116 -0.0644 -0.9979
vn -0.0088 -0.0986 -0.9951
vn -0.1584 -0.8728 -0.4616
vn -0.3383 -0.9042 -0.2608
vn -0.5002 -0.8635 -0.0642
vn -0.6438 -0.7625 -0.0636
vn -0.7555 -0.6508 -0.0757
vn -0.8523 -0.5194 -0.0626
vn -0.9301 -0.362 -0.0622
vn -0.9792 -0.1933 -0.0618
vn -0.1897 -0.9533 -0.2349
vn -0.341 -0.9378 -0.0648
vn -0.1713 -0.983 -0.0655
vn -0.7916 0.5576 -0.2498
vn -0.594 0.7098 -0.3786
vn -0.4758 0.7098 -0.5194
vn -0.2756 0.8022 -0.5297
vn -0.1523 0.7098 -0.6877
vn -0.0261 0.8005 -0.5987
vn -0.0941 -0.8655 -0.492
vn -0.0209 -0.7899 -0.6129
vn -0.2189 -0.8354 -0.5041
vn -0.2752 -0.7058 -0.6528
vn 0.0057 -0.8132 -0.582
vn 0.019 -0.4321 -0.9016
vn 0.0273 -0.6278 -0.7779
vn 0.0345 -0.7908 -0.6111
vn 0.0403 -0.9107 -0.4111
vn 0.0438 -0.9809 -0.1893
vn 0.0585 -0.448 -0.8921
vn 0.0522 0.8005 -0.597
vn 0.2588 0 -0.9659
vn 0.1822 -0.7101 -0.6801
vn 0.3831 -0.5576 -0.7364
vn 0.3209 0.8022 -0.5035
vn 0.5 0 -0.866
vn 0.212 0.7098 -0.6718
vn 0.7071 0 -0.7071
vn 0.5194 0.7098 -0.4758
vn 0.8526 0 -0.5226
vn 0.7787 -0.1787 -0.6014
vn 0.9536 0 -0.3009
vn 0.9659 0 -0.2588
vn 0.9599 0.2753 -0.0539
vn 0.9983 0.0002 -0.0575
vn 0.9588 0 -0.2842
vn 0.9568 0.0006 -0.2908
vn 0.866 0 -0.5
vn 0.6759 0.1896 -0.7122
vn 0.6249 0.7098 -0.3251
vn 0.6801 0.7101 -0.1822
vn 0.8526 0.0008 -0.5225
vn 0.4462 0.5576 -0.7
vn 0.6934 0.0008 -0.7205
vn 0.2498 0.5576 -0.7916
vn 0.4895 0.0007 -0.872
vn 0.0486 0.372 -0.9269
vn 0.2533 0.0057 -0.9674
vn 0.5689 0.3034 -0.7644
vn 0.4758 -0.7098 -0.5194
vn 0.8132 -0.0057 -0.582
vn 0.7899 0.021 -0.6129
vn 0.4313 -0.0157 -0.9021
vn 0.6279 -0.0199 -0.778
vn 0.791 -0.0252 -0.6113
vn 0.9111 -0.0298 -0.4112
vn 0.9793 -0.0272 -0.2004
vn 0.8655 0.0941 -0.492
vn 0.8354 0.2189 -0.5041
vn 0.7058 0.2752 -0.6528
vn 0.6897 -0.0523 -0.7222
vn 0.5001 -0.1504 -0.8528
vn 0.7662 -0.1368 -0.6278
vn 0.5101 -0.0729 -0.857
vn 0.6852 -0.1052 -0.7207
vn 0.6733 -0.2158 -0.7072
vn 0.4939 -0.2378 -0.8364
vn 0.6302 -0.3291 -0.7032
vn 0.7645 -0.3864 -0.516
vn 0.5613 -0.4336 -0.7049
vn 0.7611 -0.5503 -0.3432
vn 0.613 -0.6059 -0.5071
vn 0.8428 -0.1286 -0.5227
vn 0.8242 -0.2657 -0.5001
vn 0.7635 -0.4086 -0.5
vn 0.6783 -0.5384 -0.5
vn 0.4854 -0.5351 -0.6914
vn 0.5712 -0.6509 -0.5001
vn 0.3598 -0.5884 -0.7241
vn 0.4459 -0.7424 -0.5001
vn 0.251 -0.661 -0.7072
vn 0.3061 -0.8101 -0.5001
vn 0.1348 -0.7114 -0.6897
vn 0.1613 -0.8596 -0.4849
vn 0.0997 -0.522 -0.8471
vn 0.1928 -0.4915 -0.8493
vn 0.2636 -0.4765 -0.8387
vn 0.3908 -0.7868 -0.4777
vn 0.2336 -0.8231 -0.5177
vn 0.5314 -0.7305 -0.4289
vn 0.9546 -0.1355 -0.2654
vn 0.9159 -0.3031 -0.2632
vn 0.8476 -0.4611 -0.2628
vn 0.7522 -0.6044 -0.2623
vn 0.6329 -0.7286 -0.2618
vn 0.4935 -0.8296 -0.2613
vn 0.3382 -0.9042 -0.2607
vn 0.1755 -0.9522 -0.2499
vn 0.056 -0.6917 -0.72
vn 0.1165 -0.8382 -0.5327
vn 0.8851 -0.2243 -0.4077
vn -0.5774 0.5774 -0.5774
vn -0.1925 0.1925 -0.9623
vn -0.1488 -0.9889 0
vn -0.3066 -0.9518 0
vn -0.4701 -0.8826 0
vn -0.6189 -0.7855 0
vn -0.7668 -0.6418 0
vn -0.2585 -0.6569 0.7083
vn -0.1393 -0.6921 0.7082
vn -0.4352 -0.7081 0.556
vn -0.4238 -0.3556 0.833
vn -0.6014 -0.3696 0.7083
vn -0.8826 -0.4701 0
vn -0.6569 -0.2585 0.7083
vn -0.9518 -0.3066 0
vn -0.8149 -0.1641 0.556
vn -0.9889 -0.1488 0
vn -0.3345 0.7609 -0.556
vn -0.1102 0.5879 -0.8014
vn -0.4364 -0.2182 -0.8729
vn 0.5345 0.2673 -0.8018
vn -0.0585 0.448 -0.8921
vn 0.2997 0.9251 -0.2331
vn -0.0522 -0.8005 -0.597
vn 0.6329 0.5378 -0.557
vn 0.3768 0.4055 -0.8329
vn -0.4082 0.4082 -0.8165
vn -0.1036 0.92 -0.378
vn 0.8948 0.4455 -0.0292
vn 0.7802 0.0259 0.6251
vn 0.8729 -0.4364 -0.2182
vn 0.9979 0.0393 -0.0522
vn 0.8284 -0.5554 -0.0725
vn 0.9272 0.2649 -0.2649
vn 0.5576 0.8105 -0.1795
vn 0.5576 0.7364 -0.3831
vn 0.5576 0.6121 -0.5607
vn 0.5576 0.4462 -0.7
vn 0.7098 0.212 -0.6718
vn 0.448 0.0585 -0.8921
vn 0.8326 -0.0362 -0.5527
vn 0.5576 -0.1795 -0.8105
vn 0.5576 -0.3831 -0.7364
vn 0.5576 -0.5607 -0.6121
vn 0.7098 -0.594 -0.3786
vn 0.5576 -0.7916 -0.2498
vn 0.7078 -0.7037 -0.0616
vn 0.4082 0.8165 -0.4082
vn 0.4364 0.2182 -0.8729
vn 0.0051 0.2665 -0.9638
vn -0 0.2842 -0.9588
vn 0.1808 0.3689 -0.9117
vn 0.0007 0.5272 -0.8497
vn 0 0.9588 -0.2842
vn 0.0331 0.996 -0.0833
vn 0.0214 0.9534 -0.3008
vn 0.0189 0.8431 -0.5374
vn 0.0151 0.6753 -0.7373
vn 0.0103 0.4615 -0.8871
vn 0.0058 0.2333 -0.9724
vn 0.0006 0.0654 -0.9979
vn 0.0008 0.7243 -0.6894
vn 0.0002 0.9964 -0.0848
vn 0.0008 0.8747 -0.4847
vn 0.0007 0.9623 -0.272
vn 0.4223 -0.568 -0.7064
vn 0.4563 -0.3929 -0.7984
vn 0.0566 0.004 -0.9984
vn 0.2338 0.0378 -0.9716
vn 0.2403 0.0225 -0.9704
vn 0.473 0.1135 -0.8737
vn 0.4985 0.0414 -0.8659
vn 0.6887 0.16 -0.7072
vn 0.705 0.0573 -0.7069
vn 0.8438 0.1946 -0.5001
vn 0.8633 0.0692 -0.4998
vn 0.942 0.2071 -0.2642
vn 0.9634 0.0685 -0.2592
vn 0.982 0.1787 -0.0611
vn 0.9724 0.0087 -0.2333
vn 0.8871 0.01 -0.4615
vn 0.7374 0.0083 -0.6754
vn 0.5375 0.006 -0.8433
vn 0.3009 0.0034 -0.9536
vn 0.087 0.0015 -0.9962
vn 0.0874 0.0079 -0.9961
vn 0.714 -0.4714 -0.5177
vn 0.7271 -0.1629 -0.667
vn 0.4695 0.1774 -0.8649
vn 0.6283 0.2799 -0.7258
vn 0.8712 0.1016 -0.4803
vn 0.8619 0.2621 -0.434
vn 0.5994 0.4178 -0.6828
vn 0.8462 0.4221 -0.3252
vn 0.7306 0.5615 -0.3885
vn 0.5288 0.5342 -0.6595
vn 0.6322 0.7123 -0.3048
vn 0.5098 0.7297 -0.4557
vn 0.4125 0.6019 -0.6837
vn 0.3757 0.8661 -0.3297
vn 0.2433 0.8268 -0.5072
vn 0.2998 0.6476 -0.7005
vn 0.2155 0.4987 -0.8396
vn 0.1852 0.6824 -0.7072
vn 0.1245 0.4757 -0.8707
vn 0.077 0.703 -0.707
vn 0.0533 0.4972 -0.866
vn 0.0954 0.8608 -0.4999
vn 0.2283 0.8354 -0.5001
vn 0.3739 0.7811 -0.5001
vn 0.5074 0.7018 -0.5001
vn 0.6246 0.5999 -0.5
vn 0.7217 0.4787 -0.5001
vn 0.7955 0.3422 -0.5001
vn 0.8346 -0.0646 -0.5471
vn 0.0219 0.9098 -0.4145
vn -0.1147 0.8222 -0.5575
vn -0.1805 0.6722 -0.7181
vn 0.042 0.2494 -0.9675
vn -0.5082 0.6903 -0.515
vn -0.4782 0.4063 -0.7786
vn 0.0141 0.0779 -0.9969
vn 0.0252 0.2581 -0.9658
vn 0.0073 0.0978 -0.9952
vn 0.1142 0.9591 -0.2589
vn 0.2686 0.926 -0.2651
vn 0.429 0.8635 -0.2651
vn 0.5757 0.7736 -0.265
vn 0.704 0.659 -0.2648
vn 0.8099 0.5234 -0.2646
vn 0.8901 0.3712 -0.2644
vn 0.186 0.9807 -0.0598
vn 0.3551 0.9329 -0.0599
vn 0.5131 0.8562 -0.0599
vn 0.6552 0.753 -0.06
vn 0.7672 0.6373 -0.0723
vn 0.86 0.5067 -0.0605
vn 0.9355 0.3481 -0.0608
vn 0.7916 -0.5576 -0.2498
vn 0.594 -0.7098 -0.3786
vn 0.2756 -0.8022 -0.5297
vn 0.1523 -0.7098 -0.6877
vn 0.0261 -0.8005 -0.5987
vn 0.0941 0.8655 -0.492
vn 0.0209 0.7899 -0.6129
vn 0.2189 0.8354 -0.5041
vn 0.2752 0.7058 -0.6528
vn -0.0057 0.8132 -0.582
vn -0.0125 0.4315 -0.902
vn -0.0121 0.628 -0.7781
vn -0.0155 0.7912 -0.6114
vn -0.0191 0.9113 -0.4113
vn -0.019 0.9795 -0.2005
vn -0.0537 0.9972 -0.0524
vn -0.2588 0 -0.9659
vn -0.1822 0.7101 -0.6801
vn -0.3831 0.5576 -0.7364
vn -0.3209 -0.8022 -0.5035
vn -0.5 0 -0.866
vn -0.212 -0.7098 -0.6718
vn -0.7071 0 -0.7071
vn -0.5194 -0.7098 -0.4758
vn -0.8526 0 -0.5226
vn -0.7787 0.1787 -0.6014
vn -0.9536 0 -0.3009
vn -0.9659 0 -0.2588
vn -0.9588 0 -0.2842
vn -0.9568 -0.0006 -0.2908
vn -0.866 0 -0.5
vn -0.6759 -0.1896 -0.7122
vn -0.6249 -0.7098 -0.3251
vn -0.6801 -0.7101 -0.1822
vn -0.8526 -0.0008 -0.5225
vn -0.4462 -0.5576 -0.7
vn -0.6934 -0.0008 -0.7205
vn -0.2498 -0.5576 -0.7916
vn -0.4895 -0.0007 -0.872
vn -0.0486 -0.372 -0.9269
vn -0.2533 -0.0057 -0.9674
vn -0.5689 -0.3034 -0.7644
vn -0.8132 0.0057 -0.582
vn -0.7899 -0.021 -0.6129
vn -0.4343 0.0081 -0.9008
vn -0.628 0.0029 -0.7782
vn -0.7913 0.004 -0.6115
vn -0.9114 0.0073 -0.4114
vn -0.9796 0.0119 -0.2005
vn -0.8655 -0.0941 -0.492
vn -0.8354 -0.2189 -0.5041
vn -0.7058 -0.2752 -0.6528
vn -0.6917 0.0472 -0.7206
vn -0.5155 0.1208 -0.8483
vn -0.7599 0.1256 -0.6378
vn -0.5151 0.0508 -0.8556
vn -0.6901 0.0711 -0.7202
vn -0.7189 0.1642 -0.6755
vn -0.6336 0.2823 -0.7203
vn -0.7955 0.3423 -0.5
vn -0.7037 0.4646 -0.5375
vn -0.7985 0.5319 -0.2819
vn -0.6273 0.597 -0.5
vn -0.6846 0.6791 -0.2648
vn -0.5106 0.6994 -0.5001
vn -0.553 0.7899 -0.2649
vn -0.3775 0.7794 -0.5001
vn -0.4038 0.8756 -0.2651
vn -0.2323 0.8343 -0.5001
vn -0.2418 0.9334 -0.2651
vn -0.107 0.8681 -0.4847
vn -0.1008 0.9641 -0.2455
vn -0.0908 0.7186 -0.6895
vn -0.1908 0.6808 -0.7072
vn -0.309 0.624 -0.7178
vn -0.4306 0.5743 -0.6963
vn -0.5192 0.4879 -0.7017
vn -0.5754 0.3709 -0.729
vn -0.8085 0.2547 -0.5306
vn -0.4925 0.2037 -0.8461
vn -0.8488 0.0829 -0.5222
vn -0.8648 0.1975 -0.4616
vn -0.8901 0.3713 -0.2644
vn -0.86 0.5067 -0.0604
vn -0.7579 0.6496 -0.0602
vn -0.6441 0.7615 -0.0721
vn -0.5131 0.8562 -0.0599
vn -0.3551 0.9329 -0.0599
vn -0.186 0.9807 -0.0598
vn -0.96 0.0889 -0.2654
vn -0.9448 0.2234 -0.2398
vn -0.9355 0.3481 -0.0608
vn -0.982 0.1787 -0.0611
vn -0.0682 0.5274 -0.8469
vn -0.148 0.4985 -0.8541
vn -0.2287 0.4881 -0.8423
vn -0.382 0.7705 -0.5104
vn -0.2274 0.887 -0.4019
vn -0.5413 0.7248 -0.4263
vn -0.6407 0.6386 -0.4262
vn -0.7286 0.5342 -0.4286
vn -0.8496 0.3948 -0.3499
vn -0.049 0.6895 -0.7226
vn -0.1323 0.7607 -0.6355
vn 0.5774 -0.5774 -0.5774
vn 0.1925 -0.1925 -0.9623
vn 0.0293 0.7062 0.7075
vn 0.1488 0.9889 0
vn 0.3066 0.9518 0
vn 0.4701 0.8826 0
vn 0.6189 0.7855 0
vn 0.7668 0.6418 0
vn 0.2585 0.6569 0.7083
vn 0.1393 0.6921 0.7082
vn 0.4352 0.7081 0.556
vn 0.4238 0.3556 0.833
vn 0.6014 0.3696 0.7083
vn 0.8826 0.4701 0
vn 0.6569 0.2585 0.7083
vn 0.9518 0.3066 0
vn 0.8149 0.1641 0.556
vn 0.9889 0.1488 0
vn -0.0331 0.799 0.6004
vn -0.9889 0.1488 0
vn -0.9518 0.3066 0
vn -0.8826 0.4701 0
vn -0.7855 0.6189 0
vn -0.6418 0.7668 0
vn -0.6569 0.2585 0.7083
vn -0.8149 0.1641 0.556
vn -0.6014 0.3696 0.7083
vn -0.3556 0.4238 0.833
vn -0.4352 0.7081 0.556
vn -0.4701 0.8826 0
vn -0.2585 0.6569 0.7083
vn -0.3066 0.9518 0
vn -0.1393 0.6921 0.7082
vn -0.1488 0.9889 0
vn -0.6329 -0.5378 -0.557
vn -0.3768 -0.4055 -0.8329
vn 0.4082 -0.4082 -0.8165
vn 0.1036 -0.92 -0.378
vn -0.6462 0.2841 -0.7083
vn 0.1952 -0.0976 -0.9759
vn -0.8166 0.153 -0.5566
vn -0.8466 -0.4876 -0.2133
vn 0.4464 -0.0167 -0.8947
vn -0.5194 -0.4758 -0.7098
vn -0.7364 -0.3831 -0.5576
vn -0.8105 -0.1795 -0.5576
vn -0.8293 0.0364 -0.5576
vn -0.6718 0.212 -0.7098
vn 0.6872 -0.1568 -0.7093
vn -0.7 0.4462 -0.5576
vn -0.4758 0.5194 -0.7098
vn 0.5285 -0.2794 -0.8016
vn -0.3831 0.7364 -0.5576
vn -0.1523 0.6877 -0.7098
vn 0.4531 -0.39 -0.8016
vn 0.0309 0.7037 -0.7098
vn -0.4123 -0.3042 -0.8588
vn 0.212 0.6718 -0.7098
vn -0.548 -0.239 -0.8016
vn 0.4462 0.7 -0.5576
vn 0.5194 0.4758 -0.7098
vn 0.4186 -0.5674 -0.7091
vn -0.46 -0.5344 -0.7091
vn 0.2819 -0.6463 -0.7091
vn -0.3296 -0.6234 -0.7091
vn 0.131 -0.6928 -0.7091
vn -0.2151 -0.8023 -0.5569
vn -0.0356 -0.9475 -0.3178
vn -0.5874 -0.1111 -0.8016
vn 0.7364 0.3831 -0.5576
vn 0.6877 0.1523 -0.7098
vn -0.4464 -0.0167 -0.8947
vn 0.8293 -0.0364 -0.5576
vn 0.7916 -0.2498 -0.5576
vn -0.212 -0.212 -0.954
vn 0.4758 -0.5194 -0.7098
vn 0.3831 -0.7364 -0.5576
vn 0.1795 -0.8105 -0.5576
vn -0.0309 -0.7037 -0.7098
vn 0.5378 0.6329 -0.557
vn 0.5171 0.4805 -0.7084
vn 0.8922 0.2636 -0.3666
vn -0.4462 -0.7 -0.5576
vn -0.2498 -0.7916 -0.5576
vn 0.7 -0.4462 -0.5576
vn -0.5345 -0.2673 -0.8018
vn 0.1102 -0.5879 -0.8014
vn -0.2997 -0.9251 -0.2331
vn 0.3345 -0.7609 -0.556
vn -0.4082 -0.8165 -0.4082
vn 0.6462 -0.2841 -0.7083
vn -0.1952 0.0976 -0.9759
vn 0.8166 -0.153 -0.5566
vn 0.8466 0.4876 -0.2133
vn -0.4464 0.0167 -0.8947
vn 0.8105 0.1795 -0.5576
vn 0.6718 -0.212 -0.7098
vn -0.6872 0.1568 -0.7093
vn -0.5285 0.2794 -0.8016
vn 0.1523 -0.6877 -0.7098
vn -0.3883 0.3343 -0.8588
vn 0.4811 0.3549 -0.8016
vn -0.212 -0.6718 -0.7098
vn 0.548 0.239 -0.8016
vn 0.46 0.5344 -0.7091
vn -0.4186 0.5674 -0.7091
vn 0.3296 0.6234 -0.7091
vn -0.2819 0.6463 -0.7091
vn 0.1826 0.6811 -0.7091
vn -0.1543 0.8162 -0.5569
vn 0.0356 0.9475 -0.3178
vn 0.5874 0.1111 -0.8016
vn -0.6877 -0.1523 -0.7098
vn 0.4464 0.0167 -0.8947
vn -0.7916 0.2498 -0.5576
vn 0.212 0.212 -0.954
vn -0.1795 0.8105 -0.5576
vn -0.5378 -0.6329 -0.557
vn -0.5171 -0.4805 -0.7084
vn -0.8922 -0.2636 -0.3666
vn 0.2498 0.7916 -0.5576
vn 0 0.8575 -0.5145
vn -0.212 0.6718 -0.7098
vn -0.0309 0.7037 -0.7098
vn -0.3786 0.594 -0.7098
vn -0.5194 0.4758 -0.7098
vn -0.6249 0.3251 -0.7098
vn -0.6877 0.1523 -0.7098
vn -0.947 -0.0416 -0.3184
vn -0.7916 -0.2498 -0.5576
vn -0.594 -0.3786 -0.7098
vn -0.4758 -0.5194 -0.7098
vn -0.3251 -0.6249 -0.7098
vn -0.1523 -0.6877 -0.7098
vn -0.0364 -0.8293 -0.5576
vn 0.0309 -0.7037 -0.7098
vn 0.212 -0.6718 -0.7098
vn 0.3251 -0.6249 -0.7098
vn 0.3786 -0.594 -0.7098
vn 0.5607 -0.6121 -0.5576
vn 0.5194 -0.4758 -0.7098
vn 0.6249 -0.3251 -0.7098
vn 0.6877 -0.1523 -0.7098
vn 0.947 0.0416 -0.3184
vn 0.7916 0.2498 -0.5576
vn 0.5297 0.2756 -0.8022
vn 0.594 0.3786 -0.7098
vn 0.4758 0.5194 -0.7098
vn 0.275 0.4314 -0.8592
vn 0.3251 0.6249 -0.7098
vn 0.1523 0.6877 -0.7098
vn 0.0364 0.8293 -0.5576
vn -0.3251 0.6249 -0.7098
vn -0.5607 0.6121 -0.5576
vn -0.5297 -0.2756 -0.8022
vn -0.275 -0.4314 -0.8592
vn 0 -0.9285 -0.3714
vn 0 -0.8575 -0.5145
vn -0 0.9285 -0.3714
vn -0.003 -0.3963 -0.9181
vn 0.5591 0.2602 -0.7872
vn -0.5591 -0.2602 -0.7872
vn 0.003 0.3963 -0.9181
vn -0.0616 0.7037 -0.7078
vn -0.0362 0.8308 -0.5554
vn 0.0171 0.3929 -0.9194
vn 0.0448 0.5118 -0.8579
vn 0.7058 0.0308 -0.7078
vn 0.3145 0.0275 -0.9489
vn 0.904 0.2853 -0.3184
vn 0.6249 0.3251 -0.7098
vn 0.7 0.4462 -0.5576
vn 0.5607 0.6121 -0.5576
vn 0.3831 0.7364 -0.5576
vn 0.1795 0.8105 -0.5576
vn 0.3502 -0.0153 -0.9365
vn 0.597 -0.0522 -0.8005
vn -0.2624 -0.0115 -0.9649
vn -0.3918 -0.0343 -0.9194
vn -0.904 -0.2853 -0.3184
vn -0.6249 -0.3251 -0.7098
vn -0.7 -0.4462 -0.5576
vn -0.5607 -0.6121 -0.5576
vn -0.3831 -0.7364 -0.5576
vn -0.1795 -0.8105 -0.5576
vn 0.2498 -0.7916 -0.5576
vn 0.4462 -0.7 -0.5576
vn 0.6121 -0.5607 -0.5576
vn 0.594 -0.3786 -0.7098
vn 0.7364 -0.3831 -0.5576
vn 0.9255 -0.205 -0.3184
vn -0.7058 -0.0308 -0.7078
vn -0.3145 -0.0275 -0.9489
vn -0.0106 -0.2419 -0.9703
vn -0.0616 -0.7037 -0.7078
vn -0.205 -0.9255 -0.3184
vn -0.6121 -0.5607 -0.5576
vn -0.0308 -0.7058 -0.7078
vn -0.0229 -0.2617 -0.9649
vn -0.9481 0.0207 -0.3174
vn -0.0522 -0.597 -0.8005
vn -0.0171 -0.3929 -0.9194
vn -0.3502 0.0153 -0.9365
vn -0.597 0.0522 -0.8005
vn 0.2624 0.0114 -0.9649
vn 0.3918 0.0343 -0.9194
vn -0.2498 0.7916 -0.5576
vn -0.4462 0.7 -0.5576
vn -0.6121 0.5607 -0.5576
vn -0.594 0.3786 -0.7098
vn -0.7364 0.3831 -0.5576
vn -0.9255 0.205 -0.3184
vn 0.0106 0.2419 -0.9703
vn 0.0616 0.7037 -0.7078
vn 0.205 0.9255 -0.3184
vn 0.6121 0.5607 -0.5576
vn 0.0308 0.7058 -0.7078
vn 0.0229 0.2617 -0.9649
vn 0.0308 -0.7058 -0.7078
vn 0.0616 -0.7037 -0.7078
vn 0.9481 -0.0207 -0.3174
vn 0.0725 -0.8284 -0.5554
vn -0.0261 -0.5987 -0.8005
vn -0.0725 -0.8284 -0.5554
vn -0.0261 0.5987 -0.8005
vn -0.0522 0.597 -0.8005
vn -0.2853 0.904 -0.3184
vn -0.8293 -0.0364 -0.5576
vn -0.6718 -0.212 -0.7098
vn 0.0362 0.8308 -0.5554
vn 0.0343 0.3918 -0.9194
vn 0.2853 -0.904 -0.3184
vn 0.4403 -0.4033 -0.8022
vn 0.5965 0.0262 -0.8022
vn 0.6718 0.212 -0.7098
vn 0.4033 0.4403 -0.8022
vn 0.3786 0.594 -0.7098
vn 0.0261 -0.5987 -0.8005
vn 0.0725 0.8284 -0.5554
vn -0.0343 -0.3918 -0.9194
vn 0.0952 0.5035 -0.8588
vn 0.1826 -0.6811 -0.7091
vn 0.0265 -0.7046 -0.7091
vn 0.3296 -0.6234 -0.7091
vn 0.46 -0.5344 -0.7091
vn 0.5674 -0.4186 -0.7091
vn 0.7614 -0.332 -0.5569
vn 0.3601 -0.0822 -0.9293
vn 0.5978 -0.0448 -0.8004
vn -0.5674 0.4186 -0.7091
vn -0.7614 0.332 -0.5569
vn -0.3601 0.0822 -0.9293
vn -0.5978 0.0448 -0.8004
vn -0.46 0.5344 -0.7091
vn -0.3296 0.6234 -0.7091
vn -0.1826 0.6811 -0.7091
vn -0.0952 -0.5035 -0.8588
vn -0.0265 0.7046 -0.7091
vn -0.332 -0.7614 -0.5569
vn -0.4186 -0.5674 -0.7091
vn -0.488 0.3462 -0.8012
vn -0.516 0.4829 -0.7075
vn -0.5483 0.2402 -0.801
vn -0.5859 0.1241 -0.8009
vn -0.599 0.0028 -0.8007
vn -0.5873 -0.1187 -0.8006
vn -0.6498 -0.2775 -0.7076
vn -0.6126 0.3507 -0.7083
vn 0.1231 0.1231 -0.9847
vn -0.2998 0.3312 -0.8946
vn -0.4083 0.5755 -0.7086
vn -0.2402 0.5483 -0.801
vn -0.1464 0.6908 -0.7081
vn -0.0033 0.7063 -0.7079
vn 0.1187 0.5873 -0.8006
vn 0.2775 0.6498 -0.7076
vn -0.2064 -0.7703 -0.6033
vn -0.3786 -0.594 -0.7098
vn -0.4403 -0.4033 -0.8022
vn -0.2954 -0.3369 -0.894
vn 0.1361 -0.2722 -0.9526
vn 0.5344 0.46 -0.7091
vn 0.7343 0.3882 -0.5569
vn 0.4949 0.1327 -0.8588
vn 0.5978 0.0448 -0.8004
vn 0.4186 0.5674 -0.7091
vn 0.332 0.7614 -0.5569
vn -0.5344 -0.46 -0.7091
vn -0.7343 -0.3882 -0.5569
vn -0.4949 -0.1327 -0.8588
vn 0.2998 -0.3312 -0.8946
vn 0.4083 -0.5755 -0.7086
vn 0.2402 -0.5483 -0.801
vn 0.1464 -0.6908 -0.7081
vn 0.0033 -0.7063 -0.7079
vn -0.1187 -0.5873 -0.8006
vn -0.2775 -0.6498 -0.7076
vn 0.2064 0.7703 -0.6033
vn 0.4403 0.4033 -0.8022
vn 0.3962 0.4518 -0.7993
vn -0.1204 0.2408 -0.9631
vn 0.5755 -0.4083 -0.7086
vn 0.4378 -0.4097 -0.8003
vn 0.5483 -0.2402 -0.801
vn 0.5859 -0.1241 -0.8009
vn 0.7063 -0.0033 -0.7079
vn 0.5873 0.1187 -0.8006
vn 0.6498 0.2775 -0.7076
vn 0.4799 -0.2747 -0.8332
vn -0.1231 -0.1231 -0.9847
vn -0.5978 -0.0448 -0.8004
vn 0.1952 -0.6765 -0.7101
vn 0.0251 -0.7037 -0.71
vn 0.3536 -0.6089 -0.7101
vn 0.5542 -0.5731 -0.6036
vn 0.6015 -0.3661 -0.71
vn 0.7703 -0.2057 -0.6036
vn 0.9473 0.0208 -0.3196
vn 0.8 0.2203 -0.5582
vn 0.6126 0.3475 -0.7099
vn 0.5086 0.4872 -0.7099
vn 0.3985 0.6906 -0.6035
vn 0.1692 0.6836 -0.71
vn -0.0008 0.7042 -0.71
vn -0.1701 0.6833 -0.71
vn -0.3964 0.6917 -0.6037
vn -0.5051 0.4905 -0.7101
vn -0.6089 0.3536 -0.7101
vn -0.6765 0.1952 -0.7101
vn -0.947 0.0337 -0.3193
vn -0.8625 -0.2311 -0.4503
vn 0.1701 -0.6833 -0.71
vn 0.0008 -0.7042 -0.71
vn 0.3964 -0.6917 -0.6037
vn 0.5051 -0.4905 -0.7101
vn 0.6089 -0.3536 -0.7101
vn 0.6765 -0.1952 -0.7101
vn 0.947 -0.0337 -0.3193
vn 0.8625 0.2311 -0.4503
vn -0.0251 0.7037 -0.71
vn -0.1952 0.6765 -0.7101
vn -0.3536 0.6089 -0.7101
vn -0.5542 0.5731 -0.6036
vn -0.6015 0.3661 -0.71
vn -0.7703 0.2057 -0.6036
vn -0.9473 -0.0208 -0.3196
vn -0.8 -0.2203 -0.5582
vn -0.6126 -0.3475 -0.7099
vn -0.5086 -0.4872 -0.7099
vn -0.3985 -0.6906 -0.6035
vn -0.1692 -0.6836 -0.71
vn 0.0323 -0.7054 -0.7081
vn 0.1378 -0.4927 -0.8592
vn 0.4647 -0.8254 -0.3205
vn 0.6317 -0.6301 -0.4516
vn 0.7233 -0.4058 -0.5587
vn 0.7989 -0.2225 -0.5588
vn 0.7054 -0.0322 -0.7081
vn -0.6517 0.5566 -0.5153
vn -0.4775 0.2757 -0.8342
vn 0.7053 0.0306 -0.7083
vn -0.7037 0.0309 -0.7098
vn 0.6888 0.1465 -0.71
vn 0.7289 0.3224 -0.6039
vn 0.5681 0.4161 -0.71
vn 0.5323 0.5932 -0.604
vn 0.3935 0.6943 -0.6026
vn -0.1797 -0.5694 -0.8022
vn 0.2402 0.7944 -0.5579
vn 0.0595 0.7022 -0.7095
vn -0.0306 -0.7053 -0.7083
vn -0.1465 -0.6888 -0.71
vn -0.3225 -0.7289 -0.6039
vn -0.4161 -0.5681 -0.71
vn -0.5932 -0.5323 -0.604
vn -0.6943 -0.3935 -0.6026
vn 0.5829 0.1291 -0.8022
vn -0.7944 -0.2402 -0.5579
vn -0.7022 -0.0595 -0.7095
vn 0.7037 -0.0309 -0.7098
vn -0.6993 0.0876 -0.7094
vn -0.666 0.2309 -0.7093
vn 0.4775 -0.2757 -0.8342
vn -0.6036 0.3642 -0.7092
vn 0.6517 -0.5566 -0.5153
vn -0.5327 0.464 -0.7078
vn 0.4482 -0.5462 -0.7077
vn -0.5987 0.664 -0.4481
vn -0.3642 0.6036 -0.7092
vn -0.2309 0.666 -0.7093
vn -0.0876 0.6993 -0.7094
vn -0.5672 0.6912 -0.4478
vn -0.8789 0.477 0
vn -0.2867 0.2353 -0.9287
vn -0.9659 0.2588 0
vn -1 0 0
vn -0.9659 -0.2588 0
vn -0.866 -0.5 0
vn -0.5829 -0.1291 -0.8022
vn -0.7071 -0.7071 0
vn -0.5 -0.866 0
vn -0.5035 -0.3209 -0.8022
vn -0.2588 -0.9659 0
vn 0.2588 -0.9659 0
vn 0.477 -0.8789 0
vn 0.5072 -0.6181 -0.6006
vn 0.0364 -0.8293 -0.5576
vn 0.5 -0.866 0
vn 0.6028 -0.7058 -0.372
vn 0.352 -0.6097 -0.7101
vn -0.866 0.5 0
vn -0.5933 0.5067 -0.6255
vn -0.6028 0.7058 -0.372
vn -0.5072 0.6181 -0.6006
vn 0.8789 -0.477 0
vn 0.3135 -0.2573 -0.9141
vn 0.9659 -0.2588 0
vn 1 0 0
vn 0.9659 0.2588 0
vn 0.866 0.5 0
vn 0.7071 0.7071 0
vn 0.5 0.866 0
vn 0.1797 0.5694 -0.8022
vn 0.2588 0.9659 0
vn -0.2588 0.9659 0
vn -0.477 0.8789 0
vn -0.0364 0.8293 -0.5576
vn -0.5 0.866 0
vn -0.352 0.6097 -0.7101
vn 0.866 -0.5 0
vn 0.7058 -0.6028 -0.372
vn 0.3453 -0.2833 -0.8947
vn -0.5566 0.6517 -0.5153
vn 0.5566 -0.6517 -0.5153
vn -0.3135 0.2573 -0.9141
vn -0.0357 0.7791 -0.6259
vn -0.2233 0.7987 -0.5587
vn -0.4069 0.7227 -0.5587
vn -0.6317 0.6301 -0.4516
vn -0.7233 0.4058 -0.5587
vn -0.9125 0.2541 -0.3206
vn -0.4843 0.0221 -0.8746
vn 0.6036 -0.3642 -0.7092
vn 0.666 -0.231 -0.7093
vn 0.6993 -0.0876 -0.7094
vn 0.7022 0.0595 -0.7095
vn 0.7944 0.2402 -0.5579
vn 0.6943 0.3935 -0.6026
vn 0.5932 0.5323 -0.604
vn 0.4161 0.5681 -0.71
vn 0.3225 0.7289 -0.6039
vn 0.1465 0.6888 -0.71
vn 0.0306 0.7053 -0.7083
vn -0.7053 -0.0306 -0.7083
vn -0.6888 -0.1465 -0.71
vn -0.7289 -0.3224 -0.6039
vn -0.5681 -0.4161 -0.71
vn -0.5323 -0.5932 -0.604
vn -0.3935 -0.6943 -0.6026
vn -0.2402 -0.7944 -0.5579
vn -0.0595 -0.7022 -0.7095
vn 0.0876 -0.6993 -0.7094
vn 0.231 -0.666 -0.7093
vn 0.3642 -0.6036 -0.7092
vn 0.5353 -0.5937 -0.6008
vn 0.627 -0.5461 -0.5556
vn -0.6667 -0.3333 0.6667
vn -0.5549 -0.8318 -0.0168
vn -0.7077 -0.703 -0.071
vn -0.7077 -0.6893 -0.1552
vn -0.7077 -0.6655 -0.2372
vn -0.7077 -0.6321 -0.3157
vn -0.7077 -0.5894 -0.3896
vn -0.8005 -0.4566 -0.3883
vn -0.7077 -0.4791 -0.5193
vn -0.7077 -0.413 -0.5733
vn -0.7077 -0.3409 -0.6189
vn -0.7077 -0.2638 -0.6554
vn -0.7077 -0.1829 -0.6825
vn -0.5553 -0.1169 -0.8234
vn -0.3167 -0.0191 -0.9483
vn -0.7077 0.071 -0.703
vn -0.7077 0.1552 -0.6893
vn -0.7077 0.2372 -0.6655
vn -0.7077 0.3157 -0.6321
vn -0.7077 0.3896 -0.5894
vn -0.7077 0.4578 -0.5382
vn -0.5553 0.6112 -0.5639
vn -0.7077 0.5733 -0.413
vn -0.7077 0.6189 -0.3409
vn -0.7077 0.6554 -0.2638
vn -0.7077 0.6825 -0.1829
vn -0.6007 0.7936 -0.0964
vn -0.8945 0.4468 -0.0135
vn -0.4082 0.8165 0.4082
vn 0.5576 0.7916 -0.2498
vn 0.5576 0.7 -0.4462
vn 0.5576 0.5607 -0.6121
vn 0.5576 0.3831 -0.7364
vn 0.3184 0.205 -0.9255
vn 0.9884 0.0099 -0.1514
vn 0.956 0.019 0.2929
vn 0.8324 0.554 0.0155
vn 0.956 -0.0192 -0.2929
vn 0.9489 -0.3154 -0.0138
vn 0.8004 -0.5992 0.0168
vn 0.9745 -0.0194 0.2236
vn 0.5579 0.8089 0.1857
vn 0.5578 0.7338 0.3877
vn 0.5578 0.6093 0.5636
vn 0.5578 0.4437 0.7015
vn 0.3186 0.2833 0.9045
vn 0.5579 -0.8089 0.1857
vn 0.5578 -0.7338 0.3877
vn 0.3186 -0.2833 0.9045
vn 0.5578 -0.4437 0.7015
vn 0.5578 -0.6093 0.5636
vn 0.5576 -0.8105 -0.1795
vn 0.5576 -0.7364 -0.3831
vn 0.5576 -0.6121 -0.5607
vn 0.5576 -0.4462 -0.7
vn 0.3184 -0.2853 -0.904
f 1//1 2//2 3//3
f 4//4 3//3 5//5
f 6//6 5//5 7//7
f 8//8 7//7 9//9
f 10//10 9//9 11//11
f 12//12 11//11 13//13
f 14//14 13//13 15//15
f 16//16 15//15 17//17
f 16//16 14//14 15//15
f 18//18 19//19 20//20
f 18//18 21//21 19//19
f 18//18 22//22 21//21
f 21//21 22//22 23//23
f 24//24 23//23 25//25
f 26//26 25//25 27//27
f 28//28 27//27 29//29
f 30//30 29//29 31//31
f 32//32 31//31 33//33
f 34//34 33//33 35//35
f 36//36 35//35 37//37
f 36//36 34//34 35//35
f 36//36 38//38 34//34
f 34//34 38//38 39//39
f 32//32 39//39 40//40
f 30//30 40//40 41//41
f 28//28 41//41 42//42
f 26//26 42//42 43//43
f 24//24 43//43 44//44
f 21//21 44//44 19//19
f 21//21 24//24 44//44
f 21//21 23//23 24//24
f 22//22 45//45 23//23
f 23//23 45//45 46//46
f 25//25 46//46 47//47
f 27//27 47//47 48//48
f 29//29 48//48 49//49
f 31//31 49//49 50//50
f 33//33 50//50 51//51
f 35//35 51//51 52//52
f 37//37 52//52 53//53
f 37//37 35//35 52//52
f 45//45 54//54 46//46
f 46//46 54//54 55//55
f 56//56 46//46 55//55
f 56//56 47//47 46//46
f 56//56 57//57 47//47
f 47//47 57//57 48//48
f 48//48 57//57 58//58
f 49//49 58//58 50//50
f 49//49 48//48 58//58
f 58//58 59//59 50//50
f 50//50 59//59 51//51
f 51//51 59//59 60//60
f 52//52 60//60 53//53
f 52//52 51//51 60//60
f 60//60 61//61 53//53
f 38//38 17//17 39//39
f 39//39 17//17 15//15
f 40//40 15//15 13//13
f 41//41 13//13 11//11
f 42//42 11//11 9//9
f 43//43 9//9 7//7
f 44//44 7//7 5//5
f 19//19 5//5 3//3
f 20//20 3//3 2//2
f 20//20 19//19 3//3
f 14//14 12//12 13//13
f 12//12 10//10 11//11
f 10//10 8//8 9//9
f 8//8 6//6 7//7
f 6//6 4//4 5//5
f 4//4 1//1 3//3
f 25//25 23//23 46//46
f 5//5 19//19 44//44
f 27//27 25//25 47//47
f 43//43 24//24 26//26
f 26//26 24//24 25//25
f 7//7 44//44 43//43
f 29//29 27//27 48//48
f 42//42 26//26 28//28
f 28//28 26//26 27//27
f 9//9 43//43 42//42
f 29//29 49//49 31//31
f 28//28 29//29 30//30
f 41//41 28//28 30//30
f 31//31 50//50 33//33
f 40//40 30//30 32//32
f 32//32 30//30 31//31
f 41//41 11//11 42//42
f 13//13 41//41 40//40
f 35//35 33//33 51//51
f 39//39 32//32 34//34
f 34//34 32//32 33//33
f 15//15 40//40 39//39
f 62//62 63//63 64//64
f 62//62 65//65 63//63
f 62//62 66//66 65//65
f 65//65 66//66 67//67
f 68//68 67//67 69//69
f 70//69 69//69 71//70
f 72//71 71//70 16//16
f 17//17 72//71 16//16
f 17//17 73//72 72//71
f 17//17 38//38 73//72
f 73//72 38//38 74//73
f 75//68 74//73 76//74
f 77//74 76//74 78//75
f 63//63 78//75 64//64
f 63//63 77//74 78//75
f 63//63 65//65 77//74
f 77//74 65//65 68//68
f 75//68 68//68 70//69
f 73//72 70//69 72//71
f 73//72 75//68 70//69
f 73//72 74//73 75//68
f 66//66 79//76 67//67
f 67//67 79//76 80//77
f 81//78 80//77 82//79
f 83//80 82//79 84//81
f 85//82 84//81 16//16
f 71//70 85//82 16//16
f 71//70 69//69 85//82
f 85//82 69//69 81//78
f 83//80 81//78 82//79
f 83//80 85//82 81//78
f 83//80 84//81 85//82
f 67//67 80//77 81//78
f 69//69 67//67 81//78
f 38//38 36//36 74//73
f 74//73 36//36 37//37
f 86//83 37//37 53//53
f 87//84 53//53 61//61
f 88//85 61//61 64//64
f 78//75 88//85 64//64
f 78//75 76//74 88//85
f 88//85 76//74 86//83
f 87//84 86//83 53//53
f 87//84 88//85 86//83
f 87//84 61//61 88//85
f 74//73 37//37 86//83
f 76//74 74//73 86//83
f 75//68 76//74 77//74
f 68//68 75//68 77//74
f 67//67 68//68 65//65
f 70//69 68//68 69//69
f 72//71 70//69 71//70
f 89//86 90//87 91//88
f 91//88 90//87 92//89
f 93//90 92//89 94//91
f 95//92 94//91 96//93
f 97//94 96//93 98//95
f 99//96 98//95 100//97
f 101//98 100//97 102//99
f 103//100 101//98 102//99
f 103//100 104//101 101//98
f 103//100 105//102 104//101
f 104//101 105//102 106//103
f 107//104 106//103 108//105
f 109//106 108//105 110//107
f 111//108 110//107 112//109
f 113//110 112//109 66//66
f 62//62 113//110 66//66
f 62//62 64//64 113//110
f 113//110 64//64 114//111
f 115//112 114//111 116//113
f 117//114 116//113 118//115
f 119//116 118//115 120//117
f 121//118 120//117 95//92
f 97//94 95//92 96//93
f 97//94 121//118 95//92
f 97//94 122//119 121//118
f 97//94 99//96 122//119
f 97//94 98//95 99//96
f 90//87 123//120 92//89
f 92//89 123//120 94//91
f 94//91 123//120 124//121
f 96//93 124//121 125//122
f 98//95 125//122 126//123
f 100//97 126//123 127//124
f 102//99 100//97 127//124
f 94//91 124//121 96//93
f 96//93 125//122 98//95
f 98//95 126//123 100//97
f 105//102 128//125 106//103
f 106//103 128//125 129//126
f 108//105 129//126 130//127
f 110//107 130//127 131//128
f 112//109 131//128 79//76
f 66//66 112//109 79//76
f 128//125 132//129 129//126
f 129//126 132//129 133//130
f 130//127 133//130 134//131
f 131//128 134//131 80//77
f 79//76 131//128 80//77
f 132//129 135//132 133//130
f 133//130 135//132 136//133
f 134//131 136//133 82//79
f 80//77 134//131 82//79
f 135//132 137//134 136//133
f 136//133 137//134 84//81
f 82//79 136//133 84//81
f 113//110 114//111 115//112
f 111//108 115//112 138//135
f 109//106 138//135 139//136
f 107//104 139//136 140//137
f 104//101 140//137 101//98
f 104//101 107//104 140//137
f 104//101 106//103 107//104
f 115//112 116//113 117//114
f 138//135 117//114 141//138
f 139//136 141//138 122//119
f 140//137 122//119 99//96
f 101//98 99//96 100//97
f 101//98 140//137 99//96
f 118//115 142//139 120//117
f 120//117 142//139 93//90
f 95//92 93//90 94//91
f 95//92 120//117 93//90
f 142//139 91//88 93//90
f 93//90 91//88 92//89
f 141//138 117//114 119//116
f 121//118 119//116 120//117
f 121//118 141//138 119//116
f 121//118 122//119 141//138
f 139//136 122//119 140//137
f 108//105 106//103 129//126
f 109//106 139//136 107//104
f 108//105 109//106 107//104
f 138//135 141//138 139//136
f 117//114 118//115 119//116
f 130//127 129//126 133//130
f 110//107 108//105 130//127
f 111//108 138//135 109//106
f 110//107 111//108 109//106
f 115//112 117//114 138//135
f 134//131 133//130 136//133
f 131//128 130//127 134//131
f 112//109 110//107 131//128
f 113//110 115//112 111//108
f 112//109 113//110 111//108
f 143//140 144//141 145//142
f 143//140 146//143 144//141
f 143//140 147//144 146//143
f 146//143 147//144 148//145
f 149//146 148//145 150//147
f 151//147 150//147 152//148
f 153//149 152//148 127//124
f 154//149 127//124 155//150
f 156//147 155//150 157//151
f 158//146 157//151 159//152
f 160//153 159//152 161//154
f 162//155 161//154 163//156
f 89//86 163//156 90//87
f 89//86 162//155 163//156
f 89//86 164//157 162//155
f 89//86 145//142 164//157
f 164//157 145//142 165//155
f 166//153 165//155 167//153
f 168//146 167//153 169//146
f 170//147 169//146 151//147
f 153//149 151//147 152//148
f 153//149 170//147 151//147
f 153//149 154//149 170//147
f 153//149 127//124 154//149
f 147//144 171//158 148//145
f 148//145 171//158 172//159
f 173//160 172//159 174//161
f 175//162 174//161 176//163
f 177//149 176//163 152//148
f 150//147 177//149 152//148
f 150//147 173//160 177//149
f 150//147 148//145 173//160
f 173//160 148//145 172//159
f 173//160 174//161 175//162
f 177//149 175//162 176//163
f 177//149 173//160 175//162
f 176//163 127//124 152//148
f 127//124 126//123 155//150
f 155//150 126//123 157//151
f 157//151 126//123 125//122
f 159//152 125//122 124//121
f 123//120 159//152 124//121
f 123//120 161//154 159//152
f 123//120 90//87 161//154
f 161//154 90//87 163//156
f 157//151 125//122 159//152
f 165//155 145//142 178//155
f 167//153 178//155 179//153
f 169//146 179//153 149//146
f 151//147 149//146 150//147
f 151//147 169//146 149//146
f 178//155 144//141 179//153
f 178//155 145//142 144//141
f 165//155 178//155 167//153
f 165//155 166//153 164//157
f 164//157 166//153 160//153
f 162//155 160//153 161//154
f 162//155 164//157 160//153
f 149//146 179//153 146//143
f 148//145 149//146 146//143
f 169//146 167//153 179//153
f 144//141 146//143 179//153
f 167//153 168//146 166//153
f 166//153 168//146 158//146
f 160//153 158//146 159//152
f 160//153 166//153 158//146
f 169//146 170//147 168//146
f 168//146 170//147 156//147
f 158//146 156//147 157//151
f 158//146 168//146 156//147
f 155//150 156//147 154//149
f 154//149 156//147 170//147
f 180//164 181//165 182//166
f 182//166 181//165 183//167
f 184//168 183//167 185//169
f 186//170 185//169 187//171
f 188//172 187//171 189//173
f 190//174 189//173 191//175
f 192//176 191//175 193//177
f 194//178 192//176 193//177
f 194//178 195//179 192//176
f 194//178 196//180 195//179
f 195//179 196//180 197//181
f 198//182 197//181 199//183
f 200//184 199//183 201//185
f 202//186 201//185 203//187
f 204//188 203//187 147//144
f 143//140 204//188 147//144
f 143//140 145//142 204//188
f 204//188 145//142 205//189
f 206//190 205//189 207//191
f 208//192 207//191 209//193
f 210//194 209//193 211//195
f 212//196 211//195 186//170
f 188//172 186//170 187//171
f 188//172 212//196 186//170
f 188//172 213//197 212//196
f 188//172 190//174 213//197
f 188//172 189//173 190//174
f 181//165 214//198 183//167
f 183//167 214//198 185//169
f 185//169 214//198 215//199
f 187//171 215//199 216//200
f 189//173 216//200 217//201
f 191//175 217//201 218//202
f 193//177 191//175 218//202
f 185//169 215//199 187//171
f 187//171 216//200 189//173
f 189//173 217//201 191//175
f 196//180 219//203 197//181
f 197//181 219//203 220//204
f 199//183 220//204 221//205
f 201//185 221//205 222//206
f 203//187 222//206 171//158
f 147//144 203//187 171//158
f 219//203 223//207 220//204
f 220//204 223//207 224//208
f 221//205 224//208 225//209
f 222//206 225//209 172//159
f 171//158 222//206 172//159
f 223//207 226//210 224//208
f 224//208 226//210 227//211
f 225//209 227//211 174//161
f 172//159 225//209 174//161
f 226//210 228//212 227//211
f 227//211 228//212 176//163
f 174//161 227//211 176//163
f 204//188 205//189 206//190
f 202//186 206//190 229//213
f 200//184 229//213 230//214
f 198//182 230//214 231//215
f 195//179 231//215 192//176
f 195//179 198//182 231//215
f 195//179 197//181 198//182
f 206//190 207//191 208//192
f 229//213 208//192 232//216
f 230//214 232//216 213//197
f 231//215 213//197 190//174
f 192//176 190//174 191//175
f 192//176 231//215 190//174
f 209//193 233//217 211//195
f 211//195 233//217 184//168
f 186//170 184//168 185//169
f 186//170 211//195 184//168
f 233//217 182//166 184//168
f 184//168 182//166 183//167
f 232//216 208//192 210//194
f 212//196 210//194 211//195
f 212//196 232//216 210//194
f 212//196 213//197 232//216
f 230//214 213//197 231//215
f 199//183 197//181 220//204
f 200//184 230//214 198//182
f 199//183 200//184 198//182
f 229//213 232//216 230//214
f 208//192 209//193 210//194
f 221//205 220//204 224//208
f 201//185 199//183 221//205
f 202//186 229//213 200//184
f 201//185 202//186 200//184
f 206//190 208//192 229//213
f 225//209 224//208 227//211
f 222//206 221//205 225//209
f 203//187 201//185 222//206
f 204//188 206//190 202//186
f 203//187 204//188 202//186
f 234//218 235//219 236//220
f 234//218 237//221 235//219
f 234//218 238//222 237//221
f 237//221 238//222 239//223
f 240//224 239//223 241//225
f 242//225 241//225 243//226
f 244//227 243//226 218//202
f 217//201 244//227 218//202
f 217//201 245//228 244//227
f 217//201 216//200 245//228
f 245//228 216//200 246//229
f 247//224 246//229 248//230
f 249//230 248//230 250//231
f 235//219 250//231 236//220
f 235//219 249//230 250//231
f 235//219 237//221 249//230
f 249//230 237//221 240//224
f 247//224 240//224 242//225
f 245//228 242//225 244//227
f 245//228 247//224 242//225
f 245//228 246//229 247//224
f 238//222 251//232 239//223
f 239//223 251//232 252//233
f 253//234 252//233 254//235
f 255//236 254//235 256//237
f 257//238 256//237 218//202
f 243//226 257//238 218//202
f 243//226 241//225 257//238
f 257//238 241//225 253//234
f 255//236 253//234 254//235
f 255//236 257//238 253//234
f 255//236 256//237 257//238
f 239//223 252//233 253//234
f 241//225 239//223 253//234
f 216//200 215//199 246//229
f 246//229 215//199 214//198
f 258//239 214//198 181//165
f 259//240 181//165 180//164
f 260//241 180//164 236//220
f 250//231 260//241 236//220
f 250//231 248//230 260//241
f 260//241 248//230 258//239
f 259//240 258//239 181//165
f 259//240 260//241 258//239
f 259//240 180//164 260//241
f 246//229 214//198 258//239
f 248//230 246//229 258//239
f 247//224 248//230 249//230
f 240//224 247//224 249//230
f 239//223 240//224 237//221
f 242//225 240//224 241//225
f 244//227 242//225 243//226
f 261//242 262//243 263//244
f 263//244 262//243 264//245
f 265//246 264//245 266//247
f 267//248 266//247 268//249
f 269//250 268//249 270//251
f 271//252 270//251 272//253
f 273//254 272//253 274//255
f 275//256 273//254 274//255
f 275//256 276//257 273//254
f 275//256 277//258 276//257
f 276//257 277//258 278//259
f 279//260 278//259 280//261
f 281//262 280//261 282//263
f 283//264 282//263 284//265
f 285//266 284//265 238//222
f 234//218 285//266 238//222
f 234//218 236//220 285//266
f 285//266 236//220 286//267
f 287//268 286//267 288//269
f 289//270 288//269 290//271
f 291//272 290//271 292//273
f 293//274 292//273 267//248
f 269//250 267//248 268//249
f 269//250 293//274 267//248
f 269//250 294//275 293//274
f 269//250 271//252 294//275
f 269//250 270//251 271//252
f 262//243 295//276 264//245
f 264//245 295//276 266//247
f 266//247 295//276 296//277
f 268//249 296//277 297//278
f 270//251 297//278 298//279
f 272//253 298//279 299//280
f 274//255 272//253 299//280
f 266//247 296//277 268//249
f 268//249 297//278 270//251
f 270//251 298//279 272//253
f 277//258 300//281 278//259
f 278//259 300//281 301//282
f 280//261 301//282 302//283
f 282//263 302//283 303//284
f 284//265 303//284 251//232
f 238//222 284//265 251//232
f 300//281 304//285 301//282
f 301//282 304//285 305//286
f 302//283 305//286 306//287
f 303//284 306//287 252//233
f 251//232 303//284 252//233
f 304//285 307//288 305//286
f 305//286 307//288 308//289
f 306//287 308//289 254//235
f 252//233 306//287 254//235
f 307//288 309//290 308//289
f 308//289 309//290 256//237
f 254//235 308//289 256//237
f 285//266 286//267 287//268
f 283//264 287//268 310//291
f 281//262 310//291 311//292
f 279//260 311//292 312//293
f 276//257 312//293 273//254
f 276//257 279//260 312//293
f 276//257 278//259 279//260
f 287//268 288//269 289//270
f 310//291 289//270 313//294
f 311//292 313//294 294//275
f 312//293 294//275 271//252
f 273//254 271//252 272//253
f 273//254 312//293 271//252
f 290//271 314//295 292//273
f 292//273 314//295 265//246
f 267//248 265//246 266//247
f 267//248 292//273 265//246
f 314//295 263//244 265//246
f 265//246 263//244 264//245
f 313//294 289//270 291//272
f 293//274 291//272 292//273
f 293//274 313//294 291//272
f 293//274 294//275 313//294
f 311//292 294//275 312//293
f 280//261 278//259 301//282
f 281//262 311//292 279//260
f 280//261 281//262 279//260
f 310//291 313//294 311//292
f 289//270 290//271 291//272
f 302//283 301//282 305//286
f 282//263 280//261 302//283
f 283//264 310//291 281//262
f 282//263 283//264 281//262
f 287//268 289//270 310//291
f 306//287 305//286 308//289
f 303//284 302//283 306//287
f 284//265 282//263 303//284
f 285//266 287//268 283//264
f 284//265 285//266 283//264
f 54//54 315//296 55//55
f 54//54 316//297 315//296
f 54//54 45//45 316//297
f 316//297 45//45 317//298
f 318//299 317//298 319//300
f 320//300 319//300 321//301
f 322//302 321//301 299//280
f 323//302 299//280 324//303
f 325//300 324//303 326//304
f 327//299 326//304 328//305
f 329//306 328//305 330//307
f 331//308 330//307 332//309
f 261//242 332//309 262//243
f 261//242 331//308 332//309
f 261//242 333//310 331//308
f 261//242 55//55 333//310
f 333//310 55//55 334//308
f 335//306 334//308 336//306
f 337//299 336//306 338//299
f 339//300 338//299 320//300
f 322//302 320//300 321//301
f 322//302 339//300 320//300
f 322//302 323//302 339//300
f 322//302 299//280 323//302
f 45//45 22//22 317//298
f 317//298 22//22 18//18
f 340//311 18//18 20//20
f 341//312 20//20 2//2
f 342//302 2//2 321//301
f 319//300 342//302 321//301
f 319//300 340//311 342//302
f 319//300 317//298 340//311
f 340//311 317//298 18//18
f 340//311 20//20 341//312
f 342//302 341//312 2//2
f 342//302 340//311 341//312
f 2//2 299//280 321//301
f 299//280 298//279 324//303
f 324//303 298//279 326//304
f 326//304 298//279 297//278
f 328//305 297//278 296//277
f 295//276 328//305 296//277
f 295//276 330//307 328//305
f 295//276 262//243 330//307
f 330//307 262//243 332//309
f 326//304 297//278 328//305
f 334//308 55//55 343//308
f 336//306 343//308 344//306
f 338//299 344//306 318//299
f 320//300 318//299 319//300
f 320//300 338//299 318//299
f 343//308 315//296 344//306
f 343//308 55//55 315//296
f 334//308 343//308 336//306
f 334//308 335//306 333//310
f 333//310 335//306 329//306
f 331//308 329//306 330//307
f 331//308 333//310 329//306
f 318//299 344//306 316//297
f 317//298 318//299 316//297
f 338//299 336//306 344//306
f 315//296 316//297 344//306
f 336//306 337//299 335//306
f 335//306 337//299 327//299
f 329//306 327//299 328//305
f 329//306 335//306 327//299
f 338//299 339//300 337//299
f 337//299 339//300 325//300
f 327//299 325//300 326//304
f 327//299 337//299 325//300
f 324//303 325//300 323//302
f 323//302 325//300 339//300
f 256//237 345//313 218//202
f 218//202 345//313 346//314
f 345//313 256//237 347//315
f 347//315 256//237 309//290
f 348//316 309//290 307//288
f 349//317 307//288 304//285
f 350//318 304//285 300//281
f 351//319 300//281 277//258
f 352//320 277//258 275//256
f 353//321 275//256 274//255
f 354//322 274//255 299//280
f 355//323 354//322 299//280
f 347//315 309//290 348//316
f 348//316 307//288 349//317
f 349//317 304//285 350//318
f 350//318 300//281 351//319
f 351//319 277//258 352//320
f 352//320 275//256 353//321
f 353//321 274//255 354//322
f 2//2 356//324 299//280
f 299//280 356//324 355//323
f 356//324 2//2 357//325
f 357//325 2//2 1//1
f 358//326 1//1 4//4
f 359//327 4//4 6//6
f 360//328 6//6 8//8
f 361//329 8//8 10//10
f 362//330 10//10 12//12
f 363//331 12//12 14//14
f 364//332 14//14 16//16
f 365//333 364//332 16//16
f 357//325 1//1 358//326
f 358//326 4//4 359//327
f 359//327 6//6 360//328
f 360//328 8//8 361//329
f 361//329 10//10 362//330
f 362//330 12//12 363//331
f 363//331 14//14 364//332
f 366//334 367//335 89//86
f 368//336 89//86 369//337
f 368//336 366//334 89//86
f 370//338 145//142 371//339
f 370//338 372//340 145//142
f 145//142 372//340 373//341
f 374//342 145//142 373//341
f 374//342 205//189 145//142
f 374//342 207//191 205//189
f 374//342 209//193 207//191
f 374//342 233//217 209//193
f 374//342 182//166 233//217
f 374//342 180//164 182//166
f 374//342 375//343 180//164
f 180//164 375//343 376//344
f 377//345 180//164 376//344
f 377//345 378//346 180//164
f 180//164 378//346 236//220
f 236//220 378//346 379//347
f 380//348 236//220 379//347
f 380//348 381//349 236//220
f 236//220 381//349 286//267
f 286//267 381//349 288//269
f 288//269 381//349 290//271
f 290//271 381//349 314//295
f 314//295 381//349 263//244
f 263//244 381//349 261//242
f 261//242 381//349 382//350
f 383//351 261//242 382//350
f 383//351 384//352 261//242
f 261//242 384//352 385//353
f 55//55 385//353 386//354
f 387//355 55//55 386//354
f 387//355 388//356 55//55
f 55//55 388//356 389//357
f 390//358 55//55 389//357
f 390//358 56//56 55//55
f 390//358 57//57 56//56
f 390//358 58//58 57//57
f 390//358 59//59 58//58
f 390//358 60//60 59//59
f 390//358 61//61 60//60
f 390//358 391//359 61//61
f 61//61 391//359 392//360
f 393//361 61//61 392//360
f 393//361 394//362 61//61
f 61//61 394//362 64//64
f 64//64 394//362 395//363
f 396//364 64//64 395//363
f 396//364 397//365 64//64
f 64//64 397//365 114//111
f 114//111 397//365 116//113
f 116//113 397//365 118//115
f 118//115 397//365 142//139
f 142//139 397//365 91//88
f 91//88 397//365 89//86
f 89//86 397//365 369//337
f 261//242 385//353 55//55
f 145//142 89//86 371//339
f 371//339 89//86 367//335
f 84//81 398//366 16//16
f 16//16 398//366 365//333
f 398//366 84//81 399//367
f 399//367 84//81 137//134
f 400//368 137//134 135//132
f 401//369 135//132 132//129
f 402//370 132//129 128//125
f 403//371 128//125 105//102
f 404//372 105//102 103//100
f 405//373 103//100 102//99
f 406//374 102//99 127//124
f 407//375 406//374 127//124
f 399//367 137//134 400//368
f 400//368 135//132 401//369
f 401//369 132//129 402//370
f 402//370 128//125 403//371
f 403//371 105//102 404//372
f 404//372 103//100 405//373
f 405//373 102//99 406//374
f 176//163 408//376 127//124
f 127//124 408//376 407//375
f 408//376 176//163 409//377
f 409//377 176//163 228//212
f 410//378 228//212 226//210
f 411//379 226//210 223//207
f 412//380 223//207 219//203
f 413//381 219//203 196//180
f 414//382 196//180 194//178
f 415//383 194//178 193//177
f 416//384 193//177 218//202
f 346//314 416//384 218//202
f 409//377 228//212 410//378
f 410//378 226//210 411//379
f 411//379 223//207 412//380
f 412//380 219//203 413//381
f 413//381 196//180 414//382
f 414//382 194//178 415//383
f 415//383 193//177 416//384
f 398//366 399//367 417//385
f 417//385 399//367 418//386
f 418//386 399//367 400//368
f 419//387 400//368 401//369
f 420//388 401//369 402//370
f 421//389 402//370 422//390
f 421//389 420//388 402//370
f 418//386 400//368 419//387
f 419//387 401//369 420//388
f 402//370 403//371 422//390
f 422//390 403//371 404//372
f 423//391 404//372 405//373
f 424//392 405//373 406//374
f 425//393 406//374 407//375
f 426//394 425//393 407//375
f 422//390 404//372 423//391
f 423//391 405//373 424//392
f 424//392 406//374 425//393
f 408//376 427//395 407//375
f 407//375 427//395 426//394
f 408//376 409//377 427//395
f 427//395 409//377 428//396
f 428//396 409//377 410//378
f 429//397 410//378 411//379
f 430//398 411//379 412//380
f 431//399 412//380 432//400
f 431//399 430//398 412//380
f 428//396 410//378 429//397
f 429//397 411//379 430//398
f 412//380 413//381 432//400
f 432//400 413//381 414//382
f 433//401 414//382 415//383
f 434//402 415//383 416//384
f 435//403 416//384 346//314
f 436//404 435//403 346//314
f 432//400 414//382 433//401
f 433//401 415//383 434//402
f 434//402 416//384 435//403
f 345//313 437//405 346//314
f 346//314 437//405 436//404
f 438//406 439//407 386//354
f 386//354 439//407 387//355
f 387//355 439//407 440//408
f 388//356 440//408 441//357
f 389//357 441//357 390//358
f 389//357 388//356 441//357
f 387//355 440//408 388//356
f 441//357 442//409 390//358
f 390//358 442//409 443//410
f 391//359 443//410 444//411
f 392//360 444//411 445//412
f 393//361 392//360 445//412
f 390//358 443//410 391//359
f 391//359 444//411 392//360
f 446//413 447//414 448//415
f 446//413 449//416 447//414
f 446//413 450//417 449//416
f 446//413 451//341 450//417
f 446//413 452//418 451//341
f 451//341 452//418 453//419
f 454//420 453//419 455//421
f 456//422 455//421 457//423
f 458//424 456//422 457//423
f 458//424 459//425 456//422
f 458//424 460//426 459//425
f 459//425 460//426 461//427
f 461//427 460//426 462//428
f 463//429 462//428 464//430
f 465//431 463//429 464//430
f 465//431 466//432 463//429
f 465//431 467//433 466//432
f 466//432 467//433 468//434
f 468//434 467//433 469//435
f 470//436 469//435 471//437
f 472//438 471//437 473//439
f 474//440 473//439 475//441
f 476//442 475//441 477//443
f 478//444 477//443 438//406
f 478//444 476//442 477//443
f 451//341 453//419 454//420
f 454//420 455//421 456//422
f 462//428 479//445 464//430
f 464//430 479//445 480//446
f 480//446 479//445 481//447
f 445//412 480//446 481//447
f 445//412 482//448 480//446
f 445//412 444//411 482//448
f 482//448 444//411 483//449
f 483//449 444//411 443//410
f 484//450 443//410 485//451
f 484//450 483//449 443//410
f 479//445 486//452 481//447
f 481//447 486//452 487//453
f 487//453 486//452 488//454
f 489//455 488//454 490//456
f 491//457 490//456 492//458
f 493//459 492//458 494//460
f 495//461 494//460 496//462
f 497//463 496//462 448//415
f 498//464 448//415 447//414
f 498//464 497//463 448//415
f 487//453 488//454 489//455
f 489//455 490//456 491//457
f 491//457 492//458 493//459
f 493//459 494//460 495//461
f 495//461 496//462 497//463
f 468//434 469//435 470//436
f 470//436 471//437 472//438
f 472//438 473//439 474//440
f 474//440 475//441 476//442
f 477//443 499//465 438//406
f 438//406 499//465 439//407
f 439//407 499//465 440//408
f 440//408 499//465 441//357
f 441//357 499//465 500//466
f 501//467 441//357 500//466
f 501//467 442//409 441//357
f 501//467 485//451 442//409
f 442//409 485//451 443//410
f 463//429 461//427 462//428
f 438//406 386//354 478//444
f 478//444 386//354 385//353
f 463//429 466//432 378//346
f 378//346 466//432 379//347
f 379//347 466//432 468//434
f 380//348 468//434 470//436
f 381//349 470//436 382//350
f 381//349 380//348 470//436
f 379//347 468//434 380//348
f 470//436 472//438 382//350
f 382//350 472//438 474//440
f 383//351 474//440 476//442
f 384//352 476//442 478//444
f 385//353 384//352 478//444
f 382//350 474//440 383//351
f 383//351 476//442 384//352
f 447//414 449//416 371//339
f 371//339 449//416 370//338
f 370//338 449//416 450//417
f 372//340 450//417 451//341
f 373//341 451//341 374//342
f 373//341 372//340 451//341
f 370//338 450//417 372//340
f 451//341 454//420 374//342
f 374//342 454//420 456//422
f 375//343 456//422 459//425
f 376//344 459//425 461//427
f 377//345 376//344 461//427
f 374//342 456//422 375//343
f 375//343 459//425 376//344
f 447//414 371//339 498//464
f 498//464 371//339 367//335
f 481//447 487//453 394//362
f 394//362 487//453 395//363
f 395//363 487//453 489//455
f 396//364 489//455 491//457
f 397//365 491//457 369//337
f 397//365 396//364 491//457
f 395//363 489//455 396//364
f 491//457 493//459 369//337
f 369//337 493//459 495//461
f 368//336 495//461 497//463
f 366//334 497//463 498//464
f 367//335 366//334 498//464
f 369//337 495//461 368//336
f 368//336 497//463 366//334
f 446//413 502//468 503//469
f 504//469 503//469 505//470
f 452//418 505//470 453//419
f 452//418 504//469 505//470
f 452//418 446//413 504//469
f 504//469 446//413 503//469
f 506//471 507//472 508//473
f 506//471 509//474 507//472
f 506//471 510//475 509//474
f 509//474 510//475 511//476
f 512//477 511//476 513//478
f 457//423 513//478 458//424
f 457//423 512//477 513//478
f 457//423 455//421 512//477
f 512//477 455//421 514//479
f 509//474 514//479 507//472
f 509//474 512//477 514//479
f 509//474 511//476 512//477
f 510//475 515//480 511//476
f 511//476 515//480 516//481
f 513//478 516//481 460//426
f 458//424 513//478 460//426
f 515//480 517//482 516//481
f 516//481 517//482 518//483
f 460//426 516//481 518//483
f 455//421 453//419 514//479
f 514//479 453//419 505//470
f 507//472 505//470 503//469
f 508//473 503//469 502//468
f 508//473 507//472 503//469
f 507//472 514//479 505//470
f 513//478 511//476 516//481
f 486//452 519//484 520//485
f 488//454 520//485 521//486
f 490//456 521//486 522//487
f 492//458 522//487 523//488
f 494//460 523//488 524//489
f 496//462 524//489 448//415
f 496//462 494//460 524//489
f 525//490 521//486 526//491
f 525//490 522//487 521//486
f 525//490 527//492 522//487
f 522//487 527//492 523//488
f 523//488 527//492 528//493
f 524//489 528//493 529//494
f 530//495 524//489 529//494
f 530//495 448//415 524//489
f 523//488 528//493 524//489
f 494//460 492//458 523//488
f 492//458 490//456 522//487
f 490//456 488//454 521//486
f 488//454 486//452 520//485
f 519//484 526//491 520//485
f 520//485 526//491 521//486
f 531//496 532//497 530//495
f 531//496 533//498 532//497
f 531//496 534//499 533//498
f 533//498 534//499 535//500
f 536//500 535//500 537//501
f 538//501 537//501 539//502
f 540//502 539//502 541//503
f 542//504 541//503 543//505
f 544//506 543//505 545//502
f 546//501 545//502 547//501
f 548//500 547//501 549//500
f 550//498 549//500 551//498
f 552//507 551//498 553//497
f 502//468 553//497 554//497
f 555//497 554//497 556//498
f 557//498 556//498 558//500
f 559//508 558//500 560//509
f 559//508 557//498 558//500
f 559//508 561//510 557//498
f 557//498 561//510 562//497
f 555//497 562//497 502//468
f 554//497 555//497 502//468
f 534//499 563//511 535//500
f 535//500 563//511 564//501
f 537//501 564//501 565//502
f 539//502 565//502 541//503
f 539//502 537//501 565//502
f 563//511 566//512 564//501
f 564//501 566//512 567//502
f 565//502 567//502 541//503
f 565//502 564//501 567//502
f 566//512 568//513 567//502
f 567//502 568//513 541//503
f 540//502 541//503 542//504
f 569//501 542//504 570//501
f 571//500 570//501 572//500
f 573//498 572//500 574//498
f 575//497 574//498 576//497
f 530//495 576//497 552//507
f 502//468 552//507 553//497
f 502//468 530//495 552//507
f 577//514 578//502 543//505
f 577//514 579//501 578//502
f 577//514 560//509 579//501
f 579//501 560//509 558//500
f 580//500 558//500 556//498
f 581//498 556//498 554//497
f 553//497 581//498 554//497
f 553//497 551//498 581//498
f 581//498 551//498 582//500
f 580//500 582//500 583//501
f 579//501 583//501 578//502
f 579//501 580//500 583//501
f 579//501 558//500 580//500
f 561//510 584//515 562//497
f 562//497 584//515 502//468
f 532//497 585//497 530//495
f 532//497 586//498 585//497
f 532//497 533//498 586//498
f 586//498 533//498 536//500
f 587//500 536//500 538//501
f 569//501 538//501 540//502
f 542//504 569//501 540//502
f 585//497 588//497 530//495
f 585//497 589//498 588//497
f 585//497 586//498 589//498
f 589//498 586//498 587//500
f 571//500 587//500 569//501
f 570//501 571//500 569//501
f 576//497 530//495 575//497
f 575//497 530//495 588//497
f 573//498 588//497 589//498
f 571//500 589//498 587//500
f 571//500 573//498 589//498
f 571//500 572//500 573//498
f 574//498 575//497 573//498
f 573//498 575//497 588//497
f 552//507 576//497 550//498
f 551//498 552//507 550//498
f 557//498 562//497 555//497
f 556//498 557//498 555//497
f 536//500 533//498 535//500
f 587//500 586//498 536//500
f 576//497 574//498 550//498
f 550//498 574//498 548//500
f 549//500 550//498 548//500
f 548//500 574//498 572//500
f 546//501 572//500 570//501
f 544//506 570//501 542//504
f 543//505 544//506 542//504
f 582//500 551//498 549//500
f 590//501 549//500 547//501
f 591//502 547//501 545//502
f 543//505 591//502 545//502
f 543//505 592//502 591//502
f 543//505 578//502 592//502
f 592//502 578//502 583//501
f 590//501 583//501 582//500
f 549//500 590//501 582//500
f 580//500 556//498 581//498
f 582//500 580//500 581//498
f 537//501 535//500 564//501
f 538//501 536//500 537//501
f 569//501 587//500 538//501
f 547//501 548//500 546//501
f 546//501 548//500 572//500
f 540//502 538//501 539//502
f 545//502 546//501 544//506
f 544//506 546//501 570//501
f 592//502 583//501 590//501
f 591//502 590//501 547//501
f 591//502 592//502 590//501
f 568//513 593//516 541//503
f 568//513 594//517 593//516
f 568//513 595//518 594//517
f 568//513 566//512 595//518
f 595//518 566//512 596//519
f 597//520 596//519 598//521
f 599//522 598//521 600//523
f 601//524 600//523 602//525
f 603//526 602//525 604//527
f 605//528 604//527 606//529
f 605//528 603//526 604//527
f 605//528 607//530 603//526
f 603//526 607//530 608//531
f 601//524 608//531 609//532
f 599//522 609//532 610//533
f 597//520 610//533 594//517
f 595//518 597//520 594//517
f 595//518 596//519 597//520
f 566//512 563//511 596//519
f 596//519 563//511 611//534
f 598//521 611//534 612//535
f 600//523 612//535 613//536
f 602//525 613//536 614//537
f 604//527 614//537 615//538
f 606//529 615//538 519//484
f 606//529 604//527 615//538
f 563//511 534//499 611//534
f 611//534 534//499 616//539
f 612//535 616//539 617//540
f 613//536 617//540 618//541
f 614//537 618//541 619//542
f 615//538 619//542 525//490
f 526//491 615//538 525//490
f 526//491 519//484 615//538
f 534//499 531//496 616//539
f 616//539 531//496 620//543
f 617//540 620//543 529//494
f 528//493 617//540 529//494
f 528//493 527//492 617//540
f 617//540 527//492 618//541
f 618//541 527//492 525//490
f 619//542 618//541 525//490
f 531//496 530//495 620//543
f 620//543 530//495 529//494
f 607//530 621//544 608//531
f 608//531 621//544 622//545
f 609//532 622//545 623//546
f 610//533 623//546 593//516
f 594//517 610//533 593//516
f 621//544 624//547 622//545
f 622//545 624//547 625//548
f 623//546 625//548 541//503
f 593//516 623//546 541//503
f 624//547 541//503 625//548
f 623//546 622//545 625//548
f 609//532 608//531 622//545
f 602//525 603//526 601//524
f 601//524 603//526 608//531
f 614//537 604//527 602//525
f 619//542 615//538 614//537
f 611//534 616//539 612//535
f 596//519 611//534 598//521
f 612//535 617//540 613//536
f 598//521 612//535 600//523
f 610//533 597//520 599//522
f 599//522 597//520 598//521
f 616//539 620//543 617//540
f 614//537 613//536 618//541
f 602//525 600//523 613//536
f 609//532 599//522 601//524
f 601//524 599//522 600//523
f 623//546 610//533 609//532
f 508//473 502//468 626//549
f 627//550 626//549 628//551
f 629//552 628//551 630//553
f 631//554 630//553 632//555
f 633//556 632//555 634//557
f 635//558 634//557 636//559
f 561//510 628//551 584//515
f 561//510 559//508 628//551
f 628//551 559//508 630//553
f 630//553 559//508 560//509
f 632//555 560//509 577//514
f 634//557 577//514 637//560
f 636//559 637//560 543//505
f 630//553 560//509 632//555
f 577//514 543//505 637//560
f 636//559 638//561 639//562
f 636//559 639//562 640//563
f 636//559 640//563 641//564
f 636//559 641//564 642//565
f 636//559 642//565 635//558
f 643//566 644//567 645//568
f 643//566 646//569 644//567
f 643//566 647//570 646//569
f 646//569 647//570 648//571
f 649//572 648//571 650//573
f 651//574 650//573 652//575
f 653//576 652//575 654//577
f 631//554 654//577 629//552
f 630//553 631//554 629//552
f 647//570 655//578 648//571
f 648//571 655//578 656//579
f 650//573 656//579 657//580
f 652//575 657//580 658//581
f 654//577 658//581 659//582
f 629//552 659//582 627//550
f 628//551 629//552 627//550
f 655//578 518//483 656//579
f 656//579 518//483 517//482
f 657//580 517//482 515//480
f 658//581 515//480 510//475
f 659//582 510//475 506//471
f 627//550 506//471 508//473
f 626//549 627//550 508//473
f 656//579 517//482 657//580
f 657//580 515//480 658//581
f 658//581 510//475 659//582
f 659//582 506//471 627//550
f 637//560 636//559 634//557
f 634//557 632//555 577//514
f 633//556 634//557 635//558
f 660//583 635//558 642//565
f 661//584 642//565 641//564
f 662//585 641//564 640//563
f 644//567 640//563 639//562
f 645//568 639//562 638//561
f 645//568 644//567 639//562
f 631//554 632//555 633//556
f 653//576 633//556 660//583
f 651//574 660//583 661//584
f 649//572 661//584 662//585
f 646//569 662//585 644//567
f 646//569 649//572 662//585
f 646//569 648//571 649//572
f 502//468 584//515 626//549
f 626//549 584//515 628//551
f 650//573 648//571 656//579
f 640//563 644//567 662//585
f 652//575 650//573 657//580
f 661//584 649//572 651//574
f 651//574 649//572 650//573
f 641//564 662//585 661//584
f 654//577 652//575 658//581
f 660//583 651//574 653//576
f 653//576 651//574 652//575
f 642//565 661//584 660//583
f 629//552 654//577 659//582
f 633//556 653//576 631//554
f 631//554 653//576 654//577
f 635//558 660//583 633//556
f 460//426 518//483 462//428
f 462//428 518//483 663//586
f 655//578 664//587 518//483
f 655//578 665//588 664//587
f 655//578 647//570 665//588
f 665//588 647//570 666//589
f 667//589 666//589 668//590
f 669//590 668//590 670//591
f 671//591 670//591 672//592
f 673//593 671//591 672//592
f 673//593 674//590 671//591
f 673//593 675//594 674//590
f 674//590 675//594 676//589
f 677//589 676//589 678//588
f 679//588 678//588 680//587
f 664//587 680//587 518//483
f 664//587 679//588 680//587
f 664//587 665//588 679//588
f 679//588 665//588 667//589
f 677//589 667//589 669//590
f 674//590 669//590 671//591
f 674//590 677//589 669//590
f 674//590 676//589 677//589
f 647//570 643//566 666//589
f 666//589 643//566 681//590
f 668//590 681//590 682//595
f 670//591 682//595 672//592
f 670//591 668//590 682//595
f 643//566 645//568 681//590
f 681//590 645//568 683//596
f 682//595 683//596 636//559
f 672//592 636//559 543//505
f 672//592 682//595 636//559
f 645//568 638//561 683//596
f 683//596 638//561 636//559
f 675//594 684//597 676//589
f 676//589 684//597 685//588
f 678//588 685//588 686//598
f 680//587 686//598 518//483
f 680//587 678//588 686//598
f 684//597 687//599 685//588
f 685//588 687//599 688//587
f 686//598 688//587 663//586
f 518//483 686//598 663//586
f 687//599 689//600 688//587
f 688//587 689//600 663//586
f 685//588 688//587 686//598
f 667//589 665//588 666//589
f 677//589 678//588 679//588
f 667//589 677//589 679//588
f 676//589 685//588 678//588
f 668//590 666//589 681//590
f 669//590 667//589 668//590
f 682//595 681//590 683//596
f 671//591 669//590 670//591
f 541//503 690//601 543//505
f 543//505 690//601 672//592
f 499//465 691//602 692//603
f 693//603 692//603 694//604
f 500//466 694//604 501//467
f 500//466 693//603 694//604
f 500//466 499//465 693//603
f 693//603 499//465 692//603
f 695//605 696//606 697//607
f 695//605 698//608 696//606
f 695//605 699//609 698//608
f 698//608 699//609 700//610
f 701//611 700//610 702//612
f 484//450 702//612 483//449
f 484//450 701//611 702//612
f 484//450 485//451 701//611
f 701//611 485//451 703//613
f 698//608 703//613 696//606
f 698//608 701//611 703//613
f 698//608 700//610 701//611
f 699//609 704//614 700//610
f 700//610 704//614 705//615
f 702//612 705//615 482//448
f 483//449 702//612 482//448
f 704//614 706//616 705//615
f 705//615 706//616 707//617
f 482//448 705//615 707//617
f 485//451 501//467 703//613
f 703//613 501//467 694//604
f 696//606 694//604 692//603
f 697//607 692//603 691//602
f 697//607 696//606 692//603
f 696//606 703//613 694//604
f 702//612 700//610 705//615
f 465//431 708//618 709//619
f 467//433 709//619 710//620
f 469//435 710//620 711//621
f 471//437 711//621 712//622
f 473//439 712//622 713//623
f 475//441 713//623 477//443
f 475//441 473//439 713//623
f 714//624 710//620 715//625
f 714//624 711//621 710//620
f 714//624 716//626 711//621
f 711//621 716//626 712//622
f 712//622 716//626 717//627
f 713//623 717//627 718//628
f 719//629 713//623 718//628
f 719//629 477//443 713//623
f 712//622 717//627 713//623
f 473//439 471//437 712//622
f 471//437 469//435 711//621
f 469//435 467//433 710//620
f 467//433 465//431 709//619
f 708//618 715//625 709//619
f 709//619 715//625 710//620
f 720//630 721//631 719//629
f 720//630 722//632 721//631
f 720//630 723//633 722//632
f 722//632 723//633 724//634
f 725//634 724//634 726//635
f 727//635 726//635 728//636
f 729//636 728//636 730//637
f 731//638 730//637 732//639
f 733//640 732//639 734//636
f 735//635 734//636 736//635
f 737//634 736//635 738//634
f 739//632 738//634 740//632
f 741//641 740//632 742//631
f 691//602 742//631 743//631
f 744//631 743//631 745//632
f 746//632 745//632 747//634
f 748//642 747//634 749//643
f 748//642 746//632 747//634
f 748//642 750//644 746//632
f 746//632 750//644 751//631
f 744//631 751//631 691//602
f 743//631 744//631 691//602
f 723//633 752//645 724//634
f 724//634 752//645 753//635
f 726//635 753//635 754//636
f 728//636 754//636 730//637
f 728//636 726//635 754//636
f 752//645 755//646 753//635
f 753//635 755//646 756//636
f 754//636 756//636 730//637
f 754//636 753//635 756//636
f 755//646 757//647 756//636
f 756//636 757//647 730//637
f 729//636 730//637 731//638
f 758//635 731//638 759//635
f 760//634 759//635 761//634
f 762//632 761//634 763//632
f 764//631 763//632 765//631
f 719//629 765//631 741//641
f 691//602 741//641 742//631
f 691//602 719//629 741//641
f 766//648 767//636 732//639
f 766//648 768//635 767//636
f 766//648 749//643 768//635
f 768//635 749//643 747//634
f 769//634 747//634 745//632
f 770//632 745//632 743//631
f 742//631 770//632 743//631
f 742//631 740//632 770//632
f 770//632 740//632 771//634
f 769//634 771//634 772//635
f 768//635 772//635 767//636
f 768//635 769//634 772//635
f 768//635 747//634 769//634
f 750//644 773//649 751//631
f 751//631 773//649 691//602
f 721//631 774//631 719//629
f 721//631 775//632 774//631
f 721//631 722//632 775//632
f 775//632 722//632 725//634
f 776//634 725//634 727//635
f 758//635 727//635 729//636
f 731//638 758//635 729//636
f 774//631 777//631 719//629
f 774//631 778//632 777//631
f 774//631 775//632 778//632
f 778//632 775//632 776//634
f 760//634 776//634 758//635
f 759//635 760//634 758//635
f 765//631 719//629 764//631
f 764//631 719//629 777//631
f 762//632 777//631 778//632
f 760//634 778//632 776//634
f 760//634 762//632 778//632
f 760//634 761//634 762//632
f 763//632 764//631 762//632
f 762//632 764//631 777//631
f 741//641 765//631 739//632
f 740//632 741//641 739//632
f 746//632 751//631 744//631
f 745//632 746//632 744//631
f 725//634 722//632 724//634
f 776//634 775//632 725//634
f 765//631 763//632 739//632
f 739//632 763//632 737//634
f 738//634 739//632 737//634
f 737//634 763//632 761//634
f 735//635 761//634 759//635
f 733//640 759//635 731//638
f 732//639 733//640 731//638
f 771//634 740//632 738//634
f 779//635 738//634 736//635
f 780//636 736//635 734//636
f 732//639 780//636 734//636
f 732//639 781//636 780//636
f 732//639 767//636 781//636
f 781//636 767//636 772//635
f 779//635 772//635 771//634
f 738//634 779//635 771//634
f 769//634 745//632 770//632
f 771//634 769//634 770//632
f 726//635 724//634 753//635
f 727//635 725//634 726//635
f 758//635 776//634 727//635
f 736//635 737//634 735//635
f 735//635 737//634 761//634
f 729//636 727//635 728//636
f 734//636 735//635 733//640
f 733//640 735//635 759//635
f 781//636 772//635 779//635
f 780//636 779//635 736//635
f 780//636 781//636 779//635
f 757//647 782//650 730//637
f 757//647 783//651 782//650
f 757//647 784//652 783//651
f 757//647 755//646 784//652
f 784//652 755//646 785//653
f 786//654 785//653 787//655
f 788//656 787//655 789//657
f 790//658 789//657 791//659
f 792//660 791//659 793//661
f 794//662 793//661 795//663
f 794//662 792//660 793//661
f 794//662 796//664 792//660
f 792//660 796//664 797//665
f 790//658 797//665 798//666
f 788//656 798//666 799//667
f 786//654 799//667 783//651
f 784//652 786//654 783//651
f 784//652 785//653 786//654
f 755//646 752//645 785//653
f 785//653 752//645 800//668
f 787//655 800//668 801//669
f 789//657 801//669 802//670
f 791//659 802//670 803//671
f 793//661 803//671 804//672
f 795//663 804//672 708//618
f 795//663 793//661 804//672
f 752//645 723//633 800//668
f 800//668 723//633 805//673
f 801//669 805//673 806//674
f 802//670 806//674 807//675
f 803//671 807//675 808//676
f 804//672 808//676 714//624
f 715//625 804//672 714//624
f 715//625 708//618 804//672
f 723//633 720//630 805//673
f 805//673 720//630 809//677
f 806//674 809//677 718//628
f 717//627 806//674 718//628
f 717//627 716//626 806//674
f 806//674 716//626 807//675
f 807//675 716//626 714//624
f 808//676 807//675 714//624
f 720//630 719//629 809//677
f 809//677 719//629 718//628
f 796//664 810//678 797//665
f 797//665 810//678 811//679
f 798//666 811//679 812//680
f 799//667 812//680 782//650
f 783//651 799//667 782//650
f 810//678 813//681 811//679
f 811//679 813//681 814//682
f 812//680 814//682 730//637
f 782//650 812//680 730//637
f 813//681 730//637 814//682
f 812//680 811//679 814//682
f 798//666 797//665 811//679
f 791//659 792//660 790//658
f 790//658 792//660 797//665
f 803//671 793//661 791//659
f 808//676 804//672 803//671
f 800//668 805//673 801//669
f 785//653 800//668 787//655
f 801//669 806//674 802//670
f 787//655 801//669 789//657
f 799//667 786//654 788//656
f 788//656 786//654 787//655
f 805//673 809//677 806//674
f 803//671 802//670 807//675
f 791//659 789//657 802//670
f 798//666 788//656 790//658
f 790//658 788//656 789//657
f 812//680 799//667 798//666
f 697//607 691//602 815//683
f 816//684 815//683 817//685
f 818//686 817//685 819//687
f 820//688 819//687 821//689
f 822//690 821//689 823//691
f 824//692 823//691 825//693
f 750//644 817//685 773//649
f 750//644 819//687 817//685
f 750//644 748//642 819//687
f 819//687 748//642 821//689
f 821//689 748//642 749//643
f 823//691 749//643 766//648
f 826//694 766//648 732//639
f 821//689 749//643 823//691
f 823//691 766//648 826//694
f 825//693 826//694 732//639
f 825//693 823//691 826//694
f 825//693 827//695 828//696
f 825//693 828//696 829//697
f 825//693 829//697 830//698
f 825//693 830//698 831//699
f 825//693 831//699 824//692
f 832//700 833//701 834//702
f 832//700 835//703 833//701
f 832//700 836//704 835//703
f 835//703 836//704 837//705
f 838//706 837//705 839//707
f 840//708 839//707 841//709
f 842//710 841//709 843//711
f 820//688 843//711 818//686
f 819//687 820//688 818//686
f 836//704 844//712 837//705
f 837//705 844//712 845//713
f 839//707 845//713 846//714
f 841//709 846//714 847//715
f 843//711 847//715 848//716
f 818//686 848//716 816//684
f 817//685 818//686 816//684
f 844//712 707//617 845//713
f 845//713 707//617 706//616
f 846//714 706//616 704//614
f 847//715 704//614 699//609
f 848//716 699//609 695//605
f 816//684 695//605 697//607
f 815//683 816//684 697//607
f 845//713 706//616 846//714
f 846//714 704//614 847//715
f 847//715 699//609 848//716
f 848//716 695//605 816//684
f 822//690 823//691 824//692
f 849//717 824//692 831//699
f 850//718 831//699 830//698
f 851//719 830//698 829//697
f 833//701 829//697 828//696
f 834//702 828//696 827//695
f 834//702 833//701 828//696
f 820//688 821//689 822//690
f 842//710 822//690 849//717
f 840//708 849//717 850//718
f 838//706 850//718 851//719
f 835//703 851//719 833//701
f 835//703 838//706 851//719
f 835//703 837//705 838//706
f 691//602 773//649 815//683
f 815//683 773//649 817//685
f 839//707 837//705 845//713
f 829//697 833//701 851//719
f 841//709 839//707 846//714
f 850//718 838//706 840//708
f 840//708 838//706 839//707
f 830//698 851//719 850//718
f 843//711 841//709 847//715
f 849//717 840//708 842//710
f 842//710 840//708 841//709
f 831//699 850//718 849//717
f 818//686 843//711 848//716
f 822//690 842//710 820//688
f 820//688 842//710 843//711
f 824//692 849//717 822//690
f 482//448 707//617 480//446
f 480//446 707//617 852//720
f 844//712 853//721 707//617
f 844//712 854//722 853//721
f 844//712 836//704 854//722
f 854//722 836//704 855//723
f 856//723 855//723 857//724
f 858//724 857//724 859//725
f 860//725 859//725 861//726
f 862//727 860//725 861//726
f 862//727 863//724 860//725
f 862//727 864//728 863//724
f 863//724 864//728 865//723
f 866//723 865//723 867//722
f 868//722 867//722 869//721
f 853//721 869//721 707//617
f 853//721 868//722 869//721
f 853//721 854//722 868//722
f 868//722 854//722 856//723
f 866//723 856//723 858//724
f 863//724 858//724 860//725
f 863//724 866//723 858//724
f 863//724 865//723 866//723
f 836//704 832//700 855//723
f 855//723 832//700 870//724
f 857//724 870//724 871//729
f 859//725 871//729 861//726
f 859//725 857//724 871//729
f 832//700 834//702 870//724
f 870//724 834//702 872//730
f 871//729 872//730 825//693
f 861//726 825//693 732//639
f 861//726 871//729 825//693
f 834//702 827//695 872//730
f 872//730 827//695 825//693
f 864//728 873//731 865//723
f 865//723 873//731 874//722
f 867//722 874//722 875//732
f 869//721 875//732 707//617
f 869//721 867//722 875//732
f 873//731 876//733 874//722
f 874//722 876//733 877//721
f 875//732 877//721 852//720
f 707//617 875//732 852//720
f 876//733 878//734 877//721
f 877//721 878//734 852//720
f 874//722 877//721 875//732
f 856//723 854//722 855//723
f 866//723 867//722 868//722
f 856//723 866//723 868//722
f 865//723 874//722 867//722
f 857//724 855//723 870//724
f 858//724 856//723 857//724
f 871//729 870//724 872//730
f 860//725 858//724 859//725
f 730//637 879//735 732//639
f 732//639 879//735 861//726
f 880//736 881//737 882//738
f 882//738 881//737 883//739
f 479//445 462//428 880//736
f 880//736 462//428 690//601
f 881//737 690//601 884//740
f 881//737 880//736 690//601
f 462//428 663//586 690//601
f 690//601 663//586 672//592
f 672//592 663//586 689//600
f 687//599 672//592 689//600
f 687//599 684//597 672//592
f 672//592 684//597 675//594
f 673//593 672//592 675//594
f 690//601 885//741 884//740
f 852//720 879//735 480//446
f 852//720 861//726 879//735
f 852//720 878//734 861//726
f 861//726 878//734 876//733
f 873//731 861//726 876//733
f 873//731 864//728 861//726
f 861//726 864//728 862//727
f 886//742 887//743 879//735
f 879//735 887//743 888//744
f 889//745 879//735 888//744
f 889//745 890//746 879//735
f 879//735 890//746 891//747
f 892//748 879//735 891//747
f 892//748 480//446 879//735
f 892//748 464//430 480//446
f 893//749 894//750 891//747
f 891//747 894//750 892//748
f 895//751 519//484 880//736
f 882//738 895//751 880//736
f 479//445 880//736 486//452
f 486//452 880//736 519//484
f 883//739 896//752 882//738
f 882//738 896//752 895//751
f 895//751 896//752 897//753
f 898//754 895//751 897//753
f 624//547 899//755 541//503
f 624//547 900//756 899//755
f 624//547 621//544 900//756
f 900//756 621//544 901//757
f 902//757 901//757 903//758
f 904//758 903//758 905//759
f 906//760 905//759 895//751
f 898//754 906//760 895//751
f 898//754 897//753 906//760
f 906//760 897//753 907//761
f 904//758 907//761 908//757
f 902//757 908//757 909//756
f 900//756 909//756 899//755
f 900//756 902//757 909//756
f 900//756 901//757 902//757
f 621//544 607//530 901//757
f 901//757 607//530 910//758
f 903//758 910//758 911//762
f 905//759 911//762 519//484
f 895//751 905//759 519//484
f 607//530 605//528 910//758
f 910//758 605//528 912//762
f 911//762 912//762 519//484
f 911//762 910//758 912//762
f 605//528 606//529 912//762
f 912//762 606//529 519//484
f 897//753 896//752 907//761
f 907//761 896//752 913//763
f 908//757 913//763 914//756
f 909//756 914//756 915//755
f 899//755 915//755 541//503
f 899//755 909//756 915//755
f 883//739 881//737 896//752
f 896//752 881//737 913//763
f 913//763 881//737 916//764
f 914//756 916//764 917//755
f 915//755 917//755 541//503
f 915//755 914//756 917//755
f 881//737 884//740 916//764
f 916//764 884//740 918//765
f 917//755 918//765 541//503
f 917//755 916//764 918//765
f 884//740 885//741 918//765
f 918//765 885//741 541//503
f 541//503 885//741 690//601
f 908//757 914//756 909//756
f 913//763 916//764 914//756
f 903//758 901//757 910//758
f 904//758 908//757 902//757
f 903//758 904//758 902//757
f 907//761 913//763 908//757
f 905//759 903//758 911//762
f 906//760 907//761 904//758
f 905//759 906//760 904//758
f 502//468 446//413 530//495
f 530//495 446//413 448//415
f 691//602 499//465 719//629
f 719//629 499//465 477//443
f 894//750 893//749 919//766
f 919//766 893//749 920//767
f 813//681 921//768 730//637
f 813//681 922//769 921//768
f 813//681 810//678 922//769
f 922//769 810//678 923//770
f 924//770 923//770 925//771
f 926//771 925//771 927//772
f 928//773 927//772 892//748
f 919//766 892//748 894//750
f 919//766 928//773 892//748
f 919//766 920//767 928//773
f 928//773 920//767 891//747
f 890//746 928//773 891//747
f 890//746 929//774 928//773
f 890//746 889//745 929//774
f 929//774 889//745 930//775
f 931//770 930//775 932//769
f 933//769 932//769 934//768
f 921//768 934//768 730//637
f 921//768 933//769 934//768
f 921//768 922//769 933//769
f 933//769 922//769 924//770
f 931//770 924//770 926//771
f 929//774 926//771 928//773
f 929//774 931//770 926//771
f 929//774 930//775 931//770
f 810//678 796//664 923//770
f 923//770 796//664 935//771
f 925//771 935//771 936//776
f 927//772 936//776 708//618
f 892//748 927//772 708//618
f 796//664 794//662 935//771
f 935//771 794//662 937//776
f 936//776 937//776 708//618
f 936//776 935//771 937//776
f 794//662 795//663 937//776
f 937//776 795//663 708//618
f 920//767 893//749 891//747
f 889//745 888//744 930//775
f 930//775 888//744 938//777
f 932//769 938//777 939//768
f 934//768 939//768 730//637
f 934//768 932//769 939//768
f 888//744 887//743 938//777
f 938//777 887//743 940//778
f 939//768 940//778 730//637
f 939//768 938//777 940//778
f 887//743 886//742 940//778
f 940//778 886//742 730//637
f 730//637 886//742 879//735
f 924//770 922//769 923//770
f 931//770 932//769 933//769
f 924//770 931//770 933//769
f 930//775 938//777 932//769
f 925//771 923//770 935//771
f 926//771 924//770 925//771
f 927//772 925//771 936//776
f 928//773 926//771 927//772
f 708//618 465//431 892//748
f 892//748 465//431 464//430
f 941//779 942//780 943//781
f 943//781 942//780 944//782
f 945//783 944//782 946//784
f 947//785 946//784 948//786
f 949//787 948//786 950//788
f 949//787 947//785 948//786
f 943//781 944//782 945//783
f 945//783 946//784 947//785
f 951//789 952//790 953//791
f 953//791 952//790 954//792
f 955//793 953//791 954//792
f 955//793 956//794 953//791
f 955//793 957//795 956//794
f 956//794 957//795 958//796
f 958//796 957//795 959//797
f 960//798 959//797 961//799
f 962//800 961//799 963//801
f 964//802 963//801 965//803
f 966//804 965//803 967//805
f 968//806 967//805 969//807
f 970//808 968//806 969//807
f 958//796 959//797 960//798
f 960//798 961//799 962//800
f 962//800 963//801 964//802
f 964//802 965//803 966//804
f 966//804 967//805 968//806
f 969//807 971//809 970//808
f 970//808 971//809 972//810
f 972//810 971//809 973//811
f 973//811 971//809 974//812
f 975//813 973//811 974//812
f 975//813 976//814 973//811
f 975//813 977//815 976//814
f 976//814 977//815 978//816
f 978//816 977//815 979//817
f 980//818 979//817 981//819
f 982//820 981//819 983//821
f 984//822 983//821 985//823
f 986//824 985//823 987//825
f 988//826 987//825 989//827
f 990//828 988//826 989//827
f 978//816 979//817 980//818
f 980//818 981//819 982//820
f 982//820 983//821 984//822
f 984//822 985//823 986//824
f 986//824 987//825 988//826
f 989//827 991//829 990//828
f 990//828 991//829 992//830
f 992//830 991//829 993//831
f 993//831 991//829 994//832
f 995//833 993//831 994//832
f 995//833 996//834 993//831
f 995//833 997//835 996//834
f 996//834 997//835 998//836
f 998//836 997//835 999//837
f 1000//838 999//837 1001//839
f 1002//840 1001//839 1003//841
f 1004//842 1003//841 1005//843
f 1006//844 1005//843 1007//845
f 1008//846 1007//845 1009//847
f 1010//848 1008//846 1009//847
f 998//836 999//837 1000//838
f 1000//838 1001//839 1002//840
f 1002//840 1003//841 1004//842
f 1004//842 1005//843 1006//844
f 1006//844 1007//845 1008//846
f 1009//847 1011//849 1010//848
f 1010//848 1011//849 1012//850
f 1012//850 1011//849 1013//851
f 1013//851 1011//849 1014//852
f 1015//853 1013//851 1014//852
f 1015//853 1016//854 1013//851
f 1015//853 1017//855 1016//854
f 1016//854 1017//855 1018//856
f 1018//856 1017//855 1019//857
f 1020//858 1019//857 1021//859
f 1022//860 1021//859 1023//861
f 1024//862 1023//861 1025//863
f 1026//864 1025//863 1027//865
f 1028//866 1027//865 1029//867
f 1030//868 1028//866 1029//867
f 1018//856 1019//857 1020//858
f 1020//858 1021//859 1022//860
f 1022//860 1023//861 1024//862
f 1024//862 1025//863 1026//864
f 1026//864 1027//865 1028//866
f 1029//867 952//790 1030//868
f 1030//868 952//790 951//789
f 1030//868 951//789 426//394
f 427//395 1030//868 426//394
f 427//395 1028//866 1030//868
f 427//395 428//396 1028//866
f 1028//866 428//396 1026//864
f 1026//864 428//396 429//397
f 1024//862 429//397 430//398
f 431//399 1024//862 430//398
f 431//399 1022//860 1024//862
f 431//399 432//400 1022//860
f 1022//860 432//400 1020//858
f 1020//858 432//400 433//401
f 1018//856 433//401 434//402
f 1016//854 434//402 435//403
f 436//404 1016//854 435//403
f 436//404 1013//851 1016//854
f 436//404 1012//850 1013//851
f 436//404 437//405 1012//850
f 1012//850 437//405 1010//848
f 1010//848 437//405 1008//846
f 1008//846 437//405 1006//844
f 1006//844 437//405 1031//869
f 1032//870 1006//844 1031//869
f 1032//870 1004//842 1006//844
f 1032//870 1033//871 1004//842
f 1004//842 1033//871 1002//840
f 1002//840 1033//871 1034//872
f 1000//838 1034//872 1035//873
f 998//836 1035//873 1036//874
f 1037//875 998//836 1036//874
f 1037//875 996//834 998//836
f 1037//875 1038//876 996//834
f 996//834 1038//876 993//831
f 993//831 1038//876 1039//830
f 992//830 1039//830 1040//877
f 990//828 1040//877 988//826
f 990//828 992//830 1040//877
f 956//794 425//393 953//791
f 956//794 424//392 425//393
f 956//794 958//796 424//392
f 424//392 958//796 423//391
f 423//391 958//796 422//390
f 422//390 958//796 960//798
f 421//389 960//798 962//800
f 420//388 962//800 964//802
f 419//387 964//802 966//804
f 418//386 966//804 417//385
f 418//386 419//387 966//804
f 422//390 960//798 421//389
f 421//389 962//800 420//388
f 420//388 964//802 419//387
f 966//804 968//806 417//385
f 417//385 968//806 970//808
f 950//788 970//808 972//810
f 949//787 972//810 1041//878
f 949//787 950//788 972//810
f 417//385 970//808 950//788
f 972//810 973//811 1041//878
f 1041//878 973//811 976//814
f 1042//879 976//814 1043//880
f 1042//879 1041//878 976//814
f 976//814 978//816 1043//880
f 1043//880 978//816 1044//881
f 1044//881 978//816 980//818
f 1045//882 980//818 982//820
f 1046//883 982//820 984//822
f 1047//884 984//822 1048//885
f 1047//884 1046//883 984//822
f 1044//881 980//818 1045//882
f 1045//882 982//820 1046//883
f 984//822 986//824 1048//885
f 1048//885 986//824 1049//886
f 1049//886 986//824 988//826
f 1040//877 1049//886 988//826
f 992//830 993//831 1039//830
f 998//836 1000//838 1035//873
f 1000//838 1002//840 1034//872
f 1016//854 1018//856 434//402
f 1018//856 1020//858 433//401
f 1024//862 1026//864 429//397
f 425//393 426//394 953//791
f 953//791 426//394 951//789
f 356//324 357//325 1040//877
f 1040//877 357//325 1049//886
f 1049//886 357//325 358//326
f 1048//885 358//326 359//327
f 1047//884 359//327 360//328
f 1046//883 360//328 1045//882
f 1046//883 1047//884 360//328
f 1049//886 358//326 1048//885
f 1048//885 359//327 1047//884
f 360//328 361//329 1045//882
f 1045//882 361//329 362//330
f 1044//881 362//330 363//331
f 1043//880 363//331 364//332
f 1042//879 364//332 365//333
f 1041//878 1042//879 365//333
f 1045//882 362//330 1044//881
f 1044//881 363//331 1043//880
f 1043//880 364//332 1042//879
f 356//324 1040//877 355//323
f 355//323 1040//877 1039//830
f 398//366 1050//887 365//333
f 398//366 1051//888 1050//887
f 398//366 1052//889 1051//888
f 398//366 417//385 1052//889
f 1052//889 417//385 1053//890
f 1053//890 417//385 1054//891
f 1054//891 417//385 1055//892
f 1055//892 417//385 1056//893
f 1056//893 417//385 950//788
f 1050//887 1057//894 365//333
f 365//333 1057//894 1041//878
f 1041//878 1057//894 1058//895
f 1059//896 1041//878 1058//895
f 1059//896 1060//897 1041//878
f 1041//878 1060//897 1061//898
f 949//787 1041//878 1061//898
f 345//313 347//315 437//405
f 437//405 347//315 1031//869
f 1031//869 347//315 348//316
f 1032//870 348//316 349//317
f 1033//871 349//317 350//318
f 1034//872 350//318 1035//873
f 1034//872 1033//871 350//318
f 1031//869 348//316 1032//870
f 1032//870 349//317 1033//871
f 350//318 351//319 1035//873
f 1035//873 351//319 352//320
f 1036//874 352//320 353//321
f 1037//875 353//321 354//322
f 1038//876 354//322 355//323
f 1039//830 1038//876 355//323
f 1035//873 352//320 1036//874
f 1036//874 353//321 1037//875
f 1037//875 354//322 1038//876
f 1062//899 1063//900 1064//901
f 1065//902 1064//901 1066//903
f 1067//904 1066//903 1068//905
f 1069//906 1068//905 1070//907
f 1071//908 1070//907 1072//909
f 1073//910 1072//909 1074//911
f 1073//910 1071//908 1072//909
f 1075//912 1066//903 1076//913
f 1075//912 1068//905 1066//903
f 1075//912 1077//914 1068//905
f 1068//905 1077//914 1070//907
f 1070//907 1077//914 1078//799
f 1072//909 1078//799 1079//915
f 1080//916 1072//909 1079//915
f 1080//916 1081//917 1072//909
f 1080//916 1082//918 1081//917
f 1081//917 1082//918 1083//919
f 1084//920 1083//919 1085//921
f 1084//920 1081//917 1083//919
f 1084//920 1074//911 1081//917
f 1081//917 1074//911 1072//909
f 1070//907 1078//799 1072//909
f 1082//918 1086//922 1083//919
f 1083//919 1086//922 1087//923
f 1085//921 1087//923 1088//924
f 1085//921 1083//919 1087//923
f 1086//922 1089//925 1087//923
f 1087//923 1089//925 1088//924
f 1071//908 1069//906 1070//907
f 1069//906 1067//904 1068//905
f 1067//904 1065//902 1066//903
f 1065//902 1062//899 1064//901
f 1076//913 1066//903 1064//901
f 1063//900 1076//913 1064//901
f 1090//926 1091//927 1092//928
f 1092//928 1091//927 1093//929
f 1093//929 1091//927 1094//930
f 1094//930 1091//927 1095//931
f 1096//932 1095//931 1097//933
f 1096//932 1094//930 1095//931
f 1097//933 1095//931 1098//934
f 1098//934 1095//931 1099//935
f 1100//936 1099//935 1101//937
f 1100//936 1098//934 1099//935
f 1102//938 1103//939 1099//935
f 1102//938 1104//940 1103//939
f 1102//938 1105//941 1104//940
f 1102//938 1106//942 1105//941
f 1105//941 1106//942 1107//943
f 1107//943 1106//942 1108//944
f 1108//944 1106//942 1109//945
f 1109//945 1106//942 1110//946
f 1110//946 1106//942 1111//947
f 1111//947 1106//942 1112//948
f 1112//948 1106//942 1113//949
f 1113//949 1106//942 1114//950
f 1115//951 1114//950 1116//952
f 1115//951 1113//949 1114//950
f 1117//953 1118//954 1114//950
f 1114//950 1118//954 1119//955
f 1120//956 1119//955 1121//957
f 1120//956 1114//950 1119//955
f 1120//956 1116//952 1114//950
f 1119//955 1122//958 1121//957
f 1103//939 1123//959 1099//935
f 1099//935 1123//959 1124//960
f 1125//961 1099//935 1124//960
f 1125//961 1126//962 1099//935
f 1099//935 1126//962 1127//963
f 1101//937 1099//935 1127//963
f 1088//924 1089//925 1128//964
f 1128//964 1089//925 1129//965
f 1130//966 1128//964 1129//965
f 1131//967 1132//968 1133//969
f 1131//967 1134//970 1132//968
f 1131//967 1135//971 1134//970
f 1134//970 1135//971 1136//972
f 1136//972 1135//971 1137//973
f 1138//974 1137//973 1139//975
f 1140//976 1139//975 1141//977
f 1142//978 1140//976 1141//977
f 1136//972 1137//973 1138//974
f 1138//974 1139//975 1140//976
f 1132//968 1143//979 1133//969
f 1133//969 1143//979 1144//980
f 1144//980 1143//979 1145//981
f 1146//982 1145//981 1147//983
f 1148//984 1147//983 1149//985
f 1150//986 1149//985 1151//987
f 1152//988 1151//987 1153//989
f 1154//990 1152//988 1153//989
f 1144//980 1145//981 1146//982
f 1146//982 1147//983 1148//984
f 1148//984 1149//985 1150//986
f 1150//986 1151//987 1152//988
f 1155//991 1156//992 1157//993
f 1155//991 1158//994 1156//992
f 1155//991 1159//995 1158//994
f 1158//994 1159//995 1160//996
f 1161//997 1160//996 1162//998
f 1163//999 1162//998 1164//1000
f 1165//1001 1164//1000 1166//1002
f 1167//1003 1166//1002 1168//1004
f 1169//1005 1168//1004 1170//1006
f 1138//974 1170//1006 1136//972
f 1138//974 1169//1005 1170//1006
f 1138//974 1140//976 1169//1005
f 1169//1005 1140//976 1171//1007
f 1167//1003 1171//1007 1172//1008
f 1165//1001 1172//1008 1173//1009
f 1163//999 1173//1009 1174//1010
f 1161//997 1174//1010 1175//1011
f 1158//994 1175//1011 1156//992
f 1158//994 1161//997 1175//1011
f 1158//994 1160//996 1161//997
f 1159//995 1176//1012 1160//996
f 1160//996 1176//1012 1177//1013
f 1162//998 1177//1013 1178//1014
f 1164//1000 1178//1014 1179//1015
f 1166//1002 1179//1015 1180//1016
f 1168//1004 1180//1016 1181//1017
f 1170//1006 1181//1017 1182//1018
f 1136//972 1182//1018 1134//970
f 1136//972 1170//1006 1182//1018
f 1176//1012 1183//1019 1177//1013
f 1177//1013 1183//1019 1184//1020
f 1178//1014 1184//1020 1185//1021
f 1179//1015 1185//1021 1186//1022
f 1180//1016 1186//1022 1187//1023
f 1181//1017 1187//1023 1188//1024
f 1182//1018 1188//1024 1189//1025
f 1134//970 1189//1025 1132//968
f 1134//970 1182//1018 1189//1025
f 1183//1019 1190//1026 1184//1020
f 1184//1020 1190//1026 1191//1027
f 1185//1021 1191//1027 1192//1028
f 1186//1022 1192//1028 1193//1029
f 1187//1023 1193//1029 1194//1030
f 1188//1024 1194//1030 1195//1031
f 1189//1025 1195//1031 1196//1032
f 1132//968 1196//1032 1143//979
f 1132//968 1189//1025 1196//1032
f 1190//1026 1197//1033 1191//1027
f 1191//1027 1197//1033 1198//1034
f 1192//1028 1198//1034 1199//1035
f 1193//1029 1199//1035 1200//1036
f 1194//1030 1200//1036 1201//1037
f 1195//1031 1201//1037 1202//1038
f 1196//1032 1202//1038 1203//1039
f 1143//979 1203//1039 1145//981
f 1143//979 1196//1032 1203//1039
f 1197//1033 1204//1040 1198//1034
f 1198//1034 1204//1040 1205//1041
f 1199//1035 1205//1041 1206//1042
f 1200//1036 1206//1042 1207//1043
f 1201//1037 1207//1043 1208//1044
f 1202//1038 1208//1044 1209//1045
f 1203//1039 1209//1045 1210//1046
f 1145//981 1210//1046 1147//983
f 1145//981 1203//1039 1210//1046
f 1204//1040 1211//1047 1205//1041
f 1205//1041 1211//1047 1212//1048
f 1206//1042 1212//1048 1213//1049
f 1207//1043 1213//1049 1214//1050
f 1208//1044 1214//1050 1215//1051
f 1209//1045 1215//1051 1216//1052
f 1210//1046 1216//1052 1217//1053
f 1147//983 1217//1053 1149//985
f 1147//983 1210//1046 1217//1053
f 1211//1047 1218//1054 1212//1048
f 1212//1048 1218//1054 1219//1055
f 1213//1049 1219//1055 1220//1056
f 1214//1050 1220//1056 1221//1057
f 1215//1051 1221//1057 1222//1058
f 1216//1052 1222//1058 1223//1059
f 1217//1053 1223//1059 1224//1060
f 1149//985 1224//1060 1151//987
f 1149//985 1217//1053 1224//1060
f 1218//1054 1225//1061 1219//1055
f 1219//1055 1225//1061 1226//1062
f 1220//1056 1226//1062 1227//1063
f 1221//1057 1227//1063 1228//1064
f 1222//1058 1228//1064 1229//1065
f 1223//1059 1229//1065 1230//1066
f 1224//1060 1230//1066 1231//1067
f 1151//987 1231//1067 1153//989
f 1151//987 1224//1060 1231//1067
f 1225//1061 1232//1068 1226//1062
f 1226//1062 1232//1068 1233//1069
f 1227//1063 1233//1069 1234//1070
f 1228//1064 1234//1070 1235//1071
f 1229//1065 1235//1071 1236//1072
f 1230//1066 1236//1072 1237//1073
f 1231//1067 1237//1073 1238//1074
f 1153//989 1238//1074 1154//990
f 1153//989 1231//1067 1238//1074
f 1232//1068 1239//1075 1233//1069
f 1233//1069 1239//1075 1240//1076
f 1234//1070 1240//1076 1241//1077
f 1235//1071 1241//1077 1242//1078
f 1236//1072 1242//1078 1243//1079
f 1237//1073 1243//1079 1244//1080
f 1238//1074 1244//1080 1245//1081
f 1154//990 1245//1081 1152//988
f 1154//990 1238//1074 1245//1081
f 1239//1075 1246//1082 1240//1076
f 1240//1076 1246//1082 1247//1083
f 1241//1077 1247//1083 1248//1084
f 1242//1078 1248//1084 1249//1085
f 1243//1079 1249//1085 1250//1086
f 1244//1080 1250//1086 1251//1087
f 1245//1081 1251//1087 1252//1088
f 1152//988 1252//1088 1150//986
f 1152//988 1245//1081 1252//1088
f 1246//1082 1253//1089 1247//1083
f 1247//1083 1253//1089 1254//1090
f 1248//1084 1254//1090 1255//1091
f 1249//1085 1255//1091 1256//1092
f 1250//1086 1256//1092 1257//1093
f 1251//1087 1257//1093 1258//1094
f 1252//1088 1258//1094 1259//1095
f 1150//986 1259//1095 1148//984
f 1150//986 1252//1088 1259//1095
f 1253//1089 1260//1096 1254//1090
f 1254//1090 1260//1096 1261//1097
f 1255//1091 1261//1097 1262//1098
f 1256//1092 1262//1098 1263//1099
f 1257//1093 1263//1099 1264//1100
f 1258//1094 1264//1100 1265//1101
f 1259//1095 1265//1101 1266//1102
f 1148//984 1266//1102 1146//982
f 1148//984 1259//1095 1266//1102
f 1260//1096 1267//1103 1261//1097
f 1261//1097 1267//1103 1268//1104
f 1262//1098 1268//1104 1269//1105
f 1263//1099 1269//1105 1270//1106
f 1264//1100 1270//1106 1271//1107
f 1265//1101 1271//1107 1272//1108
f 1266//1102 1272//1108 1273//1109
f 1146//982 1273//1109 1144//980
f 1146//982 1266//1102 1273//1109
f 1267//1103 1274//1110 1268//1104
f 1268//1104 1274//1110 1275//1111
f 1269//1105 1275//1111 1276//1112
f 1270//1106 1276//1112 1277//1113
f 1271//1107 1277//1113 1278//1114
f 1272//1108 1278//1114 1279//1115
f 1273//1109 1279//1115 1280//1116
f 1144//980 1280//1116 1133//969
f 1144//980 1273//1109 1280//1116
f 1274//1110 1281//1117 1275//1111
f 1275//1111 1281//1117 1282//1118
f 1276//1112 1282//1118 1283//1119
f 1277//1113 1283//1119 1284//1120
f 1278//1114 1284//1120 1285//1121
f 1279//1115 1285//1121 1286//1122
f 1280//1116 1286//1122 1287//1123
f 1133//969 1287//1123 1131//967
f 1133//969 1280//1116 1287//1123
f 1281//1117 1288//1124 1282//1118
f 1282//1118 1288//1124 1289//1125
f 1283//1119 1289//1125 1290//1126
f 1284//1120 1290//1126 1291//1127
f 1285//1121 1291//1127 1292//1128
f 1286//1122 1292//1128 1293//1129
f 1287//1123 1293//1129 1294//1130
f 1131//967 1294//1130 1135//971
f 1131//967 1287//1123 1294//1130
f 1288//1124 1295//1131 1289//1125
f 1289//1125 1295//1131 1296//779
f 1290//1126 1296//779 1297//1132
f 1291//1127 1297//1132 1298//1133
f 1292//1128 1298//1133 1299//1134
f 1293//1129 1299//1134 1300//1135
f 1294//1130 1300//1135 1301//1136
f 1135//971 1301//1136 1137//973
f 1135//971 1294//1130 1301//1136
f 1295//1131 1302//1137 1296//779
f 1296//779 1302//1137 1303//1138
f 1297//1132 1303//1138 1304//1139
f 1298//1133 1304//1139 1305//1140
f 1299//1134 1305//1140 1306//1141
f 1300//1135 1306//1141 1307//1142
f 1301//1136 1307//1142 1308//1143
f 1137//973 1308//1143 1139//975
f 1137//973 1301//1136 1308//1143
f 1302//1137 1309//1144 1303//1138
f 1303//1138 1309//1144 1310//1145
f 1304//1139 1310//1145 1311//1146
f 1305//1140 1311//1146 1312//1147
f 1306//1141 1312//1147 1313//1148
f 1307//1142 1313//1148 1314//1149
f 1308//1143 1314//1149 1315//1150
f 1139//975 1315//1150 1141//977
f 1139//975 1308//1143 1315//1150
f 1309//1144 1316//1151 1310//1145
f 1310//1145 1316//1151 1317//1152
f 1311//1146 1317//1152 1318//1153
f 1312//1147 1318//1153 1319//1154
f 1313//1148 1319//1154 1320//1155
f 1314//1149 1320//1155 1321//1156
f 1315//1150 1321//1156 1322//1157
f 1141//977 1322//1157 1142//978
f 1141//977 1315//1150 1322//1157
f 1316//1151 1157//993 1317//1152
f 1317//1152 1157//993 1156//992
f 1318//1153 1156//992 1175//1011
f 1319//1154 1175//1011 1174//1010
f 1320//1155 1174//1010 1173//1009
f 1321//1156 1173//1009 1172//1008
f 1322//1157 1172//1008 1171//1007
f 1142//978 1171//1007 1140//976
f 1142//978 1322//1157 1171//1007
f 1233//1069 1227//1063 1226//1062
f 1234//1070 1233//1069 1240//1076
f 1227//1063 1221//1057 1220//1056
f 1228//1064 1227//1063 1234//1070
f 1221//1057 1215//1051 1214//1050
f 1222//1058 1221//1057 1228//1064
f 1215//1051 1209//1045 1208//1044
f 1216//1052 1215//1051 1222//1058
f 1209//1045 1203//1039 1202//1038
f 1210//1046 1209//1045 1216//1052
f 1156//992 1318//1153 1317//1152
f 1318//1153 1312//1147 1311//1146
f 1319//1154 1318//1153 1175//1011
f 1312//1147 1306//1141 1305//1140
f 1313//1148 1312//1147 1319//1154
f 1306//1141 1300//1135 1299//1134
f 1307//1142 1306//1141 1313//1148
f 1300//1135 1294//1130 1293//1129
f 1301//1136 1300//1135 1307//1142
f 1286//1122 1293//1129 1287//1123
f 1292//1128 1299//1134 1293//1129
f 1298//1133 1305//1140 1299//1134
f 1304//1139 1311//1146 1305//1140
f 1310//1145 1317//1152 1311//1146
f 1320//1155 1319//1154 1174//1010
f 1314//1149 1313//1148 1320//1155
f 1308//1143 1307//1142 1314//1149
f 1162//998 1160//996 1177//1013
f 1163//999 1174//1010 1161//997
f 1162//998 1163//999 1161//997
f 1321//1156 1320//1155 1173//1009
f 1315//1150 1314//1149 1321//1156
f 1178//1014 1177//1013 1184//1020
f 1164//1000 1162//998 1178//1014
f 1165//1001 1173//1009 1163//999
f 1164//1000 1165//1001 1163//999
f 1322//1157 1321//1156 1172//1008
f 1185//1021 1184//1020 1191//1027
f 1179//1015 1178//1014 1185//1021
f 1166//1002 1164//1000 1179//1015
f 1167//1003 1172//1008 1165//1001
f 1166//1002 1167//1003 1165//1001
f 1192//1028 1191//1027 1198//1034
f 1186//1022 1185//1021 1192//1028
f 1180//1016 1179//1015 1186//1022
f 1168//1004 1166//1002 1180//1016
f 1169//1005 1171//1007 1167//1003
f 1168//1004 1169//1005 1167//1003
f 1199//1035 1198//1034 1205//1041
f 1193//1029 1192//1028 1199//1035
f 1187//1023 1186//1022 1193//1029
f 1181//1017 1180//1016 1187//1023
f 1170//1006 1168//1004 1181//1017
f 1206//1042 1205//1041 1212//1048
f 1200//1036 1199//1035 1206//1042
f 1194//1030 1193//1029 1200//1036
f 1188//1024 1187//1023 1194//1030
f 1182//1018 1181//1017 1188//1024
f 1213//1049 1212//1048 1219//1055
f 1207//1043 1206//1042 1213//1049
f 1201//1037 1200//1036 1207//1043
f 1195//1031 1194//1030 1201//1037
f 1189//1025 1188//1024 1195//1031
f 1220//1056 1219//1055 1226//1062
f 1214//1050 1213//1049 1220//1056
f 1208//1044 1207//1043 1214//1050
f 1202//1038 1201//1037 1208//1044
f 1196//1032 1195//1031 1202//1038
f 1241//1077 1240//1076 1247//1083
f 1235//1071 1234//1070 1241//1077
f 1229//1065 1228//1064 1235//1071
f 1223//1059 1222//1058 1229//1065
f 1217//1053 1216//1052 1223//1059
f 1248//1084 1247//1083 1254//1090
f 1242//1078 1241//1077 1248//1084
f 1236//1072 1235//1071 1242//1078
f 1230//1066 1229//1065 1236//1072
f 1224//1060 1223//1059 1230//1066
f 1255//1091 1254//1090 1261//1097
f 1249//1085 1248//1084 1255//1091
f 1243//1079 1242//1078 1249//1085
f 1237//1073 1236//1072 1243//1079
f 1231//1067 1230//1066 1237//1073
f 1262//1098 1261//1097 1268//1104
f 1256//1092 1255//1091 1262//1098
f 1250//1086 1249//1085 1256//1092
f 1244//1080 1243//1079 1250//1086
f 1238//1074 1237//1073 1244//1080
f 1269//1105 1268//1104 1275//1111
f 1263//1099 1262//1098 1269//1105
f 1257//1093 1256//1092 1263//1099
f 1251//1087 1250//1086 1257//1093
f 1245//1081 1244//1080 1251//1087
f 1276//1112 1275//1111 1282//1118
f 1270//1106 1269//1105 1276//1112
f 1264//1100 1263//1099 1270//1106
f 1258//1094 1257//1093 1264//1100
f 1252//1088 1251//1087 1258//1094
f 1283//1119 1282//1118 1289//1125
f 1277//1113 1276//1112 1283//1119
f 1271//1107 1270//1106 1277//1113
f 1265//1101 1264//1100 1271//1107
f 1259//1095 1258//1094 1265//1101
f 1290//1126 1289//1125 1296//779
f 1284//1120 1283//1119 1290//1126
f 1278//1114 1277//1113 1284//1120
f 1272//1108 1271//1107 1278//1114
f 1266//1102 1265//1101 1272//1108
f 1297//1132 1296//779 1303//1138
f 1291//1127 1290//1126 1297//1132
f 1285//1121 1284//1120 1291//1127
f 1279//1115 1278//1114 1285//1121
f 1273//1109 1272//1108 1279//1115
f 1304//1139 1303//1138 1310//1145
f 1298//1133 1297//1132 1304//1139
f 1292//1128 1291//1127 1298//1133
f 1286//1122 1285//1121 1292//1128
f 1280//1116 1279//1115 1286//1122
f 1323//1158 1155//991 1324//1159
f 1323//1158 1159//995 1155//991
f 1323//1158 1325//1160 1159//995
f 1159//995 1325//1160 1176//1012
f 1176//1012 1325//1160 1326//1161
f 1183//1019 1326//1161 1327//1162
f 1190//1026 1327//1162 1328//1163
f 1197//1033 1328//1163 1329//1164
f 1204//1040 1329//1164 1330//1165
f 1211//1047 1330//1165 1331//1166
f 1218//1054 1331//1166 1332//1167
f 1225//1061 1332//1167 1333//1168
f 1232//1068 1333//1168 1334//1169
f 1239//1075 1334//1169 1335//1170
f 1246//1082 1335//1170 1336//1171
f 1253//1089 1336//1171 1337//1172
f 1260//1096 1337//1172 1338//1173
f 1267//1103 1338//1173 1339//1174
f 1274//1110 1339//1174 1340//1175
f 1281//1117 1340//1175 1341//1176
f 1288//1124 1341//1176 1342//1177
f 1295//1131 1342//1177 1343//1178
f 1302//1137 1343//1178 1344//1179
f 1309//1144 1344//1179 1345//1180
f 1316//1151 1345//1180 1346//1181
f 1157//993 1346//1181 1324//1159
f 1155//991 1157//993 1324//1159
f 1176//1012 1326//1161 1183//1019
f 1183//1019 1327//1162 1190//1026
f 1190//1026 1328//1163 1197//1033
f 1197//1033 1329//1164 1204//1040
f 1204//1040 1330//1165 1211//1047
f 1211//1047 1331//1166 1218//1054
f 1218//1054 1332//1167 1225//1061
f 1225//1061 1333//1168 1232//1068
f 1232//1068 1334//1169 1239//1075
f 1239//1075 1335//1170 1246//1082
f 1246//1082 1336//1171 1253//1089
f 1253//1089 1337//1172 1260//1096
f 1260//1096 1338//1173 1267//1103
f 1267//1103 1339//1174 1274//1110
f 1274//1110 1340//1175 1281//1117
f 1281//1117 1341//1176 1288//1124
f 1288//1124 1342//1177 1295//1131
f 1295//1131 1343//1178 1302//1137
f 1302//1137 1344//1179 1309//1144
f 1309//1144 1345//1180 1316//1151
f 1316//1151 1346//1181 1157//993
f 1347//1182 1323//1158 1348//1183
f 1347//1182 1325//1160 1323//1158
f 1347//1182 1349//1184 1325//1160
f 1325//1160 1349//1184 1326//1161
f 1326//1161 1349//1184 1350//1185
f 1327//1162 1350//1185 1351//1186
f 1328//1163 1351//1186 1352//1187
f 1329//1164 1352//1187 1353//1188
f 1354//1189 1329//1164 1353//1188
f 1354//1189 1330//1165 1329//1164
f 1354//1189 1355//1190 1330//1165
f 1330//1165 1355//1190 1331//1166
f 1331//1166 1355//1190 1356//1191
f 1332//1167 1356//1191 1357//1192
f 1333//1168 1357//1192 1358//1193
f 1334//1169 1358//1193 1335//1170
f 1334//1169 1333//1168 1358//1193
f 1326//1161 1350//1185 1327//1162
f 1327//1162 1351//1186 1328//1163
f 1328//1163 1352//1187 1329//1164
f 1331//1166 1356//1191 1332//1167
f 1332//1167 1357//1192 1333//1168
f 1358//1193 1359//1194 1335//1170
f 1335//1170 1359//1194 1336//1171
f 1336//1171 1359//1194 1360//1195
f 1337//1172 1360//1195 1361//1196
f 1338//1173 1361//1196 1362//1197
f 1339//1174 1362//1197 1363//1198
f 1340//1175 1363//1198 1364//1199
f 1341//1176 1364//1199 1365//1200
f 1366//1201 1341//1176 1365//1200
f 1366//1201 1342//1177 1341//1176
f 1366//1201 1367//1202 1342//1177
f 1342//1177 1367//1202 1343//1178
f 1343//1178 1367//1202 1368//1203
f 1344//1179 1368//1203 1369//1204
f 1345//1180 1369//1204 1370//1205
f 1346//1181 1370//1205 1348//1183
f 1324//1159 1348//1183 1323//1158
f 1324//1159 1346//1181 1348//1183
f 1336//1171 1360//1195 1337//1172
f 1337//1172 1361//1196 1338//1173
f 1338//1173 1362//1197 1339//1174
f 1339//1174 1363//1198 1340//1175
f 1340//1175 1364//1199 1341//1176
f 1343//1178 1368//1203 1344//1179
f 1344//1179 1369//1204 1345//1180
f 1345//1180 1370//1205 1346//1181
f 1371//1206 1372//1207 1373//1208
f 1371//1206 1374//1209 1372//1207
f 1371//1206 1375//1210 1374//1209
f 1374//1209 1375//1210 1376//1211
f 1377//1212 1376//1211 1378//1213
f 1379//1214 1378//1213 1380//1215
f 1381//1216 1380//1215 1382//1217
f 1383//1218 1382//1217 1384//1219
f 1385//1220 1384//1219 1386//1221
f 1387//1222 1386//1221 1388//1223
f 1389//1224 1388//1223 1390//1225
f 1391//1226 1390//1225 1392//1227
f 1393//1228 1392//1227 1394//1229
f 1395//1230 1394//1229 1396//1231
f 1357//1192 1396//1231 1358//1193
f 1357//1192 1395//1230 1396//1231
f 1357//1192 1356//1191 1395//1230
f 1395//1230 1356//1191 1397//1232
f 1393//1228 1397//1232 1398//1233
f 1391//1226 1398//1233 1399//1234
f 1389//1224 1399//1234 1400//1235
f 1387//1222 1400//1235 1401//1236
f 1385//1220 1401//1236 1402//1237
f 1383//1218 1402//1237 1403//1238
f 1381//1216 1403//1238 1404//1239
f 1379//1214 1404//1239 1405//1240
f 1377//1212 1405//1240 1406//1241
f 1374//1209 1406//1241 1372//1207
f 1374//1209 1377//1212 1406//1241
f 1374//1209 1376//1211 1377//1212
f 1375//1210 1407//1242 1376//1211
f 1376//1211 1407//1242 1408//1243
f 1378//1213 1408//1243 1409//1244
f 1380//1215 1409//1244 1410//1245
f 1382//1217 1410//1245 1411//1246
f 1384//1219 1411//1246 1412//1247
f 1386//1221 1412//1247 1413//1248
f 1388//1223 1413//1248 1414//1249
f 1390//1225 1414//1249 1415//1250
f 1392//1227 1415//1250 1416//1251
f 1394//1229 1416//1251 1417//1252
f 1396//1231 1417//1252 1418//1253
f 1358//1193 1418//1253 1359//1194
f 1358//1193 1396//1231 1418//1253
f 1407//1242 1419//1254 1408//1243
f 1408//1243 1419//1254 1420//1255
f 1409//1244 1420//1255 1421//1256
f 1410//1245 1421//1256 1422//1257
f 1411//1246 1422//1257 1423//1258
f 1412//1247 1423//1258 1424//1259
f 1413//1248 1424//1259 1425//1041
f 1414//1249 1425//1041 1426//1260
f 1415//1250 1426//1260 1427//1261
f 1416//1251 1427//1261 1428//1262
f 1417//1252 1428//1262 1429//1263
f 1418//1253 1429//1263 1430//1264
f 1359//1194 1430//1264 1431//1265
f 1360//1195 1431//1265 1432//1266
f 1361//1196 1432//1266 1433//1267
f 1362//1197 1433//1267 1434//1268
f 1363//1198 1434//1268 1435//1269
f 1436//1270 1435//1269 1437//1271
f 1438//1272 1437//1271 1439//1273
f 1440//1274 1439//1273 1441//1275
f 1442//1276 1441//1275 1443//1277
f 1444//1278 1443//1277 1445//1097
f 1446//1279 1445//1097 1447//1280
f 1448//1281 1447//1280 1449//1282
f 1450//1283 1449//1282 1451//1284
f 1452//1285 1451//1284 1453//1286
f 1454//1287 1453//1286 1455//1288
f 1456//1289 1455//1288 1457//1290
f 1458//1291 1456//1289 1457//1290
f 1458//1291 1459//1292 1456//1289
f 1458//1291 1460//1293 1459//1292
f 1459//1292 1460//1293 1461//1294
f 1462//1295 1461//1294 1463//1296
f 1464//1297 1463//1296 1465//1298
f 1466//1299 1465//1298 1467//1300
f 1468//1301 1467//1300 1469//1302
f 1470//1303 1469//1302 1471//1304
f 1472//1305 1471//1304 1473//1306
f 1474//1307 1473//1306 1475//1308
f 1476//1309 1475//1308 1477//1310
f 1478//1311 1477//1310 1479//1312
f 1480//1313 1479//1312 1481//1314
f 1349//1184 1481//1314 1350//1185
f 1349//1184 1480//1313 1481//1314
f 1349//1184 1347//1182 1480//1313
f 1480//1313 1347//1182 1482//1315
f 1478//1311 1482//1315 1483//1316
f 1476//1309 1483//1316 1484//1317
f 1474//1307 1484//1317 1485//1318
f 1472//1305 1485//1318 1486//1319
f 1470//1303 1486//1319 1487//1320
f 1468//1301 1487//1320 1488//1321
f 1466//1299 1488//1321 1489//1322
f 1464//1297 1489//1322 1490//1323
f 1462//1295 1490//1323 1491//1324
f 1459//1292 1491//1324 1456//1289
f 1459//1292 1462//1295 1491//1324
f 1459//1292 1461//1294 1462//1295
f 1420//1255 1419//1254 1492//1325
f 1421//1256 1492//1325 1493//1326
f 1422//1257 1493//1326 1494//1327
f 1423//1258 1494//1327 1495//1328
f 1424//1259 1495//1328 1496//1329
f 1425//1041 1496//1329 1497//1330
f 1426//1260 1497//1330 1498//1331
f 1427//1261 1498//1331 1499//1332
f 1428//1262 1499//1332 1500//1333
f 1429//1263 1500//1333 1501//1334
f 1430//1264 1501//1334 1431//1265
f 1430//1264 1429//1263 1501//1334
f 1502//1335 1503//1336 1504//1337
f 1502//1335 1505//1338 1503//1336
f 1502//1335 1506//1339 1505//1338
f 1505//1338 1506//1339 1507//1340
f 1508//1341 1507//1340 1509//1342
f 1510//1343 1509//1342 1511//1344
f 1512//1345 1511//1344 1513//1346
f 1514//1347 1513//1346 1515//1348
f 1516//1349 1515//1348 1517//1350
f 1518//1351 1517//1350 1519//1352
f 1520//1353 1519//1352 1521//1354
f 1522//1355 1521//1354 1523//1356
f 1524//1357 1523//1356 1525//1358
f 1433//1267 1525//1358 1434//1268
f 1433//1267 1524//1357 1525//1358
f 1433//1267 1432//1266 1524//1357
f 1524//1357 1432//1266 1526//1359
f 1522//1355 1526//1359 1527//1360
f 1520//1353 1527//1360 1528//1361
f 1518//1351 1528//1361 1529//1362
f 1516//1349 1529//1362 1530//1363
f 1514//1347 1530//1363 1531//1364
f 1512//1345 1531//1364 1532//1365
f 1510//1343 1532//1365 1533//1366
f 1508//1341 1533//1366 1534//1367
f 1505//1338 1534//1367 1503//1336
f 1505//1338 1508//1341 1534//1367
f 1505//1338 1507//1340 1508//1341
f 1506//1339 1535//1368 1507//1340
f 1507//1340 1535//1368 1536//1369
f 1509//1342 1536//1369 1537//1370
f 1511//1344 1537//1370 1538//1371
f 1513//1346 1538//1371 1539//1372
f 1515//1348 1539//1372 1540//1373
f 1517//1350 1540//1373 1541//1069
f 1519//1352 1541//1069 1542//1374
f 1521//1354 1542//1374 1543//1375
f 1523//1356 1543//1375 1544//1376
f 1525//1358 1544//1376 1545//1377
f 1434//1268 1545//1377 1435//1269
f 1434//1268 1525//1358 1545//1377
f 1536//1369 1535//1368 1546//1378
f 1537//1370 1546//1378 1547//1379
f 1538//1371 1547//1379 1548//1380
f 1539//1372 1548//1380 1549//1381
f 1540//1373 1549//1381 1550//1382
f 1541//1069 1550//1382 1551//1383
f 1542//1374 1551//1383 1552//1384
f 1543//1375 1552//1384 1553//1385
f 1544//1376 1553//1385 1554//1386
f 1545//1377 1554//1386 1437//1271
f 1435//1269 1545//1377 1437//1271
f 1555//1387 1556//1388 1557//1389
f 1555//1387 1558//1390 1556//1388
f 1555//1387 1559//1391 1558//1390
f 1558//1390 1559//1391 1560//1392
f 1561//1393 1560//1392 1562//1394
f 1563//1395 1562//1394 1564//1396
f 1565//1397 1564//1396 1566//1398
f 1567//1399 1566//1398 1568//1400
f 1569//1401 1568//1400 1570//1402
f 1571//1403 1570//1402 1443//1277
f 1441//1275 1571//1403 1443//1277
f 1441//1275 1572//1404 1571//1403
f 1441//1275 1439//1273 1572//1404
f 1572//1404 1439//1273 1554//1386
f 1553//1385 1572//1404 1554//1386
f 1553//1385 1573//1405 1572//1404
f 1553//1385 1552//1384 1573//1405
f 1573//1405 1552//1384 1574//1406
f 1569//1401 1574//1406 1567//1399
f 1568//1400 1569//1401 1567//1399
f 1559//1391 1575//1407 1560//1392
f 1560//1392 1575//1407 1576//1408
f 1562//1394 1576//1408 1577//1409
f 1564//1396 1577//1409 1578//1410
f 1566//1398 1578//1410 1579//1411
f 1568//1400 1579//1411 1580//1412
f 1570//1402 1580//1412 1445//1097
f 1443//1277 1570//1402 1445//1097
f 1576//1408 1575//1407 1581//1413
f 1577//1409 1581//1413 1582//1414
f 1578//1410 1582//1414 1583//1415
f 1579//1411 1583//1415 1584//1416
f 1580//1412 1584//1416 1447//1280
f 1445//1097 1580//1412 1447//1280
f 1585//1417 1586//1418 1587//1419
f 1585//1417 1588//1420 1586//1418
f 1585//1417 1589//1421 1588//1420
f 1588//1420 1589//1421 1590//1422
f 1591//1423 1590//1422 1453//1286
f 1451//1284 1591//1423 1453//1286
f 1451//1284 1592//1424 1591//1423
f 1451//1284 1449//1282 1592//1424
f 1592//1424 1449//1282 1584//1416
f 1583//1415 1592//1424 1584//1416
f 1583//1415 1593//1425 1592//1424
f 1583//1415 1582//1414 1593//1425
f 1593//1425 1582//1414 1586//1418
f 1588//1420 1593//1425 1586//1418
f 1588//1420 1591//1423 1593//1425
f 1588//1420 1590//1422 1591//1423
f 1589//1421 1457//1290 1590//1422
f 1590//1422 1457//1290 1455//1288
f 1453//1286 1590//1422 1455//1288
f 1460//1293 1594//1426 1461//1294
f 1461//1294 1594//1426 1595//1427
f 1463//1296 1595//1427 1596//1428
f 1465//1298 1596//1428 1597//1429
f 1467//1300 1597//1429 1598//1430
f 1469//1302 1598//1430 1599//1431
f 1471//1304 1599//1431 1600//1432
f 1473//1306 1600//1432 1601//1433
f 1475//1308 1601//1433 1602//1434
f 1477//1310 1602//1434 1603//1435
f 1479//1312 1603//1435 1604//1436
f 1481//1314 1604//1436 1605//1437
f 1350//1185 1605//1437 1351//1186
f 1350//1185 1481//1314 1605//1437
f 1594//1426 1606//1438 1595//1427
f 1595//1427 1606//1438 1607//1439
f 1596//1428 1607//1439 1608//1440
f 1597//1429 1608//1440 1609//1441
f 1598//1430 1609//1441 1610//1442
f 1599//1431 1610//1442 1611//1443
f 1600//1432 1611//1443 1612//1152
f 1601//1433 1612//1152 1613//1444
f 1602//1434 1613//1444 1614//1445
f 1603//1435 1614//1445 1615//1446
f 1604//1436 1615//1446 1616//1447
f 1605//1437 1616//1447 1617//1448
f 1351//1186 1617//1448 1618//1449
f 1352//1187 1618//1449 1619//1450
f 1353//1188 1619//1450 1620//1451
f 1354//1189 1620//1451 1621//1452
f 1355//1190 1621//1452 1622//1453
f 1397//1232 1622//1453 1398//1233
f 1397//1232 1355//1190 1622//1453
f 1397//1232 1356//1191 1355//1190
f 1607//1439 1606//1438 1623//1454
f 1608//1440 1623//1454 1624//1455
f 1609//1441 1624//1455 1625//1456
f 1610//1442 1625//1456 1626//1457
f 1611//1443 1626//1457 1627//1458
f 1612//1152 1627//1458 1628//1459
f 1613//1444 1628//1459 1629//1460
f 1614//1445 1629//1460 1630//1461
f 1615//1446 1630//1461 1631//1462
f 1616//1447 1631//1462 1632//1463
f 1617//1448 1632//1463 1618//1449
f 1617//1448 1616//1447 1632//1463
f 1633//1464 1634//1465 1635//1466
f 1633//1464 1636//1467 1634//1465
f 1633//1464 1637//1468 1636//1467
f 1636//1467 1637//1468 1638//1469
f 1639//1470 1638//1469 1640//1471
f 1641//1472 1640//1471 1642//1473
f 1643//1474 1642//1473 1644//1475
f 1645//1476 1644//1475 1646//1477
f 1647//1478 1646//1477 1648//1479
f 1649//1480 1648//1479 1650//1481
f 1651//1482 1650//1481 1652//1483
f 1653//1484 1652//1483 1654//1485
f 1655//1486 1654//1485 1656//1487
f 1620//1451 1656//1487 1621//1452
f 1620//1451 1655//1486 1656//1487
f 1620//1451 1619//1450 1655//1486
f 1655//1486 1619//1450 1657//1488
f 1653//1484 1657//1488 1658//1489
f 1651//1482 1658//1489 1659//1490
f 1649//1480 1659//1490 1660//1491
f 1647//1478 1660//1491 1661//1492
f 1645//1476 1661//1492 1662//1493
f 1643//1474 1662//1493 1663//1494
f 1641//1472 1663//1494 1664//1495
f 1639//1470 1664//1495 1665//1496
f 1636//1467 1665//1496 1634//1465
f 1636//1467 1639//1470 1665//1496
f 1636//1467 1638//1469 1639//1470
f 1637//1468 1373//1208 1638//1469
f 1638//1469 1373//1208 1666//1497
f 1640//1471 1666//1497 1667//1498
f 1642//1473 1667//1498 1668//1499
f 1644//1475 1668//1499 1669//1500
f 1646//1477 1669//1500 1670//1501
f 1648//1479 1670//1501 1671//1013
f 1650//1481 1671//1013 1672//1502
f 1652//1483 1672//1502 1673//1503
f 1654//1485 1673//1503 1674//1504
f 1656//1487 1674//1504 1675//1505
f 1621//1452 1675//1505 1622//1453
f 1621//1452 1656//1487 1675//1505
f 1370//1205 1676//1506 1348//1183
f 1370//1205 1677//1507 1676//1506
f 1370//1205 1369//1204 1677//1507
f 1677//1507 1369//1204 1678//1508
f 1679//1509 1678//1508 1680//1510
f 1681//1511 1680//1510 1682//1512
f 1683//1513 1682//1512 1684//1514
f 1685//1515 1684//1514 1686//1516
f 1687//1517 1686//1516 1688//1518
f 1689//1519 1688//1518 1448//1281
f 1450//1283 1448//1281 1449//1282
f 1450//1283 1689//1519 1448//1281
f 1450//1283 1690//1520 1689//1519
f 1450//1283 1452//1285 1690//1520
f 1450//1283 1451//1284 1452//1285
f 1369//1204 1368//1203 1678//1508
f 1678//1508 1368//1203 1691//1521
f 1680//1510 1691//1521 1692//1522
f 1682//1512 1692//1522 1693//1523
f 1684//1514 1693//1523 1694//1524
f 1686//1516 1694//1524 1695//1525
f 1688//1518 1695//1525 1446//1279
f 1448//1281 1446//1279 1447//1280
f 1448//1281 1688//1518 1446//1279
f 1368//1203 1367//1202 1691//1521
f 1691//1521 1367//1202 1696//1526
f 1692//1522 1696//1526 1697//1527
f 1693//1523 1697//1527 1698//1528
f 1694//1524 1698//1528 1699//1529
f 1695//1525 1699//1529 1444//1278
f 1446//1279 1444//1278 1445//1097
f 1446//1279 1695//1525 1444//1278
f 1696//1526 1367//1202 1700//1530
f 1697//1527 1700//1530 1701//1531
f 1698//1528 1701//1531 1702//1532
f 1699//1529 1702//1532 1442//1276
f 1444//1278 1442//1276 1443//1277
f 1444//1278 1699//1529 1442//1276
f 1365//1200 1703//1533 1366//1201
f 1365//1200 1704//1534 1703//1533
f 1365//1200 1364//1199 1704//1534
f 1704//1534 1364//1199 1436//1270
f 1438//1272 1436//1270 1437//1271
f 1438//1272 1704//1534 1436//1270
f 1438//1272 1705//1535 1704//1534
f 1438//1272 1440//1274 1705//1535
f 1438//1272 1439//1273 1440//1274
f 1364//1199 1363//1198 1436//1270
f 1436//1270 1363//1198 1435//1269
f 1363//1198 1362//1197 1434//1268
f 1362//1197 1361//1196 1433//1267
f 1361//1196 1360//1195 1432//1266
f 1360//1195 1359//1194 1431//1265
f 1430//1264 1359//1194 1418//1253
f 1355//1190 1354//1189 1621//1452
f 1354//1189 1353//1188 1620//1451
f 1353//1188 1352//1187 1619//1450
f 1352//1187 1351//1186 1618//1449
f 1617//1448 1351//1186 1605//1437
f 1347//1182 1348//1183 1482//1315
f 1482//1315 1348//1183 1706//1536
f 1483//1316 1706//1536 1707//1537
f 1484//1317 1707//1537 1708//1538
f 1485//1318 1708//1538 1709//1539
f 1486//1319 1709//1539 1710//1540
f 1487//1320 1710//1540 1711//1125
f 1488//1321 1711//1125 1712//1541
f 1489//1322 1712//1541 1713//1542
f 1490//1323 1713//1542 1714//1543
f 1491//1324 1714//1543 1454//1287
f 1456//1289 1454//1287 1455//1288
f 1456//1289 1491//1324 1454//1287
f 1562//1394 1560//1392 1576//1408
f 1562//1394 1563//1395 1561//1393
f 1561//1393 1563//1395 1715//1544
f 1716//1545 1715//1544 1548//1380
f 1547//1379 1716//1545 1548//1380
f 1547//1379 1556//1388 1716//1545
f 1547//1379 1546//1378 1556//1388
f 1556//1388 1546//1378 1557//1389
f 1557//1389 1546//1378 1535//1368
f 1581//1413 1577//1409 1576//1408
f 1563//1395 1717//1546 1715//1544
f 1563//1395 1565//1397 1717//1546
f 1563//1395 1564//1396 1565//1397
f 1577//1409 1564//1396 1562//1394
f 1715//1544 1717//1546 1549//1381
f 1548//1380 1715//1544 1549//1381
f 1550//1382 1541//1069 1540//1373
f 1550//1382 1717//1546 1718//1547
f 1551//1383 1718//1547 1574//1406
f 1552//1384 1551//1383 1574//1406
f 1541//1069 1519//1352 1517//1350
f 1718//1547 1551//1383 1550//1382
f 1528//1361 1518//1351 1520//1353
f 1520//1353 1518//1351 1519//1352
f 1551//1383 1542//1374 1541//1069
f 1542//1374 1521//1354 1519//1352
f 1528//1361 1527//1360 1500//1333
f 1499//1332 1528//1361 1500//1333
f 1499//1332 1529//1362 1528//1361
f 1499//1332 1498//1331 1529//1362
f 1529//1362 1498//1331 1530//1363
f 1530//1363 1498//1331 1497//1330
f 1531//1364 1497//1330 1496//1329
f 1532//1365 1496//1329 1495//1328
f 1533//1366 1495//1328 1494//1327
f 1534//1367 1494//1327 1493//1326
f 1503//1336 1493//1326 1492//1325
f 1504//1337 1492//1325 1419//1254
f 1504//1337 1503//1336 1492//1325
f 1521//1354 1522//1355 1520//1353
f 1520//1353 1522//1355 1527//1360
f 1431//1265 1501//1334 1526//1359
f 1432//1266 1431//1265 1526//1359
f 1509//1342 1507//1340 1536//1369
f 1409//1244 1408//1243 1420//1255
f 1640//1471 1638//1469 1666//1497
f 1483//1316 1482//1315 1706//1536
f 1596//1428 1595//1427 1607//1439
f 1692//1522 1691//1521 1696//1526
f 1373//1208 1372//1207 1666//1497
f 1666//1497 1372//1207 1667//1498
f 1667//1498 1372//1207 1406//1241
f 1668//1499 1406//1241 1405//1240
f 1669//1500 1405//1240 1404//1239
f 1670//1501 1404//1239 1403//1238
f 1671//1013 1403//1238 1402//1237
f 1672//1502 1402//1237 1401//1236
f 1673//1503 1401//1236 1400//1235
f 1674//1504 1400//1235 1399//1234
f 1675//1505 1399//1234 1398//1233
f 1622//1453 1675//1505 1398//1233
f 1667//1498 1642//1473 1640//1471
f 1668//1499 1667//1498 1406//1241
f 1663//1494 1641//1472 1643//1474
f 1643//1474 1641//1472 1642//1473
f 1644//1475 1642//1473 1668//1499
f 1663//1494 1662//1493 1627//1458
f 1626//1457 1663//1494 1627//1458
f 1626//1457 1664//1495 1663//1494
f 1626//1457 1625//1456 1664//1495
f 1664//1495 1625//1456 1665//1496
f 1665//1496 1625//1456 1624//1455
f 1634//1465 1624//1455 1623//1454
f 1635//1466 1623//1454 1606//1438
f 1635//1466 1634//1465 1623//1454
f 1644//1475 1645//1476 1643//1474
f 1643//1474 1645//1476 1662//1493
f 1628//1459 1613//1444 1612//1152
f 1629//1460 1628//1459 1661//1492
f 1660//1491 1629//1460 1661//1492
f 1660//1491 1630//1461 1629//1460
f 1660//1491 1659//1490 1630//1461
f 1630//1461 1659//1490 1631//1462
f 1631//1462 1659//1490 1658//1489
f 1632//1463 1658//1489 1657//1488
f 1618//1449 1657//1488 1619//1450
f 1618//1449 1632//1463 1657//1488
f 1613//1444 1602//1434 1601//1433
f 1614//1445 1613//1444 1629//1460
f 1602//1434 1477//1310 1475//1308
f 1603//1435 1602//1434 1614//1445
f 1483//1316 1476//1309 1478//1311
f 1478//1311 1476//1309 1477//1310
f 1479//1312 1477//1310 1603//1435
f 1480//1313 1482//1315 1478//1311
f 1479//1312 1480//1313 1478//1311
f 1707//1537 1706//1536 1676//1506
f 1719//1548 1676//1506 1677//1507
f 1679//1509 1677//1507 1678//1508
f 1679//1509 1719//1548 1677//1507
f 1679//1509 1720//1549 1719//1548
f 1679//1509 1681//1511 1720//1549
f 1679//1509 1680//1510 1681//1511
f 1484//1317 1483//1316 1707//1537
f 1474//1307 1475//1308 1476//1309
f 1484//1317 1474//1307 1476//1309
f 1473//1306 1601//1433 1475//1308
f 1600//1432 1612//1152 1601//1433
f 1628//1459 1627//1458 1662//1493
f 1661//1492 1628//1459 1662//1493
f 1627//1458 1612//1152 1611//1443
f 1639//1470 1640//1471 1641//1472
f 1664//1495 1639//1470 1641//1472
f 1676//1506 1706//1536 1348//1183
f 1669//1500 1668//1499 1405//1240
f 1646//1477 1644//1475 1669//1500
f 1647//1478 1661//1492 1645//1476
f 1646//1477 1647//1478 1645//1476
f 1615//1446 1614//1445 1630//1461
f 1604//1436 1603//1435 1615//1446
f 1481//1314 1479//1312 1604//1436
f 1379//1214 1405//1240 1377//1212
f 1378//1213 1379//1214 1377//1212
f 1408//1243 1378//1213 1376//1211
f 1670//1501 1669//1500 1404//1239
f 1648//1479 1646//1477 1670//1501
f 1649//1480 1660//1491 1647//1478
f 1648//1479 1649//1480 1647//1478
f 1616//1447 1615//1446 1631//1462
f 1605//1437 1604//1436 1616//1447
f 1380//1215 1378//1213 1409//1244
f 1381//1216 1404//1239 1379//1214
f 1380//1215 1381//1216 1379//1214
f 1671//1013 1670//1501 1403//1238
f 1650//1481 1648//1479 1671//1013
f 1651//1482 1659//1490 1649//1480
f 1650//1481 1651//1482 1649//1480
f 1632//1463 1631//1462 1658//1489
f 1492//1325 1421//1256 1420//1255
f 1421//1256 1410//1245 1409//1244
f 1422//1257 1421//1256 1493//1326
f 1410//1245 1382//1217 1380//1215
f 1411//1246 1410//1245 1422//1257
f 1403//1238 1381//1216 1383//1218
f 1383//1218 1381//1216 1382//1217
f 1384//1219 1382//1217 1411//1246
f 1385//1220 1402//1237 1383//1218
f 1384//1219 1385//1220 1383//1218
f 1402//1237 1672//1502 1671//1013
f 1672//1502 1652//1483 1650//1481
f 1673//1503 1672//1502 1401//1236
f 1658//1489 1651//1482 1653//1484
f 1653//1484 1651//1482 1652//1483
f 1654//1485 1652//1483 1673//1503
f 1655//1486 1657//1488 1653//1484
f 1654//1485 1655//1486 1653//1484
f 1534//1367 1493//1326 1503//1336
f 1423//1258 1422//1257 1494//1327
f 1412//1247 1411//1246 1423//1258
f 1386//1221 1384//1219 1412//1247
f 1387//1222 1401//1236 1385//1220
f 1386//1221 1387//1222 1385//1220
f 1674//1504 1673//1503 1400//1235
f 1656//1487 1654//1485 1674//1504
f 1533//1366 1494//1327 1534//1367
f 1424//1259 1423//1258 1495//1328
f 1413//1248 1412//1247 1424//1259
f 1388//1223 1386//1221 1413//1248
f 1389//1224 1400//1235 1387//1222
f 1388//1223 1389//1224 1387//1222
f 1675//1505 1674//1504 1399//1234
f 1510//1343 1533//1366 1508//1341
f 1509//1342 1510//1343 1508//1341
f 1532//1365 1495//1328 1533//1366
f 1425//1041 1424//1259 1496//1329
f 1414//1249 1413//1248 1425//1041
f 1390//1225 1388//1223 1414//1249
f 1391//1226 1399//1234 1389//1224
f 1390//1225 1391//1226 1389//1224
f 1546//1378 1537//1370 1536//1369
f 1537//1370 1511//1344 1509//1342
f 1538//1371 1537//1370 1547//1379
f 1532//1365 1510//1343 1512//1345
f 1512//1345 1510//1343 1511//1344
f 1513//1346 1511//1344 1538//1371
f 1496//1329 1532//1365 1531//1364
f 1530//1363 1497//1330 1531//1364
f 1513//1346 1514//1347 1512//1345
f 1512//1345 1514//1347 1531//1364
f 1497//1330 1426//1260 1425//1041
f 1426//1260 1415//1250 1414//1249
f 1427//1261 1426//1260 1498//1331
f 1415//1250 1392//1227 1390//1225
f 1416//1251 1415//1250 1427//1261
f 1398//1233 1391//1226 1393//1228
f 1393//1228 1391//1226 1392//1227
f 1394//1229 1392//1227 1416//1251
f 1395//1230 1397//1232 1393//1228
f 1394//1229 1395//1230 1393//1228
f 1539//1372 1538//1371 1548//1380
f 1515//1348 1513//1346 1539//1372
f 1516//1349 1530//1363 1514//1347
f 1515//1348 1516//1349 1514//1347
f 1428//1262 1427//1261 1499//1332
f 1417//1252 1416//1251 1428//1262
f 1396//1231 1394//1229 1417//1252
f 1556//1388 1558//1390 1716//1545
f 1716//1545 1558//1390 1561//1393
f 1715//1544 1716//1545 1561//1393
f 1560//1392 1561//1393 1558//1390
f 1540//1373 1539//1372 1549//1381
f 1517//1350 1515//1348 1540//1373
f 1518//1351 1529//1362 1516//1349
f 1517//1350 1518//1351 1516//1349
f 1429//1263 1428//1262 1500//1333
f 1418//1253 1417//1252 1429//1263
f 1550//1382 1549//1381 1717//1546
f 1501//1334 1500//1333 1527//1360
f 1526//1359 1501//1334 1527//1360
f 1586//1418 1582//1414 1581//1413
f 1587//1419 1581//1413 1575//1407
f 1587//1419 1586//1418 1581//1413
f 1582//1414 1578//1410 1577//1409
f 1717//1546 1565//1397 1718//1547
f 1718//1547 1565//1397 1567//1399
f 1574//1406 1718//1547 1567//1399
f 1578//1410 1566//1398 1564//1396
f 1566//1398 1567//1399 1565//1397
f 1543//1375 1542//1374 1552//1384
f 1523//1356 1521//1354 1543//1375
f 1524//1357 1526//1359 1522//1355
f 1523//1356 1524//1357 1522//1355
f 1579//1411 1578//1410 1583//1415
f 1568//1400 1566//1398 1579//1411
f 1573//1405 1574//1406 1569//1401
f 1571//1403 1569//1401 1570//1402
f 1571//1403 1573//1405 1569//1401
f 1571//1403 1572//1404 1573//1405
f 1544//1376 1543//1375 1553//1385
f 1525//1358 1523//1356 1544//1376
f 1592//1424 1593//1425 1591//1423
f 1580//1412 1579//1411 1584//1416
f 1570//1402 1568//1400 1580//1412
f 1545//1377 1544//1376 1554//1386
f 1447//1280 1584//1416 1449//1282
f 1437//1271 1554//1386 1439//1273
f 1453//1286 1454//1287 1452//1285
f 1452//1285 1454//1287 1714//1543
f 1690//1520 1714//1543 1713//1542
f 1721//1550 1713//1542 1712//1541
f 1722//1551 1712//1541 1711//1125
f 1723//1552 1711//1125 1710//1540
f 1724//1553 1710//1540 1709//1539
f 1720//1549 1709//1539 1708//1538
f 1719//1548 1708//1538 1707//1537
f 1676//1506 1719//1548 1707//1537
f 1690//1520 1452//1285 1714//1543
f 1441//1275 1442//1276 1440//1274
f 1440//1274 1442//1276 1702//1532
f 1705//1535 1702//1532 1701//1531
f 1703//1533 1701//1531 1700//1530
f 1366//1201 1700//1530 1367//1202
f 1366//1201 1703//1533 1700//1530
f 1705//1535 1440//1274 1702//1532
f 1490//1323 1714//1543 1491//1324
f 1687//1517 1688//1518 1689//1519
f 1721//1550 1689//1519 1690//1520
f 1713//1542 1721//1550 1690//1520
f 1687//1517 1689//1519 1721//1550
f 1722//1551 1721//1550 1712//1541
f 1722//1551 1687//1517 1721//1550
f 1722//1551 1685//1515 1687//1517
f 1722//1551 1723//1552 1685//1515
f 1722//1551 1711//1125 1723//1552
f 1686//1516 1695//1525 1688//1518
f 1694//1524 1699//1529 1695//1525
f 1698//1528 1702//1532 1699//1529
f 1703//1533 1704//1534 1705//1535
f 1701//1531 1703//1533 1705//1535
f 1464//1297 1490//1323 1462//1295
f 1463//1296 1464//1297 1462//1295
f 1595//1427 1463//1296 1461//1294
f 1489//1322 1713//1542 1490//1323
f 1685//1515 1686//1516 1687//1517
f 1684//1514 1694//1524 1686//1516
f 1693//1523 1698//1528 1694//1524
f 1697//1527 1701//1531 1698//1528
f 1465//1298 1463//1296 1596//1428
f 1466//1299 1489//1322 1464//1297
f 1465//1298 1466//1299 1464//1297
f 1488//1321 1712//1541 1489//1322
f 1683//1513 1684//1514 1685//1515
f 1723//1552 1683//1513 1685//1515
f 1723//1552 1724//1553 1683//1513
f 1723//1552 1710//1540 1724//1553
f 1682//1512 1693//1523 1684//1514
f 1692//1522 1697//1527 1693//1523
f 1696//1526 1700//1530 1697//1527
f 1623//1454 1608//1440 1607//1439
f 1608//1440 1597//1429 1596//1428
f 1609//1441 1608//1440 1624//1455
f 1597//1429 1467//1300 1465//1298
f 1598//1430 1597//1429 1609//1441
f 1488//1321 1466//1299 1468//1301
f 1468//1301 1466//1299 1467//1300
f 1469//1302 1467//1300 1598//1430
f 1711//1125 1488//1321 1487//1320
f 1486//1319 1710//1540 1487//1320
f 1469//1302 1470//1303 1468//1301
f 1468//1301 1470//1303 1487//1320
f 1682//1512 1683//1513 1681//1511
f 1681//1511 1683//1513 1724//1553
f 1720//1549 1724//1553 1709//1539
f 1720//1549 1681//1511 1724//1553
f 1692//1522 1682//1512 1680//1510
f 1678//1508 1691//1521 1680//1510
f 1665//1496 1624//1455 1634//1465
f 1610//1442 1609//1441 1625//1456
f 1599//1431 1598//1430 1610//1442
f 1471//1304 1469//1302 1599//1431
f 1472//1305 1486//1319 1470//1303
f 1471//1304 1472//1305 1470//1303
f 1485//1318 1709//1539 1486//1319
f 1719//1548 1720//1549 1708//1538
f 1611//1443 1610//1442 1626//1457
f 1600//1432 1599//1431 1611//1443
f 1473//1306 1471//1304 1600//1432
f 1474//1307 1485//1318 1472//1305
f 1473//1306 1474//1307 1472//1305
f 1484//1317 1708//1538 1485//1318
f 1725//1554 1726//1555 1373//1208
f 1637//1468 1725//1554 1373//1208
f 1637//1468 1727//1556 1725//1554
f 1637//1468 1633//1464 1727//1556
f 1727//1556 1633//1464 1728//1557
f 1728//1557 1633//1464 1729//1558
f 1729//1558 1633//1464 1635//1466
f 1730//1559 1635//1466 1606//1438
f 1731//1560 1606//1438 1732//1561
f 1731//1560 1730//1559 1606//1438
f 1733//1562 1371//1206 1734//1563
f 1733//1562 1375//1210 1371//1206
f 1733//1562 1735//1564 1375//1210
f 1375//1210 1735//1564 1736//1565
f 1407//1242 1736//1565 1737//1566
f 1419//1254 1737//1566 1738//1567
f 1739//1568 1419//1254 1738//1567
f 1739//1568 1504//1337 1419//1254
f 1739//1568 1740//1569 1504//1337
f 1504//1337 1740//1569 1502//1335
f 1502//1335 1740//1569 1741//1570
f 1742//1571 1502//1335 1741//1570
f 1742//1571 1506//1339 1502//1335
f 1742//1571 1743//1572 1506//1339
f 1506//1339 1743//1572 1535//1368
f 1535//1368 1743//1572 1744//1573
f 1745//1574 1535//1368 1744//1573
f 1745//1574 1557//1389 1535//1368
f 1745//1574 1746//1575 1557//1389
f 1557//1389 1746//1575 1555//1387
f 1555//1387 1746//1575 1747//1576
f 1748//1577 1555//1387 1747//1576
f 1748//1577 1559//1391 1555//1387
f 1748//1577 1749//1578 1559//1391
f 1559//1391 1749//1578 1575//1407
f 1575//1407 1749//1578 1750//1579
f 1751//1580 1575//1407 1750//1579
f 1751//1580 1587//1419 1575//1407
f 1751//1580 1752//1581 1587//1419
f 1587//1419 1752//1581 1585//1417
f 1585//1417 1752//1581 1753//1582
f 1754//1583 1585//1417 1753//1582
f 1754//1583 1589//1421 1585//1417
f 1754//1583 1755//1584 1589//1421
f 1589//1421 1755//1584 1457//1290
f 1457//1290 1755//1584 1756//1585
f 1757//1586 1457//1290 1756//1585
f 1757//1586 1458//1291 1457//1290
f 1757//1586 1758//1587 1458//1291
f 1458//1291 1758//1587 1460//1293
f 1460//1293 1758//1587 1759//1588
f 1760//1589 1460//1293 1759//1588
f 1760//1589 1594//1426 1460//1293
f 1760//1589 1732//1561 1594//1426
f 1594//1426 1732//1561 1606//1438
f 1375//1210 1736//1565 1407//1242
f 1407//1242 1737//1566 1419//1254
f 1730//1559 1729//1558 1635//1466
f 1371//1206 1373//1208 1734//1563
f 1734//1563 1373//1208 1726//1555
f 1761//1590 1762//1591 1763//1592
f 1761//1590 1764//1593 1762//1591
f 1761//1590 1765//1594 1764//1593
f 1764//1593 1765//1594 1766//1595
f 1767//1596 1766//1595 1768//1597
f 1769//1598 1768//1597 1770//1599
f 1771//1600 1770//1599 1772//1601
f 1773//1602 1772//1601 1774//1603
f 1775//1604 1774//1603 1776//1237
f 1777//1605 1776//1237 1778//1606
f 1779//1607 1778//1606 1780//1608
f 1781//1609 1780//1608 1782//1610
f 1783//1611 1782//1610 1784//1612
f 1785//1613 1784//1612 1786//1614
f 1743//1572 1786//1614 1744//1573
f 1743//1572 1785//1613 1786//1614
f 1743//1572 1742//1571 1785//1613
f 1785//1613 1742//1571 1787//1615
f 1783//1611 1787//1615 1788//1616
f 1781//1609 1788//1616 1789//1617
f 1779//1607 1789//1617 1790//1618
f 1777//1605 1790//1618 1791//1619
f 1775//1604 1791//1619 1792//1620
f 1773//1602 1792//1620 1793//1621
f 1771//1600 1793//1621 1794//1622
f 1769//1598 1794//1622 1795//1623
f 1767//1596 1795//1623 1796//1624
f 1764//1593 1796//1624 1762//1591
f 1764//1593 1767//1596 1796//1624
f 1764//1593 1766//1595 1767//1596
f 1765//1594 1797//1625 1766//1595
f 1766//1595 1797//1625 1798//1626
f 1768//1597 1798//1626 1799//1627
f 1770//1599 1799//1627 1800//1628
f 1772//1601 1800//1628 1801//1629
f 1774//1603 1801//1629 1802//1630
f 1776//1237 1802//1630 1803//1631
f 1778//1606 1803//1631 1804//1632
f 1780//1608 1804//1632 1805//1633
f 1782//1610 1805//1633 1806//1634
f 1784//1612 1806//1634 1807//1635
f 1786//1614 1807//1635 1808//1636
f 1744//1573 1808//1636 1745//1574
f 1744//1573 1786//1614 1808//1636
f 1797//1625 1809//1637 1798//1626
f 1798//1626 1809//1637 1810//1638
f 1799//1627 1810//1638 1811//1639
f 1800//1628 1811//1639 1812//1640
f 1801//1629 1812//1640 1813//1641
f 1802//1630 1813//1641 1814//1642
f 1803//1631 1814//1642 1815//1027
f 1804//1632 1815//1027 1816//1643
f 1805//1633 1816//1643 1817//1644
f 1806//1634 1817//1644 1818//1645
f 1807//1635 1818//1645 1819//1646
f 1808//1636 1819//1646 1820//1647
f 1745//1574 1820//1647 1746//1575
f 1745//1574 1808//1636 1820//1647
f 1809//1637 1821//1648 1810//1638
f 1810//1638 1821//1648 1822//1649
f 1811//1639 1822//1649 1823//1650
f 1812//1640 1823//1650 1824//1651
f 1813//1641 1824//1651 1825//1652
f 1814//1642 1825//1652 1826//1653
f 1815//1027 1826//1653 1827//1654
f 1816//1643 1827//1654 1828//1655
f 1817//1644 1828//1655 1829//1656
f 1818//1645 1829//1656 1830//1657
f 1819//1646 1830//1657 1831//1658
f 1820//1647 1831//1658 1832//1659
f 1746//1575 1832//1659 1747//1576
f 1746//1575 1820//1647 1832//1659
f 1821//1648 1833//1660 1822//1649
f 1822//1649 1833//1660 1834//1661
f 1823//1650 1834//1661 1835//1662
f 1824//1651 1835//1662 1836//1663
f 1825//1652 1836//1663 1837//1664
f 1826//1653 1837//1664 1838//1665
f 1827//1654 1838//1665 1839//1248
f 1828//1655 1839//1248 1840//1666
f 1829//1656 1840//1666 1841//1667
f 1830//1657 1841//1667 1842//1668
f 1831//1658 1842//1668 1843//1669
f 1832//1659 1843//1669 1844//1670
f 1747//1576 1844//1670 1748//1577
f 1747//1576 1832//1659 1844//1670
f 1833//1660 1845//1671 1834//1661
f 1834//1661 1845//1671 1846//1672
f 1835//1662 1846//1672 1847//1673
f 1836//1663 1847//1673 1848//1674
f 1837//1664 1848//1674 1849//1675
f 1838//1665 1849//1675 1850//1676
f 1839//1248 1850//1676 1851//1677
f 1840//1666 1851//1677 1852//1678
f 1841//1667 1852//1678 1853//1679
f 1842//1668 1853//1679 1854//1680
f 1843//1669 1854//1680 1855//1681
f 1844//1670 1855//1681 1856//1682
f 1748//1577 1856//1682 1749//1578
f 1748//1577 1844//1670 1856//1682
f 1845//1671 1857//1683 1846//1672
f 1846//1672 1857//1683 1858//1684
f 1847//1673 1858//1684 1859//1685
f 1848//1674 1859//1685 1860//1686
f 1849//1675 1860//1686 1861//1687
f 1850//1676 1861//1687 1862//1688
f 1851//1677 1862//1688 1863//1689
f 1852//1678 1863//1689 1864//1690
f 1853//1679 1864//1690 1865//1691
f 1854//1680 1865//1691 1866//1692
f 1855//1681 1866//1692 1867//1693
f 1856//1682 1867//1693 1868//1694
f 1749//1578 1868//1694 1750//1579
f 1749//1578 1856//1682 1868//1694
f 1857//1683 1869//1695 1858//1684
f 1858//1684 1869//1695 1870//1696
f 1859//1685 1870//1696 1871//1697
f 1860//1686 1871//1697 1872//1698
f 1861//1687 1872//1698 1873//1699
f 1862//1688 1873//1699 1874//1700
f 1863//1689 1874//1700 1875//1048
f 1864//1690 1875//1048 1876//1701
f 1865//1691 1876//1701 1877//1702
f 1866//1692 1877//1702 1878//1703
f 1867//1693 1878//1703 1879//1704
f 1868//1694 1879//1704 1880//1705
f 1750//1579 1880//1705 1881//1706
f 1751//1580 1881//1706 1882//1707
f 1752//1581 1882//1707 1883//1708
f 1753//1582 1883//1708 1884//1709
f 1754//1583 1884//1709 1885//1710
f 1755//1584 1885//1710 1886//1711
f 1756//1585 1886//1711 1887//1712
f 1757//1586 1887//1712 1888//1713
f 1758//1587 1888//1713 1889//1714
f 1759//1588 1889//1714 1890//1715
f 1891//1716 1890//1715 1892//1717
f 1893//1718 1892//1717 1894//1719
f 1895//1720 1894//1719 1896//1721
f 1897//1722 1896//1721 1898//1723
f 1899//1724 1898//1723 1900//1111
f 1901//1725 1900//1111 1902//1726
f 1903//1727 1902//1726 1904//1728
f 1905//1729 1904//1728 1906//1730
f 1907//1731 1906//1730 1908//1732
f 1909//1733 1908//1732 1910//1734
f 1911//1735 1910//1734 1912//1736
f 1913//1737 1911//1735 1912//1736
f 1913//1737 1914//1738 1911//1735
f 1913//1737 1915//1739 1914//1738
f 1914//1738 1915//1739 1916//1740
f 1917//1741 1916//1740 1918//1742
f 1919//1743 1918//1742 1920//1744
f 1921//1745 1920//1744 1922//1746
f 1923//1747 1922//1746 1924//1748
f 1925//1749 1924//1748 1926//1750
f 1927//1751 1926//1750 1928//1752
f 1929//1753 1928//1752 1930//1754
f 1931//1755 1930//1754 1932//1756
f 1933//1757 1932//1756 1934//1758
f 1935//1759 1934//1758 1936//1760
f 1733//1562 1936//1760 1735//1564
f 1733//1562 1935//1759 1936//1760
f 1733//1562 1734//1563 1935//1759
f 1935//1759 1734//1563 1937//1761
f 1933//1757 1937//1761 1938//1762
f 1931//1755 1938//1762 1939//1763
f 1929//1753 1939//1763 1940//1764
f 1927//1751 1940//1764 1941//1765
f 1925//1749 1941//1765 1942//1303
f 1923//1747 1942//1303 1943//1766
f 1921//1745 1943//1766 1944//1767
f 1919//1743 1944//1767 1945//1768
f 1917//1741 1945//1768 1946//1769
f 1914//1738 1946//1769 1911//1735
f 1914//1738 1917//1741 1946//1769
f 1914//1738 1916//1740 1917//1741
f 1870//1696 1869//1695 1947//1770
f 1871//1697 1947//1770 1948//1771
f 1872//1698 1948//1771 1949//1772
f 1873//1699 1949//1772 1950//1773
f 1874//1700 1950//1773 1951//1774
f 1875//1048 1951//1774 1952//1363
f 1876//1701 1952//1363 1953//1775
f 1877//1702 1953//1775 1954//1776
f 1878//1703 1954//1776 1955//1777
f 1879//1704 1955//1777 1956//1778
f 1880//1705 1956//1778 1881//1706
f 1880//1705 1879//1704 1956//1778
f 1957//1779 1958//1780 1959//1781
f 1957//1779 1960//1782 1958//1780
f 1957//1779 1961//1783 1960//1782
f 1960//1782 1961//1783 1962//1784
f 1963//1785 1962//1784 1964//1786
f 1965//1787 1964//1786 1966//1788
f 1967//1789 1966//1788 1968//1790
f 1969//1791 1968//1790 1970//1792
f 1971//1793 1970//1792 1972//1794
f 1973//1795 1972//1794 1974//1796
f 1975//1797 1974//1796 1976//1798
f 1977//1799 1976//1798 1978//1800
f 1979//1801 1978//1800 1980//1802
f 1883//1708 1980//1802 1884//1709
f 1883//1708 1979//1801 1980//1802
f 1883//1708 1882//1707 1979//1801
f 1979//1801 1882//1707 1981//1803
f 1977//1799 1981//1803 1982//1804
f 1975//1797 1982//1804 1983//1805
f 1973//1795 1983//1805 1984//1806
f 1971//1793 1984//1806 1985//1807
f 1969//1791 1985//1807 1986//1808
f 1967//1789 1986//1808 1987//1809
f 1965//1787 1987//1809 1988//1810
f 1963//1785 1988//1810 1989//1811
f 1960//1782 1989//1811 1958//1780
f 1960//1782 1963//1785 1989//1811
f 1960//1782 1962//1784 1963//1785
f 1961//1783 1990//1812 1962//1784
f 1962//1784 1990//1812 1991//1813
f 1964//1786 1991//1813 1992//1814
f 1966//1788 1992//1814 1993//1815
f 1968//1790 1993//1815 1994//1816
f 1970//1792 1994//1816 1995//1817
f 1972//1794 1995//1817 1996//1069
f 1974//1796 1996//1069 1997//1818
f 1976//1798 1997//1818 1998//1819
f 1978//1800 1998//1819 1999//1820
f 1980//1802 1999//1820 2000//1821
f 1884//1709 2000//1821 1885//1710
f 1884//1709 1980//1802 2000//1821
f 1990//1812 2001//1822 1991//1813
f 1991//1813 2001//1822 2002//1823
f 1992//1814 2002//1823 2003//1824
f 1993//1815 2003//1824 2004//1825
f 1994//1816 2004//1825 2005//1826
f 1995//1817 2005//1826 2006//1827
f 1996//1069 2006//1827 2007//1828
f 1997//1818 2007//1828 2008//1829
f 1998//1819 2008//1829 2009//1830
f 1999//1820 2009//1830 2010//1831
f 2000//1821 2010//1831 2011//1832
f 1885//1710 2011//1832 1886//1711
f 1885//1710 2000//1821 2011//1832
f 2001//1822 2012//1833 2002//1823
f 2002//1823 2012//1833 2013//1834
f 2003//1824 2013//1834 2014//1835
f 2004//1825 2014//1835 2015//1836
f 2005//1826 2015//1836 2016//1837
f 2006//1827 2016//1837 2017//1838
f 2007//1828 2017//1838 2018//1839
f 2008//1829 2018//1839 2019//1840
f 2009//1830 2019//1840 2020//1841
f 2010//1831 2020//1841 2021//1842
f 2011//1832 2021//1842 2022//1843
f 1886//1711 2022//1843 1887//1712
f 1886//1711 2011//1832 2022//1843
f 2012//1833 2023//1844 2013//1834
f 2013//1834 2023//1844 2024//1845
f 2014//1835 2024//1845 2025//1846
f 2015//1836 2025//1846 2026//1847
f 2016//1837 2026//1847 2027//1848
f 2017//1838 2027//1848 2028//1849
f 2018//1839 2028//1849 2029//1850
f 2019//1840 2029//1850 2030//1851
f 2020//1841 2030//1851 2031//1852
f 2021//1842 2031//1852 2032//1853
f 2022//1843 2032//1853 2033//1854
f 1887//1712 2033//1854 1888//1713
f 1887//1712 2022//1843 2033//1854
f 2023//1844 2034//1855 2024//1845
f 2024//1845 2034//1855 2035//1856
f 2025//1846 2035//1856 2036//1857
f 2026//1847 2036//1857 2037//1858
f 2027//1848 2037//1858 2038//1859
f 2028//1849 2038//1859 2039//1860
f 2029//1850 2039//1860 2040//1401
f 2030//1851 2040//1401 2041//1861
f 2031//1852 2041//1861 2042//1862
f 2032//1853 2042//1862 2043//1863
f 2033//1854 2043//1863 2044//1864
f 1888//1713 2044//1864 1889//1714
f 1888//1713 2033//1854 2044//1864
f 2034//1855 2045//1865 2035//1856
f 2035//1856 2045//1865 2046//1866
f 2036//1857 2046//1866 2047//1867
f 2037//1858 2047//1867 2048//1868
f 2038//1859 2048//1868 2049//1869
f 2039//1860 2049//1869 2050//1870
f 2040//1401 2050//1870 2051//1090
f 2041//1861 2051//1090 2052//1871
f 2042//1862 2052//1871 2053//1872
f 2043//1863 2053//1872 2054//1873
f 2044//1864 2054//1873 2055//1874
f 1889//1714 2055//1874 1890//1715
f 1889//1714 2044//1864 2055//1874
f 2046//1866 2045//1865 2056//1875
f 2047//1867 2056//1875 2057//1876
f 2048//1868 2057//1876 2058//1877
f 2049//1869 2058//1877 2059//1878
f 2050//1870 2059//1878 2060//1879
f 2051//1090 2060//1879 2061//1880
f 2052//1871 2061//1880 2062//1881
f 2053//1872 2062//1881 2063//1882
f 2054//1873 2063//1882 2064//1883
f 2055//1874 2064//1883 1892//1717
f 1890//1715 2055//1874 1892//1717
f 2065//1884 2066//1885 2067//1886
f 2065//1884 2068//1887 2066//1885
f 2065//1884 2069//1888 2068//1887
f 2068//1887 2069//1888 2070//1889
f 2071//1890 2070//1889 2072//1891
f 2073//1892 2072//1891 2074//1893
f 2075//1894 2074//1893 2076//1895
f 2077//1896 2076//1895 2078//1897
f 2079//1279 2078//1897 2080//1898
f 2081//1899 2080//1898 1898//1723
f 1896//1721 2081//1899 1898//1723
f 1896//1721 2082//1900 2081//1899
f 1896//1721 1894//1719 2082//1900
f 2082//1900 1894//1719 2064//1883
f 2063//1882 2082//1900 2064//1883
f 2063//1882 2083//1901 2082//1900
f 2063//1882 2062//1881 2083//1901
f 2083//1901 2062//1881 2084//1902
f 2079//1279 2084//1902 2077//1896
f 2078//1897 2079//1279 2077//1896
f 2069//1888 2085//1903 2070//1889
f 2070//1889 2085//1903 2086//1904
f 2072//1891 2086//1904 2087//1905
f 2074//1893 2087//1905 2088//1906
f 2076//1895 2088//1906 2089//1907
f 2078//1897 2089//1907 2090//1908
f 2080//1898 2090//1908 1900//1111
f 1898//1723 2080//1898 1900//1111
f 2085//1903 2091//1909 2086//1904
f 2086//1904 2091//1909 2092//1910
f 2087//1905 2092//1910 2093//1911
f 2088//1906 2093//1911 2094//1912
f 2089//1907 2094//1912 2095//1913
f 2090//1908 2095//1913 1902//1726
f 1900//1111 2090//1908 1902//1726
f 2091//1909 2096//1914 2092//1910
f 2092//1910 2096//1914 2097//1915
f 2093//1911 2097//1915 2098//1916
f 2094//1912 2098//1916 2099//1917
f 2095//1913 2099//1917 1904//1728
f 1902//1726 2095//1913 1904//1728
f 2096//1914 2100//1918 2097//1915
f 2097//1915 2100//1918 2101//1919
f 2098//1916 2101//1919 2102//1920
f 2099//1917 2102//1920 1906//1730
f 1904//1728 2099//1917 1906//1730
f 2100//1918 2103//1921 2101//1919
f 2101//1919 2103//1921 2104//1922
f 2102//1920 2104//1922 1908//1732
f 1906//1730 2102//1920 1908//1732
f 2103//1921 1912//1736 2104//1922
f 2104//1922 1912//1736 1910//1734
f 1908//1732 2104//1922 1910//1734
f 1915//1739 2105//1923 1916//1740
f 1916//1740 2105//1923 2106//1924
f 1918//1742 2106//1924 2107//1925
f 1920//1744 2107//1925 2108//1926
f 1922//1746 2108//1926 2109//1927
f 1924//1748 2109//1927 2110//1928
f 1926//1750 2110//1928 2111//1929
f 1928//1752 2111//1929 2112//1930
f 1930//1754 2112//1930 2113//1931
f 1932//1756 2113//1931 2114//1932
f 1934//1758 2114//1932 2115//1933
f 1936//1760 2115//1933 2116//1934
f 1735//1564 2116//1934 1736//1565
f 1735//1564 1936//1760 2116//1934
f 2105//1923 2117//1935 2106//1924
f 2106//1924 2117//1935 2118//1936
f 2107//1925 2118//1936 2119//1937
f 2108//1926 2119//1937 2120//1938
f 2109//1927 2120//1938 2121//1939
f 2110//1928 2121//1939 2122//1940
f 2111//1929 2122//1940 2123//1152
f 2112//1930 2123//1152 2124//1941
f 2113//1931 2124//1941 2125//1942
f 2114//1932 2125//1942 2126//1943
f 2115//1933 2126//1943 2127//1944
f 2116//1934 2127//1944 2128//1945
f 1736//1565 2128//1945 1737//1566
f 1736//1565 2116//1934 2128//1945
f 2117//1935 2129//1946 2118//1936
f 2118//1936 2129//1946 2130//1947
f 2119//1937 2130//1947 2131//1948
f 2120//1938 2131//1948 2132//1949
f 2121//1939 2132//1949 2133//1950
f 2122//1940 2133//1950 2134//1951
f 2123//1152 2134//1951 2135//1952
f 2124//1941 2135//1952 2136//1953
f 2125//1942 2136//1953 2137//1954
f 2126//1943 2137//1954 2138//1955
f 2127//1944 2138//1955 2139//1956
f 2128//1945 2139//1956 2140//1957
f 1737//1566 2140//1957 1738//1567
f 1737//1566 2128//1945 2140//1957
f 2129//1946 2141//1958 2130//1947
f 2130//1947 2141//1958 2142//1959
f 2131//1948 2142//1959 2143//1960
f 2132//1949 2143//1960 2144//1961
f 2133//1950 2144//1961 2145//1962
f 2134//1951 2145//1962 2146//1963
f 2135//1952 2146//1963 2147//1964
f 2136//1953 2147//1964 2148//1965
f 2137//1954 2148//1965 2149//1966
f 2138//1955 2149//1966 2150//1967
f 2139//1956 2150//1967 2151//1968
f 2140//1957 2151//1968 2152//1969
f 1738//1567 2152//1969 1739//1568
f 1738//1567 2140//1957 2152//1969
f 2141//1958 2153//1970 2142//1959
f 2142//1959 2153//1970 2154//1971
f 2143//1960 2154//1971 2155//1972
f 2144//1961 2155//1972 2156//1973
f 2145//1962 2156//1973 2157//1974
f 2146//1963 2157//1974 2158//1975
f 2147//1964 2158//1975 2159//1976
f 2148//1965 2159//1976 2160//1977
f 2149//1966 2160//1977 2161//1978
f 2150//1967 2161//1978 2162//1979
f 2151//1968 2162//1979 2163//1980
f 2152//1969 2163//1980 2164//1981
f 1739//1568 2164//1981 1740//1569
f 1739//1568 2152//1969 2164//1981
f 2153//1970 2165//1982 2154//1971
f 2154//1971 2165//1982 2166//1983
f 2155//1972 2166//1983 2167//1984
f 2156//1973 2167//1984 2168//1985
f 2157//1974 2168//1985 2169//1986
f 2158//1975 2169//1986 2170//1987
f 2159//1976 2170//1987 2171//1478
f 2160//1977 2171//1478 2172//1988
f 2161//1978 2172//1988 2173//1989
f 2162//1979 2173//1989 2174//1990
f 2163//1980 2174//1990 2175//1991
f 2164//1981 2175//1991 2176//1992
f 1740//1569 2176//1992 1741//1570
f 1740//1569 2164//1981 2176//1992
f 2165//1982 1763//1592 2166//1983
f 2166//1983 1763//1592 2177//1993
f 2167//1984 2177//1993 2178//1994
f 2168//1985 2178//1994 2179//1995
f 2169//1986 2179//1995 2180//1996
f 2170//1987 2180//1996 2181//1997
f 2171//1478 2181//1997 2182//996
f 2172//1988 2182//996 2183//1998
f 2173//1989 2183//1998 2184//1999
f 2174//1990 2184//1999 2185//2000
f 2175//1991 2185//2000 2186//2001
f 2176//1992 2186//2001 2187//2002
f 1741//1570 2187//2002 1787//1615
f 1742//1571 1741//1570 1787//1615
f 1725//1554 2188//2003 1726//1555
f 1725//1554 2189//2004 2188//2003
f 1725//1554 1727//1556 2189//2004
f 2189//2004 1727//1556 2190//2005
f 2191//2006 2190//2005 2192//2007
f 2193//2008 2192//2007 2194//2009
f 2195//2010 2194//2009 2196//2011
f 2197//2012 2196//2011 2198//2013
f 2199//2014 2198//2013 2200//1551
f 2201//2015 2200//1551 1903//1727
f 1905//1729 1903//1727 1904//1728
f 1905//1729 2201//2015 1903//1727
f 1905//1729 2202//2016 2201//2015
f 1905//1729 1907//1731 2202//2016
f 1905//1729 1906//1730 1907//1731
f 1727//1556 1728//1557 2190//2005
f 2190//2005 1728//1557 2203//2017
f 2192//2007 2203//2017 2204//2018
f 2194//2009 2204//2018 2205//2019
f 2196//2011 2205//2019 2206//2020
f 2198//2013 2206//2020 2207//2021
f 2200//1551 2207//2021 1901//1725
f 1903//1727 1901//1725 1902//1726
f 1903//1727 2200//1551 1901//1725
f 1728//1557 1729//1558 2203//2017
f 2203//2017 1729//1558 2208//2022
f 2204//2018 2208//2022 2209//2023
f 2205//2019 2209//2023 2210//2024
f 2206//2020 2210//2024 2211//2025
f 2207//2021 2211//2025 1899//1724
f 1901//1725 1899//1724 1900//1111
f 1901//1725 2207//2021 1899//1724
f 1729//1558 1730//1559 2208//2022
f 2208//2022 1730//1559 2212//2026
f 2209//2023 2212//2026 2213//2027
f 2210//2024 2213//2027 2214//2028
f 2211//2025 2214//2028 1897//1722
f 1899//1724 1897//1722 1898//1723
f 1899//1724 2211//2025 1897//1722
f 1730//1559 1731//1560 2212//2026
f 2212//2026 1731//1560 2215//2029
f 2213//2027 2215//2029 2216//2030
f 2214//2028 2216//2030 1895//1720
f 1897//1722 1895//1720 1896//1721
f 1897//1722 2214//2028 1895//1720
f 1731//1560 1732//1561 2215//2029
f 2215//2029 1732//1561 2217//2031
f 2216//2030 2217//2031 1893//1718
f 1895//1720 1893//1718 1894//1719
f 1895//1720 2216//2030 1893//1718
f 1732//1561 1760//1589 2217//2031
f 2217//2031 1760//1589 1891//1716
f 1893//1718 1891//1716 1892//1717
f 1893//1718 2217//2031 1891//1716
f 1760//1589 1759//1588 1891//1716
f 1891//1716 1759//1588 1890//1715
f 1759//1588 1758//1587 1889//1714
f 1758//1587 1757//1586 1888//1713
f 1757//1586 1756//1585 1887//1712
f 1756//1585 1755//1584 1886//1711
f 1755//1584 1754//1583 1885//1710
f 1754//1583 1753//1582 1884//1709
f 1753//1582 1752//1581 1883//1708
f 1752//1581 1751//1580 1882//1707
f 1751//1580 1750//1579 1881//1706
f 1880//1705 1750//1579 1868//1694
f 2187//2002 1741//1570 2176//1992
f 1734//1563 1726//1555 1937//1761
f 1937//1761 1726//1555 2218//2032
f 1938//1762 2218//2032 2219//2033
f 1939//1763 2219//2033 2220//2034
f 1940//1764 2220//2034 2221//2035
f 1941//1765 2221//2035 2222//2036
f 1942//1303 2222//2036 2223//779
f 1943//1766 2223//779 2224//2037
f 1944//1767 2224//2037 2225//2038
f 1945//1768 2225//2038 2226//2039
f 1946//1769 2226//2039 1909//1733
f 1911//1735 1909//1733 1910//1734
f 1911//1735 1946//1769 1909//1733
f 2036//1857 2035//1856 2046//1866
f 2036//1857 2026//1847 2025//1846
f 2056//1875 2047//1867 2046//1866
f 2026//1847 2016//1837 2015//1836
f 2047//1867 2037//1858 2036//1857
f 2016//1837 2006//1827 2005//1826
f 2037//1858 2027//1848 2026//1847
f 2006//1827 1996//1069 1995//1817
f 2027//1848 2017//1838 2016//1837
f 1996//1069 1974//1796 1972//1794
f 2017//1838 2007//1828 2006//1827
f 1983//1805 1973//1795 1975//1797
f 1975//1797 1973//1795 1974//1796
f 2007//1828 1997//1818 1996//1069
f 1997//1818 1976//1798 1974//1796
f 1983//1805 1982//1804 1955//1777
f 1954//1776 1983//1805 1955//1777
f 1954//1776 1984//1806 1983//1805
f 1954//1776 1953//1775 1984//1806
f 1984//1806 1953//1775 1985//1807
f 1985//1807 1953//1775 1952//1363
f 1986//1808 1952//1363 1951//1774
f 1987//1809 1951//1774 1950//1773
f 1988//1810 1950//1773 1949//1772
f 1989//1811 1949//1772 1948//1771
f 1958//1780 1948//1771 1947//1770
f 1959//1781 1947//1770 1869//1695
f 1959//1781 1958//1780 1947//1770
f 1976//1798 1977//1799 1975//1797
f 1975//1797 1977//1799 1982//1804
f 1881//1706 1956//1778 1981//1803
f 1882//1707 1881//1706 1981//1803
f 1859//1685 1858//1684 1870//1696
f 1788//1616 1787//1615 2187//2002
f 2186//2001 1788//1616 2187//2002
f 2186//2001 1789//1617 1788//1616
f 2186//2001 2185//2000 1789//1617
f 1789//1617 2185//2000 1790//1618
f 1790//1618 2185//2000 2184//1999
f 1791//1619 2184//1999 2183//1998
f 1792//1620 2183//1998 2182//996
f 1793//1621 2182//996 2181//1997
f 1794//1622 2181//1997 2180//1996
f 1795//1623 2180//1996 2179//1995
f 1796//1624 2179//1995 2178//1994
f 1762//1591 2178//1994 2177//1993
f 1763//1592 1762//1591 2177//1993
f 2167//1984 2166//1983 2177//1993
f 1938//1762 1937//1761 2218//2032
f 1796//1624 2178//1994 1762//1591
f 2178//1994 2168//1985 2167//1984
f 2168//1985 2157//1974 2156//1973
f 2169//1986 2168//1985 2179//1995
f 2157//1974 2146//1963 2145//1962
f 2158//1975 2157//1974 2169//1986
f 2146//1963 2135//1952 2134//1951
f 2147//1964 2146//1963 2158//1975
f 2135//1952 2124//1941 2123//1152
f 2136//1953 2135//1952 2147//1964
f 2124//1941 2113//1931 2112//1930
f 2125//1942 2124//1941 2136//1953
f 2113//1931 1932//1756 1930//1754
f 2114//1932 2113//1931 2125//1942
f 1938//1762 1931//1755 1933//1757
f 1933//1757 1931//1755 1932//1756
f 1934//1758 1932//1756 2114//1932
f 1935//1759 1937//1761 1933//1757
f 1934//1758 1935//1759 1933//1757
f 2219//2033 2218//2032 2188//2003
f 2227//2040 2188//2003 2189//2004
f 2191//2006 2189//2004 2190//2005
f 2191//2006 2227//2040 2189//2004
f 2191//2006 2228//2041 2227//2040
f 2191//2006 2193//2008 2228//2041
f 2191//2006 2192//2007 2193//2008
f 1939//1763 1938//1762 2219//2033
f 1929//1753 1930//1754 1931//1755
f 1939//1763 1929//1753 1931//1755
f 1928//1752 2112//1930 1930//1754
f 2111//1929 2123//1152 2112//1930
f 2122//1940 2134//1951 2123//1152
f 2133//1950 2145//1962 2134//1951
f 2144//1961 2156//1973 2145//1962
f 2155//1972 2167//1984 2156//1973
f 2188//2003 2218//2032 1726//1555
f 1795//1623 2179//1995 1796//1624
f 2170//1987 2169//1986 2180//1996
f 2159//1976 2158//1975 2170//1987
f 2148//1965 2147//1964 2159//1976
f 2137//1954 2136//1953 2148//1965
f 2126//1943 2125//1942 2137//1954
f 2115//1933 2114//1932 2126//1943
f 1936//1760 1934//1758 2115//1933
f 1769//1598 1795//1623 1767//1596
f 1768//1597 1769//1598 1767//1596
f 1798//1626 1768//1597 1766//1595
f 1794//1622 2180//1996 1795//1623
f 2171//1478 2170//1987 2181//1997
f 2160//1977 2159//1976 2171//1478
f 2149//1966 2148//1965 2160//1977
f 2138//1955 2137//1954 2149//1966
f 2127//1944 2126//1943 2138//1955
f 2116//1934 2115//1933 2127//1944
f 1810//1638 1799//1627 1798//1626
f 1771//1600 1794//1622 1769//1598
f 1770//1599 1771//1600 1769//1598
f 1799//1627 1770//1599 1768//1597
f 1793//1621 2181//1997 1794//1622
f 2172//1988 2171//1478 2182//996
f 2161//1978 2160//1977 2172//1988
f 2150//1967 2149//1966 2161//1978
f 2139//1956 2138//1955 2150//1967
f 2128//1945 2127//1944 2139//1956
f 1822//1649 1811//1639 1810//1638
f 1811//1639 1800//1628 1799//1627
f 1773//1602 1793//1621 1771//1600
f 1772//1601 1773//1602 1771//1600
f 1800//1628 1772//1601 1770//1599
f 1792//1620 2182//996 1793//1621
f 2173//1989 2172//1988 2183//1998
f 2162//1979 2161//1978 2173//1989
f 2151//1968 2150//1967 2162//1979
f 2140//1957 2139//1956 2151//1968
f 1834//1661 1823//1650 1822//1649
f 1823//1650 1812//1640 1811//1639
f 1812//1640 1801//1629 1800//1628
f 1775//1604 1792//1620 1773//1602
f 1774//1603 1775//1604 1773//1602
f 1801//1629 1774//1603 1772//1601
f 1791//1619 2183//1998 1792//1620
f 2174//1990 2173//1989 2184//1999
f 2163//1980 2162//1979 2174//1990
f 2152//1969 2151//1968 2163//1980
f 1846//1672 1835//1662 1834//1661
f 1835//1662 1824//1651 1823//1650
f 1824//1651 1813//1641 1812//1640
f 1813//1641 1802//1630 1801//1629
f 1777//1605 1791//1619 1775//1604
f 1776//1237 1777//1605 1775//1604
f 1802//1630 1776//1237 1774//1603
f 1790//1618 2184//1999 1791//1619
f 2175//1991 2174//1990 2185//2000
f 2164//1981 2163//1980 2175//1991
f 1858//1684 1847//1673 1846//1672
f 1847//1673 1836//1663 1835//1662
f 1836//1663 1825//1652 1824//1651
f 1825//1652 1814//1642 1813//1641
f 1814//1642 1803//1631 1802//1630
f 1779//1607 1790//1618 1777//1605
f 1778//1606 1779//1607 1777//1605
f 1803//1631 1778//1606 1776//1237
f 2176//1992 2175//1991 2186//2001
f 1848//1674 1847//1673 1859//1685
f 1837//1664 1836//1663 1848//1674
f 1826//1653 1825//1652 1837//1664
f 1815//1027 1814//1642 1826//1653
f 1804//1632 1803//1631 1815//1027
f 1780//1608 1778//1606 1804//1632
f 1781//1609 1789//1617 1779//1607
f 1780//1608 1781//1609 1779//1607
f 1947//1770 1871//1697 1870//1696
f 1871//1697 1860//1686 1859//1685
f 1872//1698 1871//1697 1948//1771
f 1860//1686 1849//1675 1848//1674
f 1861//1687 1860//1686 1872//1698
f 1849//1675 1838//1665 1837//1664
f 1850//1676 1849//1675 1861//1687
f 1838//1665 1827//1654 1826//1653
f 1839//1248 1838//1665 1850//1676
f 1827//1654 1816//1643 1815//1027
f 1828//1655 1827//1654 1839//1248
f 1816//1643 1805//1633 1804//1632
f 1817//1644 1816//1643 1828//1655
f 1805//1633 1782//1610 1780//1608
f 1806//1634 1805//1633 1817//1644
f 1788//1616 1781//1609 1783//1611
f 1783//1611 1781//1609 1782//1610
f 1784//1612 1782//1610 1806//1634
f 1785//1613 1787//1615 1783//1611
f 1784//1612 1785//1613 1783//1611
f 1989//1811 1948//1771 1958//1780
f 1873//1699 1872//1698 1949//1772
f 1862//1688 1861//1687 1873//1699
f 1851//1677 1850//1676 1862//1688
f 1840//1666 1839//1248 1851//1677
f 1829//1656 1828//1655 1840//1666
f 1818//1645 1817//1644 1829//1656
f 1807//1635 1806//1634 1818//1645
f 1786//1614 1784//1612 1807//1635
f 1988//1810 1949//1772 1989//1811
f 1874//1700 1873//1699 1950//1773
f 1863//1689 1862//1688 1874//1700
f 1852//1678 1851//1677 1863//1689
f 1841//1667 1840//1666 1852//1678
f 1830//1657 1829//1656 1841//1667
f 1819//1646 1818//1645 1830//1657
f 1808//1636 1807//1635 1819//1646
f 1965//1787 1988//1810 1963//1785
f 1964//1786 1965//1787 1963//1785
f 1991//1813 1964//1786 1962//1784
f 1987//1809 1950//1773 1988//1810
f 1875//1048 1874//1700 1951//1774
f 1864//1690 1863//1689 1875//1048
f 1853//1679 1852//1678 1864//1690
f 1842//1668 1841//1667 1853//1679
f 1831//1658 1830//1657 1842//1668
f 1820//1647 1819//1646 1831//1658
f 2002//1823 1992//1814 1991//1813
f 1967//1789 1987//1809 1965//1787
f 1966//1788 1967//1789 1965//1787
f 1992//1814 1966//1788 1964//1786
f 1986//1808 1951//1774 1987//1809
f 1876//1701 1875//1048 1952//1363
f 1865//1691 1864//1690 1876//1701
f 1854//1680 1853//1679 1865//1691
f 1843//1669 1842//1668 1854//1680
f 1832//1659 1831//1658 1843//1669
f 2013//1834 2003//1824 2002//1823
f 2003//1824 1993//1815 1992//1814
f 1969//1791 1986//1808 1967//1789
f 1968//1790 1969//1791 1967//1789
f 1993//1815 1968//1790 1966//1788
f 1985//1807 1952//1363 1986//1808
f 1877//1702 1876//1701 1953//1775
f 1866//1692 1865//1691 1877//1702
f 1855//1681 1854//1680 1866//1692
f 1844//1670 1843//1669 1855//1681
f 2024//1845 2014//1835 2013//1834
f 2014//1835 2004//1825 2003//1824
f 2004//1825 1994//1816 1993//1815
f 1971//1793 1985//1807 1969//1791
f 1970//1792 1971//1793 1969//1791
f 1994//1816 1970//1792 1968//1790
f 1878//1703 1877//1702 1954//1776
f 1867//1693 1866//1692 1878//1703
f 1856//1682 1855//1681 1867//1693
f 2035//1856 2025//1846 2024//1845
f 2025//1846 2015//1836 2014//1835
f 2015//1836 2005//1826 2004//1825
f 2005//1826 1995//1817 1994//1816
f 1973//1795 1984//1806 1971//1793
f 1972//1794 1973//1795 1971//1793
f 1995//1817 1972//1794 1970//1792
f 1879//1704 1878//1703 1955//1777
f 1868//1694 1867//1693 1879//1704
f 1956//1778 1955//1777 1982//1804
f 1981//1803 1956//1778 1982//1804
f 2057//1876 2048//1868 2047//1867
f 2048//1868 2038//1859 2037//1858
f 2038//1859 2028//1849 2027//1848
f 2028//1849 2018//1839 2017//1838
f 2018//1839 2008//1829 2007//1828
f 2008//1829 1998//1819 1997//1818
f 1979//1801 1981//1803 1977//1799
f 1978//1800 1979//1801 1977//1799
f 1998//1819 1978//1800 1976//1798
f 2067//1886 2066//1885 2056//1875
f 2045//1865 2067//1886 2056//1875
f 2057//1876 2066//1885 2229//2042
f 2058//1877 2229//2042 2230//2043
f 2059//1878 2230//2043 2231//2044
f 2060//1879 2231//2044 2232//2045
f 2061//1880 2232//2045 2084//1902
f 2062//1881 2061//1880 2084//1902
f 2229//2042 2058//1877 2057//1876
f 2058//1877 2049//1869 2048//1868
f 2049//1869 2039//1860 2038//1859
f 2039//1860 2029//1850 2028//1849
f 2029//1850 2019//1840 2018//1839
f 2019//1840 2009//1830 2008//1829
f 2009//1830 1999//1820 1998//1819
f 1999//1820 1980//1802 1978//1800
f 2056//1875 2066//1885 2057//1876
f 2066//1885 2068//1887 2229//2042
f 2229//2042 2068//1887 2071//1890
f 2230//2043 2071//1890 2073//1892
f 2231//2044 2073//1892 2075//1894
f 2232//2045 2075//1894 2077//1896
f 2084//1902 2232//2045 2077//1896
f 2070//1889 2071//1890 2068//1887
f 2071//1890 2230//2043 2229//2042
f 2230//2043 2059//1878 2058//1877
f 2059//1878 2050//1870 2049//1869
f 2050//1870 2040//1401 2039//1860
f 2040//1401 2030//1851 2029//1850
f 2030//1851 2020//1841 2019//1840
f 2020//1841 2010//1831 2009//1830
f 2010//1831 2000//1821 1999//1820
f 2086//1904 2072//1891 2070//1889
f 2072//1891 2073//1892 2071//1890
f 2073//1892 2231//2044 2230//2043
f 2231//2044 2060//1879 2059//1878
f 2060//1879 2051//1090 2050//1870
f 2051//1090 2041//1861 2040//1401
f 2041//1861 2031//1852 2030//1851
f 2031//1852 2021//1842 2020//1841
f 2021//1842 2011//1832 2010//1831
f 2092//1910 2087//1905 2086//1904
f 2087//1905 2074//1893 2072//1891
f 2074//1893 2075//1894 2073//1892
f 2075//1894 2232//2045 2231//2044
f 2232//2045 2061//1880 2060//1879
f 2061//1880 2052//1871 2051//1090
f 2052//1871 2042//1862 2041//1861
f 2042//1862 2032//1853 2031//1852
f 2032//1853 2022//1843 2021//1842
f 2097//1915 2093//1911 2092//1910
f 2093//1911 2088//1906 2087//1905
f 2088//1906 2076//1895 2074//1893
f 2076//1895 2077//1896 2075//1894
f 2053//1872 2052//1871 2062//1881
f 2043//1863 2042//1862 2053//1872
f 2033//1854 2032//1853 2043//1863
f 2101//1919 2098//1916 2097//1915
f 2098//1916 2094//1912 2093//1911
f 2094//1912 2089//1907 2088//1906
f 2089//1907 2078//1897 2076//1895
f 2083//1901 2084//1902 2079//1279
f 2081//1899 2079//1279 2080//1898
f 2081//1899 2083//1901 2079//1279
f 2081//1899 2082//1900 2083//1901
f 2054//1873 2053//1872 2063//1882
f 2044//1864 2043//1863 2054//1873
f 2104//1922 2102//1920 2101//1919
f 2102//1920 2099//1917 2098//1916
f 2099//1917 2095//1913 2094//1912
f 2095//1913 2090//1908 2089//1907
f 2090//1908 2080//1898 2078//1897
f 2055//1874 2054//1873 2064//1883
f 1892//1717 2064//1883 1894//1719
f 1908//1732 1909//1733 1907//1731
f 1907//1731 1909//1733 2226//2039
f 2202//2016 2226//2039 2225//2038
f 2233//2046 2225//2038 2224//2037
f 2234//2047 2224//2037 2223//779
f 2235//2048 2223//779 2222//2036
f 2236//2049 2222//2036 2221//2035
f 2228//2041 2221//2035 2220//2034
f 2227//2040 2220//2034 2219//2033
f 2188//2003 2227//2040 2219//2033
f 2202//2016 1907//1731 2226//2039
f 1945//1768 2226//2039 1946//1769
f 2199//2014 2200//1551 2201//2015
f 2233//2046 2201//2015 2202//2016
f 2225//2038 2233//2046 2202//2016
f 2199//2014 2201//2015 2233//2046
f 2234//2047 2233//2046 2224//2037
f 2234//2047 2199//2014 2233//2046
f 2234//2047 2197//2012 2199//2014
f 2234//2047 2235//2048 2197//2012
f 2234//2047 2223//779 2235//2048
f 2198//2013 2207//2021 2200//1551
f 2206//2020 2211//2025 2207//2021
f 2210//2024 2214//2028 2211//2025
f 2213//2027 2216//2030 2214//2028
f 2215//2029 2217//2031 2216//2030
f 1919//1743 1945//1768 1917//1741
f 1918//1742 1919//1743 1917//1741
f 2106//1924 1918//1742 1916//1740
f 1944//1767 2225//2038 1945//1768
f 2197//2012 2198//2013 2199//2014
f 2196//2011 2206//2020 2198//2013
f 2205//2019 2210//2024 2206//2020
f 2209//2023 2213//2027 2210//2024
f 2212//2026 2215//2029 2213//2027
f 2118//1936 2107//1925 2106//1924
f 1921//1745 1944//1767 1919//1743
f 1920//1744 1921//1745 1919//1743
f 2107//1925 1920//1744 1918//1742
f 1943//1766 2224//2037 1944//1767
f 2195//2010 2196//2011 2197//2012
f 2235//2048 2195//2010 2197//2012
f 2235//2048 2236//2049 2195//2010
f 2235//2048 2222//2036 2236//2049
f 2194//2009 2205//2019 2196//2011
f 2204//2018 2209//2023 2205//2019
f 2208//2022 2212//2026 2209//2023
f 2130//1947 2119//1937 2118//1936
f 2119//1937 2108//1926 2107//1925
f 1923//1747 1943//1766 1921//1745
f 1922//1746 1923//1747 1921//1745
f 2108//1926 1922//1746 1920//1744
f 1942//1303 2223//779 1943//1766
f 2193//2008 2194//2009 2195//2010
f 2236//2049 2193//2008 2195//2010
f 2236//2049 2228//2041 2193//2008
f 2236//2049 2221//2035 2228//2041
f 2192//2007 2204//2018 2194//2009
f 2203//2017 2208//2022 2204//2018
f 2142//1959 2131//1948 2130//1947
f 2131//1948 2120//1938 2119//1937
f 2120//1938 2109//1927 2108//1926
f 1925//1749 1942//1303 1923//1747
f 1924//1748 1925//1749 1923//1747
f 2109//1927 1924//1748 1922//1746
f 1941//1765 2222//2036 1942//1303
f 2190//2005 2203//2017 2192//2007
f 2154//1971 2143//1960 2142//1959
f 2143//1960 2132//1949 2131//1948
f 2132//1949 2121//1939 2120//1938
f 2121//1939 2110//1928 2109//1927
f 1927//1751 1941//1765 1925//1749
f 1926//1750 1927//1751 1925//1749
f 2110//1928 1926//1750 1924//1748
f 1940//1764 2221//2035 1941//1765
f 2227//2040 2228//2041 2220//2034
f 2166//1983 2155//1972 2154//1971
f 2155//1972 2144//1961 2143//1960
f 2144//1961 2133//1950 2132//1949
f 2133//1950 2122//1940 2121//1939
f 2122//1940 2111//1929 2110//1928
f 1929//1753 1940//1764 1927//1751
f 1928//1752 1929//1753 1927//1751
f 2111//1929 1928//1752 1926//1750
f 1939//1763 2220//2034 1940//1764
f 2237//2050 2238//2051 1763//1592
f 2165//1982 2237//2050 1763//1592
f 2165//1982 2239//2052 2237//2050
f 2165//1982 2153//1970 2239//2052
f 2239//2052 2153//1970 2240//2053
f 2240//2053 2153//1970 2141//1958
f 2241//2054 2141//1958 2129//1946
f 2242//2055 2129//1946 2117//1935
f 2243//2056 2117//1935 2244//2057
f 2243//2056 2242//2055 2117//1935
f 2245//2058 1761//1590 2246//2059
f 2245//2058 1765//1594 1761//1590
f 2245//2058 2247//2060 1765//1594
f 1765//1594 2247//2060 1797//1625
f 1797//1625 2247//2060 2248//2061
f 1809//1637 2248//2061 2249//2062
f 1821//1648 2249//2062 2250//2063
f 2251//2064 1821//1648 2250//2063
f 2251//2064 1833//1660 1821//1648
f 2251//2064 2252//2065 1833//1660
f 1833//1660 2252//2065 1845//1671
f 1845//1671 2252//2065 2253//2066
f 1857//1683 2253//2066 2254//2067
f 1869//1695 2254//2067 2255//2068
f 1959//1781 2255//2068 2256//2069
f 2257//2070 1959//1781 2256//2069
f 2257//2070 1957//1779 1959//1781
f 2257//2070 2258//2071 1957//1779
f 1957//1779 2258//2071 1961//1783
f 1961//1783 2258//2071 2259//2072
f 1990//1812 2259//2072 2260//2073
f 2001//1822 2260//2073 2261//2074
f 2012//1833 2261//2074 2262//2075
f 2263//2076 2012//1833 2262//2075
f 2263//2076 2023//1844 2012//1833
f 2263//2076 2264//2077 2023//1844
f 2023//1844 2264//2077 2034//1855
f 2034//1855 2264//2077 2265//2078
f 2045//1865 2265//2078 2266//2079
f 2067//1886 2266//2079 2267//2080
f 2065//1884 2267//2080 2268//2081
f 2069//1888 2268//2081 2269//2082
f 2270//2083 2069//1888 2269//2082
f 2270//2083 2085//1903 2069//1888
f 2270//2083 2271//2084 2085//1903
f 2085//1903 2271//2084 2091//1909
f 2091//1909 2271//2084 2272//2085
f 2096//1914 2272//2085 2273//2086
f 2100//1918 2273//2086 2274//2087
f 2103//1921 2274//2087 2275//2088
f 2276//2089 2103//1921 2275//2088
f 2276//2089 1912//1736 2103//1921
f 2276//2089 2277//2090 1912//1736
f 1912//1736 2277//2090 1913//1737
f 1913//1737 2277//2090 2278//2091
f 1915//1739 2278//2091 2279//2092
f 2105//1923 2279//2092 2244//2057
f 2117//1935 2105//1923 2244//2057
f 1797//1625 2248//2061 1809//1637
f 1809//1637 2249//2062 1821//1648
f 1845//1671 2253//2066 1857//1683
f 1857//1683 2254//2067 1869//1695
f 1869//1695 2255//2068 1959//1781
f 1961//1783 2259//2072 1990//1812
f 1990//1812 2260//2073 2001//1822
f 2001//1822 2261//2074 2012//1833
f 2034//1855 2265//2078 2045//1865
f 2045//1865 2266//2079 2067//1886
f 2067//1886 2267//2080 2065//1884
f 2065//1884 2268//2081 2069//1888
f 2091//1909 2272//2085 2096//1914
f 2096//1914 2273//2086 2100//1918
f 2100//1918 2274//2087 2103//1921
f 1913//1737 2278//2091 1915//1739
f 1915//1739 2279//2092 2105//1923
f 2242//2055 2241//2054 2129//1946
f 2241//2054 2240//2053 2141//1958
f 1761//1590 1763//1592 2246//2059
f 2246//2059 1763//1592 2238//2051
f 2280//2093 2281//2094 2282//2095
f 2280//2093 2283//2096 2281//2094
f 2280//2093 2284//2097 2283//2096
f 2283//2096 2284//2097 2285//2098
f 2286//2099 2285//2098 2287//2100
f 2288//2101 2287//2100 2289//2102
f 2290//2103 2289//2102 2291//2104
f 2292//2105 2291//2104 2293//2106
f 2294//2107 2293//2106 2295//2108
f 2296//2109 2295//2108 2297//2110
f 2298//2111 2297//2110 2299//2112
f 2300//2113 2299//2112 2301//2114
f 2302//2115 2301//2114 2303//2116
f 2304//2117 2303//2116 2305//2118
f 2256//2069 2305//2118 2257//2070
f 2256//2069 2304//2117 2305//2118
f 2256//2069 2255//2068 2304//2117
f 2304//2117 2255//2068 2306//2119
f 2302//2115 2306//2119 2307//2120
f 2300//2113 2307//2120 2308//2121
f 2298//2111 2308//2121 2309//2122
f 2296//2109 2309//2122 2310//2123
f 2294//2107 2310//2123 2311//2124
f 2292//2105 2311//2124 2312//2125
f 2290//2103 2312//2125 2313//2126
f 2288//2101 2313//2126 2314//2127
f 2286//2099 2314//2127 2315//2128
f 2283//2096 2315//2128 2281//2094
f 2283//2096 2286//2099 2315//2128
f 2283//2096 2285//2098 2286//2099
f 2284//2097 2316//2129 2285//2098
f 2285//2098 2316//2129 2317//2130
f 2287//2100 2317//2130 2318//2131
f 2289//2102 2318//2131 2319//2132
f 2291//2104 2319//2132 2320//2133
f 2293//2106 2320//2133 2321//2134
f 2295//2108 2321//2134 2322//2135
f 2297//2110 2322//2135 2323//2136
f 2299//2112 2323//2136 2324//2137
f 2301//2114 2324//2137 2325//2138
f 2303//2116 2325//2138 2326//2139
f 2305//2118 2326//2139 2327//2140
f 2257//2070 2327//2140 2258//2071
f 2257//2070 2305//2118 2327//2140
f 2316//2129 2328//2141 2317//2130
f 2317//2130 2328//2141 2329//2142
f 2318//2131 2329//2142 2330//2143
f 2319//2132 2330//2143 2331//2144
f 2320//2133 2331//2144 2332//2145
f 2321//2134 2332//2145 2333//2146
f 2322//2135 2333//2146 2334//2147
f 2323//2136 2334//2147 2335//2148
f 2324//2137 2335//2148 2336//2149
f 2325//2138 2336//2149 2337//2150
f 2326//2139 2337//2150 2338//2151
f 2327//2140 2338//2151 2339//2152
f 2258//2071 2339//2152 2340//2153
f 2259//2072 2340//2153 2341//2154
f 2260//2073 2341//2154 2342//2155
f 2261//2074 2342//2155 2343//2156
f 2262//2075 2343//2156 2344//2157
f 2263//2076 2344//2157 2345//2158
f 2264//2077 2345//2158 2346//2159
f 2265//2078 2346//2159 2347//2160
f 2266//2079 2347//2160 2348//2161
f 2267//2080 2348//2161 2349//2162
f 2268//2081 2349//2162 2350//2163
f 2269//2082 2350//2163 2351//2164
f 2270//2083 2351//2164 2352//2165
f 2271//2084 2352//2165 2353//2166
f 2272//2085 2353//2166 2354//2167
f 2273//2086 2354//2167 2355//2168
f 2356//2169 2355//2168 2357//2170
f 2358//2171 2357//2170 2359//2172
f 2360//2173 2359//2172 2361//2174
f 2362//2175 2361//2174 2363//2176
f 2364//2177 2363//2176 2365//2178
f 2366//2179 2365//2178 2367//2180
f 2368//2181 2367//2180 2369//2182
f 2370//2183 2369//2182 2371//2184
f 2372//2185 2371//2184 2373//2186
f 2374//2187 2373//2186 2375//2188
f 2376//2189 2375//2188 2377//2190
f 2378//2191 2376//2189 2377//2190
f 2378//2191 2379//2192 2376//2189
f 2378//2191 2380//2193 2379//2192
f 2379//2192 2380//2193 2381//2194
f 2382//2195 2381//2194 2383//2196
f 2384//2197 2383//2196 2385//2198
f 2386//2199 2385//2198 2387//2200
f 2388//2201 2387//2200 2389//2202
f 2390//2203 2389//2202 2391//2204
f 2392//2205 2391//2204 2393//2206
f 2394//2207 2393//2206 2395//2208
f 2396//2209 2395//2208 2397//2210
f 2398//2211 2397//2210 2399//2212
f 2400//2213 2399//2212 2401//2214
f 2239//2052 2401//2214 2237//2050
f 2239//2052 2400//2213 2401//2214
f 2239//2052 2240//2053 2400//2213
f 2400//2213 2240//2053 2402//2215
f 2398//2211 2402//2215 2403//2216
f 2396//2209 2403//2216 2404//2217
f 2394//2207 2404//2217 2405//2218
f 2392//2205 2405//2218 2406//2219
f 2390//2203 2406//2219 2407//2220
f 2388//2201 2407//2220 2408//2221
f 2386//2199 2408//2221 2409//2222
f 2384//2197 2409//2222 2410//2223
f 2382//2195 2410//2223 2411//2224
f 2379//2192 2411//2224 2376//2189
f 2379//2192 2382//2195 2411//2224
f 2379//2192 2381//2194 2382//2195
f 2328//2141 2412//2225 2329//2142
f 2329//2142 2412//2225 2413//2226
f 2330//2143 2413//2226 2414//2227
f 2331//2144 2414//2227 2415//2228
f 2332//2145 2415//2228 2416//2229
f 2333//2146 2416//2229 2417//2230
f 2334//2147 2417//2230 2418//2231
f 2335//2148 2418//2231 2419//2232
f 2336//2149 2419//2232 2420//2233
f 2337//2150 2420//2233 2421//2234
f 2338//2151 2421//2234 2422//2235
f 2339//2152 2422//2235 2340//2153
f 2339//2152 2338//2151 2422//2235
f 2412//2225 2423//2236 2413//2226
f 2413//2226 2423//2236 2424//2237
f 2414//2227 2424//2237 2425//2238
f 2415//2228 2425//2238 2426//2239
f 2416//2229 2426//2239 2427//2240
f 2417//2230 2427//2240 2428//2241
f 2418//2231 2428//2241 2429//2242
f 2419//2232 2429//2242 2430//2243
f 2420//2233 2430//2243 2431//2244
f 2421//2234 2431//2244 2432//2245
f 2422//2235 2432//2245 2433//2246
f 2340//2153 2433//2246 2341//2154
f 2340//2153 2422//2235 2433//2246
f 2423//2236 2434//2247 2424//2237
f 2424//2237 2434//2247 2435//2248
f 2425//2238 2435//2248 2436//2249
f 2426//2239 2436//2249 2437//2250
f 2427//2240 2437//2250 2438//2251
f 2428//2241 2438//2251 2439//2252
f 2429//2242 2439//2252 2440//2253
f 2430//2243 2440//2253 2441//2254
f 2431//2244 2441//2254 2442//2255
f 2432//2245 2442//2255 2443//2256
f 2433//2246 2443//2256 2444//2257
f 2341//2154 2444//2257 2342//2155
f 2341//2154 2433//2246 2444//2257
f 2434//2247 2445//2258 2435//2248
f 2435//2248 2445//2258 2446//2259
f 2436//2249 2446//2259 2447//2260
f 2437//2250 2447//2260 2448//2261
f 2438//2251 2448//2261 2449//2262
f 2439//2252 2449//2262 2450//2263
f 2440//2253 2450//2263 2451//2264
f 2441//2254 2451//2264 2452//2265
f 2442//2255 2452//2265 2453//2266
f 2443//2256 2453//2266 2454//2267
f 2444//2257 2454//2267 2455//2268
f 2342//2155 2455//2268 2343//2156
f 2342//2155 2444//2257 2455//2268
f 2445//2258 2456//2269 2446//2259
f 2446//2259 2456//2269 2457//2270
f 2447//2260 2457//2270 2458//2271
f 2448//2261 2458//2271 2459//2272
f 2449//2262 2459//2272 2460//2273
f 2450//2263 2460//2273 2461//2274
f 2451//2264 2461//2274 2462//2275
f 2452//2265 2462//2275 2463//2276
f 2453//2266 2463//2276 2464//2277
f 2454//2267 2464//2277 2465//2278
f 2455//2268 2465//2278 2466//2279
f 2343//2156 2466//2279 2344//2157
f 2343//2156 2455//2268 2466//2279
f 2456//2269 2467//2280 2457//2270
f 2457//2270 2467//2280 2468//2281
f 2458//2271 2468//2281 2469//2282
f 2459//2272 2469//2282 2470//2283
f 2460//2273 2470//2283 2471//2284
f 2461//2274 2471//2284 2472//2285
f 2462//2275 2472//2285 2473//2286
f 2463//2276 2473//2286 2474//2287
f 2464//2277 2474//2287 2475//2288
f 2465//2278 2475//2288 2476//2289
f 2466//2279 2476//2289 2477//2290
f 2344//2157 2477//2290 2345//2158
f 2344//2157 2466//2279 2477//2290
f 2467//2280 2478//2291 2468//2281
f 2468//2281 2478//2291 2479//2292
f 2469//2282 2479//2292 2480//2293
f 2470//2283 2480//2293 2481//2294
f 2471//2284 2481//2294 2482//2295
f 2472//2285 2482//2295 2483//2296
f 2473//2286 2483//2296 2484//2297
f 2474//2287 2484//2297 2485//2298
f 2475//2288 2485//2298 2486//2299
f 2476//2289 2486//2299 2487//2300
f 2477//2290 2487//2300 2488//2301
f 2345//2158 2488//2301 2346//2159
f 2345//2158 2477//2290 2488//2301
f 2478//2291 2489//2302 2479//2292
f 2479//2292 2489//2302 2490//2303
f 2480//2293 2490//2303 2491//2304
f 2481//2294 2491//2304 2492//2305
f 2482//2295 2492//2305 2493//2306
f 2483//2296 2493//2306 2494//2307
f 2484//2297 2494//2307 2495//2308
f 2485//2298 2495//2308 2496//2309
f 2486//2299 2496//2309 2497//2310
f 2487//2300 2497//2310 2498//2311
f 2488//2301 2498//2311 2499//2312
f 2346//2159 2499//2312 2347//2160
f 2346//2159 2488//2301 2499//2312
f 2489//2302 2500//2313 2490//2303
f 2490//2303 2500//2313 2501//2314
f 2491//2304 2501//2314 2502//2315
f 2492//2305 2502//2315 2503//2316
f 2493//2306 2503//2316 2504//2317
f 2494//2307 2504//2317 2505//2318
f 2495//2308 2505//2318 2506//2319
f 2496//2309 2506//2319 2507//2320
f 2497//2310 2507//2320 2508//2321
f 2498//2311 2508//2321 2509//2322
f 2499//2312 2509//2322 2510//2323
f 2347//2160 2510//2323 2348//2161
f 2347//2160 2499//2312 2510//2323
f 2500//2313 2511//2324 2501//2314
f 2501//2314 2511//2324 2512//2325
f 2502//2315 2512//2325 2513//2326
f 2503//2316 2513//2326 2514//2327
f 2504//2317 2514//2327 2515//2328
f 2505//2318 2515//2328 2516//2329
f 2506//2319 2516//2329 2517//2330
f 2507//2320 2517//2330 2518//2331
f 2508//2321 2518//2331 2519//2332
f 2509//2322 2519//2332 2520//2333
f 2510//2323 2520//2333 2521//2334
f 2348//2161 2521//2334 2349//2162
f 2348//2161 2510//2323 2521//2334
f 2512//2325 2511//2324 2522//2335
f 2513//2326 2522//2335 2523//2336
f 2514//2327 2523//2336 2524//2337
f 2515//2328 2524//2337 2525//2338
f 2516//2329 2525//2338 2526//2339
f 2517//2330 2526//2339 2527//2340
f 2518//2331 2527//2340 2528//2341
f 2519//2332 2528//2341 2529//2342
f 2520//2333 2529//2342 2530//2343
f 2521//2334 2530//2343 2531//2344
f 2349//2162 2531//2344 2350//2163
f 2349//2162 2521//2334 2531//2344
f 2532//2345 2533//2346 2534//2347
f 2532//2345 2535//2348 2533//2346
f 2532//2345 2536//2349 2535//2348
f 2535//2348 2536//2349 2537//2350
f 2538//2351 2537//2350 2539//2352
f 2540//2353 2539//2352 2541//2354
f 2542//2355 2541//2354 2543//2356
f 2544//2357 2543//2356 2545//2358
f 2546//1069 2545//2358 2547//2359
f 2548//2360 2547//2359 2549//2361
f 2550//2362 2549//2361 2551//2363
f 2552//2364 2551//2363 2553//2365
f 2554//2366 2553//2365 2555//2367
f 2352//2165 2555//2367 2353//2166
f 2352//2165 2554//2366 2555//2367
f 2352//2165 2351//2164 2554//2366
f 2554//2366 2351//2164 2556//2368
f 2552//2364 2556//2368 2557//2369
f 2550//2362 2557//2369 2558//2370
f 2548//2360 2558//2370 2559//2371
f 2546//1069 2559//2371 2560//2372
f 2544//2357 2560//2372 2561//2373
f 2542//2355 2561//2373 2562//2374
f 2540//2353 2562//2374 2563//2375
f 2538//2351 2563//2375 2564//2376
f 2535//2348 2564//2376 2533//2346
f 2535//2348 2538//2351 2564//2376
f 2535//2348 2537//2350 2538//2351
f 2536//2349 2565//2377 2537//2350
f 2537//2350 2565//2377 2566//2378
f 2539//2352 2566//2378 2567//2379
f 2541//2354 2567//2379 2568//2380
f 2543//2356 2568//2380 2569//2381
f 2545//2358 2569//2381 2570//2382
f 2547//2359 2570//2382 2571//2383
f 2549//2361 2571//2383 2572//2384
f 2551//2363 2572//2384 2573//2385
f 2553//2365 2573//2385 2574//2386
f 2555//2367 2574//2386 2575//2387
f 2353//2166 2575//2387 2354//2167
f 2353//2166 2555//2367 2575//2387
f 2565//2377 2576//2388 2566//2378
f 2566//2378 2576//2388 2577//2389
f 2567//2379 2577//2389 2578//2390
f 2568//2380 2578//2390 2579//2391
f 2569//2381 2579//2391 2580//2392
f 2570//2382 2580//2392 2581//2393
f 2571//2383 2581//2393 2582//2394
f 2572//2384 2582//2394 2583//2395
f 2573//2385 2583//2395 2584//2396
f 2574//2386 2584//2396 2585//2397
f 2575//2387 2585//2397 2586//2398
f 2354//2167 2586//2398 2355//2168
f 2354//2167 2575//2387 2586//2398
f 2576//2388 2587//2399 2577//2389
f 2577//2389 2587//2399 2588//2400
f 2578//2390 2588//2400 2589//2401
f 2579//2391 2589//2401 2590//2402
f 2580//2392 2590//2402 2591//2403
f 2581//2393 2591//2403 2592//2404
f 2582//2394 2592//2404 2593//2405
f 2583//2395 2593//2405 2594//2406
f 2584//2396 2594//2406 2595//2407
f 2585//2397 2595//2407 2596//2408
f 2586//2398 2596//2408 2357//2170
f 2355//2168 2586//2398 2357//2170
f 2587//2399 2597//2409 2588//2400
f 2588//2400 2597//2409 2598//2410
f 2589//2401 2598//2410 2599//2411
f 2590//2402 2599//2411 2600//2412
f 2591//2403 2600//2412 2601//2413
f 2592//2404 2601//2413 2602//2414
f 2593//2405 2602//2414 2603//2415
f 2594//2406 2603//2415 2604//2416
f 2595//2407 2604//2416 2605//2417
f 2596//2408 2605//2417 2359//2172
f 2357//2170 2596//2408 2359//2172
f 2597//2409 2606//2418 2598//2410
f 2598//2410 2606//2418 2607//2419
f 2599//2411 2607//2419 2608//2420
f 2600//2412 2608//2420 2609//2421
f 2601//2413 2609//2421 2610//2422
f 2602//2414 2610//2422 2611//2423
f 2603//2415 2611//2423 2612//2424
f 2604//2416 2612//2424 2613//2425
f 2605//2417 2613//2425 2361//2174
f 2359//2172 2605//2417 2361//2174
f 2606//2418 2614//2426 2607//2419
f 2607//2419 2614//2426 2615//2427
f 2608//2420 2615//2427 2616//2428
f 2609//2421 2616//2428 2617//2429
f 2610//2422 2617//2429 2618//2430
f 2611//2423 2618//2430 2619//2431
f 2612//2424 2619//2431 2620//2432
f 2613//2425 2620//2432 2363//2176
f 2361//2174 2613//2425 2363//2176
f 2614//2426 2621//2433 2615//2427
f 2615//2427 2621//2433 2622//2434
f 2616//2428 2622//2434 2623//2435
f 2617//2429 2623//2435 2624//2436
f 2618//2430 2624//2436 2625//2437
f 2619//2431 2625//2437 2626//2438
f 2620//2432 2626//2438 2365//2178
f 2363//2176 2620//2432 2365//2178
f 2621//2433 2627//2439 2622//2434
f 2622//2434 2627//2439 2628//2440
f 2623//2435 2628//2440 2629//2441
f 2624//2436 2629//2441 2630//2442
f 2625//2437 2630//2442 2631//2443
f 2626//2438 2631//2443 2367//2180
f 2365//2178 2626//2438 2367//2180
f 2627//2439 2632//2444 2628//2440
f 2628//2440 2632//2444 2633//2445
f 2629//2441 2633//2445 2634//2446
f 2630//2442 2634//2446 2635//2447
f 2631//2443 2635//2447 2369//2182
f 2367//2180 2631//2443 2369//2182
f 2632//2444 2636//2448 2633//2445
f 2633//2445 2636//2448 2637//2449
f 2634//2446 2637//2449 2638//2450
f 2635//2447 2638//2450 2371//2184
f 2369//2182 2635//2447 2371//2184
f 2636//2448 2639//2451 2637//2449
f 2637//2449 2639//2451 2640//2452
f 2638//2450 2640//2452 2373//2186
f 2371//2184 2638//2450 2373//2186
f 2639//2451 2377//2190 2640//2452
f 2640//2452 2377//2190 2375//2188
f 2373//2186 2640//2452 2375//2188
f 2380//2193 2641//2453 2381//2194
f 2381//2194 2641//2453 2642//2454
f 2383//2196 2642//2454 2643//2455
f 2385//2198 2643//2455 2644//2456
f 2387//2200 2644//2456 2645//2457
f 2389//2202 2645//2457 2646//2458
f 2391//2204 2646//2458 2647//2459
f 2393//2206 2647//2459 2648//2460
f 2395//2208 2648//2460 2649//2461
f 2397//2210 2649//2461 2650//2462
f 2399//2212 2650//2462 2651//2463
f 2401//2214 2651//2463 2652//2464
f 2237//2050 2652//2464 2238//2051
f 2237//2050 2401//2214 2652//2464
f 2641//2453 2653//2465 2642//2454
f 2642//2454 2653//2465 2654//2466
f 2643//2455 2654//2466 2655//2467
f 2644//2456 2655//2467 2656//2468
f 2645//2457 2656//2468 2657//2469
f 2646//2458 2657//2469 2658//2470
f 2647//2459 2658//2470 2659//2471
f 2648//2460 2659//2471 2660//2472
f 2649//2461 2660//2472 2661//2473
f 2650//2462 2661//2473 2662//2474
f 2651//2463 2662//2474 2663//2475
f 2652//2464 2663//2475 2664//2476
f 2238//2051 2664//2476 2665//2477
f 2246//2059 2665//2477 2666//2478
f 2245//2058 2666//2478 2667//2479
f 2247//2060 2667//2479 2668//2480
f 2248//2061 2668//2480 2669//2481
f 2249//2062 2669//2481 2670//2482
f 2250//2063 2670//2482 2671//2483
f 2251//2064 2671//2483 2672//2484
f 2252//2065 2672//2484 2673//2485
f 2253//2066 2673//2485 2674//2486
f 2254//2067 2674//2486 2306//2119
f 2255//2068 2254//2067 2306//2119
f 2653//2465 2675//2487 2654//2466
f 2654//2466 2675//2487 2676//2488
f 2655//2467 2676//2488 2677//2489
f 2656//2468 2677//2489 2678//2490
f 2657//2469 2678//2490 2679//2491
f 2658//2470 2679//2491 2680//2492
f 2659//2471 2680//2492 2681//2493
f 2660//2472 2681//2493 2682//2494
f 2661//2473 2682//2494 2683//2495
f 2662//2474 2683//2495 2684//2496
f 2663//2475 2684//2496 2685//2497
f 2664//2476 2685//2497 2665//2477
f 2664//2476 2663//2475 2685//2497
f 2675//2487 2686//2498 2676//2488
f 2676//2488 2686//2498 2687//2499
f 2677//2489 2687//2499 2688//2500
f 2678//2490 2688//2500 2689//2501
f 2679//2491 2689//2501 2690//2502
f 2680//2492 2690//2502 2691//2503
f 2681//2493 2691//2503 2692//2504
f 2682//2494 2692//2504 2693//2505
f 2683//2495 2693//2505 2694//2506
f 2684//2496 2694//2506 2695//2507
f 2685//2497 2695//2507 2696//2508
f 2665//2477 2696//2508 2666//2478
f 2665//2477 2685//2497 2696//2508
f 2686//2498 2697//2509 2687//2499
f 2687//2499 2697//2509 2698//2510
f 2688//2500 2698//2510 2699//2511
f 2689//2501 2699//2511 2700//2512
f 2690//2502 2700//2512 2701//2513
f 2691//2503 2701//2513 2702//2514
f 2692//2504 2702//2514 2703//2515
f 2693//2505 2703//2515 2704//2516
f 2694//2506 2704//2516 2705//2517
f 2695//2507 2705//2517 2706//2518
f 2696//2508 2706//2518 2707//2519
f 2666//2478 2707//2519 2667//2479
f 2666//2478 2696//2508 2707//2519
f 2697//2509 2708//2520 2698//2510
f 2698//2510 2708//2520 2709//2521
f 2699//2511 2709//2521 2710//2522
f 2700//2512 2710//2522 2711//2523
f 2701//2513 2711//2523 2712//2524
f 2702//2514 2712//2524 2713//2525
f 2703//2515 2713//2525 2714//2526
f 2704//2516 2714//2526 2715//2527
f 2705//2517 2715//2527 2716//2528
f 2706//2518 2716//2528 2717//2529
f 2707//2519 2717//2529 2718//2530
f 2667//2479 2718//2530 2668//2480
f 2667//2479 2707//2519 2718//2530
f 2708//2520 2719//2531 2709//2521
f 2709//2521 2719//2531 2720//2532
f 2710//2522 2720//2532 2721//2533
f 2711//2523 2721//2533 2722//2534
f 2712//2524 2722//2534 2723//2535
f 2713//2525 2723//2535 2724//2536
f 2714//2526 2724//2536 2725//1152
f 2715//2527 2725//1152 2726//2537
f 2716//2528 2726//2537 2727//2538
f 2717//2529 2727//2538 2728//2539
f 2718//2530 2728//2539 2729//2540
f 2668//2480 2729//2540 2669//2481
f 2668//2480 2718//2530 2729//2540
f 2719//2531 2730//2541 2720//2532
f 2720//2532 2730//2541 2731//2542
f 2721//2533 2731//2542 2732//2543
f 2722//2534 2732//2543 2733//2544
f 2723//2535 2733//2544 2734//2545
f 2724//2536 2734//2545 2735//2546
f 2725//1152 2735//2546 2736//2547
f 2726//2537 2736//2547 2737//2548
f 2727//2538 2737//2548 2738//2549
f 2728//2539 2738//2549 2739//2550
f 2729//2540 2739//2550 2740//2551
f 2669//2481 2740//2551 2670//2482
f 2669//2481 2729//2540 2740//2551
f 2730//2541 2741//2552 2731//2542
f 2731//2542 2741//2552 2742//2553
f 2732//2543 2742//2553 2743//2554
f 2733//2544 2743//2554 2744//2555
f 2734//2545 2744//2555 2745//2556
f 2735//2546 2745//2556 2746//2557
f 2736//2547 2746//2557 2747//2558
f 2737//2548 2747//2558 2748//2559
f 2738//2549 2748//2559 2749//2560
f 2739//2550 2749//2560 2750//2561
f 2740//2551 2750//2561 2751//2562
f 2670//2482 2751//2562 2671//2483
f 2670//2482 2740//2551 2751//2562
f 2741//2552 2752//2563 2742//2553
f 2742//2553 2752//2563 2753//2564
f 2743//2554 2753//2564 2754//2565
f 2744//2555 2754//2565 2755//2566
f 2745//2556 2755//2566 2756//2567
f 2746//2557 2756//2567 2757//2568
f 2747//2558 2757//2568 2758//2569
f 2748//2559 2758//2569 2759//2570
f 2749//2560 2759//2570 2760//2571
f 2750//2561 2760//2571 2761//2572
f 2751//2562 2761//2572 2762//2573
f 2671//2483 2762//2573 2672//2484
f 2671//2483 2751//2562 2762//2573
f 2752//2563 2763//2574 2753//2564
f 2753//2564 2763//2574 2764//2575
f 2754//2565 2764//2575 2765//2576
f 2755//2566 2765//2576 2766//2577
f 2756//2567 2766//2577 2767//2578
f 2757//2568 2767//2578 2768//2579
f 2758//2569 2768//2579 2769//2580
f 2759//2570 2769//2580 2770//2581
f 2760//2571 2770//2581 2771//2582
f 2761//2572 2771//2582 2772//2583
f 2762//2573 2772//2583 2773//2584
f 2672//2484 2773//2584 2673//2485
f 2672//2484 2762//2573 2773//2584
f 2763//2574 2282//2095 2764//2575
f 2764//2575 2282//2095 2774//2585
f 2765//2576 2774//2585 2775//2586
f 2766//2577 2775//2586 2776//2587
f 2767//2578 2776//2587 2777//2588
f 2768//2579 2777//2588 2778//2589
f 2769//2580 2778//2589 2779//2590
f 2770//2581 2779//2590 2780//2591
f 2771//2582 2780//2591 2781//2592
f 2772//2583 2781//2592 2782//2593
f 2773//2584 2782//2593 2783//2594
f 2673//2485 2783//2594 2674//2486
f 2673//2485 2773//2584 2783//2594
f 2664//2476 2238//2051 2652//2464
f 2240//2053 2241//2054 2402//2215
f 2402//2215 2241//2054 2784//2595
f 2403//2216 2784//2595 2785//2596
f 2404//2217 2785//2596 2786//2597
f 2405//2218 2786//2597 2787//2598
f 2406//2219 2787//2598 2788//2599
f 2407//2220 2788//2599 2789//2600
f 2408//2221 2789//2600 2790//2601
f 2409//2222 2790//2601 2791//2602
f 2410//2223 2791//2602 2792//2603
f 2411//2224 2792//2603 2374//2187
f 2376//2189 2374//2187 2375//2188
f 2376//2189 2411//2224 2374//2187
f 2241//2054 2242//2055 2784//2595
f 2784//2595 2242//2055 2793//2604
f 2785//2596 2793//2604 2794//2605
f 2786//2597 2794//2605 2795//2606
f 2787//2598 2795//2606 2796//2607
f 2788//2599 2796//2607 2797//2608
f 2789//2600 2797//2608 2798//2609
f 2790//2601 2798//2609 2799//2610
f 2791//2602 2799//2610 2800//2611
f 2792//2603 2800//2611 2372//2185
f 2374//2187 2372//2185 2373//2186
f 2374//2187 2792//2603 2372//2185
f 2242//2055 2243//2056 2793//2604
f 2793//2604 2243//2056 2801//2612
f 2794//2605 2801//2612 2802//2613
f 2795//2606 2802//2613 2803//2614
f 2796//2607 2803//2614 2804//2615
f 2797//2608 2804//2615 2805//2616
f 2798//2609 2805//2616 2806//2617
f 2799//2610 2806//2617 2807//2618
f 2800//2611 2807//2618 2370//2183
f 2372//2185 2370//2183 2371//2184
f 2372//2185 2800//2611 2370//2183
f 2243//2056 2244//2057 2801//2612
f 2801//2612 2244//2057 2808//2619
f 2802//2613 2808//2619 2809//2620
f 2803//2614 2809//2620 2810//2621
f 2804//2615 2810//2621 2811//2622
f 2805//2616 2811//2622 2812//2623
f 2806//2617 2812//2623 2813//2624
f 2807//2618 2813//2624 2368//2181
f 2370//2183 2368//2181 2369//2182
f 2370//2183 2807//2618 2368//2181
f 2244//2057 2279//2092 2808//2619
f 2808//2619 2279//2092 2814//2625
f 2809//2620 2814//2625 2815//2626
f 2810//2621 2815//2626 2816//2627
f 2811//2622 2816//2627 2817//2628
f 2812//2623 2817//2628 2818//2629
f 2813//2624 2818//2629 2366//2179
f 2368//2181 2366//2179 2367//2180
f 2368//2181 2813//2624 2366//2179
f 2279//2092 2278//2091 2814//2625
f 2814//2625 2278//2091 2819//2630
f 2815//2626 2819//2630 2820//2631
f 2816//2627 2820//2631 2821//2632
f 2817//2628 2821//2632 2822//2633
f 2818//2629 2822//2633 2364//2177
f 2366//2179 2364//2177 2365//2178
f 2366//2179 2818//2629 2364//2177
f 2278//2091 2277//2090 2819//2630
f 2819//2630 2277//2090 2823//2634
f 2820//2631 2823//2634 2824//2635
f 2821//2632 2824//2635 2825//2636
f 2822//2633 2825//2636 2362//2175
f 2364//2177 2362//2175 2363//2176
f 2364//2177 2822//2633 2362//2175
f 2277//2090 2276//2089 2823//2634
f 2823//2634 2276//2089 2826//2637
f 2824//2635 2826//2637 2827//2638
f 2825//2636 2827//2638 2360//2173
f 2362//2175 2360//2173 2361//2174
f 2362//2175 2825//2636 2360//2173
f 2276//2089 2275//2088 2826//2637
f 2826//2637 2275//2088 2828//2639
f 2827//2638 2828//2639 2358//2171
f 2360//2173 2358//2171 2359//2172
f 2360//2173 2827//2638 2358//2171
f 2275//2088 2274//2087 2828//2639
f 2828//2639 2274//2087 2356//2169
f 2358//2171 2356//2169 2357//2170
f 2358//2171 2828//2639 2356//2169
f 2274//2087 2273//2086 2356//2169
f 2356//2169 2273//2086 2355//2168
f 2273//2086 2272//2085 2354//2167
f 2272//2085 2271//2084 2353//2166
f 2271//2084 2270//2083 2352//2165
f 2270//2083 2269//2082 2351//2164
f 2269//2082 2268//2081 2350//2163
f 2268//2081 2267//2080 2349//2162
f 2267//2080 2266//2079 2348//2161
f 2266//2079 2265//2078 2347//2160
f 2265//2078 2264//2077 2346//2159
f 2264//2077 2263//2076 2345//2158
f 2263//2076 2262//2075 2344//2157
f 2262//2075 2261//2074 2343//2156
f 2261//2074 2260//2073 2342//2155
f 2260//2073 2259//2072 2341//2154
f 2259//2072 2258//2071 2340//2153
f 2339//2152 2258//2071 2327//2140
f 2254//2067 2253//2066 2674//2486
f 2253//2066 2252//2065 2673//2485
f 2252//2065 2251//2064 2672//2484
f 2251//2064 2250//2063 2671//2483
f 2250//2063 2249//2062 2670//2482
f 2249//2062 2248//2061 2669//2481
f 2248//2061 2247//2060 2668//2480
f 2247//2060 2245//2058 2667//2479
f 2245//2058 2246//2059 2666//2478
f 2246//2059 2238//2051 2665//2477
f 2598//2410 2589//2401 2588//2400
f 2589//2401 2579//2391 2578//2390
f 2607//2419 2599//2411 2598//2410
f 2579//2391 2569//2381 2568//2380
f 2599//2411 2590//2402 2589//2401
f 2569//2381 2545//2358 2543//2356
f 2590//2402 2580//2392 2579//2391
f 2560//2372 2544//2357 2546//1069
f 2546//1069 2544//2357 2545//2358
f 2580//2392 2570//2382 2569//2381
f 2570//2382 2547//2359 2545//2358
f 2560//2372 2559//2371 2528//2341
f 2527//2340 2560//2372 2528//2341
f 2527//2340 2561//2373 2560//2372
f 2527//2340 2526//2339 2561//2373
f 2561//2373 2526//2339 2562//2374
f 2562//2374 2526//2339 2525//2338
f 2563//2375 2525//2338 2524//2337
f 2564//2376 2524//2337 2523//2336
f 2533//2346 2523//2336 2522//2335
f 2534//2347 2522//2335 2511//2324
f 2534//2347 2533//2346 2522//2335
f 2547//2359 2548//2360 2546//1069
f 2546//1069 2548//2360 2559//2371
f 2529//2342 2520//2333 2519//2332
f 2530//2343 2529//2342 2558//2370
f 2557//2369 2530//2343 2558//2370
f 2557//2369 2531//2344 2530//2343
f 2557//2369 2556//2368 2531//2344
f 2531//2344 2556//2368 2350//2163
f 2350//2163 2556//2368 2351//2164
f 2520//2333 2510//2323 2509//2322
f 2521//2334 2520//2333 2530//2343
f 2765//2576 2764//2575 2774//2585
f 2282//2095 2281//2094 2774//2585
f 2774//2585 2281//2094 2775//2586
f 2775//2586 2281//2094 2315//2128
f 2776//2587 2315//2128 2314//2127
f 2777//2588 2314//2127 2313//2126
f 2778//2589 2313//2126 2312//2125
f 2779//2590 2312//2125 2311//2124
f 2780//2591 2311//2124 2310//2123
f 2781//2592 2310//2123 2309//2122
f 2782//2593 2309//2122 2308//2121
f 2783//2594 2308//2121 2307//2120
f 2674//2486 2307//2120 2306//2119
f 2674//2486 2783//2594 2307//2120
f 2775//2586 2766//2577 2765//2576
f 2776//2587 2775//2586 2315//2128
f 2766//2577 2756//2567 2755//2566
f 2767//2578 2766//2577 2776//2587
f 2756//2567 2746//2557 2745//2556
f 2757//2568 2756//2567 2767//2578
f 2746//2557 2736//2547 2735//2546
f 2747//2558 2746//2557 2757//2568
f 2736//2547 2726//2537 2725//1152
f 2737//2548 2736//2547 2747//2558
f 2726//2537 2716//2528 2715//2527
f 2727//2538 2726//2537 2737//2548
f 2716//2528 2706//2518 2705//2517
f 2717//2529 2716//2528 2727//2538
f 2706//2518 2696//2508 2695//2507
f 2707//2519 2706//2518 2717//2529
f 2684//2496 2695//2507 2685//2497
f 2694//2506 2705//2517 2695//2507
f 2704//2516 2715//2527 2705//2517
f 2714//2526 2725//1152 2715//2527
f 2724//2536 2735//2546 2725//1152
f 2734//2545 2745//2556 2735//2546
f 2744//2555 2755//2566 2745//2556
f 2754//2565 2765//2576 2755//2566
f 2777//2588 2776//2587 2314//2127
f 2768//2579 2767//2578 2777//2588
f 2758//2569 2757//2568 2768//2579
f 2748//2559 2747//2558 2758//2569
f 2738//2549 2737//2548 2748//2559
f 2728//2539 2727//2538 2738//2549
f 2718//2530 2717//2529 2728//2539
f 2288//2101 2314//2127 2286//2099
f 2287//2100 2288//2101 2286//2099
f 2317//2130 2287//2100 2285//2098
f 2778//2589 2777//2588 2313//2126
f 2769//2580 2768//2579 2778//2589
f 2759//2570 2758//2569 2769//2580
f 2749//2560 2748//2559 2759//2570
f 2739//2550 2738//2549 2749//2560
f 2729//2540 2728//2539 2739//2550
f 2329//2142 2318//2131 2317//2130
f 2290//2103 2313//2126 2288//2101
f 2289//2102 2290//2103 2288//2101
f 2318//2131 2289//2102 2287//2100
f 2779//2590 2778//2589 2312//2125
f 2770//2581 2769//2580 2779//2590
f 2760//2571 2759//2570 2770//2581
f 2750//2561 2749//2560 2760//2571
f 2740//2551 2739//2550 2750//2561
f 2413//2226 2330//2143 2329//2142
f 2330//2143 2319//2132 2318//2131
f 2292//2105 2312//2125 2290//2103
f 2291//2104 2292//2105 2290//2103
f 2319//2132 2291//2104 2289//2102
f 2780//2591 2779//2590 2311//2124
f 2771//2582 2770//2581 2780//2591
f 2761//2572 2760//2571 2771//2582
f 2751//2562 2750//2561 2761//2572
f 2424//2237 2414//2227 2413//2226
f 2414//2227 2331//2144 2330//2143
f 2331//2144 2320//2133 2319//2132
f 2294//2107 2311//2124 2292//2105
f 2293//2106 2294//2107 2292//2105
f 2320//2133 2293//2106 2291//2104
f 2781//2592 2780//2591 2310//2123
f 2772//2583 2771//2582 2781//2592
f 2762//2573 2761//2572 2772//2583
f 2435//2248 2425//2238 2424//2237
f 2425//2238 2415//2228 2414//2227
f 2415//2228 2332//2145 2331//2144
f 2332//2145 2321//2134 2320//2133
f 2296//2109 2310//2123 2294//2107
f 2295//2108 2296//2109 2294//2107
f 2321//2134 2295//2108 2293//2106
f 2782//2593 2781//2592 2309//2122
f 2773//2584 2772//2583 2782//2593
f 2446//2259 2436//2249 2435//2248
f 2436//2249 2426//2239 2425//2238
f 2426//2239 2416//2229 2415//2228
f 2416//2229 2333//2146 2332//2145
f 2333//2146 2322//2135 2321//2134
f 2298//2111 2309//2122 2296//2109
f 2297//2110 2298//2111 2296//2109
f 2322//2135 2297//2110 2295//2108
f 2783//2594 2782//2593 2308//2121
f 2457//2270 2447//2260 2446//2259
f 2447//2260 2437//2250 2436//2249
f 2437//2250 2427//2240 2426//2239
f 2427//2240 2417//2230 2416//2229
f 2417//2230 2334//2147 2333//2146
f 2334//2147 2323//2136 2322//2135
f 2300//2113 2308//2121 2298//2111
f 2299//2112 2300//2113 2298//2111
f 2323//2136 2299//2112 2297//2110
f 2468//2281 2458//2271 2457//2270
f 2458//2271 2448//2261 2447//2260
f 2448//2261 2438//2251 2437//2250
f 2438//2251 2428//2241 2427//2240
f 2428//2241 2418//2231 2417//2230
f 2418//2231 2335//2148 2334//2147
f 2335//2148 2324//2137 2323//2136
f 2302//2115 2307//2120 2300//2113
f 2301//2114 2302//2115 2300//2113
f 2324//2137 2301//2114 2299//2112
f 2479//2292 2469//2282 2468//2281
f 2469//2282 2459//2272 2458//2271
f 2459//2272 2449//2262 2448//2261
f 2449//2262 2439//2252 2438//2251
f 2439//2252 2429//2242 2428//2241
f 2429//2242 2419//2232 2418//2231
f 2419//2232 2336//2149 2335//2148
f 2336//2149 2325//2138 2324//2137
f 2304//2117 2306//2119 2302//2115
f 2303//2116 2304//2117 2302//2115
f 2325//2138 2303//2116 2301//2114
f 2490//2303 2480//2293 2479//2292
f 2480//2293 2470//2283 2469//2282
f 2470//2283 2460//2273 2459//2272
f 2460//2273 2450//2263 2449//2262
f 2450//2263 2440//2253 2439//2252
f 2440//2253 2430//2243 2429//2242
f 2430//2243 2420//2233 2419//2232
f 2420//2233 2337//2150 2336//2149
f 2337//2150 2326//2139 2325//2138
f 2326//2139 2305//2118 2303//2116
f 2501//2314 2491//2304 2490//2303
f 2491//2304 2481//2294 2480//2293
f 2481//2294 2471//2284 2470//2283
f 2471//2284 2461//2274 2460//2273
f 2461//2274 2451//2264 2450//2263
f 2451//2264 2441//2254 2440//2253
f 2441//2254 2431//2244 2430//2243
f 2431//2244 2421//2234 2420//2233
f 2421//2234 2338//2151 2337//2150
f 2338//2151 2327//2140 2326//2139
f 2512//2325 2502//2315 2501//2314
f 2502//2315 2492//2305 2491//2304
f 2492//2305 2482//2295 2481//2294
f 2482//2295 2472//2285 2471//2284
f 2472//2285 2462//2275 2461//2274
f 2462//2275 2452//2265 2451//2264
f 2452//2265 2442//2255 2441//2254
f 2442//2255 2432//2245 2431//2244
f 2432//2245 2422//2235 2421//2234
f 2522//2335 2513//2326 2512//2325
f 2513//2326 2503//2316 2502//2315
f 2503//2316 2493//2306 2492//2305
f 2493//2306 2483//2296 2482//2295
f 2483//2296 2473//2286 2472//2285
f 2473//2286 2463//2276 2462//2275
f 2463//2276 2453//2266 2452//2265
f 2453//2266 2443//2256 2442//2255
f 2443//2256 2433//2246 2432//2245
f 2564//2376 2523//2336 2533//2346
f 2523//2336 2514//2327 2513//2326
f 2514//2327 2504//2317 2503//2316
f 2515//2328 2514//2327 2524//2337
f 2504//2317 2494//2307 2493//2306
f 2505//2318 2504//2317 2515//2328
f 2494//2307 2484//2297 2483//2296
f 2495//2308 2494//2307 2505//2318
f 2484//2297 2474//2287 2473//2286
f 2485//2298 2484//2297 2495//2308
f 2474//2287 2464//2277 2463//2276
f 2475//2288 2474//2287 2485//2298
f 2464//2277 2454//2267 2453//2266
f 2465//2278 2464//2277 2475//2288
f 2454//2267 2444//2257 2443//2256
f 2455//2268 2454//2267 2465//2278
f 2563//2375 2524//2337 2564//2376
f 2516//2329 2515//2328 2525//2338
f 2506//2319 2505//2318 2516//2329
f 2496//2309 2495//2308 2506//2319
f 2486//2299 2485//2298 2496//2309
f 2476//2289 2475//2288 2486//2299
f 2466//2279 2465//2278 2476//2289
f 2540//2353 2563//2375 2538//2351
f 2539//2352 2540//2353 2538//2351
f 2566//2378 2539//2352 2537//2350
f 2562//2374 2525//2338 2563//2375
f 2517//2330 2516//2329 2526//2339
f 2507//2320 2506//2319 2517//2330
f 2497//2310 2496//2309 2507//2320
f 2487//2300 2486//2299 2497//2310
f 2477//2290 2476//2289 2487//2300
f 2577//2389 2567//2379 2566//2378
f 2542//2355 2562//2374 2540//2353
f 2541//2354 2542//2355 2540//2353
f 2567//2379 2541//2354 2539//2352
f 2518//2331 2517//2330 2527//2340
f 2508//2321 2507//2320 2518//2331
f 2498//2311 2497//2310 2508//2321
f 2488//2301 2487//2300 2498//2311
f 2588//2400 2578//2390 2577//2389
f 2578//2390 2568//2380 2567//2379
f 2544//2357 2561//2373 2542//2355
f 2543//2356 2544//2357 2542//2355
f 2568//2380 2543//2356 2541//2354
f 2519//2332 2518//2331 2528//2341
f 2509//2322 2508//2321 2519//2332
f 2499//2312 2498//2311 2509//2322
f 2529//2342 2528//2341 2559//2371
f 2558//2370 2529//2342 2559//2371
f 2615//2427 2608//2420 2607//2419
f 2608//2420 2600//2412 2599//2411
f 2600//2412 2591//2403 2590//2402
f 2591//2403 2581//2393 2580//2392
f 2581//2393 2571//2383 2570//2382
f 2550//2362 2558//2370 2548//2360
f 2549//2361 2550//2362 2548//2360
f 2571//2383 2549//2361 2547//2359
f 2622//2434 2616//2428 2615//2427
f 2616//2428 2609//2421 2608//2420
f 2609//2421 2601//2413 2600//2412
f 2601//2413 2592//2404 2591//2403
f 2592//2404 2582//2394 2581//2393
f 2582//2394 2572//2384 2571//2383
f 2552//2364 2557//2369 2550//2362
f 2551//2363 2552//2364 2550//2362
f 2572//2384 2551//2363 2549//2361
f 2628//2440 2623//2435 2622//2434
f 2623//2435 2617//2429 2616//2428
f 2617//2429 2610//2422 2609//2421
f 2610//2422 2602//2414 2601//2413
f 2602//2414 2593//2405 2592//2404
f 2593//2405 2583//2395 2582//2394
f 2583//2395 2573//2385 2572//2384
f 2554//2366 2556//2368 2552//2364
f 2553//2365 2554//2366 2552//2364
f 2573//2385 2553//2365 2551//2363
f 2633//2445 2629//2441 2628//2440
f 2629//2441 2624//2436 2623//2435
f 2624//2436 2618//2430 2617//2429
f 2618//2430 2611//2423 2610//2422
f 2611//2423 2603//2415 2602//2414
f 2603//2415 2594//2406 2593//2405
f 2594//2406 2584//2396 2583//2395
f 2584//2396 2574//2386 2573//2385
f 2574//2386 2555//2367 2553//2365
f 2637//2449 2634//2446 2633//2445
f 2634//2446 2630//2442 2629//2441
f 2630//2442 2625//2437 2624//2436
f 2625//2437 2619//2431 2618//2430
f 2619//2431 2612//2424 2611//2423
f 2612//2424 2604//2416 2603//2415
f 2604//2416 2595//2407 2594//2406
f 2595//2407 2585//2397 2584//2396
f 2585//2397 2575//2387 2574//2386
f 2640//2452 2638//2450 2637//2449
f 2638//2450 2635//2447 2634//2446
f 2635//2447 2631//2443 2630//2442
f 2631//2443 2626//2438 2625//2437
f 2626//2438 2620//2432 2619//2431
f 2620//2432 2613//2425 2612//2424
f 2613//2425 2605//2417 2604//2416
f 2605//2417 2596//2408 2595//2407
f 2596//2408 2586//2398 2585//2397
f 2410//2223 2792//2603 2411//2224
f 2791//2602 2800//2611 2792//2603
f 2799//2610 2807//2618 2800//2611
f 2806//2617 2813//2624 2807//2618
f 2812//2623 2818//2629 2813//2624
f 2817//2628 2822//2633 2818//2629
f 2821//2632 2825//2636 2822//2633
f 2824//2635 2827//2638 2825//2636
f 2826//2637 2828//2639 2827//2638
f 2384//2197 2410//2223 2382//2195
f 2383//2196 2384//2197 2382//2195
f 2642//2454 2383//2196 2381//2194
f 2409//2222 2791//2602 2410//2223
f 2790//2601 2799//2610 2791//2602
f 2798//2609 2806//2617 2799//2610
f 2805//2616 2812//2623 2806//2617
f 2811//2622 2817//2628 2812//2623
f 2816//2627 2821//2632 2817//2628
f 2820//2631 2824//2635 2821//2632
f 2823//2634 2826//2637 2824//2635
f 2654//2466 2643//2455 2642//2454
f 2386//2199 2409//2222 2384//2197
f 2385//2198 2386//2199 2384//2197
f 2643//2455 2385//2198 2383//2196
f 2408//2221 2790//2601 2409//2222
f 2789//2600 2798//2609 2790//2601
f 2797//2608 2805//2616 2798//2609
f 2804//2615 2811//2622 2805//2616
f 2810//2621 2816//2627 2811//2622
f 2815//2626 2820//2631 2816//2627
f 2819//2630 2823//2634 2820//2631
f 2676//2488 2655//2467 2654//2466
f 2655//2467 2644//2456 2643//2455
f 2388//2201 2408//2221 2386//2199
f 2387//2200 2388//2201 2386//2199
f 2644//2456 2387//2200 2385//2198
f 2407//2220 2789//2600 2408//2221
f 2788//2599 2797//2608 2789//2600
f 2796//2607 2804//2615 2797//2608
f 2803//2614 2810//2621 2804//2615
f 2809//2620 2815//2626 2810//2621
f 2814//2625 2819//2630 2815//2626
f 2687//2499 2677//2489 2676//2488
f 2677//2489 2656//2468 2655//2467
f 2656//2468 2645//2457 2644//2456
f 2390//2203 2407//2220 2388//2201
f 2389//2202 2390//2203 2388//2201
f 2645//2457 2389//2202 2387//2200
f 2406//2219 2788//2599 2407//2220
f 2787//2598 2796//2607 2788//2599
f 2795//2606 2803//2614 2796//2607
f 2802//2613 2809//2620 2803//2614
f 2808//2619 2814//2625 2809//2620
f 2698//2510 2688//2500 2687//2499
f 2688//2500 2678//2490 2677//2489
f 2678//2490 2657//2469 2656//2468
f 2657//2469 2646//2458 2645//2457
f 2392//2205 2406//2219 2390//2203
f 2391//2204 2392//2205 2390//2203
f 2646//2458 2391//2204 2389//2202
f 2405//2218 2787//2598 2406//2219
f 2786//2597 2795//2606 2787//2598
f 2794//2605 2802//2613 2795//2606
f 2801//2612 2808//2619 2802//2613
f 2709//2521 2699//2511 2698//2510
f 2699//2511 2689//2501 2688//2500
f 2689//2501 2679//2491 2678//2490
f 2679//2491 2658//2470 2657//2469
f 2658//2470 2647//2459 2646//2458
f 2394//2207 2405//2218 2392//2205
f 2393//2206 2394//2207 2392//2205
f 2647//2459 2393//2206 2391//2204
f 2404//2217 2786//2597 2405//2218
f 2785//2596 2794//2605 2786//2597
f 2793//2604 2801//2612 2794//2605
f 2720//2532 2710//2522 2709//2521
f 2710//2522 2700//2512 2699//2511
f 2700//2512 2690//2502 2689//2501
f 2690//2502 2680//2492 2679//2491
f 2680//2492 2659//2471 2658//2470
f 2659//2471 2648//2460 2647//2459
f 2396//2209 2404//2217 2394//2207
f 2395//2208 2396//2209 2394//2207
f 2648//2460 2395//2208 2393//2206
f 2403//2216 2785//2596 2404//2217
f 2784//2595 2793//2604 2785//2596
f 2731//2542 2721//2533 2720//2532
f 2721//2533 2711//2523 2710//2522
f 2711//2523 2701//2513 2700//2512
f 2701//2513 2691//2503 2690//2502
f 2691//2503 2681//2493 2680//2492
f 2681//2493 2660//2472 2659//2471
f 2660//2472 2649//2461 2648//2460
f 2398//2211 2403//2216 2396//2209
f 2397//2210 2398//2211 2396//2209
f 2649//2461 2397//2210 2395//2208
f 2402//2215 2784//2595 2403//2216
f 2742//2553 2732//2543 2731//2542
f 2732//2543 2722//2534 2721//2533
f 2722//2534 2712//2524 2711//2523
f 2712//2524 2702//2514 2701//2513
f 2702//2514 2692//2504 2691//2503
f 2692//2504 2682//2494 2681//2493
f 2682//2494 2661//2473 2660//2472
f 2661//2473 2650//2462 2649//2461
f 2400//2213 2402//2215 2398//2211
f 2399//2212 2400//2213 2398//2211
f 2650//2462 2399//2212 2397//2210
f 2753//2564 2743//2554 2742//2553
f 2743//2554 2733//2544 2732//2543
f 2733//2544 2723//2535 2722//2534
f 2723//2535 2713//2525 2712//2524
f 2713//2525 2703//2515 2702//2514
f 2703//2515 2693//2505 2692//2504
f 2693//2505 2683//2495 2682//2494
f 2683//2495 2662//2474 2661//2473
f 2662//2474 2651//2463 2650//2462
f 2651//2463 2401//2214 2399//2212
f 2764//2575 2754//2565 2753//2564
f 2754//2565 2744//2555 2743//2554
f 2744//2555 2734//2545 2733//2544
f 2734//2545 2724//2536 2723//2535
f 2724//2536 2714//2526 2713//2525
f 2714//2526 2704//2516 2703//2515
f 2704//2516 2694//2506 2693//2505
f 2694//2506 2684//2496 2683//2495
f 2684//2496 2663//2475 2662//2474
f 2663//2475 2652//2464 2651//2463
f 2829//2640 2830//2641 2282//2095
f 2763//2574 2829//2640 2282//2095
f 2763//2574 2831//2642 2829//2640
f 2763//2574 2752//2563 2831//2642
f 2831//2642 2752//2563 2832//2643
f 2832//2643 2752//2563 2741//2552
f 2833//2644 2741//2552 2730//2541
f 2834//2645 2730//2541 2719//2531
f 2835//2646 2719//2531 2708//2520
f 2836//2647 2708//2520 2697//2509
f 2837//2648 2697//2509 2686//2498
f 2838//2649 2686//2498 2675//2487
f 2839//2650 2675//2487 2653//2465
f 2840//2651 2653//2465 2641//2453
f 2841//2652 2641//2453 2380//2193
f 2842//2653 2380//2193 2378//2191
f 2843//2654 2378//2191 2377//2190
f 2844//2655 2377//2190 2845//2656
f 2844//2655 2843//2654 2377//2190
f 2846//2657 2280//2093 2847//2658
f 2846//2657 2284//2097 2280//2093
f 2846//2657 2848//2659 2284//2097
f 2284//2097 2848//2659 2316//2129
f 2316//2129 2848//2659 2849//2660
f 2328//2141 2849//2660 2850//2661
f 2412//2225 2850//2661 2851//2662
f 2423//2236 2851//2662 2852//2663
f 2434//2247 2852//2663 2853//2664
f 2445//2258 2853//2664 2854//2665
f 2456//2269 2854//2665 2855//2666
f 2467//2280 2855//2666 2856//2667
f 2478//2291 2856//2667 2857//2668
f 2489//2302 2857//2668 2858//2669
f 2500//2313 2858//2669 2859//2670
f 2511//2324 2859//2670 2860//2671
f 2861//2672 2511//2324 2860//2671
f 2861//2672 2534//2347 2511//2324
f 2861//2672 2862//2673 2534//2347
f 2534//2347 2862//2673 2532//2345
f 2532//2345 2862//2673 2863//2674
f 2536//2349 2863//2674 2864//2675
f 2565//2377 2864//2675 2865//2676
f 2576//2388 2865//2676 2866//2677
f 2587//2399 2866//2677 2867//2678
f 2597//2409 2867//2678 2868//2679
f 2606//2418 2868//2679 2869//2680
f 2614//2426 2869//2680 2870//2681
f 2621//2433 2870//2681 2871//2682
f 2627//2439 2871//2682 2872//2683
f 2632//2444 2872//2683 2873//2684
f 2636//2448 2873//2684 2874//2685
f 2639//2451 2874//2685 2845//2656
f 2377//2190 2639//2451 2845//2656
f 2316//2129 2849//2660 2328//2141
f 2328//2141 2850//2661 2412//2225
f 2412//2225 2851//2662 2423//2236
f 2423//2236 2852//2663 2434//2247
f 2434//2247 2853//2664 2445//2258
f 2445//2258 2854//2665 2456//2269
f 2456//2269 2855//2666 2467//2280
f 2467//2280 2856//2667 2478//2291
f 2478//2291 2857//2668 2489//2302
f 2489//2302 2858//2669 2500//2313
f 2500//2313 2859//2670 2511//2324
f 2532//2345 2863//2674 2536//2349
f 2536//2349 2864//2675 2565//2377
f 2565//2377 2865//2676 2576//2388
f 2576//2388 2866//2677 2587//2399
f 2587//2399 2867//2678 2597//2409
f 2597//2409 2868//2679 2606//2418
f 2606//2418 2869//2680 2614//2426
f 2614//2426 2870//2681 2621//2433
f 2621//2433 2871//2682 2627//2439
f 2627//2439 2872//2683 2632//2444
f 2632//2444 2873//2684 2636//2448
f 2636//2448 2874//2685 2639//2451
f 2843//2654 2842//2653 2378//2191
f 2842//2653 2841//2652 2380//2193
f 2841//2652 2840//2651 2641//2453
f 2840//2651 2839//2650 2653//2465
f 2839//2650 2838//2649 2675//2487
f 2838//2649 2837//2648 2686//2498
f 2837//2648 2836//2647 2697//2509
f 2836//2647 2835//2646 2708//2520
f 2835//2646 2834//2645 2719//2531
f 2834//2645 2833//2644 2730//2541
f 2833//2644 2832//2643 2741//2552
f 2280//2093 2282//2095 2847//2658
f 2847//2658 2282//2095 2830//2641
f 2875//2686 2876//2687 2877//2688
f 2877//2688 2876//2687 2878//2689
f 2879//2690 2878//2689 2880//2691
f 2881//2692 2880//2691 2882//2693
f 2883//2694 2882//2693 2884//2695
f 2885//2696 2884//2695 2886//2697
f 2887//2698 2886//2697 2888//2699
f 2887//2698 2885//2696 2886//2697
f 2877//2688 2878//2689 2879//2690
f 2879//2690 2880//2691 2881//2692
f 2881//2692 2882//2693 2883//2694
f 2883//2694 2884//2695 2885//2696
f 2888//2699 2889//2700 2887//2698
f 2887//2698 2889//2700 2890//2701
f 2891//2702 2892//2703 2893//2704
f 2893//2704 2892//2703 2894//2705
f 2895//2706 2894//2705 2896//2707
f 2897//2708 2896//2707 2898//2709
f 2899//2710 2898//2709 2900//2711
f 2901//2712 2900//2711 2902//2713
f 2903//2714 2902//2713 2904//2715
f 2903//2714 2901//2712 2902//2713
f 2893//2704 2894//2705 2895//2706
f 2895//2706 2896//2707 2897//2708
f 2897//2708 2898//2709 2899//2710
f 2899//2710 2900//2711 2901//2712
f 2904//2715 2905//2716 2903//2714
f 2903//2714 2905//2716 2906//2717
f 2907//2718 2908//2719 2909//2720
f 2907//2718 2910//1055 2908//2719
f 2907//2718 2911//2721 2910//1055
f 2910//1055 2911//2721 2912//1048
f 2913//1048 2912//1048 2914//1041
f 2915//1041 2914//1041 2916//1034
f 2917//2722 2916//1034 1130//966
f 2918//2722 1130//966 2919//2723
f 2920//1041 2919//2723 2921//2724
f 2922//1048 2921//2724 2923//2725
f 2924//1055 2923//2725 2925//2726
f 2926//2719 2925//2726 2927//2727
f 2928//2728 2926//2719 2927//2727
f 2928//2728 2929//2719 2926//2719
f 2928//2728 2930//1062 2929//2719
f 2928//2728 2909//2720 2930//1062
f 2930//1062 2909//2720 2931//2719
f 2932//1055 2931//2719 2933//1055
f 2934//1048 2933//1055 2913//1048
f 2915//1041 2913//1048 2914//1041
f 2915//1041 2934//1048 2913//1048
f 2915//1041 2935//1041 2934//1048
f 2915//1041 2917//2722 2935//1041
f 2915//1041 2916//1034 2917//2722
f 2911//2721 2936//2729 2912//1048
f 2912//1048 2936//2729 2937//1041
f 2914//1041 2937//1041 2938//2722
f 2916//1034 2938//2722 1128//964
f 1130//966 2916//1034 1128//964
f 2936//2729 2939//2730 2937//1041
f 2937//1041 2939//2730 2940//2722
f 2938//2722 2940//2722 1128//964
f 2938//2722 2937//1041 2940//2722
f 2939//2730 2941//2731 2940//2722
f 2940//2722 2941//2731 1128//964
f 2917//2722 1130//966 2918//2722
f 2935//1041 2918//2722 2920//1041
f 2942//1048 2920//1041 2922//1048
f 2943//1055 2922//1048 2924//1055
f 2929//2719 2924//1055 2926//2719
f 2929//2719 2943//1055 2924//1055
f 2929//2719 2930//1062 2943//1055
f 2943//1055 2930//1062 2932//1055
f 2942//1048 2932//1055 2934//1048
f 2935//1041 2942//1048 2934//1048
f 2935//1041 2920//1041 2942//1048
f 2918//2722 2919//2723 2920//1041
f 2920//1041 2921//2724 2922//1048
f 2922//1048 2923//2725 2924//1055
f 2924//1055 2925//2726 2926//2719
f 2931//2719 2909//2720 2908//2719
f 2933//1055 2908//2719 2910//1055
f 2913//1048 2910//1055 2912//1048
f 2913//1048 2933//1055 2910//1055
f 2933//1055 2931//2719 2908//2719
f 2932//1055 2930//1062 2931//2719
f 2934//1048 2932//1055 2933//1055
f 2922//1048 2943//1055 2942//1048
f 2942//1048 2943//1055 2932//1055
f 2914//1041 2912//1048 2937//1041
f 2916//1034 2914//1041 2938//2722
f 2918//2722 2935//1041 2917//2722
f 2944//2732 2945//2733 2946//2734
f 2946//2734 2945//2733 2947//2735
f 2948//2736 2947//2735 2949//2737
f 2950//2738 2948//2736 2949//2737
f 2945//2733 2951//2739 2947//2735
f 2947//2735 2951//2739 2952//2740
f 2953//2741 2952//2740 2954//2742
f 2955//2743 2953//2741 2954//2742
f 2955//2743 2956//2744 2953//2741
f 2955//2743 2957//2745 2956//2744
f 2956//2744 2957//2745 2958//2746
f 2959//2747 2958//2746 2960//2748
f 2961//2749 2960//2748 2962//2750
f 2963//2751 2961//2749 2962//2750
f 2963//2751 2964//2752 2961//2749
f 2963//2751 2965//2753 2964//2752
f 2964//2752 2965//2753 2966//2754
f 2967//2755 2966//2754 2968//2756
f 2969//2757 2967//2755 2968//2756
f 2969//2757 2970//2758 2967//2755
f 2969//2757 2971//2759 2970//2758
f 2969//2757 2972//2760 2971//2759
f 2971//2759 2972//2760 2973//2761
f 2974//2762 2973//2761 2975//2763
f 2925//2726 2975//2763 2927//2727
f 2925//2726 2974//2762 2975//2763
f 2925//2726 2923//2725 2974//2762
f 2974//2762 2923//2725 2976//2764
f 2970//2758 2976//2764 2977//2765
f 2978//2766 2977//2765 2979//2767
f 2980//2768 2979//2767 2981//2769
f 2982//2770 2981//2769 2983//2771
f 2984//2772 2983//2771 2985//2773
f 2986//2774 2985//2773 2987//2775
f 2988//2776 2987//2775 2989//2777
f 2990//2778 2989//2777 2991//2779
f 2990//2778 2988//2776 2989//2777
f 2990//2778 2992//2780 2988//2776
f 2988//2776 2992//2780 2993//2781
f 2986//2774 2993//2781 2994//2782
f 2984//2772 2994//2782 2959//2747
f 2982//2770 2959//2747 2961//2749
f 2980//2768 2961//2749 2964//2752
f 2978//2766 2964//2752 2967//2755
f 2970//2758 2978//2766 2967//2755
f 2970//2758 2977//2765 2978//2766
f 2951//2739 2954//2742 2952//2740
f 2956//2744 2958//2746 2959//2747
f 2953//2741 2959//2747 2994//2782
f 2995//2783 2994//2782 2993//2781
f 2996//2784 2993//2781 2992//2780
f 2996//2784 2995//2783 2993//2781
f 2996//2784 2949//2737 2995//2783
f 2995//2783 2949//2737 2947//2735
f 2953//2741 2947//2735 2952//2740
f 2953//2741 2995//2783 2947//2735
f 2953//2741 2994//2782 2995//2783
f 2959//2747 2960//2748 2961//2749
f 2964//2752 2966//2754 2967//2755
f 2973//2761 2997//2785 2975//2763
f 2975//2763 2997//2785 2998//2786
f 2999//2787 2975//2763 2998//2786
f 2999//2787 3000//2788 2975//2763
f 2975//2763 3000//2788 2927//2727
f 2927//2727 3000//2788 2928//2728
f 2923//2725 2921//2724 2976//2764
f 2976//2764 2921//2724 3001//2789
f 2977//2765 3001//2789 3002//2790
f 2979//2767 3002//2790 3003//2791
f 3004//2792 2979//2767 3003//2791
f 3004//2792 2981//2769 2979//2767
f 3004//2792 3005//2793 2981//2769
f 2981//2769 3005//2793 2983//2771
f 2983//2771 3005//2793 3006//2794
f 2985//2773 3006//2794 3007//2795
f 2987//2775 3007//2795 3008//2796
f 2989//2777 3008//2796 1118//954
f 2991//2779 2989//2777 1118//954
f 2921//2724 2919//2723 3001//2789
f 3001//2789 2919//2723 3009//2797
f 3002//2790 3009//2797 3010//2798
f 3003//2791 3002//2790 3010//2798
f 1130//966 3011//2799 2919//2723
f 2919//2723 3011//2799 3009//2797
f 3009//2797 3011//2799 3010//2798
f 2983//2771 3006//2794 2985//2773
f 2985//2773 3007//2795 2987//2775
f 2987//2775 3008//2796 2989//2777
f 2948//2736 2946//2734 2947//2735
f 2986//2774 2987//2775 2988//2776
f 2993//2781 2986//2774 2988//2776
f 2956//2744 2959//2747 2953//2741
f 2985//2773 2986//2774 2984//2772
f 2984//2772 2986//2774 2994//2782
f 2983//2771 2984//2772 2982//2770
f 2982//2770 2984//2772 2959//2747
f 2981//2769 2982//2770 2980//2768
f 2980//2768 2982//2770 2961//2749
f 2979//2767 2980//2768 2978//2766
f 2978//2766 2980//2768 2964//2752
f 3002//2790 2979//2767 2977//2765
f 2973//2761 2974//2762 2971//2759
f 2971//2759 2974//2762 2970//2758
f 2970//2758 2974//2762 2976//2764
f 3001//2789 2977//2765 2976//2764
f 3009//2797 3002//2790 3001//2789
f 1118//954 1117//953 2991//2779
f 2991//2779 1117//953 3012//2800
f 2990//2778 3012//2800 3013//2801
f 2992//2780 3013//2801 3014//2802
f 2996//2784 3014//2802 3015//2803
f 2949//2737 3015//2803 3016//2804
f 2950//2738 3016//2804 3017//2805
f 2950//2738 2949//2737 3016//2804
f 2991//2779 3012//2800 2990//2778
f 2990//2778 3013//2801 2992//2780
f 2992//2780 3014//2802 2996//2784
f 2996//2784 3015//2803 2949//2737
f 3018//2806 3019//2807 2907//2718
f 3020//2808 2907//2718 3021//2809
f 3020//2808 3018//2806 2907//2718
f 3019//2807 3022//2810 2907//2718
f 2907//2718 3022//2810 3023//2811
f 2911//2721 3023//2811 3024//2812
f 2936//2729 3024//2812 3025//2813
f 2939//2730 3025//2813 3026//2814
f 2941//2731 3026//2814 3027//2815
f 1128//964 3027//2815 1088//924
f 1128//964 2941//2731 3027//2815
f 2907//2718 3023//2811 2911//2721
f 2911//2721 3024//2812 2936//2729
f 2936//2729 3025//2813 2939//2730
f 2939//2730 3026//2814 2941//2731
f 2907//2718 2909//2720 3021//2809
f 3028//2816 3029//2817 3030//2818
f 3031//2819 3030//2818 3032//2820
f 3031//2819 3028//2816 3030//2818
f 3033//2821 3034//2822 3035//2823
f 3033//2821 3036//2824 3034//2822
f 3033//2821 3037//2825 3036//2824
f 3036//2824 3037//2825 3038//2826
f 3039//2827 3038//2826 3040//2828
f 3041//2829 3040//2828 3042//2830
f 3043//2831 3041//2829 3042//2830
f 3043//2831 3044//2832 3041//2829
f 3043//2831 3045//2833 3044//2832
f 3044//2832 3045//2833 3046//2834
f 3047//2835 3046//2834 3048//2825
f 3047//2835 3044//2832 3046//2834
f 3047//2835 3041//2829 3044//2832
f 3047//2835 3039//2827 3041//2829
f 3041//2829 3039//2827 3040//2828
f 3037//2825 3049//2836 3038//2826
f 3038//2826 3049//2836 3040//2828
f 3040//2828 3049//2836 3050//2837
f 3042//2830 3040//2828 3050//2837
f 3045//2833 3051//2838 3046//2834
f 3046//2834 3051//2838 3052//2824
f 3048//2825 3052//2824 3053//2839
f 3048//2825 3046//2834 3052//2824
f 3051//2838 3054//2840 3052//2824
f 3052//2824 3054//2840 3055//2822
f 3053//2839 3055//2822 3056//2841
f 3053//2839 3052//2824 3055//2822
f 3054//2840 3057//2842 3055//2822
f 3055//2822 3057//2842 3058//2818
f 3056//2841 3058//2818 3059//2843
f 3056//2841 3055//2822 3058//2818
f 3057//2842 3060//2844 3058//2818
f 3058//2818 3060//2844 3061//2845
f 3059//2843 3058//2818 3061//2845
f 3038//2826 3039//2827 3036//2824
f 3036//2824 3039//2827 3062//2846
f 3034//2822 3062//2846 3032//2820
f 3030//2818 3034//2822 3032//2820
f 3030//2818 3035//2823 3034//2822
f 3030//2818 3029//2817 3035//2823
f 3036//2824 3062//2846 3034//2822
f 3063//2847 3064//2848 3060//2844
f 3065//2849 3060//2844 3057//2842
f 3066//2850 3057//2842 3054//2840
f 3067//2851 3054//2840 3051//2838
f 3068//2852 3051//2838 3045//2833
f 3069//2853 3045//2833 3043//2831
f 1062//899 3069//2853 3043//2831
f 3064//2848 3070//2854 3060//2844
f 3060//2844 3070//2854 3071//2855
f 3072//2856 3060//2844 3071//2855
f 3072//2856 3061//2845 3060//2844
f 3063//2847 3060//2844 3065//2849
f 3065//2849 3057//2842 3066//2850
f 3066//2850 3054//2840 3067//2851
f 3067//2851 3051//2838 3068//2852
f 3068//2852 3045//2833 3069//2853
f 3073//2857 3074//2858 3075//2859
f 3073//2857 3076//2860 3074//2858
f 3073//2857 3065//2849 3076//2860
f 3073//2857 3063//2847 3065//2849
f 3065//2849 3066//2850 3076//2860
f 3076//2860 3066//2850 3077//2861
f 3074//2858 3077//2861 3078//2862
f 3079//2863 3078//2862 3080//2864
f 3081//2865 3080//2864 3082//2866
f 3083//2867 3082//2866 3084//2868
f 3083//2867 3081//2865 3082//2866
f 3066//2850 3067//2851 3077//2861
f 3077//2861 3067//2851 3085//2869
f 3078//2862 3085//2869 3086//2870
f 3080//2864 3086//2870 3087//2871
f 3082//2866 3087//2871 3088//2872
f 3089//2873 3088//2872 3090//2874
f 3091//2875 3090//2874 3092//2876
f 3093//2877 3092//2876 3094//2878
f 3095//2879 3094//2878 3096//2880
f 3025//2813 3096//2880 3026//2814
f 3025//2813 3095//2879 3096//2880
f 3025//2813 3024//2812 3095//2879
f 3095//2879 3024//2812 3097//2881
f 3093//2877 3097//2881 3098//2882
f 3091//2875 3098//2882 3099//2883
f 3100//2884 3099//2883 3101//2885
f 3100//2884 3091//2875 3099//2883
f 3100//2884 3102//2886 3091//2875
f 3091//2875 3102//2886 3089//2873
f 3090//2874 3091//2875 3089//2873
f 3067//2851 3068//2852 3085//2869
f 3085//2869 3068//2852 3103//2887
f 3086//2870 3103//2887 3104//2888
f 3087//2871 3104//2888 3105//2889
f 3088//2872 3105//2889 3106//2890
f 3090//2874 3106//2890 3107//2891
f 3092//2876 3107//2891 3108//2892
f 3094//2878 3108//2892 3109//2893
f 3096//2880 3109//2893 3110//2894
f 3026//2814 3110//2894 3027//2815
f 3026//2814 3096//2880 3110//2894
f 3068//2852 3069//2853 3103//2887
f 3103//2887 3069//2853 1062//899
f 1065//902 3103//2887 1062//899
f 1065//902 3104//2888 3103//2887
f 1065//902 1067//904 3104//2888
f 3104//2888 1067//904 3105//2889
f 3105//2889 1067//904 1069//906
f 3106//2890 1069//906 1071//908
f 3107//2891 1071//908 1073//910
f 3108//2892 1073//910 1074//911
f 3109//2893 1074//911 1084//920
f 3110//2894 1084//920 1085//921
f 3027//2815 1085//921 1088//924
f 3027//2815 3110//2894 1085//921
f 3105//2889 1069//906 3106//2890
f 3106//2890 1071//908 3107//2891
f 3107//2891 1073//910 3108//2892
f 3108//2892 1074//911 3109//2893
f 3109//2893 1084//920 3110//2894
f 3024//2812 3023//2811 3097//2881
f 3097//2881 3023//2811 3111//2895
f 3098//2882 3111//2895 3112//2896
f 3101//2885 3098//2882 3112//2896
f 3101//2885 3099//2883 3098//2882
f 3023//2811 3022//2810 3111//2895
f 3097//2881 3111//2895 3098//2882
f 3102//2886 3084//2868 3089//2873
f 3089//2873 3084//2868 3082//2866
f 3088//2872 3089//2873 3082//2866
f 3080//2864 3081//2865 3079//2863
f 3079//2863 3081//2865 3113//2897
f 3075//2859 3079//2863 3113//2897
f 3075//2859 3074//2858 3079//2863
f 3079//2863 3074//2858 3078//2862
f 3078//2862 3086//2870 3080//2864
f 3076//2860 3077//2861 3074//2858
f 3086//2870 3104//2888 3087//2871
f 3077//2861 3085//2869 3078//2862
f 3085//2869 3103//2887 3086//2870
f 3088//2872 3087//2871 3105//2889
f 3082//2866 3080//2864 3087//2871
f 3090//2874 3088//2872 3106//2890
f 3092//2876 3090//2874 3107//2891
f 3094//2878 3092//2876 3108//2892
f 3098//2882 3091//2875 3093//2877
f 3093//2877 3091//2875 3092//2876
f 3096//2880 3094//2878 3109//2893
f 3097//2881 3093//2877 3095//2879
f 3095//2879 3093//2877 3094//2878
f 3016//2804 2878//2689 3017//2805
f 3016//2804 2880//2691 2878//2689
f 3016//2804 3015//2803 2880//2691
f 2880//2691 3015//2803 2882//2693
f 2882//2693 3015//2803 2884//2695
f 2884//2695 3015//2803 3014//2802
f 2886//2697 3014//2802 3013//2801
f 2888//2699 3013//2801 3012//2800
f 1117//953 2888//2699 3012//2800
f 1117//953 1114//950 2888//2699
f 2888//2699 1114//950 2889//2700
f 2884//2695 3014//2802 2886//2697
f 2886//2697 3013//2801 2888//2699
f 2878//2689 2876//2687 3017//2805
f 3017//2805 2876//2687 3114//2898
f 3115//2899 3017//2805 3114//2898
f 1130//966 1129//965 3116//2900
f 3011//2799 3116//2900 3117//2901
f 3010//2798 3117//2901 3118//2902
f 3003//2791 3118//2902 3119//2903
f 3004//2792 3119//2903 3120//2904
f 3005//2793 3120//2904 3006//2794
f 3005//2793 3004//2792 3120//2904
f 3121//2905 3117//2901 3122//2906
f 3121//2905 3118//2902 3117//2901
f 3121//2905 3123//2907 3118//2902
f 3118//2902 3123//2907 3119//2903
f 3119//2903 3123//2907 3124//859
f 3120//2904 3124//859 3125//2908
f 3126//2909 3120//2904 3125//2908
f 3126//2909 3127//2910 3120//2904
f 3126//2909 3128//2911 3127//2910
f 3127//2910 3128//2911 3129//2912
f 3007//2795 3129//2912 3008//2796
f 3007//2795 3127//2910 3129//2912
f 3007//2795 3006//2794 3127//2910
f 3127//2910 3006//2794 3120//2904
f 3119//2903 3124//859 3120//2904
f 3128//2911 3130//2913 3129//2912
f 3129//2912 3130//2913 3131//2914
f 3008//2796 3131//2914 1118//954
f 3008//2796 3129//2912 3131//2914
f 3130//2913 1119//955 3131//2914
f 3131//2914 1119//955 1118//954
f 3004//2792 3003//2791 3119//2903
f 3003//2791 3010//2798 3118//2902
f 3010//2798 3011//2799 3117//2901
f 3011//2799 1130//966 3116//2900
f 3122//2906 3117//2901 3116//2900
f 1129//965 3122//2906 3116//2900
f 3132//2915 2944//2732 3115//2899
f 3133//2916 3115//2899 3134//2917
f 3135//2918 3134//2917 3136//2919
f 3135//2918 3133//2916 3134//2917
f 3135//2918 3137//2920 3133//2916
f 2948//2736 2950//2738 2946//2734
f 2946//2734 2950//2738 3017//2805
f 3115//2899 2946//2734 3017//2805
f 3115//2899 2944//2732 2946//2734
f 3132//2915 3115//2899 3133//2916
f 3134//2917 3138//2921 3136//2919
f 3061//2845 3139//2922 3059//2843
f 3059//2843 3139//2922 3140//2923
f 3141//2924 3140//2923 3142//2925
f 3141//2924 3059//2843 3140//2923
f 941//779 3143//2926 3144//2927
f 3144//2927 3143//2926 3145//2928
f 3146//2929 3145//2928 3147//2930
f 3146//2929 3144//2927 3145//2928
f 3145//2928 3143//2926 3148//2931
f 3148//2931 3143//2926 3149//2932
f 3150//2933 3148//2931 3149//2932
f 3150//2933 3151//2934 3148//2931
f 3148//2931 3151//2934 3152//2935
f 3153//2936 3148//2931 3152//2935
f 3153//2936 3042//2830 3148//2931
f 3153//2936 3154//2937 3042//2830
f 3042//2830 3154//2937 3155//2938
f 3043//2831 3155//2938 3156//2939
f 3157//2940 3043//2831 3156//2939
f 3157//2940 3158//2941 3043//2831
f 3043//2831 3158//2941 3159//2942
f 1062//899 3159//2942 3160//2943
f 3161//2944 1062//899 3160//2943
f 3161//2944 1063//900 1062//899
f 3161//2944 942//780 1063//900
f 3042//2830 3155//2938 3043//2831
f 3043//2831 3159//2942 1062//899
f 3148//2931 3042//2830 2903//2714
f 2906//2717 3148//2931 2903//2714
f 3042//2830 3050//2837 2903//2714
f 2903//2714 3050//2837 3049//2836
f 2901//2712 3049//2836 3037//2825
f 2899//2710 3037//2825 3033//2821
f 2897//2708 3033//2821 2895//2706
f 2897//2708 2899//2710 3033//2821
f 2903//2714 3049//2836 2901//2712
f 2901//2712 3037//2825 2899//2710
f 3033//2821 3035//2823 2895//2706
f 2895//2706 3035//2823 2893//2704
f 2893//2704 3035//2823 3029//2817
f 2891//2702 3029//2817 3162//2945
f 2891//2702 2893//2704 3029//2817
f 3029//2817 3163//2946 3162//2945
f 3164//2947 3165//2948 3166//2949
f 3164//2947 3167//1083 3165//2948
f 3164//2947 3168//2950 3167//1083
f 3167//1083 3168//2950 3169//1090
f 3170//1090 3169//1090 3171//1097
f 3172//1097 3171//1097 3173//1104
f 3174//2951 3173//1104 3175//2952
f 3176//2951 3175//2952 3177//2953
f 3178//1097 3177//2953 3179//2954
f 3180//1090 3179//2954 3181//2955
f 3182//1083 3181//2955 3183//2956
f 3184//2948 3183//2956 3185//2957
f 3186//2958 3184//2948 3185//2957
f 3186//2958 3187//2948 3184//2948
f 3186//2958 3188//1076 3187//2948
f 3186//2958 3166//2949 3188//1076
f 3188//1076 3166//2949 3189//2948
f 3190//1083 3189//2948 3191//1083
f 3192//1090 3191//1083 3170//1090
f 3172//1097 3170//1090 3171//1097
f 3172//1097 3192//1090 3170//1090
f 3172//1097 3193//1097 3192//1090
f 3172//1097 3174//2951 3193//1097
f 3172//1097 3173//1104 3174//2951
f 3168//2950 3194//2959 3169//1090
f 3169//1090 3194//2959 3195//1097
f 3171//1097 3195//1097 3196//2951
f 3173//1104 3196//2951 3197//2960
f 3175//2952 3173//1104 3197//2960
f 3194//2959 3198//2961 3195//1097
f 3195//1097 3198//2961 3199//2951
f 3196//2951 3199//2951 3197//2960
f 3196//2951 3195//1097 3199//2951
f 3198//2961 3200//2962 3199//2951
f 3199//2951 3200//2962 3197//2960
f 3174//2951 3175//2952 3176//2951
f 3193//1097 3176//2951 3178//1097
f 3201//1090 3178//1097 3180//1090
f 3202//1083 3180//1090 3182//1083
f 3187//2948 3182//1083 3184//2948
f 3187//2948 3202//1083 3182//1083
f 3187//2948 3188//1076 3202//1083
f 3202//1083 3188//1076 3190//1083
f 3201//1090 3190//1083 3192//1090
f 3193//1097 3201//1090 3192//1090
f 3193//1097 3178//1097 3201//1090
f 3176//2951 3177//2953 3178//1097
f 3178//1097 3179//2954 3180//1090
f 3180//1090 3181//2955 3182//1083
f 3182//1083 3183//2956 3184//2948
f 3189//2948 3166//2949 3165//2948
f 3191//1083 3165//2948 3167//1083
f 3170//1090 3167//1083 3169//1090
f 3170//1090 3191//1083 3167//1083
f 3191//1083 3189//2948 3165//2948
f 3190//1083 3188//1076 3189//2948
f 3192//1090 3190//1083 3191//1083
f 3180//1090 3202//1083 3201//1090
f 3201//1090 3202//1083 3190//1083
f 3171//1097 3169//1090 3195//1097
f 3173//1104 3171//1097 3196//2951
f 3176//2951 3193//1097 3174//2951
f 3203//2963 3204//2964 3205//2965
f 3205//2965 3204//2964 3206//2966
f 3207//2967 3206//2966 3208//2968
f 3209//2969 3208//2968 3210//2970
f 3211//2971 3210//2970 3212//2972
f 3213//2973 3212//2972 3214//2974
f 3215//2975 3214//2974 3216//2976
f 3146//2929 3215//2975 3216//2976
f 3146//2929 3217//2977 3215//2975
f 3215//2975 3217//2977 3218//2978
f 3213//2973 3218//2978 3219//2979
f 3211//2971 3219//2979 3220//2980
f 3209//2969 3220//2980 3221//2981
f 3207//2967 3221//2981 3222//2982
f 3223//2983 3207//2967 3222//2982
f 3223//2983 3205//2965 3207//2967
f 3207//2967 3205//2965 3206//2966
f 3204//2964 3224//2984 3206//2966
f 3206//2966 3224//2984 3225//2985
f 3208//2968 3225//2985 3226//2986
f 3227//2987 3226//2986 3228//2988
f 3229//2989 3227//2987 3228//2988
f 3229//2989 3230//2990 3227//2987
f 3229//2989 3231//2991 3230//2990
f 3230//2990 3231//2991 3232//2992
f 3233//2993 3232//2992 3234//2994
f 3235//2995 3233//2993 3234//2994
f 3235//2995 3236//2996 3233//2993
f 3235//2995 3237//2997 3236//2996
f 3236//2996 3237//2997 3238//2998
f 3239//2999 3238//2998 3240//3000
f 3241//3001 3240//3000 3242//3002
f 3243//3003 3242//3002 3244//3004
f 3181//2955 3244//3004 3183//2956
f 3181//2955 3243//3003 3244//3004
f 3181//2955 3179//2954 3243//3003
f 3243//3003 3179//2954 3245//3005
f 3241//3001 3245//3005 3246//3006
f 3239//2999 3246//3006 3247//3007
f 3236//2996 3247//3007 3248//3008
f 3233//2993 3248//3008 3249//3009
f 3230//2990 3249//3009 3250//3010
f 3227//2987 3250//3010 3251//3011
f 3210//2970 3251//3011 3212//2972
f 3210//2970 3227//2987 3251//3011
f 3210//2970 3208//2968 3227//2987
f 3227//2987 3208//2968 3226//2986
f 3225//2985 3252//3012 3226//2986
f 3226//2986 3252//3012 3228//2988
f 3230//2990 3232//2992 3233//2993
f 3249//3009 3230//2990 3233//2993
f 3238//2998 3253//3013 3240//3000
f 3240//3000 3253//3013 3254//3014
f 3242//3002 3254//3014 3255//3015
f 3256//3016 3255//3015 3257//3017
f 3258//3018 3256//3016 3257//3017
f 3258//3018 3259//3019 3256//3016
f 3256//3016 3259//3019 3260//3020
f 3244//3004 3260//3020 3183//2956
f 3244//3004 3256//3016 3260//3020
f 3244//3004 3242//3002 3256//3016
f 3256//3016 3242//3002 3255//3015
f 3240//3000 3254//3014 3242//3002
f 3259//3019 3261//3021 3260//3020
f 3260//3020 3261//3021 3185//2957
f 3183//2956 3260//3020 3185//2957
f 3261//3021 3186//2958 3185//2957
f 3179//2954 3177//2953 3245//3005
f 3245//3005 3177//2953 3262//3022
f 3246//3006 3262//3022 3263//3023
f 3247//3007 3263//3023 3264//3024
f 3248//3008 3264//3024 3265//3025
f 3249//3009 3265//3025 3266//3026
f 3250//3010 3266//3026 3267//3027
f 3251//3011 3267//3027 3268//3028
f 3212//2972 3268//3028 3214//2974
f 3212//2972 3251//3011 3268//3028
f 3177//2953 3175//2952 3262//3022
f 3262//3022 3175//2952 3269//3029
f 3263//3023 3269//3029 3270//3030
f 3264//3024 3270//3030 3271//3031
f 3265//3025 3271//3031 3272//3032
f 3266//3026 3272//3032 3273//3033
f 3267//3027 3273//3033 3274//3034
f 3268//3028 3274//3034 3275//3035
f 3214//2974 3275//3035 3216//2976
f 3214//2974 3268//3028 3275//3035
f 3262//3022 3269//3029 3263//3023
f 3263//3023 3270//3030 3264//3024
f 3264//3024 3271//3031 3265//3025
f 3265//3025 3272//3032 3266//3026
f 3266//3026 3273//3033 3267//3027
f 3267//3027 3274//3034 3268//3028
f 3215//2975 3218//2978 3213//2973
f 3214//2974 3215//2975 3213//2973
f 3213//2973 3219//2979 3211//2971
f 3212//2972 3213//2973 3211//2971
f 3211//2971 3220//2980 3209//2969
f 3210//2970 3211//2971 3209//2969
f 3209//2969 3221//2981 3207//2967
f 3208//2968 3209//2969 3207//2967
f 3208//2968 3206//2966 3225//2985
f 3230//2990 3250//3010 3227//2987
f 3250//3010 3267//3027 3251//3011
f 3266//3026 3250//3010 3249//3009
f 3236//2996 3248//3008 3233//2993
f 3248//3008 3265//3025 3249//3009
f 3239//2999 3247//3007 3236//2996
f 3238//2998 3239//2999 3236//2996
f 3247//3007 3264//3024 3248//3008
f 3246//3006 3239//2999 3241//3001
f 3241//3001 3239//2999 3240//3000
f 3263//3023 3247//3007 3246//3006
f 3245//3005 3241//3001 3243//3003
f 3243//3003 3241//3001 3242//3002
f 3262//3022 3246//3006 3245//3005
f 3146//2929 3147//2930 3217//2977
f 3217//2977 3147//2930 3276//3036
f 3218//2978 3276//3036 3277//3037
f 3219//2979 3277//3037 3278//2846
f 3220//2980 3278//2846 3279//3038
f 3221//2981 3279//3038 3280//3039
f 3222//2982 3280//3039 3281//3040
f 3222//2982 3221//2981 3280//3039
f 3217//2977 3276//3036 3218//2978
f 3218//2978 3277//3037 3219//2979
f 3219//2979 3278//2846 3220//2980
f 3220//2980 3279//3038 3221//2981
f 3282//3041 3283//3042 3164//2947
f 3284//3043 3164//2947 3285//3044
f 3284//3043 3282//3041 3164//2947
f 3283//3042 3286//3045 3164//2947
f 3164//2947 3286//3045 3287//3046
f 3168//2950 3287//3046 3288//3047
f 3194//2959 3288//3047 3289//3048
f 3198//2961 3289//3048 3290//3049
f 3200//2962 3290//3049 3291//3050
f 3197//2960 3291//3050 3292//3051
f 3197//2960 3200//2962 3291//3050
f 3164//2947 3287//3046 3168//2950
f 3168//2950 3288//3047 3194//2959
f 3194//2959 3289//3048 3198//2961
f 3198//2961 3290//3049 3200//2962
f 3164//2947 3166//2949 3285//3044
f 3136//2919 3138//2921 3293//3052
f 3294//3053 3293//3052 3295//3054
f 3294//3053 3136//2919 3293//3052
f 3296//3055 3297//3056 3298//3057
f 3296//3055 3299//3058 3297//3056
f 3296//3055 3300//3059 3299//3058
f 3299//3058 3300//3059 3301//3060
f 3302//3061 3301//3060 3303//3062
f 3304//3063 3303//3062 1102//938
f 1099//935 3304//3063 1102//938
f 1099//935 3305//3064 3304//3063
f 1099//935 3306//3065 3305//3064
f 3305//3064 3306//3065 3307//3066
f 3308//3067 3307//3066 3309//3059
f 3308//3067 3305//3064 3307//3066
f 3308//3067 3304//3063 3305//3064
f 3308//3067 3302//3061 3304//3063
f 3304//3063 3302//3061 3303//3062
f 3300//3059 3310//3068 3301//3060
f 3301//3060 3310//3068 3303//3062
f 3303//3062 3310//3068 3311//3069
f 1102//938 3303//3062 3311//3069
f 3306//3065 3312//3070 3307//3066
f 3307//3066 3312//3070 3313//3058
f 3309//3059 3313//3058 3314//3071
f 3309//3059 3307//3066 3313//3058
f 3312//3070 3315//3072 3313//3058
f 3313//3058 3315//3072 3316//3056
f 3314//3071 3316//3056 3317//3073
f 3314//3071 3313//3058 3316//3056
f 3315//3072 3318//3074 3316//3056
f 3316//3056 3318//3074 3319//3052
f 3317//3073 3319//3052 3320//3075
f 3317//3073 3316//3056 3319//3052
f 3318//3074 3321//3076 3319//3052
f 3319//3052 3321//3076 3322//3077
f 3320//3075 3319//3052 3322//3077
f 3301//3060 3302//3061 3299//3058
f 3299//3058 3302//3061 3323//2802
f 3297//3056 3323//2802 3295//3054
f 3293//3052 3297//3056 3295//3054
f 3293//3052 3298//3057 3297//3056
f 3293//3052 3138//2921 3298//3057
f 3299//3058 3323//2802 3297//3056
f 3324//3078 3325//3079 3321//3076
f 3326//3080 3321//3076 3318//3074
f 3327//3081 3318//3074 3315//3072
f 3328//3082 3315//3072 3312//3070
f 3329//3083 3312//3070 3306//3065
f 3330//3084 3306//3065 1099//935
f 1095//931 3330//3084 1099//935
f 3325//3079 3331//3085 3321//3076
f 3321//3076 3331//3085 3332//3086
f 3333//3087 3321//3076 3332//3086
f 3333//3087 3322//3077 3321//3076
f 3324//3078 3321//3076 3326//3080
f 3326//3080 3318//3074 3327//3081
f 3327//3081 3315//3072 3328//3082
f 3328//3082 3312//3070 3329//3083
f 3329//3083 3306//3065 3330//3084
f 3334//3088 3335//3089 3336//3090
f 3334//3088 3337//3091 3335//3089
f 3334//3088 3326//3080 3337//3091
f 3334//3088 3324//3078 3326//3080
f 3326//3080 3327//3081 3337//3091
f 3337//3091 3327//3081 3338//3092
f 3335//3089 3338//3092 3339//3093
f 3340//3094 3339//3093 3341//3095
f 3342//3096 3341//3095 3343//3097
f 3344//3098 3343//3097 3345//3099
f 3346//3100 3345//3099 3347//3101
f 3348//3102 3347//3101 3349//3103
f 3350//3104 3349//3103 3351//3105
f 3352//3106 3351//3105 3353//3107
f 3290//3049 3353//3107 3291//3050
f 3290//3049 3352//3106 3353//3107
f 3290//3049 3289//3048 3352//3106
f 3352//3106 3289//3048 3354//3108
f 3350//3104 3354//3108 3355//3109
f 3348//3102 3355//3109 3356//3110
f 3346//3100 3356//3110 3357//3111
f 3344//3098 3357//3111 3358//3112
f 3342//3096 3358//3112 3359//3113
f 3340//3094 3359//3113 3360//3114
f 3361//3115 3360//3114 3336//3090
f 3335//3089 3361//3115 3336//3090
f 3335//3089 3340//3094 3361//3115
f 3335//3089 3339//3093 3340//3094
f 3327//3081 3328//3082 3338//3092
f 3338//3092 3328//3082 3362//3116
f 3339//3093 3362//3116 3363//3117
f 3341//3095 3363//3117 3364//3118
f 3343//3097 3364//3118 3365//3119
f 3366//3120 3343//3097 3365//3119
f 3366//3120 3345//3099 3343//3097
f 3366//3120 3367//3121 3345//3099
f 3345//3099 3367//3121 3347//3101
f 3347//3101 3367//3121 3368//3122
f 3349//3103 3368//3122 3369//3123
f 3351//3105 3369//3123 3370//3124
f 3353//3107 3370//3124 3292//3051
f 3291//3050 3353//3107 3292//3051
f 3328//3082 3329//3083 3362//3116
f 3362//3116 3329//3083 3371//3125
f 3363//3117 3371//3125 3372//3126
f 3364//3118 3372//3126 3373//3127
f 3365//3119 3364//3118 3373//3127
f 3329//3083 3330//3084 3371//3125
f 3371//3125 3330//3084 1095//931
f 3374//3128 3371//3125 1095//931
f 3374//3128 3372//3126 3371//3125
f 3374//3128 3373//3127 3372//3126
f 3347//3101 3368//3122 3349//3103
f 3349//3103 3369//3123 3351//3105
f 3351//3105 3370//3124 3353//3107
f 3289//3048 3288//3047 3354//3108
f 3354//3108 3288//3047 3375//3129
f 3355//3109 3375//3129 3376//3130
f 3356//3110 3376//3130 3377//3131
f 3378//3132 3377//3131 3379//3133
f 3378//3132 3356//3110 3377//3131
f 3378//3132 3357//3111 3356//3110
f 3378//3132 3380//3134 3357//3111
f 3357//3111 3380//3134 3358//3112
f 3358//3112 3380//3134 3381//3135
f 3382//3136 3358//3112 3381//3135
f 3382//3136 3359//3113 3358//3112
f 3382//3136 3383//3137 3359//3113
f 3359//3113 3383//3137 3360//3114
f 3288//3047 3287//3046 3375//3129
f 3375//3129 3287//3046 3384//3138
f 3376//3130 3384//3138 3385//3139
f 3377//3131 3385//3139 3379//3133
f 3377//3131 3376//3130 3385//3139
f 3287//3046 3286//3045 3384//3138
f 3375//3129 3384//3138 3376//3130
f 3340//3094 3360//3114 3361//3115
f 3339//3093 3363//3117 3341//3095
f 3337//3091 3338//3092 3335//3089
f 3363//3117 3372//3126 3364//3118
f 3338//3092 3362//3116 3339//3093
f 3362//3116 3371//3125 3363//3117
f 3343//3097 3341//3095 3364//3118
f 3359//3113 3340//3094 3342//3096
f 3342//3096 3340//3094 3341//3095
f 3358//3112 3342//3096 3344//3098
f 3344//3098 3342//3096 3343//3097
f 3357//3111 3344//3098 3346//3100
f 3346//3100 3344//3098 3345//3099
f 3356//3110 3346//3100 3348//3102
f 3348//3102 3346//3100 3347//3101
f 3355//3109 3348//3102 3350//3104
f 3350//3104 3348//3102 3349//3103
f 3376//3130 3356//3110 3355//3109
f 3354//3108 3350//3104 3352//3106
f 3352//3106 3350//3104 3351//3105
f 3375//3129 3355//3109 3354//3108
f 3280//3039 2894//2705 3281//3040
f 3280//3039 2896//2707 2894//2705
f 3280//3039 3279//3038 2896//2707
f 2896//2707 3279//3038 2898//2709
f 2898//2709 3279//3038 2900//2711
f 2900//2711 3279//3038 3278//2846
f 2902//2713 3278//2846 3277//3037
f 2904//2715 3277//3037 3276//3036
f 3147//2930 2904//2715 3276//3036
f 3147//2930 3145//2928 2904//2715
f 2904//2715 3145//2928 2905//2716
f 2900//2711 3278//2846 2902//2713
f 2902//2713 3277//3037 2904//2715
f 2894//2705 2892//2703 3281//3040
f 3281//3040 2892//2703 3386//3140
f 3387//3141 3281//3040 3386//3140
f 3175//2952 3388//3142 3389//3143
f 3269//3029 3389//3143 3390//3144
f 3270//3030 3390//3144 3391//3145
f 3271//3031 3391//3145 3392//3146
f 3272//3032 3392//3146 3393//3147
f 3273//3033 3393//3147 3274//3034
f 3273//3033 3272//3032 3393//3147
f 3394//3148 3390//3144 3395//3149
f 3394//3148 3391//3145 3390//3144
f 3394//3148 3396//3150 3391//3145
f 3391//3145 3396//3150 3392//3146
f 3392//3146 3396//3150 3397//819
f 3393//3147 3397//819 3398//3151
f 3399//3152 3393//3147 3398//3151
f 3399//3152 3400//3153 3393//3147
f 3399//3152 3401//3154 3400//3153
f 3400//3153 3401//3154 3402//3155
f 3275//3035 3402//3155 3216//2976
f 3275//3035 3400//3153 3402//3155
f 3275//3035 3274//3034 3400//3153
f 3400//3153 3274//3034 3393//3147
f 3392//3146 3397//819 3393//3147
f 3401//3154 3403//3156 3402//3155
f 3402//3155 3403//3156 3404//3157
f 3216//2976 3404//3157 3146//2929
f 3216//2976 3402//3155 3404//3157
f 3403//3156 3144//2927 3404//3157
f 3404//3157 3144//2927 3146//2929
f 3272//3032 3271//3031 3392//3146
f 3271//3031 3270//3030 3391//3145
f 3270//3030 3269//3029 3390//3144
f 3269//3029 3175//2952 3389//3143
f 3395//3149 3390//3144 3389//3143
f 3388//3142 3395//3149 3389//3143
f 3292//3051 3405//3158 3197//2960
f 3197//2960 3405//3158 3388//3142
f 3175//2952 3197//2960 3388//3142
f 1095//931 1091//927 3406//3159
f 3374//3128 3406//3159 3407//3160
f 3373//3127 3407//3160 3408//3161
f 3365//3119 3408//3161 3409//3162
f 3366//3120 3409//3162 3410//3163
f 3367//3121 3410//3163 3368//3122
f 3367//3121 3366//3120 3410//3163
f 3411//3164 3407//3160 3412//3165
f 3411//3164 3408//3161 3407//3160
f 3411//3164 3413//3166 3408//3161
f 3408//3161 3413//3166 3409//3162
f 3409//3162 3413//3166 3414//839
f 3410//3163 3414//839 3415//3167
f 3416//3168 3410//3163 3415//3167
f 3416//3168 3417//3169 3410//3163
f 3416//3168 3418//3170 3417//3169
f 3417//3169 3418//3170 3419//3171
f 3369//3123 3419//3171 3370//3124
f 3369//3123 3417//3169 3419//3171
f 3369//3123 3368//3122 3417//3169
f 3417//3169 3368//3122 3410//3163
f 3409//3162 3414//839 3410//3163
f 3418//3170 3420//3172 3419//3171
f 3419//3171 3420//3172 3421//3173
f 3370//3124 3421//3173 3292//3051
f 3370//3124 3419//3171 3421//3173
f 3420//3172 3405//3158 3421//3173
f 3421//3173 3405//3158 3292//3051
f 3366//3120 3365//3119 3409//3162
f 3365//3119 3373//3127 3408//3161
f 3373//3127 3374//3128 3407//3160
f 3374//3128 1095//931 3406//3159
f 3412//3165 3407//3160 3406//3159
f 1091//927 3412//3165 3406//3159
f 3322//3077 3422//3174 3320//3075
f 3320//3075 3422//3174 3423//3175
f 3424//3176 3423//3175 3425//3177
f 3424//3176 3320//3075 3423//3175
f 3261//3021 3259//3019 3186//2958
f 3186//2958 3259//3019 3258//3018
f 3426//3178 3186//2958 3258//3018
f 3426//3178 3427//3179 3186//2958
f 3426//3178 3428//3180 3427//3179
f 3427//3179 3428//3180 3429//3181
f 3430//3182 3431//3183 3427//3179
f 3430//3182 3432//3184 3431//3183
f 3430//3182 3433//3185 3432//3184
f 3430//3182 3434//3186 3433//3185
f 3430//3182 3435//3187 3434//3186
f 3430//3182 3436//3188 3435//3187
f 3435//3187 3436//3188 3437//3189
f 3437//3189 3436//3188 3438//3190
f 3438//3190 3436//3188 3439//3191
f 3440//3192 3439//3191 3441//3193
f 3440//3192 3438//3190 3439//3191
f 3439//3191 3442//3194 3441//3193
f 3441//3193 3442//3194 3443//3195
f 3443//3195 3442//3194 3444//3196
f 3445//3197 3444//3196 3446//3198
f 3447//3199 3446//3198 3448//3200
f 3447//3199 3445//3197 3446//3198
f 3442//3194 3449//3201 3444//3196
f 3444//3196 3449//3201 3450//3202
f 3450//3202 3449//3201 3451//3203
f 3452//3204 3451//3203 3453//3205
f 3454//3206 3453//3205 3455//3207
f 3454//3206 3452//3204 3453//3205
f 3450//3202 3451//3203 3452//3204
f 3443//3195 3444//3196 3445//3197
f 3446//3198 3456//3208 3448//3200
f 3448//3200 3456//3208 3457//3209
f 3457//3209 3456//3208 3458//3210
f 3458//3210 3456//3208 3459//3211
f 3460//3212 3459//3211 3461//3213
f 3460//3212 3458//3210 3459//3211
f 3462//3214 3463//3215 3459//3211
f 3462//3214 3464//3216 3463//3215
f 3462//3214 3465//3217 3464//3216
f 3462//3214 3466//3218 3465//3217
f 3462//3214 3427//3179 3466//3218
f 3462//3214 3166//2949 3427//3179
f 3462//3214 3467//3219 3166//2949
f 3462//3214 3468//3220 3467//3219
f 3462//3214 3469//3221 3468//3220
f 3166//2949 3186//2958 3427//3179
f 3431//3183 3470//3222 3427//3179
f 3427//3179 3470//3222 3471//3223
f 3466//3218 3427//3179 3471//3223
f 3463//3215 3472//3224 3459//3211
f 3459//3211 3472//3224 3461//3213
f 3029//2817 3028//2816 3163//2946
f 3163//2946 3028//2816 3473//3225
f 3474//3226 3473//3225 3475//3227
f 3474//3226 3163//2946 3473//3225
f 3474//3226 3387//3141 3163//2946
f 3474//3226 3476//3228 3387//3141
f 3387//3141 3476//3228 3203//2963
f 3205//2965 3387//3141 3203//2963
f 3205//2965 3281//3040 3387//3141
f 3205//2965 3222//2982 3281//3040
f 3205//2965 3223//2983 3222//2982
f 1106//942 1102//938 2887//2698
f 2890//2701 1106//942 2887//2698
f 1102//938 3311//3069 2887//2698
f 2887//2698 3311//3069 3310//3068
f 2885//2696 3310//3068 3300//3059
f 2883//2694 3300//3059 3296//3055
f 2881//2692 3296//3055 2879//2690
f 2881//2692 2883//2694 3296//3055
f 2887//2698 3310//3068 2885//2696
f 2885//2696 3300//3059 2883//2694
f 3296//3055 3298//3057 2879//2690
f 2879//2690 3298//3057 2877//2688
f 2877//2688 3298//3057 3138//2921
f 2875//2686 3138//2921 3477//3229
f 2875//2686 2877//2688 3138//2921
f 3138//2921 3134//2917 3477//3229
f 3000//2788 2999//2787 2928//2728
f 2928//2728 2999//2787 2998//2786
f 3478//3230 2928//2728 2998//2786
f 3478//3230 3479//3231 2928//2728
f 3478//3230 3480//3232 3479//3231
f 3479//3231 3480//3232 3481//3233
f 3482//3234 3483//3200 3479//3231
f 3482//3234 3484//3209 3483//3200
f 3482//3234 3485//3235 3484//3209
f 3482//3234 3486//3212 3485//3235
f 3482//3234 3487//3236 3486//3212
f 3482//3234 3488//3237 3487//3236
f 3487//3236 3488//3237 3489//3224
f 3489//3224 3488//3237 3490//3215
f 3490//3215 3488//3237 3491//3238
f 3492//3216 3491//3238 3493//3239
f 3492//3216 3490//3215 3491//3238
f 3491//3238 3494//3240 3493//3239
f 3493//3239 3494//3240 3495//3218
f 3495//3218 3494//3240 3496//3241
f 3497//3242 3496//3241 3498//3243
f 3499//3222 3498//3243 3500//3183
f 3499//3222 3497//3242 3498//3243
f 3496//3241 3494//3240 3501//3244
f 3501//3244 3494//3240 3502//3245
f 3503//3246 3502//3245 3504//3247
f 3505//3248 3504//3247 3506//3249
f 3507//3250 3505//3248 3506//3249
f 3501//3244 3502//3245 3503//3246
f 3503//3246 3504//3247 3505//3248
f 3495//3218 3496//3241 3497//3242
f 3498//3243 3508//3251 3500//3183
f 3500//3183 3508//3251 3509//3184
f 3509//3184 3508//3251 3510//3252
f 3510//3252 3508//3251 3511//3253
f 3512//3186 3511//3253 3513//3254
f 3512//3186 3510//3252 3511//3253
f 3514//3255 3515//3190 3511//3253
f 3514//3255 3516//3192 3515//3190
f 3514//3255 3517//3256 3516//3192
f 3514//3255 3518//3195 3517//3256
f 3514//3255 3479//3231 3518//3195
f 3514//3255 2909//2720 3479//3231
f 3514//3255 3519//3257 2909//2720
f 3514//3255 3520//3258 3519//3257
f 3514//3255 3521//3259 3520//3258
f 2909//2720 2928//2728 3479//3231
f 3515//3190 3522//3189 3511//3253
f 3511//3253 3522//3189 3513//3254
f 3483//3200 3523//3199 3479//3231
f 3479//3231 3523//3199 3524//3260
f 3518//3195 3479//3231 3524//3260
f 3135//2918 3136//2919 3525//3261
f 3525//3261 3136//2919 3294//3053
f 3295//3054 3525//3261 3294//3053
f 3295//3054 3323//2802 3525//3261
f 3525//3261 3323//2802 3526//2898
f 3526//2898 3323//2802 3302//3061
f 2906//2717 2905//2716 3148//2931
f 3148//2931 2905//2716 3145//2928
f 2890//2701 2889//2700 1106//942
f 1106//942 2889//2700 1114//950
f 3477//3229 3134//2917 3114//2898
f 3114//2898 3134//2917 3115//2899
f 2876//2687 2875//2686 3114//2898
f 3114//2898 2875//2686 3477//3229
f 3162//2945 3163//2946 3386//3140
f 3386//3140 3163//2946 3387//3141
f 2892//2703 2891//2702 3386//3140
f 3386//3140 2891//2702 3162//2945
f 3527//3262 3528//3256 3529//3263
f 3527//3262 3530//3192 3528//3256
f 3527//3262 3531//3264 3530//3192
f 3530//3192 3531//3264 3532//3190
f 3532//3190 3531//3264 3533//3265
f 3534//3189 3533//3265 3535//3266
f 3536//3254 3535//3266 3537//3267
f 3538//3186 3537//3267 3539//3268
f 3540//3185 3539//3268 3541//3269
f 3542//3184 3541//3269 3543//3270
f 3544//3183 3543//3270 3545//3271
f 3546//3222 3545//3271 3547//3272
f 3548//3223 3547//3272 3549//3273
f 3550//3274 3549//3273 3551//3275
f 3552//3217 3551//3275 3553//3276
f 3554//3277 3553//3276 3555//3278
f 3556//3279 3555//3278 3557//3280
f 3558//3224 3557//3280 3559//3281
f 3560//3213 3559//3281 3561//3282
f 3562//3212 3561//3282 3563//3283
f 3564//3235 3563//3283 3565//3284
f 3566//3285 3565//3284 3567//3286
f 3568//3200 3567//3286 3569//3287
f 3570//3288 3569//3287 3571//3289
f 3572//3260 3571//3289 3573//3290
f 3574//3291 3573//3290 3529//3263
f 3528//3256 3574//3291 3529//3263
f 3532//3190 3533//3265 3534//3189
f 3534//3189 3535//3266 3536//3254
f 3536//3254 3537//3267 3538//3186
f 3538//3186 3539//3268 3540//3185
f 3540//3185 3541//3269 3542//3184
f 3542//3184 3543//3270 3544//3183
f 3544//3183 3545//3271 3546//3222
f 3546//3222 3547//3272 3548//3223
f 3548//3223 3549//3273 3550//3274
f 3550//3274 3551//3275 3552//3217
f 3552//3217 3553//3276 3554//3277
f 3554//3277 3555//3278 3556//3279
f 3556//3279 3557//3280 3558//3224
f 3558//3224 3559//3281 3560//3213
f 3560//3213 3561//3282 3562//3212
f 3562//3212 3563//3283 3564//3235
f 3564//3235 3565//3284 3566//3285
f 3566//3285 3567//3286 3568//3200
f 3568//3200 3569//3287 3570//3288
f 3570//3288 3571//3289 3572//3260
f 3572//3260 3573//3290 3574//3291
f 3573//3290 3553//3276 3529//3263
f 3573//3290 3555//3278 3553//3276
f 3573//3290 3571//3289 3555//3278
f 3555//3278 3571//3289 3557//3280
f 3557//3280 3571//3289 3569//3287
f 3559//3281 3569//3287 3567//3286
f 3561//3282 3567//3286 3565//3284
f 3563//3283 3561//3282 3565//3284
f 3557//3280 3569//3287 3559//3281
f 3559//3281 3567//3286 3561//3282
f 3553//3276 3551//3275 3529//3263
f 3529//3263 3551//3275 3527//3262
f 3527//3262 3551//3275 3549//3273
f 3531//3264 3549//3273 3547//3272
f 3533//3265 3547//3272 3545//3271
f 3535//3266 3545//3271 3543//3270
f 3537//3267 3543//3270 3541//3269
f 3539//3268 3537//3267 3541//3269
f 3527//3262 3549//3273 3531//3264
f 3531//3264 3547//3272 3533//3265
f 3533//3265 3545//3271 3535//3266
f 3535//3266 3543//3270 3537//3267
f 3575//3262 3576//3256 3577//3263
f 3575//3262 3578//3292 3576//3256
f 3575//3262 3579//3264 3578//3292
f 3578//3292 3579//3264 3580//3293
f 3580//3293 3579//3264 3581//3265
f 3582//3189 3581//3265 3583//3266
f 3584//3254 3583//3266 3585//3267
f 3586//3186 3585//3267 3587//3268
f 3588//3185 3587//3268 3589//3269
f 3590//3294 3589//3269 3591//3270
f 3592//3183 3591//3270 3593//3271
f 3594//3295 3593//3271 3595//3272
f 3596//3223 3595//3272 3597//3273
f 3598//3274 3597//3273 3599//3275
f 3600//3217 3599//3275 3601//3276
f 3602//3216 3601//3276 3603//3278
f 3604//3215 3603//3278 3605//3280
f 3606//3224 3605//3280 3607//3281
f 3608//3213 3607//3281 3609//3282
f 3610//3212 3609//3282 3611//3283
f 3612//3235 3611//3283 3613//3284
f 3614//3209 3613//3284 3615//3286
f 3616//3200 3615//3286 3617//3287
f 3618//3199 3617//3287 3619//3289
f 3620//3260 3619//3289 3621//3290
f 3622//3291 3621//3290 3577//3263
f 3576//3256 3622//3291 3577//3263
f 3580//3293 3581//3265 3582//3189
f 3582//3189 3583//3266 3584//3254
f 3584//3254 3585//3267 3586//3186
f 3586//3186 3587//3268 3588//3185
f 3588//3185 3589//3269 3590//3294
f 3590//3294 3591//3270 3592//3183
f 3592//3183 3593//3271 3594//3295
f 3594//3295 3595//3272 3596//3223
f 3596//3223 3597//3273 3598//3274
f 3598//3274 3599//3275 3600//3217
f 3600//3217 3601//3276 3602//3216
f 3602//3216 3603//3278 3604//3215
f 3604//3215 3605//3280 3606//3224
f 3606//3224 3607//3281 3608//3213
f 3608//3213 3609//3282 3610//3212
f 3610//3212 3611//3283 3612//3235
f 3612//3235 3613//3284 3614//3209
f 3614//3209 3615//3286 3616//3200
f 3616//3200 3617//3287 3618//3199
f 3618//3199 3619//3289 3620//3260
f 3620//3260 3621//3290 3622//3291
f 3621//3290 3601//3276 3577//3263
f 3621//3290 3603//3278 3601//3276
f 3621//3290 3619//3289 3603//3278
f 3603//3278 3619//3289 3605//3280
f 3605//3280 3619//3289 3617//3287
f 3607//3281 3617//3287 3615//3286
f 3609//3282 3615//3286 3613//3284
f 3611//3283 3609//3282 3613//3284
f 3605//3280 3617//3287 3607//3281
f 3607//3281 3615//3286 3609//3282
f 3601//3276 3599//3275 3577//3263
f 3577//3263 3599//3275 3575//3262
f 3575//3262 3599//3275 3597//3273
f 3579//3264 3597//3273 3595//3272
f 3581//3265 3595//3272 3593//3271
f 3583//3266 3593//3271 3591//3270
f 3585//3267 3591//3270 3589//3269
f 3587//3268 3585//3267 3589//3269
f 3575//3262 3597//3273 3579//3264
f 3579//3264 3595//3272 3581//3265
f 3581//3265 3593//3271 3583//3266
f 3583//3266 3591//3270 3585//3267
f 3525//3261 3526//2898 3623//3296
f 3623//3296 3526//2898 3624//3229
f 3308//3067 3309//3059 3624//3229
f 3624//3229 3309//3059 3623//3296
f 3623//3296 3309//3059 3314//3071
f 3317//3073 3623//3296 3314//3071
f 3317//3073 3320//3075 3623//3296
f 3623//3296 3320//3075 3424//3176
f 3302//3061 3308//3067 3526//2898
f 3526//2898 3308//3067 3624//3229
f 3625//3297 3626//3140 3627//3298
f 3627//3298 3626//3140 3628//2945
f 3473//3225 3028//2816 3625//3297
f 3625//3297 3028//2816 3031//2819
f 3032//2820 3625//3297 3031//2819
f 3032//2820 3062//2846 3625//3297
f 3625//3297 3062//2846 3626//3140
f 3626//3140 3062//2846 3039//2827
f 3047//2835 3048//2825 3628//2945
f 3628//2945 3048//2825 3627//3298
f 3627//3298 3048//2825 3053//2839
f 3056//2841 3627//3298 3053//2839
f 3056//2841 3059//2843 3627//3298
f 3627//3298 3059//2843 3141//2924
f 3039//2827 3047//2835 3626//3140
f 3626//3140 3047//2835 3628//2945
f 3424//3176 3425//3177 3623//3296
f 3623//3296 3425//3177 3629//3299
f 3525//3261 3630//3300 3135//2918
f 3135//2918 3630//3300 3137//2920
f 3625//3297 3631//3301 3473//3225
f 3473//3225 3631//3301 3475//3227
f 3141//2924 3142//2925 3627//3298
f 3627//3298 3142//2925 3632//3302
f 3633//3303 3634//3304 3635//3305
f 3635//3305 3634//3304 3636//3306
f 3637//3307 3638//3308 3639//3210
f 3639//3210 3638//3308 3640//3309
f 3641//3310 3640//3309 3642//3311
f 3643//3200 3642//3311 3644//3312
f 3645//3199 3644//3312 3646//3313
f 3647//3197 3646//3313 3648//3314
f 3636//3306 3648//3314 3635//3305
f 3636//3306 3647//3197 3648//3314
f 3639//3210 3640//3309 3641//3310
f 3641//3310 3642//3311 3643//3200
f 3643//3200 3644//3312 3645//3199
f 3645//3199 3646//3313 3647//3197
f 3638//3308 3637//3307 3649//3315
f 3649//3315 3637//3307 3650//3316
f 3651//3317 3652//3318 3653//3252
f 3653//3252 3652//3318 3654//3319
f 3655//3320 3654//3319 3656//3321
f 3657//3183 3656//3321 3658//3322
f 3659//3222 3658//3322 3660//3323
f 3661//3242 3660//3323 3662//3324
f 3663//3218 3662//3324 3664//3275
f 3665//3239 3664//3275 3666//3325
f 3667//3216 3666//3325 3668//3326
f 3669//3215 3668//3326 3670//3327
f 3671//3328 3670//3327 3672//3329
f 3673//3213 3672//3329 3674//3330
f 3650//3316 3674//3330 3649//3315
f 3650//3316 3673//3213 3674//3330
f 3653//3252 3654//3319 3655//3320
f 3655//3320 3656//3321 3657//3183
f 3657//3183 3658//3322 3659//3222
f 3659//3222 3660//3323 3661//3242
f 3661//3242 3662//3324 3663//3218
f 3663//3218 3664//3275 3665//3239
f 3665//3239 3666//3325 3667//3216
f 3667//3216 3668//3326 3669//3215
f 3669//3215 3670//3327 3671//3328
f 3671//3328 3672//3329 3673//3213
f 3652//3318 3651//3317 3675//3331
f 3675//3331 3651//3317 3676//3332
f 3677//3333 3678//3334 3679//3335
f 3679//3335 3678//3334 3680//3223
f 3681//3323 3680//3223 3682//3222
f 3683//3322 3682//3222 3684//3336
f 3685//3321 3684//3336 3686//3320
f 3687//3269 3686//3320 3688//3185
f 3676//3332 3688//3185 3675//3331
f 3676//3332 3687//3269 3688//3185
f 3679//3335 3680//3223 3681//3323
f 3681//3323 3682//3222 3683//3322
f 3683//3322 3684//3336 3685//3321
f 3685//3321 3686//3320 3687//3269
f 3678//3334 3677//3333 3689//3337
f 3689//3337 3677//3333 3690//3338
f 3634//3304 3633//3303 3691//3256
f 3691//3256 3633//3303 3692//3262
f 3693//3192 3692//3262 3694//3264
f 3695//3293 3694//3264 3696//3265
f 3697//3189 3696//3265 3698//3266
f 3699//3254 3698//3266 3700//3267
f 3701//3339 3700//3267 3702//3268
f 3703//3185 3702//3268 3704//3269
f 3705//3184 3704//3269 3706//3270
f 3707//3183 3706//3270 3708//3271
f 3709//3222 3708//3271 3710//3272
f 3711//3223 3710//3272 3712//3273
f 3690//3338 3712//3273 3689//3337
f 3690//3338 3711//3223 3712//3273
f 3691//3256 3692//3262 3693//3192
f 3693//3192 3694//3264 3695//3293
f 3695//3293 3696//3265 3697//3189
f 3697//3189 3698//3266 3699//3254
f 3699//3254 3700//3267 3701//3339
f 3701//3339 3702//3268 3703//3185
f 3703//3185 3704//3269 3705//3184
f 3705//3184 3706//3270 3707//3183
f 3707//3183 3708//3271 3709//3222
f 3709//3222 3710//3272 3711//3223
f 3635//3305 3678//3334 3633//3303
f 3635//3305 3680//3223 3678//3334
f 3635//3305 3682//3222 3680//3223
f 3635//3305 3684//3336 3682//3222
f 3635//3305 3686//3320 3684//3336
f 3635//3305 3638//3308 3686//3320
f 3635//3305 3648//3314 3638//3308
f 3638//3308 3648//3314 3646//3313
f 3644//3312 3638//3308 3646//3313
f 3644//3312 3642//3311 3638//3308
f 3638//3308 3642//3311 3640//3309
f 3649//3315 3675//3331 3638//3308
f 3649//3315 3652//3318 3675//3331
f 3649//3315 3664//3275 3652//3318
f 3649//3315 3666//3325 3664//3275
f 3649//3315 3668//3326 3666//3325
f 3649//3315 3670//3327 3668//3326
f 3649//3315 3672//3329 3670//3327
f 3649//3315 3674//3330 3672//3329
f 3664//3275 3662//3324 3652//3318
f 3652//3318 3662//3324 3660//3323
f 3658//3322 3652//3318 3660//3323
f 3658//3322 3656//3321 3652//3318
f 3652//3318 3656//3321 3654//3319
f 3675//3331 3688//3185 3638//3308
f 3638//3308 3688//3185 3686//3320
f 3678//3334 3689//3337 3633//3303
f 3633//3303 3689//3337 3692//3262
f 3692//3262 3689//3337 3712//3273
f 3694//3264 3712//3273 3710//3272
f 3696//3265 3710//3272 3708//3271
f 3698//3266 3708//3271 3706//3270
f 3700//3267 3706//3270 3704//3269
f 3702//3268 3700//3267 3704//3269
f 3692//3262 3712//3273 3694//3264
f 3694//3264 3710//3272 3696//3265
f 3696//3265 3708//3271 3698//3266
f 3698//3266 3706//3270 3700//3267
f 3713//3331 3714//3332 3715//3252
f 3715//3252 3714//3332 3716//3319
f 3717//3320 3716//3319 3718//3321
f 3719//3183 3718//3321 3720//3322
f 3721//3222 3720//3322 3722//3323
f 3723//3242 3722//3323 3724//3324
f 3725//3340 3724//3324 3726//3341
f 3725//3340 3723//3242 3724//3324
f 3715//3252 3716//3319 3717//3320
f 3717//3320 3718//3321 3719//3183
f 3719//3183 3720//3322 3721//3222
f 3721//3222 3722//3323 3723//3242
f 3714//3332 3713//3331 3727//3342
f 3727//3342 3713//3331 3728//3343
f 3729//3344 3730//3345 3731//3210
f 3731//3210 3730//3345 3732//3309
f 3733//3310 3732//3309 3734//3311
f 3735//3200 3734//3311 3736//3312
f 3737//3199 3736//3312 3738//3313
f 3739//3197 3738//3313 3740//3314
f 3741//3195 3740//3314 3742//3263
f 3743//3193 3742//3263 3744//3346
f 3745//3192 3744//3346 3746//3347
f 3747//3190 3746//3347 3748//3348
f 3749//3349 3748//3348 3750//3350
f 3751//3254 3750//3350 3752//3351
f 3728//3343 3752//3351 3727//3342
f 3728//3343 3751//3254 3752//3351
f 3731//3210 3732//3309 3733//3310
f 3733//3310 3734//3311 3735//3200
f 3735//3200 3736//3312 3737//3199
f 3737//3199 3738//3313 3739//3197
f 3739//3197 3740//3314 3741//3195
f 3741//3195 3742//3263 3743//3193
f 3743//3193 3744//3346 3745//3192
f 3745//3192 3746//3347 3747//3190
f 3747//3190 3748//3348 3749//3349
f 3749//3349 3750//3350 3751//3254
f 3730//3345 3729//3344 3753//3307
f 3753//3307 3729//3344 3754//3308
f 3755//3352 3756//3353 3757//3354
f 3757//3354 3756//3353 3758//3260
f 3759//3313 3758//3260 3760//3199
f 3761//3312 3760//3199 3762//3355
f 3763//3311 3762//3355 3764//3310
f 3765//3284 3764//3310 3766//3235
f 3754//3308 3766//3235 3753//3307
f 3754//3308 3765//3284 3766//3235
f 3757//3354 3758//3260 3759//3313
f 3759//3313 3760//3199 3761//3312
f 3761//3312 3762//3355 3763//3311
f 3763//3311 3764//3310 3765//3284
f 3756//3353 3755//3352 3767//3356
f 3767//3356 3755//3352 3768//3357
f 3769//3358 3770//3359 3771//3217
f 3771//3217 3770//3359 3772//3276
f 3773//3216 3772//3276 3774//3278
f 3775//3279 3774//3278 3776//3280
f 3777//3224 3776//3280 3778//3281
f 3779//3213 3778//3281 3780//3282
f 3781//3360 3780//3282 3782//3283
f 3783//3235 3782//3283 3784//3284
f 3785//3209 3784//3284 3786//3286
f 3787//3200 3786//3286 3788//3287
f 3789//3199 3788//3287 3790//3289
f 3791//3260 3790//3289 3792//3290
f 3768//3357 3792//3290 3767//3356
f 3768//3357 3791//3260 3792//3290
f 3771//3217 3772//3276 3773//3216
f 3773//3216 3774//3278 3775//3279
f 3775//3279 3776//3280 3777//3224
f 3777//3224 3778//3281 3779//3213
f 3779//3213 3780//3282 3781//3360
f 3781//3360 3782//3283 3783//3235
f 3783//3235 3784//3284 3785//3209
f 3785//3209 3786//3286 3787//3200
f 3787//3200 3788//3287 3789//3199
f 3789//3199 3790//3289 3791//3260
f 3770//3359 3769//3358 3726//3341
f 3726//3341 3769//3358 3725//3340
f 3724//3324 3714//3332 3726//3341
f 3724//3324 3722//3323 3714//3332
f 3714//3332 3722//3323 3720//3322
f 3718//3321 3714//3332 3720//3322
f 3718//3321 3716//3319 3714//3332
f 3727//3342 3753//3307 3714//3332
f 3727//3342 3730//3345 3753//3307
f 3727//3342 3742//3263 3730//3345
f 3727//3342 3744//3346 3742//3263
f 3727//3342 3746//3347 3744//3346
f 3727//3342 3748//3348 3746//3347
f 3727//3342 3750//3350 3748//3348
f 3727//3342 3752//3351 3750//3350
f 3742//3263 3740//3314 3730//3345
f 3730//3345 3740//3314 3738//3313
f 3736//3312 3730//3345 3738//3313
f 3736//3312 3734//3311 3730//3345
f 3730//3345 3734//3311 3732//3309
f 3753//3307 3766//3235 3714//3332
f 3714//3332 3766//3235 3764//3310
f 3726//3341 3764//3310 3762//3355
f 3760//3199 3726//3341 3762//3355
f 3760//3199 3758//3260 3726//3341
f 3726//3341 3758//3260 3756//3353
f 3770//3359 3756//3353 3767//3356
f 3772//3276 3767//3356 3792//3290
f 3774//3278 3792//3290 3790//3289
f 3776//3280 3790//3289 3788//3287
f 3778//3281 3788//3287 3786//3286
f 3780//3282 3786//3286 3784//3284
f 3782//3283 3780//3282 3784//3284
f 3714//3332 3764//3310 3726//3341
f 3726//3341 3756//3353 3770//3359
f 3770//3359 3767//3356 3772//3276
f 3772//3276 3792//3290 3774//3278
f 3774//3278 3790//3289 3776//3280
f 3776//3280 3788//3287 3778//3281
f 3778//3281 3786//3286 3780//3282
f 3793//3361 3794//3358 3795//3362
f 3795//3362 3794//3358 3796//3363
f 3797//3364 3798//3365 3799//3256
f 3799//3256 3798//3365 3800//3366
f 3801//3192 3800//3366 3802//3264
f 3803//3190 3802//3264 3804//3265
f 3805//3189 3804//3265 3806//3266
f 3807//3254 3806//3266 3808//3267
f 3809//3339 3808//3267 3810//3367
f 3811//3185 3810//3367 3812//3368
f 3813//3184 3812//3368 3814//3270
f 3815//3336 3814//3270 3816//3271
f 3817//3222 3816//3271 3818//3272
f 3819//3223 3818//3272 3820//3335
f 3796//3363 3820//3335 3795//3362
f 3796//3363 3819//3223 3820//3335
f 3799//3256 3800//3366 3801//3192
f 3801//3192 3802//3264 3803//3190
f 3803//3190 3804//3265 3805//3189
f 3805//3189 3806//3266 3807//3254
f 3807//3254 3808//3267 3809//3339
f 3809//3339 3810//3367 3811//3185
f 3811//3185 3812//3368 3813//3184
f 3813//3184 3814//3270 3815//3336
f 3815//3336 3816//3271 3817//3222
f 3817//3222 3818//3272 3819//3223
f 3798//3365 3797//3364 3821//3369
f 3821//3369 3797//3364 3822//3370
f 3794//3358 3793//3361 3823//3239
f 3823//3239 3793//3361 3824//3371
f 3825//3277 3824//3371 3826//3278
f 3827//3279 3826//3278 3828//3372
f 3829//3328 3828//3372 3830//3281
f 3831//3236 3830//3281 3832//3282
f 3833//3212 3832//3282 3834//3373
f 3835//3210 3834//3373 3836//3374
f 3837//3209 3836//3374 3838//3286
f 3839//3200 3838//3286 3840//3375
f 3841//3376 3840//3375 3842//3289
f 3843//3260 3842//3289 3844//3354
f 3822//3370 3844//3354 3821//3369
f 3822//3370 3843//3260 3844//3354
f 3823//3239 3824//3371 3825//3277
f 3825//3277 3826//3278 3827//3279
f 3827//3279 3828//3372 3829//3328
f 3829//3328 3830//3281 3831//3236
f 3831//3236 3832//3282 3833//3212
f 3833//3212 3834//3373 3835//3210
f 3835//3210 3836//3374 3837//3209
f 3837//3209 3838//3286 3839//3200
f 3839//3200 3840//3375 3841//3376
f 3841//3376 3842//3289 3843//3260
f 3824//3371 3793//3361 3826//3278
f 3826//3278 3793//3361 3795//3362
f 3828//3372 3795//3362 3818//3272
f 3816//3271 3828//3372 3818//3272
f 3816//3271 3830//3281 3828//3372
f 3816//3271 3814//3270 3830//3281
f 3830//3281 3814//3270 3832//3282
f 3832//3282 3814//3270 3812//3368
f 3834//3373 3812//3368 3810//3367
f 3808//3267 3834//3373 3810//3367
f 3808//3267 3836//3374 3834//3373
f 3808//3267 3806//3266 3836//3374
f 3836//3374 3806//3266 3838//3286
f 3838//3286 3806//3266 3804//3265
f 3840//3375 3804//3265 3802//3264
f 3798//3365 3802//3264 3800//3366
f 3798//3365 3840//3375 3802//3264
f 3798//3365 3842//3289 3840//3375
f 3798//3365 3821//3369 3842//3289
f 3842//3289 3821//3369 3844//3354
f 3795//3362 3820//3335 3818//3272
f 3832//3282 3812//3368 3834//3373
f 3838//3286 3804//3265 3840//3375
f 3828//3372 3826//3278 3795//3362
f 3845//3377 3846//3361 3847//3217
f 3847//3217 3846//3361 3848//3371
f 3849//3216 3848//3371 3850//3278
f 3851//3215 3850//3278 3852//3372
f 3853//3224 3852//3372 3854//3281
f 3855//3213 3854//3281 3856//3282
f 3857//3360 3856//3282 3858//3373
f 3859//3235 3858//3373 3860//3374
f 3861//3209 3860//3374 3862//3286
f 3863//3355 3862//3286 3864//3375
f 3865//3199 3864//3375 3866//3289
f 3867//3260 3866//3289 3868//3354
f 3869//3378 3868//3354 3870//3369
f 3869//3378 3867//3260 3868//3354
f 3847//3217 3848//3371 3849//3216
f 3849//3216 3850//3278 3851//3215
f 3851//3215 3852//3372 3853//3224
f 3853//3224 3854//3281 3855//3213
f 3855//3213 3856//3282 3857//3360
f 3857//3360 3858//3373 3859//3235
f 3859//3235 3860//3374 3861//3209
f 3861//3209 3862//3286 3863//3355
f 3863//3355 3864//3375 3865//3199
f 3865//3199 3866//3289 3867//3260
f 3846//3361 3845//3377 3871//3362
f 3871//3362 3845//3377 3872//3379
f 3873//3364 3874//3365 3875//3193
f 3875//3193 3874//3365 3876//3366
f 3877//3192 3876//3366 3878//3264
f 3879//3190 3878//3264 3880//3265
f 3881//3189 3880//3265 3882//3266
f 3883//3187 3882//3266 3884//3267
f 3885//3186 3884//3267 3886//3367
f 3887//3252 3886//3367 3888//3368
f 3889//3184 3888//3368 3890//3270
f 3891//3183 3890//3270 3892//3271
f 3893//3222 3892//3271 3894//3272
f 3895//3242 3894//3272 3896//3335
f 3872//3379 3896//3335 3871//3362
f 3872//3379 3895//3242 3896//3335
f 3875//3193 3876//3366 3877//3192
f 3877//3192 3878//3264 3879//3190
f 3879//3190 3880//3265 3881//3189
f 3881//3189 3882//3266 3883//3187
f 3883//3187 3884//3267 3885//3186
f 3885//3186 3886//3367 3887//3252
f 3887//3252 3888//3368 3889//3184
f 3889//3184 3890//3270 3891//3183
f 3891//3183 3892//3271 3893//3222
f 3893//3222 3894//3272 3895//3242
f 3874//3365 3873//3364 3870//3369
f 3870//3369 3873//3364 3869//3378
f 3868//3354 3866//3289 3870//3369
f 3870//3369 3866//3289 3874//3365
f 3874//3365 3866//3289 3864//3375
f 3878//3264 3864//3375 3880//3265
f 3878//3264 3874//3365 3864//3375
f 3878//3264 3876//3366 3874//3365
f 3864//3375 3862//3286 3880//3265
f 3880//3265 3862//3286 3882//3266
f 3882//3266 3862//3286 3860//3374
f 3884//3267 3860//3374 3858//3373
f 3886//3367 3858//3373 3888//3368
f 3886//3367 3884//3267 3858//3373
f 3882//3266 3860//3374 3884//3267
f 3858//3373 3856//3282 3888//3368
f 3888//3368 3856//3282 3890//3270
f 3890//3270 3856//3282 3854//3281
f 3892//3271 3854//3281 3852//3372
f 3894//3272 3852//3372 3871//3362
f 3896//3335 3894//3272 3871//3362
f 3890//3270 3854//3281 3892//3271
f 3852//3372 3850//3278 3871//3362
f 3871//3362 3850//3278 3846//3361
f 3846//3361 3850//3278 3848//3371
f 3894//3272 3892//3271 3852//3372
f 3572//3260 3574//3291 3729//3344
f 3570//3288 3729//3344 3897//3380
f 3898//3381 3897//3380 3899//3382
f 3898//3381 3570//3288 3897//3380
f 3898//3381 3900//3383 3570//3288
f 3570//3288 3900//3383 3568//3200
f 3568//3200 3900//3383 3901//3384
f 3566//3285 3901//3384 3902//3385
f 3768//3357 3902//3385 3903//3386
f 3904//3387 3768//3357 3903//3386
f 3904//3387 3791//3260 3768//3357
f 3904//3387 3789//3199 3791//3260
f 3904//3387 3787//3200 3789//3199
f 3904//3387 3905//3388 3787//3200
f 3787//3200 3905//3388 3785//3209
f 3785//3209 3905//3388 3783//3235
f 3783//3235 3905//3388 3781//3360
f 3574//3291 3528//3256 3729//3344
f 3729//3344 3528//3256 3530//3192
f 3532//3190 3729//3344 3530//3192
f 3532//3190 3754//3308 3729//3344
f 3532//3190 3534//3189 3754//3308
f 3754//3308 3534//3189 3536//3254
f 3538//3186 3754//3308 3536//3254
f 3538//3186 3540//3185 3754//3308
f 3754//3308 3540//3185 3542//3184
f 3544//3183 3754//3308 3542//3184
f 3544//3183 3755//3352 3754//3308
f 3544//3183 3546//3222 3755//3352
f 3755//3352 3546//3222 3548//3223
f 3550//3274 3755//3352 3548//3223
f 3550//3274 3552//3217 3755//3352
f 3755//3352 3552//3217 3554//3277
f 3768//3357 3554//3277 3556//3279
f 3558//3224 3768//3357 3556//3279
f 3558//3224 3560//3213 3768//3357
f 3768//3357 3560//3213 3562//3212
f 3564//3235 3768//3357 3562//3212
f 3564//3235 3566//3285 3768//3357
f 3768//3357 3566//3285 3902//3385
f 3755//3352 3554//3277 3768//3357
f 3566//3285 3568//3200 3901//3384
f 3570//3288 3572//3260 3729//3344
f 3620//3260 3622//3291 3677//3333
f 3618//3199 3677//3333 3616//3200
f 3618//3199 3620//3260 3677//3333
f 3622//3291 3576//3256 3677//3333
f 3677//3333 3576//3256 3578//3292
f 3690//3338 3578//3292 3580//3293
f 3582//3189 3690//3338 3580//3293
f 3582//3189 3584//3254 3690//3338
f 3690//3338 3584//3254 3586//3186
f 3588//3185 3690//3338 3586//3186
f 3588//3185 3590//3294 3690//3338
f 3690//3338 3590//3294 3906//3389
f 3907//3390 3690//3338 3906//3389
f 3907//3390 3908//3391 3690//3338
f 3690//3338 3908//3391 3711//3223
f 3711//3223 3908//3391 3709//3222
f 3709//3222 3908//3391 3707//3183
f 3707//3183 3908//3391 3909//3392
f 3705//3184 3909//3392 3703//3185
f 3705//3184 3707//3183 3909//3392
f 3677//3333 3578//3292 3690//3338
f 3906//3389 3590//3294 3910//3393
f 3910//3393 3590//3294 3592//3183
f 3911//3394 3592//3183 3594//3295
f 3912//3395 3594//3295 3913//3396
f 3914//3397 3913//3396 3899//3382
f 3897//3380 3914//3397 3899//3382
f 3910//3393 3592//3183 3911//3394
f 3913//3396 3594//3295 3651//3317
f 3915//3398 3651//3317 3916//3399
f 3915//3398 3913//3396 3651//3317
f 3594//3295 3596//3223 3651//3317
f 3651//3317 3596//3223 3598//3274
f 3600//3217 3651//3317 3598//3274
f 3600//3217 3602//3216 3651//3317
f 3651//3317 3602//3216 3604//3215
f 3676//3332 3604//3215 3606//3224
f 3608//3213 3676//3332 3606//3224
f 3608//3213 3610//3212 3676//3332
f 3676//3332 3610//3212 3612//3235
f 3614//3209 3676//3332 3612//3235
f 3614//3209 3616//3200 3676//3332
f 3676//3332 3616//3200 3677//3333
f 3687//3269 3677//3333 3685//3321
f 3687//3269 3676//3332 3677//3333
f 3651//3317 3604//3215 3676//3332
f 3917//3400 3895//3242 3918//3401
f 3917//3400 3893//3222 3895//3242
f 3917//3400 3891//3183 3893//3222
f 3917//3400 3919//3402 3891//3183
f 3891//3183 3919//3402 3889//3184
f 3889//3184 3919//3402 3887//3252
f 3887//3252 3919//3402 3920//3403
f 3885//3186 3920//3403 3883//3187
f 3885//3186 3887//3252 3920//3403
f 3920//3403 3921//3404 3883//3187
f 3883//3187 3921//3404 3881//3189
f 3881//3189 3921//3404 3879//3190
f 3879//3190 3921//3404 3922//3405
f 3877//3192 3922//3405 3875//3193
f 3877//3192 3879//3190 3922//3405
f 3922//3405 3923//3406 3875//3193
f 3875//3193 3923//3406 3873//3364
f 3873//3364 3923//3406 3924//3407
f 3925//3408 3873//3364 3924//3407
f 3925//3408 3869//3378 3873//3364
f 3925//3408 3867//3260 3869//3378
f 3925//3408 3865//3199 3867//3260
f 3925//3408 3863//3355 3865//3199
f 3925//3408 3861//3209 3863//3355
f 3925//3408 3859//3235 3861//3209
f 3925//3408 3857//3360 3859//3235
f 3895//3242 3872//3379 3918//3401
f 3918//3401 3872//3379 3926//3409
f 3926//3409 3872//3379 3731//3210
f 3733//3310 3926//3409 3731//3210
f 3733//3310 3927//3410 3926//3409
f 3733//3310 3735//3200 3927//3410
f 3927//3410 3735//3200 3928//3411
f 3928//3411 3735//3200 3737//3199
f 3739//3197 3928//3411 3737//3199
f 3739//3197 3929//3412 3928//3411
f 3739//3197 3741//3195 3929//3412
f 3929//3412 3741//3195 3930//3413
f 3930//3413 3741//3195 3743//3193
f 3931//3414 3743//3193 3745//3192
f 3747//3190 3931//3414 3745//3192
f 3747//3190 3932//3415 3931//3414
f 3747//3190 3749//3349 3932//3415
f 3932//3415 3749//3349 3632//3302
f 3632//3302 3749//3349 3751//3254
f 3728//3343 3632//3302 3751//3254
f 3728//3343 3627//3298 3632//3302
f 3728//3343 3625//3297 3627//3298
f 3728//3343 3713//3331 3625//3297
f 3625//3297 3713//3331 3631//3301
f 3631//3301 3713//3331 3715//3252
f 3933//3416 3715//3252 3717//3320
f 3934//3417 3717//3320 3719//3183
f 3935//3418 3719//3183 3721//3222
f 3723//3242 3935//3418 3721//3222
f 3723//3242 3936//3320 3935//3418
f 3723//3242 3725//3340 3936//3320
f 3936//3320 3725//3340 3937//3185
f 3937//3185 3725//3340 3938//3419
f 3938//3419 3725//3340 3769//3358
f 3939//3420 3769//3358 3771//3217
f 3773//3216 3939//3420 3771//3217
f 3773//3216 3775//3279 3939//3420
f 3939//3420 3775//3279 3777//3224
f 3779//3213 3939//3420 3777//3224
f 3779//3213 3781//3360 3939//3420
f 3845//3377 3940//3421 3872//3379
f 3845//3377 3941//3422 3940//3421
f 3845//3377 3942//3423 3941//3422
f 3845//3377 3847//3217 3942//3423
f 3942//3423 3847//3217 3849//3216
f 3851//3215 3942//3423 3849//3216
f 3851//3215 3943//3424 3942//3423
f 3851//3215 3853//3224 3943//3424
f 3943//3424 3853//3224 3855//3213
f 3857//3360 3943//3424 3855//3213
f 3940//3421 3944//3425 3872//3379
f 3872//3379 3944//3425 3729//3344
f 3731//3210 3872//3379 3729//3344
f 3944//3425 3945//3426 3729//3344
f 3729//3344 3945//3426 3897//3380
f 3914//3397 3912//3395 3913//3396
f 3912//3395 3911//3394 3594//3295
f 3909//3392 3701//3339 3703//3185
f 3679//3335 3681//3323 3677//3333
f 3677//3333 3681//3323 3683//3322
f 3685//3321 3677//3333 3683//3322
f 3916//3399 3651//3317 3822//3370
f 3946//3427 3822//3370 3797//3364
f 3947//3428 3797//3364 3948//3429
f 3947//3428 3946//3427 3797//3364
f 3655//3320 3949//3430 3653//3252
f 3655//3320 3950//3431 3949//3430
f 3655//3320 3657//3183 3950//3431
f 3950//3431 3657//3183 3951//3432
f 3951//3432 3657//3183 3659//3222
f 3661//3242 3951//3432 3659//3222
f 3661//3242 3952//3433 3951//3432
f 3661//3242 3663//3218 3952//3433
f 3952//3433 3663//3218 3953//3434
f 3953//3434 3663//3218 3665//3239
f 3954//3435 3665//3239 3667//3216
f 3669//3215 3954//3435 3667//3216
f 3669//3215 3955//3436 3954//3435
f 3669//3215 3671//3328 3955//3436
f 3955//3436 3671//3328 3629//3299
f 3629//3299 3671//3328 3673//3213
f 3650//3316 3629//3299 3673//3213
f 3650//3316 3623//3296 3629//3299
f 3650//3316 3525//3261 3623//3296
f 3650//3316 3637//3307 3525//3261
f 3525//3261 3637//3307 3630//3300
f 3630//3300 3637//3307 3639//3210
f 3956//3437 3639//3210 3641//3310
f 3957//3376 3641//3310 3643//3200
f 3958//3438 3643//3200 3645//3199
f 3647//3197 3958//3438 3645//3199
f 3647//3197 3959//3310 3958//3438
f 3647//3197 3636//3306 3959//3310
f 3959//3310 3636//3306 3960//3235
f 3960//3235 3636//3306 3961//3439
f 3961//3439 3636//3306 3962//3440
f 3962//3440 3636//3306 3634//3304
f 3691//3256 3962//3440 3634//3304
f 3691//3256 3693//3192 3962//3440
f 3962//3440 3693//3192 3695//3293
f 3697//3189 3962//3440 3695//3293
f 3697//3189 3699//3254 3962//3440
f 3962//3440 3699//3254 3701//3339
f 3953//3434 3665//3239 3954//3435
f 3630//3300 3639//3210 3956//3437
f 3956//3437 3641//3310 3957//3376
f 3957//3376 3643//3200 3958//3438
f 3653//3252 3949//3430 3822//3370
f 3651//3317 3653//3252 3822//3370
f 3963//3441 3841//3376 3964//3442
f 3963//3441 3839//3200 3841//3376
f 3963//3441 3965//3443 3839//3200
f 3839//3200 3965//3443 3837//3209
f 3837//3209 3965//3443 3835//3210
f 3835//3210 3965//3443 3966//3444
f 3833//3212 3966//3444 3831//3236
f 3833//3212 3835//3210 3966//3444
f 3966//3444 3967//3445 3831//3236
f 3831//3236 3967//3445 3829//3328
f 3829//3328 3967//3445 3968//3446
f 3827//3279 3968//3446 3825//3277
f 3827//3279 3829//3328 3968//3446
f 3968//3446 3969//3447 3825//3277
f 3825//3277 3969//3447 3823//3239
f 3823//3239 3969//3447 3970//3448
f 3794//3358 3970//3448 3971//3449
f 3796//3363 3971//3449 3819//3223
f 3796//3363 3794//3358 3971//3449
f 3823//3239 3970//3448 3794//3358
f 3809//3339 3811//3185 3971//3449
f 3971//3449 3811//3185 3813//3184
f 3815//3336 3971//3449 3813//3184
f 3815//3336 3817//3222 3971//3449
f 3971//3449 3817//3222 3819//3223
f 3841//3376 3843//3260 3964//3442
f 3964//3442 3843//3260 3822//3370
f 3949//3430 3964//3442 3822//3370
f 3916//3399 3822//3370 3946//3427
f 3797//3364 3799//3256 3948//3429
f 3948//3429 3799//3256 3801//3192
f 3803//3190 3948//3429 3801//3192
f 3803//3190 3972//3450 3948//3429
f 3803//3190 3805//3189 3972//3450
f 3972//3450 3805//3189 3807//3254
f 3809//3339 3972//3450 3807//3254
f 3757//3354 3759//3313 3755//3352
f 3755//3352 3759//3313 3761//3312
f 3763//3311 3755//3352 3761//3312
f 3763//3311 3765//3284 3755//3352
f 3755//3352 3765//3284 3754//3308
f 3930//3413 3743//3193 3931//3414
f 3631//3301 3715//3252 3933//3416
f 3933//3416 3717//3320 3934//3417
f 3934//3417 3719//3183 3935//3418
f 3938//3419 3769//3358 3939//3420
f 3973//3262 3441//3193 3974//3263
f 3973//3262 3440//3192 3441//3193
f 3973//3262 3975//3264 3440//3192
f 3440//3192 3975//3264 3438//3190
f 3438//3190 3975//3264 3976//3265
f 3437//3189 3976//3265 3977//3266
f 3435//3187 3977//3266 3978//3267
f 3434//3186 3978//3267 3979//3268
f 3433//3185 3979//3268 3980//3269
f 3432//3184 3980//3269 3981//3270
f 3431//3183 3981//3270 3982//3271
f 3470//3222 3982//3271 3983//3272
f 3471//3223 3983//3272 3984//3273
f 3466//3218 3984//3273 3985//3275
f 3465//3217 3985//3275 3986//3276
f 3464//3216 3986//3276 3987//3278
f 3463//3215 3987//3278 3988//3280
f 3472//3224 3988//3280 3989//3281
f 3461//3213 3989//3281 3990//3282
f 3460//3212 3990//3282 3991//3283
f 3458//3210 3991//3283 3992//3284
f 3457//3209 3992//3284 3993//3286
f 3448//3200 3993//3286 3994//3287
f 3447//3199 3994//3287 3995//3289
f 3445//3197 3995//3289 3996//3290
f 3443//3195 3996//3290 3974//3263
f 3441//3193 3443//3195 3974//3263
f 3438//3190 3976//3265 3437//3189
f 3437//3189 3977//3266 3435//3187
f 3435//3187 3978//3267 3434//3186
f 3434//3186 3979//3268 3433//3185
f 3433//3185 3980//3269 3432//3184
f 3432//3184 3981//3270 3431//3183
f 3431//3183 3982//3271 3470//3222
f 3470//3222 3983//3272 3471//3223
f 3471//3223 3984//3273 3466//3218
f 3466//3218 3985//3275 3465//3217
f 3465//3217 3986//3276 3464//3216
f 3464//3216 3987//3278 3463//3215
f 3463//3215 3988//3280 3472//3224
f 3472//3224 3989//3281 3461//3213
f 3461//3213 3990//3282 3460//3212
f 3460//3212 3991//3283 3458//3210
f 3458//3210 3992//3284 3457//3209
f 3457//3209 3993//3286 3448//3200
f 3448//3200 3994//3287 3447//3199
f 3447//3199 3995//3289 3445//3197
f 3445//3197 3996//3290 3443//3195
f 3996//3290 3986//3276 3974//3263
f 3996//3290 3987//3278 3986//3276
f 3996//3290 3995//3289 3987//3278
f 3987//3278 3995//3289 3988//3280
f 3988//3280 3995//3289 3994//3287
f 3989//3281 3994//3287 3993//3286
f 3990//3282 3993//3286 3992//3284
f 3991//3283 3990//3282 3992//3284
f 3988//3280 3994//3287 3989//3281
f 3989//3281 3993//3286 3990//3282
f 3986//3276 3985//3275 3974//3263
f 3974//3263 3985//3275 3973//3262
f 3973//3262 3985//3275 3984//3273
f 3975//3264 3984//3273 3983//3272
f 3976//3265 3983//3272 3982//3271
f 3977//3266 3982//3271 3981//3270
f 3978//3267 3981//3270 3980//3269
f 3979//3268 3978//3267 3980//3269
f 3973//3262 3984//3273 3975//3264
f 3975//3264 3983//3272 3976//3265
f 3976//3265 3982//3271 3977//3266
f 3977//3266 3981//3270 3978//3267
f 3997//3262 3517//3256 3998//3263
f 3997//3262 3516//3192 3517//3256
f 3997//3262 3999//3264 3516//3192
f 3516//3192 3999//3264 3515//3190
f 3515//3190 3999//3264 4000//3265
f 3522//3189 4000//3265 4001//3266
f 3513//3254 4001//3266 4002//3267
f 3512//3186 4002//3267 4003//3268
f 3510//3252 4003//3268 4004//3269
f 3509//3184 4004//3269 4005//3270
f 3500//3183 4005//3270 4006//3271
f 3499//3222 4006//3271 4007//3272
f 3497//3242 4007//3272 4008//3273
f 3495//3218 4008//3273 4009//3275
f 3493//3239 4009//3275 4010//3276
f 3492//3216 4010//3276 4011//3278
f 3490//3215 4011//3278 4012//3280
f 3489//3224 4012//3280 4013//3281
f 3487//3236 4013//3281 4014//3282
f 3486//3212 4014//3282 4015//3283
f 3485//3235 4015//3283 4016//3284
f 3484//3209 4016//3284 4017//3286
f 3483//3200 4017//3286 4018//3287
f 3523//3199 4018//3287 4019//3289
f 3524//3260 4019//3289 4020//3290
f 3518//3195 4020//3290 3998//3263
f 3517//3256 3518//3195 3998//3263
f 3515//3190 4000//3265 3522//3189
f 3522//3189 4001//3266 3513//3254
f 3513//3254 4002//3267 3512//3186
f 3512//3186 4003//3268 3510//3252
f 3510//3252 4004//3269 3509//3184
f 3509//3184 4005//3270 3500//3183
f 3500//3183 4006//3271 3499//3222
f 3499//3222 4007//3272 3497//3242
f 3497//3242 4008//3273 3495//3218
f 3495//3218 4009//3275 3493//3239
f 3493//3239 4010//3276 3492//3216
f 3492//3216 4011//3278 3490//3215
f 3490//3215 4012//3280 3489//3224
f 3489//3224 4013//3281 3487//3236
f 3487//3236 4014//3282 3486//3212
f 3486//3212 4015//3283 3485//3235
f 3485//3235 4016//3284 3484//3209
f 3484//3209 4017//3286 3483//3200
f 3483//3200 4018//3287 3523//3199
f 3523//3199 4019//3289 3524//3260
f 3524//3260 4020//3290 3518//3195
f 4020//3290 4010//3276 3998//3263
f 4020//3290 4011//3278 4010//3276
f 4020//3290 4019//3289 4011//3278
f 4011//3278 4019//3289 4012//3280
f 4012//3280 4019//3289 4018//3287
f 4013//3281 4018//3287 4017//3286
f 4014//3282 4017//3286 4016//3284
f 4015//3283 4014//3282 4016//3284
f 4012//3280 4018//3287 4013//3281
f 4013//3281 4017//3286 4014//3282
f 4010//3276 4009//3275 3998//3263
f 3998//3263 4009//3275 3997//3262
f 3997//3262 4009//3275 4008//3273
f 3999//3264 4008//3273 4007//3272
f 4000//3265 4007//3272 4006//3271
f 4001//3266 4006//3271 4005//3270
f 4002//3267 4005//3270 4004//3269
f 4003//3268 4002//3267 4004//3269
f 3997//3262 4008//3273 3999//3264
f 3999//3264 4007//3272 4000//3265
f 4000//3265 4006//3271 4001//3266
f 4001//3266 4005//3270 4002//3267
f 3925//3408 3924//3407 3514//3255
f 3514//3255 3924//3407 3521//3259
f 3925//3408 3514//3255 3857//3360
f 3857//3360 3514//3255 3511//3253
f 3943//3424 3857//3360 3511//3253
f 3482//3234 3909//3392 3488//3237
f 3488//3237 3909//3392 3908//3391
f 3907//3390 3488//3237 3908//3391
f 3907//3390 3491//3238 3488//3237
f 3907//3390 3906//3389 3491//3238
f 3491//3238 3906//3389 3494//3240
f 3494//3240 3906//3389 3910//3393
f 3502//3245 3910//3393 3911//3394
f 3504//3247 3911//3394 3912//3395
f 3506//3249 3912//3395 3914//3397
f 3507//3250 3914//3397 3897//3380
f 3505//3248 3897//3380 3945//3426
f 3503//3246 3945//3426 3944//3425
f 3501//3244 3944//3425 3940//3421
f 3496//3241 3940//3421 3941//3422
f 3498//3243 3941//3422 3942//3423
f 3508//3251 3942//3423 3943//3424
f 3511//3253 3508//3251 3943//3424
f 3494//3240 3910//3393 3502//3245
f 3502//3245 3911//3394 3504//3247
f 3504//3247 3912//3395 3506//3249
f 3506//3249 3914//3397 3507//3250
f 3507//3250 3897//3380 3505//3248
f 3505//3248 3945//3426 3503//3246
f 3503//3246 3944//3425 3501//3244
f 3501//3244 3940//3421 3496//3241
f 3496//3241 3941//3422 3498//3243
f 3498//3243 3942//3423 3508//3251
f 3909//3392 3482//3234 3701//3339
f 3701//3339 3482//3234 3479//3231
f 3962//3440 3701//3339 3479//3231
f 3961//3439 3962//3440 3481//3233
f 3481//3233 3962//3440 3479//3231
f 3971//3449 3970//3448 3462//3214
f 3462//3214 3970//3448 3469//3221
f 3971//3449 3462//3214 3809//3339
f 3809//3339 3462//3214 3459//3211
f 3972//3450 3809//3339 3459//3211
f 3430//3182 3905//3388 3436//3188
f 3436//3188 3905//3388 3904//3387
f 3903//3386 3436//3188 3904//3387
f 3903//3386 3439//3191 3436//3188
f 3903//3386 3902//3385 3439//3191
f 3439//3191 3902//3385 3442//3194
f 3442//3194 3902//3385 3901//3384
f 3449//3201 3901//3384 3900//3383
f 3451//3203 3900//3383 3898//3381
f 3453//3205 3898//3381 3899//3382
f 3455//3207 3899//3382 3913//3396
f 3454//3206 3913//3396 3915//3398
f 3452//3204 3915//3398 3916//3399
f 3450//3202 3916//3399 3946//3427
f 3444//3196 3946//3427 3947//3428
f 3446//3198 3947//3428 3948//3429
f 3456//3208 3948//3429 3972//3450
f 3459//3211 3456//3208 3972//3450
f 3442//3194 3901//3384 3449//3201
f 3449//3201 3900//3383 3451//3203
f 3451//3203 3898//3381 3453//3205
f 3453//3205 3899//3382 3455//3207
f 3455//3207 3913//3396 3454//3206
f 3454//3206 3915//3398 3452//3204
f 3452//3204 3916//3399 3450//3202
f 3450//3202 3946//3427 3444//3196
f 3444//3196 3947//3428 3446//3198
f 3446//3198 3948//3429 3456//3208
f 3905//3388 3430//3182 3781//3360
f 3781//3360 3430//3182 3427//3179
f 3939//3420 3781//3360 3427//3179
f 3938//3419 3939//3420 3429//3181
f 3429//3181 3939//3420 3427//3179
f 4021//3451 3474//3226 4022//3452
f 4021//3451 3476//3228 3474//3226
f 4021//3451 4023//3453 3476//3228
f 3476//3228 4023//3453 3203//2963
f 3203//2963 4023//3453 4024//3454
f 3204//2964 4024//3454 3224//2984
f 3204//2964 3203//2963 4024//3454
f 4024//3454 4025//3455 3224//2984
f 3224//2984 4025//3455 3225//2985
f 3225//2985 4025//3455 4026//3456
f 3252//3012 4026//3456 3228//2988
f 3252//3012 3225//2985 4026//3456
f 4026//3456 4027//3457 3228//2988
f 3228//2988 4027//3457 3229//2989
f 3229//2989 4027//3457 4028//3458
f 3231//2991 4028//3458 4029//3459
f 3232//2992 4029//3459 4030//3460
f 3234//2994 4030//3460 4031//3461
f 3235//2995 4031//3461 3237//2997
f 3235//2995 3234//2994 4031//3461
f 3229//2989 4028//3458 3231//2991
f 3231//2991 4029//3459 3232//2992
f 3232//2992 4030//3460 3234//2994
f 4031//3461 4032//3462 3237//2997
f 3237//2997 4032//3462 3238//2998
f 3238//2998 4032//3462 4033//3463
f 3253//3013 4033//3463 4034//3464
f 3254//3014 4034//3464 4035//3465
f 3255//3015 4035//3465 3257//3017
f 3255//3015 3254//3014 4035//3465
f 3238//2998 4033//3463 3253//3013
f 3253//3013 4034//3464 3254//3014
f 4035//3465 4036//3466 3257//3017
f 3257//3017 4036//3466 3258//3018
f 3258//3018 4036//3466 4037//3467
f 3426//3178 4037//3467 4038//3468
f 3428//3180 4038//3468 4039//3469
f 3429//3181 4039//3469 4040//3470
f 3937//3185 4040//3470 3936//3320
f 3937//3185 3429//3181 4040//3470
f 3937//3185 3938//3419 3429//3181
f 3258//3018 4037//3467 3426//3178
f 3426//3178 4038//3468 3428//3180
f 3428//3180 4039//3469 3429//3181
f 4040//3470 4041//3270 3936//3320
f 3936//3320 4041//3270 3935//3418
f 3935//3418 4041//3270 4042//3271
f 3934//3417 4042//3271 4043//3272
f 3933//3416 4043//3272 4044//3273
f 3475//3227 4044//3273 4022//3452
f 3474//3226 3475//3227 4022//3452
f 3935//3418 4042//3271 3934//3417
f 3934//3417 4043//3272 3933//3416
f 3933//3416 4044//3273 3475//3227
f 3631//3301 3933//3416 3475//3227
f 4044//3273 4034//3464 4022//3452
f 4044//3273 4035//3465 4034//3464
f 4044//3273 4043//3272 4035//3465
f 4035//3465 4043//3272 4036//3466
f 4036//3466 4043//3272 4042//3271
f 4037//3467 4042//3271 4041//3270
f 4038//3468 4041//3270 4040//3470
f 4039//3469 4038//3468 4040//3470
f 4036//3466 4042//3271 4037//3467
f 4037//3467 4041//3270 4038//3468
f 4034//3464 4033//3463 4022//3452
f 4022//3452 4033//3463 4021//3451
f 4021//3451 4033//3463 4032//3462
f 4023//3453 4032//3462 4031//3461
f 4024//3454 4031//3461 4030//3460
f 4025//3455 4030//3460 4029//3459
f 4026//3456 4029//3459 4028//3458
f 4027//3457 4026//3456 4028//3458
f 4021//3451 4032//3462 4023//3453
f 4023//3453 4031//3461 4024//3454
f 4024//3454 4030//3460 4025//3455
f 4025//3455 4029//3459 4026//3456
f 4045//3471 2969//2757 4046//3472
f 4045//3471 2972//2760 2969//2757
f 4045//3471 4047//3473 2972//2760
f 2972//2760 4047//3473 2973//2761
f 2973//2761 4047//3473 2997//2785
f 2997//2785 4047//3473 4048//3474
f 2998//2786 4048//3474 4049//3475
f 3478//3230 4049//3475 4050//3476
f 3480//3232 4050//3476 4051//3477
f 3481//3233 4051//3477 4052//3478
f 3960//3235 4052//3478 3959//3310
f 3960//3235 3481//3233 4052//3478
f 3960//3235 3961//3439 3481//3233
f 2997//2785 4048//3474 2998//2786
f 2998//2786 4049//3475 3478//3230
f 3478//3230 4050//3476 3480//3232
f 3480//3232 4051//3477 3481//3233
f 4052//3478 4053//3286 3959//3310
f 3959//3310 4053//3286 3958//3438
f 3958//3438 4053//3286 4054//3287
f 3957//3376 4054//3287 4055//3289
f 3956//3437 4055//3289 4056//3290
f 3137//2920 4056//3290 4057//3479
f 3133//2916 4057//3479 4058//3480
f 3132//2915 4058//3480 4059//3481
f 2944//2732 4059//3481 4060//3482
f 2945//2733 4060//3482 2951//2739
f 2945//2733 2944//2732 4060//3482
f 3958//3438 4054//3287 3957//3376
f 3957//3376 4055//3289 3956//3437
f 3956//3437 4056//3290 3137//2920
f 3630//3300 3956//3437 3137//2920
f 3137//2920 4057//3479 3133//2916
f 3133//2916 4058//3480 3132//2915
f 3132//2915 4059//3481 2944//2732
f 4060//3482 4061//3483 2951//2739
f 2951//2739 4061//3483 2954//2742
f 2954//2742 4061//3483 4062//3484
f 2955//2743 4062//3484 2957//2745
f 2955//2743 2954//2742 4062//3484
f 4062//3484 4063//3485 2957//2745
f 2957//2745 4063//3485 2958//2746
f 2958//2746 4063//3485 4064//3486
f 2960//2748 4064//3486 4065//3487
f 2962//2750 4065//3487 4066//3488
f 2963//2751 4066//3488 4067//3489
f 2965//2753 4067//3489 2966//2754
f 2965//2753 2963//2751 4067//3489
f 2958//2746 4064//3486 2960//2748
f 2960//2748 4065//3487 2962//2750
f 2962//2750 4066//3488 2963//2751
f 4067//3489 4068//3490 2966//2754
f 2966//2754 4068//3490 2968//2756
f 2968//2756 4068//3490 4046//3472
f 2969//2757 2968//2756 4046//3472
f 4068//3490 4058//3480 4046//3472
f 4068//3490 4059//3481 4058//3480
f 4068//3490 4067//3489 4059//3481
f 4059//3481 4067//3489 4060//3482
f 4060//3482 4067//3489 4066//3488
f 4061//3483 4066//3488 4065//3487
f 4062//3484 4065//3487 4064//3486
f 4063//3485 4062//3484 4064//3486
f 4060//3482 4066//3488 4061//3483
f 4061//3483 4065//3487 4062//3484
f 4058//3480 4057//3479 4046//3472
f 4046//3472 4057//3479 4045//3471
f 4045//3471 4057//3479 4056//3290
f 4047//3473 4056//3290 4055//3289
f 4048//3474 4055//3289 4054//3287
f 4049//3475 4054//3287 4053//3286
f 4050//3476 4053//3286 4052//3478
f 4051//3477 4050//3476 4052//3478
f 4045//3471 4056//3290 4047//3473
f 4047//3473 4055//3289 4048//3474
f 4048//3474 4054//3287 4049//3475
f 4049//3475 4053//3286 4050//3476
f 3112//2896 4069//3491 3101//2885
f 3101//2885 4069//3491 4070//3492
f 3100//2884 4070//3492 4071//3493
f 3102//2886 4071//3493 4072//3494
f 3084//2868 4072//3494 3083//2867
f 3084//2868 3102//2886 4072//3494
f 3101//2885 4070//3492 3100//2884
f 3100//2884 4071//3493 3102//2886
f 4072//3494 4073//3495 3083//2867
f 3083//2867 4073//3495 3081//2865
f 3081//2865 4073//3495 4074//3496
f 3113//2897 4074//3496 4075//3497
f 3075//2859 3113//2897 4075//3497
f 3081//2865 4074//3496 3113//2897
f 4074//3496 4070//3492 4075//3497
f 4074//3496 4073//3495 4070//3492
f 4070//3492 4073//3495 4072//3494
f 4071//3493 4070//3492 4072//3494
f 4070//3492 4069//3491 4075//3497
f 4075//3497 4069//3491 4076//3498
f 4077//3499 4075//3497 4076//3498
f 4077//3499 4078//3500 4075//3497
f 4077//3499 4079//3254 4078//3500
f 4078//3500 4079//3254 4080//3501
f 4081//3502 4080//3501 4082//3252
f 4083//3503 4082//3252 4084//3320
f 4085//3504 4084//3320 4086//3183
f 4087//3505 4086//3183 4088//3417
f 4089//3506 4088//3417 4090//3507
f 4091//3508 4090//3507 4092//3509
f 4091//3508 4089//3506 4090//3507
f 4093//3510 4094//3292 4069//3491
f 4093//3510 4095//3256 4094//3292
f 4093//3510 4096//3195 4095//3256
f 4093//3510 4097//3511 4096//3195
f 4096//3195 4097//3511 4098//3197
f 4098//3197 4097//3511 4099//3512
f 4100//3376 4099//3512 4101//3513
f 4102//3200 4101//3513 4103//3514
f 4104//3310 4103//3514 4105//3515
f 4106//3516 4105//3515 4107//3517
f 4108//3518 4106//3516 4107//3517
f 4108//3518 4109//3519 4106//3516
f 4108//3518 4110//3520 4109//3519
f 4109//3519 4110//3520 4111//3236
f 4111//3236 4110//3520 4112//3521
f 4113//3522 4112//3521 4114//3523
f 4115//3524 4114//3523 4116//3525
f 4117//3526 4116//3525 4118//3527
f 4119//3528 4117//3526 4118//3527
f 4119//3528 4120//3277 4117//3526
f 4119//3528 4121//3529 4120//3277
f 4120//3277 4121//3529 4122//3239
f 4122//3239 4121//3529 4123//3530
f 4124//3218 4123//3530 4092//3509
f 4090//3507 4124//3218 4092//3509
f 4098//3197 4099//3512 4100//3376
f 4100//3376 4101//3513 4102//3200
f 4102//3200 4103//3514 4104//3310
f 4104//3310 4105//3515 4106//3516
f 4111//3236 4112//3521 4113//3522
f 4113//3522 4114//3523 4115//3524
f 4115//3524 4116//3525 4117//3526
f 4122//3239 4123//3530 4124//3218
f 4089//3506 4087//3505 4088//3417
f 4087//3505 4085//3504 4086//3183
f 4085//3504 4083//3503 4084//3320
f 4083//3503 4081//3502 4082//3252
f 4081//3502 4078//3500 4080//3501
f 4094//3292 4125//3531 4069//3491
f 4069//3491 4125//3531 4076//3498
f 3112//2896 3111//2895 4069//3491
f 4069//3491 3111//2895 3022//2810
f 4093//3510 3022//2810 3019//2807
f 4093//3510 4069//3491 3022//2810
f 4126//3350 4127//3532 4128//3533
f 4126//3350 4129//3534 4127//3532
f 4126//3350 4130//3267 4129//3534
f 4129//3534 4130//3267 4131//3535
f 4132//3535 4131//3535 4133//3536
f 4134//3536 4133//3536 4135//3537
f 4136//3320 4135//3537 4137//3183
f 4136//3320 4134//3536 4135//3537
f 4136//3320 4138//3538 4134//3536
f 4134//3536 4138//3538 4139//3535
f 4132//3535 4139//3535 4140//3534
f 4129//3534 4140//3534 4127//3532
f 4129//3534 4132//3535 4140//3534
f 4129//3534 4131//3535 4132//3535
f 4130//3267 4141//3268 4131//3535
f 4131//3535 4141//3268 4142//3536
f 4133//3536 4142//3536 4143//3537
f 4135//3537 4143//3537 4144//3539
f 4137//3183 4144//3539 4145//3417
f 4137//3183 4135//3537 4144//3539
f 4141//3268 4146//3269 4142//3536
f 4142//3536 4146//3269 4147//3537
f 4143//3537 4147//3537 4148//3539
f 4144//3539 4148//3539 4149//3540
f 4145//3417 4149//3540 4150//3242
f 4145//3417 4144//3539 4149//3540
f 4146//3269 4151//3541 4147//3537
f 4147//3537 4151//3541 4152//3539
f 4148//3539 4152//3539 4153//3540
f 4149//3540 4153//3540 4154//3542
f 4150//3242 4154//3542 4155//3218
f 4150//3242 4149//3540 4154//3542
f 4151//3541 4156//3322 4152//3539
f 4152//3539 4156//3322 4157//3540
f 4153//3540 4157//3540 4158//3542
f 4154//3542 4158//3542 4159//1027
f 4155//3218 4159//1027 4160//3217
f 4155//3218 4154//3542 4159//1027
f 4156//3322 4161//3323 4157//3540
f 4157//3540 4161//3323 4162//3542
f 4158//3542 4162//3542 4163//1027
f 4159//1027 4163//1027 4164//3543
f 4160//3217 4164//3543 4165//3277
f 4160//3217 4159//1027 4164//3543
f 4161//3323 4166//3324 4162//3542
f 4162//3542 4166//3324 4167//1027
f 4163//1027 4167//1027 4168//3543
f 4164//3543 4168//3543 4169//3544
f 4165//3277 4169//3544 4170//3545
f 4165//3277 4164//3543 4169//3544
f 4166//3324 4171//3546 4167//1027
f 4167//1027 4171//3546 4172//3543
f 4168//3543 4172//3543 4173//3547
f 4169//3544 4173//3547 4170//3545
f 4169//3544 4168//3543 4173//3547
f 4171//3546 4174//3325 4172//3543
f 4172//3543 4174//3325 4175//3544
f 4173//3547 4175//3544 4176//3548
f 4170//3545 4173//3547 4176//3548
f 4174//3325 4177//3549 4175//3544
f 4175//3544 4177//3549 4176//3548
f 4138//3538 4178//3501 4139//3535
f 4139//3535 4178//3501 4179//3534
f 4140//3534 4179//3534 4180//3550
f 4127//3532 4180//3550 4128//3533
f 4127//3532 4140//3534 4180//3550
f 4178//3501 4181//3187 4179//3534
f 4179//3534 4181//3187 4182//3532
f 4180//3550 4182//3532 4183//3551
f 4128//3533 4180//3550 4183//3551
f 4181//3187 4184//3499 4182//3532
f 4182//3532 4184//3499 4183//3551
f 4179//3534 4182//3532 4180//3550
f 4139//3535 4179//3534 4140//3534
f 4133//3536 4131//3535 4142//3536
f 4134//3536 4139//3535 4132//3535
f 4133//3536 4134//3536 4132//3535
f 4143//3537 4142//3536 4147//3537
f 4135//3537 4133//3536 4143//3537
f 4148//3539 4147//3537 4152//3539
f 4144//3539 4143//3537 4148//3539
f 4153//3540 4152//3539 4157//3540
f 4149//3540 4148//3539 4153//3540
f 4158//3542 4157//3540 4162//3542
f 4154//3542 4153//3540 4158//3542
f 4163//1027 4162//3542 4167//1027
f 4159//1027 4158//3542 4163//1027
f 4168//3543 4167//1027 4172//3543
f 4164//3543 4163//1027 4168//3543
f 4173//3547 4172//3543 4175//3544
f 4128//3533 4183//3551 4185//3552
f 4185//3552 4183//3551 4186//3553
f 4187//3281 4188//3554 4189//3555
f 4187//3281 4190//3556 4188//3554
f 4187//3281 4191//3282 4190//3556
f 4190//3556 4191//3282 4192//3557
f 4193//3557 4192//3557 4194//3558
f 4195//3558 4194//3558 4196//3559
f 4197//3310 4196//3559 4198//3200
f 4197//3310 4195//3558 4196//3559
f 4197//3310 4199//3210 4195//3558
f 4195//3558 4199//3210 4200//3557
f 4193//3557 4200//3557 4201//3556
f 4190//3556 4201//3556 4188//3554
f 4190//3556 4193//3557 4201//3556
f 4190//3556 4192//3557 4193//3557
f 4191//3282 4202//3283 4192//3557
f 4192//3557 4202//3283 4203//3558
f 4194//3558 4203//3558 4204//3559
f 4196//3559 4204//3559 4205//3560
f 4198//3200 4205//3560 4206//3376
f 4198//3200 4196//3559 4205//3560
f 4202//3283 4207//3284 4203//3558
f 4203//3558 4207//3284 4208//3559
f 4204//3559 4208//3559 4209//3560
f 4205//3560 4209//3560 4210//3561
f 4206//3376 4210//3561 4211//3562
f 4206//3376 4205//3560 4210//3561
f 4207//3284 4212//3286 4208//3559
f 4208//3559 4212//3286 4213//3560
f 4209//3560 4213//3560 4214//3561
f 4210//3561 4214//3561 4215//3563
f 4211//3562 4215//3563 4216//3195
f 4211//3562 4210//3561 4215//3563
f 4212//3286 4217//3287 4213//3560
f 4213//3560 4217//3287 4218//3561
f 4214//3561 4218//3561 4219//3563
f 4215//3563 4219//3563 4220//1111
f 4216//3195 4220//1111 4221//3193
f 4216//3195 4215//3563 4220//1111
f 4217//3287 4222//3313 4218//3561
f 4218//3561 4222//3313 4223//3563
f 4219//3563 4223//3563 4224//1111
f 4220//1111 4224//1111 4225//3564
f 4221//3193 4225//3564 4226//3292
f 4221//3193 4220//1111 4225//3564
f 4222//3313 4227//3314 4223//3563
f 4223//3563 4227//3314 4228//1111
f 4224//1111 4228//1111 4229//3564
f 4225//3564 4229//3564 4230//3565
f 4226//3292 4230//3565 4186//3553
f 4226//3292 4225//3564 4230//3565
f 4227//3314 4231//3566 4228//1111
f 4228//1111 4231//3566 4232//3564
f 4229//3564 4232//3564 4233//3567
f 4230//3565 4233//3567 4186//3553
f 4230//3565 4229//3564 4233//3567
f 4231//3566 4234//3346 4232//3564
f 4232//3564 4234//3346 4235//3565
f 4233//3567 4235//3565 4185//3552
f 4186//3553 4233//3567 4185//3552
f 4234//3346 4236//3568 4235//3565
f 4235//3565 4236//3568 4185//3552
f 4199//3210 4237//3519 4200//3557
f 4200//3557 4237//3519 4238//3556
f 4201//3556 4238//3556 4239//3569
f 4188//3554 4239//3569 4189//3555
f 4188//3554 4201//3556 4239//3569
f 4237//3519 4240//3213 4238//3556
f 4238//3556 4240//3213 4241//3554
f 4239//3569 4241//3554 4242//3570
f 4189//3555 4239//3569 4242//3570
f 4240//3213 4243//3522 4241//3554
f 4241//3554 4243//3522 4242//3570
f 4238//3556 4241//3554 4239//3569
f 4200//3557 4238//3556 4201//3556
f 4194//3558 4192//3557 4203//3558
f 4195//3558 4200//3557 4193//3557
f 4194//3558 4195//3558 4193//3557
f 4204//3559 4203//3558 4208//3559
f 4196//3559 4194//3558 4204//3559
f 4209//3560 4208//3559 4213//3560
f 4205//3560 4204//3559 4209//3560
f 4214//3561 4213//3560 4218//3561
f 4210//3561 4209//3560 4214//3561
f 4219//3563 4218//3561 4223//3563
f 4215//3563 4214//3561 4219//3563
f 4224//1111 4223//3563 4228//1111
f 4220//1111 4219//3563 4224//1111
f 4229//3564 4228//1111 4232//3564
f 4225//3564 4224//1111 4229//3564
f 4233//3567 4232//3564 4235//3565
f 4189//3555 4242//3570 4176//3548
f 4176//3548 4242//3570 4170//3545
f 4189//3555 4176//3548 4128//3533
f 4185//3552 4189//3555 4128//3533
f 4185//3552 4236//3568 4189//3555
f 4189//3555 4236//3568 4234//3346
f 4231//3566 4189//3555 4234//3346
f 4231//3566 4227//3314 4189//3555
f 4189//3555 4227//3314 4222//3313
f 4217//3287 4189//3555 4222//3313
f 4217//3287 4187//3281 4189//3555
f 4217//3287 4212//3286 4187//3281
f 4187//3281 4212//3286 4191//3282
f 4191//3282 4212//3286 4207//3284
f 4202//3283 4191//3282 4207//3284
f 4176//3548 4177//3549 4128//3533
f 4128//3533 4177//3549 4174//3325
f 4171//3546 4128//3533 4174//3325
f 4171//3546 4166//3324 4128//3533
f 4128//3533 4166//3324 4161//3323
f 4156//3322 4128//3533 4161//3323
f 4156//3322 4151//3541 4128//3533
f 4128//3533 4151//3541 4126//3350
f 4126//3350 4151//3541 4130//3267
f 4130//3267 4151//3541 4146//3269
f 4141//3268 4130//3267 4146//3269
f 4244//3281 4245//3554 4246//3571
f 4244//3281 4247//3556 4245//3554
f 4244//3281 4248//3282 4247//3556
f 4247//3556 4248//3282 4249//3557
f 4250//3557 4249//3557 4251//3558
f 4252//3558 4251//3558 4253//3559
f 4104//3310 4253//3559 4102//3200
f 4104//3310 4252//3558 4253//3559
f 4104//3310 4106//3516 4252//3558
f 4252//3558 4106//3516 4254//3557
f 4250//3557 4254//3557 4255//3556
f 4247//3556 4255//3556 4245//3554
f 4247//3556 4250//3557 4255//3556
f 4247//3556 4249//3557 4250//3557
f 4248//3282 4256//3283 4249//3557
f 4249//3557 4256//3283 4257//3558
f 4251//3558 4257//3558 4258//3559
f 4253//3559 4258//3559 4259//3560
f 4102//3200 4259//3560 4100//3376
f 4102//3200 4253//3559 4259//3560
f 4256//3283 4260//3284 4257//3558
f 4257//3558 4260//3284 4261//3559
f 4258//3559 4261//3559 4262//3560
f 4259//3560 4262//3560 4263//3561
f 4100//3376 4263//3561 4098//3197
f 4100//3376 4259//3560 4263//3561
f 4260//3284 4264//3286 4261//3559
f 4261//3559 4264//3286 4265//3560
f 4262//3560 4265//3560 4266//3561
f 4263//3561 4266//3561 4267//3563
f 4098//3197 4267//3563 4096//3195
f 4098//3197 4263//3561 4267//3563
f 4264//3286 4268//3287 4265//3560
f 4265//3560 4268//3287 4269//3561
f 4266//3561 4269//3561 4270//3563
f 4267//3563 4270//3563 4271//1111
f 4096//3195 4271//1111 4095//3256
f 4096//3195 4267//3563 4271//1111
f 4268//3287 4272//3313 4269//3561
f 4269//3561 4272//3313 4273//3563
f 4270//3563 4273//3563 4274//1111
f 4271//1111 4274//1111 4275//3564
f 4095//3256 4275//3564 4094//3292
f 4095//3256 4271//1111 4275//3564
f 4272//3313 4276//3314 4273//3563
f 4273//3563 4276//3314 4277//1111
f 4274//1111 4277//1111 4278//3564
f 4275//3564 4278//3564 4279//3565
f 4094//3292 4279//3565 4125//3531
f 4094//3292 4275//3564 4279//3565
f 4276//3314 4280//3566 4277//1111
f 4277//1111 4280//3566 4281//3564
f 4278//3564 4281//3564 4282//3567
f 4279//3565 4282//3567 4125//3531
f 4279//3565 4278//3564 4282//3567
f 4280//3566 4283//3346 4281//3564
f 4281//3564 4283//3346 4284//3565
f 4282//3567 4284//3565 4285//3572
f 4125//3531 4282//3567 4285//3572
f 4283//3346 4286//3568 4284//3565
f 4284//3565 4286//3568 4285//3572
f 4106//3516 4109//3519 4254//3557
f 4254//3557 4109//3519 4287//3556
f 4255//3556 4287//3556 4288//3569
f 4245//3554 4288//3569 4246//3571
f 4245//3554 4255//3556 4288//3569
f 4109//3519 4111//3236 4287//3556
f 4287//3556 4111//3236 4289//3554
f 4288//3569 4289//3554 4115//3524
f 4246//3571 4288//3569 4115//3524
f 4111//3236 4113//3522 4289//3554
f 4289//3554 4113//3522 4115//3524
f 4287//3556 4289//3554 4288//3569
f 4254//3557 4287//3556 4255//3556
f 4251//3558 4249//3557 4257//3558
f 4252//3558 4254//3557 4250//3557
f 4251//3558 4252//3558 4250//3557
f 4258//3559 4257//3558 4261//3559
f 4253//3559 4251//3558 4258//3559
f 4262//3560 4261//3559 4265//3560
f 4259//3560 4258//3559 4262//3560
f 4266//3561 4265//3560 4269//3561
f 4263//3561 4262//3560 4266//3561
f 4270//3563 4269//3561 4273//3563
f 4267//3563 4266//3561 4270//3563
f 4274//1111 4273//3563 4277//1111
f 4271//1111 4270//3563 4274//1111
f 4278//3564 4277//1111 4281//3564
f 4275//3564 4274//1111 4278//3564
f 4282//3567 4281//3564 4284//3565
f 4246//3571 4115//3524 4290//3573
f 4290//3573 4115//3524 4117//3526
f 4291//3350 4292//3532 4293//3574
f 4291//3350 4294//3534 4292//3532
f 4291//3350 4295//3267 4294//3534
f 4294//3534 4295//3267 4296//3535
f 4297//3535 4296//3535 4298//3536
f 4299//3536 4298//3536 4300//3537
f 4084//3320 4300//3537 4086//3183
f 4084//3320 4299//3536 4300//3537
f 4084//3320 4082//3252 4299//3536
f 4299//3536 4082//3252 4301//3535
f 4297//3535 4301//3535 4302//3534
f 4294//3534 4302//3534 4292//3532
f 4294//3534 4297//3535 4302//3534
f 4294//3534 4296//3535 4297//3535
f 4295//3267 4303//3268 4296//3535
f 4296//3535 4303//3268 4304//3536
f 4298//3536 4304//3536 4305//3537
f 4300//3537 4305//3537 4306//3539
f 4086//3183 4306//3539 4088//3417
f 4086//3183 4300//3537 4306//3539
f 4303//3268 4307//3269 4304//3536
f 4304//3536 4307//3269 4308//3537
f 4305//3537 4308//3537 4309//3539
f 4306//3539 4309//3539 4310//3540
f 4088//3417 4310//3540 4090//3507
f 4088//3417 4306//3539 4310//3540
f 4307//3269 4311//3541 4308//3537
f 4308//3537 4311//3541 4312//3539
f 4309//3539 4312//3539 4313//3540
f 4310//3540 4313//3540 4314//3542
f 4090//3507 4314//3542 4124//3218
f 4090//3507 4310//3540 4314//3542
f 4311//3541 4315//3322 4312//3539
f 4312//3539 4315//3322 4316//3540
f 4313//3540 4316//3540 4317//3542
f 4314//3542 4317//3542 4318//1027
f 4124//3218 4318//1027 4122//3239
f 4124//3218 4314//3542 4318//1027
f 4315//3322 4319//3323 4316//3540
f 4316//3540 4319//3323 4320//3542
f 4317//3542 4320//3542 4321//1027
f 4318//1027 4321//1027 4322//3543
f 4122//3239 4322//3543 4120//3277
f 4122//3239 4318//1027 4322//3543
f 4319//3323 4323//3324 4320//3542
f 4320//3542 4323//3324 4324//1027
f 4321//1027 4324//1027 4325//3543
f 4322//3543 4325//3543 4326//3544
f 4120//3277 4326//3544 4117//3526
f 4120//3277 4322//3543 4326//3544
f 4323//3324 4327//3546 4324//1027
f 4324//1027 4327//3546 4328//3543
f 4325//3543 4328//3543 4329//3547
f 4326//3544 4329//3547 4117//3526
f 4326//3544 4325//3543 4329//3547
f 4327//3546 4330//3325 4328//3543
f 4328//3543 4330//3325 4331//3544
f 4329//3547 4331//3544 4290//3573
f 4117//3526 4329//3547 4290//3573
f 4330//3325 4332//3549 4331//3544
f 4331//3544 4332//3549 4290//3573
f 4082//3252 4080//3501 4301//3535
f 4301//3535 4080//3501 4333//3534
f 4302//3534 4333//3534 4334//3550
f 4292//3532 4334//3550 4293//3574
f 4292//3532 4302//3534 4334//3550
f 4080//3501 4079//3254 4333//3534
f 4333//3534 4079//3254 4335//3532
f 4334//3550 4335//3532 4076//3498
f 4293//3574 4334//3550 4076//3498
f 4079//3254 4077//3499 4335//3532
f 4335//3532 4077//3499 4076//3498
f 4333//3534 4335//3532 4334//3550
f 4301//3535 4333//3534 4302//3534
f 4298//3536 4296//3535 4304//3536
f 4299//3536 4301//3535 4297//3535
f 4298//3536 4299//3536 4297//3535
f 4305//3537 4304//3536 4308//3537
f 4300//3537 4298//3536 4305//3537
f 4309//3539 4308//3537 4312//3539
f 4306//3539 4305//3537 4309//3539
f 4313//3540 4312//3539 4316//3540
f 4310//3540 4309//3539 4313//3540
f 4317//3542 4316//3540 4320//3542
f 4314//3542 4313//3540 4317//3542
f 4321//1027 4320//3542 4324//1027
f 4318//1027 4317//3542 4321//1027
f 4325//3543 4324//1027 4328//3543
f 4322//3543 4321//1027 4325//3543
f 4329//3547 4328//3543 4331//3544
f 4293//3574 4076//3498 4285//3572
f 4285//3572 4076//3498 4125//3531
f 4286//3568 4246//3571 4285//3572
f 4286//3568 4283//3346 4246//3571
f 4246//3571 4283//3346 4280//3566
f 4276//3314 4246//3571 4280//3566
f 4276//3314 4272//3313 4246//3571
f 4246//3571 4272//3313 4268//3287
f 4244//3281 4268//3287 4264//3286
f 4248//3282 4264//3286 4260//3284
f 4256//3283 4248//3282 4260//3284
f 4246//3571 4268//3287 4244//3281
f 4244//3281 4264//3286 4248//3282
f 4246//3571 4290//3573 4285//3572
f 4285//3572 4290//3573 4293//3574
f 4293//3574 4290//3573 4332//3549
f 4330//3325 4293//3574 4332//3549
f 4330//3325 4327//3546 4293//3574
f 4293//3574 4327//3546 4323//3324
f 4319//3323 4293//3574 4323//3324
f 4319//3323 4315//3322 4293//3574
f 4293//3574 4315//3322 4311//3541
f 4291//3350 4311//3541 4295//3267
f 4291//3350 4293//3574 4311//3541
f 4311//3541 4307//3269 4295//3267
f 4295//3267 4307//3269 4303//3268
f 3385//3139 4336//3575 3379//3133
f 3379//3133 4336//3575 4337//3576
f 3378//3132 4337//3576 4338//3577
f 3380//3134 4338//3577 4339//3578
f 3381//3135 4339//3578 3382//3136
f 3381//3135 3380//3134 4339//3578
f 3379//3133 4337//3576 3378//3132
f 3378//3132 4338//3577 3380//3134
f 4339//3578 4340//3579 3382//3136
f 3382//3136 4340//3579 3383//3137
f 3383//3137 4340//3579 4341//3580
f 3360//3114 4341//3580 4342//3581
f 3336//3090 3360//3114 4342//3581
f 3383//3137 4341//3580 3360//3114
f 4184//3499 4343//3582 4183//3551
f 4184//3499 4344//3583 4343//3582
f 4184//3499 4181//3187 4344//3583
f 4344//3583 4181//3187 4345//3584
f 4345//3584 4181//3187 4178//3501
f 4346//3585 4178//3501 4138//3538
f 4347//3586 4138//3538 4348//3587
f 4347//3586 4346//3585 4138//3538
f 4345//3584 4178//3501 4346//3585
f 4138//3538 4136//3320 4348//3587
f 4348//3587 4136//3320 4349//3588
f 4349//3588 4136//3320 4137//3183
f 4350//3589 4137//3183 4145//3417
f 4351//3590 4145//3417 4150//3242
f 4352//3591 4150//3242 4155//3218
f 4353//3592 4155//3218 4160//3217
f 4165//3277 4353//3592 4160//3217
f 4165//3277 4336//3575 4353//3592
f 4165//3277 4170//3545 4336//3575
f 4336//3575 4170//3545 4342//3581
f 4337//3576 4342//3581 4338//3577
f 4337//3576 4336//3575 4342//3581
f 4349//3588 4137//3183 4350//3589
f 4350//3589 4145//3417 4351//3590
f 4351//3590 4150//3242 4352//3591
f 4352//3591 4155//3218 4353//3592
f 4170//3545 4242//3570 4342//3581
f 4342//3581 4242//3570 4243//3522
f 4354//3593 4243//3522 4240//3213
f 4237//3519 4354//3593 4240//3213
f 4237//3519 4355//3594 4354//3593
f 4237//3519 4199//3210 4355//3594
f 4355//3594 4199//3210 4356//3595
f 4356//3595 4199//3210 4197//3310
f 4357//3596 4197//3310 4198//3200
f 4358//3597 4198//3200 4206//3376
f 4359//3598 4206//3376 4211//3562
f 4360//3599 4211//3562 4361//3600
f 4360//3599 4359//3598 4211//3562
f 4342//3581 4243//3522 4354//3593
f 4356//3595 4197//3310 4357//3596
f 4357//3596 4198//3200 4358//3597
f 4358//3597 4206//3376 4359//3598
f 4211//3562 4216//3195 4361//3600
f 4361//3600 4216//3195 4362//3601
f 4362//3601 4216//3195 4221//3193
f 4363//3602 4221//3193 4226//3292
f 4364//3603 4226//3292 4186//3553
f 4365//3604 4186//3553 4183//3551
f 4366//3605 4183//3551 4343//3582
f 4366//3605 4365//3604 4183//3551
f 4362//3601 4221//3193 4363//3602
f 4363//3602 4226//3292 4364//3603
f 4364//3603 4186//3553 4365//3604
f 4341//3580 4340//3579 4342//3581
f 4342//3581 4340//3579 4339//3578
f 4338//3577 4342//3581 4339//3578
f 3385//3139 3384//3138 4336//3575
f 4336//3575 3384//3138 3286//3045
f 4353//3592 3286//3045 3283//3042
f 4353//3592 4336//3575 3286//3045
f 3064//2848 4078//3500 3070//2854
f 3070//2854 4078//3500 4081//3502
f 3071//2855 4081//3502 4083//3503
f 3072//2856 4083//3503 3061//2845
f 3072//2856 3071//2855 4083//3503
f 3070//2854 4081//3502 3071//2855
f 4083//3503 4085//3504 3061//2845
f 3061//2845 4085//3504 3139//2922
f 3139//2922 4085//3504 4087//3505
f 3140//2923 4087//3505 3142//2925
f 3140//2923 3139//2922 4087//3505
f 4087//3505 4089//3506 3142//2925
f 3142//2925 4089//3506 3632//3302
f 3632//3302 4089//3506 3932//3415
f 3932//3415 4089//3506 4091//3508
f 3931//3414 4091//3508 4092//3509
f 3930//3413 4092//3509 4123//3530
f 3929//3412 4123//3530 4121//3529
f 3928//3411 4121//3529 4119//3528
f 3927//3410 4119//3528 4118//3527
f 3926//3409 3927//3410 4118//3527
f 3932//3415 4091//3508 3931//3414
f 3931//3414 4092//3509 3930//3413
f 3930//3413 4123//3530 3929//3412
f 3929//3412 4121//3529 3928//3411
f 3928//3411 4119//3528 3927//3410
f 4116//3525 3918//3401 4118//3527
f 4118//3527 3918//3401 3926//3409
f 3918//3401 4116//3525 3917//3400
f 3917//3400 4116//3525 4114//3523
f 3919//3402 4114//3523 4112//3521
f 3920//3403 4112//3521 4110//3520
f 3921//3404 4110//3520 4108//3518
f 3922//3405 4108//3518 4107//3517
f 3923//3406 4107//3517 4105//3515
f 3924//3407 4105//3515 3521//3259
f 3924//3407 3923//3406 4105//3515
f 3917//3400 4114//3523 3919//3402
f 3919//3402 4112//3521 3920//3403
f 3920//3403 4110//3520 3921//3404
f 3921//3404 4108//3518 3922//3405
f 3922//3405 4107//3517 3923//3406
f 4105//3515 4103//3514 3521//3259
f 3521//3259 4103//3514 3520//3258
f 3520//3258 4103//3514 3519//3257
f 3519//3257 4103//3514 4101//3513
f 2909//2720 4101//3513 4099//3512
f 3021//2809 4099//3512 3020//2808
f 3021//2809 2909//2720 4099//3512
f 3519//3257 4101//3513 2909//2720
f 4099//3512 4097//3511 3020//2808
f 3020//2808 4097//3511 3018//2806
f 3018//2806 4097//3511 4093//3510
f 3019//2807 3018//2806 4093//3510
f 3075//2859 4075//3497 3073//2857
f 3073//2857 4075//3497 3063//2847
f 3063//2847 4075//3497 4078//3500
f 3064//2848 3063//2847 4078//3500
f 3325//3079 4354//3593 3331//3085
f 3331//3085 4354//3593 4355//3594
f 3332//3086 4355//3594 4356//3595
f 3333//3087 4356//3595 3322//3077
f 3333//3087 3332//3086 4356//3595
f 3331//3085 4355//3594 3332//3086
f 4356//3595 4357//3596 3322//3077
f 3322//3077 4357//3596 3422//3174
f 3422//3174 4357//3596 4358//3597
f 3423//3175 4358//3597 3425//3177
f 3423//3175 3422//3174 4358//3597
f 4358//3597 4359//3598 3425//3177
f 3425//3177 4359//3598 3629//3299
f 3629//3299 4359//3598 3955//3436
f 3955//3436 4359//3598 4360//3599
f 3954//3435 4360//3599 4361//3600
f 3953//3434 4361//3600 4362//3601
f 3952//3433 4362//3601 4363//3602
f 3951//3432 4363//3602 4364//3603
f 3950//3431 4364//3603 4365//3604
f 3949//3430 3950//3431 4365//3604
f 3955//3436 4360//3599 3954//3435
f 3954//3435 4361//3600 3953//3434
f 3953//3434 4362//3601 3952//3433
f 3952//3433 4363//3602 3951//3432
f 3951//3432 4364//3603 3950//3431
f 4366//3605 3964//3442 4365//3604
f 4365//3604 3964//3442 3949//3430
f 3964//3442 4366//3605 3963//3441
f 3963//3441 4366//3605 4343//3582
f 3965//3443 4343//3582 4344//3583
f 3966//3444 4344//3583 4345//3584
f 3967//3445 4345//3584 4346//3585
f 3968//3446 4346//3585 4347//3586
f 3969//3447 4347//3586 4348//3587
f 3970//3448 4348//3587 3469//3221
f 3970//3448 3969//3447 4348//3587
f 3963//3441 4343//3582 3965//3443
f 3965//3443 4344//3583 3966//3444
f 3966//3444 4345//3584 3967//3445
f 3967//3445 4346//3585 3968//3446
f 3968//3446 4347//3586 3969//3447
f 4348//3587 4349//3588 3469//3221
f 3469//3221 4349//3588 3468//3220
f 3468//3220 4349//3588 3467//3219
f 3467//3219 4349//3588 4350//3589
f 3166//2949 4350//3589 4351//3590
f 3285//3044 4351//3590 3284//3043
f 3285//3044 3166//2949 4351//3590
f 3467//3219 4350//3589 3166//2949
f 4351//3590 4352//3591 3284//3043
f 3284//3043 4352//3591 3282//3041
f 3282//3041 4352//3591 4353//3592
f 3283//3042 3282//3041 4353//3592
f 3336//3090 4342//3581 3334//3088
f 3334//3088 4342//3581 3324//3078
f 3324//3078 4342//3581 4354//3593
f 3325//3079 3324//3078 4354//3593
f 4367//3606 4368//3607 1122//958
f 1122//958 4368//3607 1121//957
f 4368//3607 4369//3608 1121//957
f 1121//957 4369//3608 1120//956
f 1120//956 4369//3608 4370//3609
f 1116//952 4370//3609 4371//3610
f 1115//951 4371//3610 4372//3611
f 1113//949 4372//3611 4373//3612
f 1112//948 4373//3612 4374//3613
f 1111//947 4374//3613 4375//3614
f 1110//946 4375//3614 4376//3615
f 1109//945 4376//3615 4377//3616
f 1108//944 4377//3616 4378//3617
f 1107//943 4378//3617 4379//3618
f 1105//941 4379//3618 4380//3619
f 1104//940 4380//3619 4381//3620
f 1103//939 4381//3620 4382//3621
f 1123//959 4382//3621 4383//3622
f 1124//960 4383//3622 4384//3623
f 1125//961 4384//3623 4385//3624
f 1126//962 4385//3624 4386//3625
f 1127//963 4386//3625 4387//3626
f 1101//937 4387//3626 4388//3627
f 1100//936 4388//3627 4389//3628
f 1098//934 4389//3628 4390//3629
f 1097//933 4390//3629 4391//3630
f 1096//932 4391//3630 4392//3631
f 1094//930 4392//3631 4393//3632
f 1093//929 4393//3632 1092//928
f 1093//929 1094//930 4393//3632
f 1120//956 4370//3609 1116//952
f 1116//952 4371//3610 1115//951
f 1115//951 4372//3611 1113//949
f 1113//949 4373//3612 1112//948
f 1112//948 4374//3613 1111//947
f 1111//947 4375//3614 1110//946
f 1110//946 4376//3615 1109//945
f 1109//945 4377//3616 1108//944
f 1108//944 4378//3617 1107//943
f 1107//943 4379//3618 1105//941
f 1105//941 4380//3619 1104//940
f 1104//940 4381//3620 1103//939
f 1103//939 4382//3621 1123//959
f 1123//959 4383//3622 1124//960
f 1124//960 4384//3623 1125//961
f 1125//961 4385//3624 1126//962
f 1126//962 4386//3625 1127//963
f 1127//963 4387//3626 1101//937
f 1101//937 4388//3627 1100//936
f 1100//936 4389//3628 1098//934
f 1098//934 4390//3629 1097//933
f 1097//933 4391//3630 1096//932
f 1096//932 4392//3631 1094//930
f 4393//3632 4394//3633 1092//928
f 4394//3633 4395//3634 1092//928
f 1092//928 4395//3634 1090//926
f 967//805 1063//900 969//807
f 967//805 965//803 1063//900
f 1063//900 965//803 1076//913
f 1076//913 965//803 1075//912
f 1075//912 965//803 963//801
f 1077//914 963//801 961//799
f 1078//799 961//799 959//797
f 1079//915 959//797 957//795
f 1080//916 957//795 1082//918
f 1080//916 1079//915 957//795
f 1075//912 963//801 1077//914
f 1077//914 961//799 1078//799
f 1078//799 959//797 1079//915
f 957//795 955//793 1082//918
f 1082//918 955//793 1086//922
f 1086//922 955//793 954//792
f 1089//925 954//792 952//790
f 1029//867 1089//925 952//790
f 1029//867 1129//965 1089//925
f 1029//867 1027//865 1129//965
f 1129//965 1027//865 3122//2906
f 3122//2906 1027//865 1025//863
f 3121//2905 1025//863 1023//861
f 3123//2907 1023//861 3124//859
f 3123//2907 3121//2905 1023//861
f 1086//922 954//792 1089//925
f 3122//2906 1025//863 3121//2905
f 1023//861 1021//859 3124//859
f 3124//859 1021//859 3125//2908
f 3125//2908 1021//859 1019//857
f 3126//2909 1019//857 1017//855
f 3128//2911 1017//855 1015//853
f 3130//2913 1015//853 1119//955
f 3130//2913 3128//2911 1015//853
f 3125//2908 1019//857 3126//2909
f 3126//2909 1017//855 3128//2911
f 1015//853 1014//852 1119//955
f 1119//955 1014//852 1011//849
f 1122//958 1011//849 1009//847
f 1090//926 1009//847 1091//927
f 1090//926 1122//958 1009//847
f 1090//926 4367//3606 1122//958
f 1090//926 4395//3634 4367//3606
f 1119//955 1011//849 1122//958
f 1009//847 1007//845 1091//927
f 1091//927 1007//845 1005//843
f 3412//3165 1005//843 3411//3164
f 3412//3165 1091//927 1005//843
f 1005//843 1003//841 3411//3164
f 3411//3164 1003//841 3413//3166
f 3413//3166 1003//841 1001//839
f 3414//839 1001//839 999//837
f 3415//3167 999//837 997//835
f 3416//3168 997//835 3418//3170
f 3416//3168 3415//3167 997//835
f 3413//3166 1001//839 3414//839
f 3414//839 999//837 3415//3167
f 997//835 995//833 3418//3170
f 3418//3170 995//833 3420//3172
f 3420//3172 995//833 994//832
f 3405//3158 994//832 991//829
f 3388//3142 991//829 989//827
f 987//825 3388//3142 989//827
f 987//825 3395//3149 3388//3142
f 987//825 985//823 3395//3149
f 3395//3149 985//823 3394//3148
f 3394//3148 985//823 983//821
f 3396//3150 983//821 3397//819
f 3396//3150 3394//3148 983//821
f 3420//3172 994//832 3405//3158
f 3405//3158 991//829 3388//3142
f 983//821 981//819 3397//819
f 3397//819 981//819 3398//3151
f 3398//3151 981//819 979//817
f 3399//3152 979//817 977//815
f 3401//3154 977//815 975//813
f 3403//3156 975//813 3144//2927
f 3403//3156 3401//3154 975//813
f 3398//3151 979//817 3399//3152
f 3399//3152 977//815 3401//3154
f 975//813 974//812 3144//2927
f 3144//2927 974//812 971//809
f 941//779 971//809 969//807
f 942//780 969//807 1063//900
f 942//780 941//779 969//807
f 3144//2927 971//809 941//779
f 4369//3608 4368//3607 4394//3633
f 4393//3632 4369//3608 4394//3633
f 4393//3632 4370//3609 4369//3608
f 4393//3632 4392//3631 4370//3609
f 4370//3609 4392//3631 4371//3610
f 4371//3610 4392//3631 4391//3630
f 4372//3611 4391//3630 4390//3629
f 4373//3612 4390//3629 4389//3628
f 4374//3613 4389//3628 4388//3627
f 4387//3626 4374//3613 4388//3627
f 4387//3626 4375//3614 4374//3613
f 4387//3626 4386//3625 4375//3614
f 4375//3614 4386//3625 4376//3615
f 4376//3615 4386//3625 4385//3624
f 4377//3616 4385//3624 4384//3623
f 4378//3617 4384//3623 4383//3622
f 4379//3618 4383//3622 4382//3621
f 4380//3619 4382//3621 4381//3620
f 4380//3619 4379//3618 4382//3621
f 4395//3634 4394//3633 4367//3606
f 4367//3606 4394//3633 4368//3607
f 4371//3610 4391//3630 4372//3611
f 4372//3611 4390//3629 4373//3612
f 4373//3612 4389//3628 4374//3613
f 4376//3615 4385//3624 4377//3616
f 4377//3616 4384//3623 4378//3617
f 4378//3617 4383//3622 4379//3618
f 393//361 445//412 394//362
f 394//362 445//412 481//447
f 463//429 378//346 461//427
f 461//427 378//346 377//345
f 3143//2926 4396//2926 3149//2932
f 3149//2932 4396//2926 4397//3635
f 3150//2933 4397//3635 4398//3636
f 3151//2934 4398//3636 4399//3637
f 3152//2935 4399//3637 4400//3638
f 3153//2936 4400//3638 4401//3639
f 3154//2937 4401//3639 4402//3640
f 3154//2937 3153//2936 4401//3639
f 3149//2932 4397//3635 3150//2933
f 3150//2933 4398//3636 3151//2934
f 3151//2934 4399//3637 3152//2935
f 3152//2935 4400//3638 3153//2936
f 2829//2640 4403//3641 2830//2641
f 2829//2640 2831//2642 4403//3641
f 4403//3641 2831//2642 2832//2643
f 2833//2644 4403//3641 2832//2643
f 2833//2644 2834//2645 4403//3641
f 4403//3641 2834//2645 2835//2646
f 4404//3642 2835//2646 2836//2647
f 2837//2648 4404//3642 2836//2647
f 2837//2648 2838//2649 4404//3642
f 4404//3642 2838//2649 2839//2650
f 2840//2651 4404//3642 2839//2650
f 2840//2651 2841//2652 4404//3642
f 4404//3642 2841//2652 4396//2926
f 4396//2926 2841//2652 2842//2653
f 2843//2654 4396//2926 2842//2653
f 2843//2654 2844//2655 4396//2926
f 4396//2926 2844//2655 2845//2656
f 2874//2685 4396//2926 2845//2656
f 2874//2685 4402//3640 4396//2926
f 2874//2685 2873//2684 4402//3640
f 4402//3640 2873//2684 2872//2683
f 2871//2682 4402//3640 2872//2683
f 2871//2682 2870//2681 4402//3640
f 4402//3640 2870//2681 2869//2680
f 2868//2679 4402//3640 2869//2680
f 2868//2679 4405//3643 4402//3640
f 2868//2679 2867//2678 4405//3643
f 4405//3643 2867//2678 2866//2677
f 2865//2676 4405//3643 2866//2677
f 2865//2676 2864//2675 4405//3643
f 4405//3643 2864//2675 2863//2674
f 2862//2673 4405//3643 2863//2674
f 2862//2673 4406//3644 4405//3643
f 2862//2673 2861//2672 4406//3644
f 4406//3644 2861//2672 2860//2671
f 2859//2670 4406//3644 2860//2671
f 2859//2670 2858//2669 4406//3644
f 4406//3644 2858//2669 2857//2668
f 2856//2667 4406//3644 2857//2668
f 2856//2667 4407//3645 4406//3644
f 2856//2667 2855//2666 4407//3645
f 4407//3645 2855//2666 2854//2665
f 2853//2664 4407//3645 2854//2665
f 2853//2664 2852//2663 4407//3645
f 4407//3645 2852//2663 2851//2662
f 4408//3646 2851//2662 2850//2661
f 2849//2660 4408//3646 2850//2661
f 2849//2660 2848//2659 4408//3646
f 4408//3646 2848//2659 2846//2657
f 2847//2658 4408//3646 2846//2657
f 2847//2658 2830//2641 4408//3646
f 4408//3646 2830//2641 4403//3641
f 4403//3641 2835//2646 4404//3642
f 4409//3647 4403//3641 4404//3642
f 4409//3647 4410//3648 4403//3641
f 4403//3641 4410//3648 4411//3649
f 4412//3650 4403//3641 4411//3649
f 4412//3650 4413//3651 4403//3641
f 4407//3645 2851//2662 4408//3646
f 4414//3652 4408//3646 4415//3653
f 4414//3652 4407//3645 4408//3646
f 4401//3639 4400//3638 4402//3640
f 4402//3640 4400//3638 4399//3637
f 4398//3636 4402//3640 4399//3637
f 4398//3636 4397//3635 4402//3640
f 4402//3640 4397//3635 4396//2926
f 4416//3654 4417//3655 4408//3646
f 4408//3646 4417//3655 4418//3656
f 4415//3653 4408//3646 4418//3656
f 4406//3644 4419//3657 4405//3643
f 4405//3643 4419//3657 4420//3658
f 4421//3659 4405//3643 4420//3658
f 4421//3659 4422//3660 4405//3643
f 4405//3643 4422//3660 4423//3661
f 3143//2926 941//779 4396//2926
f 4396//2926 941//779 4404//3642
f 4404//3642 941//779 943//781
f 1050//887 4403//3641 1057//894
f 1057//894 4403//3641 4413//3651
f 1058//895 4413//3651 4412//3650
f 1059//896 4412//3650 4411//3649
f 1060//897 4411//3649 4410//3648
f 1061//898 4410//3648 4409//3647
f 949//787 4409//3647 4404//3642
f 947//785 4404//3642 945//783
f 947//785 949//787 4404//3642
f 1057//894 4413//3651 1058//895
f 1058//895 4412//3650 1059//896
f 1059//896 4411//3649 1060//897
f 1060//897 4410//3648 1061//898
f 1061//898 4409//3647 949//787
f 4404//3642 943//781 945//783
f 3155//2938 4405//3643 3156//2939
f 3156//2939 4405//3643 4423//3661
f 3157//2940 4423//3661 4422//3660
f 3158//2941 4422//3660 4421//3659
f 3159//2942 4421//3659 4420//3658
f 3160//2943 4420//3658 4419//3657
f 3161//2944 4419//3657 4406//3644
f 3161//2944 3160//2943 4419//3657
f 3156//2939 4423//3661 3157//2940
f 3157//2940 4422//3660 3158//2941
f 3158//2941 4421//3659 3159//2942
f 3159//2942 4420//3658 3160//2943
f 3161//2944 4406//3644 942//780
f 942//780 4406//3644 4407//3645
f 944//782 942//780 4407//3645
f 4414//3652 950//788 4407//3645
f 4414//3652 1056//893 950//788
f 4414//3652 4415//3653 1056//893
f 1056//893 4415//3653 1055//892
f 1055//892 4415//3653 4418//3656
f 1054//891 4418//3656 4417//3655
f 1053//890 4417//3655 4416//3654
f 1052//889 4416//3654 4408//3646
f 1051//888 1052//889 4408//3646
f 1055//892 4418//3656 1054//891
f 1054//891 4417//3655 1053//890
f 1053//890 4416//3654 1052//889
f 950//788 948//786 4407//3645
f 4407//3645 948//786 946//784
f 944//782 4407//3645 946//784
f 4402//3640 4405//3643 3154//2937
f 3154//2937 4405//3643 3155//2938
f 1050//887 1051//888 4403//3641
f 4403//3641 1051//888 4408//3646
# Vertices: 4423, normals: 3661, texture coordinates: 0, faces: 8846

