# File generated by ImageToStl.com - Free Image and 3D model conversion tools

o obj1
v -1.3402 19.8011 11.2592
v -0.3355 19.8575 11.2826
v 0 19.8464 11.2592
v -1.6757 19.7895 11.2826
v -2.6743 19.6654 11.2592
v -3.0083 19.6312 11.2826
v -3.0234 19.73 11.5238
v -4.3488 19.4808 11.5238
v -4.026 19.5849 11.7826
v -5.3393 19.2684 11.7826
v -2.6942 19.812 11.7826
v -1.6842 19.8891 11.5238
v -3.9962 19.44 11.2592
v -4.3271 19.3833 11.2826
v -5.6545 19.1428 11.5238
v -6.6284 18.864 11.7826
v -5.2999 19.1259 11.2592
v -5.6262 19.047 11.2826
v -6.9343 18.7174 11.5238
v -7.8871 18.3735 11.7826
v -6.5793 18.7244 11.2592
v -6.8996 18.6237 11.2826
v -8.1824 18.2065 11.5238
v -9.1099 17.7991 11.7826
v -7.8288 18.2375 11.2592
v -8.1415 18.1154 11.2826
v -9.3933 17.6126 11.5238
v -10.2911 17.1434 11.7826
v -9.0425 17.6674 11.2592
v -9.3463 17.5244 11.2826
v -10.5613 16.9383 11.5238
v -11.4254 16.4096 11.7826
v -10.215 17.0166 11.2592
v -10.5084 16.8535 11.2826
v -11.681 16.1866 11.5238
v -12.5075 15.6008 11.7826
v -11.3409 16.2882 11.2592
v -11.6226 16.1056 11.2826
v -12.7475 15.3611 11.5238
v -13.5325 14.7208 11.7826
v -12.415 15.4854 11.2592
v -12.6838 15.2842 11.2826
v -13.7559 14.4655 11.5238
v -14.4959 13.7736 11.7826
v -13.4325 14.6119 11.2592
v -13.687 14.393 11.2826
v -14.7014 13.5038 11.5238
v -15.393 12.7636 11.7826
v -14.3886 13.6717 11.2592
v -14.6279 13.4362 11.2826
v -15.5799 12.4805 11.5238
v -16.22 11.6953 11.7826
v -15.2792 12.6691 11.2592
v -15.502 12.418 11.2826
v -16.3873 11.4002 11.5238
v -16.9729 10.5736 11.7826
v -16.1 11.6087 11.2592
v -16.3053 11.3431 11.2826
v -17.1199 10.2679 11.5238
v -17.6484 9.4036 11.7826
v -16.8474 10.4953 11.2592
v -17.0343 10.2165 11.2826
v -17.7744 9.0887 11.5238
v -18.2433 8.1907 11.7826
v -17.5178 9.334 11.2592
v -17.6855 9.0432 11.2826
v -18.3478 7.868 11.5238
v -18.755 6.9404 11.7826
v -18.1084 8.1301 11.2592
v -18.256 7.8286 11.2826
v -18.8375 6.6113 11.5238
v -19.1812 5.6584 11.7826
v -18.6163 6.889 11.2592
v -18.7433 6.5782 11.2826
v -19.2413 5.3245 11.5238
v -19.5198 4.3506 11.7826
v -19.0393 5.6165 11.2592
v -19.145 5.2979 11.2826
v -19.5572 4.0134 11.5238
v -19.7694 3.0229 11.7826
v -19.3754 4.3183 11.2592
v -19.4594 3.9933 11.2826
v -19.7839 2.6839 11.5238
v -19.9287 1.6813 11.7826
v -19.6231 3.0004 11.2592
v -19.6849 2.6705 11.2826
v -19.9204 1.3422 11.5238
v -19.9971 0.3321 11.7826
v -19.7813 1.6688 11.2592
v -19.8207 1.3355 11.2826
v -19.9659 -0.0057 11.5238
v -19.9743 -1.0187 11.7826
v -19.8492 0.3296 11.2592
v -19.866 -0.0057 11.2826
v -19.9204 -1.3536 11.5238
v -19.8604 -2.3648 11.7826
v -19.8266 -1.0112 11.2592
v -19.8207 -1.3469 11.2826
v -19.7839 -2.6953 11.5238
v -19.6558 -3.7002 11.7826
v -19.7135 -2.3474 11.2592
v -19.6849 -2.6819 11.2826
v -19.5572 -4.0248 11.5238
v -19.3615 -5.0188 11.7826
v -19.5104 -3.6729 11.2592
v -19.4594 -4.0047 11.2826
v -19.2413 -5.336 11.5238
v -18.9789 -6.3144 11.7826
v -19.2183 -4.9817 11.2592
v -19.145 -5.3093 11.2826
v -18.8375 -6.6228 11.5238
v -18.5097 -7.5813 11.7826
v -18.8386 -6.2678 11.2592
v -18.7433 -6.5896 11.2826
v -18.3478 -7.8794 11.5238
v -17.9561 -8.8136 11.7826
v -18.3728 -7.5252 11.2592
v -18.256 -7.84 11.2826
v -17.7744 -9.1001 11.5238
v -17.3205 -10.0057 11.7826
v -17.8233 -8.7484 11.2592
v -17.6855 -9.0546 11.2826
v -17.1199 -10.2793 11.5238
v -16.6059 -11.1522 11.7826
v -17.1924 -9.9317 11.2592
v -17.0343 -10.2279 11.2826
v -16.3873 -11.4116 11.5238
v -15.8155 -12.2478 11.7826
v -16.4831 -11.0698 11.2592
v -16.3053 -11.3545 11.2826
v -15.5799 -12.4919 11.5238
v -14.953 -13.2876 11.7826
v -15.6985 -12.1573 11.2592
v -15.502 -12.4294 11.2826
v -14.7014 -13.5152 11.5238
v -14.0222 -14.2668 11.7826
v -14.8424 -13.1894 11.2592
v -14.6279 -13.4476 11.2826
v -13.7559 -14.4769 11.5238
v -13.0274 -15.1809 11.7826
v -13.9185 -14.1613 11.2592
v -13.687 -14.4045 11.2826
v -12.7475 -15.3725 11.5238
v -11.9733 -16.0257 11.7826
v -12.9311 -15.0686 11.2592
v -12.6838 -15.2956 11.2826
v -11.681 -16.198 11.5238
v -10.8644 -16.7975 11.7826
v -11.8847 -15.9072 11.2592
v -11.6226 -16.117 11.2826
v -10.5613 -16.9497 11.5238
v -9.706 -17.4926 11.7826
v -10.7841 -16.6733 11.2592
v -10.5084 -16.8649 11.2826
v -9.3933 -17.624 11.5238
v -8.5034 -18.108 11.7826
v -9.6342 -17.3633 11.2592
v -9.3463 -17.5359 11.2826
v -8.1824 -18.2179 11.5238
v -7.2619 -18.6408 11.7826
v -8.4405 -17.9741 11.2592
v -8.1415 -18.1268 11.2826
v -6.9343 -18.7288 11.5238
v -5.9873 -19.0885 11.7826
v -7.2082 -18.5029 11.2592
v -6.8996 -18.6351 11.2826
v -5.6545 -19.1542 11.5238
v -4.6853 -19.4492 11.7826
v -5.943 -18.9473 11.2592
v -5.6262 -19.0584 11.2826
v -4.3488 -19.4923 11.5238
v -3.362 -19.7211 11.7826
v -4.6507 -19.3053 11.2592
v -4.3271 -19.3948 11.2826
v -3.0234 -19.7414 11.5238
v -2.0234 -19.9031 11.7826
v -3.3371 -19.5753 11.2592
v -3.0083 -19.6426 11.2826
v -1.6842 -19.9005 11.5238
v -0.6755 -19.9943 11.7826
v -2.0084 -19.7559 11.2592
v -1.6757 -19.8009 11.2826
v -0.3372 -19.9688 11.5238
v 0.6755 -19.9943 11.7826
v -0.6705 -19.8465 11.2592
v -0.3355 -19.8689 11.2826
v 1.0113 -19.946 11.5238
v 2.0234 -19.9031 11.7826
v 0.6705 -19.8465 11.2592
v 1.0062 -19.8462 11.2826
v 2.3551 -19.8322 11.5238
v 3.362 -19.7211 11.7826
v 2.0084 -19.7559 11.2592
v 2.3433 -19.733 11.2826
v 3.6882 -19.628 11.5238
v 4.6853 -19.4492 11.7826
v 3.3371 -19.5753 11.2592
v 3.6698 -19.5298 11.2826
v 5.0045 -19.3343 11.5238
v 5.9873 -19.0885 11.7826
v 4.6507 -19.3053 11.2592
v 4.9795 -19.2376 11.2826
v 6.298 -18.9523 11.5238
v 7.2619 -18.6408 11.7826
v 5.943 -18.9473 11.2592
v 6.2664 -18.8575 11.2826
v 7.5627 -18.4839 11.5238
v 8.5034 -18.108 11.7826
v 7.2082 -18.5029 11.2592
v 7.5248 -18.3915 11.2826
v 8.7929 -17.9312 11.5238
v 9.706 -17.4926 11.7826
v 8.4405 -17.9741 11.2592
v 8.7489 -17.8415 11.2826
v 9.983 -17.2967 11.5238
v 10.8644 -16.7975 11.7826
v 9.6342 -17.3633 11.2592
v 9.933 -17.2102 11.2826
v 11.1275 -16.5833 11.5238
v 11.9733 -16.0257 11.7826
v 10.7841 -16.6733 11.2592
v 11.0718 -16.5004 11.2826
v 12.2213 -15.7943 11.5238
v 13.0274 -15.1809 11.7826
v 11.8847 -15.9072 11.2592
v 12.1601 -15.7153 11.2826
v 13.2593 -14.9332 11.5238
v 14.0222 -14.2668 11.7826
v 12.9311 -15.0686 11.2592
v 13.1929 -14.8585 11.2826
v 14.2368 -14.004 11.5238
v 14.953 -13.2876 11.7826
v 13.9185 -14.1613 11.2592
v 14.1655 -13.934 11.2826
v 15.1493 -13.011 11.5238
v 15.8155 -12.2478 11.7826
v 14.8424 -13.1894 11.2592
v 15.0735 -12.9459 11.2826
v 15.9927 -11.9586 11.5238
v 16.6059 -11.1522 11.7826
v 15.6985 -12.1573 11.2592
v 15.9127 -11.8988 11.2826
v 16.7632 -10.8516 11.5238
v 17.3205 -10.0057 11.7826
v 16.4831 -11.0698 11.2592
v 16.6793 -10.7974 11.2826
v 17.4571 -9.6952 11.5238
v 17.9561 -8.8136 11.7826
v 17.1924 -9.9317 11.2592
v 17.3698 -9.6467 11.2826
v 18.0714 -8.4946 11.5238
v 18.5097 -7.5813 11.7826
v 17.8233 -8.7484 11.2592
v 17.981 -8.4521 11.2826
v 18.6033 -7.2552 11.5238
v 18.9789 -6.3144 11.7826
v 18.3728 -7.5252 11.2592
v 18.5102 -7.2189 11.2826
v 19.0503 -5.9828 11.5238
v 19.3615 -5.0188 11.7826
v 18.8386 -6.2678 11.2592
v 18.955 -5.9529 11.2826
v 19.4103 -4.683 11.5238
v 19.6558 -3.7002 11.7826
v 19.2183 -4.9817 11.2592
v 19.3132 -4.6597 11.2826
v 19.6818 -3.362 11.5238
v 19.8604 -2.3648 11.7826
v 19.5104 -3.6729 11.2592
v 19.5833 -3.3452 11.2826
v 19.8635 -2.0256 11.5238
v 19.9743 -1.0187 11.7826
v 19.7135 -2.3474 11.2592
v 19.7641 -2.0155 11.2826
v 19.9545 -0.68 11.5238
v 19.9971 0.3321 11.7826
v 19.8266 -1.0112 11.2592
v 19.8547 -0.6767 11.2826
v 19.9545 0.6686 11.5238
v 19.9287 1.6813 11.7826
v 19.8492 0.3296 11.2592
v 19.8547 0.6653 11.2826
v 19.8635 2.0142 11.5238
v 19.7694 3.0229 11.7826
v 19.7813 1.6688 11.2592
v 19.7641 2.0041 11.2826
v 19.6818 3.3506 11.5238
v 19.5198 4.3506 11.7826
v 19.6231 3.0004 11.2592
v 19.5833 3.3338 11.2826
v 19.4103 4.6716 11.5238
v 19.1812 5.6584 11.7826
v 19.3754 4.3183 11.2592
v 19.3132 4.6482 11.2826
v 19.0503 5.9714 11.5238
v 18.755 6.9404 11.7826
v 19.0393 5.6165 11.2592
v 18.955 5.9414 11.2826
v 18.6033 7.2438 11.5238
v 18.2433 8.1907 11.7826
v 18.6163 6.889 11.2592
v 18.5102 7.2075 11.2826
v 18.0714 8.4832 11.5238
v 17.6484 9.4036 11.7826
v 18.1084 8.1301 11.2592
v 17.981 8.4407 11.2826
v 17.4571 9.6838 11.5238
v 16.9729 10.5736 11.7826
v 17.5178 9.334 11.2592
v 17.3698 9.6353 11.2826
v 16.7632 10.8402 11.5238
v 16.22 11.6953 11.7826
v 16.8474 10.4953 11.2592
v 16.6793 10.786 11.2826
v 15.9927 11.9472 11.5238
v 15.393 12.7636 11.7826
v 16.1 11.6087 11.2592
v 15.9127 11.8873 11.2826
v 15.1493 12.9995 11.5238
v 14.4959 13.7736 11.7826
v 15.2792 12.6691 11.2592
v 15.0735 12.9345 11.2826
v 14.2368 13.9926 11.5238
v 13.5325 14.7208 11.7826
v 14.3886 13.6717 11.2592
v 14.1655 13.9226 11.2826
v 13.2593 14.9218 11.5238
v 12.5075 15.6008 11.7826
v 13.4325 14.6119 11.2592
v 13.1929 14.8471 11.2826
v 12.2213 15.7829 11.5238
v 11.4254 16.4096 11.7826
v 12.415 15.4854 11.2592
v 12.1601 15.7039 11.2826
v 11.1275 16.5719 11.5238
v 10.2911 17.1434 11.7826
v 11.3409 16.2882 11.2592
v 11.0718 16.489 11.2826
v 9.983 17.2853 11.5238
v 9.1099 17.7991 11.7826
v 10.215 17.0166 11.2592
v 9.933 17.1988 11.2826
v 8.7929 17.9198 11.5238
v 7.8871 18.3735 11.7826
v 9.0425 17.6674 11.2592
v 8.7489 17.8301 11.2826
v 7.5627 18.4725 11.5238
v 6.6284 18.864 11.7826
v 7.8288 18.2375 11.2592
v 7.5248 18.38 11.2826
v 6.298 18.9409 11.5238
v 5.3393 19.2684 11.7826
v 6.5793 18.7244 11.2592
v 6.2664 18.8461 11.2826
v 5.0045 19.3229 11.5238
v 4.026 19.5849 11.7826
v 5.2999 19.1259 11.2592
v 4.9795 19.2261 11.2826
v 3.6882 19.6166 11.5238
v 2.6942 19.812 11.7826
v 3.9962 19.44 11.2592
v 3.6698 19.5184 11.2826
v 2.3551 19.8208 11.5238
v 1.3502 19.9487 11.7826
v 2.6743 19.6654 11.2592
v 2.3433 19.7216 11.2826
v 1.0113 19.9346 11.5238
v 0 19.9943 11.7826
v 1.3402 19.8011 11.2592
v 1.0062 19.8348 11.2826
v -0.3372 19.9574 11.5238
v -1.3502 19.9487 11.7826
v -1.2833 17.9373 8.226
v 0 17.9831 8.226
v -2.5601 17.8 8.226
v -3.8238 17.572 8.226
v -5.068 17.2545 8.226
v -6.2865 16.8489 8.226
v -7.4728 16.3575 8.226
v -8.6211 15.7827 8.226
v -9.7255 15.1275 8.226
v -10.7803 14.3951 8.226
v -11.7802 13.5894 8.226
v -12.72 12.7143 8.226
v -13.5951 11.7745 8.226
v -14.4008 10.7746 8.226
v -15.1332 9.7198 8.226
v -15.7884 8.6154 8.226
v -16.3632 7.4671 8.226
v -16.8547 6.2808 8.226
v -17.2602 5.0623 8.226
v -17.5777 3.8181 8.226
v -17.8057 2.5544 8.226
v -17.943 1.2776 8.226
v -17.9889 -0.0057 8.226
v -17.943 -1.289 8.226
v -17.8057 -2.5658 8.226
v -17.5777 -3.8295 8.226
v -17.2602 -5.0738 8.226
v -16.8547 -6.2922 8.226
v -16.3632 -7.4785 8.226
v -15.7884 -8.6268 8.226
v -15.1332 -9.7312 8.226
v -14.4008 -10.786 8.226
v -13.5951 -11.7859 8.226
v -12.72 -12.7257 8.226
v -11.7802 -13.6008 8.226
v -10.7803 -14.4065 8.226
v -9.7255 -15.1389 8.226
v -8.6211 -15.7941 8.226
v -7.4728 -16.3689 8.226
v -6.2865 -16.8604 8.226
v -5.068 -17.2659 8.226
v -3.8238 -17.5835 8.226
v -2.5601 -17.8115 8.226
v -1.2833 -17.9487 8.226
v 0 -17.9946 8.226
v 1.2833 -17.9487 8.226
v 2.5601 -17.8115 8.226
v 3.8238 -17.5835 8.226
v 5.0681 -17.2659 8.226
v 6.2865 -16.8604 8.226
v 7.4728 -16.3689 8.226
v 8.6211 -15.7941 8.226
v 9.7255 -15.1389 8.226
v 10.7803 -14.4065 8.226
v 11.7802 -13.6008 8.226
v 12.72 -12.7257 8.226
v 13.5951 -11.7859 8.226
v 14.4008 -10.786 8.226
v 15.1332 -9.7312 8.226
v 15.7884 -8.6268 8.226
v 16.3632 -7.4785 8.226
v 16.8547 -6.2922 8.226
v 17.2602 -5.0738 8.226
v 17.5777 -3.8295 8.226
v 17.8057 -2.5658 8.226
v 17.943 -1.289 8.226
v 17.9889 -0.0057 8.226
v 17.943 1.2776 8.226
v 17.8057 2.5544 8.226
v 17.5777 3.8181 8.226
v 17.2602 5.0623 8.226
v 16.8547 6.2808 8.226
v 16.3632 7.4671 8.226
v 15.7884 8.6154 8.226
v 15.1332 9.7198 8.226
v 14.4008 10.7746 8.226
v 13.5951 11.7745 8.226
v 12.72 12.7143 8.226
v 11.7802 13.5894 8.226
v 10.7803 14.3951 8.226
v 9.7255 15.1275 8.226
v 8.6211 15.7827 8.226
v 7.4728 16.3575 8.226
v 6.2865 16.8489 8.226
v 5.0681 17.2545 8.226
v 3.8238 17.572 8.226
v 2.5601 17.8 8.226
v 1.2833 17.9373 8.226
v 1.3502 19.9487 21
v 0 19.9943 21
v 2.6942 19.812 21
v 4.026 19.5849 21
v 5.3393 19.2684 21
v 6.6284 18.864 21
v 7.8871 18.3735 21
v 9.1099 17.7991 21
v 10.2911 17.1434 21
v 11.4254 16.4096 21
v 12.5075 15.6008 21
v 13.5325 14.7208 21
v 14.4959 13.7736 21
v 15.393 12.7636 21
v 16.22 11.6953 21
v 16.9729 10.5736 21
v 17.6484 9.4036 21
v 18.2433 8.1907 21
v 18.755 6.9404 21
v 19.1812 5.6584 21
v 19.5198 4.3506 21
v 19.7694 3.0229 21
v 19.9287 1.6813 21
v 19.9971 0.3321 21
v 19.9743 -1.0187 21
v 19.8604 -2.3648 21
v 19.6558 -3.7002 21
v 19.3615 -5.0188 21
v 18.9789 -6.3144 21
v 18.5097 -7.5813 21
v 17.9561 -8.8136 21
v 17.3205 -10.0057 21
v 16.6059 -11.1522 21
v 15.8155 -12.2478 21
v 14.953 -13.2876 21
v 14.0222 -14.2668 21
v 13.0274 -15.1809 21
v 11.9733 -16.0257 21
v 10.8644 -16.7975 21
v 9.706 -17.4926 21
v 8.5034 -18.108 21
v 7.2619 -18.6408 21
v 5.9873 -19.0885 21
v 4.6853 -19.4492 21
v 3.362 -19.7211 21
v 2.0234 -19.9031 21
v 0.6755 -19.9943 21
v -0.6755 -19.9943 21
v -2.0234 -19.9031 21
v -3.362 -19.7211 21
v -4.6853 -19.4492 21
v -5.9873 -19.0885 21
v -7.2619 -18.6408 21
v -8.5034 -18.108 21
v -9.706 -17.4926 21
v -10.8644 -16.7975 21
v -11.9733 -16.0257 21
v -13.0274 -15.1809 21
v -14.0222 -14.2668 21
v -14.953 -13.2876 21
v -15.8155 -12.2478 21
v -16.6059 -11.1522 21
v -17.3205 -10.0057 21
v -17.9561 -8.8136 21
v -18.5097 -7.5813 21
v -18.9789 -6.3144 21
v -19.3615 -5.0188 21
v -19.6558 -3.7002 21
v -19.8604 -2.3648 21
v -19.9743 -1.0187 21
v -19.9971 0.3321 21
v -19.9287 1.6813 21
v -19.7694 3.0229 21
v -19.5198 4.3506 21
v -19.1812 5.6584 21
v -18.755 6.9404 21
v -18.2433 8.1907 21
v -17.6484 9.4036 21
v -16.9729 10.5736 21
v -16.22 11.6953 21
v -15.393 12.7636 21
v -14.4959 13.7736 21
v -13.5325 14.7208 21
v -12.5075 15.6008 21
v -11.4254 16.4096 21
v -10.2911 17.1434 21
v -9.1099 17.7991 21
v -7.8871 18.3735 21
v -6.6284 18.864 21
v -5.3393 19.2684 21
v -4.026 19.5849 21
v -2.6942 19.812 21
v -1.3502 19.9487 21
v -1.2728 17.7903 7.7349
v -1.2198 17.8276 7.9614
v 0 17.8357 7.7349
v -2.434 17.7028 7.9614
v -2.5391 17.6541 7.7349
v -3.6368 17.4954 7.9614
v -3.6571 17.5932 8.2026
v -4.8496 17.3026 8.2026
v -2.4476 17.8018 8.2026
v -3.7925 17.428 7.7349
v -4.8226 17.2064 7.9614
v -6.0194 16.9313 8.2026
v -5.0265 17.113 7.7349
v -5.986 16.8372 7.9614
v -7.1612 16.4811 8.2026
v -6.235 16.7108 7.7349
v -7.1214 16.3894 7.9614
v -8.2696 15.9539 8.2026
v -7.4116 16.2234 7.7349
v -8.2237 15.8652 7.9614
v -9.3395 15.3524 8.2026
v -8.5505 15.6534 7.7349
v -9.2876 15.267 7.9614
v -10.3658 14.6792 8.2026
v -9.6458 15.0035 7.7349
v -10.3082 14.5976 7.9614
v -10.692 14.2771 7.7349
v -11.2807 13.8601 7.9614
v -11.3437 13.9376 8.2026
v -11.6837 13.478 7.7349
v -12.2006 13.058 7.9614
v -12.2688 13.131 8.2026
v -12.6158 12.6101 7.7349
v -13.0637 12.1949 7.9614
v -13.1367 12.2631 8.2026
v -13.4837 11.678 7.7349
v -13.8658 11.275 7.9614
v -13.9433 11.338 8.2026
v -14.2828 10.6863 7.7349
v -14.6033 10.3025 7.9614
v -14.685 10.3601 8.2026
v -15.0092 9.6401 7.7349
v -15.2727 9.2819 7.9614
v -15.3581 9.3338 8.2026
v -15.6591 8.5448 7.7349
v -15.8709 8.218 7.9614
v -15.9596 8.2639 8.2026
v -16.2292 7.4059 7.7349
v -16.3952 7.1157 7.9614
v -16.4868 7.1555 8.2026
v -16.7165 6.2292 7.7349
v -16.8429 5.9803 7.9614
v -16.937 6.0137 8.2026
v -17.1187 5.0208 7.7349
v -17.2121 4.8169 7.9614
v -17.3083 4.8439 8.2026
v -17.4337 3.7868 7.7349
v -17.5011 3.6311 7.9614
v -17.5989 3.6514 8.2026
v -17.8075 2.4419 8.2026
v -17.6598 2.5334 7.7349
v -17.7085 2.4283 7.9614
v -17.933 1.2209 8.2026
v -17.796 1.2671 7.7349
v -17.8333 1.2141 7.9614
v -17.9749 -0.0057 8.2026
v -17.933 -1.2324 8.2026
v -17.8075 -2.4533 8.2026
v -17.5989 -3.6628 8.2026
v -17.3083 -4.8553 8.2026
v -16.937 -6.0251 8.2026
v -16.4868 -7.1669 8.2026
v -15.9596 -8.2753 8.2026
v -15.3581 -9.3452 8.2026
v -14.685 -10.3715 8.2026
v -14.6033 -10.3139 7.9614
v -13.9433 -11.3494 8.2026
v -13.8658 -11.2864 7.9614
v -13.1367 -12.2745 8.2026
v -13.0637 -12.2063 7.9614
v -12.2688 -13.1424 8.2026
v -12.2006 -13.0694 7.9614
v -11.3437 -13.949 8.2026
v -11.2807 -13.8715 7.9614
v -10.3658 -14.6907 8.2026
v -10.3082 -14.609 7.9614
v -9.3395 -15.3638 8.2026
v -9.2876 -15.2785 7.9614
v -8.2696 -15.9654 8.2026
v -8.2237 -15.8767 7.9614
v -7.1612 -16.4925 8.2026
v -7.1214 -16.4009 7.9614
v -6.0194 -16.9428 8.2026
v -5.986 -16.8486 7.9614
v -4.8496 -17.314 8.2026
v -4.8226 -17.2179 7.9614
v -3.6571 -17.6046 8.2026
v -3.6368 -17.5068 7.9614
v -2.4476 -17.8132 8.2026
v -2.434 -17.7142 7.9614
v -1.2267 -17.9387 8.2026
v -1.2198 -17.839 7.9614
v 0 -17.9806 8.2026
v 0 -17.8807 7.9614
v 1.2267 -17.9387 8.2026
v 1.2198 -17.839 7.9614
v 2.4476 -17.8132 8.2026
v 2.434 -17.7142 7.9614
v 3.6571 -17.6046 8.2026
v 3.6368 -17.5068 7.9614
v 4.8496 -17.314 8.2026
v 4.8226 -17.2179 7.9614
v 6.0194 -16.9428 8.2026
v 5.986 -16.8486 7.9614
v 7.1612 -16.4925 8.2026
v 7.1214 -16.4009 7.9614
v 8.2696 -15.9654 8.2026
v 8.2237 -15.8767 7.9614
v 9.3395 -15.3638 8.2026
v 9.2876 -15.2785 7.9614
v 10.3658 -14.6907 8.2026
v 10.3082 -14.609 7.9614
v 11.3437 -13.949 8.2026
v 11.2807 -13.8715 7.9614
v 12.2688 -13.1424 8.2026
v 12.2006 -13.0694 7.9614
v 13.1367 -12.2745 8.2026
v 13.0637 -12.2063 7.9614
v 13.9433 -11.3494 8.2026
v 13.8658 -11.2864 7.9614
v 14.685 -10.3715 8.2026
v 14.6033 -10.3139 7.9614
v 15.3581 -9.3452 8.2026
v 15.2727 -9.2933 7.9614
v 15.9596 -8.2753 8.2026
v 15.8709 -8.2294 7.9614
v 16.4868 -7.1669 8.2026
v 16.3952 -7.1271 7.9614
v 16.937 -6.0251 8.2026
v 16.8429 -5.9917 7.9614
v 17.3083 -4.8553 8.2026
v 17.2121 -4.8283 7.9614
v 17.5989 -3.6628 8.2026
v 17.8075 -2.4533 8.2026
v 17.933 -1.2324 8.2026
v 17.9749 -0.0057 8.2026
v 17.933 1.2209 8.2026
v 17.875 -0.0057 7.9614
v 17.8333 1.2141 7.9614
v 17.8414 -0.0057 7.7349
v 17.796 1.2671 7.7349
v 17.7085 2.4283 7.9614
v 17.6598 2.5334 7.7349
v 17.5011 3.6311 7.9614
v 17.5989 3.6514 8.2026
v 17.3083 4.8439 8.2026
v 17.8075 2.4419 8.2026
v -17.8414 -0.0057 7.7349
v -17.875 -0.0057 7.9614
v -17.8333 -1.2255 7.9614
v -17.6598 -2.5448 7.7349
v -17.7085 -2.4397 7.9614
v -17.796 -1.2785 7.7349
v -17.5011 -3.6425 7.9614
v -17.4337 -3.7982 7.7349
v -17.2121 -4.8283 7.9614
v -17.1187 -5.0322 7.7349
v -16.8429 -5.9917 7.9614
v -16.7165 -6.2406 7.7349
v -16.3952 -7.1271 7.9614
v -16.2292 -7.4173 7.7349
v -15.8709 -8.2294 7.9614
v -15.6591 -8.5562 7.7349
v -15.2727 -9.2933 7.9614
v -15.0092 -9.6515 7.7349
v -14.2828 -10.6977 7.7349
v -13.4837 -11.6894 7.7349
v -12.6158 -12.6215 7.7349
v -11.6837 -13.4894 7.7349
v -10.692 -14.2885 7.7349
v -9.6458 -15.0149 7.7349
v -8.5505 -15.6648 7.7349
v -7.4116 -16.2349 7.7349
v -6.235 -16.7222 7.7349
v -5.0265 -17.1244 7.7349
v -3.7925 -17.4394 7.7349
v -2.5391 -17.6656 7.7349
v -1.2728 -17.8017 7.7349
v 0 -17.8472 7.7349
v 1.2728 -17.8017 7.7349
v 2.5391 -17.6656 7.7349
v 3.7925 -17.4394 7.7349
v 5.0265 -17.1244 7.7349
v 6.235 -16.7222 7.7349
v 7.4116 -16.2349 7.7349
v 8.5505 -15.6648 7.7349
v 9.6458 -15.0149 7.7349
v 10.692 -14.2885 7.7349
v 11.6837 -13.4894 7.7349
v 12.6158 -12.6215 7.7349
v 13.4837 -11.6894 7.7349
v 14.2828 -10.6977 7.7349
v 15.0092 -9.6515 7.7349
v 15.6591 -8.5562 7.7349
v 16.2292 -7.4173 7.7349
v 16.7165 -6.2406 7.7349
v 17.1187 -5.0322 7.7349
v 17.4337 -3.7982 7.7349
v 17.5011 -3.6425 7.9614
v 17.6598 -2.5448 7.7349
v 17.7085 -2.4397 7.9614
v 17.796 -1.2785 7.7349
v 17.8333 -1.2255 7.9614
v 17.4337 3.7868 7.7349
v 17.2121 4.8169 7.9614
v 16.937 6.0137 8.2026
v 17.1187 5.0208 7.7349
v 16.8429 5.9803 7.9614
v 16.4868 7.1555 8.2026
v 16.7165 6.2292 7.7349
v 16.3952 7.1157 7.9614
v 15.9596 8.2639 8.2026
v 16.2292 7.4059 7.7349
v 15.8709 8.218 7.9614
v 15.3581 9.3338 8.2026
v 15.6591 8.5448 7.7349
v 15.2727 9.2819 7.9614
v 14.685 10.3601 8.2026
v 15.0092 9.6401 7.7349
v 14.6033 10.3025 7.9614
v 14.2828 10.6863 7.7349
v 13.8658 11.275 7.9614
v 13.9433 11.338 8.2026
v 13.4837 11.678 7.7349
v 13.0637 12.1949 7.9614
v 13.1367 12.2631 8.2026
v 12.6158 12.6101 7.7349
v 12.2006 13.058 7.9614
v 12.2688 13.131 8.2026
v 11.6837 13.478 7.7349
v 11.2807 13.8601 7.9614
v 11.3437 13.9376 8.2026
v 10.692 14.2771 7.7349
v 10.3082 14.5976 7.9614
v 10.3658 14.6792 8.2026
v 9.6458 15.0035 7.7349
v 9.2876 15.267 7.9614
v 9.3395 15.3524 8.2026
v 8.5505 15.6534 7.7349
v 8.2237 15.8652 7.9614
v 8.2696 15.9539 8.2026
v 7.4116 16.2234 7.7349
v 7.1214 16.3894 7.9614
v 7.1612 16.4811 8.2026
v 6.235 16.7108 7.7349
v 5.986 16.8372 7.9614
v 6.0194 16.9313 8.2026
v 5.0265 17.113 7.7349
v 4.8226 17.2064 7.9614
v 4.8496 17.3026 8.2026
v 3.7925 17.428 7.7349
v 3.6368 17.4954 7.9614
v 3.6571 17.5932 8.2026
v 2.4476 17.8018 8.2026
v 2.5391 17.6541 7.7349
v 2.434 17.7028 7.9614
v 1.2267 17.9273 8.2026
v 1.2728 17.7903 7.7349
v 1.2198 17.8276 7.9614
v 0 17.9692 8.2026
v -1.2267 17.9273 8.2026
v 0 17.8693 7.9614
v -12.4585 -11.3507 -23
v -11.6 -12.2271 -23
v -12.0151 -12.0208 -18.6025
v -11.6 -12.4205 -18.6344
v -11.6 -12.6156 -14.2
v -10.7932 -13.3127 -14.2
v -9.9446 -13.9583 -14.2
v -9.0574 -14.5499 -14.2
v -8.1352 -15.0851 -14.2
v -7.1815 -15.5619 -14.2
v -6.2 -15.9785 -14.2
v -5.938 -15.9262 -18.6025
v -6.2 -15.8254 -18.6212
v -6.2 -15.6736 -23
v -5.6402 -15.8837 -23
v -5.0733 -16.0738 -23
v -4.7872 -16.3093 -18.6025
v -4.5 -16.4989 -15.3726
v -4.5 -16.3173 -20.8
v -4.5 -16.6823 -9.8852
v -4.5 -16.8676 -4.3368
v -4.5 -17.0548 1.2735
v -4.0207 -17.1851 1.6014
v -3.5024 -17.3078 1.8922
v -2.9519 -17.4183 2.141
v -2.377 -17.5126 2.3448
v -1.7855 -17.5879 2.5021
v -1.1858 -17.6421 2.6125
v -0.5874 -17.6742 2.677
v 0 -17.6847 2.6978
v 0.5874 -17.6742 2.677
v 1.1858 -17.6421 2.6125
v 1.7855 -17.5879 2.5021
v 2.377 -17.5126 2.3448
v 2.9519 -17.4183 2.141
v 3.5024 -17.3078 1.8922
v 4.0207 -17.1851 1.6014
v 4.5 -17.0548 1.2735
v 4.5 -16.3173 -20.8
v 4.5 -16.8676 -4.3368
v 4.5 -16.6823 -9.8852
v 4.5 -16.4989 -15.3726
v -4.5 -16.2437 -23
v 4.7872 -16.3093 -18.6025
v 5.0733 -16.0738 -23
v 5.938 -15.9262 -18.6025
v 5.6402 -15.8837 -23
v 6.2 -15.6736 -23
v 6.2 -15.8254 -18.6212
v 6.2 -15.9785 -14.2
v 4.5 -16.2437 -23
v 7.1815 -15.5619 -14.2
v 8.1352 -15.0851 -14.2
v 9.0574 -14.5499 -14.2
v 9.9446 -13.9583 -14.2
v 10.7932 -13.3127 -14.2
v 11.6 -12.6156 -14.2
v 11.6 -12.4205 -18.6344
v 12.0151 -12.0208 -18.6025
v 11.6 -12.2271 -23
v 12.4585 -11.3507 -23
v 12.8416 -11.133 -18.6025
v 13.2509 -10.4141 -23
v 13.6027 -10.1885 -18.6025
v 13.9731 -9.4224 -23
v 14.2945 -9.1922 -18.6025
v 14.6213 -8.3807 -23
v 14.9134 -8.149 -18.6025
v 15.1919 -7.2947 -23
v 15.4563 -7.0644 -18.6025
v 15.9205 -5.9437 -18.6025
v 16.3036 -4.7929 -18.6025
v 16.6035 -3.6176 -18.6025
v 16.8189 -2.4239 -18.6025
v 16.9486 -1.2179 -18.6025
v 16.9919 -0.0057 -18.6025
v 16.9486 1.2065 -18.6025
v 16.8189 2.4125 -18.6025
v 16.6035 3.6062 -18.6025
v 16.3036 4.7815 -18.6025
v 15.9205 5.9323 -18.6025
v 15.4563 7.053 -18.6025
v 14.9163 8.1322 -18.6025
v 14.7923 8.0634 -23
v 14.2945 9.1808 -18.6025
v 14.166 9.1183 -23
v 13.6027 10.1771 -18.6025
v 13.4646 10.1248 -23
v 12.8416 11.1216 -18.6025
v 12.6918 11.0777 -23
v 12.0151 12.0094 -18.6025
v 11.8517 11.9718 -23
v 11.1273 12.8359 -18.6025
v 10.9488 12.8024 -23
v 10.1828 13.597 -18.6025
v 9.9878 13.5651 -23
v 9.1865 14.2888 -18.6025
v 8.974 14.2558 -23
v 8.1433 14.9077 -18.6025
v 7.9125 14.871 -23
v 7.0587 15.4506 -18.6025
v 6.8091 15.4072 -23
v 5.938 15.9148 -18.6025
v 5.6696 15.8618 -23
v 4.7872 16.2979 -18.6025
v 4.5 16.2323 -23
v 4.5 16.3059 -20.8
v 4.5 16.4875 -15.3726
v 15.682 -6.17 -23
v 16.0889 -5.0126 -23
v 16.4106 -3.8287 -23
v 16.6453 -2.6245 -23
v 16.7917 -1.4064 -23
v 16.8491 -0.181 -23
v 16.8172 1.0455 -23
v 16.6961 2.2663 -23
v 16.4866 3.4751 -23
v 16.1896 4.6655 -23
v 15.8068 5.8311 -23
v 15.3402 6.9657 -23
v 4.5 16.6709 -9.8852
v 4.5 16.8562 -4.3368
v 4.5 17.0434 1.2735
v 4.0207 17.1737 1.6014
v 3.5024 17.2963 1.8922
v 2.9519 17.4069 2.141
v 2.377 17.5012 2.3448
v 1.7855 17.5765 2.5021
v 1.1858 17.6307 2.6125
v 0.5874 17.6628 2.677
v 0 17.6733 2.6978
v -0.5874 17.6628 2.677
v -1.1858 17.6307 2.6125
v -1.7855 17.5765 2.5021
v -2.377 17.5012 2.3448
v -2.9519 17.4069 2.141
v -3.5024 17.2963 1.8922
v -4.0207 17.1737 1.6014
v -4.5 17.0434 1.2735
v -4.5 16.3059 -20.8
v -4.7872 16.2979 -18.6025
v -4.5 16.2323 -23
v -5.6696 15.8618 -23
v -5.938 15.9148 -18.6025
v -6.8091 15.4072 -23
v -7.0587 15.4506 -18.6025
v -4.5 16.8562 -4.3368
v -4.5 16.6709 -9.8852
v -4.5 16.4875 -15.3726
v -7.9125 14.871 -23
v -8.1433 14.9077 -18.6025
v -8.974 14.2558 -23
v -9.1865 14.2888 -18.6025
v -9.9878 13.5651 -23
v -10.1828 13.597 -18.6025
v -10.9488 12.8024 -23
v -11.1273 12.8359 -18.6025
v -11.8517 11.9718 -23
v -12.0151 12.0094 -18.6025
v -12.6918 11.0777 -23
v -12.8416 11.1216 -18.6025
v -13.4646 10.1248 -23
v -13.6027 10.1771 -18.6025
v -14.166 9.1183 -23
v -14.2945 9.1808 -18.6025
v -14.7923 8.0634 -23
v -14.9163 8.1322 -18.6025
v -15.4563 7.053 -18.6025
v -15.8068 5.8311 -23
v -15.9205 5.9323 -18.6025
v -15.3402 6.9657 -23
v -16.3036 4.7815 -18.6025
v -16.1896 4.6655 -23
v -16.6035 3.6062 -18.6025
v -16.4866 3.4751 -23
v -16.8189 2.4125 -18.6025
v -16.6961 2.2663 -23
v -16.9486 1.2065 -18.6025
v -16.8172 1.0455 -23
v -16.9919 -0.0057 -18.6025
v -16.8491 -0.181 -23
v -16.9486 -1.2179 -18.6025
v -16.7917 -1.4064 -23
v -16.8189 -2.4239 -18.6025
v -16.6453 -2.6245 -23
v -16.6035 -3.6176 -18.6025
v -16.4106 -3.8287 -23
v -16.3036 -4.7929 -18.6025
v -16.0889 -5.0126 -23
v -15.9205 -5.9437 -18.6025
v -15.682 -6.17 -23
v -15.4563 -7.0644 -18.6025
v -15.1919 -7.2947 -23
v -14.9134 -8.149 -18.6025
v -14.6213 -8.3807 -23
v -14.2945 -9.1922 -18.6025
v -13.9731 -9.4224 -23
v -13.6027 -10.1885 -18.6025
v -13.2509 -10.4141 -23
v -12.8416 -11.133 -18.6025
v 16.7541 -1.2464 22
v 16.7931 -1.18 22.2588
v 16.8 -0.0057 22
v 16.6702 -2.3486 22.2588
v 16.6167 -2.4804 22
v 16.4662 -3.5057 22.2588
v 16.5639 -3.5265 22.5
v 16.278 -4.6733 22.5
v 16.4307 -4.7171 22.7071
v 16.0621 -5.8518 22.7071
v 16.2567 -5.9226 22.866
v 15.8043 -7.0423 22.866
v 16.0247 -7.1403 22.9659
v 15.4879 -8.2408 22.9659
v 16.1914 -7.4001 23
v 15.6227 -8.5363 23
v 16.6777 -6.2262 23
v 16.4833 -6.0051 22.9659
v 16.6298 -4.7742 22.866
v 16.7194 -3.5595 22.7071
v 16.7692 -2.3625 22.5
v 16.3886 -3.7008 22
v 16.1819 -4.6458 22.2588
v 15.9127 -5.7975 22.5
v 15.6151 -6.958 22.7071
v 15.275 -8.1276 22.866
v 14.8758 -9.3011 22.9659
v 14.9743 -9.6291 23
v 16.071 -4.901 22
v 15.8189 -5.7633 22.2588
v 15.47 -6.8934 22.5
v 15.0921 -8.0303 22.7071
v 14.6712 -9.1733 22.866
v 14.1911 -10.3162 22.9659
v 14.2496 -10.6728 23
v 15.6655 -6.0746 22
v 15.3787 -6.8527 22.2588
v 14.9518 -7.9557 22.5
v 14.4956 -9.0636 22.7071
v 13.996 -10.1744 22.866
v 13.4373 -11.281 22.9659
v 13.4523 -11.6622 23
v 15.1746 -7.2149 22
v 14.8636 -7.9088 22.2588
v 14.3608 -8.9793 22.5
v 13.8284 -10.0527 22.7071
v 13.2526 -11.1259 22.866
v 12.6181 -12.1908 22.9659
v 12.5865 -12.5922 23
v 14.6007 -8.3159 22
v 14.2761 -8.9264 22.2588
v 13.6999 -9.9593 22.5
v 13.0939 -10.9928 22.7071
v 12.4446 -12.0233 22.866
v 11.7373 -13.0413 22.9659
v 11.6565 -13.458 23
v 13.9471 -9.3715 22
v 13.6191 -9.9005 22.2588
v 12.9722 -10.8907 22.5
v 12.2956 -11.8794 22.7071
v 11.576 -12.8621 22.866
v 10.7994 -13.8283 22.9659
v 10.6671 -14.2553 23
v 13.2173 -10.376 22
v 12.8956 -10.8264 22.2588
v 12.1813 -11.769 22.5
v 11.4374 -12.7082 22.7071
v 10.6509 -13.6383 22.866
v 9.8089 -14.548 22.9659
v 9.6234 -14.98 23
v 12.4153 -11.3238 22
v 12.1094 -11.6996 22.2588
v 11.331 -12.5901 22.5
v 10.5234 -13.4751 22.7071
v 9.674 -14.3481 22.866
v 8.7706 -15.1968 22.9659
v 8.5306 -15.6284 23
v 11.5456 -12.2098 22
v 11.2642 -12.5159 22.2588
v 10.4256 -13.3499 22.5
v 9.5582 -14.1764 22.7071
v 8.65 -14.9879 22.866
v 7.6895 -15.7716 22.9659
v 7.3944 -16.1972 23
v 10.6127 -13.0291 22
v 10.3641 -13.2711 22.2588
v 9.4694 -14.0446 22.5
v 8.5465 -14.8086 22.7071
v 7.5838 -15.5548 22.866
v 6.571 -16.2696 22.9659
v 6.2205 -16.6834 23
v 9.622 -13.7773 22
v 9.4135 -13.9618 22.2588
v 8.467 -14.671 22.5
v 7.493 -15.3687 22.7071
v 6.4807 -16.046 22.866
v 5.4205 -16.6884 22.9659
v 5.0148 -17.0847 23
v 8.5786 -14.4503 22
v 8.417 -14.5844 22.2588
v 7.4234 -15.2259 22.5
v 6.4031 -15.854 22.7071
v 5.346 -16.459 22.866
v 4.2436 -17.0258 22.9659
v 3.7837 -17.3989 23
v 7.4884 -15.0444 22
v 7.3796 -15.1361 22.2588
v 6.3436 -15.7066 22.5
v 5.282 -16.262 22.7071
v 4.1852 -16.7918 22.866
v 3.046 -17.2804 22.9659
v 2.5332 -17.6245 23
v 6.3573 -15.5564 22
v 6.3062 -15.614 22.2588
v 5.2329 -16.1109 22.5
v 4.1352 -16.5909 22.7071
v 3.0041 -17.0429 22.866
v 1.8336 -17.4508 22.9659
v 1.2698 -17.7604 23
v 5.1915 -15.9835 22
v 5.202 -16.0159 22.2588
v 4.0967 -16.4367 22.5
v 2.9682 -16.8389 22.7071
v 1.8083 -17.2109 22.866
v 0.6122 -17.5362 22.9659
v 0 -17.8057 23
v 4.0725 -16.3397 22.2588
v 2.9405 -16.6824 22.5
v 1.7867 -17.005 22.7071
v 0.6038 -17.2952 22.866
v -0.6122 -17.5362 22.9659
v -1.2698 -17.7604 23
v 2.7813 -16.5739 22
v 2.9232 -16.584 22.2588
v 3.9973 -16.3232 22
v 1.7596 -16.7476 22.2588
v 1.5501 -16.734 22
v 0.5875 -16.8295 22.2588
v 0.591 -16.9294 22.5
v -0.591 -16.9294 22.5
v -0.5965 -17.0882 22.7071
v -1.7867 -17.005 22.7071
v -1.8083 -17.2109 22.866
v -3.0041 -17.0429 22.866
v -3.046 -17.2804 22.9659
v -4.2436 -17.0258 22.9659
v -3.7837 -17.3989 23
v -5.0148 -17.0847 23
v -2.5332 -17.6245 23
v -1.8336 -17.4508 22.9659
v -0.6038 -17.2952 22.866
v 0.5965 -17.0882 22.7071
v 1.7701 -16.8469 22.5
v 0.3104 -16.8028 22
v -0.5875 -16.8295 22.2588
v -1.7701 -16.8469 22.5
v -2.9682 -16.8389 22.7071
v -4.1852 -16.7918 22.866
v -5.4205 -16.6884 22.9659
v -6.2205 -16.6834 23
v -0.9309 -16.7799 22
v -1.7596 -16.7476 22.2588
v -2.9405 -16.6824 22.5
v -4.1351 -16.5909 22.7071
v -5.346 -16.459 22.866
v -6.571 -16.2696 22.9659
v -7.3944 -16.1972 23
v -2.1672 -16.6653 22
v -2.9232 -16.584 22.2588
v -4.0967 -16.4367 22.5
v -5.282 -16.262 22.7071
v -6.4807 -16.046 22.866
v -7.6895 -15.7716 22.9659
v -8.5306 -15.6284 23
v -3.3916 -16.4598 22
v -4.0725 -16.3397 22.2588
v -5.2329 -16.1109 22.5
v -6.4031 -15.854 22.7071
v -7.5838 -15.5548 22.866
v -8.7706 -15.1968 22.9659
v -9.6234 -14.98 23
v -4.5975 -16.1644 22
v -5.202 -16.0159 22.2588
v -6.3436 -15.7066 22.5
v -7.493 -15.3687 22.7071
v -8.65 -14.9879 22.866
v -9.8089 -14.548 22.9659
v -10.6671 -14.2553 23
v -5.7783 -15.7807 22
v -6.3061 -15.614 22.2588
v -7.4234 -15.2259 22.5
v -8.5465 -14.8086 22.7071
v -9.674 -14.3481 22.866
v -10.7994 -13.8283 22.9659
v -11.6565 -13.458 23
v -6.9276 -15.3109 22
v -7.3796 -15.1361 22.2588
v -8.467 -14.671 22.5
v -9.5582 -14.1764 22.7071
v -10.6509 -13.6383 22.866
v -11.7373 -13.0413 22.9659
v -12.5865 -12.5922 23
v -8.039 -14.7575 22
v -8.417 -14.5844 22.2588
v -9.4694 -14.0446 22.5
v -10.5234 -13.4751 22.7071
v -11.576 -12.8621 22.866
v -12.6181 -12.1908 22.9659
v -13.4523 -11.6622 23
v -9.1065 -14.1235 22
v -9.4135 -13.9618 22.2588
v -10.4256 -13.3499 22.5
v -11.4374 -12.7082 22.7071
v -12.4446 -12.0233 22.866
v -13.4373 -11.281 22.9659
v -14.2496 -10.6728 23
v -10.1243 -13.4124 22
v -10.3641 -13.2711 22.2588
v -11.331 -12.5901 22.5
v -12.2956 -11.8794 22.7071
v -13.2526 -11.1259 22.866
v -14.1911 -10.3162 22.9659
v -14.9743 -9.6291 23
v -11.0867 -12.6281 22
v -11.2642 -12.5159 22.2588
v -12.1813 -11.769 22.5
v -13.0939 -10.9928 22.7071
v -13.996 -10.1744 22.866
v -14.8758 -9.3011 22.9659
v -15.6227 -8.5363 23
v -11.9887 -11.7748 22
v -12.1094 -11.6996 22.2588
v -12.9722 -10.8907 22.5
v -13.8284 -10.0527 22.7071
v -14.6712 -9.1733 22.866
v -15.4879 -8.2408 22.9659
v -16.1914 -7.4001 23
v -12.8251 -10.8573 22
v -12.8956 -10.8264 22.2588
v -13.6999 -9.9593 22.5
v -14.4956 -9.0636 22.7071
v -15.275 -8.1276 22.866
v -16.0247 -7.1403 22.9659
v -16.6777 -6.2262 23
v -13.5915 -9.8805 22
v -13.6191 -9.9005 22.2588
v -14.3608 -8.9793 22.5
v -15.0921 -8.0303 22.7071
v -15.8043 -7.0423 22.866
v -16.4833 -6.0051 22.9659
v -17.079 -5.0205 23
v -14.2761 -8.9264 22.2588
v -14.9518 -7.9557 22.5
v -15.6151 -6.958 22.7071
v -16.2567 -5.9226 22.866
v -16.8617 -4.8407 22.9659
v -17.3932 -3.7894 23
v -14.8978 -7.7707 22
v -14.8636 -7.9088 22.2588
v -14.2836 -8.8498 22
v -15.3787 -6.8527 22.2588
v -15.4306 -6.6493 22
v -15.8189 -5.7633 22.2588
v -15.9127 -5.7975 22.5
v -16.278 -4.6733 22.5
v -16.4307 -4.7171 22.7071
v -16.7194 -3.5595 22.7071
v -16.922 -3.6026 22.866
v -17.1316 -2.4134 22.866
v -17.3705 -2.447 22.9659
v -17.4985 -1.2293 22.9659
v -17.7546 -1.2755 23
v -17.8 -0.0057 23
v -17.6188 -2.5389 23
v -17.1579 -3.6527 22.9659
v -16.6298 -4.7742 22.866
v -16.0621 -5.8518 22.7071
v -15.47 -6.8934 22.5
v -15.8791 -5.4916 22
v -16.1819 -4.6458 22.2588
v -16.5639 -3.5265 22.5
v -16.9265 -2.3846 22.7071
v -17.2579 -1.2125 22.866
v -17.5412 -0.0057 22.9659
v -17.4985 1.2179 22.9659
v -17.7546 1.2641 23
v -17.3705 2.4356 22.9659
v -17.6188 2.5275 23
v -17.1579 3.6413 22.9659
v -17.3932 3.778 23
v -16.8617 4.8293 22.9659
v -17.079 5.0091 23
v -16.4833 5.9937 22.9659
v -16.6777 6.2148 23
v -16.0247 7.1289 22.9659
v -16.1914 7.3887 23
v -15.4879 8.2294 22.9659
v -15.6227 8.5249 23
v -14.8758 9.2897 22.9659
v -14.9743 9.6177 23
v -14.1911 10.3047 22.9659
v -14.2496 10.6614 23
v -13.4373 11.2695 22.9659
v -13.4523 11.6508 23
v -12.6181 12.1794 22.9659
v -12.5865 12.5808 23
v -11.7373 13.0299 22.9659
v -11.6565 13.4466 23
v -10.7994 13.8169 22.9659
v -10.6671 14.2439 23
v -9.8089 14.5366 22.9659
v -9.6234 14.9686 23
v -8.7706 15.1854 22.9659
v -8.5306 15.617 23
v -7.6895 15.7602 22.9659
v -7.3944 16.1857 23
v -6.571 16.2582 22.9659
v -6.2205 16.672 23
v -5.4205 16.677 22.9659
v -5.0148 17.0733 23
v -4.2436 17.0144 22.9659
v -3.7837 17.3875 23
v -3.046 17.269 22.9659
v -2.5332 17.6131 23
v -1.8336 17.4394 22.9659
v -1.2698 17.7489 23
v -0.6122 17.5248 22.9659
v 0 17.7943 23
v 0.6122 17.5248 22.9659
v 1.2698 17.7489 23
v 1.8336 17.4394 22.9659
v 2.5332 17.6131 23
v 3.046 17.269 22.9659
v 3.7837 17.3875 23
v 4.2436 17.0144 22.9659
v 5.0148 17.0733 23
v 5.4205 16.677 22.9659
v 6.2205 16.672 23
v 6.571 16.2582 22.9659
v 7.3944 16.1857 23
v 7.6895 15.7602 22.9659
v 8.5306 15.617 23
v 8.7706 15.1854 22.9659
v 9.6234 14.9686 23
v 9.8089 14.5366 22.9659
v 10.6671 14.2439 23
v 10.7994 13.8169 22.9659
v 11.6565 13.4466 23
v 11.7373 13.0299 22.9659
v 12.5865 12.5808 23
v 12.6181 12.1794 22.9659
v 13.4523 11.6508 23
v 13.4373 11.2695 22.9659
v 14.2496 10.6614 23
v 14.1911 10.3047 22.9659
v 14.9743 9.6177 23
v 14.8758 9.2897 22.9659
v 15.6227 8.5249 23
v 15.4879 8.2294 22.9659
v 16.1914 7.3887 23
v 16.0247 7.1289 22.9659
v 16.6777 6.2148 23
v 16.4833 5.9937 22.9659
v 17.079 5.0091 23
v 16.8617 4.8293 22.9659
v 17.3932 3.778 23
v 17.1579 3.6413 22.9659
v 17.6188 2.5275 23
v 17.3705 2.4356 22.9659
v 17.7546 1.2641 23
v 17.4985 1.2179 22.9659
v 17.8 -0.0057 23
v 17.5412 -0.0057 22.9659
v 17.4985 -1.2293 22.9659
v 17.3 -0.0057 22.866
v 17.2579 -1.2125 22.866
v 17.0929 -0.0057 22.7071
v 17.0513 -1.198 22.7071
v 16.934 -0.0057 22.5
v 16.8927 -1.187 22.5
v 16.8341 -0.0057 22.2588
v 16.9265 -2.3846 22.7071
v 17.1316 -2.4134 22.866
v 17.3705 -2.447 22.9659
v 17.7546 -1.2755 23
v -16.2409 -4.3039 22
v -16.4662 -3.5057 22.2588
v -16.7692 -2.3625 22.5
v -17.0513 -1.198 22.7071
v -17.3 -0.0057 22.866
v -16.5139 -3.0927 22
v -16.6702 -2.3486 22.2588
v -16.8927 -1.187 22.5
v -17.0929 -0.0057 22.7071
v -17.2579 1.2011 22.866
v -16.6968 -1.8647 22
v -16.7931 -1.18 22.2588
v -16.934 -0.0057 22.5
v -17.0513 1.1866 22.7071
v -17.1316 2.402 22.866
v -16.7885 -0.6265 22
v -16.8341 -0.0057 22.2588
v -16.8927 1.1756 22.5
v -16.9265 2.3732 22.7071
v -16.922 3.5912 22.866
v -16.7885 0.6151 22
v -16.7931 1.1686 22.2588
v -16.7692 2.351 22.5
v -16.7194 3.5481 22.7071
v -16.6298 4.7628 22.866
v -16.6968 1.8533 22
v -16.6702 2.3371 22.2588
v -16.5639 3.5151 22.5
v -16.4307 4.7057 22.7071
v -16.2567 5.9112 22.866
v -16.5139 3.0813 22
v -16.4662 3.4943 22.2588
v -16.278 4.6619 22.5
v -16.0621 5.8404 22.7071
v -15.8043 7.0308 22.866
v -16.2409 4.2924 22
v -16.1819 4.6344 22.2588
v -15.9127 5.7861 22.5
v -15.6151 6.9466 22.7071
v -15.275 8.1161 22.866
v -15.8791 5.4802 22
v -15.8189 5.7519 22.2588
v -15.47 6.882 22.5
v -15.0921 8.0189 22.7071
v -14.6712 9.1619 22.866
v -15.4306 6.6379 22
v -15.3787 6.8413 22.2588
v -14.9518 7.9443 22.5
v -14.4956 9.0521 22.7071
v -13.996 10.163 22.866
v -14.8978 7.7593 22
v -14.8636 7.8974 22.2588
v -14.3608 8.9679 22.5
v -13.8284 10.0412 22.7071
v -13.2526 11.1145 22.866
v -14.2836 8.8384 22
v -14.2761 8.915 22.2588
v -13.6999 9.9478 22.5
v -13.0939 10.9814 22.7071
v -12.4446 12.0119 22.866
v -13.5915 9.8691 22
v -13.6191 9.8891 22.2588
v -12.9722 10.8792 22.5
v -12.2956 11.868 22.7071
v -11.576 12.8507 22.866
v -12.8956 10.815 22.2588
v -12.1813 11.7576 22.5
v -11.4374 12.6968 22.7071
v -10.6509 13.6269 22.866
v -11.9887 11.7634 22
v -12.1094 11.6882 22.2588
v -12.8251 10.8459 22
v -11.2642 12.5045 22.2588
v -11.0867 12.6167 22
v -10.3641 13.2597 22.2588
v -10.4256 13.3384 22.5
v -9.4694 14.0332 22.5
v -9.5582 14.1649 22.7071
v -8.5465 14.7972 22.7071
v -8.65 14.9765 22.866
v -7.5838 15.5434 22.866
v -9.674 14.3366 22.866
v -10.5234 13.4637 22.7071
v -11.331 12.5787 22.5
v -10.1243 13.401 22
v -9.4135 13.9504 22.2588
v -8.467 14.6595 22.5
v -7.493 15.3573 22.7071
v -6.4807 16.0346 22.866
v -9.1065 14.1121 22
v -8.417 14.573 22.2588
v -7.4234 15.2145 22.5
v -6.4031 15.8426 22.7071
v -5.346 16.4476 22.866
v -8.039 14.7461 22
v -7.3796 15.1247 22.2588
v -6.3436 15.6952 22.5
v -5.282 16.2506 22.7071
v -4.1852 16.7804 22.866
v -6.9276 15.2995 22
v -6.3061 15.6026 22.2588
v -5.2329 16.0995 22.5
v -4.1351 16.5795 22.7071
v -3.0041 17.0315 22.866
v -5.7783 15.7693 22
v -5.202 16.0044 22.2588
v -4.0967 16.4253 22.5
v -2.9682 16.8275 22.7071
v -1.8083 17.1995 22.866
v -4.5975 16.153 22
v -4.0725 16.3283 22.2588
v -2.9405 16.671 22.5
v -1.7867 16.9936 22.7071
v -0.6038 17.2838 22.866
v -3.3916 16.4484 22
v -2.9232 16.5726 22.2588
v -1.7701 16.8355 22.5
v -0.5965 17.0768 22.7071
v 0.6038 17.2838 22.866
v -2.1672 16.6539 22
v -1.7596 16.7362 22.2588
v -0.591 16.918 22.5
v 0.5965 17.0768 22.7071
v 1.8083 17.1995 22.866
v -0.9309 16.7685 22
v -0.5875 16.8181 22.2588
v 0.591 16.918 22.5
v 1.7867 16.9936 22.7071
v 3.0041 17.0315 22.866
v 0.3104 16.7914 22
v 0.5875 16.8181 22.2588
v 1.7701 16.8355 22.5
v 2.9682 16.8275 22.7071
v 4.1852 16.7804 22.866
v 1.5501 16.7226 22
v 1.7596 16.7362 22.2588
v 2.9405 16.671 22.5
v 4.1352 16.5795 22.7071
v 5.346 16.4476 22.866
v 2.7813 16.5625 22
v 2.9232 16.5726 22.2588
v 4.0967 16.4253 22.5
v 5.282 16.2506 22.7071
v 6.4807 16.0346 22.866
v 3.9973 16.3118 22
v 4.0725 16.3283 22.2588
v 5.2329 16.0995 22.5
v 6.4031 15.8426 22.7071
v 7.5838 15.5434 22.866
v 5.1915 15.972 22
v 5.202 16.0044 22.2588
v 6.3436 15.6952 22.5
v 7.493 15.3573 22.7071
v 8.65 14.9765 22.866
v 6.3062 15.6026 22.2588
v 7.4234 15.2145 22.5
v 8.5465 14.7972 22.7071
v 9.674 14.3366 22.866
v 7.4884 15.033 22
v 7.3796 15.1247 22.2588
v 6.3573 15.545 22
v 8.417 14.573 22.2588
v 8.5786 14.4389 22
v 9.4135 13.9504 22.2588
v 9.4694 14.0332 22.5
v 10.4256 13.3384 22.5
v 10.5234 13.4637 22.7071
v 11.4374 12.6968 22.7071
v 11.576 12.8507 22.866
v 12.4446 12.0119 22.866
v 10.6509 13.6269 22.866
v 9.5582 14.1649 22.7071
v 8.467 14.6595 22.5
v 9.622 13.7659 22
v 10.3641 13.2597 22.2588
v 11.331 12.5787 22.5
v 12.2956 11.868 22.7071
v 13.2526 11.1145 22.866
v 10.6127 13.0177 22
v 11.2642 12.5045 22.2588
v 12.1813 11.7576 22.5
v 13.0939 10.9814 22.7071
v 13.996 10.163 22.866
v 11.5456 12.1984 22
v 12.1094 11.6882 22.2588
v 12.9722 10.8792 22.5
v 13.8284 10.0412 22.7071
v 14.6712 9.1619 22.866
v 12.4153 11.3124 22
v 12.8956 10.815 22.2588
v 13.6999 9.9478 22.5
v 14.4956 9.0521 22.7071
v 15.275 8.1161 22.866
v 13.2173 10.3646 22
v 13.6191 9.8891 22.2588
v 14.3608 8.9679 22.5
v 15.0921 8.0189 22.7071
v 15.8043 7.0308 22.866
v 13.9471 9.3601 22
v 14.2761 8.915 22.2588
v 14.9518 7.9443 22.5
v 15.6151 6.9466 22.7071
v 16.2567 5.9112 22.866
v 14.6007 8.3045 22
v 14.8636 7.8974 22.2588
v 15.47 6.882 22.5
v 16.0621 5.8404 22.7071
v 16.6298 4.7628 22.866
v 15.1746 7.2035 22
v 15.3787 6.8413 22.2588
v 15.9127 5.7861 22.5
v 16.4307 4.7057 22.7071
v 16.922 3.5912 22.866
v 15.6655 6.0632 22
v 15.8189 5.7519 22.2588
v 16.278 4.6619 22.5
v 16.7194 3.5481 22.7071
v 17.1316 2.402 22.866
v 16.071 4.8896 22
v 16.1819 4.6344 22.2588
v 16.5639 3.5151 22.5
v 16.9265 2.3732 22.7071
v 17.2579 1.2011 22.866
v 16.3886 3.6894 22
v 16.4662 3.4943 22.2588
v 16.7692 2.351 22.5
v 17.0513 1.1866 22.7071
v 16.6167 2.469 22
v 16.6702 2.3371 22.2588
v 16.8927 1.1756 22.5
v 16.7541 1.235 22
v 16.7931 1.1686 22.2588
v 17.079 -5.0205 23
v 16.8617 -4.8407 22.9659
v 16.922 -3.6026 22.866
v 17.3932 -3.7894 23
v 17.1579 -3.6527 22.9659
v 17.6188 -2.5389 23
v 1.2841 17.9484 23
v 0 17.9943 23
v 2.5617 17.8111 23
v 3.8262 17.5829 23
v 5.0712 17.2652 23
v 6.2904 16.8594 23
v 7.4775 16.3677 23
v 8.6265 15.7925 23
v 9.7315 15.1369 23
v 10.787 14.404 23
v 11.7875 13.5978 23
v 12.7279 12.7222 23
v 13.6035 11.7818 23
v 14.4097 10.7813 23
v 15.1426 9.7258 23
v 15.7982 8.6208 23
v 16.3734 7.4718 23
v 16.8651 6.2847 23
v 17.2709 5.0655 23
v 17.5886 3.8205 23
v 17.8168 2.556 23
v 17.9541 1.2784 23
v 18 -0.0057 23
v 17.9541 -1.2898 23
v 17.8168 -2.5674 23
v 17.5886 -3.8319 23
v 17.2709 -5.0769 23
v 16.8651 -6.2961 23
v 16.3734 -7.4832 23
v 15.7982 -8.6322 23
v 15.1426 -9.7372 23
v 14.4097 -10.7927 23
v 13.6035 -11.7932 23
v 12.7279 -12.7336 23
v 11.7875 -13.6092 23
v 10.787 -14.4154 23
v 9.7315 -15.1483 23
v 8.6265 -15.8039 23
v 7.4775 -16.3791 23
v 6.2904 -16.8708 23
v 5.0712 -17.2766 23
v 3.8262 -17.5943 23
v 2.5617 -17.8225 23
v 1.2841 -17.9598 23
v 0 -18.0057 23
v -1.2841 -17.9598 23
v -2.5617 17.8111 23
v -1.2841 17.9484 23
v -3.8262 17.5829 23
v -5.0712 17.2652 23
v -6.2904 16.8594 23
v -7.4775 16.3677 23
v -8.6265 15.7925 23
v -9.7315 15.1369 23
v -10.787 14.404 23
v -11.7875 13.5978 23
v -12.7279 12.7222 23
v -13.6035 11.7818 23
v -14.4097 10.7813 23
v -15.1426 9.7258 23
v -15.7982 8.6208 23
v -16.3734 7.4718 23
v -16.8651 6.2847 23
v -17.2709 5.0655 23
v -17.5886 3.8205 23
v -17.8168 2.556 23
v -17.9541 1.2784 23
v -18 -0.0057 23
v -17.9541 -1.2898 23
v -17.8168 -2.5674 23
v -17.5886 -3.8319 23
v -17.2709 -5.0769 23
v -16.8651 -6.2961 23
v -16.3734 -7.4832 23
v -15.7982 -8.6322 23
v -15.1426 -9.7372 23
v -14.4097 -10.7927 23
v -13.6035 -11.7932 23
v -12.7279 -12.7336 23
v -11.7875 -13.6092 23
v -10.787 -14.4154 23
v -9.7315 -15.1483 23
v -8.6265 -15.8039 23
v -7.4775 -16.3791 23
v -6.2904 -16.8708 23
v -5.0712 -17.2766 23
v -3.8262 -17.5943 23
v -2.5617 -17.8225 23
v 16.7541 -1.2464 13
v 16.8 -0.0057 13
v 16.6167 -2.4804 13
v 16.3886 -3.7008 13
v 16.071 -4.901 13
v 15.6655 -6.0746 13
v 15.1746 -7.2149 13
v 14.6007 -8.3159 13
v 13.9471 -9.3715 13
v 13.2173 -10.376 13
v 12.4153 -11.3238 13
v 11.5456 -12.2098 13
v 10.6127 -13.0291 13
v 9.622 -13.7773 13
v 8.5786 -14.4503 13
v 7.4884 -15.0444 13
v 6.3573 -15.5564 13
v 5.1915 -15.9835 13
v 3.9973 -16.3232 13
v 2.7813 -16.5739 13
v 1.5501 -16.734 13
v 0.3104 -16.8028 13
v -0.9309 -16.7799 13
v -2.1672 -16.6653 13
v -3.3916 -16.4598 13
v -4.5975 -16.1644 13
v -5.7783 -15.7807 13
v -6.9276 -15.3109 13
v -8.039 -14.7575 13
v -9.1065 -14.1235 13
v -10.1243 -13.4124 13
v -11.0867 -12.6281 13
v -11.9887 -11.7748 13
v -12.8251 -10.8573 13
v -13.5915 -9.8805 13
v -14.2836 -8.8498 13
v -14.8978 -7.7707 13
v -15.4306 -6.6493 13
v -15.8791 -5.4916 13
v -16.2409 -4.3039 13
v -16.5139 -3.0927 13
v -16.6968 -1.8647 13
v -16.7885 -0.6265 13
v -16.7885 0.6151 13
v -16.6968 1.8533 13
v -16.5139 3.0813 13
v -16.2409 4.2924 13
v -15.8791 5.4802 13
v -15.4306 6.6379 13
v -14.8978 7.7593 13
v -14.2836 8.8384 13
v -13.5915 9.8691 13
v -12.8251 10.8459 13
v -11.9887 11.7634 13
v -11.0867 12.6167 13
v -10.1243 13.401 13
v -9.1065 14.1121 13
v -8.039 14.7461 13
v -6.9276 15.2995 13
v -5.7783 15.7693 13
v -4.5975 16.153 13
v -3.3916 16.4484 13
v -2.1672 16.6539 13
v -0.9309 16.7685 13
v 0.3104 16.7914 13
v 1.5501 16.7226 13
v 2.7813 16.5625 13
v 3.9973 16.3118 13
v 5.1915 15.972 13
v 6.3573 15.545 13
v 7.4884 15.033 13
v 8.5786 14.4389 13
v 9.622 13.7659 13
v 10.6127 13.0177 13
v 11.5456 12.1984 13
v 12.4153 11.3124 13
v 13.2173 10.3646 13
v 13.9471 9.3601 13
v 14.6007 8.3045 13
v 15.1746 7.2035 13
v 15.6655 6.0632 13
v 16.071 4.8896 13
v 16.3886 3.6894 13
v 16.6167 2.469 13
v 16.7541 1.235 13
v -0.3371 19.9477 21.4158
v -1.6833 19.8795 21.4158
v -3.0219 19.7205 21.4158
v -3.0024 19.5927 21.8135
v -4.3186 19.3453 21.8135
v -4.2731 19.1413 22.1756
v -5.5559 18.8092 22.1756
v -5.4767 18.5408 22.4863
v -6.7163 18.1288 22.4863
v -6.5988 17.8116 22.732
v -7.7866 17.3255 22.732
v -7.63 16.977 22.9021
v -8.7591 16.4232 22.9021
v -8.5667 16.0623 22.989
v -9.6319 15.4473 22.989
v -7.4624 16.604 22.989
v -6.4661 17.4534 22.9021
v -5.3809 18.2164 22.732
v -4.2121 18.8683 22.4863
v -2.9707 19.3861 22.1756
v -1.6724 19.7507 21.8135
v -4.3468 19.4714 21.4158
v -5.6151 19.0096 21.8135
v -6.8134 18.3911 22.1756
v -7.9252 17.634 22.4863
v -8.9388 16.7602 22.732
v -9.8483 15.7944 22.9021
v -10.6532 14.7618 22.989
v -5.6517 19.1336 21.4158
v -6.8861 18.5872 21.8135
v -8.0399 17.8892 22.1756
v -9.098 17.0587 22.4863
v -10.0503 16.1185 22.732
v -10.8925 15.0935 22.9021
v -11.6258 14.0089 22.989
v -6.9309 18.7084 21.4158
v -8.1255 18.0799 21.8135
v -9.2296 17.3056 22.1756
v -10.2292 16.4056 22.4863
v -11.1159 15.4033 22.732
v -11.887 14.3237 22.9021
v -12.5454 13.1921 22.989
v -8.1785 18.1978 21.4158
v -9.328 17.4901 21.8135
v -10.3772 16.643 22.1756
v -11.3138 15.6776 22.4863
v -12.1308 14.6177 22.732
v -12.8272 13.4885 22.9021
v -13.4078 12.315 22.989
v -9.3887 17.6041 21.4158
v -10.4878 16.8204 21.8135
v -11.4775 15.9045 22.1756
v -12.3468 14.878 22.4863
v -13.0904 13.7654 22.732
v -13.7089 12.5918 22.9021
v -14.209 11.3818 22.989
v -10.5562 16.9301 21.4158
v -11.5998 16.074 21.8135
v -12.5254 15.0933 22.1756
v -13.3234 14.0105 22.4863
v -13.9902 12.8502 22.732
v -14.5281 11.6375 22.9021
v -14.9453 10.3966 22.989
v -11.6754 16.1788 21.4158
v -12.6589 15.2542 21.8135
v -13.5162 14.2133 22.1756
v -14.2393 13.0791 22.4863
v -14.8262 11.8764 22.732
v -15.281 10.6302 22.9021
v -15.6135 9.3639 22.989
v -12.7414 15.3537 21.4158
v -13.6602 14.3648 21.8135
v -14.4453 13.2684 22.1756
v -15.0901 12.0879 22.4863
v -15.5945 10.8484 22.732
v -15.9642 9.5743 22.9021
v -16.2104 8.2884 22.989
v -13.7492 14.4585 21.4158
v -14.5992 13.4098 21.8135
v -15.3084 12.2629 22.1756
v -15.8721 11.0416 22.4863
v -16.2917 9.7708 22.732
v -16.5745 8.4747 22.9021
v -16.7334 7.1751 22.989
v -14.6943 13.4973 21.4158
v -15.4716 12.3937 21.8135
v -16.1018 11.2015 22.1756
v -16.5817 9.9449 22.4863
v -16.9145 8.6487 22.732
v -17.1092 7.3364 22.9021
v -17.18 6.0291 22.989
v -15.5724 12.4745 21.4158
v -16.2734 11.3209 21.8135
v -16.8216 10.0889 22.1756
v -17.2157 8.8028 22.4863
v -17.4602 7.4871 22.732
v -17.5658 6.1646 22.9021
v -17.5482 4.8555 22.989
v -16.3794 11.3947 21.4158
v -17.0009 10.1964 21.8135
v -17.4647 8.9302 22.1756
v -17.771 7.6204 22.4863
v -17.9262 6.2912 22.732
v -17.9423 4.9647 22.9021
v -17.8363 3.6597 22.989
v -17.1117 10.2629 21.4158
v -17.6508 9.0254 21.8135
v -18.0281 7.7308 22.1756
v -18.2453 6.4033 22.4863
v -18.3104 5.0667 22.732
v -18.2369 3.7421 22.9021
v -18.0431 2.4473 22.989
v -17.7659 9.0843 21.4158
v -18.2203 7.8132 21.8135
v -18.5093 6.4961 22.1756
v -18.6364 5.157 22.4863
v -18.6111 3.819 22.732
v -18.4483 2.5024 22.9021
v -18.1675 1.2236 22.989
v -18.339 7.8642 21.4158
v -18.7065 6.5653 21.8135
v -18.906 5.2317 22.1756
v -18.9424 3.8871 22.4863
v -18.8268 2.5538 22.732
v -18.5756 1.2512 22.9021
v -18.2091 -0.0057 22.989
v -18.1675 -1.235 22.989
v -18.0431 -2.4587 22.989
v -17.8363 -3.6712 22.989
v -17.5482 -4.8669 22.989
v -17.18 -6.0405 22.989
v -16.7334 -7.1866 22.989
v -16.2104 -8.2998 22.989
v -15.6135 -9.3753 22.989
v -14.9453 -10.408 22.989
v -14.209 -11.3932 22.989
v -13.4078 -12.3265 22.989
v -12.5454 -13.2035 22.989
v -11.6258 -14.0203 22.989
v -10.6532 -14.7732 22.989
v -9.6319 -15.4587 22.989
v -8.5667 -16.0737 22.989
v -7.4624 -16.6154 22.989
v -6.3241 -17.0813 22.989
v -5.1569 -17.4693 22.989
v -3.9662 -17.7776 22.989
v -5.2727 -17.8615 22.9021
v -4.0553 -18.1767 22.9021
v -5.3809 -18.2278 22.732
v -4.1385 -18.5495 22.732
v -5.4767 -18.5522 22.4863
v -4.2121 -18.8797 22.4863
v -5.5559 -18.8206 22.1756
v -4.2731 -19.1527 22.1756
v -5.6151 -19.0211 21.8135
v -4.3186 -19.3568 21.8135
v -5.6517 -19.145 21.4158
v -4.3468 -19.4829 21.4158
v -3.0219 -19.7319 21.4158
v -1.6833 -19.8909 21.4158
v -1.6724 -19.7621 21.8135
v -0.3349 -19.83 21.8135
v -0.3313 -19.6209 22.1756
v 0.9936 -19.5986 22.1756
v 0.9795 -19.3191 22.4863
v 2.2811 -19.209 22.4863
v 2.2412 -18.8731 22.732
v 3.5098 -18.6787 22.732
v 3.4392 -18.3033 22.9021
v 4.6667 -18.0294 22.9021
v 4.5641 -17.6335 22.989
v 5.7438 -17.2851 22.989
v 3.3637 -17.9014 22.989
v 2.1961 -18.4938 22.9021
v 0.9623 -18.9813 22.732
v -0.3266 -19.3412 22.4863
v -1.6548 -19.5538 22.1756
v -3.0024 -19.6042 21.8135
v -18.8284 6.6082 21.4158
v -19.1075 5.2875 21.8135
v -19.2165 3.9434 22.1756
v -19.162 2.5994 22.4863
v -18.9567 1.277 22.732
v -18.618 -0.0057 22.9021
v -19.232 5.322 21.4158
v -19.4212 3.9855 21.8135
v -19.4392 2.6371 22.1756
v -19.2941 1.2998 22.4863
v -19 -0.0057 22.732
v -18.5756 -1.2626 22.9021
v -19.5478 4.0115 21.4158
v -19.6464 2.6652 21.8135
v -19.5733 1.3187 22.1756
v -19.3383 -0.0057 22.4863
v -18.9567 -1.2884 22.732
v -18.4483 -2.5138 22.9021
v -19.7744 2.6826 21.4158
v -19.7819 1.3328 21.8135
v -19.618 -0.0057 22.1756
v -19.2941 -1.3112 22.4863
v -18.8268 -2.5652 22.732
v -18.2369 -3.7535 22.9021
v -19.9108 1.3415 21.4158
v -19.8271 -0.0057 21.8135
v -19.5733 -1.3301 22.1756
v -19.162 -2.6108 22.4863
v -18.6111 -3.8304 22.732
v -17.9423 -4.9761 22.9021
v -19.9563 -0.0057 21.4158
v -19.7819 -1.3442 21.8135
v -19.4392 -2.6485 22.1756
v -18.9424 -3.8985 22.4863
v -18.3104 -5.0781 22.732
v -17.5658 -6.1761 22.9021
v -19.9108 -1.353 21.4158
v -19.6464 -2.6766 21.8135
v -19.2165 -3.9548 22.1756
v -18.6364 -5.1684 22.4863
v -17.9262 -6.3026 22.732
v -17.1092 -7.3478 22.9021
v -19.7744 -2.694 21.4158
v -19.4212 -3.9969 21.8135
v -18.906 -5.2431 22.1756
v -18.2453 -6.4147 22.4863
v -17.4602 -7.4985 22.732
v -16.5745 -8.4861 22.9021
v -19.5478 -4.0229 21.4158
v -19.1075 -5.2989 21.8135
v -18.5093 -6.5075 22.1756
v -17.771 -7.6319 22.4863
v -16.9145 -8.6601 22.732
v -15.9642 -9.5857 22.9021
v -19.232 -5.3334 21.4158
v -18.7065 -6.5767 21.8135
v -18.0281 -7.7422 22.1756
v -17.2157 -8.8142 22.4863
v -16.2917 -9.7823 22.732
v -15.281 -10.6416 22.9021
v -18.8284 -6.6196 21.4158
v -18.2203 -7.8246 21.8135
v -17.4647 -8.9416 22.1756
v -16.5817 -9.9563 22.4863
v -15.5945 -10.8598 22.732
v -14.5281 -11.6489 22.9021
v -18.339 -7.8756 21.4158
v -17.6508 -9.0368 21.8135
v -16.8216 -10.1003 22.1756
v -15.8721 -11.053 22.4863
v -14.8262 -11.8878 22.732
v -13.7089 -12.6032 22.9021
v -17.7659 -9.0957 21.4158
v -17.0009 -10.2078 21.8135
v -16.1018 -11.2129 22.1756
v -15.0901 -12.0994 22.4863
v -13.9902 -12.8616 22.732
v -12.8272 -13.4999 22.9021
v -17.1117 -10.2743 21.4158
v -16.2734 -11.3323 21.8135
v -15.3084 -12.2743 22.1756
v -14.2393 -13.0905 22.4863
v -13.0904 -13.7768 22.732
v -11.887 -14.3351 22.9021
v -16.3794 -11.4061 21.4158
v -15.4716 -12.4051 21.8135
v -14.4453 -13.2798 22.1756
v -13.3234 -14.0219 22.4863
v -12.1308 -14.6291 22.732
v -10.8925 -15.1049 22.9021
v -15.5724 -12.4859 21.4158
v -14.5992 -13.4213 21.8135
v -13.5162 -14.2247 22.1756
v -12.3468 -14.8894 22.4863
v -11.1159 -15.4147 22.732
v -9.8483 -15.8058 22.9021
v -14.6943 -13.5087 21.4158
v -13.6602 -14.3762 21.8135
v -12.5254 -15.1047 22.1756
v -11.3138 -15.689 22.4863
v -10.0503 -16.1299 22.732
v -8.7591 -16.4346 22.9021
v -13.7492 -14.4699 21.4158
v -12.6589 -15.2656 21.8135
v -11.4775 -15.9159 22.1756
v -10.2292 -16.417 22.4863
v -8.9388 -16.7717 22.732
v -7.63 -16.9884 22.9021
v -12.7414 -15.3651 21.4158
v -11.5998 -16.0854 21.8135
v -10.3772 -16.6544 22.1756
v -9.098 -17.0701 22.4863
v -7.7866 -17.3369 22.732
v -6.4661 -17.4648 22.9021
v -11.6754 -16.1902 21.4158
v -10.4878 -16.8319 21.8135
v -9.2296 -17.317 22.1756
v -7.9252 -17.6454 22.4863
v -6.5988 -17.823 22.732
v -10.5562 -16.9415 21.4158
v -9.328 -17.5015 21.8135
v -8.0399 -17.9006 22.1756
v -6.7163 -18.1402 22.4863
v -9.3887 -17.6155 21.4158
v -8.1255 -18.0913 21.8135
v -6.8134 -18.4026 22.1756
v -8.1785 -18.2092 21.4158
v -6.8861 -18.5986 21.8135
v -6.9309 -18.7198 21.4158
v -0.3371 -19.9592 21.4158
v 1.0042 -19.8073 21.8135
v 2.3141 -19.4868 22.1756
v 3.5723 -19.0112 22.4863
v 4.7624 -18.3992 22.732
v 5.8728 -17.6732 22.9021
v 6.8972 -16.858 22.989
v 1.0108 -19.9364 21.4158
v 2.3387 -19.6944 21.8135
v 3.624 -19.2861 22.1756
v 4.8472 -18.7266 22.4863
v 5.9933 -18.0357 22.732
v 7.0521 -17.2365 22.9021
v 8.0192 -16.3539 22.989
v 2.354 -19.8227 21.4158
v 3.6626 -19.4916 21.8135
v 4.9173 -18.9975 22.1756
v 6.1 -18.3567 22.4863
v 7.1968 -17.59 22.732
v 8.1993 -16.7211 22.9021
v 9.1045 -15.7752 22.989
v 3.6864 -19.6186 21.4158
v 4.9697 -19.1999 21.8135
v 6.1882 -18.6222 22.1756
v 7.3249 -17.903 22.4863
v 8.3675 -17.064 22.732
v 9.309 -16.1294 22.9021
v 10.1484 -15.1246 22.989
v 5.0021 -19.3249 21.4158
v 6.2542 -18.8206 21.8135
v 7.4309 -18.1619 22.1756
v 8.5165 -17.3677 22.4863
v 9.5 -16.4602 22.732
v 10.3763 -15.4642 22.9021
v 11.1459 -14.405 22.989
v 6.2949 -18.9432 21.4158
v 7.5101 -18.3554 21.8135
v 8.6397 -17.6189 22.1756
v 9.6691 -16.7531 22.4863
v 10.5892 -15.7813 22.732
v 11.3962 -14.7284 22.9021
v 12.0925 -13.6197 22.989
v 7.559 -18.475 21.4158
v 8.7317 -17.8066 21.8135
v 9.809 -16.9954 22.1756
v 10.7777 -16.0622 22.4863
v 11.63 -15.0304 22.732
v 12.3641 -13.9255 22.9021
v 12.984 -12.7723 22.989
v 8.7886 -17.9226 21.4158
v 9.9136 -17.1765 21.8135
v 10.9336 -16.2945 22.1756
v 11.8371 -15.2979 22.4863
v 12.6178 -14.211 22.732
v 13.2756 -13.059 22.9021
v 13.8163 -11.8666 22.989
v 9.9781 -17.2884 21.4158
v 11.0501 -16.468 21.8135
v 12.0083 -15.5192 22.1756
v 12.8424 -14.4639 22.4863
v 13.548 -13.3268 22.732
v 14.1266 -12.133 22.9021
v 14.5855 -10.9068 22.989
v 15.2881 -9.8973 22.989
v 15.921 -8.8426 22.989
v 16.4813 -7.7476 22.989
v 16.9663 -6.6173 22.989
v 17.374 -5.4568 22.989
v 17.7023 -4.2715 22.989
v 17.9499 -3.0667 22.989
v 18.1156 -1.8479 22.989
v 18.1987 -0.6207 22.989
v 18.1987 0.6093 22.989
v 18.1156 1.8365 22.989
v 17.9499 3.0553 22.989
v 17.7023 4.2601 22.989
v 17.374 5.4454 22.989
v 16.9663 6.6059 22.989
v 16.4813 7.7362 22.989
v 15.921 8.8312 22.989
v 15.2881 9.8858 22.989
v 14.5855 10.8954 22.989
v 13.8163 11.8552 22.989
v 14.9131 11.1402 22.9021
v 14.1266 12.1216 22.9021
v 15.219 11.3689 22.732
v 14.4164 12.3704 22.732
v 15.49 11.5714 22.4863
v 14.6731 12.5907 22.4863
v 15.7141 11.7389 22.1756
v 14.8853 12.7729 22.1756
v 15.8815 11.864 21.8135
v 15.044 12.9091 21.8135
v 15.985 11.9414 21.4158
v 15.142 12.9933 21.4158
v 14.2299 13.9859 21.4158
v 13.2529 14.9146 21.4158
v 13.1671 14.818 21.8135
v 12.1363 15.6731 21.8135
v 12.0083 15.5078 22.1756
v 10.9336 16.283 22.1756
v 10.7777 16.0508 22.4863
v 9.6691 16.7417 22.4863
v 9.5 16.4488 22.732
v 8.3675 17.0526 22.732
v 8.1993 16.7097 22.9021
v 7.0521 17.225 22.9021
v 6.8972 16.8465 22.989
v 5.7438 17.2737 22.989
v 8.0192 16.3425 22.989
v 9.309 16.118 22.9021
v 10.5892 15.7699 22.732
v 11.8371 15.2865 22.4863
v 13.0282 14.6617 22.1756
v 14.1378 13.8953 21.8135
v 11.1221 -16.5753 21.4158
v 12.1363 -15.6845 21.8135
v 13.0282 -14.6731 22.1756
v 13.7892 -13.564 22.4863
v 14.4164 -12.3818 22.732
v 14.9131 -11.1516 22.9021
v 12.2154 -15.7867 21.4158
v 13.1671 -14.8294 21.8135
v 13.9887 -13.7601 22.1756
v 14.6731 -12.6021 22.4863
v 15.219 -11.3803 22.732
v 15.6315 -10.1194 22.9021
v 13.2529 -14.926 21.4158
v 14.1378 -13.9067 21.8135
v 14.8853 -12.7844 22.1756
v 15.49 -11.5828 22.4863
v 15.9522 -10.3269 22.732
v 16.2786 -9.0411 22.9021
v 14.2299 -13.9973 21.4158
v 15.044 -12.9205 21.8135
v 15.7141 -11.7503 22.1756
v 16.2362 -10.5107 22.4863
v 16.6126 -9.2264 22.732
v 16.8515 -7.9215 22.9021
v 15.142 -13.0047 21.4158
v 15.8815 -11.8754 21.8135
v 16.4711 -10.6626 22.1756
v 16.9083 -9.3906 22.4863
v 17.1972 -8.0839 22.732
v 17.3474 -6.7658 22.9021
v 15.985 -11.9528 21.4158
v 16.6466 -10.7762 21.8135
v 17.153 -9.5264 22.1756
v 17.5033 -8.2277 22.4863
v 17.7033 -6.9045 22.732
v 17.7642 -5.5793 22.9021
v 16.7551 -10.8464 21.4158
v 17.3358 -9.6278 21.8135
v 17.7566 -8.3467 22.1756
v 18.0185 -7.0273 22.4863
v 18.1286 -5.6936 22.732
v 18.0999 -4.3673 22.9021
v 17.4487 -9.6905 21.4158
v 17.9458 -8.4355 21.8135
v 18.2792 -7.1289 22.1756
v 18.4514 -5.7949 22.4863
v 18.4713 -4.4568 22.732
v 18.3531 -3.1354 22.9021
v 18.0627 -8.4905 21.4158
v 18.4739 -7.2048 21.8135
v 18.7183 -5.8786 22.1756
v 18.8001 -4.536 22.4863
v 18.7296 -3.1996 22.732
v 18.5225 -1.8893 22.9021
v 18.5943 -7.2517 21.4158
v 18.9178 -5.9412 21.8135
v 19.0721 -4.6015 22.1756
v 19.0631 -3.2565 22.4863
v 18.9025 -1.9279 22.732
v 18.6074 -0.6345 22.9021
v 19.0411 -5.9799 21.4158
v 19.2754 -4.6505 21.8135
v 19.3389 -3.3035 22.1756
v 19.239 -1.9621 22.4863
v 18.9892 -0.6474 22.732
v 18.6074 0.6231 22.9021
v 19.401 -4.6808 21.4158
v 19.5449 -3.3387 21.8135
v 19.5174 -1.9904 22.1756
v 19.3272 -0.6588 22.4863
v 18.9892 0.636 22.732
v 18.5225 1.8779 22.9021
v 19.6723 -3.3604 21.4158
v 19.7254 -2.0116 21.8135
v 19.6068 -0.6683 22.1756
v 19.3272 0.6474 22.4863
v 18.9025 1.9165 22.732
v 18.3531 3.124 22.9021
v 19.8539 -2.0246 21.4158
v 19.8158 -0.6753 21.8135
v 19.6068 0.6569 22.1756
v 19.239 1.9507 22.4863
v 18.7296 3.1882 22.732
v 18.0999 4.3559 22.9021
v 19.9449 -0.6797 21.4158
v 19.8158 0.6639 21.8135
v 19.5174 1.979 22.1756
v 19.0631 3.2451 22.4863
v 18.4713 4.4454 22.732
v 17.7642 5.5678 22.9021
v 19.9449 0.6683 21.4158
v 19.7254 2.0002 21.8135
v 19.3389 3.2921 22.1756
v 18.8001 4.5246 22.4863
v 18.1286 5.6822 22.732
v 17.3474 6.7544 22.9021
v 19.8539 2.0132 21.4158
v 19.5449 3.3272 21.8135
v 19.0721 4.5901 22.1756
v 18.4514 5.7835 22.4863
v 17.7033 6.8931 22.732
v 16.8515 7.9101 22.9021
v 19.6723 3.349 21.4158
v 19.2754 4.6391 21.8135
v 18.7183 5.8672 22.1756
v 18.0185 7.0159 22.4863
v 17.1972 8.0725 22.732
v 16.2786 9.0297 22.9021
v 19.401 4.6694 21.4158
v 18.9178 5.9298 21.8135
v 18.2792 7.1175 22.1756
v 17.5033 8.2163 22.4863
v 16.6126 9.215 22.732
v 15.6315 10.108 22.9021
v 19.0411 5.9685 21.4158
v 18.4739 7.1934 21.8135
v 17.7566 8.3353 22.1756
v 16.9083 9.3792 22.4863
v 15.9522 10.3155 22.732
v 18.5943 7.2403 21.4158
v 17.9458 8.4241 21.8135
v 17.153 9.515 22.1756
v 16.2362 10.4993 22.4863
v 18.0627 8.4791 21.4158
v 17.3358 9.6164 21.8135
v 16.4711 10.6512 22.1756
v 17.4487 9.6791 21.4158
v 16.6466 10.7648 21.8135
v 16.7551 10.835 21.4158
v 12.2154 15.7752 21.4158
v 11.0501 16.4566 21.8135
v 9.809 16.984 22.1756
v 8.5165 17.3563 22.4863
v 7.1968 17.5786 22.732
v 5.8728 17.6618 22.9021
v 4.5641 17.6221 22.989
v 11.1221 16.5639 21.4158
v 9.9136 17.1651 21.8135
v 8.6397 17.6075 22.1756
v 7.3249 17.8916 22.4863
v 5.9933 18.0243 22.732
v 4.6667 18.018 22.9021
v 3.3637 17.89 22.989
v 9.9781 17.277 21.4158
v 8.7317 17.7951 21.8135
v 7.4309 18.1505 22.1756
v 6.1 18.3453 22.4863
v 4.7624 18.3878 22.732
v 3.4392 18.2919 22.9021
v 2.1479 18.0762 22.989
v 8.7886 17.9111 21.4158
v 7.5101 18.344 21.8135
v 6.1882 18.6108 22.1756
v 4.8472 18.7152 22.4863
v 3.5098 18.6673 22.732
v 2.1961 18.4824 22.9021
v 0.9223 18.18 22.989
v 7.559 18.4636 21.4158
v 6.2542 18.8092 21.8135
v 4.9173 18.9861 22.1756
v 3.5723 18.9997 22.4863
v 2.2412 18.8617 22.732
v 0.943 18.5884 22.9021
v -0.3075 18.2008 22.989
v 6.2949 18.9318 21.4158
v 4.9697 19.1884 21.8135
v 3.624 19.2747 22.1756
v 2.2811 19.1975 22.4863
v 0.9623 18.9699 22.732
v -0.3144 18.6097 22.9021
v -1.5359 18.1385 22.989
v 5.0021 19.3135 21.4158
v 3.6626 19.4802 21.8135
v 2.3141 19.4754 22.1756
v 0.9795 19.3077 22.4863
v -0.3209 18.9916 22.732
v -1.5704 18.546 22.9021
v -2.7574 17.9934 22.989
v 3.6864 19.6071 21.4158
v 2.3387 19.683 21.8135
v 0.9936 19.5872 22.1756
v -0.3266 19.3298 22.4863
v -1.6027 18.9266 22.732
v -2.8193 18.3976 22.9021
v -3.9662 17.7662 22.989
v 2.354 19.8113 21.4158
v 1.0042 19.7959 21.8135
v -0.3313 19.6095 22.1756
v -1.6312 19.2636 22.4863
v -2.8771 18.7752 22.732
v -4.0553 18.1653 22.9021
v -5.1569 17.4579 22.989
v -6.3241 17.0699 22.989
v 1.0108 19.925 21.4158
v -0.3349 19.8186 21.8135
v -1.6548 19.5424 22.1756
v -2.9284 19.1096 22.4863
v -4.1385 18.5381 22.732
v -5.2727 17.8501 22.9021
v 9.1045 15.7638 22.989
v 10.3763 15.4528 22.9021
v 11.63 15.019 22.732
v 12.8424 14.4525 22.4863
v 13.9887 13.7487 22.1756
v 10.1484 15.1132 22.989
v 11.3962 14.717 22.9021
v 12.6178 14.1996 22.732
v 13.7892 13.5525 22.4863
v 11.1459 14.3936 22.989
v 12.3641 13.914 22.9021
v 13.548 13.3154 22.732
v 12.0925 13.6083 22.989
v 13.2756 13.0476 22.9021
v 12.984 12.7608 22.989
v 2.1479 -18.0876 22.989
v 0.943 -18.5998 22.9021
v -0.3209 -19.003 22.732
v -1.6312 -19.275 22.4863
v -2.9707 -19.3975 22.1756
v 0.9223 -18.1914 22.989
v -0.3144 -18.6211 22.9021
v -1.6027 -18.938 22.732
v -2.9284 -19.121 22.4863
v -0.3075 -18.2122 22.989
v -1.5704 -18.5574 22.9021
v -2.8771 -18.7866 22.732
v -1.5359 -18.1499 22.989
v -2.8193 -18.409 22.9021
v -2.7574 -18.0048 22.989
v 0 14.7443 13
v -0.7578 14.7242 13
v 0 14.7324 12.8918
v -1.0739 14.6933 12.9266
v -1.0713 14.6584 12.8235
v -2.1369 14.5413 12.8583
v -2.1287 14.4855 12.7653
v -3.1789 14.2918 12.8001
v -2.9027 14.2736 12.7127
v -3.6147 14.1102 12.7367
v -2.1835 14.4012 12.6888
v -1.4587 14.4925 12.6649
v -1.0672 14.602 12.7304
v -0.7303 14.5474 12.6409
v 0 14.641 12.6956
v 0 14.5657 12.617
v 0 14.6974 12.7887
v -1.5128 14.6641 13
v -2.142 14.576 12.9614
v -3.1912 14.347 12.8932
v -4.2122 14.0222 12.8349
v -4.3176 13.9113 12.7606
v -2.2635 14.5641 13
v -3.0082 14.4243 13
v -3.1988 14.3811 12.9962
v -3.7449 14.2452 13
v -4.2285 14.0763 12.928
v -4.4706 14.0272 13
v -5.1833 13.771 13
v -5.2433 13.7308 12.9628
v -5.8816 13.4771 13
v -6.2063 13.2611 12.9045
v -6.2302 13.3122 12.9976
v -6.5627 13.1464 13
v -7.1565 12.7736 12.9394
v -7.2162 12.7848 13
v -7.839 12.3959 13
v -8.0686 12.2182 12.9742
v -8.4306 11.982 13
v -8.2475 12.007 12.9042
v -8.9906 11.5455 13
v -8.8391 11.5786 12.9282
v -9.4086 11.121 12.9521
v -5.2231 13.678 12.8697
v -5.6891 13.4092 12.8085
v -6.3543 13.1072 12.8324
v -5.0097 13.6775 12.7845
v -7.6351 12.4052 12.8803
v -7.0035 12.7723 12.8564
v -9.5183 11.0887 13
v -10.0134 10.6139 13
v -9.9544 10.6355 12.9761
v -10.4752 10.1233 13
v -9.8987 9.6325 12.3644
v -9.2357 10.2695 12.3326
v -8.5319 10.861 12.3008
v -7.7902 11.4044 12.269
v -11.2257 9.212 13
v -10.5178 8.9527 12.3962
v -10.8599 9.675 13
v -11.0904 8.2333 12.4279
v -11.5722 8.7348 13
v -11.8989 8.2439 13
v -11.6138 7.4775 12.4597
v -12.2055 7.7401 13
v -12.4913 7.2238 13
v -12.0858 6.6884 12.4915
v -12.7561 6.6957 13
v -12.5043 5.8697 12.5233
v -12.9989 6.1575 13
v -13.2192 5.6102 13
v -12.8674 5.0251 12.5551
v -13.4167 5.0547 13
v -13.5912 4.4915 13
v -13.1735 4.1581 12.5869
v -13.7423 3.9214 13
v -13.4213 3.2727 12.6186
v -13.8699 3.3451 13
v -13.9736 2.7636 13
v -13.6096 2.3727 12.6504
v -14.053 2.1792 13
v -13.7377 1.4623 12.6822
v -14.108 1.5928 13
v -14.1386 1.0051 13
v -13.8049 0.5453 12.714
v -14.1447 0.4171 13
v -14.1264 -0.1707 13
v -13.811 -0.3741 12.7458
v -14.0837 -0.7573 13
v -13.7559 -1.2919 12.7775
v -14.0164 -1.3421 13
v -13.9246 -1.9243 13
v -13.6399 -2.204 12.8093
v -13.8082 -2.5031 13
v -13.4635 -3.1063 12.8411
v -13.6677 -3.076 13
v -13.5034 -3.6417 13
v -13.2274 -3.9949 12.8729
v -13.3157 -4.1993 13
v -13.1047 -4.7481 13
v -12.9328 -4.8659 12.9047
v -12.8709 -5.2874 13
v -12.5809 -5.7153 12.9364
v -12.6144 -5.8165 13
v -12.3355 -6.3345 13
v -12.1733 -6.5394 12.9682
v -12.0345 -6.8408 13
v -11.7118 -7.3346 13
v -7.014 11.8973 12.2373
v -6.2068 12.3375 12.2055
v -5.3721 12.723 12.1737
v -4.5136 13.0521 12.1419
v -3.6351 13.3234 12.1101
v -2.7405 13.5356 12.0784
v -1.8338 13.6879 12.0466
v -0.9189 13.7796 12.0148
v 0 13.8102 11.983
v 0 14.7443 7
v -0.7374 14.7253 7
v -0.7551 14.725 7
v -0.7957 14.7228 7
v -0.8715 14.7185 7
v -1.4717 14.6684 7
v -0.9939 14.7108 7
v -1.1521 14.6992 7
v -1.6792 14.6484 7
v -2.2014 14.5739 7
v -2.0562 14.6003 7
v -2.2972 14.5643 7
v -2.9249 14.442 7
v -2.9794 14.4402 7
v -3.4283 14.3404 7
v -3.6407 14.2731 7
v -4.5384 14.0287 7
v -4.3473 14.0672 7
v -5.0432 13.8248 7
v -5.6208 13.6313 7
v -5.7265 13.5462 7
v -6.3939 13.2326 7
v -6.6688 13.1506 7
v -7.0437 12.8847 7
v -7.6761 12.5895 7
v -7.6743 12.5032 7
v -8.2842 12.0888 7
v -8.6365 11.9515 7
v -8.8715 11.6423 7
v -9.5441 11.2403 7
v -9.4338 11.165 7
v -9.9691 10.6583 7
v -10.3934 10.4605 7
v -10.4752 10.1233 7
v -11.1791 9.6166 7
v -10.8598 9.6751 7
v -11.2254 9.2124 7
v -11.8966 8.714 7
v -11.5715 8.7358 7
v -11.8976 8.246 7
v -12.5413 7.7581 7
v -12.2035 7.7435 7
v -12.4887 7.2289 7
v -13.1095 6.7548 7
v -12.7527 6.7029 7
v -12.9952 6.1661 7
v -13.5975 5.7101 7
v -13.2158 5.619 7
v -13.414 5.0626 7
v -14.0024 4.6306 7
v -13.5889 4.4992 7
v -13.7403 3.9298 7
v -14.3218 3.5227 7
v -13.8679 3.3553 7
v -13.9716 2.7764 7
v -14.5536 2.3932 7
v -14.0513 2.1937 7
v -14.1068 1.6081 7
v -14.6965 1.2491 7
v -14.1381 1.0204 7
v -14.1449 0.4311 7
v -14.7496 0.0973 7
v -14.127 -0.1589 7
v -14.7126 -1.0552 7
v -14.0846 -0.7477 7
v -14.0175 -1.3336 7
v -14.5857 -2.2012 7
v -13.9261 -1.9159 7
v -13.8103 -2.4938 7
v -14.3696 -3.3338 7
v -13.6703 -3.0664 7
v -13.5061 -3.6331 7
v -14.0658 -4.446 7
v -13.318 -4.1928 7
v -13.1066 -4.7436 7
v -13.676 -5.5312 7
v -12.8722 -5.2845 7
v -12.6153 -5.8148 7
v -13.2026 -6.5825 7
v -12.336 -6.3337 7
v -12.0347 -6.8406 7
v -12.6485 -7.5937 7
v -11.7118 -7.3346 7
v -11.4086 -7.7619 7
v -12.0172 -8.5585 7
v -11.1027 -8.1639 7
v -10.7953 -8.5414 7
v -11.3124 -9.471 7
v -10.4877 -8.8953 7
v -9.8775 -9.5358 7
v -10.5385 -10.3257 7
v -9.2821 -10.0919 7
v -9.7002 -11.1174 7
v -8.7115 -10.5701 7
v -8.8026 -11.8411 7
v -8.1751 -10.9763 7
v -7.6783 -11.3187 7
v -7.8512 -12.4925 7
v -7.1815 -11.6315 7
v -6.6731 -11.923 7
v -6.8519 -13.0677 7
v -6.1538 -12.1929 7
v -5.6242 -12.4409 7
v -5.8106 -13.563 7
v -5.085 -12.6668 7
v -4.7339 -13.9754 7
v -4.5367 -12.8703 7
v -3.9802 -13.051 7
v -3.6283 -14.3025 7
v -3.4158 -13.2087 7
v -2.8444 -13.343 7
v -2.5004 -14.5422 7
v -2.2675 -13.4536 7
v -1.6875 -13.5398 7
v -1.3573 -14.6931 7
v -1.1052 -13.6019 7
v -0.5213 -13.6397 7
v -0.2059 -14.7543 7
v 0.0634 -13.6534 7
v 0.9467 -14.7253 7
v 0.6483 -13.6429 7
v 1.2327 -13.6082 7
v 2.0936 -14.6064 7
v 1.8159 -13.5493 7
v 2.3971 -13.4663 7
v 3.2277 -14.3982 7
v 2.9916 -13.356 7
v 3.6489 -13.2033 7
v 4.342 -14.1021 7
v 4.367 -12.9985 7
v 5.4298 -13.7199 7
v 5.1395 -12.7324 7
v 6.4845 -13.2539 7
v 5.9601 -12.3949 7
v 6.3863 -12.1962 7
v 7.4995 -12.7069 7
v 6.822 -11.9758 7
v 7.2662 -11.7324 7
v 8.4687 -12.0823 7
v 7.7183 -11.4646 7
v 8.214 -11.1448 7
v 9.3861 -11.3839 7
v 8.6949 -10.8047 7
v 9.1603 -10.4449 7
v 10.2462 -10.616 7
v 9.6099 -10.0659 7
v 10.0429 -9.6683 7
v 11.0437 -9.7832 7
v 10.4588 -9.2527 7
v 10.8571 -8.8197 7
v 11.7737 -8.8907 7
v 11.2372 -8.3697 7
v 11.5987 -7.9035 7
v 12.4317 -7.9439 7
v 11.9404 -7.4221 7
v 12.261 -6.9276 7
v 13.0138 -6.9486 7
v 12.5604 -6.4207 7
v 12.838 -5.9021 7
v 13.5163 -5.9108 7
v 13.0938 -5.3727 7
v 13.9363 -4.837 7
v 13.3274 -4.8329 7
v 13.5384 -4.2836 7
v 14.2711 -3.7337 7
v 13.7267 -3.7256 7
v 13.8919 -3.1594 7
v 14.5187 -2.6076 7
v 14.0337 -2.586 7
v 14.1515 -2.0076 7
v 14.6776 -1.4655 7
v 14.2453 -1.4253 7
v 14.315 -0.8399 7
v 14.7468 -0.3146 7
v 14.3605 -0.252 7
v 14.3819 0.3375 7
v 14.7258 0.8382 7
v 14.379 0.928 7
v 14.3519 1.5181 7
v 14.6149 1.9859 7
v 14.3007 2.106 7
v 14.2257 2.691 7
v 14.4147 3.1214 7
v 14.1268 3.2723 7
v 14.0044 3.8492 7
v 14.1264 4.2378 7
v 13.8585 4.421 7
v 13.6894 4.9869 7
v 13.7518 5.3283 7
v 13.467 5.6229 7
v 13.2931 6.3861 7
v 13.2079 6.2581 7
v 12.9116 6.8901 7
v 12.7532 7.4049 7
v 12.5776 7.5166 7
v 12.2055 8.1353 7
v 12.1354 8.3785 7
v 11.7947 8.7439 7
v 11.4434 9.3008 7
v 11.3448 9.34 7
v 10.857 9.9192 7
v 10.6815 10.1662 7
v 10.3387 10.4717 7
v 9.8544 10.9695 7
v 9.7918 10.9957 7
v 9.2175 11.4899 7
v 8.967 11.7057 7
v 8.6174 11.9533 7
v 8.623 11.9611 7
v 8.0248 12.3703 7
v 7.9939 12.3838 7
v 7.35 12.7826 7
v 7.3488 12.7805 7
v 7.0336 12.9593 7
v 6.6834 13.1425 7
v 6.6837 13.1431 7
v 5.9994 13.4691 7
v -12.659 -7.222 7.6144
v -12.9771 -6.6329 7.5924
v -13.2679 -6.0297 7.5705
v -13.5306 -5.4139 7.5485
v -13.7648 -4.7866 7.5266
v -13.9698 -4.1493 7.5046
v -14.1454 -3.5031 7.4827
v -14.2912 -2.8496 7.4608
v -14.4067 -2.1901 7.4388
v -14.4919 -1.526 7.4169
v -14.5464 -0.8587 7.3949
v -14.5702 -0.1896 7.373
v -14.5633 0.48 7.3511
v -14.5256 1.1484 7.3291
v -14.4573 1.8145 7.3072
v -14.3584 2.4767 7.2852
v -14.2292 3.1337 7.2633
v -14.07 3.784 7.2413
v -13.881 4.4264 7.2194
v -13.6628 5.0593 7.1975
v -13.4157 5.6816 7.1755
v -13.1402 6.2919 7.1536
v -12.8371 6.8889 7.1316
v -12.5068 7.4713 7.1097
v -12.1501 8.038 7.0878
v -11.7678 8.5876 7.0658
v -11.3606 9.1191 7.0439
v -10.9294 9.6314 7.0219
v -12.3141 -7.7959 7.6363
v -11.9433 -8.3534 7.6582
v -11.0759 -8.2641 7.0389
v -11.5472 -8.8932 7.6802
v -11.1267 -9.4143 7.7021
v -10.3665 -9.1388 7.0779
v -10.6828 -9.9155 7.7241
v -9.5883 -9.9527 7.1168
v -10.2163 -10.3958 7.746
v -9.7282 -10.8541 7.7679
v -8.7463 -10.7006 7.1557
v -9.2196 -11.2896 7.7899
v -8.6915 -11.7012 7.8118
v -7.8462 -11.3774 7.1947
v -8.145 -12.0881 7.8338
v -7.5814 -12.4495 7.8557
v -6.894 -11.9787 7.2336
v -7.0018 -12.7846 7.8777
v -5.896 -12.5004 7.2725
v -6.4073 -13.0928 7.8996
v -5.7994 -13.3733 7.9215
v -4.8587 -12.939 7.3114
v -5.1792 -13.6256 7.9435
v -4.548 -13.8491 7.9654
v -3.7893 -13.2918 7.3504
v -3.9073 -14.0435 7.9874
v -3.2583 -14.2081 8.0093
v -2.6946 -13.5563 7.3893
v -2.6025 -14.3428 8.0312
v -1.9411 -14.4472 8.0532
v -1.582 -13.7307 7.4282
v -1.2756 -14.5212 8.0751
v -0.459 -13.814 7.4672
v -0.6075 -14.5644 8.0971
v 0.0619 -14.577 8.119
v 0.6672 -13.8055 7.5061
v 0.7312 -14.5587 8.141
v 1.399 -14.5098 8.1629
v 1.7889 -13.7053 7.545
v 2.0638 -14.4302 8.1848
v 2.7243 -14.3202 8.2068
v 2.8987 -13.5141 7.5839
v 3.379 -14.1799 8.2287
v 3.9892 -13.2331 7.6229
v 4.0265 -14.0097 8.2507
v 4.6656 -13.81 8.2726
v 5.0533 -12.8643 7.6618
v 5.2948 -13.5811 8.2945
v 5.9128 -13.3235 8.3165
v 6.0837 -12.41 7.7007
v 6.5184 -13.0378 8.3384
v 7.1101 -12.7246 8.3604
v 7.0738 -11.8733 7.7397
v 7.6869 -12.3846 8.3823
v 8.2475 -12.0184 8.4042
v 8.0168 -11.2578 7.7786
v 8.7906 -11.6269 8.4262
v 8.9066 -10.5675 7.8175
v 9.3152 -11.2108 8.4481
v 9.8201 -10.771 8.4701
v 9.7372 -9.807 7.8565
v 10.3042 -10.3085 8.492
v 10.7666 -9.8243 8.5139
v 10.5031 -8.9814 7.8954
v 11.2063 -9.3194 8.5359
v 11.6223 -8.7947 8.5578
v 11.1993 -8.0961 7.9343
v 12.0138 -8.2516 8.5798
v 11.821 -7.1571 7.9733
v 12.3799 -7.691 8.6017
v 12.7199 -7.1142 8.6237
v 12.3641 -6.1706 8.0122
v 13.033 -6.5223 8.6456
v 13.3186 -5.9167 8.6675
v 12.8252 -5.1432 8.0511
v 13.5761 -5.2987 8.6895
v 13.8049 -4.6694 8.7114
v 13.201 -4.0816 8.09
v 14.0046 -4.0303 8.7334
v 14.1747 -3.3828 8.7553
v 13.4891 -2.9929 8.129
v 14.3148 -2.728 8.7773
v 13.6876 -1.8844 8.1679
v 14.4248 -2.0676 8.7992
v 14.5043 -1.4028 8.8211
v 13.7951 -0.7633 8.2068
v 14.5531 -0.735 8.8431
v 14.5713 -0.0657 8.865
v 13.811 0.3627 8.2458
v 14.5586 0.6037 8.887
v 14.5153 1.2719 8.9089
v 13.7351 1.4863 8.2847
v 14.4413 1.9373 8.9308
v 13.5679 2.6 8.3236
v 14.3368 2.5987 8.9528
v 14.202 3.2545 8.9747
v 13.3106 3.6964 8.3626
v 14.0372 3.9035 8.9967
v 13.8428 4.5442 9.0186
v 12.9649 4.7681 8.4015
v 13.6192 5.1753 9.0405
v 13.3668 5.7955 9.0625
v 12.533 5.8082 8.4404
v 13.0862 6.4034 9.0844
v 12.0179 6.8096 8.4793
v 12.778 6.9978 9.1064
v 12.4428 7.5774 9.1283
v 11.4229 7.7658 8.5183
v 12.0813 8.141 9.1502
v 11.6943 8.6873 9.1722
v 10.752 8.6703 8.5572
v 11.2826 9.2154 9.1941
v 10.8471 9.7239 9.2161
v 10.0097 9.5172 8.5961
v 10.3887 10.2119 9.238
v 9.9084 10.6784 9.26
v 9.2009 10.3007 8.635
v 9.4071 11.1223 9.2819
v 8.3309 11.0159 8.674
v 8.886 11.5427 9.3038
v 8.3461 11.9387 9.3258
v 7.4056 11.6577 8.7129
v 7.7886 12.3095 9.3477
v 7.2146 12.6543 9.3697
v 6.431 12.2221 8.7518
v 6.6254 12.9723 9.3916
v 6.0223 13.263 9.4135
v 5.4138 12.7053 8.7908
v 5.4064 13.5256 9.4355
v 4.3606 13.104 8.8297
v 4.7791 13.7597 9.4574
v 4.1417 13.9647 9.4794
v 3.2784 13.4156 8.8686
v 3.4955 14.1402 9.5013
v 2.842 14.2858 9.5233
v 2.1744 13.638 8.9076
v 2.1825 14.4013 9.5452
v 1.5184 14.4864 9.5671
v 1.056 13.7698 8.9465
v 0.851 14.5408 9.5891
v 0.1819 14.5646 9.611
v -0.0695 13.81 8.9854
v -0.4876 14.5575 9.633
v -1.1944 13.7584 9.0244
v -1.1561 14.5198 9.6549
v -1.8221 14.4513 9.6768
v -2.3115 13.6154 9.0633
v -2.4843 14.3523 9.6988
v -3.1413 14.2231 9.7207
v -3.4132 13.3819 9.1022
v -3.7916 14.0637 9.7427
v -4.4339 13.8747 9.7646
v -4.4922 13.0595 9.1411
v -5.0669 13.6564 9.7866
v -5.5413 12.6502 9.1801
v -5.6891 13.4092 9.8085
v -6.2994 13.1337 9.8304
v -6.5537 12.1568 9.219
v -6.8963 12.8304 9.8524
v -7.4787 12.5001 9.8743
v -7.5225 11.5827 9.2579
v -8.0453 12.1433 9.8963
v -8.5949 11.7609 9.9182
v -8.4413 10.9315 9.2969
v -9.1263 11.3537 9.9401
v -9.6385 10.9224 9.9621
v -9.304 10.2077 9.3358
v -10.1304 10.4681 9.984
v -10.1049 9.416 9.3747
v -10.6008 9.9917 10.006
v -11.0489 9.4942 10.0279
v -10.8387 8.5617 9.4137
v -11.4736 8.9766 10.0498
v -11.8741 8.44 10.0718
v -11.5005 7.6505 9.4526
v -12.2496 7.8857 10.0937
v -12.5992 7.3146 10.1157
v -12.0858 6.6884 9.4915
v -12.9221 6.7281 10.1376
v -12.5909 5.6819 9.5304
v -13.2178 6.1274 10.1595
v -13.4856 5.5137 10.1815
v -13.0123 4.6375 9.5694
v -13.7249 4.8884 10.2034
v -13.9353 4.2527 10.2254
v -13.3472 3.5623 9.6083
v -14.1162 3.6081 10.2473
v -14.2673 2.9558 10.2693
v -13.5934 2.4634 9.6472
v -14.3883 2.2973 10.2912
v -13.7494 1.3481 9.6862
v -14.4789 1.6339 10.3131
v -14.5389 0.967 10.3351
v -13.814 0.2238 9.7251
v -14.5682 0.2981 10.357
v -14.5668 -0.3714 10.379
v -13.7868 -0.902 9.764
v -14.5346 -1.0402 10.4009
v -14.4718 -1.7068 10.4228
v -13.668 -2.0219 9.8029
v -14.3783 -2.3698 10.4448
v -14.2546 -3.0278 10.4667
v -13.4584 -3.1284 9.8419
v -14.1007 -3.6795 10.4887
v -13.1593 -4.2141 9.8808
v -13.917 -4.3233 10.5106
v -13.704 -4.9581 10.5326
v -12.7729 -5.2719 9.9197
v -13.462 -5.5824 10.5545
v -13.1916 -6.1949 10.5764
v -12.3015 -6.2947 9.9587
v -12.8934 -6.7944 10.5984
v -12.5679 -7.3795 10.6203
v -11.7485 -7.2757 9.9976
v -12.2159 -7.949 10.6423
v -11.1173 -8.2083 10.0365
v -11.8381 -8.5018 10.6642
v -11.4353 -9.0367 10.6861
v -10.4123 -9.0865 10.0755
v -11.0084 -9.5525 10.7081
v -10.5582 -10.0481 10.73
v -9.6382 -9.9044 10.1144
v -10.0858 -10.5225 10.752
v -9.592 -10.9747 10.7739
v -8.8 -10.6565 10.1533
v -9.078 -11.4038 10.7958
v -7.9033 -11.3378 10.1922
v -8.5448 -11.8088 10.8178
v -7.9936 -12.1888 10.8397
v -6.9541 -11.9438 10.2312
v -7.4255 -12.5432 10.8617
v -6.8417 -12.871 10.8836
v -5.9587 -12.4706 10.2701
v -6.2435 -13.1717 10.9056
v -5.632 -13.4447 10.9275
v -4.9237 -12.9144 10.309
v -5.0088 -13.6892 10.9494
v -4.3749 -13.9048 10.9714
v -3.856 -13.2726 10.348
v -3.7318 -14.0911 10.9933
v -2.7627 -13.5425 10.3869
v -3.0808 -14.2477 11.0153
v -2.4233 -14.3742 11.0372
v -1.651 -13.7226 10.4258
v -1.7607 -14.4703 11.0591
v -1.0943 -14.5359 11.0811
v -0.5284 -13.8115 10.4648
v -0.4257 -14.5709 11.103
v 0.2438 -14.5751 11.125
v 0.5978 -13.8086 10.5037
v 0.9129 -14.5485 11.1469
v 1.58 -14.4912 11.1688
v 1.72 -13.7141 10.5426
v 2.2437 -14.4033 11.1908
v 2.8307 -13.5285 10.5815
v 2.9027 -14.285 11.2127
v 3.5556 -14.1366 11.2347
v 3.9227 -13.253 10.6205
v 4.201 -13.9584 11.2566
v 4.8375 -13.7507 11.2786
v 4.9886 -12.8895 10.6594
v 5.4638 -13.5139 11.3005
v 6.0786 -13.2487 11.3224
v 6.0213 -12.4404 10.6983
v 6.6806 -12.9554 11.3444
v 7.014 -11.9087 10.7373
v 7.2684 -12.6349 11.3663
v 7.8409 -12.2877 11.3883
v 7.9602 -11.2979 10.7762
v 8.3968 -11.9145 11.4102
v 8.935 -11.5162 11.4321
v 8.8534 -10.6121 10.8151
v 9.4543 -11.0936 11.4541
v 9.9537 -10.6476 11.476
v 9.6878 -9.8558 10.8541
v 10.432 -10.1791 11.498
v 10.4579 -9.0341 10.893
v 10.8884 -9.6891 11.5199
v 11.3217 -9.1787 11.5419
v 11.1584 -8.1524 10.9319
v 11.7311 -8.649 11.5638
v 12.1158 -8.1009 11.5857
v 11.7849 -7.2165 10.9708
v 12.4749 -7.5358 11.6077
v 12.8076 -6.9548 11.6296
v 12.333 -6.2327 11.0098
v 13.1133 -6.3591 11.6516
v 13.3914 -5.75 11.6735
v 12.7992 -5.2076 11.0487
v 13.6411 -5.1288 11.6954
v 13.1803 -4.1479 11.0876
v 13.862 -4.4967 11.7174
v 14.0537 -3.8552 11.7393
v 13.4739 -3.0607 11.1266
v 14.2157 -3.2055 11.7613
v 14.3477 -2.5491 11.7832
v 13.6779 -1.9531 11.1655
v 14.4494 -1.8873 11.8051
v 14.5206 -1.2216 11.8271
v 13.7911 -0.8327 11.2044
v 14.5611 -0.5533 11.849
v 13.8126 0.2933 11.2434
v 14.5709 0.1162 11.871
v 14.5499 0.7854 11.8929
v 13.7424 1.4172 11.2823
v 14.4982 1.453 11.9149
v 14.4159 2.1175 11.9368
v 13.5809 2.5317 11.3212
v 14.3031 2.7775 11.9587
v 14.1602 3.4316 11.9807
v 13.3291 3.6294 11.3601
v 13.9873 4.0784 12.0026
v 13.7849 4.7167 12.0246
v 12.9887 4.7029 11.3991
v 13.5535 5.3449 12.0465
v 12.5621 5.7451 11.438
v 13.2934 5.9619 12.0684
v 13.0052 6.5663 12.0904
v 12.052 6.7491 11.4769
v 12.6896 7.1567 12.1123
v 12.3471 7.7321 12.1343
v 11.4618 7.7082 11.5159
v 11.9786 8.2911 12.1562
v 11.5849 8.8326 12.1782
v 10.7955 8.6161 11.5548
v 11.1666 9.3555 12.2001
v 10.0574 9.4667 11.5937
v 10.7248 9.8586 12.222
v 10.2603 10.3408 12.244
v 9.2525 10.2543 11.6327
v 9.7742 10.8013 12.2659
v 9.2674 11.2389 12.2879
v 8.3862 10.9738 11.6716
v 8.7411 11.6527 12.3098
v 8.1963 12.0419 12.3317
v 7.4641 11.6204 11.7105
v 7.6342 12.4057 12.3537
v 6.4924 12.1896 11.7494
v 7.056 12.7433 12.3756
v 6.4629 13.054 12.3976
v 5.4776 12.6779 11.7884
v 5.8562 13.3371 12.4195
v 5.237 13.5921 12.4414
v 4.4264 13.0819 11.8273
v 4.6069 13.8183 12.4634
v 3.967 14.0153 12.4853
v 3.3458 13.3989 11.8662
v 3.3187 14.1827 12.5073
v 2.6634 14.3202 12.5292
v 2.243 13.6269 11.9052
v 2.0025 14.4274 12.5512
v 1.1252 13.7643 11.9441
v 1.3373 14.5042 12.5731
v 0.6694 14.5503 12.595
v -10.4078 10.2998 7.073
v -11.1889 9.4459 7.1107
v -10.4479 10.3395 7.1661
v -11.2321 9.4823 7.2038
v -10.4728 10.3641 7.2691
v -11.2588 9.5049 7.3069
v -10.929 9.8998 7.3984
v -11.4019 9.3516 7.4219
v -11.8473 8.7809 7.4453
v -11.9746 8.5863 7.3446
v -11.9461 8.5659 7.2415
v -12.5856 7.596 7.2793
v -12.5372 7.5668 7.1862
v -13.096 6.5533 7.2239
v -11.9002 8.533 7.1485
v -9.5617 11.0893 7.0352
v -9.5985 11.1321 7.1283
v -8.6892 11.8552 7.0906
v -8.7099 11.8834 7.1937
v -7.7441 12.5339 7.1559
v -8.1947 12.2585 7.2812
v -7.583 12.6458 7.2578
v -8.7866 11.8416 7.3047
v -9.3573 11.3962 7.3281
v -9.6214 11.1586 7.2314
v -9.9055 10.9233 7.3516
v -10.4298 10.4241 7.375
v -7.7257 12.5042 7.0528
v -6.7139 13.0751 7.0151
v -6.7299 13.1062 7.1182
v -5.6737 13.5966 7.0805
v -4.582 14.0021 7.0427
v -4.9691 13.8821 7.1641
v -4.2817 14.1092 7.1406
v -5.6446 13.6215 7.1875
v -6.3064 13.3281 7.2109
v -6.9531 13.0026 7.2344
v -3.4618 14.3201 7.005
v -3.584 14.3023 7.1172
v -2.8776 14.4609 7.0938
v -2.1643 14.5846 7.0703
v -1.4458 14.6733 7.0469
v -0.7237 14.7265 7.0234
v -12.2642 8.189 7.4688
v -12.6155 7.6141 7.3823
v -13.1465 6.5786 7.317
v -13.5729 5.4989 7.2617
v -12.6515 7.5773 7.4922
v -13.0083 6.9474 7.5156
v -13.1777 6.5943 7.4201
v -13.3338 6.3007 7.5391
v -13.6577 5.5333 7.4578
v -13.6272 5.6389 7.5625
v -13.8878 4.9634 7.5859
v -14.0524 4.4377 7.4955
v -14.1149 4.276 7.6094
v -14.308 3.5783 7.6328
v -14.3593 3.3144 7.5333
v -14.4666 2.8719 7.6562
v -14.5766 2.1703 7.571
v -14.5904 2.1586 7.6797
v -14.679 1.4401 7.7031
v -14.7029 1.0127 7.6088
v -14.7322 0.718 7.7266
v -14.7374 -0.1513 7.6465
v -14.7024 -0.151 7.5434
v -14.6451 -1.3113 7.5811
v -14.5888 -1.3063 7.4881
v -14.4406 -2.454 7.5258
v -14.646 -0.1504 7.4503
v -14.6117 1.0064 7.4126
v -14.4862 2.1568 7.3749
v -14.2702 3.2938 7.3371
v -13.9652 4.4101 7.2994
v -13.6253 5.5202 7.3547
v -14.019 4.4272 7.3925
v -14.3252 3.3065 7.4302
v -14.542 2.1652 7.4679
v -14.668 1.0103 7.5057
v -14.75 -0.0057 7.75
v -14.7322 -0.7295 7.7734
v -14.6799 -1.3144 7.6842
v -14.679 -1.4515 7.7969
v -14.5904 -2.17 7.8203
v -14.5308 -2.4693 7.722
v -14.4666 -2.8833 7.8438
v -14.2909 -3.6088 7.7597
v -14.257 -3.6003 7.6566
v -13.9287 -4.7147 7.6944
v -13.8752 -4.6966 7.6013
v -13.4615 -5.7774 7.639
v -14.2022 -3.5865 7.5635
v -14.4963 -2.4635 7.6189
v -14.308 -3.5897 7.8672
v -14.1149 -4.2874 7.8906
v -13.9618 -4.7259 7.7974
v -13.8878 -4.9748 7.9141
v -13.5456 -5.8135 7.8352
v -13.6272 -5.6503 7.9375
v -13.3338 -6.3121 7.9609
v -13.0448 -6.8648 7.8729
v -13.0083 -6.9588 7.9844
v -12.6515 -7.5887 8.0078
v -12.4625 -7.8733 7.9107
v -12.2642 -8.2004 8.0312
v -11.8025 -8.8326 7.9484
v -11.8473 -8.7923 8.0547
v -11.4019 -9.363 8.0781
v -11.0687 -9.7369 7.9861
v -10.929 -9.9112 8.1016
v -10.2659 -10.5804 8.0239
v -10.2415 -10.5553 7.9208
v -9.3766 -11.331 7.9585
v -9.3406 -11.2875 7.8654
v -8.4207 -11.9897 7.9032
v -10.2022 -10.5148 7.8277
v -11 -9.6765 7.79
v -11.7292 -8.7779 7.7522
v -11.7744 -8.8117 7.8453
v -12.4329 -7.8546 7.8076
v -13.5134 -5.7997 7.7321
v -12.9638 -6.8222 7.6768
v -13.0138 -6.8485 7.7698
v -12.3852 -7.8244 7.7145
v -11.0424 -9.7138 7.883
v -10.4298 -10.4355 8.125
v -9.9055 -10.9347 8.1484
v -9.3989 -11.3579 8.0616
v -9.3573 -11.4076 8.1719
v -8.7866 -11.853 8.1953
v -8.4733 -12.0646 8.0993
v -8.1947 -12.2699 8.2188
v -7.4948 -12.6959 8.1371
v -7.477 -12.6658 8.034
v -6.4541 -13.2166 8.0717
v -6.4294 -13.1658 7.9786
v -5.3703 -13.6323 8.0164
v -7.4483 -12.6171 7.9409
v -8.4532 -12.0359 7.9962
v -7.583 -12.6572 8.2422
v -6.9531 -13.014 8.2656
v -6.4695 -13.248 8.1748
v -6.3064 -13.3395 8.2891
v -5.6446 -13.6329 8.3125
v -5.4038 -13.7174 8.2125
v -4.9691 -13.8935 8.3359
v -4.3044 -14.1013 8.2503
v -4.2942 -14.0678 8.1472
v -3.1705 -14.3629 8.1849
v -3.1583 -14.3078 8.0918
v -2.0193 -14.5125 8.1296
v -4.2777 -14.0138 8.0541
v -5.391 -13.6849 8.1095
v -4.2817 -14.1206 8.3594
v -3.584 -14.3137 8.3828
v -3.1781 -14.3971 8.288
v -2.8776 -14.4723 8.4062
v -2.0319 -14.6031 8.3257
v -2.1643 -14.5961 8.4297
v -1.4458 -14.6847 8.4531
v -0.8731 -14.718 8.3635
v -0.7237 -14.7379 8.4766
v 0 -14.7557 8.5
v 0.2912 -14.741 8.4012
v 0.7237 -14.7379 8.5234
v 1.4469 -14.6727 8.4387
v 1.4458 -14.6847 8.5469
v 2.1643 -14.5961 8.5703
v 2.607 -14.5114 8.4767
v 2.8776 -14.4723 8.5938
v 3.7441 -14.2603 8.5144
v 3.7353 -14.2265 8.4113
v 4.8464 -13.8872 8.4491
v 4.8277 -13.8339 8.356
v 5.9044 -13.4095 8.3937
v 3.7209 -14.1719 8.3183
v 2.5909 -14.4214 8.2805
v 1.4424 -14.5812 8.2427
v 0.2894 -14.6495 8.205
v -0.8677 -14.6267 8.1673
v -2.0271 -14.5685 8.2226
v -0.871 -14.683 8.2604
v 0.2905 -14.706 8.2981
v 1.4457 -14.6376 8.3357
v 2.6008 -14.477 8.3736
v 3.584 -14.3137 8.6172
v 4.2817 -14.1206 8.6406
v 4.8579 -13.9202 8.5522
v 4.9691 -13.8935 8.6641
v 5.6446 -13.6329 8.6875
v 5.9413 -13.4933 8.5899
v 6.3064 -13.3395 8.7109
v 6.9876 -12.9821 8.6276
v 6.971 -12.9513 8.5245
v 7.9713 -12.3605 8.5623
v 7.9407 -12.313 8.4692
v 8.8876 -11.6477 8.5069
v 6.9442 -12.9015 8.4315
v 5.9272 -13.4612 8.4868
v 6.9531 -13.014 8.7344
v 7.583 -12.6572 8.7578
v 7.9903 -12.3899 8.6654
v 8.1947 -12.2699 8.7812
v 8.9431 -11.7204 8.7031
v 8.7866 -11.853 8.8047
v 9.3573 -11.4076 8.8281
v 9.8401 -10.9777 8.7408
v 9.9055 -10.9347 8.8516
v 10.4298 -10.4355 8.875
v 10.6756 -10.1666 8.7786
v 10.929 -9.9112 8.8984
v 11.4445 -9.292 8.8163
v 11.4019 -9.363 8.9219
v 11.8473 -8.7923 8.9453
v 12.142 -8.3595 8.8541
v 12.2642 -8.2004 8.9688
v 12.6515 -7.5887 8.9922
v 12.7636 -7.3748 8.8918
v 13.0083 -6.9588 9.0156
v 13.3056 -6.3441 8.9295
v 13.3338 -6.3121 9.0391
v 13.6272 -5.6503 9.0625
v 13.7645 -5.2738 8.9672
v 13.8878 -4.9748 9.0859
v 14.1374 -4.1706 9.005
v 14.1038 -4.1607 8.9019
v 14.3879 -3.0342 8.9396
v 14.3326 -3.0226 8.8466
v 14.5261 -1.8816 8.8843
v 14.0497 -4.1448 8.8088
v 13.7318 -5.2613 8.8642
v 8.9219 -11.6926 8.6
v 9.779 -10.9096 8.5447
v 9.8167 -10.9517 8.6378
v 10.6094 -10.1035 8.5824
v 10.6503 -10.1425 8.6755
v 11.4173 -9.27 8.7132
v 11.3735 -9.2344 8.6202
v 12.0666 -8.3076 8.6579
v 12.1131 -8.3397 8.751
v 12.6844 -7.329 8.6956
v 12.7333 -7.3573 8.7887
v 13.274 -6.329 8.8264
v 13.223 -6.3047 8.7334
v 13.679 -5.2411 8.7711
v 14.1149 -4.2874 9.1094
v 14.308 -3.5897 9.1328
v 14.4221 -3.0415 9.0427
v 14.4666 -2.8833 9.1562
v 14.5904 -2.17 9.1797
v 14.6168 -1.8933 9.0805
v 14.679 -1.4515 9.2031
v 14.7202 -0.7325 9.1182
v 14.6851 -0.7344 9.015
v 14.6967 0.43 9.0528
v 14.6402 0.4283 8.9598
v 14.5603 1.5828 8.9975
v 14.6285 -0.7352 8.9218
v 14.5821 -1.8888 8.9774
v 14.7322 -0.7295 9.2266
v 14.75 -0.0057 9.25
v 14.7317 0.431 9.1559
v 14.7322 0.718 9.2734
v 14.6512 1.5928 9.1937
v 14.679 1.4401 9.2969
v 14.5904 2.1586 9.3203
v 14.4793 2.7445 9.2314
v 14.4666 2.8719 9.3438
v 14.308 3.5783 9.3672
v 14.2169 3.8791 9.2691
v 14.1149 4.276 9.3906
v 13.8659 4.9894 9.3069
v 13.8878 4.9634 9.4141
v 13.6272 5.6389 9.4375
v 13.4282 6.0685 9.3446
v 13.3338 6.3007 9.4609
v 12.9067 7.1098 9.3824
v 12.8761 7.0929 9.2793
v 12.2754 8.0873 9.317
v 12.2283 8.0562 9.2239
v 11.5536 8.9965 9.2617
v 12.8266 7.0656 9.1862
v 13.3449 6.0308 9.1485
v 13.7798 4.9584 9.1107
v 14.1287 3.855 9.073
v 14.3894 2.7274 9.0352
v 14.6164 1.589 9.0906
v 14.4449 2.738 9.1283
v 14.1832 3.8699 9.1661
v 13.8329 4.9775 9.2038
v 13.3963 6.0541 9.2415
v 13.0083 6.9474 9.4844
v 12.6515 7.5773 9.5078
v 12.3046 8.1066 9.4201
v 12.2642 8.189 9.5312
v 11.8473 8.7809 9.5547
v 11.6258 9.0527 9.4578
v 11.4019 9.3516 9.5781
v 10.8743 9.9423 9.4955
v 10.8485 9.9187 9.3925
v 10.0311 10.7442 9.4302
v 9.9925 10.7029 9.3371
v 9.1159 11.4584 9.3749
v 10.8068 9.8805 9.2994
v 11.5982 9.0312 9.3547
v 10.929 9.8998 9.6016
v 10.4298 10.4241 9.625
v 10.0549 10.7698 9.5333
v 9.9055 10.9233 9.6484
v 9.3573 11.3962 9.6719
v 9.1728 11.53 9.571
v 8.7866 11.8416 9.6953
v 8.2334 12.2182 9.6088
v 8.2139 12.1892 9.5057
v 7.2254 12.7996 9.5434
v 7.1977 12.7504 9.4503
v 6.1681 13.2789 9.4881
v 8.1823 12.1423 9.4126
v 9.151 11.5026 9.4679
v 8.1947 12.2585 9.7188
v 7.583 12.6458 9.7422
v 7.2426 12.8301 9.6465
v 6.9531 13.0026 9.7656
v 6.2066 13.3618 9.6842
v 6.3064 13.3281 9.7891
v 5.6446 13.6215 9.8125
v 5.1319 13.8101 9.722
v 4.9691 13.8821 9.8359
v 4.2817 14.1092 9.8594
v 4.0251 14.1722 9.7597
v 3.584 14.3023 9.8828
v 2.8931 14.4457 9.7974
v 2.8776 14.4609 9.9062
v 2.1643 14.5846 9.9297
v 1.7431 14.629 9.8352
v 1.4458 14.6733 9.9531
v 0.5823 14.7209 9.8729
v 0.5809 14.686 9.7698
v -0.5809 14.686 9.8076
v -0.5786 14.6295 9.7145
v -1.7323 14.5382 9.7522
v 0.5786 14.6295 9.6768
v 1.7323 14.5382 9.639
v 2.8752 14.356 9.6013
v 4.0001 14.0842 9.5635
v 5.1 13.7244 9.5258
v 6.1919 13.3301 9.5811
v 5.1197 13.7773 9.6189
v 4.0155 14.1385 9.6566
v 2.8862 14.4114 9.6944
v 1.739 14.5942 9.7321
v 0.7237 14.7265 9.9766
v 0 14.7443 10
v -0.5823 14.7209 9.9107
v -0.7237 14.7265 10.0234
v -1.4458 14.6733 10.0469
v -1.7431 14.629 9.9484
v -2.1643 14.5846 10.0703
v -2.8931 14.4457 9.9861
v -2.8862 14.4114 9.883
v -4.0155 14.1385 9.9208
v -4.0001 14.0842 9.8277
v -5.0948 13.7263 9.8652
v -2.8752 14.356 9.79
v -1.739 14.5942 9.8453
v -2.8776 14.4609 10.0938
v -3.584 14.3023 10.1172
v -4.0251 14.1722 10.0239
v -4.2817 14.1092 10.1406
v -5.1301 13.8108 10.0615
v -4.9691 13.8821 10.1641
v -5.6446 13.6215 10.1875
v -6.2066 13.3618 10.0993
v -6.3064 13.3281 10.2109
v -6.9531 13.0026 10.2344
v -7.2426 12.8301 10.1371
v -7.583 12.6458 10.2578
v -8.2334 12.2182 10.1748
v -8.1947 12.2585 10.2812
v -8.7866 11.8416 10.3047
v -9.1728 11.53 10.2125
v -9.3573 11.3962 10.3281
v -10.0549 10.7698 10.2503
v -10.0311 10.7442 10.1472
v -10.8485 9.9187 10.1849
v -10.8068 9.8805 10.0918
v -11.5536 8.9965 10.1296
v -9.9925 10.7029 10.0541
v -9.1159 11.4584 10.0164
v -8.1823 12.1423 9.9786
v -7.1977 12.7504 9.9409
v -6.1681 13.2789 9.9032
v -5.1162 13.7786 9.9584
v -6.1919 13.3301 9.9962
v -7.2254 12.7996 10.034
v -8.2139 12.1892 10.0717
v -9.151 11.5026 10.1094
v -9.9055 10.9233 10.3516
v -10.4298 10.4241 10.375
v -10.8743 9.9423 10.288
v -10.929 9.8998 10.3984
v -11.4019 9.3516 10.4219
v -11.6258 9.0527 10.3257
v -11.8473 8.7809 10.4453
v -12.3046 8.1066 10.3635
v -12.2754 8.0873 10.2604
v -12.8761 7.0929 10.2981
v -12.8266 7.0656 10.2051
v -13.3449 6.0308 10.2428
v -12.2283 8.0562 10.1673
v -11.5982 9.0312 10.2227
v -12.2642 8.189 10.4688
v -12.6515 7.5773 10.4922
v -12.9067 7.1098 10.4012
v -13.0083 6.9474 10.5156
v -13.3338 6.3007 10.5391
v -13.4282 6.0685 10.4389
v -13.6272 5.6389 10.5625
v -13.8659 4.9894 10.4767
v -13.8329 4.9775 10.3736
v -14.1832 3.8699 10.4113
v -14.1287 3.855 10.3183
v -14.3894 2.7274 10.356
v -13.7798 4.9584 10.2805
v -13.3963 6.0541 10.3359
v -13.8878 4.9634 10.5859
v -14.1149 4.276 10.6094
v -14.2169 3.8791 10.5144
v -14.308 3.5783 10.6328
v -14.4793 2.7445 10.5522
v -14.4666 2.8719 10.6562
v -14.5904 2.1586 10.6797
v -14.6512 1.5928 10.5899
v -14.679 1.4401 10.7031
v -14.7322 0.718 10.7266
v -14.7317 0.431 10.6276
v -14.75 -0.0057 10.75
v -14.7203 -0.73 10.6653
v -14.7322 -0.7295 10.7734
v -14.679 -1.4515 10.7969
v -14.6168 -1.8933 10.7031
v -14.5904 -2.17 10.8203
v -14.4221 -3.0415 10.7408
v -14.3879 -3.0342 10.6377
v -14.1038 -4.1607 10.6755
v -14.0497 -4.1448 10.5824
v -13.679 -5.2411 10.6201
v -14.3326 -3.0226 10.5447
v -14.5261 -1.8816 10.5069
v -14.6289 -0.7278 10.4692
v -14.6402 0.4283 10.4315
v -14.5603 1.5828 10.3937
v -14.4449 2.738 10.4491
v -14.6164 1.589 10.4868
v -14.6967 0.43 10.5245
v -14.6853 -0.7294 10.5622
v -14.5821 -1.8888 10.6
v -14.4666 -2.8833 10.8438
v -14.308 -3.5897 10.8672
v -14.1374 -4.1706 10.7786
v -14.1149 -4.2874 10.8906
v -13.8878 -4.9748 10.9141
v -13.7645 -5.2738 10.8163
v -13.6272 -5.6503 10.9375
v -13.3056 -6.3441 10.854
v -13.274 -6.329 10.751
v -12.7333 -7.3573 10.7887
v -12.6844 -7.329 10.6956
v -12.0666 -8.3076 10.7334
v -13.223 -6.3047 10.6579
v -13.7318 -5.2613 10.7132
v -13.3338 -6.3121 10.9609
v -13.0083 -6.9588 10.9844
v -12.7636 -7.3748 10.8918
v -12.6515 -7.5887 11.0078
v -12.142 -8.3595 10.9295
v -12.2642 -8.2004 11.0312
v -11.8473 -8.7923 11.0547
v -11.4445 -9.292 10.9673
v -11.4019 -9.363 11.0781
v -10.929 -9.9112 11.1016
v -10.6765 -10.1657 11.0049
v -10.4298 -10.4355 11.125
v -9.8401 -10.9777 11.0427
v -9.9055 -10.9347 11.1484
v -9.3573 -11.4076 11.1719
v -8.9431 -11.7204 11.0805
v -8.7866 -11.853 11.1953
v -8.1947 -12.2699 11.2188
v -7.9903 -12.3899 11.1182
v -7.583 -12.6572 11.2422
v -6.9876 -12.9821 11.1559
v -6.9531 -13.014 11.2656
v -6.3064 -13.3395 11.2891
v -5.9413 -13.4933 11.1937
v -5.6446 -13.6329 11.3125
v -4.8579 -13.9202 11.2314
v -4.8464 -13.8872 11.1283
v -3.7353 -14.2265 11.166
v -3.7209 -14.1719 11.073
v -2.5909 -14.4214 11.1107
v -4.8277 -13.8339 11.0352
v -5.9044 -13.4095 10.9975
v -6.9442 -12.9015 10.9598
v -6.971 -12.9513 11.0528
v -7.9713 -12.3605 11.0151
v -12.1131 -8.3397 10.8264
v -11.3735 -9.2344 10.7711
v -11.4173 -9.27 10.8642
v -10.6119 -10.1009 10.8087
v -10.652 -10.1407 10.9018
v -9.8167 -10.9517 10.9396
v -9.779 -10.9096 10.8466
v -8.8876 -11.6477 10.8843
v -8.9219 -11.6926 10.9774
v -7.9407 -12.313 10.922
v -5.9272 -13.4612 11.0906
v -4.9691 -13.8935 11.3359
v -4.2817 -14.1206 11.3594
v -3.7441 -14.2603 11.2691
v -3.584 -14.3137 11.3828
v -2.8776 -14.4723 11.4062
v -2.607 -14.5114 11.3069
v -2.1643 -14.5961 11.4297
v -1.4468 -14.6727 11.3448
v -1.4457 -14.6376 11.2417
v -0.2905 -14.706 11.2793
v -0.2894 -14.6495 11.1862
v 0.8677 -14.6267 11.2239
v -1.4424 -14.5812 11.1485
v -2.6008 -14.477 11.2038
v -1.4458 -14.6847 11.4531
v -0.7237 -14.7379 11.4766
v -0.2912 -14.741 11.3823
v 0 -14.7557 11.5
v 0.8731 -14.718 11.4201
v 0.7237 -14.7379 11.5234
v 1.4458 -14.6847 11.5469
v 2.0319 -14.6031 11.4578
v 2.1643 -14.5961 11.5703
v 2.8776 -14.4723 11.5938
v 3.1781 -14.3971 11.4956
v 3.584 -14.3137 11.6172
v 4.3044 -14.1013 11.5333
v 4.2817 -14.1206 11.6406
v 4.9691 -13.8935 11.6641
v 5.4038 -13.7174 11.571
v 5.6446 -13.6329 11.6875
v 6.4695 -13.248 11.6088
v 6.4541 -13.2166 11.5057
v 7.477 -12.6658 11.5434
v 7.4483 -12.6171 11.4503
v 8.4207 -11.9897 11.4881
v 6.4294 -13.1658 11.4126
v 5.3703 -13.6323 11.3749
v 4.2777 -14.0138 11.3371
v 3.1583 -14.3078 11.2994
v 2.0193 -14.5125 11.2617
v 0.871 -14.683 11.317
v 2.0271 -14.5685 11.3547
v 3.1705 -14.3629 11.3925
v 4.2942 -14.0678 11.4302
v 5.391 -13.6849 11.4679
v 6.3064 -13.3395 11.7109
v 6.9531 -13.014 11.7344
v 7.4948 -12.6959 11.6465
v 7.583 -12.6572 11.7578
v 8.1947 -12.2699 11.7812
v 8.4733 -12.0646 11.6842
v 8.7866 -11.853 11.8047
v 9.3989 -11.3579 11.722
v 9.3766 -11.331 11.6189
v 10.2415 -10.5553 11.6566
v 10.2022 -10.5148 11.5635
v 11 -9.6765 11.6013
v 9.3406 -11.2875 11.5258
v 8.4532 -12.0359 11.5811
v 9.3573 -11.4076 11.8281
v 9.9055 -10.9347 11.8516
v 10.2659 -10.5804 11.7597
v 10.4298 -10.4355 11.875
v 10.929 -9.9112 11.8984
v 11.0687 -9.7369 11.7974
v 11.4019 -9.363 11.9219
v 11.8025 -8.8326 11.8352
v 11.7744 -8.8117 11.7321
v 12.4329 -7.8546 11.7698
v 12.3852 -7.8244 11.6768
v 12.9638 -6.8222 11.7145
v 11.7292 -8.7779 11.639
v 11.0424 -9.7138 11.6944
v 11.8473 -8.7923 11.9453
v 12.2642 -8.2004 11.9688
v 12.4625 -7.8733 11.8729
v 12.6515 -7.5887 11.9922
v 13.0448 -6.8648 11.9106
v 13.0083 -6.9588 12.0156
v 13.3338 -6.3121 12.0391
v 13.5453 -5.814 11.9484
v 13.6272 -5.6503 12.0625
v 13.8878 -4.9748 12.0859
v 13.9618 -4.7259 11.9861
v 14.1149 -4.2874 12.1094
v 14.2909 -3.6088 12.0239
v 14.308 -3.5897 12.1328
v 14.4666 -2.8833 12.1562
v 14.5308 -2.4693 12.0616
v 14.5904 -2.17 12.1797
v 14.6799 -1.3144 12.0993
v 14.6451 -1.3113 11.9962
v 14.7024 -0.151 12.034
v 14.646 -0.1504 11.9409
v 14.6117 1.0064 11.9786
v 14.5888 -1.3063 11.9032
v 14.4963 -2.4635 11.9585
v 13.0138 -6.8485 11.8076
v 13.4608 -5.7791 11.7522
v 13.5129 -5.8008 11.8453
v 13.8752 -4.6966 11.79
v 13.9287 -4.7147 11.883
v 14.257 -3.6003 11.9208
v 14.2022 -3.5865 11.8277
v 14.4406 -2.454 11.8654
v 14.679 -1.4515 12.2031
v 14.7322 -0.7295 12.2266
v 14.7374 -0.1513 12.1371
v 14.75 -0.0057 12.25
v 14.7322 0.718 12.2734
v 14.7029 1.0127 12.1748
v 14.679 1.4401 12.2969
v 14.5766 2.1703 12.2125
v 14.542 2.1652 12.1094
v 14.3252 3.3065 12.1472
v 14.2702 3.2938 12.0541
v 13.9652 4.4101 12.0918
v 14.4862 2.1568 12.0164
v 14.668 1.0103 12.0717
v 14.5904 2.1586 12.3203
v 14.4666 2.8719 12.3438
v 14.3593 3.3144 12.2503
v 14.308 3.5783 12.3672
v 14.0524 4.4377 12.288
v 14.1149 4.276 12.3906
v 13.8878 4.9634 12.4141
v 13.6577 5.5333 12.3257
v 13.6272 5.6389 12.4375
v 13.3338 6.3007 12.4609
v 13.1777 6.5943 12.3635
v 13.0083 6.9474 12.4844
v 12.6155 7.6141 12.4012
v 12.6515 7.5773 12.5078
v 12.2642 8.189 12.5312
v 11.9746 8.5863 12.4389
v 11.8473 8.7809 12.5547
v 11.2588 9.5049 12.4767
v 11.2321 9.4823 12.3736
v 10.4479 10.3395 12.4113
v 10.4078 10.2998 12.3183
v 9.5617 11.0893 12.356
v 11.1889 9.4459 12.2805
v 11.9002 8.533 12.2428
v 12.5372 7.5668 12.2051
v 13.096 6.5533 12.1673
v 13.5729 5.4989 12.1296
v 14.019 4.4272 12.1849
v 13.6253 5.5202 12.2227
v 13.1465 6.5786 12.2604
v 12.5856 7.596 12.2981
v 11.9461 8.5659 12.3359
v 11.4019 9.3516 12.5781
v 10.929 9.8998 12.6016
v 10.4728 10.3641 12.5144
v 10.4298 10.4241 12.625
v 9.9055 10.9233 12.6484
v 9.6214 11.1586 12.5522
v 9.3573 11.3962 12.6719
v 8.7099 11.8834 12.5899
v 8.6892 11.8552 12.4868
v 7.7257 12.5042 12.5245
v 7.696 12.4561 12.4315
v 6.6881 13.0248 12.4692
v 8.6559 11.8096 12.3937
v 9.5985 11.1321 12.4491
v 8.7866 11.8416 12.6953
v 8.1947 12.2585 12.7188
v 7.7441 12.5339 12.6276
v 7.583 12.6458 12.7422
v 6.9531 13.0026 12.7656
v 6.7299 13.1062 12.6654
v 6.3064 13.3281 12.7891
v 5.6737 13.5966 12.7031
v 5.6602 13.5643 12.6
v 4.5712 13.9688 12.6377
v 4.5536 13.9151 12.5447
v 3.4403 14.2312 12.5824
v 5.6384 13.5122 12.5069
v 6.7139 13.0751 12.5623
v 5.6446 13.6215 12.8125
v 4.9691 13.8821 12.8359
v 4.582 14.0021 12.7408
v 4.2817 14.1092 12.8594
v 3.4618 14.3201 12.7786
v 3.584 14.3023 12.8828
v 2.8776 14.4609 12.9062
v 2.3199 14.5487 12.8163
v 2.1643 14.5846 12.9297
v 1.4458 14.6733 12.9531
v 1.1636 14.6864 12.854
v 0.7237 14.7265 12.9766
v 1.1608 14.6516 12.751
v 2.3144 14.5141 12.7132
v 3.4536 14.2861 12.6755
v 1.1564 14.5953 12.6579
v 2.3055 14.4584 12.6201
v -11.4077 -7.7631 13
v -11.5272 -7.4672 12.9162
v -11.1008 -8.1662 13
v -10.8986 -8.3585 12.9541
v -10.8514 -8.3224 12.8449
v -10.157 -9.1574 12.8828
v -10.1342 -9.1369 12.7623
v -9.3775 -9.9124 12.8003
v -9.3775 -9.9124 12.6759
v -8.5616 -10.6255 12.7139
v -8.5809 -10.6494 12.5934
v -7.709 -11.2968 12.6313
v -7.7426 -11.346 12.5221
v -6.818 -11.9247 12.56
v -7.5046 -11.6057 12.4428
v -6.8153 -12.0236 12.4707
v -8.1683 -11.1483 12.4149
v -8.6182 -10.6957 12.4842
v -9.3986 -9.9347 12.5554
v -10.1342 -9.1369 12.638
v -10.827 -8.3037 12.7244
v -11.4772 -7.4348 12.807
v -12.083 -6.5287 12.8782
v -10.7925 -8.5448 13
v -10.4839 -8.8996 13
v -10.2012 -9.1972 12.992
v -9.8716 -9.5417 13
v -9.3986 -9.9347 12.9208
v -8.5616 -10.6255 12.8382
v -7.6917 -11.2715 12.7518
v -6.7885 -11.8731 12.6692
v -5.8505 -12.4283 12.598
v -6.1029 -12.4006 12.4985
v -5.3697 -12.7354 12.5264
v -9.2741 -10.099 13
v -8.7013 -10.5781 13
v -8.5809 -10.6494 12.9587
v -8.163 -10.985 13
v -7.6917 -11.2715 12.8761
v -7.709 -11.2968 12.9966
v -7.1676 -11.6398 13
v -7.6648 -11.3276 13
v -6.7733 -11.8465 12.9141
v -6.6588 -11.9308 13
v -6.139 -12.2002 13
v -5.8121 -12.3467 12.952
v -5.6089 -12.4477 13
v -5.0692 -12.6731 13
v -4.8143 -12.7691 12.8656
v -4.8143 -12.7691 12.99
v -4.5204 -12.876 13
v -3.9632 -13.0561 13
v -3.786 -13.1109 12.9035
v -3.3983 -13.2132 13
v -2.8263 -13.3469 13
v -2.7339 -13.3701 12.9415
v -2.2496 -13.4566 13
v -1.6699 -13.5443 12.9792
v -2.7401 -13.4001 12.821
v -1.6719 -13.5749 12.8588
v -2.752 -13.4584 12.7118
v -1.6773 -13.6342 12.7497
v -2.2799 -13.6322 12.6378
v -1.4814 -13.7419 12.6657
v -3.0707 -13.476 12.61
v -3.811 -13.1975 12.6738
v -3.7945 -13.1404 12.783
v -4.8251 -12.7978 12.7451
v -5.8121 -12.3467 12.8277
v -6.7733 -11.8465 12.7897
v -5.8252 -12.3745 12.7072
v -4.8461 -12.8534 12.6359
v -4.6182 -13.0269 12.5542
v -1.67 -13.5421 13
v -1.088 -13.6034 13
v -0.586 -13.665 12.8969
v -0.5885 -13.7244 12.7877
v -0.6778 -13.8049 12.6935
v -0.5044 -13.6405 13
v 0.0801 -13.6534 13
v 0.5 -13.6684 12.9348
v 0.6648 -13.6422 13
v 1.249 -13.6068 13
v 1.5829 -13.5856 12.9727
v 1.832 -13.5473 13
v 2.4131 -13.4637 13
v 1.5897 -13.6447 12.8635
v 2.6673 -13.4755 12.9015
v 2.5321 -13.5876 12.805
v 3.3198 -13.4168 12.8328
v 1.7357 -13.7121 12.7771
v 0.9335 -13.79 12.7493
v 0.5022 -13.7278 12.8256
v 0.128 -13.821 12.7214
v 3.0062 -13.3529 13
v 3.6614 -13.2 13
v 3.7279 -13.2213 12.9394
v 4.3772 -12.9953 13
v 4.7651 -12.8837 12.9773
v 5.1473 -12.7294 13
v 5.6047 -12.6337 12.9164
v 5.9653 -12.3925 13
v 6.3316 -12.2853 12.9443
v 6.3902 -12.1943 13
v 6.8246 -11.9744 13
v 7.0369 -11.8952 12.9721
v 7.2675 -11.7316 13
v 7.7183 -11.4646 13
v 4.0963 -13.2004 12.8607
v 4.8587 -12.939 12.8886
v -3.851 -13.274 12.5821
v -8.8041 -10.653 12.3871
v -9.4395 -9.9779 12.4462
v -10.157 -9.1574 12.5175
v -10.827 -8.3037 12.6001
v -11.4515 -7.4182 12.6865
v -12.0307 -6.5004 12.769
v -12.5626 -5.5491 12.8403
v -9.4101 -10.1215 12.3592
v -9.984 -9.5555 12.3314
v -10.2012 -9.1972 12.4083
v -10.5239 -8.957 12.3035
v -10.8986 -8.3585 12.3704
v -11.028 -8.3281 12.2756
v -11.4946 -7.6708 12.2478
v -11.5272 -7.4672 12.3324
v -11.922 -6.9874 12.2199
v -12.083 -6.5287 12.2945
v -12.0307 -6.5004 12.4037
v -12.5082 -5.5251 12.3657
v -12.4801 -5.5127 12.4862
v -12.8779 -4.5048 12.4483
v -12.8779 -4.5048 12.5727
v -13.1943 -3.4684 12.5347
v -13.224 -3.4762 12.6552
v -13.4577 -2.4157 12.6173
v -13.5163 -2.4262 12.7265
v -13.6658 -1.3457 12.6885
v -13.2815 -3.4913 12.7644
v -12.9068 -4.5149 12.6931
v -12.4801 -5.5127 12.6106
v -12.0037 -6.4859 12.5242
v -11.4772 -7.4348 12.4416
v -10.8514 -8.3224 12.4796
v -11.4515 -7.4182 12.5621
v -12.0037 -6.4859 12.6485
v -12.5082 -5.5251 12.7311
v -12.963 -4.5345 12.8024
v -12.3088 -6.2803 12.1921
v -12.5626 -5.5491 12.2565
v -12.9068 -4.5149 12.3278
v -13.1943 -3.4684 12.4104
v -13.4275 -2.4103 12.4968
v -13.6066 -1.3399 12.5793
v -13.729 -0.2568 12.6506
v -12.6538 -5.5518 12.1642
v -12.9557 -4.8045 12.1363
v -12.963 -4.5345 12.2186
v -13.2135 -4.0408 12.1085
v -13.2815 -3.4913 12.1807
v -13.4263 -3.2633 12.0806
v -13.5163 -2.4262 12.1427
v -13.5934 -2.4748 12.0528
v -13.7143 -1.6779 12.0249
v -13.6658 -1.3457 12.1048
v -13.7885 -0.8753 11.9971
v -13.729 -0.2568 12.0669
v -13.6695 -0.2557 12.1761
v -13.6463 0.83 12.1381
v -13.6156 0.8281 12.2586
v -13.5065 1.9062 12.2207
v -13.5065 1.9062 12.345
v -13.3121 2.9722 12.3071
v -13.3421 2.9789 12.4276
v -13.0631 4.0284 12.3897
v -13.1199 4.046 12.4989
v -12.757 5.0745 12.4609
v -13.4001 2.9918 12.5368
v -13.5369 1.9105 12.4655
v -13.6156 0.8281 12.383
v -13.6389 -0.2552 12.2966
v -13.6066 -1.3399 12.214
v -13.224 -3.4762 12.2899
v -13.4275 -2.4103 12.3724
v -13.576 -1.3369 12.4588
v -13.6695 -0.2557 12.5414
v -13.7056 0.8336 12.6127
v -13.4577 -2.4157 12.2519
v -13.576 -1.3369 12.3345
v -13.6389 -0.2552 12.4209
v -13.6463 0.83 12.5035
v -13.5958 1.9188 12.5747
v -13.8157 -0.0697 11.9692
v -13.7056 0.8336 12.0289
v -13.5369 1.9105 12.1002
v -13.3121 2.9722 12.1828
v -13.0338 4.0194 12.2692
v -12.7017 5.0525 12.3517
v -12.3135 6.071 12.423
v -13.7959 0.7361 11.9413
v -13.7292 1.5393 11.9135
v -13.5958 1.9188 11.991
v -13.6157 2.3373 11.8856
v -13.4001 2.9918 11.953
v -13.4559 3.1274 11.8578
v -13.2503 3.9067 11.8299
v -13.1199 4.046 11.9151
v -12.9996 4.6728 11.802
v -12.757 5.0745 11.8772
v -12.7017 5.0525 11.9864
v -12.2602 6.0447 11.9484
v -12.2326 6.0311 12.0689
v -11.7149 6.983 12.031
v -11.7149 6.983 12.1553
v -11.1232 7.8908 12.1174
v -11.1483 7.9085 12.2379
v -10.4849 8.7684 12.2
v -10.5305 8.8066 12.3092
v -9.7979 9.6146 12.2712
v -11.1968 7.943 12.3471
v -11.7413 6.9987 12.2758
v -12.2326 6.0311 12.1933
v -12.6732 5.0412 12.1069
v -13.0631 4.0284 12.0243
v -13.3421 2.9789 12.0623
v -13.0338 4.0194 12.1448
v -12.6732 5.0412 12.2312
v -12.2602 6.0447 12.3138
v -11.7923 7.0292 12.385
v -12.7047 5.4229 11.7742
v -12.3135 6.071 11.8392
v -11.7413 6.9987 11.9105
v -11.1232 7.8908 11.9931
v -10.4614 8.7487 12.0795
v -9.7554 9.5729 12.162
v -9.0034 10.3619 12.2333
v -12.3665 6.1546 11.7463
v -11.9862 6.8652 11.7185
v -11.7923 7.0292 11.8013
v -11.5651 7.5525 11.6906
v -11.1968 7.943 11.7634
v -11.1046 8.2141 11.6627
v -10.5305 8.8066 11.7254
v -10.6064 8.8477 11.6349
v -10.0721 9.4512 11.607
v -9.7979 9.6146 11.6875
v -9.5034 10.0224 11.5792
v -9.0034 10.3619 11.6496
v -8.9644 10.317 11.7588
v -8.1168 10.996 11.7208
v -8.0986 10.9713 11.8413
v -7.2018 11.5794 11.8034
v -7.2018 11.5794 11.9277
v -6.2595 12.1145 11.8898
v -6.2736 12.1417 12.0103
v -5.2897 12.6014 11.9724
v -5.3127 12.6562 12.0816
v -4.2909 13.0379 12.0436
v -6.3009 12.1946 12.1195
v -7.2494 11.656 12.1574
v -8.1521 11.0438 12.1954
v -8.9644 10.317 12.1241
v -9.7335 9.5514 12.0415
v -8.9443 10.2938 12.0036
v -9.7335 9.5514 11.9172
v -8.9443 10.2938 11.8793
v -9.7554 9.5729 11.7967
v -11.1483 7.9085 11.8726
v -10.4614 8.7487 11.9551
v -10.4849 8.7684 11.8346
v -8.9024 10.5596 11.5513
v -8.1521 11.0438 11.6116
v -7.218 11.6055 11.6829
v -6.2595 12.1145 11.7654
v -5.2778 12.5731 11.8519
v -4.2724 12.9814 11.9344
v -3.2421 13.3374 12.0057
v -8.2712 11.0607 11.5234
v -7.6117 11.5242 11.4956
v -7.2494 11.656 11.5737
v -6.9264 11.9485 11.4677
v -6.3009 12.1946 11.5357
v -6.2175 12.3321 11.4399
v -5.4874 12.6737 11.412
v -5.3127 12.6562 11.4978
v -4.7387 12.9721 11.3841
v -4.2909 13.0379 11.4599
v -4.2724 12.9814 11.5691
v -3.2281 13.2796 11.5311
v -3.2208 13.2498 11.6516
v -2.1586 13.4636 11.6137
v -2.1586 13.4636 11.738
v -1.0827 13.5924 11.7001
v -1.0851 13.623 11.8206
v 0 13.6661 11.7827
v 0 13.7256 11.8919
v -1.0899 13.6823 11.9298
v -6.2736 12.1417 11.645
v -5.2778 12.5731 11.7275
v -4.2628 12.9523 11.8139
v -3.2281 13.2796 11.8965
v -2.1728 13.5526 11.9677
v -5.2897 12.6014 11.607
v -4.2628 12.9523 11.6896
v -3.2208 13.2498 11.776
v -2.1634 13.4939 11.8585
v -3.9738 13.2264 11.3563
v -3.2421 13.3374 11.4219
v -2.1634 13.4939 11.4932
v -1.0827 13.5924 11.5758
v 0 13.6354 11.6622
v -3.1954 13.4356 11.3284
v -2.4061 13.599 11.3006
v -2.1728 13.5526 11.384
v -1.6086 13.7162 11.2727
v -1.0899 13.6823 11.3461
v -0.8057 13.7867 11.2448
v 0 13.7256 11.3081
v 0 13.8102 11.217
v 0 13.6661 11.4173
v -1.0851 13.623 11.4553
v 0 13.6354 11.5378
v -7.218 11.6055 12.0482
v -8.0986 10.9713 11.9657
v -8.1168 10.996 12.0862
v 7.9353 -12.2268 12.358
v 6.9449 -12.8156 12.3202
v 5.911 -13.3243 12.2825
v 4.8402 -13.7497 12.2447
v 3.7391 -14.0892 12.2069
v 2.6147 -14.3406 12.1692
v 8.6956 -10.8041 13
v 8.8762 -11.5616 12.3958
v 8.2142 -11.1446 13
v 9.7615 -10.8242 12.4335
v 9.1618 -10.4437 13
v 9.6123 -10.0637 13
v 10.5857 -10.0191 12.4713
v 10.0464 -9.6649 13
v 10.4636 -9.2477 13
v 11.3438 -9.1514 12.5091
v 10.8631 -8.8129 13
v 11.2435 -8.362 13
v 12.031 -8.2264 12.5468
v 11.6043 -7.8958 13
v 11.9452 -7.415 13
v 12.6429 -7.2501 12.5846
v 12.2655 -6.9203 13
v 12.5651 -6.4123 13
v 13.1758 -6.2285 12.6223
v 12.8434 -5.8916 13
v 13.0996 -5.3599 13
v 13.6263 -5.168 12.6601
v 13.3331 -4.8188 13
v 13.5437 -4.2692 13
v 13.9916 -4.0752 12.6979
v 13.7311 -3.7116 13
v 13.8953 -3.1469 13
v 14.2694 -2.957 12.7356
v 14.036 -2.5758 13
v 14.458 -1.8203 12.7734
v 14.1531 -1.9991 13
v 14.2464 -1.4174 13
v 14.5561 -0.6723 12.8112
v 14.3158 -0.8316 13
v 14.3611 -0.2426 13
v 14.5633 0.48 12.8489
v 14.382 0.3468 13
v 14.3788 0.9359 13
v 14.4794 1.6291 12.8867
v 14.3515 1.5238 13
v 14.3003 2.1099 13
v 14.305 2.7681 12.9245
v 14.2253 2.6934 13
v 14.1266 3.2736 13
v 14.0411 3.8897 12.9622
v 14.0043 3.8497 13
v 13.8585 4.4211 13
v 13.6894 4.9869 13
v 1.4738 -14.5024 12.1314
v 0.3238 -14.5735 12.0936
v -0.8283 -14.5535 12.0559
v -1.9751 -14.4426 12.0181
v -3.1097 -14.2414 11.9803
v -4.2247 -13.9512 11.9426
v -5.3134 -13.5738 11.9048
v -6.3689 -13.1116 11.867
v -7.3845 -12.5674 11.8293
v -8.3539 -11.9446 11.7915
v -9.2711 -11.2472 11.7537
v -10.1304 -10.4795 11.716
v -10.9263 -9.6464 11.6782
v -11.6538 -8.7529 11.6404
v -12.3086 -7.8048 11.6027
v -12.8863 -6.8078 11.5649
v -13.3835 -5.7684 11.5272
v -13.7969 -4.6929 11.4894
v -14.1242 -3.5881 11.4516
v -14.3631 -2.4609 11.4139
v -14.5121 -1.3184 11.3761
v -14.5705 -0.1676 11.3383
v -14.5377 0.9841 11.3006
v -14.4141 2.1297 11.2628
v -14.2003 3.2619 11.225
v -13.8977 4.3737 11.1873
v -13.5082 5.4581 11.1495
v -13.0343 6.5084 11.1117
v -12.4788 7.5179 11.074
v -11.8453 8.4804 11.0362
v -11.1378 9.3898 10.9984
v -10.3606 10.2404 10.9607
v -9.5186 11.027 10.9229
v -8.6172 11.7446 10.8851
v -7.6618 12.3887 10.8474
v -6.6585 12.9554 10.8096
v -5.6136 13.441 10.7719
v -4.5336 13.8425 10.7341
v -3.4252 14.1574 10.6963
v -2.2955 14.3837 10.6586
v -1.1513 14.5201 10.6208
v 0 14.5657 10.583
v 13.4447 5.6815 13
v 13.7106 5.1463 12.926
v 13.2598 6.2155 12.9638
v 13.1618 6.3622 13
v 12.8422 7.0269 13
v 13.3109 6.2395 12.8708
v 12.7747 7.2737 12.9086
v 12.8051 7.291 12.8055
v 12.1873 8.2818 12.8434
v 12.5257 7.7833 12.7156
v 12.1559 8.3488 12.7375
v 12.8693 7.2015 12.6937
v 13.1859 6.6045 12.6719
v 13.3426 6.2544 12.7677
v 13.4748 5.9937 12.65
v 13.7963 5.1785 12.7298
v 13.7354 5.3702 12.6281
v 13.9672 4.7355 12.6063
v 14.1634 4.07 12.692
v 14.1697 4.0909 12.5844
v 14.3425 3.4376 12.5625
v 14.4416 2.936 12.6542
v 14.4851 2.7771 12.5406
v 14.5974 2.1108 12.5188
v 14.6291 1.7835 12.6163
v 14.679 1.4401 12.4969
v 14.7249 0.6198 12.5785
v 14.6899 0.6183 12.6816
v 14.6932 -0.5466 12.6437
v 14.6368 -0.5445 12.7368
v 14.5482 -1.7015 12.699
v 14.6335 0.6159 12.7747
v 14.5944 1.7793 12.7194
v 12.4872 7.6737 13
v 12.1584 8.2621 12.9464
v 11.493 9.2206 12.8812
v 11.7605 8.8968 12.7594
v 11.3404 9.426 12.7812
v 12.0986 8.3003 13
v 11.6777 8.9053 13
v 11.4657 9.1987 12.9843
v 11.2256 9.4875 13
v 10.7434 10.0454 13
v 10.7265 10.1015 12.919
v 10.2326 10.5778 13
v 9.8927 10.9189 12.9569
v 9.6954 11.0824 13
v 9.1336 11.5578 13
v 9.4317 11.3347 12.8688
v 8.9968 11.6678 12.9947
v 8.5484 12.0033 13
v 8.9024 11.7548 12.8906
v 10.8966 9.9355 12.8031
v 10.4298 10.4241 12.825
v 9.9412 10.8909 12.8469
v 8.3545 12.1502 12.9125
v 7.9411 12.418 13
v 7.789 12.52 12.9344
v 7.313 12.8011 13
v 7.2072 12.8636 12.9562
v 6.6653 13.1518 13
v 6.6102 13.1802 12.9781
v 5.9994 13.4691 13
v 13.7635 5.1662 12.8329
v 14.0755 4.0447 12.8882
v 14.1297 4.0604 12.7951
v 14.352 2.9178 12.8503
v 14.4073 2.929 12.7573
v 14.5383 1.7724 12.8125
v 14.7298 0.7662 12.475
v 14.7497 0.0908 12.4531
v 14.7282 -0.5478 12.5407
v 14.7386 -0.5848 12.4312
v 14.6966 -1.2592 12.4094
v 14.639 -1.7121 12.5028
v 14.6238 -1.931 12.3875
v 14.5203 -2.5987 12.3656
v 14.458 -2.8656 12.465
v 14.3863 -3.261 12.3438
v 14.1862 -4.0012 12.4271
v 14.2221 -3.9165 12.3219
v 14.0281 -4.5637 12.3
v 13.8254 -5.1117 12.3893
v 13.8046 -5.2014 12.2781
v 13.5522 -5.8282 12.2562
v 13.3778 -6.1902 12.3515
v 13.2713 -6.4427 12.2344
v 12.8462 -7.2298 12.3136
v 12.9626 -7.0438 12.2125
v 12.6266 -7.6301 12.1906
v 12.234 -8.2241 12.2758
v 12.2642 -8.2004 12.1688
v 11.876 -8.7535 12.1469
v 11.545 -9.1668 12.2379
v 11.4629 -9.2882 12.125
v 11.0257 -9.8034 12.1031
v 10.7835 -10.052 12.2001
v 10.5655 -10.2981 12.0812
v 9.9544 -10.8742 12.1623
v 9.9307 -10.8484 12.2654
v 9.0412 -11.6005 12.2275
v 9.0065 -11.5559 12.3206
v 8.0639 -12.2327 12.2828
v 9.8926 -10.8067 12.3584
v 10.7579 -10.0282 12.3032
v 14.6043 -1.708 12.6059
v 14.3683 -2.8479 12.6611
v 14.4237 -2.8588 12.5681
v 14.1525 -3.9917 12.5302
v 14.0982 -3.9764 12.6233
v 13.7396 -5.08 12.5855
v 13.7926 -5.0996 12.4924
v 13.2948 -6.1518 12.5476
v 13.346 -6.1755 12.4546
v 12.8157 -7.2127 12.4167
v 12.7665 -7.185 12.5098
v 12.1581 -8.1731 12.4719
v 12.205 -8.2046 12.3789
v 11.4734 -9.1099 12.4341
v 11.5176 -9.1451 12.341
v 10.7166 -9.9897 12.3963
v 10.083 -10.7712 12.0594
v 9.5794 -11.2217 12.0375
v 9.0627 -11.6281 12.1244
v 9.0556 -11.6486 12.0156
v 8.5129 -12.0512 11.9938
v 8.1142 -12.3091 12.0866
v 7.9523 -12.4284 11.9719
v 7.375 -12.7796 11.95
v 7.1148 -12.9128 12.0488
v 6.7822 -13.1039 11.9281
v 6.0707 -13.4355 12.0109
v 6.1752 -13.4008 11.9062
v 5.5553 -13.6696 11.8844
v 4.9885 -13.874 11.9731
v 4.9237 -13.9097 11.8625
v 4.2817 -14.1206 11.8406
v 3.8749 -14.2253 11.9352
v 3.6308 -14.3019 11.8187
v 2.7371 -14.4875 11.8974
v 2.9722 -14.4531 11.7969
v 2.3074 -14.5741 11.775
v 1.582 -14.6587 11.8596
v 1.6378 -14.6645 11.7531
v 0.9647 -14.7241 11.7313
v 0.4171 -14.738 11.8217
v 0.2896 -14.7529 11.7094
v -0.3861 -14.7507 11.6875
v -0.7505 -14.7247 11.7839
v -1.061 -14.7175 11.6656
v -1.9134 -14.6191 11.7461
v -1.9088 -14.5844 11.8491
v -3.057 -14.3876 11.8113
v -3.0452 -14.3323 11.9044
v -4.1698 -14.0463 11.8665
v -1.9015 -14.5284 11.9422
v -0.7487 -14.6898 11.887
v 8.095 -12.2798 12.1897
v 7.0706 -12.8327 12.2449
v 7.0979 -12.8821 12.1518
v 6.0563 -13.4036 12.114
v 6.033 -13.3522 12.2071
v 4.9575 -13.7879 12.1692
v 4.9766 -13.841 12.0762
v 3.8509 -14.1371 12.1314
v 3.8657 -14.1916 12.0383
v 2.7306 -14.4531 12.0005
v 2.7201 -14.3976 12.0936
v 1.5722 -14.5678 12.0557
v 1.5783 -14.6239 11.9627
v 0.4145 -14.6465 12.0179
v 0.4161 -14.703 11.9248
v -0.7458 -14.6334 11.9801
v -1.7337 -14.6535 11.6437
v -2.4027 -14.5587 11.6219
v -3.0642 -14.4218 11.7082
v -3.0667 -14.4334 11.6
v -3.7243 -14.2778 11.5781
v -4.1959 -14.134 11.6704
v -4.374 -14.0922 11.5563
v -5.0145 -13.8771 11.5344
v -5.3011 -13.7575 11.6325
v -5.6446 -13.6329 11.5125
v -6.3732 -13.2946 11.5947
v -6.2628 -13.3601 11.4906
v -6.8678 -13.0593 11.4688
v -7.4052 -12.7484 11.5569
v -7.4585 -12.731 11.4469
v -8.0334 -12.3761 11.425
v -8.3907 -12.1222 11.519
v -8.5915 -11.9952 11.4031
v -9.1316 -11.5891 11.3812
v -9.3236 -11.4199 11.4812
v -9.6526 -11.1588 11.3594
v -10.1979 -10.646 11.4434
v -10.1737 -10.6207 11.5464
v -10.9821 -9.782 11.5086
v -10.9399 -9.7445 11.6017
v -11.6765 -8.8479 11.5638
v -10.1346 -10.58 11.6395
v -9.3014 -11.3928 11.5843
v -4.1859 -14.1004 11.7735
v -5.2682 -13.6721 11.8287
v -5.2886 -13.7248 11.7356
v -6.358 -13.2631 11.6978
v -6.3336 -13.2122 11.7909
v -7.3592 -12.6693 11.753
v -7.3876 -12.7182 11.66
v -8.3386 -12.047 11.7152
v -8.3708 -12.0934 11.6221
v -9.2657 -11.3491 11.6774
v -10.1532 -10.705 11.3375
v -10.6326 -10.2287 11.3156
v -11.0082 -9.8053 11.4055
v -11.0896 -9.7311 11.2938
v -11.5234 -9.213 11.2719
v -11.7495 -8.9031 11.3677
v -11.933 -8.6755 11.25
v -12.4169 -7.945 11.3298
v -12.3875 -7.9262 11.4329
v -12.9756 -6.9207 11.3951
v -12.9258 -6.8941 11.4882
v -13.4305 -5.8492 11.4503
v -12.3399 -7.8957 11.526
v -11.7216 -8.8819 11.4708
v -12.3175 -8.1199 11.2281
v -12.6762 -7.5473 11.2062
v -13.0065 -6.9371 11.292
v -13.0083 -6.9588 11.1844
v -13.3131 -6.3557 11.1625
v -13.5144 -5.8857 11.2542
v -13.59 -5.7393 11.1406
v -13.8383 -5.1109 11.1188
v -13.9375 -4.7974 11.2163
v -14.0576 -4.4718 11.0969
v -14.273 -3.679 11.1785
v -14.2474 -3.8233 11.075
v -14.4073 -3.1668 11.0531
v -14.519 -2.5376 11.1407
v -14.537 -2.5036 11.0312
v -14.6361 -1.8352 11.0094
v -14.6739 -1.3802 11.1028
v -14.7045 -1.163 10.9875
v -14.7421 -0.4883 10.9656
v -14.7367 -0.2143 11.065
v -14.7487 0.1874 10.9438
v -14.7069 0.953 11.0271
v -14.672 0.9507 11.1302
v -14.5502 2.1092 11.0924
v -14.4944 2.1011 11.1855
v -14.2821 3.2419 11.1476
v -14.6157 0.9471 11.2233
v -14.7017 -0.2138 11.1681
v -13.4823 -5.8717 11.3573
v -13.851 -4.7677 11.4125
v -13.9044 -4.786 11.3194
v -14.2392 -3.6703 11.2816
v -14.1845 -3.6562 11.3747
v -14.4289 -2.5219 11.3368
v -14.4846 -2.5316 11.2437
v -14.5828 -1.3717 11.299
v -14.6391 -1.377 11.2059
v -14.6452 -0.213 11.2611
v -14.7244 0.8626 10.9219
v -14.6692 1.5361 10.9
v -14.5849 2.1143 10.9893
v -14.5832 2.2063 10.8781
v -14.4666 2.8719 10.8562
v -14.3713 3.2622 10.9515
v -14.3196 3.5314 10.8344
v -14.0675 4.3897 10.9136
v -14.0341 4.3792 11.0167
v -13.6429 5.4765 10.9789
v -13.5905 5.4554 11.0719
v -13.1155 6.5141 11.0341
v -13.9802 4.3624 11.1098
v -14.3372 3.2545 11.0546
v -14.1426 4.1835 10.8125
v -13.9359 4.8268 10.7906
v -13.6754 5.4895 10.8758
v -13.6999 5.46 10.7687
v -13.4352 6.0817 10.7469
v -13.1974 6.5549 10.838
v -13.1423 6.6907 10.725
v -12.8219 7.2855 10.7031
v -12.6366 7.579 10.8001
v -12.4745 7.8651 10.6813
v -11.9965 8.5556 10.7623
v -12.1009 8.4282 10.6594
v -11.702 8.9735 10.6375
v -11.2811 9.4784 10.7244
v -11.2784 9.5 10.6156
v -10.8313 10.0066 10.5938
v -10.4949 10.3417 10.6866
v -10.3613 10.4922 10.5719
v -9.8697 10.9557 10.55
v -9.6428 11.1401 10.6488
v -9.3573 11.3962 10.5281
v -8.7302 11.8685 10.6109
v -8.7095 11.8403 10.714
v -7.7444 12.4926 10.6762
v -7.7146 12.4446 10.7692
v -6.7048 13.0162 10.7314
v -8.676 11.7948 10.8071
v -9.6199 11.1136 10.7519
v -13.1661 6.5393 10.941
v -12.5582 7.532 10.9963
v -12.6066 7.561 10.9032
v -11.9681 8.5353 10.8654
v -11.9221 8.5025 10.9584
v -11.2111 9.4196 10.9206
v -11.2543 9.4559 10.8275
v -10.4298 10.2775 10.8828
v -10.47 10.3172 10.7897
v -9.583 11.0709 10.8449
v -8.8253 11.8128 10.5062
v -8.2747 12.2046 10.4844
v -7.7628 12.5223 10.5731
v -7.7069 12.5707 10.4625
v -7.1228 12.9105 10.4406
v -6.7467 13.0976 10.5352
v -6.5238 13.2232 10.4188
v -5.6856 13.5916 10.4973
v -6.7306 13.0664 10.6383
v -5.6695 13.5604 10.6003
v -5.6452 13.5094 10.6933
v -5.911 13.5081 10.3969
v -5.2859 13.7646 10.375
v -4.5919 13.9989 10.4595
v -4.6497 13.9922 10.3531
v -4.0038 14.1905 10.3313
v -3.4693 14.3183 10.4217
v -3.3494 14.359 10.3094
v -2.688 14.4973 10.2875
v -2.3251 14.5479 10.3839
v -2.0209 14.6052 10.2656
v -1.1662 14.6862 10.346
v -1.3497 14.6824 10.2437
v -0.6755 14.7288 10.2219
v 0 14.7324 10.3082
v 0 14.7443 10.2
v -4.5788 13.9663 10.5625
v -4.5591 13.9133 10.6555
v -3.4595 14.2847 10.5247
v -2.3184 14.5135 10.4869
v -3.4446 14.2302 10.6177
v -2.3084 14.4579 10.5799
v -1.1628 14.6514 10.4491
v -1.1578 14.5951 10.5422
v 0 14.6974 10.4113
v 0 14.641 10.5044
v 5.2859 13.7646 7.025
v 6.1594 13.3837 7.1024
v 5.0836 13.8279 7.1401
v 6.1448 13.3519 7.2054
v 5.0716 13.7951 7.2432
v 6.1212 13.3006 7.2985
v 5.0521 13.7421 7.3362
v 5.6784 13.4137 7.3919
v 4.8823 13.7234 7.4199
v 3.9515 14.0979 7.3739
v 4.0695 13.9859 7.4479
v 3.2427 14.2003 7.4759
v 2.8262 14.3657 7.4117
v 2.4048 14.3659 7.5039
v 1.6834 14.5439 7.4494
v 1.5586 14.4821 7.5319
v 0.707 14.5485 7.5598
v 0.53 14.6314 7.4871
v -0.147 14.5649 7.5878
v -0.6266 14.6276 7.5248
v -0.6291 14.684 7.4317
v -1.7863 14.5885 7.4695
v -1.7905 14.6233 7.3664
v -2.9393 14.4364 7.4041
v -2.3074 14.5627 7.275
v -3.0667 14.422 7.3
v -1.5418 14.6635 7.25
v -0.6306 14.7189 7.3286
v 0.5321 14.6878 7.394
v 7.1967 12.8559 7.0646
v 8.1892 12.2479 7.0269
v 8.1698 12.2188 7.13
v 9.1089 11.536 7.0923
v 9.9913 10.7812 7.0546
v 10.8113 9.9591 7.0169
v 10.7698 9.9209 7.1099
v 11.5195 9.0401 7.0722
v 12.1974 8.1029 7.0345
v 12.6046 7.3052 7.084
v 12.1546 8.0312 7.112
v 11.6628 8.7296 7.14
v 11.1309 9.3979 7.168
v 10.5608 10.034 7.1959
v 9.9529 10.7398 7.1477
v 9.9544 10.6355 7.2239
v 9.3138 11.2005 7.2519
v 9.0739 11.4916 7.1854
v 8.6412 11.727 7.2799
v 8.1384 12.1718 7.2231
v 7.1796 12.8253 7.1677
v 13.0113 6.5541 7.056
v 13.3733 5.7805 7.028
v 7.9389 12.2131 7.3079
v 7.1521 12.776 7.2608
v 7.2093 12.6573 7.3359
v 6.4549 13.058 7.3639
v 2.8371 14.4211 7.3186
v 1.6899 14.6 7.3563
v 1.6939 14.6348 7.2532
v 0.5333 14.7228 7.2909
v 0.772 14.7241 7.175
v 0 14.7443 7.2
v 1.5418 14.6635 7.15
v 2.3074 14.5627 7.125
v 2.8439 14.4555 7.2155
v 3.0667 14.422 7.1
v 3.9762 14.186 7.1778
v 3.8176 14.2417 7.075
v 4.558 14.0224 7.05
v -0.772 14.7241 7.225
v -1.0005 14.5313 7.6158
v -1.7794 14.5325 7.5625
v -2.9323 14.4021 7.5072
v -4.0698 14.1594 7.4418
v -3.8176 14.2417 7.325
v -4.558 14.0224 7.35
v -1.8506 14.4477 7.6438
v -2.6943 14.3144 7.6718
v -2.9211 14.3467 7.6002
v -3.5287 14.132 7.6998
v -4.0445 14.0715 7.638
v -4.351 13.9009 7.7278
v -5.1427 13.7084 7.6757
v -5.1584 13.6221 7.7558
v -5.948 13.2964 7.7838
v -6.2089 13.2599 7.7134
v -6.7172 12.9251 7.8118
v -7.2363 12.7285 7.7511
v -7.2642 12.7776 7.658
v -8.254 12.162 7.6959
v -8.2718 12.1923 7.5927
v -9.2068 11.5029 7.6304
v -8.6698 11.9273 7.5
v -9.2825 11.4572 7.525
v -8.0334 12.3647 7.475
v -7.2815 12.8081 7.5549
v -6.2328 13.311 7.6203
v -4.0601 14.1258 7.5449
v -5.1749 13.7941 7.4795
v -5.2859 13.7646 7.375
v -5.1626 13.7613 7.5826
v -6.2477 13.3427 7.5172
v -5.9994 13.4691 7.4
v -6.6964 13.1366 7.425
v -7.375 12.7682 7.45
v -7.4633 12.5093 7.8398
v -8.2242 12.114 7.789
v -9.1849 11.4756 7.7335
v -10.0862 10.7405 7.6681
v -9.8697 10.9557 7.55
v -10.4298 10.4241 7.575
v -8.1838 12.0505 7.8678
v -8.8762 11.5502 7.8958
v -9.1496 11.4315 7.8265
v -9.538 11.0103 7.9238
v -10.0236 10.6738 7.8643
v -10.1671 10.4325 7.9517
v -10.8351 9.8496 7.902
v -10.7612 9.8188 7.9797
v -11.3184 9.1714 8.0077
v -11.579 8.9638 7.9397
v -11.8367 8.4925 8.0357
v -12.2507 8.0221 7.9774
v -12.2979 8.0531 7.8843
v -12.8955 7.0575 7.922
v -12.9262 7.0744 7.819
v -13.4445 6.0323 7.8567
v -13.1423 6.6907 7.725
v -13.4748 5.9937 7.75
v -12.7739 7.3693 7.7
v -12.3272 8.0723 7.7812
v -11.6236 8.9984 7.8466
v -10.0623 10.715 7.7712
v -10.9028 9.9111 7.7058
v -10.9614 9.864 7.6
v -10.8769 9.8875 7.8089
v -11.6513 9.0198 7.7435
v -11.4629 9.2768 7.625
v -11.933 8.6641 7.65
v -12.3704 8.0277 7.675
v -12.3143 7.7843 8.0637
v -12.8459 7.0304 8.0151
v -13.4126 6.0179 7.9598
v -13.8791 4.9525 7.8944
v -13.7703 5.2802 7.775
v -14.0281 4.5523 7.8
v -12.7496 7.0494 8.0917
v -13.141 6.2902 8.1197
v -13.3611 5.9948 8.0528
v -13.4874 5.5094 8.1477
v -13.7929 4.9218 8.0906
v -13.7873 4.7097 8.1757
v -14.1388 3.818 8.1283
v -14.0399 3.8937 8.2037
v -14.2443 3.0644 8.2317
v -14.3964 2.6904 8.166
v -14.3997 2.2245 8.2597
v -14.5643 1.5459 8.2037
v -14.6204 1.5519 8.1106
v -14.6977 0.3934 8.1484
v -14.7327 0.3943 8.0453
v -14.6832 -0.7714 8.1862
v -14.718 -0.7751 8.0832
v -14.5775 -1.924 8.2238
v -14.6122 -1.9285 8.1207
v -14.4158 -3.0713 8.1583
v -14.5684 -2.3131 8.025
v -14.4277 -3.0724 8.05
v -14.6692 -1.5475 8
v -13.8461 4.9408 7.9975
v -14.2271 3.8419 7.9321
v -14.2474 3.8119 7.825
v -14.1933 3.8327 8.0352
v -14.4863 2.7072 7.9698
v -14.4277 3.061 7.85
v -14.5684 2.3017 7.875
v -14.4519 2.7008 8.0729
v -14.6552 1.5556 8.0075
v -14.6692 1.5361 7.9
v -14.5056 1.3769 8.2876
v -14.6413 0.3918 8.2414
v -14.6269 -0.7666 8.2792
v -14.5215 -1.9166 8.3169
v -14.3813 -3.0655 8.2614
v -14.1277 -4.2035 8.1961
v -14.2474 -3.8233 8.075
v -14.0281 -4.5637 8.1
v -14.5617 0.5246 8.3156
v -14.5678 -0.3295 8.3436
v -14.5238 -1.1825 8.3716
v -14.4299 -2.0315 8.3996
v -14.2864 -2.8735 8.4276
v -14.3257 -3.0551 8.3545
v -14.0938 -3.7057 8.4556
v -14.04 -4.1774 8.3923
v -14.0941 -4.1935 8.2992
v -13.7197 -5.2926 8.3369
v -13.7524 -5.3052 8.2338
v -13.2913 -6.3739 8.2715
v -13.4748 -6.0051 8.15
v -13.1423 -6.7021 8.175
v -13.7703 -5.2916 8.125
v -13.8528 -4.5251 8.4836
v -13.667 -5.2723 8.43
v -13.2598 -6.3588 8.3746
v -12.7474 -7.4028 8.3093
v -12.7739 -7.3807 8.2
v -13.5642 -5.3291 8.5116
v -13.229 -6.1147 8.5396
v -13.2088 -6.3344 8.4677
v -12.8483 -6.8793 8.5676
v -12.6682 -7.3569 8.5054
v -12.4235 -7.6203 8.5956
v -12.0487 -8.3337 8.5432
v -11.956 -8.3352 8.6236
v -11.4474 -9.0214 8.6516
v -11.3539 -9.2585 8.5809
v -10.8994 -9.6767 8.6795
v -10.5884 -10.1255 8.6186
v -10.6292 -10.1646 8.5255
v -9.7944 -10.9716 8.5632
v -9.8177 -10.9977 8.4601
v -8.9197 -11.7382 8.4978
v -9.2825 -11.4686 8.375
v -8.6698 -11.9387 8.4
v -9.8697 -10.9671 8.35
v -10.4298 -10.4355 8.325
v -10.6545 -10.1887 8.4224
v -10.9614 -9.8754 8.3
v -11.4248 -9.3163 8.3847
v -11.4629 -9.2882 8.275
v -11.933 -8.6755 8.25
v -12.1239 -8.3857 8.347
v -12.3704 -8.0391 8.225
v -12.7171 -7.3853 8.4124
v -12.0951 -8.3658 8.4501
v -11.3977 -9.2941 8.4878
v -10.3141 -10.2987 8.7075
v -9.7568 -10.9295 8.6563
v -8.8986 -11.7103 8.6009
v -7.9661 -12.4055 8.5356
v -8.0334 -12.3761 8.425
v -9.6932 -10.8853 8.7355
v -9.0391 -11.4346 8.7635
v -8.8644 -11.6654 8.694
v -8.3539 -11.9446 8.7915
v -7.9167 -12.3285 8.7317
v -7.64 -12.4136 8.8195
v -6.9196 -12.9148 8.7694
v -6.8999 -12.8399 8.8475
v -6.136 -13.2222 8.8755
v -5.8794 -13.4206 8.8072
v -5.3511 -13.559 8.9035
v -4.8025 -13.8427 8.8449
v -4.821 -13.896 8.7518
v -3.7099 -14.2331 8.7895
v -3.7187 -14.267 8.6864
v -2.5817 -14.516 8.7241
v -3.0667 -14.4334 8.6
v -2.3074 -14.5741 8.625
v -3.8176 -14.2531 8.575
v -4.558 -14.0338 8.55
v -4.8324 -13.9291 8.6487
v -5.2859 -13.776 8.525
v -5.9161 -13.5043 8.611
v -5.9994 -13.4805 8.5
v -6.6964 -13.1481 8.475
v -6.9628 -12.9954 8.5733
v -7.375 -12.7796 8.45
v -7.9472 -12.376 8.6387
v -6.9463 -12.9646 8.6764
v -5.902 -13.4723 8.7141
v -4.5477 -13.8492 8.9315
v -3.6956 -14.1785 8.8826
v -2.5756 -14.4815 8.8272
v -1.4287 -14.6744 8.7619
v -1.5418 -14.6749 8.65
v -3.7288 -14.0919 8.9595
v -2.897 -14.2862 8.9875
v -2.5657 -14.4259 8.9203
v -2.0553 -14.4314 9.0154
v -1.4198 -14.5834 8.958
v -1.2065 -14.5271 9.0434
v -0.2651 -14.65 8.9957
v -0.3536 -14.5728 9.0714
v 0.5006 -14.5685 9.0994
v 0.8914 -14.6252 9.0335
v 1.353 -14.5142 9.1274
v 2.0422 -14.5093 9.0712
v 2.0501 -14.5652 8.9781
v 3.1926 -14.3581 9.0158
v 3.2002 -14.3922 8.9127
v 4.3254 -14.0948 8.9504
v 3.8176 -14.2531 8.825
v 4.558 -14.0338 8.85
v 3.0667 -14.4334 8.8
v 2.3074 -14.5741 8.775
v 2.055 -14.5999 8.875
v 1.5418 -14.6749 8.75
v 0.8969 -14.7165 8.8373
v 0.772 -14.7355 8.725
v 0 -14.7557 8.7
v -0.2667 -14.7414 8.7996
v -0.772 -14.7355 8.675
v -1.4253 -14.6396 8.865
v -0.2661 -14.7065 8.9027
v 0.8948 -14.6816 8.9404
v 2.2008 -14.4099 9.1554
v 3.1803 -14.3029 9.1089
v 4.3152 -14.0614 9.0535
v 5.4237 -13.7096 8.9882
v 5.2859 -13.776 8.875
v 3.041 -14.2563 9.1834
v 3.8707 -14.0536 9.2114
v 4.2986 -14.0074 9.1466
v 4.6872 -13.8027 9.2394
v 5.3901 -13.6245 9.1843
v 5.4875 -13.5043 9.2674
v 6.2691 -13.1596 9.2954
v 6.4479 -13.1567 9.222
v 7.029 -12.7697 9.3234
v 7.4656 -12.6069 9.2598
v 7.4943 -12.6555 9.1667
v 8.4692 -12.0247 9.2044
v 8.4893 -12.0533 9.1013
v 9.4135 -11.3458 9.139
v 8.6698 -11.9387 9
v 9.2825 -11.4686 9.025
v 8.0334 -12.3761 8.975
v 7.5122 -12.6856 9.0636
v 6.4728 -13.2074 9.129
v 5.4108 -13.677 9.0913
v 6.4882 -13.2389 9.0259
v 5.9994 -13.4805 8.9
v 6.6964 -13.1481 8.925
v 7.375 -12.7796 8.95
v 7.7648 -12.3359 9.3514
v 8.4367 -11.9785 9.2975
v 9.3912 -11.3189 9.2421
v 10.279 -10.5676 9.1767
v 9.8697 -10.9671 9.05
v 10.4298 -10.4355 9.075
v 8.474 -11.8597 9.3794
v 9.154 -11.3428 9.4073
v 9.3551 -11.2754 9.3352
v 9.8025 -10.787 9.4353
v 10.2152 -10.5021 9.3729
v 10.4174 -10.1941 9.4633
v 11.0117 -9.6633 9.4106
v 10.9965 -9.5662 9.4913
v 11.5378 -8.9055 9.5193
v 11.7394 -8.7642 9.4483
v 12.0394 -8.2141 9.5473
v 12.3939 -7.8106 9.4861
v 12.4417 -7.8407 9.393
v 13.0212 -6.8344 9.4307
v 13.0522 -6.8507 9.3276
v 13.5516 -5.7994 9.3653
v 13.4748 -6.0051 9.25
v 13.7703 -5.2916 9.275
v 13.1423 -6.7021 9.225
v 12.7739 -7.3807 9.2
v 12.4713 -7.8593 9.2899
v 12.3704 -8.0391 9.175
v 11.8127 -8.8189 9.2522
v 11.933 -8.6755 9.15
v 11.4629 -9.2882 9.125
v 11.0804 -9.7236 9.2144
v 10.9614 -9.8754 9.1
v 10.2546 -10.5426 9.2798
v 11.0541 -9.7005 9.3176
v 12.4997 -7.4946 9.5753
v 12.9712 -6.8082 9.5238
v 13.5194 -5.7856 9.4684
v 13.9665 -4.712 9.403
v 14.0281 -4.5637 9.3
v 12.917 -6.7493 9.6033
v 13.2899 -5.9809 9.6313
v 13.4675 -5.7634 9.5615
v 13.6172 -5.1919 9.6593
v 13.8799 -4.6828 9.5992
v 13.8977 -4.3851 9.6873
v 14.204 -3.5795 9.6367
v 14.1304 -3.5633 9.7153
v 14.3146 -2.7292 9.7432
v 14.4428 -2.4408 9.6746
v 14.4496 -1.8858 9.7712
v 14.5899 -1.2935 9.7124
v 14.6462 -1.2985 9.6193
v 14.7026 -0.1387 9.657
v 14.7375 -0.1391 9.5539
v 14.7021 1.0243 9.5916
v 14.7298 0.7662 9.475
v 14.6692 1.5361 9.5
v 14.75 -0.0057 9.45
v 14.7298 -0.7777 9.425
v 14.6811 -1.3016 9.5162
v 14.6692 -1.5475 9.4
v 14.533 -2.456 9.4785
v 14.5684 -2.3131 9.375
v 14.4277 -3.0724 9.35
v 14.2938 -3.5974 9.4407
v 14.2474 -3.8233 9.325
v 14.2593 -3.5911 9.5437
v 13.9334 -4.7008 9.5061
v 14.5349 -1.0359 9.7992
v 14.6461 -0.1382 9.7501
v 14.6672 1.0218 9.6947
v 14.575 2.1812 9.6293
v 14.5684 2.3017 9.525
v 14.5703 -0.1825 9.8272
v 14.5556 0.6715 9.8552
v 14.6109 1.0179 9.7878
v 14.491 1.5232 9.8832
v 14.4845 2.1677 9.8255
v 14.3765 2.3697 9.9112
v 14.2679 3.3039 9.8632
v 14.2126 3.2079 9.9392
v 13.9999 4.0352 9.9672
v 13.9622 4.4194 9.9009
v 13.7391 4.8486 9.9952
v 13.5695 5.5074 9.9386
v 13.6218 5.5286 9.8456
v 13.1426 6.5863 9.8833
v 13.1739 6.602 9.7802
v 12.6114 7.6209 9.8179
v 12.7739 7.3693 9.7
v 12.3704 8.0277 9.725
v 13.1423 6.6907 9.675
v 13.4748 5.9937 9.65
v 13.6542 5.5418 9.7425
v 13.7703 5.2802 9.625
v 14.0494 4.447 9.7048
v 14.0281 4.5523 9.6
v 14.2474 3.8119 9.575
v 14.357 3.3245 9.667
v 14.4277 3.061 9.55
v 14.5404 2.176 9.7324
v 14.3229 3.3166 9.7701
v 14.0161 4.4365 9.8079
v 13.431 5.6452 10.0232
v 13.0921 6.561 9.9764
v 12.5815 7.6028 9.921
v 11.9703 8.5923 9.8556
v 11.933 8.6641 9.75
v 13.0768 6.4225 10.0512
v 12.6777 7.1777 10.0792
v 12.5331 7.5736 10.0141
v 12.235 7.9082 10.1072
v 11.896 8.5389 10.0518
v 11.7503 8.6115 10.1351
v 11.2252 9.2851 10.1631
v 11.1846 9.451 10.0895
v 10.6616 9.9269 10.1911
v 10.4035 10.3041 10.1272
v 10.4436 10.3439 10.0341
v 9.5944 11.1357 10.0719
v 9.6172 11.1622 9.9688
v 8.706 11.8863 10.0065
v 9.2825 11.4572 9.875
v 8.6698 11.9273 9.9
v 9.8697 10.9557 9.85
v 10.4685 10.3685 9.9311
v 11.2278 9.4875 9.9964
v 11.9418 8.5719 9.9587
v 11.2545 9.5101 9.8933
v 11.4629 9.2768 9.775
v 10.9614 9.864 9.8
v 10.4298 10.4241 9.825
v 10.0612 10.5345 10.2191
v 9.5575 11.0929 10.1649
v 8.6853 11.858 10.1096
v 7.7404 12.5362 10.0442
v 8.0334 12.3647 9.925
v 7.375 12.7682 9.95
v 9.4264 11.106 10.2471
v 8.7591 11.6392 10.2751
v 8.6519 11.8125 10.2027
v 8.0617 12.1324 10.3031
v 7.6924 12.4583 10.2404
v 7.3367 12.5839 10.3311
v 6.6848 13.0265 10.2781
v 6.5864 12.9922 10.3591
v 5.8135 13.3558 10.3871
v 5.6356 13.5133 10.3158
v 5.0206 13.6734 10.4151
v 4.5513 13.9159 10.3535
v 4.5688 13.9696 10.2604
v 3.4518 14.2865 10.2982
v 3.46 14.3205 10.1951
v 2.3187 14.5489 10.2328
v 3.0667 14.422 10.1
v 2.3074 14.5627 10.125
v 3.8176 14.2417 10.075
v 4.5797 14.0028 10.1574
v 5.6574 13.5655 10.2227
v 7.722 12.5064 10.1473
v 6.7266 13.1079 10.0819
v 6.6964 13.1366 9.975
v 6.7106 13.0767 10.185
v 5.6708 13.5978 10.1196
v 5.9994 13.4691 10
v 5.2859 13.7646 10.025
v 4.558 14.0224 10.05
v 4.2105 13.9441 10.4431
v 3.4385 14.2316 10.3912
v 2.3132 14.5143 10.3359
v 1.163 14.6865 10.2705
v 1.5418 14.6635 10.15
v 0.772 14.7241 10.175
v 3.3859 14.1669 10.4711
v 2.5496 14.3409 10.499
v 2.3043 14.4586 10.4289
v 1.7046 14.4656 10.527
v 1.1558 14.5953 10.4667
v 0.8538 14.5407 10.555
v 1.1602 14.6516 10.3736
v 14.4985 -2.4502 9.5816
v 11.7847 -8.798 9.3553
v -14.7298 -0.7777 7.975
v -14.75 -0.0057 7.95
v -14.7298 0.7662 7.925
v 3.9667 14.1523 7.2809
v 13.0571 4.51 7.626
v 13.3373 3.599 7.593
v 13.5541 2.6709 7.5601
v 13.7064 1.73 7.5271
v 13.7935 0.7809 7.4942
v 13.8149 -0.172 7.4612
v 13.7705 -1.124 7.4283
v 13.6607 -2.0708 7.3953
v 13.4858 -3.0077 7.3624
v 13.2467 -3.9304 7.3294
v 12.9446 -4.8343 7.2965
v 12.5809 -5.7153 7.2636
v 12.1573 -6.5691 7.2306
v 11.6759 -7.3917 7.1977
v 11.1388 -8.1791 7.1647
v 10.5488 -8.9276 7.1318
v 9.9086 -9.6337 7.0988
v 9.2212 -10.2939 7.0659
v 8.49 -10.9052 7.0329
v 12.7147 5.3995 7.6589
v 12.3117 6.2632 7.6918
v 11.8502 7.0971 7.7248
v 11.3323 7.8973 7.7577
v 10.7605 8.6598 7.7907
v 10.1374 9.381 7.8236
v 9.4661 10.0576 7.8566
v 8.7498 10.6863 7.8895
v 7.9918 11.2641 7.9225
v 7.1958 11.7883 7.9554
v 6.3655 12.2564 7.9883
v 5.505 12.6661 8.0213
v 4.6182 13.0155 8.0542
v 3.7095 13.3029 8.0872
v 2.7831 13.527 8.1201
v 1.8434 13.6866 8.1531
v 0.895 13.7811 8.186
v -0.0577 13.8101 8.219
v -1.01 13.7732 8.2519
v -1.9576 13.6708 8.2849
v -2.8959 13.5033 8.3178
v -3.8204 13.2715 8.3507
v -4.7267 12.9765 8.3837
v -5.6105 12.6197 8.4166
v -6.4676 12.2028 8.4496
v -7.294 11.7279 8.4825
v -8.0856 11.1971 8.5155
v -8.8387 10.6129 8.5484
v -9.5498 9.9783 8.5814
v -10.2154 9.2961 8.6143
v -10.8324 8.5697 8.6473
v -11.3979 7.8024 8.6802
v -11.9091 6.998 8.7132
v -12.3636 6.1603 8.7461
v -12.7593 5.2932 8.779
v -13.0943 4.4009 8.812
v -13.3669 3.4876 8.8449
v -13.576 2.5577 8.8779
v -13.7204 1.6156 8.9108
v -13.7995 0.6658 8.9438
v -13.813 -0.2872 8.9767
v -13.7607 -1.2389 9.0097
v -13.643 -2.1847 9.0426
v -13.4603 -3.1202 9.0755
v -13.2135 -4.0408 9.1085
v -12.9039 -4.9422 9.1414
v -12.5328 -5.8201 9.1744
v -12.1021 -6.6703 9.2073
v -11.6138 -7.4889 9.2403
v -11.0703 -8.2718 9.2732
v -10.474 -9.0153 9.3062
v -9.8279 -9.716 9.3391
v -9.135 -10.3705 9.372
v -8.3987 -10.9757 9.405
v -7.6224 -11.5286 9.4379
v -6.8098 -12.0267 9.4709
v -5.9648 -12.4676 9.5038
v -5.0914 -12.8492 9.5368
v -4.1938 -13.1697 9.5697
v -3.2762 -13.4275 9.6027
v -2.343 -13.6215 9.6356
v -1.3987 -13.7506 9.6686
v -0.4477 -13.8143 9.7015
v 0.5054 -13.8123 9.7345
v 1.4561 -13.7446 9.7674
v 2.3998 -13.6116 9.8003
v 3.3322 -13.4137 9.8333
v 4.2487 -13.1521 9.8662
v 5.1449 -12.8279 9.8992
v 6.0167 -12.4426 9.9321
v 6.8599 -11.9982 9.9651
v 7.6704 -11.4967 9.998
v 8.4444 -10.9405 10.031
v 9.1782 -10.3323 10.0639
v 9.8683 -9.675 10.0968
v 10.5115 -8.9716 10.1298
v 11.1046 -8.2255 10.1627
v 11.6449 -7.4403 10.1957
v 12.1298 -6.6198 10.2286
v 12.557 -5.7678 10.2616
v 12.9243 -4.8883 10.2945
v 13.2302 -3.9856 10.3275
v 13.4731 -3.064 10.3604
v 13.6519 -2.1278 10.3933
v 13.7658 -1.1815 10.4263
v 13.8141 -0.2296 10.4592
v 13.7966 0.7233 10.4922
v 13.7135 1.6728 10.5251
v 13.5652 2.6143 10.5581
v 13.3523 3.5433 10.591
v 13.0758 4.4555 10.624
v 12.7371 5.3464 10.6569
v 12.3378 6.2118 10.6899
v 11.8798 7.0476 10.7228
v 11.3652 7.8499 10.7557
v 10.7965 8.6148 10.7887
v 10.1765 9.3386 10.8216
v 9.5081 10.018 10.8546
v 8.7943 10.6497 10.8875
v 8.0388 11.2307 10.9205
v 7.2449 11.7582 10.9534
v 6.4166 12.2297 10.9864
v 5.5578 12.643 11.0193
v 4.6725 12.9961 11.0523
v 3.765 13.2873 11.0852
v 2.8395 13.5152 11.1181
v 1.9005 13.6788 11.1511
v 0.9525 13.7773 11.184
v 7.4056 -11.5688 7.0801
v 6.4692 -12.1176 7.0424
v 6.4412 -12.0651 7.1516
v 5.4686 -12.5362 7.1138
v 5.4564 -12.5081 7.2343
v 4.4519 -12.9 7.1966
v 4.4519 -12.9 7.3209
v 3.4195 -13.2113 7.2832
v 3.4272 -13.241 7.4036
v 2.3712 -13.4703 7.3659
v 2.3815 -13.5289 7.4751
v 1.306 -13.6748 7.4374
v 3.4421 -13.2986 7.5129
v 4.4619 -12.929 7.4414
v 5.4564 -12.5081 7.3586
v 6.4268 -12.0381 7.2721
v 7.3736 -11.5187 7.1893
v 8.2958 -10.9478 7.1179
v 5.4924 -12.5907 7.0046
v 4.4619 -12.929 7.0761
v 3.4272 -13.241 7.0383
v 2.3659 -13.4401 7.1211
v 1.2974 -13.585 7.0833
v 0.2208 -13.6451 7.0456
v -0.8571 -13.6199 7.1322
v -0.8571 -13.6199 7.0078
v -1.9297 -13.5097 7.0944
v -2.9902 -13.3151 7.0567
v -4.0321 -13.0373 7.0189
v -4.0412 -13.0666 7.1394
v -5.0601 -12.7067 7.1017
v -6.0474 -12.2673 7.0639
v -6.997 -11.7514 7.0262
v -7.0274 -11.8025 7.1353
v -7.9372 -11.2106 7.0976
v -8.7974 -10.5487 7.0598
v -9.6026 -9.8209 7.0221
v 3.4195 -13.2113 7.1588
v 2.3659 -13.4401 7.2454
v 1.2974 -13.585 7.2077
v 1.3003 -13.6156 7.3281
v 0.2213 -13.6757 7.2904
v 0.2223 -13.7352 7.3996
v -0.8628 -13.7099 7.3618
v 0.2208 -13.6451 7.1699
v -0.859 -13.6505 7.2527
v -1.934 -13.54 7.2149
v -1.9425 -13.5989 7.3241
v -3.01 -13.403 7.2863
v -2.997 -13.345 7.1772
v -4.0587 -13.1235 7.2486
v -5.0821 -12.7619 7.2108
v -6.0737 -12.3207 7.1731
v 4.4813 -12.9852 7.5506
v 5.4686 -12.5362 7.4791
v 6.4268 -12.0381 7.3964
v 7.357 -11.4929 7.3098
v 8.2599 -10.9004 7.2271
v 9.1341 -10.2584 7.1556
v 5.4924 -12.5907 7.5884
v 6.4412 -12.0651 7.5169
v 7.357 -11.4929 7.4341
v 8.2413 -10.8759 7.3476
v 9.0945 -10.214 7.2648
v 9.9153 -9.5049 7.1934
v 6.4692 -12.1176 7.6261
v 7.3736 -11.5187 7.5546
v 8.2413 -10.8759 7.4719
v 9.0741 -10.1911 7.3853
v 9.8724 -9.4638 7.3026
v 10.6346 -8.6921 7.2311
v 7.4056 -11.5688 7.6639
v 8.2599 -10.9004 7.5924
v 9.0741 -10.1911 7.5096
v 9.8502 -9.4426 7.4231
v 10.5885 -8.6545 7.3403
v 11.2874 -7.8251 7.2689
v 8.2958 -10.9478 7.7016
v 9.0945 -10.214 7.6302
v 9.8502 -9.4426 7.5474
v 10.5648 -8.6351 7.4608
v 11.2386 -7.7912 7.3781
v 11.8698 -6.9091 7.3066
v 9.1341 -10.2584 7.7393
v 9.8724 -9.4638 7.6679
v 10.5648 -8.6351 7.5851
v 11.2133 -7.7737 7.4986
v 11.8184 -6.8792 7.4158
v 12.3779 -5.9501 7.3444
v 9.9153 -9.5049 7.7771
v 10.5885 -8.6545 7.7057
v 11.2133 -7.7737 7.6229
v 11.7918 -6.8638 7.5363
v 12.3243 -5.9243 7.4536
v 12.8088 -4.9539 7.3821
v 10.6346 -8.6921 7.8148
v 11.2386 -7.7912 7.7434
v 11.7918 -6.8638 7.6607
v 12.2967 -5.911 7.5741
v 12.7533 -4.9324 7.4913
v 13.1596 -3.9268 7.4199
v 11.2874 -7.8251 7.8526
v 11.8184 -6.8792 7.7812
v 12.2967 -5.911 7.6984
v 12.7247 -4.9214 7.6118
v 13.1026 -3.9098 7.5291
v 13.4281 -2.8752 7.4576
v 11.8698 -6.9091 7.8903
v 12.3243 -5.9243 7.8189
v 12.7247 -4.9214 7.7362
v 13.0732 -3.901 7.6496
v 13.37 -2.8627 7.5668
v 13.6128 -1.8056 7.4954
v 12.3779 -5.9501 7.9281
v 12.7533 -4.9324 7.8567
v 13.0732 -3.901 7.7739
v 13.34 -2.8563 7.6873
v 13.5539 -1.7978 7.6046
v 13.7125 -0.7248 7.5331
v 12.8088 -4.9539 7.9658
v 13.1026 -3.9098 7.8944
v 13.34 -2.8563 7.8117
v 13.5234 -1.7938 7.7251
v 13.6531 -0.7217 7.6423
v 13.7264 0.3604 7.5709
v 13.1596 -3.9268 8.0036
v 13.37 -2.8627 7.9322
v 13.5234 -1.7938 7.8494
v 13.6224 -0.7201 7.7628
v 13.667 0.3589 7.6801
v 13.6546 1.4434 7.6086
v 13.4281 -2.8752 8.0414
v 13.5539 -1.7978 7.9699
v 13.6224 -0.7201 7.8872
v 13.6363 0.358 7.8006
v 13.5955 1.4372 7.7178
v 13.4975 2.5174 7.6464
v 13.6128 -1.8056 8.0791
v 13.6531 -0.7217 8.0076
v 13.6363 0.358 7.9249
v 13.565 1.4339 7.8383
v 13.4391 2.5064 7.7556
v 13.1984 3.561 7.7934
v 13.2557 3.5768 7.6842
v 12.8758 4.5913 7.8311
v 12.9318 4.6113 7.7219
v 12.5267 5.6183 7.7596
v 13.7125 -0.7248 8.1169
v 13.667 0.3589 8.0454
v 13.565 1.4339 7.9627
v 13.4089 2.5008 7.8761
v 13.1688 3.5528 7.9138
v 12.8469 4.581 7.9516
v 12.4725 5.5939 7.8688
v 12.0434 6.5901 7.7974
v 13.7264 0.3604 8.1546
v 13.5955 1.4372 8.0831
v 13.4089 2.5008 8.0004
v 13.1689 3.5526 8.0382
v 12.8469 4.581 8.0759
v 12.4445 5.5814 7.9893
v 11.9913 6.5615 7.9066
v 11.4849 7.5207 7.8351
v 13.6546 1.4434 8.1924
v 13.4391 2.5064 8.1209
v 13.1985 3.5604 8.1587
v 12.8758 4.5913 8.1964
v 12.4445 5.5814 8.1137
v 11.9644 6.5468 8.0271
v 11.4351 7.4881 7.9443
v 10.8545 8.4043 7.8729
v 13.4975 2.5174 8.2301
v 13.256 3.5757 8.2679
v 12.9318 4.6113 8.3056
v 12.5267 5.6183 8.3434
v 12.4725 5.5939 8.2341
v 11.9913 6.5615 8.2719
v 11.9644 6.5468 8.1514
v 11.4095 7.4713 8.1892
v 11.4095 7.4713 8.0648
v 10.7833 8.3491 8.1026
v 10.8075 8.3679 7.9821
v 10.1124 9.1953 8.0198
v 10.1564 9.2353 7.9106
v 9.3948 10.0086 7.9484
v 12.0434 6.5901 8.3811
v 11.4351 7.4881 8.3096
v 10.7833 8.3491 8.2269
v 10.0897 9.1746 8.1403
v 9.3541 9.9652 8.0576
v 8.5745 10.7193 7.9861
v 11.4849 7.5207 8.4189
v 10.8075 8.3679 8.3474
v 10.0897 9.1746 8.2647
v 9.3331 9.9429 8.1781
v 8.5374 10.6729 8.0953
v 7.7006 11.3631 8.0239
v 10.8545 8.4043 8.4566
v 10.1124 9.1953 8.3851
v 9.3331 9.9429 8.3024
v 8.5182 10.6489 8.2158
v 7.6673 11.3138 8.1331
v 6.7787 11.9358 8.0616
v 10.1564 9.2353 8.4944
v 9.3541 9.9652 8.4229
v 8.5182 10.6489 8.3402
v 7.6501 11.2884 8.2536
v 6.7493 11.884 8.1708
v 5.8143 12.4338 8.0994
v 9.3948 10.0086 8.5321
v 8.5374 10.6729 8.4607
v 7.6501 11.2884 8.3779
v 6.7341 11.8574 8.2913
v 5.7892 12.38 8.2086
v 4.8137 12.8542 8.1371
v 8.5745 10.7193 8.5699
v 7.6673 11.3138 8.4984
v 6.7341 11.8574 8.4157
v 5.7762 12.3522 8.3291
v 4.7928 12.7985 8.2463
v 3.7829 13.1942 8.1749
v 7.7006 11.3631 8.6076
v 6.7493 11.884 8.5362
v 5.7762 12.3522 8.4534
v 4.7821 12.7698 8.3668
v 3.7666 13.1371 8.2841
v 2.7286 13.4518 8.2126
v 6.7787 11.9358 8.6454
v 5.7892 12.38 8.5739
v 4.7821 12.7698 8.4912
v 3.7581 13.1076 8.4046
v 2.7168 13.3935 8.3218
v 1.6572 13.6252 8.2504
v 5.8143 12.4338 8.6831
v 4.7928 12.7985 8.6117
v 3.7581 13.1076 8.5289
v 2.7107 13.3634 8.4423
v 1.65 13.5662 8.3596
v 0.5754 13.7135 8.2881
v 4.8137 12.8542 8.7209
v 3.7666 13.1371 8.6494
v 2.7107 13.3634 8.5667
v 1.6463 13.5357 8.4801
v 0.5729 13.6541 8.3973
v -0.51 13.7161 8.3259
v 3.7829 13.1942 8.7586
v 2.7168 13.3935 8.6872
v 1.6463 13.5357 8.6044
v 0.5716 13.6235 8.5178
v -0.5078 13.6567 8.4351
v -1.5921 13.633 8.3636
v 2.7286 13.4518 8.7964
v 1.65 13.5662 8.7249
v 0.5716 13.6235 8.6422
v -0.5066 13.626 8.5556
v -1.5853 13.5739 8.4728
v -2.6644 13.4646 8.4014
v 1.6572 13.6252 8.8341
v 0.5729 13.6541 8.7627
v -0.5066 13.626 8.6799
v -1.5817 13.5434 8.5933
v -2.6528 13.4063 8.5106
v -3.72 13.2121 8.4391
v 0.5754 13.7135 8.8719
v -0.5078 13.6567 8.8004
v -1.5817 13.5434 8.7177
v -2.6469 13.3762 8.6311
v -3.7038 13.1549 8.5483
v -4.7523 12.877 8.4769
v -0.51 13.7161 8.9096
v -1.5853 13.5739 8.8382
v -2.6469 13.3762 8.7554
v -3.6955 13.1253 8.6688
v -4.7317 12.8212 8.5861
v -5.7549 12.4614 8.5146
v -1.5921 13.633 8.9474
v -2.6528 13.4063 8.8759
v -3.6955 13.1253 8.7932
v -4.7211 12.7924 8.7066
v -5.73 12.4074 8.6238
v -6.7216 11.9679 8.5524
v -2.6644 13.4646 8.9851
v -3.7038 13.1549 8.9137
v -4.7211 12.7924 8.8309
v -5.7172 12.3796 8.7443
v -6.6925 11.9161 8.6616
v -7.6463 11.3997 8.5901
v -3.72 13.2121 9.0229
v -4.7317 12.8212 8.9514
v -5.7172 12.3796 8.8687
v -6.6775 11.8893 8.7821
v -7.6132 11.3503 8.6993
v -8.5233 10.7601 8.6279
v -4.7523 12.877 9.0606
v -5.73 12.4074 8.9892
v -6.6775 11.8893 8.9064
v -7.5961 11.3248 8.8198
v -8.4863 10.7135 8.7371
v -9.3469 10.0533 8.6656
v -5.7549 12.4614 9.0984
v -6.6925 11.9161 9.0269
v -7.5961 11.3248 8.9442
v -8.4673 10.6894 8.8576
v -9.3064 10.0097 8.7748
v -10.1122 9.2836 8.7034
v -6.7216 11.9679 9.1361
v -7.6132 11.3503 9.0647
v -8.4673 10.6894 8.9819
v -9.2856 9.9872 8.8953
v -10.0684 9.2434 8.8126
v -10.8143 8.4559 8.7411
v -7.6463 11.3997 9.1739
v -8.4863 10.7135 9.1024
v -9.2856 9.9872 9.0197
v -10.0458 9.2226 8.9331
v -10.7675 8.4193 8.8503
v -11.4488 7.5754 8.7789
v -8.5233 10.7601 9.2116
v -9.3064 10.0097 9.1402
v -10.0458 9.2226 9.0574
v -10.7433 8.4004 8.9708
v -11.3993 7.5425 8.8881
v -12.0118 6.6475 8.8166
v -9.3469 10.0533 9.2494
v -10.0684 9.2434 9.1779
v -10.7433 8.4004 9.0952
v -11.3737 7.5256 9.0086
v -11.9598 6.6186 8.9258
v -12.4998 5.678 8.8544
v -10.1122 9.2836 9.2871
v -10.7675 8.4193 9.2157
v -11.3737 7.5256 9.1329
v -11.933 6.6038 9.0463
v -12.4457 5.6533 8.9636
v -12.9096 4.673 8.8921
v -10.8143 8.4559 9.3249
v -11.3993 7.5425 9.2534
v -11.933 6.6038 9.1707
v -12.4177 5.6406 9.0841
v -12.8537 4.6527 9.0013
v -13.2388 3.6387 8.9299
v -11.4488 7.5754 9.3626
v -11.9598 6.6186 9.2912
v -12.4177 5.6406 9.2084
v -12.8249 4.6422 9.1218
v -13.1815 3.6229 9.0391
v -13.4853 2.5817 8.9676
v -12.0118 6.6475 9.4004
v -12.4457 5.6533 9.3289
v -12.8249 4.6422 9.2462
v -13.1519 3.6148 9.1596
v -13.4269 2.5705 9.0768
v -13.6476 1.5085 9.0054
v -12.4998 5.678 9.4381
v -12.8537 4.6527 9.3667
v -13.1519 3.6148 9.2839
v -13.3968 2.5647 9.1973
v -13.5884 1.502 9.1146
v -13.7245 0.4259 9.0431
v -12.9096 4.673 9.4759
v -13.2388 3.6387 9.5136
v -13.4853 2.5817 9.5514
v -13.4269 2.5705 9.4422
v -13.5884 1.502 9.4799
v -13.558 1.4986 9.3594
v -13.6344 0.4231 9.3972
v -13.6344 0.4231 9.2728
v -13.6257 -0.6551 9.3106
v -13.6563 -0.6566 9.1901
v -13.5623 -1.7332 9.2278
v -13.6213 -1.7407 9.1186
v -13.4417 -2.8111 9.1564
v -13.7157 -0.6594 9.0809
v -13.6651 0.424 9.1523
v -13.558 1.4986 9.2351
v -13.3968 2.5647 9.3217
v -13.1815 3.6229 9.4044
v -13.6476 1.5085 9.5891
v -13.6651 0.424 9.5177
v -13.6257 -0.6551 9.4349
v -13.5318 -1.7293 9.3483
v -13.3835 -2.7989 9.2656
v -13.1781 -3.864 9.1941
v -13.7245 0.4259 9.6269
v -13.6563 -0.6566 9.5554
v -13.5318 -1.7293 9.4727
v -13.3534 -2.7927 9.3861
v -13.121 -3.8472 9.3033
v -12.8322 -4.8927 9.2319
v -13.7157 -0.6594 9.6646
v -13.5623 -1.7332 9.5932
v -13.3534 -2.7927 9.5104
v -13.0916 -3.8386 9.4238
v -12.7766 -4.8716 9.3411
v -12.4061 -5.891 9.2696
v -13.6213 -1.7407 9.7024
v -13.3835 -2.7989 9.6309
v -13.0916 -3.8386 9.5482
v -12.748 -4.8606 9.4616
v -12.3524 -5.8655 9.3788
v -11.9026 -6.8524 9.3074
v -13.4417 -2.8111 9.7401
v -13.121 -3.8472 9.6687
v -12.748 -4.8606 9.5859
v -12.3247 -5.8523 9.4993
v -11.851 -6.8228 9.4166
v -11.3246 -7.7711 9.3451
v -13.1781 -3.864 9.7779
v -12.7766 -4.8716 9.7064
v -12.3247 -5.8523 9.6237
v -11.8244 -6.8075 9.5371
v -11.2756 -7.7375 9.4543
v -10.6759 -8.6413 9.3829
v -12.8322 -4.8927 9.8156
v -12.3524 -5.8655 9.7442
v -11.8244 -6.8075 9.6614
v -11.2503 -7.7202 9.5748
v -10.6297 -8.6039 9.4921
v -9.9605 -9.4575 9.4206
v -12.4061 -5.891 9.8534
v -11.851 -6.8228 9.7819
v -11.2503 -7.7202 9.6992
v -10.6058 -8.5846 9.6126
v -9.9174 -9.4166 9.5298
v -9.1829 -10.2147 9.4584
v -11.9026 -6.8524 9.8911
v -11.2756 -7.7375 9.8197
v -10.6058 -8.5846 9.7369
v -9.8951 -9.3955 9.6503
v -9.1431 -10.1705 9.5676
v -8.3113 -10.8612 9.6053
v -8.3474 -10.9085 9.4961
v -7.4284 -11.4834 9.6431
v -7.4607 -11.5334 9.5339
v -6.5269 -12.0866 9.5716
v -11.3246 -7.7711 9.9289
v -10.6297 -8.6039 9.8574
v -9.8951 -9.3955 9.7747
v -9.1226 -10.1477 9.6881
v -8.2927 -10.8368 9.7258
v -7.4117 -11.4577 9.7636
v -6.4986 -12.0343 9.6808
v -5.5524 -12.5644 9.6094
v -10.6759 -8.6413 9.9666
v -9.9174 -9.4166 9.8952
v -9.1226 -10.1477 9.8124
v -8.2928 -10.8367 9.8502
v -7.4117 -11.4577 9.8879
v -6.4841 -12.0073 9.8013
v -5.5283 -12.51 9.7186
v -4.5431 -12.9637 9.6471
v -9.9605 -9.4575 10.0044
v -9.1431 -10.1705 9.9329
v -8.3115 -10.861 9.9707
v -7.4284 -11.4834 10.0084
v -6.4841 -12.0073 9.9257
v -5.5159 -12.4819 9.8391
v -4.5234 -12.9075 9.7563
v -3.5055 -13.282 9.6849
v -9.1829 -10.2147 10.0421
v -8.3478 -10.9081 10.0799
v -7.4607 -11.5334 10.1176
v -6.4986 -12.0343 10.0462
v -5.5159 -12.4819 9.9634
v -4.5133 -12.8786 9.8768
v -3.4903 -13.2245 9.7941
v -2.4459 -13.5174 9.7226
v -6.5269 -12.0866 10.1554
v -5.5524 -12.5644 10.1931
v -4.5431 -12.9637 10.2309
v -3.5055 -13.282 10.2686
v -2.4459 -13.5174 10.3064
v -1.3711 -13.6684 10.3441
v -0.2878 -13.734 10.3819
v 0.7974 -13.7138 10.4196
v 1.8776 -13.608 10.4574
v 2.9461 -13.4172 10.4951
v 3.9961 -13.1427 10.5329
v 5.0212 -12.786 10.5706
v 6.0149 -12.3495 10.6084
v 6.9711 -11.8359 10.6461
v 7.8837 -11.2483 10.6839
v 7.8495 -11.1996 10.5747
v 8.7091 -10.5447 10.6124
v 8.6896 -10.521 10.4919
v 9.493 -9.8019 10.5297
v 9.493 -9.8019 10.4053
v 10.237 -9.0215 10.4431
v 10.26 -9.0418 10.3226
v 10.9417 -8.2032 10.3603
v 10.9893 -8.2389 10.2511
v 11.6052 -7.3452 10.2889
v 10.3047 -9.0811 10.2134
v 9.5143 -9.8239 10.2848
v 8.6896 -10.521 10.3676
v 7.8319 -11.1745 10.4542
v 6.9409 -11.7846 10.5369
v -5.5283 -12.51 10.0839
v -4.5133 -12.8786 10.0012
v -3.4825 -13.1948 9.9146
v -2.4354 -13.4589 9.8318
v -1.3711 -13.6684 9.7604
v -4.5234 -12.9075 10.1217
v -3.4825 -13.1948 10.0389
v -2.4299 -13.4287 9.9523
v -1.3652 -13.6092 9.8696
v -0.2878 -13.734 9.7981
v -3.4903 -13.2245 10.1594
v -2.4299 -13.4287 10.0767
v -1.3621 -13.5787 9.9901
v -0.2865 -13.6745 9.9073
v 0.7974 -13.7138 9.8359
v -2.4354 -13.4589 10.1972
v -1.3621 -13.5787 10.1144
v -0.2859 -13.6439 10.0278
v 0.794 -13.6545 9.9451
v 1.8776 -13.608 9.8736
v -1.3652 -13.6092 10.2349
v -0.2859 -13.6439 10.1522
v 0.7922 -13.6238 10.0656
v 1.8695 -13.5491 9.9828
v 2.9461 -13.4172 9.9114
v -0.2865 -13.6745 10.2727
v 0.7922 -13.6238 10.1899
v 1.8653 -13.5187 10.1033
v 2.9333 -13.3592 10.0206
v 3.9961 -13.1427 9.9491
v 0.794 -13.6545 10.3104
v 1.8653 -13.5187 10.2277
v 2.9267 -13.3292 10.1411
v 3.9788 -13.0858 10.0583
v 5.0212 -12.786 9.9869
v 1.8695 -13.5491 10.3482
v 2.9267 -13.3292 10.2654
v 3.9699 -13.0564 10.1788
v 4.9995 -12.7306 10.0961
v 6.0149 -12.3495 10.0246
v 2.9333 -13.3592 10.3859
v 3.9699 -13.0564 10.3032
v 4.9883 -12.7021 10.2166
v 5.9889 -12.296 10.1338
v 6.9711 -11.8359 10.0624
v 3.9788 -13.0858 10.4237
v 4.9883 -12.7021 10.3409
v 5.9755 -12.2684 10.2543
v 6.9409 -11.7846 10.1716
v 7.8837 -11.2483 10.1001
v 4.9995 -12.7306 10.4614
v 5.9755 -12.2684 10.3787
v 6.9253 -11.7582 10.2921
v 7.8495 -11.1996 10.2093
v 8.747 -10.5905 10.1379
v 5.9889 -12.296 10.4992
v 6.9253 -11.7582 10.4164
v 7.8319 -11.1745 10.3298
v 8.7091 -10.5447 10.2471
v 9.5557 -9.8666 10.1756
v 8.747 -10.5905 10.7216
v 9.5143 -9.8239 10.6502
v 10.237 -9.0215 10.5674
v 10.9171 -8.1848 10.4808
v 11.5549 -7.3134 10.3981
v 12.1486 -6.4057 10.3266
v 9.5557 -9.8666 10.7594
v 10.26 -9.0418 10.6879
v 10.9171 -8.1848 10.6052
v 11.529 -7.297 10.5186
v 12.096 -6.378 10.4358
v 12.6161 -5.4262 10.3644
v 10.3047 -9.0811 10.7971
v 10.9417 -8.2032 10.7257
v 11.529 -7.297 10.6429
v 12.0689 -6.3636 10.5563
v 12.5615 -5.4027 10.4736
v 13.0049 -4.4128 10.4021
v 10.9893 -8.2389 10.8349
v 11.5549 -7.3134 10.7634
v 12.0689 -6.3636 10.6807
v 12.5333 -5.3906 10.5941
v 12.9485 -4.3937 10.5113
v 13.3123 -3.3719 10.4399
v 11.6052 -7.3452 10.8726
v 12.096 -6.378 10.8012
v 12.5333 -5.3906 10.7184
v 12.9195 -4.3838 10.6318
v 13.2547 -3.3573 10.5491
v 13.5366 -2.3099 10.4776
v 12.1486 -6.4057 10.9104
v 12.5615 -5.4027 10.8389
v 12.9195 -4.3838 10.7562
v 13.2249 -3.3498 10.6696
v 13.478 -2.3 10.5868
v 13.6763 -1.2336 10.5154
v 12.6161 -5.4262 10.9481
v 12.9485 -4.3937 10.8767
v 13.2249 -3.3498 10.7939
v 13.4477 -2.2948 10.7073
v 13.6171 -1.2283 10.6246
v 13.7305 -0.1496 10.5531
v 13.0049 -4.4128 10.9859
v 13.2547 -3.3573 10.9144
v 13.4477 -2.2948 10.8317
v 13.5865 -1.2255 10.7451
v 13.6711 -0.149 10.6623
v 13.699 0.9353 10.5909
v 13.3123 -3.3719 11.0236
v 13.478 -2.3 10.9522
v 13.5865 -1.2255 10.8694
v 13.6404 -0.1486 10.7828
v 13.6397 0.9312 10.7001
v 13.5819 2.0143 10.6286
v 13.5366 -2.3099 11.0614
v 13.6171 -1.2283 10.9899
v 13.6404 -0.1486 10.9072
v 13.6091 0.9291 10.8206
v 13.5231 2.0056 10.7378
v 13.3799 3.0808 10.6664
v 13.6763 -1.2336 11.0991
v 13.6711 -0.149 11.0277
v 13.6091 0.9291 10.9449
v 13.4927 2.0011 10.8583
v 13.322 3.0674 10.7756
v 13.0944 4.1279 10.7041
v 13.7305 -0.1496 11.1369
v 13.6397 0.9312 11.0654
v 13.4927 2.0011 10.9827
v 13.2921 3.0605 10.8961
v 13.0376 4.11 10.8133
v 12.727 5.1492 10.7419
v 13.699 0.9353 11.1746
v 13.5231 2.0056 11.1032
v 13.2921 3.0605 11.0204
v 13.0084 4.1007 10.9338
v 12.6719 5.1269 10.8511
v 12.2801 6.1383 10.7796
v 13.5819 2.0143 11.2124
v 13.322 3.0674 11.1409
v 13.0084 4.1007 11.0582
v 12.6434 5.1153 10.9716
v 12.2269 6.1117 10.8888
v 11.7565 7.089 10.8174
v 13.3799 3.0808 11.2501
v 13.0376 4.11 11.1787
v 12.6434 5.1153 11.0959
v 12.1995 6.0979 11.0093
v 11.7055 7.0582 10.9266
v 11.1594 7.9954 10.8551
v 13.0944 4.1279 11.2879
v 12.6719 5.1269 11.2164
v 12.1995 6.0979 11.1337
v 11.6793 7.0424 11.0471
v 11.1111 7.9607 10.9643
v 10.4926 8.8517 10.8929
v 12.727 5.1492 11.3256
v 12.2269 6.1117 11.2542
v 11.6793 7.0424 11.1714
v 11.0861 7.9428 11.0848
v 10.4471 8.8134 11.0021
v 9.7602 9.6528 10.9306
v 12.2801 6.1383 11.3634
v 11.7055 7.0582 11.2919
v 11.0861 7.9428 11.2092
v 10.4237 8.7936 11.1226
v 9.718 9.611 11.0398
v 8.9669 10.3935 10.9684
v 11.7565 7.089 11.4011
v 11.1111 7.9607 11.3297
v 10.4237 8.7936 11.2469
v 9.6962 9.5894 11.1603
v 8.9281 10.3485 11.0776
v 8.1175 11.0692 11.0061
v 11.1594 7.9954 11.4389
v 10.4471 8.8134 11.3674
v 9.6962 9.5894 11.2847
v 8.908 10.3252 11.1981
v 8.0824 11.0213 11.1153
v 7.2175 11.6758 11.0439
v 10.4926 8.8517 11.4766
v 9.718 9.611 11.4052
v 8.908 10.3252 11.3224
v 8.0642 10.9965 11.2358
v 7.1862 11.6252 11.1531
v 6.2723 12.2093 11.0816
v 9.7602 9.6528 11.5144
v 8.9281 10.3485 11.4429
v 8.0642 10.9965 11.3602
v 7.1701 11.5991 11.2736
v 6.2451 12.1564 11.1908
v 5.288 12.6666 11.1194
v 8.9669 10.3935 11.5521
v 8.0824 11.0213 11.4807
v 7.1701 11.5991 11.3979
v 6.2311 12.1291 11.3113
v 5.2651 12.6117 11.2286
v 4.2706 13.0446 11.1571
v 8.1175 11.0692 11.5899
v 7.1862 11.6252 11.5184
v 6.2311 12.1291 11.4357
v 5.2532 12.5834 11.3491
v 4.2521 12.9881 11.2663
v 3.2265 13.3411 11.1949
v 7.2175 11.6758 11.6276
v 6.2451 12.1564 11.5562
v 5.2532 12.5834 11.4734
v 4.2425 12.9589 11.3868
v 3.2125 13.2833 11.3041
v 2.1623 13.5543 11.2326
v 6.2723 12.2093 11.6654
v 5.2651 12.6117 11.5939
v 4.2425 12.9589 11.5112
v 3.2053 13.2535 11.4246
v 2.1529 13.4956 11.3418
v 1.0845 13.6827 11.2704
v 5.288 12.6666 11.7031
v 4.2521 12.9881 11.6317
v 3.2053 13.2535 11.5489
v 2.1481 13.4653 11.4623
v 1.0798 13.6234 11.3796
v 4.2706 13.0446 11.7409
v 3.2125 13.2833 11.6694
v 2.1481 13.4653 11.5867
v 1.0774 13.5928 11.5001
v 3.2265 13.3411 11.7786
v 2.1529 13.4956 11.7072
v 1.0774 13.5928 11.6244
v 2.1623 13.5543 11.8164
v 1.0798 13.6234 11.7449
v 1.0845 13.6827 11.8541
v 5.6446 13.6215 -12
v 4.558 14.0224 -12
v 3.4433 14.3368 -12
v 2.3074 14.5627 -12
v 1.1573 14.6988 -12
v 0 14.7443 -12
v -1.1573 14.6988 -12
v -2.3074 14.5627 -12
v -3.4433 14.3368 -12
v -4.558 14.0224 -12
v -5.6446 13.6215 -12
v -6.6964 13.1366 -12
v -7.7069 12.5707 -12
v -8.6698 11.9273 -12
v -9.5794 11.2103 -12
v -10.4298 10.4241 -12
v -11.216 9.5737 -12
v -11.933 8.6641 -12
v -12.5764 7.7012 -12
v -13.1423 6.6907 -12
v -13.6272 5.6389 -12
v -14.0281 4.5523 -12
v -14.3425 3.4376 -12
v -14.5684 2.3017 -12
v -14.7045 1.1516 -12
v -14.75 -0.0057 -12
v -14.7045 -1.163 -12
v -14.5684 -2.3131 -12
v -14.3425 -3.449 -12
v -14.0281 -4.5637 -12
v -13.6272 -5.6503 -12
v -13.1423 -6.7021 -12
v -12.5764 -7.7126 -12
v -11.933 -8.6755 -12
v -11.216 -9.5851 -12
v -10.4298 -10.4355 -12
v -9.5794 -11.2217 -12
v -8.6698 -11.9387 -12
v -7.7069 -12.5821 -12
v -6.6964 -13.1481 -12
v -5.6446 -13.6329 -12
v -4.558 -14.0338 -12
v -3.4433 -14.3482 -12
v -2.3074 -14.5741 -12
v -1.1573 -14.7102 -12
v 0 -14.7557 -12
v 1.1573 -14.7102 -12
v 2.3074 -14.5741 -12
v 3.4433 -14.3482 -12
v 4.558 -14.0338 -12
v 5.6446 -13.6329 -12
v 6.6964 -13.1481 -12
v 7.7069 -12.5821 -12
v 8.6698 -11.9387 -12
v 9.5794 -11.2217 -12
v 10.4298 -10.4355 -12
v 11.216 -9.5851 -12
v 11.933 -8.6755 -12
v 12.5764 -7.7126 -12
v 13.1423 -6.7021 -12
v 13.6272 -5.6503 -12
v 14.0281 -4.5637 -12
v 14.3425 -3.449 -12
v 14.5684 -2.3131 -12
v 14.7045 -1.163 -12
v 14.75 -0.0057 -12
v 14.7045 1.1516 -12
v 14.5684 2.3017 -12
v 14.3425 3.4376 -12
v 14.0281 4.5523 -12
v 13.6272 5.6389 -12
v 13.1423 6.6907 -12
v 12.5764 7.7012 -12
v 11.933 8.6641 -12
v 11.216 9.5737 -12
v 10.4298 10.4241 -12
v 9.5794 11.2103 -12
v 8.6698 11.9273 -12
v 7.7069 12.5707 -12
v 6.6964 13.1366 -12
v 5.0448 13.8548 13
v 4.0656 14.1729 13
v 3.0667 14.422 13
v 2.0528 14.6007 13
v 1.0289 14.7084 13
v 4.5 -15.4616 -19.8006
v -4.5 -15.4616 -19.8006
v 4.5 -14.4267 -20.8
v -4.5 -14.4267 -20.8
v -4.5 -16.02 -3.8104
v 4.5 -16.02 -3.8104
v -4.5 15.4502 -19.8006
v 4.5 15.4502 -19.8006
v -4.5 14.4153 -20.8
v 4.5 14.4153 -20.8
v 4.5 16.0086 -3.8104
v -4.5 16.0086 -3.8104
v -1.9563 -0.4215 -16.5
v -1.9563 -0.4215 -20.8
v -2 -0.0057 -16.5
v -1.8271 -0.8192 -20.8
v -1.8271 -0.8192 -16.5
v -1.618 -1.1813 -20.8
v -1.618 -1.1813 -16.5
v -1.3383 -1.492 -20.8
v -1.3383 -1.492 -16.5
v -1 -1.7378 -20.8
v -1 -1.7378 -16.5
v -0.618 -1.9078 -20.8
v -0.618 -1.9078 -16.5
v -0.2091 -1.9948 -20.8
v -0.2091 -1.9948 -16.5
v 0.2091 -1.9948 -20.8
v 0.2091 -1.9948 -16.5
v 0.618 -1.9078 -20.8
v 0.618 -1.9078 -16.5
v 1 -1.7378 -20.8
v 1 -1.7378 -16.5
v 1.3383 -1.492 -20.8
v 1.3383 -1.492 -16.5
v 1.618 -1.1813 -20.8
v 1.618 -1.1813 -16.5
v 1.8271 -0.8192 -20.8
v 1.8271 -0.8192 -16.5
v 1.9563 -0.4215 -20.8
v 1.9563 -0.4215 -16.5
v 2 -0.0057 -20.8
v 2 -0.0057 -16.5
v 1.9563 0.4101 -20.8
v 1.9563 0.4101 -16.5
v 1.8271 0.8078 -20.8
v 1.8271 0.8078 -16.5
v 1.618 1.1699 -20.8
v 1.618 1.1699 -16.5
v 1.3383 1.4806 -20.8
v 1.3383 1.4806 -16.5
v 1 1.7264 -20.8
v 1 1.7264 -16.5
v 0.618 1.8964 -20.8
v 0.618 1.8964 -16.5
v 0.2091 1.9833 -20.8
v 0.2091 1.9833 -16.5
v -0.2091 1.9833 -20.8
v -0.2091 1.9833 -16.5
v -0.618 1.8964 -20.8
v -0.618 1.8964 -16.5
v -1 1.7264 -20.8
v -1 1.7264 -16.5
v -1.3383 1.4806 -20.8
v -1.3383 1.4806 -16.5
v -1.618 1.1699 -20.8
v -1.618 1.1699 -16.5
v -1.8271 0.8078 -20.8
v -1.8271 0.8078 -16.5
v -1.9563 0.4101 -20.8
v -1.9563 0.4101 -16.5
v -2 -0.0057 -20.8
v 2 -8.6267 -20.8
v 2 -8.6267 -12
v 1.6731 -8.3153 -20.8
v 1.6731 -8.3153 -12
v 1.2985 -8.0634 -12
v 1.2985 -8.0634 -20.8
v 0.8868 -7.8781 -12
v 0.8868 -7.8781 -20.8
v 0.4498 -7.7648 -12
v 0.4498 -7.7648 -20.8
v 0 -7.7267 -12
v 0 -7.7267 -20.8
v -0.4498 -7.7648 -12
v -0.4498 -7.7648 -20.8
v -0.8868 -7.8781 -12
v -0.8868 -7.8781 -20.8
v -1.2985 -8.0634 -12
v -1.2985 -8.0634 -20.8
v -1.6731 -8.3153 -12
v -1.6731 -8.3153 -20.8
v -2 -8.6267 -12
v -2 -8.6267 -20.8
v -2 -11.4267 -12
v -2 -11.4267 -20.8
v -1.6731 -11.7381 -20.8
v -1.6731 -11.7381 -12
v -1.2985 -11.99 -12
v -1.2985 -11.99 -20.8
v -0.8868 -12.1752 -12
v -0.8868 -12.1752 -20.8
v -0.4498 -12.2885 -12
v -0.4498 -12.2885 -20.8
v 0 -12.3267 -12
v 0 -12.3267 -20.8
v 0.4498 -12.2885 -12
v 0.4498 -12.2885 -20.8
v 0.8868 -12.1752 -12
v 0.8868 -12.1752 -20.8
v 1.2985 -11.99 -12
v 1.2985 -11.99 -20.8
v 1.6731 -11.7381 -12
v 1.6731 -11.7381 -20.8
v 2 -11.4267 -12
v 2 -11.4267 -20.8
v -2 8.6153 -12
v -1.6731 8.3039 -12
v -2 8.6153 -20.8
v -1.6731 8.3039 -20.8
v -1.2985 8.052 -12
v -1.2985 8.052 -20.8
v -0.8868 7.8667 -12
v -0.8868 7.8667 -20.8
v -0.4498 7.7534 -12
v -0.4498 7.7534 -20.8
v 0 7.7153 -12
v 0 7.7153 -20.8
v 0.4498 7.7534 -12
v 0.4498 7.7534 -20.8
v 0.8868 7.8667 -12
v 0.8868 7.8667 -20.8
v 1.2985 8.052 -12
v 1.2985 8.052 -20.8
v 1.6731 8.3039 -12
v 1.6731 8.3039 -20.8
v 2 8.6153 -20.8
v 2 8.6153 -12
v -2 11.4153 -12
v -2 11.4153 -20.8
v 2 11.4153 -12
v 1.6731 11.7266 -12
v 2 11.4153 -20.8
v 1.6731 11.7266 -20.8
v 1.2985 11.9786 -12
v 1.2985 11.9786 -20.8
v 0.8868 12.1638 -12
v 0.8868 12.1638 -20.8
v 0.4498 12.2771 -12
v 0.4498 12.2771 -20.8
v 0 12.3153 -12
v 0 12.3153 -20.8
v -0.4498 12.2771 -12
v -0.4498 12.2771 -20.8
v -0.8868 12.1638 -12
v -0.8868 12.1638 -20.8
v -1.2985 11.9786 -12
v -1.2985 11.9786 -20.8
v -1.6731 11.7266 -12
v -1.6731 11.7266 -20.8
v -11.6 0.0563 -14.2
v -11.6 0.0563 -23
v -6.2 0.0563 -14.2
v -7.6965 2.4732 -14.2
v -8.1611 2.6532 -14.2
v -8.6509 2.7448 -14.2
v -9.1491 2.7448 -14.2
v -9.6389 2.6532 -14.2
v -10.1035 2.4732 -14.2
v -10.5271 2.2109 -14.2
v -10.8953 1.8753 -14.2
v -11.1956 1.4777 -14.2
v -11.554 0.5524 -14.2
v -11.4177 1.0316 -14.2
v -7.2729 2.2109 -14.2
v -6.9047 1.8753 -14.2
v -6.6044 1.4777 -14.2
v -6.3823 1.0316 -14.2
v -6.246 0.5524 -14.2
v -11.554 0.5524 -23
v -11.4177 1.0316 -23
v -11.1956 1.4777 -23
v -10.8953 1.8753 -23
v -10.5271 2.2109 -23
v -10.1035 2.4732 -23
v -9.6389 2.6532 -23
v -9.1491 2.7448 -23
v -8.6509 2.7448 -23
v -8.1611 2.6532 -23
v -7.6965 2.4732 -23
v -7.2729 2.2109 -23
v -6.9047 1.8753 -23
v -6.6044 1.4777 -23
v -6.3823 1.0316 -23
v -6.246 0.5524 -23
v -6.2 0.0563 -23
v 6.2 0.0563 -23
v 6.246 0.5524 -23
v 6.2 0.0563 -14.2
v 6.246 0.5524 -14.2
v 6.3823 1.0316 -23
v 6.3823 1.0316 -14.2
v 6.6044 1.4777 -23
v 6.6044 1.4777 -14.2
v 6.9047 1.8753 -23
v 6.9047 1.8753 -14.2
v 7.2729 2.2109 -23
v 7.2729 2.2109 -14.2
v 7.6965 2.4732 -23
v 7.6965 2.4732 -14.2
v 8.1611 2.6532 -23
v 8.1611 2.6532 -14.2
v 8.6509 2.7448 -23
v 8.6509 2.7448 -14.2
v 9.1491 2.7448 -23
v 9.1491 2.7448 -14.2
v 9.6389 2.6532 -23
v 9.6389 2.6532 -14.2
v 10.1035 2.4732 -23
v 10.1035 2.4732 -14.2
v 10.5271 2.2109 -23
v 10.5271 2.2109 -14.2
v 10.8953 1.8753 -23
v 10.8953 1.8753 -14.2
v 11.1956 1.4777 -23
v 11.1956 1.4777 -14.2
v 11.4177 1.0316 -23
v 11.4177 1.0316 -14.2
v 11.554 0.5524 -23
v 11.554 0.5524 -14.2
v 11.6 0.0563 -23
v 11.6 0.0563 -14.2
v -4.5 -16.7136 0.2887
v 4.5 -16.7136 0.2887
v -4.5 -16.4385 -0.7165
v 4.5 -16.4385 -0.7165
v -4.5 -16.2306 -1.7378
v 4.5 -16.2306 -1.7378
v -4.5 -16.0909 -2.7706
v 4.5 -16.0909 -2.7706
v 4.5 16.7022 0.2887
v -4.5 16.7022 0.2887
v 4.5 16.4271 -0.7165
v -4.5 16.4271 -0.7165
v 4.5 16.2192 -1.7378
v -4.5 16.2192 -1.7378
v 4.5 16.0795 -2.7706
v -4.5 16.0795 -2.7706
vn -0.0495 0.841 -0.5388
vn -0.0229 0.9212 -0.3884
vn 0.0034 0.8404 -0.5419
vn -0.0851 0.9176 -0.3884
vn -0.1067 0.8357 -0.5387
vn -0.1468 0.9097 -0.3884
vn -0.1437 0.9538 -0.264
vn -0.2077 0.9419 -0.264
vn -0.1927 0.9794 -0.0599
vn -0.2584 0.9642 -0.0599
vn -0.1261 0.9902 -0.0599
vn -0.0789 0.9613 -0.264
vn -0.1635 0.8265 -0.5386
vn -0.2079 0.8977 -0.3884
vn -0.2708 0.9257 -0.264
vn -0.3229 0.9445 -0.0599
vn -0.2194 0.8135 -0.5386
vn -0.268 0.8817 -0.3884
vn -0.3327 0.9053 -0.264
vn -0.3859 0.9206 -0.0599
vn -0.2744 0.7967 -0.5385
vn -0.3269 0.8616 -0.3884
vn -0.3931 0.8808 -0.264
vn -0.4472 0.8924 -0.0599
vn -0.328 0.7761 -0.5385
vn -0.3843 0.8375 -0.3884
vn -0.4516 0.8522 -0.264
vn -0.5064 0.8602 -0.0599
vn -0.3802 0.752 -0.5385
vn -0.44 0.8097 -0.3884
vn -0.5081 0.8198 -0.264
vn -0.5633 0.8241 -0.0599
vn -0.4306 0.7243 -0.5385
vn -0.4937 0.7781 -0.3884
vn -0.5623 0.7836 -0.264
vn -0.6177 0.7842 -0.0599
vn -0.479 0.6933 -0.5385
vn -0.5451 0.743 -0.3884
vn -0.6139 0.7439 -0.264
vn -0.6692 0.7407 -0.0599
vn -0.5251 0.659 -0.5385
vn -0.594 0.7045 -0.3884
vn -0.6628 0.7007 -0.264
vn -0.7177 0.6938 -0.0599
vn -0.5688 0.6217 -0.5385
vn -0.6402 0.6628 -0.3884
vn -0.7086 0.6544 -0.264
vn -0.7629 0.6438 -0.0599
vn -0.6098 0.5815 -0.5385
vn -0.6835 0.6181 -0.3884
vn -0.7511 0.6051 -0.264
vn -0.8046 0.5908 -0.0599
vn -0.648 0.5385 -0.5385
vn -0.7236 0.5705 -0.3884
vn -0.7903 0.553 -0.264
vn -0.8426 0.5351 -0.0599
vn -0.6832 0.4931 -0.5386
vn -0.7605 0.5204 -0.3884
vn -0.8258 0.4984 -0.264
vn -0.8768 0.477 -0.0599
vn -0.7152 0.4454 -0.5386
vn -0.7939 0.4678 -0.3884
vn -0.8575 0.4415 -0.264
vn -0.907 0.4168 -0.0599
vn -0.7439 0.3956 -0.5387
vn -0.8237 0.4132 -0.3884
vn -0.8854 0.3826 -0.264
vn -0.9331 0.3546 -0.0599
vn -0.7691 0.3439 -0.5387
vn -0.8497 0.3566 -0.3884
vn -0.9092 0.3219 -0.264
vn -0.9549 0.2908 -0.0599
vn -0.7907 0.2907 -0.5388
vn -0.8718 0.2985 -0.3884
vn -0.9289 0.2598 -0.264
vn -0.9724 0.2256 -0.0599
vn -0.8051 0.2412 -0.5419
vn -0.89 0.2389 -0.3884
vn -0.9443 0.1965 -0.264
vn -0.9854 0.1595 -0.0599
vn -0.8207 0.1905 -0.5387
vn -0.9041 0.1783 -0.3884
vn -0.9554 0.1323 -0.264
vn -0.9939 0.0926 -0.0599
vn -0.8318 0.1341 -0.5387
vn -0.9141 0.1168 -0.3884
vn -0.9622 0.0675 -0.264
vn -0.9979 0.0253 -0.0599
vn -0.839 0.0771 -0.5386
vn -0.9199 0.0549 -0.3884
vn -0.9645 0.0024 -0.264
vn -0.9973 -0.0421 -0.0599
vn -0.8423 0.0197 -0.5386
vn -0.9215 -0.0074 -0.3884
vn -0.9625 -0.0627 -0.264
vn -0.9922 -0.1094 -0.0599
vn -0.8418 -0.0377 -0.5385
vn -0.9189 -0.0695 -0.3884
vn -0.9561 -0.1275 -0.264
vn -0.9825 -0.1761 -0.0599
vn -0.8372 -0.095 -0.5385
vn -0.9121 -0.1314 -0.3884
vn -0.9453 -0.1918 -0.264
vn -0.9684 -0.242 -0.0599
vn -0.8288 -0.1519 -0.5385
vn -0.9011 -0.1927 -0.3884
vn -0.9302 -0.2552 -0.264
vn -0.9499 -0.3069 -0.0599
vn -0.8166 -0.208 -0.5385
vn -0.8861 -0.2531 -0.3884
vn -0.9108 -0.3174 -0.264
vn -0.927 -0.3703 -0.0599
vn -0.8005 -0.2632 -0.5385
vn -0.867 -0.3123 -0.3884
vn -0.8873 -0.3781 -0.264
vn -0.8999 -0.432 -0.0599
vn -0.7807 -0.3172 -0.5385
vn -0.8439 -0.3701 -0.3884
vn -0.8598 -0.4372 -0.264
vn -0.8687 -0.4918 -0.0599
vn -0.7572 -0.3696 -0.5385
vn -0.817 -0.4263 -0.3884
vn -0.8283 -0.4942 -0.264
vn -0.8335 -0.5493 -0.0599
vn -0.7303 -0.4204 -0.5385
vn -0.7863 -0.4805 -0.3884
vn -0.793 -0.549 -0.264
vn -0.7945 -0.6043 -0.0599
vn -0.6999 -0.4692 -0.5385
vn -0.7521 -0.5324 -0.3884
vn -0.7542 -0.6013 -0.264
vn -0.7519 -0.6566 -0.0599
vn -0.6663 -0.5158 -0.5386
vn -0.7144 -0.582 -0.3884
vn -0.7118 -0.6508 -0.264
vn -0.7058 -0.7058 -0.0599
vn -0.6295 -0.56 -0.5386
vn -0.6735 -0.6289 -0.3884
vn -0.6663 -0.6974 -0.264
vn -0.6566 -0.7519 -0.0599
vn -0.5899 -0.6015 -0.5387
vn -0.6295 -0.6729 -0.3884
vn -0.6177 -0.7408 -0.264
vn -0.6043 -0.7945 -0.0599
vn -0.5475 -0.6403 -0.5388
vn -0.5827 -0.7139 -0.3884
vn -0.5663 -0.7808 -0.264
vn -0.5493 -0.8335 -0.0599
vn -0.5058 -0.6712 -0.5419
vn -0.5331 -0.7516 -0.3884
vn -0.5122 -0.8173 -0.264
vn -0.4918 -0.8687 -0.0599
vn -0.4639 -0.7032 -0.5388
vn -0.4812 -0.7859 -0.3884
vn -0.4559 -0.85 -0.264
vn -0.432 -0.8999 -0.0599
vn -0.4149 -0.7332 -0.5387
vn -0.427 -0.8166 -0.3884
vn -0.3975 -0.8788 -0.264
vn -0.3703 -0.927 -0.0599
vn -0.364 -0.7599 -0.5386
vn -0.3709 -0.8435 -0.3884
vn -0.3373 -0.9036 -0.264
vn -0.3069 -0.9499 -0.0599
vn -0.3114 -0.7829 -0.5386
vn -0.3131 -0.8667 -0.3884
vn -0.2755 -0.9243 -0.264
vn -0.242 -0.9684 -0.0599
vn -0.2573 -0.8024 -0.5386
vn -0.2539 -0.8858 -0.3884
vn -0.2124 -0.9408 -0.264
vn -0.1761 -0.9825 -0.0599
vn -0.202 -0.818 -0.5385
vn -0.1935 -0.9009 -0.3884
vn -0.1484 -0.953 -0.264
vn -0.1094 -0.9922 -0.0599
vn -0.1458 -0.8299 -0.5385
vn -0.1323 -0.9119 -0.3884
vn -0.0838 -0.9609 -0.264
vn -0.0421 -0.9973 -0.0599
vn -0.0804 -0.8399 -0.5367
vn -0.0704 -0.9188 -0.3884
vn -0.0187 -0.9643 -0.264
vn 0.0253 -0.9979 -0.0599
vn -0.0317 -0.8393 -0.5427
vn -0.0082 -0.9215 -0.3884
vn 0.0464 -0.9634 -0.264
vn 0.0926 -0.9939 -0.0599
vn 0.026 -0.8423 -0.5385
vn 0.054 -0.9199 -0.3884
vn 0.1114 -0.9581 -0.264
vn 0.1595 -0.9854 -0.0599
vn 0.0833 -0.8385 -0.5385
vn 0.116 -0.9142 -0.3884
vn 0.1758 -0.9484 -0.264
vn 0.2256 -0.9724 -0.0599
vn 0.1403 -0.8309 -0.5385
vn 0.1774 -0.9042 -0.3884
vn 0.2394 -0.9343 -0.264
vn 0.2908 -0.9549 -0.0599
vn 0.1966 -0.8194 -0.5385
vn 0.2381 -0.8902 -0.3884
vn 0.3019 -0.916 -0.264
vn 0.3546 -0.9331 -0.0599
vn 0.252 -0.804 -0.5386
vn 0.2976 -0.8721 -0.3884
vn 0.3631 -0.8936 -0.264
vn 0.4168 -0.907 -0.0599
vn 0.3062 -0.785 -0.5386
vn 0.3558 -0.85 -0.3884
vn 0.4226 -0.867 -0.264
vn 0.477 -0.8768 -0.0599
vn 0.3589 -0.7622 -0.5387
vn 0.4124 -0.8241 -0.3884
vn 0.4802 -0.8365 -0.264
vn 0.5352 -0.8426 -0.0599
vn 0.4101 -0.736 -0.5387
vn 0.4671 -0.7943 -0.3884
vn 0.5355 -0.8022 -0.264
vn 0.5908 -0.8046 -0.0599
vn 0.4592 -0.7063 -0.5388
vn 0.5197 -0.761 -0.3884
vn 0.5885 -0.7642 -0.264
vn 0.6438 -0.7629 -0.0599
vn 0.5005 -0.6752 -0.5419
vn 0.5699 -0.7242 -0.3884
vn 0.6387 -0.7227 -0.264
vn 0.6938 -0.7177 -0.0599
vn 0.5432 -0.6439 -0.5388
vn 0.6174 -0.6841 -0.3884
vn 0.6861 -0.678 -0.264
vn 0.7407 -0.6692 -0.0599
vn 0.5859 -0.6054 -0.5387
vn 0.6622 -0.6408 -0.3884
vn 0.7303 -0.6301 -0.264
vn 0.7842 -0.6176 -0.0599
vn 0.6258 -0.5641 -0.5386
vn 0.704 -0.5946 -0.3884
vn 0.7711 -0.5794 -0.264
vn 0.8241 -0.5633 -0.0599
vn 0.6628 -0.5202 -0.5386
vn 0.7425 -0.5458 -0.3884
vn 0.8085 -0.526 -0.264
vn 0.8602 -0.5064 -0.0599
vn 0.6968 -0.4738 -0.5385
vn 0.7776 -0.4944 -0.3884
vn 0.8421 -0.4702 -0.264
vn 0.8924 -0.4472 -0.0599
vn 0.7275 -0.4252 -0.5385
vn 0.8092 -0.4408 -0.3884
vn 0.872 -0.4123 -0.264
vn 0.9206 -0.3859 -0.0599
vn 0.7548 -0.3746 -0.5385
vn 0.8372 -0.3851 -0.3884
vn 0.8978 -0.3525 -0.264
vn 0.9446 -0.3229 -0.0599
vn 0.7786 -0.3223 -0.5385
vn 0.8613 -0.3277 -0.3884
vn 0.9196 -0.291 -0.264
vn 0.9642 -0.2584 -0.0599
vn 0.7987 -0.2685 -0.5385
vn 0.8814 -0.2688 -0.3884
vn 0.9371 -0.2283 -0.264
vn 0.9794 -0.1927 -0.0599
vn 0.8152 -0.2134 -0.5385
vn 0.8976 -0.2087 -0.3884
vn 0.9504 -0.1645 -0.264
vn 0.9902 -0.1261 -0.0599
vn 0.8278 -0.1574 -0.5385
vn 0.9096 -0.1477 -0.3884
vn 0.9593 -0.1 -0.264
vn 0.9965 -0.059 -0.0599
vn 0.8366 -0.1006 -0.5385
vn 0.9175 -0.0859 -0.3884
vn 0.9639 -0.035 -0.264
vn 0.9982 0.0084 -0.0599
vn 0.8415 -0.0433 -0.5386
vn 0.9212 -0.0238 -0.3884
vn 0.964 0.0302 -0.264
vn 0.9953 0.0758 -0.0599
vn 0.8425 0.0142 -0.5386
vn 0.9207 0.0385 -0.3884
vn 0.9598 0.0952 -0.264
vn 0.9879 0.1428 -0.0599
vn 0.8395 0.0715 -0.5386
vn 0.916 0.1005 -0.3884
vn 0.9512 0.1598 -0.264
vn 0.976 0.2092 -0.0599
vn 0.8326 0.1286 -0.5387
vn 0.9071 0.1621 -0.3884
vn 0.9382 0.2236 -0.264
vn 0.9597 0.2746 -0.0599
vn 0.8219 0.185 -0.5388
vn 0.8941 0.223 -0.3884
vn 0.921 0.2864 -0.264
vn 0.939 0.3388 -0.0599
vn 0.807 0.2348 -0.5419
vn 0.877 0.2829 -0.3884
vn 0.8996 0.348 -0.264
vn 0.9139 0.4014 -0.0599
vn 0.7926 0.2854 -0.5388
vn 0.8559 0.3414 -0.3884
vn 0.874 0.4079 -0.264
vn 0.8848 0.4622 -0.0599
vn 0.7713 0.3388 -0.5387
vn 0.8309 0.3984 -0.3884
vn 0.8445 0.466 -0.264
vn 0.8515 0.5208 -0.0599
vn 0.7465 0.3906 -0.5387
vn 0.8021 0.4536 -0.3884
vn 0.8111 0.5219 -0.264
vn 0.8144 0.5771 -0.0599
vn 0.7182 0.4406 -0.5386
vn 0.7697 0.5067 -0.3884
vn 0.774 0.5755 -0.264
vn 0.7736 0.6308 -0.0599
vn 0.6865 0.4886 -0.5386
vn 0.7337 0.5575 -0.3884
vn 0.7334 0.6264 -0.264
vn 0.7293 0.6816 -0.0599
vn 0.6516 0.5342 -0.5385
vn 0.6944 0.6058 -0.3884
vn 0.6894 0.6745 -0.264
vn 0.6816 0.7293 -0.0599
vn 0.6137 0.5774 -0.5385
vn 0.6519 0.6513 -0.3884
vn 0.6423 0.7195 -0.264
vn 0.6308 0.7736 -0.0599
vn 0.5729 0.6179 -0.5385
vn 0.6064 0.6938 -0.3884
vn 0.5923 0.7612 -0.264
vn 0.5771 0.8144 -0.0599
vn 0.5294 0.6555 -0.5385
vn 0.5582 0.7332 -0.3884
vn 0.5396 0.7995 -0.264
vn 0.5208 0.8515 -0.0599
vn 0.4835 0.6901 -0.5385
vn 0.5075 0.7692 -0.3884
vn 0.4844 0.8341 -0.264
vn 0.4622 0.8848 -0.0599
vn 0.4354 0.7215 -0.5385
vn 0.4544 0.8017 -0.3884
vn 0.4269 0.8649 -0.264
vn 0.4014 0.914 -0.0599
vn 0.3852 0.7494 -0.5385
vn 0.3992 0.8305 -0.3884
vn 0.3676 0.8917 -0.264
vn 0.3388 0.939 -0.0599
vn 0.3332 0.7739 -0.5385
vn 0.3422 0.8556 -0.3884
vn 0.3065 0.9145 -0.264
vn 0.2746 0.9597 -0.0599
vn 0.2796 0.7948 -0.5386
vn 0.2837 0.8767 -0.3884
vn 0.2441 0.9331 -0.264
vn 0.2092 0.976 -0.0599
vn 0.2248 0.812 -0.5386
vn 0.2238 0.8939 -0.3884
vn 0.1805 0.9475 -0.264
vn 0.1428 0.9879 -0.0599
vn 0.1689 0.8254 -0.5386
vn 0.163 0.907 -0.3884
vn 0.1162 0.9575 -0.264
vn 0.0758 0.9953 -0.0599
vn 0.1123 0.835 -0.5387
vn 0.1014 0.9159 -0.3884
vn 0.0513 0.9632 -0.264
vn 0.0084 0.9982 -0.0599
vn 0.0551 0.8406 -0.5388
vn 0.0393 0.9207 -0.3884
vn -0.0139 0.9644 -0.264
vn -0.059 0.9965 -0.0599
vn -0.0705 0.8636 -0.4992
vn 0 0.8635 -0.5044
vn -0.1317 0.8622 -0.4891
vn -0.193 0.8564 -0.4789
vn -0.2541 0.8458 -0.469
vn -0.3145 0.8304 -0.4599
vn -0.3738 0.81 -0.4518
vn -0.4314 0.7848 -0.4449
vn -0.487 0.7548 -0.4394
vn -0.5532 0.7391 -0.3842
vn -0.6045 0.6989 -0.3822
vn -0.6523 0.6546 -0.3821
vn -0.6962 0.6066 -0.3838
vn -0.736 0.5551 -0.3874
vn -0.7714 0.5007 -0.3928
vn -0.802 0.4436 -0.4001
vn -0.8276 0.3844 -0.4091
vn -0.8481 0.3235 -0.4197
vn -0.859 0.2555 -0.4437
vn -0.8747 0.1904 -0.4456
vn -0.8633 0.1245 -0.4892
vn -0.8641 0.0633 -0.4994
vn -0.865 -0.0021 -0.5018
vn -0.8636 -0.0681 -0.4995
vn -0.8625 -0.1293 -0.4893
vn -0.8568 -0.1906 -0.4791
vn -0.8465 -0.2518 -0.4692
vn -0.8312 -0.3122 -0.46
vn -0.811 -0.3716 -0.4518
vn -0.786 -0.4293 -0.4449
vn -0.7562 -0.4849 -0.4393
vn -0.7404 -0.5516 -0.3841
vn -0.7003 -0.6029 -0.3821
vn -0.6562 -0.6508 -0.3819
vn -0.6082 -0.6949 -0.3836
vn -0.5487 -0.7314 -0.405
vn -0.4954 -0.7748 -0.3927
vn -0.4381 -0.805 -0.4
vn -0.3787 -0.8302 -0.4092
vn -0.3176 -0.8502 -0.4199
vn -0.2553 -0.8649 -0.4322
vn -0.1924 -0.8742 -0.4458
vn -0.1269 -0.8628 -0.4893
vn -0.0673 -0.8672 -0.4934
vn -0.0072 -0.8635 -0.5043
vn 0.0657 -0.8638 -0.4995
vn 0.1269 -0.8628 -0.4893
vn 0.1883 -0.8574 -0.479
vn 0.2494 -0.8472 -0.4691
vn 0.31 -0.8321 -0.4599
vn 0.3694 -0.8121 -0.4516
vn 0.4272 -0.7873 -0.4446
vn 0.4829 -0.7576 -0.439
vn 0.5486 -0.733 -0.4022
vn 0.6077 -0.6963 -0.3819
vn 0.6553 -0.6517 -0.3819
vn 0.699 -0.6035 -0.3837
vn 0.7386 -0.5518 -0.3874
vn 0.7736 -0.4971 -0.3929
vn 0.8039 -0.4399 -0.4002
vn 0.8292 -0.3806 -0.4093
vn 0.8494 -0.3195 -0.42
vn 0.8643 -0.2573 -0.4323
vn 0.8737 -0.1945 -0.4458
vn 0.8625 -0.1293 -0.4893
vn 0.8636 -0.0681 -0.4995
vn 0.865 -0.0021 -0.5018
vn 0.8641 0.0633 -0.4994
vn 0.8633 0.1245 -0.4892
vn 0.858 0.1859 -0.4788
vn 0.8426 0.2503 -0.4768
vn 0.8297 0.3169 -0.4596
vn 0.8091 0.3761 -0.4516
vn 0.7837 0.4336 -0.4447
vn 0.7536 0.4891 -0.4392
vn 0.7379 0.5549 -0.3841
vn 0.6976 0.6061 -0.3822
vn 0.6532 0.6538 -0.3821
vn 0.605 0.6976 -0.3838
vn 0.5534 0.7373 -0.3875
vn 0.4989 0.7725 -0.393
vn 0.4417 0.8029 -0.4002
vn 0.3825 0.8284 -0.4093
vn 0.3215 0.8487 -0.42
vn 0.2593 0.8637 -0.4322
vn 0.1965 0.8734 -0.4457
vn 0.1317 0.8622 -0.4891
vn 0.0705 0.8636 -0.4992
vn 0.0646 0.9967 0.0489
vn -0.0028 0.9988 0.0489
vn 0.1317 0.9901 0.0489
vn 0.1983 0.9789 0.0489
vn 0.2639 0.9633 0.0489
vn 0.3283 0.9433 0.0489
vn 0.3913 0.919 0.0489
vn 0.4524 0.8905 0.0489
vn 0.5115 0.8579 0.0489
vn 0.5683 0.8214 0.0489
vn 0.6224 0.7812 0.0489
vn 0.6737 0.7374 0.0489
vn 0.722 0.6902 0.0489
vn 0.7669 0.6399 0.0489
vn 0.8084 0.5867 0.0489
vn 0.8461 0.5307 0.0489
vn 0.88 0.4724 0.0489
vn 0.9099 0.4119 0.0489
vn 0.9356 0.3496 0.0489
vn 0.9571 0.2856 0.0489
vn 0.9742 0.2203 0.0489
vn 0.9869 0.1541 0.0489
vn 0.995 0.0871 0.0489
vn 0.9986 0.0197 0.0489
vn 0.9977 -0.0478 0.0489
vn 0.9922 -0.115 0.0489
vn 0.9821 -0.1817 0.0489
vn 0.9676 -0.2476 0.0489
vn 0.9487 -0.3124 0.0489
vn 0.9255 -0.3757 0.0489
vn 0.898 -0.4373 0.0489
vn 0.8664 -0.4969 0.0489
vn 0.8309 -0.5543 0.0489
vn 0.7916 -0.6091 0.0489
vn 0.7486 -0.6612 0.0489
vn 0.7023 -0.7102 0.0489
vn 0.6527 -0.756 0.0489
vn 0.6002 -0.7983 0.0489
vn 0.545 -0.837 0.0489
vn 0.4872 -0.8719 0.0489
vn 0.4272 -0.9028 0.0489
vn 0.3653 -0.9296 0.0489
vn 0.3017 -0.9521 0.0489
vn 0.2367 -0.9703 0.0489
vn 0.1707 -0.9841 0.0489
vn 0.1039 -0.9934 0.0489
vn 0.0366 -0.9981 0.0489
vn -0.0309 -0.9983 0.0489
vn -0.0982 -0.994 0.0489
vn -0.1651 -0.9851 0.0489
vn -0.2312 -0.9717 0.0489
vn -0.2963 -0.9538 0.0489
vn -0.36 -0.9317 0.0489
vn -0.4221 -0.9052 0.0489
vn -0.4822 -0.8747 0.0489
vn -0.5402 -0.8401 0.0489
vn -0.5957 -0.8017 0.0489
vn -0.6484 -0.7597 0.0489
vn -0.6982 -0.7142 0.0489
vn -0.7449 -0.6654 0.0489
vn -0.7881 -0.6136 0.0489
vn -0.8277 -0.559 0.0489
vn -0.8636 -0.5019 0.0489
vn -0.8955 -0.4424 0.0489
vn -0.9233 -0.381 0.0489
vn -0.9469 -0.3178 0.0489
vn -0.9662 -0.2531 0.0489
vn -0.9811 -0.1873 0.0489
vn -0.9915 -0.1206 0.0489
vn -0.9974 -0.0534 0.0489
vn -0.9987 0.014 0.0489
vn -0.9955 0.0814 0.0489
vn -0.9877 0.1484 0.0489
vn -0.9754 0.2148 0.0489
vn -0.9587 0.2801 0.0489
vn -0.9376 0.3442 0.0489
vn -0.9122 0.4067 0.0489
vn -0.8827 0.4674 0.0489
vn -0.8491 0.5259 0.0489
vn -0.8117 0.582 0.0489
vn -0.7705 0.6355 0.0489
vn -0.7259 0.6861 0.0489
vn -0.6779 0.7335 0.0489
vn -0.6268 0.7776 0.0489
vn -0.5729 0.8182 0.0489
vn -0.5164 0.855 0.0489
vn -0.4575 0.8879 0.0489
vn -0.3965 0.9167 0.0489
vn -0.3337 0.9414 0.0489
vn -0.2694 0.9618 0.0489
vn -0.2038 0.9778 0.0489
vn -0.1374 0.9893 0.0489
vn -0.0703 0.9963 0.0489
vn -0.0743 0.9938 -0.083
vn -0.0657 0.9616 -0.2667
vn 0 0.9959 -0.091
vn -0.1317 0.9551 -0.2655
vn -0.1435 0.9861 -0.084
vn -0.1971 0.9441 -0.2644
vn -0.1715 0.8724 -0.4577
vn -0.2306 0.8572 -0.4604
vn -0.1115 0.8843 -0.4535
vn -0.215 0.9735 -0.0782
vn -0.2617 0.9285 -0.2634
vn -0.2887 0.8385 -0.4621
vn -0.2805 0.956 -0.086
vn -0.325 0.9085 -0.2626
vn -0.3455 0.8162 -0.4631
vn -0.3452 0.9336 -0.096
vn -0.3868 0.8842 -0.2618
vn -0.4007 0.7903 -0.4636
vn -0.4104 0.9068 -0.0967
vn -0.4468 0.8557 -0.2612
vn -0.4541 0.7607 -0.4638
vn -0.4736 0.8754 -0.0972
vn -0.5046 0.823 -0.2607
vn -0.5118 0.7569 -0.4064
vn -0.5343 0.8396 -0.0976
vn -0.5573 0.7787 -0.2881
vn -0.5924 0.7996 -0.0979
vn -0.6098 0.7381 -0.2887
vn -0.586 0.738 -0.3346
vn -0.6476 0.7557 -0.0981
vn -0.6592 0.694 -0.2894
vn -0.6363 0.6952 -0.3344
vn -0.6995 0.7079 -0.0981
vn -0.7055 0.6466 -0.2903
vn -0.683 0.6486 -0.3359
vn -0.7478 0.6566 -0.0981
vn -0.7483 0.596 -0.2912
vn -0.7258 0.5986 -0.339
vn -0.7925 0.602 -0.0979
vn -0.7875 0.5427 -0.2922
vn -0.7645 0.5453 -0.3438
vn -0.8332 0.5444 -0.0976
vn -0.8228 0.4868 -0.2933
vn -0.7987 0.4893 -0.3502
vn -0.8697 0.484 -0.0972
vn -0.8542 0.4285 -0.2945
vn -0.8282 0.4309 -0.3583
vn -0.9018 0.4212 -0.0967
vn -0.8814 0.3683 -0.2958
vn -0.8529 0.3705 -0.3679
vn -0.9294 0.3563 -0.096
vn -0.9043 0.3064 -0.2972
vn -0.8725 0.3086 -0.3789
vn -0.9524 0.2896 -0.0952
vn -0.9229 0.243 -0.2987
vn -0.887 0.2456 -0.3912
vn -0.9706 0.2214 -0.0943
vn -0.9462 0.1867 -0.2644
vn -0.8789 0.1723 -0.4448
vn -0.8829 0.122 -0.4535
vn -0.9839 0.1522 -0.0933
vn -0.9565 0.1212 -0.2654
vn -0.8923 0.0613 -0.4473
vn -0.9924 0.0821 -0.0922
vn -0.9622 0.0551 -0.2666
vn -0.9002 0.0063 -0.4354
vn -0.8929 -0.0508 -0.4473
vn -0.8843 -0.1115 -0.4535
vn -0.8724 -0.1715 -0.4577
vn -0.8572 -0.2306 -0.4604
vn -0.8385 -0.2887 -0.4621
vn -0.8162 -0.3455 -0.4631
vn -0.7903 -0.4007 -0.4636
vn -0.7607 -0.4541 -0.4638
vn -0.7569 -0.5118 -0.4064
vn -0.7787 -0.5573 -0.2881
vn -0.738 -0.586 -0.3346
vn -0.7381 -0.6098 -0.2887
vn -0.6952 -0.6363 -0.3344
vn -0.694 -0.6592 -0.2894
vn -0.6486 -0.683 -0.3359
vn -0.6466 -0.7055 -0.2903
vn -0.5986 -0.7258 -0.339
vn -0.596 -0.7483 -0.2912
vn -0.5453 -0.7645 -0.3438
vn -0.5427 -0.7875 -0.2922
vn -0.4893 -0.7987 -0.3502
vn -0.4868 -0.8228 -0.2933
vn -0.4309 -0.8282 -0.3583
vn -0.4285 -0.8542 -0.2945
vn -0.3705 -0.8529 -0.3679
vn -0.3683 -0.8814 -0.2958
vn -0.3086 -0.8725 -0.3789
vn -0.3064 -0.9043 -0.2972
vn -0.2456 -0.887 -0.3912
vn -0.243 -0.9229 -0.2987
vn -0.1723 -0.8789 -0.4448
vn -0.1867 -0.9462 -0.2644
vn -0.122 -0.8829 -0.4535
vn -0.1212 -0.9565 -0.2654
vn -0.0613 -0.8923 -0.4473
vn -0.0551 -0.9622 -0.2666
vn -0.0063 -0.9002 -0.4354
vn 0.0064 -0.9569 -0.2903
vn 0.0508 -0.8929 -0.4473
vn 0.0657 -0.9616 -0.2667
vn 0.1115 -0.8843 -0.4535
vn 0.1317 -0.9551 -0.2655
vn 0.1715 -0.8724 -0.4577
vn 0.1971 -0.9441 -0.2644
vn 0.2306 -0.8572 -0.4604
vn 0.2617 -0.9285 -0.2634
vn 0.2887 -0.8385 -0.4621
vn 0.325 -0.9085 -0.2626
vn 0.3455 -0.8162 -0.4631
vn 0.3868 -0.8842 -0.2618
vn 0.4007 -0.7903 -0.4636
vn 0.4468 -0.8557 -0.2612
vn 0.4541 -0.7607 -0.4638
vn 0.5046 -0.823 -0.2607
vn 0.5118 -0.7569 -0.4064
vn 0.5573 -0.7787 -0.2881
vn 0.586 -0.738 -0.3346
vn 0.6098 -0.7381 -0.2887
vn 0.6363 -0.6952 -0.3344
vn 0.6592 -0.694 -0.2894
vn 0.683 -0.6486 -0.3359
vn 0.7055 -0.6466 -0.2903
vn 0.7258 -0.5986 -0.339
vn 0.7483 -0.596 -0.2912
vn 0.7645 -0.5453 -0.3438
vn 0.7875 -0.5427 -0.2922
vn 0.7987 -0.4893 -0.3502
vn 0.8228 -0.4868 -0.2933
vn 0.8282 -0.4309 -0.3583
vn 0.8542 -0.4285 -0.2945
vn 0.8529 -0.3705 -0.3679
vn 0.8814 -0.3683 -0.2958
vn 0.8725 -0.3086 -0.3789
vn 0.9043 -0.3064 -0.2972
vn 0.887 -0.2456 -0.3912
vn 0.9229 -0.243 -0.2987
vn 0.8789 -0.1723 -0.4448
vn 0.8829 -0.122 -0.4535
vn 0.8923 -0.0613 -0.4473
vn 0.9002 -0.0063 -0.4354
vn 0.8929 0.0508 -0.4473
vn 0.9569 0.0064 -0.2903
vn 0.9616 0.0657 -0.2667
vn 0.995 -0.0051 -0.1
vn 0.9933 0.0702 -0.0922
vn 0.9551 0.1317 -0.2655
vn 0.9857 0.1404 -0.0933
vn 0.9441 0.1971 -0.2644
vn 0.8724 0.1715 -0.4577
vn 0.8572 0.2306 -0.4604
vn 0.8843 0.1115 -0.4535
vn -0.995 0.0051 -0.1
vn -0.9569 -0.0064 -0.2903
vn -0.9616 -0.0657 -0.2667
vn -0.9857 -0.1404 -0.0933
vn -0.9551 -0.1317 -0.2655
vn -0.9933 -0.0702 -0.0922
vn -0.9441 -0.1971 -0.2644
vn -0.9732 -0.2098 -0.0943
vn -0.9285 -0.2617 -0.2634
vn -0.9558 -0.2782 -0.0952
vn -0.9085 -0.325 -0.2626
vn -0.9336 -0.3452 -0.096
vn -0.8842 -0.3868 -0.2618
vn -0.9099 -0.4056 -0.0874
vn -0.8557 -0.4468 -0.2612
vn -0.8787 -0.4692 -0.0878
vn -0.823 -0.5046 -0.2607
vn -0.8432 -0.5304 -0.0882
vn -0.8023 -0.5914 -0.0814
vn -0.7536 -0.6513 -0.0886
vn -0.7028 -0.7067 -0.0815
vn -0.6519 -0.7519 -0.098
vn -0.5983 -0.7953 -0.0978
vn -0.5417 -0.8349 -0.0975
vn -0.4826 -0.8704 -0.0971
vn -0.4169 -0.9047 -0.0874
vn -0.3518 -0.9312 -0.096
vn -0.2831 -0.9568 -0.0664
vn -0.215 -0.9735 -0.0782
vn -0.1435 -0.9861 -0.084
vn -0.0743 -0.9938 -0.083
vn 0.0056 -0.9964 -0.0842
vn 0.0783 -0.9927 -0.0918
vn 0.1435 -0.9861 -0.084
vn 0.215 -0.9735 -0.0782
vn 0.2805 -0.956 -0.086
vn 0.3422 -0.9362 -0.0799
vn 0.4169 -0.9047 -0.0874
vn 0.4826 -0.8704 -0.0971
vn 0.5417 -0.8349 -0.0975
vn 0.5983 -0.7953 -0.0978
vn 0.6647 -0.7419 -0.0883
vn 0.7017 -0.7057 -0.0981
vn 0.747 -0.6588 -0.0886
vn 0.792 -0.6041 -0.0885
vn 0.8329 -0.5463 -0.0882
vn 0.8697 -0.4857 -0.0879
vn 0.902 -0.4227 -0.0874
vn 0.9294 -0.3563 -0.096
vn 0.9524 -0.2896 -0.0952
vn 0.9706 -0.2214 -0.0943
vn 0.9462 -0.1867 -0.2644
vn 0.9839 -0.1522 -0.0933
vn 0.9565 -0.1212 -0.2654
vn 0.9924 -0.0821 -0.0922
vn 0.9622 -0.0551 -0.2666
vn 0.9732 0.2098 -0.0943
vn 0.9285 0.2617 -0.2634
vn 0.8385 0.2887 -0.4621
vn 0.9558 0.2782 -0.0952
vn 0.9085 0.325 -0.2626
vn 0.8162 0.3455 -0.4631
vn 0.9336 0.3452 -0.096
vn 0.8842 0.3868 -0.2618
vn 0.7903 0.4007 -0.4636
vn 0.9052 0.4158 -0.0875
vn 0.8557 0.4468 -0.2612
vn 0.7607 0.4541 -0.4638
vn 0.8697 0.484 -0.0972
vn 0.823 0.5046 -0.2607
vn 0.7569 0.5118 -0.4064
vn 0.8351 0.5389 -0.1107
vn 0.7787 0.5573 -0.2881
vn 0.7996 0.5924 -0.0979
vn 0.7381 0.6098 -0.2887
vn 0.738 0.586 -0.3346
vn 0.7557 0.6476 -0.0981
vn 0.694 0.6592 -0.2894
vn 0.6952 0.6363 -0.3344
vn 0.7079 0.6995 -0.0981
vn 0.6466 0.7055 -0.2903
vn 0.6486 0.683 -0.3359
vn 0.6566 0.7478 -0.0981
vn 0.596 0.7483 -0.2912
vn 0.5986 0.7258 -0.339
vn 0.602 0.7925 -0.0979
vn 0.5427 0.7875 -0.2922
vn 0.5453 0.7645 -0.3438
vn 0.5444 0.8332 -0.0976
vn 0.4868 0.8228 -0.2933
vn 0.4893 0.7987 -0.3502
vn 0.484 0.8696 -0.0972
vn 0.4285 0.8542 -0.2945
vn 0.4309 0.8282 -0.3583
vn 0.4212 0.9018 -0.0967
vn 0.3683 0.8814 -0.2958
vn 0.3705 0.8529 -0.3679
vn 0.3563 0.9294 -0.096
vn 0.3064 0.9043 -0.2972
vn 0.3086 0.8725 -0.3789
vn 0.2815 0.957 -0.0698
vn 0.243 0.9229 -0.2987
vn 0.2456 0.887 -0.3912
vn 0.215 0.9735 -0.0782
vn 0.1867 0.9462 -0.2644
vn 0.1723 0.8789 -0.4448
vn 0.122 0.8829 -0.4535
vn 0.1435 0.9861 -0.084
vn 0.1212 0.9565 -0.2654
vn 0.0613 0.8923 -0.4473
vn 0.0743 0.9938 -0.083
vn 0.0551 0.9622 -0.2666
vn 0.0063 0.9002 -0.4354
vn -0.0508 0.8929 -0.4473
vn -0.0064 0.9569 -0.2903
vn -0.6756 -0.6207 -0.3977
vn -0.2244 -0.7788 -0.5857
vn -0.7067 -0.7068 -0.0327
vn 0.3926 -0.9188 -0.0408
vn -0.3817 -0.8283 -0.4101
vn -0.1969 -0.2433 -0.9498
vn -0.3407 -0.4822 -0.8071
vn -0.4282 -0.6986 -0.5732
vn -0.3817 -0.7251 -0.5732
vn -0.3699 -0.8013 -0.4702
vn -0.4086 -0.6101 -0.6788
vn -0.3397 -0.94 -0.0321
vn -0.8933 -0.4491 -0.0156
vn -0.6218 -0.6804 -0.3877
vn -0.2329 -0.6556 -0.7183
vn -0.2686 -0.8409 -0.4698
vn -0.2788 -0.9598 -0.0323
vn 0.38 -0.9245 -0.0309
vn 0.7869 -0.6167 -0.0206
vn 0.7877 -0.6157 -0.0206
vn 0.9431 -0.3324 -0.0111
vn 0.0503 -0.9853 -0.1631
vn -0.0929 -0.9655 -0.2432
vn -0.0673 -0.9573 -0.2811
vn -0.1046 -0.9765 -0.1882
vn -0.0549 -0.9604 -0.2733
vn -0.0527 -0.9697 -0.2385
vn -0.0274 -0.9583 -0.2845
vn -0.0175 -0.9694 -0.2448
vn -0 -0.9846 -0.1747
vn 0.0172 -0.9695 -0.2445
vn 0.0291 -0.9696 -0.2431
vn 0.0527 -0.9693 -0.2401
vn 0.0549 -0.9597 -0.2757
vn 0.0747 -0.964 -0.2552
vn 0.1013 -0.9703 -0.2195
vn 0.093 -0.9644 -0.2474
vn 0.1104 -0.9699 -0.2169
vn 0.2715 -0.9619 -0.0322
vn -1 0 0
vn 0.4555 -0.6061 -0.652
vn 0.2895 -0.9566 -0.0322
vn 0.2711 -0.8401 -0.4698
vn 0.344 -0.9384 -0.0321
vn 0.2329 -0.6556 -0.7183
vn 0.6218 -0.6804 -0.3877
vn 0.8933 -0.4491 -0.0156
vn 0.4086 -0.6101 -0.6788
vn -0.6548 -0.5146 -0.5535
vn 0.3699 -0.8013 -0.4702
vn 0.3817 -0.7251 -0.5732
vn 0.4282 -0.6986 -0.5732
vn 0.3407 -0.4822 -0.8071
vn 0.1969 -0.2433 -0.9498
vn 0.2135 -0.7847 -0.582
vn -0.0678 -0.9967 -0.044
vn 0.7121 -0.7013 -0.0325
vn 0.2244 -0.7788 -0.5857
vn 0.651 -0.5953 -0.4709
vn 0.7653 -0.6428 -0.0327
vn 0.6924 -0.5467 -0.4709
vn 0.8096 -0.586 -0.0327
vn 0.7301 -0.4952 -0.4709
vn 0.8497 -0.5262 -0.0327
vn 0.7641 -0.441 -0.4708
vn 0.8854 -0.4637 -0.0327
vn 0.794 -0.3846 -0.4708
vn 0.9185 -0.3942 -0.0323
vn 0.9396 -0.3407 -0.032
vn 0.9616 -0.2726 -0.032
vn 0.9786 -0.2031 -0.032
vn 0.9907 -0.1325 -0.032
vn 0.9976 -0.0613 -0.032
vn 0.9994 0.0103 -0.0321
vn 0.9961 0.0818 -0.0321
vn 0.9877 0.1529 -0.0321
vn 0.9742 0.2232 -0.0321
vn 0.9558 0.2923 -0.0322
vn 0.9324 0.36 -0.0322
vn 0.9063 0.4214 -0.0322
vn 0.8807 0.4726 -0.0322
vn 0.6911 0.3771 -0.6166
vn 0.8436 0.5361 -0.0322
vn 0.5802 0.3833 -0.7186
vn 0.8 0.5992 -0.0322
vn 0.551 0.4242 -0.7187
vn 0.755 0.6549 -0.0322
vn 0.5189 0.4629 -0.7187
vn 0.7062 0.7073 -0.0322
vn 0.484 0.4992 -0.7187
vn 0.6538 0.756 -0.0321
vn 0.4467 0.5329 -0.7187
vn 0.598 0.8009 -0.0321
vn 0.3455 0.4786 -0.8072
vn 0.5391 0.8416 -0.0321
vn 0.3651 0.5917 -0.7187
vn 0.4775 0.878 -0.0321
vn 0.3214 0.6165 -0.7188
vn 0.4134 0.91 -0.032
vn 0.2343 0.5418 -0.8072
vn 0.3472 0.9372 -0.032
vn 0.2291 0.6564 -0.7188
vn 0.292 0.9559 -0.0322
vn -0.2545 0.3418 -0.9047
vn -0.7869 0.6167 -0.0206
vn -0.38 0.9245 -0.0309
vn 0.7605 -0.3043 -0.5736
vn 0.7805 -0.2485 -0.5736
vn 0.7965 -0.1914 -0.5736
vn 0.8082 -0.1334 -0.5736
vn 0.8158 -0.0746 -0.5735
vn 0.819 -0.0154 -0.5735
vn 0.818 0.0438 -0.5735
vn 0.8127 0.1028 -0.5735
vn 0.8032 0.1613 -0.5734
vn 0.67 0.1858 -0.7187
vn 0.7716 0.2755 -0.5734
vn 0.7497 0.3305 -0.5734
vn -0.7877 0.6157 -0.0206
vn -0.9431 0.3324 -0.0111
vn -0.0503 0.9853 -0.1631
vn 0.0929 0.9655 -0.2432
vn 0.0673 0.9573 -0.2811
vn 0.1046 0.9765 -0.1882
vn 0.0549 0.9604 -0.2733
vn 0.0527 0.9697 -0.2385
vn 0.0274 0.9583 -0.2845
vn 0.0175 0.9694 -0.2448
vn 0 0.9846 -0.1747
vn -0.021 0.9791 -0.2023
vn -0.0274 0.9579 -0.2857
vn -0.0527 0.9693 -0.2401
vn -0.0549 0.9597 -0.2757
vn -0.0747 0.964 -0.2552
vn -0.1013 0.9703 -0.2195
vn -0.093 0.9644 -0.2474
vn -0.1104 0.9699 -0.2168
vn -0.2716 0.9619 -0.0322
vn -0.2993 0.9536 -0.0323
vn 0.4087 0.3226 -0.8538
vn -0.2291 0.6564 -0.7188
vn -0.3584 0.933 -0.032
vn -0.2343 0.5418 -0.8072
vn -0.4242 0.905 -0.032
vn 1 0.0004 -0
vn 1 -0.0023 0.0001
vn 1 -0.0034 0.0001
vn -0.3214 0.6165 -0.7188
vn -0.4879 0.8723 -0.0321
vn -0.3651 0.5917 -0.7187
vn -0.5491 0.8351 -0.0321
vn -0.3455 0.4786 -0.8072
vn -0.6075 0.7937 -0.0321
vn -0.4467 0.5329 -0.7187
vn -0.6627 0.7482 -0.0321
vn -0.484 0.4992 -0.7187
vn -0.7146 0.6988 -0.0322
vn -0.5189 0.4629 -0.7187
vn -0.7628 0.6459 -0.0322
vn -0.551 0.4242 -0.7187
vn -0.807 0.5896 -0.0322
vn -0.5802 0.3833 -0.7186
vn -0.8472 0.5303 -0.0322
vn -0.6911 0.3771 -0.6166
vn -0.8807 0.4726 -0.0322
vn -0.9093 0.415 -0.0322
vn -0.7716 0.2755 -0.5734
vn -0.9366 0.3489 -0.0322
vn -0.7497 0.3305 -0.5734
vn -0.9592 0.2809 -0.0322
vn -0.67 0.1858 -0.7187
vn -0.9768 0.2116 -0.0321
vn -0.8032 0.1613 -0.5734
vn -0.9895 0.1411 -0.0321
vn -0.8127 0.1028 -0.5735
vn -0.997 0.0699 -0.0321
vn -0.818 0.0438 -0.5735
vn -0.9995 -0.0016 -0.0321
vn -0.819 -0.0154 -0.5735
vn -0.9968 -0.0732 -0.032
vn -0.8158 -0.0746 -0.5735
vn -0.989 -0.1443 -0.032
vn -0.8082 -0.1334 -0.5736
vn -0.9761 -0.2147 -0.032
vn -0.7965 -0.1914 -0.5736
vn -0.9583 -0.284 -0.032
vn -0.7805 -0.2485 -0.5736
vn -0.9389 -0.3428 -0.0321
vn -0.8187 -0.3288 -0.4707
vn -0.908 -0.4178 -0.0325
vn -0.7928 -0.3871 -0.4707
vn -0.8756 -0.4819 -0.0326
vn -0.7628 -0.4433 -0.4708
vn -0.8387 -0.5436 -0.0326
vn -0.7288 -0.4972 -0.4708
vn -0.8053 -0.5919 -0.033
vn -0.7187 -0.5704 -0.3977
vn -0.7604 -0.6486 -0.033
vn -0.995 0.0726 0.0684
vn -0.9636 0.0673 0.2589
vn -0.997 -0.0053 0.0774
vn -0.9568 0.1351 0.2576
vn -0.9869 0.1452 0.0696
vn -0.9452 0.2023 0.2565
vn -0.8473 0.1793 0.5
vn -0.8327 0.238 0.5
vn -0.68 0.1939 0.7071
vn -0.6648 0.2408 0.7071
vn -0.4703 0.1698 0.866
vn -0.4573 0.2022 0.866
vn -0.2373 0.1025 0.966
vn -0.2295 0.1189 0.966
vn -0.0597 0.0279 0.9978
vn -0.0577 0.0321 0.9978
vn -0.0615 0.0236 0.9978
vn -0.2439 0.0857 0.966
vn -0.481 0.1365 0.866
vn -0.6919 0.146 0.7071
vn -0.8577 0.1198 0.5
vn -0.9736 0.217 0.0706
vn -0.9288 0.2684 0.2555
vn -0.8141 0.2955 0.5
vn -0.6464 0.2866 0.7071
vn -0.4421 0.2336 0.866
vn -0.2206 0.1346 0.966
vn -0.0553 0.0361 0.9978
vn -0.9551 0.2877 0.0715
vn -0.9078 0.3333 0.2547
vn -0.7915 0.3515 0.5
vn -0.6248 0.331 0.7071
vn -0.4247 0.2638 0.866
vn -0.2106 0.1496 0.966
vn -0.0527 0.04 0.9978
vn -0.9314 0.3568 0.0722
vn -0.8822 0.3965 0.2541
vn -0.765 0.4059 0.5
vn -0.6002 0.3738 0.7071
vn -0.4053 0.2928 0.866
vn -0.1996 0.164 0.9661
vn -0.0497 0.0436 0.9978
vn -0.9028 0.4239 0.0727
vn -0.8522 0.4577 0.2536
vn -0.7348 0.4583 0.5
vn -0.5727 0.4147 0.7071
vn -0.3839 0.3204 0.866
vn -0.1876 0.1775 0.9661
vn -0.0466 0.0471 0.9978
vn -0.8693 0.4888 0.0731
vn -0.8178 0.5166 0.2534
vn -0.7011 0.5084 0.5
vn -0.5424 0.4537 0.7071
vn -0.3606 0.3464 0.866
vn -0.1747 0.1902 0.9661
vn -0.0431 0.0503 0.9978
vn -0.8312 0.5511 0.0732
vn -0.7794 0.573 0.2533
vn -0.6639 0.5561 0.5
vn -0.5094 0.4904 0.7071
vn -0.3355 0.3707 0.866
vn -0.161 0.2019 0.9661
vn -0.0395 0.0533 0.9978
vn -0.7886 0.6105 0.0732
vn -0.7371 0.6265 0.2534
vn -0.6235 0.601 0.5
vn -0.4739 0.5248 0.7071
vn -0.3089 0.3932 0.866
vn -0.1465 0.2126 0.9661
vn -0.0356 0.056 0.9978
vn -0.7419 0.6666 0.0731
vn -0.6911 0.6768 0.2536
vn -0.5801 0.6431 0.5
vn -0.4362 0.5565 0.7071
vn -0.2807 0.4138 0.866
vn -0.1313 0.2223 0.9661
vn -0.0316 0.0584 0.9978
vn -0.6911 0.7191 0.0727
vn -0.6416 0.7237 0.2541
vn -0.5338 0.682 0.5
vn -0.3963 0.5856 0.7071
vn -0.2511 0.4323 0.866
vn -0.1154 0.2309 0.9661
vn -0.0274 0.0605 0.9978
vn -0.6367 0.7677 0.0722
vn -0.5889 0.767 0.2547
vn -0.4849 0.7175 0.5
vn -0.3545 0.6118 0.7071
vn -0.2204 0.4488 0.866
vn -0.099 0.2384 0.9661
vn -0.0231 0.0623 0.9978
vn -0.5788 0.8123 0.0715
vn -0.5333 0.8064 0.2555
vn -0.4337 0.7496 0.5
vn -0.3109 0.6351 0.7071
vn -0.1885 0.4631 0.866
vn -0.0821 0.2447 0.9661
vn -0.0186 0.0638 0.9978
vn -0.5179 0.8525 0.0706
vn -0.475 0.8418 0.2565
vn -0.3803 0.778 0.5
vn -0.2659 0.6552 0.7071
vn -0.1558 0.4751 0.866
vn -0.0647 0.2499 0.9661
vn -0.014 0.065 0.9978
vn -0.4541 0.8882 0.0696
vn -0.4144 0.8729 0.2576
vn -0.3251 0.8027 0.5
vn -0.2195 0.6722 0.7071
vn -0.1222 0.4848 0.866
vn -0.0471 0.2538 0.9661
vn -0.0094 0.0658 0.9978
vn -0.3879 0.9191 0.0683
vn -0.3517 0.8996 0.2589
vn -0.2683 0.8234 0.5
vn -0.1721 0.6858 0.7071
vn -0.0881 0.4922 0.866
vn -0.0293 0.2564 0.9661
vn -0.0047 0.0663 0.9978
vn -0.3131 0.9466 0.0774
vn -0.2901 0.9138 0.2842
vn -0.2103 0.8401 0.5
vn -0.1239 0.6962 0.7071
vn -0.0536 0.4971 0.866
vn -0.0113 0.2579 0.9661
vn 0 0.057 0.9984
vn -0.2337 0.9372 0.2589
vn -0.1511 0.8527 0.5
vn -0.075 0.7031 0.7071
vn -0.0188 0.4996 0.866
vn 0.0068 0.258 0.9661
vn 0.0047 0.0663 0.9978
vn -0.1669 0.9835 0.0696
vn -0.1671 0.9517 0.2576
vn -0.2384 0.9688 0.0684
vn -0.0997 0.9614 0.2565
vn -0.0945 0.993 0.0706
vn -0.0317 0.9663 0.2555
vn -0.031 0.8655 0.5
vn 0.0295 0.8655 0.5
vn 0.0236 0.7067 0.7071
vn 0.0728 0.7033 0.7071
vn 0.0509 0.4974 0.866
vn 0.0855 0.4926 0.866
vn 0.0427 0.2545 0.9661
vn 0.0604 0.251 0.9661
vn 0.014 0.065 0.9978
vn 0.0186 0.0638 0.9978
vn 0.0094 0.0658 0.9978
vn 0.0248 0.2569 0.9661
vn 0.0161 0.4997 0.866
vn -0.0258 0.7066 0.7071
vn -0.0913 0.8612 0.5
vn -0.0215 0.9972 0.0715
vn 0.0364 0.9663 0.2547
vn 0.0898 0.8614 0.5
vn 0.1217 0.6965 0.7071
vn 0.1197 0.4855 0.866
vn 0.0778 0.2461 0.9661
vn 0.0231 0.0623 0.9978
vn 0.0515 0.9961 0.0722
vn 0.1045 0.9615 0.2541
vn 0.1496 0.853 0.5
vn 0.17 0.6864 0.7071
vn 0.1532 0.4759 0.866
vn 0.0948 0.2401 0.9661
vn 0.0274 0.0605 0.9978
vn 0.1242 0.9896 0.0727
vn 0.172 0.9519 0.2536
vn 0.2088 0.8405 0.5
vn 0.2175 0.6728 0.7071
vn 0.1861 0.4641 0.866
vn 0.1114 0.2329 0.9661
vn 0.0316 0.0584 0.9978
vn 0.1963 0.9778 0.0731
vn 0.2386 0.9375 0.2534
vn 0.2669 0.8239 0.5
vn 0.2639 0.656 0.7071
vn 0.218 0.45 0.866
vn 0.1274 0.2246 0.9661
vn 0.0356 0.056 0.9978
vn 0.2673 0.9608 0.0732
vn 0.3041 0.9184 0.2533
vn 0.3237 0.8032 0.5
vn 0.309 0.636 0.7071
vn 0.2488 0.4337 0.866
vn 0.1428 0.2151 0.9661
vn 0.0395 0.0533 0.9978
vn 0.3369 0.9387 0.0732
vn 0.368 0.8946 0.2534
vn 0.379 0.7787 0.5
vn 0.3526 0.6129 0.7071
vn 0.2785 0.4152 0.866
vn 0.1575 0.2046 0.9661
vn 0.0431 0.0503 0.9978
vn 0.4047 0.9115 0.0731
vn 0.4301 0.8664 0.2536
vn 0.4323 0.7504 0.5
vn 0.3945 0.5868 0.7071
vn 0.3068 0.3948 0.866
vn 0.1714 0.1932 0.9661
vn 0.0466 0.0471 0.9978
vn 0.4703 0.8795 0.0727
vn 0.49 0.8338 0.2541
vn 0.4836 0.7184 0.5
vn 0.4345 0.5579 0.7071
vn 0.3336 0.3724 0.866
vn 0.1845 0.1807 0.9661
vn 0.0497 0.0436 0.9978
vn 0.5334 0.8428 0.0722
vn 0.5475 0.7971 0.2547
vn 0.5326 0.6829 0.5
vn 0.4723 0.5262 0.7071
vn 0.3587 0.3483 0.866
vn 0.1967 0.1674 0.9661
vn 0.0527 0.04 0.9978
vn 0.5937 0.8015 0.0715
vn 0.6022 0.7564 0.2555
vn 0.5789 0.6441 0.5
vn 0.5079 0.492 0.7071
vn 0.3822 0.3224 0.866
vn 0.208 0.1533 0.966
vn 0.0553 0.0361 0.9978
vn 0.6508 0.756 0.0706
vn 0.6538 0.7119 0.2565
vn 0.6224 0.6021 0.5
vn 0.541 0.4553 0.7071
vn 0.4037 0.295 0.866
vn 0.2182 0.1384 0.966
vn 0.0577 0.0321 0.9978
vn 0.7044 0.7064 0.0696
vn 0.7021 0.6638 0.2576
vn 0.6629 0.5573 0.5
vn 0.5714 0.4165 0.7071
vn 0.4233 0.2661 0.866
vn 0.2274 0.1228 0.966
vn 0.0597 0.0279 0.9978
vn 0.7543 0.653 0.0683
vn 0.7469 0.6125 0.2589
vn 0.7002 0.5097 0.5
vn 0.5991 0.3756 0.7071
vn 0.4408 0.2359 0.866
vn 0.2355 0.1067 0.966
vn 0.0615 0.0236 0.9978
vn 0.8035 0.5903 0.0774
vn 0.7795 0.5583 0.2842
vn 0.734 0.4596 0.5
vn 0.6238 0.3329 0.7071
vn 0.4562 0.2046 0.866
vn 0.2424 0.09 0.966
vn 0.063 0.0191 0.9978
vn 0.8191 0.5119 0.2589
vn 0.7643 0.4072 0.5
vn 0.6455 0.2886 0.7071
vn 0.4694 0.1723 0.866
vn 0.2481 0.0728 0.966
vn 0.0641 0.0146 0.9978
vn 0.8838 0.4626 0.0696
vn 0.8535 0.4531 0.2576
vn 0.8477 0.5261 0.0684
vn 0.8835 0.3919 0.2565
vn 0.9152 0.3967 0.0706
vn 0.9092 0.3288 0.2555
vn 0.8135 0.2969 0.5
vn 0.8323 0.2394 0.5
vn 0.6794 0.1959 0.7071
vn 0.6914 0.1481 0.7071
vn 0.4888 0.1053 0.866
vn 0.4949 0.0709 0.866
vn 0.256 0.0375 0.9659
vn 0.2581 0.0195 0.9659
vn 0.0654 0.0054 0.9978
vn 0.0874 0 0.9962
vn 0.0649 0.01 0.9978
vn 0.2527 0.0553 0.966
vn 0.4803 0.1391 0.866
vn 0.6641 0.2429 0.7071
vn 0.7908 0.3529 0.5
vn 0.9417 0.3286 0.0715
vn 0.9303 0.2639 0.2547
vn 0.8469 0.1808 0.5
vn 0.7001 0.0995 0.7071
vn 0.4987 0.0362 0.866
vn 0.2841 0.0027 0.9588
vn 0.2584 -0.0151 0.9659
vn 0.0654 -0.0054 0.9978
vn 0.2566 -0.0331 0.9659
vn 0.0649 -0.01 0.9978
vn 0.2536 -0.0509 0.966
vn 0.0641 -0.0146 0.9978
vn 0.2494 -0.0685 0.966
vn 0.063 -0.0191 0.9978
vn 0.2439 -0.0857 0.966
vn 0.0615 -0.0236 0.9978
vn 0.2373 -0.1025 0.966
vn 0.0597 -0.0279 0.9978
vn 0.2295 -0.1189 0.966
vn 0.0577 -0.0321 0.9978
vn 0.2206 -0.1346 0.966
vn 0.0553 -0.0361 0.9978
vn 0.2106 -0.1496 0.966
vn 0.0527 -0.04 0.9978
vn 0.1996 -0.164 0.9661
vn 0.0497 -0.0436 0.9978
vn 0.1876 -0.1775 0.9661
vn 0.0466 -0.0471 0.9978
vn 0.1747 -0.1902 0.9661
vn 0.0431 -0.0503 0.9978
vn 0.161 -0.2019 0.9661
vn 0.0395 -0.0533 0.9978
vn 0.1465 -0.2126 0.9661
vn 0.0356 -0.056 0.9978
vn 0.1313 -0.2223 0.9661
vn 0.0316 -0.0584 0.9978
vn 0.1154 -0.2309 0.9661
vn 0.0274 -0.0605 0.9978
vn 0.099 -0.2384 0.9661
vn 0.0231 -0.0623 0.9978
vn 0.0821 -0.2447 0.9661
vn 0.0186 -0.0638 0.9978
vn 0.0647 -0.2499 0.9661
vn 0.014 -0.065 0.9978
vn 0.0471 -0.2538 0.9661
vn 0.0094 -0.0658 0.9978
vn 0.0293 -0.2564 0.9661
vn 0.0047 -0.0663 0.9978
vn 0.0113 -0.2579 0.9661
vn 0 -0.057 0.9984
vn -0.0068 -0.258 0.9661
vn -0.0047 -0.0663 0.9978
vn -0.0248 -0.2569 0.9661
vn -0.0094 -0.0658 0.9978
vn -0.0427 -0.2545 0.9661
vn -0.014 -0.065 0.9978
vn -0.0604 -0.251 0.9661
vn -0.0186 -0.0638 0.9978
vn -0.0778 -0.2461 0.9661
vn -0.0231 -0.0623 0.9978
vn -0.0948 -0.2401 0.9661
vn -0.0274 -0.0605 0.9978
vn -0.1114 -0.2329 0.9661
vn -0.0316 -0.0584 0.9978
vn -0.1274 -0.2246 0.9661
vn -0.0356 -0.056 0.9978
vn -0.1428 -0.2151 0.9661
vn -0.0395 -0.0533 0.9978
vn -0.1575 -0.2046 0.9661
vn -0.0431 -0.0503 0.9978
vn -0.1714 -0.1932 0.9661
vn -0.0466 -0.0471 0.9978
vn -0.1845 -0.1807 0.9661
vn -0.0497 -0.0436 0.9978
vn -0.1967 -0.1674 0.9661
vn -0.0527 -0.04 0.9978
vn -0.208 -0.1533 0.966
vn -0.0553 -0.0361 0.9978
vn -0.2182 -0.1384 0.966
vn -0.0577 -0.0321 0.9978
vn -0.2274 -0.1228 0.966
vn -0.0597 -0.0279 0.9978
vn -0.2355 -0.1067 0.966
vn -0.0615 -0.0236 0.9978
vn -0.2424 -0.09 0.966
vn -0.063 -0.0191 0.9978
vn -0.2481 -0.0728 0.966
vn -0.0641 -0.0146 0.9978
vn -0.2527 -0.0553 0.966
vn -0.0649 -0.01 0.9978
vn -0.256 -0.0375 0.9659
vn -0.0654 -0.0054 0.9978
vn -0.2581 -0.0195 0.9659
vn -0.0749 0 0.9972
vn -0.2841 -0.0027 0.9588
vn -0.2584 0.0151 0.9659
vn -0.5 -0.0013 0.866
vn -0.4989 0.0336 0.866
vn -0.7071 -0.0011 0.7071
vn -0.7055 0.0482 0.7071
vn -0.866 -0.0008 0.5
vn -0.864 0.0596 0.5
vn -0.9588 0.0065 0.2842
vn -0.7004 0.0973 0.7071
vn -0.4953 0.0683 0.866
vn -0.2566 0.0331 0.9659
vn -0.0784 0.0065 0.9969
vn 0.9632 0.2588 0.0722
vn 0.9467 0.1978 0.2541
vn 0.8575 0.1213 0.5
vn 0.7053 0.0504 0.7071
vn 0.5 0.0013 0.866
vn 0.9795 0.1877 0.0727
vn 0.9584 0.1306 0.2536
vn 0.8639 0.0612 0.5
vn 0.7071 0.0011 0.7071
vn 0.4989 -0.0336 0.866
vn 0.9906 0.1155 0.0731
vn 0.9653 0.0627 0.2534
vn 0.866 0.0008 0.5
vn 0.7055 -0.0482 0.7071
vn 0.4953 -0.0683 0.866
vn 0.9964 0.0427 0.0732
vn 0.9674 -0.0054 0.2533
vn 0.864 -0.0596 0.5
vn 0.7004 -0.0973 0.7071
vn 0.4893 -0.1027 0.866
vn 0.9969 -0.0303 0.0732
vn 0.9646 -0.0736 0.2534
vn 0.8577 -0.1198 0.5
vn 0.6919 -0.146 0.7071
vn 0.481 -0.1365 0.866
vn 0.992 -0.1032 0.0731
vn 0.9569 -0.1413 0.2536
vn 0.8473 -0.1793 0.5
vn 0.68 -0.1939 0.7071
vn 0.4703 -0.1698 0.866
vn 0.9818 -0.1755 0.0727
vn 0.9445 -0.2084 0.2541
vn 0.8327 -0.238 0.5
vn 0.6648 -0.2408 0.7071
vn 0.4573 -0.2022 0.866
vn 0.9664 -0.2469 0.0722
vn 0.9273 -0.2744 0.2547
vn 0.8141 -0.2955 0.5
vn 0.6464 -0.2866 0.7071
vn 0.4421 -0.2336 0.866
vn 0.9457 -0.3169 0.0715
vn 0.9054 -0.339 0.2555
vn 0.7915 -0.3515 0.5
vn 0.6248 -0.331 0.7071
vn 0.4247 -0.2638 0.866
vn 0.9201 -0.3853 0.0706
vn 0.8791 -0.4018 0.2564
vn 0.765 -0.4059 0.5
vn 0.6002 -0.3738 0.7071
vn 0.4053 -0.2928 0.866
vn 0.8895 -0.4517 0.0696
vn 0.8483 -0.4626 0.2576
vn 0.7348 -0.4583 0.5
vn 0.5727 -0.4147 0.7071
vn 0.3839 -0.3204 0.866
vn 0.8541 -0.5156 0.0683
vn 0.8133 -0.5211 0.2589
vn 0.7011 -0.5084 0.5
vn 0.5424 -0.4537 0.7071
vn 0.3606 -0.3464 0.866
vn 0.8097 -0.5817 0.0774
vn 0.7718 -0.5688 0.2842
vn 0.6639 -0.5561 0.5
vn 0.5094 -0.4904 0.7071
vn 0.3355 -0.3707 0.866
vn 0.7399 -0.6208 0.2589
vn 0.6235 -0.601 0.5
vn 0.4739 -0.5248 0.7071
vn 0.3089 -0.3932 0.866
vn 0.7131 -0.6976 0.0696
vn 0.6946 -0.6717 0.2576
vn 0.7623 -0.6436 0.0684
vn 0.6458 -0.7192 0.2565
vn 0.6601 -0.7478 0.0706
vn 0.5936 -0.7631 0.2555
vn 0.5338 -0.682 0.5
vn 0.4849 -0.7175 0.5
vn 0.3963 -0.5856 0.7071
vn 0.3545 -0.6118 0.7071
vn 0.2511 -0.4323 0.866
vn 0.2204 -0.4488 0.866
vn 0.2807 -0.4138 0.866
vn 0.4362 -0.5565 0.7071
vn 0.5801 -0.6431 0.5
vn 0.6036 -0.7941 0.0715
vn 0.5385 -0.8032 0.2547
vn 0.4337 -0.7496 0.5
vn 0.3109 -0.6351 0.7071
vn 0.1885 -0.4631 0.866
vn 0.5438 -0.8361 0.0722
vn 0.4807 -0.8393 0.2541
vn 0.3803 -0.778 0.5
vn 0.2659 -0.6552 0.7071
vn 0.1558 -0.4751 0.866
vn 0.4812 -0.8736 0.0727
vn 0.4204 -0.8712 0.2536
vn 0.3251 -0.8027 0.5
vn 0.2195 -0.6722 0.7071
vn 0.1222 -0.4848 0.866
vn 0.4159 -0.9064 0.0731
vn 0.358 -0.8987 0.2534
vn 0.2683 -0.8234 0.5
vn 0.1721 -0.6858 0.7071
vn 0.0881 -0.4922 0.866
vn 0.3485 -0.9344 0.0732
vn 0.2938 -0.9217 0.2533
vn 0.2103 -0.8401 0.5
vn 0.1239 -0.6962 0.7071
vn 0.0536 -0.4971 0.866
vn 0.2792 -0.9574 0.0732
vn 0.2281 -0.9401 0.2534
vn 0.1511 -0.8527 0.5
vn 0.075 -0.7031 0.7071
vn 0.0188 -0.4996 0.866
vn 0.2084 -0.9753 0.0731
vn 0.1613 -0.9538 0.2536
vn 0.0913 -0.8612 0.5
vn 0.0258 -0.7066 0.7071
vn -0.0161 -0.4997 0.866
vn 0.1365 -0.988 0.0727
vn 0.0937 -0.9626 0.2541
vn 0.031 -0.8655 0.5
vn -0.0236 -0.7067 0.7071
vn -0.0509 -0.4974 0.866
vn 0.0638 -0.9953 0.0722
vn 0.0256 -0.9667 0.2547
vn -0.0295 -0.8655 0.5
vn -0.0728 -0.7033 0.7071
vn -0.0855 -0.4926 0.866
vn -0.0092 -0.9974 0.0715
vn -0.0426 -0.9659 0.2555
vn -0.0898 -0.8614 0.5
vn -0.1217 -0.6965 0.7071
vn -0.1197 -0.4855 0.866
vn -0.0821 -0.9941 0.0706
vn -0.1105 -0.9602 0.2565
vn -0.1496 -0.853 0.5
vn -0.17 -0.6864 0.7071
vn -0.1532 -0.4759 0.866
vn -0.1547 -0.9855 0.0696
vn -0.1778 -0.9498 0.2576
vn -0.2088 -0.8405 0.5
vn -0.2175 -0.6728 0.7071
vn -0.1861 -0.4641 0.866
vn -0.2264 -0.9716 0.0683
vn -0.2442 -0.9345 0.2589
vn -0.2669 -0.8239 0.5
vn -0.2639 -0.656 0.7071
vn -0.218 -0.45 0.866
vn -0.3031 -0.9498 0.0774
vn -0.3025 -0.9098 0.2842
vn -0.3237 -0.8032 0.5
vn -0.309 -0.636 0.7071
vn -0.2488 -0.4337 0.866
vn -0.3618 -0.8956 0.2589
vn -0.379 -0.7787 0.5
vn -0.3526 -0.6129 0.7071
vn -0.2785 -0.4153 0.866
vn -0.4431 -0.8938 0.0696
vn -0.4242 -0.8682 0.2576
vn -0.3765 -0.9239 0.0684
vn -0.4844 -0.8364 0.2565
vn -0.5073 -0.8589 0.0706
vn -0.5423 -0.8004 0.2555
vn -0.4836 -0.7184 0.5
vn -0.5326 -0.6829 0.5
vn -0.4345 -0.5579 0.7071
vn -0.4723 -0.5262 0.7071
vn -0.3336 -0.3724 0.866
vn -0.3587 -0.3483 0.866
vn -0.3068 -0.3948 0.866
vn -0.3945 -0.5868 0.7071
vn -0.4323 -0.7504 0.5
vn -0.5687 -0.8194 0.0715
vn -0.5975 -0.7604 0.2547
vn -0.5789 -0.6441 0.5
vn -0.5079 -0.492 0.7071
vn -0.3822 -0.3224 0.866
vn -0.6271 -0.7756 0.0722
vn -0.6497 -0.7165 0.2541
vn -0.6224 -0.6021 0.5
vn -0.541 -0.4553 0.7071
vn -0.4037 -0.295 0.866
vn -0.6822 -0.7276 0.0727
vn -0.6986 -0.669 0.2536
vn -0.6629 -0.5573 0.5
vn -0.5714 -0.4165 0.7071
vn -0.4233 -0.2661 0.866
vn -0.7336 -0.6757 0.0731
vn -0.7441 -0.6182 0.2534
vn -0.7002 -0.5097 0.5
vn -0.5991 -0.3756 0.7071
vn -0.4408 -0.2359 0.866
vn -0.781 -0.6202 0.0732
vn -0.7858 -0.5642 0.2533
vn -0.734 -0.4596 0.5
vn -0.6238 -0.3329 0.7071
vn -0.4562 -0.2046 0.866
vn -0.8243 -0.5614 0.0732
vn -0.8236 -0.5074 0.2534
vn -0.7643 -0.4072 0.5
vn -0.6455 -0.2886 0.7071
vn -0.4694 -0.1723 0.866
vn -0.8632 -0.4996 0.0731
vn -0.8572 -0.4481 0.2536
vn -0.7908 -0.3529 0.5
vn -0.6641 -0.2429 0.7071
vn -0.4803 -0.1391 0.866
vn -0.8974 -0.4351 0.0727
vn -0.8866 -0.3866 0.2541
vn -0.8135 -0.2969 0.5
vn -0.6794 -0.1959 0.7071
vn -0.4888 -0.1053 0.866
vn -0.9269 -0.3683 0.0722
vn -0.9115 -0.3231 0.2547
vn -0.8323 -0.2394 0.5
vn -0.6914 -0.1481 0.7071
vn -0.4949 -0.0709 0.866
vn -0.9514 -0.2995 0.0715
vn -0.9318 -0.258 0.2555
vn -0.8469 -0.1808 0.5
vn -0.7001 -0.0995 0.7071
vn -0.4987 -0.0362 0.866
vn -0.9708 -0.2291 0.0706
vn -0.9474 -0.1916 0.2565
vn -0.8575 -0.1213 0.5
vn -0.7053 -0.0504 0.7071
vn -0.9851 -0.1574 0.0696
vn -0.9582 -0.1244 0.2576
vn -0.8639 -0.0612 0.5
vn -0.994 -0.0849 0.0684
vn -0.9643 -0.0565 0.2589
vn -0.063 0.0191 0.9978
vn -0.2494 0.0685 0.966
vn -0.4893 0.1027 0.866
vn -0.0641 0.0146 0.9978
vn -0.2536 0.0509 0.966
vn -0.0649 0.01 0.9978
vn 0.002 0.0257 0.9997
vn 0.0002 0.031 0.9995
vn 0.0037 0.0255 0.9997
vn 0.0055 0.0251 0.9997
vn 0.0073 0.0247 0.9997
vn 0.009 0.0241 0.9997
vn 0.0106 0.0234 0.9997
vn 0.0123 0.0226 0.9997
vn 0.0138 0.0217 0.9997
vn 0.0153 0.0208 0.9997
vn 0.0168 0.0197 0.9997
vn 0.0182 0.0185 0.9997
vn 0.0195 0.0172 0.9997
vn 0.0238 0.0178 0.9996
vn 0.022 0.0138 0.9997
vn 0.0229 0.0122 0.9997
vn 0.0236 0.0106 0.9997
vn 0.0243 0.0089 0.9997
vn 0.0248 0.0071 0.9997
vn 0.0252 0.0054 0.9997
vn 0.0255 0.0036 0.9997
vn 0.0257 0.0018 0.9997
vn 0.0257 0 0.9997
vn 0.022 -0.0015 0.9998
vn 0.0255 -0.0036 0.9997
vn 0.0252 -0.0054 0.9997
vn 0.0248 -0.0071 0.9997
vn 0.0243 -0.0089 0.9997
vn 0.0236 -0.0106 0.9997
vn 0.0229 -0.0122 0.9997
vn 0.022 -0.0138 0.9997
vn 0.0238 -0.0178 0.9996
vn 0.0195 -0.0172 0.9997
vn 0.0182 -0.0185 0.9997
vn 0.0168 -0.0197 0.9997
vn 0.0153 -0.0208 0.9997
vn 0.0138 -0.0217 0.9997
vn 0.0123 -0.0226 0.9997
vn 0.0106 -0.0234 0.9997
vn 0.009 -0.0241 0.9997
vn 0.0073 -0.0247 0.9997
vn 0.0055 -0.0251 0.9997
vn 0.0037 -0.0255 0.9997
vn 0.002 -0.0257 0.9997
vn 0.0002 -0.031 0.9995
vn -0.0017 -0.0258 0.9997
vn -0.0035 0.0257 0.9997
vn -0.0017 0.0258 0.9997
vn -0.0053 0.0254 0.9997
vn -0.0084 0.0285 0.9996
vn -0.0094 0.0243 0.9997
vn -0.011 0.0235 0.9997
vn -0.0126 0.0226 0.9997
vn -0.0141 0.0216 0.9997
vn -0.0156 0.0206 0.9997
vn -0.017 0.0194 0.9997
vn -0.0183 0.0181 0.9997
vn -0.0195 0.0168 0.9997
vn -0.0206 0.0154 0.9997
vn -0.0216 0.0139 0.9997
vn -0.0226 0.0124 0.9997
vn -0.0234 0.0108 0.9997
vn -0.0241 0.0091 0.9997
vn -0.0247 0.0074 0.9997
vn -0.0252 0.0057 0.9997
vn -0.0256 0.0039 0.9997
vn -0.0259 0.0021 0.9997
vn -0.026 0 0.9997
vn -0.0259 -0.0021 0.9997
vn -0.0256 -0.0039 0.9997
vn -0.0252 -0.0057 0.9997
vn -0.0247 -0.0074 0.9997
vn -0.0241 -0.0091 0.9997
vn -0.0234 -0.0108 0.9997
vn -0.0226 -0.0124 0.9997
vn -0.0216 -0.0139 0.9997
vn -0.0206 -0.0154 0.9997
vn -0.0195 -0.0168 0.9997
vn -0.0183 -0.0181 0.9997
vn -0.017 -0.0194 0.9997
vn -0.0156 -0.0206 0.9997
vn -0.0141 -0.0216 0.9997
vn -0.0126 -0.0226 0.9997
vn -0.011 -0.0235 0.9997
vn -0.0094 -0.0243 0.9997
vn -0.0084 -0.0285 0.9996
vn -0.0053 -0.0254 0.9997
vn -0.0035 -0.0257 0.9997
vn -0.5975 0.0517 0.8002
vn -0.7068 0.0087 0.7073
vn -0.5921 0.0957 0.8002
vn -0.5834 0.1391 0.8002
vn -0.5715 0.1818 0.8002
vn -0.656 0.2635 0.7073
vn -0.5385 0.264 0.8002
vn -0.5176 0.3031 0.8002
vn -0.4938 0.3405 0.8002
vn -0.5507 0.4432 0.7073
vn -0.4382 0.4095 0.8002
vn -0.4068 0.4407 0.8002
vn -0.3731 0.4696 0.8002
vn -0.3977 0.5844 0.7073
vn -0.2999 0.5194 0.8002
vn -0.2607 0.5401 0.8002
vn -0.2201 0.5579 0.8002
vn -0.2101 0.6749 0.7073
vn -0.1597 0.6886 0.7073
vn -0.092 0.5927 0.8002
vn -0.048 0.5978 0.8002
vn -0.0037 0.5998 0.8002
vn 0.0479 0.7053 0.7073
vn 0.0847 0.5938 0.8002
vn 0.1283 0.5859 0.8002
vn 0.2018 0.6775 0.7073
vn 0.2132 0.5606 0.8002
vn 0.254 0.5433 0.8002
vn 0.2935 0.5231 0.8002
vn 0.3905 0.5893 0.7073
vn 0.3673 0.4741 0.8002
vn 0.473 0.5253 0.7073
vn 0.5105 0.489 0.7073
vn 0.4626 0.3817 0.8002
vn 0.4895 0.3465 0.8002
vn 0.5138 0.3094 0.8002
vn 0.5352 0.2706 0.8002
vn 0.5538 0.2304 0.8002
vn 0.6709 0.2226 0.7073
vn 0.5817 0.1463 0.8002
vn 0.5909 0.1029 0.8002
vn 0.5969 0.059 0.8002
vn 0.7067 0.0174 0.7073
vn 0.599 -0.0295 0.8002
vn 0.5952 -0.0737 0.8002
vn 0.5882 -0.1175 0.8002
vn 0.5779 -0.1606 0.8002
vn 0.6652 -0.239 0.7073
vn 0.5479 -0.244 0.8002
vn 0.5284 -0.2837 0.8002
vn 0.506 -0.322 0.8002
vn 0.4808 -0.3585 0.8002
vn 0.534 -0.4632 0.7073
vn 0.4228 -0.4254 0.8002
vn 0.3902 -0.4555 0.8002
vn 0.419 -0.5693 0.7073
vn 0.3189 -0.508 0.8002
vn 0.3306 -0.6248 0.7073
vn 0.2835 -0.6475 0.7073
vn 0.1993 -0.5657 0.8002
vn 0.1851 -0.6822 0.7073
vn 0.1138 -0.5889 0.8002
vn 0.0825 -0.7021 0.7073
vn 0.0259 -0.5992 0.8002
vn -0.0218 -0.7066 0.7073
vn -0.0739 -0.703 0.7073
vn -0.1256 -0.6956 0.7073
vn -0.1766 -0.6845 0.7073
vn -0.2267 -0.6696 0.7073
vn -0.2755 -0.651 0.7073
vn -0.2739 -0.5336 0.8002
vn -0.3684 -0.6033 0.7073
vn -0.3495 -0.4874 0.8002
vn -0.4533 -0.5424 0.7073
vn -0.4175 -0.4306 0.8002
vn -0.5282 -0.4698 0.7073
vn -0.5615 -0.4295 0.7073
vn -0.502 -0.3282 0.8002
vn -0.6186 -0.3421 0.7073
vn -0.5449 -0.2507 0.8002
vn -0.6623 -0.2472 0.7073
vn -0.5758 -0.1677 0.8002
vn -0.5867 -0.1247 0.8002
vn -0.5943 -0.081 0.8002
vn -0.5986 -0.0369 0.8002
vn -0.0247 0.9771 0.2112
vn -0.0906 0.9732 0.2112
vn -0.1561 0.9649 0.2112
vn -0.1379 0.9031 0.4067
vn -0.1985 0.8917 0.4067
vn -0.1755 0.7897 0.5878
vn -0.2284 0.7761 0.5878
vn -0.1887 0.642 0.7432
vn -0.2316 0.6278 0.7431
vn -0.1727 0.4692 0.866
vn -0.204 0.4565 0.866
vn -0.1256 0.2823 0.9511
vn -0.1444 0.2732 0.9511
vn -0.0602 0.116 0.9914
vn -0.068 0.1117 0.9914
vn -0.0522 0.1197 0.9914
vn -0.1063 0.2902 0.9511
vn -0.1406 0.4798 0.866
vn -0.1449 0.6532 0.7432
vn -0.1218 0.7998 0.5878
vn -0.0766 0.9103 0.4067
vn -0.2209 0.9522 0.2112
vn -0.2583 0.8763 0.4067
vn -0.2803 0.7589 0.5878
vn -0.2734 0.6107 0.7432
vn -0.2343 0.4417 0.866
vn -0.1625 0.2628 0.9511
vn -0.0755 0.1069 0.9914
vn -0.2847 0.9351 0.2112
vn -0.3168 0.8568 0.4067
vn -0.3309 0.7382 0.5878
vn -0.314 0.5909 0.7432
vn -0.2636 0.4249 0.866
vn -0.1799 0.2513 0.9511
vn -0.0826 0.1015 0.9914
vn -0.3472 0.9137 0.2112
vn -0.374 0.8335 0.4067
vn -0.38 0.7142 0.5878
vn -0.3532 0.5683 0.7432
vn -0.2917 0.4061 0.866
vn -0.1964 0.2386 0.9511
vn -0.0893 0.0958 0.9914
vn -0.408 0.8882 0.2112
vn -0.4294 0.8064 0.4067
vn -0.4273 0.6869 0.5878
vn -0.3908 0.5432 0.7432
vn -0.3184 0.3855 0.866
vn -0.2121 0.2247 0.9511
vn -0.0956 0.0895 0.9914
vn -0.4671 0.8586 0.2112
vn -0.4828 0.7755 0.4067
vn -0.4727 0.6565 0.5878
vn -0.4265 0.5156 0.7432
vn -0.3437 0.3631 0.866
vn -0.2268 0.2099 0.9511
vn -0.1014 0.0828 0.9914
vn -0.524 0.8251 0.2112
vn -0.5341 0.7412 0.4067
vn -0.516 0.6231 0.5878
vn -0.4604 0.4856 0.7432
vn -0.3675 0.3391 0.866
vn -0.2404 0.1941 0.9511
vn -0.1068 0.0758 0.9914
vn -0.5785 0.7879 0.2112
vn -0.5829 0.7034 0.4067
vn -0.5569 0.5868 0.5878
vn -0.4921 0.4534 0.7432
vn -0.3895 0.3135 0.866
vn -0.253 0.1775 0.9511
vn -0.1117 0.0684 0.9914
vn -0.6304 0.747 0.2112
vn -0.6291 0.6625 0.4067
vn -0.5952 0.5479 0.5878
vn -0.5216 0.4191 0.7432
vn -0.4098 0.2865 0.866
vn -0.2644 0.16 0.9511
vn -0.1161 0.0606 0.9914
vn -0.6793 0.7028 0.2112
vn -0.6723 0.6185 0.4067
vn -0.6309 0.5065 0.5878
vn -0.5487 0.383 0.7432
vn -0.4282 0.2582 0.866
vn -0.2746 0.1418 0.9511
vn -0.1199 0.0526 0.9914
vn -0.7252 0.6553 0.2112
vn -0.7126 0.5717 0.4067
vn -0.6636 0.4627 0.5878
vn -0.5733 0.3451 0.7432
vn -0.4446 0.2287 0.866
vn -0.2835 0.1229 0.9511
vn -0.1231 0.0443 0.9914
vn -0.7678 0.6048 0.2112
vn -0.7495 0.5223 0.4067
vn -0.6933 0.4169 0.5878
vn -0.5953 0.3056 0.7432
vn -0.4591 0.1981 0.866
vn -0.2912 0.1035 0.9511
vn -0.1258 0.0359 0.9914
vn -0.8069 0.5516 0.2112
vn -0.7831 0.4705 0.4067
vn -0.7199 0.3691 0.5878
vn -0.6145 0.2647 0.7432
vn -0.4714 0.1667 0.866
vn -0.2975 0.0836 0.9511
vn -0.1278 0.0273 0.9914
vn -0.8423 0.4959 0.2112
vn -0.8131 0.4165 0.4067
vn -0.7432 0.3197 0.5878
vn -0.631 0.2226 0.7432
vn -0.4816 0.1345 0.866
vn -0.3025 0.0633 0.9511
vn -0.1293 0.0185 0.9914
vn -0.8739 0.4379 0.2112
vn -0.8393 0.3607 0.4067
vn -0.7631 0.2688 0.5878
vn -0.6446 0.1795 0.7432
vn -0.4896 0.1017 0.866
vn -0.306 0.0427 0.9511
vn -0.1302 0.0097 0.9914
vn -0.9014 0.3779 0.2112
vn -0.8618 0.3032 0.4067
vn -0.7795 0.2167 0.5878
vn -0.6552 0.1356 0.7432
vn -0.4953 0.0684 0.866
vn -0.3082 0.022 0.9511
vn -0.1461 0.0014 0.9893
vn -0.1303 -0.0074 0.9914
vn -0.1296 -0.0162 0.9914
vn -0.1283 -0.025 0.9914
vn -0.1264 -0.0336 0.9914
vn -0.1239 -0.0421 0.9914
vn -0.1208 -0.0504 0.9914
vn -0.1171 -0.0585 0.9914
vn -0.1129 -0.0663 0.9914
vn -0.1082 -0.0738 0.9914
vn -0.1029 -0.081 0.9914
vn -0.0972 -0.0878 0.9914
vn -0.091 -0.0941 0.9914
vn -0.0844 -0.1 0.9914
vn -0.0774 -0.1055 0.9914
vn -0.07 -0.1104 0.9914
vn -0.0623 -0.1148 0.9914
vn -0.0544 -0.1187 0.9914
vn -0.0461 -0.1221 0.9915
vn -0.0427 -0.1397 0.9893
vn -0.0298 -0.1271 0.9914
vn -0.0886 -0.296 0.9511
vn -0.0684 -0.3014 0.9511
vn -0.1426 -0.4792 0.866
vn -0.1099 -0.4878 0.866
vn -0.1903 -0.6415 0.7432
vn -0.1466 -0.6529 0.7432
vn -0.2298 -0.7757 0.5878
vn -0.1769 -0.7894 0.5878
vn -0.2592 -0.876 0.4067
vn -0.1995 -0.8915 0.4067
vn -0.2689 -0.9397 0.2112
vn -0.2049 -0.9557 0.2112
vn -0.1399 -0.9674 0.2112
vn -0.0743 -0.9746 0.2112
vn -0.0775 -0.9102 0.4067
vn -0.0159 -0.9134 0.4067
vn -0.0144 -0.8089 0.5878
vn 0.0403 -0.808 0.5878
vn 0.033 -0.6683 0.7432
vn 0.0781 -0.6646 0.7432
vn 0.058 -0.4966 0.866
vn 0.0914 -0.4916 0.866
vn 0.056 -0.3039 0.9511
vn 0.0764 -0.2994 0.9511
vn 0.0317 -0.1271 0.9914
vn 0.0402 -0.1246 0.9914
vn 0.023 -0.1289 0.9914
vn 0.0353 -0.307 0.9511
vn 0.0243 -0.4994 0.866
vn -0.0122 -0.669 0.7432
vn -0.0689 -0.8061 0.5878
vn -0.1388 -0.9029 0.4067
vn -0.9249 0.3162 0.2112
vn -0.8803 0.2444 0.4067
vn -0.7923 0.1635 0.5878
vn -0.6629 0.091 0.7432
vn -0.4988 0.0348 0.866
vn -0.309 0.0011 0.9511
vn -0.9441 0.253 0.2112
vn -0.8947 0.1844 0.4067
vn -0.8015 0.1097 0.5878
vn -0.6675 0.046 0.7431
vn -0.5 0.001 0.866
vn -0.3084 -0.0197 0.9511
vn -0.9591 0.1887 0.2112
vn -0.9052 0.1235 0.4067
vn -0.8071 0.0553 0.5878
vn -0.6691 0.0009 0.7432
vn -0.4989 -0.0327 0.866
vn -0.3064 -0.0405 0.9511
vn -0.9696 0.1235 0.2112
vn -0.9114 0.0622 0.4067
vn -0.809 0.0007 0.5878
vn -0.6677 -0.0443 0.7432
vn -0.4956 -0.0663 0.866
vn -0.3029 -0.0611 0.9511
vn -0.9757 0.0578 0.2112
vn -0.9135 0.0005 0.4067
vn -0.8072 -0.0539 0.5878
vn -0.6631 -0.0893 0.7432
vn -0.49 -0.0996 0.866
vn -0.2981 -0.0814 0.9511
vn -0.9774 -0.0082 0.2112
vn -0.9115 -0.0612 0.4067
vn -0.8017 -0.1083 0.5878
vn -0.6556 -0.1338 0.7432
vn -0.4821 -0.1325 0.866
vn -0.2919 -0.1014 0.9511
vn -0.9746 -0.0742 0.2112
vn -0.9053 -0.1226 0.4067
vn -0.7926 -0.1622 0.5878
vn -0.6451 -0.1778 0.7432
vn -0.4721 -0.1647 0.866
vn -0.2844 -0.1208 0.9511
vn -0.9674 -0.1398 0.2112
vn -0.8949 -0.1834 0.4067
vn -0.7798 -0.2153 0.5878
vn -0.6316 -0.2209 0.7432
vn -0.4599 -0.1962 0.866
vn -0.2756 -0.1398 0.9511
vn -0.9557 -0.2048 0.2112
vn -0.8805 -0.2434 0.4067
vn -0.7635 -0.2675 0.5878
vn -0.6152 -0.2631 0.7432
vn -0.4456 -0.2268 0.866
vn -0.2655 -0.158 0.9511
vn -0.9397 -0.2688 0.2112
vn -0.8621 -0.3023 0.4067
vn -0.7437 -0.3184 0.5878
vn -0.5961 -0.304 0.7432
vn -0.4293 -0.2564 0.866
vn -0.2543 -0.1756 0.9511
vn -0.9194 -0.3317 0.2112
vn -0.8397 -0.3598 0.4067
vn -0.7205 -0.3679 0.5878
vn -0.5742 -0.3435 0.7432
vn -0.411 -0.2848 0.866
vn -0.2418 -0.1924 0.9511
vn -0.895 -0.393 0.2112
vn -0.8135 -0.4157 0.4067
vn -0.6941 -0.4157 0.5878
vn -0.5497 -0.3815 0.7432
vn -0.3908 -0.3119 0.866
vn -0.2283 -0.2083 0.9511
vn -0.8664 -0.4525 0.2112
vn -0.7836 -0.4697 0.4067
vn -0.6644 -0.4616 0.5878
vn -0.5227 -0.4178 0.7432
vn -0.3689 -0.3376 0.866
vn -0.2137 -0.2232 0.9511
vn -0.8339 -0.51 0.2112
vn -0.7501 -0.5215 0.4067
vn -0.6317 -0.5054 0.5878
vn -0.4933 -0.4521 0.7432
vn -0.3452 -0.3617 0.866
vn -0.1982 -0.2371 0.9511
vn -0.7975 -0.5651 0.2112
vn -0.7132 -0.5709 0.4067
vn -0.5962 -0.5469 0.5878
vn -0.4616 -0.4844 0.7432
vn -0.32 -0.3842 0.866
vn -0.1817 -0.25 0.9511
vn -0.7576 -0.6176 0.2112
vn -0.673 -0.6178 0.4067
vn -0.5579 -0.5859 0.5878
vn -0.4279 -0.5144 0.7432
vn -0.2934 -0.4049 0.866
vn -0.1644 -0.2616 0.9511
vn -0.7141 -0.6674 0.2112
vn -0.6298 -0.6618 0.4067
vn -0.5171 -0.6222 0.5878
vn -0.3922 -0.5421 0.7432
vn -0.2653 -0.4238 0.866
vn -0.1464 -0.2722 0.9511
vn -0.6675 -0.7141 0.2112
vn -0.5836 -0.7028 0.4067
vn -0.4739 -0.6557 0.5878
vn -0.3547 -0.5674 0.7432
vn -0.2361 -0.4407 0.866
vn -0.1277 -0.2814 0.9511
vn -0.6177 -0.7575 0.2112
vn -0.5349 -0.7406 0.4067
vn -0.4285 -0.6862 0.5878
vn -0.3156 -0.59 0.7432
vn -0.2058 -0.4557 0.866
vn -0.1084 -0.2894 0.9511
vn -0.5652 -0.7975 0.2112
vn -0.4836 -0.775 0.4067
vn -0.3812 -0.7136 0.5878
vn -0.275 -0.61 0.7432
vn -0.1746 -0.4685 0.866
vn -0.5101 -0.8338 0.2112
vn -0.4302 -0.8059 0.4067
vn -0.3322 -0.7377 0.5878
vn -0.2332 -0.6272 0.7432
vn -0.4526 -0.8663 0.2112
vn -0.3748 -0.8331 0.4067
vn -0.2816 -0.7584 0.5878
vn -0.3931 -0.8949 0.2112
vn -0.3177 -0.8565 0.4067
vn -0.3318 -0.9194 0.2112
vn -0.0083 -0.9774 0.2112
vn 0.0458 -0.9124 0.4067
vn 0.0947 -0.8034 0.5878
vn 0.1227 -0.6578 0.7432
vn 0.1243 -0.4843 0.866
vn 0.0964 -0.2936 0.9511
vn 0.0485 -0.1216 0.9914
vn 0.0577 -0.9757 0.2112
vn 0.1073 -0.9072 0.4067
vn 0.1488 -0.7952 0.5878
vn 0.1669 -0.648 0.7432
vn 0.1567 -0.4748 0.866
vn 0.116 -0.2864 0.9511
vn 0.0567 -0.118 0.9914
vn 0.1234 -0.9696 0.2112
vn 0.1683 -0.8979 0.4067
vn 0.2021 -0.7834 0.5878
vn 0.2102 -0.6352 0.7432
vn 0.1884 -0.4631 0.866
vn 0.1351 -0.2779 0.9511
vn 0.0645 -0.1139 0.9914
vn 0.1886 -0.9591 0.2112
vn 0.2285 -0.8845 0.4067
vn 0.2545 -0.7679 0.5878
vn 0.2526 -0.6196 0.7432
vn 0.2193 -0.4494 0.866
vn 0.1535 -0.2682 0.9511
vn 0.0721 -0.1092 0.9914
vn 0.2529 -0.9441 0.2112
vn 0.2877 -0.8671 0.4067
vn 0.3058 -0.749 0.5878
vn 0.2939 -0.6011 0.7432
vn 0.2491 -0.4335 0.866
vn 0.1713 -0.2572 0.9511
vn 0.0793 -0.104 0.9914
vn 0.3161 -0.9249 0.2112
vn 0.3456 -0.8457 0.4067
vn 0.3557 -0.7266 0.5878
vn 0.3338 -0.5799 0.7432
vn 0.2778 -0.4157 0.866
vn 0.1883 -0.2451 0.9511
vn 0.0861 -0.0984 0.9914
vn 0.3778 -0.9015 0.2112
vn 0.4019 -0.8204 0.4067
vn 0.4039 -0.701 0.5878
vn 0.3722 -0.5561 0.7432
vn 0.3052 -0.396 0.866
vn 0.2044 -0.2318 0.9511
vn 0.0925 -0.0923 0.9914
vn 0.4378 -0.8739 0.2112
vn 0.4564 -0.7914 0.4067
vn 0.4503 -0.6721 0.5878
vn 0.4089 -0.5297 0.7432
vn 0.3313 -0.3745 0.866
vn 0.2196 -0.2175 0.9511
vn 0.0985 -0.0857 0.9914
vn 0.4958 -0.8424 0.2112
vn 0.5087 -0.7588 0.4067
vn 0.4947 -0.6402 0.5878
vn 0.4437 -0.5009 0.7432
vn 0.3558 -0.3513 0.866
vn 0.2337 -0.2021 0.9511
vn 0.1162 -0.0886 0.9893
vn 0.1088 -0.0721 0.9914
vn 0.1135 -0.0646 0.9914
vn 0.1177 -0.0568 0.9914
vn 0.1213 -0.0487 0.9914
vn 0.1244 -0.0404 0.9914
vn 0.1269 -0.0319 0.9914
vn 0.1288 -0.0232 0.9914
vn 0.1302 -0.0145 0.9914
vn 0.1308 -0.0056 0.9914
vn 0.1309 0.0033 0.9914
vn 0.1304 0.0121 0.9914
vn 0.1292 0.0209 0.9914
vn 0.1275 0.0296 0.9914
vn 0.1251 0.0382 0.9914
vn 0.1222 0.0465 0.9914
vn 0.1187 0.0547 0.9914
vn 0.1146 0.0626 0.9914
vn 0.1101 0.0701 0.9914
vn 0.1179 0.0863 0.9893
vn 0.1 0.0839 0.9914
vn 0.2482 0.1841 0.9511
vn 0.2352 0.2004 0.9511
vn 0.4011 0.2985 0.866
vn 0.38 0.3249 0.866
vn 0.5365 0.3999 0.7432
vn 0.5083 0.4352 0.7431
vn 0.6484 0.4838 0.5878
vn 0.6143 0.5264 0.5878
vn 0.732 0.5465 0.4067
vn 0.6935 0.5947 0.4067
vn 0.778 0.5917 0.2112
vn 0.7363 0.6429 0.2112
vn 0.6912 0.6911 0.2112
vn 0.643 0.7362 0.2112
vn 0.607 0.6827 0.4067
vn 0.5596 0.7221 0.4067
vn 0.4958 0.6393 0.5878
vn 0.4515 0.6713 0.5878
vn 0.3736 0.5551 0.7432
vn 0.3353 0.579 0.7432
vn 0.2509 0.4325 0.866
vn 0.2211 0.4484 0.866
vn 0.1371 0.2769 0.9511
vn 0.1181 0.2856 0.9511
vn 0.0507 0.1207 0.9914
vn 0.0424 0.1239 0.9914
vn 0.0588 0.117 0.9914
vn 0.1555 0.2671 0.9511
vn 0.2795 0.4146 0.866
vn 0.4103 0.5286 0.7432
vn 0.5378 0.6044 0.5878
vn 0.6517 0.6402 0.4067
vn 0.5515 -0.807 0.2112
vn 0.5588 -0.7227 0.4067
vn 0.5367 -0.6053 0.5878
vn 0.4765 -0.4698 0.7432
vn 0.3787 -0.3265 0.866
vn 0.2468 -0.1859 0.9511
vn 0.6048 -0.7679 0.2112
vn 0.6063 -0.6833 0.4067
vn 0.5764 -0.5677 0.5878
vn 0.5071 -0.4365 0.7432
vn 0.3999 -0.3002 0.866
vn 0.2588 -0.1688 0.9511
vn 0.6552 -0.7253 0.2112
vn 0.6511 -0.6408 0.4067
vn 0.6134 -0.5275 0.5878
vn 0.5354 -0.4013 0.7432
vn 0.4192 -0.2725 0.866
vn 0.2696 -0.151 0.9511
vn 0.7027 -0.6794 0.2112
vn 0.6928 -0.5954 0.4067
vn 0.6476 -0.4849 0.5878
vn 0.5613 -0.3642 0.7432
vn 0.4367 -0.2435 0.866
vn 0.2792 -0.1324 0.9511
vn 0.747 -0.6304 0.2112
vn 0.7315 -0.5473 0.4067
vn 0.6789 -0.4401 0.5878
vn 0.5846 -0.3255 0.7432
vn 0.4521 -0.2135 0.866
vn 0.2875 -0.1133 0.9511
vn 0.7878 -0.5786 0.2112
vn 0.7667 -0.4967 0.4067
vn 0.707 -0.3932 0.5878
vn 0.6053 -0.2853 0.7432
vn 0.4655 -0.1825 0.866
vn 0.2945 -0.0936 0.9511
vn 0.8251 -0.5241 0.2112
vn 0.7985 -0.4438 0.4067
vn 0.732 -0.3446 0.5878
vn 0.6231 -0.2438 0.7432
vn 0.4768 -0.1507 0.866
vn 0.3002 -0.0735 0.9511
vn 0.8586 -0.4672 0.2112
vn 0.8267 -0.3888 0.4067
vn 0.7535 -0.2944 0.5878
vn 0.6382 -0.2011 0.7432
vn 0.4858 -0.1181 0.866
vn 0.3044 -0.0531 0.9511
vn 0.8882 -0.4081 0.2112
vn 0.851 -0.3322 0.4067
vn 0.7717 -0.2429 0.5878
vn 0.6503 -0.1576 0.7432
vn 0.4927 -0.0851 0.866
vn 0.3073 -0.0324 0.9511
vn 0.9137 -0.3472 0.2112
vn 0.8715 -0.2739 0.4067
vn 0.7863 -0.1902 0.5878
vn 0.6595 -0.1133 0.7432
vn 0.4973 -0.0516 0.866
vn 0.3088 -0.0116 0.9511
vn 0.935 -0.2848 0.2112
vn 0.888 -0.2145 0.4067
vn 0.7974 -0.1367 0.5878
vn 0.6656 -0.0686 0.7432
vn 0.4997 -0.0179 0.866
vn 0.3089 0.0093 0.9511
vn 0.9521 -0.221 0.2112
vn 0.9005 -0.154 0.4067
vn 0.8048 -0.0825 0.5878
vn 0.6687 -0.0235 0.7432
vn 0.4997 0.0159 0.866
vn 0.3075 0.0301 0.9511
vn 0.9649 -0.1562 0.2112
vn 0.9088 -0.0929 0.4067
vn 0.8085 -0.028 0.5878
vn 0.6688 0.0217 0.7432
vn 0.4975 0.0496 0.866
vn 0.3048 0.0508 0.9511
vn 0.9732 -0.0907 0.2112
vn 0.913 -0.0313 0.4067
vn 0.8086 0.0266 0.5878
vn 0.6658 0.0668 0.7432
vn 0.4931 0.083 0.866
vn 0.3007 0.0713 0.9511
vn 0.9771 -0.0248 0.2112
vn 0.913 0.0304 0.4067
vn 0.8049 0.0812 0.5878
vn 0.6597 0.1116 0.7432
vn 0.4863 0.1161 0.866
vn 0.2952 0.0914 0.9511
vn 0.9766 0.0412 0.2112
vn 0.9089 0.0919 0.4067
vn 0.7976 0.1353 0.5878
vn 0.6507 0.1559 0.7432
vn 0.4774 0.1487 0.866
vn 0.2883 0.1112 0.9511
vn 0.9716 0.107 0.2112
vn 0.9006 0.1531 0.4067
vn 0.7867 0.1888 0.5878
vn 0.6387 0.1995 0.7432
vn 0.4662 0.1806 0.866
vn 0.2802 0.1304 0.9511
vn 0.9621 0.1724 0.2112
vn 0.8882 0.2135 0.4067
vn 0.7721 0.2415 0.5878
vn 0.6238 0.2421 0.7432
vn 0.453 0.2117 0.866
vn 0.2707 0.149 0.9511
vn 0.9483 0.237 0.2112
vn 0.8718 0.273 0.4067
vn 0.7541 0.2931 0.5878
vn 0.606 0.2837 0.7432
vn 0.4377 0.2418 0.866
vn 0.2601 0.1669 0.9511
vn 0.9301 0.3004 0.2112
vn 0.8514 0.3313 0.4067
vn 0.7325 0.3433 0.5878
vn 0.5855 0.324 0.7432
vn 0.4203 0.2707 0.866
vn 0.9077 0.3625 0.2112
vn 0.8271 0.388 0.4067
vn 0.7077 0.392 0.5878
vn 0.5623 0.3627 0.7432
vn 0.8812 0.423 0.2112
vn 0.799 0.4429 0.4067
vn 0.6796 0.4389 0.5878
vn 0.8506 0.4815 0.2112
vn 0.7673 0.4959 0.4067
vn 0.8162 0.5378 0.2112
vn 0.5918 0.7779 0.2112
vn 0.5095 0.7582 0.4067
vn 0.4051 0.7003 0.5878
vn 0.2955 0.6004 0.7432
vn 0.1903 0.4624 0.866
vn 0.0985 0.2929 0.9511
vn 0.0339 0.1265 0.9914
vn 0.5379 0.8161 0.2112
vn 0.4572 0.7909 0.4067
vn 0.3569 0.726 0.5878
vn 0.2543 0.6189 0.7432
vn 0.1587 0.4741 0.866
vn 0.0785 0.2989 0.9511
vn 0.0253 0.1285 0.9914
vn 0.4816 0.8506 0.2112
vn 0.4028 0.82 0.4067
vn 0.3071 0.7485 0.5878
vn 0.2119 0.6347 0.7432
vn 0.1263 0.4838 0.866
vn 0.0582 0.3035 0.9511
vn 0.0165 0.1299 0.9914
vn 0.4231 0.8811 0.2112
vn 0.3465 0.8453 0.4067
vn 0.2559 0.7675 0.5878
vn 0.1686 0.6475 0.7432
vn 0.0934 0.4912 0.866
vn 0.0376 0.3067 0.9511
vn 0.0077 0.1306 0.9914
vn 0.3626 0.9077 0.2112
vn 0.2886 0.8668 0.4067
vn 0.2035 0.783 0.5878
vn 0.1245 0.6574 0.7432
vn 0.06 0.4964 0.866
vn 0.0168 0.3086 0.9511
vn -0.0012 0.1308 0.9914
vn 0.3005 0.9301 0.2112
vn 0.2294 0.8843 0.4067
vn 0.1501 0.795 0.5878
vn 0.0798 0.6643 0.7432
vn 0.0263 0.4993 0.866
vn -0.0041 0.309 0.9511
vn -0.01 0.1303 0.9914
vn 0.237 0.9483 0.2112
vn 0.1692 0.8977 0.4067
vn 0.0961 0.8033 0.5878
vn 0.0348 0.6682 0.7432
vn -0.0074 0.4999 0.866
vn -0.0249 0.308 0.9511
vn -0.0188 0.1293 0.9914
vn 0.1725 0.9621 0.2112
vn 0.1082 0.9071 0.4067
vn 0.0417 0.8079 0.5878
vn -0.0104 0.669 0.7432
vn -0.0412 0.4983 0.866
vn -0.0457 0.3056 0.9511
vn -0.0275 0.1276 0.9914
vn 0.1071 0.9716 0.2112
vn 0.0468 0.9123 0.4067
vn -0.013 0.8089 0.5878
vn -0.0556 0.6668 0.7432
vn -0.0747 0.4944 0.866
vn -0.0662 0.3018 0.9511
vn -0.04 0.1405 0.9893
vn -0.0439 0.1229 0.9915
vn 0.0413 0.9766 0.2112
vn -0.0149 0.9134 0.4067
vn -0.0675 0.8062 0.5878
vn -0.1005 0.6615 0.7432
vn -0.1079 0.4882 0.866
vn -0.0864 0.2967 0.9511
vn 0.0665 0.1127 0.9914
vn 0.1732 0.2559 0.9511
vn 0.3069 0.3948 0.866
vn 0.445 0.4997 0.7432
vn 0.5774 0.5667 0.5878
vn 0.074 0.1079 0.9914
vn 0.19 0.2437 0.9511
vn 0.3328 0.3731 0.866
vn 0.4777 0.4685 0.7432
vn 0.0811 0.1026 0.9914
vn 0.2061 0.2303 0.9511
vn 0.3572 0.3498 0.866
vn 0.0878 0.0968 0.9914
vn 0.2211 0.2159 0.9511
vn 0.0941 0.0906 0.9914
vn 0.0142 -0.1301 0.9914
vn 0.0145 -0.3087 0.9511
vn -0.0095 -0.4999 0.866
vn -0.0573 -0.6667 0.7432
vn -0.1232 -0.7996 0.5878
vn 0.0053 -0.1308 0.9914
vn -0.0063 -0.309 0.9511
vn -0.0432 -0.4981 0.866
vn -0.1022 -0.6613 0.7432
vn -0.0035 -0.1308 0.9914
vn -0.0272 -0.3078 0.9511
vn -0.0767 -0.4941 0.866
vn -0.0124 -0.1301 0.9914
vn -0.0479 -0.3053 0.9511
vn -0.0212 -0.1289 0.9914
vn -0.0067 -0.7103 0.7039
vn 0.0388 -0.7746 0.6313
vn 0.0114 -0.9728 0.2314
vn 0.0851 -0.961 0.2633
vn 0.0792 -0.9028 0.4226
vn 0.1447 -0.8947 0.4226
vn 0.1315 -0.7831 0.6078
vn 0.1889 -0.78 0.5966
vn 0.1589 -0.6785 0.7172
vn 0.1922 -0.6589 0.7272
vn 0.1275 -0.6638 0.7369
vn 0.0938 -0.6804 0.7268
vn 0.073 -0.7995 0.5962
vn 0.0548 -0.6851 0.7264
vn 0.0143 -0.7958 0.6054
vn 0.0246 -0.6834 0.7296
vn 0.0118 -0.9062 0.4226
vn 0.071 -0.6404 0.7647
vn 0.1497 -0.9476 0.2821
vn 0.2099 -0.8853 0.415
vn 0.2449 -0.7554 0.6077
vn 0.2238 -0.6392 0.7358
vn 0.0791 -0.495 0.8653
vn 0.1724 -0.8239 0.5399
vn 0.2314 -0.9729 0.0053
vn 0.1881 -0.6991 0.6898
vn 0.278 -0.8476 0.4519
vn 0.1383 -0.4207 0.8966
vn 0.2297 -0.605 0.7624
vn 0.3295 -0.8134 0.4793
vn 0.2698 -0.5999 0.7532
vn 0.3524 -0.7241 0.5929
vn 0.4355 -0.8965 0.0808
vn 0.2898 -0.5522 0.7818
vn 0.3947 -0.6668 0.6321
vn 0.1912 -0.3251 0.9261
vn 0.3022 -0.4586 0.8357
vn 0.4343 -0.6336 0.6402
vn 0.2564 -0.3491 0.9013
vn 0.4167 -0.5589 0.7169
vn 0.2801 -0.3427 0.8967
vn 0.4254 -0.5215 0.7396
vn 0.4525 -0.4971 0.7404
vn 0.3006 -0.7436 0.5972
vn 0.2928 -0.6301 0.7192
vn 0.3227 -0.6087 0.7248
vn 0.258 -0.6389 0.7247
vn 0.3806 -0.5711 0.7273
vn 0.3463 -0.5819 0.7359
vn 0.2509 -0.2757 0.9279
vn 0.2528 -0.2557 0.9331
vn 0.4658 -0.459 0.7566
vn 0.3035 -0.277 0.9117
vn 0.4995 -0.4511 0.7396
vn 0.4803 -0.4942 0.7246
vn 0.4481 -0.5269 0.7222
vn 0.4067 -0.5514 0.7283
vn 0.2734 -0.2046 0.9399
vn 0.5363 -0.4291 0.7268
vn 0.2632 -0.218 0.9398
vn 0.5611 -0.3899 0.7302
vn 0.2808 -0.1952 0.9397
vn 0.2884 -0.1832 0.9398
vn 0.5891 -0.3491 0.7288
vn 0.2959 -0.1718 0.9397
vn 0.3015 -0.1605 0.9399
vn 0.6171 -0.3123 0.7222
vn 0.3698 -0.174 0.9127
vn 0.6285 -0.2662 0.7309
vn 0.2511 -0.1071 0.962
vn 0.3823 -0.1451 0.9126
vn 0.6357 -0.2188 0.7403
vn 0.2588 -0.0861 0.9621
vn 0.3274 -0.0962 0.94
vn 0.6602 -0.1856 0.7278
vn 0.3974 -0.0956 0.9127
vn 0.668 -0.1389 0.731
vn 0.2677 -0.0535 0.962
vn 0.4035 -0.0645 0.9127
vn 0.6847 -0.0954 0.7226
vn 0.3391 -0.0371 0.94
vn 0.6822 -0.0484 0.7296
vn 0.3411 -0.0248 0.9397
vn 0.3412 -0.0107 0.9399
vn 0.6821 0.0015 0.7313
vn 0.3418 0.0035 0.9398
vn 0.3405 0.0158 0.9401
vn 0.6838 0.0476 0.7281
vn 0.3395 0.0328 0.94
vn 0.665 0.0882 0.7416
vn 0.3391 0.0462 0.9396
vn 0.3357 0.0592 0.9401
vn 0.6749 0.1314 0.7261
vn 0.397 0.0907 0.9133
vn 0.6588 0.1756 0.7316
vn 0.2635 0.0706 0.9621
vn 0.3891 0.1218 0.9131
vn 0.6436 0.2231 0.7322
vn 0.2559 0.0921 0.9623
vn 0.3144 0.1263 0.9408
vn 0.6318 0.2673 0.7276
vn 0.3691 0.1704 0.9137
vn 0.5988 0.304 0.741
vn 0.2427 0.124 0.9621
vn 0.3523 0.1983 0.9146
vn 0.5685 0.3352 0.7513
vn 0.219 0.1359 0.9662
vn 0.4091 0.2687 0.872
vn 0.3697 -0.5835 0.7231
vn 0.329 -0.6037 0.7261
vn 0.285 -0.61 0.7394
vn 0.2503 -0.6416 0.7251
vn 0.2079 -0.6594 0.7225
vn 0.1602 -0.6663 0.7283
vn 0.1139 -0.6817 0.7227
vn 0.0684 -0.6847 0.7256
vn 0.0194 -0.6824 0.7307
vn 0.0046 -0.982 -0.189
vn 0.036 -0.6091 -0.7923
vn 0.0326 -0.8315 -0.5546
vn 0.0386 -0.7061 -0.707
vn 0.0332 -0.5537 -0.832
vn 0.0579 -0.5243 -0.8496
vn 0.0481 -0.7055 -0.7071
vn 0.0597 -0.7046 -0.7071
vn 0.0802 -0.7026 -0.707
vn 0.0999 -0.6151 -0.7821
vn 0.097 -0.7005 -0.7071
vn 0.0906 -0.5472 -0.8321
vn 0.1642 -0.7565 -0.633
vn 0.164 -0.8158 -0.5546
vn 0.1352 -0.5378 -0.8321
vn 0.2314 -0.8453 -0.4816
vn 0.1773 -0.5729 -0.8002
vn 0.2351 -0.7375 -0.6331
vn 0.2783 -0.7383 -0.6144
vn 0.2216 -0.5573 -0.8002
vn 0.3806 -0.8439 -0.3782
vn 0.3725 -0.741 -0.5586
vn 0.3118 -0.6344 -0.7073
vn 0.4123 -0.7217 -0.556
vn 0.3058 -0.5159 -0.8002
vn 0.4635 -0.7228 -0.5125
vn 0.497 -0.7003 -0.5125
vn 0.4069 -0.578 -0.7073
vn 0.6126 -0.7489 -0.2526
vn 0.3825 -0.4619 -0.8002
vn 0.6012 -0.6726 -0.4314
vn 0.6386 -0.6445 -0.4205
vn 0.4921 -0.5075 -0.7073
vn 0.6889 -0.6139 -0.3854
vn 0.4499 -0.3966 -0.8002
vn 0.724 -0.5972 -0.3453
vn 0.7467 -0.5716 -0.3402
vn 0.4795 -0.3602 -0.8002
vn 0.809 -0.5664 0.1572
vn 0.7924 -0.5059 -0.3408
vn 0.5062 -0.3216 -0.8002
vn 0.8546 -0.4956 0.1552
vn 0.8324 -0.4365 -0.3416
vn 0.5299 -0.281 -0.8002
vn 0.894 -0.4212 0.153
vn 0.8663 -0.3638 -0.3425
vn 0.5502 -0.2387 -0.8002
vn 0.8784 -0.3334 -0.3423
vn 0.8896 -0.3023 -0.3423
vn 0.5672 -0.1949 -0.8002
vn 0.9484 -0.2776 0.1531
vn 0.9124 -0.2252 -0.3418
vn 0.5807 -0.1499 -0.8002
vn 0.9686 -0.1955 0.1536
vn 0.9283 -0.1463 -0.3418
vn 0.5906 -0.104 -0.8002
vn 0.9818 -0.1118 0.1533
vn 0.9374 -0.0661 -0.342
vn 0.597 -0.0575 -0.8002
vn 0.9879 -0.027 0.1526
vn 0.9395 0.0148 -0.3424
vn 0.7068 -0.0125 -0.7073
vn 0.658 0.0337 -0.7523
vn 0.5986 0.0363 -0.8002
vn 0.9846 0.0857 0.1523
vn 0.9317 0.1218 -0.3421
vn 0.594 0.083 -0.8002
vn 0.9734 0.1704 0.1529
vn 0.9178 0.2019 -0.342
vn 0.5857 0.1292 -0.8002
vn 0.955 0.254 0.1531
vn 0.8968 0.2808 -0.342
vn 0.5738 0.1746 -0.8002
vn 0.9293 0.336 0.153
vn 0.8689 0.3577 -0.342
vn 0.5583 0.219 -0.8002
vn 0.8966 0.4157 0.1527
vn 0.8344 0.432 -0.3422
vn 0.5395 0.262 -0.8002
vn 0.857 0.4923 0.1523
vn 0.559 0.3486 -0.7523
vn 0.5173 0.3034 -0.8002
vn 0.7515 0.5245 0.4003
vn 0.5285 0.3868 -0.7557
vn 0.492 0.3429 -0.8002
vn 0.7298 0.5742 -0.371
vn 0.698 0.5923 -0.4025
vn 0.4637 0.3804 -0.8002
vn 0.6799 0.6176 -0.3955
vn 0.6947 0.712 -0.1021
vn 0.5098 0.4897 -0.7074
vn 0.5751 0.6527 -0.4932
vn 0.4699 0.5281 -0.7074
vn 0.527 0.6791 -0.511
vn 0.3624 0.4779 -0.8002
vn 0.5002 0.691 -0.5218
vn 0.499 0.7819 -0.3736
vn 0.3239 0.5047 -0.8002
vn 0.4096 0.6799 -0.6082
vn 0.3774 0.6949 -0.6121
vn 0.2834 0.5285 -0.8002
vn 0.3561 0.7208 -0.5947
vn 0.3191 0.7229 -0.6129
vn 0.2843 0.6472 -0.7074
vn 0.226 0.5722 -0.7883
vn 0.1975 0.5663 -0.8002
vn 0.3091 0.9074 -0.2849
vn 0.1671 0.5538 -0.8157
vn 0.1526 0.58 -0.8002
vn 0.2102 0.8014 -0.56
vn 0.1407 0.6917 -0.7084
vn 0.1068 0.5902 -0.8002
vn 0.1175 0.6912 -0.7131
vn 0.0834 0.6952 -0.7139
vn 0.0603 0.5967 -0.8002
vn 0.0691 0.8491 -0.5236
vn 0.0315 0.7817 -0.6228
vn 0.0158 0.7067 -0.7074
vn 0.0012 0.5022 -0.8647
vn -0.0335 0.5988 -0.8002
vn -0.0294 0.7347 -0.6778
vn -0.0397 0.4946 -0.8682
vn -0.0803 0.5944 -0.8002
vn -0.0879 0.719 -0.6895
vn -0.0785 0.4784 -0.8746
vn -0.1265 0.5863 -0.8002
vn -0.1433 0.6713 -0.7272
vn -0.1347 0.5096 -0.8498
vn -0.2027 0.6772 -0.7074
vn -0.1256 0.3986 -0.9085
vn -0.255 0.6592 -0.7074
vn -0.2358 0.6244 -0.7447
vn -0.2595 0.5407 -0.8002
vn -0.2917 0.6578 -0.6944
vn -0.1496 0.3077 -0.9396
vn -0.301 0.5187 -0.8002
vn -0.2267 0.4275 -0.8751
vn -0.1594 0.2795 -0.9468
vn -0.3406 0.4936 -0.8002
vn -0.2644 0.4132 -0.8714
vn -0.1433 0.211 -0.9669
vn -0.3782 0.4655 -0.8002
vn -0.2402 0.3223 -0.9157
vn -0.1706 0.2111 -0.9625
vn -0.4135 0.4344 -0.8002
vn -0.268 0.3048 -0.9139
vn -0.1886 0.197 -0.9621
vn -0.4462 0.4008 -0.8002
vn -0.2914 0.2823 -0.914
vn -0.2558 0.2237 -0.9405
vn -0.4762 0.3646 -0.8002
vn -0.2658 0.2151 -0.9397
vn -0.2734 0.2032 -0.9402
vn -0.5032 0.3263 -0.8002
vn -0.2827 0.1919 -0.9398
vn -0.2882 0.1807 -0.9404
vn -0.5272 0.2859 -0.8002
vn -0.3561 0.1989 -0.913
vn -0.2433 0.1238 -0.962
vn -0.6458 0.2873 -0.7074
vn -0.3099 0.1424 -0.94
vn -0.5654 0.2002 -0.8002
vn -0.3163 0.1292 -0.9398
vn -0.3198 0.1175 -0.9402
vn -0.5793 0.1553 -0.8002
vn -0.3899 0.1213 -0.9128
vn -0.2636 0.071 -0.962
vn -0.5897 0.1095 -0.8002
vn -0.3984 0.0905 -0.9127
vn -0.2683 0.0489 -0.9621
vn -0.5964 0.0631 -0.8002
vn -0.4039 0.059 -0.9129
vn -0.3398 0.0323 -0.9399
vn -0.5995 0.0162 -0.8002
vn -0.3416 0.0194 -0.9396
vn -0.3415 0.0058 -0.9399
vn -0.599 -0.0307 -0.8002
vn -0.3418 -0.0087 -0.9397
vn -0.3407 -0.0208 -0.9399
vn -0.5947 -0.0775 -0.8002
vn -0.4062 -0.0453 -0.9127
vn -0.27 -0.0403 -0.962
vn -0.5868 -0.1238 -0.8002
vn -0.4016 -0.0766 -0.9126
vn -0.2658 -0.0621 -0.962
vn -0.5754 -0.1693 -0.8002
vn -0.3944 -0.1073 -0.9127
vn -0.3647 -0.1221 -0.9231
vn -0.6604 -0.252 -0.7074
vn -0.2644 -0.1007 -0.9591
vn -0.5419 -0.257 -0.8002
vn -0.4136 -0.1791 -0.8927
vn -0.349 -0.1744 -0.9207
vn -0.5201 -0.2986 -0.8002
vn -0.4348 -0.2489 -0.8654
vn -0.3728 -0.2435 -0.8954
vn -0.5836 -0.3988 -0.7074
vn -0.2963 -0.2124 -0.9312
vn -0.4672 -0.376 -0.8002
vn -0.4972 -0.4033 -0.7682
vn -0.3213 -0.2862 -0.9027
vn -0.5143 -0.4849 -0.7074
vn -0.3883 -0.3801 -0.8395
vn -0.4028 -0.4443 -0.8002
vn -0.4449 -0.4937 -0.7472
vn -0.2883 -0.3537 -0.8898
vn -0.437 -0.5558 -0.7072
vn -0.3553 -0.4866 -0.7981
vn -0.4105 -0.5757 -0.7072
vn -0.387 -0.5918 -0.7072
vn -0.3381 -0.5238 -0.7819
vn -0.3531 -0.6127 -0.7071
vn -0.2546 -0.44 -0.8611
vn -0.2643 -0.4877 -0.832
vn -0.2976 -0.5797 -0.7586
vn -0.3165 -0.6322 -0.7072
vn -0.398 -0.885 -0.2416
vn 0.5819 0.3601 0.7292
vn 0.5939 0.3276 0.7349
vn 0.6203 0.3086 0.7211
vn 0.6349 0.2758 0.7217
vn 0.6319 0.2442 0.7356
vn 0.6557 0.2185 0.7227
vn 0.6507 0.1857 0.7363
vn 0.673 0.16 0.7221
vn 0.6825 0.1252 0.72
vn 0.6733 0.0966 0.733
vn 0.6884 0.0645 0.7224
vn 0.6701 0.0327 0.7416
vn 0.6911 -0.0007 0.7227
vn 0.6773 -0.0315 0.7351
vn 0.6901 -0.0617 0.7211
vn 0.6861 -0.0974 0.7209
vn 0.6674 -0.1224 0.7346
vn 0.6736 -0.1569 0.7222
vn 0.6521 -0.1816 0.7361
vn 0.6574 -0.2155 0.7221
vn 0.6299 -0.2412 0.7383
vn 0.6365 -0.2776 0.7196
vn 0.62 -0.3094 0.721
vn 0.5942 -0.3282 0.7343
vn 0.591 -0.3629 0.7205
vn 0.564 -0.3819 0.7322
vn 0.5588 -0.415 0.718
vn 0.5376 -0.4443 0.7166
vn 0.5648 0.3856 0.7296
vn 0.553 0.4132 0.7235
vn 0.552 0.4417 0.7072
vn 0.5297 0.438 0.7263
vn 0.5162 0.4613 0.7217
vn 0.5156 0.4822 0.7083
vn 0.4875 0.4894 0.7231
vn 0.4657 0.5177 0.7177
vn 0.4625 0.5044 0.7292
vn 0.4422 0.5297 0.7238
vn 0.4119 0.5478 0.7282
vn 0.4144 0.5451 0.7288
vn 0.3947 0.5672 0.7229
vn 0.3649 0.5809 0.7276
vn 0.3704 0.597 0.7117
vn 0.3336 0.59 0.7352
vn 0.3225 0.615 0.7196
vn 0.3077 0.6177 0.7237
vn 0.2711 0.6316 0.7264
vn 0.2788 0.6239 0.7301
vn 0.2524 0.6423 0.7237
vn 0.2174 0.6526 0.7259
vn 0.2214 0.65 0.727
vn 0.1957 0.6637 0.7219
vn 0.1621 0.669 0.7254
vn 0.1631 0.682 0.7129
vn 0.1288 0.6636 0.7369
vn 0.1055 0.6806 0.725
vn 0.1016 0.6923 0.7145
vn 0.0683 0.6717 0.7377
vn 0.0535 0.6952 0.7169
vn 0.0367 0.6896 0.7232
vn -0.0012 0.6895 0.7243
vn 0.0025 0.703 0.7112
vn -0.0274 0.6782 0.7344
vn -0.059 0.6872 0.7241
vn -0.0599 0.6978 0.7138
vn -0.0882 0.6693 0.7377
vn -0.1164 0.68 0.7239
vn -0.1216 0.6893 0.7142
vn -0.1484 0.6601 0.7364
vn -0.1706 0.677 0.7159
vn -0.1831 0.6667 0.7225
vn -0.2205 0.6539 0.7238
vn -0.2187 0.6664 0.7128
vn -0.2404 0.6323 0.7365
vn -0.2745 0.6331 0.7238
vn -0.2765 0.643 0.7142
vn -0.2959 0.6069 0.7377
vn -0.3265 0.6077 0.7239
vn -0.3327 0.6164 0.7137
vn -0.3511 0.5811 0.7342
vn -0.3763 0.578 0.7241
vn -0.3874 0.5866 0.7112
vn -0.4095 0.5559 0.7234
vn -0.4241 0.5539 0.7165
vn -0.4277 0.5224 0.7377
vn -0.461 0.5123 0.7246
vn -0.4649 0.5231 0.7143
vn -0.4737 0.4825 0.7368
vn -0.5021 0.4716 0.7249
vn -0.5105 0.4809 0.7128
vn -0.528 0.4471 0.722
vn -0.5395 0.4276 0.7254
vn -0.5425 0.4202 0.7274
vn -0.5638 0.3979 0.7238
vn -0.5768 0.3891 0.7183
vn -0.571 0.3597 0.738
vn -0.5984 0.3382 0.7263
vn -0.6062 0.3502 0.7141
vn -0.6039 0.3084 0.7349
vn -0.6241 0.2866 0.7269
vn -0.6372 0.2963 0.7114
vn -0.6413 0.257 0.7229
vn -0.6453 0.233 0.7275
vn -0.6459 0.2263 0.7291
vn -0.6605 0.1995 0.7238
vn -0.6619 0.1779 0.7282
vn -0.6638 0.1658 0.7293
vn -0.6762 0.1411 0.7231
vn -0.68 0.1285 0.7218
vn -0.6846 0.102 0.7217
vn -0.68 0.0729 0.7296
vn -0.6833 0.0739 0.7264
vn -0.6889 0.0413 0.7237
vn -0.6829 0.0156 0.7303
vn -0.6837 0.0103 0.7297
vn -0.6901 -0.0192 0.7234
vn -0.688 -0.0455 0.7243
vn -0.6845 -0.0527 0.7271
vn -0.6872 -0.0797 0.722
vn -0.6823 -0.1039 0.7237
vn -0.6806 -0.1193 0.7228
vn -0.666 -0.155 0.7297
vn -0.6691 -0.1457 0.7288
vn -0.6666 -0.1783 0.7238
vn -0.6514 -0.2105 0.7289
vn -0.6524 -0.2066 0.7292
vn -0.6491 -0.2363 0.7231
vn -0.6322 -0.2646 0.7282
vn -0.6471 -0.2748 0.7112
vn -0.6133 -0.2903 0.7346
vn -0.617 -0.3168 0.7203
vn -0.6074 -0.3278 0.7236
vn -0.5848 -0.3599 0.7269
vn -0.5875 -0.3493 0.73
vn -0.5762 -0.3797 0.7237
vn -0.5531 -0.408 0.7264
vn -0.5549 -0.4032 0.7277
vn -0.542 -0.4296 0.7222
vn -0.5174 -0.4533 0.7259
vn -0.5264 -0.4638 0.7126
vn -0.488 -0.4684 0.7365
vn -0.4779 -0.4954 0.7254
vn -0.4818 -0.5074 0.7144
vn -0.4428 -0.5094 0.7379
vn -0.4437 -0.5372 0.7173
vn -0.4271 -0.5425 0.7234
vn -0.3959 -0.5641 0.7246
vn -0.4007 -0.5602 0.725
vn -0.3794 -0.5799 0.721
vn -0.3474 -0.5956 0.7243
vn -0.353 -0.6052 0.7135
vn -0.3137 -0.598 0.7376
vn -0.2963 -0.6228 0.7241
vn -0.2975 -0.6334 0.7143
vn -0.2589 -0.6245 0.7368
vn -0.2503 -0.6517 0.716
vn -0.2342 -0.6502 0.7228
vn -0.1963 -0.6615 0.7238
vn -0.2052 -0.6711 0.7124
vn -0.1681 -0.6558 0.736
vn -0.1402 -0.6756 0.7238
vn -0.1443 -0.685 0.7141
vn -0.1079 -0.6664 0.7378
vn -0.083 -0.685 0.7238
vn -0.083 -0.6953 0.7139
vn -0.0478 -0.6765 0.7349
vn -0.0253 -0.6894 0.7239
vn -0.0211 -0.7022 0.7117
vn 0.0145 -0.6905 0.7232
vn 0.0278 -0.6973 0.7162
vn 0.0485 -0.6737 0.7374
vn 0.0818 -0.6846 0.7243
vn 0.0787 -0.6954 0.7143
vn 0.109 -0.6669 0.7371
vn 0.1389 -0.675 0.7246
vn 0.1403 -0.6869 0.7131
vn 0.1742 -0.67 0.7217
vn 0.1949 -0.6606 0.7249
vn 0.2014 -0.6568 0.7266
vn 0.2316 -0.6499 0.7238
vn 0.2477 -0.6508 0.7177
vn 0.2594 -0.6229 0.738
vn 0.2946 -0.6216 0.7258
vn 0.2938 -0.6355 0.714
vn 0.3155 -0.5995 0.7356
vn 0.3455 -0.5942 0.7263
vn 0.3501 -0.6088 0.7119
vn 0.3763 -0.5797 0.7227
vn 0.3937 -0.5627 0.7269
vn 0.3977 -0.5576 0.7287
vn 0.425 -0.5435 0.7238
vn 0.4391 -0.5272 0.7275
vn 0.4467 -0.5178 0.7296
vn 0.4714 -0.5046 0.7233
vn 0.4826 -0.4973 0.721
vn 0.5012 -0.478 0.7213
vn 0.5145 -0.4518 0.7288
vn 0.5165 -0.4547 0.7256
vn 0.5396 -0.4308 0.7234
vn 0.55 -0.4066 0.7296
vn 0.5529 -0.4025 0.7296
vn 0.575 -0.3816 0.7237
vn 0.5814 -0.3586 0.7303
vn 0.5892 -0.351 0.7278
vn 0.6074 -0.3305 0.7224
vn 0.6209 -0.3155 0.7176
vn 0.6254 -0.2946 0.7226
vn 0.633 -0.2564 0.7304
vn 0.6313 -0.2668 0.7282
vn 0.6477 -0.2382 0.7237
vn 0.6531 -0.2028 0.7296
vn 0.652 -0.207 0.7294
vn 0.6665 -0.1807 0.7233
vn 0.6685 -0.1476 0.7289
vn 0.6729 -0.1475 0.7249
vn 0.6821 -0.1221 0.721
vn 0.6861 -0.0961 0.7211
vn 0.6855 -0.0819 0.7235
vn 0.6847 -0.0424 0.7276
vn 0.6816 -0.0532 0.7298
vn 0.6897 -0.0215 0.7238
vn 0.6865 0.0151 0.7269
vn 0.6852 0.0097 0.7282
vn 0.6902 0.039 0.7226
vn 0.6834 0.0726 0.7264
vn 0.6979 0.076 0.7122
vn 0.6693 0.1016 0.736
vn 0.6755 0.1297 0.7259
vn 0.6862 0.1373 0.7143
vn 0.6553 0.1611 0.738
vn 0.6716 0.1836 0.7178
vn 0.6614 0.1974 0.7236
vn 0.6481 0.2331 0.725
vn 0.6493 0.2266 0.726
vn 0.6437 0.2554 0.7214
vn 0.6267 0.2867 0.7246
vn 0.6374 0.2915 0.7133
vn 0.6012 0.308 0.7373
vn 0.6007 0.3384 0.7243
vn 0.608 0.3464 0.7143
vn 0.5711 0.361 0.7372
vn 0.5797 0.3885 0.7162
vn 0.5657 0.3965 0.723
vn 0.5413 0.4277 0.7239
vn 0.5546 0.4307 0.712
vn 0.5158 0.4395 0.7354
vn 0.5037 0.4716 0.7238
vn 0.5125 0.4769 0.7141
vn 0.4721 0.4824 0.7378
vn 0.4624 0.5122 0.7238
vn 0.4683 0.5206 0.7139
vn 0.4284 0.5248 0.7355
vn 0.4262 0.5531 0.7159
vn 0.4122 0.5555 0.7221
vn 0.3773 0.5776 0.7239
vn 0.3898 0.5823 0.7135
vn 0.3488 0.5788 0.7371
vn 0.3275 0.607 0.7241
vn 0.3361 0.6138 0.7143
vn 0.2951 0.6076 0.7374
vn 0.2753 0.6321 0.7243
vn 0.2808 0.6421 0.7133
vn 0.2437 0.6483 0.7213
vn 0.2212 0.6527 0.7246
vn 0.2143 0.6537 0.7258
vn 0.1851 0.665 0.7235
vn 0.1724 0.6752 0.7172
vn 0.147 0.6586 0.738
vn 0.1172 0.6783 0.7253
vn 0.1257 0.6884 0.7143
vn 0.0875 0.6712 0.7361
vn 0.0599 0.6853 0.7258
vn 0.0644 0.699 0.7122
vn 0.0263 0.6909 0.7225
vn 0.0022 0.6873 0.7263
vn -0.0037 0.6854 0.7281
vn -0.0344 0.6892 0.7238
vn -0.0554 0.6845 0.7269
vn -0.0667 0.6803 0.7299
vn -0.0947 0.6838 0.7235
vn -0.1083 0.6852 0.7203
vn -0.1301 0.6666 0.734
vn -0.1606 0.6663 0.7281
vn -0.1593 0.6851 0.7108
vn -0.193 0.6631 0.7232
vn -0.2157 0.6498 0.7288
vn -0.2199 0.6478 0.7294
vn -0.2502 0.6431 0.7238
vn -0.2691 0.6287 0.7296
vn -0.279 0.6258 0.7284
vn -0.3061 0.6197 0.7227
vn -0.3191 0.612 0.7236
vn -0.3416 0.6013 0.7223
vn -0.3697 0.582 0.7242
vn -0.3625 0.5824 0.7276
vn -0.3923 0.5678 0.7237
vn -0.4167 0.5412 0.7304
vn -0.4134 0.5448 0.7296
vn -0.4407 0.5315 0.7234
vn -0.4611 0.505 0.7297
vn -0.4643 0.5075 0.7258
vn -0.487 0.4923 0.7214
vn -0.5051 0.473 0.7219
vn -0.5133 0.4619 0.7233
vn -0.5348 0.4285 0.7282
vn -0.5266 0.4364 0.7295
vn -0.5514 0.4148 0.7238
vn -0.5694 0.3826 0.7276
vn -0.5652 0.3866 0.7287
vn -0.5865 0.3655 0.7228
vn -0.6 0.3339 0.727
vn -0.6146 0.3401 0.7118
vn -0.6061 0.3029 0.7355
vn -0.6265 0.2827 0.7264
vn -0.6401 0.283 0.7143
vn -0.6284 0.2459 0.738
vn -0.6543 0.2364 0.7183
vn -0.6543 0.2195 0.7236
vn -0.6637 0.1826 0.7254
vn -0.6604 0.1887 0.7268
vn -0.6729 0.1619 0.7218
vn -0.6771 0.1264 0.725
vn -0.6892 0.1289 0.713
vn -0.6692 0.0948 0.737
vn -0.6857 0.0692 0.7246
vn -0.6966 0.067 0.7143
vn -0.6745 0.0341 0.7375
vn -0.6974 0.0161 0.7165
vn -0.6906 0.0017 0.7232
vn -0.6887 -0.0379 0.7241
vn -0.7019 -0.0326 0.7115
vn -0.6755 -0.0619 0.7347
vn -0.6832 -0.0955 0.7239
vn -0.6939 -0.0947 0.7138
vn -0.6639 -0.1222 0.7378
vn -0.6729 -0.1524 0.7238
vn -0.6824 -0.1558 0.7141
vn -0.652 -0.1819 0.7361
vn -0.6578 -0.2083 0.7238
vn -0.6675 -0.2162 0.7125
vn -0.6458 -0.2462 0.7227
vn -0.6475 -0.2611 0.7159
vn -0.619 -0.2722 0.7367
vn -0.6175 -0.3077 0.7239
vn -0.6283 -0.3082 0.7143
vn -0.5911 -0.3264 0.7376
vn -0.5893 -0.3583 0.7241
vn -0.5991 -0.3631 0.7136
vn -0.573 -0.3899 0.7209
vn -0.557 -0.4064 0.7243
vn -0.5527 -0.4113 0.7248
vn -0.5345 -0.4371 0.7234
vn -0.5301 -0.453 0.7168
vn -0.4998 -0.4536 0.7378
vn -0.4868 -0.4874 0.7249
vn -0.4992 -0.4903 0.7144
vn -0.4579 -0.4978 0.7366
vn -0.4439 -0.5261 0.7253
vn -0.4549 -0.534 0.7127
vn -0.4197 -0.5499 0.7222
vn -0.3979 -0.5611 0.7258
vn -0.3924 -0.5628 0.7275
vn -0.3689 -0.5832 0.7237
vn -0.3572 -0.5964 0.7189
vn -0.33 -0.5885 0.7381
vn -0.3056 -0.615 0.7269
vn -0.3195 -0.6228 0.7142
vn -0.2774 -0.6191 0.7347
vn -0.2527 -0.6379 0.7275
vn -0.2642 -0.6513 0.7113
vn -0.2242 -0.6534 0.723
vn -0.1981 -0.6562 0.7282
vn -0.1937 -0.6564 0.7291
vn -0.1658 -0.6698 0.7238
vn -0.1422 -0.6697 0.7289
vn -0.1325 -0.6717 0.7289
vn -0.1067 -0.6827 0.7229
vn -0.0916 -0.6851 0.7227
vn -0.0671 -0.6887 0.7219
vn -0.0366 -0.6821 0.7303
vn -0.0395 -0.6856 0.7269
vn -0.0064 -0.6902 0.7236
vn 0.5839 -0.5544 0.5931
vn 0.6233 -0.5082 0.5943
vn 0.6532 -0.6283 0.4226
vn 0.7007 -0.5748 0.4226
vn 0.6997 -0.6769 0.2285
vn 0.7545 -0.6153 0.2285
vn 0.7378 -0.6721 0.0634
vn 0.7705 -0.6354 0.0498
vn 0.7986 -0.5976 0.0711
vn 0.798 -0.5536 0.238
vn 0.7439 -0.5176 0.4226
vn 0.7825 -0.4573 0.4226
vn 0.6908 -0.3988 0.6031
vn 0.7247 -0.3484 0.5945
vn 0.6556 -0.4544 0.6031
vn 0.5526 -0.6044 0.5739
vn 0.5966 -0.6778 0.4297
vn 0.5468 -0.7364 0.3983
vn 0.5869 -0.7767 0.2285
vn 0.5192 -0.8236 0.2285
vn 0.5585 -0.8269 0.0654
vn 0.5166 -0.8547 0.0513
vn 0.5989 -0.7995 0.0463
vn 0.6352 -0.7694 0.0667
vn 0.6445 -0.7263 0.2388
vn 0.6762 -0.7338 0.0655
vn 0.7073 -0.7047 0.0553
vn 0.4965 -0.7936 0.3517
vn 0.4494 -0.8184 0.3581
vn 0.4472 -0.861 0.2421
vn 0.3805 -0.9054 0.188
vn 0.3149 -0.9355 0.1604
vn 0.3395 -0.9381 0.068
vn 0.2838 -0.9569 0.0617
vn 0.3837 -0.9222 0.0476
vn 0.428 -0.9013 0.0669
vn 0.4765 -0.8762 0.072
vn 0.2377 -0.9397 0.2459
vn 0.2388 -0.9695 0.0545
vn 0.191 -0.9806 0.0438
vn 0.1415 -0.9895 0.0312
vn 0.0915 -0.9956 0.0184
vn 0.0448 -0.999 0.0096
vn 0.8302 -0.5536 0.0657
vn 0.8404 -0.4915 0.2285
vn 0.8161 -0.3941 0.4226
vn 0.7434 -0.2891 0.6031
vn 0.8565 -0.5139 0.047
vn 0.8794 -0.4712 0.068
vn 0.8743 -0.4226 0.2388
vn 0.9037 -0.4225 0.0696
vn 0.9061 -0.356 0.2285
vn 0.9234 -0.3807 0.0488
vn 0.9403 -0.3339 0.0663
vn 0.933 -0.2781 0.2285
vn 0.9566 -0.2871 0.0507
vn 0.9677 -0.2419 0.0709
vn 0.9495 -0.2041 0.2384
vn 0.9797 -0.189 0.0662
vn 0.9647 -0.1308 0.2285
vn 0.9888 -0.1419 0.0454
vn 0.9934 -0.0941 0.0652
vn 0.9696 -0.0539 0.2386
vn 0.9969 -0.0398 0.0675
vn 0.9733 0.0196 0.2285
vn 0.906 0.0221 0.4226
vn 0.9015 0.0935 0.4226
vn 0.7927 0.0889 0.6031
vn 0.7902 0.1486 0.5945
vn 0.7973 0.0233 0.6031
vn 0.7965 -0.0425 0.6031
vn 0.7974 -0.1052 0.5943
vn 0.7808 -0.1631 0.6031
vn 0.7647 -0.2269 0.6031
vn 0.8447 -0.3284 0.4226
vn 0.868 -0.2607 0.4226
vn 0.8859 -0.1914 0.4226
vn 0.8982 -0.1208 0.4226
vn 0.9049 -0.0495 0.4226
vn 0.9983 0.0019 0.0577
vn 0.9969 0.0472 0.0631
vn 0.9682 0.1018 0.2285
vn 0.9943 0.0955 0.0468
vn 0.9874 0.1429 0.0688
vn 0.9549 0.1767 0.2386
vn 0.9783 0.1964 0.0667
vn 0.9409 0.2499 0.2285
vn 0.8755 0.2343 0.4226
vn 0.8543 0.3027 0.4226
vn 0.7502 0.2711 0.6031
vn 0.7338 0.3293 0.5943
vn 0.77 0.2084 0.6031
vn 0.8913 0.1644 0.4226
vn 0.9691 0.2423 0.0468
vn 0.9549 0.2894 0.0668
vn 0.9158 0.3232 0.2383
vn 0.9373 0.341 0.0718
vn 0.8911 0.3921 0.2285
vn 0.922 0.3838 0.0514
vn 0.9006 0.4295 0.0664
vn 0.8547 0.4661 0.2285
vn 0.8795 0.4734 0.0483
vn 0.8551 0.5139 0.0688
vn 0.8135 0.5304 0.2388
vn 0.8259 0.5598 0.0674
vn 0.7726 0.5923 0.2285
vn 0.7995 0.5989 0.0459
vn 0.7686 0.6365 0.0643
vn 0.7212 0.6506 0.2379
vn 0.7323 0.6773 0.0699
vn 0.672 0.7045 0.2285
vn 0.6218 0.6593 0.4226
vn 0.5678 0.7064 0.4226
vn 0.4961 0.6246 0.6031
vn 0.4515 0.6655 0.5944
vn 0.5459 0.5816 0.6031
vn 0.5945 0.5416 0.5944
vn 0.6279 0.4919 0.6031
vn 0.7178 0.5532 0.4226
vn 0.7593 0.4948 0.4226
vn 0.8277 0.3692 0.4226
vn 0.7002 0.3821 0.6031
vn 0.796 0.4334 0.4226
vn 0.6664 0.4385 0.6031
vn 0.6719 0.6082 0.4226
vn 0.7043 0.7072 0.0617
vn 0.6709 0.7388 0.0634
vn 0.61 0.7587 0.2285
vn 0.6357 0.7706 0.045
vn 0.5966 0.7997 0.0669
vn 0.5469 0.8024 0.2388
vn 0.5521 0.831 0.0683
vn 0.4856 0.8438 0.2285
vn 0.4495 0.787 0.4226
vn 0.386 0.82 0.4226
vn 0.3369 0.723 0.6031
vn 0.2762 0.7483 0.6031
vn 0.3954 0.6928 0.6031
vn 0.5103 0.749 0.4226
vn 0.5139 0.8565 0.0478
vn 0.4699 0.8802 0.0662
vn 0.4126 0.8818 0.2285
vn 0.4261 0.9032 0.0515
vn 0.3829 0.921 0.072
vn 0.3419 0.909 0.2382
vn 0.3324 0.9408 0.067
vn 0.2716 0.9349 0.2285
vn 0.2521 0.8705 0.4226
vn 0.1826 0.8877 0.4226
vn 0.1592 0.7816 0.6031
vn 0.0943 0.7921 0.6031
vn 0.2215 0.7731 0.5943
vn 0.3201 0.8479 0.4226
vn 0.2873 0.9567 0.0472
vn 0.2405 0.9683 0.0673
vn 0.1963 0.9511 0.2387
vn 0.1873 0.9799 0.0692
vn 0.1241 0.9656 0.2285
vn 0.1418 0.9888 0.0475
vn 0.0926 0.9936 0.064
vn 0.042 0.9726 0.2285
vn 0.043 0.998 0.0462
vn 0.0012 0.9967 0.0812
vn -0.0273 0.9748 0.2215
vn -0.0488 0.9968 0.0639
vn -0.0977 0.9686 0.2284
vn -0.0954 0.9944 0.0446
vn -0.1443 0.9873 0.066
vn -0.1783 0.9516 0.2504
vn -0.198 0.9777 0.0703
vn -0.2565 0.9391 0.2285
vn -0.2429 0.8731 0.4226
vn -0.3111 0.8512 0.4226
vn -0.2749 0.7488 0.6031
vn -0.3356 0.7236 0.6031
vn -0.2176 0.7743 0.5943
vn -0.1615 0.7705 0.6166
vn -0.1024 0.791 0.6031
vn -0.0323 0.8046 0.593
vn 0.0346 0.8034 0.5945
vn 0.1119 0.8994 0.4226
vn 0.0406 0.9054 0.4226
vn -0.0307 0.9206 0.3894
vn -0.1035 0.9004 0.4225
vn -0.172 0.8736 0.4552
vn -0.2424 0.9689 0.0501
vn -0.2909 0.9545 0.0661
vn -0.335 0.9141 0.2285
vn -0.3373 0.9401 0.0489
vn -0.3812 0.9218 0.0698
vn -0.4046 0.8828 0.2387
vn -0.4309 0.8998 0.0681
vn -0.472 0.8515 0.2285
vn -0.4412 0.7917 0.4226
vn -0.5023 0.7544 0.4226
vn -0.448 0.6677 0.5945
vn -0.495 0.6255 0.6031
vn -0.3941 0.6935 0.6031
vn -0.3773 0.824 0.4226
vn -0.4734 0.8796 0.0473
vn -0.5153 0.8544 0.0662
vn -0.5371 0.8092 0.238
vn -0.561 0.8247 0.0716
vn -0.5977 0.7684 0.2285
vn -0.5989 0.7992 0.0505
vn -0.6378 0.7676 0.0642
vn -0.6606 0.7152 0.2285
vn -0.6753 0.7362 0.0442
vn -0.7047 0.7051 0.0789
vn -0.713 0.6593 0.2388
vn -0.7399 0.6695 0.0658
vn -0.763 0.6047 0.2285
vn -0.7707 0.6356 0.0454
vn -0.8007 0.5955 0.0649
vn -0.8114 0.538 0.2285
vn -0.8298 0.5557 0.051
vn -0.8539 0.5154 0.0719
vn -0.8487 0.4723 0.2381
vn -0.881 0.4684 0.0666
vn -0.8847 0.4064 0.2285
vn -0.9033 0.4263 0.0475
vn -0.9218 0.3816 0.0681
vn -0.9117 0.3344 0.2387
vn -0.9411 0.3307 0.0698
vn -0.9368 0.265 0.2285
vn -0.873 0.2435 0.4226
vn -0.8895 0.1738 0.4226
vn -0.7896 0.1526 0.5944
vn -0.7925 0.0904 0.6032
vn -0.7696 0.2098 0.6031
vn -0.851 0.3117 0.4226
vn -0.5603 0.7123 0.4226
vn -0.5448 0.5826 0.6031
vn -0.6148 0.6659 0.4226
vn -0.5918 0.5446 0.5943
vn -0.6655 0.6153 0.4226
vn -0.712 0.5608 0.4226
vn -0.6271 0.493 0.6031
vn -0.6656 0.4396 0.6031
vn -0.754 0.5028 0.4226
vn -0.6995 0.3833 0.6031
vn -0.7914 0.4417 0.4226
vn -0.8238 0.3779 0.4226
vn -0.732 0.3329 0.5944
vn -0.7497 0.2725 0.6031
vn -0.9566 0.2871 0.0488
vn -0.9688 0.239 0.0658
vn -0.9558 0.1849 0.2285
vn -0.9804 0.1908 0.0494
vn -0.987 0.1448 0.0696
vn -0.965 0.1096 0.2383
vn -0.9937 0.0909 0.065
vn -0.9729 0.0352 0.2285
vn -0.9057 0.0317 0.4226
vn -0.9053 -0.0399 0.4228
vn -0.7966 -0.041 0.6032
vn -0.7978 -0.1011 0.5943
vn -0.7973 0.0248 0.6031
vn -0.9005 0.1031 0.4225
vn -0.9981 0.043 0.0435
vn -0.997 -0.0006 0.0771
vn -0.9702 -0.0419 0.2385
vn -0.9964 -0.0506 0.0677
vn -0.9667 -0.1153 0.2285
vn -0.9943 -0.0956 0.0474
vn -0.9872 -0.1459 0.0647
vn -0.9535 -0.1966 0.2285
vn -0.9799 -0.1938 0.0481
vn -0.9682 -0.2401 0.0696
vn -0.9328 -0.27 0.2387
vn -0.9539 -0.2925 0.0677
vn -0.9117 -0.3414 0.2285
vn -0.9402 -0.3373 0.0474
vn -0.9214 -0.3827 0.067
vn -0.8796 -0.4119 0.2382
vn -0.8988 -0.4324 0.0721
vn -0.8481 -0.478 0.2285
vn -0.7873 -0.449 0.4226
vn -0.7494 -0.5097 0.4226
vn -0.6564 -0.4532 0.6031
vn -0.6259 -0.5051 0.5943
vn -0.6915 -0.3976 0.6031
vn -0.7219 -0.3392 0.6031
vn -0.752 -0.2848 0.5945
vn -0.7651 -0.2255 0.6031
vn -0.7811 -0.1617 0.6031
vn -0.8994 -0.1113 0.4226
vn -0.8878 -0.182 0.4226
vn -0.8707 -0.2515 0.4226
vn -0.8481 -0.3195 0.4226
vn -0.8203 -0.3854 0.4226
vn -0.8793 -0.4734 0.0515
vn -0.8536 -0.5167 0.0659
vn -0.8047 -0.5479 0.2285
vn -0.8282 -0.5584 0.0471
vn -0.8 -0.5962 0.0676
vn -0.7572 -0.6079 0.2388
vn -0.7664 -0.639 0.0663
vn -0.7105 -0.6655 0.2285
vn -0.6598 -0.6213 0.4226
vn -0.6087 -0.6715 0.4226
vn -0.5328 -0.5937 0.6031
vn -0.482 -0.6355 0.6031
vn -0.5799 -0.5477 0.6031
vn -0.7068 -0.5673 0.4226
vn -0.7362 -0.6754 0.0441
vn -0.704 -0.7061 0.0762
vn -0.6517 -0.7232 0.2285
vn -0.673 -0.738 0.049
vn -0.6366 -0.768 0.0706
vn -0.5923 -0.7698 0.2379
vn -0.5942 -0.8017 0.0651
vn -0.5323 -0.8151 0.2285
vn -0.4954 -0.7589 0.4226
vn -0.4339 -0.7957 0.4226
vn -0.3798 -0.7015 0.6031
vn -0.3207 -0.7303 0.6031
vn -0.4371 -0.6749 0.5946
vn -0.5537 -0.7175 0.4226
vn -0.5559 -0.8299 0.0465
vn -0.5143 -0.8549 0.0678
vn -0.4652 -0.8524 0.2388
vn -0.4669 -0.8816 0.0693
vn -0.4002 -0.8875 0.2285
vn -0.4262 -0.9033 0.0486
vn -0.3802 -0.9225 0.0664
vn -0.3238 -0.9181 0.2285
vn -0.3343 -0.9411 0.0511
vn -0.2896 -0.9545 0.0714
vn -0.2507 -0.9383 0.2383
vn -0.2374 -0.9691 0.0666
vn -0.1782 -0.9571 0.2285
vn -0.1908 -0.9805 0.0462
vn -0.1433 -0.9875 0.066
vn -0.1016 -0.9658 0.2386
vn -0.0892 -0.9937 0.0682
vn -0.0284 -0.9731 0.2285
vn -0.0227 -0.906 0.4226
vn 0.0489 -0.905 0.4226
vn 0.045 -0.7964 0.6031
vn 0.1105 -0.79 0.6031
vn -0.0175 -0.804 0.5944
vn -0.0766 -0.794 0.6031
vn -0.1418 -0.785 0.6031
vn -0.2059 -0.7706 0.6031
vn -0.2673 -0.7585 0.5943
vn -0.3697 -0.8275 0.4226
vn -0.3032 -0.8541 0.4226
vn -0.2349 -0.8753 0.4226
vn -0.165 -0.8911 0.4226
vn -0.0942 -0.9014 0.4226
vn -0.0429 -0.998 0.0459
vn 0.0059 -0.9979 0.0641
vn 0.0539 -0.9721 0.2285
vn 0.0545 -0.9974 0.0481
vn 0.0997 -0.9926 0.0699
vn 0.1294 -0.9625 0.2386
vn 0.1525 -0.986 0.0676
vn 0.2033 -0.9521 0.2285
vn 0.1908 -0.886 0.4226
vn 0.2601 -0.8682 0.4225
vn 0.2293 -0.7639 0.6032
vn 0.2914 -0.7425 0.6031
vn 0.1709 -0.7858 0.5944
vn 0.1202 -0.8983 0.4226
vn 0.1983 -0.979 0.0479
vn 0.2443 -0.9673 0.0679
vn 0.2776 -0.9307 0.2382
vn 0.2956 -0.9525 0.0725
vn 0.3477 -0.9094 0.2285
vn 0.3381 -0.9397 0.0523
vn 0.3837 -0.921 0.0674
vn 0.4233 -0.8767 0.2285
vn 0.4273 -0.9028 0.0496
vn 0.4684 -0.8807 0.0699
vn 0.4896 -0.8386 0.2388
vn 0.5148 -0.8546 0.0683
vn 0.5535 -0.8009 0.2285
vn 0.5535 -0.8315 0.047
vn 0.5927 -0.8027 0.0654
vn 0.6142 -0.7524 0.2379
vn 0.6373 -0.7682 0.0614
vn 0.6705 -0.7059 0.2285
vn 0.6278 -0.6536 0.4226
vn 0.6775 -0.602 0.4226
vn 0.5963 -0.5298 0.6031
vn 0.6379 -0.4789 0.6031
vn 0.5581 -0.5789 0.5945
vn 0.5088 -0.6143 0.6031
vn 0.4565 -0.6541 0.6031
vn 0.4074 -0.6934 0.5943
vn 0.3516 -0.716 0.6031
vn 0.3277 -0.845 0.4226
vn 0.3935 -0.8164 0.4227
vn 0.4567 -0.7828 0.4226
vn 0.5171 -0.7443 0.4226
vn 0.5743 -0.7011 0.4226
vn 0.6749 -0.7362 0.0512
vn 0.7096 -0.7015 0.066
vn 0.7278 -0.6467 0.2285
vn 0.7429 -0.6677 0.0479
vn 0.7722 -0.6317 0.0691
vn 0.7745 -0.5858 0.2388
vn 0.8047 -0.5895 0.0699
vn 0.8188 -0.5266 0.2285
vn 0.7638 -0.4878 0.4226
vn 0.7999 -0.426 0.4226
vn 0.7109 -0.3762 0.5943
vn 0.7319 -0.3171 0.6031
vn 0.6752 -0.4247 0.6031
vn 0.7229 -0.5466 0.4226
vn 0.8317 -0.553 0.0495
vn 0.8566 -0.5115 0.0675
vn 0.8604 -0.4555 0.2285
vn 0.8812 -0.4698 0.0529
vn 0.9006 -0.4286 0.0729
vn 0.8911 -0.3864 0.2382
vn 0.9224 -0.3802 0.0674
vn 0.9204 -0.3173 0.2285
vn 0.857 -0.2948 0.4226
vn 0.8776 -0.2262 0.4226
vn 0.7741 -0.1925 0.6031
vn 0.7925 -0.1357 0.5946
vn 0.7556 -0.2557 0.6031
vn 0.8311 -0.3615 0.4226
vn 0.9401 -0.3375 0.0474
vn 0.9541 -0.292 0.0673
vn 0.9402 -0.2429 0.2387
vn 0.9682 -0.2406 0.0688
vn 0.9583 -0.1715 0.2285
vn 0.9803 -0.1936 0.0398
vn 0.9878 -0.1412 0.065
vn 0.9694 -0.0899 0.2285
vn 0.9944 -0.0931 0.0495
vn 0.9963 -0.0477 0.0709
vn 0.9749 -0.0208 0.2215
vn 0.9977 0.0054 0.0677
vn 0.9723 0.0499 0.2284
vn 0.9975 0.0519 0.0483
vn 0.9927 0.099 0.0685
vn 0.9592 0.1312 0.2505
vn 0.9857 0.152 0.0722
vn 0.9506 0.2099 0.2285
vn 0.8841 0.1995 0.4226
vn 0.8656 0.2687 0.4226
vn 0.7599 0.2425 0.6031
vn 0.7458 0.3007 0.5944
vn 0.7773 0.1791 0.6031
vn 0.7784 0.1179 0.6166
vn 0.8016 0.0645 0.5944
vn 0.8052 -0.0029 0.5929
vn 0.7944 -0.0726 0.6031
vn 0.8927 -0.1562 0.4226
vn 0.9023 -0.0852 0.4226
vn 0.921 -0.0147 0.3893
vn 0.9044 0.059 0.4225
vn 0.881 0.1287 0.4553
vn 0.9793 0.1959 0.0517
vn 0.9675 0.2437 0.0671
vn 0.9295 0.2895 0.2285
vn 0.9559 0.2896 0.0496
vn 0.9402 0.3334 0.0698
vn 0.9017 0.3605 0.2387
vn 0.9212 0.3832 0.0674
vn 0.8737 0.4295 0.2285
vn 0.8125 0.4016 0.4226
vn 0.7782 0.4645 0.4226
vn 0.6825 0.4129 0.6031
vn 0.6549 0.4667 0.5943
vn 0.7142 0.3553 0.6031
vn 0.8416 0.3362 0.4226
vn 0.9041 0.4249 0.0459
vn 0.8801 0.4714 0.0562
vn 0.8347 0.4965 0.2381
vn 0.8507 0.5208 0.0711
vn 0.797 0.5591 0.2285
vn 0.8276 0.559 0.0514
vn 0.7984 0.5984 0.0665
vn 0.7469 0.6245 0.2284
vn 0.7699 0.6364 0.0487
vn 0.7386 0.6706 0.0697
vn 0.6937 0.6795 0.2388
vn 0.7017 0.7091 0.0698
vn 0.6416 0.7322 0.2285
vn 0.6695 0.7411 0.0493
vn 0.6322 0.7718 0.0675
vn 0.5774 0.7839 0.2285
vn 0.5946 0.8023 0.0533
vn 0.5567 0.8275 0.073
vn 0.5136 0.8244 0.238
vn 0.5121 0.8563 0.0668
vn 0.4495 0.8636 0.2285
vn 0.4724 0.8801 0.0469
vn 0.4295 0.9006 0.0668
vn 0.379 0.8941 0.2387
vn 0.378 0.9239 0.0587
vn 0.3109 0.9226 0.2285
vn 0.2863 0.8599 0.4226
vn 0.2175 0.8798 0.4226
vn 0.1887 0.775 0.6031
vn 0.1242 0.788 0.6031
vn 0.2519 0.7568 0.6031
vn 0.3122 0.7411 0.5944
vn 0.3641 0.7097 0.6031
vn 0.4181 0.8041 0.4226
vn 0.4803 0.7686 0.4226
vn 0.7391 0.5245 0.4226
vn 0.6118 0.5118 0.6032
vn 0.6955 0.5812 0.4226
vn 0.5676 0.5605 0.6031
vn 0.6474 0.6342 0.4226
vn 0.5953 0.6834 0.4227
vn 0.5194 0.6053 0.6031
vn 0.4768 0.6477 0.5943
vn 0.5395 0.7283 0.4226
vn 0.4213 0.6773 0.6031
vn 0.3533 0.8346 0.4226
vn 0.3313 0.9423 0.0473
vn 0.2853 0.9562 0.0657
vn 0.2318 0.9456 0.2285
vn 0.2386 0.9698 0.0507
vn 0.194 0.9784 0.0718
vn 0.1569 0.9584 0.2384
vn 0.1416 0.9876 0.0684
vn 0.083 0.97 0.2285
vn 0.0762 0.9031 0.4226
vn 0.0047 0.9062 0.4227
vn 0.0029 0.7976 0.6032
vn -0.0628 0.7952 0.6031
vn 0.0655 0.8016 0.5943
vn 0.1473 0.8943 0.4225
vn 0.0957 0.9942 0.0485
vn 0.0484 0.9965 0.0681
vn 0.0059 0.9711 0.2384
vn -0.005 0.9974 0.0717
vn -0.0675 0.9712 0.2285
vn -0.0494 0.9975 0.051
vn -0.0984 0.9929 0.0667
vn -0.1494 0.962 0.2285
vn -0.1455 0.9881 0.0494
vn -0.1912 0.9791 0.0696
vn -0.2236 0.945 0.2387
vn -0.2431 0.9677 0.0665
vn -0.296 0.9275 0.2285
vn -0.2913 0.9559 0.0383
vn -0.3401 0.9381 0.0656
vn -0.368 0.8988 0.2382
vn -0.3897 0.9182 0.0713
vn -0.4356 0.8707 0.2285
vn -0.4096 0.8085 0.4226
vn -0.4721 0.7736 0.4226
vn -0.4163 0.6804 0.6031
vn -0.4709 0.6438 0.6031
vn -0.3652 0.7166 0.5943
vn -0.308 0.7358 0.6031
vn -0.2463 0.7587 0.6031
vn -0.1876 0.7819 0.5946
vn -0.1281 0.7873 0.6031
vn -0.0668 0.9038 0.4226
vn -0.1379 0.8957 0.4226
vn -0.2082 0.8821 0.4226
vn -0.2772 0.8629 0.4226
vn -0.3445 0.8383 0.4226
vn -0.4309 0.9009 0.0515
vn -0.4741 0.8779 0.0668
vn -0.5076 0.8307 0.2285
vn -0.5159 0.8552 0.0494
vn -0.5544 0.8293 0.0702
vn -0.5698 0.7863 0.2388
vn -0.5979 0.7986 0.0696
vn -0.6297 0.7425 0.2285
vn -0.588 0.6897 0.4226
vn -0.6406 0.6411 0.4226
vn -0.5703 0.5669 0.5944
vn -0.608 0.5164 0.6031
vn -0.5224 0.6028 0.6031
vn -0.5317 0.7339 0.4226
vn -0.6344 0.7715 0.049
vn -0.6702 0.7391 0.0674
vn -0.6902 0.6866 0.2285
vn -0.7059 0.7063 0.0536
vn -0.7364 0.6726 0.073
vn -0.7396 0.6296 0.2379
vn -0.7715 0.6328 0.066
vn -0.7879 0.5719 0.2285
vn -0.7336 0.5322 0.4226
vn -0.7733 0.4727 0.4226
vn -0.6871 0.418 0.5943
vn -0.7115 0.3605 0.6031
vn -0.6484 0.4645 0.6031
vn -0.6892 0.5885 0.4226
vn -0.8009 0.597 0.0462
vn -0.8301 0.5547 0.0576
vn -0.8284 0.5067 0.2388
vn -0.8599 0.5059 0.068
vn -0.8667 0.4435 0.2284
vn -0.8832 0.4666 0.0478
vn -0.9037 0.4231 0.0663
vn -0.9011 0.3686 0.2285
vn -0.924 0.3788 0.0519
vn -0.939 0.3361 0.0726
vn -0.9248 0.2967 0.2383
vn -0.9559 0.2857 0.068
vn -0.9472 0.2252 0.2285
vn -0.9693 0.2412 0.0486
vn -0.9784 0.1948 0.0687
vn -0.9596 0.1491 0.2386
vn -0.9873 0.1421 0.0711
vn -0.9705 0.0764 0.2285
vn -0.9038 0.0674 0.4226
vn -0.9063 -0.0042 0.4226
vn -0.8041 -0.0051 0.5944
vn -0.7949 -0.0667 0.6031
vn -0.7958 0.0549 0.6031
vn -0.8956 0.1385 0.4226
vn -0.8082 0.4102 0.4226
vn -0.7388 0.3007 0.6031
vn -0.838 0.3451 0.4226
vn -0.7611 0.2388 0.6031
vn -0.8627 0.2778 0.4227
vn -0.8819 0.2088 0.4226
vn -0.7831 0.1829 0.5943
vn -0.7886 0.1203 0.6031
vn -0.9939 0.0982 0.0501
vn -0.9966 0.0491 0.0663
vn -0.9735 -0.006 0.2285
vn -0.9988 0.0017 0.0492
vn -0.9966 -0.0448 0.0693
vn -0.9677 -0.0818 0.2386
vn -0.9932 -0.1011 0.0568
vn -0.961 -0.1561 0.2285
vn -0.8943 -0.1468 0.4226
vn -0.88 -0.2169 0.4226
vn -0.7731 -0.1964 0.6031
vn -0.7625 -0.2556 0.5943
vn -0.7867 -0.132 0.6031
vn -0.9031 -0.0757 0.4226
vn -0.9873 -0.1519 0.0458
vn -0.9779 -0.1981 0.0665
vn -0.9432 -0.2314 0.2384
vn -0.9656 -0.2501 0.0715
vn -0.9254 -0.3025 0.2285
vn -0.9546 -0.2934 0.0515
vn -0.9382 -0.3395 0.0671
vn -0.8965 -0.3796 0.2285
vn -0.9219 -0.3843 0.0499
vn -0.9019 -0.4261 0.0706
vn -0.8618 -0.4476 0.2388
vn -0.878 -0.4736 0.0692
vn -0.8272 -0.5134 0.2285
vn -0.8566 -0.5137 0.0486
vn -0.8298 -0.5539 0.0672
vn -0.7818 -0.5764 0.238
vn -0.7987 -0.5974 0.0727
vn -0.738 -0.6349 0.2285
vn -0.6838 -0.5948 0.4226
vn -0.6347 -0.6469 0.4226
vn -0.5549 -0.573 0.6031
vn -0.5147 -0.618 0.5943
vn -0.6002 -0.5254 0.6031
vn -0.6415 -0.4741 0.6031
vn -0.6815 -0.4266 0.5946
vn -0.7061 -0.3711 0.6031
vn -0.7343 -0.3117 0.6031
vn -0.8601 -0.2857 0.4226
vn -0.8348 -0.3527 0.4226
vn -0.8044 -0.4175 0.4226
vn -0.7689 -0.4797 0.4226
vn -0.7286 -0.539 0.4226
vn -0.7729 -0.6323 0.0519
vn -0.7397 -0.6698 0.0652
vn -0.6817 -0.695 0.2285
vn -0.7057 -0.7075 0.0387
vn -0.6677 -0.7414 0.0674
vn -0.6233 -0.7446 0.2388
vn -0.6271 -0.7759 0.0684
vn -0.5664 -0.7919 0.2285
vn -0.525 -0.7388 0.4226
vn -0.465 -0.7779 0.4226
vn -0.4061 -0.6866 0.6031
vn -0.3481 -0.7177 0.6031
vn -0.4613 -0.6508 0.6031
vn -0.5817 -0.695 0.4226
vn -0.5916 -0.8048 0.0482
vn -0.5517 -0.8314 0.0669
vn -0.4974 -0.8369 0.2285
vn -0.5108 -0.8581 0.0529
vn -0.4708 -0.8792 0.0732
vn -0.4299 -0.8709 0.2381
vn -0.4235 -0.9033 0.0679
vn -0.3623 -0.9036 0.2285
vn -0.3368 -0.8414 0.4226
vn -0.2693 -0.8654 0.4226
vn -0.235 -0.7623 0.6031
vn -0.1714 -0.779 0.6031
vn -0.2963 -0.7476 0.5944
vn -0.4021 -0.8122 0.4226
vn -0.3792 -0.9244 0.0413
vn -0.3357 -0.9388 0.0773
vn -0.289 -0.9271 0.2387
vn -0.2879 -0.9556 0.0622
vn -0.2186 -0.9487 0.2285
vn -0.2407 -0.9697 0.0428
vn -0.1895 -0.9805 0.0513
vn -0.1376 -0.9638 0.2285
vn -0.1448 -0.9879 0.0552
vn -0.0991 -0.9929 0.0652
vn -0.0618 -0.9692 0.2385
vn -0.046 -0.998 0.0424
vn -0.0585 -0.9044 0.4226
vn -0.1297 -0.897 0.4226
vn -0.2001 -0.8839 0.4226
vn -0.0509 -0.796 0.6031
vn -0.1134 -0.7962 0.5943
vn 0.2547 0.1871 0.9487
vn 0.6491 0.4579 0.6075
vn 0.3802 0.2962 0.8762
vn 0.6134 0.5068 0.6057
vn 0.7307 0.5768 0.3653
vn 0.6726 0.6283 0.3909
vn 0.7341 0.6676 0.1243
vn 0.6788 0.7237 0.1243
vn 0.6854 0.7175 -0.1243
vn 0.6263 0.7696 -0.1243
vn 0.5946 0.7163 -0.3653
vn 0.5359 0.7612 -0.3653
vn 0.4757 0.6488 -0.5939
vn 0.4157 0.6755 -0.609
vn 0.393 0.5653 -0.7253
vn 0.3548 0.581 -0.7325
vn 0.4295 0.5395 -0.7242
vn 0.5243 0.6113 -0.5928
vn 0.6496 0.6668 -0.3653
vn 0.7402 0.6608 -0.1243
vn 0.7848 0.6072 0.1243
vn 0.7741 0.517 0.3653
vn 0.6876 0.4002 0.6058
vn 0.2572 0.2162 0.9419
vn 0.426 0.3894 0.8166
vn 0.6613 0.6124 0.4331
vn 0.4543 0.4556 0.7655
vn 0.6173 0.6859 0.3853
vn 0.6192 0.7753 0.1243
vn 0.5632 0.8169 -0.1243
vn 0.4738 0.8013 -0.3653
vn 0.3655 0.7171 -0.5934
vn 0.3319 0.611 -0.7186
vn 0.2922 0.6248 -0.724
vn 0.2743 0.3099 0.9103
vn 0.3293 0.4071 0.852
vn 0.5787 0.7374 0.3484
vn 0.4539 0.6311 0.629
vn 0.5492 0.8152 0.184
vn 0.5252 0.7954 0.3025
vn 0.3366 0.5526 0.7624
vn 0.2409 0.3646 0.8995
vn 0.4775 0.8646 0.1562
vn 0.299 0.5487 0.7807
vn 0.275 0.5541 0.7857
vn 0.414 0.8994 0.1404
vn 0.2543 0.5747 0.7779
vn 0.2863 0.718 0.6345
vn 0.3495 0.9351 -0.0585
vn 0.3465 0.9365 -0.0543
vn 0.2792 0.7929 0.5416
vn 0.2072 0.6671 0.7155
vn 0.2659 0.9595 -0.0935
vn 0.1351 0.5282 0.8383
vn 0.1807 0.809 0.5593
vn 0.1994 0.9761 -0.0859
vn 0.1152 0.6979 0.7068
vn 0.1415 0.9812 -0.131
vn 0.2007 0.9238 -0.3261
vn 0.1288 0.9271 -0.352
vn 0.1826 0.7956 -0.5777
vn 0.1146 0.7969 -0.5932
vn 0.1389 0.6756 -0.7241
vn 0.0944 0.6799 -0.7272
vn 0.1822 0.6639 -0.7253
vn 0.2454 0.7543 -0.609
vn 0.2712 0.8905 -0.3653
vn 0.341 0.8662 -0.3653
vn 0.4269 0.8957 -0.1243
vn 0.4966 0.859 -0.1243
vn 0.4087 0.8364 -0.3653
vn 0.3097 0.7427 -0.5937
vn 0.2504 0.6404 -0.7261
vn 0.0931 0.7369 0.6696
vn 0.0799 0.8669 0.492
vn 0.05 0.9355 -0.3497
vn 0.0566 0.7749 -0.6295
vn 0.0586 0.6866 -0.7247
vn 0.0263 0.614 0.7888
vn 0.0039 0.918 0.3966
vn -0.032 0.9433 -0.3304
vn -0.0248 0.6187 0.7853
vn -0.0713 0.9168 0.393
vn -0.0954 0.9423 -0.3208
vn -0.0747 0.6024 0.7947
vn -0.1464 0.9799 0.1352
vn -0.0743 0.8056 -0.5878
vn -0.1499 0.8102 -0.5667
vn -0.0987 0.6863 -0.7206
vn -0.1383 0.6756 -0.7242
vn -0.0622 0.6768 -0.7336
vn -0.0221 0.6889 -0.7245
vn -0.0031 0.8045 -0.594
vn 0.0227 0.6887 -0.7246
vn -0.1334 0.6331 0.7625
vn -0.2045 0.834 0.5124
vn -0.2034 0.7823 -0.5887
vn -0.2593 0.8299 0.4941
vn -0.2437 0.7403 -0.6266
vn -0.3468 0.9379 -0
vn -0.2608 0.6611 -0.7035
vn -0.3712 0.844 0.3871
vn -0.2936 0.6226 -0.7253
vn -0.4045 0.8315 0.3807
vn -0.4277 0.8211 0.3781
vn -0.3262 0.598 -0.7321
vn -0.4572 0.7994 0.3897
vn -0.479 0.794 0.3743
vn -0.1816 0.6643 -0.7251
vn -0.2179 0.6447 -0.7327
vn 0.2161 0.6549 -0.7242
vn 0.4638 0.516 -0.7202
vn 0.5627 0.5591 -0.6089
vn 0.7005 0.6132 -0.3653
vn 0.7903 0.6 -0.1243
vn 0.8305 0.543 0.1243
vn 0.8127 0.4539 0.3653
vn 0.7282 0.3471 0.591
vn 0.4794 0.4822 -0.7332
vn 0.5142 0.4589 -0.7246
vn 0.615 0.5186 -0.594
vn 0.5429 0.4245 -0.7246
vn 0.6461 0.4602 -0.6089
vn 0.5644 0.3948 -0.7249
vn 0.5819 0.3637 -0.7274
vn 0.6909 0.4135 -0.593
vn 0.6072 0.3269 -0.7242
vn 0.7199 0.3593 -0.5939
vn 0.8254 0.4304 -0.3653
vn 0.857 0.3636 -0.3653
vn 0.9096 0.3964 -0.1243
vn 0.9382 0.323 -0.1243
vn 0.9352 0.3316 0.1243
vn 0.9586 0.2563 0.1243
vn 0.8969 0.2492 0.3653
vn 0.9139 0.1772 0.3653
vn 0.7877 0.1699 0.5922
vn 0.789 0.1026 0.6058
vn 0.7715 0.2302 0.5931
vn 0.8743 0.3196 0.3653
vn 0.9059 0.4047 0.1243
vn 0.8753 0.4673 -0.1243
vn 0.7887 0.4946 -0.3653
vn 0.7469 0.5556 -0.3653
vn 0.8354 0.5353 -0.1243
vn 0.871 0.4754 0.1243
vn 0.8462 0.388 0.3653
vn 0.7516 0.2893 0.5928
vn 0.6262 0.2862 -0.7252
vn 0.736 0.2956 -0.609
vn 0.8831 0.2944 -0.3653
vn 0.9609 0.2475 -0.1243
vn 0.9759 0.1794 0.1243
vn 0.9251 0.1041 0.3653
vn 0.8061 0.0381 0.5905
vn 0.6411 0.2537 -0.7243
vn 0.6516 0.2188 -0.7263
vn 0.7684 0.2391 -0.5936
vn 0.6667 0.1767 -0.7241
vn 0.7845 0.1798 -0.5935
vn 0.6747 0.1324 -0.7261
vn 0.7849 0.1145 -0.609
vn 0.6824 0.0985 -0.7243
vn 0.6856 0.0613 -0.7254
vn 0.8029 0.0514 -0.5939
vn 0.6894 0.0167 -0.7242
vn 0.8052 -0.0099 -0.593
vn 0.9309 0.0037 -0.3653
vn 0.9283 -0.0702 -0.3653
vn 0.9901 -0.0652 -0.1243
vn 0.9818 -0.1436 -0.1243
vn 0.9831 -0.1346 0.1243
vn 0.9693 -0.2122 0.1243
vn 0.9113 -0.1902 0.3653
vn 0.8933 -0.2619 0.3653
vn 0.7795 -0.2098 0.5902
vn 0.7489 -0.2688 0.6057
vn 0.7918 -0.1483 0.5925
vn 0.9235 -0.1172 0.3653
vn 0.9907 -0.0561 0.1243
vn 0.9921 0.0136 -0.1243
vn 0.9277 0.0776 -0.3653
vn 0.9037 0.2234 -0.3653
vn 0.9775 0.1704 -0.1243
vn 0.9871 0.1014 0.1243
vn 0.9304 0.0304 0.3653
vn 0.8051 -0.0243 0.5926
vn 0.9186 0.1509 -0.3653
vn 0.9879 0.0923 -0.1243
vn 0.992 0.0227 0.1243
vn 0.9299 -0.0436 0.3653
vn 0.8004 -0.0864 0.5932
vn 0.6938 -0.0252 -0.7197
vn 0.7899 -0.073 -0.6089
vn 0.9198 -0.1437 -0.3653
vn 0.9673 -0.221 -0.1243
vn 0.9494 -0.2884 0.1243
vn 0.8697 -0.332 0.3653
vn 0.7331 -0.3342 0.5924
vn 0.6779 -0.0584 -0.7328
vn 0.6817 -0.1 -0.7247
vn 0.7924 -0.139 -0.594
vn 0.674 -0.1441 -0.7246
vn 0.7675 -0.2004 -0.6089
vn 0.6646 -0.1803 -0.7251
vn 0.6522 -0.2129 -0.7276
vn 0.7606 -0.2647 -0.5929
vn 0.6402 -0.256 -0.7243
vn 0.7374 -0.3216 -0.5939
vn 0.8598 -0.3568 -0.3653
vn 0.8288 -0.4239 -0.3653
vn 0.8878 -0.4432 -0.1243
vn 0.8498 -0.5123 -0.1243
vn 0.8545 -0.5044 0.1243
vn 0.8117 -0.5707 0.1243
vn 0.7667 -0.5279 0.3653
vn 0.7224 -0.5871 0.3653
vn 0.6372 -0.495 0.5907
vn 0.5863 -0.5379 0.6058
vn 0.6725 -0.4432 0.5927
vn 0.8062 -0.4654 0.3653
vn 0.8918 -0.435 0.1243
vn 0.9201 -0.3713 -0.1243
vn 0.8854 -0.2874 -0.3653
vn 0.9054 -0.2162 -0.3653
vn 0.9467 -0.2971 -0.1243
vn 0.9235 -0.3629 0.1243
vn 0.8406 -0.4 0.3653
vn 0.7045 -0.3896 0.5932
vn 0.6214 -0.2967 -0.7252
vn 0.699 -0.375 -0.609
vn 0.7925 -0.4883 -0.3653
vn 0.8064 -0.5781 -0.1243
vn 0.7639 -0.6333 0.1243
vn 0.6735 -0.6426 0.3653
vn 0.5466 -0.5921 0.5921
vn 0.6055 -0.3295 -0.7245
vn 0.5857 -0.3594 -0.7265
vn 0.6765 -0.4361 -0.5935
vn 0.5633 -0.398 -0.7241
vn 0.6412 -0.4863 -0.5936
vn 0.5346 -0.4326 -0.726
vn 0.5913 -0.5286 -0.609
vn 0.5129 -0.4608 -0.7243
vn 0.4868 -0.4865 -0.7255
vn 0.5546 -0.5829 -0.5938
vn 0.4551 -0.5181 -0.7242
vn 0.5089 -0.6239 -0.5931
vn 0.6002 -0.7115 -0.3653
vn 0.5419 -0.7569 -0.3653
vn 0.5854 -0.8011 -0.1243
vn 0.52 -0.8451 -0.1243
vn 0.5277 -0.8403 0.1243
vn 0.4594 -0.8795 0.1243
vn 0.439 -0.8209 0.3653
vn 0.3724 -0.8532 0.3653
vn 0.3321 -0.723 0.6058
vn 0.2748 -0.7578 0.5918
vn 0.3958 -0.7028 0.5912
vn 0.4484 -0.6689 0.5928
vn 0.4987 -0.6321 0.5931
vn 0.6204 -0.694 0.3653
vn 0.7112 -0.6919 0.1243
vn 0.654 -0.7462 0.1243
vn 0.7048 -0.6984 -0.1243
vn 0.6472 -0.7522 -0.1243
vn 0.6548 -0.6617 -0.3653
vn 0.7513 -0.5497 -0.3653
vn 0.758 -0.6403 -0.1243
vn 0.7053 -0.6076 -0.3653
vn 0.4185 -0.5444 -0.727
vn 0.4507 -0.6527 -0.6089
vn 0.4801 -0.7976 -0.3653
vn 0.4513 -0.8837 -0.1243
vn 0.3881 -0.9132 0.1243
vn 0.3036 -0.88 0.3653
vn 0.2151 -0.7759 0.593
vn 0.3921 -0.5666 -0.7247
vn 0.3607 -0.587 -0.7248
vn 0.4018 -0.697 -0.594
vn 0.3219 -0.6095 -0.7245
vn 0.3387 -0.7173 -0.6089
vn 0.2874 -0.6256 -0.7253
vn 0.255 -0.6367 -0.7277
vn 0.2851 -0.7533 -0.5927
vn 0.2144 -0.6552 -0.7244
vn 0.2264 -0.772 -0.594
vn 0.2782 -0.8884 -0.3653
vn 0.2068 -0.9076 -0.3653
vn 0.2299 -0.9653 -0.1243
vn 0.1525 -0.9805 -0.1243
vn 0.1615 -0.979 0.1243
vn 0.0833 -0.9887 0.1243
vn 0.0872 -0.9268 0.3653
vn 0.0134 -0.9308 0.3653
vn 0.0303 -0.8081 0.5883
vn 0.0928 -0.8009 0.5915
vn 0.4153 -0.8332 -0.3653
vn 0.3797 -0.9167 -0.1243
vn 0.3144 -0.9411 0.1243
vn 0.2327 -0.9013 0.3653
vn 0.1544 -0.7903 0.593
vn 0.3478 -0.8635 -0.3653
vn 0.3057 -0.944 -0.1243
vn 0.2387 -0.9631 0.1243
vn 0.1605 -0.917 0.3653
vn 0.1711 -0.6671 -0.7251
vn 0.1607 -0.7767 -0.609
vn 0.1341 -0.9212 -0.3653
vn 0.0742 -0.9895 -0.1243
vn 0.0046 -0.9922 0.1243
vn 0.135 -0.6759 -0.7245
vn 0.1001 -0.6797 -0.7266
vn 0.0996 -0.7988 -0.5933
vn 0.0561 -0.6874 -0.7241
vn 0.0384 -0.8038 -0.5937
vn 0.0111 -0.6878 -0.7258
vn -0.0267 -0.7945 -0.6067
vn -0.0303 -0.6793 -0.7333
vn -0.0133 -0.9308 -0.3653
vn 0.0606 -0.9289 -0.3653
vn -0.0045 -0.9922 -0.1243
vn 0.5028 -0.7835 0.3653
vn 0.5927 -0.7957 0.1243
vn 0.5634 -0.7411 0.3653
vn -0.3471 0.5814 -0.7359
vn -0.3009 0.6122 -0.7312
vn -0.2488 0.6295 -0.7361
vn -0.1989 0.6526 -0.7311
vn -0.1489 0.6658 -0.7311
vn -0.0946 0.6704 -0.7359
vn -0.5932 0.7912 -0.1489
vn -0.393 0.5575 -0.7312
vn -0.5213 0.7812 0.3435
vn -0.4307 0.5227 -0.7357
vn -0.414 0.5127 0.7522
vn -0.6567 0.7392 -0.149
vn -0.4715 0.4863 -0.7357
vn -0.4559 0.4757 0.7522
vn -0.7157 0.6824 -0.1491
vn -0.5092 0.4468 -0.7356
vn -0.4945 0.4354 0.7523
vn -0.7309 0.5897 0.3437
vn -0.5436 0.4045 -0.7354
vn -0.7549 0.5594 0.3423
vn -0.7769 0.5275 0.3438
vn -0.5745 0.3596 -0.7353
vn -0.7992 0.494 0.3424
vn -0.8175 0.4619 0.344
vn -0.6017 0.3124 -0.7351
vn -0.8376 0.4254 0.3427
vn -0.8525 0.3932 0.3443
vn -0.6251 0.2632 -0.7348
vn -0.6104 0.2484 0.7521
vn -0.9291 0.3396 -0.1463
vn -0.6445 0.2124 -0.7345
vn -0.6291 0.197 0.752
vn -0.9539 0.2628 -0.1449
vn -0.663 0.1653 -0.7301
vn -0.9168 0.1998 0.3459
vn -0.6698 0.1146 -0.7336
vn -0.9238 0.168 0.344
vn -0.9298 0.1245 0.3463
vn -0.6777 0.0607 -0.7328
vn -0.9347 0.0914 0.3436
vn -0.9366 0.0484 0.347
vn -0.6817 0.0062 -0.7316
vn -0.6589 0.01 0.7521
vn -0.99 -0.0293 -0.1381
vn -0.6825 -0.0486 -0.7293
vn -0.6575 -0.0438 0.7522
vn -0.9851 -0.1096 -0.1323
vn -0.6818 -0.1041 -0.7241
vn -0.6517 -0.0972 0.7522
vn -0.9747 -0.1899 -0.1177
vn -0.698 -0.1671 -0.6964
vn -0.6416 -0.1498 0.7523
vn -0.8689 -0.2433 0.431
vn -0.9474 -0.2917 0.132
vn -0.0404 0.6812 -0.7309
vn 0.0114 0.6823 -0.731
vn 0.065 0.6741 -0.7358
vn 0.1206 0.6719 -0.7308
vn 0.1711 0.6607 -0.7309
vn 0.221 0.6403 -0.7357
vn 0.2748 0.625 -0.7306
vn 0.322 0.596 -0.7356
vn 0.3714 0.5729 -0.7306
vn 0.4139 0.5433 -0.7305
vn 0.4526 0.5042 -0.7354
vn 0.4956 0.47 -0.7304
vn 0.5298 0.4311 -0.7303
vn 0.5582 0.3844 -0.7353
vn 0.5922 0.3407 -0.7302
vn 0.6163 0.2949 -0.7302
vn 0.6328 0.2431 -0.7352
vn 0.6557 0.1924 -0.73
vn 0.6684 0.1422 -0.7301
vn 0.6723 0.0882 -0.735
vn 0.6828 0.0333 -0.7299
vn 0.6778 -0.0219 -0.7349
vn 0.6793 -0.0765 -0.7299
vn 0.6717 -0.1278 -0.7297
vn 0.654 -0.18 -0.7348
vn 0.6426 -0.2338 -0.7297
vn 0.6232 -0.2818 -0.7295
vn 0.5938 -0.3282 -0.7346
vn 0.5701 -0.3781 -0.7294
vn 0.5398 -0.4202 -0.7294
vn 0.5006 -0.4582 -0.7345
vn 0.4657 -0.5014 -0.7292
vn 0.4263 -0.5352 -0.7293
vn 0.3796 -0.5628 -0.7343
vn 0.3352 -0.5968 -0.729
vn 0.2834 -0.6172 -0.734
vn 0.2353 -0.643 -0.7289
vn 0.186 -0.6591 -0.7287
vn 0.1311 -0.6664 -0.734
vn 0.078 -0.6803 -0.7288
vn 0.0262 -0.6844 -0.7287
vn -0.0178 -0.6764 -0.7363
vn -0.846 -0.3285 0.4201
vn -0.7639 -0.2748 -0.5838
vn -0.7521 -0.3272 -0.5721
vn -0.8214 -0.3695 0.4345
vn -0.8641 -0.434 0.2549
vn -0.8212 -0.375 -0.4302
vn -0.7997 -0.4492 -0.3984
vn -0.8529 -0.4688 -0.2296
vn -0.8112 -0.5378 -0.2296
vn -0.8475 -0.5263 -0.0686
vn -0.8228 -0.5664 -0.0465
vn -0.8718 -0.4876 -0.0481
vn -0.8916 -0.4472 -0.0711
vn -0.8848 -0.4002 -0.2385
vn -0.9134 -0.4003 -0.0734
vn -0.9142 -0.334 -0.2296
vn -0.931 -0.3615 -0.0516
vn -0.9462 -0.3161 -0.0692
vn -0.9387 -0.2572 -0.2296
vn -0.9607 -0.2738 -0.0459
vn -0.971 -0.2292 -0.0679
vn -0.9568 -0.1786 -0.2296
vn -0.9819 -0.1834 -0.0477
vn -0.9877 -0.1402 -0.0696
vn -0.9655 -0.1039 -0.2386
vn -0.9923 -0.0919 -0.0831
vn -0.9728 -0.0313 -0.2296
vn -0.9059 -0.0254 -0.4226
vn -0.9051 0.0464 -0.4226
vn -0.796 0.0397 -0.604
vn -0.7903 0.1026 -0.6041
vn -0.7967 -0.0234 -0.604
vn -0.9011 -0.097 -0.4226
vn -0.7394 -0.4373 0.5119
vn -0.7767 -0.522 -0.3523
vn -0.7604 -0.6026 -0.2422
vn -0.7964 -0.6009 -0.0691
vn -0.7641 -0.641 -0.0726
vn -0.7172 -0.4718 0.5128
vn -0.6704 -0.4912 0.5561
vn -0.7439 -0.564 -0.3584
vn -0.641 -0.5246 0.5603
vn -0.5954 -0.5305 0.6033
vn -0.7199 -0.6676 -0.1897
vn -0.6453 -0.6528 0.3967
vn -0.6688 -0.7261 -0.1594
vn -0.3979 -0.447 0.8012
vn -0.5577 -0.6815 0.4738
vn -0.6401 -0.7655 -0.0662
vn -0.5947 -0.7643 -0.2492
vn -0.5672 -0.78 0.2643
vn -0.6049 -0.7949 -0.0464
vn -0.736 -0.6751 -0.0503
vn -0.7053 -0.7043 -0.0809
vn -0.6775 -0.7342 -0.0439
vn -0.5676 -0.8224 -0.0391
vn -0.4025 -0.6201 0.6734
vn -0.528 -0.8488 -0.027
vn -0.3675 -0.6334 0.681
vn -0.4871 -0.8732 -0.0147
vn -0.3902 -0.7572 0.5238
vn -0.4488 -0.8935 -0.0149
vn -0.3325 -0.7409 0.5835
vn -0.8529 -0.3065 -0.4226
vn -0.7689 -0.2104 -0.6038
vn -0.8745 -0.238 -0.4226
vn -0.7831 -0.1488 -0.6038
vn -0.8906 -0.168 -0.4226
vn -0.7924 -0.0864 -0.6039
vn -0.9974 -0.055 -0.0461
vn -0.9977 -0.0068 -0.0671
vn -0.972 0.0493 -0.2296
vn -0.9983 0.0377 -0.0454
vn -0.9941 0.0837 -0.069
vn -0.9646 0.1296 -0.2296
vn -0.9901 0.1303 -0.0522
vn -0.9821 0.1735 -0.0739
vn -0.9497 0.2029 -0.2384
vn -0.972 0.2241 -0.0707
vn -0.9338 0.2745 -0.2296
vn -0.9626 0.2667 -0.0479
vn -0.9479 0.3112 -0.0688
vn -0.9079 0.3508 -0.2296
vn -0.9337 0.3548 -0.0474
vn -0.9157 0.3958 -0.0699
vn -0.8758 0.4196 -0.2385
vn -0.8937 0.4426 -0.0727
vn -0.8441 0.4845 -0.2296
vn -0.8752 0.4812 -0.0503
vn -0.8504 0.5218 -0.0671
vn -0.8011 0.5527 -0.2296
vn -0.8292 0.5562 -0.0547
vn -0.8046 0.5901 -0.0664
vn -0.7526 0.6172 -0.2296
vn -0.7776 0.627 -0.0471
vn -0.7475 0.6605 -0.0706
vn -0.701 0.6721 -0.2387
vn -0.7122 0.6983 -0.0716
vn -0.6502 0.7242 -0.2296
vn -0.6024 0.6771 -0.4226
vn -0.5469 0.7227 -0.4226
vn -0.4816 0.6342 -0.6048
vn -0.4299 0.6703 -0.6049
vn -0.5303 0.5942 -0.6047
vn -0.6541 0.6273 -0.4226
vn -0.8986 0.1179 -0.4226
vn -0.7796 0.1648 -0.6042
vn -0.8864 0.1887 -0.4226
vn -0.8687 0.2583 -0.4226
vn -0.7641 0.226 -0.6042
vn -0.7438 0.2857 -0.6043
vn -0.8455 0.3263 -0.4226
vn -0.7188 0.3437 -0.6044
vn -0.8171 0.3922 -0.4226
vn -0.7834 0.4556 -0.4226
vn -0.6893 0.3994 -0.6045
vn -0.6554 0.4527 -0.6045
vn -0.7449 0.5162 -0.4226
vn -0.6175 0.5031 -0.6046
vn -0.7017 0.5736 -0.4226
vn -0.5757 0.5504 -0.6047
vn -0.6827 0.729 -0.0496
vn -0.6462 0.76 -0.0691
vn -0.588 0.7756 -0.2296
vn -0.6123 0.7892 -0.0469
vn -0.5747 0.8154 -0.0696
vn -0.5218 0.8216 -0.2296
vn -0.5362 0.8425 -0.0516
vn -0.4982 0.864 -0.073
vn -0.456 0.8574 -0.2385
vn -0.453 0.8887 -0.0703
vn -0.3911 0.8912 -0.2296
vn -0.4141 0.909 -0.0467
vn -0.3708 0.9263 -0.067
vn -0.316 0.9206 -0.2296
vn -0.3281 0.9436 -0.0442
vn -0.2889 0.9539 -0.0812
vn -0.2427 0.9404 -0.2383
vn -0.2432 0.9673 -0.0718
vn -0.1726 0.9578 -0.2296
vn -0.2031 0.9778 -0.0513
vn -0.1547 0.9856 -0.0688
vn -0.0928 0.9689 -0.2296
vn -0.1117 0.9927 -0.0463
vn -0.0648 0.9955 -0.0686
vn -0.0123 0.9732 -0.2296
vn -0.019 0.9986 -0.0487
vn 0.0257 0.9971 -0.0715
vn 0.0631 0.9691 -0.2386
vn 0.0774 0.9943 -0.0729
vn 0.1356 0.9638 -0.2296
vn 0.1307 0.8968 -0.4226
vn 0.2012 0.8837 -0.4226
vn 0.1752 0.7762 -0.6056
vn 0.2361 0.7599 -0.6057
vn 0.1133 0.7877 -0.6055
vn 0.0592 0.9044 -0.4226
vn -0.488 0.7637 -0.4226
vn -0.3754 0.7022 -0.605
vn -0.426 0.8 -0.4226
vn -0.3613 0.8312 -0.4226
vn -0.3187 0.7297 -0.605
vn -0.2599 0.7525 -0.6051
vn -0.2944 0.8572 -0.4226
vn -0.1995 0.7707 -0.6052
vn -0.2256 0.8778 -0.4226
vn -0.1554 0.8929 -0.4226
vn -0.1379 0.784 -0.6053
vn -0.0754 0.7924 -0.6053
vn -0.0842 0.9024 -0.4226
vn -0.0124 0.7958 -0.6054
vn -0.0125 0.9062 -0.4226
vn 0.0506 0.7943 -0.6055
vn 0.12 0.9915 -0.0507
vn 0.167 0.9835 -0.069
vn 0.2149 0.9493 -0.2296
vn 0.2114 0.9763 -0.0459
vn 0.2555 0.9644 -0.0681
vn 0.2927 0.9282 -0.2296
vn 0.3011 0.9524 -0.0485
vn 0.3418 0.9372 -0.0701
vn 0.3626 0.9009 -0.2386
vn 0.3865 0.9186 -0.0826
vn 0.4302 0.873 -0.2296
vn 0.4217 0.9056 -0.0455
vn 0.4642 0.8832 -0.0671
vn 0.501 0.8344 -0.2296
vn 0.5038 0.8626 -0.0456
vn 0.5423 0.8373 -0.0693
vn 0.5683 0.7901 -0.2296
vn 0.5817 0.8117 -0.0532
vn 0.6158 0.7844 -0.0744
vn 0.6259 0.7426 -0.2383
vn 0.6557 0.7518 -0.0704
vn 0.6816 0.6947 -0.2296
vn 0.6365 0.6452 -0.4226
vn 0.6856 0.5928 -0.4226
vn 0.6006 0.5214 -0.6062
vn 0.6399 0.4722 -0.6063
vn 0.5575 0.5673 -0.6061
vn 0.5834 0.6935 -0.4226
vn 0.2706 0.865 -0.4226
vn 0.2955 0.7387 -0.6058
vn 0.3382 0.8408 -0.4226
vn 0.4037 0.8114 -0.4226
vn 0.353 0.713 -0.6058
vn 0.4083 0.6828 -0.6059
vn 0.4667 0.7769 -0.4226
vn 0.461 0.6483 -0.606
vn 0.5267 0.7375 -0.4226
vn 0.5108 0.6097 -0.6061
vn 0.6889 0.7233 -0.0475
vn 0.7211 0.6894 -0.0688
vn 0.7368 0.6359 -0.2296
vn 0.7531 0.6562 -0.0478
vn 0.7806 0.6211 -0.0703
vn 0.7823 0.5754 -0.2385
vn 0.8116 0.5798 -0.0721
vn 0.8248 0.5167 -0.2296
vn 0.7705 0.4771 -0.4226
vn 0.8059 0.4146 -0.4226
vn 0.7063 0.3652 -0.6064
vn 0.7329 0.3082 -0.6065
vn 0.6752 0.42 -0.6064
vn 0.7304 0.5366 -0.4226
vn 0.8369 0.5451 -0.0493
vn 0.861 0.5042 -0.0668
vn 0.8647 0.4467 -0.2296
vn 0.8814 0.4691 -0.0546
vn 0.8996 0.4315 -0.0665
vn 0.8987 0.3736 -0.2296
vn 0.9195 0.3902 -0.0477
vn 0.9348 0.348 -0.0711
vn 0.9228 0.3023 -0.2386
vn 0.9515 0.2992 -0.0711
vn 0.945 0.2329 -0.2296
vn 0.9648 0.2585 -0.049
vn 0.9749 0.2118 -0.069
vn 0.961 0.1539 -0.2296
vn 0.9847 0.168 -0.047
vn 0.99 0.1226 -0.0698
vn 0.9705 0.0738 -0.2296
vn 0.9957 0.0757 -0.0525
vn 0.9968 0.0323 -0.0736
vn 0.9712 -0.001 -0.2384
vn 0.9974 -0.0192 -0.0699
vn 0.9704 -0.0743 -0.2296
vn 0.9034 -0.072 -0.4226
vn 0.8949 -0.1433 -0.4226
vn 0.785 -0.1239 -0.607
vn 0.7726 -0.1856 -0.6071
vn 0.7924 -0.0614 -0.607
vn 0.9063 -0.0003 -0.4226
vn 0.8362 0.3495 -0.4226
vn 0.755 0.2492 -0.6066
vn 0.8612 0.2822 -0.4226
vn 0.8809 0.2132 -0.4226
vn 0.7722 0.1886 -0.6067
vn 0.7847 0.1269 -0.6067
vn 0.895 0.1428 -0.4226
vn 0.7922 0.0644 -0.6068
vn 0.9035 0.0715 -0.4226
vn 0.7948 0.0015 -0.6069
vn 0.9969 -0.0633 -0.0463
vn 0.9917 -0.1094 -0.067
vn 0.961 -0.1544 -0.2296
vn 0.9868 -0.1554 -0.0445
vn 0.9775 -0.1947 -0.0816
vn 0.9439 -0.2283 -0.2384
vn 0.9678 -0.2413 -0.0712
vn 0.9264 -0.2985 -0.2296
vn 0.8611 -0.2828 -0.4226
vn 0.836 -0.3501 -0.4226
vn 0.7336 -0.3052 -0.6073
vn 0.7071 -0.3622 -0.6073
vn 0.7555 -0.2462 -0.6072
vn 0.8807 -0.2137 -0.4226
vn 0.9582 -0.2818 -0.0503
vn 0.9422 -0.328 -0.0685
vn 0.8985 -0.3741 -0.2296
vn 0.9281 -0.3694 -0.0461
vn 0.9086 -0.412 -0.0687
vn 0.8645 -0.4472 -0.2296
vn 0.8897 -0.454 -0.0493
vn 0.8673 -0.4926 -0.0719
vn 0.8254 -0.5116 -0.2386
vn 0.8406 -0.5368 -0.0724
vn 0.7866 -0.5732 -0.2296
vn 0.8179 -0.5732 -0.05
vn 0.7888 -0.6108 -0.0688
vn 0.7364 -0.6363 -0.2296
vn 0.7614 -0.6467 -0.0459
vn 0.7302 -0.6798 -0.0683
vn 0.6812 -0.6951 -0.2296
vn 0.6979 -0.7145 -0.0493
vn 0.6655 -0.743 -0.0707
vn 0.6243 -0.7438 -0.2385
vn 0.6281 -0.7738 -0.0821
vn 0.5679 -0.7904 -0.2296
vn 0.5262 -0.7379 -0.4226
vn 0.4662 -0.7772 -0.4226
vn 0.4101 -0.6799 -0.6079
vn 0.3538 -0.7211 -0.5957
vn 0.4627 -0.6454 -0.6078
vn 0.583 -0.6939 -0.4226
vn 0.8056 -0.4151 -0.4226
vn 0.6761 -0.417 -0.6074
vn 0.7702 -0.4776 -0.4226
vn 0.73 -0.5371 -0.4226
vn 0.6409 -0.4692 -0.6075
vn 0.6018 -0.5184 -0.6076
vn 0.6852 -0.5932 -0.4226
vn 0.5588 -0.5644 -0.6076
vn 0.6361 -0.6456 -0.4226
vn 0.5124 -0.6068 -0.6077
vn 0.5999 -0.7988 -0.045
vn 0.5603 -0.8256 -0.067
vn 0.5005 -0.8347 -0.2296
vn 0.5232 -0.851 -0.0459
vn 0.483 -0.8728 -0.0696
vn 0.441 -0.8698 -0.2214
vn 0.4369 -0.8964 -0.0744
vn 0.3778 -0.8969 -0.2297
vn 0.4103 -0.8246 -0.3894
vn 0.3363 -0.8416 -0.4226
vn 0.2868 -0.7401 -0.6082
vn 0.3994 -0.9152 -0.0536
vn 0.3541 -0.9326 -0.0701
vn 0.3023 -0.9252 -0.2294
vn 0.3131 -0.9485 -0.0472
vn 0.2682 -0.9609 -0.0689
vn 0.2247 -0.947 -0.2294
vn 0.2237 -0.9735 -0.0483
vn 0.18 -0.9811 -0.0706
vn 0.1521 -0.9592 -0.2384
vn 0.1289 -0.9891 -0.0716
vn 0.0785 -0.9701 -0.2295
vn 0.0862 -0.9951 -0.0485
vn 0.039 -0.997 -0.0666
vn -0.0082 -0.9707 -0.2401
vn -0.0077 -0.999 -0.0448
vn 0.2686 -0.8657 -0.4225
vn 0.2272 -0.7603 -0.6085
vn 0.1993 -0.8842 -0.4225
vn 0.1287 -0.8972 -0.4225
vn 0.1664 -0.7759 -0.6085
vn 0.1046 -0.7866 -0.6085
vn 0.0574 -0.9046 -0.4225
vn 0.042 -0.7924 -0.6085
vn -0.0148 -0.8902 -0.4553
vn -0.0196 -0.777 -0.6292
vn -0.3614 -0.93 -0.0674
vn -0.4144 -0.8792 -0.235
vn -0.3463 -0.9076 -0.2374
vn -0.3906 -0.8178 -0.4226
vn -0.3249 -0.8461 -0.4226
vn -0.3485 -0.7252 -0.5938
vn -0.2919 -0.7474 -0.5968
vn -0.2856 -0.6231 -0.7282
vn -0.2517 -0.6515 -0.7157
vn -0.2307 -0.7605 -0.607
vn -0.2155 -0.6422 -0.7356
vn -0.1785 -0.662 -0.728
vn -0.1688 -0.7867 -0.5938
vn -0.1356 -0.6724 -0.7277
vn -0.1045 -0.7878 -0.607
vn -0.0955 -0.6704 -0.7358
vn -0.059 -0.6864 -0.7249
vn -0.0407 -0.8018 -0.5962
vn -0.015 -0.685 -0.7284
vn 0.0203 -0.8043 -0.5939
vn 0.0257 -0.9059 -0.4226
vn 0.0971 -0.9011 -0.4226
vn 0.1056 -0.9655 -0.238
vn 0.1842 -0.9563 -0.2271
vn 0.1572 -0.9855 -0.0638
vn 0.2083 -0.9768 -0.0502
vn 0.1014 -0.9925 -0.0687
vn 0.0317 -0.9734 -0.2271
vn -0.0459 -0.9051 -0.4226
vn -0.4837 -0.8303 -0.2769
vn -0.5344 -0.8028 -0.2643
vn -0.5176 -0.7463 -0.4185
vn -0.5713 -0.6914 -0.4421
vn -0.611 -0.6273 -0.4829
vn -0.6477 -0.5863 -0.4866
vn -0.6036 -0.5305 -0.5951
vn -0.6321 -0.4654 -0.6195
vn -0.6438 -0.4065 -0.6482
vn -0.6044 -0.324 -0.7279
vn -0.5778 -0.3512 -0.7367
vn -0.5649 -0.3903 -0.727
vn -0.5377 -0.425 -0.7282
vn -0.5112 -0.4605 -0.7257
vn -0.5516 -0.572 -0.6071
vn -0.4848 -0.483 -0.7292
vn -0.4601 -0.5085 -0.7278
vn -0.5087 -0.6233 -0.5939
vn -0.4263 -0.5366 -0.7282
vn -0.4592 -0.6586 -0.5961
vn -0.454 -0.7844 -0.4226
vn -0.6081 -0.2799 -0.7429
vn -0.6049 -0.2393 -0.7595
vn -0.3928 -0.5659 -0.7249
vn -0.4024 -0.6852 -0.6071
vn -0.3557 -0.5762 -0.7359
vn -0.3252 -0.6039 -0.7277
vn -0.1877 -0.8866 -0.4226
vn -0.1172 -0.8987 -0.4226
vn -0.1216 -0.9662 -0.2271
vn -0.0475 -0.9702 -0.2378
vn -0.0517 -0.997 -0.057
vn 0.0027 -0.9981 -0.0613
vn -0.1086 -0.993 -0.0464
vn -0.1579 -0.9848 -0.0724
vn -0.1994 -0.9507 -0.2376
vn -0.2113 -0.9751 -0.0669
vn -0.2719 -0.9352 -0.2271
vn -0.2626 -0.9638 -0.0469
vn -0.3102 -0.9479 -0.0723
vn 0.0549 -0.9973 -0.0483
vn 0.0263 -0.6938 -0.7197
vn 0.0828 -0.7903 -0.6071
vn 0.1679 -0.8906 -0.4226
vn 0.256 -0.9369 -0.2382
vn 0.2539 -0.9647 -0.0699
vn 0.3079 -0.9492 -0.0651
vn 0.0592 -0.6737 -0.7366
vn 0.0994 -0.681 -0.7255
vn 0.1485 -0.7895 -0.5955
vn 0.1421 -0.6705 -0.7281
vn 0.2082 -0.777 -0.5941
vn 0.1852 -0.6611 -0.7271
vn 0.2656 -0.7489 -0.6071
vn 0.219 -0.6396 -0.7369
vn 0.2592 -0.646 -0.718
vn 0.3296 -0.733 -0.595
vn 0.2914 -0.6198 -0.7286
vn 0.3845 -0.7063 -0.5944
vn 0.4363 -0.7943 -0.4227
vn 0.4978 -0.7574 -0.4226
vn 0.5342 -0.811 -0.2384
vn 0.5998 -0.7673 -0.2269
vn 0.5838 -0.8094 -0.064
vn 0.6246 -0.7795 -0.0478
vn 0.5372 -0.8407 -0.0687
vn 0.4718 -0.852 -0.2272
vn 0.3723 -0.8263 -0.4226
vn 0.2376 -0.8746 -0.4226
vn 0.3321 -0.9155 -0.2271
vn 0.3566 -0.9329 -0.0508
vn 0.3059 -0.8531 -0.4226
vn 0.4001 -0.885 -0.2383
vn 0.4004 -0.9137 -0.0698
vn 0.4513 -0.89 -0.0652
vn 0.4965 -0.8666 -0.05
vn 0.3318 -0.6016 -0.7266
vn 0.4336 -0.6658 -0.6071
vn 0.556 -0.7158 -0.4225
vn 0.655 -0.717 -0.2385
vn 0.6611 -0.7473 -0.0662
vn 0.7056 -0.7065 -0.0539
vn 0.3587 -0.5731 -0.7368
vn 0.3974 -0.5603 -0.7267
vn 0.4925 -0.6355 -0.5946
vn 0.4314 -0.5324 -0.7283
vn 0.539 -0.5964 -0.5948
vn 0.4661 -0.505 -0.7265
vn 0.5774 -0.5459 -0.6071
vn 0.4886 -0.4785 -0.7296
vn 0.5145 -0.4543 -0.7272
vn 0.6279 -0.5026 -0.5942
vn 0.5417 -0.4197 -0.7283
vn 0.6635 -0.4532 -0.5953
vn 0.7508 -0.5077 -0.4226
vn 0.7885 -0.4468 -0.4226
vn 0.8452 -0.4782 -0.2387
vn 0.8835 -0.4097 -0.2271
vn 0.8892 -0.4528 -0.0659
vn 0.9119 -0.4074 -0.0495
vn 0.8622 -0.502 -0.0679
vn 0.8082 -0.5434 -0.2271
vn 0.7084 -0.5653 -0.4226
vn 0.6106 -0.6697 -0.4226
vn 0.7128 -0.6636 -0.2271
vn 0.7442 -0.6664 -0.0466
vn 0.6616 -0.6195 -0.4226
vn 0.7595 -0.6051 -0.2386
vn 0.7741 -0.6295 -0.0666
vn 0.8084 -0.5851 -0.0645
vn 0.8381 -0.5434 -0.0487
vn 0.5699 -0.3855 -0.7257
vn 0.6891 -0.3956 -0.6071
vn 0.8213 -0.3832 -0.4226
vn 0.9098 -0.3394 -0.2388
vn 0.9296 -0.3623 -0.0679
vn 0.9486 -0.3095 -0.0661
vn 0.5802 -0.3478 -0.7365
vn 0.6081 -0.318 -0.7274
vn 0.7284 -0.3415 -0.594
vn 0.6262 -0.2779 -0.7285
vn 0.7508 -0.285 -0.5959
vn 0.6532 -0.2438 -0.7168
vn 0.7626 -0.2232 -0.6071
vn 0.6442 -0.207 -0.7363
vn 0.6644 -0.1705 -0.7276
vn 0.7883 -0.1613 -0.5938
vn 0.6737 -0.1274 -0.7279
vn 0.7962 -0.101 -0.5966
vn 0.8997 -0.109 -0.4226
vn 0.8895 -0.0389 -0.4553
vn 0.9674 -0.0342 -0.2508
vn 0.9058 0.0328 -0.4225
vn 0.9727 0.0488 -0.2271
vn 0.9147 0.1076 -0.3894
vn 0.9677 0.1201 -0.2218
vn 0.9551 0.1902 -0.2271
vn 0.9852 0.1585 -0.0654
vn 0.9769 0.2084 -0.0483
vn 0.9926 0.1031 -0.0647
vn 0.849 -0.3172 -0.4226
vn 0.9369 -0.2659 -0.2271
vn 0.9639 -0.2616 -0.0489
vn 0.8714 -0.2492 -0.4226
vn 0.9519 -0.1922 -0.2388
vn 0.9746 -0.2138 -0.0668
vn 0.9852 -0.1588 -0.0651
vn 0.8883 -0.1797 -0.4226
vn 0.967 -0.1154 -0.2271
vn 0.9929 -0.1095 -0.0469
vn 0.6843 -0.0842 -0.7243
vn 0.7825 -0.0438 -0.6211
vn 0.8044 0.0167 -0.5939
vn 0.7979 0.087 -0.5965
vn 0.8891 0.1758 -0.4226
vn 0.9348 0.2629 -0.2389
vn 0.9645 0.2555 -0.0666
vn 0.9486 0.3092 -0.0671
vn 0.6758 -0.0464 -0.7357
vn 0.6937 -0.0098 -0.7202
vn 0.6847 0.03 -0.7282
vn 0.6737 0.0681 -0.7359
vn 0.6807 0.1079 -0.7246
vn 0.7875 0.1559 -0.5963
vn 0.6689 0.1503 -0.728
vn 0.7751 0.2156 -0.5938
vn 0.8724 0.2455 -0.4226
vn 0.8503 0.3136 -0.4226
vn 0.9134 0.3379 -0.2271
vn 0.8818 0.4067 -0.2388
vn 0.9133 0.4019 -0.0665
vn 0.8892 0.4525 -0.0674
vn 0.9329 0.3568 -0.0493
vn 0.6583 0.1931 -0.7276
vn 0.7463 0.2729 -0.6071
vn 0.8229 0.3797 -0.4226
vn 0.8489 0.4772 -0.2271
vn 0.8666 0.4966 -0.0489
vn 0.637 0.2275 -0.7366
vn 0.6438 0.267 -0.7171
vn 0.7294 0.3363 -0.5957
vn 0.6164 0.299 -0.7284
vn 0.7029 0.3912 -0.594
vn 0.597 0.3387 -0.7273
vn 0.6616 0.4401 -0.6071
vn 0.5686 0.3662 -0.7366
vn 0.5561 0.4048 -0.7259
vn 0.6306 0.4982 -0.5951
vn 0.5271 0.4378 -0.7283
vn 0.5915 0.545 -0.5943
vn 0.6642 0.6166 -0.4226
vn 0.6134 0.6671 -0.4226
vn 0.659 0.717 -0.2271
vn 0.5994 0.7641 -0.2387
vn 0.6284 0.7752 -0.0638
vn 0.5839 0.809 -0.0673
vn 0.6663 0.7442 -0.0463
vn 0.7056 0.7064 -0.0561
vn 0.712 0.6603 -0.2387
vn 0.7464 0.6624 -0.0633
vn 0.7635 0.6046 -0.2271
vn 0.7795 0.6246 -0.0471
vn 0.8084 0.5848 -0.0666
vn 0.8069 0.5402 -0.2388
vn 0.84 0.5386 -0.0654
vn 0.7904 0.4435 -0.4226
vn 0.7529 0.5045 -0.4226
vn 0.7108 0.5623 -0.4226
vn 0.4988 0.4717 -0.7271
vn 0.5402 0.5827 -0.6071
vn 0.5589 0.7135 -0.4226
vn 0.5382 0.8116 -0.2271
vn 0.5434 0.8381 -0.0489
vn 0.4724 0.4944 -0.7296
vn 0.4484 0.5206 -0.7266
vn 0.4964 0.6324 -0.5947
vn 0.4131 0.5468 -0.7283
vn 0.4471 0.6682 -0.5947
vn 0.3782 0.574 -0.7263
vn 0.3887 0.693 -0.6071
vn 0.3401 0.5843 -0.7368
vn 0.3107 0.6123 -0.727
vn 0.3345 0.7314 -0.5943
vn 0.276 0.6359 -0.7207
vn 0.2779 0.754 -0.5952
vn 0.3095 0.8518 -0.4226
vn 0.2413 0.8736 -0.4226
vn 0.2599 0.9386 -0.2271
vn 0.185 0.9534 -0.2383
vn 0.2124 0.9751 -0.0646
vn 0.1574 0.9852 -0.0684
vn 0.2616 0.9639 -0.0499
vn 0.3082 0.9488 -0.0692
vn 0.3326 0.9124 -0.2384
vn 0.3609 0.9303 -0.0655
vn 0.4041 0.8861 -0.2271
vn 0.4074 0.9119 -0.0501
vn 0.4515 0.8896 -0.0688
vn 0.4718 0.8488 -0.2386
vn 0.5007 0.8632 -0.0652
vn 0.5008 0.7553 -0.4226
vn 0.4397 0.7925 -0.4226
vn 0.3758 0.8247 -0.4226
vn 0.2369 0.6454 -0.7262
vn 0.2157 0.7648 -0.6071
vn 0.1717 0.8899 -0.4226
vn 0.1092 0.9677 -0.2271
vn 0.1095 0.9928 -0.0484
vn 0.1985 0.6464 -0.7367
vn 0.1625 0.6669 -0.7272
vn 0.1538 0.7896 -0.594
vn 0.1192 0.675 -0.7281
vn 0.0935 0.7977 -0.5958
vn 0.0758 0.6843 -0.7253
vn 0.0306 0.794 -0.6071
vn 0.0376 0.6754 -0.7365
vn 0.0018 0.6941 -0.7199
vn -0.0356 0.8038 -0.5939
vn -0.0383 0.6842 -0.7283
vn -0.096 0.7969 -0.5964
vn -0.1134 0.8992 -0.4226
vn -0.184 0.8874 -0.4226
vn -0.1964 0.9539 -0.2271
vn -0.2701 0.933 -0.2378
vn -0.257 0.9642 -0.0646
vn -0.3104 0.9479 -0.071
vn -0.2083 0.9768 -0.0506
vn -0.1599 0.9847 -0.0693
vn -0.1201 0.9638 -0.238
vn -0.1046 0.9925 -0.0631
vn -0.0441 0.9729 -0.2271
vn -0.055 0.9973 -0.0478
vn -0.0011 0.9983 -0.0578
vn 0.0329 0.9707 -0.2382
vn 0.0587 0.9963 -0.0625
vn 0.1009 0.9007 -0.4226
vn 0.0295 0.9058 -0.4226
vn -0.0421 0.9053 -0.4226
vn -0.0828 0.6842 -0.7246
vn -0.1561 0.7792 -0.6071
vn -0.2534 0.8701 -0.4226
vn -0.3438 0.9112 -0.2271
vn -0.3567 0.9328 -0.052
vn -0.1171 0.6672 -0.7356
vn -0.1584 0.6672 -0.7278
vn -0.223 0.7731 -0.5938
vn -0.2009 0.6555 -0.7279
vn -0.2803 0.7436 -0.607
vn -0.236 0.6346 -0.736
vn -0.2749 0.6417 -0.716
vn -0.343 0.7256 -0.5965
vn -0.3066 0.613 -0.7282
vn -0.398 0.6992 -0.5938
vn -0.4506 0.7863 -0.4226
vn -0.5113 0.7483 -0.4226
vn -0.5465 0.8031 -0.2374
vn -0.6095 0.7596 -0.2271
vn -0.5858 0.8074 -0.0708
vn -0.6245 0.7794 -0.0507
vn -0.5399 0.8393 -0.0641
vn -0.4826 0.8459 -0.2271
vn -0.3872 0.8194 -0.4226
vn -0.3213 0.8474 -0.4226
vn -0.4134 0.879 -0.2376
vn -0.4033 0.9127 -0.065
vn -0.4535 0.8884 -0.0714
vn -0.4965 0.8665 -0.052
vn -0.3457 0.5925 -0.7276
vn -0.4466 0.6573 -0.6071
vn -0.5687 0.7056 -0.4226
vn -0.666 0.7073 -0.2372
vn -0.6636 0.7455 -0.0621
vn -0.707 0.7046 -0.0599
vn -0.3739 0.5642 -0.7361
vn -0.412 0.5517 -0.7251
vn -0.5039 0.6254 -0.5958
vn -0.4442 0.5218 -0.7283
vn -0.5507 0.5864 -0.594
vn -0.4815 0.5005 -0.7195
vn -0.588 0.5344 -0.6071
vn -0.4916 0.4639 -0.737
vn -0.5267 0.4425 -0.7259
vn -0.6367 0.4901 -0.5953
vn -0.5518 0.4064 -0.7282
vn -0.6727 0.4409 -0.5942
vn -0.7598 0.494 -0.4226
vn -0.7964 0.4325 -0.4226
vn -0.8581 0.4606 -0.2271
vn -0.8883 0.393 -0.2375
vn -0.9087 0.4112 -0.0719
vn -0.9309 0.3595 -0.0649
vn -0.8894 0.454 -0.0527
vn -0.8639 0.4994 -0.0645
vn -0.8156 0.5277 -0.2373
vn -0.834 0.5471 -0.0716
vn -0.7751 0.5896 -0.2271
vn -0.8086 0.586 -0.0518
vn -0.7762 0.6273 -0.0629
vn -0.7212 0.6544 -0.2271
vn -0.744 0.6663 -0.0503
vn -0.6226 0.6586 -0.4226
vn -0.6727 0.6074 -0.4226
vn -0.578 0.3709 -0.7269
vn -0.6968 0.3819 -0.6071
vn -0.8281 0.3683 -0.4226
vn -0.9186 0.3149 -0.2389
vn -0.9489 0.3112 -0.0521
vn -0.5887 0.3325 -0.7368
vn -0.6165 0.3034 -0.7266
vn -0.7342 0.3274 -0.5948
vn -0.639 0.2687 -0.7207
vn -0.7443 0.2734 -0.6094
vn -0.6474 0.2289 -0.7269
vn -0.7642 0.2176 -0.6072
vn -0.6488 0.19 -0.7369
vn -0.6696 0.1545 -0.7265
vn -0.7973 0.1529 -0.5839
vn -0.6763 0.111 -0.7282
vn -0.7991 0.0859 -0.5951
vn -0.9015 0.0927 -0.4226
vn -0.9061 0.0213 -0.4226
vn -0.9737 0.019 -0.2271
vn -0.9697 -0.0553 -0.2381
vn -0.9965 -0.05 -0.0677
vn -0.9924 -0.106 -0.0632
vn -0.9992 0.0013 -0.0401
vn -0.9964 0.0572 -0.0623
vn -0.9664 0.0978 -0.2379
vn -0.9912 0.1132 -0.0689
vn -0.9633 0.166 -0.2112
vn -0.9857 0.1608 -0.0502
vn -0.9754 0.2109 -0.0643
vn -0.9421 0.2364 -0.2377
vn -0.9615 0.2654 -0.0709
vn -0.8754 0.2348 -0.4225
vn -0.8389 0.2984 -0.4552
vn -0.6843 0.0674 -0.7261
vn -0.7943 0.0228 -0.6071
vn -0.9049 -0.0502 -0.4226
vn -0.9646 -0.1342 -0.2271
vn -0.9863 -0.1575 -0.0494
vn -0.6752 0.0288 -0.7371
vn -0.6946 -0.0062 -0.7194
vn -0.8032 -0.0433 -0.5941
vn -0.6836 -0.0466 -0.7284
vn -0.7965 -0.1037 -0.5956
vn -0.6823 -0.0909 -0.7254
vn -0.7775 -0.1638 -0.6071
vn -0.6649 -0.1256 -0.7363
vn -0.6656 -0.1666 -0.7275
vn -0.7709 -0.2304 -0.5939
vn -0.6527 -0.2088 -0.7283
vn -0.7496 -0.2873 -0.5962
vn -0.8445 -0.3289 -0.4226
vn -0.8159 -0.3946 -0.4226
vn -0.8753 -0.4268 -0.2271
vn -0.8377 -0.4913 -0.2385
vn -0.8673 -0.493 -0.0688
vn -0.8384 -0.5411 -0.0648
vn -0.8911 -0.4511 -0.0501
vn -0.9121 -0.4046 -0.0654
vn -0.9045 -0.3536 -0.2384
vn -0.9332 -0.3526 -0.0696
vn -0.9315 -0.2841 -0.2271
vn -0.9501 -0.308 -0.0504
vn -0.9638 -0.2584 -0.0649
vn -0.9489 -0.207 -0.2382
vn -0.9766 -0.2037 -0.0692
vn -0.8981 -0.1215 -0.4226
vn -0.8857 -0.192 -0.4226
vn -0.8678 -0.2613 -0.4226
vn -0.6503 -0.2528 -0.7164
vn -0.7176 -0.3413 -0.6071
vn -0.7822 -0.4577 -0.4226
vn -0.7974 -0.559 -0.2271
vn -0.8107 -0.5834 -0.0484
vn -0.6191 -0.2734 -0.7362
vn -0.6095 -0.3142 -0.7278
vn -0.6954 -0.4047 -0.5938
vn -0.588 -0.3527 -0.7279
vn -0.6529 -0.4531 -0.607
vn -0.56 -0.3817 -0.7353
vn -0.5473 -0.4193 -0.7243
vn -0.6201 -0.5094 -0.5967
vn -0.5164 -0.4506 -0.7282
vn -0.5812 -0.5564 -0.5938
vn -0.6529 -0.6286 -0.4226
vn -0.6013 -0.6781 -0.4226
vn -0.6437 -0.7271 -0.2387
vn -0.5847 -0.7788 -0.2271
vn -0.6261 -0.7771 -0.0639
vn -0.586 -0.8089 -0.048
vn -0.6687 -0.7406 -0.0657
vn -0.6997 -0.6773 -0.2271
vn -0.7005 -0.5751 -0.4226
vn -0.7437 -0.518 -0.4226
vn -0.75 -0.6169 -0.2386
vn -0.7805 -0.6216 -0.0668
vn -0.7445 -0.6646 -0.063
vn -0.7075 -0.7057 -0.0388
vn -0.4946 -0.4868 -0.72
vn -0.5286 -0.5933 -0.6071
vn -0.5459 -0.7235 -0.4226
vn -0.5214 -0.8192 -0.2388
vn -0.5459 -0.8352 -0.0673
vn -0.4982 -0.8646 -0.0657
vn -0.4579 -0.4982 -0.7363
vn -0.4365 -0.5328 -0.725
vn -0.4837 -0.6409 -0.596
vn -0.3998 -0.5569 -0.7281
vn -0.4346 -0.6771 -0.5939
vn -0.3636 -0.5821 -0.7274
vn -0.375 -0.7006 -0.6071
vn -0.3249 -0.5932 -0.7366
vn -0.2961 -0.6207 -0.726
vn -0.3202 -0.7369 -0.5954
vn -0.2614 -0.6421 -0.7207
vn -0.2637 -0.7599 -0.5942
vn -0.2941 -0.8573 -0.4226
vn -0.2255 -0.8778 -0.4226
vn -0.2413 -0.9406 -0.2388
vn -0.1655 -0.9597 -0.2271
vn -0.2095 -0.9756 -0.0658
vn -0.1607 -0.9859 -0.0477
vn -0.264 -0.9622 -0.067
vn -0.3142 -0.9218 -0.2271
vn -0.3608 -0.8314 -0.4226
vn -0.4871 -0.7643 -0.4226
vn -0.4551 -0.861 -0.2271
vn -0.454 -0.8896 -0.0492
vn -0.4253 -0.8003 -0.4226
vn -0.3862 -0.891 -0.2388
vn -0.4099 -0.9096 -0.0677
vn -0.3582 -0.9313 -0.0663
vn -0.3111 -0.9491 -0.0491
vn -0.2209 -0.6499 -0.7272
vn -0.2006 -0.7689 -0.6071
vn -0.1555 -0.8929 -0.4226
vn -0.0905 -0.9668 -0.2389
vn -0.1116 -0.9916 -0.0651
vn -0.0558 -0.9964 -0.0641
vn -0.1816 -0.6514 -0.7367
vn -0.1463 -0.6718 -0.7261
vn -0.1386 -0.7918 -0.5949
vn -0.1027 -0.6775 -0.7283
vn -0.0783 -0.8003 -0.5945
vn -0.0591 -0.6843 -0.7268
vn -0.0846 -0.9023 -0.4226
vn -0.9061 0.1656 -0.3894
vn -0.7185 0.5524 -0.4226
vn 0.9974 0.0551 -0.0459
vn 0.9985 -0 -0.0551
vn 0.9961 -0.0602 -0.0645
vn -0.2571 -0.8691 -0.4226
vn -0.6592 -0.1976 -0.7255
vn -0.6554 -0.1521 -0.7398
vn -0.6727 -0.109 -0.7318
vn -0.6879 -0.0643 -0.723
vn -0.685 -0.0165 -0.7284
vn -0.6846 0.0341 -0.7281
vn -0.6873 0.0817 -0.7218
vn -0.6711 0.127 -0.7304
vn -0.6572 0.176 -0.7329
vn -0.6429 0.2165 -0.7347
vn -0.6304 0.2572 -0.7324
vn -0.6114 0.304 -0.7306
vn -0.5968 0.3493 -0.7224
vn -0.5646 0.3853 -0.7299
vn -0.5331 0.4254 -0.7313
vn -0.5062 0.4646 -0.7266
vn -0.4644 0.4899 -0.7378
vn -0.4201 0.5106 -0.7502
vn -0.3944 0.544 -0.7406
vn -0.6471 -0.2431 -0.7226
vn -0.6228 -0.2875 -0.7277
vn -0.6063 -0.3366 -0.7205
vn -0.581 -0.3771 -0.7213
vn -0.5522 -0.4151 -0.7231
vn -0.5202 -0.4503 -0.7257
vn -0.479 -0.4735 -0.7391
vn -0.456 -0.5165 -0.7248
vn -0.4206 -0.5488 -0.7225
vn -0.3824 -0.5778 -0.721
vn -0.3418 -0.6032 -0.7206
vn -0.2991 -0.6247 -0.7213
vn -0.25 -0.6366 -0.7295
vn -0.203 -0.6571 -0.726
vn -0.1603 -0.6602 -0.7338
vn -0.1198 -0.6786 -0.7247
vn -0.0727 -0.6878 -0.7222
vn -0.0251 -0.6928 -0.7207
vn 0.025 -0.6859 -0.7273
vn 0.0766 -0.6881 -0.7215
vn 0.1234 -0.679 -0.7237
vn 0.1691 -0.6659 -0.7267
vn 0.2068 -0.6471 -0.7338
vn 0.2526 -0.6347 -0.7303
vn 0.3025 -0.6226 -0.7217
vn 0.3453 -0.6011 -0.7207
vn 0.3859 -0.5758 -0.7208
vn 0.4239 -0.547 -0.7219
vn 0.4591 -0.5149 -0.724
vn 0.4804 -0.4719 -0.7393
vn 0.5215 -0.4473 -0.7266
vn 0.5537 -0.4117 -0.7238
vn 0.5827 -0.3736 -0.7218
vn 0.6081 -0.333 -0.7207
vn 0.6297 -0.2902 -0.7206
vn 0.6412 -0.2412 -0.7285
vn 0.6616 -0.1938 -0.7244
vn 0.6625 -0.1502 -0.7338
vn 0.6785 -0.1098 -0.7264
vn 0.6876 -0.0627 -0.7234
vn 0.6855 -0.0117 -0.728
vn 0.6925 0.0393 -0.7204
vn 0.6876 0.0868 -0.7209
vn 0.6784 0.1336 -0.7225
vn 0.6651 0.1794 -0.7249
vn 0.6441 0.2167 -0.7336
vn 0.6297 0.2609 -0.7317
vn 0.617 0.3109 -0.723
vn 0.5955 0.3537 -0.7213
vn 0.5702 0.3944 -0.7206
vn 0.5413 0.4325 -0.7211
vn 0.5092 0.4677 -0.7225
vn 0.468 0.4963 -0.7312
vn 0.4314 0.5251 -0.7336
vn 0.4027 0.5582 -0.7254
vn 0.3645 0.5871 -0.7228
vn 0.3238 0.6125 -0.7211
vn 0.2755 0.6287 -0.7272
vn 0.2305 0.6534 -0.721
vn 0.1845 0.6658 -0.723
vn 0.1376 0.674 -0.7258
vn 0.095 0.6728 -0.7337
vn 0.0526 0.6869 -0.7249
vn 0.0019 0.6847 -0.7288
vn -0.0493 0.6914 -0.7208
vn -0.0969 0.6865 -0.7206
vn -0.1438 0.6773 -0.7215
vn -0.1896 0.664 -0.7233
vn -0.2339 0.6467 -0.726
vn -0.2694 0.6173 -0.7392
vn -0.319 0.611 -0.7245
vn -0.3618 0.5895 -0.7222
vn -0.4025 0.5642 -0.7209
vn -0.4407 0.5353 -0.7206
vn -0.473 0.4961 -0.7281
vn -0.512 0.463 -0.7235
vn -0.5401 0.4246 -0.7266
vn -0.5586 0.3864 -0.7339
vn -0.591 0.3552 -0.7242
vn -0.6165 0.3145 -0.7218
vn -0.6325 0.2664 -0.7273
vn -0.6572 0.2211 -0.7206
vn -0.6695 0.1749 -0.7219
vn -0.6777 0.128 -0.7241
vn -0.674 0.0848 -0.7339
vn -0.6858 0.0427 -0.7265
vn -0.6835 -0.0077 -0.7299
vn -0.6897 -0.0593 -0.7216
vn -0.6849 -0.107 -0.7207
vn -0.6758 -0.1539 -0.7209
vn -0.6624 -0.1997 -0.7221
vn -0.6378 -0.244 -0.7305
vn -0.6168 -0.2854 -0.7336
vn -0.6047 -0.3268 -0.7263
vn -0.583 -0.3696 -0.7235
vn -0.5578 -0.4103 -0.7215
vn -0.5289 -0.4486 -0.7205
vn -0.4897 -0.4805 -0.7275
vn -0.4562 -0.5198 -0.7223
vn -0.4177 -0.5477 -0.7249
vn -0.3779 -0.5645 -0.7338
vn -0.3459 -0.5946 -0.7258
vn -0.3051 -0.62 -0.7229
vn -0.2572 -0.6357 -0.7278
vn -0.2114 -0.6604 -0.7205
vn -0.1653 -0.6728 -0.7211
vn -0.1183 -0.6809 -0.7228
vn -0.0709 -0.6849 -0.7252
vn -0.4029 0.6852 -0.6068
vn -0.3616 0.7218 -0.5902
vn -0.4268 0.8273 -0.3653
vn -0.3505 0.8386 -0.417
vn -0.3927 0.9112 -0.1243
vn -0.3195 0.9394 -0.1243
vn -0.3281 0.9364 0.1243
vn -0.2531 0.9594 0.1243
vn -0.2463 0.8977 0.3653
vn -0.1746 0.9144 0.3653
vn -0.1654 0.7903 0.59
vn -0.1022 0.801 0.5899
vn -0.2276 0.7747 0.59
vn -0.3164 0.8755 0.3653
vn -0.4011 0.9076 0.1243
vn -0.4635 0.8774 -0.1243
vn -0.4908 0.791 -0.3653
vn -0.464 0.66 -0.5909
vn -0.375 0.9152 -0.1473
vn -0.2805 0.8787 -0.3862
vn -0.2237 0.9088 -0.3523
vn -0.1655 0.9685 -0.1862
vn -0.0807 0.9845 -0.1555
vn -0.0091 0.9903 -0.1384
vn 0.0644 0.9963 0.0575
vn 0.0651 0.9947 0.0801
vn 0.1505 0.9842 0.0927
vn 0.2225 0.9685 0.1123
vn 0.2776 0.9547 0.1071
vn 0.2692 0.9021 0.3372
vn 0.3448 0.8783 0.3311
vn 0.4145 0.8478 0.3307
vn 0.4706 0.82 0.3257
vn 0.4067 0.7176 0.5655
vn 0.4706 0.6806 0.5616
vn 0.5123 0.6332 0.5802
vn 0.5291 0.5896 0.6103
vn -0.2443 0.9617 -0.1243
vn -0.1766 0.9764 0.1243
vn -0.0989 0.9873 0.1243
vn -0.1018 0.9253 0.3653
vn -0.0284 0.9305 0.3653
vn -0.0383 0.8067 0.5897
vn 0.0259 0.8073 0.5896
vn -0.0206 0.992 0.1243
vn 0.0452 0.9298 0.3653
vn 0.1185 0.9233 0.3653
vn 0.0899 0.8029 0.5893
vn 0.1534 0.7934 0.5891
vn 0.191 0.9111 0.3653
vn 0.216 0.7789 0.5887
vn 0.2773 0.7596 0.5883
vn 0.3368 0.7355 0.5879
vn -0.2884 0.7541 0.59
vn -0.3845 0.8478 0.3653
vn -0.4715 0.8731 0.1243
vn -0.5313 0.838 -0.1243
vn -0.5517 0.7498 -0.3653
vn -0.5108 0.6114 -0.6043
vn -0.3474 0.7289 0.59
vn -0.4503 0.8147 0.3653
vn -0.539 0.8331 0.1243
vn -0.5958 0.7934 -0.1243
vn -0.6092 0.7039 -0.3653
vn -0.5672 0.5752 -0.5895
vn -0.4042 0.6991 0.5899
vn -0.5132 0.7766 0.3653
vn -0.6031 0.7879 0.1243
vn -0.6566 0.7439 -0.1243
vn -0.6629 0.6536 -0.3653
vn -0.6089 0.5286 -0.5915
vn -0.4584 0.6648 0.5898
vn -0.573 0.7337 0.3653
vn -0.6634 0.7378 0.1243
vn -0.7133 0.6897 -0.1243
vn -0.7125 0.5992 -0.3653
vn -0.6474 0.4795 -0.5925
vn -0.5098 0.6265 0.5896
vn -0.6291 0.6861 0.3653
vn -0.7196 0.6831 0.1243
vn -0.7656 0.6312 -0.1243
vn -0.7575 0.541 -0.3653
vn -0.6824 0.4279 -0.5927
vn -0.558 0.5841 0.5894
vn -0.6814 0.6343 0.3653
vn -0.7713 0.6242 0.1243
vn -0.813 0.5688 -0.1243
vn -0.7979 0.4795 -0.3653
vn -0.7139 0.3739 -0.5921
vn -0.6028 0.5381 0.5891
vn -0.7293 0.5785 0.3653
vn -0.8182 0.5613 0.1243
vn -0.8554 0.5028 -0.1243
vn -0.8333 0.415 -0.3653
vn -0.7417 0.3178 -0.5906
vn -0.6438 0.4888 0.5888
vn -0.7727 0.5191 0.3653
vn -0.86 0.4949 0.1243
vn -0.8925 0.4336 -0.1243
vn -0.8635 0.3479 -0.3653
vn -0.7558 0.252 -0.6044
vn -0.6807 0.4363 0.5884
vn -0.8113 0.4564 0.3653
vn -0.8964 0.4254 0.1243
vn -0.9239 0.3618 -0.1243
vn -0.8882 0.2786 -0.3653
vn -0.7845 0.1913 -0.5898
vn -0.7135 0.3811 0.588
vn -0.8448 0.3909 0.3653
vn -0.9272 0.3533 0.1243
vn -0.9496 0.2877 -0.1243
vn -0.9075 0.2076 -0.3653
vn -0.7957 0.1298 -0.5917
vn -0.7418 0.3234 0.5875
vn -0.8731 0.323 0.3653
vn -0.9522 0.279 0.1243
vn -0.9694 0.2118 -0.1243
vn -0.921 0.1352 -0.3653
vn -0.8027 0.0678 -0.5925
vn -0.7655 0.2637 0.5869
vn -0.8959 0.253 0.3653
vn -0.9713 0.2029 0.1243
vn -0.9831 0.1346 -0.1243
vn -0.9288 0.0621 -0.3653
vn -0.8055 0.0055 -0.5926
vn -0.7845 0.2023 0.5862
vn -0.9131 0.1815 0.3653
vn -0.9843 0.1255 0.1243
vn -0.9906 0.0565 -0.1243
vn -0.9308 -0.0115 -0.3653
vn -0.804 -0.057 -0.5919
vn -0.7986 0.1396 0.5855
vn -0.9245 0.1088 0.3653
vn -0.9911 0.0474 0.1243
vn -0.992 -0.0219 -0.1243
vn -0.927 -0.085 -0.3653
vn -0.8082 -0.1282 -0.5748
vn -0.8078 0.0759 0.5846
vn -0.9302 0.0354 0.3653
vn -0.9918 -0.031 0.1243
vn -0.9872 -0.1002 -0.1243
vn -0.9312 -0.1625 -0.3261
vn -0.9017 -0.2311 -0.3654
vn -0.7732 -0.1924 -0.6043
vn -0.8662 -0.2943 -0.4038
vn -0.7509 -0.2494 -0.6115
vn -0.7451 -0.3075 -0.5918
vn -0.8119 0.0116 0.5837
vn -0.9301 -0.0382 0.3653
vn -0.9862 -0.1092 0.1243
vn -0.9801 -0.1803 -0.0828
vn -0.959 -0.2548 -0.1244
vn -0.9307 -0.3262 -0.1657
vn -0.8546 -0.3691 -0.3653
vn -0.7186 -0.364 -0.5926
vn -0.8249 -0.0486 0.5631
vn -0.9242 -0.1115 0.3653
vn -0.9683 -0.1869 0.1657
vn -0.9568 -0.2628 0.1244
vn -0.9376 -0.3378 0.0828
vn -0.9071 -0.4022 -0.1243
vn -0.8228 -0.4354 -0.3653
vn -0.6882 -0.4186 -0.5926
vn -0.805 -0.1069 0.5835
vn -0.8966 -0.1819 0.4038
vn -0.8954 -0.2545 0.3654
vn -0.8864 -0.3286 0.3261
vn -0.9033 -0.4105 0.1243
vn -0.8725 -0.4726 -0.1243
vn -0.7858 -0.499 -0.3653
vn -0.6542 -0.471 -0.5918
vn -0.7799 -0.1616 0.6047
vn -0.78 -0.2214 0.5852
vn -0.7674 -0.2915 0.5711
vn -0.7292 -0.3521 0.5868
vn -0.8437 -0.3934 0.3653
vn -0.81 -0.4588 0.3653
vn -0.8681 -0.4806 0.1243
vn -0.8274 -0.5477 0.1243
vn -0.8324 -0.5401 -0.1243
vn -0.7871 -0.6041 -0.1243
vn -0.744 -0.5595 -0.3653
vn -0.6975 -0.6166 -0.3653
vn -0.6166 -0.5212 -0.59
vn -0.564 -0.5628 -0.6044
vn -0.6986 -0.4087 0.5874
vn -0.7712 -0.5214 0.3653
vn -0.7816 -0.6113 0.1243
vn -0.737 -0.6644 -0.1243
vn -0.6466 -0.6697 -0.3653
vn -0.5221 -0.6154 -0.5905
vn -0.6636 -0.4626 0.5879
vn -0.7276 -0.5806 0.3653
vn -0.7308 -0.6711 0.1243
vn -0.6822 -0.7205 -0.1243
vn -0.5917 -0.7187 -0.3653
vn -0.4723 -0.6531 -0.592
vn -0.6245 -0.5137 0.5883
vn -0.6795 -0.6363 0.3653
vn -0.6756 -0.7268 0.1243
vn -0.6232 -0.7722 -0.1243
vn -0.5331 -0.7632 -0.3653
vn -0.4201 -0.6872 -0.5926
vn -0.5816 -0.5614 0.5887
vn -0.6271 -0.688 0.3653
vn -0.616 -0.7778 0.1243
vn -0.5602 -0.819 -0.1243
vn -0.4711 -0.8029 -0.3653
vn -0.3657 -0.7178 -0.5925
vn -0.535 -0.6056 0.589
vn -0.5708 -0.7354 0.3653
vn -0.5527 -0.8241 0.1243
vn -0.4938 -0.8607 -0.1243
vn -0.4062 -0.8376 -0.3653
vn -0.3092 -0.7446 -0.5916
vn -0.4851 -0.646 0.5893
vn -0.511 -0.7781 0.3653
vn -0.4859 -0.8651 0.1243
vn -0.4243 -0.897 -0.1243
vn -0.3388 -0.8671 -0.3653
vn -0.2509 -0.7677 -0.5896
vn -0.4322 -0.6824 0.5896
vn -0.4479 -0.8161 0.3653
vn -0.416 -0.9008 0.1243
vn -0.3521 -0.9277 -0.1243
vn -0.2693 -0.8911 -0.3653
vn -0.1843 -0.7751 -0.6043
vn -0.3766 -0.7144 0.5897
vn -0.382 -0.8489 0.3653
vn -0.3436 -0.9309 0.1243
vn -0.2777 -0.9526 -0.1243
vn -0.198 -0.9096 -0.3653
vn -0.1209 -0.7977 -0.5908
vn -0.3186 -0.742 0.5899
vn -0.3138 -0.8764 0.3653
vn -0.269 -0.9551 0.1243
vn -0.2016 -0.9715 -0.1243
vn -0.1256 -0.9224 -0.3653
vn -0.0587 -0.8037 -0.5921
vn -0.2587 -0.7649 0.59
vn -0.2436 -0.8985 0.3653
vn -0.1927 -0.9733 0.1243
vn -0.1243 -0.9844 -0.1243
vn -0.0523 -0.9294 -0.3653
vn 0.0037 -0.8054 -0.5927
vn -0.1972 -0.783 0.59
vn -0.1719 -0.9149 0.3653
vn -0.1152 -0.9855 0.1243
vn -0.0461 -0.9912 -0.1243
vn 0.0212 -0.9307 -0.3653
vn 0.066 -0.8029 -0.5924
vn -0.1344 -0.7961 0.59
vn -0.0991 -0.9256 0.3653
vn -0.037 -0.9916 0.1243
vn 0.0323 -0.9917 -0.1243
vn 0.0947 -0.9261 -0.3653
vn 0.1282 -0.7961 -0.5914
vn -0.0708 -0.8043 0.59
vn -0.0257 -0.9306 0.3653
vn 0.0414 -0.9914 0.1243
vn 0.1105 -0.9861 -0.1243
vn 0.1675 -0.9157 -0.3653
vn 0.1901 -0.7853 -0.5893
vn -0.0067 -0.8075 0.5899
vn 0.0479 -0.9297 0.3653
vn 0.1196 -0.985 0.1243
vn 0.1881 -0.9743 -0.1243
vn 0.2393 -0.8996 -0.3653
vn 0.2504 -0.7564 -0.6043
vn 0.0574 -0.8055 0.5898
vn 0.1212 -0.923 0.3653
vn 0.197 -0.9725 0.1243
vn 0.2644 -0.9564 -0.1243
vn 0.3096 -0.8779 -0.3653
vn 0.3163 -0.7421 -0.591
vn 0.1212 -0.7985 0.5896
vn 0.1937 -0.9105 0.3653
vn 0.2732 -0.9539 0.1243
vn 0.3391 -0.9325 -0.1243
vn 0.378 -0.8507 -0.3653
vn 0.3723 -0.7146 -0.5923
vn 0.1842 -0.7866 0.5894
vn 0.265 -0.8924 0.3653
vn 0.3477 -0.9293 0.1243
vn 0.4117 -0.9028 -0.1243
vn 0.444 -0.8182 -0.3653
vn 0.4263 -0.6834 -0.5927
vn 0.2461 -0.7696 0.5891
vn 0.3347 -0.8687 0.3653
vn 0.42 -0.899 0.1243
vn 0.4817 -0.8675 -0.1243
vn 0.5072 -0.7806 -0.3653
vn 0.4781 -0.6485 -0.5923
vn 0.3065 -0.7479 0.5888
vn 0.4022 -0.8395 0.3653
vn 0.4897 -0.863 0.1243
vn 0.5487 -0.8267 -0.1243
vn 0.5673 -0.7381 -0.3653
vn 0.5275 -0.6101 -0.5911
vn 0.365 -0.7215 0.5884
vn 0.4673 -0.8051 0.3653
vn 0.5563 -0.8216 0.1243
vn 0.6123 -0.7808 -0.1243
vn 0.6238 -0.691 -0.3653
vn 0.5695 -0.5572 -0.6043
vn 0.4212 -0.6905 0.588
vn 0.5294 -0.7657 0.3653
vn 0.6195 -0.7751 0.1243
vn 0.6721 -0.73 -0.1243
vn 0.6765 -0.6395 -0.3653
vn 0.6221 -0.5157 -0.5891
vn 0.4749 -0.6552 0.5875
vn 0.5882 -0.7215 0.3653
vn 0.6787 -0.7238 0.1243
vn 0.7276 -0.6746 -0.1243
vn 0.7249 -0.5841 -0.3653
vn 0.6588 -0.4651 -0.5913
vn 0.5257 -0.6158 0.5869
vn 0.6434 -0.6728 0.3653
vn 0.7338 -0.6679 0.1243
vn 0.7786 -0.615 -0.1243
vn 0.7687 -0.525 -0.3653
vn 0.6922 -0.4123 -0.5924
vn 0.5732 -0.5726 0.5862
vn 0.6945 -0.6199 0.3653
vn 0.7843 -0.6079 0.1243
vn 0.8248 -0.5516 -0.1243
vn 0.8078 -0.4627 -0.3653
vn 0.7218 -0.3574 -0.5927
vn 0.6172 -0.5257 0.5855
vn 0.7413 -0.5631 0.3653
vn 0.8298 -0.544 0.1243
vn 0.8658 -0.4847 -0.1243
vn 0.8418 -0.3974 -0.3653
vn 0.7476 -0.3006 -0.5922
vn 0.6574 -0.4755 0.5846
vn 0.7835 -0.5028 0.3653
vn 0.8702 -0.4768 0.1243
vn 0.9014 -0.4148 -0.1243
vn 0.8706 -0.3297 -0.3653
vn 0.7696 -0.242 -0.5909
vn 0.6936 -0.4222 0.5837
vn 0.8207 -0.4393 0.3653
vn 0.9051 -0.4066 0.1243
vn 0.9313 -0.3424 -0.1243
vn 0.8939 -0.2599 -0.3653
vn 0.7773 -0.175 -0.6043
vn 0.7354 -0.3769 0.5631
vn 0.8529 -0.3731 0.3653
vn 0.9344 -0.3338 0.1243
vn 0.9554 -0.2677 -0.1243
vn 0.9116 -0.1885 -0.3653
vn 0.8 -0.1119 -0.5895
vn 0.7478 -0.3166 0.5835
vn 0.8797 -0.3046 0.3653
vn 0.9579 -0.259 0.1243
vn 0.9736 -0.1914 -0.1243
vn 0.9237 -0.1159 -0.3653
vn 0.8048 -0.0496 -0.5915
vn 0.77 -0.256 0.5845
vn 0.7873 -0.194 0.5853
vn 0.7996 -0.1308 0.5861
vn 0.9167 -0.1623 0.3653
vn 0.9266 -0.0894 0.3653
vn 0.9867 -0.1049 0.1243
vn 0.9919 -0.0266 0.1243
vn 0.9916 -0.0357 -0.1243
vn 0.9913 0.0427 -0.1243
vn 0.9304 0.031 -0.3653
vn 0.925 0.1044 -0.3653
vn 0.8019 0.0751 -0.5927
vn 0.7941 0.1371 -0.5921
vn 0.8055 0.0128 -0.5925
vn 0.9299 -0.0426 -0.3653
vn 0.9857 -0.1139 -0.1243
vn 0.9753 -0.1825 0.1243
vn 0.901 -0.2342 0.3653
vn 0.807 -0.0668 0.5868
vn 0.9308 -0.0159 0.3653
vn 0.9909 0.0518 0.1243
vn 0.9849 0.1209 -0.1243
vn 0.9139 0.1771 -0.3653
vn 0.7821 0.1986 -0.5906
vn 0.8093 -0.0025 0.5874
vn 0.9291 0.0576 0.3653
vn 0.9837 0.1299 0.1243
vn 0.9722 0.1983 -0.1243
vn 0.8971 0.2487 -0.3653
vn 0.7533 0.2594 -0.6044
vn 0.8066 0.0617 0.5879
vn 0.9217 0.1308 0.3653
vn 0.9704 0.2072 0.1243
vn 0.9535 0.2744 -0.1243
vn 0.8746 0.3188 -0.3653
vn 0.7392 0.325 -0.5898
vn 0.7988 0.1255 0.5883
vn 0.9085 0.2032 0.3653
vn 0.951 0.2832 0.1243
vn 0.9289 0.3489 -0.1243
vn 0.8467 0.3869 -0.3653
vn 0.7107 0.3806 -0.5917
vn 0.7861 0.1884 0.5887
vn 0.8896 0.2743 0.3653
vn 0.9256 0.3574 0.1243
vn 0.8984 0.4212 -0.1243
vn 0.8135 0.4526 -0.3653
vn 0.6786 0.4341 -0.5925
vn 0.7684 0.2502 0.5891
vn 0.8651 0.3438 0.3653
vn 0.8945 0.4294 0.1243
vn 0.8624 0.4908 -0.1243
vn 0.7752 0.5154 -0.3653
vn 0.6429 0.4853 -0.5926
vn 0.7459 0.3103 0.5893
vn 0.8353 0.411 0.3653
vn 0.8578 0.4987 0.1243
vn 0.8209 0.5574 -0.1243
vn 0.7321 0.575 -0.3653
vn 0.6037 0.534 -0.5919
vn 0.7188 0.3685 0.5896
vn 0.8002 0.4757 0.3653
vn 0.8157 0.5649 0.1243
vn 0.7743 0.6205 -0.1243
vn 0.6844 0.631 -0.3653
vn 0.5638 0.5931 -0.5748
vn 0.6871 0.4243 0.5897
vn 0.7601 0.5374 0.3653
vn 0.7686 0.6276 0.1243
vn 0.7229 0.6797 -0.1243
vn 0.6406 0.6952 -0.3262
vn 0.5755 0.7317 -0.3654
vn 0.4969 0.6228 -0.6043
vn 0.5088 0.7603 -0.4038
vn 0.4446 0.6545 -0.6115
vn 0.4046 0.6971 -0.5918
vn 0.6512 0.4775 0.5899
vn 0.7153 0.5958 0.3653
vn 0.7166 0.6863 0.1243
vn 0.6686 0.739 -0.0828
vn 0.6065 0.7853 -0.1244
vn 0.5407 0.8248 -0.1657
vn 0.4542 0.8126 -0.3653
vn 0.3492 0.7259 -0.5926
vn 0.6112 0.5276 0.59
vn 0.666 0.6504 0.3653
vn 0.6552 0.7371 0.1657
vn 0.5999 0.7903 0.1244
vn 0.539 0.8382 0.0828
vn 0.4756 0.8708 -0.1243
vn 0.3886 0.8459 -0.3653
vn 0.292 0.7507 -0.5926
vn 0.5673 0.5745 0.59
vn 0.6013 0.6895 0.4038
vn 0.5562 0.7464 0.3654
vn 0.504 0.7997 0.3261
vn 0.4676 0.8751 0.1243
vn 0.4054 0.9057 -0.1243
vn 0.3206 0.874 -0.3653
vn 0.2331 0.7717 -0.5918
vn 0.5131 0.6025 0.6113
vn 0.4788 0.6502 0.5899
vn 0.4273 0.6982 0.5744
vn 0.4307 0.8253 0.3653
vn 0.3971 0.9093 0.1243
vn 0.3326 0.9348 -0.1243
vn 0.2505 0.8966 -0.3653
vn 0.1727 0.7887 -0.59
vn 0.3595 0.7232 0.5898
vn 0.301 0.7495 0.5896
vn 0.2406 0.7712 0.5894
vn 0.1787 0.788 0.5891
vn 0.1156 0.8 0.5888
vn 0.0518 0.8069 0.5884
vn -0.0124 0.8088 0.588
vn -0.0765 0.8056 0.5875
vn -0.1402 0.7974 0.5869
vn -0.2031 0.7843 0.5862
vn -0.2649 0.7662 0.5855
vn -0.325 0.7434 0.5846
vn -0.3832 0.7159 0.5837
vn -0.4422 0.6981 0.5631
vn -0.4836 0.6525 0.5835
vn -0.5453 0.7544 0.3653
vn -0.6032 0.709 0.3653
vn -0.6356 0.762 0.1243
vn -0.6938 0.7094 0.1243
vn -0.6872 0.7157 -0.1243
vn -0.7416 0.6592 -0.1243
vn -0.6897 0.6252 -0.3653
vn -0.7369 0.5688 -0.3653
vn -0.6283 0.508 -0.5893
vn -0.6586 0.4483 -0.6043
vn -0.5858 0.5542 -0.5914
vn -0.6382 0.6777 -0.3653
vn -0.6286 0.7678 -0.1243
vn -0.5734 0.8098 0.1243
vn -0.484 0.7952 0.3653
vn 0.3642 0.8567 0.3653
vn 0.324 0.9379 0.1243
vn 0.2577 0.9582 -0.1243
vn 0.1789 0.9135 -0.3653
vn 0.1057 0.7897 -0.6044
vn 0.2954 0.8828 0.3653
vn 0.2489 0.9605 0.1243
vn 0.1812 0.9756 -0.1243
vn 0.1062 0.9248 -0.3653
vn 0.0404 0.806 -0.5905
vn 0.2247 0.9034 0.3653
vn 0.1723 0.9772 0.1243
vn 0.1036 0.9868 -0.1243
vn 0.0328 0.9303 -0.3653
vn -0.022 0.8056 -0.592
vn 0.1527 0.9183 0.3653
vn 0.0946 0.9877 0.1243
vn 0.0253 0.9919 -0.1243
vn -0.0407 0.93 -0.3653
vn -0.0843 0.801 -0.5926
vn 0.0797 0.9275 0.3653
vn 0.0162 0.9921 0.1243
vn -0.0531 0.9908 -0.1243
vn -0.1141 0.9239 -0.3653
vn -0.146 0.7922 -0.5925
vn 0.0062 0.9309 0.3653
vn -0.0622 0.9903 0.1243
vn -0.1312 0.9835 -0.1243
vn -0.1867 0.912 -0.3653
vn -0.2072 0.7792 -0.5916
vn -0.0674 0.9285 0.3653
vn -0.1402 0.9823 0.1243
vn -0.2084 0.9701 -0.1243
vn -0.2581 0.8944 -0.3653
vn -0.2676 0.7621 -0.5896
vn -0.1405 0.9202 0.3653
vn -0.2173 0.9681 0.1243
vn -0.2844 0.9506 -0.1243
vn -0.328 0.8712 -0.3653
vn -0.3249 0.7275 -0.6043
vn -0.2127 0.9063 0.3653
vn -0.2931 0.948 0.1243
vn -0.3586 0.9252 -0.1243
vn -0.3957 0.8426 -0.3653
vn -0.389 0.7069 -0.5908
vn -0.2837 0.8866 0.3653
vn -0.3671 0.9218 0.1243
vn -0.4306 0.894 -0.1243
vn -0.4611 0.8087 -0.3653
vn -0.442 0.6738 -0.5921
vn -0.3528 0.8615 0.3653
vn -0.4387 0.89 0.1243
vn -0.4998 0.8572 -0.1243
vn -0.5235 0.7698 -0.3653
vn -0.4926 0.6373 -0.5927
vn -0.4197 0.8309 0.3653
vn -0.5077 0.8525 0.1243
vn -0.566 0.815 -0.1243
vn -0.5827 0.726 -0.3653
vn -0.5406 0.5974 -0.5924
vn -0.5334 0.6115 0.5845
vn -0.6573 0.6592 0.3653
vn -0.7476 0.6524 0.1243
vn -0.7914 0.5986 -0.1243
vn -0.7796 0.5088 -0.3653
vn -0.7022 0.3969 -0.591
vn -0.5798 0.5668 0.5853
vn -0.7073 0.6052 0.3653
vn -0.7968 0.5913 0.1243
vn -0.8362 0.5342 -0.1243
vn -0.8173 0.4456 -0.3653
vn -0.73 0.341 -0.5923
vn -0.6225 0.5186 0.5861
vn -0.7529 0.5474 0.3653
vn -0.841 0.5265 0.1243
vn -0.8757 0.4665 -0.1243
vn -0.8499 0.3797 -0.3653
vn -0.7539 0.2834 -0.5927
vn -0.6613 0.4673 0.5868
vn -0.7938 0.4862 0.3653
vn -0.88 0.4584 0.1243
vn -0.9099 0.3959 -0.1243
vn -0.8773 0.3114 -0.3653
vn -0.7739 0.2242 -0.5923
vn -0.696 0.4131 0.5874
vn -0.8297 0.422 0.3653
vn -0.9134 0.3875 0.1243
vn -0.9383 0.3228 -0.1243
vn -0.8991 0.2411 -0.3653
vn -0.7898 0.1637 -0.5911
vn -0.7262 0.3563 0.5879
vn -0.8605 0.3552 0.3653
vn -0.9412 0.3141 0.1243
vn -0.9608 0.2477 -0.1243
vn -0.9154 0.1694 -0.3653
vn -0.7909 0.0962 -0.6043
vn -0.7519 0.2974 0.5883
vn -0.8859 0.2861 0.3653
vn -0.9631 0.2388 0.1243
vn -0.9774 0.171 -0.1243
vn -0.9259 0.0965 -0.3653
vn -0.8075 0.0313 -0.5891
vn -0.7729 0.2367 0.5887
vn -0.9057 0.2152 0.3653
vn -0.9789 0.162 0.1243
vn -0.9878 0.0933 -0.1243
vn -0.9306 0.0231 -0.3653
vn -0.8059 -0.0312 -0.5913
vn -0.789 0.1745 0.5891
vn -0.9198 0.143 0.3653
vn -0.9887 0.0842 0.1243
vn -0.9921 0.0149 -0.1243
vn -0.9295 -0.0505 -0.3653
vn -0.8002 -0.0934 -0.5924
vn -0.8002 0.1113 0.5893
vn -0.9283 0.0699 0.3653
vn -0.9922 0.0058 0.1243
vn -0.9902 -0.0635 -0.1243
vn -0.9226 -0.1237 -0.3653
vn -0.7904 -0.155 -0.5927
vn -0.8063 0.0474 0.5896
vn -0.9309 -0.0036 0.3653
vn -0.9896 -0.0725 0.1243
vn -0.9821 -0.1415 -0.1243
vn -0.91 -0.1962 -0.3653
vn -0.7763 -0.2159 -0.5922
vn -0.8074 -0.0167 0.5897
vn -0.9277 -0.0771 0.3653
vn -0.9808 -0.1505 0.1243
vn -0.9679 -0.2186 -0.1243
vn -0.8917 -0.2675 -0.3653
vn -0.7582 -0.2758 -0.5909
vn -0.8034 -0.0808 0.5899
vn -0.9187 -0.1501 0.3653
vn -0.9658 -0.2275 0.1243
vn -0.9476 -0.2944 -0.1243
vn -0.8677 -0.3371 -0.3653
vn -0.7235 -0.3336 -0.6044
vn -0.7944 -0.1443 0.59
vn -0.904 -0.2222 0.3653
vn -0.9448 -0.303 0.1243
vn -0.9214 -0.3683 -0.1243
vn -0.8384 -0.4046 -0.3653
vn -0.7032 -0.3975 -0.5895
vn -0.7804 -0.2069 0.59
vn -0.8836 -0.2929 0.3653
vn -0.918 -0.3767 0.1243
vn -0.8894 -0.4399 -0.1243
vn -0.8038 -0.4695 -0.3653
vn -0.6691 -0.4499 -0.5915
vn -0.7615 -0.2682 0.59
vn -0.8577 -0.3618 0.3653
vn -0.8853 -0.448 0.1243
vn -0.8519 -0.5088 -0.1243
vn -0.7642 -0.5315 -0.3653
vn -0.6317 -0.4999 -0.5925
vn -0.7379 -0.3278 0.59
vn -0.8265 -0.4284 0.3653
vn -0.8472 -0.5166 0.1243
vn -0.809 -0.5745 -0.1243
vn -0.7199 -0.5902 -0.3653
vn -0.5911 -0.5472 -0.5927
vn -0.7096 -0.3854 0.5899
vn -0.79 -0.4924 0.3653
vn -0.8037 -0.5819 0.1243
vn -0.7611 -0.6366 -0.1243
vn -0.671 -0.6452 -0.3653
vn -0.5472 -0.5917 -0.5921
vn -0.6768 -0.4405 0.5898
vn -0.7487 -0.5532 0.3653
vn -0.7553 -0.6435 0.1243
vn -0.7085 -0.6947 -0.1243
vn -0.618 -0.6962 -0.3653
vn -0.5003 -0.6332 -0.5906
vn -0.6398 -0.4929 0.5896
vn -0.7027 -0.6106 0.3653
vn -0.7021 -0.7012 0.1243
vn -0.6514 -0.7485 -0.1243
vn -0.561 -0.7429 -0.3653
vn -0.4404 -0.6639 -0.6044
vn -0.5988 -0.5423 0.5894
vn -0.6522 -0.6642 0.3653
vn -0.6445 -0.7544 0.1243
vn -0.5902 -0.7976 -0.1243
vn -0.5006 -0.7848 -0.3653
vn -0.3893 -0.7075 -0.5899
vn -0.554 -0.5882 0.5891
vn -0.5977 -0.7137 0.3653
vn -0.5829 -0.803 0.1243
vn -0.5254 -0.8417 -0.1243
vn -0.4371 -0.8219 -0.3653
vn -0.3329 -0.7342 -0.5917
vn -0.5057 -0.6305 0.5888
vn -0.5395 -0.7586 0.3653
vn -0.5177 -0.8465 0.1243
vn -0.4573 -0.8806 -0.1243
vn -0.3708 -0.8539 -0.3653
vn -0.2748 -0.7572 -0.5925
vn -0.4543 -0.6689 0.5884
vn -0.4779 -0.7989 0.3653
vn -0.4492 -0.8847 0.1243
vn -0.3863 -0.914 -0.1243
vn -0.3022 -0.8805 -0.3653
vn -0.2154 -0.7762 -0.5926
vn -0.4 -0.7031 0.588
vn -0.4133 -0.8341 0.3653
vn -0.3779 -0.9175 0.1243
vn -0.3129 -0.9416 -0.1243
vn -0.2317 -0.9016 -0.3653
vn -0.1547 -0.791 -0.5919
vn -0.3431 -0.7329 0.5875
vn -0.3461 -0.8642 0.3653
vn -0.3043 -0.9444 0.1243
vn -0.2376 -0.9634 -0.1243
vn -0.1598 -0.9171 -0.3653
vn -0.093 -0.8018 -0.5903
vn -0.284 -0.7582 0.5869
vn -0.2768 -0.8888 0.3653
vn -0.2287 -0.9655 0.1243
vn -0.1607 -0.9791 -0.1243
vn -0.0868 -0.9269 -0.3653
vn -0.2231 -0.7788 0.5862
vn -0.2057 -0.9079 0.3653
vn -0.1518 -0.9806 0.1243
vn -0.0829 -0.9888 -0.1243
vn -0.1608 -0.7946 0.5855
vn -0.1334 -0.9213 0.3653
vn -0.0738 -0.9895 0.1243
vn -0.0974 -0.8054 0.5846
vn -0.0602 -0.929 0.3653
vn -0.0333 -0.8113 0.5837
vn -0.3183 -0.7685 0.5551
vn -0.2763 -0.8505 0.4476
vn -0.165 -0.6873 0.7074
vn -0.1106 -0.6981 0.7074
vn -0.0555 -0.7047 0.7074
vn -0.0001 -0.7068 0.7074
vn 0.0654 -0.9167 0.3942
vn 0.1196 -0.7714 0.625
vn 0.1909 -0.7767 0.6003
vn 0.267 -0.7879 0.555
vn 0.3279 -0.7645 0.555
vn 0.3287 -0.6258 0.7074
vn 0.4433 -0.7039 0.555
vn 0.4971 -0.667 0.555
vn 0.5478 -0.626 0.555
vn 0.5952 -0.5812 0.555
vn 0.6389 -0.5328 0.555
vn 0.6786 -0.4811 0.555
vn 0.7142 -0.4264 0.555
vn 0.6334 -0.3137 0.7074
vn 0.7721 -0.3096 0.555
vn 0.794 -0.2482 0.555
vn 0.811 -0.1852 0.555
vn 0.6993 -0.1029 0.7074
vn 0.83 -0.0563 0.555
vn 0.7068 0.0076 0.7074
vn 0.8286 0.074 0.555
vn 0.697 0.1179 0.7074
vn 0.8068 0.2026 0.555
vn 0.7885 0.2651 0.555
vn 0.7653 0.3261 0.555
vn 0.6266 0.3272 0.7074
vn 0.7049 0.4416 0.555
vn 0.6682 0.4955 0.555
vn 0.6273 0.5463 0.555
vn 0.5826 0.5938 0.555
vn 0.5343 0.6376 0.555
vn 0.4827 0.6775 0.555
vn 0.4281 0.7132 0.555
vn 0.3152 0.6327 0.7074
vn 0.3114 0.7714 0.555
vn 0.25 0.7934 0.555
vn 0.159 0.6887 0.7074
vn 0.0887 0.5931 0.8002
vn 0.0495 0.7051 0.7074
vn -0.005 0.5997 0.8002
vn -0.0613 0.7042 0.7074
vn -0.0986 0.5916 0.8002
vn -0.1705 0.686 0.7074
vn -0.2633 0.7891 0.555
vn -0.3243 0.766 0.555
vn -0.3257 0.6273 0.7074
vn -0.44 0.706 0.555
vn -0.494 0.6693 0.555
vn -0.5449 0.6286 0.555
vn -0.5924 0.5839 0.555
vn -0.6364 0.5357 0.555
vn -0.6764 0.4842 0.555
vn -0.7122 0.4298 0.555
vn -0.632 0.3166 0.7074
vn -0.7706 0.3132 0.555
vn -0.7928 0.2519 0.555
vn -0.8101 0.189 0.555
vn -0.6988 0.1062 0.7074
vn -0.8297 0.0601 0.555
vn -0.7068 -0.0043 0.7074
vn -0.8289 -0.0702 0.555
vn -0.6975 -0.1146 0.7074
vn -0.8077 -0.1988 0.555
vn -0.7897 -0.2615 0.555
vn -0.7668 -0.3225 0.555
vn -0.6281 -0.3243 0.7074
vn -0.707 -0.4383 0.555
vn -0.6705 -0.4924 0.555
vn -0.6298 -0.5434 0.555
vn -0.5853 -0.5911 0.555
vn -0.5372 -0.6351 0.555
vn -0.5224 -0.7258 0.4476
vn -0.4343 -0.7094 0.5551
vn -0.3928 -0.7619 0.5149
vn -0.2745 -0.7605 0.5885
vn -0.1954 -0.6902 0.6967
vn -0.1517 -0.702 0.6958
vn -0.1178 -0.8144 0.5682
vn -0.0519 -0.7404 0.6702
vn -0.8186 -0.5512 -0.1615
vn 0.8186 -0.4888 -0.3016
vn -0.252 -0.1167 -0.9607
vn 0.349 -0.0606 -0.9352
vn 0.7071 -0.7063 -0.0325
vn -0.7071 -0.7059 -0.0403
vn 0.8186 0.5512 -0.1615
vn -0.8186 0.4888 -0.3016
vn 0.252 0.1167 -0.9607
vn -0.349 0.0606 -0.9352
vn -0.7071 0.7063 -0.0325
vn 0.7071 0.7059 -0.0403
vn 0.6844 0.1707 -0.7088
vn 0.6947 0.1224 -0.7088
vn 0.7049 0.0247 -0.7088
vn 0.7703 0.3111 -0.5566
vn 0.634 0.3093 -0.7088
vn 0.5848 0.3944 -0.7088
vn 0.5558 0.4343 -0.7088
vn 0.4901 0.5074 -0.7088
vn 0.4533 0.5404 -0.7088
vn 0.3739 0.5982 -0.7088
vn 0.3311 0.6229 -0.7088
vn 0.2413 0.6628 -0.7088
vn 0.1944 0.6781 -0.7088
vn 0.0982 0.6985 -0.7088
vn 0.0579 0.8288 -0.5566
vn -0.0491 0.7037 -0.7088
vn -0.1321 0.939 -0.3176
vn -0.1944 0.6781 -0.7088
vn -0.2413 0.6628 -0.7088
vn -0.3311 0.6229 -0.7088
vn -0.3739 0.5982 -0.7088
vn -0.4533 0.5404 -0.7088
vn -0.4901 0.5074 -0.7088
vn -0.5558 0.4343 -0.7088
vn -0.5848 0.3944 -0.7088
vn -0.7467 0.3643 -0.5566
vn -0.654 0.2642 -0.7088
vn -0.6844 0.1707 -0.7088
vn -0.6947 0.1224 -0.7088
vn -0.7049 0.0247 -0.7088
vn -0.7049 -0.0247 -0.7088
vn -0.6947 -0.1224 -0.7088
vn -0.6844 -0.1707 -0.7088
vn -0.7703 -0.3111 -0.5566
vn -0.634 -0.3093 -0.7088
vn -0.5848 -0.3944 -0.7088
vn -0.5558 -0.4343 -0.7088
vn -0.4901 -0.5074 -0.7088
vn -0.4533 -0.5404 -0.7088
vn -0.3739 -0.5982 -0.7088
vn -0.3311 -0.6229 -0.7088
vn -0.2413 -0.6628 -0.7088
vn -0.1944 -0.6781 -0.7088
vn -0.0982 -0.6985 -0.7088
vn -0.0579 -0.8288 -0.5566
vn 0.0491 -0.7037 -0.7088
vn 0.1321 -0.939 -0.3176
vn 0.1944 -0.6781 -0.7088
vn 0.2413 -0.6628 -0.7088
vn 0.3311 -0.6229 -0.7088
vn 0.3739 -0.5982 -0.7088
vn 0.4533 -0.5404 -0.7088
vn 0.4901 -0.5074 -0.7088
vn 0.5558 -0.4343 -0.7088
vn 0.5848 -0.3944 -0.7088
vn 0.7467 -0.3643 -0.5566
vn 0.654 -0.2642 -0.7088
vn 0.6844 -0.1707 -0.7088
vn 0.6947 -0.1224 -0.7088
vn 0.7049 -0.0247 -0.7088
vn -0.3172 -0.1359 -0.9386
vn -0.3172 -0.1359 0.9386
vn -0.5002 -0.623 -0.6014
vn -0.1974 -0.2458 0.949
vn -0.2277 -0.3836 0.895
vn -0.3255 -0.6265 -0.7082
vn -0.253 -0.6591 0.7082
vn -0.2154 -0.6723 -0.7082
vn -0.1385 -0.6923 0.7082
vn -0.0991 -0.699 -0.7082
vn -0.0199 -0.7057 0.7082
vn 0.0199 -0.7057 -0.7082
vn 0.0991 -0.699 0.7082
vn 0.1385 -0.6923 -0.7082
vn 0.2154 -0.6723 0.7082
vn 0.253 -0.6591 -0.7082
vn 0.2367 -0.4555 0.8582
vn 0.3603 -0.6071 -0.7082
vn 0.2694 -0.3556 0.895
vn 0.4574 -0.5378 -0.7082
vn 0.2292 -0.1395 0.9633
vn 0.4699 -0.1265 -0.8736
vn 0.5445 0.2333 0.8056
vn 0.622 0.2665 -0.7362
vn 0.5596 0.6969 -0.4485
vn 0.3464 0.4314 0.833
vn 0.4243 0.7148 0.5559
vn 0.3832 0.7376 -0.5559
vn 0.253 0.6591 0.7082
vn 0.2536 0.7916 -0.5559
vn 0.1385 0.6923 0.7082
vn 0.1167 0.823 -0.5559
vn 0.0235 0.8309 0.5559
vn -0.0199 0.7057 -0.7082
vn -0.0991 0.699 0.7082
vn -0.163 0.8151 -0.5559
vn -0.2154 0.6723 0.7082
vn -0.2979 0.776 -0.5559
vn -0.3832 0.7376 0.5559
vn -0.4243 0.7148 -0.5559
vn -0.4263 0.5627 0.7082
vn -0.5386 0.6332 -0.5559
vn -0.4157 0.253 0.8736
vn -0.7844 0.2111 -0.5832
vn 0.2591 0.0697 0.9633
vn 0.289 0.3398 0.895
vn 0.4157 0.253 -0.8736
vn 0.4263 0.5627 -0.7082
vn 0.2277 0.3836 0.895
vn 0.3255 0.6265 -0.7082
vn 0.2154 0.6723 -0.7082
vn 0.0991 0.699 -0.7082
vn 0.0199 0.7057 0.7082
vn -0.1385 0.6923 -0.7082
vn -0.253 0.6591 -0.7082
vn -0.2367 0.4555 0.8582
vn -0.3603 0.6071 -0.7082
vn -0.3464 0.4314 0.833
vn -0.3464 0.4314 -0.833
vn -0.5445 0.2333 -0.8056
vn -0.1662 0.0712 0.9835
vn 0.3172 -0.1359 0.9386
vn 0.8074 -0.346 -0.4778
vn -0.4699 -0.1265 0.8736
vn -0.4574 -0.5378 0.7082
vn -0.6939 -0.4223 -0.5832
vn -0.5019 -0.6626 -0.5559
vn -0.4243 -0.7148 0.5559
vn -0.3832 -0.7376 -0.5559
vn -0.2536 -0.7916 -0.5559
vn -0.1167 -0.823 -0.5559
vn -0.0235 -0.8309 0.5559
vn 0.163 -0.8151 -0.5559
vn 0.2979 -0.776 -0.5559
vn 0.3832 -0.7376 0.5559
vn 0.4243 -0.7148 -0.5559
vn 0.5002 -0.623 0.6014
vn 0.4419 -0.5504 -0.7084
vn 0.5537 -0.0256 -0.8323
vn 0.184 -0.0057 -0.9829
vn -0.3934 -0.0121 -0.9193
vn -0.2832 -0.5273 -0.8011
vn -0.252 -0.7919 -0.5562
vn -0.1022 -0.8248 -0.5562
vn 0.0511 -0.8295 -0.5562
vn 0.2026 -0.806 -0.5562
vn 0.3473 -0.755 -0.5562
vn 0.4077 -0.5761 -0.7084
vn 0.5966 -0.5786 -0.5562
vn 0.6928 -0.4591 -0.5562
vn 0.9264 -0.2029 -0.3173
vn 0.7653 -0.324 -0.5562
vn -0.5211 -0.6474 -0.5562
vn -0.6312 -0.5407 -0.5562
vn -0.7198 -0.4155 -0.5562
vn -0.7839 -0.2762 -0.5562
vn -0.9371 -0.1454 -0.3173
vn 0.507 -0.0787 -0.8584
vn 0.6657 -0.2345 -0.7084
vn 0.6112 -0.3528 -0.7084
vn 0.536 -0.4591 -0.7084
vn 0.4425 -0.5498 -0.7084
vn 0.3339 -0.6218 -0.7084
vn 0.214 -0.6725 -0.7084
vn 0.1022 -0.8248 -0.5562
vn -0.0434 -0.7044 -0.7084
vn -0.1721 -0.6845 -0.7084
vn -0.2949 -0.6412 -0.7084
vn -0.4801 -0.6784 -0.5562
vn -0.5066 -0.4913 -0.7084
vn -0.5883 -0.3899 -0.7084
vn -0.7653 -0.324 -0.5562
vn -0.8118 -0.1779 -0.5562
vn -0.6236 -0.0288 -0.7812
vn 0.5139 -0.0158 -0.8577
vn 0.8213 -0.1274 -0.5562
vn 0.4952 -0.0229 -0.8685
vn 0.7839 -0.2762 -0.5562
vn 0.5211 -0.6474 -0.5562
vn 0.4801 -0.6784 -0.5562
vn 0.2501 -0.5438 -0.8011
vn 0.0868 -0.7004 -0.7084
vn -0.0511 -0.8295 -0.5562
vn -0.3932 -0.7322 -0.5562
vn -0.4077 -0.5761 -0.7084
vn -0.4425 -0.5498 -0.7084
vn -0.6499 -0.2751 -0.7084
vn -0.5012 -0.1098 -0.8584
vn -0.242 -0.0112 -0.9702
vn -0.4467 -0.0138 -0.8946
vn 0.5549 -0.7919 -0.2549
vn -0.5549 -0.7974 -0.2373
vn 0.5549 -0.8071 -0.2018
vn -0.5549 -0.8113 -0.1839
vn 0.5549 -0.8187 -0.1479
vn -0.5549 -0.8217 -0.1297
vn 0.4474 -0.8897 -0.0904
vn -0.7073 -0.7033 -0.0715
vn -0.5549 0.7919 -0.2549
vn 0.5549 0.7974 -0.2373
vn -0.5549 0.8071 -0.2018
vn 0.5549 0.8113 -0.1839
vn -0.5549 0.8187 -0.1479
vn 0.5549 0.8217 -0.1297
vn -0.4474 0.8897 -0.0904
vn 0.7073 0.7033 -0.0715
f 1//1 2//2 3//3
f 1//1 4//4 2//2
f 1//1 5//5 4//4
f 4//4 5//5 6//6
f 7//7 6//6 8//8
f 9//9 8//8 10//10
f 9//9 7//7 8//8
f 9//9 11//11 7//7
f 7//7 11//11 12//12
f 4//4 12//12 2//2
f 4//4 7//7 12//12
f 4//4 6//6 7//7
f 5//5 13//13 6//6
f 6//6 13//13 14//14
f 8//8 14//14 15//15
f 10//10 15//15 16//16
f 10//10 8//8 15//15
f 13//13 17//17 14//14
f 14//14 17//17 18//18
f 15//15 18//18 19//19
f 16//16 19//19 20//20
f 16//16 15//15 19//19
f 17//17 21//21 18//18
f 18//18 21//21 22//22
f 19//19 22//22 23//23
f 20//20 23//23 24//24
f 20//20 19//19 23//23
f 21//21 25//25 22//22
f 22//22 25//25 26//26
f 23//23 26//26 27//27
f 24//24 27//27 28//28
f 24//24 23//23 27//27
f 25//25 29//29 26//26
f 26//26 29//29 30//30
f 27//27 30//30 31//31
f 28//28 31//31 32//32
f 28//28 27//27 31//31
f 29//29 33//33 30//30
f 30//30 33//33 34//34
f 31//31 34//34 35//35
f 32//32 35//35 36//36
f 32//32 31//31 35//35
f 33//33 37//37 34//34
f 34//34 37//37 38//38
f 35//35 38//38 39//39
f 36//36 39//39 40//40
f 36//36 35//35 39//39
f 37//37 41//41 38//38
f 38//38 41//41 42//42
f 39//39 42//42 43//43
f 40//40 43//43 44//44
f 40//40 39//39 43//43
f 41//41 45//45 42//42
f 42//42 45//45 46//46
f 43//43 46//46 47//47
f 44//44 47//47 48//48
f 44//44 43//43 47//47
f 45//45 49//49 46//46
f 46//46 49//49 50//50
f 47//47 50//50 51//51
f 48//48 51//51 52//52
f 48//48 47//47 51//51
f 49//49 53//53 50//50
f 50//50 53//53 54//54
f 51//51 54//54 55//55
f 52//52 55//55 56//56
f 52//52 51//51 55//55
f 53//53 57//57 54//54
f 54//54 57//57 58//58
f 55//55 58//58 59//59
f 56//56 59//59 60//60
f 56//56 55//55 59//59
f 57//57 61//61 58//58
f 58//58 61//61 62//62
f 59//59 62//62 63//63
f 60//60 63//63 64//64
f 60//60 59//59 63//63
f 61//61 65//65 62//62
f 62//62 65//65 66//66
f 63//63 66//66 67//67
f 64//64 67//67 68//68
f 64//64 63//63 67//67
f 65//65 69//69 66//66
f 66//66 69//69 70//70
f 67//67 70//70 71//71
f 68//68 71//71 72//72
f 68//68 67//67 71//71
f 69//69 73//73 70//70
f 70//70 73//73 74//74
f 71//71 74//74 75//75
f 72//72 75//75 76//76
f 72//72 71//71 75//75
f 73//73 77//77 74//74
f 74//74 77//77 78//78
f 75//75 78//78 79//79
f 76//76 79//79 80//80
f 76//76 75//75 79//79
f 77//77 81//81 78//78
f 78//78 81//81 82//82
f 79//79 82//82 83//83
f 80//80 83//83 84//84
f 80//80 79//79 83//83
f 81//81 85//85 82//82
f 82//82 85//85 86//86
f 83//83 86//86 87//87
f 84//84 87//87 88//88
f 84//84 83//83 87//87
f 85//85 89//89 86//86
f 86//86 89//89 90//90
f 87//87 90//90 91//91
f 88//88 91//91 92//92
f 88//88 87//87 91//91
f 89//89 93//93 90//90
f 90//90 93//93 94//94
f 91//91 94//94 95//95
f 92//92 95//95 96//96
f 92//92 91//91 95//95
f 93//93 97//97 94//94
f 94//94 97//97 98//98
f 95//95 98//98 99//99
f 96//96 99//99 100//100
f 96//96 95//95 99//99
f 97//97 101//101 98//98
f 98//98 101//101 102//102
f 99//99 102//102 103//103
f 100//100 103//103 104//104
f 100//100 99//99 103//103
f 101//101 105//105 102//102
f 102//102 105//105 106//106
f 103//103 106//106 107//107
f 104//104 107//107 108//108
f 104//104 103//103 107//107
f 105//105 109//109 106//106
f 106//106 109//109 110//110
f 107//107 110//110 111//111
f 108//108 111//111 112//112
f 108//108 107//107 111//111
f 109//109 113//113 110//110
f 110//110 113//113 114//114
f 111//111 114//114 115//115
f 112//112 115//115 116//116
f 112//112 111//111 115//115
f 113//113 117//117 114//114
f 114//114 117//117 118//118
f 115//115 118//118 119//119
f 116//116 119//119 120//120
f 116//116 115//115 119//119
f 117//117 121//121 118//118
f 118//118 121//121 122//122
f 119//119 122//122 123//123
f 120//120 123//123 124//124
f 120//120 119//119 123//123
f 121//121 125//125 122//122
f 122//122 125//125 126//126
f 123//123 126//126 127//127
f 124//124 127//127 128//128
f 124//124 123//123 127//127
f 125//125 129//129 126//126
f 126//126 129//129 130//130
f 127//127 130//130 131//131
f 128//128 131//131 132//132
f 128//128 127//127 131//131
f 129//129 133//133 130//130
f 130//130 133//133 134//134
f 131//131 134//134 135//135
f 132//132 135//135 136//136
f 132//132 131//131 135//135
f 133//133 137//137 134//134
f 134//134 137//137 138//138
f 135//135 138//138 139//139
f 136//136 139//139 140//140
f 136//136 135//135 139//139
f 137//137 141//141 138//138
f 138//138 141//141 142//142
f 139//139 142//142 143//143
f 140//140 143//143 144//144
f 140//140 139//139 143//143
f 141//141 145//145 142//142
f 142//142 145//145 146//146
f 143//143 146//146 147//147
f 144//144 147//147 148//148
f 144//144 143//143 147//147
f 145//145 149//149 146//146
f 146//146 149//149 150//150
f 147//147 150//150 151//151
f 148//148 151//151 152//152
f 148//148 147//147 151//151
f 149//149 153//153 150//150
f 150//150 153//153 154//154
f 151//151 154//154 155//155
f 152//152 155//155 156//156
f 152//152 151//151 155//155
f 153//153 157//157 154//154
f 154//154 157//157 158//158
f 155//155 158//158 159//159
f 156//156 159//159 160//160
f 156//156 155//155 159//159
f 157//157 161//161 158//158
f 158//158 161//161 162//162
f 159//159 162//162 163//163
f 160//160 163//163 164//164
f 160//160 159//159 163//163
f 161//161 165//165 162//162
f 162//162 165//165 166//166
f 163//163 166//166 167//167
f 164//164 167//167 168//168
f 164//164 163//163 167//167
f 165//165 169//169 166//166
f 166//166 169//169 170//170
f 167//167 170//170 171//171
f 168//168 171//171 172//172
f 168//168 167//167 171//171
f 169//169 173//173 170//170
f 170//170 173//173 174//174
f 171//171 174//174 175//175
f 172//172 175//175 176//176
f 172//172 171//171 175//175
f 173//173 177//177 174//174
f 174//174 177//177 178//178
f 175//175 178//178 179//179
f 176//176 179//179 180//180
f 176//176 175//175 179//179
f 177//177 181//181 178//178
f 178//178 181//181 182//182
f 179//179 182//182 183//183
f 180//180 183//183 184//184
f 180//180 179//179 183//183
f 181//181 185//185 182//182
f 182//182 185//185 186//186
f 183//183 186//186 187//187
f 184//184 187//187 188//188
f 184//184 183//183 187//187
f 185//185 189//189 186//186
f 186//186 189//189 190//190
f 187//187 190//190 191//191
f 188//188 191//191 192//192
f 188//188 187//187 191//191
f 189//189 193//193 190//190
f 190//190 193//193 194//194
f 191//191 194//194 195//195
f 192//192 195//195 196//196
f 192//192 191//191 195//195
f 193//193 197//197 194//194
f 194//194 197//197 198//198
f 195//195 198//198 199//199
f 196//196 199//199 200//200
f 196//196 195//195 199//199
f 197//197 201//201 198//198
f 198//198 201//201 202//202
f 199//199 202//202 203//203
f 200//200 203//203 204//204
f 200//200 199//199 203//203
f 201//201 205//205 202//202
f 202//202 205//205 206//206
f 203//203 206//206 207//207
f 204//204 207//207 208//208
f 204//204 203//203 207//207
f 205//205 209//209 206//206
f 206//206 209//209 210//210
f 207//207 210//210 211//211
f 208//208 211//211 212//212
f 208//208 207//207 211//211
f 209//209 213//213 210//210
f 210//210 213//213 214//214
f 211//211 214//214 215//215
f 212//212 215//215 216//216
f 212//212 211//211 215//215
f 213//213 217//217 214//214
f 214//214 217//217 218//218
f 215//215 218//218 219//219
f 216//216 219//219 220//220
f 216//216 215//215 219//219
f 217//217 221//221 218//218
f 218//218 221//221 222//222
f 219//219 222//222 223//223
f 220//220 223//223 224//224
f 220//220 219//219 223//223
f 221//221 225//225 222//222
f 222//222 225//225 226//226
f 223//223 226//226 227//227
f 224//224 227//227 228//228
f 224//224 223//223 227//227
f 225//225 229//229 226//226
f 226//226 229//229 230//230
f 227//227 230//230 231//231
f 228//228 231//231 232//232
f 228//228 227//227 231//231
f 229//229 233//233 230//230
f 230//230 233//233 234//234
f 231//231 234//234 235//235
f 232//232 235//235 236//236
f 232//232 231//231 235//235
f 233//233 237//237 234//234
f 234//234 237//237 238//238
f 235//235 238//238 239//239
f 236//236 239//239 240//240
f 236//236 235//235 239//239
f 237//237 241//241 238//238
f 238//238 241//241 242//242
f 239//239 242//242 243//243
f 240//240 243//243 244//244
f 240//240 239//239 243//243
f 241//241 245//245 242//242
f 242//242 245//245 246//246
f 243//243 246//246 247//247
f 244//244 247//247 248//248
f 244//244 243//243 247//247
f 245//245 249//249 246//246
f 246//246 249//249 250//250
f 247//247 250//250 251//251
f 248//248 251//251 252//252
f 248//248 247//247 251//251
f 249//249 253//253 250//250
f 250//250 253//253 254//254
f 251//251 254//254 255//255
f 252//252 255//255 256//256
f 252//252 251//251 255//255
f 253//253 257//257 254//254
f 254//254 257//257 258//258
f 255//255 258//258 259//259
f 256//256 259//259 260//260
f 256//256 255//255 259//259
f 257//257 261//261 258//258
f 258//258 261//261 262//262
f 259//259 262//262 263//263
f 260//260 263//263 264//264
f 260//260 259//259 263//263
f 261//261 265//265 262//262
f 262//262 265//265 266//266
f 263//263 266//266 267//267
f 264//264 267//267 268//268
f 264//264 263//263 267//267
f 265//265 269//269 266//266
f 266//266 269//269 270//270
f 267//267 270//270 271//271
f 268//268 271//271 272//272
f 268//268 267//267 271//271
f 269//269 273//273 270//270
f 270//270 273//273 274//274
f 271//271 274//274 275//275
f 272//272 275//275 276//276
f 272//272 271//271 275//275
f 273//273 277//277 274//274
f 274//274 277//277 278//278
f 275//275 278//278 279//279
f 276//276 279//279 280//280
f 276//276 275//275 279//279
f 277//277 281//281 278//278
f 278//278 281//281 282//282
f 279//279 282//282 283//283
f 280//280 283//283 284//284
f 280//280 279//279 283//283
f 281//281 285//285 282//282
f 282//282 285//285 286//286
f 283//283 286//286 287//287
f 284//284 287//287 288//288
f 284//284 283//283 287//287
f 285//285 289//289 286//286
f 286//286 289//289 290//290
f 287//287 290//290 291//291
f 288//288 291//291 292//292
f 288//288 287//287 291//291
f 289//289 293//293 290//290
f 290//290 293//293 294//294
f 291//291 294//294 295//295
f 292//292 295//295 296//296
f 292//292 291//291 295//295
f 293//293 297//297 294//294
f 294//294 297//297 298//298
f 295//295 298//298 299//299
f 296//296 299//299 300//300
f 296//296 295//295 299//299
f 297//297 301//301 298//298
f 298//298 301//301 302//302
f 299//299 302//302 303//303
f 300//300 303//303 304//304
f 300//300 299//299 303//303
f 301//301 305//305 302//302
f 302//302 305//305 306//306
f 303//303 306//306 307//307
f 304//304 307//307 308//308
f 304//304 303//303 307//307
f 305//305 309//309 306//306
f 306//306 309//309 310//310
f 307//307 310//310 311//311
f 308//308 311//311 312//312
f 308//308 307//307 311//311
f 309//309 313//313 310//310
f 310//310 313//313 314//314
f 311//311 314//314 315//315
f 312//312 315//315 316//316
f 312//312 311//311 315//315
f 313//313 317//317 314//314
f 314//314 317//317 318//318
f 315//315 318//318 319//319
f 316//316 319//319 320//320
f 316//316 315//315 319//319
f 317//317 321//321 318//318
f 318//318 321//321 322//322
f 319//319 322//322 323//323
f 320//320 323//323 324//324
f 320//320 319//319 323//323
f 321//321 325//325 322//322
f 322//322 325//325 326//326
f 323//323 326//326 327//327
f 324//324 327//327 328//328
f 324//324 323//323 327//327
f 325//325 329//329 326//326
f 326//326 329//329 330//330
f 327//327 330//330 331//331
f 328//328 331//331 332//332
f 328//328 327//327 331//331
f 329//329 333//333 330//330
f 330//330 333//333 334//334
f 331//331 334//334 335//335
f 332//332 335//335 336//336
f 332//332 331//331 335//335
f 333//333 337//337 334//334
f 334//334 337//337 338//338
f 335//335 338//338 339//339
f 336//336 339//339 340//340
f 336//336 335//335 339//339
f 337//337 341//341 338//338
f 338//338 341//341 342//342
f 339//339 342//342 343//343
f 340//340 343//343 344//344
f 340//340 339//339 343//343
f 341//341 345//345 342//342
f 342//342 345//345 346//346
f 343//343 346//346 347//347
f 344//344 347//347 348//348
f 344//344 343//343 347//347
f 345//345 349//349 346//346
f 346//346 349//349 350//350
f 347//347 350//350 351//351
f 348//348 351//351 352//352
f 348//348 347//347 351//351
f 349//349 353//353 350//350
f 350//350 353//353 354//354
f 351//351 354//354 355//355
f 352//352 355//355 356//356
f 352//352 351//351 355//355
f 353//353 357//357 354//354
f 354//354 357//357 358//358
f 355//355 358//358 359//359
f 356//356 359//359 360//360
f 356//356 355//355 359//359
f 357//357 361//361 358//358
f 358//358 361//361 362//362
f 359//359 362//362 363//363
f 360//360 363//363 364//364
f 360//360 359//359 363//363
f 361//361 365//365 362//362
f 362//362 365//365 366//366
f 363//363 366//366 367//367
f 364//364 367//367 368//368
f 364//364 363//363 367//367
f 365//365 369//369 366//366
f 366//366 369//369 370//370
f 367//367 370//370 371//371
f 368//368 371//371 372//372
f 368//368 367//367 371//371
f 369//369 3//3 370//370
f 370//370 3//3 2//2
f 371//371 2//2 12//12
f 372//372 12//12 11//11
f 372//372 371//371 12//12
f 94//94 91//91 90//90
f 98//98 95//95 94//94
f 2//2 371//371 370//370
f 366//366 370//370 367//367
f 14//14 8//8 6//6
f 18//18 15//15 14//14
f 22//22 19//19 18//18
f 26//26 23//23 22//22
f 30//30 27//27 26//26
f 34//34 31//31 30//30
f 38//38 35//35 34//34
f 42//42 39//39 38//38
f 46//46 43//43 42//42
f 50//50 47//47 46//46
f 54//54 51//51 50//50
f 58//58 55//55 54//54
f 62//62 59//59 58//58
f 66//66 63//63 62//62
f 70//70 67//67 66//66
f 74//74 71//71 70//70
f 78//78 75//75 74//74
f 82//82 79//79 78//78
f 86//86 83//83 82//82
f 90//90 87//87 86//86
f 102//102 99//99 98//98
f 106//106 103//103 102//102
f 110//110 107//107 106//106
f 114//114 111//111 110//110
f 118//118 115//115 114//114
f 122//122 119//119 118//118
f 126//126 123//123 122//122
f 130//130 127//127 126//126
f 134//134 131//131 130//130
f 138//138 135//135 134//134
f 142//142 139//139 138//138
f 146//146 143//143 142//142
f 150//150 147//147 146//146
f 154//154 151//151 150//150
f 158//158 155//155 154//154
f 162//162 159//159 158//158
f 166//166 163//163 162//162
f 170//170 167//167 166//166
f 174//174 171//171 170//170
f 178//178 175//175 174//174
f 182//182 179//179 178//178
f 186//186 183//183 182//182
f 190//190 187//187 186//186
f 194//194 191//191 190//190
f 198//198 195//195 194//194
f 202//202 199//199 198//198
f 206//206 203//203 202//202
f 210//210 207//207 206//206
f 214//214 211//211 210//210
f 218//218 215//215 214//214
f 222//222 219//219 218//218
f 226//226 223//223 222//222
f 230//230 227//227 226//226
f 234//234 231//231 230//230
f 238//238 235//235 234//234
f 242//242 239//239 238//238
f 246//246 243//243 242//242
f 250//250 247//247 246//246
f 254//254 251//251 250//250
f 258//258 255//255 254//254
f 262//262 259//259 258//258
f 266//266 263//263 262//262
f 270//270 267//267 266//266
f 274//274 271//271 270//270
f 278//278 275//275 274//274
f 282//282 279//279 278//278
f 286//286 283//283 282//282
f 290//290 287//287 286//286
f 294//294 291//291 290//290
f 298//298 295//295 294//294
f 302//302 299//299 298//298
f 306//306 303//303 302//302
f 310//310 307//307 306//306
f 314//314 311//311 310//310
f 318//318 315//315 314//314
f 322//322 319//319 318//318
f 326//326 323//323 322//322
f 330//330 327//327 326//326
f 334//334 331//331 330//330
f 338//338 335//335 334//334
f 342//342 339//339 338//338
f 346//346 343//343 342//342
f 350//350 347//347 346//346
f 354//354 351//351 350//350
f 358//358 355//355 354//354
f 362//362 359//359 358//358
f 366//366 363//363 362//362
f 373//373 1//1 374//374
f 373//373 5//5 1//1
f 373//373 375//375 5//5
f 5//5 375//375 13//13
f 13//13 375//375 376//376
f 17//17 376//376 377//377
f 21//21 377//377 378//378
f 25//25 378//378 379//379
f 29//29 379//379 380//380
f 33//33 380//380 381//381
f 37//37 381//381 382//382
f 41//41 382//382 383//383
f 45//45 383//383 384//384
f 49//49 384//384 385//385
f 53//53 385//385 386//386
f 57//57 386//386 387//387
f 61//61 387//387 388//388
f 65//65 388//388 389//389
f 69//69 389//389 390//390
f 73//73 390//390 391//391
f 77//77 391//391 81//81
f 77//77 73//73 391//391
f 13//13 376//376 17//17
f 17//17 377//377 21//21
f 21//21 378//378 25//25
f 25//25 379//379 29//29
f 29//29 380//380 33//33
f 33//33 381//381 37//37
f 37//37 382//382 41//41
f 41//41 383//383 45//45
f 45//45 384//384 49//49
f 49//49 385//385 53//53
f 53//53 386//386 57//57
f 57//57 387//387 61//61
f 61//61 388//388 65//65
f 65//65 389//389 69//69
f 69//69 390//390 73//73
f 391//391 392//392 81//81
f 81//81 392//392 85//85
f 85//85 392//392 393//393
f 89//89 393//393 394//394
f 93//93 394//394 395//395
f 97//97 395//395 396//396
f 101//101 396//396 397//397
f 105//105 397//397 398//398
f 109//109 398//398 399//399
f 113//113 399//399 400//400
f 117//117 400//400 401//401
f 121//121 401//401 402//402
f 125//125 402//402 403//403
f 129//129 403//403 404//404
f 133//133 404//404 405//405
f 137//137 405//405 406//406
f 141//141 406//406 407//407
f 145//145 407//407 408//408
f 149//149 408//408 153//153
f 149//149 145//145 408//408
f 85//85 393//393 89//89
f 89//89 394//394 93//93
f 93//93 395//395 97//97
f 97//97 396//396 101//101
f 101//101 397//397 105//105
f 105//105 398//398 109//109
f 109//109 399//399 113//113
f 113//113 400//400 117//117
f 117//117 401//401 121//121
f 121//121 402//402 125//125
f 125//125 403//403 129//129
f 129//129 404//404 133//133
f 133//133 405//405 137//137
f 137//137 406//406 141//141
f 141//141 407//407 145//145
f 408//408 409//409 153//153
f 153//153 409//409 157//157
f 157//157 409//409 410//410
f 161//161 410//410 411//411
f 165//165 411//411 412//412
f 169//169 412//412 413//413
f 173//173 413//413 414//414
f 177//177 414//414 415//415
f 181//181 415//415 416//416
f 417//417 181//181 416//416
f 417//417 185//185 181//181
f 417//417 189//189 185//185
f 417//417 418//418 189//189
f 189//189 418//418 193//193
f 193//193 418//418 419//419
f 197//197 419//419 420//420
f 201//201 420//420 421//421
f 205//205 421//421 422//422
f 209//209 422//422 423//423
f 213//213 423//423 424//424
f 217//217 424//424 425//425
f 221//221 425//425 426//426
f 225//225 426//426 229//229
f 225//225 221//221 426//426
f 157//157 410//410 161//161
f 161//161 411//411 165//165
f 165//165 412//412 169//169
f 169//169 413//413 173//173
f 173//173 414//414 177//177
f 177//177 415//415 181//181
f 193//193 419//419 197//197
f 197//197 420//420 201//201
f 201//201 421//421 205//205
f 205//205 422//422 209//209
f 209//209 423//423 213//213
f 213//213 424//424 217//217
f 217//217 425//425 221//221
f 426//426 427//427 229//229
f 229//229 427//427 233//233
f 233//233 427//427 428//428
f 237//237 428//428 429//429
f 241//241 429//429 430//430
f 245//245 430//430 431//431
f 249//249 431//431 432//432
f 253//253 432//432 433//433
f 257//257 433//433 434//434
f 261//261 434//434 435//435
f 265//265 435//435 436//436
f 269//269 436//436 437//437
f 273//273 437//437 438//438
f 277//277 438//438 439//439
f 281//281 439//439 440//440
f 285//285 440//440 441//441
f 289//289 441//441 442//442
f 293//293 442//442 443//443
f 297//297 443//443 301//301
f 297//297 293//293 443//443
f 233//233 428//428 237//237
f 237//237 429//429 241//241
f 241//241 430//430 245//245
f 245//245 431//431 249//249
f 249//249 432//432 253//253
f 253//253 433//433 257//257
f 257//257 434//434 261//261
f 261//261 435//435 265//265
f 265//265 436//436 269//269
f 269//269 437//437 273//273
f 273//273 438//438 277//277
f 277//277 439//439 281//281
f 281//281 440//440 285//285
f 285//285 441//441 289//289
f 289//289 442//442 293//293
f 443//443 444//444 301//301
f 301//301 444//444 305//305
f 305//305 444//444 445//445
f 309//309 445//445 446//446
f 313//313 446//446 447//447
f 317//317 447//447 448//448
f 321//321 448//448 449//449
f 325//325 449//449 450//450
f 329//329 450//450 451//451
f 333//333 451//451 452//452
f 337//337 452//452 453//453
f 341//341 453//453 454//454
f 345//345 454//454 455//455
f 349//349 455//455 456//456
f 353//353 456//456 457//457
f 357//357 457//457 458//458
f 361//361 458//458 459//459
f 365//365 459//459 460//460
f 369//369 460//460 374//374
f 3//3 374//374 1//1
f 3//3 369//369 374//374
f 305//305 445//445 309//309
f 309//309 446//446 313//313
f 313//313 447//447 317//317
f 317//317 448//448 321//321
f 321//321 449//449 325//325
f 325//325 450//450 329//329
f 329//329 451//451 333//333
f 333//333 452//452 337//337
f 337//337 453//453 341//341
f 341//341 454//454 345//345
f 345//345 455//455 349//349
f 349//349 456//456 353//353
f 353//353 457//457 357//357
f 357//357 458//458 361//361
f 361//361 459//459 365//365
f 365//365 460//460 369//369
f 461//461 368//368 462//462
f 461//461 364//364 368//368
f 461//461 463//463 364//364
f 364//364 463//463 360//360
f 360//360 463//463 464//464
f 356//356 464//464 465//465
f 352//352 465//465 466//466
f 348//348 466//466 467//467
f 344//344 467//467 468//468
f 340//340 468//468 469//469
f 336//336 469//469 470//470
f 332//332 470//470 471//471
f 328//328 471//471 472//472
f 324//324 472//472 473//473
f 320//320 473//473 474//474
f 316//316 474//474 475//475
f 312//312 475//475 476//476
f 308//308 476//476 477//477
f 304//304 477//477 478//478
f 300//300 478//478 479//479
f 296//296 479//479 480//480
f 292//292 480//480 481//481
f 288//288 481//481 482//482
f 284//284 482//482 483//483
f 280//280 483//483 484//484
f 276//276 484//484 485//485
f 272//272 485//485 486//486
f 268//268 486//486 487//487
f 264//264 487//487 488//488
f 260//260 488//488 489//489
f 256//256 489//489 490//490
f 252//252 490//490 491//491
f 248//248 491//491 492//492
f 244//244 492//492 493//493
f 240//240 493//493 494//494
f 236//236 494//494 495//495
f 232//232 495//495 496//496
f 228//228 496//496 497//497
f 224//224 497//497 498//498
f 220//220 498//498 499//499
f 216//216 499//499 500//500
f 212//212 500//500 501//501
f 208//208 501//501 502//502
f 204//204 502//502 503//503
f 200//200 503//503 504//504
f 196//196 504//504 505//505
f 192//192 505//505 506//506
f 188//188 506//506 507//507
f 184//184 507//507 508//508
f 180//180 508//508 509//509
f 176//176 509//509 510//510
f 172//172 510//510 511//511
f 168//168 511//511 512//512
f 164//164 512//512 513//513
f 160//160 513//513 514//514
f 156//156 514//514 515//515
f 152//152 515//515 516//516
f 148//148 516//516 517//517
f 144//144 517//517 518//518
f 140//140 518//518 519//519
f 136//136 519//519 520//520
f 132//132 520//520 521//521
f 128//128 521//521 522//522
f 124//124 522//522 523//523
f 120//120 523//523 524//524
f 116//116 524//524 525//525
f 112//112 525//525 526//526
f 108//108 526//526 527//527
f 104//104 527//527 528//528
f 100//100 528//528 529//529
f 96//96 529//529 530//530
f 92//92 530//530 531//531
f 88//88 531//531 532//532
f 84//84 532//532 533//533
f 80//80 533//533 534//534
f 76//76 534//534 535//535
f 72//72 535//535 536//536
f 68//68 536//536 537//537
f 64//64 537//537 538//538
f 60//60 538//538 539//539
f 56//56 539//539 540//540
f 52//52 540//540 541//541
f 48//48 541//541 542//542
f 44//44 542//542 543//543
f 40//40 543//543 544//544
f 36//36 544//544 545//545
f 32//32 545//545 546//546
f 28//28 546//546 547//547
f 24//24 547//547 548//548
f 20//20 548//548 549//549
f 16//16 549//549 550//550
f 10//10 550//550 551//551
f 9//9 551//551 552//552
f 11//11 552//552 553//553
f 372//372 553//553 462//462
f 368//368 372//372 462//462
f 360//360 464//464 356//356
f 356//356 465//465 352//352
f 352//352 466//466 348//348
f 348//348 467//467 344//344
f 344//344 468//468 340//340
f 340//340 469//469 336//336
f 336//336 470//470 332//332
f 332//332 471//471 328//328
f 328//328 472//472 324//324
f 324//324 473//473 320//320
f 320//320 474//474 316//316
f 316//316 475//475 312//312
f 312//312 476//476 308//308
f 308//308 477//477 304//304
f 304//304 478//478 300//300
f 300//300 479//479 296//296
f 296//296 480//480 292//292
f 292//292 481//481 288//288
f 288//288 482//482 284//284
f 284//284 483//483 280//280
f 280//280 484//484 276//276
f 276//276 485//485 272//272
f 272//272 486//486 268//268
f 268//268 487//487 264//264
f 264//264 488//488 260//260
f 260//260 489//489 256//256
f 256//256 490//490 252//252
f 252//252 491//491 248//248
f 248//248 492//492 244//244
f 244//244 493//493 240//240
f 240//240 494//494 236//236
f 236//236 495//495 232//232
f 232//232 496//496 228//228
f 228//228 497//497 224//224
f 224//224 498//498 220//220
f 220//220 499//499 216//216
f 216//216 500//500 212//212
f 212//212 501//501 208//208
f 208//208 502//502 204//204
f 204//204 503//503 200//200
f 200//200 504//504 196//196
f 196//196 505//505 192//192
f 192//192 506//506 188//188
f 188//188 507//507 184//184
f 184//184 508//508 180//180
f 180//180 509//509 176//176
f 176//176 510//510 172//172
f 172//172 511//511 168//168
f 168//168 512//512 164//164
f 164//164 513//513 160//160
f 160//160 514//514 156//156
f 156//156 515//515 152//152
f 152//152 516//516 148//148
f 148//148 517//517 144//144
f 144//144 518//518 140//140
f 140//140 519//519 136//136
f 136//136 520//520 132//132
f 132//132 521//521 128//128
f 128//128 522//522 124//124
f 124//124 523//523 120//120
f 120//120 524//524 116//116
f 116//116 525//525 112//112
f 112//112 526//526 108//108
f 108//108 527//527 104//104
f 104//104 528//528 100//100
f 100//100 529//529 96//96
f 96//96 530//530 92//92
f 92//92 531//531 88//88
f 88//88 532//532 84//84
f 84//84 533//533 80//80
f 80//80 534//534 76//76
f 76//76 535//535 72//72
f 72//72 536//536 68//68
f 68//68 537//537 64//64
f 64//64 538//538 60//60
f 60//60 539//539 56//56
f 56//56 540//540 52//52
f 52//52 541//541 48//48
f 48//48 542//542 44//44
f 44//44 543//543 40//40
f 40//40 544//544 36//36
f 36//36 545//545 32//32
f 32//32 546//546 28//28
f 28//28 547//547 24//24
f 24//24 548//548 20//20
f 20//20 549//549 16//16
f 16//16 550//550 10//10
f 10//10 551//551 9//9
f 9//9 552//552 11//11
f 11//11 553//553 372//372
f 554//554 555//555 556//556
f 554//554 557//557 555//555
f 554//554 558//558 557//557
f 557//557 558//558 559//559
f 560//560 559//559 561//561
f 376//376 561//561 377//377
f 376//376 560//560 561//561
f 376//376 375//375 560//560
f 560//560 375//375 562//562
f 557//557 562//562 555//555
f 557//557 560//560 562//562
f 557//557 559//559 560//560
f 558//558 563//563 559//559
f 559//559 563//563 564//564
f 561//561 564//564 565//565
f 377//377 565//565 378//378
f 377//377 561//561 565//565
f 563//563 566//566 564//564
f 564//564 566//566 567//567
f 565//565 567//567 568//568
f 378//378 568//568 379//379
f 378//378 565//565 568//568
f 566//566 569//569 567//567
f 567//567 569//569 570//570
f 568//568 570//570 571//571
f 379//379 571//571 380//380
f 379//379 568//568 571//571
f 569//569 572//572 570//570
f 570//570 572//572 573//573
f 571//571 573//573 574//574
f 380//380 574//574 381//381
f 380//380 571//571 574//574
f 572//572 575//575 573//573
f 573//573 575//575 576//576
f 574//574 576//576 577//577
f 381//381 577//577 382//382
f 381//381 574//574 577//577
f 575//575 578//578 576//576
f 576//576 578//578 579//579
f 577//577 579//579 382//382
f 577//577 576//576 579//579
f 578//578 580//580 579//579
f 579//579 580//580 581//581
f 582//582 581//581 383//383
f 382//382 582//582 383//383
f 382//382 579//579 582//582
f 582//582 579//579 581//581
f 580//580 583//583 581//581
f 581//581 583//583 584//584
f 585//585 584//584 384//384
f 383//383 585//585 384//384
f 383//383 581//581 585//585
f 585//585 581//581 584//584
f 583//583 586//586 584//584
f 584//584 586//586 587//587
f 588//588 587//587 385//385
f 384//384 588//588 385//385
f 384//384 584//584 588//588
f 588//588 584//584 587//587
f 586//586 589//589 587//587
f 587//587 589//589 590//590
f 591//591 590//590 386//386
f 385//385 591//591 386//386
f 385//385 587//587 591//591
f 591//591 587//587 590//590
f 589//589 592//592 590//590
f 590//590 592//592 593//593
f 594//594 593//593 387//387
f 386//386 594//594 387//387
f 386//386 590//590 594//594
f 594//594 590//590 593//593
f 592//592 595//595 593//593
f 593//593 595//595 596//596
f 597//597 596//596 388//388
f 387//387 597//597 388//388
f 387//387 593//593 597//597
f 597//597 593//593 596//596
f 595//595 598//598 596//596
f 596//596 598//598 599//599
f 600//600 599//599 389//389
f 388//388 600//600 389//389
f 388//388 596//596 600//600
f 600//600 596//596 599//599
f 598//598 601//601 599//599
f 599//599 601//601 602//602
f 603//603 602//602 390//390
f 389//389 603//603 390//390
f 389//389 599//599 603//603
f 603//603 599//599 602//602
f 601//601 604//604 602//602
f 602//602 604//604 605//605
f 606//606 605//605 391//391
f 390//390 606//606 391//391
f 390//390 602//602 606//606
f 606//606 602//602 605//605
f 604//604 607//607 605//605
f 605//605 607//607 608//608
f 609//609 608//608 392//392
f 391//391 609//609 392//392
f 391//391 605//605 609//609
f 609//609 605//605 608//608
f 607//607 610//610 608//608
f 608//608 610//610 611//611
f 612//612 611//611 613//613
f 393//393 613//613 394//394
f 393//393 612//612 613//613
f 393//393 392//392 612//612
f 612//612 392//392 608//608
f 611//611 612//612 608//608
f 610//610 614//614 611//611
f 611//611 614//614 615//615
f 613//613 615//615 616//616
f 394//394 616//616 395//395
f 394//394 613//613 616//616
f 614//614 617//617 615//615
f 615//615 617//617 618//618
f 616//616 618//618 619//619
f 395//395 619//619 620//620
f 396//396 620//620 621//621
f 397//397 621//621 622//622
f 398//398 622//622 623//623
f 399//399 623//623 624//624
f 400//400 624//624 625//625
f 401//401 625//625 626//626
f 402//402 626//626 627//627
f 403//403 627//627 628//628
f 404//404 628//628 629//629
f 630//630 629//629 631//631
f 405//405 631//631 632//632
f 406//406 632//632 633//633
f 634//634 633//633 635//635
f 407//407 635//635 636//636
f 408//408 636//636 637//637
f 638//638 637//637 639//639
f 409//409 639//639 640//640
f 410//410 640//640 641//641
f 642//642 641//641 643//643
f 411//411 643//643 644//644
f 412//412 644//644 645//645
f 646//646 645//645 647//647
f 413//413 647//647 648//648
f 414//414 648//648 649//649
f 650//650 649//649 651//651
f 652//652 651//651 653//653
f 654//654 653//653 655//655
f 656//656 655//655 657//657
f 658//658 657//657 659//659
f 660//660 659//659 661//661
f 662//662 661//661 663//663
f 664//664 663//663 665//665
f 666//666 665//665 667//667
f 668//668 667//667 669//669
f 670//670 669//669 671//671
f 672//672 671//671 673//673
f 674//674 673//673 675//675
f 426//426 675//675 676//676
f 427//427 676//676 677//677
f 678//678 677//677 679//679
f 428//428 679//679 680//680
f 429//429 680//680 681//681
f 682//682 681//681 683//683
f 430//430 683//683 684//684
f 431//431 684//684 685//685
f 686//686 685//685 687//687
f 432//432 687//687 688//688
f 433//433 688//688 689//689
f 690//690 689//689 691//691
f 434//434 691//691 692//692
f 435//435 692//692 693//693
f 694//694 693//693 695//695
f 436//436 695//695 696//696
f 437//437 696//696 697//697
f 438//438 697//697 698//698
f 439//439 698//698 699//699
f 700//700 699//699 701//701
f 702//702 701//701 703//703
f 704//704 702//702 703//703
f 704//704 705//705 702//702
f 704//704 706//706 705//705
f 705//705 706//706 707//707
f 708//708 707//707 709//709
f 442//442 709//709 443//443
f 442//442 708//708 709//709
f 442//442 441//441 708//708
f 708//708 441//441 710//710
f 705//705 710//710 702//702
f 705//705 708//708 710//710
f 705//705 707//707 708//708
f 617//617 711//711 618//618
f 618//618 711//711 712//712
f 619//619 712//712 620//620
f 619//619 618//618 712//712
f 712//712 711//711 713//713
f 620//620 713//713 621//621
f 620//620 712//712 713//713
f 714//714 715//715 716//716
f 714//714 717//717 715//715
f 714//714 718//718 717//717
f 717//717 718//718 719//719
f 623//623 719//719 624//624
f 623//623 717//717 719//719
f 623//623 622//622 717//717
f 717//717 622//622 715//715
f 715//715 622//622 621//621
f 713//713 715//715 621//621
f 713//713 716//716 715//715
f 713//713 711//711 716//716
f 718//718 720//720 719//719
f 719//719 720//720 721//721
f 624//624 721//721 625//625
f 624//624 719//719 721//721
f 720//720 722//722 721//721
f 721//721 722//722 723//723
f 625//625 723//723 626//626
f 625//625 721//721 723//723
f 722//722 724//724 723//723
f 723//723 724//724 725//725
f 626//626 725//725 627//627
f 626//626 723//723 725//725
f 724//724 726//726 725//725
f 725//725 726//726 727//727
f 627//627 727//727 628//628
f 627//627 725//725 727//727
f 726//726 728//728 727//727
f 727//727 728//728 629//629
f 628//628 727//727 629//629
f 728//728 729//729 629//629
f 629//629 729//729 631//631
f 631//631 729//729 730//730
f 633//633 730//730 731//731
f 635//635 731//731 732//732
f 637//637 732//732 733//733
f 639//639 733//733 734//734
f 641//641 734//734 735//735
f 643//643 735//735 736//736
f 645//645 736//736 737//737
f 647//647 737//737 738//738
f 649//649 738//738 739//739
f 651//651 739//739 740//740
f 653//653 740//740 741//741
f 655//655 741//741 742//742
f 657//657 742//742 659//659
f 657//657 655//655 742//742
f 631//631 730//730 633//633
f 632//632 631//631 633//633
f 633//633 731//731 635//635
f 635//635 732//732 637//637
f 636//636 635//635 637//637
f 637//637 733//733 639//639
f 639//639 734//734 641//641
f 640//640 639//639 641//641
f 641//641 735//735 643//643
f 643//643 736//736 645//645
f 644//644 643//643 645//645
f 645//645 737//737 647//647
f 647//647 738//738 649//649
f 648//648 647//647 649//649
f 649//649 739//739 651//651
f 651//651 740//740 653//653
f 653//653 741//741 655//655
f 742//742 743//743 659//659
f 659//659 743//743 661//661
f 661//661 743//743 744//744
f 663//663 744//744 745//745
f 665//665 745//745 746//746
f 667//667 746//746 747//747
f 669//669 747//747 748//748
f 671//671 748//748 749//749
f 673//673 749//749 750//750
f 675//675 750//750 751//751
f 677//677 751//751 752//752
f 679//679 752//752 753//753
f 681//681 753//753 754//754
f 683//683 754//754 755//755
f 685//685 755//755 756//756
f 687//687 756//756 757//757
f 689//689 757//757 758//758
f 691//691 758//758 759//759
f 693//693 759//759 760//760
f 695//695 760//760 761//761
f 762//762 761//761 763//763
f 764//764 763//763 765//765
f 766//766 765//765 703//703
f 701//701 766//766 703//703
f 701//701 699//699 766//766
f 766//766 699//699 698//698
f 764//764 698//698 697//697
f 762//762 697//697 696//696
f 695//695 762//762 696//696
f 695//695 761//761 762//762
f 661//661 744//744 663//663
f 663//663 745//745 665//665
f 665//665 746//746 667//667
f 667//667 747//747 669//669
f 669//669 748//748 671//671
f 671//671 749//749 673//673
f 673//673 750//750 675//675
f 675//675 751//751 677//677
f 676//676 675//675 677//677
f 677//677 752//752 679//679
f 679//679 753//753 681//681
f 680//680 679//679 681//681
f 681//681 754//754 683//683
f 683//683 755//755 685//685
f 684//684 683//683 685//685
f 685//685 756//756 687//687
f 687//687 757//757 689//689
f 688//688 687//687 689//689
f 689//689 758//758 691//691
f 691//691 759//759 693//693
f 692//692 691//691 693//693
f 693//693 760//760 695//695
f 762//762 763//763 764//764
f 697//697 762//762 764//764
f 764//764 765//765 766//766
f 698//698 764//764 766//766
f 706//706 767//767 707//707
f 707//707 767//767 768//768
f 709//709 768//768 769//769
f 443//443 769//769 444//444
f 443//443 709//709 769//769
f 767//767 770//770 768//768
f 768//768 770//770 771//771
f 769//769 771//771 772//772
f 444//444 772//772 445//445
f 444//444 769//769 772//772
f 770//770 773//773 771//771
f 771//771 773//773 774//774
f 772//772 774//774 775//775
f 445//445 775//775 446//446
f 445//445 772//772 775//775
f 773//773 776//776 774//774
f 774//774 776//776 777//777
f 775//775 777//777 778//778
f 446//446 778//778 447//447
f 446//446 775//775 778//778
f 776//776 779//779 777//777
f 777//777 779//779 780//780
f 778//778 780//780 781//781
f 447//447 781//781 448//448
f 447//447 778//778 781//781
f 779//779 782//782 780//780
f 780//780 782//782 783//783
f 781//781 783//783 448//448
f 781//781 780//780 783//783
f 782//782 784//784 783//783
f 783//783 784//784 785//785
f 786//786 785//785 449//449
f 448//448 786//786 449//449
f 448//448 783//783 786//786
f 786//786 783//783 785//785
f 784//784 787//787 785//785
f 785//785 787//787 788//788
f 789//789 788//788 450//450
f 449//449 789//789 450//450
f 449//449 785//785 789//789
f 789//789 785//785 788//788
f 787//787 790//790 788//788
f 788//788 790//790 791//791
f 792//792 791//791 451//451
f 450//450 792//792 451//451
f 450//450 788//788 792//792
f 792//792 788//788 791//791
f 790//790 793//793 791//791
f 791//791 793//793 794//794
f 795//795 794//794 452//452
f 451//451 795//795 452//452
f 451//451 791//791 795//795
f 795//795 791//791 794//794
f 793//793 796//796 794//794
f 794//794 796//796 797//797
f 798//798 797//797 453//453
f 452//452 798//798 453//453
f 452//452 794//794 798//798
f 798//798 794//794 797//797
f 796//796 799//799 797//797
f 797//797 799//799 800//800
f 801//801 800//800 454//454
f 453//453 801//801 454//454
f 453//453 797//797 801//801
f 801//801 797//797 800//800
f 799//799 802//802 800//800
f 800//800 802//802 803//803
f 804//804 803//803 455//455
f 454//454 804//804 455//455
f 454//454 800//800 804//804
f 804//804 800//800 803//803
f 802//802 805//805 803//803
f 803//803 805//805 806//806
f 807//807 806//806 456//456
f 455//455 807//807 456//456
f 455//455 803//803 807//807
f 807//807 803//803 806//806
f 805//805 808//808 806//806
f 806//806 808//808 809//809
f 810//810 809//809 457//457
f 456//456 810//810 457//457
f 456//456 806//806 810//810
f 810//810 806//806 809//809
f 808//808 811//811 809//809
f 809//809 811//811 812//812
f 813//813 812//812 458//458
f 457//457 813//813 458//458
f 457//457 809//809 813//813
f 813//813 809//809 812//812
f 811//811 814//814 812//812
f 812//812 814//814 815//815
f 816//816 815//815 817//817
f 459//459 817//817 460//460
f 459//459 816//816 817//817
f 459//459 458//458 816//816
f 816//816 458//458 812//812
f 815//815 816//816 812//812
f 814//814 818//818 815//815
f 815//815 818//818 819//819
f 817//817 819//819 820//820
f 460//460 820//820 374//374
f 460//460 817//817 820//820
f 818//818 821//821 819//819
f 819//819 821//821 822//822
f 820//820 822//822 823//823
f 374//374 823//823 824//824
f 373//373 824//824 562//562
f 375//375 373//373 562//562
f 821//821 556//556 822//822
f 822//822 556//556 825//825
f 823//823 825//825 824//824
f 823//823 822//822 825//825
f 823//823 374//374 820//820
f 441//441 440//440 710//710
f 710//710 440//440 700//700
f 702//702 700//700 701//701
f 702//702 710//710 700//700
f 440//440 439//439 700//700
f 700//700 439//439 699//699
f 439//439 438//438 698//698
f 438//438 437//437 697//697
f 437//437 436//436 696//696
f 695//695 436//436 694//694
f 694//694 436//436 435//435
f 693//693 694//694 435//435
f 435//435 434//434 692//692
f 691//691 434//434 690//690
f 690//690 434//434 433//433
f 689//689 690//690 433//433
f 433//433 432//432 688//688
f 687//687 432//432 686//686
f 686//686 432//432 431//431
f 685//685 686//686 431//431
f 431//431 430//430 684//684
f 683//683 430//430 682//682
f 682//682 430//430 429//429
f 681//681 682//682 429//429
f 429//429 428//428 680//680
f 679//679 428//428 678//678
f 678//678 428//428 427//427
f 677//677 678//678 427//427
f 427//427 426//426 676//676
f 675//675 426//426 674//674
f 674//674 426//426 425//425
f 672//672 425//425 424//424
f 670//670 424//424 423//423
f 668//668 423//423 422//422
f 666//666 422//422 421//421
f 664//664 421//421 420//420
f 662//662 420//420 419//419
f 660//660 419//419 418//418
f 658//658 418//418 417//417
f 656//656 417//417 654//654
f 655//655 656//656 654//654
f 674//674 425//425 672//672
f 673//673 674//674 672//672
f 672//672 424//424 670//670
f 671//671 672//672 670//670
f 670//670 423//423 668//668
f 669//669 670//670 668//668
f 668//668 422//422 666//666
f 667//667 668//668 666//666
f 666//666 421//421 664//664
f 665//665 666//666 664//664
f 664//664 420//420 662//662
f 663//663 664//664 662//662
f 662//662 419//419 660//660
f 661//661 662//662 660//660
f 660//660 418//418 658//658
f 659//659 660//660 658//658
f 417//417 416//416 654//654
f 654//654 416//416 652//652
f 653//653 654//654 652//652
f 416//416 415//415 652//652
f 652//652 415//415 650//650
f 651//651 652//652 650//650
f 415//415 414//414 650//650
f 650//650 414//414 649//649
f 414//414 413//413 648//648
f 647//647 413//413 646//646
f 646//646 413//413 412//412
f 645//645 646//646 412//412
f 412//412 411//411 644//644
f 643//643 411//411 642//642
f 642//642 411//411 410//410
f 641//641 642//642 410//410
f 410//410 409//409 640//640
f 639//639 409//409 638//638
f 638//638 409//409 408//408
f 637//637 638//638 408//408
f 408//408 407//407 636//636
f 635//635 407//407 634//634
f 634//634 407//407 406//406
f 633//633 634//634 406//406
f 406//406 405//405 632//632
f 631//631 405//405 630//630
f 630//630 405//405 404//404
f 629//629 630//630 404//404
f 404//404 403//403 628//628
f 403//403 402//402 627//627
f 402//402 401//401 626//626
f 401//401 400//400 625//625
f 400//400 399//399 624//624
f 399//399 398//398 623//623
f 398//398 397//397 622//622
f 397//397 396//396 621//621
f 396//396 395//395 620//620
f 619//619 395//395 616//616
f 373//373 374//374 824//824
f 657//657 658//658 656//656
f 656//656 658//658 417//417
f 556//556 555//555 825//825
f 825//825 555//555 824//824
f 824//824 555//555 562//562
f 564//564 561//561 559//559
f 567//567 565//565 564//564
f 570//570 568//568 567//567
f 573//573 571//571 570//570
f 576//576 574//574 573//573
f 615//615 613//613 611//611
f 618//618 616//616 615//615
f 768//768 709//709 707//707
f 771//771 769//769 768//768
f 774//774 772//772 771//771
f 777//777 775//775 774//774
f 780//780 778//778 777//777
f 819//819 817//817 815//815
f 822//822 820//820 819//819
f 826//826 827//827 828//828
f 731//731 828//828 829//829
f 830//830 731//731 829//829
f 830//830 732//732 731//731
f 830//830 831//831 732//732
f 732//732 831//831 733//733
f 733//733 831//831 832//832
f 734//734 832//832 833//833
f 735//735 833//833 834//834
f 736//736 834//834 835//835
f 836//836 736//736 835//835
f 836//836 737//737 736//736
f 836//836 837//837 737//737
f 836//836 838//838 837//837
f 837//837 838//838 839//839
f 840//840 837//837 839//839
f 840//840 841//841 837//837
f 837//837 841//841 738//738
f 737//737 837//837 738//738
f 733//733 832//832 734//734
f 734//734 833//833 735//735
f 735//735 834//834 736//736
f 738//738 841//841 842//842
f 843//843 842//842 844//844
f 843//843 738//738 842//842
f 843//843 845//845 738//738
f 738//738 845//845 846//846
f 847//847 738//738 846//846
f 847//847 739//739 738//738
f 847//847 848//848 739//739
f 739//739 848//848 849//849
f 850//850 739//739 849//849
f 850//850 740//740 739//739
f 850//850 851//851 740//740
f 740//740 851//851 852//852
f 741//741 852//852 853//853
f 854//854 741//741 853//853
f 854//854 742//742 741//741
f 854//854 855//855 742//742
f 742//742 855//855 856//856
f 857//857 742//742 856//856
f 857//857 743//743 742//742
f 857//857 858//858 743//743
f 743//743 858//858 744//744
f 744//744 858//858 859//859
f 860//860 744//744 859//859
f 860//860 745//745 744//744
f 860//860 861//861 745//745
f 745//745 861//861 862//862
f 863//863 745//745 862//862
f 863//863 746//746 745//745
f 863//863 864//864 746//746
f 863//863 865//865 864//864
f 864//864 865//865 866//865
f 867//865 864//864 866//865
f 841//841 868//866 842//842
f 842//842 868//866 844//844
f 740//740 852//852 741//741
f 746//746 864//864 869//867
f 747//747 869//867 870//868
f 871//869 870//868 872//870
f 873//871 871//869 872//870
f 873//871 874//872 871//869
f 871//869 874//872 875//873
f 747//747 875//873 748//748
f 747//747 871//869 875//873
f 747//747 870//868 871//869
f 864//864 876//874 869//867
f 869//867 876//874 870//868
f 875//873 877//875 748//748
f 748//748 877//875 878//876
f 749//749 878//876 879//877
f 750//750 879//877 880//878
f 751//751 880//878 881//879
f 752//752 881//879 882//880
f 883//881 752//752 882//880
f 883//881 753//753 752//752
f 883//881 884//882 753//753
f 883//881 885//883 884//882
f 884//882 885//883 886//884
f 754//754 886//884 887//885
f 755//755 887//885 888//886
f 889//887 888//886 890//888
f 756//756 890//888 891//889
f 757//757 891//889 892//890
f 893//891 892//890 894//892
f 758//758 894//892 895//893
f 759//759 895//893 896//894
f 760//760 896//894 897//895
f 761//761 897//895 898//896
f 763//763 898//896 899//897
f 765//765 899//897 900//898
f 703//703 900//898 901//899
f 704//704 901//899 902//900
f 706//706 902//900 903//901
f 767//767 903//901 904//902
f 770//770 904//902 905//903
f 773//773 905//903 906//904
f 776//776 906//904 907//905
f 908//906 907//905 909//907
f 910//908 909//907 911//909
f 912//910 911//909 913//911
f 914//912 913//911 915//913
f 916//914 915//913 917//915
f 918//916 917//915 919//917
f 920//918 919//917 921//919
f 922//920 921//919 923//921
f 924//922 923//921 925//923
f 926//924 925//923 927//925
f 928//926 927//925 929//927
f 930//928 929//927 931//929
f 932//930 930//928 931//929
f 932//930 933//931 930//928
f 930//928 933//931 811//811
f 928//926 811//811 808//808
f 926//924 808//808 805//805
f 924//922 805//805 802//802
f 922//920 802//802 799//799
f 920//918 799//799 796//796
f 918//916 796//796 793//793
f 916//914 793//793 790//790
f 914//912 790//790 787//787
f 912//910 787//787 784//784
f 910//908 784//784 782//782
f 779//779 910//908 782//782
f 779//779 908//906 910//908
f 779//779 776//776 908//906
f 908//906 776//776 907//905
f 748//748 878//876 749//749
f 749//749 879//877 750//750
f 750//750 880//878 751//751
f 751//751 881//879 752//752
f 886//884 888//886 887//885
f 755//755 888//886 889//887
f 756//756 889//887 890//888
f 756//756 755//755 889//887
f 890//888 892//890 891//889
f 757//757 892//890 893//891
f 758//758 893//891 894//892
f 758//758 757//757 893//891
f 894//892 934//932 895//893
f 895//893 934//932 896//894
f 896//894 934//932 935//933
f 897//895 935//933 936//934
f 898//896 936//934 937//935
f 899//897 937//935 938//936
f 900//898 938//936 939//937
f 901//899 939//937 940//938
f 902//900 940//938 941//939
f 903//901 941//939 942//940
f 904//902 942//940 943//941
f 905//903 943//941 944//942
f 906//904 944//942 945//943
f 907//905 945//943 909//907
f 907//905 906//904 945//943
f 896//894 935//933 897//895
f 897//895 936//934 898//896
f 898//896 937//935 899//897
f 899//897 938//936 900//898
f 900//898 939//937 901//899
f 901//899 940//938 902//900
f 902//900 941//939 903//901
f 903//901 942//940 904//902
f 904//902 943//941 905//903
f 905//903 944//942 906//904
f 908//906 909//907 910//908
f 910//908 911//909 912//910
f 784//784 910//908 912//910
f 912//910 913//911 914//912
f 787//787 912//910 914//912
f 914//912 915//913 916//914
f 790//790 914//912 916//914
f 916//914 917//915 918//916
f 793//793 916//914 918//916
f 918//916 919//917 920//918
f 796//796 918//916 920//918
f 920//918 921//919 922//920
f 799//799 920//918 922//920
f 922//920 923//921 924//922
f 802//802 922//920 924//922
f 924//922 925//923 926//924
f 805//805 924//922 926//924
f 926//924 927//925 928//926
f 808//808 926//924 928//926
f 928//926 929//927 930//928
f 811//811 928//926 930//928
f 933//931 946//944 811//811
f 811//811 946//944 947//945
f 948//946 811//811 947//945
f 948//946 814//814 811//811
f 948//946 949//947 814//814
f 814//814 949//947 950//948
f 951//949 814//814 950//948
f 951//949 818//818 814//814
f 951//949 952//950 818//818
f 818//818 952//950 953//951
f 821//821 953//951 954//952
f 955//953 821//821 954//952
f 955//953 556//556 821//821
f 955//953 956//954 556//556
f 556//556 956//954 957//955
f 554//554 957//955 958//956
f 959//957 554//554 958//956
f 959//957 558//558 554//554
f 959//957 960//958 558//558
f 558//558 960//958 961//959
f 563//563 961//959 962//960
f 963//961 563//563 962//960
f 963//961 964//962 563//563
f 563//563 964//962 566//566
f 566//566 964//962 965//963
f 966//964 965//963 967//965
f 968//966 966//964 967//965
f 968//966 969//967 966//964
f 968//966 970//968 969//967
f 969//967 970//968 971//969
f 572//572 971//969 575//575
f 572//572 969//967 971//969
f 572//572 569//569 969//967
f 969//967 569//569 966//964
f 966//964 569//569 566//566
f 965//963 966//964 566//566
f 818//818 953//951 821//821
f 556//556 957//955 554//554
f 558//558 961//959 563//563
f 964//962 972//970 965//963
f 965//963 972//970 973//971
f 974//972 965//963 973//971
f 970//968 975//973 971//969
f 971//969 975//973 976//974
f 575//575 976//974 578//578
f 575//575 971//969 976//974
f 975//973 977//975 976//974
f 976//974 977//975 978//976
f 578//578 978//976 580//580
f 578//578 976//974 978//976
f 977//975 979//977 978//976
f 978//976 979//977 980//978
f 580//580 980//978 583//583
f 580//580 978//976 980//978
f 979//977 981//979 980//978
f 980//978 981//979 982//980
f 583//583 982//980 586//586
f 583//583 980//978 982//980
f 981//979 983//981 982//980
f 982//980 983//981 984//982
f 586//586 984//982 589//589
f 586//586 982//980 984//982
f 983//981 985//983 984//982
f 984//982 985//983 986//984
f 589//589 986//984 592//592
f 589//589 984//982 986//984
f 985//983 987//985 986//984
f 986//984 987//985 988//986
f 592//592 988//986 595//595
f 592//592 986//984 988//986
f 987//985 989//987 988//986
f 988//986 989//987 990//988
f 595//595 990//988 598//598
f 595//595 988//986 990//988
f 989//987 991//989 990//988
f 990//988 991//989 992//990
f 598//598 992//990 601//601
f 598//598 990//988 992//990
f 992//990 991//989 993//991
f 601//601 993//991 604//604
f 601//601 992//990 993//991
f 994//992 995//993 996//994
f 994//992 997//995 995//993
f 994//992 998//996 997//995
f 997//995 998//996 999//997
f 610//610 999//997 614//614
f 610//610 997//995 999//997
f 610//610 607//607 997//995
f 997//995 607//607 995//993
f 995//993 607//607 604//604
f 993//991 995//993 604//604
f 993//991 996//994 995//993
f 993//991 991//989 996//994
f 998//996 1000//998 999//997
f 999//997 1000//998 1001//999
f 614//614 1001//999 617//617
f 614//614 999//997 1001//999
f 1000//998 1002//1000 1001//999
f 1001//999 1002//1000 1003//1001
f 617//617 1003//1001 711//711
f 617//617 1001//999 1003//1001
f 1002//1000 1004//1002 1003//1001
f 1003//1001 1004//1002 1005//1003
f 711//711 1005//1003 716//716
f 711//711 1003//1001 1005//1003
f 1004//1002 1006//1004 1005//1003
f 1005//1003 1006//1004 1007//1005
f 716//716 1007//1005 714//714
f 716//716 1005//1003 1007//1005
f 1006//1004 1008//1006 1007//1005
f 1007//1005 1008//1006 1009//1007
f 714//714 1009//1007 718//718
f 714//714 1007//1005 1009//1007
f 1008//1006 1010//1008 1009//1007
f 1009//1007 1010//1008 1011//1009
f 718//718 1011//1009 720//720
f 718//718 1009//1007 1011//1009
f 1010//1008 1012//1010 1011//1009
f 1011//1009 1012//1010 1013//1011
f 720//720 1013//1011 722//722
f 720//720 1011//1009 1013//1011
f 1012//1010 1014//1012 1013//1011
f 1013//1011 1014//1012 1015//1013
f 722//722 1015//1013 724//724
f 722//722 1013//1011 1015//1013
f 1014//1012 1016//1014 1015//1013
f 1015//1013 1016//1014 724//724
f 724//724 1016//1014 1017//1015
f 726//726 1017//1015 1018//1016
f 1019//1017 1018//1016 1020//1018
f 728//728 1020//1018 1021//1019
f 729//729 1021//1019 1022//1020
f 1023//1021 1022//1020 1024//1022
f 729//729 1024//1022 730//730
f 729//729 1023//1021 1024//1022
f 729//729 1022//1020 1023//1021
f 1016//1014 1018//1016 1017//1015
f 726//726 1018//1016 1019//1017
f 728//728 1019//1017 1020//1018
f 728//728 726//726 1019//1017
f 1020//1018 1022//1020 1021//1019
f 730//730 1024//1022 1025//1023
f 826//826 1025//1023 1024//1022
f 826//826 730//730 1025//1023
f 826//826 731//731 730//730
f 826//826 828//828 731//731
f 776//776 773//773 906//904
f 773//773 770//770 905//903
f 770//770 767//767 904//902
f 767//767 706//706 903//901
f 706//706 704//704 902//900
f 704//704 703//703 901//899
f 703//703 765//765 900//898
f 765//765 763//763 899//897
f 763//763 761//761 898//896
f 761//761 760//760 897//895
f 760//760 759//759 896//894
f 759//759 758//758 895//893
f 757//757 756//756 891//889
f 755//755 754//754 887//885
f 886//884 754//754 884//882
f 884//882 754//754 753//753
f 747//747 746//746 869//867
f 729//729 728//728 1021//1019
f 726//726 724//724 1017//1015
f 827//827 829//829 828//828
f 1026//1024 1027//1025 1028//1026
f 1026//1024 1029//1027 1027//1025
f 1026//1024 1030//1028 1029//1027
f 1029//1027 1030//1028 1031//1029
f 1032//1030 1031//1029 1033//1031
f 1034//1032 1033//1031 1035//1033
f 1036//1034 1035//1033 1037//1035
f 1038//1036 1037//1035 1039//1037
f 1040//1038 1039//1037 1041//1039
f 1040//1038 1038//1036 1039//1037
f 1040//1038 1042//1040 1038//1036
f 1038//1036 1042//1040 1043//1041
f 1036//1034 1043//1041 1044//1042
f 1034//1032 1044//1042 1045//1043
f 1032//1030 1045//1043 1046//1044
f 1029//1027 1046//1044 1027//1025
f 1029//1027 1032//1030 1046//1044
f 1029//1027 1031//1029 1032//1030
f 1030//1028 1047//1045 1031//1029
f 1031//1029 1047//1045 1048//1046
f 1033//1031 1048//1046 1049//1047
f 1035//1033 1049//1047 1050//1048
f 1037//1035 1050//1048 1051//1049
f 1039//1037 1051//1049 1052//1050
f 1041//1039 1052//1050 1053//1051
f 1041//1039 1039//1037 1052//1050
f 1047//1045 1054//1052 1048//1046
f 1048//1046 1054//1052 1055//1053
f 1049//1047 1055//1053 1056//1054
f 1050//1048 1056//1054 1057//1055
f 1051//1049 1057//1055 1058//1056
f 1052//1050 1058//1056 1059//1057
f 1053//1051 1059//1057 1060//1058
f 1053//1051 1052//1050 1059//1057
f 1054//1052 1061//1059 1055//1053
f 1055//1053 1061//1059 1062//1060
f 1056//1054 1062//1060 1063//1061
f 1057//1055 1063//1061 1064//1062
f 1058//1056 1064//1062 1065//1063
f 1059//1057 1065//1063 1066//1064
f 1060//1058 1066//1064 1067//1065
f 1060//1058 1059//1057 1066//1064
f 1061//1059 1068//1066 1062//1060
f 1062//1060 1068//1066 1069//1067
f 1063//1061 1069//1067 1070//1068
f 1064//1062 1070//1068 1071//1069
f 1065//1063 1071//1069 1072//1070
f 1066//1064 1072//1070 1073//1071
f 1067//1065 1073//1071 1074//1072
f 1067//1065 1066//1064 1073//1071
f 1068//1066 1075//1073 1069//1067
f 1069//1067 1075//1073 1076//1074
f 1070//1068 1076//1074 1077//1075
f 1071//1069 1077//1075 1078//1076
f 1072//1070 1078//1076 1079//1077
f 1073//1071 1079//1077 1080//1078
f 1074//1072 1080//1078 1081//1079
f 1074//1072 1073//1071 1080//1078
f 1075//1073 1082//1080 1076//1074
f 1076//1074 1082//1080 1083//1081
f 1077//1075 1083//1081 1084//1082
f 1078//1076 1084//1082 1085//1083
f 1079//1077 1085//1083 1086//1084
f 1080//1078 1086//1084 1087//1085
f 1081//1079 1087//1085 1088//1086
f 1081//1079 1080//1078 1087//1085
f 1082//1080 1089//1087 1083//1081
f 1083//1081 1089//1087 1090//1088
f 1084//1082 1090//1088 1091//1089
f 1085//1083 1091//1089 1092//1090
f 1086//1084 1092//1090 1093//1091
f 1087//1085 1093//1091 1094//1092
f 1088//1086 1094//1092 1095//1093
f 1088//1086 1087//1085 1094//1092
f 1089//1087 1096//1094 1090//1088
f 1090//1088 1096//1094 1097//1095
f 1091//1089 1097//1095 1098//1096
f 1092//1090 1098//1096 1099//1097
f 1093//1091 1099//1097 1100//1098
f 1094//1092 1100//1098 1101//1099
f 1095//1093 1101//1099 1102//1100
f 1095//1093 1094//1092 1101//1099
f 1096//1094 1103//1101 1097//1095
f 1097//1095 1103//1101 1104//1102
f 1098//1096 1104//1102 1105//1103
f 1099//1097 1105//1103 1106//1104
f 1100//1098 1106//1104 1107//1105
f 1101//1099 1107//1105 1108//1106
f 1102//1100 1108//1106 1109//1107
f 1102//1100 1101//1099 1108//1106
f 1103//1101 1110//1108 1104//1102
f 1104//1102 1110//1108 1111//1109
f 1105//1103 1111//1109 1112//1110
f 1106//1104 1112//1110 1113//1111
f 1107//1105 1113//1111 1114//1112
f 1108//1106 1114//1112 1115//1113
f 1109//1107 1115//1113 1116//1114
f 1109//1107 1108//1106 1115//1113
f 1110//1108 1117//1115 1111//1109
f 1111//1109 1117//1115 1118//1116
f 1112//1110 1118//1116 1119//1117
f 1113//1111 1119//1117 1120//1118
f 1114//1112 1120//1118 1121//1119
f 1115//1113 1121//1119 1122//1120
f 1116//1114 1122//1120 1123//1121
f 1116//1114 1115//1113 1122//1120
f 1117//1115 1124//1122 1118//1116
f 1118//1116 1124//1122 1125//1123
f 1119//1117 1125//1123 1126//1124
f 1120//1118 1126//1124 1127//1125
f 1121//1119 1127//1125 1128//1126
f 1122//1120 1128//1126 1129//1127
f 1123//1121 1129//1127 1130//1128
f 1123//1121 1122//1120 1129//1127
f 1124//1122 1131//1129 1125//1123
f 1125//1123 1131//1129 1132//1130
f 1126//1124 1132//1130 1133//1131
f 1127//1125 1133//1131 1134//1132
f 1128//1126 1134//1132 1135//1133
f 1129//1127 1135//1133 1136//1134
f 1130//1128 1136//1134 1137//1135
f 1130//1128 1129//1127 1136//1134
f 1131//1129 1138//1136 1132//1130
f 1132//1130 1138//1136 1139//1137
f 1133//1131 1139//1137 1140//1138
f 1134//1132 1140//1138 1141//1139
f 1135//1133 1141//1139 1142//1140
f 1136//1134 1142//1140 1143//1141
f 1137//1135 1143//1141 1144//1142
f 1137//1135 1136//1134 1143//1141
f 1138//1136 1145//1143 1139//1137
f 1139//1137 1145//1143 1146//1144
f 1140//1138 1146//1144 1147//1145
f 1141//1139 1147//1145 1148//1146
f 1142//1140 1148//1146 1149//1147
f 1143//1141 1149//1147 1150//1148
f 1144//1142 1150//1148 1151//1149
f 1144//1142 1143//1141 1150//1148
f 1146//1144 1145//1143 1152//1150
f 1147//1145 1152//1150 1153//1151
f 1148//1146 1153//1151 1154//1152
f 1149//1147 1154//1152 1155//1153
f 1150//1148 1155//1153 1156//1154
f 1151//1149 1156//1154 1157//1155
f 1151//1149 1150//1148 1156//1154
f 1158//1156 1159//1157 1160//1158
f 1158//1156 1161//1159 1159//1157
f 1158//1156 1162//1160 1161//1159
f 1161//1159 1162//1160 1163//1161
f 1164//1162 1163//1161 1165//1163
f 1166//1164 1165//1163 1167//1165
f 1168//1166 1167//1165 1169//1167
f 1170//1168 1169//1167 1171//1169
f 1172//1170 1171//1169 1173//1171
f 1172//1170 1170//1168 1171//1169
f 1172//1170 1174//1172 1170//1168
f 1170//1168 1174//1172 1175//1173
f 1168//1166 1175//1173 1176//1174
f 1166//1164 1176//1174 1177//1175
f 1164//1162 1177//1175 1178//1176
f 1161//1159 1178//1176 1159//1157
f 1161//1159 1164//1162 1178//1176
f 1161//1159 1163//1161 1164//1162
f 1162//1160 1179//1177 1163//1161
f 1163//1161 1179//1177 1180//1178
f 1165//1163 1180//1178 1181//1179
f 1167//1165 1181//1179 1182//1180
f 1169//1167 1182//1180 1183//1181
f 1171//1169 1183//1181 1184//1182
f 1173//1171 1184//1182 1185//1183
f 1173//1171 1171//1169 1184//1182
f 1179//1177 1186//1184 1180//1178
f 1180//1178 1186//1184 1187//1185
f 1181//1179 1187//1185 1188//1186
f 1182//1180 1188//1186 1189//1187
f 1183//1181 1189//1187 1190//1188
f 1184//1182 1190//1188 1191//1189
f 1185//1183 1191//1189 1192//1190
f 1185//1183 1184//1182 1191//1189
f 1186//1184 1193//1191 1187//1185
f 1187//1185 1193//1191 1194//1192
f 1188//1186 1194//1192 1195//1193
f 1189//1187 1195//1193 1196//1194
f 1190//1188 1196//1194 1197//1195
f 1191//1189 1197//1195 1198//1196
f 1192//1190 1198//1196 1199//1197
f 1192//1190 1191//1189 1198//1196
f 1193//1191 1200//1198 1194//1192
f 1194//1192 1200//1198 1201//1199
f 1195//1193 1201//1199 1202//1200
f 1196//1194 1202//1200 1203//1201
f 1197//1195 1203//1201 1204//1202
f 1198//1196 1204//1202 1205//1203
f 1199//1197 1205//1203 1206//1204
f 1199//1197 1198//1196 1205//1203
f 1200//1198 1207//1205 1201//1199
f 1201//1199 1207//1205 1208//1206
f 1202//1200 1208//1206 1209//1207
f 1203//1201 1209//1207 1210//1208
f 1204//1202 1210//1208 1211//1209
f 1205//1203 1211//1209 1212//1210
f 1206//1204 1212//1210 1213//1211
f 1206//1204 1205//1203 1212//1210
f 1207//1205 1214//1212 1208//1206
f 1208//1206 1214//1212 1215//1213
f 1209//1207 1215//1213 1216//1214
f 1210//1208 1216//1214 1217//1215
f 1211//1209 1217//1215 1218//1216
f 1212//1210 1218//1216 1219//1217
f 1213//1211 1219//1217 1220//1218
f 1213//1211 1212//1210 1219//1217
f 1214//1212 1221//1219 1215//1213
f 1215//1213 1221//1219 1222//1220
f 1216//1214 1222//1220 1223//1221
f 1217//1215 1223//1221 1224//1222
f 1218//1216 1224//1222 1225//1223
f 1219//1217 1225//1223 1226//1224
f 1220//1218 1226//1224 1227//1225
f 1220//1218 1219//1217 1226//1224
f 1221//1219 1228//1226 1222//1220
f 1222//1220 1228//1226 1229//1227
f 1223//1221 1229//1227 1230//1228
f 1224//1222 1230//1228 1231//1229
f 1225//1223 1231//1229 1232//1230
f 1226//1224 1232//1230 1233//1231
f 1227//1225 1233//1231 1234//1232
f 1227//1225 1226//1224 1233//1231
f 1228//1226 1235//1233 1229//1227
f 1229//1227 1235//1233 1236//1234
f 1230//1228 1236//1234 1237//1235
f 1231//1229 1237//1235 1238//1236
f 1232//1230 1238//1236 1239//1237
f 1233//1231 1239//1237 1240//1238
f 1234//1232 1240//1238 1241//1239
f 1234//1232 1233//1231 1240//1238
f 1235//1233 1242//1240 1236//1234
f 1236//1234 1242//1240 1243//1241
f 1237//1235 1243//1241 1244//1242
f 1238//1236 1244//1242 1245//1243
f 1239//1237 1245//1243 1246//1244
f 1240//1238 1246//1244 1247//1245
f 1241//1239 1247//1245 1248//1246
f 1241//1239 1240//1238 1247//1245
f 1242//1240 1249//1247 1243//1241
f 1243//1241 1249//1247 1250//1248
f 1244//1242 1250//1248 1251//1249
f 1245//1243 1251//1249 1252//1250
f 1246//1244 1252//1250 1253//1251
f 1247//1245 1253//1251 1254//1252
f 1248//1246 1254//1252 1255//1253
f 1248//1246 1247//1245 1254//1252
f 1249//1247 1256//1254 1250//1248
f 1250//1248 1256//1254 1257//1255
f 1251//1249 1257//1255 1258//1256
f 1252//1250 1258//1256 1259//1257
f 1253//1251 1259//1257 1260//1258
f 1254//1252 1260//1258 1261//1259
f 1255//1253 1261//1259 1262//1260
f 1255//1253 1254//1252 1261//1259
f 1256//1254 1263//1261 1257//1255
f 1257//1255 1263//1261 1264//1262
f 1258//1256 1264//1262 1265//1263
f 1259//1257 1265//1263 1266//1264
f 1260//1258 1266//1264 1267//1265
f 1261//1259 1267//1265 1268//1266
f 1262//1260 1268//1266 1269//1267
f 1262//1260 1261//1259 1268//1266
f 1263//1261 1270//1268 1264//1262
f 1264//1262 1270//1268 1271//1269
f 1265//1263 1271//1269 1272//1270
f 1266//1264 1272//1270 1273//1271
f 1267//1265 1273//1271 1274//1272
f 1268//1266 1274//1272 1275//1273
f 1269//1267 1275//1273 1276//1274
f 1269//1267 1268//1266 1275//1273
f 1271//1269 1270//1268 1277//1275
f 1272//1270 1277//1275 1278//1276
f 1273//1271 1278//1276 1279//1277
f 1274//1272 1279//1277 1280//1278
f 1275//1273 1280//1278 1281//1279
f 1276//1274 1281//1279 1282//1280
f 1276//1274 1275//1273 1281//1279
f 1283//1281 1284//1282 1285//1283
f 1283//1281 1286//1284 1284//1282
f 1283//1281 1287//1285 1286//1284
f 1286//1284 1287//1285 1288//1286
f 1289//1287 1288//1286 1290//1288
f 1291//1289 1290//1288 1292//1290
f 1293//1291 1292//1290 1294//1292
f 1295//1293 1294//1292 1296//1294
f 1297//1295 1296//1294 1298//1296
f 1297//1295 1295//1293 1296//1294
f 1297//1295 1299//1297 1295//1293
f 1295//1293 1299//1297 1300//1298
f 1293//1291 1300//1298 1301//1299
f 1291//1289 1301//1299 1302//1300
f 1289//1287 1302//1300 1303//1301
f 1286//1284 1303//1301 1284//1282
f 1286//1284 1289//1287 1303//1301
f 1286//1284 1288//1286 1289//1287
f 1287//1285 1304//1302 1288//1286
f 1288//1286 1304//1302 1305//1303
f 1290//1288 1305//1303 1306//1304
f 1292//1290 1306//1304 1307//1305
f 1294//1292 1307//1305 1308//1306
f 1296//1294 1308//1306 1309//1307
f 1298//1296 1309//1307 1310//1308
f 1311//1309 1310//1308 1312//1310
f 1313//1311 1312//1310 1314//1312
f 1315//1313 1314//1312 1316//1314
f 1317//1315 1316//1314 1318//1316
f 1319//1317 1318//1316 1320//1318
f 1321//1319 1320//1318 1322//1320
f 1323//1321 1322//1320 1324//1322
f 1325//1323 1324//1322 1326//1324
f 1327//1325 1326//1324 1328//1326
f 1329//1327 1328//1326 1330//1328
f 1331//1329 1330//1328 1332//1330
f 1333//1331 1332//1330 1334//1332
f 1335//1333 1334//1332 1336//1334
f 1337//1335 1336//1334 1338//1336
f 1339//1337 1338//1336 1340//1338
f 1341//1339 1340//1338 1342//1340
f 1343//1341 1342//1340 1344//1342
f 1345//1343 1344//1342 1346//1344
f 1347//1345 1346//1344 1348//1346
f 1349//1347 1348//1346 1350//1348
f 1351//1349 1350//1348 1352//1350
f 1353//1351 1352//1350 1354//1352
f 1355//1353 1354//1352 1356//1354
f 1357//1355 1356//1354 1358//1356
f 1359//1357 1358//1356 1360//1358
f 1361//1359 1360//1358 1362//1360
f 1363//1361 1362//1360 1364//1362
f 1365//1363 1364//1362 1366//1364
f 1367//1365 1366//1364 1368//1366
f 1369//1367 1368//1366 1370//1368
f 1371//1369 1370//1368 1372//1370
f 1373//1371 1372//1370 1374//1372
f 1375//1373 1374//1372 1376//1374
f 1377//1375 1376//1374 1378//1376
f 1379//1377 1378//1376 1380//1378
f 1381//1379 1380//1378 1382//1380
f 1383//1381 1382//1380 1384//1382
f 1385//1383 1384//1382 1386//1384
f 1387//1385 1386//1384 1388//1386
f 1389//1387 1388//1386 1390//1388
f 1391//1389 1390//1388 1392//1390
f 1393//1391 1392//1390 1394//1392
f 1395//1393 1394//1392 1396//1394
f 1397//1395 1396//1394 1398//1396
f 1399//1397 1398//1396 1400//1398
f 1401//1399 1400//1398 1402//1400
f 1403//1401 1402//1400 1404//1402
f 1405//1403 1404//1402 1406//1404
f 1027//1025 1406//1404 1028//1026
f 1027//1025 1405//1403 1406//1404
f 1027//1025 1046//1044 1405//1403
f 1405//1403 1046//1044 1407//1405
f 1403//1401 1407//1405 1408//1406
f 1401//1399 1408//1406 1409//1407
f 1399//1397 1409//1407 1410//1408
f 1397//1395 1399//1397 1410//1408
f 1397//1395 1398//1396 1399//1397
f 1304//1302 1411//1409 1305//1303
f 1305//1303 1411//1409 1412//1410
f 1306//1304 1412//1410 1413//1411
f 1307//1305 1413//1411 1414//1412
f 1308//1306 1414//1412 1415//1413
f 1309//1307 1415//1413 1310//1308
f 1309//1307 1308//1306 1415//1413
f 1411//1409 1416//1414 1412//1410
f 1412//1410 1416//1414 1417//1415
f 1413//1411 1417//1415 1418//1416
f 1414//1412 1418//1416 1419//1417
f 1415//1413 1419//1417 1420//1418
f 1310//1308 1420//1418 1312//1310
f 1310//1308 1415//1413 1420//1418
f 1416//1414 1421//1419 1417//1415
f 1417//1415 1421//1419 1422//1420
f 1418//1416 1422//1420 1423//1421
f 1419//1417 1423//1421 1424//1422
f 1420//1418 1424//1422 1425//1423
f 1312//1310 1425//1423 1314//1312
f 1312//1310 1420//1418 1425//1423
f 1421//1419 1426//1424 1422//1420
f 1422//1420 1426//1424 1427//1425
f 1423//1421 1427//1425 1428//1426
f 1424//1422 1428//1426 1429//1427
f 1425//1423 1429//1427 1430//1428
f 1314//1312 1430//1428 1316//1314
f 1314//1312 1425//1423 1430//1428
f 1426//1424 1431//1429 1427//1425
f 1427//1425 1431//1429 1432//1430
f 1428//1426 1432//1430 1433//1431
f 1429//1427 1433//1431 1434//1432
f 1430//1428 1434//1432 1435//1433
f 1316//1314 1435//1433 1318//1316
f 1316//1314 1430//1428 1435//1433
f 1431//1429 1436//1434 1432//1430
f 1432//1430 1436//1434 1437//1435
f 1433//1431 1437//1435 1438//1436
f 1434//1432 1438//1436 1439//1437
f 1435//1433 1439//1437 1440//1438
f 1318//1316 1440//1438 1320//1318
f 1318//1316 1435//1433 1440//1438
f 1436//1434 1441//1439 1437//1435
f 1437//1435 1441//1439 1442//1440
f 1438//1436 1442//1440 1443//1441
f 1439//1437 1443//1441 1444//1442
f 1440//1438 1444//1442 1445//1443
f 1320//1318 1445//1443 1322//1320
f 1320//1318 1440//1438 1445//1443
f 1441//1439 1446//1444 1442//1440
f 1442//1440 1446//1444 1447//1445
f 1443//1441 1447//1445 1448//1446
f 1444//1442 1448//1446 1449//1447
f 1445//1443 1449//1447 1450//1448
f 1322//1320 1450//1448 1324//1322
f 1322//1320 1445//1443 1450//1448
f 1446//1444 1451//1449 1447//1445
f 1447//1445 1451//1449 1452//1450
f 1448//1446 1452//1450 1453//1451
f 1449//1447 1453//1451 1454//1452
f 1450//1448 1454//1452 1455//1453
f 1324//1322 1455//1453 1326//1324
f 1324//1322 1450//1448 1455//1453
f 1451//1449 1456//1454 1452//1450
f 1452//1450 1456//1454 1457//1455
f 1453//1451 1457//1455 1458//1456
f 1454//1452 1458//1456 1459//1457
f 1455//1453 1459//1457 1460//1458
f 1326//1324 1460//1458 1328//1326
f 1326//1324 1455//1453 1460//1458
f 1456//1454 1461//1459 1457//1455
f 1457//1455 1461//1459 1462//1460
f 1458//1456 1462//1460 1463//1461
f 1459//1457 1463//1461 1464//1462
f 1460//1458 1464//1462 1465//1463
f 1328//1326 1465//1463 1330//1328
f 1328//1326 1460//1458 1465//1463
f 1461//1459 1466//1464 1462//1460
f 1462//1460 1466//1464 1467//1465
f 1463//1461 1467//1465 1468//1466
f 1464//1462 1468//1466 1469//1467
f 1465//1463 1469//1467 1470//1468
f 1330//1328 1470//1468 1332//1330
f 1330//1328 1465//1463 1470//1468
f 1466//1464 1471//1469 1467//1465
f 1467//1465 1471//1469 1472//1470
f 1468//1466 1472//1470 1473//1471
f 1469//1467 1473//1471 1474//1472
f 1470//1468 1474//1472 1475//1473
f 1332//1330 1475//1473 1334//1332
f 1332//1330 1470//1468 1475//1473
f 1472//1470 1471//1469 1476//1474
f 1473//1471 1476//1474 1477//1475
f 1474//1472 1477//1475 1478//1476
f 1475//1473 1478//1476 1479//1477
f 1334//1332 1479//1477 1336//1334
f 1334//1332 1475//1473 1479//1477
f 1480//1478 1481//1479 1482//1480
f 1480//1478 1483//1481 1481//1479
f 1480//1478 1484//1482 1483//1481
f 1483//1481 1484//1482 1485//1483
f 1486//1484 1485//1483 1487//1485
f 1488//1486 1487//1485 1489//1487
f 1490//1488 1489//1487 1491//1489
f 1340//1338 1491//1489 1342//1340
f 1340//1338 1490//1488 1491//1489
f 1340//1338 1338//1336 1490//1488
f 1490//1488 1338//1336 1492//1490
f 1488//1486 1492//1490 1493//1491
f 1486//1484 1493//1491 1494//1492
f 1483//1481 1494//1492 1481//1479
f 1483//1481 1486//1484 1494//1492
f 1483//1481 1485//1483 1486//1484
f 1484//1482 1495//1493 1485//1483
f 1485//1483 1495//1493 1496//1494
f 1487//1485 1496//1494 1497//1495
f 1489//1487 1497//1495 1498//1496
f 1491//1489 1498//1496 1499//1497
f 1342//1340 1499//1497 1344//1342
f 1342//1340 1491//1489 1499//1497
f 1495//1493 1500//1498 1496//1494
f 1496//1494 1500//1498 1501//1499
f 1497//1495 1501//1499 1502//1500
f 1498//1496 1502//1500 1503//1501
f 1499//1497 1503//1501 1504//1502
f 1344//1342 1504//1502 1346//1344
f 1344//1342 1499//1497 1504//1502
f 1500//1498 1505//1503 1501//1499
f 1501//1499 1505//1503 1506//1504
f 1502//1500 1506//1504 1507//1505
f 1503//1501 1507//1505 1508//1506
f 1504//1502 1508//1506 1509//1507
f 1346//1344 1509//1507 1348//1346
f 1346//1344 1504//1502 1509//1507
f 1505//1503 1510//1508 1506//1504
f 1506//1504 1510//1508 1511//1509
f 1507//1505 1511//1509 1512//1510
f 1508//1506 1512//1510 1513//1511
f 1509//1507 1513//1511 1514//1512
f 1348//1346 1514//1512 1350//1348
f 1348//1346 1509//1507 1514//1512
f 1510//1508 1515//1513 1511//1509
f 1511//1509 1515//1513 1516//1514
f 1512//1510 1516//1514 1517//1515
f 1513//1511 1517//1515 1518//1516
f 1514//1512 1518//1516 1519//1517
f 1350//1348 1519//1517 1352//1350
f 1350//1348 1514//1512 1519//1517
f 1515//1513 1520//1518 1516//1514
f 1516//1514 1520//1518 1521//1519
f 1517//1515 1521//1519 1522//1520
f 1518//1516 1522//1520 1523//1521
f 1519//1517 1523//1521 1524//1522
f 1352//1350 1524//1522 1354//1352
f 1352//1350 1519//1517 1524//1522
f 1520//1518 1525//1523 1521//1519
f 1521//1519 1525//1523 1526//1524
f 1522//1520 1526//1524 1527//1525
f 1523//1521 1527//1525 1528//1526
f 1524//1522 1528//1526 1529//1527
f 1354//1352 1529//1527 1356//1354
f 1354//1352 1524//1522 1529//1527
f 1525//1523 1530//1528 1526//1524
f 1526//1524 1530//1528 1531//1529
f 1527//1525 1531//1529 1532//1530
f 1528//1526 1532//1530 1533//1531
f 1529//1527 1533//1531 1534//1532
f 1356//1354 1534//1532 1358//1356
f 1356//1354 1529//1527 1534//1532
f 1530//1528 1535//1533 1531//1529
f 1531//1529 1535//1533 1536//1534
f 1532//1530 1536//1534 1537//1535
f 1533//1531 1537//1535 1538//1536
f 1534//1532 1538//1536 1539//1537
f 1358//1356 1539//1537 1360//1358
f 1358//1356 1534//1532 1539//1537
f 1535//1533 1540//1538 1536//1534
f 1536//1534 1540//1538 1541//1539
f 1537//1535 1541//1539 1542//1540
f 1538//1536 1542//1540 1543//1541
f 1539//1537 1543//1541 1544//1542
f 1360//1358 1544//1542 1362//1360
f 1360//1358 1539//1537 1544//1542
f 1540//1538 1545//1543 1541//1539
f 1541//1539 1545//1543 1546//1544
f 1542//1540 1546//1544 1547//1545
f 1543//1541 1547//1545 1548//1546
f 1544//1542 1548//1546 1549//1547
f 1362//1360 1549//1547 1364//1362
f 1362//1360 1544//1542 1549//1547
f 1545//1543 1550//1548 1546//1544
f 1546//1544 1550//1548 1551//1549
f 1547//1545 1551//1549 1552//1550
f 1548//1546 1552//1550 1553//1551
f 1549//1547 1553//1551 1554//1552
f 1364//1362 1554//1552 1366//1364
f 1364//1362 1549//1547 1554//1552
f 1550//1548 1555//1553 1551//1549
f 1551//1549 1555//1553 1556//1554
f 1552//1550 1556//1554 1557//1555
f 1553//1551 1557//1555 1558//1556
f 1554//1552 1558//1556 1559//1557
f 1366//1364 1559//1557 1368//1366
f 1366//1364 1554//1552 1559//1557
f 1555//1553 1560//1558 1556//1554
f 1556//1554 1560//1558 1561//1559
f 1557//1555 1561//1559 1562//1560
f 1558//1556 1562//1560 1563//1561
f 1559//1557 1563//1561 1564//1562
f 1368//1366 1564//1562 1370//1368
f 1368//1366 1559//1557 1564//1562
f 1561//1559 1560//1558 1565//1563
f 1562//1560 1565//1563 1566//1564
f 1563//1561 1566//1564 1567//1565
f 1564//1562 1567//1565 1568//1566
f 1370//1368 1568//1566 1372//1370
f 1370//1368 1564//1562 1568//1566
f 1569//1567 1570//1568 1571//1569
f 1569//1567 1572//1570 1570//1568
f 1569//1567 1573//1571 1572//1570
f 1572//1570 1573//1571 1574//1572
f 1575//1573 1574//1572 1576//1574
f 1577//1575 1576//1574 1578//1576
f 1579//1577 1578//1576 1580//1578
f 1376//1374 1580//1578 1378//1376
f 1376//1374 1579//1577 1580//1578
f 1376//1374 1374//1372 1579//1577
f 1579//1577 1374//1372 1581//1579
f 1577//1575 1581//1579 1582//1580
f 1575//1573 1582//1580 1583//1581
f 1572//1570 1583//1581 1570//1568
f 1572//1570 1575//1573 1583//1581
f 1572//1570 1574//1572 1575//1573
f 1573//1571 1584//1582 1574//1572
f 1574//1572 1584//1582 1585//1583
f 1576//1574 1585//1583 1586//1584
f 1578//1576 1586//1584 1587//1585
f 1580//1578 1587//1585 1588//1586
f 1378//1376 1588//1586 1380//1378
f 1378//1376 1580//1578 1588//1586
f 1584//1582 1589//1587 1585//1583
f 1585//1583 1589//1587 1590//1588
f 1586//1584 1590//1588 1591//1589
f 1587//1585 1591//1589 1592//1590
f 1588//1586 1592//1590 1593//1591
f 1380//1378 1593//1591 1382//1380
f 1380//1378 1588//1586 1593//1591
f 1589//1587 1594//1592 1590//1588
f 1590//1588 1594//1592 1595//1593
f 1591//1589 1595//1593 1596//1594
f 1592//1590 1596//1594 1597//1595
f 1593//1591 1597//1595 1598//1596
f 1382//1380 1598//1596 1384//1382
f 1382//1380 1593//1591 1598//1596
f 1594//1592 1599//1597 1595//1593
f 1595//1593 1599//1597 1600//1598
f 1596//1594 1600//1598 1601//1599
f 1597//1595 1601//1599 1602//1600
f 1598//1596 1602//1600 1603//1601
f 1384//1382 1603//1601 1386//1384
f 1384//1382 1598//1596 1603//1601
f 1599//1597 1604//1602 1600//1598
f 1600//1598 1604//1602 1605//1603
f 1601//1599 1605//1603 1606//1604
f 1602//1600 1606//1604 1607//1605
f 1603//1601 1607//1605 1608//1606
f 1386//1384 1608//1606 1388//1386
f 1386//1384 1603//1601 1608//1606
f 1604//1602 1609//1607 1605//1603
f 1605//1603 1609//1607 1610//1608
f 1606//1604 1610//1608 1611//1609
f 1607//1605 1611//1609 1612//1610
f 1608//1606 1612//1610 1613//1611
f 1388//1386 1613//1611 1390//1388
f 1388//1386 1608//1606 1613//1611
f 1609//1607 1614//1612 1610//1608
f 1610//1608 1614//1612 1615//1613
f 1611//1609 1615//1613 1616//1614
f 1612//1610 1616//1614 1617//1615
f 1613//1611 1617//1615 1618//1616
f 1390//1388 1618//1616 1392//1390
f 1390//1388 1613//1611 1618//1616
f 1614//1612 1619//1617 1615//1613
f 1615//1613 1619//1617 1620//1618
f 1616//1614 1620//1618 1621//1619
f 1617//1615 1621//1619 1622//1620
f 1618//1616 1622//1620 1623//1621
f 1392//1390 1623//1621 1394//1392
f 1392//1390 1618//1616 1623//1621
f 1619//1617 1624//1622 1620//1618
f 1620//1618 1624//1622 1625//1623
f 1621//1619 1625//1623 1626//1624
f 1622//1620 1626//1624 1627//1625
f 1623//1621 1627//1625 1628//1626
f 1394//1392 1628//1626 1396//1394
f 1394//1392 1623//1621 1628//1626
f 1624//1622 1629//1627 1625//1623
f 1625//1623 1629//1627 1630//1628
f 1626//1624 1630//1628 1631//1629
f 1627//1625 1631//1629 1632//1630
f 1628//1626 1632//1630 1633//1631
f 1396//1394 1633//1631 1398//1396
f 1396//1394 1628//1626 1633//1631
f 1629//1627 1634//1632 1630//1628
f 1630//1628 1634//1632 1635//1633
f 1631//1629 1635//1633 1636//1634
f 1632//1630 1636//1634 1637//1635
f 1633//1631 1637//1635 1400//1398
f 1398//1396 1633//1631 1400//1398
f 1634//1632 1638//1636 1635//1633
f 1635//1633 1638//1636 1639//1637
f 1636//1634 1639//1637 1640//1638
f 1637//1635 1640//1638 1402//1400
f 1400//1398 1637//1635 1402//1400
f 1638//1636 1641//1639 1639//1637
f 1639//1637 1641//1639 1642//1640
f 1640//1638 1642//1640 1404//1402
f 1402//1400 1640//1638 1404//1402
f 1641//1639 1028//1026 1642//1640
f 1642//1640 1028//1026 1406//1404
f 1404//1402 1642//1640 1406//1404
f 1397//1395 1395//1393 1396//1394
f 1395//1393 1393//1391 1394//1392
f 1393//1391 1391//1389 1392//1390
f 1391//1389 1389//1387 1390//1388
f 1389//1387 1387//1385 1388//1386
f 1387//1385 1385//1383 1386//1384
f 1385//1383 1383//1381 1384//1382
f 1383//1381 1381//1379 1382//1380
f 1381//1379 1379//1377 1380//1378
f 1379//1377 1377//1375 1378//1376
f 1377//1375 1375//1373 1376//1374
f 1375//1373 1373//1371 1374//1372
f 1373//1371 1371//1369 1372//1370
f 1371//1369 1369//1367 1370//1368
f 1369//1367 1367//1365 1368//1366
f 1367//1365 1365//1363 1366//1364
f 1365//1363 1363//1361 1364//1362
f 1363//1361 1361//1359 1362//1360
f 1361//1359 1359//1357 1360//1358
f 1359//1357 1357//1355 1358//1356
f 1357//1355 1355//1353 1356//1354
f 1355//1353 1353//1351 1354//1352
f 1353//1351 1351//1349 1352//1350
f 1351//1349 1349//1347 1350//1348
f 1349//1347 1347//1345 1348//1346
f 1347//1345 1345//1343 1346//1344
f 1345//1343 1343//1341 1344//1342
f 1343//1341 1341//1339 1342//1340
f 1341//1339 1339//1337 1340//1338
f 1339//1337 1337//1335 1338//1336
f 1337//1335 1335//1333 1336//1334
f 1335//1333 1333//1331 1334//1332
f 1333//1331 1331//1329 1332//1330
f 1331//1329 1329//1327 1330//1328
f 1329//1327 1327//1325 1328//1326
f 1327//1325 1325//1323 1326//1324
f 1325//1323 1323//1321 1324//1322
f 1323//1321 1321//1319 1322//1320
f 1321//1319 1319//1317 1320//1318
f 1319//1317 1317//1315 1318//1316
f 1317//1315 1315//1313 1316//1314
f 1315//1313 1313//1311 1314//1312
f 1313//1311 1311//1309 1312//1310
f 1311//1309 1298//1296 1310//1308
f 1309//1307 1298//1296 1296//1294
f 1299//1297 1282//1280 1300//1298
f 1300//1298 1282//1280 1281//1279
f 1301//1299 1281//1279 1280//1278
f 1302//1300 1280//1278 1279//1277
f 1303//1301 1279//1277 1278//1276
f 1284//1282 1278//1276 1277//1275
f 1285//1283 1277//1275 1270//1268
f 1285//1283 1284//1282 1277//1275
f 1174//1172 1157//1155 1175//1173
f 1175//1173 1157//1155 1156//1154
f 1176//1174 1156//1154 1155//1153
f 1177//1175 1155//1153 1154//1152
f 1178//1176 1154//1152 1153//1151
f 1159//1157 1153//1151 1152//1150
f 1160//1158 1152//1150 1145//1143
f 1160//1158 1159//1157 1152//1150
f 1042//1040 1643//1641 1043//1041
f 1043//1041 1643//1641 1644//1642
f 1044//1042 1644//1642 1645//1643
f 1045//1043 1645//1643 1407//1405
f 1046//1044 1045//1043 1407//1405
f 1643//1641 1646//1644 1644//1642
f 1644//1642 1646//1644 1647//1645
f 1645//1643 1647//1645 1408//1406
f 1407//1405 1645//1643 1408//1406
f 1646//1644 1648//1646 1647//1645
f 1647//1645 1648//1646 1409//1407
f 1408//1406 1647//1645 1409//1407
f 1648//1646 1410//1408 1409//1407
f 1403//1401 1404//1402 1405//1403
f 1407//1405 1403//1401 1405//1403
f 1401//1399 1402//1400 1403//1401
f 1408//1406 1401//1399 1403//1401
f 1399//1397 1400//1398 1401//1399
f 1409//1407 1399//1397 1401//1399
f 1140//1138 1139//1137 1146//1144
f 1265//1263 1264//1262 1271//1269
f 1468//1466 1467//1465 1472//1470
f 1557//1555 1556//1554 1561//1559
f 1034//1032 1045//1043 1032//1030
f 1033//1031 1034//1032 1032//1030
f 1048//1046 1033//1031 1031//1029
f 1044//1042 1645//1643 1045//1043
f 1644//1642 1647//1645 1645//1643
f 1055//1053 1049//1047 1048//1046
f 1036//1034 1044//1042 1034//1032
f 1035//1033 1036//1034 1034//1032
f 1049//1047 1035//1033 1033//1031
f 1043//1041 1644//1642 1044//1042
f 1062//1060 1056//1054 1055//1053
f 1056//1054 1050//1048 1049//1047
f 1038//1036 1043//1041 1036//1034
f 1037//1035 1038//1036 1036//1034
f 1050//1048 1037//1035 1035//1033
f 1069//1067 1063//1061 1062//1060
f 1063//1061 1057//1055 1056//1054
f 1057//1055 1051//1049 1050//1048
f 1051//1049 1039//1037 1037//1035
f 1076//1074 1070//1068 1069//1067
f 1070//1068 1064//1062 1063//1061
f 1064//1062 1058//1056 1057//1055
f 1058//1056 1052//1050 1051//1049
f 1083//1081 1077//1075 1076//1074
f 1077//1075 1071//1069 1070//1068
f 1071//1069 1065//1063 1064//1062
f 1065//1063 1059//1057 1058//1056
f 1090//1088 1084//1082 1083//1081
f 1084//1082 1078//1076 1077//1075
f 1078//1076 1072//1070 1071//1069
f 1072//1070 1066//1064 1065//1063
f 1097//1095 1091//1089 1090//1088
f 1091//1089 1085//1083 1084//1082
f 1085//1083 1079//1077 1078//1076
f 1079//1077 1073//1071 1072//1070
f 1104//1102 1098//1096 1097//1095
f 1098//1096 1092//1090 1091//1089
f 1092//1090 1086//1084 1085//1083
f 1086//1084 1080//1078 1079//1077
f 1111//1109 1105//1103 1104//1102
f 1105//1103 1099//1097 1098//1096
f 1099//1097 1093//1091 1092//1090
f 1093//1091 1087//1085 1086//1084
f 1118//1116 1112//1110 1111//1109
f 1112//1110 1106//1104 1105//1103
f 1106//1104 1100//1098 1099//1097
f 1100//1098 1094//1092 1093//1091
f 1125//1123 1119//1117 1118//1116
f 1119//1117 1113//1111 1112//1110
f 1113//1111 1107//1105 1106//1104
f 1107//1105 1101//1099 1100//1098
f 1132//1130 1126//1124 1125//1123
f 1126//1124 1120//1118 1119//1117
f 1120//1118 1114//1112 1113//1111
f 1114//1112 1108//1106 1107//1105
f 1139//1137 1133//1131 1132//1130
f 1133//1131 1127//1125 1126//1124
f 1127//1125 1121//1119 1120//1118
f 1121//1119 1115//1113 1114//1112
f 1134//1132 1133//1131 1140//1138
f 1128//1126 1127//1125 1134//1132
f 1122//1120 1121//1119 1128//1126
f 1152//1150 1147//1145 1146//1144
f 1147//1145 1141//1139 1140//1138
f 1148//1146 1147//1145 1153//1151
f 1141//1139 1135//1133 1134//1132
f 1142//1140 1141//1139 1148//1146
f 1135//1133 1129//1127 1128//1126
f 1136//1134 1135//1133 1142//1140
f 1178//1176 1153//1151 1159//1157
f 1149//1147 1148//1146 1154//1152
f 1143//1141 1142//1140 1149//1147
f 1177//1175 1154//1152 1178//1176
f 1150//1148 1149//1147 1155//1153
f 1166//1164 1177//1175 1164//1162
f 1165//1163 1166//1164 1164//1162
f 1180//1178 1165//1163 1163//1161
f 1176//1174 1155//1153 1177//1175
f 1187//1185 1181//1179 1180//1178
f 1168//1166 1176//1174 1166//1164
f 1167//1165 1168//1166 1166//1164
f 1181//1179 1167//1165 1165//1163
f 1175//1173 1156//1154 1176//1174
f 1194//1192 1188//1186 1187//1185
f 1188//1186 1182//1180 1181//1179
f 1170//1168 1175//1173 1168//1166
f 1169//1167 1170//1168 1168//1166
f 1182//1180 1169//1167 1167//1165
f 1201//1199 1195//1193 1194//1192
f 1195//1193 1189//1187 1188//1186
f 1189//1187 1183//1181 1182//1180
f 1183//1181 1171//1169 1169//1167
f 1208//1206 1202//1200 1201//1199
f 1202//1200 1196//1194 1195//1193
f 1196//1194 1190//1188 1189//1187
f 1190//1188 1184//1182 1183//1181
f 1215//1213 1209//1207 1208//1206
f 1209//1207 1203//1201 1202//1200
f 1203//1201 1197//1195 1196//1194
f 1197//1195 1191//1189 1190//1188
f 1222//1220 1216//1214 1215//1213
f 1216//1214 1210//1208 1209//1207
f 1210//1208 1204//1202 1203//1201
f 1204//1202 1198//1196 1197//1195
f 1229//1227 1223//1221 1222//1220
f 1223//1221 1217//1215 1216//1214
f 1217//1215 1211//1209 1210//1208
f 1211//1209 1205//1203 1204//1202
f 1236//1234 1230//1228 1229//1227
f 1230//1228 1224//1222 1223//1221
f 1224//1222 1218//1216 1217//1215
f 1218//1216 1212//1210 1211//1209
f 1243//1241 1237//1235 1236//1234
f 1237//1235 1231//1229 1230//1228
f 1231//1229 1225//1223 1224//1222
f 1225//1223 1219//1217 1218//1216
f 1250//1248 1244//1242 1243//1241
f 1244//1242 1238//1236 1237//1235
f 1238//1236 1232//1230 1231//1229
f 1232//1230 1226//1224 1225//1223
f 1257//1255 1251//1249 1250//1248
f 1251//1249 1245//1243 1244//1242
f 1245//1243 1239//1237 1238//1236
f 1239//1237 1233//1231 1232//1230
f 1264//1262 1258//1256 1257//1255
f 1258//1256 1252//1250 1251//1249
f 1252//1250 1246//1244 1245//1243
f 1246//1244 1240//1238 1239//1237
f 1259//1257 1258//1256 1265//1263
f 1253//1251 1252//1250 1259//1257
f 1247//1245 1246//1244 1253//1251
f 1277//1275 1272//1270 1271//1269
f 1272//1270 1266//1264 1265//1263
f 1273//1271 1272//1270 1278//1276
f 1266//1264 1260//1258 1259//1257
f 1267//1265 1266//1264 1273//1271
f 1260//1258 1254//1252 1253//1251
f 1261//1259 1260//1258 1267//1265
f 1303//1301 1278//1276 1284//1282
f 1274//1272 1273//1271 1279//1277
f 1268//1266 1267//1265 1274//1272
f 1302//1300 1279//1277 1303//1301
f 1275//1273 1274//1272 1280//1278
f 1291//1289 1302//1300 1289//1287
f 1290//1288 1291//1289 1289//1287
f 1305//1303 1290//1288 1288//1286
f 1301//1299 1280//1278 1302//1300
f 1412//1410 1306//1304 1305//1303
f 1293//1291 1301//1299 1291//1289
f 1292//1290 1293//1291 1291//1289
f 1306//1304 1292//1290 1290//1288
f 1300//1298 1281//1279 1301//1299
f 1417//1415 1413//1411 1412//1410
f 1413//1411 1307//1305 1306//1304
f 1295//1293 1300//1298 1293//1291
f 1294//1292 1295//1293 1293//1291
f 1307//1305 1294//1292 1292//1290
f 1422//1420 1418//1416 1417//1415
f 1418//1416 1414//1412 1413//1411
f 1414//1412 1308//1306 1307//1305
f 1308//1306 1296//1294 1294//1292
f 1427//1425 1423//1421 1422//1420
f 1423//1421 1419//1417 1418//1416
f 1419//1417 1415//1413 1414//1412
f 1432//1430 1428//1426 1427//1425
f 1428//1426 1424//1422 1423//1421
f 1424//1422 1420//1418 1419//1417
f 1437//1435 1433//1431 1432//1430
f 1433//1431 1429//1427 1428//1426
f 1429//1427 1425//1423 1424//1422
f 1442//1440 1438//1436 1437//1435
f 1438//1436 1434//1432 1433//1431
f 1434//1432 1430//1428 1429//1427
f 1447//1445 1443//1441 1442//1440
f 1443//1441 1439//1437 1438//1436
f 1439//1437 1435//1433 1434//1432
f 1452//1450 1448//1446 1447//1445
f 1448//1446 1444//1442 1443//1441
f 1444//1442 1440//1438 1439//1437
f 1457//1455 1453//1451 1452//1450
f 1453//1451 1449//1447 1448//1446
f 1449//1447 1445//1443 1444//1442
f 1462//1460 1458//1456 1457//1455
f 1458//1456 1454//1452 1453//1451
f 1454//1452 1450//1448 1449//1447
f 1467//1465 1463//1461 1462//1460
f 1463//1461 1459//1457 1458//1456
f 1459//1457 1455//1453 1454//1452
f 1464//1462 1463//1461 1468//1466
f 1460//1458 1459//1457 1464//1462
f 1476//1474 1473//1471 1472//1470
f 1473//1471 1469//1467 1468//1466
f 1469//1467 1465//1463 1464//1462
f 1477//1475 1474//1472 1473//1471
f 1474//1472 1470//1468 1469//1467
f 1482//1480 1481//1479 1476//1474
f 1471//1469 1482//1480 1476//1474
f 1478//1476 1477//1475 1494//1492
f 1493//1491 1478//1476 1494//1492
f 1493//1491 1479//1477 1478//1476
f 1493//1491 1492//1490 1479//1477
f 1479//1477 1492//1490 1336//1334
f 1336//1334 1492//1490 1338//1336
f 1475//1473 1474//1472 1478//1476
f 1477//1475 1476//1474 1481//1479
f 1494//1492 1477//1475 1481//1479
f 1488//1486 1493//1491 1486//1484
f 1487//1485 1488//1486 1486//1484
f 1496//1494 1487//1485 1485//1483
f 1501//1499 1497//1495 1496//1494
f 1490//1488 1492//1490 1488//1486
f 1489//1487 1490//1488 1488//1486
f 1497//1495 1489//1487 1487//1485
f 1506//1504 1502//1500 1501//1499
f 1502//1500 1498//1496 1497//1495
f 1498//1496 1491//1489 1489//1487
f 1511//1509 1507//1505 1506//1504
f 1507//1505 1503//1501 1502//1500
f 1503//1501 1499//1497 1498//1496
f 1516//1514 1512//1510 1511//1509
f 1512//1510 1508//1506 1507//1505
f 1508//1506 1504//1502 1503//1501
f 1521//1519 1517//1515 1516//1514
f 1517//1515 1513//1511 1512//1510
f 1513//1511 1509//1507 1508//1506
f 1526//1524 1522//1520 1521//1519
f 1522//1520 1518//1516 1517//1515
f 1518//1516 1514//1512 1513//1511
f 1531//1529 1527//1525 1526//1524
f 1527//1525 1523//1521 1522//1520
f 1523//1521 1519//1517 1518//1516
f 1536//1534 1532//1530 1531//1529
f 1532//1530 1528//1526 1527//1525
f 1528//1526 1524//1522 1523//1521
f 1541//1539 1537//1535 1536//1534
f 1537//1535 1533//1531 1532//1530
f 1533//1531 1529//1527 1528//1526
f 1546//1544 1542//1540 1541//1539
f 1542//1540 1538//1536 1537//1535
f 1538//1536 1534//1532 1533//1531
f 1551//1549 1547//1545 1546//1544
f 1547//1545 1543//1541 1542//1540
f 1543//1541 1539//1537 1538//1536
f 1556//1554 1552//1550 1551//1549
f 1552//1550 1548//1546 1547//1545
f 1548//1546 1544//1542 1543//1541
f 1553//1551 1552//1550 1557//1555
f 1549//1547 1548//1546 1553//1551
f 1565//1563 1562//1560 1561//1559
f 1562//1560 1558//1556 1557//1555
f 1558//1556 1554//1552 1553//1551
f 1566//1564 1563//1561 1562//1560
f 1563//1561 1559//1557 1558//1556
f 1571//1569 1570//1568 1565//1563
f 1560//1558 1571//1569 1565//1563
f 1567//1565 1566//1564 1583//1581
f 1582//1580 1567//1565 1583//1581
f 1582//1580 1568//1566 1567//1565
f 1582//1580 1581//1579 1568//1566
f 1568//1566 1581//1579 1372//1370
f 1372//1370 1581//1579 1374//1372
f 1564//1562 1563//1561 1567//1565
f 1566//1564 1565//1563 1570//1568
f 1583//1581 1566//1564 1570//1568
f 1577//1575 1582//1580 1575//1573
f 1576//1574 1577//1575 1575//1573
f 1585//1583 1576//1574 1574//1572
f 1590//1588 1586//1584 1585//1583
f 1579//1577 1581//1579 1577//1575
f 1578//1576 1579//1577 1577//1575
f 1586//1584 1578//1576 1576//1574
f 1595//1593 1591//1589 1590//1588
f 1591//1589 1587//1585 1586//1584
f 1587//1585 1580//1578 1578//1576
f 1600//1598 1596//1594 1595//1593
f 1596//1594 1592//1590 1591//1589
f 1592//1590 1588//1586 1587//1585
f 1605//1603 1601//1599 1600//1598
f 1601//1599 1597//1595 1596//1594
f 1597//1595 1593//1591 1592//1590
f 1610//1608 1606//1604 1605//1603
f 1606//1604 1602//1600 1601//1599
f 1602//1600 1598//1596 1597//1595
f 1615//1613 1611//1609 1610//1608
f 1611//1609 1607//1605 1606//1604
f 1607//1605 1603//1601 1602//1600
f 1620//1618 1616//1614 1615//1613
f 1616//1614 1612//1610 1611//1609
f 1612//1610 1608//1606 1607//1605
f 1625//1623 1621//1619 1620//1618
f 1621//1619 1617//1615 1616//1614
f 1617//1615 1613//1611 1612//1610
f 1630//1628 1626//1624 1625//1623
f 1626//1624 1622//1620 1621//1619
f 1622//1620 1618//1616 1617//1615
f 1635//1633 1631//1629 1630//1628
f 1631//1629 1627//1625 1626//1624
f 1627//1625 1623//1621 1622//1620
f 1639//1637 1636//1634 1635//1633
f 1636//1634 1632//1630 1631//1629
f 1632//1630 1628//1626 1627//1625
f 1642//1640 1640//1638 1639//1637
f 1640//1638 1637//1635 1636//1634
f 1637//1635 1633//1631 1632//1630
f 1649//1647 1650//1648 1353//1351
f 1355//1353 1649//1647 1353//1351
f 1355//1353 1651//1649 1649//1647
f 1355//1353 1357//1355 1651//1649
f 1651//1649 1357//1355 1652//1650
f 1652//1650 1357//1355 1359//1357
f 1653//1651 1359//1357 1361//1359
f 1654//1652 1361//1359 1363//1361
f 1655//1653 1363//1361 1365//1363
f 1656//1654 1365//1363 1367//1365
f 1657//1655 1367//1365 1369//1367
f 1658//1656 1369//1367 1371//1369
f 1659//1657 1371//1369 1373//1371
f 1660//1658 1373//1371 1375//1373
f 1661//1659 1375//1373 1377//1375
f 1662//1660 1377//1375 1379//1377
f 1663//1661 1379//1377 1381//1379
f 1664//1662 1381//1379 1383//1381
f 1665//1663 1383//1381 1385//1383
f 1666//1664 1385//1383 1387//1385
f 1667//1665 1387//1385 1389//1387
f 1668//1666 1389//1387 1391//1389
f 1669//1667 1391//1389 1393//1391
f 1670//1668 1393//1391 1395//1393
f 1671//1669 1395//1393 1397//1395
f 1672//1670 1397//1395 1410//1408
f 1648//1646 1672//1670 1410//1408
f 1648//1646 1673//1671 1672//1670
f 1648//1646 1646//1644 1673//1671
f 1673//1671 1646//1644 1674//1672
f 1674//1672 1646//1644 1643//1641
f 1675//1673 1643//1641 1042//1040
f 1676//1674 1042//1040 1040//1038
f 1677//1675 1040//1038 1041//1039
f 1678//1676 1041//1039 1053//1051
f 1679//1677 1053//1051 1060//1058
f 1680//1678 1060//1058 1067//1065
f 1681//1679 1067//1065 1074//1072
f 1682//1680 1074//1072 1081//1079
f 1683//1681 1081//1079 1088//1086
f 1684//1682 1088//1086 1095//1093
f 1685//1683 1095//1093 1102//1100
f 1686//1684 1102//1100 1109//1107
f 1687//1685 1109//1107 1116//1114
f 1688//1686 1116//1114 1123//1121
f 1689//1687 1123//1121 1130//1128
f 1690//1688 1130//1128 1137//1135
f 1691//1689 1137//1135 1144//1142
f 1692//1690 1144//1142 1151//1149
f 1693//1691 1151//1149 1694//1692
f 1693//1691 1692//1690 1151//1149
f 1695//1693 1351//1349 1696//1694
f 1695//1693 1349//1347 1351//1349
f 1695//1693 1697//1695 1349//1347
f 1349//1347 1697//1695 1347//1345
f 1347//1345 1697//1695 1698//1696
f 1345//1343 1698//1696 1699//1697
f 1343//1341 1699//1697 1700//1698
f 1341//1339 1700//1698 1701//1699
f 1339//1337 1701//1699 1702//1700
f 1337//1335 1702//1700 1703//1701
f 1335//1333 1703//1701 1704//1702
f 1333//1331 1704//1702 1705//1703
f 1331//1329 1705//1703 1706//1704
f 1329//1327 1706//1704 1707//1705
f 1327//1325 1707//1705 1708//1706
f 1325//1323 1708//1706 1709//1707
f 1323//1321 1709//1707 1710//1708
f 1321//1319 1710//1708 1711//1709
f 1319//1317 1711//1709 1712//1710
f 1317//1315 1712//1710 1713//1711
f 1315//1313 1713//1711 1714//1712
f 1313//1311 1714//1712 1715//1713
f 1311//1309 1715//1713 1716//1714
f 1298//1296 1716//1714 1297//1295
f 1298//1296 1311//1309 1716//1714
f 1347//1345 1698//1696 1345//1343
f 1345//1343 1699//1697 1343//1341
f 1343//1341 1700//1698 1341//1339
f 1341//1339 1701//1699 1339//1337
f 1339//1337 1702//1700 1337//1335
f 1337//1335 1703//1701 1335//1333
f 1335//1333 1704//1702 1333//1331
f 1333//1331 1705//1703 1331//1329
f 1331//1329 1706//1704 1329//1327
f 1329//1327 1707//1705 1327//1325
f 1327//1325 1708//1706 1325//1323
f 1325//1323 1709//1707 1323//1321
f 1323//1321 1710//1708 1321//1319
f 1321//1319 1711//1709 1319//1317
f 1319//1317 1712//1710 1317//1315
f 1317//1315 1713//1711 1315//1313
f 1315//1313 1714//1712 1313//1311
f 1313//1311 1715//1713 1311//1309
f 1716//1714 1717//1715 1297//1295
f 1297//1295 1717//1715 1299//1297
f 1299//1297 1717//1715 1718//1716
f 1282//1280 1718//1716 1719//1717
f 1276//1274 1719//1717 1720//1718
f 1269//1267 1720//1718 1721//1719
f 1262//1260 1721//1719 1722//1720
f 1255//1253 1722//1720 1723//1721
f 1248//1246 1723//1721 1724//1722
f 1241//1239 1724//1722 1725//1723
f 1234//1232 1725//1723 1726//1724
f 1227//1225 1726//1724 1727//1725
f 1220//1218 1727//1725 1728//1726
f 1213//1211 1728//1726 1729//1727
f 1206//1204 1729//1727 1730//1728
f 1199//1197 1730//1728 1731//1729
f 1192//1190 1731//1729 1732//1730
f 1185//1183 1732//1730 1733//1731
f 1173//1171 1733//1731 1734//1732
f 1172//1170 1734//1732 1735//1733
f 1174//1172 1735//1733 1736//1734
f 1157//1155 1736//1734 1694//1692
f 1151//1149 1157//1155 1694//1692
f 1299//1297 1718//1716 1282//1280
f 1282//1280 1719//1717 1276//1274
f 1276//1274 1720//1718 1269//1267
f 1269//1267 1721//1719 1262//1260
f 1262//1260 1722//1720 1255//1253
f 1255//1253 1723//1721 1248//1246
f 1248//1246 1724//1722 1241//1239
f 1241//1239 1725//1723 1234//1232
f 1234//1232 1726//1724 1227//1225
f 1227//1225 1727//1725 1220//1218
f 1220//1218 1728//1726 1213//1211
f 1213//1211 1729//1727 1206//1204
f 1206//1204 1730//1728 1199//1197
f 1199//1197 1731//1729 1192//1190
f 1192//1190 1732//1730 1185//1183
f 1185//1183 1733//1731 1173//1171
f 1173//1171 1734//1732 1172//1170
f 1172//1170 1735//1733 1174//1172
f 1174//1172 1736//1734 1157//1155
f 1692//1690 1691//1689 1144//1142
f 1691//1689 1690//1688 1137//1135
f 1690//1688 1689//1687 1130//1128
f 1689//1687 1688//1686 1123//1121
f 1688//1686 1687//1685 1116//1114
f 1687//1685 1686//1684 1109//1107
f 1686//1684 1685//1683 1102//1100
f 1685//1683 1684//1682 1095//1093
f 1684//1682 1683//1681 1088//1086
f 1683//1681 1682//1680 1081//1079
f 1682//1680 1681//1679 1074//1072
f 1681//1679 1680//1678 1067//1065
f 1680//1678 1679//1677 1060//1058
f 1679//1677 1678//1676 1053//1051
f 1678//1676 1677//1675 1041//1039
f 1677//1675 1676//1674 1040//1038
f 1676//1674 1675//1673 1042//1040
f 1675//1673 1674//1672 1643//1641
f 1672//1670 1671//1669 1397//1395
f 1671//1669 1670//1668 1395//1393
f 1670//1668 1669//1667 1393//1391
f 1669//1667 1668//1666 1391//1389
f 1668//1666 1667//1665 1389//1387
f 1667//1665 1666//1664 1387//1385
f 1666//1664 1665//1663 1385//1383
f 1665//1663 1664//1662 1383//1381
f 1664//1662 1663//1661 1381//1379
f 1663//1661 1662//1660 1379//1377
f 1662//1660 1661//1659 1377//1375
f 1661//1659 1660//1658 1375//1373
f 1660//1658 1659//1657 1373//1371
f 1659//1657 1658//1656 1371//1369
f 1658//1656 1657//1655 1369//1367
f 1657//1655 1656//1654 1367//1365
f 1656//1654 1655//1653 1365//1363
f 1655//1653 1654//1652 1363//1361
f 1654//1652 1653//1651 1361//1359
f 1653//1651 1652//1650 1359//1357
f 1351//1349 1353//1351 1696//1694
f 1696//1694 1353//1351 1650//1648
f 1737//1735 1026//1024 1738//1736
f 1737//1735 1030//1028 1026//1024
f 1737//1735 1739//1737 1030//1028
f 1030//1028 1739//1737 1047//1045
f 1047//1045 1739//1737 1740//1738
f 1054//1052 1740//1738 1741//1739
f 1061//1059 1741//1739 1742//1740
f 1068//1066 1742//1740 1743//1741
f 1075//1073 1743//1741 1744//1742
f 1082//1080 1744//1742 1745//1743
f 1089//1087 1745//1743 1746//1744
f 1096//1094 1746//1744 1747//1745
f 1103//1101 1747//1745 1748//1746
f 1110//1108 1748//1746 1749//1747
f 1117//1115 1749//1747 1750//1748
f 1124//1122 1750//1748 1751//1749
f 1131//1129 1751//1749 1752//1750
f 1138//1136 1752//1750 1753//1751
f 1145//1143 1753//1751 1754//1752
f 1160//1158 1754//1752 1755//1753
f 1158//1156 1755//1753 1756//1754
f 1162//1160 1756//1754 1757//1755
f 1179//1177 1757//1755 1758//1756
f 1186//1184 1758//1756 1759//1757
f 1193//1191 1759//1757 1760//1758
f 1200//1198 1760//1758 1761//1759
f 1207//1205 1761//1759 1762//1760
f 1214//1212 1762//1760 1763//1761
f 1221//1219 1763//1761 1764//1762
f 1228//1226 1764//1762 1765//1763
f 1235//1233 1765//1763 1766//1764
f 1242//1240 1766//1764 1767//1765
f 1249//1247 1767//1765 1768//1766
f 1256//1254 1768//1766 1769//1767
f 1263//1261 1769//1767 1770//1768
f 1270//1268 1770//1768 1771//1769
f 1285//1283 1771//1769 1772//1770
f 1283//1281 1772//1770 1773//1771
f 1287//1285 1773//1771 1774//1772
f 1304//1302 1774//1772 1775//1773
f 1411//1409 1775//1773 1776//1774
f 1416//1414 1776//1774 1777//1775
f 1421//1419 1777//1775 1778//1776
f 1426//1424 1778//1776 1779//1777
f 1431//1429 1779//1777 1780//1778
f 1436//1434 1780//1778 1781//1779
f 1441//1439 1781//1779 1782//1780
f 1446//1444 1782//1780 1783//1781
f 1451//1449 1783//1781 1784//1782
f 1456//1454 1784//1782 1785//1783
f 1461//1459 1785//1783 1786//1784
f 1466//1464 1786//1784 1787//1785
f 1471//1469 1787//1785 1788//1786
f 1482//1480 1788//1786 1789//1787
f 1480//1478 1789//1787 1790//1788
f 1484//1482 1790//1788 1791//1789
f 1495//1493 1791//1789 1792//1790
f 1500//1498 1792//1790 1793//1791
f 1505//1503 1793//1791 1794//1792
f 1510//1508 1794//1792 1795//1793
f 1515//1513 1795//1793 1796//1794
f 1520//1518 1796//1794 1797//1795
f 1525//1523 1797//1795 1798//1796
f 1530//1528 1798//1796 1799//1797
f 1535//1533 1799//1797 1800//1798
f 1540//1538 1800//1798 1801//1799
f 1545//1543 1801//1799 1802//1800
f 1550//1548 1802//1800 1803//1801
f 1555//1553 1803//1801 1804//1802
f 1560//1558 1804//1802 1805//1803
f 1571//1569 1805//1803 1806//1804
f 1569//1567 1806//1804 1807//1805
f 1573//1571 1807//1805 1808//1806
f 1584//1582 1808//1806 1809//1807
f 1589//1587 1809//1807 1810//1808
f 1594//1592 1810//1808 1811//1809
f 1599//1597 1811//1809 1812//1810
f 1604//1602 1812//1810 1813//1811
f 1609//1607 1813//1811 1814//1812
f 1614//1612 1814//1812 1815//1813
f 1619//1617 1815//1813 1816//1814
f 1624//1622 1816//1814 1817//1815
f 1629//1627 1817//1815 1818//1816
f 1634//1632 1818//1816 1819//1817
f 1638//1636 1819//1817 1820//1818
f 1641//1639 1820//1818 1821//1819
f 1028//1026 1821//1819 1738//1736
f 1026//1024 1028//1026 1738//1736
f 1047//1045 1740//1738 1054//1052
f 1054//1052 1741//1739 1061//1059
f 1061//1059 1742//1740 1068//1066
f 1068//1066 1743//1741 1075//1073
f 1075//1073 1744//1742 1082//1080
f 1082//1080 1745//1743 1089//1087
f 1089//1087 1746//1744 1096//1094
f 1096//1094 1747//1745 1103//1101
f 1103//1101 1748//1746 1110//1108
f 1110//1108 1749//1747 1117//1115
f 1117//1115 1750//1748 1124//1122
f 1124//1122 1751//1749 1131//1129
f 1131//1129 1752//1750 1138//1136
f 1138//1136 1753//1751 1145//1143
f 1145//1143 1754//1752 1160//1158
f 1160//1158 1755//1753 1158//1156
f 1158//1156 1756//1754 1162//1160
f 1162//1160 1757//1755 1179//1177
f 1179//1177 1758//1756 1186//1184
f 1186//1184 1759//1757 1193//1191
f 1193//1191 1760//1758 1200//1198
f 1200//1198 1761//1759 1207//1205
f 1207//1205 1762//1760 1214//1212
f 1214//1212 1763//1761 1221//1219
f 1221//1219 1764//1762 1228//1226
f 1228//1226 1765//1763 1235//1233
f 1235//1233 1766//1764 1242//1240
f 1242//1240 1767//1765 1249//1247
f 1249//1247 1768//1766 1256//1254
f 1256//1254 1769//1767 1263//1261
f 1263//1261 1770//1768 1270//1268
f 1270//1268 1771//1769 1285//1283
f 1285//1283 1772//1770 1283//1281
f 1283//1281 1773//1771 1287//1285
f 1287//1285 1774//1772 1304//1302
f 1304//1302 1775//1773 1411//1409
f 1411//1409 1776//1774 1416//1414
f 1416//1414 1777//1775 1421//1419
f 1421//1419 1778//1776 1426//1424
f 1426//1424 1779//1777 1431//1429
f 1431//1429 1780//1778 1436//1434
f 1436//1434 1781//1779 1441//1439
f 1441//1439 1782//1780 1446//1444
f 1446//1444 1783//1781 1451//1449
f 1451//1449 1784//1782 1456//1454
f 1456//1454 1785//1783 1461//1459
f 1461//1459 1786//1784 1466//1464
f 1466//1464 1787//1785 1471//1469
f 1471//1469 1788//1786 1482//1480
f 1482//1480 1789//1787 1480//1478
f 1480//1478 1790//1788 1484//1482
f 1484//1482 1791//1789 1495//1493
f 1495//1493 1792//1790 1500//1498
f 1500//1498 1793//1791 1505//1503
f 1505//1503 1794//1792 1510//1508
f 1510//1508 1795//1793 1515//1513
f 1515//1513 1796//1794 1520//1518
f 1520//1518 1797//1795 1525//1523
f 1525//1523 1798//1796 1530//1528
f 1530//1528 1799//1797 1535//1533
f 1535//1533 1800//1798 1540//1538
f 1540//1538 1801//1799 1545//1543
f 1545//1543 1802//1800 1550//1548
f 1550//1548 1803//1801 1555//1553
f 1555//1553 1804//1802 1560//1558
f 1560//1558 1805//1803 1571//1569
f 1571//1569 1806//1804 1569//1567
f 1569//1567 1807//1805 1573//1571
f 1573//1571 1808//1806 1584//1582
f 1584//1582 1809//1807 1589//1587
f 1589//1587 1810//1808 1594//1592
f 1594//1592 1811//1809 1599//1597
f 1599//1597 1812//1810 1604//1602
f 1604//1602 1813//1811 1609//1607
f 1609//1607 1814//1812 1614//1612
f 1614//1612 1815//1813 1619//1617
f 1619//1617 1816//1814 1624//1622
f 1624//1622 1817//1815 1629//1627
f 1629//1627 1818//1816 1634//1632
f 1634//1632 1819//1817 1638//1636
f 1638//1636 1820//1818 1641//1639
f 1641//1639 1821//1819 1028//1026
f 553//553 1822//1820 462//462
f 553//553 1823//1821 1822//1820
f 553//553 552//552 1823//1821
f 1823//1821 552//552 1824//1822
f 1825//1823 1824//1822 1826//1824
f 1827//1825 1826//1824 1828//1826
f 1829//1827 1828//1826 1830//1828
f 1831//1829 1830//1828 1832//1830
f 1833//1831 1832//1830 1834//1832
f 1835//1833 1834//1832 1836//1834
f 1701//1699 1836//1834 1702//1700
f 1701//1699 1835//1833 1836//1834
f 1701//1699 1700//1698 1835//1833
f 1835//1833 1700//1698 1837//1835
f 1833//1831 1837//1835 1838//1836
f 1831//1829 1838//1836 1839//1837
f 1829//1827 1839//1837 1840//1838
f 1827//1825 1840//1838 1841//1839
f 1825//1823 1841//1839 1842//1840
f 1823//1821 1842//1840 1822//1820
f 1823//1821 1825//1823 1842//1840
f 1823//1821 1824//1822 1825//1823
f 552//552 551//551 1824//1822
f 1824//1822 551//551 1843//1841
f 1826//1824 1843//1841 1844//1842
f 1828//1826 1844//1842 1845//1843
f 1830//1828 1845//1843 1846//1844
f 1832//1830 1846//1844 1847//1845
f 1834//1832 1847//1845 1848//1846
f 1836//1834 1848//1846 1849//1847
f 1702//1700 1849//1847 1703//1701
f 1702//1700 1836//1834 1849//1847
f 551//551 550//550 1843//1841
f 1843//1841 550//550 1850//1848
f 1844//1842 1850//1848 1851//1849
f 1845//1843 1851//1849 1852//1850
f 1846//1844 1852//1850 1853//1851
f 1847//1845 1853//1851 1854//1852
f 1848//1846 1854//1852 1855//1853
f 1849//1847 1855//1853 1856//1854
f 1703//1701 1856//1854 1704//1702
f 1703//1701 1849//1847 1856//1854
f 550//550 549//549 1850//1848
f 1850//1848 549//549 1857//1855
f 1851//1849 1857//1855 1858//1856
f 1852//1850 1858//1856 1859//1857
f 1853//1851 1859//1857 1860//1858
f 1854//1852 1860//1858 1861//1859
f 1855//1853 1861//1859 1862//1860
f 1856//1854 1862//1860 1863//1861
f 1704//1702 1863//1861 1705//1703
f 1704//1702 1856//1854 1863//1861
f 549//549 548//548 1857//1855
f 1857//1855 548//548 1864//1862
f 1858//1856 1864//1862 1865//1863
f 1859//1857 1865//1863 1866//1864
f 1860//1858 1866//1864 1867//1865
f 1861//1859 1867//1865 1868//1866
f 1862//1860 1868//1866 1869//1867
f 1863//1861 1869//1867 1870//1868
f 1705//1703 1870//1868 1706//1704
f 1705//1703 1863//1861 1870//1868
f 548//548 547//547 1864//1862
f 1864//1862 547//547 1871//1869
f 1865//1863 1871//1869 1872//1870
f 1866//1864 1872//1870 1873//1871
f 1867//1865 1873//1871 1874//1872
f 1868//1866 1874//1872 1875//1873
f 1869//1867 1875//1873 1876//1874
f 1870//1868 1876//1874 1877//1875
f 1706//1704 1877//1875 1707//1705
f 1706//1704 1870//1868 1877//1875
f 547//547 546//546 1871//1869
f 1871//1869 546//546 1878//1876
f 1872//1870 1878//1876 1879//1877
f 1873//1871 1879//1877 1880//1878
f 1874//1872 1880//1878 1881//1879
f 1875//1873 1881//1879 1882//1880
f 1876//1874 1882//1880 1883//1881
f 1877//1875 1883//1881 1884//1882
f 1707//1705 1884//1882 1708//1706
f 1707//1705 1877//1875 1884//1882
f 546//546 545//545 1878//1876
f 1878//1876 545//545 1885//1883
f 1879//1877 1885//1883 1886//1884
f 1880//1878 1886//1884 1887//1885
f 1881//1879 1887//1885 1888//1886
f 1882//1880 1888//1886 1889//1887
f 1883//1881 1889//1887 1890//1888
f 1884//1882 1890//1888 1891//1889
f 1708//1706 1891//1889 1709//1707
f 1708//1706 1884//1882 1891//1889
f 545//545 544//544 1885//1883
f 1885//1883 544//544 1892//1890
f 1886//1884 1892//1890 1893//1891
f 1887//1885 1893//1891 1894//1892
f 1888//1886 1894//1892 1895//1893
f 1889//1887 1895//1893 1896//1894
f 1890//1888 1896//1894 1897//1895
f 1891//1889 1897//1895 1898//1896
f 1709//1707 1898//1896 1710//1708
f 1709//1707 1891//1889 1898//1896
f 544//544 543//543 1892//1890
f 1892//1890 543//543 1899//1897
f 1893//1891 1899//1897 1900//1898
f 1894//1892 1900//1898 1901//1899
f 1895//1893 1901//1899 1902//1900
f 1896//1894 1902//1900 1903//1901
f 1897//1895 1903//1901 1904//1902
f 1898//1896 1904//1902 1905//1903
f 1710//1708 1905//1903 1711//1709
f 1710//1708 1898//1896 1905//1903
f 543//543 542//542 1899//1897
f 1899//1897 542//542 1906//1904
f 1900//1898 1906//1904 1907//1905
f 1901//1899 1907//1905 1908//1906
f 1902//1900 1908//1906 1909//1907
f 1903//1901 1909//1907 1910//1908
f 1904//1902 1910//1908 1911//1909
f 1905//1903 1911//1909 1912//1910
f 1711//1709 1912//1910 1712//1710
f 1711//1709 1905//1903 1912//1910
f 542//542 541//541 1906//1904
f 1906//1904 541//541 1913//1911
f 1907//1905 1913//1911 1914//1912
f 1908//1906 1914//1912 1915//1913
f 1909//1907 1915//1913 1916//1914
f 1910//1908 1916//1914 1917//1915
f 1911//1909 1917//1915 1918//1916
f 1912//1910 1918//1916 1919//1917
f 1712//1710 1919//1917 1713//1711
f 1712//1710 1912//1910 1919//1917
f 541//541 540//540 1913//1911
f 1913//1911 540//540 1920//1918
f 1914//1912 1920//1918 1921//1919
f 1915//1913 1921//1919 1922//1920
f 1916//1914 1922//1920 1923//1921
f 1917//1915 1923//1921 1924//1922
f 1918//1916 1924//1922 1925//1923
f 1919//1917 1925//1923 1926//1924
f 1713//1711 1926//1924 1714//1712
f 1713//1711 1919//1917 1926//1924
f 540//540 539//539 1920//1918
f 1920//1918 539//539 1927//1925
f 1921//1919 1927//1925 1928//1926
f 1922//1920 1928//1926 1929//1927
f 1923//1921 1929//1927 1930//1928
f 1924//1922 1930//1928 1931//1929
f 1925//1923 1931//1929 1932//1930
f 1926//1924 1932//1930 1933//1931
f 1714//1712 1933//1931 1715//1713
f 1714//1712 1926//1924 1933//1931
f 539//539 538//538 1927//1925
f 1927//1925 538//538 1934//1932
f 1928//1926 1934//1932 1935//1933
f 1929//1927 1935//1933 1936//1934
f 1930//1928 1936//1934 1937//1935
f 1931//1929 1937//1935 1938//1936
f 1932//1930 1938//1936 1939//1937
f 1933//1931 1939//1937 1940//1938
f 1715//1713 1940//1938 1716//1714
f 1715//1713 1933//1931 1940//1938
f 538//538 537//537 1934//1932
f 1934//1932 537//537 1941//1939
f 1935//1933 1941//1939 1942//1940
f 1936//1934 1942//1940 1943//1941
f 1937//1935 1943//1941 1944//1942
f 1938//1936 1944//1942 1945//1943
f 1939//1937 1945//1943 1946//1944
f 1940//1938 1946//1944 1947//1945
f 1716//1714 1947//1945 1948//1946
f 1717//1715 1948//1946 1949//1947
f 1718//1716 1949//1947 1950//1948
f 1719//1717 1950//1948 1951//1949
f 1720//1718 1951//1949 1952//1950
f 1721//1719 1952//1950 1953//1951
f 1722//1720 1953//1951 1954//1952
f 1723//1721 1954//1952 1955//1953
f 1724//1722 1955//1953 1956//1954
f 1725//1723 1956//1954 1957//1955
f 1726//1724 1957//1955 1958//1956
f 1727//1725 1958//1956 1959//1957
f 1728//1726 1959//1957 1960//1958
f 1729//1727 1960//1958 1961//1959
f 1730//1728 1961//1959 1962//1960
f 1731//1729 1962//1960 1963//1961
f 1732//1730 1963//1961 1964//1962
f 1733//1731 1964//1962 1965//1963
f 1734//1732 1965//1963 1966//1964
f 1967//1965 1966//1964 1968//1966
f 1969//1967 1968//1966 1970//1968
f 1971//1969 1970//1968 1972//1970
f 1973//1971 1972//1970 1974//1972
f 1975//1973 1974//1972 1976//1974
f 1977//1975 1976//1974 1978//1976
f 1979//1977 1978//1976 511//511
f 510//510 1979//1977 511//511
f 510//510 1980//1978 1979//1977
f 510//510 509//509 1980//1978
f 1980//1978 509//509 1981//1979
f 1982//1980 1981//1979 1983//1981
f 1984//1982 1983//1981 1985//1983
f 1986//1984 1985//1983 1987//1985
f 1988//1986 1987//1985 1989//1987
f 1990//1988 1989//1987 1991//1989
f 1992//1990 1991//1989 1993//1991
f 1689//1687 1993//1991 1688//1686
f 1689//1687 1992//1990 1993//1991
f 1689//1687 1690//1688 1992//1990
f 1992//1990 1690//1688 1994//1992
f 1990//1988 1994//1992 1995//1993
f 1988//1986 1995//1993 1996//1994
f 1986//1984 1996//1994 1997//1995
f 1984//1982 1997//1995 1998//1996
f 1982//1980 1998//1996 1999//1997
f 1980//1978 1999//1997 1979//1977
f 1980//1978 1982//1980 1999//1997
f 1980//1978 1981//1979 1982//1980
f 537//537 536//536 1941//1939
f 1941//1939 536//536 2000//1998
f 1942//1940 2000//1998 2001//1999
f 1943//1941 2001//1999 2002//2000
f 1944//1942 2002//2000 2003//2001
f 1945//1943 2003//2001 2004//2002
f 1946//1944 2004//2002 2005//2003
f 1947//1945 2005//2003 1948//1946
f 1947//1945 1946//1944 2005//2003
f 536//536 535//535 2000//1998
f 2000//1998 535//535 2006//2004
f 2001//1999 2006//2004 2007//2005
f 2002//2000 2007//2005 2008//2006
f 2003//2001 2008//2006 2009//2007
f 2004//2002 2009//2007 2010//2008
f 2005//2003 2010//2008 2011//2009
f 1948//1946 2011//2009 1949//1947
f 1948//1946 2005//2003 2011//2009
f 535//535 534//534 2006//2004
f 2006//2004 534//534 2012//2010
f 2007//2005 2012//2010 2013//2011
f 2008//2006 2013//2011 2014//2012
f 2009//2007 2014//2012 2015//2013
f 2010//2008 2015//2013 2016//2014
f 2011//2009 2016//2014 2017//2015
f 1949//1947 2017//2015 1950//1948
f 1949//1947 2011//2009 2017//2015
f 534//534 533//533 2012//2010
f 2012//2010 533//533 2018//2016
f 2013//2011 2018//2016 2019//2017
f 2014//2012 2019//2017 2020//2018
f 2015//2013 2020//2018 2021//2019
f 2016//2014 2021//2019 2022//2020
f 2017//2015 2022//2020 2023//2021
f 1950//1948 2023//2021 1951//1949
f 1950//1948 2017//2015 2023//2021
f 533//533 532//532 2018//2016
f 2018//2016 532//532 2024//2022
f 2019//2017 2024//2022 2025//2023
f 2020//2018 2025//2023 2026//2024
f 2021//2019 2026//2024 2027//2025
f 2022//2020 2027//2025 2028//2026
f 2023//2021 2028//2026 2029//2027
f 1951//1949 2029//2027 1952//1950
f 1951//1949 2023//2021 2029//2027
f 532//532 531//531 2024//2022
f 2024//2022 531//531 2030//2028
f 2025//2023 2030//2028 2031//2029
f 2026//2024 2031//2029 2032//2030
f 2027//2025 2032//2030 2033//2031
f 2028//2026 2033//2031 2034//2032
f 2029//2027 2034//2032 2035//2033
f 1952//1950 2035//2033 1953//1951
f 1952//1950 2029//2027 2035//2033
f 531//531 530//530 2030//2028
f 2030//2028 530//530 2036//2034
f 2031//2029 2036//2034 2037//2035
f 2032//2030 2037//2035 2038//2036
f 2033//2031 2038//2036 2039//2037
f 2034//2032 2039//2037 2040//2038
f 2035//2033 2040//2038 2041//2039
f 1953//1951 2041//2039 1954//1952
f 1953//1951 2035//2033 2041//2039
f 530//530 529//529 2036//2034
f 2036//2034 529//529 2042//2040
f 2037//2035 2042//2040 2043//2041
f 2038//2036 2043//2041 2044//2042
f 2039//2037 2044//2042 2045//2043
f 2040//2038 2045//2043 2046//2044
f 2041//2039 2046//2044 2047//2045
f 1954//1952 2047//2045 1955//1953
f 1954//1952 2041//2039 2047//2045
f 529//529 528//528 2042//2040
f 2042//2040 528//528 2048//2046
f 2043//2041 2048//2046 2049//2047
f 2044//2042 2049//2047 2050//2048
f 2045//2043 2050//2048 2051//2049
f 2046//2044 2051//2049 2052//2050
f 2047//2045 2052//2050 2053//2051
f 1955//1953 2053//2051 1956//1954
f 1955//1953 2047//2045 2053//2051
f 528//528 527//527 2048//2046
f 2048//2046 527//527 2054//2052
f 2049//2047 2054//2052 2055//2053
f 2050//2048 2055//2053 2056//2054
f 2051//2049 2056//2054 2057//2055
f 2052//2050 2057//2055 2058//2056
f 2053//2051 2058//2056 2059//2057
f 1956//1954 2059//2057 1957//1955
f 1956//1954 2053//2051 2059//2057
f 527//527 526//526 2054//2052
f 2054//2052 526//526 2060//2058
f 2055//2053 2060//2058 2061//2059
f 2056//2054 2061//2059 2062//2060
f 2057//2055 2062//2060 2063//2061
f 2058//2056 2063//2061 2064//2062
f 2059//2057 2064//2062 2065//2063
f 1957//1955 2065//2063 1958//1956
f 1957//1955 2059//2057 2065//2063
f 526//526 525//525 2060//2058
f 2060//2058 525//525 2066//2064
f 2061//2059 2066//2064 2067//2065
f 2062//2060 2067//2065 2068//2066
f 2063//2061 2068//2066 2069//2067
f 2064//2062 2069//2067 2070//2068
f 2065//2063 2070//2068 2071//2069
f 1958//1956 2071//2069 1959//1957
f 1958//1956 2065//2063 2071//2069
f 525//525 524//524 2066//2064
f 2066//2064 524//524 2072//2070
f 2067//2065 2072//2070 2073//2071
f 2068//2066 2073//2071 2074//2072
f 2069//2067 2074//2072 2075//2073
f 2070//2068 2075//2073 2076//2074
f 2071//2069 2076//2074 2077//2075
f 1959//1957 2077//2075 1960//1958
f 1959//1957 2071//2069 2077//2075
f 524//524 523//523 2072//2070
f 2072//2070 523//523 2078//2076
f 2073//2071 2078//2076 2079//2077
f 2074//2072 2079//2077 2080//2078
f 2075//2073 2080//2078 2081//2079
f 2076//2074 2081//2079 2082//2080
f 2077//2075 2082//2080 2083//2081
f 1960//1958 2083//2081 1961//1959
f 1960//1958 2077//2075 2083//2081
f 523//523 522//522 2078//2076
f 2078//2076 522//522 2084//2082
f 2079//2077 2084//2082 2085//2083
f 2080//2078 2085//2083 2086//2084
f 2081//2079 2086//2084 2087//2085
f 2082//2080 2087//2085 2088//2086
f 2083//2081 2088//2086 2089//2087
f 1961//1959 2089//2087 1962//1960
f 1961//1959 2083//2081 2089//2087
f 522//522 521//521 2084//2082
f 2084//2082 521//521 2090//2088
f 2085//2083 2090//2088 2091//2089
f 2086//2084 2091//2089 2092//2090
f 2087//2085 2092//2090 2093//2091
f 2088//2086 2093//2091 2094//2092
f 2089//2087 2094//2092 2095//2093
f 1962//1960 2095//2093 1963//1961
f 1962//1960 2089//2087 2095//2093
f 521//521 520//520 2090//2088
f 2090//2088 520//520 2096//2094
f 2091//2089 2096//2094 2097//2095
f 2092//2090 2097//2095 2098//2096
f 2093//2091 2098//2096 2099//2097
f 2094//2092 2099//2097 2100//2098
f 2095//2093 2100//2098 2101//2099
f 1963//1961 2101//2099 1964//1962
f 1963//1961 2095//2093 2101//2099
f 520//520 519//519 2096//2094
f 2096//2094 519//519 2102//2100
f 2097//2095 2102//2100 2103//2101
f 2098//2096 2103//2101 2104//2102
f 2099//2097 2104//2102 2105//2103
f 2100//2098 2105//2103 2106//2104
f 2101//2099 2106//2104 2107//2105
f 1964//1962 2107//2105 1965//1963
f 1964//1962 2101//2099 2107//2105
f 519//519 518//518 2102//2100
f 2102//2100 518//518 2108//2106
f 2103//2101 2108//2106 2109//2107
f 2104//2102 2109//2107 2110//2108
f 2105//2103 2110//2108 2111//2109
f 2106//2104 2111//2109 2112//2110
f 2107//2105 2112//2110 2113//2111
f 1965//1963 2113//2111 1966//1964
f 1965//1963 2107//2105 2113//2111
f 518//518 517//517 2108//2106
f 2108//2106 517//517 2114//2112
f 2109//2107 2114//2112 2115//2113
f 2110//2108 2115//2113 2116//2114
f 2111//2109 2116//2114 2117//2115
f 2112//2110 2117//2115 2118//2116
f 2113//2111 2118//2116 1968//1966
f 1966//1964 2113//2111 1968//1966
f 517//517 516//516 2114//2112
f 2114//2112 516//516 2119//2117
f 2115//2113 2119//2117 2120//2118
f 2116//2114 2120//2118 2121//2119
f 2117//2115 2121//2119 2122//2120
f 2118//2116 2122//2120 1970//1968
f 1968//1966 2118//2116 1970//1968
f 516//516 515//515 2119//2117
f 2119//2117 515//515 2123//2121
f 2120//2118 2123//2121 2124//2122
f 2121//2119 2124//2122 2125//2123
f 2122//2120 2125//2123 1972//1970
f 1970//1968 2122//2120 1972//1970
f 515//515 514//514 2123//2121
f 2123//2121 514//514 2126//2124
f 2124//2122 2126//2124 2127//2125
f 2125//2123 2127//2125 1974//1972
f 1972//1970 2125//2123 1974//1972
f 514//514 513//513 2126//2124
f 2126//2124 513//513 2128//2126
f 2127//2125 2128//2126 1976//1974
f 1974//1972 2127//2125 1976//1974
f 513//513 512//512 2128//2126
f 2128//2126 512//512 1978//1976
f 1976//1974 2128//2126 1978//1976
f 512//512 511//511 1978//1976
f 509//509 508//508 1981//1979
f 1981//1979 508//508 2129//2127
f 1983//1981 2129//2127 2130//2128
f 1985//1983 2130//2128 2131//2129
f 1987//1985 2131//2129 2132//2130
f 1989//1987 2132//2130 2133//2131
f 1991//1989 2133//2131 2134//2132
f 1993//1991 2134//2132 2135//2133
f 1688//1686 2135//2133 1687//1685
f 1688//1686 1993//1991 2135//2133
f 508//508 507//507 2129//2127
f 2129//2127 507//507 2136//2134
f 2130//2128 2136//2134 2137//2135
f 2131//2129 2137//2135 2138//2136
f 2132//2130 2138//2136 2139//2137
f 2133//2131 2139//2137 2140//2138
f 2134//2132 2140//2138 2141//2139
f 2135//2133 2141//2139 2142//2140
f 1687//1685 2142//2140 1686//1684
f 1687//1685 2135//2133 2142//2140
f 507//507 506//506 2136//2134
f 2136//2134 506//506 2143//2141
f 2137//2135 2143//2141 2144//2142
f 2138//2136 2144//2142 2145//2143
f 2139//2137 2145//2143 2146//2144
f 2140//2138 2146//2144 2147//2145
f 2141//2139 2147//2145 2148//2146
f 2142//2140 2148//2146 2149//2147
f 1686//1684 2149//2147 1685//1683
f 1686//1684 2142//2140 2149//2147
f 506//506 505//505 2143//2141
f 2143//2141 505//505 2150//2148
f 2144//2142 2150//2148 2151//2149
f 2145//2143 2151//2149 2152//2150
f 2146//2144 2152//2150 2153//2151
f 2147//2145 2153//2151 2154//2152
f 2148//2146 2154//2152 2155//2153
f 2149//2147 2155//2153 2156//2154
f 1685//1683 2156//2154 1684//1682
f 1685//1683 2149//2147 2156//2154
f 505//505 504//504 2150//2148
f 2150//2148 504//504 2157//2155
f 2151//2149 2157//2155 2158//2156
f 2152//2150 2158//2156 2159//2157
f 2153//2151 2159//2157 2160//2158
f 2154//2152 2160//2158 2161//2159
f 2155//2153 2161//2159 2162//2160
f 2156//2154 2162//2160 2163//2161
f 1684//1682 2163//2161 1683//1681
f 1684//1682 2156//2154 2163//2161
f 504//504 503//503 2157//2155
f 2157//2155 503//503 2164//2162
f 2158//2156 2164//2162 2165//2163
f 2159//2157 2165//2163 2166//2164
f 2160//2158 2166//2164 2167//2165
f 2161//2159 2167//2165 2168//2166
f 2162//2160 2168//2166 2169//2167
f 2163//2161 2169//2167 2170//2168
f 1683//1681 2170//2168 1682//1680
f 1683//1681 2163//2161 2170//2168
f 503//503 502//502 2164//2162
f 2164//2162 502//502 2171//2169
f 2165//2163 2171//2169 2172//2170
f 2166//2164 2172//2170 2173//2171
f 2167//2165 2173//2171 2174//2172
f 2168//2166 2174//2172 2175//2173
f 2169//2167 2175//2173 2176//2174
f 2170//2168 2176//2174 2177//2175
f 1682//1680 2177//2175 1681//1679
f 1682//1680 2170//2168 2177//2175
f 502//502 501//501 2171//2169
f 2171//2169 501//501 2178//2176
f 2172//2170 2178//2176 2179//2177
f 2173//2171 2179//2177 2180//2178
f 2174//2172 2180//2178 2181//2179
f 2175//2173 2181//2179 2182//2180
f 2176//2174 2182//2180 2183//2181
f 2177//2175 2183//2181 2184//2182
f 1681//1679 2184//2182 1680//1678
f 1681//1679 2177//2175 2184//2182
f 501//501 500//500 2178//2176
f 2178//2176 500//500 2185//2183
f 2179//2177 2185//2183 2186//2184
f 2180//2178 2186//2184 2187//2185
f 2181//2179 2187//2185 2188//2186
f 2182//2180 2188//2186 2189//2187
f 2183//2181 2189//2187 2190//2188
f 2184//2182 2190//2188 2191//2189
f 1680//1678 2191//2189 2192//2190
f 1679//1677 2192//2190 2193//2191
f 1678//1676 2193//2191 2194//2192
f 1677//1675 2194//2192 2195//2193
f 1676//1674 2195//2193 2196//2194
f 1675//1673 2196//2194 2197//2195
f 1674//1672 2197//2195 2198//2196
f 1673//1671 2198//2196 2199//2197
f 1672//1670 2199//2197 2200//2198
f 1671//1669 2200//2198 2201//2199
f 1670//1668 2201//2199 2202//2200
f 1669//1667 2202//2200 2203//2201
f 1668//1666 2203//2201 2204//2202
f 1667//1665 2204//2202 2205//2203
f 1666//1664 2205//2203 2206//2204
f 1665//1663 2206//2204 2207//2205
f 1664//1662 2207//2205 2208//2206
f 1663//1661 2208//2206 2209//2207
f 1662//1660 2209//2207 2210//2208
f 2211//2209 2210//2208 2212//2210
f 2213//2211 2212//2210 2214//2212
f 2215//2213 2214//2212 2216//2214
f 2217//2215 2216//2214 2218//2216
f 2219//2217 2218//2216 2220//2218
f 2221//2219 2220//2218 2222//2220
f 2223//2221 2222//2220 474//474
f 473//473 2223//2221 474//474
f 473//473 2224//2222 2223//2221
f 473//473 472//472 2224//2222
f 2224//2222 472//472 2225//2223
f 2226//2224 2225//2223 2227//2225
f 2228//2226 2227//2225 2229//2227
f 2230//2228 2229//2227 2231//2229
f 2232//2230 2231//2229 2233//2231
f 2234//2232 2233//2231 2235//2233
f 2236//2234 2235//2233 2237//2235
f 1654//1652 2237//2235 1653//1651
f 1654//1652 2236//2234 2237//2235
f 1654//1652 1655//1653 2236//2234
f 2236//2234 1655//1653 2238//2236
f 2234//2232 2238//2236 2239//2237
f 2232//2230 2239//2237 2240//2238
f 2230//2228 2240//2238 2241//2239
f 2228//2226 2241//2239 2242//2240
f 2226//2224 2242//2240 2243//2241
f 2224//2222 2243//2241 2223//2221
f 2224//2222 2226//2224 2243//2241
f 2224//2222 2225//2223 2226//2224
f 500//500 499//499 2185//2183
f 2185//2183 499//499 2244//2242
f 2186//2184 2244//2242 2245//2243
f 2187//2185 2245//2243 2246//2244
f 2188//2186 2246//2244 2247//2245
f 2189//2187 2247//2245 2248//2246
f 2190//2188 2248//2246 2249//2247
f 2191//2189 2249//2247 2192//2190
f 2191//2189 2190//2188 2249//2247
f 499//499 498//498 2244//2242
f 2244//2242 498//498 2250//2248
f 2245//2243 2250//2248 2251//2249
f 2246//2244 2251//2249 2252//2250
f 2247//2245 2252//2250 2253//2251
f 2248//2246 2253//2251 2254//2252
f 2249//2247 2254//2252 2255//2253
f 2192//2190 2255//2253 2193//2191
f 2192//2190 2249//2247 2255//2253
f 498//498 497//497 2250//2248
f 2250//2248 497//497 2256//2254
f 2251//2249 2256//2254 2257//2255
f 2252//2250 2257//2255 2258//2256
f 2253//2251 2258//2256 2259//2257
f 2254//2252 2259//2257 2260//2258
f 2255//2253 2260//2258 2261//2259
f 2193//2191 2261//2259 2194//2192
f 2193//2191 2255//2253 2261//2259
f 497//497 496//496 2256//2254
f 2256//2254 496//496 2262//2260
f 2257//2255 2262//2260 2263//2261
f 2258//2256 2263//2261 2264//2262
f 2259//2257 2264//2262 2265//2263
f 2260//2258 2265//2263 2266//2264
f 2261//2259 2266//2264 2267//2265
f 2194//2192 2267//2265 2195//2193
f 2194//2192 2261//2259 2267//2265
f 496//496 495//495 2262//2260
f 2262//2260 495//495 2268//2266
f 2263//2261 2268//2266 2269//2267
f 2264//2262 2269//2267 2270//2268
f 2265//2263 2270//2268 2271//2269
f 2266//2264 2271//2269 2272//2270
f 2267//2265 2272//2270 2273//2271
f 2195//2193 2273//2271 2196//2194
f 2195//2193 2267//2265 2273//2271
f 495//495 494//494 2268//2266
f 2268//2266 494//494 2274//2272
f 2269//2267 2274//2272 2275//2273
f 2270//2268 2275//2273 2276//2274
f 2271//2269 2276//2274 2277//2275
f 2272//2270 2277//2275 2278//2276
f 2273//2271 2278//2276 2279//2277
f 2196//2194 2279//2277 2197//2195
f 2196//2194 2273//2271 2279//2277
f 494//494 493//493 2274//2272
f 2274//2272 493//493 2280//2278
f 2275//2273 2280//2278 2281//2279
f 2276//2274 2281//2279 2282//2280
f 2277//2275 2282//2280 2283//2281
f 2278//2276 2283//2281 2284//2282
f 2279//2277 2284//2282 2285//2283
f 2197//2195 2285//2283 2198//2196
f 2197//2195 2279//2277 2285//2283
f 493//493 492//492 2280//2278
f 2280//2278 492//492 2286//2284
f 2281//2279 2286//2284 2287//2285
f 2282//2280 2287//2285 2288//2286
f 2283//2281 2288//2286 2289//2287
f 2284//2282 2289//2287 2290//2288
f 2285//2283 2290//2288 2291//2289
f 2198//2196 2291//2289 2199//2197
f 2198//2196 2285//2283 2291//2289
f 492//492 491//491 2286//2284
f 2286//2284 491//491 2292//2290
f 2287//2285 2292//2290 2293//2291
f 2288//2286 2293//2291 2294//2292
f 2289//2287 2294//2292 2295//2293
f 2290//2288 2295//2293 2296//2294
f 2291//2289 2296//2294 2297//2295
f 2199//2197 2297//2295 2200//2198
f 2199//2197 2291//2289 2297//2295
f 491//491 490//490 2292//2290
f 2292//2290 490//490 2298//2296
f 2293//2291 2298//2296 2299//2297
f 2294//2292 2299//2297 2300//2298
f 2295//2293 2300//2298 2301//2299
f 2296//2294 2301//2299 2302//2300
f 2297//2295 2302//2300 2303//2301
f 2200//2198 2303//2301 2201//2199
f 2200//2198 2297//2295 2303//2301
f 490//490 489//489 2298//2296
f 2298//2296 489//489 2304//2302
f 2299//2297 2304//2302 2305//2303
f 2300//2298 2305//2303 2306//2304
f 2301//2299 2306//2304 2307//2305
f 2302//2300 2307//2305 2308//2306
f 2303//2301 2308//2306 2309//2307
f 2201//2199 2309//2307 2202//2200
f 2201//2199 2303//2301 2309//2307
f 489//489 488//488 2304//2302
f 2304//2302 488//488 2310//2308
f 2305//2303 2310//2308 2311//2309
f 2306//2304 2311//2309 2312//2310
f 2307//2305 2312//2310 2313//2311
f 2308//2306 2313//2311 2314//2312
f 2309//2307 2314//2312 2315//2313
f 2202//2200 2315//2313 2203//2201
f 2202//2200 2309//2307 2315//2313
f 488//488 487//487 2310//2308
f 2310//2308 487//487 2316//2314
f 2311//2309 2316//2314 2317//2315
f 2312//2310 2317//2315 2318//2316
f 2313//2311 2318//2316 2319//2317
f 2314//2312 2319//2317 2320//2318
f 2315//2313 2320//2318 2321//2319
f 2203//2201 2321//2319 2204//2202
f 2203//2201 2315//2313 2321//2319
f 487//487 486//486 2316//2314
f 2316//2314 486//486 2322//2320
f 2317//2315 2322//2320 2323//2321
f 2318//2316 2323//2321 2324//2322
f 2319//2317 2324//2322 2325//2323
f 2320//2318 2325//2323 2326//2324
f 2321//2319 2326//2324 2327//2325
f 2204//2202 2327//2325 2205//2203
f 2204//2202 2321//2319 2327//2325
f 486//486 485//485 2322//2320
f 2322//2320 485//485 2328//2326
f 2323//2321 2328//2326 2329//2327
f 2324//2322 2329//2327 2330//2328
f 2325//2323 2330//2328 2331//2329
f 2326//2324 2331//2329 2332//2330
f 2327//2325 2332//2330 2333//2331
f 2205//2203 2333//2331 2206//2204
f 2205//2203 2327//2325 2333//2331
f 485//485 484//484 2328//2326
f 2328//2326 484//484 2334//2332
f 2329//2327 2334//2332 2335//2333
f 2330//2328 2335//2333 2336//2334
f 2331//2329 2336//2334 2337//2335
f 2332//2330 2337//2335 2338//2336
f 2333//2331 2338//2336 2339//2337
f 2206//2204 2339//2337 2207//2205
f 2206//2204 2333//2331 2339//2337
f 484//484 483//483 2334//2332
f 2334//2332 483//483 2340//2338
f 2335//2333 2340//2338 2341//2339
f 2336//2334 2341//2339 2342//2340
f 2337//2335 2342//2340 2343//2341
f 2338//2336 2343//2341 2344//2342
f 2339//2337 2344//2342 2345//2343
f 2207//2205 2345//2343 2208//2206
f 2207//2205 2339//2337 2345//2343
f 483//483 482//482 2340//2338
f 2340//2338 482//482 2346//2344
f 2341//2339 2346//2344 2347//2345
f 2342//2340 2347//2345 2348//2346
f 2343//2341 2348//2346 2349//2347
f 2344//2342 2349//2347 2350//2348
f 2345//2343 2350//2348 2351//2349
f 2208//2206 2351//2349 2209//2207
f 2208//2206 2345//2343 2351//2349
f 482//482 481//481 2346//2344
f 2346//2344 481//481 2352//2350
f 2347//2345 2352//2350 2353//2351
f 2348//2346 2353//2351 2354//2352
f 2349//2347 2354//2352 2355//2353
f 2350//2348 2355//2353 2356//2354
f 2351//2349 2356//2354 2357//2355
f 2209//2207 2357//2355 2210//2208
f 2209//2207 2351//2349 2357//2355
f 481//481 480//480 2352//2350
f 2352//2350 480//480 2358//2356
f 2353//2351 2358//2356 2359//2357
f 2354//2352 2359//2357 2360//2358
f 2355//2353 2360//2358 2361//2359
f 2356//2354 2361//2359 2362//2360
f 2357//2355 2362//2360 2212//2210
f 2210//2208 2357//2355 2212//2210
f 480//480 479//479 2358//2356
f 2358//2356 479//479 2363//2361
f 2359//2357 2363//2361 2364//2362
f 2360//2358 2364//2362 2365//2363
f 2361//2359 2365//2363 2366//2364
f 2362//2360 2366//2364 2214//2212
f 2212//2210 2362//2360 2214//2212
f 479//479 478//478 2363//2361
f 2363//2361 478//478 2367//2365
f 2364//2362 2367//2365 2368//2366
f 2365//2363 2368//2366 2369//2367
f 2366//2364 2369//2367 2216//2214
f 2214//2212 2366//2364 2216//2214
f 478//478 477//477 2367//2365
f 2367//2365 477//477 2370//2368
f 2368//2366 2370//2368 2371//2369
f 2369//2367 2371//2369 2218//2216
f 2216//2214 2369//2367 2218//2216
f 477//477 476//476 2370//2368
f 2370//2368 476//476 2372//2370
f 2371//2369 2372//2370 2220//2218
f 2218//2216 2371//2369 2220//2218
f 476//476 475//475 2372//2370
f 2372//2370 475//475 2222//2220
f 2220//2218 2372//2370 2222//2220
f 475//475 474//474 2222//2220
f 472//472 471//471 2225//2223
f 2225//2223 471//471 2373//2371
f 2227//2225 2373//2371 2374//2372
f 2229//2227 2374//2372 2375//2373
f 2231//2229 2375//2373 2376//2374
f 2233//2231 2376//2374 2377//2375
f 2235//2233 2377//2375 2378//2376
f 2237//2235 2378//2376 2379//2377
f 1653//1651 2379//2377 1652//1650
f 1653//1651 2237//2235 2379//2377
f 471//471 470//470 2373//2371
f 2373//2371 470//470 2380//2378
f 2374//2372 2380//2378 2381//2379
f 2375//2373 2381//2379 2382//2380
f 2376//2374 2382//2380 2383//2381
f 2377//2375 2383//2381 2384//2382
f 2378//2376 2384//2382 2385//2383
f 2379//2377 2385//2383 2386//2384
f 1652//1650 2386//2384 1651//1649
f 1652//1650 2379//2377 2386//2384
f 470//470 469//469 2380//2378
f 2380//2378 469//469 2387//2385
f 2381//2379 2387//2385 2388//2386
f 2382//2380 2388//2386 2389//2387
f 2383//2381 2389//2387 2390//2388
f 2384//2382 2390//2388 2391//2389
f 2385//2383 2391//2389 2392//2390
f 2386//2384 2392//2390 2393//2391
f 1651//1649 2393//2391 1649//1647
f 1651//1649 2386//2384 2393//2391
f 469//469 468//468 2387//2385
f 2387//2385 468//468 2394//2392
f 2388//2386 2394//2392 2395//2393
f 2389//2387 2395//2393 2396//2394
f 2390//2388 2396//2394 2397//2395
f 2391//2389 2397//2395 2398//2396
f 2392//2390 2398//2396 2399//2397
f 2393//2391 2399//2397 2400//2398
f 1649//1647 2400//2398 1650//1648
f 1649//1647 2393//2391 2400//2398
f 468//468 467//467 2394//2392
f 2394//2392 467//467 2401//2399
f 2395//2393 2401//2399 2402//2400
f 2396//2394 2402//2400 2403//2401
f 2397//2395 2403//2401 2404//2402
f 2398//2396 2404//2402 2405//2403
f 2399//2397 2405//2403 2406//2404
f 2400//2398 2406//2404 2407//2405
f 1650//1648 2407//2405 1696//1694
f 1650//1648 2400//2398 2407//2405
f 467//467 466//466 2401//2399
f 2401//2399 466//466 2408//2406
f 2402//2400 2408//2406 2409//2407
f 2403//2401 2409//2407 2410//2408
f 2404//2402 2410//2408 2411//2409
f 2405//2403 2411//2409 2412//2410
f 2406//2404 2412//2410 2413//2411
f 2407//2405 2413//2411 2414//2412
f 1696//1694 2414//2412 1695//1693
f 1696//1694 2407//2405 2414//2412
f 466//466 465//465 2408//2406
f 2408//2406 465//465 2415//2413
f 2409//2407 2415//2413 2416//2414
f 2410//2408 2416//2414 2417//2415
f 2411//2409 2417//2415 2418//2416
f 2412//2410 2418//2416 2419//2417
f 2413//2411 2419//2417 2420//2418
f 2414//2412 2420//2418 2421//2419
f 1695//1693 2421//2419 1697//1695
f 1695//1693 2414//2412 2421//2419
f 465//465 464//464 2415//2413
f 2415//2413 464//464 2422//2420
f 2416//2414 2422//2420 2423//2421
f 2417//2415 2423//2421 2424//2422
f 2418//2416 2424//2422 2425//2423
f 2419//2417 2425//2423 2426//2424
f 2420//2418 2426//2424 2427//2425
f 2421//2419 2427//2425 2428//2426
f 1697//1695 2428//2426 1698//1696
f 1697//1695 2421//2419 2428//2426
f 464//464 463//463 2422//2420
f 2422//2420 463//463 2429//2427
f 2423//2421 2429//2427 2430//2428
f 2424//2422 2430//2428 2431//2429
f 2425//2423 2431//2429 2432//2430
f 2426//2424 2432//2430 2433//2431
f 2427//2425 2433//2431 2434//2432
f 2428//2426 2434//2432 2435//2433
f 1698//1696 2435//2433 2436//2434
f 1699//1697 2436//2434 1837//1835
f 1700//1698 1699//1697 1837//1835
f 463//463 461//461 2429//2427
f 2429//2427 461//461 2437//2435
f 2430//2428 2437//2435 2438//2436
f 2431//2429 2438//2436 2439//2437
f 2432//2430 2439//2437 2440//2438
f 2433//2431 2440//2438 2441//2439
f 2434//2432 2441//2439 2442//2440
f 2435//2433 2442//2440 2436//2434
f 2435//2433 2434//2432 2442//2440
f 461//461 462//462 2437//2435
f 2437//2435 462//462 1822//1820
f 2438//2436 1822//1820 1842//1840
f 2439//2437 1842//1840 1841//1839
f 2440//2438 1841//1839 1840//1838
f 2441//2439 1840//1838 1839//1837
f 2442//2440 1839//1837 1838//1836
f 2436//2434 1838//1836 1837//1835
f 2436//2434 2442//2440 1838//1836
f 1655//1653 1656//1654 2238//2236
f 2238//2236 1656//1654 2443//2441
f 2239//2237 2443//2441 2444//2442
f 2240//2238 2444//2442 2445//2443
f 2241//2239 2445//2443 2446//2444
f 2242//2240 2446//2444 2447//2445
f 2243//2241 2447//2445 2221//2219
f 2223//2221 2221//2219 2222//2220
f 2223//2221 2243//2241 2221//2219
f 1656//1654 1657//1655 2443//2441
f 2443//2441 1657//1655 2448//2446
f 2444//2442 2448//2446 2449//2447
f 2445//2443 2449//2447 2450//2448
f 2446//2444 2450//2448 2451//2449
f 2447//2445 2451//2449 2219//2217
f 2221//2219 2219//2217 2220//2218
f 2221//2219 2447//2445 2219//2217
f 1657//1655 1658//1656 2448//2446
f 2448//2446 1658//1656 2452//2450
f 2449//2447 2452//2450 2453//2451
f 2450//2448 2453//2451 2454//2452
f 2451//2449 2454//2452 2217//2215
f 2219//2217 2217//2215 2218//2216
f 2219//2217 2451//2449 2217//2215
f 1658//1656 1659//1657 2452//2450
f 2452//2450 1659//1657 2455//2453
f 2453//2451 2455//2453 2456//2454
f 2454//2452 2456//2454 2215//2213
f 2217//2215 2215//2213 2216//2214
f 2217//2215 2454//2452 2215//2213
f 1659//1657 1660//1658 2455//2453
f 2455//2453 1660//1658 2457//2455
f 2456//2454 2457//2455 2213//2211
f 2215//2213 2213//2211 2214//2212
f 2215//2213 2456//2454 2213//2211
f 1660//1658 1661//1659 2457//2455
f 2457//2455 1661//1659 2211//2209
f 2213//2211 2211//2209 2212//2210
f 2213//2211 2457//2455 2211//2209
f 1661//1659 1662//1660 2211//2209
f 2211//2209 1662//1660 2210//2208
f 1662//1660 1663//1661 2209//2207
f 1663//1661 1664//1662 2208//2206
f 1664//1662 1665//1663 2207//2205
f 1665//1663 1666//1664 2206//2204
f 1666//1664 1667//1665 2205//2203
f 1667//1665 1668//1666 2204//2202
f 1668//1666 1669//1667 2203//2201
f 1669//1667 1670//1668 2202//2200
f 1670//1668 1671//1669 2201//2199
f 1671//1669 1672//1670 2200//2198
f 1672//1670 1673//1671 2199//2197
f 1673//1671 1674//1672 2198//2196
f 1674//1672 1675//1673 2197//2195
f 1675//1673 1676//1674 2196//2194
f 1676//1674 1677//1675 2195//2193
f 1677//1675 1678//1676 2194//2192
f 1678//1676 1679//1677 2193//2191
f 1679//1677 1680//1678 2192//2190
f 2191//2189 1680//1678 2184//2182
f 1690//1688 1691//1689 1994//1992
f 1994//1992 1691//1689 2458//2456
f 1995//1993 2458//2456 2459//2457
f 1996//1994 2459//2457 2460//2458
f 1997//1995 2460//2458 2461//2459
f 1998//1996 2461//2459 2462//2460
f 1999//1997 2462//2460 1977//1975
f 1979//1977 1977//1975 1978//1976
f 1979//1977 1999//1997 1977//1975
f 1691//1689 1692//1690 2458//2456
f 2458//2456 1692//1690 2463//2461
f 2459//2457 2463//2461 2464//2462
f 2460//2458 2464//2462 2465//2463
f 2461//2459 2465//2463 2466//2464
f 2462//2460 2466//2464 1975//1973
f 1977//1975 1975//1973 1976//1974
f 1977//1975 2462//2460 1975//1973
f 1692//1690 1693//1691 2463//2461
f 2463//2461 1693//1691 2467//2465
f 2464//2462 2467//2465 2468//2466
f 2465//2463 2468//2466 2469//2467
f 2466//2464 2469//2467 1973//1971
f 1975//1973 1973//1971 1974//1972
f 1975//1973 2466//2464 1973//1971
f 1693//1691 1694//1692 2467//2465
f 2467//2465 1694//1692 2470//2468
f 2468//2466 2470//2468 2471//2469
f 2469//2467 2471//2469 1971//1969
f 1973//1971 1971//1969 1972//1970
f 1973//1971 2469//2467 1971//1969
f 1694//1692 1736//1734 2470//2468
f 2470//2468 1736//1734 2472//2470
f 2471//2469 2472//2470 1969//1967
f 1971//1969 1969//1967 1970//1968
f 1971//1969 2471//2469 1969//1967
f 1736//1734 1735//1733 2472//2470
f 2472//2470 1735//1733 1967//1965
f 1969//1967 1967//1965 1968//1966
f 1969//1967 2472//2470 1967//1965
f 1735//1733 1734//1732 1967//1965
f 1967//1965 1734//1732 1966//1964
f 1734//1732 1733//1731 1965//1963
f 1733//1731 1732//1730 1964//1962
f 1732//1730 1731//1729 1963//1961
f 1731//1729 1730//1728 1962//1960
f 1730//1728 1729//1727 1961//1959
f 1729//1727 1728//1726 1960//1958
f 1728//1726 1727//1725 1959//1957
f 1727//1725 1726//1724 1958//1956
f 1726//1724 1725//1723 1957//1955
f 1725//1723 1724//1722 1956//1954
f 1724//1722 1723//1721 1955//1953
f 1723//1721 1722//1720 1954//1952
f 1722//1720 1721//1719 1953//1951
f 1721//1719 1720//1718 1952//1950
f 1720//1718 1719//1717 1951//1949
f 1719//1717 1718//1716 1950//1948
f 1718//1716 1717//1715 1949//1947
f 1717//1715 1716//1714 1948//1946
f 1947//1945 1716//1714 1940//1938
f 1699//1697 1698//1696 2436//2434
f 2435//2433 1698//1696 2428//2426
f 2030//2028 2025//2023 2024//2022
f 2025//2023 2020//2018 2019//2017
f 2036//2034 2031//2029 2030//2028
f 2020//2018 2015//2013 2014//2012
f 2031//2029 2026//2024 2025//2023
f 2015//2013 2010//2008 2009//2007
f 2026//2024 2021//2019 2020//2018
f 2010//2008 2005//2003 2004//2002
f 2021//2019 2016//2014 2015//2013
f 2016//2014 2011//2009 2010//2008
f 1822//1820 2438//2436 2437//2435
f 2438//2436 2431//2429 2430//2428
f 2439//2437 2438//2436 1842//1840
f 2431//2429 2425//2423 2424//2422
f 2432//2430 2431//2429 2439//2437
f 2425//2423 2419//2417 2418//2416
f 2426//2424 2425//2423 2432//2430
f 2419//2417 2413//2411 2412//2410
f 2420//2418 2419//2417 2426//2424
f 2413//2411 2407//2405 2406//2404
f 2414//2412 2413//2411 2420//2418
f 2399//2397 2406//2404 2400//2398
f 2405//2403 2412//2410 2406//2404
f 2411//2409 2418//2416 2412//2410
f 2417//2415 2424//2422 2418//2416
f 2423//2421 2430//2428 2424//2422
f 2429//2427 2437//2435 2430//2428
f 2440//2438 2439//2437 1841//1839
f 2433//2431 2432//2430 2440//2438
f 2427//2425 2426//2424 2433//2431
f 2421//2419 2420//2418 2427//2425
f 1827//1825 1841//1839 1825//1823
f 1826//1824 1827//1825 1825//1823
f 1843//1841 1826//1824 1824//1822
f 2441//2439 2440//2438 1840//1838
f 2434//2432 2433//2431 2441//2439
f 2428//2426 2427//2425 2434//2432
f 1850//1848 1844//1842 1843//1841
f 1829//1827 1840//1838 1827//1825
f 1828//1826 1829//1827 1827//1825
f 1844//1842 1828//1826 1826//1824
f 2442//2440 2441//2439 1839//1837
f 1857//1855 1851//1849 1850//1848
f 1851//1849 1845//1843 1844//1842
f 1831//1829 1839//1837 1829//1827
f 1830//1828 1831//1829 1829//1827
f 1845//1843 1830//1828 1828//1826
f 1864//1862 1858//1856 1857//1855
f 1858//1856 1852//1850 1851//1849
f 1852//1850 1846//1844 1845//1843
f 1833//1831 1838//1836 1831//1829
f 1832//1830 1833//1831 1831//1829
f 1846//1844 1832//1830 1830//1828
f 1871//1869 1865//1863 1864//1862
f 1865//1863 1859//1857 1858//1856
f 1859//1857 1853//1851 1852//1850
f 1853//1851 1847//1845 1846//1844
f 1835//1833 1837//1835 1833//1831
f 1834//1832 1835//1833 1833//1831
f 1847//1845 1834//1832 1832//1830
f 1878//1876 1872//1870 1871//1869
f 1872//1870 1866//1864 1865//1863
f 1866//1864 1860//1858 1859//1857
f 1860//1858 1854//1852 1853//1851
f 1854//1852 1848//1846 1847//1845
f 1848//1846 1836//1834 1834//1832
f 1885//1883 1879//1877 1878//1876
f 1879//1877 1873//1871 1872//1870
f 1873//1871 1867//1865 1866//1864
f 1867//1865 1861//1859 1860//1858
f 1861//1859 1855//1853 1854//1852
f 1855//1853 1849//1847 1848//1846
f 1892//1890 1886//1884 1885//1883
f 1886//1884 1880//1878 1879//1877
f 1880//1878 1874//1872 1873//1871
f 1874//1872 1868//1866 1867//1865
f 1868//1866 1862//1860 1861//1859
f 1862//1860 1856//1854 1855//1853
f 1899//1897 1893//1891 1892//1890
f 1893//1891 1887//1885 1886//1884
f 1887//1885 1881//1879 1880//1878
f 1881//1879 1875//1873 1874//1872
f 1875//1873 1869//1867 1868//1866
f 1869//1867 1863//1861 1862//1860
f 1906//1904 1900//1898 1899//1897
f 1900//1898 1894//1892 1893//1891
f 1894//1892 1888//1886 1887//1885
f 1888//1886 1882//1880 1881//1879
f 1882//1880 1876//1874 1875//1873
f 1876//1874 1870//1868 1869//1867
f 1913//1911 1907//1905 1906//1904
f 1907//1905 1901//1899 1900//1898
f 1901//1899 1895//1893 1894//1892
f 1895//1893 1889//1887 1888//1886
f 1889//1887 1883//1881 1882//1880
f 1883//1881 1877//1875 1876//1874
f 1920//1918 1914//1912 1913//1911
f 1914//1912 1908//1906 1907//1905
f 1908//1906 1902//1900 1901//1899
f 1902//1900 1896//1894 1895//1893
f 1896//1894 1890//1888 1889//1887
f 1890//1888 1884//1882 1883//1881
f 1927//1925 1921//1919 1920//1918
f 1921//1919 1915//1913 1914//1912
f 1915//1913 1909//1907 1908//1906
f 1909//1907 1903//1901 1902//1900
f 1903//1901 1897//1895 1896//1894
f 1897//1895 1891//1889 1890//1888
f 1934//1932 1928//1926 1927//1925
f 1928//1926 1922//1920 1921//1919
f 1922//1920 1916//1914 1915//1913
f 1916//1914 1910//1908 1909//1907
f 1910//1908 1904//1902 1903//1901
f 1904//1902 1898//1896 1897//1895
f 1941//1939 1935//1933 1934//1932
f 1935//1933 1929//1927 1928//1926
f 1929//1927 1923//1921 1922//1920
f 1923//1921 1917//1915 1916//1914
f 1917//1915 1911//1909 1910//1908
f 1911//1909 1905//1903 1904//1902
f 2000//1998 1942//1940 1941//1939
f 1942//1940 1936//1934 1935//1933
f 1936//1934 1930//1928 1929//1927
f 1930//1928 1924//1922 1923//1921
f 1924//1922 1918//1916 1917//1915
f 1918//1916 1912//1910 1911//1909
f 2006//2004 2001//1999 2000//1998
f 2001//1999 1943//1941 1942//1940
f 1943//1941 1937//1935 1936//1934
f 1937//1935 1931//1929 1930//1928
f 1931//1929 1925//1923 1924//1922
f 1925//1923 1919//1917 1918//1916
f 2012//2010 2007//2005 2006//2004
f 2007//2005 2002//2000 2001//1999
f 2002//2000 1944//1942 1943//1941
f 1944//1942 1938//1936 1937//1935
f 1938//1936 1932//1930 1931//1929
f 1932//1930 1926//1924 1925//1923
f 2018//2016 2013//2011 2012//2010
f 2013//2011 2008//2006 2007//2005
f 2008//2006 2003//2001 2002//2000
f 2003//2001 1945//1943 1944//1942
f 1945//1943 1939//1937 1938//1936
f 1939//1937 1933//1931 1932//1930
f 2024//2022 2019//2017 2018//2016
f 2019//2017 2014//2012 2013//2011
f 2014//2012 2009//2007 2008//2006
f 2009//2007 2004//2002 2003//2001
f 2004//2002 1946//1944 1945//1943
f 1946//1944 1940//1938 1939//1937
f 2042//2040 2037//2035 2036//2034
f 2037//2035 2032//2030 2031//2029
f 2032//2030 2027//2025 2026//2024
f 2027//2025 2022//2020 2021//2019
f 2022//2020 2017//2015 2016//2014
f 2048//2046 2043//2041 2042//2040
f 2043//2041 2038//2036 2037//2035
f 2038//2036 2033//2031 2032//2030
f 2033//2031 2028//2026 2027//2025
f 2028//2026 2023//2021 2022//2020
f 2054//2052 2049//2047 2048//2046
f 2049//2047 2044//2042 2043//2041
f 2044//2042 2039//2037 2038//2036
f 2039//2037 2034//2032 2033//2031
f 2034//2032 2029//2027 2028//2026
f 2060//2058 2055//2053 2054//2052
f 2055//2053 2050//2048 2049//2047
f 2050//2048 2045//2043 2044//2042
f 2045//2043 2040//2038 2039//2037
f 2040//2038 2035//2033 2034//2032
f 2066//2064 2061//2059 2060//2058
f 2061//2059 2056//2054 2055//2053
f 2056//2054 2051//2049 2050//2048
f 2051//2049 2046//2044 2045//2043
f 2046//2044 2041//2039 2040//2038
f 2072//2070 2067//2065 2066//2064
f 2067//2065 2062//2060 2061//2059
f 2062//2060 2057//2055 2056//2054
f 2057//2055 2052//2050 2051//2049
f 2052//2050 2047//2045 2046//2044
f 2078//2076 2073//2071 2072//2070
f 2073//2071 2068//2066 2067//2065
f 2068//2066 2063//2061 2062//2060
f 2063//2061 2058//2056 2057//2055
f 2058//2056 2053//2051 2052//2050
f 2084//2082 2079//2077 2078//2076
f 2079//2077 2074//2072 2073//2071
f 2074//2072 2069//2067 2068//2066
f 2069//2067 2064//2062 2063//2061
f 2064//2062 2059//2057 2058//2056
f 2090//2088 2085//2083 2084//2082
f 2085//2083 2080//2078 2079//2077
f 2080//2078 2075//2073 2074//2072
f 2075//2073 2070//2068 2069//2067
f 2070//2068 2065//2063 2064//2062
f 2096//2094 2091//2089 2090//2088
f 2091//2089 2086//2084 2085//2083
f 2086//2084 2081//2079 2080//2078
f 2081//2079 2076//2074 2075//2073
f 2076//2074 2071//2069 2070//2068
f 2102//2100 2097//2095 2096//2094
f 2097//2095 2092//2090 2091//2089
f 2092//2090 2087//2085 2086//2084
f 2087//2085 2082//2080 2081//2079
f 2082//2080 2077//2075 2076//2074
f 2108//2106 2103//2101 2102//2100
f 2103//2101 2098//2096 2097//2095
f 2098//2096 2093//2091 2092//2090
f 2093//2091 2088//2086 2087//2085
f 2088//2086 2083//2081 2082//2080
f 2114//2112 2109//2107 2108//2106
f 2109//2107 2104//2102 2103//2101
f 2104//2102 2099//2097 2098//2096
f 2099//2097 2094//2092 2093//2091
f 2094//2092 2089//2087 2088//2086
f 2119//2117 2115//2113 2114//2112
f 2115//2113 2110//2108 2109//2107
f 2110//2108 2105//2103 2104//2102
f 2105//2103 2100//2098 2099//2097
f 2100//2098 2095//2093 2094//2092
f 2123//2121 2120//2118 2119//2117
f 2120//2118 2116//2114 2115//2113
f 2116//2114 2111//2109 2110//2108
f 2111//2109 2106//2104 2105//2103
f 2106//2104 2101//2099 2100//2098
f 2126//2124 2124//2122 2123//2121
f 2124//2122 2121//2119 2120//2118
f 2121//2119 2117//2115 2116//2114
f 2117//2115 2112//2110 2111//2109
f 2112//2110 2107//2105 2106//2104
f 2128//2126 2127//2125 2126//2124
f 2127//2125 2125//2123 2124//2122
f 2125//2123 2122//2120 2121//2119
f 2122//2120 2118//2116 2117//2115
f 2118//2116 2113//2111 2112//2110
f 1998//1996 2462//2460 1999//1997
f 2461//2459 2466//2464 2462//2460
f 2465//2463 2469//2467 2466//2464
f 2468//2466 2471//2469 2469//2467
f 2470//2468 2472//2470 2471//2469
f 1984//1982 1998//1996 1982//1980
f 1983//1981 1984//1982 1982//1980
f 2129//2127 1983//1981 1981//1979
f 1997//1995 2461//2459 1998//1996
f 2460//2458 2465//2463 2461//2459
f 2464//2462 2468//2466 2465//2463
f 2467//2465 2470//2468 2468//2466
f 2136//2134 2130//2128 2129//2127
f 1986//1984 1997//1995 1984//1982
f 1985//1983 1986//1984 1984//1982
f 2130//2128 1985//1983 1983//1981
f 1996//1994 2460//2458 1997//1995
f 2459//2457 2464//2462 2460//2458
f 2463//2461 2467//2465 2464//2462
f 2143//2141 2137//2135 2136//2134
f 2137//2135 2131//2129 2130//2128
f 1988//1986 1996//1994 1986//1984
f 1987//1985 1988//1986 1986//1984
f 2131//2129 1987//1985 1985//1983
f 1995//1993 2459//2457 1996//1994
f 2458//2456 2463//2461 2459//2457
f 2150//2148 2144//2142 2143//2141
f 2144//2142 2138//2136 2137//2135
f 2138//2136 2132//2130 2131//2129
f 1990//1988 1995//1993 1988//1986
f 1989//1987 1990//1988 1988//1986
f 2132//2130 1989//1987 1987//1985
f 1994//1992 2458//2456 1995//1993
f 2157//2155 2151//2149 2150//2148
f 2151//2149 2145//2143 2144//2142
f 2145//2143 2139//2137 2138//2136
f 2139//2137 2133//2131 2132//2130
f 1992//1990 1994//1992 1990//1988
f 1991//1989 1992//1990 1990//1988
f 2133//2131 1991//1989 1989//1987
f 2164//2162 2158//2156 2157//2155
f 2158//2156 2152//2150 2151//2149
f 2152//2150 2146//2144 2145//2143
f 2146//2144 2140//2138 2139//2137
f 2140//2138 2134//2132 2133//2131
f 2134//2132 1993//1991 1991//1989
f 2171//2169 2165//2163 2164//2162
f 2165//2163 2159//2157 2158//2156
f 2159//2157 2153//2151 2152//2150
f 2153//2151 2147//2145 2146//2144
f 2147//2145 2141//2139 2140//2138
f 2141//2139 2135//2133 2134//2132
f 2178//2176 2172//2170 2171//2169
f 2172//2170 2166//2164 2165//2163
f 2166//2164 2160//2158 2159//2157
f 2160//2158 2154//2152 2153//2151
f 2154//2152 2148//2146 2147//2145
f 2148//2146 2142//2140 2141//2139
f 2185//2183 2179//2177 2178//2176
f 2179//2177 2173//2171 2172//2170
f 2173//2171 2167//2165 2166//2164
f 2167//2165 2161//2159 2160//2158
f 2161//2159 2155//2153 2154//2152
f 2155//2153 2149//2147 2148//2146
f 2244//2242 2186//2184 2185//2183
f 2186//2184 2180//2178 2179//2177
f 2180//2178 2174//2172 2173//2171
f 2174//2172 2168//2166 2167//2165
f 2168//2166 2162//2160 2161//2159
f 2162//2160 2156//2154 2155//2153
f 2250//2248 2245//2243 2244//2242
f 2245//2243 2187//2185 2186//2184
f 2187//2185 2181//2179 2180//2178
f 2181//2179 2175//2173 2174//2172
f 2175//2173 2169//2167 2168//2166
f 2169//2167 2163//2161 2162//2160
f 2256//2254 2251//2249 2250//2248
f 2251//2249 2246//2244 2245//2243
f 2246//2244 2188//2186 2187//2185
f 2188//2186 2182//2180 2181//2179
f 2182//2180 2176//2174 2175//2173
f 2176//2174 2170//2168 2169//2167
f 2262//2260 2257//2255 2256//2254
f 2257//2255 2252//2250 2251//2249
f 2252//2250 2247//2245 2246//2244
f 2247//2245 2189//2187 2188//2186
f 2189//2187 2183//2181 2182//2180
f 2183//2181 2177//2175 2176//2174
f 2268//2266 2263//2261 2262//2260
f 2263//2261 2258//2256 2257//2255
f 2258//2256 2253//2251 2252//2250
f 2253//2251 2248//2246 2247//2245
f 2248//2246 2190//2188 2189//2187
f 2190//2188 2184//2182 2183//2181
f 2274//2272 2269//2267 2268//2266
f 2269//2267 2264//2262 2263//2261
f 2264//2262 2259//2257 2258//2256
f 2259//2257 2254//2252 2253//2251
f 2254//2252 2249//2247 2248//2246
f 2280//2278 2275//2273 2274//2272
f 2275//2273 2270//2268 2269//2267
f 2270//2268 2265//2263 2264//2262
f 2265//2263 2260//2258 2259//2257
f 2260//2258 2255//2253 2254//2252
f 2286//2284 2281//2279 2280//2278
f 2281//2279 2276//2274 2275//2273
f 2276//2274 2271//2269 2270//2268
f 2271//2269 2266//2264 2265//2263
f 2266//2264 2261//2259 2260//2258
f 2292//2290 2287//2285 2286//2284
f 2287//2285 2282//2280 2281//2279
f 2282//2280 2277//2275 2276//2274
f 2277//2275 2272//2270 2271//2269
f 2272//2270 2267//2265 2266//2264
f 2298//2296 2293//2291 2292//2290
f 2293//2291 2288//2286 2287//2285
f 2288//2286 2283//2281 2282//2280
f 2283//2281 2278//2276 2277//2275
f 2278//2276 2273//2271 2272//2270
f 2304//2302 2299//2297 2298//2296
f 2299//2297 2294//2292 2293//2291
f 2294//2292 2289//2287 2288//2286
f 2289//2287 2284//2282 2283//2281
f 2284//2282 2279//2277 2278//2276
f 2310//2308 2305//2303 2304//2302
f 2305//2303 2300//2298 2299//2297
f 2300//2298 2295//2293 2294//2292
f 2295//2293 2290//2288 2289//2287
f 2290//2288 2285//2283 2284//2282
f 2316//2314 2311//2309 2310//2308
f 2311//2309 2306//2304 2305//2303
f 2306//2304 2301//2299 2300//2298
f 2301//2299 2296//2294 2295//2293
f 2296//2294 2291//2289 2290//2288
f 2322//2320 2317//2315 2316//2314
f 2317//2315 2312//2310 2311//2309
f 2312//2310 2307//2305 2306//2304
f 2307//2305 2302//2300 2301//2299
f 2302//2300 2297//2295 2296//2294
f 2328//2326 2323//2321 2322//2320
f 2323//2321 2318//2316 2317//2315
f 2318//2316 2313//2311 2312//2310
f 2313//2311 2308//2306 2307//2305
f 2308//2306 2303//2301 2302//2300
f 2334//2332 2329//2327 2328//2326
f 2329//2327 2324//2322 2323//2321
f 2324//2322 2319//2317 2318//2316
f 2319//2317 2314//2312 2313//2311
f 2314//2312 2309//2307 2308//2306
f 2340//2338 2335//2333 2334//2332
f 2335//2333 2330//2328 2329//2327
f 2330//2328 2325//2323 2324//2322
f 2325//2323 2320//2318 2319//2317
f 2320//2318 2315//2313 2314//2312
f 2346//2344 2341//2339 2340//2338
f 2341//2339 2336//2334 2335//2333
f 2336//2334 2331//2329 2330//2328
f 2331//2329 2326//2324 2325//2323
f 2326//2324 2321//2319 2320//2318
f 2352//2350 2347//2345 2346//2344
f 2347//2345 2342//2340 2341//2339
f 2342//2340 2337//2335 2336//2334
f 2337//2335 2332//2330 2331//2329
f 2332//2330 2327//2325 2326//2324
f 2358//2356 2353//2351 2352//2350
f 2353//2351 2348//2346 2347//2345
f 2348//2346 2343//2341 2342//2340
f 2343//2341 2338//2336 2337//2335
f 2338//2336 2333//2331 2332//2330
f 2363//2361 2359//2357 2358//2356
f 2359//2357 2354//2352 2353//2351
f 2354//2352 2349//2347 2348//2346
f 2349//2347 2344//2342 2343//2341
f 2344//2342 2339//2337 2338//2336
f 2367//2365 2364//2362 2363//2361
f 2364//2362 2360//2358 2359//2357
f 2360//2358 2355//2353 2354//2352
f 2355//2353 2350//2348 2349//2347
f 2350//2348 2345//2343 2344//2342
f 2370//2368 2368//2366 2367//2365
f 2368//2366 2365//2363 2364//2362
f 2365//2363 2361//2359 2360//2358
f 2361//2359 2356//2354 2355//2353
f 2356//2354 2351//2349 2350//2348
f 2372//2370 2371//2369 2370//2368
f 2371//2369 2369//2367 2368//2366
f 2369//2367 2366//2364 2365//2363
f 2366//2364 2362//2360 2361//2359
f 2362//2360 2357//2355 2356//2354
f 2242//2240 2447//2445 2243//2241
f 2446//2444 2451//2449 2447//2445
f 2450//2448 2454//2452 2451//2449
f 2453//2451 2456//2454 2454//2452
f 2455//2453 2457//2455 2456//2454
f 2228//2226 2242//2240 2226//2224
f 2227//2225 2228//2226 2226//2224
f 2373//2371 2227//2225 2225//2223
f 2241//2239 2446//2444 2242//2240
f 2445//2443 2450//2448 2446//2444
f 2449//2447 2453//2451 2450//2448
f 2452//2450 2455//2453 2453//2451
f 2380//2378 2374//2372 2373//2371
f 2230//2228 2241//2239 2228//2226
f 2229//2227 2230//2228 2228//2226
f 2374//2372 2229//2227 2227//2225
f 2240//2238 2445//2443 2241//2239
f 2444//2442 2449//2447 2445//2443
f 2448//2446 2452//2450 2449//2447
f 2387//2385 2381//2379 2380//2378
f 2381//2379 2375//2373 2374//2372
f 2232//2230 2240//2238 2230//2228
f 2231//2229 2232//2230 2230//2228
f 2375//2373 2231//2229 2229//2227
f 2239//2237 2444//2442 2240//2238
f 2443//2441 2448//2446 2444//2442
f 2394//2392 2388//2386 2387//2385
f 2388//2386 2382//2380 2381//2379
f 2382//2380 2376//2374 2375//2373
f 2234//2232 2239//2237 2232//2230
f 2233//2231 2234//2232 2232//2230
f 2376//2374 2233//2231 2231//2229
f 2238//2236 2443//2441 2239//2237
f 2401//2399 2395//2393 2394//2392
f 2395//2393 2389//2387 2388//2386
f 2389//2387 2383//2381 2382//2380
f 2383//2381 2377//2375 2376//2374
f 2236//2234 2238//2236 2234//2232
f 2235//2233 2236//2234 2234//2232
f 2377//2375 2235//2233 2233//2231
f 2408//2406 2402//2400 2401//2399
f 2402//2400 2396//2394 2395//2393
f 2396//2394 2390//2388 2389//2387
f 2390//2388 2384//2382 2383//2381
f 2384//2382 2378//2376 2377//2375
f 2378//2376 2237//2235 2235//2233
f 2415//2413 2409//2407 2408//2406
f 2409//2407 2403//2401 2402//2400
f 2403//2401 2397//2395 2396//2394
f 2397//2395 2391//2389 2390//2388
f 2391//2389 2385//2383 2384//2382
f 2385//2383 2379//2377 2378//2376
f 2422//2420 2416//2414 2415//2413
f 2416//2414 2410//2408 2409//2407
f 2410//2408 2404//2402 2403//2401
f 2404//2402 2398//2396 2397//2395
f 2398//2396 2392//2390 2391//2389
f 2392//2390 2386//2384 2385//2383
f 2429//2427 2423//2421 2422//2420
f 2423//2421 2417//2415 2416//2414
f 2417//2415 2411//2409 2410//2408
f 2411//2409 2405//2403 2404//2402
f 2405//2403 2399//2397 2398//2396
f 2399//2397 2393//2391 2392//2390
f 2473//2471 2474//2472 2475//2473
f 2475//2473 2474//2472 2476//2474
f 2477//2475 2476//2474 2478//2476
f 2479//2477 2478//2476 2480//2478
f 2481//2479 2480//2478 2482//2480
f 2481//2479 2479//2477 2480//2478
f 2481//2479 2483//2481 2479//2477
f 2479//2477 2483//2481 2484//2482
f 2485//2483 2484//2482 2486//2484
f 2487//2485 2486//2484 2488//2486
f 2487//2485 2485//2483 2486//2484
f 2487//2485 2489//2487 2485//2483
f 2485//2483 2489//2487 2477//2475
f 2479//2477 2477//2475 2478//2476
f 2479//2477 2485//2483 2477//2475
f 2479//2477 2484//2482 2485//2483
f 2474//2472 2490//2488 2476//2474
f 2476//2474 2490//2488 2491//2489
f 2478//2476 2491//2489 2492//2490
f 2480//2478 2492//2490 2493//2491
f 2482//2480 2493//2491 2494//2492
f 2482//2480 2480//2478 2493//2491
f 2490//2488 2495//2493 2491//2489
f 2491//2489 2495//2493 2496//2494
f 2492//2490 2496//2494 2497//2495
f 2498//2496 2497//2495 2496//2494
f 2498//2496 2492//2490 2497//2495
f 2498//2496 2499//2497 2492//2490
f 2498//2496 2500//2498 2499//2497
f 2499//2497 2500//2498 2501//2499
f 2502//2500 2501//2499 2503//2501
f 2504//2502 2503//2501 2505//2503
f 2506//2504 2505//2503 2503//2501
f 2506//2504 2504//2502 2505//2503
f 2506//2504 2507//2505 2504//2502
f 2506//2504 2508//2506 2507//2505
f 2507//2505 2508//2506 2509//2507
f 2510//2508 2509//2507 2511//2509
f 2512//2510 2511//2509 2513//2511
f 2514//2512 2513//2511 2515//2513
f 2514//2512 2512//2510 2513//2511
f 2499//2497 2501//2499 2502//2500
f 2516//2514 2502//2500 2504//2502
f 2517//2515 2504//2502 2518//2516
f 2517//2515 2516//2514 2504//2502
f 2517//2515 2519//2517 2516//2514
f 2516//2514 2519//2517 2493//2491
f 2499//2497 2493//2491 2492//2490
f 2499//2497 2516//2514 2493//2491
f 2499//2497 2502//2500 2516//2514
f 2507//2505 2509//2507 2510//2508
f 2520//2518 2510//2508 2512//2510
f 2520//2518 2507//2505 2510//2508
f 2520//2518 2521//2519 2507//2505
f 2507//2505 2521//2519 2518//2516
f 2504//2502 2507//2505 2518//2516
f 2510//2508 2511//2509 2512//2510
f 2513//2511 2522//2520 2515//2513
f 2515//2513 2522//2520 2523//2521
f 2524//2522 2523//2521 2525//2523
f 2524//2522 2515//2513 2523//2521
f 2519//2517 2494//2492 2493//2491
f 2489//2487 2475//2473 2477//2475
f 2477//2475 2475//2473 2476//2474
f 2491//2489 2478//2476 2476//2474
f 2496//2494 2492//2490 2491//2489
f 2492//2490 2480//2478 2478//2476
f 2503//2501 2504//2502 2502//2500
f 2524//2522 2525//2523 2526//2524
f 2527//2525 2524//2522 2526//2524
f 2527//2525 2515//2513 2524//2522
f 2527//2525 2528//2526 2515//2513
f 2515//2513 2528//2526 2514//2512
f 2514//2512 2528//2526 2529//2527
f 2512//2510 2529//2527 2520//2518
f 2512//2510 2514//2512 2529//2527
f 2530//2528 2531//2529 2532//2530
f 2530//2528 2533//2531 2531//2529
f 2530//2528 2534//2532 2533//2531
f 2533//2531 2534//2532 2535//2533
f 2536//2534 2535//2533 2537//2535
f 2538//2536 2536//2534 2537//2535
f 2538//2536 2539//2537 2536//2534
f 2538//2536 2540//2538 2539//2537
f 2539//2537 2540//2538 2541//2539
f 2541//2539 2540//2538 2542//2540
f 2543//2541 2541//2539 2542//2540
f 2543//2541 2544//2542 2541//2539
f 2543//2541 2545//2543 2544//2542
f 2544//2542 2545//2543 2546//2544
f 2547//2545 2546//2544 2548//2546
f 2549//2547 2548//2546 2550//2548
f 2551//2549 2549//2547 2550//2548
f 2551//2549 2552//2550 2549//2547
f 2551//2549 2553//2551 2552//2550
f 2552//2550 2553//2551 2554//2552
f 2554//2552 2553//2551 2555//2553
f 2556//2554 2554//2552 2555//2553
f 2556//2554 2557//2555 2554//2552
f 2556//2554 2558//2556 2557//2555
f 2557//2555 2558//2556 2559//2557
f 2560//2558 2559//2557 2561//2559
f 2562//2560 2561//2559 2563//2561
f 2564//2562 2562//2560 2563//2561
f 2564//2562 2565//2563 2562//2560
f 2564//2562 2566//2564 2565//2563
f 2565//2563 2566//2564 2567//2565
f 2567//2565 2566//2564 2568//2566
f 2569//2567 2567//2565 2568//2566
f 2569//2567 2570//2568 2567//2565
f 2569//2567 2571//2569 2570//2568
f 2570//2568 2571//2569 2572//2570
f 2573//2571 2572//2570 2574//2572
f 2575//2573 2574//2572 2576//2574
f 2577//2575 2575//2573 2576//2574
f 2577//2575 2578//2576 2575//2573
f 2577//2575 2579//2577 2578//2576
f 2578//2576 2579//2577 2580//2578
f 2533//2531 2535//2533 2536//2534
f 2544//2542 2546//2544 2547//2545
f 2547//2545 2548//2546 2549//2547
f 2557//2555 2559//2557 2560//2558
f 2560//2558 2561//2559 2562//2560
f 2570//2568 2572//2570 2573//2571
f 2573//2571 2574//2572 2575//2573
f 2531//2529 2526//2524 2532//2530
f 2532//2530 2526//2524 2525//2523
f 2529//2527 2581//2579 2520//2518
f 2520//2518 2581//2579 2521//2519
f 2521//2519 2581//2579 2582//2580
f 2518//2516 2582//2580 2583//2581
f 2517//2515 2583//2581 2519//2517
f 2517//2515 2518//2516 2583//2581
f 2521//2519 2582//2580 2518//2516
f 2583//2581 2584//2582 2519//2517
f 2519//2517 2584//2582 2494//2492
f 2494//2492 2584//2582 2585//2583
f 2482//2480 2585//2583 2586//2584
f 2481//2479 2586//2584 2483//2481
f 2481//2479 2482//2480 2586//2584
f 2494//2492 2585//2583 2482//2480
f 2586//2584 2587//2585 2483//2481
f 2483//2481 2587//2585 2484//2482
f 2484//2482 2587//2585 2588//2586
f 2486//2484 2588//2586 2589//2587
f 2488//2486 2486//2484 2589//2587
f 2484//2482 2588//2586 2486//2484
f 2590//2588 2591//2589 2592//2590
f 2592//2590 2591//2589 2593//2591
f 2593//2591 2591//2589 2594//2592
f 2594//2592 2591//2589 2595//2593
f 2596//2594 2595//2593 2597//2595
f 2596//2594 2594//2592 2595//2593
f 2597//2595 2595//2593 2598//2596
f 2598//2596 2595//2593 2599//2597
f 2600//2598 2599//2597 2601//2599
f 2600//2598 2598//2596 2599//2597
f 2599//2597 2602//2600 2601//2599
f 2601//2599 2602//2600 2603//2601
f 2603//2601 2602//2600 2604//2602
f 2604//2602 2602//2600 2605//2603
f 2606//2604 2605//2603 2607//2605
f 2608//2606 2606//2604 2607//2605
f 2608//2606 2609//2607 2606//2604
f 2608//2606 2610//2608 2609//2607
f 2609//2607 2610//2608 2611//2609
f 2612//2610 2611//2609 2613//2611
f 2614//2612 2613//2611 2615//2613
f 2616//2614 2614//2612 2615//2613
f 2616//2614 2617//2615 2614//2612
f 2616//2614 2618//2616 2617//2615
f 2617//2615 2618//2616 2619//2617
f 2619//2617 2618//2616 2620//2618
f 2621//2619 2619//2617 2620//2618
f 2621//2619 2622//2620 2619//2617
f 2621//2619 2623//2621 2622//2620
f 2622//2620 2623//2621 2624//2622
f 2624//2622 2623//2621 2625//2623
f 2626//2624 2624//2622 2625//2623
f 2626//2624 2627//2625 2624//2622
f 2626//2624 2628//2626 2627//2625
f 2627//2625 2628//2626 2629//2627
f 2630//2628 2629//2627 2631//2629
f 2632//2630 2630//2628 2631//2629
f 2632//2630 2633//2631 2630//2628
f 2632//2630 2634//2632 2633//2631
f 2633//2631 2634//2632 2635//2633
f 2636//2634 2635//2633 2637//2635
f 2638//2636 2636//2634 2637//2635
f 2638//2636 2639//2637 2636//2634
f 2638//2636 2640//2638 2639//2637
f 2639//2637 2640//2638 2641//2639
f 2642//2640 2641//2639 2643//2641
f 2644//2642 2642//2640 2643//2641
f 2644//2642 2645//2643 2642//2640
f 2644//2642 2646//2644 2645//2643
f 2645//2643 2646//2644 2647//2645
f 2648//2646 2647//2645 2649//2647
f 2650//2648 2648//2646 2649//2647
f 2650//2648 2651//2649 2648//2646
f 2650//2648 2652//2650 2651//2649
f 2651//2649 2652//2650 2653//2651
f 2653//2651 2652//2650 2654//2652
f 2655//2653 2653//2651 2654//2652
f 2655//2653 2656//2654 2653//2651
f 2655//2653 2657//2655 2656//2654
f 2656//2654 2657//2655 2658//2656
f 2659//2657 2658//2656 2660//2658
f 2661//2659 2659//2657 2660//2658
f 2661//2659 2662//2660 2659//2657
f 2661//2659 2663//2661 2662//2660
f 2662//2660 2663//2661 2664//2662
f 2665//2663 2664//2662 2666//2664
f 2667//2665 2665//2663 2666//2664
f 2667//2665 2668//2666 2665//2663
f 2667//2665 2669//2667 2668//2666
f 2668//2666 2669//2667 2670//2668
f 2671//2669 2670//2668 2672//2670
f 2673//2671 2671//2669 2672//2670
f 2673//2671 2674//2672 2671//2669
f 2673//2671 2675//2673 2674//2672
f 2674//2672 2675//2673 2676//2674
f 2677//2675 2676//2674 2678//2676
f 2679//2677 2677//2675 2678//2676
f 2679//2677 2680//2678 2677//2675
f 2679//2677 2681//2679 2680//2678
f 2680//2678 2681//2679 2682//2680
f 2682//2680 2681//2679 2683//2681
f 2684//2682 2683//2681 2685//2683
f 2686//2684 2684//2682 2685//2683
f 2686//2684 2687//2685 2684//2682
f 2686//2684 2688//2686 2687//2685
f 2687//2685 2688//2686 2689//2687
f 2690//2688 2689//2687 2691//2689
f 2692//2690 2690//2688 2691//2689
f 2692//2690 2693//2691 2690//2688
f 2692//2690 2694//2692 2693//2691
f 2693//2691 2694//2692 2695//2693
f 2695//2693 2694//2692 2696//2694
f 2697//2695 2695//2693 2696//2694
f 2697//2695 2698//2696 2695//2693
f 2697//2695 2699//2697 2698//2696
f 2698//2696 2699//2697 2700//2698
f 2701//2699 2700//2698 2702//2700
f 2703//2701 2701//2699 2702//2700
f 2703//2701 2704//2702 2701//2699
f 2703//2701 2705//2703 2704//2702
f 2704//2702 2705//2703 2706//2704
f 2707//2705 2706//2704 2708//2706
f 2709//2707 2708//2706 2710//2708
f 2711//2709 2709//2707 2710//2708
f 2711//2709 2712//2710 2709//2707
f 2711//2709 2713//2711 2712//2710
f 2712//2710 2713//2711 2714//2712
f 2715//2713 2714//2712 2716//2714
f 2717//2715 2715//2713 2716//2714
f 2717//2715 2718//2716 2715//2713
f 2717//2715 2719//2717 2718//2716
f 2718//2716 2719//2717 2720//2718
f 2720//2718 2719//2717 2721//2719
f 2722//2720 2721//2719 2723//2721
f 2724//2722 2722//2720 2723//2721
f 2724//2722 2725//2723 2722//2720
f 2724//2722 2726//2724 2725//2723
f 2725//2723 2726//2724 2727//2725
f 2728//2726 2727//2725 2729//2727
f 2730//2728 2728//2726 2729//2727
f 2730//2728 2731//2729 2728//2726
f 2730//2728 2732//2730 2731//2729
f 2731//2729 2732//2730 2733//2731
f 2734//2732 2733//2731 2735//2733
f 2736//2734 2734//2732 2735//2733
f 2736//2734 2737//2735 2734//2732
f 2736//2734 2738//2736 2737//2735
f 2737//2735 2738//2736 2739//2737
f 2740//2738 2739//2737 2741//2739
f 2742//2740 2740//2738 2741//2739
f 2742//2740 2743//2741 2740//2738
f 2742//2740 2744//2742 2743//2741
f 2743//2741 2744//2742 2745//2743
f 2746//2744 2745//2743 2747//2745
f 2748//2746 2746//2744 2747//2745
f 2748//2746 2749//2747 2746//2744
f 2748//2746 2750//2748 2749//2747
f 2749//2747 2750//2748 2751//2749
f 2751//2749 2750//2748 2752//2750
f 2753//2751 2751//2749 2752//2750
f 2753//2751 2754//2752 2751//2749
f 2753//2751 2755//2753 2754//2752
f 2754//2752 2755//2753 2756//2754
f 2757//2755 2756//2754 2758//2756
f 2759//2757 2757//2755 2758//2756
f 2759//2757 2760//2758 2757//2755
f 2759//2757 2761//2759 2760//2758
f 2760//2758 2761//2759 2762//2760
f 2763//2761 2762//2760 2764//2762
f 2765//2763 2763//2761 2764//2762
f 2765//2763 2766//2764 2763//2761
f 2765//2763 2767//2765 2766//2764
f 2766//2764 2767//2765 2768//2766
f 2769//2767 2768//2766 2770//2768
f 2771//2769 2769//2767 2770//2768
f 2771//2769 2772//2770 2769//2767
f 2771//2769 2773//2771 2772//2770
f 2772//2770 2773//2771 2774//2772
f 2775//2773 2774//2772 2776//2774
f 2777//2775 2775//2773 2776//2774
f 2777//2775 2778//2776 2775//2773
f 2777//2775 2779//2777 2778//2776
f 2778//2776 2779//2777 2780//2778
f 2780//2778 2779//2777 2781//2779
f 2782//2780 2780//2778 2781//2779
f 2782//2780 2783//2781 2780//2778
f 2782//2780 2784//2782 2783//2781
f 2783//2781 2784//2782 2785//2783
f 2786//2784 2785//2783 2787//2785
f 2788//2786 2787//2785 2789//2787
f 2790//2788 2788//2786 2789//2787
f 2790//2788 2791//2789 2788//2786
f 2790//2788 2792//2790 2791//2789
f 2791//2789 2792//2790 2793//2791
f 2793//2791 2792//2790 2794//2792
f 2795//2793 2793//2791 2794//2792
f 2795//2793 2796//2794 2793//2791
f 2795//2793 2797//2795 2796//2794
f 2796//2794 2797//2795 2798//2796
f 2798//2796 2797//2795 2799//2797
f 2799//2797 2797//2795 2800//2798
f 2801//2799 2800//2798 2802//2800
f 2803//2801 2802//2800 2804//2802
f 2805//2803 2804//2802 2806//2804
f 2805//2803 2803//2801 2804//2802
f 2604//2602 2605//2603 2606//2604
f 2609//2607 2611//2609 2612//2610
f 2612//2610 2613//2611 2614//2612
f 2627//2625 2629//2627 2630//2628
f 2633//2631 2635//2633 2636//2634
f 2639//2637 2641//2639 2642//2640
f 2645//2643 2647//2645 2648//2646
f 2656//2654 2658//2656 2659//2657
f 2662//2660 2664//2662 2665//2663
f 2668//2666 2670//2668 2671//2669
f 2674//2672 2676//2674 2677//2675
f 2682//2680 2683//2681 2684//2682
f 2687//2685 2689//2687 2690//2688
f 2698//2696 2700//2698 2701//2699
f 2704//2702 2706//2704 2707//2705
f 2707//2705 2708//2706 2709//2707
f 2712//2710 2714//2712 2715//2713
f 2720//2718 2721//2719 2722//2720
f 2725//2723 2727//2725 2728//2726
f 2731//2729 2733//2731 2734//2732
f 2737//2735 2739//2737 2740//2738
f 2743//2741 2745//2743 2746//2744
f 2754//2752 2756//2754 2757//2755
f 2760//2758 2762//2760 2763//2761
f 2766//2764 2768//2766 2769//2767
f 2772//2770 2774//2772 2775//2773
f 2783//2781 2785//2783 2786//2784
f 2786//2784 2787//2785 2788//2786
f 2799//2797 2800//2798 2801//2799
f 2801//2799 2802//2800 2803//2801
f 2670//2668 2807//2805 2672//2670
f 2670//2668 2669//2667 2807//2805
f 2807//2805 2669//2667 2808//2806
f 2808//2806 2669//2667 2667//2665
f 2809//2807 2667//2665 2666//2664
f 2810//2808 2666//2664 2664//2662
f 2811//2809 2664//2662 2663//2661
f 2812//2810 2663//2661 2661//2659
f 2813//2811 2661//2659 2660//2658
f 2814//2812 2660//2658 2658//2656
f 2815//2813 2658//2656 2657//2655
f 2816//2814 2657//2655 2655//2653
f 2817//2815 2655//2653 2654//2652
f 2818//2816 2654//2652 2652//2650
f 2650//2648 2818//2816 2652//2650
f 2650//2648 2819//2817 2818//2816
f 2650//2648 2649//2647 2819//2817
f 2819//2817 2649//2647 2820//2818
f 2820//2818 2649//2647 2647//2645
f 2821//2819 2647//2645 2646//2644
f 2822//2820 2646//2644 2644//2642
f 2823//2821 2644//2642 2643//2641
f 2824//2822 2643//2641 2641//2639
f 2825//2823 2641//2639 2640//2638
f 2826//2824 2640//2638 2638//2636
f 2827//2825 2638//2636 2637//2635
f 2635//2633 2827//2825 2637//2635
f 2635//2633 2828//2826 2827//2825
f 2635//2633 2634//2632 2828//2826
f 2828//2826 2634//2632 2829//2827
f 2829//2827 2634//2632 2632//2630
f 2830//2828 2632//2630 2631//2629
f 2831//2829 2631//2629 2629//2627
f 2832//2830 2629//2627 2628//2626
f 2833//2831 2628//2626 2626//2624
f 2834//2832 2626//2624 2625//2623
f 2623//2621 2834//2832 2625//2623
f 2808//2806 2667//2665 2809//2807
f 2809//2807 2666//2664 2810//2808
f 2810//2808 2664//2662 2811//2809
f 2811//2809 2663//2661 2812//2810
f 2812//2810 2661//2659 2813//2811
f 2813//2811 2660//2658 2814//2812
f 2814//2812 2658//2656 2815//2813
f 2815//2813 2657//2655 2816//2814
f 2816//2814 2655//2653 2817//2815
f 2817//2815 2654//2652 2818//2816
f 2820//2818 2647//2645 2821//2819
f 2821//2819 2646//2644 2822//2820
f 2822//2820 2644//2642 2823//2821
f 2823//2821 2643//2641 2824//2822
f 2824//2822 2641//2639 2825//2823
f 2825//2823 2640//2638 2826//2824
f 2826//2824 2638//2636 2827//2825
f 2829//2827 2632//2630 2830//2828
f 2830//2828 2631//2629 2831//2829
f 2831//2829 2629//2627 2832//2830
f 2832//2830 2628//2626 2833//2831
f 2833//2831 2626//2624 2834//2832
f 2807//2805 2835//2833 2672//2670
f 2672//2670 2835//2833 2836//2834
f 2837//2835 2836//2834 2838//2836
f 2839//2837 2837//2835 2838//2836
f 2839//2837 2840//2838 2837//2835
f 2839//2837 2841//2839 2840//2838
f 2840//2838 2841//2839 2842//2840
f 2842//2840 2841//2839 2843//2841
f 2844//2842 2842//2840 2843//2841
f 2844//2842 2845//2843 2842//2840
f 2844//2842 2846//2844 2845//2843
f 2845//2843 2846//2844 2847//2845
f 2848//2846 2847//2845 2849//2847
f 2850//2848 2848//2846 2849//2847
f 2850//2848 2851//2849 2848//2846
f 2850//2848 2852//2850 2851//2849
f 2851//2849 2852//2850 2853//2851
f 2853//2851 2852//2850 2854//2852
f 2855//2853 2853//2851 2854//2852
f 2855//2853 2856//2854 2853//2851
f 2855//2853 2857//2855 2856//2854
f 2856//2854 2857//2855 2858//2856
f 2859//2857 2858//2856 2860//2858
f 2861//2859 2859//2857 2860//2858
f 2861//2859 2862//2860 2859//2857
f 2861//2859 2863//2861 2862//2860
f 2862//2860 2863//2861 2864//2862
f 2865//2863 2864//2862 2866//2864
f 2867//2865 2866//2864 2868//2866
f 2869//2867 2867//2865 2868//2866
f 2869//2867 2870//2868 2867//2865
f 2869//2867 2871//2869 2870//2868
f 2870//2868 2871//2869 2872//2870
f 2873//2871 2872//2870 2874//2872
f 2875//2873 2873//2871 2874//2872
f 2875//2873 2876//2874 2873//2871
f 2875//2873 2877//2875 2876//2874
f 2876//2874 2877//2875 2878//2876
f 2878//2876 2877//2875 2879//2877
f 2880//2878 2878//2876 2879//2877
f 2880//2878 2881//2879 2878//2876
f 2880//2878 2882//2880 2881//2879
f 2881//2879 2882//2880 2883//2881
f 2884//2882 2883//2881 2885//2883
f 2886//2884 2884//2882 2885//2883
f 2886//2884 2887//2885 2884//2882
f 2886//2884 2888//2886 2887//2885
f 2887//2885 2888//2886 2889//2887
f 2890//2888 2889//2887 2891//2889
f 2892//2890 2891//2889 2893//2891
f 2894//2892 2892//2890 2893//2891
f 2894//2892 2895//2893 2892//2890
f 2894//2892 2896//2894 2895//2893
f 2895//2893 2896//2894 2897//2895
f 2898//2896 2897//2895 2899//2897
f 2900//2898 2898//2896 2899//2897
f 2900//2898 2901//2899 2898//2896
f 2900//2898 2902//2900 2901//2899
f 2901//2899 2902//2900 2903//2901
f 2903//2901 2902//2900 2904//2902
f 2905//2903 2903//2901 2904//2902
f 2905//2903 2906//2904 2903//2901
f 2905//2903 2907//2905 2906//2904
f 2906//2904 2907//2905 2908//2906
f 2909//2907 2908//2906 2910//2908
f 2911//2909 2909//2907 2910//2908
f 2911//2909 2912//2910 2909//2907
f 2911//2909 2913//2911 2912//2910
f 2912//2910 2913//2911 2914//2912
f 2915//2913 2914//2912 2916//2914
f 2917//2915 2916//2914 2918//2916
f 2919//2917 2917//2915 2918//2916
f 2919//2917 2920//2918 2917//2915
f 2919//2917 2921//2919 2920//2918
f 2920//2918 2921//2919 2922//2920
f 2923//2921 2922//2920 2924//2922
f 2925//2923 2923//2921 2924//2922
f 2925//2923 2926//2924 2923//2921
f 2925//2923 2927//2925 2926//2924
f 2926//2924 2927//2925 2928//2926
f 2928//2926 2927//2925 2929//2927
f 2930//2928 2928//2926 2929//2927
f 2930//2928 2931//2929 2928//2926
f 2930//2928 2932//2930 2931//2929
f 2931//2929 2932//2930 2933//2931
f 2934//2932 2933//2931 2935//2933
f 2936//2934 2934//2932 2935//2933
f 2936//2934 2937//2935 2934//2932
f 2936//2934 2938//2936 2937//2935
f 2937//2935 2938//2936 2939//2937
f 2939//2937 2938//2936 2940//2938
f 2941//2939 2939//2937 2940//2938
f 2941//2939 2942//2940 2939//2937
f 2941//2939 2943//2941 2942//2940
f 2942//2940 2943//2941 2944//2942
f 2945//2943 2944//2942 2946//2944
f 2947//2945 2945//2943 2946//2944
f 2947//2945 2948//2946 2945//2943
f 2947//2945 2949//2947 2948//2946
f 2948//2946 2949//2947 2950//2948
f 2951//2949 2950//2948 2952//2950
f 2953//2951 2952//2950 2954//2952
f 2955//2953 2953//2951 2954//2952
f 2955//2953 2956//2954 2953//2951
f 2955//2953 2957//2955 2956//2954
f 2956//2954 2957//2955 2958//2956
f 2959//2957 2958//2956 2960//2958
f 2961//2959 2959//2957 2960//2958
f 2961//2959 2962//2960 2959//2957
f 2961//2959 2963//2961 2962//2960
f 2962//2960 2963//2961 2964//2962
f 2964//2962 2963//2961 2965//2963
f 2966//2964 2964//2962 2965//2963
f 2966//2964 2967//2965 2964//2962
f 2966//2964 2968//2966 2967//2965
f 2967//2965 2968//2966 2969//2967
f 2970//2968 2969//2967 2971//2969
f 2972//2970 2970//2968 2971//2969
f 2972//2970 2973//2971 2970//2968
f 2972//2970 2974//2972 2973//2971
f 2973//2971 2974//2972 2975//2973
f 2976//2974 2975//2973 2977//2975
f 2978//2976 2977//2975 2979//2977
f 2980//2978 2978//2976 2979//2977
f 2980//2978 2981//2979 2978//2976
f 2980//2978 2982//2980 2981//2979
f 2981//2979 2982//2980 2983//2981
f 2984//2982 2983//2981 2985//2983
f 2986//2984 2984//2982 2985//2983
f 2986//2984 2987//2985 2984//2982
f 2986//2984 2988//2986 2987//2985
f 2987//2985 2988//2986 2989//2987
f 2989//2987 2988//2986 2990//2988
f 2991//2989 2989//2987 2990//2988
f 2991//2989 2992//2990 2989//2987
f 2991//2989 2993//2991 2992//2990
f 2992//2990 2993//2991 2994//2992
f 2995//2993 2994//2992 2996//2994
f 2997//2995 2995//2993 2996//2994
f 2997//2995 2998//2996 2995//2993
f 2997//2995 2999//2997 2998//2996
f 2998//2996 2999//2997 3000//2998
f 3001//2999 3000//2998 3002//3000
f 3003//3001 3002//3000 3004//3002
f 3005//3003 3003//3001 3004//3002
f 3005//3003 3006//3004 3003//3001
f 3005//3003 3007//3005 3006//3004
f 3006//3004 3007//3005 3008//3006
f 3009//3007 3008//3006 3010//3008
f 3011//3009 3009//3007 3010//3008
f 3011//3009 3012//3010 3009//3007
f 3011//3009 3013//3011 3012//3010
f 3012//3010 3013//3011 3014//3012
f 3014//3012 3013//3011 3015//3013
f 3016//3014 3014//3012 3015//3013
f 3016//3014 3017//3015 3014//3012
f 3016//3014 3018//3016 3017//3015
f 3017//3015 3018//3016 3019//3017
f 3020//3018 3019//3017 3021//3019
f 3022//3020 3020//3018 3021//3019
f 3022//3020 3023//3021 3020//3018
f 3022//3020 3024//3022 3023//3021
f 3023//3021 3024//3022 3025//3023
f 3025//3023 3024//3022 3026//3024
f 3027//3025 3025//3023 3026//3024
f 3027//3025 3028//3026 3025//3023
f 3027//3025 3029//3027 3028//3026
f 3028//3026 3029//3027 3030//3028
f 3031//3029 3030//3028 3032//3030
f 3033//3031 3031//3029 3032//3030
f 3033//3031 3034//3032 3031//3029
f 3033//3031 3035//3033 3034//3032
f 3034//3032 3035//3033 3036//3034
f 3037//3035 3036//3034 3038//3036
f 3039//3037 3038//3036 3040//3038
f 3041//3039 3039//3037 3040//3038
f 3041//3039 3042//3040 3039//3037
f 3041//3039 3043//3041 3042//3040
f 3042//3040 3043//3041 3044//3042
f 3045//3043 3044//3042 3046//3044
f 3047//3045 3045//3043 3046//3044
f 3047//3045 3048//3046 3045//3043
f 3047//3045 3049//3047 3048//3046
f 3048//3046 3049//3047 3050//3048
f 3050//3048 3049//3047 3051//3049
f 3052//3050 3050//3048 3051//3049
f 3052//3050 3053//3051 3050//3048
f 3052//3050 3054//3052 3053//3051
f 3053//3051 3054//3052 3055//3053
f 3056//3054 3055//3053 3057//3055
f 3058//3056 3056//3054 3057//3055
f 3058//3056 3059//3057 3056//3054
f 3058//3056 3060//3058 3059//3057
f 3059//3057 3060//3058 3061//3059
f 3061//3059 3060//3058 3062//3060
f 3063//3061 3061//3059 3062//3060
f 3063//3061 3064//3062 3061//3059
f 3063//3061 3065//3063 3064//3062
f 3064//3062 3065//3063 3066//3064
f 3067//3065 3066//3064 3068//3066
f 3069//3067 3067//3065 3068//3066
f 3069//3067 3070//3068 3067//3065
f 3069//3067 3071//3069 3070//3068
f 3070//3068 3071//3069 3072//3070
f 3073//3071 3072//3070 3074//3072
f 3075//3073 3074//3072 3076//3074
f 3077//3075 3075//3073 3076//3074
f 3077//3075 3078//3076 3075//3073
f 3077//3075 3079//3077 3078//3076
f 3078//3076 3079//3077 3080//3078
f 3081//3079 3080//3078 3082//3080
f 3083//3081 3081//3079 3082//3080
f 3083//3081 3084//3082 3081//3079
f 3083//3081 3085//3083 3084//3082
f 3084//3082 3085//3083 3086//3084
f 3087//3085 3086//3084 3088//3086
f 3089//3087 3088//3086 3090//3088
f 3091//3089 3089//3087 3090//3088
f 3091//3089 3092//3090 3089//3087
f 3091//3089 3093//3091 3092//3090
f 3092//3090 3093//3091 3094//3092
f 3095//3093 3094//3092 3096//3094
f 3097//3095 3095//3093 3096//3094
f 3097//3095 3098//3096 3095//3093
f 3097//3095 3099//3097 3098//3096
f 3098//3096 3099//3097 3100//3098
f 3100//3098 3099//3097 3101//3099
f 3102//3100 3100//3098 3101//3099
f 3102//3100 3103//3101 3100//3098
f 3102//3100 3104//3102 3103//3101
f 3103//3101 3104//3102 3105//3103
f 3106//3104 3105//3103 3107//3105
f 3108//3106 3106//3104 3107//3105
f 3108//3106 3109//3107 3106//3104
f 3108//3106 3110//3108 3109//3107
f 3109//3107 3110//3108 3111//3109
f 3111//3109 3110//3108 3112//3110
f 3113//3111 3111//3109 3112//3110
f 3113//3111 3114//3112 3111//3109
f 3113//3111 3115//3113 3114//3112
f 3114//3112 3115//3113 3116//3114
f 3117//3115 3116//3114 3118//3116
f 3119//3117 3117//3115 3118//3116
f 3119//3117 3120//3118 3117//3115
f 3119//3117 3121//3119 3120//3118
f 3120//3118 3121//3119 3122//3120
f 3123//3121 3122//3120 3124//3122
f 3125//3123 3124//3122 3126//3124
f 3127//3125 3125//3123 3126//3124
f 3127//3125 3128//3126 3125//3123
f 3127//3125 3129//3127 3128//3126
f 3128//3126 3129//3127 3130//3128
f 3131//3129 3130//3128 3132//3130
f 3133//3131 3131//3129 3132//3130
f 3133//3131 3134//3132 3131//3129
f 3133//3131 3135//3133 3134//3132
f 3134//3132 3135//3133 3136//3134
f 3136//3134 3135//3133 3137//3135
f 3138//3136 3136//3134 3137//3135
f 3138//3136 3139//3137 3136//3134
f 3138//3136 3140//3138 3139//3137
f 3139//3137 3140//3138 3141//3139
f 3142//3140 3141//3139 3143//3141
f 3144//3142 3142//3140 3143//3141
f 3144//3142 3145//3143 3142//3140
f 3144//3142 3146//3144 3145//3143
f 3145//3143 3146//3144 3147//3145
f 3148//3146 3147//3145 3149//3147
f 3150//3148 3149//3147 3151//3149
f 3152//3150 3150//3148 3151//3149
f 3152//3150 3153//3151 3150//3148
f 3152//3150 3154//3152 3153//3151
f 3153//3151 3154//3152 3155//3153
f 3156//3154 3155//3153 3157//3155
f 3158//3156 3156//3154 3157//3155
f 3158//3156 3159//3157 3156//3154
f 3158//3156 3160//3158 3159//3157
f 3159//3157 3160//3158 3161//3159
f 3161//3159 3160//3158 3162//3160
f 3163//3161 3161//3159 3162//3160
f 3163//3161 3164//3162 3161//3159
f 3163//3161 3165//3163 3164//3162
f 3164//3162 3165//3163 3166//3164
f 3167//3165 3166//3164 3168//3166
f 3169//3167 3167//3165 3168//3166
f 3169//3167 3170//3168 3167//3165
f 3169//3167 3171//3169 3170//3168
f 3170//3168 3171//3169 3172//3170
f 3172//3170 3171//3169 3173//3171
f 3174//3172 3172//3170 3173//3171
f 3174//3172 3175//3173 3172//3170
f 3174//3172 3176//3174 3175//3173
f 3175//3173 3176//3174 3177//3175
f 3178//3176 3177//3175 3179//3177
f 3180//3178 3178//3176 3179//3177
f 3180//3178 3181//3179 3178//3176
f 3180//3178 3182//3180 3181//3179
f 3181//3179 3182//3180 3183//3181
f 3184//3182 3183//3181 3185//3183
f 3186//3184 3185//3183 3187//3185
f 3188//3186 3186//3184 3187//3185
f 3188//3186 2589//2587 3186//3184
f 3188//3186 2488//2486 2589//2587
f 2672//2670 2836//2834 2837//2835
f 2845//2843 2847//2845 2848//2846
f 2856//2854 2858//2856 2859//2857
f 2862//2860 2864//2862 2865//2863
f 2865//2863 2866//2864 2867//2865
f 2870//2868 2872//2870 2873//2871
f 2881//2879 2883//2881 2884//2882
f 2887//2885 2889//2887 2890//2888
f 2890//2888 2891//2889 2892//2890
f 2895//2893 2897//2895 2898//2896
f 2906//2904 2908//2906 2909//2907
f 2912//2910 2914//2912 2915//2913
f 2915//2913 2916//2914 2917//2915
f 2920//2918 2922//2920 2923//2921
f 2931//2929 2933//2931 2934//2932
f 2942//2940 2944//2942 2945//2943
f 2948//2946 2950//2948 2951//2949
f 2951//2949 2952//2950 2953//2951
f 2956//2954 2958//2956 2959//2957
f 2967//2965 2969//2967 2970//2968
f 2973//2971 2975//2973 2976//2974
f 2976//2974 2977//2975 2978//2976
f 2981//2979 2983//2981 2984//2982
f 2992//2990 2994//2992 2995//2993
f 2998//2996 3000//2998 3001//2999
f 3001//2999 3002//3000 3003//3001
f 3006//3004 3008//3006 3009//3007
f 3017//3015 3019//3017 3020//3018
f 3028//3026 3030//3028 3031//3029
f 3034//3032 3036//3034 3037//3035
f 3037//3035 3038//3036 3039//3037
f 3042//3040 3044//3042 3045//3043
f 3053//3051 3055//3053 3056//3054
f 3064//3062 3066//3064 3067//3065
f 3070//3068 3072//3070 3073//3071
f 3073//3071 3074//3072 3075//3073
f 3078//3076 3080//3078 3081//3079
f 3084//3082 3086//3084 3087//3085
f 3087//3085 3088//3086 3089//3087
f 3092//3090 3094//3092 3095//3093
f 3103//3101 3105//3103 3106//3104
f 3114//3112 3116//3114 3117//3115
f 3120//3118 3122//3120 3123//3121
f 3123//3121 3124//3122 3125//3123
f 3128//3126 3130//3128 3131//3129
f 3139//3137 3141//3139 3142//3140
f 3145//3143 3147//3145 3148//3146
f 3148//3146 3149//3147 3150//3148
f 3153//3151 3155//3153 3156//3154
f 3164//3162 3166//3164 3167//3165
f 3175//3173 3177//3175 3178//3176
f 3181//3179 3183//3181 3184//3182
f 3184//3182 3185//3183 3186//3184
f 2834//2832 2623//2621 3189//3187
f 3190//3188 3189//3187 3191//3189
f 3192//3190 3191//3189 3193//3191
f 3194//3192 3193//3191 3195//3193
f 3196//3194 3194//3192 3195//3193
f 3196//3194 3197//3195 3194//3192
f 3194//3192 3197//3195 3198//3196
f 3199//3197 3198//3196 3200//3198
f 3201//3199 3200//3198 3202//3200
f 2829//2827 3202//3200 2828//2826
f 2829//2827 3201//3199 3202//3200
f 2829//2827 2830//2828 3201//3199
f 3201//3199 2830//2828 2831//2829
f 3203//3201 2831//2829 2832//2830
f 2833//2831 3203//3201 2832//2830
f 2833//2831 3190//3188 3203//3201
f 2833//2831 2834//2832 3190//3188
f 3190//3188 2834//2832 3189//3187
f 2620//2618 3204//3202 2621//2619
f 2620//2618 2618//2616 3204//3202
f 3204//3202 2618//2616 3205//3203
f 3189//3187 3205//3203 3191//3189
f 3189//3187 3204//3202 3205//3203
f 3189//3187 2621//2619 3204//3202
f 3189//3187 2623//2621 2621//2619
f 3205//3203 2618//2616 3206//3204
f 3207//3205 3206//3204 3208//3206
f 3209//3207 3208//3206 3210//3208
f 3209//3207 3207//3205 3208//3206
f 3209//3207 3211//3209 3207//3205
f 3207//3205 3211//3209 3212//3210
f 3213//3211 3212//3210 3214//3212
f 3193//3191 3214//3212 3215//3213
f 3195//3193 3193//3191 3215//3213
f 2615//2613 3216//3214 2616//2614
f 2615//2613 2613//2611 3216//3214
f 3216//3214 2613//2611 3217//3215
f 3218//3216 3217//3215 2611//2609
f 2610//2608 3218//3216 2611//2609
f 2610//2608 3219//3217 3218//3216
f 2610//2608 2608//2606 3219//3217
f 3219//3217 2608//2606 3220//3218
f 3221//3219 3220//3218 3222//3220
f 3221//3219 3219//3217 3220//3218
f 3221//3219 3223//3221 3219//3217
f 3219//3217 3223//3221 3224//3222
f 3218//3216 3224//3222 3225//3223
f 3208//3206 3225//3223 3210//3208
f 3208//3206 3218//3216 3225//3223
f 3208//3206 3216//3214 3218//3216
f 3208//3206 3206//3204 3216//3214
f 3216//3214 3206//3204 2616//2614
f 2616//2614 3206//3204 2618//2616
f 2613//2611 2611//2609 3217//3215
f 2608//2606 2607//2605 3220//3218
f 3220//3218 2607//2605 2605//2603
f 3222//3220 2605//2603 3226//3224
f 3227//3225 3226//3224 2602//2600
f 3228//3226 2602//2600 2599//2597
f 3229//3227 2599//2597 2595//2593
f 3230//3228 2595//2593 2591//2589
f 3231//3229 2591//2589 2590//2588
f 3231//3229 3230//3228 2591//2589
f 2605//2603 2602//2600 3226//3224
f 3227//3225 2602//2600 3228//3226
f 3228//3226 2599//2597 3229//3227
f 3229//3227 2595//2593 3230//3228
f 3227//3225 3222//3220 3226//3224
f 2605//2603 3222//3220 3220//3218
f 3219//3217 3224//3222 3218//3216
f 3207//3205 3212//3210 3213//3211
f 3205//3203 3213//3211 3191//3189
f 3205//3203 3207//3205 3213//3211
f 3205//3203 3206//3204 3207//3205
f 3213//3211 3214//3212 3193//3191
f 3191//3189 3213//3211 3193//3191
f 3197//3195 3232//3230 3198//3196
f 3198//3196 3232//3230 3233//3231
f 3200//3198 3233//3231 3234//3232
f 3202//3200 3234//3232 3235//3233
f 2828//2826 3235//3233 2827//2825
f 2828//2826 3202//3200 3235//3233
f 3232//3230 3236//3234 3233//3231
f 3233//3231 3236//3234 3237//3235
f 3238//3236 3237//3235 3239//3237
f 3240//3238 3239//3237 3241//3239
f 3242//3240 3240//3238 3241//3239
f 3242//3240 3243//3241 3240//3238
f 3242//3240 3244//3242 3243//3241
f 3243//3241 3244//3242 3245//3243
f 3246//3244 3245//3243 3247//3245
f 3248//3246 3247//3245 3249//3247
f 3250//3248 3248//3246 3249//3247
f 3250//3248 3251//3249 3248//3246
f 3250//3248 3252//3250 3251//3249
f 3251//3249 3252//3250 3253//3251
f 3254//3252 3253//3251 3255//3253
f 3256//3254 3255//3253 3257//3255
f 2815//2813 3257//3255 2814//2812
f 2815//2813 3256//3254 3257//3255
f 2815//2813 2816//2814 3256//3254
f 3256//3254 2816//2814 2817//2815
f 3258//3256 2817//2815 2818//2816
f 2819//2817 3258//3256 2818//2816
f 2819//2817 3259//3257 3258//3256
f 2819//2817 2820//2818 3259//3257
f 3259//3257 2820//2818 2821//2819
f 3260//3258 2821//2819 2822//2820
f 3261//3259 2822//2820 2823//2821
f 2824//2822 3261//3259 2823//2821
f 2824//2822 3262//3260 3261//3259
f 2824//2822 2825//2823 3262//3260
f 3262//3260 2825//2823 2826//2824
f 3235//3233 2826//2824 2827//2825
f 3235//3233 3262//3260 2826//2824
f 3235//3233 3263//3261 3262//3260
f 3235//3233 3234//3232 3263//3261
f 3263//3261 3234//3232 3238//3236
f 3240//3238 3238//3236 3239//3237
f 3240//3238 3263//3261 3238//3236
f 3240//3238 3264//3262 3263//3261
f 3240//3238 3243//3241 3264//3262
f 3264//3262 3243//3241 3265//3263
f 3261//3259 3265//3263 3260//3258
f 2822//2820 3261//3259 3260//3258
f 3233//3231 3237//3235 3238//3236
f 3234//3232 3233//3231 3238//3236
f 3243//3241 3245//3243 3246//3244
f 3265//3263 3246//3244 3266//3264
f 3260//3258 3266//3264 3259//3257
f 2821//2819 3260//3258 3259//3257
f 3246//3244 3247//3245 3248//3246
f 3266//3264 3248//3246 3267//3265
f 3259//3257 3267//3265 3258//3256
f 3259//3257 3266//3264 3267//3265
f 3252//3250 3268//3266 3253//3251
f 3253//3251 3268//3266 3269//3267
f 3270//3268 3269//3267 3271//3269
f 3272//3270 3270//3268 3271//3269
f 3272//3270 3273//3271 3270//3268
f 3272//3270 3274//3272 3273//3271
f 3273//3271 3274//3272 3275//3273
f 3276//3274 3275//3273 3277//3275
f 3278//3276 3277//3275 3279//3277
f 2810//2808 3279//3277 2809//2807
f 2810//2808 3278//3276 3279//3277
f 2810//2808 2811//2809 3278//3276
f 3278//3276 2811//2809 2812//2810
f 3280//3278 2812//2810 2813//2811
f 2814//2812 3280//3278 2813//2811
f 2814//2812 3257//3255 3280//3278
f 3280//3278 3257//3255 3281//3279
f 3276//3274 3281//3279 3273//3271
f 3275//3273 3276//3274 3273//3271
f 3253//3251 3269//3267 3270//3268
f 3255//3253 3270//3268 3281//3279
f 3257//3255 3255//3253 3281//3279
f 3274//3272 3282//3280 3275//3273
f 3275//3273 3282//3280 3283//3281
f 3284//3282 3283//3281 3285//3283
f 3286//3284 3285//3283 3287//3285
f 3288//3286 3286//3284 3287//3285
f 3288//3286 3289//3287 3286//3284
f 3288//3286 3290//3288 3289//3287
f 3289//3287 3290//3288 3291//3289
f 3292//3290 3291//3289 3293//3291
f 3294//3292 3293//3291 3295//3293
f 3296//3294 3294//3292 3295//3293
f 3296//3294 3297//3295 3294//3292
f 3296//3294 3298//3296 3297//3295
f 3297//3295 3298//3296 3299//3297
f 3300//3298 3299//3297 3301//3299
f 3302//3300 3301//3299 3303//3301
f 2847//2845 3303//3301 2849//2847
f 2847//2845 3302//3300 3303//3301
f 2847//2845 2846//2844 3302//3300
f 3302//3300 2846//2844 2844//2842
f 3304//3302 2844//2842 2843//2841
f 2841//2839 3304//3302 2843//2841
f 2841//2839 3305//3303 3304//3302
f 2841//2839 2839//2837 3305//3303
f 3305//3303 2839//2837 3306//3304
f 3307//3305 3306//3304 3308//3306
f 3292//3290 3308//3306 3289//3287
f 3291//3289 3292//3290 3289//3287
f 3275//3273 3283//3281 3284//3282
f 3277//3275 3284//3282 3309//3307
f 3279//3277 3309//3307 3310//3308
f 2809//2807 3310//3308 2808//2806
f 2809//2807 3279//3277 3310//3308
f 3284//3282 3285//3283 3286//3284
f 3309//3307 3286//3284 3311//3309
f 3310//3308 3311//3309 3312//3310
f 2807//2805 3312//3310 2835//2833
f 2807//2805 3310//3308 3312//3310
f 2807//2805 2808//2806 3310//3308
f 3292//3290 3293//3291 3294//3292
f 3307//3305 3294//3292 3313//3311
f 3305//3303 3313//3311 3304//3302
f 3305//3303 3307//3305 3313//3311
f 3305//3303 3306//3304 3307//3305
f 3298//3296 3314//3312 3299//3297
f 3299//3297 3314//3312 3315//3313
f 3316//3314 3315//3313 3317//3315
f 3318//3316 3316//3314 3317//3315
f 3318//3316 3319//3317 3316//3314
f 3318//3316 3320//3318 3319//3317
f 3319//3317 3320//3318 3321//3319
f 3322//3320 3321//3319 3323//3321
f 3324//3322 3323//3321 3325//3323
f 2855//2853 3325//3323 2857//2855
f 2855//2853 3324//3322 3325//3323
f 2855//2853 2854//2852 3324//3322
f 3324//3322 2854//2852 2852//2850
f 3326//3324 2852//2850 2850//2848
f 2849//2847 3326//3324 2850//2848
f 2849//2847 3303//3301 3326//3324
f 3326//3324 3303//3301 3327//3325
f 3322//3320 3327//3325 3319//3317
f 3321//3319 3322//3320 3319//3317
f 3299//3297 3315//3313 3316//3314
f 3301//3299 3316//3314 3327//3325
f 3303//3301 3301//3299 3327//3325
f 3320//3318 3328//3326 3321//3319
f 3321//3319 3328//3326 3329//3327
f 3330//3328 3329//3327 3331//3329
f 3332//3330 3330//3328 3331//3329
f 3332//3330 3333//3331 3330//3328
f 3332//3330 3334//3332 3333//3331
f 3333//3331 3334//3332 3335//3333
f 3336//3334 3335//3333 3337//3335
f 3338//3336 3337//3335 3339//3337
f 2863//2861 3339//3337 2864//2862
f 2863//2861 3338//3336 3339//3337
f 2863//2861 2861//2859 3338//3336
f 3338//3336 2861//2859 2860//2858
f 3340//3338 2860//2858 2858//2856
f 3325//3323 2858//2856 2857//2855
f 3325//3323 3340//3338 2858//2856
f 3325//3323 3341//3339 3340//3338
f 3325//3323 3323//3321 3341//3339
f 3341//3339 3323//3321 3330//3328
f 3333//3331 3341//3339 3330//3328
f 3333//3331 3336//3334 3341//3339
f 3333//3331 3335//3333 3336//3334
f 3321//3319 3329//3327 3330//3328
f 3323//3321 3321//3319 3330//3328
f 3334//3332 3342//3340 3335//3333
f 3335//3333 3342//3340 3343//3341
f 3344//3342 3343//3341 3345//3343
f 3346//3344 3345//3343 3347//3345
f 3348//3346 3346//3344 3347//3345
f 3348//3346 3349//3347 3346//3344
f 3348//3346 3350//3348 3349//3347
f 3349//3347 3350//3348 3351//3349
f 3352//3350 3351//3349 3353//3351
f 3354//3352 3353//3351 3355//3353
f 3356//3354 3354//3352 3355//3353
f 3356//3354 3357//3355 3354//3352
f 3356//3354 3358//3356 3357//3355
f 3357//3355 3358//3356 3359//3357
f 3360//3358 3359//3357 3361//3359
f 3362//3360 3361//3359 3363//3361
f 2882//2880 3363//3361 2883//2881
f 2882//2880 3362//3360 3363//3361
f 2882//2880 2880//2878 3362//3360
f 3362//3360 2880//2878 2879//2877
f 3364//3362 2879//2877 2877//2875
f 3365//3363 2877//2875 2875//2873
f 2874//2872 3365//3363 2875//2873
f 2874//2872 3366//3364 3365//3363
f 2874//2872 2872//2870 3366//3364
f 3366//3364 2872//2870 2871//2869
f 3367//3365 2871//2869 2869//2867
f 2868//2866 3367//3365 2869//2867
f 2868//2866 3368//3366 3367//3365
f 2868//2866 2866//2864 3368//3366
f 3368//3366 2866//2864 3339//3337
f 3369//3367 3339//3337 3337//3335
f 3344//3342 3337//3335 3335//3333
f 3343//3341 3344//3342 3335//3333
f 3344//3342 3345//3343 3346//3344
f 3369//3367 3346//3344 3370//3368
f 3368//3366 3370//3368 3367//3365
f 3368//3366 3369//3367 3370//3368
f 3368//3366 3339//3337 3369//3367
f 3349//3347 3351//3349 3352//3350
f 3371//3369 3352//3350 3354//3352
f 3372//3370 3354//3352 3357//3355
f 3373//3371 3357//3355 3360//3358
f 3364//3362 3360//3358 3362//3360
f 2879//2877 3364//3362 3362//3360
f 3352//3350 3353//3351 3354//3352
f 3358//3356 3374//3372 3359//3357
f 3359//3357 3374//3372 3375//3373
f 3376//3374 3375//3373 3377//3375
f 3378//3376 3376//3374 3377//3375
f 3378//3376 3379//3377 3376//3374
f 3378//3376 3380//3378 3379//3377
f 3379//3377 3380//3378 3381//3379
f 3382//3380 3381//3379 3383//3381
f 3384//3382 3383//3381 3385//3383
f 2889//2887 3385//3383 2891//2889
f 2889//2887 3384//3382 3385//3383
f 2889//2887 2888//2886 3384//3382
f 3384//3382 2888//2886 3386//3384
f 3382//3380 3386//3384 3387//3385
f 3379//3377 3387//3385 3376//3374
f 3379//3377 3382//3380 3387//3385
f 3379//3377 3381//3379 3382//3380
f 3359//3357 3375//3373 3376//3374
f 3361//3359 3376//3374 3387//3385
f 3363//3361 3387//3385 3386//3384
f 2885//2883 3386//3384 2886//2884
f 2885//2883 3363//3361 3386//3384
f 2885//2883 2883//2881 3363//3361
f 3380//3378 3388//3386 3381//3379
f 3381//3379 3388//3386 3389//3387
f 3390//3388 3389//3387 3391//3389
f 3392//3390 3391//3389 3393//3391
f 3394//3392 3392//3390 3393//3391
f 3394//3392 3395//3393 3392//3390
f 3394//3392 3396//3394 3395//3393
f 3395//3393 3396//3394 3397//3395
f 3398//3396 3397//3395 3399//3397
f 3400//3398 3399//3397 3401//3399
f 3402//3400 3400//3398 3401//3399
f 3402//3400 3403//3401 3400//3398
f 3402//3400 3404//3402 3403//3401
f 3403//3401 3404//3402 3405//3403
f 3406//3404 3405//3403 3407//3405
f 3408//3406 3407//3405 3409//3407
f 3410//3408 3408//3406 3409//3407
f 3410//3408 3411//3409 3408//3406
f 3410//3408 3412//3410 3411//3409
f 3411//3409 3412//3410 3413//3411
f 3414//3412 3413//3411 3415//3413
f 3416//3414 3415//3413 3417//3415
f 2916//2914 3417//3415 2918//2916
f 2916//2914 3416//3414 3417//3415
f 2916//2914 2914//2912 3416//3414
f 3416//3414 2914//2912 3418//3416
f 3414//3412 3418//3416 3419//3417
f 3411//3409 3419//3417 3408//3406
f 3411//3409 3414//3412 3419//3417
f 3411//3409 3413//3411 3414//3412
f 3381//3379 3389//3387 3390//3388
f 3383//3381 3390//3388 3420//3418
f 3385//3383 3420//3418 3421//3419
f 2893//2891 3421//3419 2894//2892
f 2893//2891 3385//3383 3421//3419
f 2893//2891 2891//2889 3385//3383
f 3390//3388 3391//3389 3392//3390
f 3420//3418 3392//3390 3422//3420
f 3421//3419 3422//3420 3423//3421
f 2896//2894 3423//3421 2897//2895
f 2896//2894 3421//3419 3423//3421
f 2896//2894 2894//2892 3421//3419
f 3395//3393 3397//3395 3398//3396
f 3424//3422 3398//3396 3425//3423
f 3426//3424 3425//3423 3427//3425
f 2900//2898 3427//3425 2902//2900
f 2900//2898 3426//3424 3427//3425
f 2900//2898 2899//2897 3426//3424
f 3426//3424 2899//2897 2897//2895
f 3423//3421 3426//3424 2897//2895
f 3423//3421 3424//3422 3426//3424
f 3423//3421 3422//3420 3424//3422
f 3424//3422 3422//3420 3395//3393
f 3398//3396 3424//3422 3395//3393
f 3398//3396 3399//3397 3400//3398
f 3425//3423 3400//3398 3428//3426
f 3427//3425 3428//3426 3429//3427
f 2904//2902 3429//3427 2905//2903
f 2904//2902 3427//3425 3429//3427
f 2904//2902 2902//2900 3427//3425
f 3403//3401 3405//3403 3406//3404
f 3430//3428 3406//3404 3431//3429
f 3432//3430 3431//3429 3433//3431
f 2908//2906 3433//3431 2910//2908
f 2908//2906 3432//3430 3433//3431
f 2908//2906 2907//2905 3432//3430
f 3432//3430 2907//2905 3429//3427
f 3430//3428 3429//3427 3428//3426
f 3403//3401 3428//3426 3400//3398
f 3403//3401 3430//3428 3428//3426
f 3403//3401 3406//3404 3430//3428
f 3406//3404 3407//3405 3408//3406
f 3431//3429 3408//3406 3419//3417
f 3433//3431 3419//3417 3418//3416
f 2911//2909 3418//3416 2913//2911
f 2911//2909 3433//3431 3418//3416
f 2911//2909 2910//2908 3433//3431
f 3412//3410 3434//3432 3413//3411
f 3413//3411 3434//3432 3435//3433
f 3436//3434 3435//3433 3437//3435
f 3438//3436 3436//3434 3437//3435
f 3438//3436 3439//3437 3436//3434
f 3438//3436 3440//3438 3439//3437
f 3439//3437 3440//3438 3441//3439
f 3442//3440 3441//3439 3443//3441
f 3444//3442 3443//3441 3445//3443
f 2925//2923 3445//3443 2927//2925
f 2925//2923 3444//3442 3445//3443
f 2925//2923 2924//2922 3444//3442
f 3444//3442 2924//2922 2922//2920
f 3446//3444 2922//2920 2921//2919
f 2919//2917 3446//3444 2921//2919
f 2919//2917 3417//3415 3446//3444
f 2919//2917 2918//2916 3417//3415
f 3413//3411 3435//3433 3436//3434
f 3415//3413 3436//3434 3447//3445
f 3417//3415 3447//3445 3446//3444
f 3417//3415 3415//3413 3447//3445
f 3440//3438 3448//3446 3441//3439
f 3441//3439 3448//3446 3449//3447
f 3450//3448 3449//3447 3451//3449
f 3452//3450 3451//3449 3453//3451
f 3454//3452 3452//3450 3453//3451
f 3454//3452 3455//3453 3452//3450
f 3454//3452 3456//3454 3455//3453
f 3455//3453 3456//3454 3457//3455
f 3458//3456 3457//3455 3459//3457
f 3460//3458 3459//3457 3461//3459
f 3462//3460 3460//3458 3461//3459
f 3462//3460 3463//3461 3460//3458
f 3462//3460 3464//3462 3463//3461
f 3463//3461 3464//3462 3465//3463
f 3466//3464 3465//3463 3467//3465
f 3468//3466 3467//3465 3469//3467
f 2944//2942 3469//3467 2946//2944
f 2944//2942 3468//3466 3469//3467
f 2944//2942 2943//2941 3468//3466
f 3468//3466 2943//2941 2941//2939
f 3470//3468 2941//2939 2940//2938
f 2938//2936 3470//3468 2940//2938
f 2938//2936 3471//3469 3470//3468
f 2938//2936 2936//2934 3471//3469
f 3471//3469 2936//2934 2935//2933
f 3472//3470 2935//2933 2933//2931
f 3473//3471 2933//2931 2932//2930
f 2930//2928 3473//3471 2932//2930
f 2930//2928 3474//3472 3473//3471
f 2930//2928 2929//2927 3474//3472
f 3474//3472 2929//2927 2927//2925
f 3445//3443 3474//3472 2927//2925
f 3445//3443 3475//3473 3474//3472
f 3445//3443 3443//3441 3475//3473
f 3475//3473 3443//3441 3450//3448
f 3452//3450 3450//3448 3451//3449
f 3452//3450 3475//3473 3450//3448
f 3452//3450 3476//3474 3475//3473
f 3452//3450 3455//3453 3476//3474
f 3476//3474 3455//3453 3477//3475
f 3473//3471 3477//3475 3472//3470
f 2933//2931 3473//3471 3472//3470
f 3441//3439 3449//3447 3450//3448
f 3443//3441 3441//3439 3450//3448
f 3455//3453 3457//3455 3458//3456
f 3477//3475 3458//3456 3478//3476
f 3472//3470 3478//3476 3471//3469
f 2935//2933 3472//3470 3471//3469
f 3458//3456 3459//3457 3460//3458
f 3478//3476 3460//3458 3479//3477
f 3471//3469 3479//3477 3470//3468
f 3471//3469 3478//3476 3479//3477
f 3464//3462 3480//3478 3465//3463
f 3465//3463 3480//3478 3481//3479
f 3482//3480 3481//3479 3483//3481
f 3484//3482 3482//3480 3483//3481
f 3484//3482 3485//3483 3482//3480
f 3484//3482 3486//3484 3485//3483
f 3485//3483 3486//3484 3487//3485
f 3488//3486 3487//3485 3489//3487
f 3490//3488 3489//3487 3491//3489
f 2952//2950 3491//3489 2954//2952
f 2952//2950 3490//3488 3491//3489
f 2952//2950 2950//2948 3490//3488
f 3490//3488 2950//2948 2949//2947
f 3492//3490 2949//2947 2947//2945
f 2946//2944 3492//3490 2947//2945
f 2946//2944 3469//3467 3492//3490
f 3492//3490 3469//3467 3493//3491
f 3488//3486 3493//3491 3485//3483
f 3487//3485 3488//3486 3485//3483
f 3465//3463 3481//3479 3482//3480
f 3467//3465 3482//3480 3493//3491
f 3469//3467 3467//3465 3493//3491
f 3486//3484 3494//3492 3487//3485
f 3487//3485 3494//3492 3495//3493
f 3496//3494 3495//3493 3497//3495
f 3498//3496 3496//3494 3497//3495
f 3498//3496 3499//3497 3496//3494
f 3498//3496 3500//3498 3499//3497
f 3499//3497 3500//3498 3501//3499
f 3502//3500 3501//3499 3503//3501
f 3504//3502 3503//3501 3505//3503
f 2960//2958 3505//3503 2961//2959
f 2960//2958 3504//3502 3505//3503
f 2960//2958 2958//2956 3504//3502
f 3504//3502 2958//2956 2957//2955
f 3506//3504 2957//2955 2955//2953
f 3491//3489 2955//2953 2954//2952
f 3491//3489 3506//3504 2955//2953
f 3491//3489 3507//3505 3506//3504
f 3491//3489 3489//3487 3507//3505
f 3507//3505 3489//3487 3496//3494
f 3499//3497 3507//3505 3496//3494
f 3499//3497 3502//3500 3507//3505
f 3499//3497 3501//3499 3502//3500
f 3487//3485 3495//3493 3496//3494
f 3489//3487 3487//3485 3496//3494
f 3500//3498 3508//3506 3501//3499
f 3501//3499 3508//3506 3509//3507
f 3510//3508 3509//3507 3511//3509
f 3512//3510 3511//3509 3513//3511
f 3514//3512 3512//3510 3513//3511
f 3514//3512 3515//3513 3512//3510
f 3514//3512 3516//3514 3515//3513
f 3515//3513 3516//3514 3517//3515
f 3518//3516 3517//3515 3519//3517
f 3520//3518 3519//3517 3521//3519
f 3522//3520 3520//3518 3521//3519
f 3522//3520 3523//3521 3520//3518
f 3522//3520 3524//3522 3523//3521
f 3523//3521 3524//3522 3525//3523
f 3526//3524 3525//3523 3527//3525
f 3528//3526 3527//3525 3529//3527
f 2979//2977 3529//3527 2980//2978
f 2979//2977 3528//3526 3529//3527
f 2979//2977 2977//2975 3528//3526
f 3528//3526 2977//2975 2975//2973
f 3530//3528 2975//2973 2974//2972
f 3531//3529 2974//2972 2972//2970
f 2971//2969 3531//3529 2972//2970
f 2971//2969 3532//3530 3531//3529
f 2971//2969 2969//2967 3532//3530
f 3532//3530 2969//2967 2968//2966
f 3533//3531 2968//2966 2966//2964
f 2965//2963 3533//3531 2966//2964
f 2965//2963 3534//3532 3533//3531
f 2965//2963 2963//2961 3534//3532
f 3534//3532 2963//2961 3505//3503
f 3535//3533 3505//3503 3503//3501
f 3510//3508 3503//3501 3501//3499
f 3509//3507 3510//3508 3501//3499
f 3510//3508 3511//3509 3512//3510
f 3535//3533 3512//3510 3536//3534
f 3534//3532 3536//3534 3533//3531
f 3534//3532 3535//3533 3536//3534
f 3534//3532 3505//3503 3535//3533
f 3515//3513 3517//3515 3518//3516
f 3537//3535 3518//3516 3538//3536
f 3532//3530 3538//3536 3531//3529
f 3532//3530 3537//3535 3538//3536
f 3532//3530 3533//3531 3537//3535
f 3532//3530 2968//2966 3533//3531
f 3518//3516 3519//3517 3520//3518
f 3538//3536 3520//3518 3539//3537
f 3531//3529 3539//3537 3530//3528
f 2974//2972 3531//3529 3530//3528
f 3524//3522 3540//3538 3525//3523
f 3525//3523 3540//3538 3541//3539
f 3542//3540 3541//3539 3543//3541
f 3544//3542 3542//3540 3543//3541
f 3544//3542 3545//3543 3542//3540
f 3544//3542 3546//3544 3545//3543
f 3545//3543 3546//3544 3547//3545
f 3548//3546 3547//3545 3549//3547
f 3550//3548 3549//3547 3551//3549
f 2986//2984 3551//3549 2988//2986
f 2986//2984 3550//3548 3551//3549
f 2986//2984 2985//2983 3550//3548
f 3550//3548 2985//2983 2983//2981
f 3552//3550 2983//2981 2982//2980
f 3529//3527 2982//2980 2980//2978
f 3529//3527 3552//3550 2982//2980
f 3529//3527 3553//3551 3552//3550
f 3529//3527 3527//3525 3553//3551
f 3553//3551 3527//3525 3542//3540
f 3545//3543 3553//3551 3542//3540
f 3545//3543 3548//3546 3553//3551
f 3545//3543 3547//3545 3548//3546
f 3525//3523 3541//3539 3542//3540
f 3527//3525 3525//3523 3542//3540
f 3546//3544 3554//3552 3547//3545
f 3547//3545 3554//3552 3555//3553
f 3556//3554 3555//3553 3557//3555
f 3558//3556 3557//3555 3559//3557
f 3560//3558 3558//3556 3559//3557
f 3560//3558 3561//3559 3558//3556
f 3560//3558 3562//3560 3561//3559
f 3561//3559 3562//3560 3563//3561
f 3564//3562 3563//3561 3565//3563
f 3566//3564 3565//3563 3567//3565
f 3568//3566 3566//3564 3567//3565
f 3568//3566 3569//3567 3566//3564
f 3568//3566 3570//3568 3569//3567
f 3569//3567 3570//3568 3571//3569
f 3572//3570 3571//3569 3573//3571
f 3574//3572 3573//3571 3575//3573
f 3005//3003 3575//3573 3007//3005
f 3005//3003 3574//3572 3575//3573
f 3005//3003 3004//3002 3574//3572
f 3574//3572 3004//3002 3002//3000
f 3576//3574 3002//3000 3000//2998
f 3577//3575 3000//2998 2999//2997
f 2997//2995 3577//3575 2999//2997
f 2997//2995 3578//3576 3577//3575
f 2997//2995 2996//2994 3578//3576
f 3578//3576 2996//2994 2994//2992
f 3579//3577 2994//2992 2993//2991
f 3580//3578 2993//2991 2991//2989
f 2990//2988 3580//3578 2991//2989
f 2990//2988 3551//3549 3580//3578
f 2990//2988 2988//2986 3551//3549
f 3547//3545 3555//3553 3556//3554
f 3549//3547 3556//3554 3581//3579
f 3551//3549 3581//3579 3580//3578
f 3551//3549 3549//3547 3581//3579
f 3556//3554 3557//3555 3558//3556
f 3581//3579 3558//3556 3582//3580
f 3580//3578 3582//3580 3579//3577
f 2993//2991 3580//3578 3579//3577
f 3561//3559 3563//3561 3564//3562
f 3583//3581 3564//3562 3584//3582
f 3578//3576 3584//3582 3577//3575
f 3578//3576 3583//3581 3584//3582
f 3578//3576 3579//3577 3583//3581
f 3578//3576 2994//2992 3579//3577
f 3564//3562 3565//3563 3566//3564
f 3584//3582 3566//3564 3585//3583
f 3577//3575 3585//3583 3576//3574
f 3000//2998 3577//3575 3576//3574
f 3570//3568 3586//3584 3571//3569
f 3571//3569 3586//3584 3587//3585
f 3588//3586 3587//3585 3589//3587
f 3590//3588 3588//3586 3589//3587
f 3590//3588 3591//3589 3588//3586
f 3590//3588 3592//3590 3591//3589
f 3591//3589 3592//3590 3593//3591
f 3594//3592 3593//3591 3595//3593
f 3596//3594 3595//3593 3597//3595
f 3013//3011 3597//3595 3015//3013
f 3013//3011 3596//3594 3597//3595
f 3013//3011 3011//3009 3596//3594
f 3596//3594 3011//3009 3598//3596
f 3594//3592 3598//3596 3599//3597
f 3591//3589 3599//3597 3588//3586
f 3591//3589 3594//3592 3599//3597
f 3591//3589 3593//3591 3594//3592
f 3571//3569 3587//3585 3588//3586
f 3573//3571 3588//3586 3599//3597
f 3575//3573 3599//3597 3598//3596
f 3008//3006 3598//3596 3010//3008
f 3008//3006 3575//3573 3598//3596
f 3008//3006 3007//3005 3575//3573
f 3592//3590 3600//3598 3593//3591
f 3593//3591 3600//3598 3601//3599
f 3602//3600 3601//3599 3603//3601
f 3604//3602 3602//3600 3603//3601
f 3604//3602 3605//3603 3602//3600
f 3604//3602 3606//3604 3605//3603
f 3605//3603 3606//3604 3607//3605
f 3608//3606 3607//3605 3609//3607
f 3610//3608 3609//3607 3611//3609
f 3022//3020 3611//3609 3024//3022
f 3022//3020 3610//3608 3611//3609
f 3022//3020 3021//3019 3610//3608
f 3610//3608 3021//3019 3019//3017
f 3612//3610 3019//3017 3018//3016
f 3016//3014 3612//3610 3018//3016
f 3016//3014 3597//3595 3612//3610
f 3016//3014 3015//3013 3597//3595
f 3593//3591 3601//3599 3602//3600
f 3595//3593 3602//3600 3613//3611
f 3597//3595 3613//3611 3612//3610
f 3597//3595 3595//3593 3613//3611
f 3606//3604 3614//3612 3607//3605
f 3607//3605 3614//3612 3615//3613
f 3616//3614 3615//3613 3617//3615
f 3618//3616 3617//3615 3619//3617
f 3620//3618 3618//3616 3619//3617
f 3620//3618 3621//3619 3618//3616
f 3620//3618 3622//3620 3621//3619
f 3621//3619 3622//3620 3623//3621
f 3624//3622 3623//3621 3625//3623
f 3626//3624 3625//3623 3627//3625
f 3628//3626 3626//3624 3627//3625
f 3628//3626 3629//3627 3626//3624
f 3628//3626 3630//3628 3629//3627
f 3629//3627 3630//3628 3631//3629
f 3632//3630 3631//3629 3633//3631
f 3634//3632 3633//3631 3635//3633
f 3041//3039 3635//3633 3043//3041
f 3041//3039 3634//3632 3635//3633
f 3041//3039 3040//3038 3634//3632
f 3634//3632 3040//3038 3038//3036
f 3636//3634 3038//3036 3036//3034
f 3035//3033 3636//3634 3036//3034
f 3035//3033 3637//3635 3636//3634
f 3035//3033 3033//3031 3637//3635
f 3637//3635 3033//3031 3032//3030
f 3638//3636 3032//3030 3030//3028
f 3639//3637 3030//3028 3029//3027
f 3027//3025 3639//3637 3029//3027
f 3027//3025 3640//3638 3639//3637
f 3027//3025 3026//3024 3640//3638
f 3640//3638 3026//3024 3024//3022
f 3611//3609 3640//3638 3024//3022
f 3611//3609 3641//3639 3640//3638
f 3611//3609 3609//3607 3641//3639
f 3641//3639 3609//3607 3616//3614
f 3618//3616 3616//3614 3617//3615
f 3618//3616 3641//3639 3616//3614
f 3618//3616 3642//3640 3641//3639
f 3618//3616 3621//3619 3642//3640
f 3642//3640 3621//3619 3643//3641
f 3639//3637 3643//3641 3644//3642
f 3638//3636 3644//3642 3645//3643
f 3637//3635 3645//3643 3636//3634
f 3637//3635 3638//3636 3645//3643
f 3637//3635 3032//3030 3638//3636
f 3607//3605 3615//3613 3616//3614
f 3609//3607 3607//3605 3616//3614
f 3621//3619 3623//3621 3624//3622
f 3643//3641 3624//3622 3626//3624
f 3644//3642 3626//3624 3629//3627
f 3645//3643 3629//3627 3632//3630
f 3636//3634 3632//3630 3634//3632
f 3038//3036 3636//3634 3634//3632
f 3624//3622 3625//3623 3626//3624
f 3630//3628 3646//3644 3631//3629
f 3631//3629 3646//3644 3647//3645
f 3648//3646 3647//3645 3649//3647
f 3650//3648 3648//3646 3649//3647
f 3650//3648 3651//3649 3648//3646
f 3650//3648 3652//3650 3651//3649
f 3651//3649 3652//3650 3653//3651
f 3654//3652 3653//3651 3655//3653
f 3656//3654 3655//3653 3657//3655
f 3049//3047 3657//3655 3051//3049
f 3049//3047 3656//3654 3657//3655
f 3049//3047 3047//3045 3656//3654
f 3656//3654 3047//3045 3046//3044
f 3658//3656 3046//3044 3044//3042
f 3043//3041 3658//3656 3044//3042
f 3043//3041 3635//3633 3658//3656
f 3658//3656 3635//3633 3659//3657
f 3654//3652 3659//3657 3651//3649
f 3653//3651 3654//3652 3651//3649
f 3631//3629 3647//3645 3648//3646
f 3633//3631 3648//3646 3659//3657
f 3635//3633 3633//3631 3659//3657
f 3652//3650 3660//3658 3653//3651
f 3653//3651 3660//3658 3661//3659
f 3662//3660 3661//3659 3663//3661
f 3664//3662 3663//3661 3665//3663
f 3666//3664 3664//3662 3665//3663
f 3666//3664 3667//3665 3664//3662
f 3666//3664 3668//3666 3667//3665
f 3667//3665 3668//3666 3669//3667
f 3670//3668 3669//3667 3671//3669
f 3672//3670 3671//3669 3673//3671
f 3674//3672 3672//3670 3673//3671
f 3674//3672 3675//3673 3672//3670
f 3674//3672 3676//3674 3675//3673
f 3675//3673 3676//3674 3677//3675
f 3678//3676 3677//3675 3679//3677
f 3680//3678 3679//3677 3681//3679
f 3682//3680 3680//3678 3681//3679
f 3682//3680 3683//3681 3680//3678
f 3682//3680 3684//3682 3683//3681
f 3683//3681 3684//3682 3685//3683
f 3686//3684 3685//3683 3687//3685
f 3688//3686 3687//3685 3689//3687
f 3076//3074 3689//3687 3077//3075
f 3076//3074 3688//3686 3689//3687
f 3076//3074 3074//3072 3688//3686
f 3688//3686 3074//3072 3072//3070
f 3690//3688 3072//3070 3071//3069
f 3069//3067 3690//3688 3071//3069
f 3069//3067 3691//3689 3690//3688
f 3069//3067 3068//3066 3691//3689
f 3691//3689 3068//3066 3692//3690
f 3693//3691 3692//3690 3694//3692
f 3678//3676 3694//3692 3675//3673
f 3677//3675 3678//3676 3675//3673
f 3653//3651 3661//3659 3662//3660
f 3655//3653 3662//3660 3695//3693
f 3657//3655 3695//3693 3696//3694
f 3051//3049 3696//3694 3052//3050
f 3051//3049 3657//3655 3696//3694
f 3662//3660 3663//3661 3664//3662
f 3695//3693 3664//3662 3697//3695
f 3696//3694 3697//3695 3698//3696
f 3054//3052 3698//3696 3055//3053
f 3054//3052 3696//3694 3698//3696
f 3054//3052 3052//3050 3696//3694
f 3667//3665 3669//3667 3670//3668
f 3699//3697 3670//3668 3700//3698
f 3701//3699 3700//3698 3702//3700
f 3060//3058 3702//3700 3062//3060
f 3060//3058 3701//3699 3702//3700
f 3060//3058 3058//3056 3701//3699
f 3701//3699 3058//3056 3057//3055
f 3698//3696 3057//3055 3055//3053
f 3698//3696 3701//3699 3057//3055
f 3698//3696 3699//3697 3701//3699
f 3698//3696 3697//3695 3699//3697
f 3699//3697 3697//3695 3667//3665
f 3670//3668 3699//3697 3667//3665
f 3670//3668 3671//3669 3672//3670
f 3700//3698 3672//3670 3703//3701
f 3702//3700 3703//3701 3704//3702
f 3062//3060 3704//3702 3063//3061
f 3062//3060 3702//3700 3704//3702
f 3678//3676 3679//3677 3680//3678
f 3693//3691 3680//3678 3705//3703
f 3691//3689 3705//3703 3690//3688
f 3691//3689 3693//3691 3705//3703
f 3691//3689 3692//3690 3693//3691
f 3684//3682 3706//3704 3685//3683
f 3685//3683 3706//3704 3707//3705
f 3708//3706 3707//3705 3709//3707
f 3710//3708 3708//3706 3709//3707
f 3710//3708 3711//3709 3708//3706
f 3710//3708 3712//3710 3711//3709
f 3711//3709 3712//3710 3713//3711
f 3714//3712 3713//3711 3715//3713
f 3716//3714 3715//3713 3717//3715
f 3083//3081 3717//3715 3085//3083
f 3083//3081 3716//3714 3717//3715
f 3083//3081 3082//3080 3716//3714
f 3716//3714 3082//3080 3080//3078
f 3718//3716 3080//3078 3079//3077
f 3689//3687 3079//3077 3077//3075
f 3689//3687 3718//3716 3079//3077
f 3689//3687 3719//3717 3718//3716
f 3689//3687 3687//3685 3719//3717
f 3719//3717 3687//3685 3708//3706
f 3711//3709 3719//3717 3708//3706
f 3711//3709 3714//3712 3719//3717
f 3711//3709 3713//3711 3714//3712
f 3685//3683 3707//3705 3708//3706
f 3687//3685 3685//3683 3708//3706
f 3712//3710 3720//3718 3713//3711
f 3713//3711 3720//3718 3721//3719
f 3722//3720 3721//3719 3723//3721
f 3724//3722 3723//3721 3725//3723
f 3726//3724 3724//3722 3725//3723
f 3726//3724 3727//3725 3724//3722
f 3726//3724 3728//3726 3727//3725
f 3727//3725 3728//3726 3729//3727
f 3730//3728 3729//3727 3731//3729
f 3732//3730 3731//3729 3733//3731
f 3734//3732 3732//3730 3733//3731
f 3734//3732 3735//3733 3732//3730
f 3734//3732 3736//3734 3735//3733
f 3735//3733 3736//3734 3737//3735
f 3738//3736 3737//3735 3739//3737
f 3740//3738 3739//3737 3741//3739
f 3102//3100 3741//3739 3104//3102
f 3102//3100 3740//3738 3741//3739
f 3102//3100 3101//3099 3740//3738
f 3740//3738 3101//3099 3099//3097
f 3742//3740 3099//3097 3097//3095
f 3743//3741 3097//3095 3096//3094
f 3094//3092 3743//3741 3096//3094
f 3094//3092 3744//3742 3743//3741
f 3094//3092 3093//3091 3744//3742
f 3744//3742 3093//3091 3091//3089
f 3745//3743 3091//3089 3090//3088
f 3746//3744 3090//3088 3088//3086
f 3086//3084 3746//3744 3088//3086
f 3086//3084 3717//3715 3746//3744
f 3086//3084 3085//3083 3717//3715
f 3713//3711 3721//3719 3722//3720
f 3715//3713 3722//3720 3747//3745
f 3717//3715 3747//3745 3746//3744
f 3717//3715 3715//3713 3747//3745
f 3722//3720 3723//3721 3724//3722
f 3747//3745 3724//3722 3748//3746
f 3746//3744 3748//3746 3745//3743
f 3090//3088 3746//3744 3745//3743
f 3727//3725 3729//3727 3730//3728
f 3749//3747 3730//3728 3750//3748
f 3744//3742 3750//3748 3743//3741
f 3744//3742 3749//3747 3750//3748
f 3744//3742 3745//3743 3749//3747
f 3744//3742 3091//3089 3745//3743
f 3730//3728 3731//3729 3732//3730
f 3750//3748 3732//3730 3751//3749
f 3743//3741 3751//3749 3742//3740
f 3097//3095 3743//3741 3742//3740
f 3736//3734 3752//3750 3737//3735
f 3737//3735 3752//3750 3753//3751
f 3754//3752 3753//3751 3755//3753
f 3756//3754 3754//3752 3755//3753
f 3756//3754 3757//3755 3754//3752
f 3756//3754 3758//3756 3757//3755
f 3757//3755 3758//3756 3759//3757
f 3760//3758 3759//3757 3761//3759
f 3762//3760 3761//3759 3763//3761
f 3110//3108 3763//3761 3112//3110
f 3110//3108 3762//3760 3763//3761
f 3110//3108 3108//3106 3762//3760
f 3762//3760 3108//3106 3764//3762
f 3760//3758 3764//3762 3765//3763
f 3757//3755 3765//3763 3754//3752
f 3757//3755 3760//3758 3765//3763
f 3757//3755 3759//3757 3760//3758
f 3737//3735 3753//3751 3754//3752
f 3739//3737 3754//3752 3765//3763
f 3741//3739 3765//3763 3764//3762
f 3105//3103 3764//3762 3107//3105
f 3105//3103 3741//3739 3764//3762
f 3105//3103 3104//3102 3741//3739
f 3758//3756 3766//3764 3759//3757
f 3759//3757 3766//3764 3767//3765
f 3768//3766 3767//3765 3769//3767
f 3770//3768 3768//3766 3769//3767
f 3770//3768 3771//3769 3768//3766
f 3770//3768 3772//3770 3771//3769
f 3771//3769 3772//3770 3773//3771
f 3774//3772 3773//3771 3775//3773
f 3776//3774 3775//3773 3777//3775
f 3118//3116 3777//3775 3119//3117
f 3118//3116 3776//3774 3777//3775
f 3118//3116 3116//3114 3776//3774
f 3776//3774 3116//3114 3778//3776
f 3774//3772 3778//3776 3779//3777
f 3771//3769 3779//3777 3768//3766
f 3771//3769 3774//3772 3779//3777
f 3771//3769 3773//3771 3774//3772
f 3759//3757 3767//3765 3768//3766
f 3761//3759 3768//3766 3779//3777
f 3763//3761 3779//3777 3778//3776
f 3113//3111 3778//3776 3115//3113
f 3113//3111 3763//3761 3778//3776
f 3113//3111 3112//3110 3763//3761
f 3772//3770 3780//3778 3773//3771
f 3773//3771 3780//3778 3781//3779
f 3782//3780 3781//3779 3783//3781
f 3784//3782 3783//3781 3785//3783
f 3786//3784 3784//3782 3785//3783
f 3786//3784 3787//3785 3784//3782
f 3786//3784 3788//3786 3787//3785
f 3787//3785 3788//3786 3789//3787
f 3790//3788 3789//3787 3791//3789
f 3792//3790 3791//3789 3793//3791
f 3794//3792 3792//3790 3793//3791
f 3794//3792 3795//3793 3792//3790
f 3794//3792 3796//3794 3795//3793
f 3795//3793 3796//3794 3797//3795
f 3798//3796 3797//3795 3799//3797
f 3800//3798 3799//3797 3801//3799
f 3137//3135 3801//3799 3138//3136
f 3137//3135 3800//3798 3801//3799
f 3137//3135 3135//3133 3800//3798
f 3800//3798 3135//3133 3802//3800
f 3798//3796 3802//3800 3803//3801
f 3795//3793 3803//3801 3792//3790
f 3795//3793 3798//3796 3803//3801
f 3795//3793 3797//3795 3798//3796
f 3773//3771 3781//3779 3782//3780
f 3775//3773 3782//3780 3804//3802
f 3777//3775 3804//3802 3805//3803
f 3121//3119 3805//3803 3122//3120
f 3121//3119 3777//3775 3805//3803
f 3121//3119 3119//3117 3777//3775
f 3782//3780 3783//3781 3784//3782
f 3804//3802 3784//3782 3806//3804
f 3805//3803 3806//3804 3807//3805
f 3124//3122 3807//3805 3126//3124
f 3124//3122 3805//3803 3807//3805
f 3124//3122 3122//3120 3805//3803
f 3787//3785 3789//3787 3790//3788
f 3808//3806 3790//3788 3809//3807
f 3810//3808 3809//3807 3811//3809
f 3129//3127 3811//3809 3130//3128
f 3129//3127 3810//3808 3811//3809
f 3129//3127 3127//3125 3810//3808
f 3810//3808 3127//3125 3807//3805
f 3808//3806 3807//3805 3806//3804
f 3787//3785 3806//3804 3784//3782
f 3787//3785 3808//3806 3806//3804
f 3787//3785 3790//3788 3808//3806
f 3790//3788 3791//3789 3792//3790
f 3809//3807 3792//3790 3803//3801
f 3811//3809 3803//3801 3802//3800
f 3132//3130 3802//3800 3133//3131
f 3132//3130 3811//3809 3802//3800
f 3132//3130 3130//3128 3811//3809
f 3796//3794 3812//3810 3797//3795
f 3797//3795 3812//3810 3813//3811
f 3814//3812 3813//3811 3815//3813
f 3816//3814 3814//3812 3815//3813
f 3816//3814 3817//3815 3814//3812
f 3816//3814 3818//3816 3817//3815
f 3817//3815 3818//3816 3819//3817
f 3820//3818 3819//3817 3821//3819
f 3822//3820 3821//3819 3823//3821
f 3146//3144 3823//3821 3147//3145
f 3146//3144 3822//3820 3823//3821
f 3146//3144 3144//3142 3822//3820
f 3822//3820 3144//3142 3143//3141
f 3824//3822 3143//3141 3141//3139
f 3140//3138 3824//3822 3141//3139
f 3140//3138 3801//3799 3824//3822
f 3140//3138 3138//3136 3801//3799
f 3797//3795 3813//3811 3814//3812
f 3799//3797 3814//3812 3825//3823
f 3801//3799 3825//3823 3824//3822
f 3801//3799 3799//3797 3825//3823
f 3818//3816 3826//3824 3819//3817
f 3819//3817 3826//3824 3827//3825
f 3828//3826 3827//3825 3829//3827
f 3830//3828 3829//3827 3831//3829
f 3832//3830 3830//3828 3831//3829
f 3832//3830 3833//3831 3830//3828
f 3832//3830 3834//3832 3833//3831
f 3833//3831 3834//3832 3835//3833
f 3836//3834 3835//3833 3837//3835
f 3838//3836 3837//3835 3839//3837
f 3840//3838 3838//3836 3839//3837
f 3840//3838 3841//3839 3838//3836
f 3840//3838 3842//3840 3841//3839
f 3841//3839 3842//3840 3843//3841
f 3844//3842 3843//3841 3845//3843
f 3846//3844 3845//3843 3847//3845
f 3165//3163 3847//3845 3166//3164
f 3165//3163 3846//3844 3847//3845
f 3165//3163 3163//3161 3846//3844
f 3846//3844 3163//3161 3162//3160
f 3848//3846 3162//3160 3160//3158
f 3158//3156 3848//3846 3160//3158
f 3158//3156 3849//3847 3848//3846
f 3158//3156 3157//3155 3849//3847
f 3849//3847 3157//3155 3155//3153
f 3850//3848 3155//3153 3154//3152
f 3851//3849 3154//3152 3152//3150
f 3151//3149 3851//3849 3152//3150
f 3151//3149 3852//3850 3851//3849
f 3151//3149 3149//3147 3852//3850
f 3852//3850 3149//3147 3147//3145
f 3823//3821 3852//3850 3147//3145
f 3823//3821 3853//3851 3852//3850
f 3823//3821 3821//3819 3853//3851
f 3853//3851 3821//3819 3828//3826
f 3830//3828 3828//3826 3829//3827
f 3830//3828 3853//3851 3828//3826
f 3830//3828 3854//3852 3853//3851
f 3830//3828 3833//3831 3854//3852
f 3854//3852 3833//3831 3855//3853
f 3851//3849 3855//3853 3850//3848
f 3154//3152 3851//3849 3850//3848
f 3819//3817 3827//3825 3828//3826
f 3821//3819 3819//3817 3828//3826
f 3833//3831 3835//3833 3836//3834
f 3855//3853 3836//3834 3856//3854
f 3850//3848 3856//3854 3849//3847
f 3155//3153 3850//3848 3849//3847
f 3836//3834 3837//3835 3838//3836
f 3856//3854 3838//3836 3857//3855
f 3849//3847 3857//3855 3848//3846
f 3849//3847 3856//3854 3857//3855
f 3842//3840 3858//3856 3843//3841
f 3843//3841 3858//3856 3859//3857
f 3860//3858 3859//3857 3861//3859
f 3862//3860 3860//3858 3861//3859
f 3862//3860 3863//3861 3860//3858
f 3862//3860 3864//3862 3863//3861
f 3863//3861 3864//3862 3865//3863
f 3866//3864 3865//3863 3867//3865
f 3868//3866 3867//3865 3869//3867
f 3173//3171 3869//3867 3174//3172
f 3173//3171 3868//3866 3869//3867
f 3173//3171 3171//3169 3868//3866
f 3868//3866 3171//3169 3169//3167
f 3870//3868 3169//3167 3168//3166
f 3166//3164 3870//3868 3168//3166
f 3166//3164 3847//3845 3870//3868
f 3870//3868 3847//3845 3871//3869
f 3866//3864 3871//3869 3863//3861
f 3865//3863 3866//3864 3863//3861
f 3843//3841 3859//3857 3860//3858
f 3845//3843 3860//3858 3871//3869
f 3847//3845 3845//3843 3871//3869
f 3864//3862 3872//3870 3865//3863
f 3865//3863 3872//3870 3873//3871
f 3874//3872 3873//3871 3875//3873
f 3876//3874 3874//3872 3875//3873
f 3876//3874 3877//3875 3874//3872
f 3876//3874 3878//3876 3877//3875
f 3877//3875 3878//3876 3879//3877
f 3880//3878 3879//3877 3881//3879
f 3882//3880 3881//3879 3883//3881
f 3180//3178 3883//3881 3182//3180
f 3180//3178 3882//3880 3883//3881
f 3180//3178 3179//3177 3882//3880
f 3882//3880 3179//3177 3177//3175
f 3884//3882 3177//3175 3176//3174
f 3869//3867 3176//3174 3174//3172
f 3869//3867 3884//3882 3176//3174
f 3869//3867 3885//3883 3884//3882
f 3869//3867 3867//3865 3885//3883
f 3885//3883 3867//3865 3874//3872
f 3877//3875 3885//3883 3874//3872
f 3877//3875 3880//3878 3885//3883
f 3877//3875 3879//3877 3880//3878
f 3865//3863 3873//3871 3874//3872
f 3867//3865 3865//3863 3874//3872
f 3878//3876 3886//3884 3879//3877
f 3879//3877 3886//3884 3887//3885
f 3888//3886 3887//3885 3889//3887
f 3890//3888 3889//3887 3891//3889
f 3892//3890 3890//3888 3891//3889
f 3892//3890 3893//3891 3890//3888
f 3892//3890 3894//3892 3893//3891
f 3893//3891 3894//3892 3895//3893
f 3896//3894 3895//3893 3897//3895
f 2475//2473 3897//3895 2473//2471
f 2475//2473 3896//3894 3897//3895
f 2475//2473 2489//2487 3896//3894
f 3896//3894 2489//2487 3898//3896
f 3893//3891 3898//3896 3899//3897
f 3890//3888 3899//3897 3900//3898
f 3888//3886 3900//3898 3881//3879
f 3879//3877 3888//3886 3881//3879
f 3879//3877 3887//3885 3888//3886
f 3888//3886 3889//3887 3890//3888
f 3900//3898 3888//3886 3890//3888
f 3893//3891 3895//3893 3896//3894
f 3898//3896 3893//3891 3896//3894
f 2489//2487 2487//2485 3898//3896
f 3898//3896 2487//2485 3901//3899
f 3899//3897 3901//3899 3902//3900
f 3900//3898 3902//3900 3883//3881
f 3881//3879 3900//3898 3883//3881
f 2488//2486 3188//3186 2487//2485
f 2487//2485 3188//3186 3901//3899
f 3901//3899 3188//3186 3187//3185
f 3185//3183 3901//3899 3187//3185
f 3185//3183 3902//3900 3901//3899
f 3185//3183 3183//3181 3902//3900
f 3902//3900 3183//3181 3883//3881
f 3883//3881 3183//3181 3182//3180
f 3882//3880 3177//3175 3884//3882
f 3880//3878 3884//3882 3885//3883
f 3880//3878 3882//3880 3884//3882
f 3880//3878 3881//3879 3882//3880
f 3868//3866 3169//3167 3870//3868
f 3866//3864 3870//3868 3871//3869
f 3866//3864 3868//3866 3870//3868
f 3866//3864 3867//3865 3868//3866
f 3846//3844 3162//3160 3848//3846
f 3844//3842 3848//3846 3857//3855
f 3841//3839 3857//3855 3838//3836
f 3841//3839 3844//3842 3857//3855
f 3841//3839 3843//3841 3844//3842
f 3822//3820 3143//3141 3824//3822
f 3820//3818 3824//3822 3825//3823
f 3817//3815 3825//3823 3814//3812
f 3817//3815 3820//3818 3825//3823
f 3817//3815 3819//3817 3820//3818
f 3135//3133 3133//3131 3802//3800
f 3127//3125 3126//3124 3807//3805
f 3116//3114 3115//3113 3778//3776
f 3108//3106 3107//3105 3764//3762
f 3740//3738 3099//3097 3742//3740
f 3738//3736 3742//3740 3751//3749
f 3735//3733 3751//3749 3732//3730
f 3735//3733 3738//3736 3751//3749
f 3735//3733 3737//3735 3738//3736
f 3716//3714 3080//3078 3718//3716
f 3714//3712 3718//3716 3719//3717
f 3714//3712 3716//3714 3718//3716
f 3714//3712 3715//3713 3716//3714
f 3688//3686 3072//3070 3690//3688
f 3686//3684 3690//3688 3705//3703
f 3683//3681 3705//3703 3680//3678
f 3683//3681 3686//3684 3705//3703
f 3683//3681 3685//3683 3686//3684
f 3068//3066 3066//3064 3692//3690
f 3692//3690 3066//3064 3065//3063
f 3704//3702 3065//3063 3063//3061
f 3704//3702 3692//3690 3065//3063
f 3704//3702 3694//3692 3692//3690
f 3704//3702 3703//3701 3694//3692
f 3694//3692 3703//3701 3675//3673
f 3675//3673 3703//3701 3672//3670
f 3656//3654 3046//3044 3658//3656
f 3654//3652 3658//3656 3659//3657
f 3654//3652 3656//3654 3658//3656
f 3654//3652 3655//3653 3656//3654
f 3638//3636 3030//3028 3639//3637
f 3644//3642 3638//3636 3639//3637
f 3610//3608 3019//3017 3612//3610
f 3608//3606 3612//3610 3613//3611
f 3605//3603 3613//3611 3602//3600
f 3605//3603 3608//3606 3613//3611
f 3605//3603 3607//3605 3608//3606
f 3011//3009 3010//3008 3598//3596
f 3574//3572 3002//3000 3576//3574
f 3572//3570 3576//3574 3585//3583
f 3569//3567 3585//3583 3566//3564
f 3569//3567 3572//3570 3585//3583
f 3569//3567 3571//3569 3572//3570
f 3550//3548 2983//2981 3552//3550
f 3548//3546 3552//3550 3553//3551
f 3548//3546 3550//3548 3552//3550
f 3548//3546 3549//3547 3550//3548
f 3528//3526 2975//2973 3530//3528
f 3526//3524 3530//3528 3539//3537
f 3523//3521 3539//3537 3520//3518
f 3523//3521 3526//3524 3539//3537
f 3523//3521 3525//3523 3526//3524
f 2963//2961 2961//2959 3505//3503
f 3504//3502 2957//2955 3506//3504
f 3502//3500 3506//3504 3507//3505
f 3502//3500 3504//3502 3506//3504
f 3502//3500 3503//3501 3504//3502
f 3490//3488 2949//2947 3492//3490
f 3488//3486 3492//3490 3493//3491
f 3488//3486 3490//3488 3492//3490
f 3488//3486 3489//3487 3490//3488
f 3468//3466 2941//2939 3470//3468
f 3466//3464 3470//3468 3479//3477
f 3463//3461 3479//3477 3460//3458
f 3463//3461 3466//3464 3479//3477
f 3463//3461 3465//3463 3466//3464
f 3444//3442 2922//2920 3446//3444
f 3442//3440 3446//3444 3447//3445
f 3439//3437 3447//3445 3436//3434
f 3439//3437 3442//3440 3447//3445
f 3439//3437 3441//3439 3442//3440
f 2914//2912 2913//2911 3418//3416
f 2907//2905 2905//2903 3429//3427
f 2888//2886 2886//2884 3386//3384
f 3364//3362 2877//2875 3365//3363
f 3373//3371 3365//3363 3366//3364
f 3372//3370 3366//3364 3367//3365
f 3371//3369 3367//3365 3370//3368
f 3349//3347 3370//3368 3346//3344
f 3349//3347 3371//3369 3370//3368
f 3349//3347 3352//3350 3371//3369
f 3366//3364 2871//2869 3367//3365
f 2866//2864 2864//2862 3339//3337
f 3338//3336 2860//2858 3340//3338
f 3336//3334 3340//3338 3341//3339
f 3336//3334 3338//3336 3340//3338
f 3336//3334 3337//3335 3338//3336
f 3324//3322 2852//2850 3326//3324
f 3322//3320 3326//3324 3327//3325
f 3322//3320 3324//3322 3326//3324
f 3322//3320 3323//3321 3324//3322
f 3302//3300 2844//2842 3304//3302
f 3300//3298 3304//3302 3313//3311
f 3297//3295 3313//3311 3294//3292
f 3297//3295 3300//3298 3313//3311
f 3297//3295 3299//3297 3300//3298
f 2839//2837 2838//2836 3306//3304
f 3306//3304 2838//2836 2836//2834
f 3312//3310 2836//2834 2835//2833
f 3312//3310 3306//3304 2836//2834
f 3312//3310 3308//3306 3306//3304
f 3312//3310 3311//3309 3308//3306
f 3308//3306 3311//3309 3289//3287
f 3289//3287 3311//3309 3286//3284
f 3278//3276 2812//2810 3280//3278
f 3276//3274 3280//3278 3281//3279
f 3276//3274 3278//3276 3280//3278
f 3276//3274 3277//3275 3278//3276
f 3256//3254 2817//2815 3258//3256
f 3254//3252 3258//3256 3267//3265
f 3251//3249 3267//3265 3248//3246
f 3251//3249 3254//3252 3267//3265
f 3251//3249 3253//3251 3254//3252
f 3201//3199 2831//2829 3203//3201
f 3199//3197 3203//3201 3192//3190
f 3194//3192 3192//3190 3193//3191
f 3194//3192 3199//3197 3192//3190
f 3194//3192 3198//3196 3199//3197
f 3203//3201 3190//3188 3192//3190
f 3192//3190 3190//3188 3191//3189
f 3217//3215 3218//3216 3216//3214
f 3201//3199 3203//3201 3199//3197
f 3200//3198 3201//3199 3199//3197
f 3233//3231 3200//3198 3198//3196
f 3202//3200 3200//3198 3234//3232
f 3262//3260 3263//3261 3264//3262
f 3261//3259 3264//3262 3265//3263
f 3261//3259 3262//3260 3264//3262
f 3246//3244 3265//3263 3243//3241
f 3248//3246 3266//3264 3246//3244
f 3266//3264 3260//3258 3265//3263
f 3256//3254 3258//3256 3254//3252
f 3255//3253 3256//3254 3254//3252
f 3270//3268 3255//3253 3253//3251
f 3273//3271 3281//3279 3270//3268
f 3284//3282 3277//3275 3275//3273
f 3286//3284 3309//3307 3284//3282
f 3309//3307 3279//3277 3277//3275
f 3310//3308 3309//3307 3311//3309
f 3307//3305 3308//3306 3292//3290
f 3294//3292 3307//3305 3292//3290
f 3302//3300 3304//3302 3300//3298
f 3301//3299 3302//3300 3300//3298
f 3316//3314 3301//3299 3299//3297
f 3319//3317 3327//3325 3316//3314
f 3369//3367 3337//3335 3344//3342
f 3346//3344 3369//3367 3344//3342
f 3372//3370 3367//3365 3371//3369
f 3354//3352 3372//3370 3371//3369
f 3373//3371 3366//3364 3372//3370
f 3357//3355 3373//3371 3372//3370
f 3364//3362 3365//3363 3373//3371
f 3360//3358 3364//3362 3373//3371
f 3359//3357 3360//3358 3357//3355
f 3376//3374 3361//3359 3359//3357
f 3361//3359 3362//3360 3360//3358
f 3363//3361 3361//3359 3387//3385
f 3384//3382 3386//3384 3382//3380
f 3383//3381 3384//3382 3382//3380
f 3390//3388 3383//3381 3381//3379
f 3392//3390 3420//3418 3390//3388
f 3420//3418 3385//3383 3383//3381
f 3395//3393 3422//3420 3392//3390
f 3422//3420 3421//3419 3420//3418
f 3400//3398 3425//3423 3398//3396
f 3425//3423 3426//3424 3424//3422
f 3427//3425 3425//3423 3428//3426
f 3432//3430 3429//3427 3430//3428
f 3431//3429 3432//3430 3430//3428
f 3408//3406 3431//3429 3406//3404
f 3433//3431 3431//3429 3419//3417
f 3416//3414 3418//3416 3414//3412
f 3415//3413 3416//3414 3414//3412
f 3436//3434 3415//3413 3413//3411
f 3444//3442 3446//3444 3442//3440
f 3443//3441 3444//3442 3442//3440
f 3474//3472 3475//3473 3476//3474
f 3473//3471 3476//3474 3477//3475
f 3473//3471 3474//3472 3476//3474
f 3458//3456 3477//3475 3455//3453
f 3460//3458 3478//3476 3458//3456
f 3478//3476 3472//3470 3477//3475
f 3468//3466 3470//3468 3466//3464
f 3467//3465 3468//3466 3466//3464
f 3482//3480 3467//3465 3465//3463
f 3485//3483 3493//3491 3482//3480
f 3535//3533 3503//3501 3510//3508
f 3512//3510 3535//3533 3510//3508
f 3512//3510 3515//3513 3536//3534
f 3536//3534 3515//3513 3537//3535
f 3533//3531 3536//3534 3537//3535
f 3518//3516 3537//3535 3515//3513
f 3520//3518 3538//3536 3518//3516
f 3531//3529 3538//3536 3539//3537
f 3528//3526 3530//3528 3526//3524
f 3527//3525 3528//3526 3526//3524
f 3556//3554 3549//3547 3547//3545
f 3558//3556 3581//3579 3556//3554
f 3582//3580 3580//3578 3581//3579
f 3558//3556 3561//3559 3582//3580
f 3582//3580 3561//3559 3583//3581
f 3579//3577 3582//3580 3583//3581
f 3564//3562 3583//3581 3561//3559
f 3566//3564 3584//3582 3564//3562
f 3577//3575 3584//3582 3585//3583
f 3574//3572 3576//3574 3572//3570
f 3573//3571 3574//3572 3572//3570
f 3588//3586 3573//3571 3571//3569
f 3575//3573 3573//3571 3599//3597
f 3596//3594 3598//3596 3594//3592
f 3595//3593 3596//3594 3594//3592
f 3602//3600 3595//3593 3593//3591
f 3610//3608 3612//3610 3608//3606
f 3609//3607 3610//3608 3608//3606
f 3640//3638 3641//3639 3642//3640
f 3639//3637 3642//3640 3643//3641
f 3639//3637 3640//3638 3642//3640
f 3624//3622 3643//3641 3621//3619
f 3644//3642 3643//3641 3626//3624
f 3645//3643 3644//3642 3629//3627
f 3631//3629 3632//3630 3629//3627
f 3632//3630 3636//3634 3645//3643
f 3648//3646 3633//3631 3631//3629
f 3633//3631 3634//3632 3632//3630
f 3651//3649 3659//3657 3648//3646
f 3662//3660 3655//3653 3653//3651
f 3664//3662 3695//3693 3662//3660
f 3695//3693 3657//3655 3655//3653
f 3667//3665 3697//3695 3664//3662
f 3697//3695 3696//3694 3695//3693
f 3672//3670 3700//3698 3670//3668
f 3700//3698 3701//3699 3699//3697
f 3702//3700 3700//3698 3703//3701
f 3693//3691 3694//3692 3678//3676
f 3680//3678 3693//3691 3678//3676
f 3688//3686 3690//3688 3686//3684
f 3687//3685 3688//3686 3686//3684
f 3722//3720 3715//3713 3713//3711
f 3724//3722 3747//3745 3722//3720
f 3748//3746 3746//3744 3747//3745
f 3724//3722 3727//3725 3748//3746
f 3748//3746 3727//3725 3749//3747
f 3745//3743 3748//3746 3749//3747
f 3730//3728 3749//3747 3727//3725
f 3732//3730 3750//3748 3730//3728
f 3743//3741 3750//3748 3751//3749
f 3740//3738 3742//3740 3738//3736
f 3739//3737 3740//3738 3738//3736
f 3754//3752 3739//3737 3737//3735
f 3741//3739 3739//3737 3765//3763
f 3762//3760 3764//3762 3760//3758
f 3761//3759 3762//3760 3760//3758
f 3768//3766 3761//3759 3759//3757
f 3763//3761 3761//3759 3779//3777
f 3776//3774 3778//3776 3774//3772
f 3775//3773 3776//3774 3774//3772
f 3782//3780 3775//3773 3773//3771
f 3784//3782 3804//3802 3782//3780
f 3804//3802 3777//3775 3775//3773
f 3805//3803 3804//3802 3806//3804
f 3810//3808 3807//3805 3808//3806
f 3809//3807 3810//3808 3808//3806
f 3792//3790 3809//3807 3790//3788
f 3811//3809 3809//3807 3803//3801
f 3800//3798 3802//3800 3798//3796
f 3799//3797 3800//3798 3798//3796
f 3814//3812 3799//3797 3797//3795
f 3822//3820 3824//3822 3820//3818
f 3821//3819 3822//3820 3820//3818
f 3852//3850 3853//3851 3854//3852
f 3851//3849 3854//3852 3855//3853
f 3851//3849 3852//3850 3854//3852
f 3836//3834 3855//3853 3833//3831
f 3838//3836 3856//3854 3836//3834
f 3856//3854 3850//3848 3855//3853
f 3846//3844 3848//3846 3844//3842
f 3845//3843 3846//3844 3844//3842
f 3860//3858 3845//3843 3843//3841
f 3863//3861 3871//3869 3860//3858
f 3893//3891 3899//3897 3890//3888
f 3899//3897 3902//3900 3900//3898
f 3901//3899 3899//3897 3898//3896
f 3903//3901 3904//3902 2580//2578
f 3903//3901 3905//3903 3904//3902
f 3904//3902 3905//3903 3906//3904
f 3907//3905 3906//3904 3908//3906
f 3909//3907 3908//3906 3910//3908
f 3911//3909 3910//3908 3912//3910
f 3913//3911 3912//3910 3914//3912
f 3915//3913 3914//3912 3916//3914
f 3917//3915 3916//3914 3918//3916
f 3917//3915 3915//3913 3916//3914
f 3917//3915 3919//3917 3915//3913
f 3915//3913 3919//3917 3920//3918
f 3913//3911 3920//3918 3921//3919
f 3911//3909 3921//3919 3922//3920
f 3909//3907 3922//3920 3923//3921
f 3907//3905 3923//3921 3924//3922
f 3904//3902 3924//3922 3925//3923
f 2580//2578 3925//3923 2578//2576
f 2580//2578 3904//3902 3925//3923
f 3905//3903 3926//3924 3906//3904
f 3906//3904 3926//3924 3927//3925
f 3928//3926 3927//3925 3929//3927
f 3908//3906 3929//3927 3930//3928
f 3910//3908 3930//3928 3931//3929
f 3912//3910 3931//3929 3932//3930
f 3914//3912 3932//3930 3933//3931
f 3916//3914 3933//3931 3934//3932
f 3935//3933 3934//3932 3936//3934
f 3935//3933 3916//3914 3934//3932
f 3935//3933 3918//3916 3916//3914
f 3906//3904 3927//3925 3928//3926
f 3908//3906 3928//3926 3929//3927
f 3908//3906 3906//3904 3928//3926
f 3929//3927 3937//3935 3930//3928
f 3930//3928 3937//3935 3938//3936
f 3939//3937 3938//3936 3940//3938
f 3941//3939 3940//3938 3942//3940
f 3943//3941 3942//3940 3944//3942
f 3943//3941 3941//3939 3942//3940
f 3943//3941 3945//3943 3941//3939
f 3943//3941 3946//3944 3945//3943
f 3945//3943 3946//3944 3947//3945
f 3948//3946 3947//3945 3949//3947
f 3950//3948 3948//3946 3949//3947
f 3950//3948 3951//3949 3948//3946
f 3950//3948 3952//3950 3951//3949
f 3950//3948 3953//3951 3952//3950
f 3952//3950 3953//3951 3951//3949
f 3951//3949 3953//3951 3954//3952
f 3955//3953 3954//3952 3956//3954
f 3957//3955 3955//3953 3956//3954
f 3957//3955 3958//3956 3955//3953
f 3957//3955 3959//3957 3958//3956
f 3958//3956 3959//3957 3960//3958
f 3961//3959 3960//3958 3962//3960
f 3963//3961 3962//3960 3964//3962
f 3965//3963 3964//3962 3966//3964
f 3965//3963 3963//3961 3964//3962
f 3965//3963 3967//3965 3963//3961
f 3963//3961 3967//3965 3968//3966
f 3969//3967 3968//3966 3970//3968
f 3951//3949 3970//3968 3971//3969
f 3948//3946 3971//3969 3945//3943
f 3947//3945 3948//3946 3945//3943
f 3930//3928 3938//3936 3939//3937
f 3931//3929 3939//3937 3941//3939
f 3932//3930 3941//3939 3972//3970
f 3933//3931 3972//3970 3973//3971
f 3934//3932 3973//3971 3974//3972
f 3936//3934 3974//3972 3975//3973
f 3936//3934 3934//3932 3974//3972
f 3940//3938 3944//3942 3942//3940
f 3951//3949 3954//3952 3955//3953
f 3969//3967 3955//3953 3961//3959
f 3963//3961 3961//3959 3962//3960
f 3963//3961 3969//3967 3961//3959
f 3963//3961 3968//3966 3969//3967
f 3959//3957 3976//3974 3960//3958
f 3960//3958 3976//3974 3977//3975
f 3962//3960 3977//3975 3978//3976
f 3964//3962 3978//3976 3979//3977
f 3966//3964 3979//3977 3980//3978
f 3966//3964 3964//3962 3979//3977
f 3977//3975 3981//3979 3978//3976
f 3978//3976 3981//3979 3982//3980
f 3983//3981 3982//3980 3984//3982
f 3985//3983 3983//3981 3984//3982
f 3985//3983 3986//3984 3983//3981
f 3985//3983 3987//3985 3986//3984
f 3986//3984 3987//3985 3988//3986
f 3989//3987 3988//3986 3990//3988
f 3991//3989 3990//3988 3992//3990
f 3991//3989 3989//3987 3990//3988
f 3991//3989 3993//3991 3989//3987
f 3989//3987 3993//3991 3994//3992
f 3995//3993 3994//3992 3996//3994
f 3979//3977 3996//3994 3980//3978
f 3979//3977 3995//3993 3996//3994
f 3979//3977 3978//3976 3995//3993
f 3995//3993 3978//3976 3983//3981
f 3989//3987 3983//3981 3986//3984
f 3988//3986 3989//3987 3986//3984
f 3978//3976 3982//3980 3983//3981
f 3988//3986 3997//3995 3990//3988
f 3990//3988 3997//3995 3998//3996
f 3999//3997 3998//3996 4000//3998
f 4001//3999 4000//3998 4002//4000
f 4003//4001 4002//4000 4004//4002
f 4005//4003 4004//4002 4006//4004
f 4007//4005 4005//4003 4006//4004
f 4007//4005 4008//4006 4005//4003
f 4007//4005 4009//4007 4008//4006
f 4008//4006 4009//4007 4010//4008
f 3990//3988 3998//3996 3999//3997
f 3992//3990 3999//3997 4011//4009
f 3992//3990 3990//3988 3999//3997
f 3999//3997 4000//3998 4001//3999
f 4011//4009 4001//3999 4012//4010
f 4011//4009 3999//3997 4001//3999
f 4001//3999 4002//4000 4003//4001
f 4012//4010 4001//3999 4003//4001
f 4003//4001 4004//4002 4005//4003
f 3989//3987 3994//3992 3995//3993
f 3983//3981 3989//3987 3995//3993
f 3967//3965 4013//4011 3968//3966
f 3968//3966 4013//4011 3975//3973
f 3974//3972 3968//3966 3975//3973
f 3974//3972 3970//3968 3968//3966
f 3974//3972 3973//3971 3970//3968
f 3970//3968 3973//3971 3971//3969
f 3971//3969 3973//3971 3972//3970
f 3945//3943 3972//3970 3941//3939
f 3945//3943 3971//3969 3972//3970
f 3919//3917 4014//4012 3920//3918
f 3920//3918 4014//4012 4015//4013
f 3921//3919 4015//4013 4016//4014
f 3922//3920 4016//4014 4017//4015
f 3923//3921 4017//4015 4018//4016
f 3924//3922 4018//4016 4019//4017
f 3925//3923 4019//4017 4020//4018
f 2575//2573 4020//4018 2573//2571
f 2575//2573 3925//3923 4020//4018
f 2575//2573 2578//2576 3925//3923
f 4014//4012 4021//4019 4015//4013
f 4015//4013 4021//4019 4022//4020
f 4023//4021 4022//4020 4024//4022
f 4025//4023 4024//4022 4026//4024
f 4027//4025 4025//4023 4026//4024
f 4027//4025 4028//4026 4025//4023
f 4027//4025 4029//4027 4028//4026
f 4028//4026 4029//4027 4030//4028
f 4031//4029 4030//4028 4032//4030
f 4033//4031 4032//4030 4034//4032
f 4035//4033 4034//4032 4036//4034
f 4037//4035 4036//4034 4038//4036
f 4039//4037 4038//4036 4040//4038
f 2565//2563 4040//4038 2562//2560
f 2565//2563 4039//4037 4040//4038
f 2565//2563 2567//2565 4039//4037
f 4039//4037 2567//2565 4041//4039
f 4037//4035 4041//4039 4042//4040
f 4035//4033 4042//4040 4043//4041
f 4033//4031 4043//4041 4044//4042
f 4031//4029 4044//4042 4045//4043
f 4028//4026 4045//4043 4025//4023
f 4028//4026 4031//4029 4045//4043
f 4028//4026 4030//4028 4031//4029
f 4015//4013 4022//4020 4023//4021
f 4016//4014 4023//4021 4046//4044
f 4017//4015 4046//4044 4047//4045
f 4018//4016 4047//4045 4048//4046
f 4019//4017 4048//4046 4049//4047
f 4020//4018 4049//4047 4050//4048
f 2573//2571 4050//4048 2570//2568
f 2573//2571 4020//4018 4050//4048
f 4023//4021 4024//4022 4025//4023
f 4046//4044 4025//4023 4045//4043
f 4047//4045 4045//4043 4044//4042
f 4048//4046 4044//4042 4043//4041
f 4049//4047 4043//4041 4042//4040
f 4050//4048 4042//4040 4041//4039
f 2570//2568 4041//4039 2567//2565
f 2570//2568 4050//4048 4041//4039
f 4029//4027 4051//4049 4030//4028
f 4030//4028 4051//4049 4052//4050
f 4032//4030 4052//4050 4053//4051
f 4034//4032 4053//4051 4054//4052
f 4036//4034 4054//4052 4055//4053
f 4038//4036 4055//4053 4056//4054
f 4040//4038 4056//4054 4057//4055
f 2560//2558 4057//4055 2557//2555
f 2560//2558 4040//4038 4057//4055
f 2560//2558 2562//2560 4040//4038
f 4051//4049 4058//4056 4052//4050
f 4052//4050 4058//4056 4059//4057
f 4060//4058 4059//4057 4061//4059
f 4062//4060 4061//4059 4063//4061
f 4064//4062 4063//4061 4065//4063
f 4066//4064 4064//4062 4065//4063
f 4066//4064 4067//4065 4064//4062
f 4066//4064 4068//4066 4067//4065
f 4067//4065 4068//4066 4069//4067
f 4070//4068 4069//4067 4071//4069
f 4072//4070 4071//4069 4073//4071
f 4074//4072 4073//4071 4075//4073
f 4076//4074 4075//4073 4077//4075
f 4078//4076 4077//4075 4079//4077
f 2547//2545 4079//4077 2544//2542
f 2547//2545 4078//4076 4079//4077
f 2547//2545 2549//2547 4078//4076
f 4078//4076 2549//2547 4080//4078
f 4076//4074 4080//4078 4081//4079
f 4074//4072 4081//4079 4082//4080
f 4072//4070 4082//4080 4083//4081
f 4070//4068 4083//4081 4084//4082
f 4067//4065 4084//4082 4064//4062
f 4067//4065 4070//4068 4084//4082
f 4067//4065 4069//4067 4070//4068
f 4052//4050 4059//4057 4060//4058
f 4053//4051 4060//4058 4085//4083
f 4054//4052 4085//4083 4086//4084
f 4055//4053 4086//4084 4087//4085
f 4056//4054 4087//4085 4088//4086
f 4057//4055 4088//4086 4089//4087
f 2557//2555 4089//4087 2554//2552
f 2557//2555 4057//4055 4089//4087
f 4060//4058 4061//4059 4062//4060
f 4085//4083 4062//4060 4090//4088
f 4086//4084 4090//4088 4091//4089
f 4087//4085 4091//4089 4092//4090
f 4088//4086 4092//4090 4093//4091
f 4089//4087 4093//4091 4094//4092
f 2554//2552 4094//4092 2552//2550
f 2554//2552 4089//4087 4094//4092
f 4062//4060 4063//4061 4064//4062
f 4090//4088 4064//4062 4084//4082
f 4091//4089 4084//4082 4083//4081
f 4092//4090 4083//4081 4082//4080
f 4093//4091 4082//4080 4081//4079
f 4094//4092 4081//4079 4080//4078
f 2552//2550 4080//4078 2549//2547
f 2552//2550 4094//4092 4080//4078
f 4068//4066 4095//4093 4069//4067
f 4069//4067 4095//4093 4096//4094
f 4071//4069 4096//4094 4097//4095
f 4073//4071 4097//4095 4098//4096
f 4075//4073 4098//4096 4099//4097
f 4077//4075 4099//4097 4100//4098
f 4079//4077 4100//4098 4101//4099
f 2541//2539 4101//4099 2539//2537
f 2541//2539 4079//4077 4101//4099
f 2541//2539 2544//2542 4079//4077
f 4095//4093 4102//4100 4096//4094
f 4096//4094 4102//4100 4103//4101
f 4104//4102 4103//4101 4105//4103
f 4106//4104 4105//4103 4107//4105
f 4108//4106 4106//4104 4107//4105
f 4108//4106 4109//4107 4106//4104
f 4108//4106 4110//4108 4109//4107
f 4109//4107 4110//4108 4111//4109
f 4112//4110 4111//4109 4113//4111
f 4114//4112 4113//4111 4115//4113
f 4116//4114 4115//4113 4117//4115
f 4118//4116 4117//4115 4119//4117
f 4120//4118 4119//4117 4121//4119
f 2531//2529 4121//4119 2526//2524
f 2531//2529 4120//4118 4121//4119
f 2531//2529 2533//2531 4120//4118
f 4120//4118 2533//2531 4122//4120
f 4118//4116 4122//4120 4123//4121
f 4116//4114 4123//4121 4124//4122
f 4114//4112 4124//4122 4125//4123
f 4112//4110 4125//4123 4126//4124
f 4109//4107 4126//4124 4106//4104
f 4109//4107 4112//4110 4126//4124
f 4109//4107 4111//4109 4112//4110
f 4096//4094 4103//4101 4104//4102
f 4097//4095 4104//4102 4127//4125
f 4098//4096 4127//4125 4128//4126
f 4099//4097 4128//4126 4129//4127
f 4100//4098 4129//4127 4130//4128
f 4101//4099 4130//4128 4131//4129
f 2539//2537 4131//4129 2536//2534
f 2539//2537 4101//4099 4131//4129
f 4104//4102 4105//4103 4106//4104
f 4127//4125 4106//4104 4126//4124
f 4128//4126 4126//4124 4125//4123
f 4129//4127 4125//4123 4124//4122
f 4130//4128 4124//4122 4123//4121
f 4131//4129 4123//4121 4122//4120
f 2536//2534 4122//4120 2533//2531
f 2536//2534 4131//4129 4122//4120
f 4110//4108 4132//4130 4111//4109
f 4111//4109 4132//4130 4133//4131
f 4113//4111 4133//4131 4134//4132
f 4115//4113 4134//4132 4135//4133
f 4117//4115 4135//4133 4136//4134
f 4119//4117 4136//4134 4137//4135
f 4121//4119 4137//4135 4138//4136
f 2527//2525 4138//4136 2528//2526
f 2527//2525 4121//4119 4138//4136
f 2527//2525 2526//2524 4121//4119
f 4132//4130 4139//4137 4133//4131
f 4133//4131 4139//4137 4140//4138
f 4141//4139 4140//4138 4142//4140
f 4143//4141 4142//4140 4144//4142
f 4145//4143 4144//4142 4146//4144
f 4147//4145 4145//4143 4146//4144
f 4147//4145 4148//4146 4145//4143
f 4147//4145 4149//4147 4148//4146
f 4148//4146 4149//4147 4150//4148
f 4151//4149 4150//4148 4152//4150
f 4153//4151 4152//4150 4154//4152
f 4155//4153 4154//4152 4156//4154
f 4157//4155 4156//4154 4158//4156
f 4159//4157 4158//4156 4160//4158
f 2584//2582 4160//4158 2585//2583
f 2584//2582 4159//4157 4160//4158
f 2584//2582 2583//2581 4159//4157
f 4159//4157 2583//2581 2582//2580
f 4161//4159 2582//2580 2581//2579
f 4162//4160 2581//2579 2529//2527
f 4163//4161 2529//2527 2528//2526
f 4138//4136 4163//4161 2528//2526
f 4138//4136 4164//4162 4163//4161
f 4138//4136 4137//4135 4164//4162
f 4164//4162 4137//4135 4165//4163
f 4166//4164 4165//4163 4167//4165
f 4168//4166 4167//4165 4169//4167
f 4151//4149 4169//4167 4148//4146
f 4150//4148 4151//4149 4148//4146
f 4133//4131 4140//4138 4141//4139
f 4134//4132 4141//4139 4170//4168
f 4135//4133 4170//4168 4171//4169
f 4136//4134 4171//4169 4165//4163
f 4137//4135 4136//4134 4165//4163
f 4141//4139 4142//4140 4143//4141
f 4170//4168 4143//4141 4172//4170
f 4171//4169 4172//4170 4167//4165
f 4165//4163 4171//4169 4167//4165
f 4143//4141 4144//4142 4145//4143
f 4172//4170 4145//4143 4169//4167
f 4167//4165 4172//4170 4169//4167
f 4149//4147 4173//4171 4150//4148
f 4150//4148 4173//4171 4174//4172
f 4152//4150 4174//4172 4175//4173
f 4154//4152 4175//4173 4176//4174
f 4156//4154 4176//4174 4177//4175
f 4158//4156 4177//4175 4178//4176
f 4160//4158 4178//4176 4179//4177
f 2585//2583 4179//4177 2586//2584
f 2585//2583 4160//4158 4179//4177
f 4173//4171 4180//4178 4174//4172
f 4174//4172 4180//4178 4181//4179
f 4182//4180 4181//4179 4183//4181
f 4184//4182 4183//4181 4185//4183
f 4186//4184 4184//4182 4185//4183
f 4186//4184 4187//4185 4184//4182
f 4186//4184 4188//4186 4187//4185
f 4187//4185 4188//4186 4189//4187
f 4190//4188 4189//4187 4191//4189
f 4192//4190 4191//4189 4193//4191
f 4194//4192 4193//4191 4195//4193
f 4196//4194 4195//4193 4197//4195
f 4198//4196 4196//4194 4197//4195
f 4198//4196 4199//4197 4196//4194
f 4198//4196 2588//2586 4199//4197
f 4198//4196 2589//2587 2588//2586
f 4174//4172 4181//4179 4182//4180
f 4175//4173 4182//4180 4200//4198
f 4176//4174 4200//4198 4201//4199
f 4177//4175 4201//4199 4202//4200
f 4178//4176 4202//4200 4203//4201
f 4179//4177 4203//4201 4204//4202
f 2586//2584 4204//4202 2587//2585
f 2586//2584 4179//4177 4204//4202
f 4182//4180 4183//4181 4184//4182
f 4200//4198 4184//4182 4205//4203
f 4201//4199 4205//4203 4206//4204
f 4202//4200 4206//4204 4207//4205
f 4203//4201 4207//4205 4208//4206
f 4204//4202 4208//4206 4199//4197
f 2587//2585 4199//4197 2588//2586
f 2587//2585 4204//4202 4199//4197
f 4188//4186 4209//4207 4189//4187
f 4189//4187 4209//4207 4210//4208
f 4191//4189 4210//4208 4211//4209
f 4193//4191 4211//4209 4212//4210
f 4195//4193 4212//4210 4213//4211
f 4197//4195 4195//4193 4213//4211
f 4209//4207 4214//4212 4210//4208
f 4210//4208 4214//4212 4215//4213
f 4216//4214 4215//4213 4217//4215
f 4218//4216 4217//4215 4219//4217
f 4220//4218 4219//4217 4221//4219
f 4220//4218 4218//4216 4219//4217
f 4220//4218 4222//4220 4218//4216
f 4218//4216 4222//4220 4223//4221
f 4216//4214 4223//4221 4211//4209
f 4210//4208 4216//4214 4211//4209
f 4210//4208 4215//4213 4216//4214
f 4216//4214 4217//4215 4218//4216
f 4223//4221 4216//4214 4218//4216
f 4222//4220 4224//4222 4223//4221
f 4223//4221 4224//4222 4212//4210
f 4211//4209 4223//4221 4212//4210
f 4224//4222 4213//4211 4212//4210
f 4159//4157 2582//2580 4161//4159
f 4157//4155 4161//4159 4225//4223
f 4155//4153 4225//4223 4226//4224
f 4153//4151 4226//4224 4168//4166
f 4151//4149 4168//4166 4169//4167
f 4151//4149 4153//4151 4168//4166
f 4151//4149 4152//4150 4153//4151
f 4161//4159 2581//2579 4162//4160
f 4225//4223 4162//4160 4227//4225
f 4226//4224 4227//4225 4166//4164
f 4168//4166 4166//4164 4167//4165
f 4168//4166 4226//4224 4166//4164
f 4162//4160 2529//2527 4163//4161
f 4227//4225 4163//4161 4164//4162
f 4166//4164 4164//4162 4165//4163
f 4166//4164 4227//4225 4164//4162
f 4033//4031 4044//4042 4031//4029
f 4032//4030 4033//4031 4031//4029
f 4052//4050 4032//4030 4030//4028
f 4044//4042 4048//4046 4047//4045
f 4048//4046 4019//4017 4018//4016
f 4049//4047 4048//4046 4043//4041
f 4019//4017 3925//3923 3924//3922
f 4020//4018 4019//4017 4049//4047
f 3907//3905 3924//3922 3904//3902
f 3906//3904 3907//3905 3904//3902
f 3923//3921 4018//4016 3924//3922
f 4017//4015 4047//4045 4018//4016
f 4046//4044 4045//4043 4047//4045
f 3909//3907 3923//3921 3907//3905
f 3908//3906 3909//3907 3907//3905
f 3922//3920 4017//4015 3923//3921
f 4016//4014 4046//4044 4017//4015
f 4023//4021 4025//4023 4046//4044
f 3911//3909 3922//3920 3909//3907
f 3910//3908 3911//3909 3909//3907
f 3930//3928 3910//3908 3908//3906
f 3921//3919 4016//4014 3922//3920
f 4015//4013 4023//4021 4016//4014
f 3939//3937 3931//3929 3930//3928
f 3913//3911 3921//3919 3911//3909
f 3912//3910 3913//3911 3911//3909
f 3931//3929 3912//3910 3910//3908
f 3920//3918 4015//4013 3921//3919
f 3940//3938 3941//3939 3939//3937
f 3941//3939 3932//3930 3931//3929
f 3915//3913 3920//3918 3913//3911
f 3914//3912 3915//3913 3913//3911
f 3932//3930 3914//3912 3912//3910
f 3933//3931 3932//3930 3972//3970
f 3916//3914 3914//3912 3933//3931
f 3934//3932 3933//3931 3973//3971
f 3951//3949 3971//3969 3948//3946
f 3969//3967 3970//3968 3951//3949
f 3955//3953 3969//3967 3951//3949
f 3960//3958 3961//3959 3958//3956
f 3958//3956 3961//3959 3955//3953
f 3977//3975 3962//3960 3960//3958
f 3978//3976 3964//3962 3962//3960
f 4060//4058 4053//4051 4052//4050
f 4035//4033 4043//4041 4033//4031
f 4034//4032 4035//4033 4033//4031
f 4053//4051 4034//4032 4032//4030
f 4050//4048 4049//4047 4042//4040
f 4062//4060 4085//4083 4060//4058
f 4085//4083 4054//4052 4053//4051
f 4037//4035 4042//4040 4035//4033
f 4036//4034 4037//4035 4035//4033
f 4054//4052 4036//4034 4034//4032
f 4064//4062 4090//4088 4062//4060
f 4090//4088 4086//4084 4085//4083
f 4086//4084 4055//4053 4054//4052
f 4039//4037 4041//4039 4037//4035
f 4038//4036 4039//4037 4037//4035
f 4055//4053 4038//4036 4036//4034
f 4091//4089 4090//4088 4084//4082
f 4087//4085 4086//4084 4091//4089
f 4056//4054 4055//4053 4087//4085
f 4040//4038 4038//4036 4056//4054
f 4092//4090 4091//4089 4083//4081
f 4088//4086 4087//4085 4092//4090
f 4057//4055 4056//4054 4088//4086
f 4072//4070 4083//4081 4070//4068
f 4071//4069 4072//4070 4070//4068
f 4096//4094 4071//4069 4069//4067
f 4093//4091 4092//4090 4082//4080
f 4089//4087 4088//4086 4093//4091
f 4104//4102 4097//4095 4096//4094
f 4074//4072 4082//4080 4072//4070
f 4073//4071 4074//4072 4072//4070
f 4097//4095 4073//4071 4071//4069
f 4094//4092 4093//4091 4081//4079
f 4106//4104 4127//4125 4104//4102
f 4127//4125 4098//4096 4097//4095
f 4076//4074 4081//4079 4074//4072
f 4075//4073 4076//4074 4074//4072
f 4098//4096 4075//4073 4073//4071
f 4128//4126 4127//4125 4126//4124
f 4099//4097 4098//4096 4128//4126
f 4077//4075 4075//4073 4099//4097
f 4078//4076 4080//4078 4076//4074
f 4077//4075 4078//4076 4076//4074
f 4129//4127 4128//4126 4125//4123
f 4100//4098 4099//4097 4129//4127
f 4079//4077 4077//4075 4100//4098
f 4114//4112 4125//4123 4112//4110
f 4113//4111 4114//4112 4112//4110
f 4133//4131 4113//4111 4111//4109
f 4130//4128 4129//4127 4124//4122
f 4101//4099 4100//4098 4130//4128
f 4141//4139 4134//4132 4133//4131
f 4116//4114 4124//4122 4114//4112
f 4115//4113 4116//4114 4114//4112
f 4134//4132 4115//4113 4113//4111
f 4131//4129 4130//4128 4123//4121
f 4143//4141 4170//4168 4141//4139
f 4170//4168 4135//4133 4134//4132
f 4118//4116 4123//4121 4116//4114
f 4117//4115 4118//4116 4116//4114
f 4135//4133 4117//4115 4115//4113
f 4145//4143 4172//4170 4143//4141
f 4172//4170 4171//4169 4170//4168
f 4171//4169 4136//4134 4135//4133
f 4120//4118 4122//4120 4118//4116
f 4119//4117 4120//4118 4118//4116
f 4136//4134 4119//4117 4117//4115
f 4148//4146 4169//4167 4145//4143
f 4121//4119 4119//4117 4137//4135
f 4174//4172 4152//4150 4150//4148
f 4182//4180 4175//4173 4174//4172
f 4155//4153 4226//4224 4153//4151
f 4154//4152 4155//4153 4153//4151
f 4175//4173 4154//4152 4152//4150
f 4225//4223 4227//4225 4226//4224
f 4162//4160 4163//4161 4227//4225
f 4184//4182 4200//4198 4182//4180
f 4200//4198 4176//4174 4175//4173
f 4157//4155 4225//4223 4155//4153
f 4156//4154 4157//4155 4155//4153
f 4176//4174 4156//4154 4154//4152
f 4161//4159 4162//4160 4225//4223
f 4205//4203 4201//4199 4200//4198
f 4201//4199 4177//4175 4176//4174
f 4159//4157 4161//4159 4157//4155
f 4158//4156 4159//4157 4157//4155
f 4177//4175 4158//4156 4156//4154
f 4184//4182 4187//4185 4205//4203
f 4205//4203 4187//4185 4190//4188
f 4206//4204 4190//4188 4192//4190
f 4207//4205 4192//4190 4194//4192
f 4208//4206 4194//4192 4196//4194
f 4199//4197 4208//4206 4196//4194
f 4189//4187 4190//4188 4187//4185
f 4190//4188 4206//4204 4205//4203
f 4206//4204 4202//4200 4201//4199
f 4202//4200 4178//4176 4177//4175
f 4178//4176 4160//4158 4158//4156
f 4210//4208 4191//4189 4189//4187
f 4191//4189 4192//4190 4190//4188
f 4192//4190 4207//4205 4206//4204
f 4207//4205 4203//4201 4202//4200
f 4203//4201 4179//4177 4178//4176
f 4193//4191 4191//4189 4211//4209
f 4194//4192 4192//4190 4193//4191
f 4208//4206 4207//4205 4194//4192
f 4204//4202 4203//4201 4208//4206
f 4195//4193 4193//4191 4212//4210
f 4196//4194 4194//4192 4195//4193
f 4008//4006 4010//4008 4228//4226
f 4229//4227 4008//4006 4228//4226
f 4229//4227 4005//4003 4008//4006
f 4229//4227 4230//4228 4005//4003
f 4005//4003 4230//4228 4003//4001
f 4003//4001 4230//4228 4012//4010
f 4012//4010 4230//4228 4231//4229
f 4011//4009 4231//4229 4232//4230
f 3992//3990 4232//4230 4233//4231
f 3991//3989 4233//4231 3993//3991
f 3991//3989 3992//3990 4233//4231
f 4234//4232 4235//4233 4236//4234
f 4234//4232 4237//4235 4235//4233
f 4234//4232 4238//4236 4237//4235
f 4237//4235 4238//4236 4239//4237
f 4240//4238 4239//4237 4241//4239
f 4242//4240 4240//4238 4241//4239
f 4242//4240 4243//4241 4240//4238
f 4242//4240 4244//4242 4243//4241
f 4243//4241 4244//4242 4245//4243
f 4246//4244 4245//4243 4247//4245
f 4248//4246 4246//4244 4247//4245
f 4248//4246 4249//4247 4246//4244
f 4248//4246 4250//4248 4249//4247
f 4249//4247 4250//4248 4251//4249
f 4252//4250 4251//4249 4253//4251
f 4254//4252 4252//4250 4253//4251
f 4254//4252 4255//4253 4252//4250
f 4254//4252 4256//4254 4255//4253
f 4255//4253 4256//4254 4257//4255
f 4258//4256 4257//4255 4259//4257
f 4260//4258 4258//4256 4259//4257
f 4260//4258 4261//4259 4258//4256
f 4260//4258 4262//4260 4261//4259
f 4261//4259 4262//4260 4263//4261
f 4263//4261 4262//4260 4264//4262
f 4265//4263 4263//4261 4264//4262
f 4265//4263 4266//4264 4263//4261
f 4265//4263 4267//4265 4266//4264
f 4266//4264 4267//4265 4268//4266
f 4269//4267 4268//4266 4270//4268
f 4271//4269 4269//4267 4270//4268
f 4271//4269 4272//4270 4269//4267
f 4271//4269 4273//4271 4272//4270
f 4272//4270 4273//4271 4274//4272
f 4275//4273 4274//4272 4276//4274
f 4277//4275 4275//4273 4276//4274
f 4277//4275 4278//4276 4275//4273
f 4277//4275 4279//4277 4278//4276
f 4278//4276 4279//4277 4280//4278
f 4281//4279 4278//4276 4280//4278
f 4237//4235 4239//4237 4240//4238
f 4243//4241 4245//4243 4246//4244
f 4249//4247 4251//4249 4252//4250
f 4255//4253 4257//4255 4258//4256
f 4266//4264 4268//4266 4269//4267
f 4272//4270 4274//4272 4275//4273
f 4235//4233 4228//4226 4236//4234
f 4236//4234 4228//4226 4010//4008
f 4012//4010 4231//4229 4011//4009
f 4011//4009 4232//4230 3992//3990
f 4233//4231 4282//4280 3993//3991
f 3993//3991 4282//4280 3994//3992
f 3994//3992 4282//4280 4283//4281
f 3996//3994 4283//4281 4284//4282
f 3980//3978 4284//4282 3966//3964
f 3980//3978 3996//3994 4284//4282
f 3994//3992 4283//4281 3996//3994
f 4284//4282 4285//4283 3966//3964
f 3966//3964 4285//4283 3965//3963
f 3965//3963 4285//4283 4286//4284
f 3967//3965 4286//4284 4287//4285
f 4013//4011 4287//4285 3975//3973
f 4013//4011 3967//3965 4287//4285
f 3965//3963 4286//4284 3967//3965
f 4287//4285 4288//4286 3975//3973
f 3975//3973 4288//4286 3936//3934
f 3936//3934 4288//4286 4289//4287
f 3935//3933 4289//4287 3918//3916
f 3935//3933 3936//3934 4289//4287
f 4289//4287 4290//4288 3918//3916
f 3918//3916 4290//4288 3917//3915
f 3917//3915 4290//4288 4291//4289
f 3919//3917 4291//4289 4292//4290
f 4014//4012 4292//4290 4021//4019
f 4014//4012 3919//3917 4292//4290
f 3917//3915 4291//4289 3919//3917
f 4292//4290 4293//4291 4021//4019
f 4021//4019 4293//4291 4022//4020
f 4022//4020 4293//4291 4294//4292
f 4024//4022 4294//4292 4295//4293
f 4026//4024 4295//4293 4027//4025
f 4026//4024 4024//4022 4295//4293
f 4022//4020 4294//4292 4024//4022
f 4295//4293 4296//4294 4027//4025
f 4027//4025 4296//4294 4029//4027
f 4029//4027 4296//4294 4297//4295
f 4051//4049 4297//4295 4298//4296
f 4058//4056 4298//4296 4059//4057
f 4058//4056 4051//4049 4298//4296
f 4029//4027 4297//4295 4051//4049
f 4298//4296 4299//4297 4059//4057
f 4059//4057 4299//4297 4061//4059
f 4061//4059 4299//4297 4300//4298
f 4063//4061 4300//4298 4301//4299
f 4065//4063 4301//4299 4066//4064
f 4065//4063 4063//4061 4301//4299
f 4061//4059 4300//4298 4063//4061
f 4301//4299 4302//4300 4066//4064
f 4066//4064 4302//4300 4068//4066
f 4068//4066 4302//4300 4303//4301
f 4095//4093 4303//4301 4102//4100
f 4095//4093 4068//4066 4303//4301
f 4303//4301 4304//4302 4102//4100
f 4102//4100 4304//4302 4103//4101
f 4103//4101 4304//4302 4305//4303
f 4105//4103 4305//4303 4306//4304
f 4107//4105 4306//4304 4108//4106
f 4107//4105 4105//4103 4306//4304
f 4103//4101 4305//4303 4105//4103
f 4306//4304 4307//4305 4108//4106
f 4108//4106 4307//4305 4110//4108
f 4110//4108 4307//4305 4308//4306
f 4132//4130 4308//4306 4309//4307
f 4139//4137 4309//4307 4140//4138
f 4139//4137 4132//4130 4309//4307
f 4110//4108 4308//4306 4132//4130
f 4309//4307 4310//4308 4140//4138
f 4140//4138 4310//4308 4142//4140
f 4142//4140 4310//4308 4311//4309
f 4144//4142 4311//4309 4312//4310
f 4146//4144 4312//4310 4147//4145
f 4146//4144 4144//4142 4312//4310
f 4142//4140 4311//4309 4144//4142
f 4312//4310 4313//4311 4147//4145
f 4147//4145 4313//4311 4149//4147
f 4149//4147 4313//4311 4314//4312
f 4173//4171 4314//4312 4315//4313
f 4180//4178 4315//4313 4181//4179
f 4180//4178 4173//4171 4315//4313
f 4149//4147 4314//4312 4173//4171
f 4315//4313 4316//4314 4181//4179
f 4181//4179 4316//4314 4183//4181
f 4183//4181 4316//4314 4317//4315
f 4185//4183 4317//4315 4186//4184
f 4185//4183 4183//4181 4317//4315
f 4317//4315 4318//4316 4186//4184
f 4186//4184 4318//4316 4188//4186
f 4188//4186 4318//4316 4319//4317
f 4209//4207 4319//4317 4320//4318
f 4214//4212 4320//4318 4215//4213
f 4214//4212 4209//4207 4320//4318
f 4188//4186 4319//4317 4209//4207
f 4320//4318 4321//4319 4215//4213
f 4215//4213 4321//4319 4217//4215
f 4217//4215 4321//4319 4322//4320
f 4219//4217 4322//4320 4323//4321
f 4221//4219 4219//4217 4323//4321
f 4217//4215 4322//4320 4219//4217
f 4324//4322 4325//4323 4281//4279
f 4324//4322 4326//4324 4325//4323
f 4324//4322 4327//4325 4326//4324
f 4326//4324 4327//4325 4328//4326
f 4329//4327 4328//4326 4330//4328
f 4331//4329 4330//4328 4332//4330
f 4333//4331 4332//4330 4334//4332
f 4333//4331 4331//4329 4332//4330
f 4333//4331 4335//4333 4331//4329
f 4331//4329 4335//4333 4336//4334
f 4337//4335 4336//4334 4338//4336
f 4339//4337 4338//4336 4340//4338
f 4341//4339 4339//4337 4340//4338
f 4341//4339 4342//4340 4339//4337
f 4341//4339 4343//4341 4342//4340
f 4342//4340 4343//4341 4344//4342
f 4345//4343 4344//4342 4346//4344
f 4347//4345 4345//4343 4346//4344
f 4347//4345 4348//4346 4345//4343
f 4347//4345 4349//4347 4348//4346
f 4348//4346 4349//4347 4350//4348
f 4351//4349 4350//4348 4352//4350
f 4353//4351 4352//4350 4354//4352
f 4266//4264 4354//4352 4263//4261
f 4266//4264 4353//4351 4354//4352
f 4266//4264 4269//4267 4353//4351
f 4353//4351 4269//4267 4355//4353
f 4351//4349 4355//4353 4356//4354
f 4348//4346 4356//4354 4345//4343
f 4348//4346 4351//4349 4356//4354
f 4348//4346 4350//4348 4351//4349
f 4328//4326 4357//4355 4330//4328
f 4330//4328 4357//4355 4358//4356
f 4332//4330 4358//4356 4359//4357
f 4360//4358 4359//4357 4361//4359
f 4360//4358 4332//4330 4359//4357
f 4360//4358 4334//4332 4332//4330
f 4357//4355 4362//4360 4358//4356
f 4358//4356 4362//4360 4363//4361
f 4364//4362 4363//4361 4365//4363
f 4359//4357 4365//4363 4366//4364
f 4367//4365 4366//4364 4368//4366
f 4369//4367 4368//4366 4370//4368
f 4371//4369 4369//4367 4370//4368
f 4371//4369 4372//4370 4369//4367
f 4371//4369 4373//4371 4372//4370
f 4371//4369 4374//4372 4373//4371
f 4373//4371 4374//4372 4375//4373
f 4372//4370 4373//4371 4375//4373
f 4358//4356 4363//4361 4364//4362
f 4359//4357 4364//4362 4365//4363
f 4359//4357 4358//4356 4364//4362
f 4359//4357 4366//4364 4367//4365
f 4361//4359 4367//4365 4376//4374
f 4361//4359 4359//4357 4367//4365
f 4367//4365 4368//4366 4369//4367
f 4377//4375 4369//4367 4378//4376
f 4377//4375 4367//4365 4369//4367
f 4377//4375 4376//4374 4367//4365
f 4375//4373 4374//4372 4379//4377
f 4379//4377 4374//4372 4380//4378
f 4381//4379 4380//4378 4382//4380
f 4383//4381 4382//4380 4384//4382
f 4385//4383 4384//4382 4386//4384
f 4385//4383 4383//4381 4384//4382
f 4379//4377 4380//4378 4381//4379
f 4381//4379 4382//4380 4383//4381
f 4372//4370 4378//4376 4369//4367
f 4331//4329 4336//4334 4337//4335
f 4329//4327 4337//4335 4387//4385
f 4325//4323 4387//4385 4388//4386
f 4281//4279 4388//4386 4278//4276
f 4281//4279 4325//4323 4388//4386
f 4337//4335 4338//4336 4339//4337
f 4387//4385 4339//4337 4389//4387
f 4388//4386 4389//4387 4390//4388
f 4278//4276 4390//4388 4275//4273
f 4278//4276 4388//4386 4390//4388
f 4342//4340 4344//4342 4345//4343
f 4391//4389 4345//4343 4356//4354
f 4392//4390 4356//4354 4355//4353
f 4272//4270 4355//4353 4269//4267
f 4272//4270 4392//4390 4355//4353
f 4272//4270 4275//4273 4392//4390
f 4392//4390 4275//4273 4390//4388
f 4391//4389 4390//4388 4389//4387
f 4342//4340 4389//4387 4339//4337
f 4342//4340 4391//4389 4389//4387
f 4342//4340 4345//4343 4391//4389
f 4349//4347 4393//4391 4350//4348
f 4350//4348 4393//4391 4394//4392
f 4395//4393 4394//4392 4396//4394
f 4397//4395 4395//4393 4396//4394
f 4397//4395 4398//4396 4395//4393
f 4397//4395 4399//4397 4398//4396
f 4398//4396 4399//4397 4400//4398
f 4401//4399 4400//4398 4402//4400
f 4403//4401 4402//4400 4404//4402
f 4405//4403 4403//4401 4404//4402
f 4405//4403 4406//4404 4403//4401
f 4405//4403 4407//4405 4406//4404
f 4406//4404 4407//4405 4408//4406
f 4409//4407 4408//4406 4410//4408
f 4411//4409 4410//4408 4412//4410
f 4413//4411 4411//4409 4412//4410
f 4413//4411 4414//4412 4411//4409
f 4413//4411 4415//4413 4414//4412
f 4414//4412 4415//4413 4416//4414
f 4417//4415 4416//4414 4418//4416
f 4419//4417 4417//4415 4418//4416
f 4419//4417 4420//4418 4417//4415
f 4419//4417 4421//4419 4420//4418
f 4420//4418 4421//4419 4422//4420
f 4423//4421 4422//4420 4424//4422
f 4425//4423 4424//4422 4426//4424
f 4235//4233 4426//4424 4228//4226
f 4235//4233 4425//4423 4426//4424
f 4235//4233 4237//4235 4425//4423
f 4425//4423 4237//4235 4427//4425
f 4423//4421 4427//4425 4428//4426
f 4420//4418 4428//4426 4417//4415
f 4420//4418 4423//4421 4428//4426
f 4420//4418 4422//4420 4423//4421
f 4350//4348 4394//4392 4395//4393
f 4352//4350 4395//4393 4429//4427
f 4354//4352 4429//4427 4430//4428
f 4263//4261 4430//4428 4261//4259
f 4263//4261 4354//4352 4430//4428
f 4398//4396 4400//4398 4401//4399
f 4431//4429 4401//4399 4432//4430
f 4433//4431 4432//4430 4434//4432
f 4258//4256 4434//4432 4255//4253
f 4258//4256 4433//4431 4434//4432
f 4258//4256 4261//4259 4433//4431
f 4433//4431 4261//4259 4430//4428
f 4431//4429 4430//4428 4429//4427
f 4398//4396 4429//4427 4395//4393
f 4398//4396 4431//4429 4429//4427
f 4398//4396 4401//4399 4431//4429
f 4401//4399 4402//4400 4403//4401
f 4432//4430 4403//4401 4435//4433
f 4434//4432 4435//4433 4436//4434
f 4255//4253 4436//4434 4252//4250
f 4255//4253 4434//4432 4436//4434
f 4406//4404 4408//4406 4409//4407
f 4437//4435 4409//4407 4438//4436
f 4439//4437 4438//4436 4440//4438
f 4249//4247 4440//4438 4246//4244
f 4249//4247 4439//4437 4440//4438
f 4249//4247 4252//4250 4439//4437
f 4439//4437 4252//4250 4436//4434
f 4437//4435 4436//4434 4435//4433
f 4406//4404 4435//4433 4403//4401
f 4406//4404 4437//4435 4435//4433
f 4406//4404 4409//4407 4437//4435
f 4409//4407 4410//4408 4411//4409
f 4438//4436 4411//4409 4441//4439
f 4440//4438 4441//4439 4442//4440
f 4246//4244 4442//4440 4243//4241
f 4246//4244 4440//4438 4442//4440
f 4414//4412 4416//4414 4417//4415
f 4443//4441 4417//4415 4428//4426
f 4444//4442 4428//4426 4427//4425
f 4240//4238 4427//4425 4237//4235
f 4240//4238 4444//4442 4427//4425
f 4240//4238 4243//4241 4444//4442
f 4444//4442 4243//4241 4442//4440
f 4443//4441 4442//4440 4441//4439
f 4414//4412 4441//4439 4411//4409
f 4414//4412 4443//4441 4441//4439
f 4414//4412 4417//4415 4443//4441
f 4421//4419 4445//4443 4422//4420
f 4422//4420 4445//4443 4446//4444
f 4447//4445 4446//4444 4448//4446
f 4449//4447 4447//4445 4448//4446
f 4449//4447 4450//4448 4447//4445
f 4449//4447 4451//4449 4450//4448
f 4450//4448 4451//4449 4452//4450
f 4453//4451 4452//4450 4454//4452
f 4455//4453 4454//4452 4456//4454
f 4457//4455 4455//4453 4456//4454
f 4457//4455 4458//4456 4455//4453
f 4457//4455 4459//4457 4458//4456
f 4458//4456 4459//4457 4460//4458
f 4461//4459 4460//4458 4462//4460
f 4463//4461 4462//4460 4464//4462
f 4465//4463 4463//4461 4464//4462
f 4465//4463 4466//4464 4463//4461
f 4465//4463 4467//4465 4466//4464
f 4466//4464 4467//4465 4468//4466
f 4469//4467 4468//4466 4470//4468
f 4471//4469 4469//4467 4470//4468
f 4471//4469 4472//4470 4469//4467
f 4471//4469 4473//4471 4472//4470
f 4472//4470 4473//4471 4474//4472
f 4475//4473 4474//4472 4476//4474
f 4477//4475 4476//4474 4478//4476
f 4286//4284 4478//4476 4287//4285
f 4286//4284 4477//4475 4478//4476
f 4286//4284 4285//4283 4477//4475
f 4477//4475 4285//4283 4479//4477
f 4475//4473 4479//4477 4480//4478
f 4472//4470 4480//4478 4469//4467
f 4472//4470 4475//4473 4480//4478
f 4472//4470 4474//4472 4475//4473
f 4422//4420 4446//4444 4447//4445
f 4424//4422 4447//4445 4481//4479
f 4426//4424 4481//4479 4482//4480
f 4228//4226 4482//4480 4229//4227
f 4228//4226 4426//4424 4482//4480
f 4450//4448 4452//4450 4453//4451
f 4483//4481 4453//4451 4484//4482
f 4485//4483 4484//4482 4486//4484
f 4230//4228 4486//4484 4231//4229
f 4230//4228 4485//4483 4486//4484
f 4230//4228 4229//4227 4485//4483
f 4485//4483 4229//4227 4482//4480
f 4483//4481 4482//4480 4481//4479
f 4450//4448 4481//4479 4447//4445
f 4450//4448 4483//4481 4481//4479
f 4450//4448 4453//4451 4483//4481
f 4453//4451 4454//4452 4455//4453
f 4484//4482 4455//4453 4487//4485
f 4486//4484 4487//4485 4488//4486
f 4231//4229 4488//4486 4232//4230
f 4231//4229 4486//4484 4488//4486
f 4458//4456 4460//4458 4461//4459
f 4489//4487 4461//4459 4490//4488
f 4491//4489 4490//4488 4492//4490
f 4233//4231 4492//4490 4282//4280
f 4233//4231 4491//4489 4492//4490
f 4233//4231 4232//4230 4491//4489
f 4491//4489 4232//4230 4488//4486
f 4489//4487 4488//4486 4487//4485
f 4458//4456 4487//4485 4455//4453
f 4458//4456 4489//4487 4487//4485
f 4458//4456 4461//4459 4489//4487
f 4461//4459 4462//4460 4463//4461
f 4490//4488 4463//4461 4493//4491
f 4492//4490 4493//4491 4494//4492
f 4282//4280 4494//4492 4283//4281
f 4282//4280 4492//4490 4494//4492
f 4466//4464 4468//4466 4469//4467
f 4495//4493 4469//4467 4480//4478
f 4496//4494 4480//4478 4479//4477
f 4284//4282 4479//4477 4285//4283
f 4284//4282 4496//4494 4479//4477
f 4284//4282 4283//4281 4496//4494
f 4496//4494 4283//4281 4494//4492
f 4495//4493 4494//4492 4493//4491
f 4466//4464 4493//4491 4463//4461
f 4466//4464 4495//4493 4493//4491
f 4466//4464 4469//4467 4495//4493
f 4473//4471 4497//4495 4474//4472
f 4474//4472 4497//4495 4498//4496
f 4499//4497 4498//4496 4500//4498
f 4501//4499 4499//4497 4500//4498
f 4501//4499 4502//4500 4499//4497
f 4501//4499 4503//4501 4502//4500
f 4502//4500 4503//4501 4504//4502
f 4505//4503 4504//4502 4506//4504
f 4507//4505 4506//4504 4508//4506
f 4509//4507 4507//4505 4508//4506
f 4509//4507 4510//4508 4507//4505
f 4509//4507 4511//4509 4510//4508
f 4510//4508 4511//4509 4512//4510
f 4513//4511 4512//4510 4514//4512
f 4515//4513 4513//4511 4514//4512
f 4515//4513 4516//4514 4513//4511
f 4515//4513 4517//4515 4516//4514
f 4516//4514 4517//4515 4518//4516
f 4519//4517 4518//4516 4520//4518
f 4521//4519 4520//4518 4522//4520
f 4294//4292 4522//4520 4295//4293
f 4294//4292 4521//4519 4522//4520
f 4294//4292 4293//4291 4521//4519
f 4521//4519 4293//4291 4523//4521
f 4519//4517 4523//4521 4524//4522
f 4516//4514 4524//4522 4513//4511
f 4516//4514 4519//4517 4524//4522
f 4516//4514 4518//4516 4519//4517
f 4474//4472 4498//4496 4499//4497
f 4476//4474 4499//4497 4525//4523
f 4478//4476 4525//4523 4526//4524
f 4287//4285 4526//4524 4288//4286
f 4287//4285 4478//4476 4526//4524
f 4502//4500 4504//4502 4505//4503
f 4527//4525 4505//4503 4528//4526
f 4529//4527 4528//4526 4530//4528
f 4289//4287 4530//4528 4290//4288
f 4289//4287 4529//4527 4530//4528
f 4289//4287 4288//4286 4529//4527
f 4529//4527 4288//4286 4526//4524
f 4527//4525 4526//4524 4525//4523
f 4502//4500 4525//4523 4499//4497
f 4502//4500 4527//4525 4525//4523
f 4502//4500 4505//4503 4527//4525
f 4505//4503 4506//4504 4507//4505
f 4528//4526 4507//4505 4531//4529
f 4530//4528 4531//4529 4532//4530
f 4290//4288 4532//4530 4291//4289
f 4290//4288 4530//4528 4532//4530
f 4510//4508 4512//4510 4513//4511
f 4533//4531 4513//4511 4524//4522
f 4534//4532 4524//4522 4523//4521
f 4292//4290 4523//4521 4293//4291
f 4292//4290 4534//4532 4523//4521
f 4292//4290 4291//4289 4534//4532
f 4534//4532 4291//4289 4532//4530
f 4533//4531 4532//4530 4531//4529
f 4510//4508 4531//4529 4507//4505
f 4510//4508 4533//4531 4531//4529
f 4510//4508 4513//4511 4533//4531
f 4517//4515 4535//4533 4518//4516
f 4518//4516 4535//4533 4536//4534
f 4537//4535 4536//4534 4538//4536
f 4539//4537 4537//4535 4538//4536
f 4539//4537 4540//4538 4537//4535
f 4539//4537 4541//4539 4540//4538
f 4540//4538 4541//4539 4542//4540
f 4543//4541 4542//4540 4544//4542
f 4545//4543 4544//4542 4546//4544
f 4297//4295 4546//4544 4298//4296
f 4297//4295 4545//4543 4546//4544
f 4297//4295 4296//4294 4545//4543
f 4545//4543 4296//4294 4547//4545
f 4543//4541 4547//4545 4548//4546
f 4540//4538 4548//4546 4537//4535
f 4540//4538 4543//4541 4548//4546
f 4540//4538 4542//4540 4543//4541
f 4518//4516 4536//4534 4537//4535
f 4520//4518 4537//4535 4548//4546
f 4522//4520 4548//4546 4547//4545
f 4295//4293 4547//4545 4296//4294
f 4295//4293 4522//4520 4547//4545
f 4541//4539 4549//4547 4542//4540
f 4542//4540 4549//4547 4550//4548
f 4551//4549 4550//4548 4552//4550
f 4553//4551 4551//4549 4552//4550
f 4553//4551 4554//4552 4551//4549
f 4553//4551 4555//4553 4554//4552
f 4554//4552 4555//4553 4556//4554
f 4557//4555 4556//4554 4558//4556
f 4559//4557 4558//4556 4560//4558
f 4561//4559 4559//4557 4560//4558
f 4561//4559 4562//4560 4559//4557
f 4561//4559 4563//4561 4562//4560
f 4562//4560 4563//4561 4564//4562
f 4565//4563 4564//4562 4566//4564
f 4567//4565 4565//4563 4566//4564
f 4567//4565 4568//4566 4565//4563
f 4567//4565 4569//4567 4568//4566
f 4568//4566 4569//4567 4570//4568
f 4571//4569 4570//4568 4572//4570
f 4573//4571 4572//4570 4574//4572
f 4305//4303 4574//4572 4306//4304
f 4305//4303 4573//4571 4574//4572
f 4305//4303 4304//4302 4573//4571
f 4573//4571 4304//4302 4575//4573
f 4571//4569 4575//4573 4576//4574
f 4568//4566 4576//4574 4565//4563
f 4568//4566 4571//4569 4576//4574
f 4568//4566 4570//4568 4571//4569
f 4542//4540 4550//4548 4551//4549
f 4544//4542 4551//4549 4577//4575
f 4546//4544 4577//4575 4578//4576
f 4298//4296 4578//4576 4299//4297
f 4298//4296 4546//4544 4578//4576
f 4554//4552 4556//4554 4557//4555
f 4579//4577 4557//4555 4580//4578
f 4581//4579 4580//4578 4582//4580
f 4300//4298 4582//4580 4301//4299
f 4300//4298 4581//4579 4582//4580
f 4300//4298 4299//4297 4581//4579
f 4581//4579 4299//4297 4578//4576
f 4579//4577 4578//4576 4577//4575
f 4554//4552 4577//4575 4551//4549
f 4554//4552 4579//4577 4577//4575
f 4554//4552 4557//4555 4579//4577
f 4557//4555 4558//4556 4559//4557
f 4580//4578 4559//4557 4583//4581
f 4582//4580 4583//4581 4584//4582
f 4301//4299 4584//4582 4302//4300
f 4301//4299 4582//4580 4584//4582
f 4562//4560 4564//4562 4565//4563
f 4585//4583 4565//4563 4576//4574
f 4586//4584 4576//4574 4575//4573
f 4303//4301 4575//4573 4304//4302
f 4303//4301 4586//4584 4575//4573
f 4303//4301 4302//4300 4586//4584
f 4586//4584 4302//4300 4584//4582
f 4585//4583 4584//4582 4583//4581
f 4562//4560 4583//4581 4559//4557
f 4562//4560 4585//4583 4583//4581
f 4562//4560 4565//4563 4585//4583
f 4569//4567 4587//4585 4570//4568
f 4570//4568 4587//4585 4588//4586
f 4589//4587 4588//4586 4590//4588
f 4591//4589 4589//4587 4590//4588
f 4591//4589 4592//4590 4589//4587
f 4591//4589 4593//4591 4592//4590
f 4592//4590 4593//4591 4594//4592
f 4595//4593 4594//4592 4596//4594
f 4597//4595 4596//4594 4598//4596
f 4308//4306 4598//4596 4309//4307
f 4308//4306 4597//4595 4598//4596
f 4308//4306 4307//4305 4597//4595
f 4597//4595 4307//4305 4599//4597
f 4595//4593 4599//4597 4600//4598
f 4592//4590 4600//4598 4589//4587
f 4592//4590 4595//4593 4600//4598
f 4592//4590 4594//4592 4595//4593
f 4570//4568 4588//4586 4589//4587
f 4572//4570 4589//4587 4600//4598
f 4574//4572 4600//4598 4599//4597
f 4306//4304 4599//4597 4307//4305
f 4306//4304 4574//4572 4599//4597
f 4593//4591 4601//4599 4594//4592
f 4594//4592 4601//4599 4602//4600
f 4603//4601 4602//4600 4604//4602
f 4605//4603 4603//4601 4604//4602
f 4605//4603 4606//4604 4603//4601
f 4605//4603 4607//4605 4606//4604
f 4606//4604 4607//4605 4608//4606
f 4609//4607 4608//4606 4610//4608
f 4611//4609 4610//4608 4612//4610
f 4613//4611 4611//4609 4612//4610
f 4613//4611 4614//4612 4611//4609
f 4613//4611 4615//4613 4614//4612
f 4614//4612 4615//4613 4616//4614
f 4617//4615 4616//4614 4618//4616
f 4619//4617 4617//4615 4618//4616
f 4619//4617 4620//4618 4617//4615
f 4619//4617 4621//4619 4620//4618
f 4620//4618 4621//4619 4622//4620
f 4623//4621 4622//4620 4624//4622
f 4625//4623 4624//4622 4626//4624
f 4316//4314 4626//4624 4317//4315
f 4316//4314 4625//4623 4626//4624
f 4316//4314 4315//4313 4625//4623
f 4625//4623 4315//4313 4627//4625
f 4623//4621 4627//4625 4628//4626
f 4620//4618 4628//4626 4617//4615
f 4620//4618 4623//4621 4628//4626
f 4620//4618 4622//4620 4623//4621
f 4594//4592 4602//4600 4603//4601
f 4596//4594 4603//4601 4629//4627
f 4598//4596 4629//4627 4630//4628
f 4309//4307 4630//4628 4310//4308
f 4309//4307 4598//4596 4630//4628
f 4606//4604 4608//4606 4609//4607
f 4631//4629 4609//4607 4632//4630
f 4633//4631 4632//4630 4634//4632
f 4311//4309 4634//4632 4312//4310
f 4311//4309 4633//4631 4634//4632
f 4311//4309 4310//4308 4633//4631
f 4633//4631 4310//4308 4630//4628
f 4631//4629 4630//4628 4629//4627
f 4606//4604 4629//4627 4603//4601
f 4606//4604 4631//4629 4629//4627
f 4606//4604 4609//4607 4631//4629
f 4609//4607 4610//4608 4611//4609
f 4632//4630 4611//4609 4635//4633
f 4634//4632 4635//4633 4636//4634
f 4312//4310 4636//4634 4313//4311
f 4312//4310 4634//4632 4636//4634
f 4614//4612 4616//4614 4617//4615
f 4637//4635 4617//4615 4628//4626
f 4638//4636 4628//4626 4627//4625
f 4314//4312 4627//4625 4315//4313
f 4314//4312 4638//4636 4627//4625
f 4314//4312 4313//4311 4638//4636
f 4638//4636 4313//4311 4636//4634
f 4637//4635 4636//4634 4635//4633
f 4614//4612 4635//4633 4611//4609
f 4614//4612 4637//4635 4635//4633
f 4614//4612 4617//4615 4637//4635
f 4621//4619 4639//4637 4622//4620
f 4622//4620 4639//4637 4640//4638
f 4641//4639 4640//4638 4642//4640
f 4643//4641 4641//4639 4642//4640
f 4643//4641 4644//4642 4641//4639
f 4643//4641 4645//4643 4644//4642
f 4644//4642 4645//4643 4646//4644
f 4647//4645 4646//4644 4648//4646
f 4626//4624 4648//4646 4649//4647
f 4317//4315 4649//4647 4318//4316
f 4317//4315 4626//4624 4649//4647
f 4622//4620 4640//4638 4641//4639
f 4624//4622 4641//4639 4647//4645
f 4626//4624 4647//4645 4648//4646
f 4626//4624 4624//4622 4647//4645
f 4645//4643 4650//4648 4646//4644
f 4646//4644 4650//4648 4651//4649
f 4652//4650 4651//4649 4653//4651
f 4654//4652 4652//4650 4653//4651
f 4654//4652 4655//4653 4652//4650
f 4654//4652 4656//4654 4655//4653
f 4655//4653 4656//4654 4657//4655
f 4658//4656 4657//4655 4659//4657
f 4660//4658 4659//4657 4661//4659
f 4662//4660 4660//4658 4661//4659
f 4662//4660 4663//4661 4660//4658
f 4662//4660 4664//4662 4663//4661
f 4646//4644 4651//4649 4652//4650
f 4648//4646 4652//4650 4665//4663
f 4649//4647 4665//4663 4666//4664
f 4318//4316 4666//4664 4319//4317
f 4318//4316 4649//4647 4666//4664
f 4655//4653 4657//4655 4658//4656
f 4667//4665 4658//4656 4668//4666
f 4669//4667 4668//4666 4670//4668
f 4320//4318 4670//4668 4321//4319
f 4320//4318 4669//4667 4670//4668
f 4320//4318 4319//4317 4669//4667
f 4669//4667 4319//4317 4666//4664
f 4667//4665 4666//4664 4665//4663
f 4655//4653 4665//4663 4652//4650
f 4655//4653 4667//4665 4665//4663
f 4655//4653 4658//4656 4667//4665
f 4658//4656 4659//4657 4660//4658
f 4668//4666 4660//4658 4671//4669
f 4670//4668 4671//4669 4672//4670
f 4321//4319 4672//4670 4322//4320
f 4321//4319 4670//4668 4672//4670
f 4660//4658 4663//4661 4671//4669
f 4671//4669 4663//4661 4673//4671
f 4672//4670 4673//4671 4674//4672
f 4322//4320 4674//4672 4323//4321
f 4322//4320 4672//4670 4674//4672
f 4671//4669 4673//4671 4672//4670
f 4389//4387 4388//4386 4387//4385
f 4329//4327 4387//4385 4325//4323
f 4326//4324 4329//4327 4325//4323
f 4326//4324 4328//4326 4329//4327
f 4337//4335 4339//4337 4387//4385
f 4331//4329 4337//4335 4329//4327
f 4330//4328 4331//4329 4329//4327
f 4358//4356 4332//4330 4330//4328
f 4392//4390 4390//4388 4391//4389
f 4356//4354 4392//4390 4391//4389
f 4353//4351 4355//4353 4351//4349
f 4352//4350 4353//4351 4351//4349
f 4395//4393 4352//4350 4350//4348
f 4354//4352 4352//4350 4429//4427
f 4433//4431 4430//4428 4431//4429
f 4432//4430 4433//4431 4431//4429
f 4403//4401 4432//4430 4401//4399
f 4434//4432 4432//4430 4435//4433
f 4439//4437 4436//4434 4437//4435
f 4438//4436 4439//4437 4437//4435
f 4411//4409 4438//4436 4409//4407
f 4440//4438 4438//4436 4441//4439
f 4444//4442 4442//4440 4443//4441
f 4428//4426 4444//4442 4443//4441
f 4425//4423 4427//4425 4423//4421
f 4424//4422 4425//4423 4423//4421
f 4447//4445 4424//4422 4422//4420
f 4426//4424 4424//4422 4481//4479
f 4485//4483 4482//4480 4483//4481
f 4484//4482 4485//4483 4483//4481
f 4455//4453 4484//4482 4453//4451
f 4486//4484 4484//4482 4487//4485
f 4491//4489 4488//4486 4489//4487
f 4490//4488 4491//4489 4489//4487
f 4463//4461 4490//4488 4461//4459
f 4492//4490 4490//4488 4493//4491
f 4496//4494 4494//4492 4495//4493
f 4480//4478 4496//4494 4495//4493
f 4477//4475 4479//4477 4475//4473
f 4476//4474 4477//4475 4475//4473
f 4499//4497 4476//4474 4474//4472
f 4478//4476 4476//4474 4525//4523
f 4529//4527 4526//4524 4527//4525
f 4528//4526 4529//4527 4527//4525
f 4507//4505 4528//4526 4505//4503
f 4530//4528 4528//4526 4531//4529
f 4534//4532 4532//4530 4533//4531
f 4524//4522 4534//4532 4533//4531
f 4521//4519 4523//4521 4519//4517
f 4520//4518 4521//4519 4519//4517
f 4537//4535 4520//4518 4518//4516
f 4522//4520 4520//4518 4548//4546
f 4545//4543 4547//4545 4543//4541
f 4544//4542 4545//4543 4543//4541
f 4551//4549 4544//4542 4542//4540
f 4546//4544 4544//4542 4577//4575
f 4581//4579 4578//4576 4579//4577
f 4580//4578 4581//4579 4579//4577
f 4559//4557 4580//4578 4557//4555
f 4582//4580 4580//4578 4583//4581
f 4586//4584 4584//4582 4585//4583
f 4576//4574 4586//4584 4585//4583
f 4573//4571 4575//4573 4571//4569
f 4572//4570 4573//4571 4571//4569
f 4589//4587 4572//4570 4570//4568
f 4574//4572 4572//4570 4600//4598
f 4597//4595 4599//4597 4595//4593
f 4596//4594 4597//4595 4595//4593
f 4603//4601 4596//4594 4594//4592
f 4598//4596 4596//4594 4629//4627
f 4633//4631 4630//4628 4631//4629
f 4632//4630 4633//4631 4631//4629
f 4611//4609 4632//4630 4609//4607
f 4634//4632 4632//4630 4635//4633
f 4638//4636 4636//4634 4637//4635
f 4628//4626 4638//4636 4637//4635
f 4625//4623 4627//4625 4623//4621
f 4624//4622 4625//4623 4623//4621
f 4641//4639 4624//4622 4622//4620
f 4646//4644 4647//4645 4644//4642
f 4644//4642 4647//4645 4641//4639
f 4652//4650 4648//4646 4646//4644
f 4665//4663 4649//4647 4648//4646
f 4669//4667 4666//4664 4667//4665
f 4668//4666 4669//4667 4667//4665
f 4660//4658 4668//4666 4658//4656
f 4671//4669 4670//4668 4668//4666
f 4675//4673 2806//2804 4676//4674
f 4677//4675 4676//4674 4678//4676
f 4679//4677 4678//4676 4680//4678
f 4681//4679 4680//4678 4682//4680
f 4683//4681 4681//4679 4682//4680
f 4683//4681 4684//4682 4681//4679
f 4683//4681 4685//4683 4684//4682
f 4684//4682 4685//4683 4686//4684
f 4687//4685 4686//4684 4688//4686
f 4689//4687 4688//4686 4690//4688
f 4691//4689 4689//4687 4690//4688
f 4691//4689 4692//4690 4689//4687
f 4691//4689 4693//4691 4692//4690
f 4692//4690 4693//4691 4694//4692
f 4695//4693 4694//4692 4696//4694
f 4697//4695 4696//4694 4698//4696
f 4699//4697 4698//4696 4700//4698
f 4699//4697 4697//4695 4698//4696
f 4699//4697 4701//4699 4697//4695
f 4697//4695 4701//4699 4702//4700
f 4695//4693 4702//4700 4703//4701
f 4692//4690 4703//4701 4689//4687
f 4692//4690 4695//4693 4703//4701
f 4692//4690 4694//4692 4695//4693
f 2802//2800 4704//4702 2804//2802
f 2802//2800 2800//2798 4704//4702
f 4704//4702 2800//2798 4705//4703
f 4706//4704 4705//4703 2797//2795
f 4707//4705 2797//2795 2795//2793
f 2794//2792 4707//4705 2795//2793
f 2794//2792 4708//4706 4707//4705
f 2794//2792 2792//2790 4708//4706
f 4708//4706 2792//2790 4709//4707
f 4710//4708 4709//4707 2789//2787
f 4711//4709 2789//2787 2787//2785
f 2785//2783 4711//4709 2787//2785
f 2785//2783 4712//4710 4711//4709
f 2785//2783 2784//2782 4712//4710
f 4712//4710 2784//2782 4713//4711
f 4714//4712 4712//4710 4713//4711
f 4714//4712 4715//4713 4712//4710
f 4712//4710 4715//4713 4711//4709
f 4711//4709 4715//4713 4716//4714
f 4710//4708 4716//4714 4717//4715
f 4718//4716 4717//4715 4719//4717
f 4720//4718 4718//4716 4719//4717
f 4720//4718 4721//4719 4718//4716
f 4720//4718 4722//4720 4721//4719
f 4721//4719 4722//4720 4723//4721
f 4706//4704 4723//4721 4724//4722
f 4704//4702 4724//4722 4676//4674
f 2804//2802 4676//4674 2806//2804
f 2804//2802 4704//4702 4676//4674
f 2800//2798 2797//2795 4705//4703
f 4706//4704 2797//2795 4707//4705
f 4721//4719 4707//4705 4718//4716
f 4721//4719 4706//4704 4707//4705
f 4721//4719 4723//4721 4706//4704
f 2792//2790 2790//2788 4709//4707
f 4709//4707 2790//2788 2789//2787
f 4710//4708 2789//2787 4711//4709
f 4716//4714 4710//4708 4711//4709
f 2784//2782 2782//2780 4713//4711
f 4713//4711 2782//2780 4725//4723
f 4725//4723 2782//2780 2781//2779
f 4726//4724 2781//2779 2779//2777
f 2777//2775 4726//4724 2779//2777
f 4725//4723 2781//2779 4726//4724
f 4710//4708 4717//4715 4718//4716
f 4708//4706 4718//4716 4707//4705
f 4708//4706 4710//4708 4718//4716
f 4708//4706 4709//4707 4710//4708
f 4722//4720 4727//4725 4723//4721
f 4723//4721 4727//4725 4728//4726
f 4724//4722 4728//4726 4678//4676
f 4676//4674 4724//4722 4678//4676
f 4727//4725 4729//4727 4728//4726
f 4728//4726 4729//4727 4730//4728
f 4680//4678 4730//4728 4682//4680
f 4680//4678 4728//4726 4730//4728
f 4680//4678 4678//4676 4728//4726
f 4684//4682 4686//4684 4687//4685
f 4731//4729 4687//4685 4732//4730
f 4733//4731 4732//4730 4734//4732
f 4735//4733 4734//4732 4736//4734
f 4735//4733 4733//4731 4734//4732
f 4735//4733 4737//4735 4733//4731
f 4733//4731 4737//4735 4738//4736
f 4739//4737 4738//4736 4740//4738
f 4741//4739 4740//4738 4742//4740
f 4743//4741 4741//4739 4742//4740
f 4743//4741 4677//4675 4741//4739
f 4743//4741 4675//4673 4677//4675
f 4677//4675 4675//4673 4676//4674
f 4687//4685 4688//4686 4689//4687
f 4732//4730 4689//4687 4703//4701
f 4734//4732 4703//4701 4702//4700
f 4736//4734 4702//4700 4744//4742
f 4736//4734 4734//4732 4702//4700
f 4693//4691 4745//4743 4694//4692
f 4694//4692 4745//4743 4746//4744
f 4696//4694 4746//4744 4747//4745
f 4698//4696 4747//4745 4748//4746
f 4749//4747 4748//4746 4750//4748
f 4749//4747 4698//4696 4748//4746
f 4749//4747 4700//4698 4698//4696
f 4745//4743 4751//4749 4746//4744
f 4746//4744 4751//4749 4752//4750
f 4753//4751 4752//4750 4754//4752
f 4755//4753 4754//4752 4756//4754
f 4757//4755 4756//4754 4758//4756
f 4759//4757 4757//4755 4758//4756
f 4759//4757 4760//4758 4757//4755
f 4759//4757 4761//4759 4760//4758
f 4760//4758 4761//4759 4762//4760
f 4763//4761 4762//4760 4764//4762
f 4765//4763 4764//4762 4766//4764
f 4767//4765 4766//4764 4768//4766
f 4767//4765 4765//4763 4766//4764
f 4767//4765 4769//4767 4765//4763
f 4765//4763 4769//4767 4770//4768
f 4763//4761 4770//4768 4771//4769
f 4760//4758 4771//4769 4757//4755
f 4760//4758 4763//4761 4771//4769
f 4760//4758 4762//4760 4763//4761
f 4746//4744 4752//4750 4753//4751
f 4747//4745 4753//4751 4772//4770
f 4748//4746 4772//4770 4773//4771
f 4750//4748 4773//4771 4774//4772
f 4750//4748 4748//4746 4773//4771
f 4753//4751 4754//4752 4755//4753
f 4772//4770 4755//4753 4775//4773
f 4773//4771 4775//4773 4776//4774
f 4777//4775 4776//4774 4778//4776
f 4777//4775 4773//4771 4776//4774
f 4777//4775 4774//4772 4773//4771
f 4755//4753 4756//4754 4757//4755
f 4775//4773 4757//4755 4771//4769
f 4776//4774 4771//4769 4770//4768
f 4778//4776 4770//4768 4779//4777
f 4778//4776 4776//4774 4770//4768
f 4761//4759 4780//4778 4762//4760
f 4762//4760 4780//4778 4781//4779
f 4764//4762 4781//4779 4782//4780
f 4766//4764 4782//4780 4783//4781
f 4784//4782 4783//4781 4785//4783
f 4784//4782 4766//4764 4783//4781
f 4784//4782 4768//4766 4766//4764
f 4780//4778 4786//4784 4781//4779
f 4781//4779 4786//4784 4787//4785
f 4788//4786 4787//4785 4789//4787
f 4790//4788 4789//4787 4791//4789
f 4792//4790 4791//4789 4793//4791
f 4794//4792 4792//4790 4793//4791
f 4794//4792 4795//4793 4792//4790
f 4794//4792 4796//4794 4795//4793
f 4795//4793 4796//4794 4797//4795
f 4798//4796 4797//4795 4799//4797
f 4800//4798 4799//4797 4801//4799
f 4802//4800 4801//4799 4803//4801
f 4802//4800 4800//4798 4801//4799
f 4802//4800 4804//4802 4800//4798
f 4800//4798 4804//4802 4805//4803
f 4798//4796 4805//4803 4806//4804
f 4795//4793 4806//4804 4792//4790
f 4795//4793 4798//4796 4806//4804
f 4795//4793 4797//4795 4798//4796
f 4781//4779 4787//4785 4788//4786
f 4782//4780 4788//4786 4807//4805
f 4783//4781 4807//4805 4808//4806
f 4785//4783 4808//4806 4809//4807
f 4785//4783 4783//4781 4808//4806
f 4788//4786 4789//4787 4790//4788
f 4807//4805 4790//4788 4810//4808
f 4808//4806 4810//4808 4811//4809
f 4812//4810 4811//4809 4813//4811
f 4812//4810 4808//4806 4811//4809
f 4812//4810 4809//4807 4808//4806
f 4790//4788 4791//4789 4792//4790
f 4810//4808 4792//4790 4806//4804
f 4811//4809 4806//4804 4805//4803
f 4813//4811 4805//4803 4814//4812
f 4813//4811 4811//4809 4805//4803
f 4796//4794 4815//4813 4797//4795
f 4797//4795 4815//4813 4816//4814
f 4799//4797 4816//4814 4817//4815
f 4801//4799 4817//4815 4818//4816
f 4819//4817 4818//4816 4820//4818
f 4819//4817 4801//4799 4818//4816
f 4819//4817 4803//4801 4801//4799
f 4815//4813 4821//4819 4816//4814
f 4816//4814 4821//4819 4822//4820
f 4823//4821 4822//4820 4824//4822
f 4825//4823 4824//4822 4826//4824
f 4827//4825 4826//4824 4828//4826
f 4829//4827 4827//4825 4828//4826
f 4829//4827 4830//4828 4827//4825
f 4829//4827 4831//4829 4830//4828
f 4830//4828 4831//4829 4832//4830
f 4833//4831 4832//4830 4834//4832
f 4835//4833 4834//4832 4836//4834
f 4837//4835 4836//4834 4838//4836
f 4839//4837 4838//4836 4840//4838
f 4841//4839 4840//4838 4842//4840
f 4841//4839 4839//4837 4840//4838
f 4841//4839 4843//4841 4839//4837
f 4839//4837 4843//4841 4837//4835
f 4838//4836 4839//4837 4837//4835
f 4816//4814 4822//4820 4823//4821
f 4817//4815 4823//4821 4844//4842
f 4818//4816 4844//4842 4845//4843
f 4820//4818 4845//4843 4846//4844
f 4820//4818 4818//4816 4845//4843
f 4823//4821 4824//4822 4825//4823
f 4844//4842 4825//4823 4847//4845
f 4845//4843 4847//4845 4848//4846
f 4849//4847 4848//4846 4850//4848
f 4849//4847 4845//4843 4848//4846
f 4849//4847 4846//4844 4845//4843
f 4825//4823 4826//4824 4827//4825
f 4847//4845 4827//4825 4851//4849
f 4848//4846 4851//4849 4852//4850
f 4850//4848 4852//4850 4853//4851
f 4850//4848 4848//4846 4852//4850
f 4831//4829 4854//4852 4832//4830
f 4832//4830 4854//4852 4855//4853
f 4834//4832 4855//4853 4856//4854
f 4836//4834 4856//4854 4857//4855
f 4838//4836 4857//4855 4858//4856
f 4840//4838 4858//4856 4859//4857
f 4860//4858 4859//4857 4861//4859
f 4860//4858 4840//4838 4859//4857
f 4860//4858 4842//4840 4840//4838
f 4854//4852 4862//4860 4855//4853
f 4855//4853 4862//4860 4863//4861
f 4856//4854 4863//4861 4864//4862
f 4857//4855 4864//4862 4865//4863
f 4866//4864 4857//4855 4865//4863
f 4866//4864 4867//4865 4857//4855
f 4866//4864 4868//4866 4867//4865
f 4867//4865 4868//4866 4869//4867
f 4870//4868 4869//4867 4871//4869
f 4872//4870 4871//4869 4873//4871
f 4874//4872 4873//4871 4875//4873
f 4874//4872 4872//4870 4873//4871
f 4874//4872 4876//4874 4872//4870
f 4872//4870 4876//4874 4861//4859
f 4859//4857 4872//4870 4861//4859
f 4859//4857 4870//4868 4872//4870
f 4859//4857 4858//4856 4870//4868
f 4870//4868 4858//4856 4867//4865
f 4869//4867 4870//4868 4867//4865
f 4855//4853 4863//4861 4856//4854
f 4856//4854 4864//4862 4857//4855
f 4868//4866 4877//4875 4869//4867
f 4869//4867 4877//4875 4878//4876
f 4871//4869 4878//4876 4879//4877
f 4873//4871 4879//4877 4880//4878
f 4875//4873 4880//4878 4881//4879
f 4875//4873 4873//4871 4880//4878
f 4877//4875 4882//4880 4878//4876
f 4878//4876 4882//4880 4883//4881
f 4884//4882 4883//4881 4885//4883
f 4886//4884 4885//4883 4887//4885
f 4888//4886 4887//4885 4889//4887
f 4890//4888 4888//4886 4889//4887
f 4890//4888 4891//4889 4888//4886
f 4890//4888 4892//4890 4891//4889
f 4891//4889 4892//4890 4893//4891
f 4894//4892 4893//4891 4895//4893
f 4896//4894 4895//4893 4897//4895
f 4898//4896 4897//4895 4899//4897
f 4898//4896 4896//4894 4897//4895
f 4898//4896 4900//4898 4896//4894
f 4896//4894 4900//4898 4901//4899
f 4902//4900 4901//4899 4903//4901
f 4904//4902 4903//4901 4905//4903
f 4906//4904 4904//4902 4905//4903
f 4906//4904 4907//4905 4904//4902
f 4906//4904 4908//4906 4907//4905
f 4907//4905 4908//4906 4880//4878
f 4909//4907 4880//4878 4879//4877
f 4884//4882 4879//4877 4878//4876
f 4883//4881 4884//4882 4878//4876
f 4884//4882 4885//4883 4886//4884
f 4909//4907 4886//4884 4910//4908
f 4907//4905 4910//4908 4904//4902
f 4907//4905 4909//4907 4910//4908
f 4907//4905 4880//4878 4909//4907
f 4886//4884 4887//4885 4888//4886
f 4910//4908 4888//4886 4911//4909
f 4904//4902 4911//4909 4902//4900
f 4903//4901 4904//4902 4902//4900
f 4892//4890 4912//4910 4893//4891
f 4893//4891 4912//4910 4913//4911
f 4895//4893 4913//4911 4914//4912
f 4897//4895 4914//4912 4915//4913
f 4899//4897 4915//4913 4916//4914
f 4899//4897 4897//4895 4915//4913
f 4912//4910 4917//4915 4913//4911
f 4913//4911 4917//4915 4918//4916
f 4919//4917 4918//4916 4920//4918
f 4921//4919 4920//4918 4922//4920
f 4923//4921 4922//4920 4924//4922
f 4925//4923 4923//4921 4924//4922
f 4925//4923 4926//4924 4923//4921
f 4925//4923 4927//4925 4926//4924
f 4926//4924 4927//4925 4928//4926
f 4929//4927 4928//4926 4930//4928
f 4931//4929 4930//4928 4932//4930
f 4933//4931 4932//4930 4934//4932
f 4933//4931 4931//4929 4932//4930
f 4933//4931 4935//4933 4931//4929
f 4931//4929 4935//4933 4936//4934
f 4937//4935 4936//4934 4938//4936
f 4939//4937 4938//4936 4940//4938
f 4941//4939 4939//4937 4940//4938
f 4941//4939 4942//4940 4939//4937
f 4941//4939 4943//4941 4942//4940
f 4942//4940 4943//4941 4915//4913
f 4944//4942 4915//4913 4914//4912
f 4919//4917 4914//4912 4913//4911
f 4918//4916 4919//4917 4913//4911
f 4919//4917 4920//4918 4921//4919
f 4944//4942 4921//4919 4945//4943
f 4942//4940 4945//4943 4939//4937
f 4942//4940 4944//4942 4945//4943
f 4942//4940 4915//4913 4944//4942
f 4921//4919 4922//4920 4923//4921
f 4945//4943 4923//4921 4946//4944
f 4939//4937 4946//4944 4937//4935
f 4938//4936 4939//4937 4937//4935
f 4927//4925 4947//4945 4928//4926
f 4928//4926 4947//4945 4948//4946
f 4930//4928 4948//4946 4949//4947
f 4932//4930 4949//4947 4950//4948
f 4934//4932 4950//4948 4951//4949
f 4934//4932 4932//4930 4950//4948
f 4947//4945 4952//4950 4948//4946
f 4948//4946 4952//4950 4953//4951
f 4954//4952 4953//4951 4955//4953
f 4956//4954 4955//4953 4957//4955
f 4958//4956 4957//4955 4959//4957
f 4960//4958 4958//4956 4959//4957
f 4960//4958 4961//4959 4958//4956
f 4960//4958 4962//4960 4961//4959
f 4961//4959 4962//4960 4963//4961
f 4964//4962 4963//4961 4965//4963
f 4966//4964 4965//4963 4967//4965
f 4968//4966 4967//4965 4969//4967
f 4968//4966 4966//4964 4967//4965
f 4968//4966 4970//4968 4966//4964
f 4966//4964 4970//4968 4971//4969
f 4972//4970 4971//4969 4973//4971
f 4974//4972 4973//4971 4975//4973
f 4976//4974 4974//4972 4975//4973
f 4976//4974 4977//4975 4974//4972
f 4976//4974 4978//4976 4977//4975
f 4977//4975 4978//4976 4950//4948
f 4979//4977 4950//4948 4949//4947
f 4954//4952 4949//4947 4948//4946
f 4953//4951 4954//4952 4948//4946
f 4954//4952 4955//4953 4956//4954
f 4979//4977 4956//4954 4980//4978
f 4977//4975 4980//4978 4974//4972
f 4977//4975 4979//4977 4980//4978
f 4977//4975 4950//4948 4979//4977
f 4956//4954 4957//4955 4958//4956
f 4980//4978 4958//4956 4981//4979
f 4974//4972 4981//4979 4972//4970
f 4973//4971 4974//4972 4972//4970
f 4962//4960 4982//4980 4963//4961
f 4963//4961 4982//4980 4983//4981
f 4965//4963 4983//4981 4984//4982
f 4967//4965 4984//4982 4985//4983
f 4969//4967 4985//4983 4986//4984
f 4969//4967 4967//4965 4985//4983
f 4982//4980 4987//4985 4983//4981
f 4983//4981 4987//4985 4988//4986
f 4989//4987 4988//4986 4990//4988
f 4991//4989 4990//4988 4992//4990
f 4993//4991 4991//4989 4992//4990
f 4993//4991 4994//4992 4991//4989
f 4993//4991 4995//4993 4994//4992
f 4994//4992 4995//4993 4996//4994
f 4997//4995 4996//4994 4998//4996
f 4999//4997 4998//4996 5000//4998
f 5001//4999 5000//4998 5002//5000
f 5001//4999 4999//4997 5000//4998
f 5001//4999 5003//5001 4999//4997
f 4999//4997 5003//5001 5004//5002
f 4997//4995 5004//5002 5005//5003
f 4994//4992 5005//5003 4991//4989
f 4994//4992 4997//4995 5005//5003
f 4994//4992 4996//4994 4997//4995
f 4983//4981 4988//4986 4989//4987
f 4984//4982 4989//4987 5006//5004
f 4985//4983 5006//5004 5007//5005
f 5008//5006 5007//5005 5009//5007
f 5008//5006 4985//4983 5007//5005
f 5008//5006 4986//4984 4985//4983
f 4989//4987 4990//4988 4991//4989
f 5006//5004 4991//4989 5005//5003
f 5007//5005 5005//5003 5004//5002
f 5009//5007 5004//5002 5010//5008
f 5009//5007 5007//5005 5004//5002
f 4995//4993 5011//5009 4996//4994
f 4996//4994 5011//5009 5012//5010
f 4998//4996 5012//5010 5013//5011
f 5000//4998 5013//5011 5014//5012
f 5015//5013 5014//5012 5016//5014
f 5015//5013 5000//4998 5014//5012
f 5015//5013 5002//5000 5000//4998
f 5011//5009 5017//5015 5012//5010
f 5012//5010 5017//5015 5018//5016
f 5019//5017 5018//5016 5020//5018
f 5021//5019 5020//5018 5022//5020
f 5023//5021 5022//5020 5024//5022
f 5025//5023 5023//5021 5024//5022
f 5025//5023 5026//5024 5023//5021
f 5025//5023 5027//5025 5026//5024
f 5026//5024 5027//5025 5028//5026
f 5029//5027 5028//5026 5030//5028
f 5031//5029 5030//5028 5032//5030
f 5033//5031 5032//5030 5034//5032
f 5033//5031 5031//5029 5032//5030
f 5033//5031 5035//5033 5031//5029
f 5031//5029 5035//5033 5036//5034
f 5037//5035 5036//5034 5038//5036
f 5039//5037 5038//5036 5040//5038
f 5041//5039 5039//5037 5040//5038
f 5041//5039 5042//5040 5039//5037
f 5041//5039 5043//5041 5042//5040
f 5042//5040 5043//5041 5016//5014
f 5014//5012 5042//5040 5016//5014
f 5014//5012 5044//5042 5042//5040
f 5014//5012 5013//5011 5044//5042
f 5044//5042 5013//5011 5019//5017
f 5021//5019 5019//5017 5020//5018
f 5021//5019 5044//5042 5019//5017
f 5021//5019 5045//5043 5044//5042
f 5021//5019 5023//5021 5045//5043
f 5021//5019 5022//5020 5023//5021
f 5012//5010 5018//5016 5019//5017
f 5013//5011 5012//5010 5019//5017
f 5027//5025 5046//5044 5028//5026
f 5028//5026 5046//5044 5047//5045
f 5030//5028 5047//5045 5048//5046
f 5032//5030 5048//5046 5049//5047
f 5034//5032 5049//5047 5050//5048
f 5034//5032 5032//5030 5049//5047
f 5046//5044 5051//5049 5047//5045
f 5047//5045 5051//5049 5052//5050
f 5053//5051 5052//5050 5054//5052
f 5055//5053 5054//5052 5056//5054
f 5057//5055 5056//5054 5058//5056
f 5059//5057 5057//5055 5058//5056
f 5059//5057 5060//5058 5057//5055
f 5059//5057 5061//5059 5060//5058
f 5060//5058 5061//5059 5062//5060
f 5063//5061 5062//5060 5064//5062
f 5065//5063 5064//5062 5066//5064
f 5067//5065 5066//5064 5068//5066
f 5067//5065 5065//5063 5066//5064
f 5067//5065 5069//5067 5065//5063
f 5065//5063 5069//5067 5070//5068
f 5071//5069 5070//5068 5072//5070
f 5073//5071 5072//5070 5074//5072
f 5075//5073 5073//5071 5074//5072
f 5075//5073 5076//5074 5073//5071
f 5075//5073 5077//5075 5076//5074
f 5076//5074 5077//5075 5049//5047
f 5078//5076 5049//5047 5079//5077
f 5057//5055 5079//5077 5055//5053
f 5056//5054 5057//5055 5055//5053
f 5047//5045 5052//5050 5053//5051
f 5048//5046 5053//5051 5079//5077
f 5049//5047 5048//5046 5079//5077
f 5053//5051 5054//5052 5055//5053
f 5079//5077 5053//5051 5055//5053
f 5061//5059 5080//5078 5062//5060
f 5062//5060 5080//5078 5081//5079
f 5064//5062 5081//5079 5082//5080
f 5066//5064 5082//5080 5083//5081
f 5068//5066 5083//5081 5084//5082
f 5068//5066 5066//5064 5083//5081
f 5080//5078 5085//5083 5081//5079
f 5081//5079 5085//5083 5086//5084
f 5087//5085 5086//5084 5088//5086
f 5089//5087 5088//5086 5090//5088
f 5091//5089 5090//5088 5092//5090
f 5093//5091 5091//5089 5092//5090
f 5093//5091 5094//5092 5091//5089
f 5093//5091 5095//5093 5094//5092
f 5094//5092 5095//5093 5096//5094
f 5097//5095 5096//5094 5098//5096
f 5099//5097 5098//5096 5100//5098
f 5101//5099 5100//5098 5102//5100
f 5101//5099 5099//5097 5100//5098
f 5101//5099 5103//5101 5099//5097
f 5099//5097 5103//5101 5104//5102
f 5105//5103 5104//5102 5106//5104
f 5107//5105 5106//5104 5108//5106
f 5109//5107 5107//5105 5108//5106
f 5109//5107 5110//5108 5107//5105
f 5109//5107 5111//5109 5110//5108
f 5110//5108 5111//5109 5083//5081
f 5112//5110 5083//5081 5082//5080
f 5087//5085 5082//5080 5081//5079
f 5086//5084 5087//5085 5081//5079
f 5087//5085 5088//5086 5089//5087
f 5112//5110 5089//5087 5113//5111
f 5110//5108 5113//5111 5107//5105
f 5110//5108 5112//5110 5113//5111
f 5110//5108 5083//5081 5112//5110
f 5089//5087 5090//5088 5091//5089
f 5113//5111 5091//5089 5114//5112
f 5107//5105 5114//5112 5105//5103
f 5106//5104 5107//5105 5105//5103
f 5095//5093 5115//5113 5096//5094
f 5096//5094 5115//5113 5116//5114
f 5098//5096 5116//5114 5117//5115
f 5100//5098 5117//5115 5118//5116
f 5102//5100 5118//5116 5119//5117
f 5102//5100 5100//5098 5118//5116
f 5115//5113 5120//5118 5116//5114
f 5116//5114 5120//5118 5121//5119
f 5122//5120 5121//5119 5123//5121
f 5124//5122 5123//5121 5125//5123
f 5126//5124 5124//5122 5125//5123
f 5126//5124 5127//5125 5124//5122
f 5126//5124 5128//5126 5127//5125
f 5127//5125 5128//5126 5129//5127
f 5130//5128 5129//5127 5131//5129
f 5132//5130 5131//5129 5133//5131
f 5134//5132 5133//5131 5135//5133
f 5134//5132 5132//5130 5133//5131
f 5134//5132 5136//5134 5132//5130
f 5132//5130 5136//5134 5137//5135
f 5130//5128 5137//5135 5138//5136
f 5127//5125 5138//5136 5124//5122
f 5127//5125 5130//5128 5138//5136
f 5127//5125 5129//5127 5130//5128
f 5116//5114 5121//5119 5122//5120
f 5117//5115 5122//5120 5139//5137
f 5118//5116 5139//5137 5140//5138
f 5141//5139 5140//5138 5142//5140
f 5141//5139 5118//5116 5140//5138
f 5141//5139 5119//5117 5118//5116
f 5122//5120 5123//5121 5124//5122
f 5139//5137 5124//5122 5138//5136
f 5140//5138 5138//5136 5137//5135
f 5142//5140 5137//5135 5143//5141
f 5142//5140 5140//5138 5137//5135
f 5128//5126 5144//5142 5129//5127
f 5129//5127 5144//5142 5145//5143
f 5131//5129 5145//5143 5146//5144
f 5133//5131 5146//5144 5147//5145
f 5148//5146 5147//5145 5149//5147
f 5148//5146 5133//5131 5147//5145
f 5148//5146 5135//5133 5133//5131
f 5144//5142 5150//5148 5145//5143
f 5145//5143 5150//5148 5151//5149
f 5152//5150 5151//5149 5153//5151
f 5154//5152 5153//5151 5155//5153
f 5156//5154 5155//5153 5157//5155
f 5158//5156 5156//5154 5157//5155
f 5158//5156 5159//5157 5156//5154
f 5158//5156 5160//5158 5159//5157
f 5159//5157 5160//5158 5161//5159
f 5162//5160 5161//5159 5163//5161
f 5164//5162 5163//5161 5165//5163
f 5166//5164 5165//5163 5167//5165
f 5166//5164 5164//5162 5165//5163
f 5166//5164 5168//5166 5164//5162
f 5164//5162 5168//5166 5169//5167
f 5162//5160 5169//5167 5170//5168
f 5159//5157 5170//5168 5156//5154
f 5159//5157 5162//5160 5170//5168
f 5159//5157 5161//5159 5162//5160
f 5145//5143 5151//5149 5152//5150
f 5146//5144 5152//5150 5171//5169
f 5147//5145 5171//5169 5172//5170
f 5149//5147 5172//5170 5173//5171
f 5149//5147 5147//5145 5172//5170
f 5152//5150 5153//5151 5154//5152
f 5171//5169 5154//5152 5174//5172
f 5172//5170 5174//5172 5175//5173
f 5176//5174 5175//5173 5177//5175
f 5176//5174 5172//5170 5175//5173
f 5176//5174 5173//5171 5172//5170
f 5154//5152 5155//5153 5156//5154
f 5174//5172 5156//5154 5170//5168
f 5175//5173 5170//5168 5169//5167
f 5177//5175 5169//5167 5178//5176
f 5177//5175 5175//5173 5169//5167
f 5160//5158 5179//5177 5161//5159
f 5161//5159 5179//5177 5180//5178
f 5163//5161 5180//5178 5181//5179
f 5165//5163 5181//5179 5182//5180
f 5183//5181 5182//5180 5184//5182
f 5183//5181 5165//5163 5182//5180
f 5183//5181 5167//5165 5165//5163
f 5179//5177 5185//5183 5180//5178
f 5180//5178 5185//5183 5186//5184
f 5187//5185 5186//5184 5188//5186
f 5189//5187 5188//5186 5190//5188
f 4674//4672 5190//5188 4323//4321
f 4674//4672 5189//5187 5190//5188
f 4674//4672 4673//4671 5189//5187
f 5189//5187 4673//4671 5191//5189
f 5187//5185 5191//5189 5181//5179
f 5180//5178 5187//5185 5181//5179
f 5180//5178 5186//5184 5187//5185
f 5187//5185 5188//5186 5189//5187
f 5191//5189 5187//5185 5189//5187
f 4673//4671 4663//4661 5191//5189
f 5191//5189 4663//4661 5182//5180
f 5181//5179 5191//5189 5182//5180
f 4664//4662 5184//5182 4663//4661
f 4663//4661 5184//5182 5182//5180
f 5168//5166 5178//5176 5169//5167
f 5136//5134 5143//5141 5137//5135
f 5099//5097 5104//5102 5105//5103
f 5097//5095 5105//5103 5114//5112
f 5094//5092 5114//5112 5091//5089
f 5094//5092 5097//5095 5114//5112
f 5094//5092 5096//5094 5097//5095
f 5111//5109 5084//5082 5083//5081
f 5065//5063 5070//5068 5071//5069
f 5063//5061 5071//5069 5192//5190
f 5060//5058 5192//5190 5078//5076
f 5057//5055 5078//5076 5079//5077
f 5057//5055 5060//5058 5078//5076
f 5071//5069 5072//5070 5073//5071
f 5192//5190 5073//5071 5076//5074
f 5078//5076 5076//5074 5049//5047
f 5078//5076 5192//5190 5076//5074
f 5077//5075 5050//5048 5049//5047
f 5031//5029 5036//5034 5037//5035
f 5029//5027 5037//5035 5193//5191
f 5026//5024 5193//5191 5023//5021
f 5026//5024 5029//5027 5193//5191
f 5026//5024 5028//5026 5029//5027
f 5037//5035 5038//5036 5039//5037
f 5193//5191 5039//5037 5045//5043
f 5023//5021 5193//5191 5045//5043
f 5003//5001 5010//5008 5004//5002
f 4966//4964 4971//4969 4972//4970
f 4964//4962 4972//4970 4981//4979
f 4961//4959 4981//4979 4958//4956
f 4961//4959 4964//4962 4981//4979
f 4961//4959 4963//4961 4964//4962
f 4978//4976 4951//4949 4950//4948
f 4931//4929 4936//4934 4937//4935
f 4929//4927 4937//4935 4946//4944
f 4926//4924 4946//4944 4923//4921
f 4926//4924 4929//4927 4946//4944
f 4926//4924 4928//4926 4929//4927
f 4943//4941 4916//4914 4915//4913
f 4896//4894 4901//4899 4902//4900
f 4894//4892 4902//4900 4911//4909
f 4891//4889 4911//4909 4888//4886
f 4891//4889 4894//4892 4911//4909
f 4891//4889 4893//4891 4894//4892
f 4908//4906 4881//4879 4880//4878
f 4843//4841 5194//5192 4837//4835
f 4837//4835 5194//5192 5195//5193
f 4835//4833 5195//5193 5196//5194
f 4852//4850 5196//5194 4853//4851
f 4852//4850 4835//4833 5196//5194
f 4852//4850 4833//4831 4835//4833
f 4852//4850 4851//4849 4833//4831
f 4833//4831 4851//4849 4830//4828
f 4832//4830 4833//4831 4830//4828
f 4837//4835 5195//5193 4835//4833
f 4836//4834 4837//4835 4835//4833
f 4804//4802 4814//4812 4805//4803
f 4769//4767 4779//4777 4770//4768
f 4701//4699 4744//4742 4702//4700
f 4733//4731 4738//4736 4739//4737
f 4731//4729 4739//4737 5197//5195
f 4684//4682 5197//5195 4681//4679
f 4684//4682 4731//4729 5197//5195
f 4684//4682 4687//4685 4731//4729
f 4739//4737 4740//4738 4741//4739
f 5197//5195 4741//4739 4679//4677
f 4681//4679 4679//4677 4680//4678
f 4681//4679 5197//5195 4679//4677
f 4741//4739 4677//4675 4679//4677
f 4679//4677 4677//4675 4678//4676
f 4706//4704 4724//4722 4704//4702
f 4705//4703 4706//4704 4704//4702
f 4723//4721 4728//4726 4724//4722
f 4739//4737 4741//4739 5197//5195
f 4733//4731 4739//4737 4731//4729
f 4732//4730 4733//4731 4731//4729
f 4689//4687 4732//4730 4687//4685
f 4734//4732 4732//4730 4703//4701
f 4697//4695 4702//4700 4695//4693
f 4696//4694 4697//4695 4695//4693
f 4746//4744 4696//4694 4694//4692
f 4753//4751 4747//4745 4746//4744
f 4747//4745 4698//4696 4696//4694
f 4755//4753 4772//4770 4753//4751
f 4772//4770 4748//4746 4747//4745
f 4757//4755 4775//4773 4755//4753
f 4775//4773 4773//4771 4772//4770
f 4776//4774 4775//4773 4771//4769
f 4765//4763 4770//4768 4763//4761
f 4764//4762 4765//4763 4763//4761
f 4781//4779 4764//4762 4762//4760
f 4788//4786 4782//4780 4781//4779
f 4782//4780 4766//4764 4764//4762
f 4790//4788 4807//4805 4788//4786
f 4807//4805 4783//4781 4782//4780
f 4792//4790 4810//4808 4790//4788
f 4810//4808 4808//4806 4807//4805
f 4811//4809 4810//4808 4806//4804
f 4800//4798 4805//4803 4798//4796
f 4799//4797 4800//4798 4798//4796
f 4816//4814 4799//4797 4797//4795
f 4823//4821 4817//4815 4816//4814
f 4817//4815 4801//4799 4799//4797
f 4825//4823 4844//4842 4823//4821
f 4844//4842 4818//4816 4817//4815
f 4827//4825 4847//4845 4825//4823
f 4847//4845 4845//4843 4844//4842
f 4830//4828 4851//4849 4827//4825
f 4851//4849 4848//4846 4847//4845
f 4855//4853 4834//4832 4832//4830
f 4834//4832 4835//4833 4833//4831
f 4836//4834 4834//4832 4856//4854
f 4838//4836 4836//4834 4857//4855
f 4867//4865 4858//4856 4857//4855
f 4858//4856 4840//4838 4838//4836
f 4878//4876 4871//4869 4869//4867
f 4871//4869 4872//4870 4870//4868
f 4873//4871 4871//4869 4879//4877
f 4909//4907 4879//4877 4884//4882
f 4886//4884 4909//4907 4884//4882
f 4888//4886 4910//4908 4886//4884
f 4904//4902 4910//4908 4911//4909
f 4896//4894 4902//4900 4894//4892
f 4895//4893 4896//4894 4894//4892
f 4913//4911 4895//4893 4893//4891
f 4897//4895 4895//4893 4914//4912
f 4944//4942 4914//4912 4919//4917
f 4921//4919 4944//4942 4919//4917
f 4923//4921 4945//4943 4921//4919
f 4939//4937 4945//4943 4946//4944
f 4931//4929 4937//4935 4929//4927
f 4930//4928 4931//4929 4929//4927
f 4948//4946 4930//4928 4928//4926
f 4932//4930 4930//4928 4949//4947
f 4979//4977 4949//4947 4954//4952
f 4956//4954 4979//4977 4954//4952
f 4958//4956 4980//4978 4956//4954
f 4974//4972 4980//4978 4981//4979
f 4966//4964 4972//4970 4964//4962
f 4965//4963 4966//4964 4964//4962
f 4983//4981 4965//4963 4963//4961
f 4989//4987 4984//4982 4983//4981
f 4984//4982 4967//4965 4965//4963
f 4991//4989 5006//5004 4989//4987
f 5006//5004 4985//4983 4984//4982
f 5007//5005 5006//5004 5005//5003
f 4999//4997 5004//5002 4997//4995
f 4998//4996 4999//4997 4997//4995
f 5012//5010 4998//4996 4996//4994
f 5000//4998 4998//4996 5013//5011
f 5042//5040 5044//5042 5045//5043
f 5039//5037 5042//5040 5045//5043
f 5037//5035 5039//5037 5193//5191
f 5031//5029 5037//5035 5029//5027
f 5030//5028 5031//5029 5029//5027
f 5047//5045 5030//5028 5028//5026
f 5053//5051 5048//5046 5047//5045
f 5048//5046 5032//5030 5030//5028
f 5063//5061 5192//5190 5060//5058
f 5062//5060 5063//5061 5060//5058
f 5071//5069 5073//5071 5192//5190
f 5065//5063 5071//5069 5063//5061
f 5064//5062 5065//5063 5063//5061
f 5081//5079 5064//5062 5062//5060
f 5066//5064 5064//5062 5082//5080
f 5112//5110 5082//5080 5087//5085
f 5089//5087 5112//5110 5087//5085
f 5091//5089 5113//5111 5089//5087
f 5107//5105 5113//5111 5114//5112
f 5099//5097 5105//5103 5097//5095
f 5098//5096 5099//5097 5097//5095
f 5116//5114 5098//5096 5096//5094
f 5122//5120 5117//5115 5116//5114
f 5117//5115 5100//5098 5098//5096
f 5124//5122 5139//5137 5122//5120
f 5139//5137 5118//5116 5117//5115
f 5140//5138 5139//5137 5138//5136
f 5132//5130 5137//5135 5130//5128
f 5131//5129 5132//5130 5130//5128
f 5145//5143 5131//5129 5129//5127
f 5152//5150 5146//5144 5145//5143
f 5146//5144 5133//5131 5131//5129
f 5154//5152 5171//5169 5152//5150
f 5171//5169 5147//5145 5146//5144
f 5156//5154 5174//5172 5154//5152
f 5174//5172 5172//5170 5171//5169
f 5175//5173 5174//5172 5170//5168
f 5164//5162 5169//5167 5162//5160
f 5163//5161 5164//5162 5162//5160
f 5180//5178 5163//5161 5161//5159
f 5165//5163 5163//5161 5181//5179
f 2776//2774 5198//5196 2777//2775
f 2776//2774 5199//5197 5198//5196
f 2776//2774 2774//2772 5199//5197
f 5199//5197 2774//2772 2773//2771
f 5200//5198 2773//2771 2771//2769
f 2770//2768 5200//5198 2771//2769
f 2770//2768 5201//5199 5200//5198
f 2770//2768 2768//2766 5201//5199
f 5201//5199 2768//2766 5202//5200
f 5202//5200 2768//2766 2767//2765
f 2765//2763 5202//5200 2767//2765
f 2765//2763 5203//5201 5202//5200
f 2765//2763 2764//2762 5203//5201
f 5203//5201 2764//2762 2762//2760
f 5204//5202 2762//2760 2761//2759
f 5205//5203 2761//2759 2759//2757
f 2758//2756 5205//5203 2759//2757
f 2758//2756 5206//5204 5205//5203
f 2758//2756 2756//2754 5206//5204
f 5206//5204 2756//2754 2755//2753
f 5207//5205 2755//2753 2753//2751
f 5208//5206 2753//2751 2752//2750
f 2750//2748 5208//5206 2752//2750
f 2750//2748 5209//5207 5208//5206
f 2750//2748 2748//2746 5209//5207
f 5209//5207 2748//2746 2747//2745
f 5210//5208 2747//2745 2745//2743
f 5211//5209 2745//2743 2744//2742
f 2742//2740 5211//5209 2744//2742
f 2742//2740 5212//5210 5211//5209
f 2742//2740 2741//2739 5212//5210
f 5212//5210 2741//2739 2739//2737
f 5213//5211 2739//2737 2738//2736
f 5214//5212 2738//2736 2736//2734
f 2735//2733 5214//5212 2736//2734
f 2735//2733 5215//5213 5214//5212
f 2735//2733 2733//2731 5215//5213
f 5215//5213 2733//2731 2732//2730
f 5216//5214 2732//2730 2730//2728
f 2729//2727 5216//5214 2730//2728
f 5199//5197 2773//2771 5200//5198
f 5203//5201 2762//2760 5204//5202
f 5204//5202 2761//2759 5205//5203
f 5206//5204 2755//2753 5207//5205
f 5207//5205 2753//2751 5208//5206
f 5209//5207 2747//2745 5210//5208
f 5210//5208 2745//2743 5211//5209
f 5212//5210 2739//2737 5213//5211
f 5213//5211 2738//2736 5214//5212
f 5215//5213 2732//2730 5216//5214
f 5198//5196 5217//5215 2777//2775
f 2777//2775 5217//5215 4726//4724
f 4726//4724 5217//5215 5218//5216
f 4725//4723 5218//5216 4713//4711
f 4725//4723 4726//4724 5218//5216
f 5218//5216 5219//5217 4713//4711
f 4713//4711 5219//5217 4714//4712
f 4714//4712 5219//5217 5220//5218
f 4715//4713 5220//5218 5221//5219
f 4716//4714 5221//5219 5222//5220
f 4717//4715 5222//5220 5223//5221
f 4719//4717 5223//5221 4720//4718
f 4719//4717 4717//4715 5223//5221
f 4714//4712 5220//5218 4715//4713
f 4715//4713 5221//5219 4716//4714
f 4716//4714 5222//5220 4717//4715
f 5223//5221 5224//5222 4720//4718
f 4720//4718 5224//5222 4722//4720
f 4722//4720 5224//5222 5225//5223
f 4727//4725 5225//5223 5226//5224
f 4729//4727 5226//5224 5227//5225
f 4730//4728 5227//5225 5228//5226
f 4682//4680 5228//5226 5229//5227
f 4683//4681 5229//5227 4685//4683
f 4683//4681 4682//4680 5229//5227
f 4722//4720 5225//5223 4727//4725
f 4727//4725 5226//5224 4729//4727
f 4729//4727 5227//5225 4730//4728
f 4730//4728 5228//5226 4682//4680
f 5229//5227 5230//5228 4685//4683
f 4685//4683 5230//5228 4686//4684
f 4686//4684 5230//5228 5231//5229
f 4688//4686 5231//5229 5232//5230
f 4690//4688 5232//5230 5233//5231
f 4691//4689 5233//5231 5234//5232
f 4693//4691 5234//5232 5235//5233
f 4745//4743 5235//5233 4751//4749
f 4745//4743 4693//4691 5235//5233
f 4686//4684 5231//5229 4688//4686
f 4688//4686 5232//5230 4690//4688
f 4690//4688 5233//5231 4691//4689
f 4691//4689 5234//5232 4693//4691
f 5235//5233 5236//5234 4751//4749
f 4751//4749 5236//5234 4752//4750
f 4752//4750 5236//5234 5237//5235
f 4754//4752 5237//5235 5238//5236
f 4756//4754 5238//5236 5239//5237
f 4758//4756 5239//5237 5240//5238
f 4759//4757 5240//5238 4761//4759
f 4759//4757 4758//4756 5240//5238
f 4752//4750 5237//5235 4754//4752
f 4754//4752 5238//5236 4756//4754
f 4756//4754 5239//5237 4758//4756
f 5240//5238 5241//5239 4761//4759
f 4761//4759 5241//5239 4780//4778
f 4780//4778 5241//5239 5242//5240
f 4786//4784 5242//5240 5243//5241
f 4787//4785 5243//5241 5244//5242
f 4789//4787 5244//5242 5245//5243
f 4791//4789 5245//5243 5246//5244
f 4793//4791 5246//5244 4794//4792
f 4793//4791 4791//4789 5246//5244
f 4780//4778 5242//5240 4786//4784
f 4786//4784 5243//5241 4787//4785
f 4787//4785 5244//5242 4789//4787
f 4789//4787 5245//5243 4791//4789
f 5246//5244 5247//5245 4794//4792
f 4794//4792 5247//5245 4796//4794
f 4796//4794 5247//5245 5248//5246
f 4815//4813 5248//5246 5249//5247
f 4821//4819 5249//5247 5250//5248
f 4822//4820 5250//5248 5251//5249
f 4824//4822 5251//5249 5252//5250
f 4826//4824 5252//5250 4828//4826
f 4826//4824 4824//4822 5252//5250
f 4796//4794 5248//5246 4815//4813
f 4815//4813 5249//5247 4821//4819
f 4821//4819 5250//5248 4822//4820
f 4822//4820 5251//5249 4824//4822
f 5252//5250 5253//5251 4828//4826
f 4828//4826 5253//5251 4829//4827
f 4829//4827 5253//5251 5254//5252
f 4831//4829 5254//5252 5255//5253
f 4854//4852 5255//5253 5256//5254
f 4862//4860 5256//5254 5257//5255
f 4863//4861 5257//5255 4864//4862
f 4863//4861 4862//4860 5257//5255
f 4829//4827 5254//5252 4831//4829
f 4831//4829 5255//5253 4854//4852
f 4854//4852 5256//5254 4862//4860
f 5257//5255 5258//5256 4864//4862
f 4864//4862 5258//5256 4865//4863
f 4865//4863 5258//5256 5259//5257
f 4866//4864 5259//5257 5260//5258
f 4868//4866 5260//5258 5261//5259
f 4877//4875 5261//5259 5262//5260
f 4882//4880 5262//5260 5263//5261
f 4883//4881 5263//5261 4885//4883
f 4883//4881 4882//4880 5263//5261
f 4865//4863 5259//5257 4866//4864
f 4866//4864 5260//5258 4868//4866
f 4868//4866 5261//5259 4877//4875
f 4877//4875 5262//5260 4882//4880
f 5263//5261 5264//5262 4885//4883
f 4885//4883 5264//5262 4887//4885
f 4887//4885 5264//5262 5265//5263
f 4889//4887 5265//5263 5266//5264
f 4890//4888 5266//5264 5267//5265
f 4892//4890 5267//5265 5268//5266
f 4912//4910 5268//5266 5269//5267
f 4917//4915 5269//5267 4918//4916
f 4917//4915 4912//4910 5269//5267
f 4887//4885 5265//5263 4889//4887
f 4889//4887 5266//5264 4890//4888
f 4890//4888 5267//5265 4892//4890
f 4892//4890 5268//5266 4912//4910
f 5269//5267 5270//5268 4918//4916
f 4918//4916 5270//5268 4920//4918
f 4920//4918 5270//5268 5271//5269
f 4922//4920 5271//5269 5272//5270
f 4924//4922 5272//5270 5273//5271
f 4925//4923 5273//5271 5274//5272
f 4927//4925 5274//5272 4947//4945
f 4927//4925 4925//4923 5274//5272
f 4920//4918 5271//5269 4922//4920
f 4922//4920 5272//5270 4924//4922
f 4924//4922 5273//5271 4925//4923
f 5274//5272 5275//5273 4947//4945
f 4947//4945 5275//5273 4952//4950
f 4952//4950 5275//5273 5276//5274
f 4953//4951 5276//5274 5277//5275
f 4955//4953 5277//5275 5278//5276
f 4957//4955 5278//5276 5279//5277
f 4959//4957 5279//5277 5280//5278
f 4960//4958 5280//5278 4962//4960
f 4960//4958 4959//4957 5280//5278
f 4952//4950 5276//5274 4953//4951
f 4953//4951 5277//5275 4955//4953
f 4955//4953 5278//5276 4957//4955
f 4957//4955 5279//5277 4959//4957
f 5280//5278 5281//5279 4962//4960
f 4962//4960 5281//5279 4982//4980
f 4982//4980 5281//5279 5282//5280
f 4987//4985 5282//5280 5283//5281
f 4988//4986 5283//5281 5284//5282
f 4990//4988 5284//5282 5285//5283
f 4992//4990 5285//5283 5286//5284
f 4993//4991 5286//5284 4995//4993
f 4993//4991 4992//4990 5286//5284
f 4982//4980 5282//5280 4987//4985
f 4987//4985 5283//5281 4988//4986
f 4988//4986 5284//5282 4990//4988
f 4990//4988 5285//5283 4992//4990
f 5286//5284 5287//5285 4995//4993
f 4995//4993 5287//5285 5011//5009
f 5011//5009 5287//5285 5288//5286
f 5017//5015 5288//5286 5289//5287
f 5018//5016 5289//5287 5290//5288
f 5020//5018 5290//5288 5291//5289
f 5022//5020 5291//5289 5024//5022
f 5022//5020 5020//5018 5291//5289
f 5011//5009 5288//5286 5017//5015
f 5017//5015 5289//5287 5018//5016
f 5018//5016 5290//5288 5020//5018
f 5291//5289 5292//5290 5024//5022
f 5024//5022 5292//5290 5025//5023
f 5025//5023 5292//5290 5293//5291
f 5027//5025 5293//5291 5294//5292
f 5046//5044 5294//5292 5295//5293
f 5051//5049 5295//5293 5296//5294
f 5052//5050 5296//5294 5297//5295
f 5054//5052 5297//5295 5056//5054
f 5054//5052 5052//5050 5297//5295
f 5025//5023 5293//5291 5027//5025
f 5027//5025 5294//5292 5046//5044
f 5046//5044 5295//5293 5051//5049
f 5051//5049 5296//5294 5052//5050
f 5297//5295 5298//5296 5056//5054
f 5056//5054 5298//5296 5058//5056
f 5058//5056 5298//5296 5299//5297
f 5059//5057 5299//5297 5300//5298
f 5061//5059 5300//5298 5301//5299
f 5080//5078 5301//5299 5302//5300
f 5085//5083 5302//5300 5303//5301
f 5086//5084 5303//5301 5088//5086
f 5086//5084 5085//5083 5303//5301
f 5058//5056 5299//5297 5059//5057
f 5059//5057 5300//5298 5061//5059
f 5061//5059 5301//5299 5080//5078
f 5080//5078 5302//5300 5085//5083
f 5303//5301 5304//5302 5088//5086
f 5088//5086 5304//5302 5090//5088
f 5090//5088 5304//5302 5305//5303
f 5092//5090 5305//5303 5306//5304
f 5093//5091 5306//5304 5307//5305
f 5095//5093 5307//5305 5308//5306
f 5115//5113 5308//5306 5120//5118
f 5115//5113 5095//5093 5308//5306
f 5090//5088 5305//5303 5092//5090
f 5092//5090 5306//5304 5093//5091
f 5093//5091 5307//5305 5095//5093
f 5308//5306 5309//5307 5120//5118
f 5120//5118 5309//5307 5121//5119
f 5121//5119 5309//5307 5310//5308
f 5123//5121 5310//5308 5311//5309
f 5125//5123 5311//5309 5312//5310
f 5126//5124 5312//5310 5313//5311
f 5128//5126 5313//5311 5314//5312
f 5144//5142 5314//5312 5150//5148
f 5144//5142 5128//5126 5314//5312
f 5121//5119 5310//5308 5123//5121
f 5123//5121 5311//5309 5125//5123
f 5125//5123 5312//5310 5126//5124
f 5126//5124 5313//5311 5128//5126
f 5314//5312 5315//5313 5150//5148
f 5150//5148 5315//5313 5151//5149
f 5151//5149 5315//5313 5316//5314
f 5153//5151 5316//5314 5317//5315
f 5155//5153 5317//5315 5318//5316
f 5157//5155 5318//5316 5319//5317
f 5158//5156 5319//5317 5320//5318
f 5160//5158 5320//5318 5179//5177
f 5160//5158 5158//5156 5320//5318
f 5151//5149 5316//5314 5153//5151
f 5153//5151 5317//5315 5155//5153
f 5155//5153 5318//5316 5157//5155
f 5157//5155 5319//5317 5158//5156
f 5320//5318 5321//5319 5179//5177
f 5179//5177 5321//5319 5185//5183
f 5185//5183 5321//5319 5322//5320
f 5186//5184 5322//5320 5323//5321
f 5188//5186 5323//5321 5324//5322
f 5190//5188 5324//5322 4221//4219
f 4323//4321 5190//5188 4221//4219
f 5185//5183 5322//5320 5186//5184
f 5186//5184 5323//5321 5188//5186
f 5188//5186 5324//5322 5190//5188
f 2727//2725 5325//5323 2729//2727
f 2727//2725 2726//2724 5325//5323
f 5325//5323 2726//2724 5326//5324
f 5327//5325 5326//5324 5328//5326
f 5329//5327 5328//5326 5330//5328
f 5331//5329 5330//5328 5332//5330
f 5333//5331 5332//5330 5334//5332
f 5335//5333 5334//5332 5336//5334
f 2873//2871 5336//5334 2870//2868
f 2873//2871 5335//5333 5336//5334
f 2873//2871 2876//2874 5335//5333
f 5335//5333 2876//2874 5337//5335
f 5333//5331 5337//5335 5338//5336
f 5331//5329 5338//5336 5339//5337
f 5329//5327 5339//5337 5340//5338
f 5327//5325 5340//5338 5341//5339
f 5325//5323 5341//5339 5342//5340
f 2729//2727 5342//5340 5216//5214
f 2729//2727 5325//5323 5342//5340
f 2726//2724 2724//2722 5326//5324
f 5326//5324 2724//2722 2723//2721
f 5328//5326 2723//2721 5343//5341
f 2721//2719 5343//5341 2723//2721
f 2721//2719 5328//5326 5343//5341
f 2721//2719 5344//5342 5328//5326
f 2721//2719 2719//2717 5344//5342
f 5344//5342 2719//2717 2717//2715
f 5345//5343 2717//2715 2716//2714
f 5346//5344 2716//2714 2714//2712
f 2713//2711 5346//5344 2714//2712
f 2713//2711 5347//5345 5346//5344
f 2713//2711 2711//2709 5347//5345
f 5347//5345 2711//2709 2710//2708
f 5348//5346 2710//2708 2708//2706
f 2706//2704 5348//5346 2708//2706
f 2706//2704 5349//5347 5348//5346
f 2706//2704 5350//5348 5349//5347
f 2706//2704 2705//2703 5350//5348
f 5350//5348 2705//2703 5349//5347
f 5349//5347 2705//2703 2703//2701
f 5351//5349 2703//2701 2702//2700
f 2700//2698 5351//5349 2702//2700
f 2700//2698 5352//5350 5351//5349
f 2700//2698 2699//2697 5352//5350
f 5352//5350 2699//2697 5353//5351
f 5354//5352 5353//5351 2696//2694
f 5355//5353 2696//2694 2694//2692
f 2692//2690 5355//5353 2694//2692
f 2692//2690 5356//5354 5355//5353
f 2692//2690 2691//2689 5356//5354
f 5356//5354 2691//2689 2689//2687
f 5357//5355 2689//2687 2688//2686
f 2686//2684 5357//5355 2688//2686
f 2686//2684 5358//5356 5357//5355
f 2686//2684 5359//5357 5358//5356
f 2686//2684 2685//2683 5359//5357
f 5359//5357 2685//2683 2683//2681
f 5360//5358 2683//2681 2681//2679
f 5361//5359 2681//2679 2679//2677
f 2842//2840 2679//2677 2840//2838
f 2842//2840 5361//5359 2679//2677
f 2842//2840 5360//5358 5361//5359
f 2842//2840 2845//2843 5360//5358
f 5360//5358 2845//2843 5359//5357
f 2683//2681 5360//5358 5359//5357
f 5344//5342 2717//2715 5345//5343
f 5362//5360 5345//5343 5346//5344
f 5363//5361 5346//5344 5364//5362
f 5365//5363 5364//5362 5366//5364
f 5367//5365 5366//5364 5368//5366
f 2867//2865 5368//5366 2865//2863
f 2867//2865 5367//5365 5368//5366
f 2867//2865 2870//2868 5367//5365
f 5367//5365 2870//2868 5336//5334
f 5365//5363 5336//5334 5334//5332
f 5363//5361 5334//5332 5332//5330
f 5362//5360 5332//5330 5330//5328
f 5344//5342 5330//5328 5328//5326
f 5344//5342 5362//5360 5330//5328
f 5344//5342 5345//5343 5362//5360
f 5345//5343 2716//2714 5346//5344
f 5347//5345 2710//2708 5348//5346
f 5369//5367 5348//5346 5349//5347
f 5370//5368 5349//5347 5371//5369
f 5372//5370 5371//5369 5373//5371
f 2862//2860 5373//5371 2859//2857
f 2862//2860 5372//5370 5373//5371
f 2862//2860 2865//2863 5372//5370
f 5372//5370 2865//2863 5368//5366
f 5370//5368 5368//5366 5366//5364
f 5369//5367 5366//5364 5364//5362
f 5347//5345 5364//5362 5346//5344
f 5347//5345 5369//5367 5364//5362
f 5347//5345 5348//5346 5369//5367
f 5349//5347 2703//2701 5351//5349
f 5371//5369 5351//5349 5374//5372
f 5373//5371 5374//5372 5375//5373
f 2859//2857 5375//5373 2856//2854
f 2859//2857 5373//5371 5375//5373
f 2699//2697 2697//2695 5353//5351
f 5353//5351 2697//2695 2696//2694
f 5354//5352 2696//2694 5355//5353
f 5376//5374 5355//5353 5377//5375
f 2853//2851 5377//5375 2851//2849
f 2853//2851 5376//5374 5377//5375
f 2853//2851 2856//2854 5376//5374
f 5376//5374 2856//2854 5375//5373
f 5354//5352 5375//5373 5374//5372
f 5352//5350 5374//5372 5351//5349
f 5352//5350 5354//5352 5374//5372
f 5352//5350 5353//5351 5354//5352
f 5356//5354 2689//2687 5357//5355
f 5358//5356 5356//5354 5357//5355
f 5358//5356 5377//5375 5356//5354
f 5358//5356 2851//2849 5377//5375
f 5358//5356 2848//2846 2851//2849
f 5358//5356 5359//5357 2848//2846
f 2848//2846 5359//5357 2845//2843
f 5360//5358 2681//2679 5361//5359
f 2679//2677 2678//2676 2840//2838
f 2840//2838 2678//2676 2676//2674
f 2837//2835 2676//2674 2675//2673
f 2673//2671 2837//2835 2675//2673
f 2673//2671 2672//2670 2837//2835
f 2840//2838 2676//2674 2837//2835
f 2876//2874 2878//2876 5337//5335
f 5337//5335 2878//2876 5378//5376
f 5338//5336 5378//5376 5379//5377
f 5339//5337 5379//5377 5380//5378
f 5340//5338 5380//5378 5381//5379
f 5341//5339 5381//5379 5382//5380
f 5342//5340 5382//5380 5383//5381
f 5216//5214 5383//5381 5215//5213
f 5216//5214 5342//5340 5383//5381
f 2878//2876 2881//2879 5378//5376
f 5378//5376 2881//2879 5384//5382
f 5379//5377 5384//5382 5385//5383
f 5380//5378 5385//5383 5386//5384
f 5381//5379 5386//5384 5387//5385
f 5382//5380 5387//5385 5388//5386
f 5383//5381 5388//5386 5389//5387
f 5214//5212 5389//5387 5213//5211
f 5214//5212 5383//5381 5389//5387
f 5214//5212 5215//5213 5383//5381
f 2881//2879 2884//2882 5384//5382
f 5384//5382 2884//2882 5390//5388
f 5385//5383 5390//5388 5391//5389
f 5386//5384 5391//5389 5392//5390
f 5387//5385 5392//5390 5393//5391
f 5388//5386 5393//5391 5394//5392
f 5389//5387 5394//5392 5395//5393
f 5213//5211 5395//5393 5212//5210
f 5213//5211 5389//5387 5395//5393
f 2884//2882 2887//2885 5390//5388
f 5390//5388 2887//2885 5396//5394
f 5391//5389 5396//5394 5397//5395
f 5392//5390 5397//5395 5398//5396
f 5393//5391 5398//5396 5399//5397
f 5394//5392 5399//5397 5400//5398
f 5395//5393 5400//5398 5401//5399
f 5212//5210 5401//5399 5211//5209
f 5212//5210 5395//5393 5401//5399
f 2887//2885 2890//2888 5396//5394
f 5396//5394 2890//2888 5402//5400
f 5397//5395 5402//5400 5403//5401
f 5398//5396 5403//5401 5404//5402
f 5399//5397 5404//5402 5405//5403
f 5400//5398 5405//5403 5406//5404
f 5401//5399 5406//5404 5407//5405
f 5211//5209 5407//5405 5210//5208
f 5211//5209 5401//5399 5407//5405
f 2890//2888 2892//2890 5402//5400
f 5402//5400 2892//2890 5408//5406
f 5403//5401 5408//5406 5409//5407
f 5404//5402 5409//5407 5410//5408
f 5405//5403 5410//5408 5411//5409
f 5406//5404 5411//5409 5412//5410
f 5407//5405 5412//5410 5413//5411
f 5210//5208 5413//5411 5209//5207
f 5210//5208 5407//5405 5413//5411
f 2892//2890 2895//2893 5408//5406
f 5408//5406 2895//2893 5414//5412
f 5409//5407 5414//5412 5415//5413
f 5410//5408 5415//5413 5416//5414
f 5411//5409 5416//5414 5417//5415
f 5412//5410 5417//5415 5418//5416
f 5413//5411 5418//5416 5419//5417
f 5209//5207 5419//5417 5208//5206
f 5209//5207 5413//5411 5419//5417
f 2895//2893 2898//2896 5414//5412
f 5414//5412 2898//2896 5420//5418
f 5415//5413 5420//5418 5421//5419
f 5416//5414 5421//5419 5422//5420
f 5417//5415 5422//5420 5423//5421
f 5418//5416 5423//5421 5424//5422
f 5419//5417 5424//5422 5425//5423
f 5208//5206 5425//5423 5207//5205
f 5208//5206 5419//5417 5425//5423
f 2898//2896 2901//2899 5420//5418
f 5420//5418 2901//2899 5426//5424
f 5421//5419 5426//5424 5427//5425
f 5422//5420 5427//5425 5428//5426
f 5423//5421 5428//5426 5429//5427
f 5424//5422 5429//5427 5430//5428
f 5425//5423 5430//5428 5431//5429
f 5206//5204 5431//5429 5205//5203
f 5206//5204 5425//5423 5431//5429
f 5206//5204 5207//5205 5425//5423
f 2901//2899 2903//2901 5426//5424
f 5426//5424 2903//2901 5432//5430
f 5427//5425 5432//5430 5433//5431
f 5428//5426 5433//5431 5434//5432
f 5429//5427 5434//5432 5435//5433
f 5430//5428 5435//5433 5436//5434
f 5431//5429 5436//5434 5437//5435
f 5205//5203 5437//5435 5204//5202
f 5205//5203 5431//5429 5437//5435
f 2903//2901 2906//2904 5432//5430
f 5432//5430 2906//2904 5438//5436
f 5433//5431 5438//5436 5439//5437
f 5434//5432 5439//5437 5440//5438
f 5435//5433 5440//5438 5441//5439
f 5436//5434 5441//5439 5442//5440
f 5437//5435 5442//5440 5443//5441
f 5204//5202 5443//5441 5203//5201
f 5204//5202 5437//5435 5443//5441
f 2906//2904 2909//2907 5438//5436
f 5438//5436 2909//2907 5444//5442
f 5439//5437 5444//5442 5445//5443
f 5440//5438 5445//5443 5446//5444
f 5441//5439 5446//5444 5447//5445
f 5442//5440 5447//5445 5448//5446
f 5443//5441 5448//5446 5449//5447
f 5203//5201 5449//5447 5202//5200
f 5203//5201 5443//5441 5449//5447
f 2909//2907 2912//2910 5444//5442
f 5444//5442 2912//2910 5450//5448
f 5445//5443 5450//5448 5451//5449
f 5446//5444 5451//5449 5452//5450
f 5447//5445 5452//5450 5453//5451
f 5448//5446 5453//5451 5454//5452
f 5449//5447 5454//5452 5455//5453
f 5202//5200 5455//5453 5201//5199
f 5202//5200 5449//5447 5455//5453
f 2912//2910 2915//2913 5450//5448
f 5450//5448 2915//2913 5456//5454
f 5451//5449 5456//5454 5457//5455
f 5452//5450 5457//5455 5458//5456
f 5453//5451 5458//5456 5459//5457
f 5454//5452 5459//5457 5460//5458
f 5455//5453 5460//5458 5461//5459
f 5201//5199 5461//5459 5200//5198
f 5201//5199 5455//5453 5461//5459
f 2915//2913 2917//2915 5456//5454
f 5456//5454 2917//2915 5462//5460
f 5457//5455 5462//5460 5463//5461
f 5458//5456 5463//5461 5464//5462
f 5459//5457 5464//5462 5465//5463
f 5460//5458 5465//5463 5466//5464
f 5461//5459 5466//5464 5467//5465
f 5468//5466 5467//5465 5469//5467
f 5470//5468 5469//5467 5471//5469
f 5217//5215 5471//5469 5218//5216
f 5217//5215 5470//5468 5471//5469
f 5217//5215 5198//5196 5470//5468
f 5470//5468 5198//5196 5468//5466
f 5469//5467 5470//5468 5468//5466
f 2917//2915 2920//2918 5462//5460
f 5462//5460 2920//2918 5472//5470
f 5463//5461 5472//5470 5473//5471
f 5464//5462 5473//5471 5474//5472
f 5465//5463 5474//5472 5475//5473
f 5466//5464 5475//5473 5476//5474
f 5467//5465 5476//5474 5477//5475
f 5469//5467 5477//5475 5478//5476
f 5471//5469 5478//5476 5479//5477
f 5218//5216 5479//5477 5219//5217
f 5218//5216 5471//5469 5479//5477
f 2920//2918 2923//2921 5472//5470
f 5472//5470 2923//2921 5480//5478
f 5473//5471 5480//5478 5481//5479
f 5474//5472 5481//5479 5482//5480
f 5475//5473 5482//5480 5483//5481
f 5476//5474 5483//5481 5484//5482
f 5477//5475 5484//5482 5485//5483
f 5478//5476 5485//5483 5486//5484
f 5479//5477 5486//5484 5487//5485
f 5219//5217 5487//5485 5220//5218
f 5219//5217 5479//5477 5487//5485
f 5480//5478 2923//2921 5488//5486
f 5481//5479 5488//5486 5489//5487
f 5482//5480 5489//5487 5490//5488
f 5483//5481 5490//5488 5491//5489
f 5484//5482 5491//5489 5492//5490
f 5485//5483 5492//5490 5493//5491
f 5486//5484 5493//5491 5494//5492
f 5487//5485 5494//5492 5495//5493
f 5220//5218 5495//5493 5221//5219
f 5220//5218 5487//5485 5495//5493
f 2928//2926 5496//5494 2926//2924
f 2928//2926 5497//5495 5496//5494
f 2928//2926 2931//2929 5497//5495
f 5497//5495 2931//2929 5498//5496
f 5490//5488 5498//5496 5491//5489
f 5490//5488 5497//5495 5498//5496
f 5490//5488 5489//5487 5497//5495
f 5497//5495 5489//5487 5496//5494
f 5496//5494 5489//5487 5488//5486
f 2926//2924 5488//5486 2923//2921
f 2926//2924 5496//5494 5488//5486
f 2931//2929 2934//2932 5498//5496
f 5498//5496 2934//2932 5499//5497
f 5500//5498 5499//5497 5501//5499
f 5502//5500 5501//5499 5503//5501
f 5504//5502 5503//5501 5505//5503
f 5506//5504 5505//5503 5507//5505
f 5508//5506 5507//5505 5509//5507
f 5222//5220 5509//5507 5223//5221
f 5222//5220 5508//5506 5509//5507
f 5222//5220 5221//5219 5508//5506
f 5508//5506 5221//5219 5495//5493
f 5506//5504 5495//5493 5494//5492
f 5504//5502 5494//5492 5493//5491
f 5502//5500 5493//5491 5492//5490
f 5500//5498 5492//5490 5491//5489
f 5498//5496 5500//5498 5491//5489
f 5498//5496 5499//5497 5500//5498
f 2934//2932 2937//2935 5499//5497
f 5499//5497 2937//2935 5510//5508
f 5501//5499 5510//5508 5511//5509
f 5503//5501 5511//5509 5512//5510
f 5505//5503 5512//5510 5513//5511
f 5507//5505 5513//5511 5514//5512
f 5509//5507 5514//5512 5515//5513
f 5224//5222 5515//5513 5225//5223
f 5224//5222 5509//5507 5515//5513
f 5224//5222 5223//5221 5509//5507
f 2937//2935 2939//2937 5510//5508
f 5510//5508 2939//2937 5516//5514
f 5511//5509 5516//5514 5517//5515
f 5512//5510 5517//5515 5518//5516
f 5513//5511 5518//5516 5519//5517
f 5514//5512 5519//5517 5520//5518
f 5515//5513 5520//5518 5521//5519
f 5225//5223 5521//5519 5226//5224
f 5225//5223 5515//5513 5521//5519
f 2939//2937 2942//2940 5516//5514
f 5516//5514 2942//2940 5522//5520
f 5517//5515 5522//5520 5523//5521
f 5518//5516 5523//5521 5524//5522
f 5519//5517 5524//5522 5525//5523
f 5520//5518 5525//5523 5526//5524
f 5521//5519 5526//5524 5527//5525
f 5226//5224 5527//5525 5227//5225
f 5226//5224 5521//5519 5527//5525
f 2942//2940 2945//2943 5522//5520
f 5522//5520 2945//2943 5528//5526
f 5523//5521 5528//5526 5529//5527
f 5524//5522 5529//5527 5530//5528
f 5525//5523 5530//5528 5531//5529
f 5526//5524 5531//5529 5532//5530
f 5527//5525 5532//5530 5533//5531
f 5227//5225 5533//5531 5228//5226
f 5227//5225 5527//5525 5533//5531
f 2945//2943 2948//2946 5528//5526
f 5528//5526 2948//2946 5534//5532
f 5529//5527 5534//5532 5535//5533
f 5530//5528 5535//5533 5536//5534
f 5531//5529 5536//5534 5537//5535
f 5532//5530 5537//5535 5538//5536
f 5533//5531 5538//5536 5539//5537
f 5228//5226 5539//5537 5229//5227
f 5228//5226 5533//5531 5539//5537
f 2948//2946 2951//2949 5534//5532
f 5534//5532 2951//2949 5540//5538
f 5535//5533 5540//5538 5541//5539
f 5536//5534 5541//5539 5542//5540
f 5537//5535 5542//5540 5543//5541
f 5538//5536 5543//5541 5544//5542
f 5539//5537 5544//5542 5545//5543
f 5229//5227 5545//5543 5230//5228
f 5229//5227 5539//5537 5545//5543
f 2951//2949 2953//2951 5540//5538
f 5540//5538 2953//2951 5546//5544
f 5541//5539 5546//5544 5547//5545
f 5542//5540 5547//5545 5548//5546
f 5543//5541 5548//5546 5549//5547
f 5544//5542 5549//5547 5550//5548
f 5545//5543 5550//5548 5551//5549
f 5230//5228 5551//5549 5231//5229
f 5230//5228 5545//5543 5551//5549
f 2953//2951 2956//2954 5546//5544
f 5546//5544 2956//2954 5552//5550
f 5547//5545 5552//5550 5553//5551
f 5548//5546 5553//5551 5554//5552
f 5549//5547 5554//5552 5555//5553
f 5550//5548 5555//5553 5556//5554
f 5551//5549 5556//5554 5557//5555
f 5232//5230 5557//5555 5233//5231
f 5232//5230 5551//5549 5557//5555
f 5232//5230 5231//5229 5551//5549
f 2956//2954 2959//2957 5552//5550
f 5552//5550 2959//2957 5558//5556
f 5553//5551 5558//5556 5559//5557
f 5554//5552 5559//5557 5560//5558
f 5555//5553 5560//5558 5561//5559
f 5556//5554 5561//5559 5562//5560
f 5557//5555 5562//5560 5563//5561
f 5233//5231 5563//5561 5234//5232
f 5233//5231 5557//5555 5563//5561
f 2959//2957 2962//2960 5558//5556
f 5558//5556 2962//2960 5564//5562
f 5559//5557 5564//5562 5565//5563
f 5560//5558 5565//5563 5566//5564
f 5561//5559 5566//5564 5567//5565
f 5562//5560 5567//5565 5568//5566
f 5563//5561 5568//5566 5569//5567
f 5234//5232 5569//5567 5235//5233
f 5234//5232 5563//5561 5569//5567
f 2962//2960 2964//2962 5564//5562
f 5564//5562 2964//2962 5570//5568
f 5565//5563 5570//5568 5571//5569
f 5566//5564 5571//5569 5572//5570
f 5567//5565 5572//5570 5573//5571
f 5568//5566 5573//5571 5574//5572
f 5569//5567 5574//5572 5575//5573
f 5235//5233 5575//5573 5236//5234
f 5235//5233 5569//5567 5575//5573
f 2964//2962 2967//2965 5570//5568
f 5570//5568 2967//2965 5576//5574
f 5571//5569 5576//5574 5577//5575
f 5572//5570 5577//5575 5578//5576
f 5573//5571 5578//5576 5579//5577
f 5574//5572 5579//5577 5580//5578
f 5575//5573 5580//5578 5581//5579
f 5236//5234 5581//5579 5237//5235
f 5236//5234 5575//5573 5581//5579
f 2967//2965 2970//2968 5576//5574
f 5576//5574 2970//2968 5582//5580
f 5577//5575 5582//5580 5583//5581
f 5578//5576 5583//5581 5584//5582
f 5579//5577 5584//5582 5585//5583
f 5580//5578 5585//5583 5586//5584
f 5581//5579 5586//5584 5587//5585
f 5237//5235 5587//5585 5238//5236
f 5237//5235 5581//5579 5587//5585
f 2970//2968 2973//2971 5582//5580
f 5582//5580 2973//2971 5588//5586
f 5583//5581 5588//5586 5589//5587
f 5584//5582 5589//5587 5590//5588
f 5585//5583 5590//5588 5591//5589
f 5586//5584 5591//5589 5592//5590
f 5587//5585 5592//5590 5593//5591
f 5238//5236 5593//5591 5239//5237
f 5238//5236 5587//5585 5593//5591
f 2973//2971 2976//2974 5588//5586
f 5588//5586 2976//2974 5594//5592
f 5589//5587 5594//5592 5595//5593
f 5590//5588 5595//5593 5596//5594
f 5591//5589 5596//5594 5597//5595
f 5592//5590 5597//5595 5598//5596
f 5593//5591 5598//5596 5599//5597
f 5240//5238 5599//5597 5241//5239
f 5240//5238 5593//5591 5599//5597
f 5240//5238 5239//5237 5593//5591
f 2976//2974 2978//2976 5594//5592
f 5594//5592 2978//2976 5600//5598
f 5595//5593 5600//5598 5601//5599
f 5596//5594 5601//5599 5602//5600
f 5597//5595 5602//5600 5603//5601
f 5598//5596 5603//5601 5604//5602
f 5599//5597 5604//5602 5605//5603
f 5241//5239 5605//5603 5242//5240
f 5241//5239 5599//5597 5605//5603
f 2978//2976 2981//2979 5600//5598
f 5600//5598 2981//2979 5606//5604
f 5601//5599 5606//5604 5607//5605
f 5602//5600 5607//5605 5608//5606
f 5603//5601 5608//5606 5609//5607
f 5604//5602 5609//5607 5610//5608
f 5605//5603 5610//5608 5611//5609
f 5242//5240 5611//5609 5243//5241
f 5242//5240 5605//5603 5611//5609
f 2981//2979 2984//2982 5606//5604
f 5606//5604 2984//2982 5612//5610
f 5607//5605 5612//5610 5613//5611
f 5608//5606 5613//5611 5614//5612
f 5609//5607 5614//5612 5615//5613
f 5610//5608 5615//5613 5616//5614
f 5611//5609 5616//5614 5617//5615
f 5243//5241 5617//5615 5244//5242
f 5243//5241 5611//5609 5617//5615
f 2984//2982 2987//2985 5612//5610
f 5612//5610 2987//2985 5618//5616
f 5613//5611 5618//5616 5619//5617
f 5614//5612 5619//5617 5620//5618
f 5615//5613 5620//5618 5621//5619
f 5616//5614 5621//5619 5622//5620
f 5617//5615 5622//5620 5623//5621
f 5244//5242 5623//5621 5245//5243
f 5244//5242 5617//5615 5623//5621
f 2987//2985 2989//2987 5618//5616
f 5618//5616 2989//2987 5624//5622
f 5619//5617 5624//5622 5625//5623
f 5620//5618 5625//5623 5626//5624
f 5621//5619 5626//5624 5627//5625
f 5622//5620 5627//5625 5628//5626
f 5623//5621 5628//5626 5629//5627
f 5245//5243 5629//5627 5246//5244
f 5245//5243 5623//5621 5629//5627
f 2989//2987 2992//2990 5624//5622
f 5624//5622 2992//2990 5630//5628
f 5625//5623 5630//5628 5631//5629
f 5626//5624 5631//5629 5632//5630
f 5627//5625 5632//5630 5633//5631
f 5628//5626 5633//5631 5634//5632
f 5629//5627 5634//5632 5635//5633
f 5247//5245 5635//5633 5248//5246
f 5247//5245 5629//5627 5635//5633
f 5247//5245 5246//5244 5629//5627
f 2992//2990 2995//2993 5630//5628
f 5630//5628 2995//2993 5636//5634
f 5631//5629 5636//5634 5637//5635
f 5632//5630 5637//5635 5638//5636
f 5633//5631 5638//5636 5639//5637
f 5634//5632 5639//5637 5640//5638
f 5635//5633 5640//5638 5641//5639
f 5248//5246 5641//5639 5249//5247
f 5248//5246 5635//5633 5641//5639
f 2995//2993 2998//2996 5636//5634
f 5636//5634 2998//2996 5642//5640
f 5637//5635 5642//5640 5643//5641
f 5638//5636 5643//5641 5644//5642
f 5639//5637 5644//5642 5645//5643
f 5640//5638 5645//5643 5646//5644
f 5641//5639 5646//5644 5647//5645
f 5249//5247 5647//5645 5250//5248
f 5249//5247 5641//5639 5647//5645
f 2998//2996 3001//2999 5642//5640
f 5642//5640 3001//2999 5648//5646
f 5643//5641 5648//5646 5649//5647
f 5644//5642 5649//5647 5650//5648
f 5645//5643 5650//5648 5651//5649
f 5646//5644 5651//5649 5652//5650
f 5647//5645 5652//5650 5653//5651
f 5250//5248 5653//5651 5251//5249
f 5250//5248 5647//5645 5653//5651
f 3001//2999 3003//3001 5648//5646
f 5648//5646 3003//3001 5654//5652
f 5649//5647 5654//5652 5655//5653
f 5650//5648 5655//5653 5656//5654
f 5651//5649 5656//5654 5657//5655
f 5652//5650 5657//5655 5658//5656
f 5653//5651 5658//5656 5659//5657
f 5251//5249 5659//5657 5252//5250
f 5251//5249 5653//5651 5659//5657
f 3003//3001 3006//3004 5654//5652
f 5654//5652 3006//3004 5660//5658
f 5655//5653 5660//5658 5661//5659
f 5656//5654 5661//5659 5662//5660
f 5657//5655 5662//5660 5663//5661
f 5658//5656 5663//5661 5664//5662
f 5659//5657 5664//5662 5665//5663
f 5252//5250 5665//5663 5253//5251
f 5252//5250 5659//5657 5665//5663
f 3006//3004 3009//3007 5660//5658
f 5660//5658 3009//3007 5666//5664
f 5661//5659 5666//5664 5667//5665
f 5662//5660 5667//5665 5668//5666
f 5663//5661 5668//5666 5669//5667
f 5664//5662 5669//5667 5670//5668
f 5665//5663 5670//5668 5671//5669
f 5253//5251 5671//5669 5254//5252
f 5253//5251 5665//5663 5671//5669
f 3009//3007 3012//3010 5666//5664
f 5666//5664 3012//3010 5672//5670
f 5667//5665 5672//5670 5673//5671
f 5668//5666 5673//5671 5674//5672
f 5669//5667 5674//5672 5675//5673
f 5670//5668 5675//5673 5676//5674
f 5671//5669 5676//5674 5677//5675
f 5255//5253 5677//5675 5256//5254
f 5255//5253 5671//5669 5677//5675
f 5255//5253 5254//5252 5671//5669
f 5672//5670 3012//3010 5678//5676
f 5673//5671 5678//5676 5679//5677
f 5674//5672 5679//5677 5680//5678
f 5675//5673 5680//5678 5681//5679
f 5676//5674 5681//5679 5682//5680
f 5677//5675 5682//5680 5683//5681
f 5256//5254 5683//5681 5257//5255
f 5256//5254 5677//5675 5683//5681
f 3017//3015 5684//5682 3014//3012
f 3017//3015 5685//5683 5684//5682
f 3017//3015 3020//3018 5685//5683
f 5685//5683 3020//3018 5686//5684
f 5687//5685 5686//5684 5688//5686
f 5689//5687 5688//5686 5690//5688
f 5691//5689 5690//5688 5692//5690
f 5693//5691 5692//5690 5694//5692
f 5695//5693 5694//5692 5696//5694
f 5259//5257 5696//5694 5260//5258
f 5259//5257 5695//5693 5696//5694
f 5259//5257 5258//5256 5695//5693
f 5695//5693 5258//5256 5697//5695
f 5693//5691 5697//5695 5698//5696
f 5691//5689 5698//5696 5699//5697
f 5689//5687 5699//5697 5700//5698
f 5687//5685 5700//5698 5701//5699
f 5685//5683 5701//5699 5684//5682
f 5685//5683 5687//5685 5701//5699
f 5685//5683 5686//5684 5687//5685
f 3020//3018 3023//3021 5686//5684
f 5686//5684 3023//3021 5702//5700
f 5688//5686 5702//5700 5703//5701
f 5690//5688 5703//5701 5704//5702
f 5692//5690 5704//5702 5705//5703
f 5694//5692 5705//5703 5706//5704
f 5696//5694 5706//5704 5707//5705
f 5260//5258 5707//5705 5261//5259
f 5260//5258 5696//5694 5707//5705
f 3023//3021 3025//3023 5702//5700
f 5702//5700 3025//3023 5708//5706
f 5703//5701 5708//5706 5709//5707
f 5704//5702 5709//5707 5710//5708
f 5705//5703 5710//5708 5711//5709
f 5706//5704 5711//5709 5712//5710
f 5707//5705 5712//5710 5713//5711
f 5261//5259 5713//5711 5262//5260
f 5261//5259 5707//5705 5713//5711
f 3025//3023 3028//3026 5708//5706
f 5708//5706 3028//3026 5714//5712
f 5709//5707 5714//5712 5715//5713
f 5710//5708 5715//5713 5716//5714
f 5711//5709 5716//5714 5717//5715
f 5712//5710 5717//5715 5718//5716
f 5713//5711 5718//5716 5719//5717
f 5263//5261 5719//5717 5264//5262
f 5263//5261 5713//5711 5719//5717
f 5263//5261 5262//5260 5713//5711
f 3028//3026 3031//3029 5714//5712
f 5714//5712 3031//3029 5720//5718
f 5715//5713 5720//5718 5721//5719
f 5716//5714 5721//5719 5722//5720
f 5717//5715 5722//5720 5723//5721
f 5718//5716 5723//5721 5724//5722
f 5719//5717 5724//5722 5725//5723
f 5264//5262 5725//5723 5265//5263
f 5264//5262 5719//5717 5725//5723
f 3031//3029 3034//3032 5720//5718
f 5720//5718 3034//3032 5726//5724
f 5721//5719 5726//5724 5727//5725
f 5722//5720 5727//5725 5728//5726
f 5723//5721 5728//5726 5729//5727
f 5724//5722 5729//5727 5730//5728
f 5725//5723 5730//5728 5731//5729
f 5265//5263 5731//5729 5266//5264
f 5265//5263 5725//5723 5731//5729
f 3034//3032 3037//3035 5726//5724
f 5726//5724 3037//3035 5732//5730
f 5727//5725 5732//5730 5733//5731
f 5728//5726 5733//5731 5734//5732
f 5729//5727 5734//5732 5735//5733
f 5730//5728 5735//5733 5736//5734
f 5731//5729 5736//5734 5737//5735
f 5266//5264 5737//5735 5267//5265
f 5266//5264 5731//5729 5737//5735
f 3037//3035 3039//3037 5732//5730
f 5732//5730 3039//3037 5738//5736
f 5733//5731 5738//5736 5739//5737
f 5734//5732 5739//5737 5740//5738
f 5735//5733 5740//5738 5741//5739
f 5736//5734 5741//5739 5742//5740
f 5737//5735 5742//5740 5743//5741
f 5267//5265 5743//5741 5268//5266
f 5267//5265 5737//5735 5743//5741
f 3039//3037 3042//3040 5738//5736
f 5738//5736 3042//3040 5744//5742
f 5739//5737 5744//5742 5745//5743
f 5740//5738 5745//5743 5746//5744
f 5741//5739 5746//5744 5747//5745
f 5742//5740 5747//5745 5748//5746
f 5743//5741 5748//5746 5749//5747
f 5268//5266 5749//5747 5269//5267
f 5268//5266 5743//5741 5749//5747
f 3042//3040 3045//3043 5744//5742
f 5744//5742 3045//3043 5750//5748
f 5745//5743 5750//5748 5751//5749
f 5746//5744 5751//5749 5752//5750
f 5747//5745 5752//5750 5753//5751
f 5748//5746 5753//5751 5754//5752
f 5749//5747 5754//5752 5755//5753
f 5756//5754 5755//5753 5757//5755
f 5758//5756 5757//5755 5759//5757
f 5272//5270 5759//5757 5273//5271
f 5272//5270 5758//5756 5759//5757
f 5272//5270 5271//5269 5758//5756
f 5758//5756 5271//5269 5756//5754
f 5757//5755 5758//5756 5756//5754
f 3045//3043 3048//3046 5750//5748
f 5750//5748 3048//3046 5760//5758
f 5751//5749 5760//5758 5761//5759
f 5752//5750 5761//5759 5762//5760
f 5753//5751 5762//5760 5763//5761
f 5754//5752 5763//5761 5764//5762
f 5755//5753 5764//5762 5765//5763
f 5757//5755 5765//5763 5766//5764
f 5759//5757 5766//5764 5767//5765
f 5273//5271 5767//5765 5274//5272
f 5273//5271 5759//5757 5767//5765
f 3048//3046 3050//3048 5760//5758
f 5760//5758 3050//3048 5768//5766
f 5761//5759 5768//5766 5769//5767
f 5762//5760 5769//5767 5770//5768
f 5763//5761 5770//5768 5771//5769
f 5764//5762 5771//5769 5772//5770
f 5765//5763 5772//5770 5773//5771
f 5766//5764 5773//5771 5774//5772
f 5767//5765 5774//5772 5775//5773
f 5274//5272 5775//5773 5275//5273
f 5274//5272 5767//5765 5775//5773
f 3050//3048 3053//3051 5768//5766
f 5768//5766 3053//3051 5776//5774
f 5769//5767 5776//5774 5777//5775
f 5770//5768 5777//5775 5778//5776
f 5771//5769 5778//5776 5779//5777
f 5772//5770 5779//5777 5780//5778
f 5773//5771 5780//5778 5781//5779
f 5774//5772 5781//5779 5782//5780
f 5775//5773 5782//5780 5783//5781
f 5275//5273 5783//5781 5276//5274
f 5275//5273 5775//5773 5783//5781
f 3053//3051 3056//3054 5776//5774
f 5776//5774 3056//3054 5784//5782
f 5777//5775 5784//5782 5785//5783
f 5778//5776 5785//5783 5786//5784
f 5779//5777 5786//5784 5787//5785
f 5780//5778 5787//5785 5788//5786
f 5781//5779 5788//5786 5789//5787
f 5782//5780 5789//5787 5790//5788
f 5783//5781 5790//5788 5791//5789
f 5276//5274 5791//5789 5277//5275
f 5276//5274 5783//5781 5791//5789
f 3056//3054 3059//3057 5784//5782
f 5784//5782 3059//3057 5785//5783
f 5785//5783 3059//3057 3061//3059
f 5786//5784 3061//3059 3064//3062
f 5792//5790 3064//3062 3067//3065
f 5793//5791 3067//3065 3070//3068
f 5794//5792 3070//3068 3073//3071
f 5795//5793 3073//3071 3075//3073
f 5796//5794 3075//3073 3078//3076
f 5797//5795 3078//3076 3081//3079
f 5798//5796 3081//3079 3084//3082
f 5799//5797 3084//3082 3087//3085
f 5800//5798 3087//3085 3089//3087
f 5801//5799 3089//3087 3092//3090
f 5802//5800 3092//3090 3095//3093
f 5803//5801 3095//3093 3098//3096
f 5804//5802 3098//3096 3100//3098
f 5805//5803 3100//3098 5806//5804
f 5807//5805 5806//5804 5808//5806
f 5809//5807 5808//5806 5810//5808
f 5811//5809 5810//5808 5812//5810
f 5813//5811 5812//5810 5814//5812
f 5815//5813 5814//5812 5816//5814
f 5293//5291 5816//5814 5294//5292
f 5293//5291 5815//5813 5816//5814
f 5293//5291 5292//5290 5815//5813
f 5815//5813 5292//5290 5817//5815
f 5813//5811 5817//5815 5818//5816
f 5811//5809 5818//5816 5819//5817
f 5809//5807 5819//5817 5820//5818
f 5807//5805 5820//5818 5821//5819
f 5805//5803 5821//5819 5804//5802
f 3100//3098 5805//5803 5804//5802
f 5785//5783 3061//3059 5786//5784
f 5786//5784 3064//3062 5792//5790
f 5787//5785 5792//5790 5822//5820
f 5788//5786 5822//5820 5823//5821
f 5789//5787 5823//5821 5824//5822
f 5790//5788 5824//5822 5825//5823
f 5791//5789 5825//5823 5826//5824
f 5277//5275 5826//5824 5278//5276
f 5277//5275 5791//5789 5826//5824
f 5792//5790 3067//3065 5793//5791
f 5822//5820 5793//5791 5827//5825
f 5823//5821 5827//5825 5828//5826
f 5824//5822 5828//5826 5829//5827
f 5825//5823 5829//5827 5830//5828
f 5826//5824 5830//5828 5831//5829
f 5279//5277 5831//5829 5280//5278
f 5279//5277 5826//5824 5831//5829
f 5279//5277 5278//5276 5826//5824
f 5793//5791 3070//3068 5794//5792
f 5827//5825 5794//5792 5832//5830
f 5828//5826 5832//5830 5833//5831
f 5829//5827 5833//5831 5834//5832
f 5830//5828 5834//5832 5835//5833
f 5831//5829 5835//5833 5836//5834
f 5280//5278 5836//5834 5281//5279
f 5280//5278 5831//5829 5836//5834
f 5794//5792 3073//3071 5795//5793
f 5832//5830 5795//5793 5837//5835
f 5833//5831 5837//5835 5838//5836
f 5834//5832 5838//5836 5839//5837
f 5835//5833 5839//5837 5840//5838
f 5836//5834 5840//5838 5841//5839
f 5281//5279 5841//5839 5282//5280
f 5281//5279 5836//5834 5841//5839
f 5795//5793 3075//3073 5796//5794
f 5837//5835 5796//5794 5842//5840
f 5838//5836 5842//5840 5843//5841
f 5839//5837 5843//5841 5844//5842
f 5840//5838 5844//5842 5845//5843
f 5841//5839 5845//5843 5846//5844
f 5282//5280 5846//5844 5283//5281
f 5282//5280 5841//5839 5846//5844
f 5796//5794 3078//3076 5797//5795
f 5842//5840 5797//5795 5847//5845
f 5843//5841 5847//5845 5848//5846
f 5844//5842 5848//5846 5849//5847
f 5845//5843 5849//5847 5850//5848
f 5846//5844 5850//5848 5851//5849
f 5283//5281 5851//5849 5284//5282
f 5283//5281 5846//5844 5851//5849
f 5797//5795 3081//3079 5798//5796
f 5847//5845 5798//5796 5852//5850
f 5848//5846 5852//5850 5853//5851
f 5849//5847 5853//5851 5854//5852
f 5850//5848 5854//5852 5855//5853
f 5851//5849 5855//5853 5856//5854
f 5284//5282 5856//5854 5285//5283
f 5284//5282 5851//5849 5856//5854
f 5798//5796 3084//3082 5799//5797
f 5852//5850 5799//5797 5857//5855
f 5853//5851 5857//5855 5858//5856
f 5854//5852 5858//5856 5859//5857
f 5855//5853 5859//5857 5860//5858
f 5856//5854 5860//5858 5861//5859
f 5285//5283 5861//5859 5286//5284
f 5285//5283 5856//5854 5861//5859
f 5799//5797 3087//3085 5800//5798
f 5857//5855 5800//5798 5862//5860
f 5858//5856 5862//5860 5863//5861
f 5859//5857 5863//5861 5864//5862
f 5860//5858 5864//5862 5865//5863
f 5861//5859 5865//5863 5866//5864
f 5287//5285 5866//5864 5288//5286
f 5287//5285 5861//5859 5866//5864
f 5287//5285 5286//5284 5861//5859
f 5800//5798 3089//3087 5801//5799
f 5862//5860 5801//5799 5867//5865
f 5863//5861 5867//5865 5868//5866
f 5864//5862 5868//5866 5869//5867
f 5865//5863 5869//5867 5870//5868
f 5866//5864 5870//5868 5871//5869
f 5288//5286 5871//5869 5289//5287
f 5288//5286 5866//5864 5871//5869
f 5801//5799 3092//3090 5802//5800
f 5867//5865 5802//5800 5872//5870
f 5868//5866 5872//5870 5873//5871
f 5869//5867 5873//5871 5874//5872
f 5870//5868 5874//5872 5875//5873
f 5871//5869 5875//5873 5876//5874
f 5289//5287 5876//5874 5290//5288
f 5289//5287 5871//5869 5876//5874
f 5802//5800 3095//3093 5803//5801
f 5872//5870 5803//5801 5877//5875
f 5873//5871 5877//5875 5878//5876
f 5874//5872 5878//5876 5879//5877
f 5875//5873 5879//5877 5880//5878
f 5876//5874 5880//5878 5881//5879
f 5290//5288 5881//5879 5291//5289
f 5290//5288 5876//5874 5881//5879
f 5803//5801 3098//3096 5804//5802
f 5877//5875 5804//5802 5821//5819
f 5878//5876 5821//5819 5820//5818
f 5879//5877 5820//5818 5819//5817
f 5880//5878 5819//5817 5818//5816
f 5881//5879 5818//5816 5817//5815
f 5291//5289 5817//5815 5292//5290
f 5291//5289 5881//5879 5817//5815
f 3100//3098 3103//3101 5806//5804
f 5806//5804 3103//3101 5882//5880
f 5808//5806 5882//5880 5883//5881
f 5810//5808 5883//5881 5884//5882
f 5812//5810 5884//5882 5885//5883
f 5814//5812 5885//5883 5886//5884
f 5816//5814 5886//5884 5887//5885
f 5295//5293 5887//5885 5296//5294
f 5295//5293 5816//5814 5887//5885
f 5295//5293 5294//5292 5816//5814
f 3103//3101 3106//3104 5882//5880
f 5882//5880 3106//3104 5888//5886
f 5883//5881 5888//5886 5889//5887
f 5884//5882 5889//5887 5890//5888
f 5885//5883 5890//5888 5891//5889
f 5886//5884 5891//5889 5892//5890
f 5887//5885 5892//5890 5893//5891
f 5296//5294 5893//5891 5297//5295
f 5296//5294 5887//5885 5893//5891
f 3106//3104 3109//3107 5888//5886
f 5888//5886 3109//3107 5894//5892
f 5889//5887 5894//5892 5895//5893
f 5890//5888 5895//5893 5896//5894
f 5891//5889 5896//5894 5897//5895
f 5892//5890 5897//5895 5898//5896
f 5893//5891 5898//5896 5899//5897
f 5297//5295 5899//5897 5298//5296
f 5297//5295 5893//5891 5899//5897
f 3109//3107 3111//3109 5894//5892
f 5894//5892 3111//3109 5900//5898
f 5895//5893 5900//5898 5901//5899
f 5896//5894 5901//5899 5902//5900
f 5897//5895 5902//5900 5903//5901
f 5898//5896 5903//5901 5904//5902
f 5899//5897 5904//5902 5905//5903
f 5298//5296 5905//5903 5299//5297
f 5298//5296 5899//5897 5905//5903
f 3111//3109 3114//3112 5900//5898
f 5900//5898 3114//3112 5906//5904
f 5901//5899 5906//5904 5907//5905
f 5902//5900 5907//5905 5908//5906
f 5903//5901 5908//5906 5909//5907
f 5904//5902 5909//5907 5910//5908
f 5905//5903 5910//5908 5911//5909
f 5299//5297 5911//5909 5300//5298
f 5299//5297 5905//5903 5911//5909
f 3114//3112 3117//3115 5906//5904
f 5906//5904 3117//3115 5912//5910
f 5907//5905 5912//5910 5913//5911
f 5908//5906 5913//5911 5914//5912
f 5909//5907 5914//5912 5915//5913
f 5910//5908 5915//5913 5916//5914
f 5911//5909 5916//5914 5917//5915
f 5300//5298 5917//5915 5301//5299
f 5300//5298 5911//5909 5917//5915
f 3117//3115 3120//3118 5912//5910
f 5912//5910 3120//3118 5918//5916
f 5913//5911 5918//5916 5919//5917
f 5914//5912 5919//5917 5920//5918
f 5915//5913 5920//5918 5921//5919
f 5916//5914 5921//5919 5922//5920
f 5917//5915 5922//5920 5923//5921
f 5302//5300 5923//5921 5303//5301
f 5302//5300 5917//5915 5923//5921
f 5302//5300 5301//5299 5917//5915
f 3120//3118 3123//3121 5918//5916
f 5918//5916 3123//3121 5924//5922
f 5919//5917 5924//5922 5925//5923
f 5920//5918 5925//5923 5926//5924
f 5921//5919 5926//5924 5927//5925
f 5922//5920 5927//5925 5928//5926
f 5923//5921 5928//5926 5929//5927
f 5303//5301 5929//5927 5304//5302
f 5303//5301 5923//5921 5929//5927
f 3123//3121 3125//3123 5924//5922
f 5924//5922 3125//3123 5930//5928
f 5925//5923 5930//5928 5931//5929
f 5926//5924 5931//5929 5932//5930
f 5927//5925 5932//5930 5933//5931
f 5928//5926 5933//5931 5934//5932
f 5929//5927 5934//5932 5935//5933
f 5304//5302 5935//5933 5305//5303
f 5304//5302 5929//5927 5935//5933
f 3125//3123 3128//3126 5930//5928
f 5930//5928 3128//3126 5936//5934
f 5931//5929 5936//5934 5937//5935
f 5932//5930 5937//5935 5938//5936
f 5933//5931 5938//5936 5939//5937
f 5934//5932 5939//5937 5940//5938
f 5935//5933 5940//5938 5941//5939
f 5305//5303 5941//5939 5306//5304
f 5305//5303 5935//5933 5941//5939
f 3128//3126 3131//3129 5936//5934
f 5936//5934 3131//3129 5942//5940
f 5937//5935 5942//5940 5943//5941
f 5938//5936 5943//5941 5944//5942
f 5939//5937 5944//5942 5945//5943
f 5940//5938 5945//5943 5946//5944
f 5941//5939 5946//5944 5947//5945
f 5306//5304 5947//5945 5307//5305
f 5306//5304 5941//5939 5947//5945
f 3131//3129 3134//3132 5942//5940
f 5942//5940 3134//3132 5948//5946
f 5943//5941 5948//5946 5949//5947
f 5944//5942 5949//5947 5950//5948
f 5945//5943 5950//5948 5951//5949
f 5946//5944 5951//5949 5952//5950
f 5947//5945 5952//5950 5953//5951
f 5307//5305 5953//5951 5308//5306
f 5307//5305 5947//5945 5953//5951
f 3134//3132 3136//3134 5948//5946
f 5948//5946 3136//3134 5954//5952
f 5949//5947 5954//5952 5955//5953
f 5950//5948 5955//5953 5956//5954
f 5951//5949 5956//5954 5957//5955
f 5952//5950 5957//5955 5958//5956
f 5953//5951 5958//5956 5959//5957
f 5308//5306 5959//5957 5309//5307
f 5308//5306 5953//5951 5959//5957
f 3136//3134 3139//3137 5954//5952
f 5954//5952 3139//3137 5960//5958
f 5955//5953 5960//5958 5961//5959
f 5956//5954 5961//5959 5962//5960
f 5957//5955 5962//5960 5963//5961
f 5958//5956 5963//5961 5964//5962
f 5959//5957 5964//5962 5965//5963
f 5310//5308 5965//5963 5311//5309
f 5310//5308 5959//5957 5965//5963
f 5310//5308 5309//5307 5959//5957
f 3139//3137 3142//3140 5960//5958
f 5960//5958 3142//3140 5966//5964
f 5961//5959 5966//5964 5967//5965
f 5962//5960 5967//5965 5968//5966
f 5963//5961 5968//5966 5969//5967
f 5964//5962 5969//5967 5970//5968
f 5965//5963 5970//5968 5971//5969
f 5311//5309 5971//5969 5312//5310
f 5311//5309 5965//5963 5971//5969
f 3142//3140 3145//3143 5966//5964
f 5966//5964 3145//3143 5972//5970
f 5967//5965 5972//5970 5973//5971
f 5968//5966 5973//5971 5974//5972
f 5969//5967 5974//5972 5975//5973
f 5970//5968 5975//5973 5976//5974
f 5971//5969 5976//5974 5977//5975
f 5312//5310 5977//5975 5313//5311
f 5312//5310 5971//5969 5977//5975
f 3145//3143 3148//3146 5972//5970
f 5972//5970 3148//3146 5978//5976
f 5973//5971 5978//5976 5979//5977
f 5974//5972 5979//5977 5980//5978
f 5975//5973 5980//5978 5981//5979
f 5976//5974 5981//5979 5982//5980
f 5977//5975 5982//5980 5983//5981
f 5313//5311 5983//5981 5314//5312
f 5313//5311 5977//5975 5983//5981
f 3148//3146 3150//3148 5978//5976
f 5978//5976 3150//3148 5984//5982
f 5979//5977 5984//5982 5985//5983
f 5980//5978 5985//5983 5986//5984
f 5981//5979 5986//5984 5987//5985
f 5982//5980 5987//5985 5988//5986
f 5983//5981 5988//5986 5989//5987
f 5314//5312 5989//5987 5315//5313
f 5314//5312 5983//5981 5989//5987
f 3150//3148 3153//3151 5984//5982
f 5984//5982 3153//3151 5990//5988
f 5985//5983 5990//5988 5991//5989
f 5986//5984 5991//5989 5992//5990
f 5987//5985 5992//5990 5993//5991
f 5988//5986 5993//5991 5994//5992
f 5989//5987 5994//5992 5995//5993
f 5315//5313 5995//5993 5316//5314
f 5315//5313 5989//5987 5995//5993
f 3153//3151 3156//3154 5990//5988
f 5990//5988 3156//3154 5996//5994
f 5991//5989 5996//5994 5997//5995
f 5992//5990 5997//5995 5998//5996
f 5993//5991 5998//5996 5999//5997
f 5994//5992 5999//5997 6000//5998
f 5995//5993 6000//5998 6001//5999
f 5316//5314 6001//5999 5317//5315
f 5316//5314 5995//5993 6001//5999
f 3156//3154 3159//3157 5996//5994
f 5996//5994 3159//3157 6002//6000
f 5997//5995 6002//6000 6003//6001
f 5998//5996 6003//6001 6004//6002
f 5999//5997 6004//6002 6005//6003
f 6000//5998 6005//6003 6006//6004
f 6001//5999 6006//6004 6007//6005
f 5318//5316 6007//6005 5319//5317
f 5318//5316 6001//5999 6007//6005
f 5318//5316 5317//5315 6001//5999
f 3159//3157 3161//3159 6002//6000
f 6002//6000 3161//3159 6008//6006
f 6003//6001 6008//6006 6009//6007
f 6004//6002 6009//6007 6010//6008
f 6005//6003 6010//6008 6011//6009
f 6006//6004 6011//6009 6012//6010
f 6007//6005 6012//6010 6013//6011
f 5319//5317 6013//6011 5320//5318
f 5319//5317 6007//6005 6013//6011
f 3161//3159 3164//3162 6008//6006
f 6008//6006 3164//3162 6014//6012
f 6009//6007 6014//6012 6015//6013
f 6010//6008 6015//6013 6016//6014
f 6011//6009 6016//6014 6017//6015
f 6012//6010 6017//6015 6018//6016
f 6013//6011 6018//6016 6019//6017
f 5320//5318 6019//6017 5321//5319
f 5320//5318 6013//6011 6019//6017
f 3164//3162 3167//3165 6014//6012
f 6014//6012 3167//3165 6020//6018
f 6015//6013 6020//6018 6021//6019
f 6016//6014 6021//6019 6022//6020
f 6017//6015 6022//6020 6023//6021
f 6018//6016 6023//6021 6024//6022
f 6019//6017 6024//6022 6025//6023
f 5321//5319 6025//6023 5322//5320
f 5321//5319 6019//6017 6025//6023
f 3167//3165 3170//3168 6020//6018
f 6020//6018 3170//3168 6026//6024
f 6021//6019 6026//6024 6027//6025
f 6022//6020 6027//6025 6028//6026
f 6023//6021 6028//6026 6029//6027
f 6024//6022 6029//6027 6030//6028
f 6025//6023 6030//6028 6031//6029
f 5322//5320 6031//6029 5323//5321
f 5322//5320 6025//6023 6031//6029
f 3170//3168 3172//3170 6026//6024
f 6026//6024 3172//3170 6032//6030
f 6027//6025 6032//6030 6033//6031
f 6028//6026 6033//6031 6034//6032
f 6029//6027 6034//6032 6035//6033
f 6030//6028 6035//6033 6036//6034
f 6031//6029 6036//6034 6037//6035
f 5323//5321 6037//6035 5324//5322
f 5323//5321 6031//6029 6037//6035
f 3172//3170 3175//3173 6032//6030
f 6032//6030 3175//3173 6038//6036
f 6033//6031 6038//6036 6039//6037
f 6034//6032 6039//6037 6040//6038
f 6035//6033 6040//6038 6041//6039
f 6036//6034 6041//6039 6042//6040
f 6037//6035 6042//6040 4220//4218
f 5324//5322 4220//4218 4221//4219
f 5324//5322 6037//6035 4220//4218
f 3175//3173 3178//3176 6038//6036
f 6038//6036 3178//3176 6043//6041
f 6039//6037 6043//6041 6044//6042
f 6040//6038 6044//6042 6045//6043
f 6041//6039 6045//6043 6046//6044
f 6042//6040 6046//6044 4222//4220
f 4220//4218 6042//6040 4222//4220
f 3178//3176 3181//3179 6043//6041
f 6043//6041 3181//3179 6047//6045
f 6044//6042 6047//6045 6048//6046
f 6045//6043 6048//6046 6049//6047
f 6046//6044 6049//6047 4224//4222
f 4222//4220 6046//6044 4224//4222
f 3181//3179 3184//3182 6047//6045
f 6047//6045 3184//3182 6050//6048
f 6048//6046 6050//6048 6051//6049
f 6049//6047 6051//6049 4213//4211
f 4224//4222 6049//6047 4213//4211
f 3184//3182 3186//3184 6050//6048
f 6050//6048 3186//3184 6052//6050
f 6051//6049 6052//6050 4197//4195
f 4213//4211 6051//6049 4197//4195
f 3186//3184 2589//2587 6052//6050
f 6052//6050 2589//2587 4198//4196
f 4197//4195 6052//6050 4198//4196
f 5271//5269 5270//5268 5756//5754
f 5756//5754 5270//5268 5269//5267
f 5749//5747 5756//5754 5269//5267
f 5749//5747 5755//5753 5756//5754
f 5258//5256 5257//5255 5697//5695
f 5697//5695 5257//5255 5683//5681
f 5698//5696 5683//5681 5682//5680
f 5699//5697 5682//5680 5681//5679
f 5700//5698 5681//5679 5680//5678
f 5701//5699 5680//5678 5679//5677
f 5684//5682 5679//5677 5678//5676
f 3014//3012 5678//5676 3012//3010
f 3014//3012 5684//5682 5678//5676
f 5198//5196 5199//5197 5468//5466
f 5468//5466 5199//5197 5200//5198
f 5461//5459 5468//5466 5200//5198
f 5461//5459 5467//5465 5468//5466
f 5667//5665 5666//5664 5672//5670
f 5473//5471 5472//5470 5480//5478
f 5402//5400 5397//5395 5396//5394
f 5397//5395 5392//5390 5391//5389
f 5408//5406 5403//5401 5402//5400
f 5392//5390 5387//5385 5386//5384
f 5403//5401 5398//5396 5397//5395
f 5387//5385 5382//5380 5381//5379
f 5398//5396 5393//5391 5392//5390
f 5382//5380 5342//5340 5341//5339
f 5393//5391 5388//5386 5387//5385
f 5388//5386 5383//5381 5382//5380
f 5327//5325 5341//5339 5325//5323
f 5326//5324 5327//5325 5325//5323
f 5340//5338 5381//5379 5341//5339
f 5380//5378 5386//5384 5381//5379
f 5385//5383 5391//5389 5386//5384
f 5390//5388 5396//5394 5391//5389
f 5329//5327 5340//5338 5327//5325
f 5328//5326 5329//5327 5327//5325
f 2723//2721 5328//5326 5326//5324
f 5339//5337 5380//5378 5340//5338
f 5379//5377 5385//5383 5380//5378
f 5384//5382 5390//5388 5385//5383
f 5331//5329 5339//5337 5329//5327
f 5330//5328 5331//5329 5329//5327
f 5338//5336 5379//5377 5339//5337
f 5378//5376 5384//5382 5379//5377
f 5333//5331 5338//5336 5331//5329
f 5332//5330 5333//5331 5331//5329
f 5337//5335 5378//5376 5338//5336
f 5363//5361 5332//5330 5362//5360
f 5346//5344 5363//5361 5362//5360
f 5335//5333 5337//5335 5333//5331
f 5334//5332 5335//5333 5333//5331
f 5365//5363 5334//5332 5363//5361
f 5364//5362 5365//5363 5363//5361
f 5367//5365 5336//5334 5365//5363
f 5366//5364 5367//5365 5365//5363
f 5370//5368 5366//5364 5369//5367
f 5349//5347 5370//5368 5369//5367
f 5372//5370 5368//5366 5370//5368
f 5371//5369 5372//5370 5370//5368
f 5351//5349 5371//5369 5349//5347
f 5373//5371 5371//5369 5374//5372
f 5376//5374 5375//5373 5354//5352
f 5355//5353 5376//5374 5354//5352
f 5356//5354 5377//5375 5355//5353
f 5414//5412 5409//5407 5408//5406
f 5409//5407 5404//5402 5403//5401
f 5404//5402 5399//5397 5398//5396
f 5399//5397 5394//5392 5393//5391
f 5394//5392 5389//5387 5388//5386
f 5420//5418 5415//5413 5414//5412
f 5415//5413 5410//5408 5409//5407
f 5410//5408 5405//5403 5404//5402
f 5405//5403 5400//5398 5399//5397
f 5400//5398 5395//5393 5394//5392
f 5426//5424 5421//5419 5420//5418
f 5421//5419 5416//5414 5415//5413
f 5416//5414 5411//5409 5410//5408
f 5411//5409 5406//5404 5405//5403
f 5406//5404 5401//5399 5400//5398
f 5432//5430 5427//5425 5426//5424
f 5427//5425 5422//5420 5421//5419
f 5422//5420 5417//5415 5416//5414
f 5417//5415 5412//5410 5411//5409
f 5412//5410 5407//5405 5406//5404
f 5438//5436 5433//5431 5432//5430
f 5433//5431 5428//5426 5427//5425
f 5428//5426 5423//5421 5422//5420
f 5423//5421 5418//5416 5417//5415
f 5418//5416 5413//5411 5412//5410
f 5444//5442 5439//5437 5438//5436
f 5439//5437 5434//5432 5433//5431
f 5434//5432 5429//5427 5428//5426
f 5429//5427 5424//5422 5423//5421
f 5424//5422 5419//5417 5418//5416
f 5450//5448 5445//5443 5444//5442
f 5445//5443 5440//5438 5439//5437
f 5440//5438 5435//5433 5434//5432
f 5435//5433 5430//5428 5429//5427
f 5430//5428 5425//5423 5424//5422
f 5456//5454 5451//5449 5450//5448
f 5451//5449 5446//5444 5445//5443
f 5446//5444 5441//5439 5440//5438
f 5441//5439 5436//5434 5435//5433
f 5436//5434 5431//5429 5430//5428
f 5462//5460 5457//5455 5456//5454
f 5457//5455 5452//5450 5451//5449
f 5452//5450 5447//5445 5446//5444
f 5447//5445 5442//5440 5441//5439
f 5442//5440 5437//5435 5436//5434
f 5472//5470 5463//5461 5462//5460
f 5463//5461 5458//5456 5457//5455
f 5458//5456 5453//5451 5452//5450
f 5453//5451 5448//5446 5447//5445
f 5448//5446 5443//5441 5442//5440
f 5464//5462 5463//5461 5473//5471
f 5459//5457 5458//5456 5464//5462
f 5454//5452 5453//5451 5459//5457
f 5449//5447 5448//5446 5454//5452
f 5488//5486 5481//5479 5480//5478
f 5481//5479 5474//5472 5473//5471
f 5482//5480 5481//5479 5489//5487
f 5474//5472 5465//5463 5464//5462
f 5475//5473 5474//5472 5482//5480
f 5465//5463 5460//5458 5459//5457
f 5466//5464 5465//5463 5475//5473
f 5460//5458 5455//5453 5454//5452
f 5461//5459 5460//5458 5466//5464
f 5483//5481 5482//5480 5490//5488
f 5476//5474 5475//5473 5483//5481
f 5467//5465 5466//5464 5476//5474
f 5484//5482 5483//5481 5491//5489
f 5477//5475 5476//5474 5484//5482
f 5469//5467 5467//5465 5477//5475
f 5485//5483 5484//5482 5492//5490
f 5478//5476 5477//5475 5485//5483
f 5471//5469 5469//5467 5478//5476
f 5502//5500 5492//5490 5500//5498
f 5501//5499 5502//5500 5500//5498
f 5510//5508 5501//5499 5499//5497
f 5486//5484 5485//5483 5493//5491
f 5479//5477 5478//5476 5486//5484
f 5516//5514 5511//5509 5510//5508
f 5504//5502 5493//5491 5502//5500
f 5503//5501 5504//5502 5502//5500
f 5511//5509 5503//5501 5501//5499
f 5487//5485 5486//5484 5494//5492
f 5522//5520 5517//5515 5516//5514
f 5517//5515 5512//5510 5511//5509
f 5506//5504 5494//5492 5504//5502
f 5505//5503 5506//5504 5504//5502
f 5512//5510 5505//5503 5503//5501
f 5528//5526 5523//5521 5522//5520
f 5523//5521 5518//5516 5517//5515
f 5518//5516 5513//5511 5512//5510
f 5508//5506 5495//5493 5506//5504
f 5507//5505 5508//5506 5506//5504
f 5513//5511 5507//5505 5505//5503
f 5534//5532 5529//5527 5528//5526
f 5529//5527 5524//5522 5523//5521
f 5524//5522 5519//5517 5518//5516
f 5519//5517 5514//5512 5513//5511
f 5514//5512 5509//5507 5507//5505
f 5540//5538 5535//5533 5534//5532
f 5535//5533 5530//5528 5529//5527
f 5530//5528 5525//5523 5524//5522
f 5525//5523 5520//5518 5519//5517
f 5520//5518 5515//5513 5514//5512
f 5546//5544 5541//5539 5540//5538
f 5541//5539 5536//5534 5535//5533
f 5536//5534 5531//5529 5530//5528
f 5531//5529 5526//5524 5525//5523
f 5526//5524 5521//5519 5520//5518
f 5552//5550 5547//5545 5546//5544
f 5547//5545 5542//5540 5541//5539
f 5542//5540 5537//5535 5536//5534
f 5537//5535 5532//5530 5531//5529
f 5532//5530 5527//5525 5526//5524
f 5558//5556 5553//5551 5552//5550
f 5553//5551 5548//5546 5547//5545
f 5548//5546 5543//5541 5542//5540
f 5543//5541 5538//5536 5537//5535
f 5538//5536 5533//5531 5532//5530
f 5564//5562 5559//5557 5558//5556
f 5559//5557 5554//5552 5553//5551
f 5554//5552 5549//5547 5548//5546
f 5549//5547 5544//5542 5543//5541
f 5544//5542 5539//5537 5538//5536
f 5570//5568 5565//5563 5564//5562
f 5565//5563 5560//5558 5559//5557
f 5560//5558 5555//5553 5554//5552
f 5555//5553 5550//5548 5549//5547
f 5550//5548 5545//5543 5544//5542
f 5576//5574 5571//5569 5570//5568
f 5571//5569 5566//5564 5565//5563
f 5566//5564 5561//5559 5560//5558
f 5561//5559 5556//5554 5555//5553
f 5556//5554 5551//5549 5550//5548
f 5582//5580 5577//5575 5576//5574
f 5577//5575 5572//5570 5571//5569
f 5572//5570 5567//5565 5566//5564
f 5567//5565 5562//5560 5561//5559
f 5562//5560 5557//5555 5556//5554
f 5588//5586 5583//5581 5582//5580
f 5583//5581 5578//5576 5577//5575
f 5578//5576 5573//5571 5572//5570
f 5573//5571 5568//5566 5567//5565
f 5568//5566 5563//5561 5562//5560
f 5594//5592 5589//5587 5588//5586
f 5589//5587 5584//5582 5583//5581
f 5584//5582 5579//5577 5578//5576
f 5579//5577 5574//5572 5573//5571
f 5574//5572 5569//5567 5568//5566
f 5600//5598 5595//5593 5594//5592
f 5595//5593 5590//5588 5589//5587
f 5590//5588 5585//5583 5584//5582
f 5585//5583 5580//5578 5579//5577
f 5580//5578 5575//5573 5574//5572
f 5606//5604 5601//5599 5600//5598
f 5601//5599 5596//5594 5595//5593
f 5596//5594 5591//5589 5590//5588
f 5591//5589 5586//5584 5585//5583
f 5586//5584 5581//5579 5580//5578
f 5612//5610 5607//5605 5606//5604
f 5607//5605 5602//5600 5601//5599
f 5602//5600 5597//5595 5596//5594
f 5597//5595 5592//5590 5591//5589
f 5592//5590 5587//5585 5586//5584
f 5618//5616 5613//5611 5612//5610
f 5613//5611 5608//5606 5607//5605
f 5608//5606 5603//5601 5602//5600
f 5603//5601 5598//5596 5597//5595
f 5598//5596 5593//5591 5592//5590
f 5624//5622 5619//5617 5618//5616
f 5619//5617 5614//5612 5613//5611
f 5614//5612 5609//5607 5608//5606
f 5609//5607 5604//5602 5603//5601
f 5604//5602 5599//5597 5598//5596
f 5630//5628 5625//5623 5624//5622
f 5625//5623 5620//5618 5619//5617
f 5620//5618 5615//5613 5614//5612
f 5615//5613 5610//5608 5609//5607
f 5610//5608 5605//5603 5604//5602
f 5636//5634 5631//5629 5630//5628
f 5631//5629 5626//5624 5625//5623
f 5626//5624 5621//5619 5620//5618
f 5621//5619 5616//5614 5615//5613
f 5616//5614 5611//5609 5610//5608
f 5642//5640 5637//5635 5636//5634
f 5637//5635 5632//5630 5631//5629
f 5632//5630 5627//5625 5626//5624
f 5627//5625 5622//5620 5621//5619
f 5622//5620 5617//5615 5616//5614
f 5648//5646 5643//5641 5642//5640
f 5643//5641 5638//5636 5637//5635
f 5638//5636 5633//5631 5632//5630
f 5633//5631 5628//5626 5627//5625
f 5628//5626 5623//5621 5622//5620
f 5654//5652 5649//5647 5648//5646
f 5649//5647 5644//5642 5643//5641
f 5644//5642 5639//5637 5638//5636
f 5639//5637 5634//5632 5633//5631
f 5634//5632 5629//5627 5628//5626
f 5660//5658 5655//5653 5654//5652
f 5655//5653 5650//5648 5649//5647
f 5650//5648 5645//5643 5644//5642
f 5645//5643 5640//5638 5639//5637
f 5640//5638 5635//5633 5634//5632
f 5666//5664 5661//5659 5660//5658
f 5661//5659 5656//5654 5655//5653
f 5656//5654 5651//5649 5650//5648
f 5651//5649 5646//5644 5645//5643
f 5646//5644 5641//5639 5640//5638
f 5662//5660 5661//5659 5667//5665
f 5657//5655 5656//5654 5662//5660
f 5652//5650 5651//5649 5657//5655
f 5647//5645 5646//5644 5652//5650
f 5678//5676 5673//5671 5672//5670
f 5673//5671 5668//5666 5667//5665
f 5674//5672 5673//5671 5679//5677
f 5668//5666 5663//5661 5662//5660
f 5669//5667 5668//5666 5674//5672
f 5663//5661 5658//5656 5657//5655
f 5664//5662 5663//5661 5669//5667
f 5658//5656 5653//5651 5652//5650
f 5659//5657 5658//5656 5664//5662
f 5701//5699 5679//5677 5684//5682
f 5675//5673 5674//5672 5680//5678
f 5670//5668 5669//5667 5675//5673
f 5665//5663 5664//5662 5670//5668
f 5700//5698 5680//5678 5701//5699
f 5676//5674 5675//5673 5681//5679
f 5671//5669 5670//5668 5676//5674
f 5689//5687 5700//5698 5687//5685
f 5688//5686 5689//5687 5687//5685
f 5702//5700 5688//5686 5686//5684
f 5699//5697 5681//5679 5700//5698
f 5677//5675 5676//5674 5682//5680
f 5708//5706 5703//5701 5702//5700
f 5691//5689 5699//5697 5689//5687
f 5690//5688 5691//5689 5689//5687
f 5703//5701 5690//5688 5688//5686
f 5698//5696 5682//5680 5699//5697
f 5714//5712 5709//5707 5708//5706
f 5709//5707 5704//5702 5703//5701
f 5693//5691 5698//5696 5691//5689
f 5692//5690 5693//5691 5691//5689
f 5704//5702 5692//5690 5690//5688
f 5697//5695 5683//5681 5698//5696
f 5720//5718 5715//5713 5714//5712
f 5715//5713 5710//5708 5709//5707
f 5710//5708 5705//5703 5704//5702
f 5695//5693 5697//5695 5693//5691
f 5694//5692 5695//5693 5693//5691
f 5705//5703 5694//5692 5692//5690
f 5726//5724 5721//5719 5720//5718
f 5721//5719 5716//5714 5715//5713
f 5716//5714 5711//5709 5710//5708
f 5711//5709 5706//5704 5705//5703
f 5706//5704 5696//5694 5694//5692
f 5732//5730 5727//5725 5726//5724
f 5727//5725 5722//5720 5721//5719
f 5722//5720 5717//5715 5716//5714
f 5717//5715 5712//5710 5711//5709
f 5712//5710 5707//5705 5706//5704
f 5738//5736 5733//5731 5732//5730
f 5733//5731 5728//5726 5727//5725
f 5728//5726 5723//5721 5722//5720
f 5723//5721 5718//5716 5717//5715
f 5718//5716 5713//5711 5712//5710
f 5744//5742 5739//5737 5738//5736
f 5739//5737 5734//5732 5733//5731
f 5734//5732 5729//5727 5728//5726
f 5729//5727 5724//5722 5723//5721
f 5724//5722 5719//5717 5718//5716
f 5750//5748 5745//5743 5744//5742
f 5745//5743 5740//5738 5739//5737
f 5740//5738 5735//5733 5734//5732
f 5735//5733 5730//5728 5729//5727
f 5730//5728 5725//5723 5724//5722
f 5760//5758 5751//5749 5750//5748
f 5751//5749 5746//5744 5745//5743
f 5746//5744 5741//5739 5740//5738
f 5741//5739 5736//5734 5735//5733
f 5736//5734 5731//5729 5730//5728
f 5768//5766 5761//5759 5760//5758
f 5761//5759 5752//5750 5751//5749
f 5752//5750 5747//5745 5746//5744
f 5747//5745 5742//5740 5741//5739
f 5742//5740 5737//5735 5736//5734
f 5776//5774 5769//5767 5768//5766
f 5769//5767 5762//5760 5761//5759
f 5762//5760 5753//5751 5752//5750
f 5753//5751 5748//5746 5747//5745
f 5748//5746 5743//5741 5742//5740
f 5784//5782 5777//5775 5776//5774
f 5777//5775 5770//5768 5769//5767
f 5770//5768 5763//5761 5762//5760
f 5763//5761 5754//5752 5753//5751
f 5754//5752 5749//5747 5748//5746
f 5778//5776 5777//5775 5785//5783
f 5771//5769 5770//5768 5778//5776
f 5764//5762 5763//5761 5771//5769
f 5755//5753 5754//5752 5764//5762
f 5779//5777 5778//5776 5786//5784
f 5772//5770 5771//5769 5779//5777
f 5765//5763 5764//5762 5772//5770
f 5757//5755 5755//5753 5765//5763
f 5792//5790 5787//5785 5786//5784
f 5787//5785 5780//5778 5779//5777
f 5780//5778 5773//5771 5772//5770
f 5773//5771 5766//5764 5765//5763
f 5766//5764 5759//5757 5757//5755
f 5793//5791 5822//5820 5792//5790
f 5822//5820 5788//5786 5787//5785
f 5788//5786 5781//5779 5780//5778
f 5781//5779 5774//5772 5773//5771
f 5774//5772 5767//5765 5766//5764
f 5794//5792 5827//5825 5793//5791
f 5827//5825 5823//5821 5822//5820
f 5823//5821 5789//5787 5788//5786
f 5789//5787 5782//5780 5781//5779
f 5782//5780 5775//5773 5774//5772
f 5795//5793 5832//5830 5794//5792
f 5832//5830 5828//5826 5827//5825
f 5828//5826 5824//5822 5823//5821
f 5824//5822 5790//5788 5789//5787
f 5790//5788 5783//5781 5782//5780
f 5796//5794 5837//5835 5795//5793
f 5837//5835 5833//5831 5832//5830
f 5833//5831 5829//5827 5828//5826
f 5829//5827 5825//5823 5824//5822
f 5825//5823 5791//5789 5790//5788
f 5797//5795 5842//5840 5796//5794
f 5842//5840 5838//5836 5837//5835
f 5838//5836 5834//5832 5833//5831
f 5834//5832 5830//5828 5829//5827
f 5830//5828 5826//5824 5825//5823
f 5798//5796 5847//5845 5797//5795
f 5847//5845 5843//5841 5842//5840
f 5843//5841 5839//5837 5838//5836
f 5839//5837 5835//5833 5834//5832
f 5835//5833 5831//5829 5830//5828
f 5799//5797 5852//5850 5798//5796
f 5852//5850 5848//5846 5847//5845
f 5848//5846 5844//5842 5843//5841
f 5844//5842 5840//5838 5839//5837
f 5840//5838 5836//5834 5835//5833
f 5800//5798 5857//5855 5799//5797
f 5857//5855 5853//5851 5852//5850
f 5853//5851 5849//5847 5848//5846
f 5849//5847 5845//5843 5844//5842
f 5845//5843 5841//5839 5840//5838
f 5801//5799 5862//5860 5800//5798
f 5862//5860 5858//5856 5857//5855
f 5858//5856 5854//5852 5853//5851
f 5854//5852 5850//5848 5849//5847
f 5850//5848 5846//5844 5845//5843
f 5802//5800 5867//5865 5801//5799
f 5867//5865 5863//5861 5862//5860
f 5863//5861 5859//5857 5858//5856
f 5859//5857 5855//5853 5854//5852
f 5855//5853 5851//5849 5850//5848
f 5803//5801 5872//5870 5802//5800
f 5872//5870 5868//5866 5867//5865
f 5868//5866 5864//5862 5863//5861
f 5864//5862 5860//5858 5859//5857
f 5860//5858 5856//5854 5855//5853
f 5804//5802 5877//5875 5803//5801
f 5877//5875 5873//5871 5872//5870
f 5873//5871 5869//5867 5868//5866
f 5869//5867 5865//5863 5864//5862
f 5865//5863 5861//5859 5860//5858
f 5878//5876 5877//5875 5821//5819
f 5874//5872 5873//5871 5878//5876
f 5870//5868 5869//5867 5874//5872
f 5866//5864 5865//5863 5870//5868
f 5821//5819 5805//5803 5807//5805
f 5807//5805 5805//5803 5806//5804
f 5809//5807 5820//5818 5807//5805
f 5808//5806 5809//5807 5807//5805
f 5882//5880 5808//5806 5806//5804
f 5820//5818 5879//5877 5878//5876
f 5879//5877 5875//5873 5874//5872
f 5880//5878 5879//5877 5819//5817
f 5875//5873 5871//5869 5870//5868
f 5876//5874 5875//5873 5880//5878
f 5888//5886 5883//5881 5882//5880
f 5811//5809 5819//5817 5809//5807
f 5810//5808 5811//5809 5809//5807
f 5883//5881 5810//5808 5808//5806
f 5881//5879 5880//5878 5818//5816
f 5894//5892 5889//5887 5888//5886
f 5889//5887 5884//5882 5883//5881
f 5813//5811 5818//5816 5811//5809
f 5812//5810 5813//5811 5811//5809
f 5884//5882 5812//5810 5810//5808
f 5900//5898 5895//5893 5894//5892
f 5895//5893 5890//5888 5889//5887
f 5890//5888 5885//5883 5884//5882
f 5815//5813 5817//5815 5813//5811
f 5814//5812 5815//5813 5813//5811
f 5885//5883 5814//5812 5812//5810
f 5906//5904 5901//5899 5900//5898
f 5901//5899 5896//5894 5895//5893
f 5896//5894 5891//5889 5890//5888
f 5891//5889 5886//5884 5885//5883
f 5886//5884 5816//5814 5814//5812
f 5912//5910 5907//5905 5906//5904
f 5907//5905 5902//5900 5901//5899
f 5902//5900 5897//5895 5896//5894
f 5897//5895 5892//5890 5891//5889
f 5892//5890 5887//5885 5886//5884
f 5918//5916 5913//5911 5912//5910
f 5913//5911 5908//5906 5907//5905
f 5908//5906 5903//5901 5902//5900
f 5903//5901 5898//5896 5897//5895
f 5898//5896 5893//5891 5892//5890
f 5924//5922 5919//5917 5918//5916
f 5919//5917 5914//5912 5913//5911
f 5914//5912 5909//5907 5908//5906
f 5909//5907 5904//5902 5903//5901
f 5904//5902 5899//5897 5898//5896
f 5930//5928 5925//5923 5924//5922
f 5925//5923 5920//5918 5919//5917
f 5920//5918 5915//5913 5914//5912
f 5915//5913 5910//5908 5909//5907
f 5910//5908 5905//5903 5904//5902
f 5936//5934 5931//5929 5930//5928
f 5931//5929 5926//5924 5925//5923
f 5926//5924 5921//5919 5920//5918
f 5921//5919 5916//5914 5915//5913
f 5916//5914 5911//5909 5910//5908
f 5942//5940 5937//5935 5936//5934
f 5937//5935 5932//5930 5931//5929
f 5932//5930 5927//5925 5926//5924
f 5927//5925 5922//5920 5921//5919
f 5922//5920 5917//5915 5916//5914
f 5948//5946 5943//5941 5942//5940
f 5943//5941 5938//5936 5937//5935
f 5938//5936 5933//5931 5932//5930
f 5933//5931 5928//5926 5927//5925
f 5928//5926 5923//5921 5922//5920
f 5954//5952 5949//5947 5948//5946
f 5949//5947 5944//5942 5943//5941
f 5944//5942 5939//5937 5938//5936
f 5939//5937 5934//5932 5933//5931
f 5934//5932 5929//5927 5928//5926
f 5960//5958 5955//5953 5954//5952
f 5955//5953 5950//5948 5949//5947
f 5950//5948 5945//5943 5944//5942
f 5945//5943 5940//5938 5939//5937
f 5940//5938 5935//5933 5934//5932
f 5966//5964 5961//5959 5960//5958
f 5961//5959 5956//5954 5955//5953
f 5956//5954 5951//5949 5950//5948
f 5951//5949 5946//5944 5945//5943
f 5946//5944 5941//5939 5940//5938
f 5972//5970 5967//5965 5966//5964
f 5967//5965 5962//5960 5961//5959
f 5962//5960 5957//5955 5956//5954
f 5957//5955 5952//5950 5951//5949
f 5952//5950 5947//5945 5946//5944
f 5978//5976 5973//5971 5972//5970
f 5973//5971 5968//5966 5967//5965
f 5968//5966 5963//5961 5962//5960
f 5963//5961 5958//5956 5957//5955
f 5958//5956 5953//5951 5952//5950
f 5984//5982 5979//5977 5978//5976
f 5979//5977 5974//5972 5973//5971
f 5974//5972 5969//5967 5968//5966
f 5969//5967 5964//5962 5963//5961
f 5964//5962 5959//5957 5958//5956
f 5990//5988 5985//5983 5984//5982
f 5985//5983 5980//5978 5979//5977
f 5980//5978 5975//5973 5974//5972
f 5975//5973 5970//5968 5969//5967
f 5970//5968 5965//5963 5964//5962
f 5996//5994 5991//5989 5990//5988
f 5991//5989 5986//5984 5985//5983
f 5986//5984 5981//5979 5980//5978
f 5981//5979 5976//5974 5975//5973
f 5976//5974 5971//5969 5970//5968
f 6002//6000 5997//5995 5996//5994
f 5997//5995 5992//5990 5991//5989
f 5992//5990 5987//5985 5986//5984
f 5987//5985 5982//5980 5981//5979
f 5982//5980 5977//5975 5976//5974
f 6008//6006 6003//6001 6002//6000
f 6003//6001 5998//5996 5997//5995
f 5998//5996 5993//5991 5992//5990
f 5993//5991 5988//5986 5987//5985
f 5988//5986 5983//5981 5982//5980
f 6014//6012 6009//6007 6008//6006
f 6009//6007 6004//6002 6003//6001
f 6004//6002 5999//5997 5998//5996
f 5999//5997 5994//5992 5993//5991
f 5994//5992 5989//5987 5988//5986
f 6020//6018 6015//6013 6014//6012
f 6015//6013 6010//6008 6009//6007
f 6010//6008 6005//6003 6004//6002
f 6005//6003 6000//5998 5999//5997
f 6000//5998 5995//5993 5994//5992
f 6026//6024 6021//6019 6020//6018
f 6021//6019 6016//6014 6015//6013
f 6016//6014 6011//6009 6010//6008
f 6011//6009 6006//6004 6005//6003
f 6006//6004 6001//5999 6000//5998
f 6032//6030 6027//6025 6026//6024
f 6027//6025 6022//6020 6021//6019
f 6022//6020 6017//6015 6016//6014
f 6017//6015 6012//6010 6011//6009
f 6012//6010 6007//6005 6006//6004
f 6038//6036 6033//6031 6032//6030
f 6033//6031 6028//6026 6027//6025
f 6028//6026 6023//6021 6022//6020
f 6023//6021 6018//6016 6017//6015
f 6018//6016 6013//6011 6012//6010
f 6043//6041 6039//6037 6038//6036
f 6039//6037 6034//6032 6033//6031
f 6034//6032 6029//6027 6028//6026
f 6029//6027 6024//6022 6023//6021
f 6024//6022 6019//6017 6018//6016
f 6047//6045 6044//6042 6043//6041
f 6044//6042 6040//6038 6039//6037
f 6040//6038 6035//6033 6034//6032
f 6035//6033 6030//6028 6029//6027
f 6030//6028 6025//6023 6024//6022
f 6050//6048 6048//6046 6047//6045
f 6048//6046 6045//6043 6044//6042
f 6045//6043 6041//6039 6040//6038
f 6041//6039 6036//6034 6035//6033
f 6036//6034 6031//6029 6030//6028
f 6052//6050 6051//6049 6050//6048
f 6051//6049 6049//6047 6048//6046
f 6049//6047 6046//6044 6045//6043
f 6046//6044 6042//6040 6041//6039
f 6042//6040 6037//6035 6036//6034
f 4675//4673 6053//6051 2806//2804
f 4675//4673 6054//6052 6053//6051
f 4675//4673 4743//4741 6054//6052
f 6054//6052 4743//4741 4742//4740
f 6055//6053 4742//4740 4740//4738
f 6056//6054 4740//4738 4738//4736
f 4737//4735 6056//6054 4738//4736
f 4737//4735 6057//6055 6056//6054
f 4737//4735 4735//4733 6057//6055
f 6057//6055 4735//4733 6058//6056
f 6058//6056 4735//4733 2590//2588
f 2592//2590 6058//6056 2590//2588
f 2592//2590 6059//6057 6058//6056
f 2592//2590 2593//2591 6059//6057
f 6059//6057 2593//2591 2594//2592
f 2596//2594 6059//6057 2594//2592
f 2596//2594 2597//2595 6059//6057
f 6059//6057 2597//2595 2598//2596
f 6060//6058 2598//2596 2600//2598
f 2601//2599 6060//6058 2600//2598
f 2601//2599 2603//2601 6060//6058
f 6060//6058 2603//2601 6061//6059
f 6061//6059 2603//2601 2604//2602
f 2606//2604 6061//6059 2604//2602
f 2606//2604 6062//6060 6061//6059
f 2606//2604 2609//2607 6062//6060
f 6062//6060 2609//2607 6063//6061
f 6063//6061 2609//2607 2612//2610
f 6064//6062 2612//2610 2614//2612
f 6065//6063 2614//2612 2617//2615
f 6066//6064 2617//2615 2619//2617
f 6067//6065 2619//2617 2622//2620
f 6068//6066 2622//2620 2624//2622
f 6069//6067 2624//2622 2627//2625
f 6070//6068 2627//2625 2630//2628
f 6071//6069 2630//2628 2633//2631
f 6072//6070 2633//2631 2636//2634
f 6073//6071 2636//2634 2639//2637
f 6074//6072 2639//2637 2642//2640
f 6075//6073 2642//2640 2645//2643
f 6076//6074 2645//2643 2648//2646
f 6077//6075 2648//2646 2651//2649
f 6078//6076 2651//2649 2653//2651
f 6079//6077 2653//2651 2656//2654
f 6080//6078 2656//2654 2659//2657
f 6081//6079 2659//2657 2662//2660
f 6082//6080 2662//2660 2665//2663
f 6083//6081 2665//2663 2668//2666
f 6084//6082 2668//2666 2671//2669
f 6085//6083 2671//2669 2674//2672
f 6086//6084 2674//2672 2677//2675
f 6087//6085 2677//2675 2680//2678
f 6088//6086 2680//2678 2682//2680
f 6089//6087 2682//2680 2684//2682
f 6090//6088 2684//2682 2687//2685
f 6091//6089 2687//2685 2690//2688
f 6092//6090 2690//2688 2693//2691
f 6093//6091 2693//2691 2695//2693
f 6094//6092 2695//2693 2698//2696
f 6095//6093 2698//2696 2701//2699
f 6096//6094 2701//2699 2704//2702
f 6097//6095 2704//2702 2707//2705
f 6098//6096 2707//2705 2709//2707
f 6099//6097 2709//2707 2712//2710
f 6100//6098 2712//2710 2715//2713
f 6101//6099 2715//2713 2718//2716
f 6102//6100 2718//2716 2720//2718
f 6103//6101 2720//2718 2722//2720
f 6104//6102 2722//2720 2725//2723
f 6105//6103 2725//2723 2728//2726
f 6106//6104 2728//2726 2731//2729
f 6107//6105 2731//2729 2734//2732
f 6108//6106 2734//2732 2737//2735
f 6109//6107 2737//2735 2740//2738
f 6110//6108 2740//2738 2743//2741
f 6111//6109 2743//2741 2746//2744
f 6112//6110 2746//2744 2749//2747
f 6113//6111 2749//2747 2751//2749
f 6114//6112 2751//2749 2754//2752
f 6115//6113 2754//2752 2757//2755
f 6116//6114 2757//2755 2760//2758
f 6117//6115 2760//2758 2763//2761
f 6118//6116 2763//2761 2766//2764
f 6119//6117 2766//2764 2769//2767
f 6120//6118 2769//2767 2772//2770
f 6121//6119 2772//2770 2775//2773
f 6122//6120 2775//2773 2778//2776
f 6123//6121 2778//2776 2780//2778
f 6124//6122 2780//2778 2783//2781
f 6125//6123 2783//2781 2786//2784
f 6126//6124 2786//2784 2788//2786
f 6127//6125 2788//2786 2791//2789
f 6128//6126 2791//2789 2793//2791
f 6129//6127 2793//2791 2796//2794
f 6130//6128 2796//2794 2798//2796
f 2799//2797 6130//6128 2798//2796
f 2799//2797 6131//6129 6130//6128
f 2799//2797 2801//2799 6131//6129
f 6131//6129 2801//2799 6132//6130
f 6132//6130 2801//2799 2803//2801
f 2805//2803 6132//6130 2803//2801
f 2805//2803 2806//2804 6132//6130
f 6132//6130 2806//2804 6053//6051
f 6054//6052 4742//4740 6055//6053
f 6055//6053 4740//4738 6056//6054
f 4735//4733 4736//4734 2590//2588
f 2590//2588 4736//4734 3231//3229
f 3231//3229 4736//4734 4744//4742
f 3230//3228 4744//4742 4701//4699
f 3229//3227 4701//4699 4699//4697
f 3228//3226 4699//4697 4700//4698
f 3227//3225 4700//4698 4749//4747
f 3222//3220 4749//4747 4750//4748
f 3221//3219 4750//4748 4774//4772
f 3223//3221 4774//4772 4777//4775
f 3224//3222 4777//4775 4778//4776
f 3225//3223 4778//4776 4779//4777
f 3210//3208 4779//4777 4769//4767
f 3209//3207 4769//4767 4767//4765
f 3211//3209 4767//4765 4768//4766
f 3212//3210 4768//4766 4784//4782
f 3214//3212 4784//4782 4785//4783
f 3215//3213 4785//4783 3195//3193
f 3215//3213 3214//3212 4785//4783
f 3231//3229 4744//4742 3230//3228
f 3230//3228 4701//4699 3229//3227
f 3229//3227 4699//4697 3228//3226
f 3228//3226 4700//4698 3227//3225
f 3227//3225 4749//4747 3222//3220
f 3222//3220 4750//4748 3221//3219
f 3221//3219 4774//4772 3223//3221
f 3223//3221 4777//4775 3224//3222
f 3224//3222 4778//4776 3225//3223
f 3225//3223 4779//4777 3210//3208
f 3210//3208 4769//4767 3209//3207
f 3209//3207 4767//4765 3211//3209
f 3211//3209 4768//4766 3212//3210
f 3212//3210 4784//4782 3214//3212
f 4785//4783 4809//4807 3195//3193
f 3195//3193 4809//4807 3196//3194
f 3196//3194 4809//4807 4812//4810
f 3197//3195 4812//4810 4813//4811
f 3232//3230 4813//4811 4814//4812
f 3236//3234 4814//4812 4804//4802
f 3237//3235 4804//4802 4802//4800
f 3239//3237 4802//4800 4803//4801
f 3241//3239 4803//4801 4819//4817
f 3242//3240 4819//4817 4820//4818
f 3244//3242 4820//4818 4846//4844
f 3245//3243 4846//4844 4849//4847
f 3247//3245 4849//4847 4850//4848
f 3249//3247 4850//4848 4853//4851
f 3250//3248 4853//4851 5196//5194
f 3252//3250 5196//5194 5195//5193
f 3268//3266 5195//5193 3269//3267
f 3268//3266 3252//3250 5195//5193
f 3196//3194 4812//4810 3197//3195
f 3197//3195 4813//4811 3232//3230
f 3232//3230 4814//4812 3236//3234
f 3236//3234 4804//4802 3237//3235
f 3237//3235 4802//4800 3239//3237
f 3239//3237 4803//4801 3241//3239
f 3241//3239 4819//4817 3242//3240
f 3242//3240 4820//4818 3244//3242
f 3244//3242 4846//4844 3245//3243
f 3245//3243 4849//4847 3247//3245
f 3247//3245 4850//4848 3249//3247
f 3249//3247 4853//4851 3250//3248
f 3250//3248 5196//5194 3252//3250
f 5195//5193 5194//5192 3269//3267
f 3269//3267 5194//5192 3271//3269
f 3271//3269 5194//5192 4843//4841
f 3272//3270 4843//4841 4841//4839
f 3274//3272 4841//4839 4842//4840
f 3282//3280 4842//4840 4860//4858
f 3283//3281 4860//4858 4861//4859
f 3285//3283 4861//4859 4876//4874
f 3287//3285 4876//4874 4874//4872
f 3288//3286 4874//4872 4875//4873
f 3290//3288 4875//4873 4881//4879
f 3291//3289 4881//4879 4908//4906
f 3293//3291 4908//4906 4906//4904
f 3295//3293 4906//4904 4905//4903
f 3296//3294 4905//4903 4903//4901
f 3298//3296 4903//4901 4901//4899
f 3314//3312 4901//4899 3315//3313
f 3314//3312 3298//3296 4901//4899
f 3271//3269 4843//4841 3272//3270
f 3272//3270 4841//4839 3274//3272
f 3274//3272 4842//4840 3282//3280
f 3282//3280 4860//4858 3283//3281
f 3283//3281 4861//4859 3285//3283
f 3285//3283 4876//4874 3287//3285
f 3287//3285 4874//4872 3288//3286
f 3288//3286 4875//4873 3290//3288
f 3290//3288 4881//4879 3291//3289
f 3291//3289 4908//4906 3293//3291
f 3293//3291 4906//4904 3295//3293
f 3295//3293 4905//4903 3296//3294
f 3296//3294 4903//4901 3298//3296
f 4901//4899 4900//4898 3315//3313
f 3315//3313 4900//4898 3317//3315
f 3317//3315 4900//4898 4898//4896
f 3318//3316 4898//4896 4899//4897
f 3320//3318 4899//4897 4916//4914
f 3328//3326 4916//4914 4943//4941
f 3329//3327 4943//4941 4941//4939
f 3331//3329 4941//4939 4940//4938
f 3332//3330 4940//4938 4938//4936
f 3334//3332 4938//4936 4936//4934
f 3342//3340 4936//4934 4935//4933
f 3343//3341 4935//4933 4933//4931
f 3345//3343 4933//4931 4934//4932
f 3347//3345 4934//4932 4951//4949
f 3348//3346 4951//4949 4978//4976
f 3350//3348 4978//4976 4976//4974
f 3351//3349 4976//4974 3353//3351
f 3351//3349 3350//3348 4976//4974
f 3317//3315 4898//4896 3318//3316
f 3318//3316 4899//4897 3320//3318
f 3320//3318 4916//4914 3328//3326
f 3328//3326 4943//4941 3329//3327
f 3329//3327 4941//4939 3331//3329
f 3331//3329 4940//4938 3332//3330
f 3332//3330 4938//4936 3334//3332
f 3334//3332 4936//4934 3342//3340
f 3342//3340 4935//4933 3343//3341
f 3343//3341 4933//4931 3345//3343
f 3345//3343 4934//4932 3347//3345
f 3347//3345 4951//4949 3348//3346
f 3348//3346 4978//4976 3350//3348
f 4976//4974 4975//4973 3353//3351
f 3353//3351 4975//4973 3355//3353
f 3355//3353 4975//4973 4973//4971
f 3356//3354 4973//4971 4971//4969
f 3358//3356 4971//4969 4970//4968
f 3374//3372 4970//4968 4968//4966
f 3375//3373 4968//4966 4969//4967
f 3377//3375 4969//4967 4986//4984
f 3378//3376 4986//4984 5008//5006
f 3380//3378 5008//5006 5009//5007
f 3388//3386 5009//5007 5010//5008
f 3389//3387 5010//5008 5003//5001
f 3391//3389 5003//5001 5001//4999
f 3393//3391 5001//4999 5002//5000
f 3394//3392 5002//5000 5015//5013
f 3396//3394 5015//5013 5016//5014
f 3397//3395 5016//5014 3399//3397
f 3397//3395 3396//3394 5016//5014
f 3355//3353 4973//4971 3356//3354
f 3356//3354 4971//4969 3358//3356
f 3358//3356 4970//4968 3374//3372
f 3374//3372 4968//4966 3375//3373
f 3375//3373 4969//4967 3377//3375
f 3377//3375 4986//4984 3378//3376
f 3378//3376 5008//5006 3380//3378
f 3380//3378 5009//5007 3388//3386
f 3388//3386 5010//5008 3389//3387
f 3389//3387 5003//5001 3391//3389
f 3391//3389 5001//4999 3393//3391
f 3393//3391 5002//5000 3394//3392
f 3394//3392 5015//5013 3396//3394
f 5016//5014 5043//5041 3399//3397
f 3399//3397 5043//5041 3401//3399
f 3401//3399 5043//5041 5041//5039
f 3402//3400 5041//5039 5040//5038
f 3404//3402 5040//5038 5038//5036
f 3405//3403 5038//5036 5036//5034
f 3407//3405 5036//5034 5035//5033
f 3409//3407 5035//5033 5033//5031
f 3410//3408 5033//5031 5034//5032
f 3412//3410 5034//5032 5050//5048
f 3434//3432 5050//5048 5077//5075
f 3435//3433 5077//5075 5075//5073
f 3437//3435 5075//5073 5074//5072
f 3438//3436 5074//5072 5072//5070
f 3440//3438 5072//5070 5070//5068
f 3448//3446 5070//5068 5069//5067
f 3449//3447 5069//5067 3451//3449
f 3449//3447 3448//3446 5069//5067
f 3401//3399 5041//5039 3402//3400
f 3402//3400 5040//5038 3404//3402
f 3404//3402 5038//5036 3405//3403
f 3405//3403 5036//5034 3407//3405
f 3407//3405 5035//5033 3409//3407
f 3409//3407 5033//5031 3410//3408
f 3410//3408 5034//5032 3412//3410
f 3412//3410 5050//5048 3434//3432
f 3434//3432 5077//5075 3435//3433
f 3435//3433 5075//5073 3437//3435
f 3437//3435 5074//5072 3438//3436
f 3438//3436 5072//5070 3440//3438
f 3440//3438 5070//5068 3448//3446
f 5069//5067 5067//5065 3451//3449
f 3451//3449 5067//5065 3453//3451
f 3453//3451 5067//5065 5068//5066
f 3454//3452 5068//5066 5084//5082
f 3456//3454 5084//5082 5111//5109
f 3457//3455 5111//5109 5109//5107
f 3459//3457 5109//5107 5108//5106
f 3461//3459 5108//5106 5106//5104
f 3462//3460 5106//5104 5104//5102
f 3464//3462 5104//5102 5103//5101
f 3480//3478 5103//5101 5101//5099
f 3481//3479 5101//5099 5102//5100
f 3483//3481 5102//5100 5119//5117
f 3484//3482 5119//5117 5141//5139
f 3486//3484 5141//5139 5142//5140
f 3494//3492 5142//5140 5143//5141
f 3495//3493 5143//5141 3497//3495
f 3495//3493 3494//3492 5143//5141
f 3453//3451 5068//5066 3454//3452
f 3454//3452 5084//5082 3456//3454
f 3456//3454 5111//5109 3457//3455
f 3457//3455 5109//5107 3459//3457
f 3459//3457 5108//5106 3461//3459
f 3461//3459 5106//5104 3462//3460
f 3462//3460 5104//5102 3464//3462
f 3464//3462 5103//5101 3480//3478
f 3480//3478 5101//5099 3481//3479
f 3481//3479 5102//5100 3483//3481
f 3483//3481 5119//5117 3484//3482
f 3484//3482 5141//5139 3486//3484
f 3486//3484 5142//5140 3494//3492
f 5143//5141 5136//5134 3497//3495
f 3497//3495 5136//5134 3498//3496
f 3498//3496 5136//5134 5134//5132
f 3500//3498 5134//5132 5135//5133
f 3508//3506 5135//5133 5148//5146
f 3509//3507 5148//5146 5149//5147
f 3511//3509 5149//5147 5173//5171
f 3513//3511 5173//5171 5176//5174
f 3514//3512 5176//5174 5177//5175
f 3516//3514 5177//5175 5178//5176
f 3517//3515 5178//5176 5168//5166
f 3519//3517 5168//5166 5166//5164
f 3521//3519 5166//5164 5167//5165
f 3522//3520 5167//5165 5183//5181
f 3524//3522 5183//5181 5184//5182
f 3540//3538 5184//5182 4664//4662
f 3541//3539 4664//4662 4662//4660
f 3543//3541 4662//4660 4661//4659
f 3544//3542 4661//4659 4659//4657
f 3546//3544 4659//4657 4657//4655
f 3554//3552 4657//4655 4656//4654
f 3555//3553 4656//4654 4654//4652
f 3557//3555 4654//4652 4653//4651
f 3559//3557 4653//4651 4651//4649
f 3560//3558 4651//4649 4650//4648
f 3562//3560 4650//4648 4645//4643
f 3563//3561 4645//4643 4643//4641
f 3565//3563 4643//4641 4642//4640
f 3567//3565 4642//4640 4640//4638
f 3568//3566 4640//4638 4639//4637
f 3570//3568 4639//4637 4621//4619
f 4619//4617 3570//3568 4621//4619
f 4619//4617 3586//3584 3570//3568
f 4619//4617 4618//4616 3586//3584
f 3586//3584 4618//4616 3587//3585
f 3587//3585 4618//4616 4616//4614
f 3589//3587 4616//4614 4615//4613
f 3590//3588 4615//4613 4613//4611
f 3592//3590 4613//4611 4612//4610
f 3600//3598 4612//4610 4610//4608
f 3601//3599 4610//4608 4608//4606
f 3603//3601 4608//4606 4607//4605
f 3604//3602 4607//4605 4605//4603
f 3606//3604 4605//4603 4604//4602
f 3614//3612 4604//4602 4602//4600
f 3615//3613 4602//4600 4601//4599
f 3617//3615 4601//4599 4593//4591
f 3619//3617 4593//4591 4591//4589
f 4590//4588 3619//3617 4591//4589
f 4590//4588 3620//3618 3619//3617
f 4590//4588 4588//4586 3620//3618
f 3620//3618 4588//4586 3622//3620
f 3622//3620 4588//4586 4587//4585
f 3623//3621 4587//4585 4569//4567
f 3625//3623 4569//4567 4567//4565
f 3627//3625 4567//4565 4566//4564
f 3628//3626 4566//4564 4564//4562
f 3630//3628 4564//4562 4563//4561
f 3646//3644 4563//4561 4561//4559
f 3647//3645 4561//4559 4560//4558
f 3649//3647 4560//4558 4558//4556
f 3650//3648 4558//4556 4556//4554
f 3652//3650 4556//4554 4555//4553
f 3660//3658 4555//4553 4553//4551
f 3661//3659 4553//4551 4552//4550
f 4550//4548 3661//3659 4552//4550
f 4550//4548 3663//3661 3661//3659
f 4550//4548 4549//4547 3663//3661
f 3663//3661 4549//4547 3665//3663
f 3665//3663 4549//4547 4541//4539
f 3666//3664 4541//4539 4539//4537
f 3668//3666 4539//4537 4538//4536
f 3669//3667 4538//4536 4536//4534
f 3671//3669 4536//4534 4535//4533
f 3673//3671 4535//4533 4517//4515
f 3674//3672 4517//4515 4515//4513
f 3676//3674 4515//4513 4514//4512
f 3677//3675 4514//4512 4512//4510
f 3679//3677 4512//4510 4511//4509
f 3681//3679 4511//4509 4509//4507
f 3682//3680 4509//4507 4508//4506
f 3684//3682 4508//4506 4506//4504
f 4504//4502 3684//3682 4506//4504
f 4504//4502 3706//3704 3684//3682
f 4504//4502 4503//4501 3706//3704
f 3706//3704 4503//4501 3707//3705
f 3707//3705 4503//4501 4501//4499
f 3709//3707 4501//4499 4500//4498
f 3710//3708 4500//4498 4498//4496
f 3712//3710 4498//4496 4497//4495
f 3720//3718 4497//4495 4473//4471
f 3721//3719 4473//4471 4471//4469
f 3723//3721 4471//4469 4470//4468
f 3725//3723 4470//4468 4468//4466
f 3726//3724 4468//4466 4467//4465
f 3728//3726 4467//4465 4465//4463
f 3729//3727 4465//4463 4464//4462
f 3731//3729 4464//4462 4462//4460
f 3733//3731 4462//4460 4460//4458
f 4459//4457 3733//3731 4460//4458
f 4459//4457 3734//3732 3733//3731
f 4459//4457 4457//4455 3734//3732
f 3734//3732 4457//4455 3736//3734
f 3736//3734 4457//4455 4456//4454
f 3752//3750 4456//4454 4454//4452
f 3753//3751 4454//4452 4452//4450
f 3755//3753 4452//4450 4451//4449
f 3756//3754 4451//4449 4449//4447
f 3758//3756 4449//4447 4448//4446
f 3766//3764 4448//4446 4446//4444
f 3767//3765 4446//4444 4445//4443
f 3769//3767 4445//4443 4421//4419
f 3770//3768 4421//4419 4419//4417
f 3772//3770 4419//4417 4418//4416
f 3780//3778 4418//4416 4416//4414
f 3781//3779 4416//4414 4415//4413
f 4413//4411 3781//3779 4415//4413
f 4413//4411 3783//3781 3781//3779
f 4413//4411 4412//4410 3783//3781
f 3783//3781 4412//4410 3785//3783
f 3785//3783 4412//4410 4410//4408
f 3786//3784 4410//4408 4408//4406
f 3788//3786 4408//4406 4407//4405
f 3789//3787 4407//4405 4405//4403
f 3791//3789 4405//4403 4404//4402
f 3793//3791 4404//4402 4402//4400
f 3794//3792 4402//4400 4400//4398
f 3796//3794 4400//4398 4399//4397
f 3812//3810 4399//4397 4397//4395
f 3813//3811 4397//4395 4396//4394
f 3815//3813 4396//4394 4394//4392
f 3816//3814 4394//4392 4393//4391
f 3818//3816 4393//4391 4349//4347
f 4347//4345 3818//3816 4349//4347
f 4347//4345 3826//3824 3818//3816
f 4347//4345 4346//4344 3826//3824
f 3826//3824 4346//4344 3827//3825
f 3827//3825 4346//4344 4344//4342
f 3829//3827 4344//4342 4343//4341
f 3831//3829 4343//4341 4341//4339
f 3832//3830 4341//4339 4340//4338
f 3834//3832 4340//4338 4338//4336
f 3835//3833 4338//4336 4336//4334
f 3837//3835 4336//4334 4335//4333
f 3839//3837 4335//4333 4333//4331
f 3840//3838 4333//4331 4334//4332
f 3842//3840 4334//4332 4360//4358
f 3858//3856 4360//4358 4361//4359
f 3859//3857 4361//4359 4376//4374
f 3861//3859 4376//4374 4377//4375
f 4378//4376 3861//3859 4377//4375
f 4378//4376 3862//3860 3861//3859
f 4378//4376 4372//4370 3862//3860
f 3862//3860 4372//4370 3864//3862
f 3864//3862 4372//4370 4375//4373
f 3872//3870 4375//4373 4379//4377
f 3873//3871 4379//4377 4381//4379
f 3875//3873 4381//4379 4383//4381
f 3876//3874 4383//4381 4385//4383
f 3878//3876 4385//4383 4386//4384
f 3886//3884 4386//4384 6133//6131
f 3887//3885 6133//6131 3889//3887
f 3887//3885 3886//3884 6133//6131
f 3498//3496 5134//5132 3500//3498
f 3500//3498 5135//5133 3508//3506
f 3508//3506 5148//5146 3509//3507
f 3509//3507 5149//5147 3511//3509
f 3511//3509 5173//5171 3513//3511
f 3513//3511 5176//5174 3514//3512
f 3514//3512 5177//5175 3516//3514
f 3516//3514 5178//5176 3517//3515
f 3517//3515 5168//5166 3519//3517
f 3519//3517 5166//5164 3521//3519
f 3521//3519 5167//5165 3522//3520
f 3522//3520 5183//5181 3524//3522
f 3524//3522 5184//5182 3540//3538
f 3540//3538 4664//4662 3541//3539
f 3541//3539 4662//4660 3543//3541
f 3543//3541 4661//4659 3544//3542
f 3544//3542 4659//4657 3546//3544
f 3546//3544 4657//4655 3554//3552
f 3554//3552 4656//4654 3555//3553
f 3555//3553 4654//4652 3557//3555
f 3557//3555 4653//4651 3559//3557
f 3559//3557 4651//4649 3560//3558
f 3560//3558 4650//4648 3562//3560
f 3562//3560 4645//4643 3563//3561
f 3563//3561 4643//4641 3565//3563
f 3565//3563 4642//4640 3567//3565
f 3567//3565 4640//4638 3568//3566
f 3568//3566 4639//4637 3570//3568
f 3587//3585 4616//4614 3589//3587
f 3589//3587 4615//4613 3590//3588
f 3590//3588 4613//4611 3592//3590
f 3592//3590 4612//4610 3600//3598
f 3600//3598 4610//4608 3601//3599
f 3601//3599 4608//4606 3603//3601
f 3603//3601 4607//4605 3604//3602
f 3604//3602 4605//4603 3606//3604
f 3606//3604 4604//4602 3614//3612
f 3614//3612 4602//4600 3615//3613
f 3615//3613 4601//4599 3617//3615
f 3617//3615 4593//4591 3619//3617
f 3622//3620 4587//4585 3623//3621
f 3623//3621 4569//4567 3625//3623
f 3625//3623 4567//4565 3627//3625
f 3627//3625 4566//4564 3628//3626
f 3628//3626 4564//4562 3630//3628
f 3630//3628 4563//4561 3646//3644
f 3646//3644 4561//4559 3647//3645
f 3647//3645 4560//4558 3649//3647
f 3649//3647 4558//4556 3650//3648
f 3650//3648 4556//4554 3652//3650
f 3652//3650 4555//4553 3660//3658
f 3660//3658 4553//4551 3661//3659
f 3665//3663 4541//4539 3666//3664
f 3666//3664 4539//4537 3668//3666
f 3668//3666 4538//4536 3669//3667
f 3669//3667 4536//4534 3671//3669
f 3671//3669 4535//4533 3673//3671
f 3673//3671 4517//4515 3674//3672
f 3674//3672 4515//4513 3676//3674
f 3676//3674 4514//4512 3677//3675
f 3677//3675 4512//4510 3679//3677
f 3679//3677 4511//4509 3681//3679
f 3681//3679 4509//4507 3682//3680
f 3682//3680 4508//4506 3684//3682
f 3707//3705 4501//4499 3709//3707
f 3709//3707 4500//4498 3710//3708
f 3710//3708 4498//4496 3712//3710
f 3712//3710 4497//4495 3720//3718
f 3720//3718 4473//4471 3721//3719
f 3721//3719 4471//4469 3723//3721
f 3723//3721 4470//4468 3725//3723
f 3725//3723 4468//4466 3726//3724
f 3726//3724 4467//4465 3728//3726
f 3728//3726 4465//4463 3729//3727
f 3729//3727 4464//4462 3731//3729
f 3731//3729 4462//4460 3733//3731
f 3736//3734 4456//4454 3752//3750
f 3752//3750 4454//4452 3753//3751
f 3753//3751 4452//4450 3755//3753
f 3755//3753 4451//4449 3756//3754
f 3756//3754 4449//4447 3758//3756
f 3758//3756 4448//4446 3766//3764
f 3766//3764 4446//4444 3767//3765
f 3767//3765 4445//4443 3769//3767
f 3769//3767 4421//4419 3770//3768
f 3770//3768 4419//4417 3772//3770
f 3772//3770 4418//4416 3780//3778
f 3780//3778 4416//4414 3781//3779
f 3785//3783 4410//4408 3786//3784
f 3786//3784 4408//4406 3788//3786
f 3788//3786 4407//4405 3789//3787
f 3789//3787 4405//4403 3791//3789
f 3791//3789 4404//4402 3793//3791
f 3793//3791 4402//4400 3794//3792
f 3794//3792 4400//4398 3796//3794
f 3796//3794 4399//4397 3812//3810
f 3812//3810 4397//4395 3813//3811
f 3813//3811 4396//4394 3815//3813
f 3815//3813 4394//4392 3816//3814
f 3816//3814 4393//4391 3818//3816
f 3827//3825 4344//4342 3829//3827
f 3829//3827 4343//4341 3831//3829
f 3831//3829 4341//4339 3832//3830
f 3832//3830 4340//4338 3834//3832
f 3834//3832 4338//4336 3835//3833
f 3835//3833 4336//4334 3837//3835
f 3837//3835 4335//4333 3839//3837
f 3839//3837 4333//4331 3840//3838
f 3840//3838 4334//4332 3842//3840
f 3842//3840 4360//4358 3858//3856
f 3858//3856 4361//4359 3859//3857
f 3859//3857 4376//4374 3861//3859
f 3864//3862 4375//4373 3872//3870
f 3872//3870 4379//4377 3873//3871
f 3873//3871 4381//4379 3875//3873
f 3875//3873 4383//4381 3876//3874
f 3876//3874 4385//4383 3878//3876
f 3878//3876 4386//4384 3886//3884
f 6133//6131 6134//6132 3889//3887
f 3889//3887 6134//6132 3891//3889
f 3891//3889 6134//6132 6135//6133
f 3892//3890 6135//6133 6136//6134
f 3894//3892 6136//6134 3895//3893
f 3894//3892 3892//3890 6136//6134
f 3891//3889 6135//6133 3892//3890
f 6136//6134 6137//6135 3895//3893
f 3895//3893 6137//6135 3897//3895
f 3897//3895 6137//6135 2473//2471
f 6059//6057 2598//2596 6060//6058
f 6063//6061 2612//2610 6064//6062
f 6064//6062 2614//2612 6065//6063
f 6065//6063 2617//2615 6066//6064
f 6066//6064 2619//2617 6067//6065
f 6067//6065 2622//2620 6068//6066
f 6068//6066 2624//2622 6069//6067
f 6069//6067 2627//2625 6070//6068
f 6070//6068 2630//2628 6071//6069
f 6071//6069 2633//2631 6072//6070
f 6072//6070 2636//2634 6073//6071
f 6073//6071 2639//2637 6074//6072
f 6074//6072 2642//2640 6075//6073
f 6075//6073 2645//2643 6076//6074
f 6076//6074 2648//2646 6077//6075
f 6077//6075 2651//2649 6078//6076
f 6078//6076 2653//2651 6079//6077
f 6079//6077 2656//2654 6080//6078
f 6080//6078 2659//2657 6081//6079
f 6081//6079 2662//2660 6082//6080
f 6082//6080 2665//2663 6083//6081
f 6083//6081 2668//2666 6084//6082
f 6084//6082 2671//2669 6085//6083
f 6085//6083 2674//2672 6086//6084
f 6086//6084 2677//2675 6087//6085
f 6087//6085 2680//2678 6088//6086
f 6088//6086 2682//2680 6089//6087
f 6089//6087 2684//2682 6090//6088
f 6090//6088 2687//2685 6091//6089
f 6091//6089 2690//2688 6092//6090
f 6092//6090 2693//2691 6093//6091
f 6093//6091 2695//2693 6094//6092
f 6094//6092 2698//2696 6095//6093
f 6095//6093 2701//2699 6096//6094
f 6096//6094 2704//2702 6097//6095
f 6097//6095 2707//2705 6098//6096
f 6098//6096 2709//2707 6099//6097
f 6099//6097 2712//2710 6100//6098
f 6100//6098 2715//2713 6101//6099
f 6101//6099 2718//2716 6102//6100
f 6102//6100 2720//2718 6103//6101
f 6103//6101 2722//2720 6104//6102
f 6104//6102 2725//2723 6105//6103
f 6105//6103 2728//2726 6106//6104
f 6106//6104 2731//2729 6107//6105
f 6107//6105 2734//2732 6108//6106
f 6108//6106 2737//2735 6109//6107
f 6109//6107 2740//2738 6110//6108
f 6110//6108 2743//2741 6111//6109
f 6111//6109 2746//2744 6112//6110
f 6112//6110 2749//2747 6113//6111
f 6113//6111 2751//2749 6114//6112
f 6114//6112 2754//2752 6115//6113
f 6115//6113 2757//2755 6116//6114
f 6116//6114 2760//2758 6117//6115
f 6117//6115 2763//2761 6118//6116
f 6118//6116 2766//2764 6119//6117
f 6119//6117 2769//2767 6120//6118
f 6120//6118 2772//2770 6121//6119
f 6121//6119 2775//2773 6122//6120
f 6122//6120 2778//2776 6123//6121
f 6123//6121 2780//2778 6124//6122
f 6124//6122 2783//2781 6125//6123
f 6125//6123 2786//2784 6126//6124
f 6126//6124 2788//2786 6127//6125
f 6127//6125 2791//2789 6128//6126
f 6128//6126 2793//2791 6129//6127
f 6129//6127 2796//2794 6130//6128
f 6138//6136 6139//6137 6140//6138
f 6140//6138 6139//6137 6141//6139
f 6139//6137 6138//6136 6142//6140
f 6142//6140 6138//6136 6143//6141
f 6144//6142 6145//6143 6146//6144
f 6146//6144 6145//6143 6147//6145
f 6145//6143 6144//6142 6148//6146
f 6148//6146 6144//6142 6149//6147
f 6150//6148 6151//6149 6152//6150
f 6150//6148 6153//6151 6151//6149
f 6150//6148 6154//6152 6153//6151
f 6153//6151 6154//6152 6155//6153
f 6155//6153 6154//6152 6156//6154
f 6157//6155 6156//6154 6158//6156
f 6159//6157 6158//6156 6160//6158
f 6161//6159 6160//6158 6162//6160
f 6163//6161 6162//6160 6164//6162
f 6165//6163 6164//6162 6166//6164
f 6167//6165 6166//6164 6168//6166
f 6169//6167 6168//6166 6170//6168
f 6171//6169 6170//6168 6172//6170
f 6173//6171 6172//6170 6174//6172
f 6175//6173 6174//6172 6176//6174
f 6177//6175 6176//6174 6178//6176
f 6179//6177 6178//6176 6180//6178
f 6181//6179 6180//6178 6182//6180
f 6183//6181 6182//6180 6184//6182
f 6185//6183 6184//6182 6186//6184
f 6187//6185 6186//6184 6188//6186
f 6189//6187 6188//6186 6190//6188
f 6191//6189 6190//6188 6192//6190
f 6193//6191 6192//6190 6194//6192
f 6195//6193 6194//6192 6196//6194
f 6197//6195 6196//6194 6198//6196
f 6199//6197 6198//6196 6200//6198
f 6201//6199 6200//6198 6202//6200
f 6203//6201 6202//6200 6204//6202
f 6205//6203 6204//6202 6206//6204
f 6207//6205 6206//6204 6208//6206
f 6209//6207 6208//6206 6152//6150
f 6151//6149 6209//6207 6152//6150
f 6155//6153 6156//6154 6157//6155
f 6157//6155 6158//6156 6159//6157
f 6159//6157 6160//6158 6161//6159
f 6161//6159 6162//6160 6163//6161
f 6163//6161 6164//6162 6165//6163
f 6165//6163 6166//6164 6167//6165
f 6167//6165 6168//6166 6169//6167
f 6169//6167 6170//6168 6171//6169
f 6171//6169 6172//6170 6173//6171
f 6173//6171 6174//6172 6175//6173
f 6175//6173 6176//6174 6177//6175
f 6177//6175 6178//6176 6179//6177
f 6179//6177 6180//6178 6181//6179
f 6181//6179 6182//6180 6183//6181
f 6183//6181 6184//6182 6185//6183
f 6185//6183 6186//6184 6187//6185
f 6187//6185 6188//6186 6189//6187
f 6189//6187 6190//6188 6191//6189
f 6191//6189 6192//6190 6193//6191
f 6193//6191 6194//6192 6195//6193
f 6195//6193 6196//6194 6197//6195
f 6197//6195 6198//6196 6199//6197
f 6199//6197 6200//6198 6201//6199
f 6201//6199 6202//6200 6203//6201
f 6203//6201 6204//6202 6205//6203
f 6205//6203 6206//6204 6207//6205
f 6207//6205 6208//6206 6209//6207
f 6208//6206 6182//6180 6152//6150
f 6208//6206 6184//6182 6182//6180
f 6208//6206 6206//6204 6184//6182
f 6184//6182 6206//6204 6186//6184
f 6186//6184 6206//6204 6204//6202
f 6188//6186 6204//6202 6202//6200
f 6190//6188 6202//6200 6200//6198
f 6192//6190 6200//6198 6198//6196
f 6194//6192 6198//6196 6196//6194
f 6194//6192 6192//6190 6198//6196
f 6186//6184 6204//6202 6188//6186
f 6188//6186 6202//6200 6190//6188
f 6190//6188 6200//6198 6192//6190
f 6182//6180 6180//6178 6152//6150
f 6152//6150 6180//6178 6150//6148
f 6150//6148 6180//6178 6178//6176
f 6154//6152 6178//6176 6176//6174
f 6156//6154 6176//6174 6174//6172
f 6158//6156 6174//6172 6172//6170
f 6160//6158 6172//6170 6170//6168
f 6162//6160 6170//6168 6168//6166
f 6164//6162 6168//6166 6166//6164
f 6164//6162 6162//6160 6168//6166
f 6150//6148 6178//6176 6154//6152
f 6154//6152 6176//6174 6156//6154
f 6156//6154 6174//6172 6158//6156
f 6158//6156 6172//6170 6160//6158
f 6160//6158 6170//6168 6162//6160
f 6210//6208 6211//6209 6212//6210
f 6212//6210 6211//6209 6213//6211
f 6214//6212 6212//6210 6213//6211
f 6214//6212 6215//6213 6212//6210
f 6214//6212 6216//6214 6215//6213
f 6215//6213 6216//6214 6217//6215
f 6217//6215 6216//6214 6218//6216
f 6219//6217 6218//6216 6220//6218
f 6221//6219 6220//6218 6222//6220
f 6223//6221 6222//6220 6224//6222
f 6225//6223 6224//6222 6226//6224
f 6227//6225 6226//6224 6228//6226
f 6229//6227 6228//6226 6230//6228
f 6231//6229 6229//6227 6230//6228
f 6217//6215 6218//6216 6219//6217
f 6219//6217 6220//6218 6221//6219
f 6221//6219 6222//6220 6223//6221
f 6223//6221 6224//6222 6225//6223
f 6225//6223 6226//6224 6227//6225
f 6227//6225 6228//6226 6229//6227
f 6230//6228 6232//6230 6231//6229
f 6231//6229 6232//6230 6233//6231
f 6233//6231 6232//6230 6234//6232
f 6234//6232 6232//6230 6235//6233
f 6236//6234 6234//6232 6235//6233
f 6236//6234 6237//6235 6234//6232
f 6236//6234 6238//6236 6237//6235
f 6237//6235 6238//6236 6239//6237
f 6239//6237 6238//6236 6240//6238
f 6241//6239 6240//6238 6242//6240
f 6243//6241 6242//6240 6244//6242
f 6245//6243 6244//6242 6246//6244
f 6247//6245 6246//6244 6248//6246
f 6249//6247 6248//6246 6250//6248
f 6251//6249 6250//6248 6252//6250
f 6253//6251 6251//6249 6252//6250
f 6239//6237 6240//6238 6241//6239
f 6241//6239 6242//6240 6243//6241
f 6243//6241 6244//6242 6245//6243
f 6245//6243 6246//6244 6247//6245
f 6247//6245 6248//6246 6249//6247
f 6249//6247 6250//6248 6251//6249
f 6252//6250 6211//6209 6253//6251
f 6253//6251 6211//6209 6210//6208
f 6254//6252 6255//6253 6256//6254
f 6256//6254 6255//6253 6257//6255
f 6257//6255 6255//6253 6258//6256
f 6259//6257 6258//6256 6260//6236
f 6261//6258 6260//6236 6262//6238
f 6263//6259 6262//6238 6264//6260
f 6265//6241 6264//6260 6266//6242
f 6267//6261 6266//6242 6268//6244
f 6269//6262 6268//6244 6270//6263
f 6271//6264 6270//6263 6272//6265
f 6273//6266 6272//6265 6274//6267
f 6273//6266 6271//6264 6272//6265
f 6257//6255 6258//6256 6259//6257
f 6259//6257 6260//6236 6261//6258
f 6261//6258 6262//6238 6263//6259
f 6263//6259 6264//6260 6265//6241
f 6265//6241 6266//6242 6267//6261
f 6267//6261 6268//6244 6269//6262
f 6269//6262 6270//6263 6271//6264
f 6272//6265 6275//6268 6274//6267
f 6276//6269 6254//6252 6277//6270
f 6277//6270 6254//6252 6256//6254
f 6278//6271 6279//6272 6280//6273
f 6280//6273 6279//6272 6281//6274
f 6281//6274 6279//6272 6282//6275
f 6283//6276 6282//6275 6284//6214
f 6285//6277 6284//6214 6286//6216
f 6287//6278 6286//6216 6288//6279
f 6289//6219 6288//6279 6290//6220
f 6291//6280 6290//6220 6292//6222
f 6293//6281 6292//6222 6294//6282
f 6295//6283 6294//6282 6296//6284
f 6297//6285 6296//6284 6277//6270
f 6297//6285 6295//6283 6296//6284
f 6281//6274 6282//6275 6283//6276
f 6283//6276 6284//6214 6285//6277
f 6285//6277 6286//6216 6287//6278
f 6287//6278 6288//6279 6289//6219
f 6289//6219 6290//6220 6291//6280
f 6291//6280 6292//6222 6293//6281
f 6293//6281 6294//6282 6295//6283
f 6296//6284 6276//6269 6277//6270
f 6275//6268 6278//6271 6274//6267
f 6274//6267 6278//6271 6280//6273
f 830//830 829//829 6298//6286
f 6298//6286 829//829 6299//6287
f 6299//6287 829//829 827//827
f 835//835 834//834 836//836
f 836//836 834//834 833//833
f 832//832 836//836 833//833
f 832//832 6300//6288 836//836
f 832//832 6301//6289 6300//6288
f 832//832 831//831 6301//6289
f 6301//6289 831//831 6302//6290
f 6302//6290 831//831 6303//6291
f 6303//6291 831//831 6304//6292
f 6304//6292 831//831 6305//6293
f 6305//6293 831//831 6306//6294
f 6306//6294 831//831 6307//6295
f 6307//6295 831//831 6298//6286
f 6308//6296 6298//6286 6309//6297
f 6308//6296 6307//6295 6298//6286
f 831//831 830//830 6298//6286
f 6310//6298 6311//6299 6298//6286
f 6298//6286 6311//6299 6309//6297
f 6301//6289 6312//6300 6300//6288
f 6300//6288 6312//6300 6313//6301
f 6314//6302 6300//6288 6313//6301
f 6314//6302 6315//6303 6300//6288
f 6300//6288 6315//6303 6316//6304
f 6299//6287 6317//6305 6298//6286
f 6298//6286 6317//6305 6310//6298
f 6310//6298 6317//6305 6318//6306
f 6311//6299 6318//6306 6319//6307
f 6309//6297 6319//6307 6320//6308
f 6308//6296 6320//6308 6321//6309
f 6307//6295 6321//6309 6322//6310
f 6306//6294 6322//6310 6323//6311
f 6305//6293 6323//6311 6324//6312
f 6304//6292 6324//6312 6325//6313
f 6303//6291 6325//6313 6326//6314
f 6302//6290 6326//6314 6327//6315
f 6301//6289 6327//6315 6328//6316
f 6312//6300 6328//6316 6329//6317
f 6313//6301 6329//6317 6330//6318
f 6314//6302 6330//6318 6331//6319
f 6315//6303 6331//6319 6332//6320
f 6316//6304 6332//6320 6333//6321
f 6300//6288 6316//6304 6333//6321
f 6310//6298 6318//6306 6311//6299
f 6311//6299 6319//6307 6309//6297
f 6309//6297 6320//6308 6308//6296
f 6308//6296 6321//6309 6307//6295
f 6307//6295 6322//6310 6306//6294
f 6306//6294 6323//6311 6305//6293
f 6305//6293 6324//6312 6304//6292
f 6304//6292 6325//6313 6303//6291
f 6303//6291 6326//6314 6302//6290
f 6302//6290 6327//6315 6301//6289
f 6301//6289 6328//6316 6312//6300
f 6312//6300 6329//6317 6313//6301
f 6313//6301 6330//6318 6314//6302
f 6314//6302 6331//6319 6315//6303
f 6315//6303 6332//6320 6316//6304
f 839//839 838//838 6333//6321
f 6333//6321 838//838 6300//6288
f 6300//6288 838//838 836//836
f 6334//6322 6335//6323 6336//6324
f 6336//6324 6335//6323 6337//6298
f 6337//6298 6335//6323 6338//6325
f 6339//6299 6338//6325 6340//6307
f 6341//6297 6340//6307 6342//6308
f 6343//6296 6342//6308 6344//6326
f 6345//6327 6344//6326 6346//6310
f 6347//6328 6346//6310 6348//6311
f 6349//6293 6348//6311 6350//6329
f 6351//6292 6350//6329 6352//6330
f 6353//6291 6352//6330 6354//6314
f 6355//6290 6354//6314 6356//6315
f 6357//6331 6356//6315 6358//6332
f 6359//6333 6358//6332 6360//6317
f 6361//6301 6360//6317 6362//6318
f 6363//6302 6362//6318 6364//6334
f 6365//6303 6364//6334 6366//6335
f 6367//6304 6366//6335 6368//6336
f 6369//6337 6367//6304 6368//6336
f 6337//6298 6338//6325 6339//6299
f 6339//6299 6340//6307 6341//6297
f 6341//6297 6342//6308 6343//6296
f 6343//6296 6344//6326 6345//6327
f 6345//6327 6346//6310 6347//6328
f 6347//6328 6348//6311 6349//6293
f 6349//6293 6350//6329 6351//6292
f 6351//6292 6352//6330 6353//6291
f 6353//6291 6354//6314 6355//6290
f 6355//6290 6356//6315 6357//6331
f 6357//6331 6358//6332 6359//6333
f 6359//6333 6360//6317 6361//6301
f 6361//6301 6362//6318 6363//6302
f 6363//6302 6364//6334 6365//6303
f 6365//6303 6366//6335 6367//6304
f 885//883 883//881 6368//6336
f 6368//6336 883//881 6369//6337
f 6369//6337 883//881 882//880
f 875//873 874//872 6336//6324
f 6336//6324 874//872 6334//6322
f 6334//6322 874//872 873//871
f 882//880 881//879 6369//6337
f 6369//6337 881//879 6359//6333
f 6361//6301 6369//6337 6359//6333
f 6361//6301 6363//6302 6369//6337
f 6369//6337 6363//6302 6365//6303
f 6367//6304 6369//6337 6365//6303
f 880//878 6347//6328 881//879
f 880//878 6336//6324 6347//6328
f 880//878 875//873 6336//6324
f 880//878 879//877 875//873
f 875//873 879//877 878//876
f 877//875 875//873 878//876
f 6337//6298 6339//6299 6336//6324
f 6336//6324 6339//6299 6341//6297
f 6343//6296 6336//6324 6341//6297
f 6343//6296 6345//6327 6336//6324
f 6336//6324 6345//6327 6347//6328
f 6347//6328 6349//6293 881//879
f 881//879 6349//6293 6351//6292
f 6353//6291 881//879 6351//6292
f 6353//6291 6355//6290 881//879
f 881//879 6355//6290 6357//6331
f 6359//6333 881//879 6357//6331
f 885//883 6368//6336 886//884
f 886//884 6368//6336 888//886
f 888//886 6368//6336 890//888
f 890//888 6368//6336 892//890
f 892//890 6368//6336 894//892
f 894//892 6368//6336 934//932
f 934//932 6368//6336 935//933
f 935//933 6368//6336 936//934
f 936//934 6368//6336 937//935
f 937//935 6368//6336 938//936
f 938//936 6368//6336 939//937
f 939//937 6368//6336 940//938
f 940//938 6368//6336 941//939
f 941//939 6368//6336 942//940
f 942//940 6368//6336 943//941
f 943//941 6368//6336 6366//6335
f 944//942 6366//6335 945//943
f 944//942 943//941 6366//6335
f 945//943 6366//6335 909//907
f 909//907 6366//6335 6364//6334
f 911//909 6364//6334 6362//6318
f 913//911 6362//6318 6360//6317
f 915//913 6360//6317 6358//6332
f 917//915 6358//6332 6356//6315
f 919//917 6356//6315 6354//6314
f 921//919 6354//6314 6352//6330
f 6350//6329 921//919 6352//6330
f 6350//6329 923//921 921//919
f 6350//6329 6348//6311 923//921
f 923//921 6348//6311 925//923
f 925//923 6348//6311 6346//6310
f 927//925 6346//6310 6344//6326
f 6342//6308 927//925 6344//6326
f 6342//6308 929//927 927//925
f 6342//6308 6340//6307 929//927
f 929//927 6340//6307 931//929
f 931//929 6340//6307 6338//6325
f 6335//6323 931//929 6338//6325
f 6335//6323 6334//6322 931//929
f 931//929 6334//6322 876//874
f 876//874 6334//6322 870//868
f 870//868 6334//6322 872//870
f 872//870 6334//6322 873//871
f 909//907 6364//6334 911//909
f 911//909 6362//6318 913//911
f 913//911 6360//6317 915//913
f 915//913 6358//6332 917//915
f 917//915 6356//6315 919//917
f 919//917 6354//6314 921//919
f 925//923 6346//6310 927//925
f 862//862 848//848 863//863
f 862//862 849//849 848//848
f 862//862 861//861 849//849
f 849//849 861//861 860//860
f 850//850 860//860 851//851
f 850//850 849//849 860//860
f 860//860 859//859 851//851
f 851//851 859//859 852//852
f 852//852 859//859 858//858
f 853//853 858//858 857//857
f 854//854 857//857 856//856
f 855//855 854//854 856//856
f 852//852 858//858 853//853
f 853//853 857//857 854//854
f 848//848 847//847 863//863
f 863//863 847//847 6370//6338
f 6371//6339 6370//6338 6372//6340
f 6373//6341 6372//6340 6374//6342
f 6375//6343 6374//6342 6376//6344
f 6377//6345 6376//6344 6143//6141
f 6377//6345 6375//6343 6376//6344
f 863//863 6370//6338 6371//6339
f 6371//6339 6372//6340 6373//6341
f 6373//6341 6374//6342 6375//6343
f 6376//6344 6142//6140 6143//6141
f 963//961 949//947 964//962
f 963//961 950//948 949//947
f 963//961 962//960 950//948
f 950//948 962//960 961//959
f 951//949 961//959 952//950
f 951//949 950//948 961//959
f 961//959 960//958 952//950
f 952//950 960//958 953//951
f 953//951 960//958 959//957
f 954//952 959//957 958//956
f 955//953 958//956 957//955
f 956//954 955//953 957//955
f 953//951 959//957 954//952
f 954//952 958//956 955//953
f 949//947 948//946 964//962
f 964//962 948//946 6378//6346
f 6379//6347 6378//6346 6380//6348
f 6381//6349 6380//6348 6382//6350
f 6383//6351 6382//6350 6384//6352
f 6385//6353 6384//6352 6149//6147
f 6385//6353 6383//6351 6384//6352
f 964//962 6378//6346 6379//6347
f 6379//6347 6380//6348 6381//6349
f 6381//6349 6382//6350 6383//6351
f 6384//6352 6148//6146 6149//6147
f 6141//6139 6243//6241 6140//6138
f 6141//6139 6241//6239 6243//6241
f 6141//6139 6239//6237 6241//6239
f 6141//6139 6237//6235 6239//6237
f 6141//6139 6234//6232 6237//6235
f 6141//6139 6233//6231 6234//6232
f 6141//6139 6231//6229 6233//6231
f 6141//6139 6151//6149 6231//6229
f 6141//6139 6209//6207 6151//6149
f 6141//6139 6146//6144 6209//6207
f 6209//6207 6146//6144 6207//6205
f 6207//6205 6146//6144 6256//6254
f 6205//6203 6256//6254 6203//6201
f 6205//6203 6207//6205 6256//6254
f 6147//6145 6289//6219 6146//6144
f 6147//6145 6287//6278 6289//6219
f 6147//6145 6285//6277 6287//6278
f 6147//6145 6283//6276 6285//6277
f 6147//6145 6281//6274 6283//6276
f 6147//6145 6280//6273 6281//6274
f 6147//6145 6274//6267 6280//6273
f 6147//6145 6181//6179 6274//6267
f 6147//6145 6179//6177 6181//6179
f 6147//6145 6140//6138 6179//6177
f 6179//6177 6140//6138 6177//6175
f 6177//6175 6140//6138 6210//6208
f 6175//6173 6210//6208 6173//6171
f 6175//6173 6177//6175 6210//6208
f 6151//6149 6153//6151 6231//6229
f 6231//6229 6153//6151 6155//6153
f 6229//6227 6155//6153 6157//6155
f 6227//6225 6157//6155 6159//6157
f 6225//6223 6159//6157 6161//6159
f 6223//6221 6161//6159 6163//6161
f 6221//6219 6163//6161 6165//6163
f 6219//6217 6165//6163 6167//6165
f 6217//6215 6167//6165 6169//6167
f 6215//6213 6169//6167 6171//6169
f 6212//6210 6171//6169 6173//6171
f 6210//6208 6212//6210 6173//6171
f 6231//6229 6155//6153 6229//6227
f 6229//6227 6157//6155 6227//6225
f 6227//6225 6159//6157 6225//6223
f 6225//6223 6161//6159 6223//6221
f 6223//6221 6163//6161 6221//6219
f 6221//6219 6165//6163 6219//6217
f 6219//6217 6167//6165 6217//6215
f 6217//6215 6169//6167 6215//6213
f 6215//6213 6171//6169 6212//6210
f 6181//6179 6183//6181 6274//6267
f 6274//6267 6183//6181 6185//6183
f 6273//6266 6185//6183 6187//6185
f 6271//6264 6187//6185 6189//6187
f 6269//6262 6189//6187 6191//6189
f 6267//6261 6191//6189 6193//6191
f 6265//6241 6193//6191 6195//6193
f 6263//6259 6195//6193 6197//6195
f 6261//6258 6197//6195 6199//6197
f 6259//6257 6199//6197 6201//6199
f 6257//6255 6201//6199 6203//6201
f 6256//6254 6257//6255 6203//6201
f 6274//6267 6185//6183 6273//6266
f 6273//6266 6187//6185 6271//6264
f 6271//6264 6189//6187 6269//6262
f 6269//6262 6191//6189 6267//6261
f 6267//6261 6193//6191 6265//6241
f 6265//6241 6195//6193 6263//6259
f 6263//6259 6197//6195 6261//6258
f 6261//6258 6199//6197 6259//6257
f 6259//6257 6201//6199 6257//6255
f 6243//6241 6245//6243 6140//6138
f 6140//6138 6245//6243 6247//6245
f 6249//6247 6140//6138 6247//6245
f 6249//6247 6251//6249 6140//6138
f 6140//6138 6251//6249 6253//6251
f 6210//6208 6140//6138 6253//6251
f 6289//6219 6291//6280 6146//6144
f 6146//6144 6291//6280 6293//6281
f 6295//6283 6146//6144 6293//6281
f 6295//6283 6297//6285 6146//6144
f 6146//6144 6297//6285 6277//6270
f 6256//6254 6146//6144 6277//6270
f 931//929 6147//6145 932//930
f 931//929 876//874 6147//6145
f 6147//6145 876//874 6140//6138
f 6140//6138 876//874 864//864
f 6138//6136 864//864 867//865
f 866//865 6138//6136 867//865
f 866//865 6143//6141 6138//6136
f 866//865 865//865 6143//6141
f 6143//6141 865//865 6377//6345
f 6377//6345 865//865 6375//6343
f 6375//6343 865//865 6373//6341
f 6373//6341 865//865 6371//6339
f 6371//6339 865//865 863//863
f 6140//6138 864//864 6138//6136
f 6147//6145 6145//6143 932//930
f 932//930 6145//6143 933//931
f 933//931 6145//6143 946//944
f 946//944 6145//6143 6148//6146
f 947//945 6148//6146 6384//6352
f 6382//6350 947//945 6384//6352
f 6382//6350 6380//6348 947//945
f 947//945 6380//6348 6378//6346
f 948//946 947//945 6378//6346
f 946//944 6148//6146 947//945
f 868//866 6141//6139 844//844
f 868//866 967//965 6141//6139
f 6141//6139 967//965 6146//6144
f 6146//6144 967//965 965//963
f 6144//6142 965//963 974//972
f 973//971 6144//6142 974//972
f 973//971 6149//6147 6144//6142
f 973//971 972//970 6149//6147
f 6149//6147 972//970 6385//6353
f 6385//6353 972//970 6383//6351
f 6383//6351 972//970 6381//6349
f 6381//6349 972//970 6379//6347
f 6379//6347 972//970 964//962
f 6146//6144 965//963 6144//6142
f 6141//6139 6139//6137 844//844
f 844//844 6139//6137 843//843
f 843//843 6139//6137 845//845
f 845//845 6139//6137 6142//6140
f 846//846 6142//6140 6376//6344
f 6374//6342 846//846 6376//6344
f 6374//6342 6372//6340 846//846
f 846//846 6372//6340 6370//6338
f 847//847 846//846 6370//6338
f 845//845 6142//6140 846//846
f 827//827 826//826 6299//6287
f 6299//6287 826//826 1024//1022
f 1022//1020 6299//6287 1024//1022
f 1022//1020 1020//1018 6299//6287
f 6299//6287 1020//1018 1018//1016
f 1016//1014 6299//6287 1018//1016
f 1016//1014 1014//1012 6299//6287
f 6299//6287 1014//1012 1012//1010
f 1010//1008 6299//6287 1012//1010
f 1010//1008 1008//1006 6299//6287
f 6299//6287 1008//1006 1006//1004
f 1004//1002 6299//6287 1006//1004
f 1004//1002 1002//1000 6299//6287
f 6299//6287 1002//1000 1000//998
f 998//996 6299//6287 1000//998
f 998//996 6317//6305 6299//6287
f 998//996 994//992 6317//6305
f 6317//6305 994//992 996//994
f 991//989 6317//6305 996//994
f 991//989 6318//6306 6317//6305
f 991//989 989//987 6318//6306
f 6318//6306 989//987 6319//6307
f 6319//6307 989//987 987//985
f 6320//6308 987//985 985//983
f 6321//6309 985//983 983//981
f 6322//6310 983//981 981//979
f 6323//6311 981//979 979//977
f 6324//6312 979//977 6325//6313
f 6324//6312 6323//6311 979//977
f 6319//6307 987//985 6320//6308
f 6320//6308 985//983 6321//6309
f 6321//6309 983//981 6322//6310
f 6322//6310 981//979 6323//6311
f 979//977 977//975 6325//6313
f 6325//6313 977//975 6326//6314
f 6326//6314 977//975 975//973
f 6327//6315 975//973 970//968
f 6328//6316 970//968 6329//6317
f 6328//6316 6327//6315 970//968
f 6326//6314 975//973 6327//6315
f 970//968 968//966 6329//6317
f 6329//6317 968//966 6330//6318
f 6330//6318 968//966 967//965
f 6331//6319 967//965 6332//6320
f 6331//6319 6330//6318 967//965
f 6332//6320 967//965 6333//6321
f 6333//6321 967//965 868//866
f 841//841 6333//6321 868//866
f 841//841 840//840 6333//6321
f 6333//6321 840//840 839//839
f 6228//6226 6084//6082 6230//6228
f 6228//6226 6083//6081 6084//6082
f 6228//6226 6082//6080 6083//6081
f 6228//6226 6081//6079 6082//6080
f 6228//6226 6080//6078 6081//6079
f 6228//6226 6226//6224 6080//6078
f 6080//6078 6226//6224 6079//6077
f 6079//6077 6226//6224 6078//6076
f 6078//6076 6226//6224 6258//6256
f 6077//6075 6258//6256 6076//6074
f 6077//6075 6078//6076 6258//6256
f 6226//6224 6224//6222 6258//6256
f 6258//6256 6224//6222 6260//6236
f 6260//6236 6224//6222 6222//6220
f 6262//6238 6222//6220 6220//6218
f 6264//6260 6220//6218 6218//6216
f 6266//6242 6218//6216 6216//6214
f 6268//6244 6216//6214 6214//6212
f 6270//6263 6214//6212 6118//6116
f 6119//6117 6270//6263 6118//6116
f 6119//6117 6120//6118 6270//6263
f 6270//6263 6120//6118 6272//6265
f 6272//6265 6120//6118 6121//6119
f 6122//6120 6272//6265 6121//6119
f 6122//6120 6123//6121 6272//6265
f 6272//6265 6123//6121 6124//6122
f 6275//6268 6124//6122 6125//6123
f 6126//6124 6275//6268 6125//6123
f 6126//6124 6127//6125 6275//6268
f 6275//6268 6127//6125 6128//6126
f 6129//6127 6275//6268 6128//6126
f 6129//6127 6130//6128 6275//6268
f 6275//6268 6130//6128 6131//6129
f 6132//6130 6275//6268 6131//6129
f 6132//6130 6278//6271 6275//6268
f 6132//6130 6053//6051 6278//6271
f 6278//6271 6053//6051 6054//6052
f 6055//6053 6278//6271 6054//6052
f 6055//6053 6279//6272 6278//6271
f 6055//6053 6056//6054 6279//6272
f 6279//6272 6056//6054 6282//6275
f 6282//6275 6056//6054 6284//6214
f 6284//6214 6056//6054 6057//6055
f 6286//6216 6057//6055 6058//6056
f 6288//6279 6058//6056 6290//6220
f 6288//6279 6286//6216 6058//6056
f 6260//6236 6222//6220 6262//6238
f 6262//6238 6220//6218 6264//6260
f 6264//6260 6218//6216 6266//6242
f 6266//6242 6216//6214 6268//6244
f 6213//6211 6116//6114 6214//6212
f 6213//6211 6115//6113 6116//6114
f 6213//6211 6114//6112 6115//6113
f 6213//6211 6113//6111 6114//6112
f 6213//6211 6112//6110 6113//6111
f 6213//6211 6211//6209 6112//6110
f 6112//6110 6211//6209 6111//6109
f 6111//6109 6211//6209 6110//6108
f 6110//6108 6211//6209 6109//6107
f 6109//6107 6211//6209 6108//6106
f 6108//6106 6211//6209 6107//6105
f 6107//6105 6211//6209 6106//6104
f 6106//6104 6211//6209 6105//6103
f 6105//6103 6211//6209 6104//6102
f 6104//6102 6211//6209 6252//6250
f 6103//6101 6252//6250 6102//6100
f 6103//6101 6104//6102 6252//6250
f 6102//6100 6252//6250 6101//6099
f 6101//6099 6252//6250 6250//6248
f 6100//6098 6250//6248 6248//6246
f 6246//6244 6100//6098 6248//6246
f 6246//6244 6099//6097 6100//6098
f 6246//6244 6244//6242 6099//6097
f 6099//6097 6244//6242 6098//6096
f 6098//6096 6244//6242 6242//6240
f 6240//6238 6098//6096 6242//6240
f 6240//6238 6097//6095 6098//6096
f 6240//6238 6238//6236 6097//6095
f 6097//6095 6238//6236 6096//6094
f 6096//6094 6238//6236 6236//6234
f 6235//6233 6096//6094 6236//6234
f 6235//6233 6095//6093 6096//6094
f 6235//6233 6232//6230 6095//6093
f 6095//6093 6232//6230 6094//6092
f 6094//6092 6232//6230 6093//6091
f 6093//6091 6232//6230 6092//6090
f 6092//6090 6232//6230 6230//6228
f 6091//6089 6230//6228 6090//6088
f 6091//6089 6092//6090 6230//6228
f 6101//6099 6250//6248 6100//6098
f 6296//6284 6061//6059 6276//6269
f 6296//6284 6060//6058 6061//6059
f 6296//6284 6294//6282 6060//6058
f 6060//6058 6294//6282 6292//6222
f 6059//6057 6292//6222 6290//6220
f 6058//6056 6059//6057 6290//6220
f 6060//6058 6292//6222 6059//6057
f 6286//6216 6284//6214 6057//6055
f 6275//6268 6272//6265 6124//6122
f 6270//6263 6268//6244 6214//6212
f 6258//6256 6255//6253 6076//6074
f 6076//6074 6255//6253 6075//6073
f 6075//6073 6255//6253 6074//6072
f 6074//6072 6255//6253 6073//6071
f 6073//6071 6255//6253 6072//6070
f 6072//6070 6255//6253 6254//6252
f 6071//6069 6254//6252 6070//6068
f 6071//6069 6072//6070 6254//6252
f 6276//6269 6064//6062 6254//6252
f 6276//6269 6063//6061 6064//6062
f 6276//6269 6062//6060 6063//6061
f 6276//6269 6061//6059 6062//6060
f 6064//6062 6065//6063 6254//6252
f 6254//6252 6065//6063 6066//6064
f 6067//6065 6254//6252 6066//6064
f 6067//6065 6068//6066 6254//6252
f 6254//6252 6068//6066 6069//6067
f 6070//6068 6254//6252 6069//6067
f 6084//6082 6085//6083 6230//6228
f 6230//6228 6085//6083 6086//6084
f 6087//6085 6230//6228 6086//6084
f 6087//6085 6088//6086 6230//6228
f 6230//6228 6088//6086 6089//6087
f 6090//6088 6230//6228 6089//6087
f 6116//6114 6117//6115 6214//6212
f 6214//6212 6117//6115 6118//6116
f 6137//6135 1801//1799 2473//2471
f 6137//6135 1802//1800 1801//1799
f 6137//6135 6136//6134 1802//1800
f 1802//1800 6136//6134 1803//1801
f 1803//1801 6136//6134 6135//6133
f 1804//1802 6135//6133 6134//6132
f 1805//1803 6134//6132 6133//6131
f 1806//1804 6133//6131 4386//4384
f 1807//1805 4386//4384 4384//4382
f 4382//4380 1807//1805 4384//4382
f 4382//4380 1808//1806 1807//1805
f 4382//4380 4380//4378 1808//1806
f 1808//1806 4380//4378 1809//1807
f 1809//1807 4380//4378 4374//4372
f 4371//4369 1809//1807 4374//4372
f 4371//4369 1810//1808 1809//1807
f 4371//4369 4370//4368 1810//1808
f 1810//1808 4370//4368 1811//1809
f 1811//1809 4370//4368 4368//4366
f 4366//4364 1811//1809 4368//4366
f 4366//4364 1812//1810 1811//1809
f 4366//4364 4365//4363 1812//1810
f 1812//1810 4365//4363 1813//1811
f 1813//1811 4365//4363 4363//4361
f 1814//1812 4363//4361 4362//4360
f 4357//4355 1814//1812 4362//4360
f 4357//4355 1815//1813 1814//1812
f 4357//4355 4328//4326 1815//1813
f 1815//1813 4328//4326 1816//1814
f 1816//1814 4328//4326 4327//4325
f 4324//4322 1816//1814 4327//4325
f 4324//4322 1817//1815 1816//1814
f 4324//4322 4281//4279 1817//1815
f 1817//1815 4281//4279 1818//1816
f 1818//1816 4281//4279 4280//4278
f 4279//4277 1818//1816 4280//4278
f 4279//4277 1819//1817 1818//1816
f 4279//4277 4277//4275 1819//1817
f 1819//1817 4277//4275 4276//4274
f 1820//1818 4276//4274 4274//4272
f 4273//4271 1820//1818 4274//4272
f 4273//4271 1821//1819 1820//1818
f 4273//4271 4271//4269 1821//1819
f 1821//1819 4271//4269 4270//4268
f 1738//1736 4270//4268 4268//4266
f 1737//1735 4268//4266 4267//4265
f 4265//4263 1737//1735 4267//4265
f 4265//4263 1739//1737 1737//1735
f 4265//4263 4264//4262 1739//1737
f 1739//1737 4264//4262 4262//4260
f 1740//1738 4262//4260 4260//4258
f 4259//4257 1740//1738 4260//4258
f 4259//4257 1741//1739 1740//1738
f 4259//4257 4257//4255 1741//1739
f 1741//1739 4257//4255 4256//4254
f 1742//1740 4256//4254 4254//4252
f 1743//1741 4254//4252 4253//4251
f 4251//4249 1743//1741 4253//4251
f 4251//4249 1744//1742 1743//1741
f 4251//4249 4250//4248 1744//1742
f 1744//1742 4250//4248 4248//4246
f 1745//1743 4248//4246 4247//4245
f 4245//4243 1745//1743 4247//4245
f 4245//4243 1746//1744 1745//1743
f 4245//4243 4244//4242 1746//1744
f 1746//1744 4244//4242 1747//1745
f 1747//1745 4244//4242 4242//4240
f 4241//4239 1747//1745 4242//4240
f 4241//4239 1748//1746 1747//1745
f 4241//4239 4239//4237 1748//1746
f 1748//1746 4239//4237 4238//4236
f 1749//1747 4238//4236 4234//4232
f 4236//4234 1749//1747 4234//4232
f 4236//4234 1750//1748 1749//1747
f 4236//4234 4010//4008 1750//1748
f 1750//1748 4010//4008 1751//1749
f 1751//1749 4010//4008 4009//4007
f 4007//4005 1751//1749 4009//4007
f 4007//4005 1752//1750 1751//1749
f 4007//4005 4006//4004 1752//1750
f 1752//1750 4006//4004 4004//4002
f 1753//1751 4004//4002 4002//4000
f 4000//3998 1753//1751 4002//4000
f 4000//3998 1754//1752 1753//1751
f 4000//3998 3998//3996 1754//1752
f 1754//1752 3998//3996 1755//1753
f 1755//1753 3998//3996 3997//3995
f 1756//1754 3997//3995 3988//3986
f 3987//3985 1756//1754 3988//3986
f 3987//3985 1757//1755 1756//1754
f 3987//3985 3985//3983 1757//1755
f 1757//1755 3985//3983 3984//3982
f 1758//1756 3984//3982 3982//3980
f 3981//3979 1758//1756 3982//3980
f 3981//3979 1759//1757 1758//1756
f 3981//3979 3977//3975 1759//1757
f 1759//1757 3977//3975 1760//1758
f 1760//1758 3977//3975 3976//3974
f 3959//3957 1760//1758 3976//3974
f 3959//3957 1761//1759 1760//1758
f 3959//3957 3957//3955 1761//1759
f 1761//1759 3957//3955 3956//3954
f 1762//1760 3956//3954 3954//3952
f 1763//1761 3954//3952 3953//3951
f 3950//3948 1763//1761 3953//3951
f 3950//3948 1764//1762 1763//1761
f 3950//3948 3949//3947 1764//1762
f 1764//1762 3949//3947 3947//3945
f 1765//1763 3947//3945 3946//3944
f 3943//3941 1765//1763 3946//3944
f 3943//3941 1766//1764 1765//1763
f 3943//3941 3944//3942 1766//1764
f 1766//1764 3944//3942 1767//1765
f 1767//1765 3944//3942 3940//3938
f 3938//3936 1767//1765 3940//3938
f 3938//3936 1768//1766 1767//1765
f 3938//3936 3937//3935 1768//1766
f 1768//1766 3937//3935 1769//1767
f 1769//1767 3937//3935 3929//3927
f 1770//1768 3929//3927 3927//3925
f 3926//3924 1770//1768 3927//3925
f 3926//3924 1771//1769 1770//1768
f 3926//3924 3905//3903 1771//1769
f 1771//1769 3905//3903 3903//3901
f 1772//1770 3903//3901 2580//2578
f 2579//2577 1772//1770 2580//2578
f 2579//2577 1773//1771 1772//1770
f 2579//2577 2577//2575 1773//1771
f 1773//1771 2577//2575 2576//2574
f 1774//1772 2576//2574 2574//2572
f 2572//2570 1774//1772 2574//2572
f 2572//2570 1775//1773 1774//1772
f 2572//2570 2571//2569 1775//1773
f 1775//1773 2571//2569 1776//1774
f 1776//1774 2571//2569 2569//2567
f 2568//2566 1776//1774 2569//2567
f 2568//2566 1777//1775 1776//1774
f 2568//2566 2566//2564 1777//1775
f 1777//1775 2566//2564 2564//2562
f 1778//1776 2564//2562 2563//2561
f 2561//2559 1778//1776 2563//2561
f 2561//2559 1779//1777 1778//1776
f 2561//2559 2559//2557 1779//1777
f 1779//1777 2559//2557 1780//1778
f 1780//1778 2559//2557 2558//2556
f 2556//2554 1780//1778 2558//2556
f 2556//2554 1781//1779 1780//1778
f 2556//2554 2555//2553 1781//1779
f 1781//1779 2555//2553 2553//2551
f 1782//1780 2553//2551 2551//2549
f 2550//2548 1782//1780 2551//2549
f 2550//2548 1783//1781 1782//1780
f 2550//2548 2548//2546 1783//1781
f 1783//1781 2548//2546 2546//2544
f 1784//1782 2546//2544 2545//2543
f 1785//1783 2545//2543 2543//2541
f 2542//2540 1785//1783 2543//2541
f 2542//2540 1786//1784 1785//1783
f 2542//2540 2540//2538 1786//1784
f 1786//1784 2540//2538 2538//2536
f 1787//1785 2538//2536 2537//2535
f 2535//2533 1787//1785 2537//2535
f 2535//2533 1788//1786 1787//1785
f 2535//2533 2534//2532 1788//1786
f 1788//1786 2534//2532 2530//2528
f 1789//1787 2530//2528 2532//2530
f 1790//1788 2532//2530 2525//2523
f 2523//2521 1790//1788 2525//2523
f 2523//2521 1791//1789 1790//1788
f 2523//2521 2522//2520 1791//1789
f 1791//1789 2522//2520 2513//2511
f 1792//1790 2513//2511 2511//2509
f 1793//1791 2511//2509 2509//2507
f 2508//2506 1793//1791 2509//2507
f 2508//2506 1794//1792 1793//1791
f 2508//2506 2506//2504 1794//1792
f 1794//1792 2506//2504 1795//1793
f 1795//1793 2506//2504 2503//2501
f 1796//1794 2503//2501 2501//2499
f 2500//2498 1796//1794 2501//2499
f 2500//2498 1797//1795 1796//1794
f 2500//2498 2498//2496 1797//1795
f 1797//1795 2498//2496 1798//1796
f 1798//1796 2498//2496 2496//2494
f 2495//2493 1798//1796 2496//2494
f 2495//2493 1799//1797 1798//1796
f 2495//2493 2490//2488 1799//1797
f 1799//1797 2490//2488 1800//1798
f 1800//1798 2490//2488 2474//2472
f 2473//2471 1800//1798 2474//2472
f 2473//2471 1801//1799 1800//1798
f 1803//1801 6135//6133 1804//1802
f 1804//1802 6134//6132 1805//1803
f 1805//1803 6133//6131 1806//1804
f 1806//1804 4386//4384 1807//1805
f 1813//1811 4363//4361 1814//1812
f 1819//1817 4276//4274 1820//1818
f 1821//1819 4270//4268 1738//1736
f 1738//1736 4268//4266 1737//1735
f 1739//1737 4262//4260 1740//1738
f 1741//1739 4256//4254 1742//1740
f 1742//1740 4254//4252 1743//1741
f 1744//1742 4248//4246 1745//1743
f 1748//1746 4238//4236 1749//1747
f 1752//1750 4004//4002 1753//1751
f 1755//1753 3997//3995 1756//1754
f 1757//1755 3984//3982 1758//1756
f 1761//1759 3956//3954 1762//1760
f 1762//1760 3954//3952 1763//1761
f 1764//1762 3947//3945 1765//1763
f 1769//1767 3929//3927 1770//1768
f 1771//1769 3903//3901 1772//1770
f 1773//1771 2576//2574 1774//1772
f 1777//1775 2564//2562 1778//1776
f 1781//1779 2553//2551 1782//1780
f 1783//1781 2546//2544 1784//1782
f 1784//1782 2545//2543 1785//1783
f 1786//1784 2538//2536 1787//1785
f 1788//1786 2530//2528 1789//1787
f 1789//1787 2532//2530 1790//1788
f 1791//1789 2513//2511 1792//1790
f 1792//1790 2511//2509 1793//1791
f 1795//1793 2503//2501 1796//1794
# Vertices: 6385, normals: 6353, texture coordinates: 0, faces: 12774

