# File generated by ImageToStl.com - Free Image and 3D model conversion tools

o obj1
v 29.4915 29.7292 20.9546
v 28.7 29.8071 20.9546
v 29.4841 29.6921 21.1249
v 30.2526 29.4983 20.9546
v 30.2381 29.4634 21.1249
v 30.954 29.1234 20.9546
v 30.933 29.092 21.1249
v 31.5688 28.6188 20.9546
v 31.5421 28.5921 21.1249
v 32.0734 28.004 20.9546
v 32.042 27.983 21.1249
v 32.4483 27.3026 20.9546
v 32.4134 27.2881 21.1249
v 32.6792 26.5415 20.9546
v 32.6421 26.5341 21.1249
v 32.7571 25.75 20.9546
v 32.6239 25.75 21.3994
v 28.7 29.4418 21.8016
v 29.4452 29.4962 21.6073
v 28.7 29.6739 21.3994
v 29.3832 29.1844 22.0215
v 28.7 29.1231 22.1394
v 29.3023 28.7782 22.3393
v 30.0401 28.9852 22.0215
v 29.8815 28.6025 22.3393
v 30.6455 28.6616 22.0215
v 30.4153 28.3172 22.3393
v 31.1761 28.2261 22.0215
v 30.8832 27.9332 22.3393
v 31.6116 27.6955 22.0215
v 31.2672 27.4653 22.3393
v 31.9352 27.0901 22.0215
v 31.5525 26.9315 22.3393
v 32.1344 26.4332 22.0215
v 31.7282 26.3523 22.3393
v 32.0731 25.75 22.1394
v 31.6851 25.75 22.3945
v 32.3918 25.75 21.8016
v 32.4462 26.4952 21.6073
v 32.2288 27.2117 21.6073
v 31.8758 27.872 21.6073
v 31.4008 28.4508 21.6073
v 30.822 28.9259 21.6073
v 30.1617 29.2788 21.6073
v 28.7 28.7351 22.3945
v 29.2082 28.3051 22.5391
v 29.6969 28.1568 22.5391
v 30.1473 27.9161 22.5391
v 30.5421 27.5921 22.5391
v 30.8661 27.1973 22.5391
v 31.1068 26.747 22.5391
v 31.2551 26.2582 22.5391
v 31.2487 25.75 22.5534
v 28.7 28.2987 22.5534
v 28.7 27.8375 22.6073
v 29.2403 27.7664 22.6073
v 29.7438 27.5578 22.6073
v 30.1761 27.2261 22.6073
v 30.5078 26.7938 22.6073
v 30.7164 26.2903 22.6073
v 30.7875 25.75 22.6073
v 31.2487 -25.75 22.5534
v 31.1348 -15.45 22.5769
v 30.7875 -25.75 22.6073
v 31.6327 -15.45 22.4199
v 31.6851 -25.75 22.3945
v 32.0731 -15.45 22.1394
v 32.0731 -5.15 22.1394
v 32.4258 -5.15 21.7544
v 32.4258 5.15 21.7544
v 32.6669 5.15 21.2913
v 32.6669 15.45 21.2913
v 32.4258 15.45 21.7544
v 32.0731 15.45 22.1394
v 32.0731 5.15 22.1394
v 31.6327 5.15 22.4199
v 31.6327 -5.15 22.4199
v 31.1348 -5.15 22.5769
v 32.0731 -25.75 22.1394
v 32.3918 -25.75 21.8016
v 32.4258 -15.45 21.7544
v 32.6239 -25.75 21.3994
v 32.6669 -15.45 21.2913
v 32.7571 -25.75 20.9546
v 32.6669 -5.15 21.2913
v 31.6327 15.45 22.4199
v 31.1348 15.45 22.5769
v 31.1348 5.15 22.5769
v 28.7 -27.8375 22.6073
v 28.7 -28.2987 22.5534
v 29.2403 -27.7664 22.6073
v 29.2082 -28.3051 22.5391
v 29.697 -28.1568 22.5391
v 29.3023 -28.7782 22.3393
v 29.8815 -28.6025 22.3393
v 29.3832 -29.1844 22.0215
v 30.0401 -28.9852 22.0215
v 29.4452 -29.4962 21.6073
v 30.1617 -29.2788 21.6073
v 29.4841 -29.6921 21.1249
v 30.2381 -29.4634 21.1249
v 29.4915 -29.7292 20.9546
v 30.2526 -29.4983 20.9546
v 30.933 -29.092 21.1249
v 30.954 -29.1234 20.9546
v 31.5421 -28.5921 21.1249
v 31.4008 -28.4508 21.6073
v 31.8759 -27.872 21.6073
v 31.6116 -27.6955 22.0215
v 31.9352 -27.09 22.0215
v 31.5525 -26.9315 22.3393
v 31.7282 -26.3523 22.3393
v 31.2551 -26.2582 22.5391
v 30.7164 -26.2903 22.6073
v 31.1068 -26.7469 22.5391
v 30.5078 -26.7938 22.6073
v 30.8661 -27.1973 22.5391
v 30.1761 -27.2261 22.6073
v 30.5421 -27.5921 22.5391
v 30.1473 -27.9161 22.5391
v 30.4153 -28.3172 22.3393
v 30.6455 -28.6616 22.0215
v 28.7 -28.7351 22.3945
v 28.7 -29.1231 22.1394
v 28.7 -29.4418 21.8016
v 28.7 -29.6739 21.3994
v 28.7 -29.8071 20.9546
v 31.5688 -28.6188 20.9546
v 32.042 -27.983 21.1249
v 32.2288 -27.2117 21.6073
v 32.1344 -26.4332 22.0215
v 32.0734 -28.004 20.9546
v 32.4134 -27.2881 21.1249
v 32.4462 -26.4952 21.6073
v 32.4483 -27.3026 20.9546
v 32.6421 -26.5341 21.1249
v 32.6792 -26.5415 20.9546
v 31.2672 -27.4653 22.3393
v 31.1761 -28.2261 22.0215
v 30.822 -28.9258 21.6073
v 30.8832 -27.9332 22.3393
v 29.7438 -27.5578 22.6073
v -42 -28.2987 22.5534
v -31.9 -28.1848 22.5769
v -42 -27.8375 22.6073
v -31.9 -28.6827 22.4199
v -42 -28.7351 22.3945
v -31.9 -29.1231 22.1394
v -21.8 -29.1231 22.1394
v -21.8 -29.4758 21.7544
v -11.7 -29.4758 21.7544
v -11.7 -29.7169 21.2913
v -1.6 -29.7169 21.2913
v 8.5 -29.7169 21.2913
v 18.6 -29.7169 21.2913
v 8.5 -29.4758 21.7544
v 18.6 -29.4758 21.7544
v 8.5 -29.1231 22.1394
v 18.6 -29.1231 22.1394
v 8.5 -28.6827 22.4199
v 18.6 -28.6827 22.4199
v 8.5 -28.1848 22.5769
v 18.6 -28.1848 22.5769
v -1.6 -28.1848 22.5769
v -11.7 -28.1848 22.5769
v -1.6 -28.6827 22.4199
v -11.7 -28.6827 22.4199
v -1.6 -29.1231 22.1394
v -11.7 -29.1231 22.1394
v -1.6 -29.4758 21.7544
v -42 -29.1231 22.1394
v -42 -29.4418 21.8016
v -31.9 -29.4758 21.7544
v -42 -29.6739 21.3994
v -31.9 -29.7169 21.2913
v -42 -29.8071 20.9546
v -21.8 -29.7169 21.2913
v -21.8 -28.1848 22.5769
v -21.8 -28.6827 22.4199
v -44.0875 -25.75 22.6073
v -44.5487 -25.75 22.5534
v -44.0164 -26.2903 22.6073
v -44.5551 -26.2582 22.5391
v -44.4068 -26.747 22.5391
v -45.0282 -26.3523 22.3393
v -44.8525 -26.9315 22.3393
v -45.4344 -26.4332 22.0215
v -45.2352 -27.0901 22.0215
v -45.7462 -26.4952 21.6073
v -45.5288 -27.2117 21.6073
v -45.9421 -26.5341 21.1249
v -45.7134 -27.2881 21.1249
v -45.9792 -26.5415 20.9546
v -45.7483 -27.3026 20.9546
v -45.342 -27.983 21.1249
v -45.3734 -28.004 20.9546
v -44.8421 -28.5921 21.1249
v -44.7008 -28.4508 21.6073
v -44.122 -28.9259 21.6073
v -43.9454 -28.6616 22.0215
v -43.34 -28.9852 22.0215
v -43.1815 -28.6025 22.3393
v -42.6023 -28.7782 22.3393
v -42.5082 -28.3051 22.5391
v -42.5403 -27.7664 22.6073
v -42.9969 -28.1568 22.5391
v -43.0438 -27.5578 22.6073
v -43.4473 -27.9161 22.5391
v -43.4761 -27.2261 22.6073
v -43.8421 -27.5921 22.5391
v -44.1661 -27.1973 22.5391
v -44.5672 -27.4653 22.3393
v -44.9116 -27.6955 22.0215
v -44.9851 -25.75 22.3945
v -45.3731 -25.75 22.1394
v -45.6918 -25.75 21.8016
v -45.9239 -25.75 21.3994
v -46.0571 -25.75 20.9546
v -44.8688 -28.6188 20.9546
v -44.233 -29.092 21.1249
v -43.4617 -29.2788 21.6073
v -42.6832 -29.1844 22.0215
v -44.254 -29.1234 20.9546
v -43.5381 -29.4634 21.1249
v -42.7452 -29.4962 21.6073
v -43.5526 -29.4983 20.9546
v -42.7841 -29.6921 21.1249
v -42.7915 -29.7292 20.9546
v -43.7153 -28.3172 22.3393
v -44.4761 -28.2261 22.0215
v -45.1758 -27.872 21.6073
v -44.1832 -27.9332 22.3393
v -43.8078 -26.7938 22.6073
v -44.5487 25.75 22.5534
v -44.4348 15.45 22.5769
v -44.0875 25.75 22.6073
v -44.9327 15.45 22.4199
v -44.9851 25.75 22.3945
v -45.3731 15.45 22.1394
v -45.3731 5.15 22.1394
v -45.7258 5.15 21.7544
v -45.7258 -5.15 21.7544
v -45.9669 -5.15 21.2913
v -45.9669 -15.45 21.2913
v -45.7258 -15.45 21.7544
v -45.3731 -15.45 22.1394
v -45.3731 -5.15 22.1394
v -44.9327 -5.15 22.4199
v -44.9327 5.15 22.4199
v -44.4348 5.15 22.5769
v -45.3731 25.75 22.1394
v -45.6918 25.75 21.8016
v -45.7258 15.45 21.7544
v -45.9239 25.75 21.3994
v -45.9669 15.45 21.2913
v -46.0571 25.75 20.9546
v -45.9669 5.15 21.2913
v -44.9327 -15.45 22.4199
v -44.4348 -15.45 22.5769
v -44.4348 -5.15 22.5769
v -42 27.8375 22.6073
v -42 28.2987 22.5534
v -42.5403 27.7664 22.6073
v -42.5082 28.3051 22.5391
v -42.9969 28.1568 22.5391
v -42.6023 28.7782 22.3393
v -43.1815 28.6025 22.3393
v -42.6832 29.1844 22.0215
v -43.3401 28.9852 22.0215
v -42.7452 29.4962 21.6073
v -43.4617 29.2788 21.6073
v -42.7841 29.6921 21.1249
v -43.5381 29.4634 21.1249
v -42.7915 29.7292 20.9546
v -43.5526 29.4983 20.9546
v -44.233 29.092 21.1249
v -44.254 29.1234 20.9546
v -44.8421 28.5921 21.1249
v -44.7008 28.4508 21.6073
v -45.1759 27.872 21.6073
v -44.9116 27.6955 22.0215
v -45.2352 27.09 22.0215
v -44.8525 26.9315 22.3393
v -45.0282 26.3523 22.3393
v -44.5551 26.2582 22.5391
v -44.0164 26.2903 22.6073
v -44.4068 26.7469 22.5391
v -43.8078 26.7938 22.6073
v -44.1661 27.1973 22.5391
v -43.4761 27.2261 22.6073
v -43.8421 27.5921 22.5391
v -43.4473 27.9161 22.5391
v -43.7153 28.3172 22.3393
v -43.9455 28.6616 22.0215
v -42 28.7351 22.3945
v -42 29.1231 22.1394
v -42 29.4418 21.8016
v -42 29.6739 21.3994
v -42 29.8071 20.9546
v -44.8688 28.6188 20.9546
v -45.342 27.983 21.1249
v -45.5288 27.2117 21.6073
v -45.4344 26.4332 22.0215
v -45.3734 28.004 20.9546
v -45.7134 27.2881 21.1249
v -45.7462 26.4952 21.6073
v -45.7483 27.3026 20.9546
v -45.9421 26.5341 21.1249
v -45.9792 26.5415 20.9546
v -44.5672 27.4653 22.3393
v -44.4761 28.2261 22.0215
v -44.122 28.9258 21.6073
v -44.1832 27.9332 22.3393
v -43.0438 27.5578 22.6073
v 18.6 28.1848 22.5769
v 18.6 28.6827 22.4199
v 18.6 29.1231 22.1394
v 8.5 29.1231 22.1394
v 8.5 29.4758 21.7544
v -1.6 29.4758 21.7544
v -1.6 29.7169 21.2913
v -11.7 29.7169 21.2913
v -21.8 29.7169 21.2913
v -31.9 29.7169 21.2913
v -21.8 29.4758 21.7544
v -31.9 29.4758 21.7544
v -21.8 29.1231 22.1394
v -31.9 29.1231 22.1394
v -21.8 28.6827 22.4199
v -31.9 28.6827 22.4199
v -21.8 28.1848 22.5769
v -31.9 28.1848 22.5769
v -11.7 28.1848 22.5769
v -1.6 28.1848 22.5769
v -11.7 28.6827 22.4199
v -1.6 28.6827 22.4199
v -11.7 29.1231 22.1394
v -1.6 29.1231 22.1394
v -11.7 29.4758 21.7544
v 18.6 29.4758 21.7544
v 18.6 29.7169 21.2913
v 8.5 29.7169 21.2913
v 8.5 28.1848 22.5769
v 8.5 28.6827 22.4199
v -47 25.75 15.6073
v -47 -25.75 15.6073
v -46.924 26.6182 15.6073
v -46.6985 27.4601 15.6073
v -46.3301 28.25 15.6073
v -45.8302 28.9639 15.6073
v -45.2139 29.5802 15.6073
v -44.5 30.0801 15.6073
v -43.7101 30.4485 15.6073
v -42.8682 30.674 15.6073
v -42 30.75 15.6073
v 28.7 30.75 15.6073
v 29.5682 30.674 15.6073
v 30.4101 30.4485 15.6073
v 31.2 30.0801 15.6073
v 31.9139 29.5802 15.6073
v 32.5302 28.9639 15.6073
v 33.0301 28.25 15.6073
v 33.3985 27.4601 15.6073
v 33.624 26.6182 15.6073
v 33.7 25.75 15.6073
v -38.8 -26.45 22.6073
v 22.7 -26.45 22.6073
v -39.4676 -26.3748 22.6073
v -40.1017 -26.1529 22.6073
v -40.6705 -25.7955 22.6073
v -41.1455 -25.3205 22.6073
v -41.5029 -24.7517 22.6073
v -41.7248 -24.1176 22.6073
v -41.8 -23.45 22.6073
v -41.8 23.45 22.6073
v -41.7248 24.1176 22.6073
v -41.5029 24.7516 22.6073
v -41.1455 25.3205 22.6073
v -40.6705 25.7955 22.6073
v -40.1017 26.1529 22.6073
v -39.4676 26.3748 22.6073
v -38.8 26.45 22.6073
v 22.7 26.45 22.6073
v 23.3676 26.3748 22.6073
v 24.0017 26.1529 22.6073
v 24.5705 25.7955 22.6073
v 25.0455 25.3205 22.6073
v 25.4029 24.7517 22.6073
v 25.6248 24.1176 22.6073
v 25.7 23.45 22.6073
v 25.7 -23.45 22.6073
v 25.6248 -24.1176 22.6073
v 25.4029 -24.7516 22.6073
v 25.0455 -25.3205 22.6073
v 24.5705 -25.7955 22.6073
v 24.0017 -26.1529 22.6073
v 23.3676 -26.3748 22.6073
v 33.7 -25.75 15.6073
v 33.624 -26.6182 15.6073
v 33.3985 -27.4601 15.6073
v 33.0301 -28.25 15.6073
v 32.5302 -28.9639 15.6073
v 31.9139 -29.5802 15.6073
v 31.2 -30.0801 15.6073
v 30.4101 -30.4485 15.6073
v 29.5682 -30.674 15.6073
v 28.7 -30.75 15.6073
v -42 -30.75 15.6073
v -42.8682 -30.674 15.6073
v -43.7101 -30.4485 15.6073
v -44.5 -30.0801 15.6073
v -45.2139 -29.5802 15.6073
v -45.8302 -28.9639 15.6073
v -46.3301 -28.25 15.6073
v -46.6985 -27.4601 15.6073
v -46.924 -26.6182 15.6073
v -42 -30.75 1.1573
v -42.8682 -30.674 1.1573
v -43.7101 -30.4485 1.1573
v -44.5 -30.0801 1.1573
v -45.2139 -29.5802 1.1573
v -45.8302 -28.9639 1.1573
v -46.3301 -28.25 1.1573
v -46.6985 -27.4601 1.1573
v -46.924 -26.6182 1.1573
v -47 -25.75 1.1573
v -47 25.75 1.1573
v -46.924 26.6182 1.1573
v -46.6985 27.4601 1.1573
v -46.3301 28.25 1.1573
v -45.8302 28.9639 1.1573
v -45.2139 29.5802 1.1573
v -44.5 30.0801 1.1573
v -43.7101 30.4485 1.1573
v -42.8682 30.674 1.1573
v -42 30.75 1.1573
v 28.7 30.75 1.1573
v 22.7 26.45 12.5073
v 23.3676 26.3748 12.5073
v 24.0017 26.1529 12.5073
v 24.5705 25.7955 12.5073
v 25.0455 25.3205 12.5073
v 25.4029 24.7517 12.5073
v 25.6248 24.1176 12.5073
v 25.7 23.45 12.5073
v -38.5528 -24.9159 12.5073
v -38.8 -26.45 12.5073
v -38.2918 -24.95 12.5073
v -39.4676 -26.3748 12.5073
v -38.7959 -24.816 12.5073
v -40.1017 -26.1529 12.5073
v -39.0047 -24.6571 12.5073
v -40.6705 -25.7955 12.5073
v -41.1455 -25.3205 12.5073
v -39.1649 -24.45 12.5073
v -41.5029 -24.7517 12.5073
v -39.2656 -24.2088 12.5073
v -41.7248 -24.1176 12.5073
v -39.3 -23.95 12.5073
v -41.8 -23.45 12.5073
v -39.3 23.95 12.5073
v -41.8 23.45 12.5073
v -41.7248 24.1176 12.5073
v -39.2656 24.2088 12.5073
v -41.5029 24.7516 12.5073
v -39.1649 24.45 12.5073
v -41.1455 25.3205 12.5073
v -39.0047 24.6571 12.5073
v -40.6705 25.7955 12.5073
v -40.1017 26.1529 12.5073
v -38.7959 24.816 12.5073
v -39.4676 26.3748 12.5073
v -38.5528 24.9159 12.5073
v -38.8 26.45 12.5073
v -38.2918 24.95 12.5073
v 22.8236 24.95 12.5073
v 23.0846 24.9159 12.5073
v 23.3277 24.816 12.5073
v 23.5365 24.6571 12.5073
v 23.6967 24.45 12.5073
v 23.7974 24.2088 12.5073
v 23.8318 23.95 12.5073
v 23.8318 -23.95 12.5073
v 25.7 -23.45 12.5073
v 25.6248 -24.1176 12.5073
v 23.7974 -24.2088 12.5073
v 25.4029 -24.7516 12.5073
v 23.6967 -24.45 12.5073
v 25.0455 -25.3205 12.5073
v 23.5365 -24.6571 12.5073
v 24.5705 -25.7955 12.5073
v 23.3277 -24.816 12.5073
v 24.0017 -26.1529 12.5073
v 23.0846 -24.9159 12.5073
v 23.3676 -26.3748 12.5073
v 22.8236 -24.95 12.5073
v 22.7 -26.45 12.5073
v 24 24.95 21.6888
v 23.6909 24.9159 17.2395
v 24.4959 24.816 21.6252
v 23.9301 24.816 17.2089
v 24.2567 24.9159 21.6559
v 24.1355 24.6571 17.1825
v 24.7014 24.6571 21.5989
v 24.2932 24.45 17.1623
v 24.859 24.45 21.5787
v 24.3922 24.2088 17.1496
v 24.9581 24.2088 21.566
v 24.9919 23.95 21.5617
v 24.1228 24.2088 22.6469
v 19.1774 24.2088 23.2805
v 24.1271 23.95 22.6807
v 19.1647 24.45 23.1814
v 24.1101 24.45 22.5478
v 19.1445 24.6571 23.0238
v 13.6262 24.6571 23.7308
v 13.5999 24.816 23.5254
v 8.0816 24.816 24.2324
v 8.0509 24.9159 23.9932
v 2.5326 24.9159 24.7002
v -2.9857 24.9159 25.4073
v -8.504 24.9159 26.1143
v -2.955 24.816 25.6465
v -8.4733 24.816 26.3535
v -2.9287 24.6571 25.8519
v -8.447 24.6571 26.5589
v -2.9085 24.45 26.0095
v -8.4268 24.45 26.7166
v -2.8958 24.2088 26.1086
v -8.4141 24.2088 26.8157
v -36.0013 23.95 30.3846
v 2.6225 24.2088 25.4016
v 8.1408 24.2088 24.6946
v 13.6591 24.2088 23.9875
v 13.6464 24.45 23.8884
v 8.1281 24.45 24.5955
v 8.1079 24.6571 24.4378
v 2.5896 24.6571 25.1449
v 2.5633 24.816 24.9394
v 24.0899 24.6571 22.3902
v 19.1182 24.816 22.8184
v 13.5692 24.9159 23.2862
v 24.0635 24.816 22.1847
v 19.0875 24.9159 22.5791
v 24.0329 24.9159 21.9455
v -36.1284 24.95 29.3927
v -14.0223 24.9159 26.8213
v -13.9916 24.816 27.0605
v -13.9653 24.6571 27.266
v -13.9451 24.45 27.4236
v -13.9324 24.2088 27.5227
v -19.4507 24.2088 28.2297
v -24.969 24.2088 28.9368
v -24.9817 24.45 28.8377
v -30.5 24.45 29.5447
v -30.5202 24.6571 29.3871
v -36.0385 24.6571 30.0941
v -36.0648 24.816 29.8887
v -36.0183 24.45 30.2517
v -30.4873 24.2088 29.6438
v -36.0955 24.9159 29.6494
v -30.5772 24.9159 28.9424
v -30.5465 24.816 29.1816
v -25.0019 24.6571 28.68
v -19.4634 24.45 28.1306
v -19.4836 24.6571 27.973
v -25.0282 24.816 28.4746
v -36.0056 24.2088 30.3508
v 2.6098 24.45 25.3025
v -19.5099 24.816 27.7676
v -19.5406 24.9159 27.5284
v -25.0589 24.9159 28.2354
v 24.2569 24.9164 21.6888
v 24.5 24.816 21.6888
v 24.2486 24.8834 21.9476
v 24.483 24.7865 21.9476
v 24.2233 24.7867 22.1888
v 24.433 24.7 22.1888
v 24.1826 24.6331 22.3959
v 24.3536 24.5624 22.3959
v 24.1294 24.433 22.5548
v 24.25 24.383 22.5548
v 24.183 24.133 22.6547
v 24.2241 24.0794 22.6547
v 24.25 24.017 22.6547
v 24.4829 24.0796 22.5548
v 24.3795 23.95 22.614
v 24.606 23.95 22.4842
v 24.6829 24.1336 22.3959
v 24.7912 23.95 22.3003
v 24.8363 24.1751 22.1888
v 24.6124 24.3036 22.3959
v 24.75 24.383 22.1888
v 24.5 24.45 22.3959
v 24.6124 24.5624 22.1888
v 24.3536 24.3036 22.5548
v 24.433 24.2 22.5548
v 24.9225 23.95 22.0747
v 24.9326 24.2014 21.9476
v 24.8365 24.433 21.9476
v 24.683 24.633 21.9476
v 24.991 23.95 21.8227
v 24.9654 24.2106 21.6888
v 24.866 24.45 21.6888
v 24.7071 24.6571 21.6888
v -37.0865 24.2088 29.5155
v -37.813 24.2088 23.8446
v -37.1203 23.95 29.5198
v -37.714 24.45 23.8319
v -36.9874 24.45 29.5028
v -37.5563 24.6571 23.8117
v -38.2829 24.6571 18.1409
v -38.0775 24.816 18.1146
v -38.4405 24.45 18.1611
v -36.8298 24.6571 29.4826
v -37.3509 24.816 23.7854
v -37.8383 24.9159 18.0839
v -36.6243 24.816 29.4563
v -37.1117 24.9159 23.7548
v -36.3851 24.9159 29.4256
v -38.5396 24.2088 18.1738
v -36.1284 24.9159 29.6515
v -36.1284 24.816 29.8927
v -36.3768 24.8834 29.6515
v -36.3514 24.7868 29.8927
v -36.6113 24.7865 29.6515
v -36.5614 24.7 29.8927
v -36.7407 24.5624 29.8927
v -36.6284 24.45 30.0998
v -36.7407 24.3036 30.0998
v -36.5614 24.2 30.2588
v -36.8112 24.1338 30.0998
v -36.6112 24.0798 30.2588
v -36.7399 23.95 30.184
v -36.5143 23.95 30.3153
v -36.3783 24.0171 30.3587
v -36.2623 23.95 30.3837
v -36.1284 23.95 30.3927
v -36.8114 24.633 29.6515
v -36.8784 24.383 29.8927
v -36.9646 24.1754 29.8927
v -36.9238 23.95 29.9987
v -36.9649 24.433 29.6515
v -37.0609 24.2017 29.6515
v -37.0536 23.95 29.7722
v -36.0614 24.2 30.3587
v -36.1284 24.2088 30.3587
v -36.1284 24.45 30.2588
v -36.1284 24.6571 30.0998
v -36.3107 24.6332 30.0998
v -36.4819 24.5624 30.0998
v -36.3114 24.133 30.3587
v -36.2578 24.1741 30.3587
v -36.3784 24.383 30.2588
v -36.1953 24.2 30.3587
v -36.2575 24.4331 30.2588
v -36.3525 24.0794 30.3587
v -36.4819 24.3036 30.2588
v 24.9919 -23.95 21.5617
v 24.991 18.5167 21.8227
v 24.9225 18.5167 22.0747
v 24.7912 18.5167 22.3003
v 24.7912 13.0833 22.3003
v 24.606 13.0833 22.4842
v 24.606 7.65 22.4842
v 24.3795 7.65 22.614
v 24.3795 2.2167 22.614
v 24.1271 -23.95 22.6807
v 24.3795 -3.2167 22.614
v 24.3795 -8.65 22.614
v 24.3795 -14.0833 22.614
v 24.3795 -19.5167 22.614
v 24.3795 -23.95 22.614
v 24.606 -19.5167 22.4842
v 24.606 -14.0833 22.4842
v 24.7912 -14.0833 22.3003
v 24.7912 -8.65 22.3003
v 24.9225 -8.65 22.0747
v 24.9225 -3.2167 22.0747
v 24.991 -3.2167 21.8227
v 24.991 2.2167 21.8227
v 24.991 7.65 21.8227
v 24.991 13.0833 21.8227
v 24.9225 13.0833 22.0747
v 24.9225 7.65 22.0747
v 24.7912 7.65 22.3003
v 24.7912 2.2167 22.3003
v 24.606 2.2167 22.4842
v 24.606 -3.2167 22.4842
v 24.606 -8.65 22.4842
v 24.7912 -3.2167 22.3003
v 24.606 18.5167 22.4842
v 24.3795 13.0833 22.614
v 24.3795 18.5167 22.614
v 24.606 -23.95 22.4842
v 24.7912 -19.5167 22.3003
v 24.9225 -14.0833 22.0747
v 24.991 -8.65 21.8227
v 24.7912 -23.95 22.3003
v 24.9225 -19.5167 22.0747
v 24.991 -14.0833 21.8227
v 24.9225 -23.95 22.0747
v 24.991 -19.5167 21.8227
v 24.991 -23.95 21.8227
v 24.9225 2.2167 22.0747
v -5.7996 6.25 26.515
v -9.3208 6.25 26.9662
v -36.0013 -23.95 30.3846
v -9.3208 -6.25 26.9662
v -5.7996 -6.25 26.515
v -36.2623 18.4056 30.3837
v -36.5143 18.4056 30.3153
v -36.5143 12.8611 30.3153
v -36.7399 12.8611 30.184
v -36.7399 7.3167 30.184
v -36.9238 7.3167 29.9987
v -36.9238 1.7722 29.9987
v -37.0536 1.7722 29.7722
v -37.0536 -3.7722 29.7722
v -37.1203 -23.95 29.5198
v -37.0536 -9.3167 29.7722
v -37.0536 -14.8611 29.7722
v -36.9238 -9.3167 29.9987
v -36.9238 -14.8611 29.9987
v -36.7399 -9.3167 30.184
v -36.7399 -14.8611 30.184
v -36.5143 -9.3167 30.3153
v -36.5143 -14.8611 30.3153
v -36.2623 -9.3167 30.3837
v -36.2623 -14.8611 30.3837
v -36.1284 -23.95 30.3927
v -36.2623 -20.4056 30.3837
v -36.2623 -23.95 30.3837
v -36.5143 -23.95 30.3153
v -36.7399 18.4056 30.184
v -36.9238 12.8611 29.9987
v -37.0536 7.3167 29.7722
v -36.9238 18.4056 29.9987
v -37.0536 12.8611 29.7722
v -37.0536 18.4056 29.7722
v -37.0536 -20.4056 29.7722
v -36.9238 -20.4056 29.9987
v -36.7399 -20.4056 30.184
v -36.5143 -20.4056 30.3153
v -36.9238 -23.95 29.9987
v -37.0536 -23.95 29.7722
v -36.7399 -23.95 30.184
v -36.2623 -3.7722 30.3837
v -36.2623 12.8611 30.3837
v -36.2623 7.3167 30.3837
v -36.5143 7.3167 30.3153
v -36.7399 1.7722 30.184
v -36.9238 -3.7722 29.9987
v -36.2623 1.7722 30.3837
v -36.5143 -3.7722 30.3153
v -36.5143 1.7722 30.3153
v -36.7399 -3.7722 30.184
v -36.1284 -24.95 29.3927
v -37.1117 -24.9159 23.7548
v -37.8383 -24.9159 18.0839
v -38.0775 -24.816 18.1146
v -36.6243 -24.816 29.4563
v -37.3509 -24.816 23.7854
v -36.3851 -24.9159 29.4256
v -37.5563 -24.6571 23.8117
v -36.8298 -24.6571 29.4826
v -37.714 -24.45 23.8319
v -38.4405 -24.45 18.1611
v -38.5396 -24.2088 18.1738
v -38.2829 -24.6571 18.1409
v -36.9874 -24.45 29.5028
v -37.813 -24.2088 23.8446
v -37.0865 -24.2088 29.5155
v 24.3699 -24.2088 16.9753
v 24.2708 -24.45 16.988
v 24.1132 -24.6571 17.0082
v 23.9078 -24.816 17.0345
v 23.6685 -24.9159 17.0651
v 24.859 -24.45 21.5787
v 24.9581 -24.2088 21.566
v 24.7014 -24.6571 21.5989
v 24.4959 -24.816 21.6252
v 24.2567 -24.9159 21.6559
v 24 -24.95 21.6888
v 24.0329 -24.9159 21.9455
v 18.5667 -24.9159 22.6459
v 18.5973 -24.816 22.8851
v 24.0635 -24.816 22.1847
v 18.6236 -24.6571 23.0905
v 13.1574 -24.6571 23.7909
v 13.1776 -24.45 23.9485
v 7.7114 -24.45 24.6489
v 7.7241 -24.2088 24.7479
v 2.2579 -24.2088 25.4483
v -3.2083 -24.2088 26.1487
v -8.6745 -24.2088 26.849
v -14.1408 -24.2088 27.5494
v -8.6872 -24.45 26.7499
v -14.1535 -24.45 27.4503
v -8.7074 -24.6571 26.5923
v -14.1736 -24.6571 27.2927
v -8.7338 -24.816 26.3869
v -14.2 -24.816 27.0872
v -8.7644 -24.9159 26.1477
v -14.2306 -24.9159 26.848
v -19.6968 -24.9159 27.5484
v -25.163 -24.9159 28.2487
v -25.1324 -24.816 28.488
v -30.5986 -24.816 29.1883
v -30.5723 -24.6571 29.3937
v -36.0385 -24.6571 30.0941
v -36.0183 -24.45 30.2517
v -36.0648 -24.816 29.8887
v -30.6293 -24.9159 28.9491
v 24.0899 -24.6571 22.3902
v 18.6438 -24.45 23.2481
v 13.1903 -24.2088 24.0476
v 24.1101 -24.45 22.5478
v 18.6565 -24.2088 23.3472
v 24.1228 -24.2088 22.6469
v 2.2452 -24.45 25.3492
v -3.221 -24.45 26.0496
v 2.225 -24.6571 25.1916
v -3.2412 -24.6571 25.8919
v 2.1987 -24.816 24.9862
v -3.2675 -24.816 25.6865
v 2.168 -24.9159 24.7469
v -3.2982 -24.9159 25.4473
v -36.0056 -24.2088 30.3508
v -30.5394 -24.2088 29.6505
v -30.5521 -24.45 29.5514
v -25.1061 -24.6571 28.6934
v -19.6662 -24.816 27.7876
v -19.6399 -24.6571 27.993
v -25.0859 -24.45 28.851
v -36.0955 -24.9159 29.6494
v 13.1005 -24.9159 23.3462
v 13.1311 -24.816 23.5854
v 7.6912 -24.6571 24.4912
v 7.6342 -24.9159 24.0466
v 7.6649 -24.816 24.2858
v -19.6197 -24.45 28.1507
v -19.607 -24.2088 28.2497
v -25.0732 -24.2088 28.9501
v 24.183 -24.133 22.6547
v 24.25 -24.383 22.5548
v 24.1294 -24.433 22.5548
v 24.1826 -24.6331 22.3959
v 24.3536 -24.5624 22.3959
v 24.433 -24.7 22.1888
v 24.5 -24.45 22.3959
v 24.6124 -24.5624 22.1888
v 24.6124 -24.3036 22.3959
v 24.75 -24.383 22.1888
v 24.8363 -24.1751 22.1888
v 24.9326 -24.2014 21.9476
v 24.6829 -24.1336 22.3959
v 24.433 -24.2 22.5548
v 24.3536 -24.3036 22.5548
v 24.2233 -24.7867 22.1888
v 24.483 -24.7865 21.9476
v 24.683 -24.633 21.9476
v 24.8365 -24.433 21.9476
v 24.9654 -24.2106 21.6888
v 24.2486 -24.8834 21.9476
v 24.5 -24.816 21.6888
v 24.7071 -24.6571 21.6888
v 24.866 -24.45 21.6888
v 24.2569 -24.9164 21.6888
v 24.4829 -24.0796 22.5548
v 24.2241 -24.0794 22.6547
v 24.25 -24.017 22.6547
v -36.1284 -24.9159 29.6515
v -36.3768 -24.8834 29.6515
v -36.1284 -24.816 29.8927
v -36.3514 -24.7868 29.8927
v -36.1284 -24.6571 30.0998
v -36.3107 -24.6332 30.0998
v -36.1284 -24.45 30.2588
v -36.2575 -24.4331 30.2588
v -36.1284 -24.2088 30.3587
v -36.1953 -24.2 30.3587
v -36.0614 -24.2 30.3587
v -36.3783 -24.0171 30.3587
v -36.3525 -24.0794 30.3587
v -36.3114 -24.133 30.3587
v -36.2578 -24.1741 30.3587
v -36.6112 -24.0798 30.2588
v -36.8112 -24.1338 30.0998
v -36.9646 -24.1754 29.8927
v -36.7407 -24.3036 30.0998
v -36.8784 -24.383 29.8927
v -36.6284 -24.45 30.0998
v -36.7407 -24.5624 29.8927
v -36.4819 -24.5624 30.0998
v -36.5614 -24.7 29.8927
v -37.0609 -24.2017 29.6515
v -36.9649 -24.433 29.6515
v -36.8114 -24.633 29.6515
v -36.6113 -24.7865 29.6515
v -36.3784 -24.383 30.2588
v -36.4819 -24.3036 30.2588
v -36.5614 -24.2 30.2588
v 33.7 15.75 0.4073
v 33.7 -15.75 0.4073
v 33.7 15.75 1.1073
v 33.7 -15.75 1.1073
v 33.7 15.7499 1.1239
v 33.7 -15.7499 1.1239
v 33.7 15.7497 1.1406
v 33.7 -15.7497 1.1406
v 33.7 15.7494 1.1573
v 33.7 -15.7494 1.1573
v 28.7 29.75 1.1573
v 29.4804 29.6731 1.1573
v 28.7 29.75 0.4073
v 29.4804 29.6731 0.4073
v 30.2307 29.4455 1.1573
v 30.2307 29.4455 0.4073
v 30.9223 29.0759 1.1573
v 30.9223 29.0759 0.4073
v 31.5284 28.5784 1.1573
v 31.5284 28.5784 0.4073
v 32.0259 27.9723 1.1573
v 32.0259 27.9723 0.4073
v 32.3955 27.2807 1.1573
v 32.3955 27.2807 0.4073
v 32.6231 26.5304 1.1573
v 32.6231 26.5304 0.4073
v 32.7 25.75 1.1573
v 32.7 25.75 0.4073
v 32.7 -25.75 1.1573
v 32.7 -25.75 0.4073
v 32.6231 -26.5304 1.1573
v 32.6231 -26.5304 0.4073
v 32.3955 -27.2807 1.1573
v 32.3955 -27.2807 0.4073
v 32.0259 -27.9723 1.1573
v 32.0259 -27.9723 0.4073
v 31.5284 -28.5784 1.1573
v 31.5284 -28.5784 0.4073
v 30.9223 -29.0759 1.1573
v 30.9223 -29.0759 0.4073
v 30.2307 -29.4455 1.1573
v 30.2307 -29.4455 0.4073
v 29.4804 -29.6731 1.1573
v 29.4804 -29.6731 0.4073
v 28.7 -29.75 1.1573
v 28.7 -29.75 0.4073
v -42 -29.75 1.1573
v -42 -29.75 0.4073
v -42.7804 -29.6731 1.1573
v -42.7804 -29.6731 0.4073
v -43.5307 -29.4455 1.1573
v -43.5307 -29.4455 0.4073
v -44.2223 -29.0759 1.1573
v -44.2223 -29.0759 0.4073
v -44.8284 -28.5784 1.1573
v -44.8284 -28.5784 0.4073
v -45.3259 -27.9723 1.1573
v -45.3259 -27.9723 0.4073
v -45.6955 -27.2807 1.1573
v -45.6955 -27.2807 0.4073
v -45.9231 -26.5304 1.1573
v -45.9231 -26.5304 0.4073
v -46 -25.75 1.1573
v -46 -25.75 0.4073
v -46 25.75 1.1573
v -46 25.75 0.4073
v -45.9231 26.5304 1.1573
v -45.9231 26.5304 0.4073
v -45.6955 27.2807 1.1573
v -45.6955 27.2807 0.4073
v -45.3259 27.9723 1.1573
v -45.3259 27.9723 0.4073
v -44.8284 28.5784 1.1573
v -44.8284 28.5784 0.4073
v -44.2223 29.0759 1.1573
v -44.2223 29.0759 0.4073
v -43.5307 29.4455 1.1573
v -43.5307 29.4455 0.4073
v -42.7804 29.6731 1.1573
v -42.7804 29.6731 0.4073
v -42 29.75 1.1573
v -42 29.75 0.4073
v 33.624 26.6182 1.1573
v 33.3985 27.4601 1.1573
v 33.0301 28.25 1.1573
v 32.5302 28.9639 1.1573
v 31.9139 29.5802 1.1573
v 31.2 30.0801 1.1573
v 30.4101 30.4485 1.1573
v 29.5682 30.674 1.1573
v 28.7 -30.75 1.1573
v 29.5682 -30.674 1.1573
v 30.4101 -30.4485 1.1573
v 31.2 -30.0801 1.1573
v 31.9139 -29.5802 1.1573
v 32.5302 -28.9639 1.1573
v 33.0301 -28.25 1.1573
v 33.3985 -27.4601 1.1573
v 33.624 -26.6182 1.1573
v 33.7 -25.75 1.1573
v 33.7 25.75 1.1573
v 33.7 13.75 3.1073
v 33.7 -13.75 3.1073
v 33.7 -14.2596 3.0413
v 33.7 -14.7355 2.8476
v 33.7 -15.1464 2.5391
v 33.7 -15.4651 2.136
v 33.7 -15.6706 1.665
v 33.7 14.2596 3.0413
v 33.7 14.7355 2.8476
v 33.7 15.1464 2.5391
v 33.7 15.4651 2.136
v 33.7 15.6706 1.665
v 33.7 -25.75 -26.3927
v 33.7 -25.75 0.4073
v 33.6384 -26.5322 -13.9927
v 33.624 -26.6182 -26.3927
v 33.4194 -27.4014 -13.9927
v 33.3985 -27.4601 -26.3927
v 33.0487 -28.2175 -13.9927
v 33.0301 -28.25 -26.3927
v 32.5382 -28.9544 -13.9927
v 32.5302 -28.9639 -26.3927
v 31.9044 -29.5882 -13.9927
v 31.9139 -29.5802 -26.3927
v 31.2 -30.0801 -26.3927
v 33.3985 -27.4601 0.4073
v 33.624 -26.6182 0.4073
v 33.0301 -28.25 0.4073
v 32.5302 -28.9639 0.4073
v 31.9139 -29.5802 0.4073
v 31.2 -30.0801 0.4073
v 31.1675 -30.0987 -13.9927
v 30.4101 -30.4485 0.4073
v 30.3514 -30.4694 -13.9927
v 30.4101 -30.4485 -26.3927
v 29.5682 -30.674 -26.3927
v 29.5682 -30.674 0.4073
v 29.4822 -30.6884 -13.9927
v 28.7 -30.75 -26.3927
v 28.7 -30.75 0.4073
v -47 10.55 0.4073
v -47 25.75 0.4073
v -47 10.55 -9.0427
v -47 10.4731 -10.3144
v -47 10.2434 -11.5675
v -47 25.75 -26.3927
v -47 9.8644 -12.7838
v -47 9.3416 -13.9456
v -47 8.6825 -15.0358
v -47 21.2472 -26.3927
v -47 7.8968 -16.0387
v -47 6.9959 -16.9395
v -47 -17.5 -26.3927
v -47 0 -19.5927
v -47 -1.2717 -19.5158
v -47 -2.5248 -19.2862
v -47 -17.5 -21.5927
v -47 -3.7411 -18.9072
v -47 -4.9028 -18.3843
v -47 -5.9931 -17.7252
v -47 -6.9959 -16.9395
v -47 -7.8968 -16.0387
v -47 -8.6825 -15.0358
v -47 -9.3416 -13.9456
v -47 -22.5 -21.5927
v -47 -9.8644 -12.7838
v -47 -10.2434 -11.5675
v -47 -22.5 -26.3927
v -47 -25.75 -26.3927
v -47 -25.75 0.4073
v -47 -10.4731 -10.3144
v -47 -10.55 -9.0427
v -47 -10.55 0.4073
v -47 1.2717 -19.5158
v -47 2.5248 -19.2862
v -47 3.7411 -18.9072
v -47 4.9028 -18.3843
v -47 5.9931 -17.7252
v 24.1972 -30.75 -26.3927
v -42 -30.75 0.4073
v -42 -30.75 -26.3927
v -5.7086 4.7229 27.2253
v -5.764 6.25 26.7927
v -5.6688 3.1655 27.5363
v -5.6688 -3.1655 27.5363
v -5.6448 -1.5879 27.7237
v -5.6448 1.5879 27.7237
v -5.6367 0 27.7863
v -5.7086 -4.7229 27.2253
v -5.764 -6.25 26.7927
v -9.2853 6.25 27.2438
v -9.2298 4.7229 27.6765
v -9.2298 -4.7229 27.6765
v -9.2853 -6.25 27.2438
v -9.19 -3.1655 27.9875
v -9.19 3.1655 27.9875
v -9.166 -1.5879 28.1749
v -9.166 1.5879 28.1749
v -9.1579 0 28.2375
v 48 -0.3365 -8.1368
v 48 -0.3365 -10.6487
v 48 0 -8.0925
v 48 -0.6501 -10.5188
v 48 -0.6501 -8.2667
v 48 -0.9194 -10.3121
v 48 -0.9194 -8.4733
v 48 -1.126 -10.0429
v 48 -1.126 -8.7426
v 48 -1.2559 -9.7293
v 48 -1.2559 -9.0562
v 48 -1.3002 -9.3927
v 48 0 -10.693
v 48 0.3365 -8.1368
v 48 0.3365 -10.6487
v 48 0.6501 -8.2667
v 48 0.6501 -10.5188
v 48 0.9194 -8.4733
v 48 0.9194 -10.3121
v 48 1.126 -8.7426
v 48 1.126 -10.0429
v 48 1.2559 -9.0562
v 48 1.2559 -9.7293
v 48 1.3002 -9.3927
v 47.3706 -0.4615 -7.6703
v 47.5 -0.4659 -7.6538
v 47.3706 0 -7.6095
v 47.5 -0.9001 -7.8337
v 47.3706 -0.8916 -7.8484
v 47.5 -1.273 -8.1198
v 47.6294 -1.2609 -8.1318
v 47.6294 -1.5443 -8.5011
v 47.75 -1.501 -8.5261
v 47.75 -1.6742 -8.9441
v 47.8536 -1.5974 -8.9647
v 47.8536 -1.6538 -9.3927
v 47.933 -1.5502 -9.3927
v 47.933 -1.4974 -9.794
v 47.983 -1.3809 -9.7628
v 47.983 -1.2381 -10.1076
v 47.983 -1.4297 -9.3927
v 47.933 -1.4974 -8.9915
v 47.8536 -1.4322 -8.5658
v 47.75 -1.2256 -8.1671
v 47.6294 -0.8916 -7.8484
v 47.3706 -1.2609 -8.1318
v 47.5 -1.5591 -8.4926
v 47.6294 -1.7224 -8.9312
v 47.75 -1.7332 -9.3927
v 47.8536 -1.5974 -9.8208
v 47.933 -1.3425 -10.1679
v 47.983 -1.0109 -10.4036
v 47.3706 -1.5443 -8.5011
v 47.5 -1.7389 -8.9268
v 47.6294 -1.7832 -9.3927
v 47.75 -1.6742 -9.8413
v 47.8536 -1.4322 -10.2196
v 47.933 -1.0962 -10.4889
v 47.983 -0.7148 -10.6308
v 47.3706 -1.7224 -8.9312
v 47.5 -1.8002 -9.3927
v 47.6294 -1.7224 -9.8543
v 47.75 -1.501 -10.2594
v 47.8536 -1.1694 -10.5621
v 47.933 -0.7751 -10.7353
v 47.983 -0.37 -10.7737
v 47.3706 -1.7832 -9.3927
v 47.5 -1.7389 -9.8587
v 47.6294 -1.5443 -10.2843
v 47.75 -1.2256 -10.6183
v 47.8536 -0.8269 -10.825
v 47.933 -0.4012 -10.8901
v 47.983 0 -10.8224
v 47.3706 -1.7224 -9.8543
v 47.5 -1.5591 -10.2929
v 47.6294 -1.2609 -10.6536
v 47.75 -0.8666 -10.8938
v 47.8536 -0.428 -10.9902
v 47.933 0 -10.943
v 47.983 0.37 -10.7737
v 47.3706 -1.5443 -10.2843
v 47.5 -1.273 -10.6657
v 47.6294 -0.8916 -10.937
v 47.75 -0.4486 -11.0669
v 47.8536 0 -11.0465
v 47.933 0.4012 -10.8901
v 47.983 0.7148 -10.6308
v 47.3706 -1.2609 -10.6536
v 47.5 -0.9001 -10.9518
v 47.6294 -0.4615 -11.1152
v 47.75 0 -11.126
v 47.8536 0.428 -10.9902
v 47.933 0.7751 -10.7353
v 47.983 1.0109 -10.4036
v 47.3706 -0.8916 -10.937
v 47.5 -0.4659 -11.1316
v 47.6294 0 -11.1759
v 47.75 0.4486 -11.0669
v 47.8536 0.8269 -10.825
v 47.933 1.0962 -10.4889
v 47.983 1.2381 -10.1076
v 47.3706 -0.4615 -11.1152
v 47.5 0 -11.193
v 47.6294 0.4615 -11.1152
v 47.75 0.8666 -10.8938
v 47.8536 1.1694 -10.5621
v 47.933 1.3425 -10.1679
v 47.983 1.3809 -9.7628
v 47.3706 0 -11.1759
v 47.5 0.4659 -11.1316
v 47.6294 0.8916 -10.937
v 47.75 1.2256 -10.6183
v 47.8536 1.4322 -10.2196
v 47.933 1.4974 -9.794
v 47.983 1.4297 -9.3927
v 47.3706 0.4615 -11.1152
v 47.5 0.9001 -10.9518
v 47.6294 1.2609 -10.6536
v 47.75 1.501 -10.2594
v 47.8536 1.5974 -9.8208
v 47.933 1.5502 -9.3927
v 47.983 1.3809 -9.0227
v 47.3706 0.8916 -10.937
v 47.5 1.273 -10.6657
v 47.6294 1.5443 -10.2843
v 47.75 1.6742 -9.8413
v 47.8536 1.6538 -9.3927
v 47.933 1.4974 -8.9915
v 47.983 1.2381 -8.6779
v 47.3706 1.2609 -10.6536
v 47.5 1.5591 -10.2929
v 47.6294 1.7224 -9.8543
v 47.75 1.7333 -9.3927
v 47.8536 1.5974 -8.9647
v 47.933 1.3425 -8.6176
v 47.983 1.0109 -8.3818
v 47.3706 1.5443 -10.2843
v 47.5 1.7389 -9.8587
v 47.6294 1.7832 -9.3927
v 47.75 1.6742 -8.9441
v 47.8536 1.4322 -8.5658
v 47.933 1.0962 -8.2965
v 47.983 0.7148 -8.1546
v 47.3706 1.7224 -9.8543
v 47.5 1.8002 -9.3927
v 47.6294 1.7224 -8.9312
v 47.75 1.501 -8.5261
v 47.8536 1.1694 -8.2233
v 47.933 0.7751 -8.0502
v 47.983 0.37 -8.0118
v 47.3706 1.7832 -9.3927
v 47.5 1.7389 -8.9268
v 47.6294 1.5443 -8.5011
v 47.75 1.2256 -8.1671
v 47.8536 0.8269 -7.9605
v 47.933 0.4012 -7.8953
v 47.983 0 -7.9631
v 47.3706 1.7224 -8.9312
v 47.5 1.5591 -8.4926
v 47.6294 1.2609 -8.1318
v 47.75 0.8666 -7.8917
v 47.8536 0.428 -7.7953
v 47.933 0 -7.8425
v 47.983 -0.37 -8.0118
v 47.3706 1.5443 -8.5011
v 47.5 1.273 -8.1198
v 47.6294 0.8916 -7.8484
v 47.75 0.4486 -7.7185
v 47.8536 0 -7.7389
v 47.933 -0.4012 -7.8953
v 47.983 -0.7148 -8.1546
v 47.3706 1.2609 -8.1318
v 47.5 0.9001 -7.8337
v 47.6294 0.4615 -7.6703
v 47.75 0 -7.6595
v 47.8536 -0.428 -7.7953
v 47.933 -0.7751 -8.0502
v 47.983 -1.0109 -8.3818
v 47.3706 0.8916 -7.8484
v 47.5 0.4659 -7.6538
v 47.6294 0 -7.6095
v 47.75 -0.4486 -7.7185
v 47.8536 -0.8269 -7.9605
v 47.933 -1.0962 -8.2965
v 47.983 -1.2381 -8.6779
v 47.3706 0.4615 -7.6703
v 47.5 0 -7.5925
v 47.6294 -0.4615 -7.6703
v 47.75 -0.8666 -7.8917
v 47.8536 -1.1694 -8.2233
v 47.933 -1.3425 -8.6176
v 47.983 -1.3809 -9.0227
v 46 -0.3665 -8.025
v 46 0 -7.9768
v 46 -0.708 -8.1665
v 46 -1.0012 -8.3915
v 46 -1.2263 -8.6847
v 46 -1.3677 -9.0263
v 46 -1.416 -9.3927
v 46 -1.3677 -9.7592
v 46 -1.2263 -10.1007
v 46 -1.0012 -10.394
v 46 -0.708 -10.619
v 46 -0.3665 -10.7604
v 46 0 -10.8087
v 46 0.3665 -10.7604
v 46 0.708 -10.619
v 46 1.0012 -10.394
v 46 1.2263 -10.1007
v 46 1.3677 -9.7592
v 46 1.416 -9.3927
v 46 1.3677 -9.0263
v 46 1.2263 -8.6847
v 46 1.0012 -8.3915
v 46 0.708 -8.1665
v 46 0.3665 -8.025
v 46 -0.6082 -7.1228
v 46 0 -7.0427
v 46 -1.175 -7.3576
v 46 -1.6617 -7.731
v 46 -2.0352 -8.2177
v 46 -2.2699 -8.7845
v 46 -2.35 -9.3927
v 46 -2.2699 -10.001
v 46 -2.0352 -10.5677
v 46 -1.6617 -11.0544
v 46 -1.175 -11.4279
v 46 -0.6082 -11.6627
v 46 0 -11.7427
v 46 0.6082 -11.6627
v 46 1.175 -11.4279
v 46 1.6617 -11.0544
v 46 2.0352 -10.5677
v 46 2.2699 -10.001
v 46 2.35 -9.3927
v 46 2.2699 -8.7845
v 46 2.0352 -8.2177
v 46 1.6617 -7.731
v 46 1.175 -7.3576
v 46 0.6082 -7.1228
v 43.2 -0.6082 -7.1228
v 43.2477 -0.5639 -6.7397
v 43.2 0 -7.0427
v 43.2477 -1.1032 -6.9149
v 43.2 -1.175 -7.3576
v 43.2477 -1.5943 -7.1984
v 43.3876 -1.7927 -6.9252
v 43.3876 -2.2666 -7.3519
v 43.6101 -2.4821 -7.1579
v 43.6101 -2.8925 -7.7228
v 43.9 -3.0852 -7.6115
v 43.9 -3.3881 -8.2919
v 44.2377 -3.5211 -8.2487
v 44.2377 -3.682 -9.0057
v 44.6 -3.7294 -9.0008
v 44.6 -3.7294 -9.7847
v 44.9623 -3.682 -9.7797
v 44.9623 -3.5211 -10.5368
v 45.3 -3.3881 -10.4936
v 45.3 -3.0852 -11.1739
v 45.5899 -2.8925 -11.0627
v 45.5899 -2.4821 -11.6276
v 45.8124 -2.2666 -11.4336
v 45.8124 -1.7927 -11.8602
v 45.9523 -1.5943 -11.5871
v 45.9523 -1.1032 -11.8706
v 45.9523 -2.0157 -11.2076
v 45.8124 -2.6414 -10.9177
v 45.5899 -3.1765 -10.4248
v 45.3 -3.5429 -9.7651
v 44.9623 -3.682 -9.0057
v 44.6 -3.5665 -8.2339
v 44.2377 -3.2063 -7.5416
v 43.9 -2.6474 -7.009
v 43.6101 -1.9632 -6.6907
v 43.3876 -1.2405 -6.6064
v 43.2 -1.6617 -7.731
v 43.2477 -2.0157 -7.5778
v 43.3876 -2.6414 -7.8677
v 43.6101 -3.1765 -8.3606
v 43.9 -3.5429 -9.0204
v 44.2377 -3.682 -9.7797
v 44.6 -3.5665 -10.5515
v 44.9623 -3.2063 -11.2439
v 45.3 -2.6474 -11.7765
v 45.5899 -1.9632 -12.0948
v 45.8124 -1.2405 -12.179
v 45.9523 -0.5639 -12.0458
v 43.2 -2.0352 -8.2177
v 43.2477 -2.349 -8.0366
v 43.3876 -2.9007 -8.4502
v 43.6101 -3.3216 -9.0436
v 43.9 -3.5429 -9.7651
v 44.2377 -3.5211 -10.5368
v 44.6 -3.2476 -11.2677
v 44.9623 -2.7513 -11.8701
v 45.3 -2.0939 -12.2748
v 45.5899 -1.3585 -12.4439
v 45.8124 -0.6341 -12.3761
v 45.9523 0 -12.1051
v 45.9523 0.5639 -12.0458
v 45.9523 1.1032 -11.8706
v 45.9523 1.5943 -11.5871
v 45.9523 2.0157 -11.2076
v 45.9523 2.349 -10.7489
v 45.9523 2.5796 -10.2309
v 45.8124 2.6414 -10.9177
v 45.8124 2.9007 -10.3352
v 45.5899 2.8925 -11.0627
v 45.5899 3.1765 -10.4248
v 45.3 3.0852 -11.1739
v 45.3 3.3881 -10.4936
v 44.9623 3.2063 -11.2439
v 44.9623 3.5211 -10.5368
v 44.6 3.2476 -11.2677
v 44.6 3.5665 -10.5515
v 44.2377 3.2063 -11.2439
v 44.2377 3.5211 -10.5368
v 43.9 3.0852 -11.1739
v 43.9 3.3881 -10.4936
v 43.6101 2.8925 -11.0627
v 43.6101 3.1765 -10.4248
v 43.3876 2.6414 -10.9177
v 43.3876 2.9007 -10.3352
v 43.2477 2.349 -10.7489
v 43.2477 2.5796 -10.2309
v 43.2 2.0352 -10.5677
v 43.2 2.2699 -10.001
v 43.2477 2.6975 -9.6762
v 43.2 2.35 -9.3927
v 43.2477 2.6975 -9.1092
v 43.3876 3.0333 -9.0739
v 43.3876 2.9007 -8.4502
v 43.6101 3.1765 -8.3606
v 43.6101 2.8925 -7.7228
v 43.9 3.0852 -7.6115
v 43.9 2.6474 -7.009
v 44.2377 2.7513 -6.9154
v 44.2377 2.1762 -6.3975
v 44.6 2.2042 -6.3589
v 44.6 1.5253 -5.9669
v 44.9623 1.5059 -6.0105
v 44.9623 0.7698 -5.7713
v 45.3 0.7407 -5.9081
v 45.3 0 -5.8303
v 45.5899 0 -6.0528
v 45.5899 -0.6944 -6.1258
v 45.8124 -0.6341 -6.4094
v 45.8124 -1.2405 -6.6064
v 45.9523 -1.1032 -6.9149
v 45.9523 -1.5943 -7.1984
v 45.9523 -0.5639 -6.7397
v 45.8124 0 -6.3427
v 45.5899 0.6944 -6.1258
v 45.3 1.449 -6.1383
v 44.9623 2.1762 -6.3975
v 44.6 2.7868 -6.8835
v 44.2377 3.2063 -7.5416
v 43.9 3.3881 -8.2919
v 43.6101 3.3217 -9.0436
v 43.3876 3.0333 -9.7115
v 43.2477 -2.5796 -8.5546
v 43.3876 -3.0333 -9.0739
v 43.6101 -3.3216 -9.7418
v 43.9 -3.3881 -10.4936
v 44.2377 -3.2063 -11.2439
v 44.6 -2.7868 -11.902
v 44.9623 -2.1761 -12.388
v 45.3 -1.449 -12.6472
v 45.5899 -0.6944 -12.6597
v 45.8124 0 -12.4427
v 43.2 -2.35 -9.3927
v 43.2477 -2.6975 -9.1092
v 43.2 -2.2699 -8.7845
v 43.2477 -2.6975 -9.6762
v 43.2 -2.2699 -10.001
v 43.2477 -2.5796 -10.2309
v 43.3876 -2.9007 -10.3352
v 43.3876 -2.6414 -10.9177
v 43.6101 -2.8925 -11.0627
v 43.6101 -2.4821 -11.6276
v 43.9 -2.6474 -11.7765
v 43.9 -2.0939 -12.2748
v 44.2377 -2.1761 -12.388
v 44.2377 -1.5059 -12.7749
v 44.6 -1.5253 -12.8185
v 44.6 -0.7797 -13.0608
v 44.9623 -0.7697 -13.0141
v 44.9623 0 -13.095
v 45.3 0 -12.9552
v 45.3 0.7407 -12.8773
v 45.5899 0.6944 -12.6597
v 45.5899 1.3585 -12.4439
v 45.8124 1.2406 -12.179
v 45.8124 1.7928 -11.8602
v 45.8124 0.6341 -12.3761
v 45.5899 0 -12.7327
v 45.3 -0.7407 -12.8773
v 44.9623 -1.5059 -12.7749
v 44.6 -2.2042 -12.4265
v 44.2377 -2.7513 -11.8701
v 43.9 -3.0852 -11.1739
v 43.6101 -3.1765 -10.4248
v 43.3876 -3.0333 -9.7115
v 43.2 -2.0352 -10.5677
v 43.2477 -2.349 -10.7489
v 43.3876 -2.2666 -11.4336
v 43.6101 -1.9632 -12.0948
v 43.9 -1.449 -12.6472
v 44.2377 -0.7697 -13.0141
v 44.6 0 -13.1427
v 44.9623 0.7698 -13.0141
v 45.3 1.449 -12.6472
v 45.5899 1.9632 -12.0948
v 45.8124 2.2666 -11.4336
v 43.2477 -2.0157 -11.2076
v 43.3876 -1.7927 -11.8602
v 43.6101 -1.3585 -12.4439
v 43.9 -0.7407 -12.8773
v 44.2377 0 -13.095
v 44.6 0.7797 -13.0608
v 44.9623 1.5059 -12.7749
v 45.3 2.0939 -12.2748
v 45.5899 2.4821 -11.6276
v 43.2 -1.175 -11.4279
v 43.2477 -1.5943 -11.5871
v 43.2 -1.6617 -11.0544
v 43.2477 -1.1032 -11.8706
v 43.2 -0.6082 -11.6627
v 43.2477 -0.5639 -12.0458
v 43.3876 -0.6341 -12.3761
v 43.3876 0 -12.4427
v 43.6101 0 -12.7327
v 43.6101 0.6944 -12.6597
v 43.9 0.7407 -12.8773
v 43.9 1.449 -12.6472
v 44.2377 1.5059 -12.7749
v 44.2377 2.1762 -12.388
v 44.6 2.2042 -12.4265
v 44.6 2.7868 -11.902
v 44.9623 2.7513 -11.8701
v 45.3 2.6474 -11.7765
v 44.9623 2.1762 -12.388
v 44.6 1.5253 -12.8185
v 43.2 0 -11.7427
v 43.2477 0 -12.1051
v 43.3876 0.6341 -12.3761
v 43.6101 1.3585 -12.4439
v 43.9 2.0939 -12.2748
v 44.2377 2.7513 -11.8701
v 43.2477 0.5639 -12.0458
v 43.3876 1.2406 -12.179
v 43.6101 1.9632 -12.0948
v 43.9 2.6474 -11.7765
v 43.2 1.175 -11.4279
v 43.2477 1.1032 -11.8706
v 43.2 0.6082 -11.6627
v 43.2477 1.5943 -11.5871
v 43.2 1.6617 -11.0544
v 43.2477 2.0157 -11.2076
v 43.3876 2.2666 -11.4336
v 43.6101 2.4821 -11.6276
v 43.3876 1.7928 -11.8602
v 43.2 2.2699 -8.7845
v 43.2477 2.5796 -8.5546
v 43.3876 2.6414 -7.8677
v 43.6101 2.4821 -7.1579
v 43.9 2.0939 -6.5107
v 44.2377 1.5059 -6.0105
v 44.6 0.7797 -5.7247
v 44.9623 0 -5.6904
v 45.3 -0.7407 -5.9081
v 45.5899 -1.3585 -6.3415
v 45.8124 -1.7927 -6.9252
v 45.9523 -2.0157 -7.5778
v 43.2 2.0352 -8.2177
v 43.2477 2.349 -8.0366
v 43.3876 2.2666 -7.3519
v 43.6101 1.9632 -6.6907
v 43.9 1.449 -6.1383
v 44.2377 0.7698 -5.7713
v 44.6 0 -5.6427
v 44.9623 -0.7697 -5.7713
v 45.3 -1.449 -6.1383
v 45.5899 -1.9632 -6.6907
v 45.8124 -2.2666 -7.3519
v 45.9523 -2.349 -8.0366
v 45.9523 -2.5796 -8.5546
v 45.9523 -2.6975 -9.1092
v 45.9523 -2.6975 -9.6762
v 45.9523 -2.5796 -10.2309
v 45.9523 -2.349 -10.7489
v 43.2477 2.0157 -7.5778
v 43.3876 1.7928 -6.9252
v 43.6101 1.3585 -6.3415
v 43.9 0.7407 -5.9081
v 44.2377 0 -5.6904
v 44.6 -0.7797 -5.7247
v 44.9623 -1.5059 -6.0105
v 45.3 -2.0939 -6.5107
v 45.5899 -2.4821 -7.1579
v 45.8124 -2.6414 -7.8677
v 43.2 1.175 -7.3576
v 43.2477 1.5943 -7.1984
v 43.2 1.6617 -7.731
v 43.2477 1.1032 -6.9149
v 43.2 0.6082 -7.1228
v 43.2477 0.5639 -6.7397
v 43.3876 0.6341 -6.4094
v 43.3876 0 -6.3427
v 43.6101 0 -6.0528
v 43.6101 -0.6944 -6.1258
v 43.9 -0.7407 -5.9081
v 43.9 -1.449 -6.1383
v 44.2377 -1.5059 -6.0105
v 44.2377 -2.1761 -6.3975
v 44.6 -2.2042 -6.3589
v 44.6 -2.7868 -6.8835
v 44.9623 -2.7513 -6.9154
v 44.9623 -3.2063 -7.5416
v 45.3 -3.0852 -7.6115
v 45.3 -3.3881 -8.2919
v 45.5899 -3.1765 -8.3606
v 45.5899 -3.3216 -9.0436
v 45.8124 -3.0333 -9.0739
v 45.8124 -3.0333 -9.7115
v 45.8124 -2.9007 -8.4502
v 45.5899 -2.8925 -7.7228
v 45.3 -2.6474 -7.009
v 44.9623 -2.1761 -6.3975
v 44.6 -1.5253 -5.9669
v 44.2377 -0.7697 -5.7713
v 43.9 0 -5.8303
v 43.6101 0.6944 -6.1258
v 43.3876 1.2406 -6.6064
v 43.2477 0 -6.6804
v 43.3876 -0.6341 -6.4094
v 43.6101 -1.3585 -6.3415
v 43.9 -2.0939 -6.5107
v 44.2377 -2.7513 -6.9154
v 44.6 -3.2476 -7.5177
v 44.9623 -3.5211 -8.2487
v 45.3 -3.5429 -9.0204
v 45.5899 -3.3216 -9.7418
v 45.8124 -2.9007 -10.3352
v 45.9523 0.5639 -6.7397
v 45.9523 1.1032 -6.9149
v 45.9523 1.5943 -7.1984
v 45.8124 1.7928 -6.9252
v 45.8124 2.2666 -7.3519
v 45.5899 2.4821 -7.1579
v 45.5899 2.8925 -7.7228
v 45.3 3.0852 -7.6115
v 45.3 3.3881 -8.2919
v 44.9623 3.5211 -8.2487
v 44.9623 3.682 -9.0057
v 44.6 3.7295 -9.0008
v 44.6 3.7295 -9.7847
v 44.2377 3.682 -9.7797
v 43.9 3.5429 -9.7651
v 45.9523 2.0157 -7.5778
v 45.8124 2.6414 -7.8677
v 45.5899 3.1765 -8.3606
v 45.3 3.5429 -9.0204
v 44.9623 3.682 -9.7797
v 45.9523 2.349 -8.0366
v 45.8124 2.9007 -8.4502
v 45.5899 3.3217 -9.0436
v 45.3 3.5429 -9.7651
v 45.9523 2.5796 -8.5546
v 45.8124 3.0333 -9.0739
v 45.5899 3.3217 -9.7418
v 45.9523 2.6975 -9.1092
v 45.9523 2.6975 -9.6762
v 45.8124 3.0333 -9.7115
v 45.9523 0 -6.6804
v 45.8124 0.6341 -6.4094
v 45.5899 1.3585 -6.3415
v 45.3 2.0939 -6.5107
v 44.9623 2.7513 -6.9154
v 44.6 3.2476 -7.5177
v 44.2377 3.5211 -8.2487
v 43.9 3.5429 -9.0204
v 43.6101 3.3217 -9.7418
v 43.6101 -0.6944 -12.6597
v 43.3876 -1.2405 -12.179
v 43.9 0 -12.9552
v 44.2377 0.7698 -13.0141
v 45.8124 1.2406 -6.6064
v 45.5899 1.9632 -6.6907
v 44.2377 3.682 -9.0057
v 44.6 3.5665 -8.2339
v 44.9623 3.2063 -7.5416
v 45.3 2.6474 -7.009
v 43.2 0.8856 -4.3702
v 43.2 0 -4.2927
v 43.2 1.7443 -4.6003
v 43.2 2.55 -4.976
v 43.2 3.2782 -5.4859
v 43.2 3.9068 -6.1145
v 43.2 4.4167 -6.8427
v 43.2 4.7924 -7.6484
v 43.2 -1.7443 -4.6003
v 43.2 -0.8856 -4.3702
v 43.2 -2.55 -4.976
v 43.2 -3.2782 -5.4859
v 43.2 -3.9068 -6.1145
v 43.2 -4.4167 -6.8427
v 43.2 -4.7924 -7.6484
v 43.2 -5.0225 -8.5071
v 43.2 -5.1 -9.3927
v 43.2 -5.0225 -10.2783
v 43.2 -4.7924 -11.137
v 43.2 -4.4167 -11.9427
v 43.2 -3.9068 -12.6709
v 43.2 -3.2782 -13.2996
v 43.2 -2.55 -13.8095
v 43.2 -1.7443 -14.1852
v 43.2 -0.8856 -14.4153
v 43.2 0 -14.4927
v 43.2 0.8856 -14.4153
v 43.2 1.7443 -14.1852
v 43.2 2.55 -13.8095
v 43.2 3.2782 -13.2996
v 43.2 3.9068 -12.6709
v 43.2 4.4167 -11.9427
v 43.2 4.7924 -11.137
v 43.2 5.0225 -10.2783
v 43.2 5.1 -9.3927
v 43.2 5.0225 -8.5071
v 40.4 -0.8856 -4.3702
v 40.4477 -0.8545 -3.9976
v 40.4 0 -4.2927
v 40.4477 -1.688 -4.1977
v 40.4 -1.7443 -4.6003
v 40.4477 -2.4798 -4.5257
v 40.5876 -2.6331 -4.2249
v 40.5876 -3.4091 -4.7004
v 40.8101 -3.5796 -4.4659
v 40.8101 -4.3062 -5.0865
v 41.1 -4.4636 -4.9292
v 41.1 -5.1069 -5.6824
v 41.4377 -5.22 -5.6002
v 41.4377 -5.749 -6.4634
v 41.8 -5.7915 -6.4418
v 41.8 -6.1819 -7.3841
v 42.1623 -6.1365 -7.3989
v 42.1623 -6.3729 -8.3834
v 42.5 -6.2347 -8.4053
v 42.5 -6.3124 -9.3927
v 42.79 -6.0899 -9.3927
v 42.79 -6.015 -10.3454
v 43.0124 -5.7286 -10.3001
v 43.0124 -5.5161 -11.185
v 43.1523 -5.195 -11.0807
v 43.1523 -4.867 -11.8726
v 43.1523 -5.3951 -10.2472
v 43.0124 -5.8 -9.3927
v 42.79 -6.015 -8.44
v 42.5 -6.0035 -7.4421
v 42.1623 -5.749 -6.4634
v 41.8 -5.2586 -5.5721
v 41.4377 -4.5625 -4.8303
v 41.1 -3.7104 -4.2859
v 40.8101 -2.7648 -3.9665
v 40.5876 -1.7923 -3.8766
v 40.4 -2.55 -4.976
v 40.4477 -3.2107 -4.9736
v 40.5876 -4.1012 -5.2915
v 40.8101 -4.9269 -5.8132
v 41.1 -5.6244 -6.527
v 41.4377 -6.1365 -7.3989
v 41.8 -6.42 -8.3759
v 42.1623 -6.4523 -9.3927
v 42.5 -6.2347 -10.3802
v 42.79 -5.7919 -11.2746
v 43.0124 -5.1678 -12.0259
v 43.1523 -4.4191 -12.6034
v 40.4 -3.2782 -5.4859
v 40.4477 -3.8625 -5.5303
v 40.5876 -4.6923 -5.9836
v 40.8101 -5.4262 -6.628
v 41.1 -6.0035 -7.4421
v 41.4377 -6.3729 -8.3834
v 41.8 -6.5 -9.3927
v 42.1623 -6.3729 -10.4021
v 42.5 -6.0035 -11.3434
v 42.79 -5.4262 -12.1575
v 43.0124 -4.6923 -12.8019
v 43.1523 -3.8625 -13.2552
v 40.4 -3.9068 -6.1145
v 40.4477 -4.4191 -6.1821
v 40.5876 -5.1678 -6.7596
v 40.8101 -5.7919 -7.5108
v 41.1 -6.2347 -8.4053
v 41.4377 -6.4523 -9.3927
v 41.8 -6.42 -10.4096
v 42.1623 -6.1365 -11.3866
v 42.5 -5.6244 -12.2585
v 42.79 -4.9269 -12.9723
v 43.0124 -4.1012 -13.4939
v 43.1523 -3.2107 -13.8119
v 40.4 -4.4167 -6.8427
v 40.4477 -4.867 -6.9129
v 40.5876 -5.5161 -7.6004
v 40.8101 -6.015 -8.44
v 41.1 -6.3124 -9.3927
v 41.4377 -6.3729 -10.4021
v 41.8 -6.1819 -11.4013
v 42.1623 -5.749 -12.322
v 42.5 -5.1069 -13.1031
v 42.79 -4.3062 -13.699
v 43.0124 -3.4091 -14.085
v 43.1523 -2.4798 -14.2597
v 40.4 -4.7924 -7.6484
v 40.4477 -5.195 -7.7048
v 40.5876 -5.7286 -8.4854
v 40.8101 -6.0899 -9.3927
v 41.1 -6.2347 -10.3802
v 41.4377 -6.1365 -11.3866
v 41.8 -5.7915 -12.3437
v 42.1623 -5.22 -13.1853
v 42.5 -4.4636 -13.8563
v 42.79 -3.5796 -14.3196
v 43.0124 -2.6331 -14.5606
v 43.1523 -1.688 -14.5877
v 40.4 -5.0225 -8.5071
v 40.4477 -5.3951 -8.5382
v 40.5876 -5.8 -9.3927
v 40.8101 -6.015 -10.3454
v 41.1 -6.0035 -11.3434
v 41.4377 -5.749 -12.322
v 41.8 -5.2586 -13.2133
v 42.1623 -4.5625 -13.9552
v 42.5 -3.7104 -14.4996
v 42.79 -2.7648 -14.8189
v 43.0124 -1.7923 -14.9089
v 43.1523 -0.8545 -14.7878
v 40.4 -5.1 -9.3927
v 40.4477 -5.4623 -9.3927
v 40.5876 -5.7286 -10.3001
v 40.8101 -5.7919 -11.2746
v 41.1 -5.6244 -12.2585
v 41.4377 -5.22 -13.1853
v 41.8 -4.5962 -13.9889
v 42.1623 -3.7926 -14.6127
v 42.5 -2.8658 -15.0172
v 42.79 -1.8819 -15.1846
v 43.0124 -0.9073 -15.1213
v 43.1523 0 -14.8551
v 43.1523 0.8545 -14.7878
v 43.1523 1.688 -14.5877
v 43.1523 2.4799 -14.2597
v 43.1523 3.2107 -13.8119
v 43.1523 3.8625 -13.2552
v 43.1523 4.4191 -12.6034
v 43.1523 4.867 -11.8726
v 43.1523 5.195 -11.0807
v 43.1523 5.3951 -10.2472
v 43.1523 5.4623 -9.3927
v 43.1523 5.3951 -8.5382
v 43.0124 5.8 -9.3927
v 43.0124 5.7286 -8.4854
v 42.79 6.0899 -9.3927
v 42.79 6.015 -8.44
v 42.5 6.3124 -9.3927
v 42.5 6.2347 -8.4053
v 42.1623 6.4523 -9.3927
v 42.1623 6.3729 -8.3834
v 41.8 6.5 -9.3927
v 41.8 6.42 -8.3759
v 41.4377 6.4523 -9.3927
v 41.4377 6.3729 -8.3834
v 41.1 6.3124 -9.3927
v 41.1 6.2347 -8.4053
v 40.8101 6.0899 -9.3927
v 40.8101 6.015 -8.44
v 40.5876 5.8 -9.3927
v 40.5876 5.7286 -8.4854
v 40.4477 5.4623 -9.3927
v 40.4477 5.3951 -8.5382
v 40.4 5.1 -9.3927
v 40.4 5.0225 -8.5071
v 40.4477 5.195 -7.7048
v 40.4 4.7924 -7.6484
v 40.4477 4.867 -6.9129
v 40.5876 5.1678 -6.7596
v 40.5876 4.6923 -5.9836
v 40.8101 4.9269 -5.8132
v 40.8101 4.3063 -5.0865
v 41.1 4.4636 -4.9292
v 41.1 3.7104 -4.2859
v 41.4377 3.7926 -4.1727
v 41.4377 2.9293 -3.6437
v 41.8 2.9509 -3.6012
v 41.8 2.0086 -3.2109
v 42.1623 1.9939 -3.2562
v 42.1623 1.0094 -3.0199
v 42.5 0.9875 -3.158
v 42.5 0 -3.0803
v 42.79 0 -3.3028
v 42.79 -0.9527 -3.3778
v 43.0124 -0.9073 -3.6641
v 43.0124 -1.7923 -3.8766
v 43.1523 -1.688 -4.1977
v 43.1523 -2.4798 -4.5257
v 43.1523 -0.8545 -3.9976
v 43.0124 0 -3.5927
v 42.79 0.9527 -3.3778
v 42.5 1.9506 -3.3893
v 42.1623 2.9293 -3.6437
v 41.8 3.8206 -4.1341
v 41.4377 4.5625 -4.8303
v 41.1 5.1069 -5.6824
v 40.8101 5.4262 -6.628
v 40.5876 5.5161 -7.6004
v 40.4477 -5.3951 -10.2472
v 40.5876 -5.5161 -11.185
v 40.8101 -5.4262 -12.1575
v 41.1 -5.1069 -13.1031
v 41.4377 -4.5625 -13.9552
v 41.8 -3.8206 -14.6513
v 42.1623 -2.9293 -15.1418
v 42.5 -1.9506 -15.3962
v 42.79 -0.9527 -15.4077
v 43.0124 0 -15.1927
v 40.4 -4.7924 -11.137
v 40.4477 -5.195 -11.0807
v 40.4 -5.0225 -10.2783
v 40.4477 -4.867 -11.8726
v 40.4 -4.4167 -11.9427
v 40.4477 -4.4191 -12.6034
v 40.5876 -4.6923 -12.8019
v 40.5876 -4.1012 -13.4939
v 40.8101 -4.3062 -13.699
v 40.8101 -3.5796 -14.3196
v 41.1 -3.7104 -14.4996
v 41.1 -2.8658 -15.0172
v 41.4377 -2.9293 -15.1418
v 41.4377 -1.9939 -15.5292
v 41.8 -2.0086 -15.5746
v 41.8 -1.0168 -15.8127
v 42.1623 -1.0094 -15.7656
v 42.1623 0 -15.845
v 42.5 0 -15.7052
v 42.5 0.9875 -15.6274
v 42.79 0.9527 -15.4077
v 42.79 1.8819 -15.1846
v 43.0124 1.7923 -14.9089
v 43.0124 2.6332 -14.5606
v 43.0124 0.9073 -15.1213
v 42.79 0 -15.4827
v 42.5 -0.9875 -15.6274
v 42.1623 -1.9939 -15.5292
v 41.8 -2.9509 -15.1843
v 41.4377 -3.7926 -14.6127
v 41.1 -4.4636 -13.8563
v 40.8101 -4.9269 -12.9723
v 40.5876 -5.1678 -12.0259
v 40.4 -3.9068 -12.6709
v 40.4477 -3.8625 -13.2552
v 40.5876 -3.4091 -14.085
v 40.8101 -2.7648 -14.8189
v 41.1 -1.9506 -15.3962
v 41.4377 -1.0094 -15.7656
v 41.8 0 -15.8927
v 42.1623 1.0094 -15.7656
v 42.5 1.9506 -15.3962
v 42.79 2.7648 -14.8189
v 43.0124 3.4092 -14.085
v 40.4 -3.2782 -13.2996
v 40.4477 -3.2107 -13.8119
v 40.5876 -2.6331 -14.5606
v 40.8101 -1.8819 -15.1846
v 41.1 -0.9875 -15.6274
v 41.4377 0 -15.845
v 41.8 1.0168 -15.8127
v 42.1623 1.9939 -15.5292
v 42.5 2.8658 -15.0172
v 42.79 3.5796 -14.3196
v 43.0124 4.1012 -13.4939
v 40.4 -2.55 -13.8095
v 40.4477 -2.4798 -14.2597
v 40.5876 -1.7923 -14.9089
v 40.8101 -0.9527 -15.4077
v 41.1 0 -15.7052
v 41.4377 1.0094 -15.7656
v 41.8 2.0086 -15.5746
v 42.1623 2.9293 -15.1418
v 42.5 3.7104 -14.4996
v 42.79 4.3063 -13.699
v 43.0124 4.6923 -12.8019
v 40.4 -1.7443 -14.1852
v 40.4477 -1.688 -14.5877
v 40.5876 -0.9073 -15.1213
v 40.8101 0 -15.4827
v 41.1 0.9875 -15.6274
v 41.4377 1.9939 -15.5292
v 41.8 2.9509 -15.1843
v 42.1623 3.7926 -14.6127
v 42.5 4.4636 -13.8563
v 42.79 4.9269 -12.9723
v 43.0124 5.1678 -12.0259
v 40.4 -0.8856 -14.4153
v 40.4477 -0.8545 -14.7878
v 40.5876 0 -15.1927
v 40.8101 0.9527 -15.4077
v 41.1 1.9506 -15.3962
v 41.4377 2.9293 -15.1418
v 41.8 3.8206 -14.6513
v 42.1623 4.5625 -13.9552
v 42.5 5.1069 -13.1031
v 42.79 5.4262 -12.1575
v 43.0124 5.5161 -11.185
v 40.4 0 -14.4927
v 40.4477 0 -14.8551
v 40.5876 0.9073 -15.1213
v 40.8101 1.8819 -15.1846
v 41.1 2.8658 -15.0172
v 41.4377 3.7926 -14.6127
v 41.8 4.5962 -13.9889
v 42.1623 5.22 -13.1853
v 42.5 5.6244 -12.2585
v 42.79 5.7919 -11.2746
v 43.0124 5.7286 -10.3001
v 40.4477 0.8545 -14.7878
v 40.5876 1.7923 -14.9089
v 40.8101 2.7648 -14.8189
v 41.1 3.7104 -14.4996
v 41.4377 4.5625 -13.9552
v 41.8 5.2586 -13.2133
v 42.1623 5.749 -12.322
v 42.5 6.0035 -11.3434
v 42.79 6.015 -10.3454
v 40.4 1.7443 -14.1852
v 40.4477 1.688 -14.5877
v 40.4 0.8856 -14.4153
v 40.4477 2.4799 -14.2597
v 40.4 2.55 -13.8095
v 40.4477 3.2107 -13.8119
v 40.5876 3.4092 -14.085
v 40.5876 4.1012 -13.4939
v 40.8101 4.3063 -13.699
v 40.8101 4.9269 -12.9723
v 41.1 5.1069 -13.1031
v 41.1 5.6244 -12.2585
v 41.4377 5.749 -12.322
v 41.4377 6.1365 -11.3866
v 41.8 6.1819 -11.4013
v 41.8 6.42 -10.4096
v 42.1623 6.3729 -10.4021
v 42.5 6.2347 -10.3802
v 42.1623 6.1365 -11.3866
v 41.8 5.7915 -12.3437
v 40.4 3.2782 -13.2996
v 40.4477 3.8625 -13.2552
v 40.5876 4.6923 -12.8019
v 40.8101 5.4262 -12.1575
v 41.1 6.0035 -11.3434
v 41.4377 6.3729 -10.4021
v 40.4 3.9068 -12.6709
v 40.4477 4.4191 -12.6034
v 40.5876 5.1678 -12.0259
v 40.8101 5.7919 -11.2746
v 41.1 6.2347 -10.3802
v 40.4 4.4167 -11.9427
v 40.4477 4.867 -11.8726
v 40.5876 5.5161 -11.185
v 40.8101 6.015 -10.3454
v 40.4 4.7924 -11.137
v 40.4477 5.195 -11.0807
v 40.5876 5.7286 -10.3001
v 40.4 5.0225 -10.2783
v 40.4477 5.3951 -10.2472
v 40.4 4.4167 -6.8427
v 40.4477 4.4191 -6.1821
v 40.5876 4.1012 -5.2915
v 40.8101 3.5796 -4.4659
v 41.1 2.8658 -3.7683
v 41.4377 1.9939 -3.2562
v 41.8 1.0168 -2.9728
v 42.1623 0 -2.9404
v 42.5 -0.9875 -3.158
v 42.79 -1.8819 -3.6008
v 43.0124 -2.6331 -4.2249
v 43.1523 -3.2107 -4.9736
v 40.4 3.9068 -6.1145
v 40.4477 3.8625 -5.5303
v 40.5876 3.4092 -4.7004
v 40.8101 2.7648 -3.9665
v 41.1 1.9506 -3.3893
v 41.4377 1.0094 -3.0199
v 41.8 0 -2.8927
v 42.1623 -1.0094 -3.0199
v 42.5 -1.9506 -3.3893
v 42.79 -2.7648 -3.9665
v 43.0124 -3.4091 -4.7004
v 43.1523 -3.8625 -5.5303
v 40.4 3.2782 -5.4859
v 40.4477 3.2107 -4.9736
v 40.5876 2.6332 -4.2249
v 40.8101 1.8819 -3.6008
v 41.1 0.9875 -3.158
v 41.4377 0 -2.9404
v 41.8 -1.0168 -2.9728
v 42.1623 -1.9939 -3.2562
v 42.5 -2.8658 -3.7683
v 42.79 -3.5796 -4.4659
v 43.0124 -4.1012 -5.2915
v 43.1523 -4.4191 -6.1821
v 40.4 2.55 -4.976
v 40.4477 2.4799 -4.5257
v 40.5876 1.7923 -3.8766
v 40.8101 0.9527 -3.3778
v 41.1 0 -3.0803
v 41.4377 -1.0094 -3.0199
v 41.8 -2.0086 -3.2109
v 42.1623 -2.9293 -3.6437
v 42.5 -3.7104 -4.2859
v 42.79 -4.3062 -5.0865
v 43.0124 -4.6923 -5.9836
v 43.1523 -4.867 -6.9129
v 40.4 1.7443 -4.6003
v 40.4477 1.688 -4.1977
v 40.5876 0.9073 -3.6641
v 40.8101 0 -3.3028
v 41.1 -0.9875 -3.158
v 41.4377 -1.9939 -3.2562
v 41.8 -2.9509 -3.6012
v 42.1623 -3.7926 -4.1727
v 42.5 -4.4636 -4.9292
v 42.79 -4.9269 -5.8132
v 43.0124 -5.1678 -6.7596
v 43.1523 -5.195 -7.7048
v 40.4 0.8856 -4.3702
v 40.4477 0.8545 -3.9976
v 40.5876 0 -3.5927
v 40.8101 -0.9527 -3.3778
v 41.1 -1.9506 -3.3893
v 41.4377 -2.9293 -3.6437
v 41.8 -3.8206 -4.1341
v 42.1623 -4.5625 -4.8303
v 42.5 -5.1069 -5.6824
v 42.79 -5.4262 -6.628
v 43.0124 -5.5161 -7.6004
v 43.1523 -5.3951 -8.5382
v 40.4477 0 -3.9304
v 40.5876 -0.9073 -3.6641
v 40.8101 -1.8819 -3.6008
v 41.1 -2.8658 -3.7683
v 41.4377 -3.7926 -4.1727
v 41.8 -4.5962 -4.7965
v 42.1623 -5.22 -5.6002
v 42.5 -5.6244 -6.527
v 42.79 -5.7919 -7.5108
v 43.0124 -5.7286 -8.4854
v 43.1523 -5.4623 -9.3927
v 43.1523 0.8545 -3.9976
v 43.1523 1.688 -4.1977
v 43.1523 2.4799 -4.5257
v 43.0124 2.6332 -4.2249
v 43.0124 3.4092 -4.7004
v 42.79 3.5796 -4.4659
v 42.79 4.3063 -5.0865
v 42.5 4.4636 -4.9292
v 42.5 5.1069 -5.6824
v 42.1623 5.22 -5.6002
v 42.1623 5.749 -6.4634
v 41.8 5.7915 -6.4418
v 41.8 6.1819 -7.3841
v 41.4377 6.1365 -7.3989
v 41.1 6.0035 -7.4421
v 43.1523 3.2107 -4.9736
v 43.0124 4.1012 -5.2915
v 42.79 4.9269 -5.8132
v 42.5 5.6244 -6.527
v 42.1623 6.1365 -7.3989
v 43.1523 3.8625 -5.5303
v 43.0124 4.6923 -5.9836
v 42.79 5.4262 -6.628
v 42.5 6.0035 -7.4421
v 43.1523 4.4191 -6.1821
v 43.0124 5.1678 -6.7596
v 42.79 5.7919 -7.5108
v 43.1523 4.867 -6.9129
v 43.0124 5.5161 -7.6004
v 43.1523 5.195 -7.7048
v 43.1523 0 -3.9304
v 43.0124 0.9073 -3.6641
v 42.79 1.8819 -3.6008
v 42.5 2.8658 -3.7683
v 42.1623 3.7926 -4.1727
v 41.8 4.5962 -4.7965
v 41.4377 5.22 -5.6002
v 41.1 5.6244 -6.527
v 40.8101 5.7919 -7.5108
v 43.0124 1.7923 -3.8766
v 42.79 2.7648 -3.9665
v 40.5876 2.6332 -14.5606
v 40.8101 3.5796 -14.3196
v 41.1 4.4636 -13.8563
v 41.4377 5.22 -13.1853
v 41.4377 5.749 -6.4634
v 41.8 5.2586 -5.5721
v 42.1623 4.5625 -4.8303
v 42.5 3.7104 -4.2859
v 40.4 1.0702 -2.1211
v 40.4 0 -2.0427
v 40.4 2.1175 -2.3544
v 40.4 3.1198 -2.7377
v 40.4 4.0555 -3.2628
v 40.4 4.9048 -3.9187
v 40.4 5.6496 -4.6911
v 40.4 6.2739 -5.5638
v 40.4 -2.1175 -2.3544
v 40.4 -1.0702 -2.1211
v 40.4 -3.1197 -2.7377
v 40.4 -4.0555 -3.2628
v 40.4 -4.9048 -3.9187
v 40.4 -5.6495 -4.6911
v 40.4 -6.2739 -5.5638
v 40.4 -6.7645 -6.5181
v 40.4 -7.111 -7.5337
v 40.4 -7.3059 -8.5889
v 40.4 -7.3451 -9.6612
v 40.4 -7.2277 -10.7278
v 40.4 -6.9563 -11.7659
v 40.4 -6.5367 -12.7535
v 40.4 -5.9777 -13.6694
v 40.4 -5.2913 -14.4942
v 40.4 -4.4921 -15.2102
v 40.4 -3.5972 -15.8023
v 40.4 -2.6256 -16.2577
v 40.4 -1.5981 -16.5669
v 40.4 -0.5365 -16.7231
v 40.4 0.5365 -16.7231
v 40.4 1.5981 -16.5669
v 40.4 2.6256 -16.2577
v 40.4 3.5972 -15.8023
v 40.4 4.4921 -15.2102
v 40.4 5.2913 -14.4942
v 40.4 5.9777 -13.6694
v 40.4 6.5367 -12.7535
v 40.4 6.9563 -11.7659
v 40.4 7.2277 -10.7278
v 40.4 7.3451 -9.6612
v 40.4 7.3059 -8.5889
v 40.4 7.111 -7.5337
v 40.4 6.7645 -6.5181
v 37.6 -1.0702 -2.1211
v 37.6477 -1.0502 -1.7522
v 37.6 0 -2.0427
v 37.6477 -2.0808 -1.9664
v 37.6 -2.1175 -2.3544
v 37.6477 -3.0726 -2.3189
v 37.7876 -3.2071 -2.0092
v 37.7876 -4.1826 -2.5147
v 38.01 -4.3333 -2.2669
v 38.01 -5.2632 -2.9233
v 38.3 -5.4036 -2.7508
v 38.3 -6.2577 -3.5484
v 38.6377 -6.36 -3.4529
v 38.6377 -7.1095 -4.3743
v 39 -7.1485 -4.3468
v 39 -7.769 -5.3672
v 39.3623 -7.7266 -5.3891
v 39.3623 -8.1998 -6.4785
v 39.7 -8.068 -6.5254
v 39.7 -8.3833 -7.6506
v 39.9899 -8.1655 -7.6959
v 39.9899 -8.3205 -8.8236
v 40.2124 -8.0312 -8.8434
v 40.2124 -8.0312 -9.9421
v 40.3523 -7.6944 -9.919
v 40.3523 -7.551 -10.9619
v 40.3523 -7.6944 -8.8664
v 40.2124 -7.8816 -7.7549
v 39.9899 -7.8584 -6.5998
v 39.7 -7.6025 -5.4535
v 39.3623 -7.1095 -4.3743
v 39 -6.3948 -3.4204
v 38.6377 -5.4919 -2.6423
v 38.3 -4.4489 -2.0768
v 38.01 -3.3226 -1.7432
v 37.7876 -2.1719 -1.6413
v 37.6 -3.1198 -2.7377
v 37.6477 -4.0072 -2.8032
v 37.7876 -5.0803 -3.1483
v 38.01 -6.0951 -3.7003
v 38.3 -6.9953 -4.4549
v 38.6377 -7.7266 -5.3891
v 39 -8.2448 -6.4625
v 39.3623 -8.5203 -7.6222
v 39.7 -8.5425 -8.8084
v 39.9899 -8.3205 -9.9619
v 40.2124 -7.8816 -11.0306
v 40.3523 -7.267 -11.9754
v 37.6 -4.0555 -3.2628
v 37.6477 -4.8672 -3.4102
v 37.7876 -5.8832 -3.8982
v 38.01 -6.8135 -4.5832
v 38.3 -7.6025 -5.4535
v 38.6377 -8.1998 -6.4785
v 39 -8.567 -7.6125
v 39.3623 -8.682 -8.7989
v 39.7 -8.5425 -9.9771
v 39.9899 -8.1655 -11.0895
v 40.2124 -7.5852 -12.0885
v 40.3523 -6.8477 -12.9409
v 40.3523 -6.3007 -13.8403
v 40.3523 -5.6365 -14.6568
v 40.3523 -4.8672 -15.3753
v 40.3523 -4.0072 -15.9823
v 40.3523 -3.0726 -16.4666
v 40.3523 -2.0808 -16.8191
v 40.3523 -1.0502 -17.0332
v 40.3523 0 -17.1051
v 40.3523 1.0502 -17.0332
v 40.3523 2.0808 -16.8191
v 40.3523 3.0726 -16.4666
v 40.3523 4.0072 -15.9823
v 40.3523 4.8672 -15.3753
v 40.3523 5.6365 -14.6568
v 40.3523 6.3008 -13.8403
v 40.3523 6.8477 -12.9409
v 40.3523 7.2671 -11.9754
v 40.2124 7.1475 -13.0963
v 40.2124 7.5852 -12.0885
v 39.9899 7.4049 -13.2297
v 39.9899 7.8584 -12.1856
v 39.7 7.6025 -13.332
v 39.7 8.068 -12.2601
v 39.3623 7.7266 -13.3964
v 39.3623 8.1998 -12.307
v 39 7.769 -13.4183
v 39 8.2448 -12.3229
v 38.6377 7.7266 -13.3964
v 38.6377 8.1998 -12.307
v 38.3 7.6025 -13.332
v 38.3 8.068 -12.2601
v 38.01 7.4049 -13.2297
v 38.01 7.8584 -12.1856
v 37.7876 7.1475 -13.0963
v 37.7876 7.5852 -12.0885
v 37.6477 6.8477 -12.9409
v 37.6477 7.2671 -11.9754
v 37.6 6.5367 -12.7535
v 37.6 6.9563 -11.7659
v 37.6477 7.551 -10.9619
v 37.6 7.2277 -10.7278
v 37.6477 7.6944 -9.919
v 37.7876 8.0312 -9.9421
v 37.7876 8.0312 -8.8434
v 38.01 8.3205 -8.8236
v 38.01 8.1655 -7.6959
v 38.3 8.3834 -7.6506
v 38.3 8.068 -6.5254
v 38.6377 8.1998 -6.4785
v 38.6377 7.7266 -5.3891
v 39 7.769 -5.3672
v 39 7.1485 -4.3468
v 39.3623 7.1095 -4.3743
v 39.3623 6.36 -3.4529
v 39.7 6.2577 -3.5484
v 39.7 5.4036 -2.7508
v 39.9899 5.2632 -2.9233
v 39.9899 4.3333 -2.2669
v 40.2124 4.1826 -2.5147
v 40.2124 3.2071 -2.0092
v 40.3523 3.0726 -2.3189
v 40.3523 2.0808 -1.9664
v 40.3523 4.0072 -2.8032
v 40.2124 5.0803 -3.1483
v 39.9899 6.0951 -3.7003
v 39.7 6.9953 -4.4549
v 39.3623 7.7266 -5.3891
v 39 8.2448 -6.4625
v 38.6377 8.5203 -7.6222
v 38.3 8.5425 -8.8084
v 38.01 8.3205 -9.9619
v 37.7876 7.8816 -11.0306
v 37.6 -4.9048 -3.9187
v 37.6477 -5.6365 -4.1287
v 37.7876 -6.5766 -4.7504
v 38.01 -7.4049 -5.5558
v 38.3 -8.068 -6.5254
v 38.6377 -8.5203 -7.6222
v 39 -8.7296 -8.7956
v 39.3623 -8.682 -9.9866
v 39.7 -8.3833 -11.1348
v 39.9899 -7.8584 -12.1856
v 40.2124 -7.1475 -13.0963
v 37.6 -5.6495 -4.6911
v 37.6477 -6.3007 -4.9452
v 37.7876 -7.1475 -5.6892
v 38.01 -7.8584 -6.5998
v 38.3 -8.3833 -7.6506
v 38.6377 -8.682 -8.7989
v 39 -8.7296 -9.9899
v 39.3623 -8.5203 -11.1633
v 39.7 -8.068 -12.2601
v 39.9899 -7.4049 -13.2297
v 40.2124 -6.5766 -14.035
v 37.6 -6.2739 -5.5638
v 37.6477 -6.8477 -5.8445
v 37.7876 -7.5852 -6.697
v 38.01 -8.1655 -7.6959
v 38.3 -8.5425 -8.8084
v 38.6377 -8.682 -9.9866
v 39 -8.567 -11.173
v 39.3623 -8.1998 -12.307
v 39.7 -7.6025 -13.332
v 39.9899 -6.8135 -14.2022
v 40.2124 -5.8832 -14.8873
v 37.6 -6.7645 -6.5181
v 37.6477 -7.267 -6.81
v 37.7876 -7.8816 -7.7549
v 38.01 -8.3205 -8.8236
v 38.3 -8.5425 -9.9771
v 38.6377 -8.5203 -11.1633
v 39 -8.2448 -12.3229
v 39.3623 -7.7266 -13.3964
v 39.7 -6.9953 -14.3305
v 39.9899 -6.0951 -15.0852
v 40.2124 -5.0803 -15.6372
v 37.6 -7.111 -7.5337
v 37.6477 -7.551 -7.8236
v 37.7876 -8.0312 -8.8434
v 38.01 -8.3205 -9.9619
v 38.3 -8.3833 -11.1348
v 38.6377 -8.1998 -12.307
v 39 -7.769 -13.4183
v 39.3623 -7.1095 -14.4112
v 39.7 -6.2577 -15.237
v 39.9899 -5.2632 -15.8621
v 40.2124 -4.1826 -16.2708
v 37.6 -7.3059 -8.5889
v 37.6477 -7.6944 -8.8664
v 37.7876 -8.0312 -9.9421
v 38.01 -8.1655 -11.0895
v 38.3 -8.068 -12.2601
v 38.6377 -7.7266 -13.3964
v 39 -7.1485 -14.4387
v 39.3623 -6.36 -15.3325
v 39.7 -5.4036 -16.0347
v 39.9899 -4.3333 -16.5185
v 40.2124 -3.2071 -16.7763
v 37.6 -7.3451 -9.6612
v 37.6477 -7.6944 -9.919
v 37.7876 -7.8816 -11.0306
v 38.01 -7.8584 -12.1856
v 38.3 -7.6025 -13.332
v 38.6377 -7.1095 -14.4112
v 39 -6.3948 -15.3651
v 39.3623 -5.4919 -16.1432
v 39.7 -4.4489 -16.7086
v 39.9899 -3.3226 -17.0422
v 40.2124 -2.1719 -17.1442
v 37.6 -7.2277 -10.7278
v 37.6477 -7.551 -10.9619
v 37.7876 -7.5852 -12.0885
v 38.01 -7.4049 -13.2297
v 38.3 -6.9953 -14.3305
v 38.6377 -6.36 -15.3325
v 39 -5.522 -16.1802
v 39.3623 -4.5216 -16.8281
v 39.7 -3.4113 -17.2463
v 39.9899 -2.2501 -17.4234
v 40.2124 -1.0961 -17.3678
v 37.6 -6.9563 -11.7659
v 37.6477 -7.267 -11.9754
v 37.7876 -7.1475 -13.0963
v 38.01 -6.8135 -14.2022
v 38.3 -6.2577 -15.237
v 38.6377 -5.4919 -16.1432
v 39 -4.5464 -16.8689
v 39.3623 -3.467 -17.3746
v 39.7 -2.3101 -17.6376
v 39.9899 -1.1356 -17.655
v 40.2124 0 -17.4427
v 37.6 -6.5367 -12.7535
v 37.6477 -6.8477 -12.9409
v 37.7876 -6.5766 -14.035
v 38.01 -6.0951 -15.0852
v 38.3 -5.4036 -16.0347
v 38.6377 -4.5216 -16.8281
v 39 -3.486 -17.4183
v 39.3623 -2.3479 -17.7723
v 39.7 -1.1659 -17.8754
v 39.9899 0 -17.7327
v 40.2124 1.0961 -17.3678
v 37.6477 -6.3007 -13.8403
v 37.7876 -5.8832 -14.8873
v 38.01 -5.2632 -15.8621
v 38.3 -4.4489 -16.7086
v 38.6377 -3.467 -17.3746
v 39 -2.3607 -17.8183
v 39.3623 -1.185 -18.014
v 39.7 0 -17.9552
v 39.9899 1.1356 -17.655
v 40.2124 2.1719 -17.1442
v 37.6 -5.2913 -14.4942
v 37.6477 -5.6365 -14.6568
v 37.6 -5.9777 -13.6694
v 37.6477 -4.8672 -15.3753
v 37.6 -4.4921 -15.2102
v 37.6477 -4.0072 -15.9823
v 37.7876 -4.1826 -16.2708
v 37.7876 -3.2071 -16.7763
v 38.01 -3.3226 -17.0422
v 38.01 -2.2501 -17.4234
v 38.3 -2.3101 -17.6376
v 38.3 -1.1659 -17.8754
v 38.6377 -1.185 -18.014
v 38.6377 0 -18.095
v 39 0 -18.1427
v 39 1.1915 -18.0612
v 39.3623 1.185 -18.014
v 39.3623 2.3479 -17.7723
v 39.7 2.3101 -17.6376
v 39.7 3.4113 -17.2463
v 39.9899 3.3226 -17.0422
v 39.9899 4.3333 -16.5185
v 40.2124 4.1826 -16.2708
v 40.2124 5.0803 -15.6372
v 40.2124 3.2071 -16.7763
v 39.9899 2.2501 -17.4234
v 39.7 1.1659 -17.8754
v 39.3623 0 -18.095
v 39 -1.1915 -18.0612
v 38.6377 -2.3479 -17.7723
v 38.3 -3.4113 -17.2463
v 38.01 -4.3333 -16.5185
v 37.7876 -5.0803 -15.6372
v 37.6 -3.5972 -15.8023
v 37.6477 -3.0726 -16.4666
v 37.7876 -2.1719 -17.1442
v 38.01 -1.1356 -17.655
v 38.3 0 -17.9552
v 38.6377 1.185 -18.014
v 39 2.3607 -17.8183
v 39.3623 3.467 -17.3746
v 39.7 4.4489 -16.7086
v 39.9899 5.2632 -15.8621
v 40.2124 5.8832 -14.8873
v 37.6 -2.6256 -16.2577
v 37.6477 -2.0808 -16.8191
v 37.7876 -1.0961 -17.3678
v 38.01 0 -17.7327
v 38.3 1.1659 -17.8754
v 38.6377 2.3479 -17.7723
v 39 3.486 -17.4183
v 39.3623 4.5216 -16.8281
v 39.7 5.4036 -16.0347
v 39.9899 6.0951 -15.0852
v 40.2124 6.5766 -14.035
v 37.6 -1.5981 -16.5669
v 37.6477 -1.0502 -17.0332
v 37.7876 0 -17.4427
v 38.01 1.1356 -17.655
v 38.3 2.3101 -17.6376
v 38.6377 3.467 -17.3746
v 39 4.5464 -16.8689
v 39.3623 5.4919 -16.1432
v 39.7 6.2577 -15.237
v 39.9899 6.8135 -14.2022
v 37.6 -0.5365 -16.7231
v 37.6477 0 -17.1051
v 37.7876 1.0961 -17.3678
v 38.01 2.2501 -17.4234
v 38.3 3.4113 -17.2463
v 38.6377 4.5216 -16.8281
v 39 5.522 -16.1802
v 39.3623 6.36 -15.3325
v 39.7 6.9953 -14.3305
v 37.6 0.5365 -16.7231
v 37.6477 1.0502 -17.0332
v 37.7876 2.1719 -17.1442
v 38.01 3.3226 -17.0422
v 38.3 4.4489 -16.7086
v 38.6377 5.4919 -16.1432
v 39 6.3948 -15.3651
v 39.3623 7.1095 -14.4112
v 37.6 1.5981 -16.5669
v 37.6477 2.0808 -16.8191
v 37.7876 3.2071 -16.7763
v 38.01 4.3333 -16.5185
v 38.3 5.4036 -16.0347
v 38.6377 6.36 -15.3325
v 39 7.1485 -14.4387
v 37.6 2.6256 -16.2577
v 37.6477 3.0726 -16.4666
v 37.7876 4.1826 -16.2708
v 38.01 5.2632 -15.8621
v 38.3 6.2577 -15.237
v 38.6377 7.1095 -14.4112
v 37.6 3.5972 -15.8023
v 37.6477 4.0072 -15.9823
v 37.7876 5.0803 -15.6372
v 38.01 6.0951 -15.0852
v 38.3 6.9953 -14.3305
v 37.6 4.4921 -15.2102
v 37.6477 4.8672 -15.3753
v 37.7876 5.8832 -14.8873
v 38.01 6.8135 -14.2022
v 37.6 5.2913 -14.4942
v 37.6477 5.6365 -14.6568
v 37.7876 6.5766 -14.035
v 37.6 5.9777 -13.6694
v 37.6477 6.3008 -13.8403
v 37.6 7.3451 -9.6612
v 37.6477 7.6944 -8.8664
v 37.7876 7.8816 -7.7549
v 38.01 7.8584 -6.5998
v 38.3 7.6025 -5.4535
v 38.6377 7.1095 -4.3743
v 39 6.3948 -3.4204
v 39.3623 5.4919 -2.6423
v 39.7 4.4489 -2.0768
v 39.9899 3.3226 -1.7432
v 40.2124 2.1719 -1.6413
v 40.3523 1.0502 -1.7522
v 37.6 7.3059 -8.5889
v 37.6477 7.551 -7.8236
v 37.7876 7.5852 -6.697
v 38.01 7.4049 -5.5558
v 38.3 6.9953 -4.4549
v 38.6377 6.36 -3.4529
v 39 5.522 -2.6053
v 39.3623 4.5216 -1.9573
v 39.7 3.4113 -1.5392
v 39.9899 2.2501 -1.362
v 40.2124 1.0961 -1.4177
v 40.3523 0 -1.6804
v 40.3523 -1.0502 -1.7522
v 40.3523 -2.0808 -1.9664
v 40.3523 -3.0726 -2.3189
v 40.3523 -4.0072 -2.8032
v 40.3523 -4.8672 -3.4102
v 40.3523 -5.6365 -4.1287
v 40.3523 -6.3007 -4.9452
v 40.3523 -6.8477 -5.8445
v 40.3523 -7.267 -6.81
v 40.3523 -7.551 -7.8236
v 37.6 7.111 -7.5337
v 37.6477 7.2671 -6.81
v 37.7876 7.1475 -5.6892
v 38.01 6.8135 -4.5832
v 38.3 6.2577 -3.5484
v 38.6377 5.4919 -2.6423
v 39 4.5464 -1.9166
v 39.3623 3.467 -1.4109
v 39.7 2.3101 -1.1478
v 39.9899 1.1356 -1.1305
v 40.2124 0 -1.3427
v 37.6 6.7645 -6.5181
v 37.6477 6.8477 -5.8445
v 37.7876 6.5766 -4.7504
v 38.01 6.0951 -3.7003
v 38.3 5.4036 -2.7508
v 38.6377 4.5216 -1.9573
v 39 3.486 -1.3671
v 39.3623 2.3479 -1.0131
v 39.7 1.1659 -0.91
v 39.9899 0 -1.0528
v 40.2124 -1.0961 -1.4177
v 37.6 6.2739 -5.5638
v 37.6477 6.3008 -4.9452
v 37.7876 5.8832 -3.8982
v 38.01 5.2632 -2.9233
v 38.3 4.4489 -2.0768
v 38.6377 3.467 -1.4109
v 39 2.3607 -0.9672
v 39.3623 1.185 -0.7715
v 39.7 0 -0.8303
v 39.9899 -1.1356 -1.1305
v 40.2124 -2.1719 -1.6413
v 37.6 5.6496 -4.6911
v 37.6477 5.6365 -4.1287
v 37.7876 5.0803 -3.1483
v 38.01 4.3333 -2.2669
v 38.3 3.4113 -1.5392
v 38.6377 2.3479 -1.0131
v 39 1.1915 -0.7242
v 39.3623 0 -0.6904
v 39.7 -1.1659 -0.91
v 39.9899 -2.2501 -1.362
v 40.2124 -3.2071 -2.0092
v 37.6 4.9048 -3.9187
v 37.6477 4.8672 -3.4102
v 37.7876 4.1826 -2.5147
v 38.01 3.3226 -1.7432
v 38.3 2.3101 -1.1478
v 38.6377 1.185 -0.7715
v 39 0 -0.6427
v 39.3623 -1.185 -0.7715
v 39.7 -2.3101 -1.1478
v 39.9899 -3.3226 -1.7432
v 40.2124 -4.1826 -2.5147
v 37.6 4.0555 -3.2628
v 37.6477 4.0072 -2.8032
v 37.7876 3.2071 -2.0092
v 38.01 2.2501 -1.362
v 38.3 1.1659 -0.91
v 38.6377 0 -0.6904
v 39 -1.1915 -0.7242
v 39.3623 -2.3479 -1.0131
v 39.7 -3.4113 -1.5392
v 39.9899 -4.3333 -2.2669
v 40.2124 -5.0803 -3.1483
v 37.6 3.1198 -2.7377
v 37.6477 3.0726 -2.3189
v 37.7876 2.1719 -1.6413
v 38.01 1.1356 -1.1305
v 38.3 0 -0.8303
v 38.6377 -1.185 -0.7715
v 39 -2.3607 -0.9672
v 39.3623 -3.467 -1.4109
v 39.7 -4.4489 -2.0768
v 39.9899 -5.2632 -2.9233
v 40.2124 -5.8832 -3.8982
v 37.6 2.1175 -2.3544
v 37.6477 2.0808 -1.9664
v 37.7876 1.0961 -1.4177
v 38.01 0 -1.0528
v 38.3 -1.1659 -0.91
v 38.6377 -2.3479 -1.0131
v 39 -3.486 -1.3671
v 39.3623 -4.5216 -1.9573
v 39.7 -5.4036 -2.7508
v 39.9899 -6.0951 -3.7003
v 40.2124 -6.5766 -4.7504
v 37.6 1.0702 -2.1211
v 37.6477 1.0502 -1.7522
v 37.7876 0 -1.3427
v 38.01 -1.1356 -1.1305
v 38.3 -2.3101 -1.1478
v 38.6377 -3.467 -1.4109
v 39 -4.5464 -1.9166
v 39.3623 -5.4919 -2.6423
v 39.7 -6.2577 -3.5484
v 39.9899 -6.8135 -4.5832
v 40.2124 -7.1475 -5.6892
v 37.6477 0 -1.6804
v 37.7876 -1.0961 -1.4177
v 38.01 -2.2501 -1.362
v 38.3 -3.4113 -1.5392
v 38.6377 -4.5216 -1.9573
v 39 -5.522 -2.6053
v 39.3623 -6.36 -3.4529
v 39.7 -6.9953 -4.4549
v 39.9899 -7.4049 -5.5558
v 40.2124 -7.5852 -6.697
v 40.3523 4.8672 -3.4102
v 40.2124 5.8832 -3.8982
v 39.9899 6.8135 -4.5832
v 39.7 7.6025 -5.4535
v 39.3623 8.1998 -6.4785
v 39 8.567 -7.6125
v 38.6377 8.682 -8.7989
v 38.3 8.5425 -9.9771
v 38.01 8.1655 -11.0895
v 40.3523 5.6365 -4.1287
v 40.2124 6.5766 -4.7504
v 39.9899 7.4049 -5.5558
v 39.7 8.068 -6.5254
v 39.3623 8.5203 -7.6222
v 39 8.7296 -8.7956
v 38.6377 8.682 -9.9866
v 38.3 8.3834 -11.1348
v 40.3523 6.3008 -4.9452
v 40.2124 7.1475 -5.6892
v 39.9899 7.8584 -6.5998
v 39.7 8.3834 -7.6506
v 39.3623 8.682 -8.7989
v 39 8.7296 -9.9899
v 38.6377 8.5203 -11.1633
v 40.3523 6.8477 -5.8445
v 40.2124 7.5852 -6.697
v 39.9899 8.1655 -7.6959
v 39.7 8.5425 -8.8084
v 39.3623 8.682 -9.9866
v 39 8.567 -11.173
v 40.3523 7.2671 -6.81
v 40.2124 7.8816 -7.7549
v 39.9899 8.3205 -8.8236
v 39.7 8.5425 -9.9771
v 39.3623 8.5203 -11.1633
v 40.3523 7.551 -7.8236
v 40.2124 8.0312 -8.8434
v 39.9899 8.3205 -9.9619
v 39.7 8.3834 -11.1348
v 40.3523 7.6944 -8.8664
v 40.2124 8.0312 -9.9421
v 39.9899 8.1655 -11.0895
v 40.3523 7.6944 -9.919
v 40.2124 7.8816 -11.0306
v 40.3523 7.551 -10.9619
v 36.2 1.1915 -0.7242
v 36.2 0 -0.6427
v 36.2 2.3607 -0.9672
v 36.2 3.486 -1.3671
v 36.2 4.5464 -1.9166
v 36.2 5.522 -2.6053
v 36.2 6.3948 -3.4204
v 36.2 7.1485 -4.3468
v 36.2 7.769 -5.3672
v 36.2 8.2448 -6.4625
v 36.2 8.567 -7.6125
v 36.2 8.7296 -8.7956
v 36.2 8.7296 -9.9899
v 36.2 8.567 -11.173
v 36.2 8.2448 -12.3229
v 36.2 7.769 -13.4183
v 36.2 7.1485 -14.4387
v 36.2 -2.3607 -0.9672
v 36.2 -1.1915 -0.7242
v 36.2 -3.486 -1.3671
v 36.2 -4.5464 -1.9166
v 36.2 -5.522 -2.6053
v 36.2 -6.3948 -3.4204
v 36.2 -7.1485 -4.3468
v 36.2 -7.769 -5.3672
v 36.2 -8.2448 -6.4625
v 36.2 -8.567 -7.6125
v 36.2 -8.7296 -8.7956
v 36.2 -8.7296 -9.9899
v 36.2 -8.567 -11.173
v 36.2 -8.2448 -12.3229
v 36.2 -7.769 -13.4183
v 36.2 -7.1485 -14.4387
v 36.2 -6.3948 -15.3651
v 36.2 -5.522 -16.1802
v 36.2 -4.5464 -16.8689
v 36.2 -3.486 -17.4183
v 36.2 -2.3607 -17.8183
v 36.2 -1.1915 -18.0612
v 36.2 0 -18.1427
v 36.2 1.1915 -18.0612
v 36.2 2.3607 -17.8183
v 36.2 3.486 -17.4183
v 36.2 4.5464 -16.8689
v 36.2 5.522 -16.1802
v 36.2 6.3948 -15.3651
v -45.1 -17.5 -26.8927
v -45.1 -22.5 -26.8927
v -45.3588 -17.5 -26.8587
v -45.3588 -22.5 -26.8587
v -45.6 -17.5 -26.7588
v -45.6 -22.5 -26.7588
v -45.8071 -17.5 -26.5998
v -45.8071 -22.5 -26.5998
v -45.966 -17.5 -26.3927
v -45.966 -22.5 -26.3927
v -46.0659 -17.5 -26.1516
v -46.0659 -22.5 -26.1516
v -46.1 -17.5 -25.8927
v -46.1 -22.5 -25.8927
v -46.1 -22.5 -21.5927
v -46.1 -17.5 -21.5927
v 31.8 17.5 -26.8927
v 31.8 22.5 -26.8927
v 32.0588 17.5 -26.8587
v 32.0588 22.5 -26.8587
v 32.3 17.5 -26.7588
v 32.3 22.5 -26.7588
v 32.5071 17.5 -26.5998
v 32.5071 22.5 -26.5998
v 32.666 17.5 -26.3927
v 32.666 22.5 -26.3927
v 32.7659 17.5 -26.1516
v 32.7659 22.5 -26.1516
v 32.8 17.5 -25.8927
v 32.8 22.5 -25.8927
v 32.8 22.5 -21.5927
v 32.8 17.5 -21.5927
v 24.1972 -29.2676 -28.3246
v 13.1644 -29.2676 -28.3246
v 24.1972 -28.75 -28.3927
v 13.1644 -29.75 -28.1248
v 24.1972 -29.75 -28.1248
v 13.1644 -30.1642 -27.8069
v 2.1315 -30.1642 -27.8069
v 2.1315 -30.4821 -27.3927
v -8.9014 -30.4821 -27.3927
v -8.9014 -30.6819 -26.9104
v -19.9343 -30.6819 -26.9104
v -30.9671 -30.6819 -26.9104
v -42 -30.6819 -26.9104
v -30.9671 -30.4821 -27.3927
v -42 -30.4821 -27.3927
v -30.9671 -30.1642 -27.8069
v -42 -30.1642 -27.8069
v -30.9671 -29.75 -28.1248
v -42 -29.75 -28.1248
v -30.9671 -29.2676 -28.3246
v -42 -29.2676 -28.3246
v -42 -28.75 -28.3927
v -19.9343 -29.2676 -28.3246
v -8.9014 -29.2676 -28.3246
v 2.1315 -29.2676 -28.3246
v -8.9014 -29.75 -28.1248
v 2.1315 -29.75 -28.1248
v -8.9014 -30.1642 -27.8069
v -19.9343 -30.4821 -27.3927
v 24.1972 -30.1642 -27.8069
v 13.1644 -30.4821 -27.3927
v 2.1315 -30.6819 -26.9104
v 24.1972 -30.482 -27.3927
v 13.1644 -30.6819 -26.9104
v 24.1972 -30.6818 -26.9104
v -19.9343 -30.1642 -27.8069
v -19.9343 -29.75 -28.1248
v -44.8928 -26.5447 -28.3927
v -45.025 -26.6549 -28.3865
v -44.9522 -26.2833 -28.3927
v -45.4858 -26.2222 -28.3246
v -44.988 -26.0177 -28.3927
v -45.5176 -25.75 -28.3246
v -45 -25.75 -28.3927
v -45.1427 -26.7783 -28.3691
v -45.3455 -26.837 -28.3246
v -45.8042 -26.9861 -28.1248
v -45.3306 -27.0576 -28.3074
v -45.4498 -27.3652 -28.2217
v -45.5224 -27.6455 -28.1248
v -45.4987 -27.6872 -28.1253
v -45.4772 -28.0105 -28.0309
v -45.8871 -27.8418 -27.8069
v -45.3864 -28.3227 -27.9517
v -45.4512 -28.5022 -27.8069
v -45.2282 -28.6111 -27.9009
v -45.0106 -28.8584 -27.8887
v -44.9043 -29.0742 -27.8069
v -44.7478 -29.0503 -27.9173
v -44.4567 -29.1788 -27.979
v -44.264 -29.5394 -27.8069
v -44.1509 -29.2424 -28.062
v -43.8423 -29.2417 -28.1538
v -43.554 -29.8816 -27.8069
v -43.409 -29.4936 -28.1248
v -43.5415 -29.1782 -28.2432
v -43.2588 -29.0541 -28.3196
v -42.7121 -29.6861 -28.1248
v -42.6258 -29.2115 -28.3246
v -42.7865 -30.0936 -27.8069
v -43.6648 -30.1795 -27.3927
v -44.4271 -29.8122 -27.3927
v -44.5295 -29.9837 -26.9104
v -45.1134 -29.3136 -27.3927
v -45.2449 -29.464 -26.9104
v -45.6997 -28.7004 -27.3927
v -45.8559 -28.825 -26.9104
v -46.167 -27.9924 -27.3927
v -46.343 -28.0871 -26.9104
v -46.5004 -27.2123 -27.3927
v -46.6905 -27.274 -26.9104
v -46.6892 -26.3852 -27.3927
v -46.8872 -26.412 -26.9104
v -46.732 -25.75 -27.3927
v -46.9319 -25.75 -26.9104
v -46.4142 -25.75 -27.8069
v -46.3743 -26.3425 -27.8069
v -46.1982 -27.1141 -27.8069
v -45.9638 -26.2869 -28.1248
v -46 -25.75 -28.1248
v -43.0059 -28.8733 -28.3729
v -42.7947 -28.6428 -28.3927
v -42.5333 -28.7022 -28.3927
v -42.2677 -28.738 -28.3927
v -42.8437 -30.4062 -27.3927
v -43.734 -30.367 -26.9104
v -44.5 -30.0801 -26.3927
v -45.2139 -29.5802 -26.3927
v -45.8302 -28.9639 -26.3927
v -46.3301 -28.25 -26.3927
v -46.6985 -27.4601 -26.3927
v -46.924 -26.6182 -26.3927
v -42.88 -30.6027 -26.9104
v -43.7101 -30.4485 -26.3927
v -42.8682 -30.674 -26.3927
v -46.9319 -22.5 -26.9104
v -46.732 -22.5 -27.3927
v -46.4142 -22.5 -27.8069
v -46 -22.5 -28.1248
v -45.5176 -22.5 -28.3246
v -45 -22.5 -28.3927
v 25.5384 -29.2194 -28.3369
v 26 -29.25 -28.3292
v 25.0732 -29.1251 -28.3572
v 24.6214 -28.9671 -28.3809
v 28.7 -29.25 -28.3292
v 28.7 -29.66 -28.1737
v 28.7 -30.0262 -27.9326
v 28.7 -30.3311 -27.6175
v 28.7 -30.56 -27.2435
v 28.7 -30.7019 -26.8286
v 31.7 5 -28.3927
v 31.7 17.5 -28.3927
v 32.2176 7.8132 -28.3246
v 32.2176 5 -28.3246
v 32.7 5 -28.1248
v 32.7 17.5 -28.1248
v 32.7 7.8132 -28.1248
v 32.2176 17.5 -28.3246
v 33.1142 7.8132 -27.8069
v 33.1142 17.5 -27.8069
v 33.432 7.8132 -27.3927
v 33.432 5 -27.3927
v 33.6319 7.8132 -26.9104
v 33.6319 -1.8736 -26.9104
v 33.7 17.5 -26.3927
v 33.7 -21.2472 -26.3927
v 33.6319 -11.5604 -26.9104
v 33.6319 -21.2472 -26.9104
v 33.432 -11.5604 -27.3927
v 33.432 -5 -27.3927
v 33.1142 -5 -27.8069
v 33.432 17.5 -27.3927
v 33.6319 17.5 -26.9104
v 33.432 -21.2472 -27.3927
v 33.1142 -11.5604 -27.8069
v 32.7 -5 -28.1248
v 33.1142 -21.2472 -27.8069
v 32.7 -11.5604 -28.1248
v 32.2176 -5 -28.3246
v 32.7 -21.2472 -28.1248
v 32.2176 -11.5604 -28.3246
v 31.7 -5 -28.3927
v 32.2176 -21.2472 -28.3246
v 31.7 -21.2472 -28.3927
v 33.1142 5 -27.8069
v 32.2 -25.75 -28.3292
v 32.2 -23.05 -28.3292
v 32.61 -25.75 -28.1737
v 32.9762 -25.75 -27.9326
v 33.2811 -25.75 -27.6175
v 33.51 -25.75 -27.2435
v 33.6519 -25.75 -26.8286
v 32.1694 -22.5884 -28.3369
v 32.0751 -22.1232 -28.3572
v 31.9171 -21.6714 -28.3809
v 32.2 -26.4891 -28.3076
v 32.5042 -26.9861 -28.1248
v 32.2 -27.25 -28.2223
v 32.6638 -26.2869 -28.1248
v 33.0743 -26.3425 -27.8069
v 32.8982 -27.1141 -27.8069
v 32.2224 -27.6455 -28.1248
v 32.5871 -27.8418 -27.8069
v 32.0504 -28.0089 -28.1006
v 32.1512 -28.5022 -27.8069
v 31.8672 -28.3547 -28.0626
v 31.6179 -28.6605 -28.0488
v 33.3892 -26.3852 -27.3927
v 33.2004 -27.2123 -27.3927
v 32.867 -27.9924 -27.3927
v 32.3997 -28.7004 -27.3927
v 31.6043 -29.0742 -27.8069
v 31.8134 -29.3136 -27.3927
v 30.9641 -29.5394 -27.8069
v 31.1271 -29.8122 -27.3927
v 30.251 -29.8827 -27.8069
v 30.3627 -30.1803 -27.3927
v 29.4882 -30.0933 -27.8069
v 29.5449 -30.406 -27.3927
v 29.4142 -29.6857 -28.1248
v 30.1055 -29.4949 -28.1248
v 30.7516 -29.1838 -28.1248
v 30.9657 -29.0976 -28.0997
v 30.5903 -29.2115 -28.1559
v 31.3134 -28.9114 -28.0619
v 33.5872 -26.412 -26.9104
v 33.3905 -27.274 -26.9104
v 33.043 -28.087 -26.9104
v 32.5559 -28.825 -26.9104
v 31.9449 -29.464 -26.9104
v 31.2295 -29.9837 -26.9104
v 30.4329 -30.3674 -26.9104
v 29.5806 -30.6026 -26.9104
v 29.4391 -29.25 -28.3076
v 30.2 -29.25 -28.2223
v 32.1625 -27.6355 -28.1567
v -44.8 -22.5 -26.8927
v -44.8 -22.5 -28.3927
v -42.7822 -30.6884 -13.9927
v -43.6514 -30.4694 -13.9927
v -44.4675 -30.0987 -13.9927
v -45.2044 -29.5882 -13.9927
v -45.8382 -28.9544 -13.9927
v -43.7101 -30.4485 0.4073
v -42.8682 -30.674 0.4073
v -44.5 -30.0801 0.4073
v -45.2139 -29.5802 0.4073
v -45.8302 -28.9639 0.4073
v -46.3301 -28.25 0.4073
v -46.3487 -28.2175 -13.9927
v -46.6985 -27.4601 0.4073
v -46.7194 -27.4014 -13.9927
v -46.924 -26.6182 0.4073
v -46.9384 -26.5322 -13.9927
v -44.6185 -26.3835 -28.3927
v -44.3164 -26.2837 -28.3927
v -44.8 -17.5 -28.3927
v -44 -5 -28.3927
v -45 -5 -28.3927
v -44 -26.25 -28.3927
v -45 -17.5 -28.3927
v 31.418 -20.8449 -28.3927
v 31.0825 -20.4861 -28.3927
v 30.7 -5 -28.3927
v 30.7 -20.1777 -28.3927
v 33.7 15.75 -19.8927
v 33.7 25.75 0.4073
v 33.7 22.5 -21.5927
v 33.7 25.75 -26.3927
v 33.7 22.5 -26.3927
v 33.7 17.5 -21.5927
v 33.7 15.6819 -20.4104
v 33.7 15.4821 -20.8927
v 33.7 15.1642 -21.3069
v 33.7 14.75 -21.6248
v 33.7 14.2676 -21.8246
v 33.7 13.75 -21.8927
v 33.7 -13.75 -21.8927
v 33.7 -14.2676 -21.8246
v 33.7 -14.75 -21.6248
v 33.7 -15.1642 -21.3069
v 33.7 -15.482 -20.8927
v 33.7 -15.6819 -20.4104
v 33.7 -15.75 -19.8927
v 31.5 17.5 -26.8927
v 31.5 17.5 -28.3927
v -37.4972 29.2676 -28.3246
v -26.4644 29.2676 -28.3246
v -37.4972 28.75 -28.3927
v -26.4644 29.75 -28.1248
v -37.4972 29.75 -28.1248
v -26.4644 30.1642 -27.8069
v -15.4315 30.1642 -27.8069
v -15.4315 30.4821 -27.3927
v -4.3986 30.4821 -27.3927
v -4.3986 30.6819 -26.9104
v 6.6343 30.6819 -26.9104
v 28.7 30.75 -26.3927
v 17.6671 30.6819 -26.9104
v 28.7 30.6819 -26.9104
v 17.6671 30.4821 -27.3927
v 28.7 30.4821 -27.3927
v 17.6671 30.1642 -27.8069
v 28.7 30.1642 -27.8069
v 17.6671 29.75 -28.1248
v 28.7 29.75 -28.1248
v 17.6671 29.2676 -28.3246
v 28.7 29.2676 -28.3246
v 28.7 28.75 -28.3927
v 6.6343 29.2676 -28.3246
v -4.3986 29.2676 -28.3246
v -15.4315 29.2676 -28.3246
v -4.3986 29.75 -28.1248
v -15.4315 29.75 -28.1248
v -4.3986 30.1642 -27.8069
v 6.6343 30.4821 -27.3927
v -37.4972 30.1642 -27.8069
v -26.4644 30.4821 -27.3927
v -15.4315 30.6819 -26.9104
v -37.4972 30.75 -26.3927
v -37.4972 30.482 -27.3927
v -26.4644 30.6819 -26.9104
v -37.4972 30.6818 -26.9104
v 6.6343 30.1642 -27.8069
v 6.6343 29.75 -28.1248
v 31.5928 26.5447 -28.3927
v 31.725 26.6549 -28.3865
v 31.6522 26.2833 -28.3927
v 32.1294 26.5327 -28.3246
v 32.2141 25.9078 -28.3246
v 32.5997 26.6401 -28.1248
v 32.696 25.9295 -28.1248
v 33.0035 26.7323 -27.8069
v 33.1098 25.948 -27.8069
v 33.3134 26.803 -27.3927
v 33.4273 25.9623 -27.3927
v 33.5082 26.8474 -26.9104
v 33.6269 25.9713 -26.9104
v 33.624 26.6182 -26.3927
v 33.6319 25.75 -26.9104
v 33.432 25.75 -27.3927
v 33.1142 25.75 -27.8069
v 32.7 25.75 -28.1248
v 32.2176 25.75 -28.3246
v 31.7 25.75 -28.3927
v 31.688 26.0177 -28.3927
v 31.8427 26.7783 -28.3691
v 32.0306 27.0576 -28.3074
v 32.3781 27.3221 -28.1248
v 32.759 27.4849 -27.8069
v 32.1987 27.6872 -28.1253
v 32.1772 28.0105 -28.0309
v 32.384 28.1818 -27.8069
v 32.0863 28.3227 -27.9517
v 31.9282 28.6111 -27.9009
v 31.8906 28.8005 -27.8069
v 31.7106 28.8584 -27.8887
v 31.4478 29.0503 -27.9173
v 31.2946 29.3212 -27.8069
v 31.1567 29.1788 -27.979
v 30.8509 29.2424 -28.062
v 30.6153 29.7271 -27.8069
v 30.4355 29.3539 -28.1248
v 29.8718 30.0058 -27.8069
v 29.7611 29.6067 -28.1248
v 29.0948 30.1465 -27.8069
v 29.0575 29.734 -28.1248
v 29.1236 30.4631 -27.3927
v 29.9571 30.312 -27.3927
v 30.7532 30.0134 -27.3927
v 31.4814 29.5783 -27.3927
v 32.1203 29.0201 -27.3927
v 32.6492 28.3569 -27.3927
v 33.0513 27.6098 -27.3927
v 32.1498 27.3652 -28.2217
v 30.5423 29.2417 -28.1538
v 30.2415 29.1782 -28.2432
v 29.9588 29.0541 -28.3196
v 29.6325 29.1418 -28.3246
v 29.7059 28.8733 -28.3729
v 29.4947 28.6428 -28.3927
v 29.2333 28.7022 -28.3927
v 29.0142 29.2536 -28.3246
v 28.9677 28.738 -28.3927
v 29.1418 30.662 -26.9104
v 30.0111 30.5044 -26.9104
v 30.8398 30.1934 -26.9104
v 31.5989 29.74 -26.9104
v 32.2647 29.1582 -26.9104
v 32.816 28.4669 -26.9104
v 33.235 27.6883 -26.9104
v 29.5682 30.674 -26.3927
v 30.4101 30.4485 -26.3927
v 31.2 30.0801 -26.3927
v 31.9139 29.5802 -26.3927
v 32.5302 28.9639 -26.3927
v 33.0301 28.25 -26.3927
v 33.3985 27.4601 -26.3927
v 33.6319 22.5 -26.9104
v 33.432 22.5 -27.3927
v 33.1142 22.5 -27.8069
v 32.7 22.5 -28.1248
v 32.2176 22.5 -28.3246
v 31.7 22.5 -28.3927
v -38.8384 29.2194 -28.3369
v -39.3 29.25 -28.3292
v -38.3732 29.1251 -28.3572
v -37.9214 28.9671 -28.3809
v -42 29.25 -28.3292
v -42 29.66 -28.1737
v -42 30.0262 -27.9326
v -42 30.3311 -27.6175
v -42 30.56 -27.2435
v -42 30.7019 -26.8286
v -42 30.75 -26.3927
v -45.5176 -7.8132 -28.3246
v -45.5176 -5 -28.3246
v -46 -5 -28.1248
v -46 -17.5 -28.1248
v -46 -7.8132 -28.1248
v -45.5176 -17.5 -28.3246
v -46.4142 -7.8132 -27.8069
v -46.4142 -17.5 -27.8069
v -46.732 -7.8132 -27.3927
v -46.732 -5 -27.3927
v -46.9319 -7.8132 -26.9104
v -46.9319 1.8736 -26.9104
v -46.9319 11.5604 -26.9104
v -46.9319 21.2472 -26.9104
v -46.732 11.5604 -27.3927
v -46.732 5 -27.3927
v -46.4142 5 -27.8069
v -46.732 -17.5 -27.3927
v -46.9319 -17.5 -26.9104
v -46.732 21.2472 -27.3927
v -46.4142 11.5604 -27.8069
v -46 5 -28.1248
v -46.4142 21.2472 -27.8069
v -46 11.5604 -28.1248
v -45.5176 5 -28.3246
v -46 21.2472 -28.1248
v -45.5176 11.5604 -28.3246
v -45 5 -28.3927
v -45.5176 21.2472 -28.3246
v -45 21.2472 -28.3927
v -46.4142 -5 -27.8069
v -45.5 25.75 -28.3292
v -45.5 23.05 -28.3292
v -45.91 25.75 -28.1737
v -46.2762 25.75 -27.9326
v -46.5811 25.75 -27.6175
v -46.81 25.75 -27.2435
v -46.9519 25.75 -26.8286
v -45.4694 22.5884 -28.3369
v -45.3751 22.1232 -28.3572
v -45.2171 21.6714 -28.3809
v -45.5 26.4891 -28.3076
v -45.8997 26.6401 -28.1248
v -45.5 27.25 -28.2223
v -45.996 25.9295 -28.1248
v -46.4098 25.948 -27.8069
v -46.3035 26.7323 -27.8069
v -46.0578 27.4876 -27.8069
v -46.3504 27.6117 -27.3927
v -45.9492 28.3569 -27.3927
v -46.116 28.4669 -26.9104
v -45.4203 29.0201 -27.3927
v -45.5647 29.1582 -26.9104
v -44.7814 29.5783 -27.3927
v -44.8989 29.74 -26.9104
v -44.0532 30.0134 -27.3927
v -44.1399 30.1934 -26.9104
v -43.2589 30.3115 -27.3927
v -43.3121 30.5041 -26.9104
v -42.4242 30.463 -27.3927
v -42.4421 30.662 -26.9104
v -42.3957 30.1464 -27.8069
v -43.1743 30.0051 -27.8069
v -43.9153 29.7271 -27.8069
v -44.5946 29.3212 -27.8069
v -45.1906 28.8005 -27.8069
v -45.684 28.1818 -27.8069
v -45.4625 27.6355 -28.1567
v -45.6767 27.3253 -28.1248
v -46.7273 25.9623 -27.3927
v -46.6134 26.803 -27.3927
v -46.5345 27.6893 -26.9104
v -46.3301 28.25 -26.3927
v -45.8302 28.9639 -26.3927
v -45.2139 29.5802 -26.3927
v -44.5 30.0801 -26.3927
v -43.7101 30.4485 -26.3927
v -42.8682 30.674 -26.3927
v -46.9269 25.9713 -26.9104
v -46.8082 26.8474 -26.9104
v -46.6985 27.4601 -26.3927
v -46.924 26.6182 -26.3927
v -42.3586 29.7339 -28.1248
v -43.0641 29.6058 -28.1248
v -43.7355 29.3539 -28.1248
v -44.2657 29.0976 -28.0997
v -43.8903 29.2115 -28.1559
v -44.6134 28.9114 -28.0619
v -44.9179 28.6605 -28.0488
v -45.1672 28.3547 -28.0626
v -45.3504 28.0089 -28.1006
v -42.7391 29.25 -28.3076
v -43.5 29.25 -28.2223
v 31.5 22.5 -26.8927
v 31.5 22.5 -28.3927
v 28.7 30.75 0.4073
v 29.4822 30.6884 -13.9927
v 30.3514 30.4694 -13.9927
v 31.1675 30.0987 -13.9927
v 31.9044 29.5882 -13.9927
v 32.5382 28.9544 -13.9927
v 30.4101 30.4485 0.4073
v 29.5682 30.674 0.4073
v 31.2 30.0801 0.4073
v 31.9139 29.5802 0.4073
v 32.5302 28.9639 0.4073
v 33.0301 28.25 0.4073
v 33.0487 28.2175 -13.9927
v 33.3985 27.4601 0.4073
v 33.4194 27.4014 -13.9927
v 33.624 26.6182 0.4073
v 33.6384 26.5322 -13.9927
v -42 30.75 0.4073
v -46.9384 26.5322 -13.9927
v -46.7194 27.4014 -13.9927
v -46.3487 28.2175 -13.9927
v -45.8382 28.9544 -13.9927
v -45.2044 29.5882 -13.9927
v -46.6985 27.4601 0.4073
v -46.924 26.6182 0.4073
v -46.3301 28.25 0.4073
v -45.8302 28.9639 0.4073
v -45.2139 29.5802 0.4073
v -44.5 30.0801 0.4073
v -44.4675 30.0987 -13.9927
v -43.7101 30.4485 0.4073
v -43.6514 30.4694 -13.9927
v -42.8682 30.674 0.4073
v -42.7822 30.6884 -13.9927
v -44.718 20.8449 -28.3927
v -44.3825 20.4861 -28.3927
v -44 5 -28.3927
v -44 20.1777 -28.3927
v 29.3335 28.3685 -28.3927
v -3.3 27.75 -28.3927
v 29.2337 28.0664 -28.3927
v 29.2 27.75 -28.3927
v -3.3 24.55 -28.3927
v -5.2393 25.6107 -28.3927
v -5.001 25.3 -28.3927
v -4.8511 24.9382 -28.3927
v -4.8 24.55 -28.3927
v -4.8511 24.1618 -28.3927
v -3.3752 23.8824 -28.3927
v -5.001 23.8 -28.3927
v -5.2393 23.4893 -28.3927
v -3.5971 23.2483 -28.3927
v -5.55 23.251 -28.3927
v -5.9118 23.1011 -28.3927
v -3.9545 22.6795 -28.3927
v -6.3 23.05 -28.3927
v -8.6455 22.6795 -28.3927
v -6.6882 23.1011 -28.3927
v -9.0029 23.2483 -28.3927
v -7.05 23.251 -28.3927
v -7.3607 23.4893 -28.3927
v -4.4295 22.2045 -28.3927
v -8.1705 22.2045 -28.3927
v -4.9984 21.8471 -28.3927
v -7.6017 21.8471 -28.3927
v -5.6324 21.6252 -28.3927
v -6.9676 21.6252 -28.3927
v -6.3 21.55 -28.3927
v -9.2248 23.8824 -28.3927
v -7.599 23.8 -28.3927
v -7.7489 24.1618 -28.3927
v -9.3 24.55 -28.3927
v -7.8 24.55 -28.3927
v -7.7489 24.9382 -28.3927
v -9.3 27.75 -28.3927
v -7.3607 25.6107 -28.3927
v -7.05 25.849 -28.3927
v -6.6882 25.9989 -28.3927
v -6.3 26.05 -28.3927
v -37.0949 28.468 -28.3927
v -36.7361 28.1325 -28.3927
v -36.4277 27.75 -28.3927
v -5.55 25.849 -28.3927
v -5.9118 25.9989 -28.3927
v -7.599 25.3 -28.3927
v 30.7 5 -28.3927
v 31.0164 26.2837 -28.3927
v 30.7 26.25 -28.3927
v 31.3185 26.3835 -28.3927
v -44.8 -17.5 -26.8927
v -42.6335 -28.3685 -28.3927
v -9.3 -27.75 -28.3927
v -42.5337 -28.0664 -28.3927
v -42.5 -27.75 -28.3927
v -9.3 -24.55 -28.3927
v -7.3607 -25.6107 -28.3927
v -7.599 -25.3 -28.3927
v -7.7489 -24.9382 -28.3927
v -7.8 -24.55 -28.3927
v -7.7489 -24.1618 -28.3927
v -9.2248 -23.8824 -28.3927
v -7.599 -23.8 -28.3927
v -7.3607 -23.4893 -28.3927
v -9.0029 -23.2483 -28.3927
v -7.05 -23.251 -28.3927
v -6.6882 -23.1011 -28.3927
v -8.6455 -22.6795 -28.3927
v -6.3 -23.05 -28.3927
v -3.9545 -22.6795 -28.3927
v -5.9118 -23.1011 -28.3927
v -3.5971 -23.2483 -28.3927
v -5.55 -23.251 -28.3927
v -5.2393 -23.4893 -28.3927
v -4.4295 -22.2045 -28.3927
v -8.1705 -22.2045 -28.3927
v -4.9984 -21.8471 -28.3927
v -7.6017 -21.8471 -28.3927
v -5.6324 -21.6252 -28.3927
v -6.9676 -21.6252 -28.3927
v -6.3 -21.55 -28.3927
v -3.3752 -23.8824 -28.3927
v -5.001 -23.8 -28.3927
v -4.8511 -24.1618 -28.3927
v -3.3 -24.55 -28.3927
v -4.8 -24.55 -28.3927
v -4.8511 -24.9382 -28.3927
v -3.3 -27.75 -28.3927
v -5.2393 -25.6107 -28.3927
v -5.55 -25.849 -28.3927
v -5.9118 -25.9989 -28.3927
v -6.3 -26.05 -28.3927
v 23.7949 -28.468 -28.3927
v 23.4361 -28.1325 -28.3927
v 23.1277 -27.75 -28.3927
v -5.001 -25.3 -28.3927
v -7.05 -25.849 -28.3927
v -6.6882 -25.9989 -28.3927
v -44 -5 -27.8927
v -44 -5 -27.3927
v 22.7735 19.2926 -22.8927
v 22.7735 19.2926 -27.8927
v 22.45 19.25 -22.8927
v 23.075 19.4175 -27.8927
v 23.075 19.4175 -22.8927
v 23.3339 19.6161 -27.8927
v 23.3339 19.6161 -22.8927
v 23.5325 19.875 -27.8927
v 23.5325 19.875 -22.8927
v 23.6574 20.1765 -27.8927
v 23.6574 20.1765 -22.8927
v 23.7 20.5 -27.8927
v 23.7 20.5 -22.8927
v 23.6574 20.8235 -27.8927
v 23.6574 20.8235 -22.8927
v 23.5325 21.125 -27.8927
v 23.5325 21.125 -22.8927
v 23.3339 21.3839 -27.8927
v 23.3339 21.3839 -22.8927
v 23.075 21.5825 -27.8927
v 23.075 21.5825 -22.8927
v 22.7735 21.7074 -27.8927
v 22.7735 21.7074 -22.8927
v 22.45 21.75 -27.8927
v 22.45 21.75 -22.8927
v 22.1265 21.7074 -27.8927
v 22.1265 21.7074 -22.8927
v 21.825 21.5825 -27.8927
v 21.825 21.5825 -22.8927
v 21.5661 21.3839 -27.8927
v 21.5661 21.3839 -22.8927
v 21.3675 21.125 -27.8927
v 21.3675 21.125 -22.8927
v 21.2426 20.8235 -27.8927
v 21.2426 20.8235 -22.8927
v 21.2 20.5 -27.8927
v 21.2 20.5 -22.8927
v 21.2426 20.1765 -27.8927
v 21.2426 20.1765 -22.8927
v 21.3675 19.875 -27.8927
v 21.3675 19.875 -22.8927
v 21.5661 19.6161 -27.8927
v 21.5661 19.6161 -22.8927
v 21.825 19.4175 -27.8927
v 21.825 19.4175 -22.8927
v 22.1265 19.2926 -27.8927
v 22.1265 19.2926 -22.8927
v 22.45 19.25 -27.8927
v -35.4265 -21.7074 -22.8927
v -35.4265 -21.7074 -27.8927
v -35.75 -21.75 -22.8927
v -35.125 -21.5825 -27.8927
v -35.125 -21.5825 -22.8927
v -34.8661 -21.3839 -27.8927
v -34.8661 -21.3839 -22.8927
v -34.6675 -21.125 -27.8927
v -34.6675 -21.125 -22.8927
v -34.5426 -20.8235 -27.8927
v -34.5426 -20.8235 -22.8927
v -34.5 -20.5 -27.8927
v -34.5 -20.5 -22.8927
v -34.5426 -20.1765 -27.8927
v -34.5426 -20.1765 -22.8927
v -34.6675 -19.875 -27.8927
v -34.6675 -19.875 -22.8927
v -34.8661 -19.6161 -27.8927
v -34.8661 -19.6161 -22.8927
v -35.125 -19.4175 -27.8927
v -35.125 -19.4175 -22.8927
v -35.4265 -19.2926 -27.8927
v -35.4265 -19.2926 -22.8927
v -35.75 -19.25 -27.8927
v -35.75 -19.25 -22.8927
v -36.0735 -19.2926 -27.8927
v -36.0735 -19.2926 -22.8927
v -36.375 -19.4175 -27.8927
v -36.375 -19.4175 -22.8927
v -36.6339 -19.6161 -27.8927
v -36.6339 -19.6161 -22.8927
v -36.8325 -19.875 -27.8927
v -36.8325 -19.875 -22.8927
v -36.9574 -20.1765 -27.8927
v -36.9574 -20.1765 -22.8927
v -37 -20.5 -27.8927
v -37 -20.5 -22.8927
v -36.9574 -20.8235 -27.8927
v -36.9574 -20.8235 -22.8927
v -36.8325 -21.125 -27.8927
v -36.8325 -21.125 -22.8927
v -36.6339 -21.3839 -27.8927
v -36.6339 -21.3839 -22.8927
v -36.375 -21.5825 -27.8927
v -36.375 -21.5825 -22.8927
v -36.0735 -21.7074 -27.8927
v -36.0735 -21.7074 -22.8927
v -35.75 -21.75 -27.8927
v -44 5 -27.8927
v -44 5 -27.3927
v 30.7 5 -27.8927
v 30.7 5 -27.3927
v 30.7 -5 -27.8927
v 30.7 -5 -27.3927
v -44 20.1777 -27.8927
v -44 -26.25 -27.8927
v 30.7 26.25 -27.8927
v 30.7 -20.1777 -27.8927
v -10.3 -26.15 -25.2927
v -10.3 -26.15 -27.8927
v -41.5 -26.15 -25.2927
v -41.5 -26.15 -27.8927
v -42.5 -25.15 -27.8927
v -42.5 -25.15 -25.2927
v -42.4659 -25.4088 -27.8927
v -42.4659 -25.4088 -25.2927
v -42.366 -25.65 -27.8927
v -42.366 -25.65 -25.2927
v -42.2071 -25.8571 -27.8927
v -42.2071 -25.8571 -25.2927
v -42 -26.016 -27.8927
v -42 -26.016 -25.2927
v -41.7588 -26.1159 -27.8927
v -41.7588 -26.1159 -25.2927
v -42.5 16.35 -25.2927
v -42.5 16.35 -27.8927
v -40.5 16.35 -27.8927
v -40.5 16.35 -25.2927
v -40.5341 16.6088 -27.8927
v -40.5341 16.6088 -25.2927
v -40.634 16.85 -27.8927
v -40.634 16.85 -25.2927
v -40.7929 17.0571 -27.8927
v -40.7929 17.0571 -25.2927
v -41 17.216 -27.8927
v -41 17.216 -25.2927
v -41.2412 17.3159 -27.8927
v -41.2412 17.3159 -25.2927
v -41.5 17.35 -27.8927
v -41.5 17.35 -25.2927
v -41.7588 17.3159 -27.8927
v -41.7588 17.3159 -25.2927
v -42 17.216 -27.8927
v -42 17.216 -25.2927
v -42.2071 17.0571 -27.8927
v -42.2071 17.0571 -25.2927
v -42.366 16.85 -27.8927
v -42.366 16.85 -25.2927
v -42.4659 16.6088 -27.8927
v -42.4659 16.6088 -25.2927
v -40.5 -23.15 -25.2927
v -40.5 -23.15 -27.8927
v -39.5 -24.15 -27.8927
v -39.5 -24.15 -25.2927
v -39.7588 -24.1159 -27.8927
v -39.7588 -24.1159 -25.2927
v -40 -24.016 -27.8927
v -40 -24.016 -25.2927
v -40.2071 -23.8571 -27.8927
v -40.2071 -23.8571 -25.2927
v -40.366 -23.65 -27.8927
v -40.366 -23.65 -25.2927
v -40.4659 -23.4088 -27.8927
v -40.4659 -23.4088 -25.2927
v -10.3 -24.15 -25.2927
v -10.3 -24.15 -27.8927
v -10.0412 -26.1159 -27.8927
v -10.0412 -26.1159 -25.2927
v -9.8 -26.016 -27.8927
v -9.8 -26.016 -25.2927
v -9.5929 -25.8571 -27.8927
v -9.5929 -25.8571 -25.2927
v -9.434 -25.65 -27.8927
v -9.434 -25.65 -25.2927
v -9.3341 -25.4088 -27.8927
v -9.3341 -25.4088 -25.2927
v -9.3 -25.15 -27.8927
v -9.3 -25.15 -25.2927
v -9.3341 -24.8912 -27.8927
v -9.3341 -24.8912 -25.2927
v -9.434 -24.65 -27.8927
v -9.434 -24.65 -25.2927
v -9.5929 -24.4429 -27.8927
v -9.5929 -24.4429 -25.2927
v -9.8 -24.284 -27.8927
v -9.8 -24.284 -25.2927
v -10.0412 -24.1841 -27.8927
v -10.0412 -24.1841 -25.2927
v 29.2 25.15 -27.8927
v 29.2 25.15 -25.2927
v 29.1659 25.4088 -27.8927
v 29.1659 25.4088 -25.2927
v 29.066 25.65 -27.8927
v 29.066 25.65 -25.2927
v 28.9071 25.8571 -27.8927
v 28.9071 25.8571 -25.2927
v 28.7 26.016 -27.8927
v 28.7 26.016 -25.2927
v 28.4588 26.1159 -27.8927
v 28.4588 26.1159 -25.2927
v 28.2 26.15 -27.8927
v 28.2 26.15 -25.2927
v 29.2 -16.35 -25.2927
v 29.2 -16.35 -27.8927
v 27.2 -16.35 -27.8927
v 27.2 -16.35 -25.2927
v 27.2341 -16.6088 -27.8927
v 27.2341 -16.6088 -25.2927
v 27.334 -16.85 -27.8927
v 27.334 -16.85 -25.2927
v 27.4929 -17.0571 -27.8927
v 27.4929 -17.0571 -25.2927
v 27.7 -17.216 -27.8927
v 27.7 -17.216 -25.2927
v 27.9412 -17.3159 -27.8927
v 27.9412 -17.3159 -25.2927
v 28.2 -17.35 -27.8927
v 28.2 -17.35 -25.2927
v 28.4588 -17.3159 -27.8927
v 28.4588 -17.3159 -25.2927
v 28.7 -17.216 -27.8927
v 28.7 -17.216 -25.2927
v 28.9071 -17.0571 -27.8927
v 28.9071 -17.0571 -25.2927
v 29.066 -16.85 -27.8927
v 29.066 -16.85 -25.2927
v 29.1659 -16.6088 -27.8927
v 29.1659 -16.6088 -25.2927
v 27.2 23.15 -25.2927
v 27.2 23.15 -27.8927
v 26.2 24.15 -27.8927
v 26.2 24.15 -25.2927
v 26.4588 24.1159 -27.8927
v 26.4588 24.1159 -25.2927
v 26.7 24.016 -27.8927
v 26.7 24.016 -25.2927
v 26.9071 23.8571 -27.8927
v 26.9071 23.8571 -25.2927
v 27.066 23.65 -27.8927
v 27.066 23.65 -25.2927
v 27.1659 23.4088 -27.8927
v 27.1659 23.4088 -25.2927
v -2.3 24.15 -25.2927
v -2.3 24.15 -27.8927
v -2.3 26.15 -27.8927
v -2.3 26.15 -25.2927
v -2.5588 26.1159 -27.8927
v -2.5588 26.1159 -25.2927
v -2.8 26.016 -27.8927
v -2.8 26.016 -25.2927
v -3.0071 25.8571 -27.8927
v -3.0071 25.8571 -25.2927
v -3.166 25.65 -27.8927
v -3.166 25.65 -25.2927
v -3.2659 25.4088 -27.8927
v -3.2659 25.4088 -25.2927
v -3.3 25.15 -27.8927
v -3.3 25.15 -25.2927
v -3.2659 24.8912 -27.8927
v -3.2659 24.8912 -25.2927
v -3.166 24.65 -27.8927
v -3.166 24.65 -25.2927
v -3.0071 24.4429 -27.8927
v -3.0071 24.4429 -25.2927
v -2.8 24.284 -27.8927
v -2.8 24.284 -25.2927
v -2.5588 24.1841 -27.8927
v -2.5588 24.1841 -25.2927
v -32.8 26.15 -25.2927
v -32.8 26.15 -27.8927
v -10.3 26.15 -25.2927
v -10.3 26.15 -27.8927
v -10.3 24.15 -27.8927
v -10.3 24.15 -25.2927
v -10.0412 24.1841 -27.8927
v -10.0412 24.1841 -25.2927
v -9.8 24.284 -27.8927
v -9.8 24.284 -25.2927
v -9.5929 24.4429 -27.8927
v -9.5929 24.4429 -25.2927
v -9.434 24.65 -27.8927
v -9.434 24.65 -25.2927
v -9.3341 24.8912 -27.8927
v -9.3341 24.8912 -25.2927
v -9.3 25.15 -27.8927
v -9.3 25.15 -25.2927
v -9.3341 25.4088 -27.8927
v -9.3341 25.4088 -25.2927
v -9.434 25.65 -27.8927
v -9.434 25.65 -25.2927
v -9.5929 25.8571 -27.8927
v -9.5929 25.8571 -25.2927
v -9.8 26.016 -27.8927
v -9.8 26.016 -25.2927
v -10.0412 26.1159 -27.8927
v -10.0412 26.1159 -25.2927
v -32.8 24.15 -25.2927
v -32.8 24.15 -27.8927
v -33.0588 26.1159 -27.8927
v -33.0588 26.1159 -25.2927
v -33.3 26.016 -27.8927
v -33.3 26.016 -25.2927
v -33.5071 25.8571 -27.8927
v -33.5071 25.8571 -25.2927
v -33.666 25.65 -27.8927
v -33.666 25.65 -25.2927
v -33.7659 25.4088 -27.8927
v -33.7659 25.4088 -25.2927
v -33.8 25.15 -27.8927
v -33.8 25.15 -25.2927
v -33.7659 24.8912 -27.8927
v -33.7659 24.8912 -25.2927
v -33.666 24.65 -27.8927
v -33.666 24.65 -25.2927
v -33.5071 24.4429 -27.8927
v -33.5071 24.4429 -25.2927
v -33.3 24.284 -27.8927
v -33.3 24.284 -25.2927
v -33.0588 24.1841 -27.8927
v -33.0588 24.1841 -25.2927
v -2.3 -24.15 -27.8927
v -2.3 -24.15 -25.2927
v -2.5588 -24.1841 -27.8927
v -2.5588 -24.1841 -25.2927
v -2.8 -24.284 -27.8927
v -2.8 -24.284 -25.2927
v -3.0071 -24.4429 -27.8927
v -3.0071 -24.4429 -25.2927
v -3.166 -24.65 -27.8927
v -3.166 -24.65 -25.2927
v -3.2659 -24.8912 -27.8927
v -3.2659 -24.8912 -25.2927
v -3.3 -25.15 -27.8927
v -3.3 -25.15 -25.2927
v -3.2659 -25.4088 -27.8927
v -3.2659 -25.4088 -25.2927
v -3.166 -25.65 -27.8927
v -3.166 -25.65 -25.2927
v -3.0071 -25.8571 -27.8927
v -3.0071 -25.8571 -25.2927
v -2.8 -26.016 -27.8927
v -2.8 -26.016 -25.2927
v -2.5588 -26.1159 -27.8927
v -2.5588 -26.1159 -25.2927
v -2.3 -26.15 -27.8927
v -2.3 -26.15 -25.2927
v 20.2 -24.15 -25.2927
v 20.2 -24.15 -27.8927
v 20.2 -26.15 -27.8927
v 20.2 -26.15 -25.2927
v 20.4588 -26.1159 -27.8927
v 20.4588 -26.1159 -25.2927
v 20.7 -26.016 -27.8927
v 20.7 -26.016 -25.2927
v 20.9071 -25.8571 -27.8927
v 20.9071 -25.8571 -25.2927
v 21.066 -25.65 -27.8927
v 21.066 -25.65 -25.2927
v 21.1659 -25.4088 -27.8927
v 21.1659 -25.4088 -25.2927
v 21.2 -25.15 -27.8927
v 21.2 -25.15 -25.2927
v 21.1659 -24.8912 -27.8927
v 21.1659 -24.8912 -25.2927
v 21.066 -24.65 -27.8927
v 21.066 -24.65 -25.2927
v 20.9071 -24.4429 -27.8927
v 20.9071 -24.4429 -25.2927
v 20.7 -24.284 -27.8927
v 20.7 -24.284 -25.2927
v 20.4588 -24.1841 -27.8927
v 20.4588 -24.1841 -25.2927
v -5.6324 -21.6252 -27.8927
v -5.6324 21.6252 -27.8927
v -6.3 21.55 -27.8927
v -4.9984 21.8471 -27.8927
v -4.4295 22.2045 -27.8927
v -3.9545 22.6795 -27.8927
v -3.5971 23.2483 -27.8927
v -3.3752 23.8824 -27.8927
v -3.3 24.55 -27.8927
v -8.6455 -22.6795 -27.8927
v -9.0029 -23.2483 -27.8927
v -9.2248 -23.8824 -27.8927
v -9.3 -24.55 -27.8927
v -8.1705 -22.2045 -27.8927
v -7.6017 -21.8471 -27.8927
v -6.9676 -21.6252 -27.8927
v -6.9676 21.6252 -27.8927
v -6.3 -21.55 -27.8927
v -7.6017 21.8471 -27.8927
v -8.1705 22.2045 -27.8927
v 23.0845 -23.8135 -27.8927
v 23.5251 -23.2751 -27.8927
v 22.7591 -24.4284 -27.8927
v 22.5618 -25.0954 -27.8927
v 22.5002 -25.7884 -27.8927
v 22.5769 -26.4798 -27.8927
v 22.7889 -27.1424 -27.8927
v 23.1277 -27.75 -27.8927
v -3.3 -27.75 -27.8927
v 26.2251 -20.5751 -27.8927
v 26.7635 -20.1345 -27.8927
v 27.3784 -19.8091 -27.8927
v 28.0454 -19.6117 -27.8927
v 28.7384 -19.5502 -27.8927
v 29.4298 -19.6269 -27.8927
v 30.0924 -19.8389 -27.8927
v 30.3118 26.3011 -27.8927
v 29.95 26.451 -27.8927
v 29.6393 26.6893 -27.8927
v 29.401 27 -27.8927
v 29.2511 27.3618 -27.8927
v 29.2 27.75 -27.8927
v -3.3 27.75 -27.8927
v -3.9545 -22.6795 -27.8927
v -3.5971 -23.2483 -27.8927
v -3.3752 -23.8824 -27.8927
v -3.3 -24.55 -27.8927
v -4.4295 -22.2045 -27.8927
v -4.9984 -21.8471 -27.8927
v -8.6455 22.6795 -27.8927
v -9.0029 23.2483 -27.8927
v -9.2248 23.8824 -27.8927
v -39.5251 20.5751 -27.8927
v -40.0635 20.1345 -27.8927
v -40.6784 19.8091 -27.8927
v -41.3454 19.6117 -27.8927
v -42.0384 19.5502 -27.8927
v -42.7298 19.6269 -27.8927
v -43.3924 19.8389 -27.8927
v -43.6118 -26.3011 -27.8927
v -43.25 -26.451 -27.8927
v -42.9393 -26.6893 -27.8927
v -42.701 -27 -27.8927
v -42.5511 -27.3618 -27.8927
v -42.5 -27.75 -27.8927
v -9.3 -27.75 -27.8927
v -36.3845 23.8135 -27.8927
v -36.8251 23.2751 -27.8927
v -36.0591 24.4284 -27.8927
v -35.8617 25.0954 -27.8927
v -35.8002 25.7884 -27.8927
v -35.8769 26.4798 -27.8927
v -36.0889 27.1424 -27.8927
v -36.4277 27.75 -27.8927
v -9.3 27.75 -27.8927
v -9.3 24.55 -27.8927
v -5.9118 23.1011 -27.1427
v -6.3 23.05 -27.1427
v -5.55 23.251 -27.1427
v -5.2393 23.4893 -27.1427
v -5.001 23.8 -27.1427
v -4.8511 24.1618 -27.1427
v -4.8 24.55 -27.1427
v -4.8511 24.9382 -27.1427
v -5.001 25.3 -27.1427
v -5.2393 25.6107 -27.1427
v -5.55 25.849 -27.1427
v -5.9118 25.9989 -27.1427
v -6.3 26.05 -27.1427
v -6.6882 25.9989 -27.1427
v -7.05 25.849 -27.1427
v -7.3607 25.6107 -27.1427
v -7.599 25.3 -27.1427
v -7.7489 24.9382 -27.1427
v -7.8 24.55 -27.1427
v -7.7489 24.1618 -27.1427
v -7.599 23.8 -27.1427
v -7.3607 23.4893 -27.1427
v -7.05 23.251 -27.1427
v -6.6882 23.1011 -27.1427
v -5.9118 -25.9989 -27.1427
v -6.3 -26.05 -27.1427
v -5.55 -25.849 -27.1427
v -5.2393 -25.6107 -27.1427
v -5.001 -25.3 -27.1427
v -4.8511 -24.9382 -27.1427
v -4.8 -24.55 -27.1427
v -4.8511 -24.1618 -27.1427
v -5.001 -23.8 -27.1427
v -5.2393 -23.4893 -27.1427
v -5.55 -23.251 -27.1427
v -5.9118 -23.1011 -27.1427
v -6.3 -23.05 -27.1427
v -6.6882 -23.1011 -27.1427
v -7.05 -23.251 -27.1427
v -7.3607 -23.4893 -27.1427
v -7.599 -23.8 -27.1427
v -7.7489 -24.1618 -27.1427
v -7.8 -24.55 -27.1427
v -7.7489 -24.9382 -27.1427
v -7.599 -25.3 -27.1427
v -7.3607 -25.6107 -27.1427
v -7.05 -25.849 -27.1427
v -6.6882 -25.9989 -27.1427
v 31.0882 26.3011 -30.3927
v 30.7 26.25 -30.3927
v 31.45 26.451 -30.3927
v 31.7607 26.6893 -30.3927
v 31.999 27 -30.3927
v 32.1489 27.3618 -30.3927
v 32.2 27.75 -30.3927
v 32.1489 28.1382 -30.3927
v 31.999 28.5 -30.3927
v 31.7607 28.8107 -30.3927
v 31.45 29.049 -30.3927
v 31.0882 29.1989 -30.3927
v 30.7 29.25 -30.3927
v 30.3118 29.1989 -30.3927
v 29.95 29.049 -30.3927
v 29.6393 28.8107 -30.3927
v 29.401 28.5 -30.3927
v 29.2511 28.1382 -30.3927
v 29.2 27.75 -30.3927
v 29.2511 27.3618 -30.3927
v 29.401 27 -30.3927
v 29.6393 26.6893 -30.3927
v 29.95 26.451 -30.3927
v 30.3118 26.3011 -30.3927
v -43.6118 -29.1989 -30.3927
v -44 -29.25 -30.3927
v -43.25 -29.049 -30.3927
v -42.9393 -28.8107 -30.3927
v -42.701 -28.5 -30.3927
v -42.5511 -28.1382 -30.3927
v -42.5 -27.75 -30.3927
v -42.5511 -27.3618 -30.3927
v -42.701 -27 -30.3927
v -42.9393 -26.6893 -30.3927
v -43.25 -26.451 -30.3927
v -43.6118 -26.3011 -30.3927
v -44 -26.25 -30.3927
v -44.3882 -26.3011 -30.3927
v -44.75 -26.451 -30.3927
v -45.0607 -26.6893 -30.3927
v -45.299 -27 -30.3927
v -45.4489 -27.3618 -30.3927
v -45.5 -27.75 -30.3927
v -45.4489 -28.1382 -30.3927
v -45.299 -28.5 -30.3927
v -45.0607 -28.8107 -30.3927
v -44.75 -29.049 -30.3927
v -44.3882 -29.1989 -30.3927
v 30.2 -29.25 -30.3927
v 30.7176 -29.1819 -30.3927
v 31.2 -28.982 -30.3927
v 31.6142 -28.6642 -30.3927
v 31.9321 -28.25 -30.3927
v 32.1319 -27.7676 -30.3927
v 32.2 -27.25 -30.3927
v 30.1217 -24.4567 -30.3927
v 30.4395 -24.0425 -30.3927
v 32.2 -23.05 -30.3927
v 30.6393 -23.5602 -30.3927
v 30.7075 -23.0425 -30.3927
v 32.12 -22.306 -30.3927
v 30.6393 -22.5249 -30.3927
v 31.8837 -21.596 -30.3927
v 30.4395 -22.0425 -30.3927
v 31.5019 -20.9525 -30.3927
v 30.1217 -21.6283 -30.3927
v 30.992 -20.4049 -30.3927
v 29.7075 -21.3105 -30.3927
v 30.3774 -19.9781 -30.3927
v 29.2251 -21.1107 -30.3927
v 29.6861 -19.6918 -30.3927
v 28.9497 -19.5589 -30.3927
v 26 -29.25 -30.3927
v 26.9498 -27.5323 -30.3927
v 26.4674 -27.7321 -30.3927
v 25.9497 -27.8003 -30.3927
v 25.256 -29.17 -30.3927
v 25.4321 -27.7321 -30.3927
v 24.5461 -28.9337 -30.3927
v 24.9498 -27.5323 -30.3927
v 23.9025 -28.5519 -30.3927
v 24.5355 -27.2145 -30.3927
v 23.3549 -28.042 -30.3927
v 24.2177 -26.8003 -30.3927
v 22.9281 -27.4274 -30.3927
v 24.0179 -26.3179 -30.3927
v 22.6418 -26.7361 -30.3927
v 22.5089 -25.9997 -30.3927
v 23.9497 -25.8002 -30.3927
v 22.5356 -25.2519 -30.3927
v 24.0179 -25.2826 -30.3927
v 22.7207 -24.5269 -30.3927
v 24.2177 -24.8003 -30.3927
v 23.0556 -23.8578 -30.3927
v 24.5355 -24.386 -30.3927
v 23.5251 -23.2751 -30.3927
v 27.2933 -21.6283 -30.3927
v 26.2251 -20.5751 -30.3927
v 26.8078 -20.1056 -30.3927
v 27.7075 -21.3105 -30.3927
v 27.4769 -19.7707 -30.3927
v 28.1898 -21.1107 -30.3927
v 28.2019 -19.5856 -30.3927
v 28.7075 -21.0425 -30.3927
v 27.364 -27.2145 -30.3927
v -37.5605 24.7575 11.6073
v -37.5605 24.7575 1.1073
v -37.8783 24.3432 11.6073
v -37.3607 25.2398 1.1073
v -37.3607 25.2398 11.6073
v -37.2925 25.7575 1.1073
v -37.2925 25.7575 -9.3927
v -37.3607 26.2751 -9.3927
v -37.3607 26.2751 -19.8927
v -37.5605 26.7575 -19.8927
v -37.5605 26.7575 -30.3927
v -37.8783 27.1717 -30.3927
v -37.3607 26.2751 -30.3927
v -37.2925 25.7575 -19.8927
v -37.3607 25.2398 -9.3927
v -37.2925 25.7575 11.6073
v -37.3607 26.2751 1.1073
v -37.5605 26.7575 -9.3927
v -37.8783 27.1717 -19.8927
v -38.2925 27.4895 -30.3927
v -37.3607 26.2751 11.6073
v -37.5605 26.7575 1.1073
v -37.8783 27.1717 -9.3927
v -38.2925 27.4895 -19.8927
v -38.7749 27.6893 -30.3927
v -37.5605 26.7575 11.6073
v -37.8783 27.1717 1.1073
v -38.2925 27.4895 -9.3927
v -38.7749 27.6893 -19.8927
v -39.2925 27.7575 -30.3927
v -37.8783 27.1717 11.6073
v -38.2925 27.4895 1.1073
v -38.7749 27.6893 -9.3927
v -39.2925 27.7575 -19.8927
v -39.8102 27.6893 -30.3927
v -38.2925 27.4895 11.6073
v -38.7749 27.6893 1.1073
v -39.2925 27.7575 -9.3927
v -39.8102 27.6893 -19.8927
v -40.2925 27.4895 -30.3927
v -38.7749 27.6893 11.6073
v -39.2925 27.7575 1.1073
v -39.8102 27.6893 -9.3927
v -40.2925 27.4895 -19.8927
v -40.7067 27.1717 -30.3927
v -39.2925 27.7575 11.6073
v -39.8102 27.6893 1.1073
v -40.2925 27.4895 -9.3927
v -39.8102 27.6893 11.6073
v -40.2925 27.4895 1.1073
v -40.7067 27.1717 11.6073
v -40.2925 27.4895 11.6073
v -37.2925 25.7575 -30.3927
v -37.3607 25.2398 -19.8927
v -37.5605 24.7575 -9.3927
v -37.3607 25.2398 -30.3927
v -37.5605 24.7575 -19.8927
v -37.8783 24.3432 -30.3927
v -37.5605 24.7575 -30.3927
v -40.636 21.5855 11.6073
v -40.636 21.5855 -30.3927
v -43.7823 23.9997 11.6073
v -43.7823 23.9997 1.1073
v -43.4645 24.414 11.6073
v -43.9821 23.5174 1.1073
v -43.9821 23.5174 11.6073
v -44.0503 22.9997 1.1073
v -44.0503 22.9997 -9.3927
v -43.9821 22.4821 -9.3927
v -43.9821 22.4821 -19.8927
v -43.7823 21.9997 -19.8927
v -43.7823 21.9997 -30.3927
v -43.4645 21.5855 -30.3927
v -43.9821 22.4821 -30.3927
v -44.0503 22.9997 -19.8927
v -43.9821 23.5174 -9.3927
v -44.0503 22.9997 11.6073
v -43.9821 22.4821 1.1073
v -43.7823 21.9997 -9.3927
v -43.4645 21.5855 -19.8927
v -43.0503 21.2677 -30.3927
v -43.9821 22.4821 11.6073
v -43.7823 21.9997 1.1073
v -43.4645 21.5855 -9.3927
v -43.0503 21.2677 -19.8927
v -42.5679 21.0679 -30.3927
v -43.7823 21.9997 11.6073
v -43.4645 21.5855 1.1073
v -43.0503 21.2677 -9.3927
v -42.5679 21.0679 -19.8927
v -42.0503 20.9997 -30.3927
v -43.4645 21.5855 11.6073
v -43.0503 21.2677 1.1073
v -42.5679 21.0679 -9.3927
v -42.0503 20.9997 -19.8927
v -41.5326 21.0679 -30.3927
v -43.0503 21.2677 11.6073
v -42.5679 21.0679 1.1073
v -42.0503 20.9997 -9.3927
v -41.5326 21.0679 -19.8927
v -41.0503 21.2677 -30.3927
v -42.5679 21.0679 11.6073
v -42.0503 20.9997 1.1073
v -41.5326 21.0679 -9.3927
v -41.0503 21.2677 -19.8927
v -42.0503 20.9997 11.6073
v -41.5326 21.0679 1.1073
v -41.0503 21.2677 -9.3927
v -41.5326 21.0679 11.6073
v -41.0503 21.2677 1.1073
v -41.0503 21.2677 11.6073
v -44.0503 22.9997 -30.3927
v -43.9821 23.5174 -19.8927
v -43.7823 23.9997 -9.3927
v -43.9821 23.5174 -30.3927
v -43.7823 23.9997 -19.8927
v -43.4645 24.414 -30.3927
v -43.7823 23.9997 -30.3927
v 24.2177 -24.8003 11.6073
v 24.2177 -24.8003 1.1073
v 24.5355 -24.386 11.6073
v 24.0179 -25.2826 1.1073
v 24.0179 -25.2826 11.6073
v 23.9497 -25.8002 1.1073
v 23.9497 -25.8002 -9.3927
v 24.0179 -26.3179 -9.3927
v 24.0179 -26.3179 -19.8927
v 24.2177 -26.8003 -19.8927
v 23.9497 -25.8002 -19.8927
v 24.0179 -25.2826 -9.3927
v 23.9497 -25.8002 11.6073
v 24.0179 -26.3179 1.1073
v 24.2177 -26.8003 -9.3927
v 24.5355 -27.2145 -19.8927
v 24.0179 -26.3179 11.6073
v 24.2177 -26.8003 1.1073
v 24.5355 -27.2145 -9.3927
v 24.9498 -27.5323 -19.8927
v 24.2177 -26.8003 11.6073
v 24.5355 -27.2145 1.1073
v 24.9498 -27.5323 -9.3927
v 25.4321 -27.7321 -19.8927
v 24.5355 -27.2145 11.6073
v 24.9498 -27.5323 1.1073
v 25.4321 -27.7321 -9.3927
v 25.9497 -27.8003 -19.8927
v 24.9498 -27.5323 11.6073
v 25.4321 -27.7321 1.1073
v 25.9497 -27.8003 -9.3927
v 26.4674 -27.7321 -19.8927
v 25.4321 -27.7321 11.6073
v 25.9497 -27.8003 1.1073
v 26.4674 -27.7321 -9.3927
v 26.9498 -27.5323 -19.8927
v 25.9497 -27.8003 11.6073
v 26.4674 -27.7321 1.1073
v 26.9498 -27.5323 -9.3927
v 26.4674 -27.7321 11.6073
v 26.9498 -27.5323 1.1073
v 27.364 -27.2145 11.6073
v 26.9498 -27.5323 11.6073
v 24.0179 -25.2826 -19.8927
v 24.2177 -24.8003 -9.3927
v 24.2177 -24.8003 -19.8927
v 27.2933 -21.6283 11.6073
v 30.4395 -24.0425 11.6073
v 30.4395 -24.0425 1.1073
v 30.1217 -24.4567 11.6073
v 30.6393 -23.5602 1.1073
v 30.6393 -23.5602 11.6073
v 30.7075 -23.0425 1.1073
v 30.7075 -23.0425 -9.3927
v 30.6393 -22.5249 -9.3927
v 30.6393 -22.5249 -19.8927
v 30.4395 -22.0425 -19.8927
v 30.7075 -23.0425 -19.8927
v 30.6393 -23.5602 -9.3927
v 30.7075 -23.0425 11.6073
v 30.6393 -22.5249 1.1073
v 30.4395 -22.0425 -9.3927
v 30.1217 -21.6283 -19.8927
v 30.6393 -22.5249 11.6073
v 30.4395 -22.0425 1.1073
v 30.1217 -21.6283 -9.3927
v 29.7075 -21.3105 -19.8927
v 30.4395 -22.0425 11.6073
v 30.1217 -21.6283 1.1073
v 29.7075 -21.3105 -9.3927
v 29.2251 -21.1107 -19.8927
v 30.1217 -21.6283 11.6073
v 29.7075 -21.3105 1.1073
v 29.2251 -21.1107 -9.3927
v 28.7075 -21.0425 -19.8927
v 29.7075 -21.3105 11.6073
v 29.2251 -21.1107 1.1073
v 28.7075 -21.0425 -9.3927
v 28.1898 -21.1107 -19.8927
v 29.2251 -21.1107 11.6073
v 28.7075 -21.0425 1.1073
v 28.1898 -21.1107 -9.3927
v 27.7075 -21.3105 -19.8927
v 28.7075 -21.0425 11.6073
v 28.1898 -21.1107 1.1073
v 27.7075 -21.3105 -9.3927
v 28.1898 -21.1107 11.6073
v 27.7075 -21.3105 1.1073
v 27.7075 -21.3105 11.6073
v 30.6393 -23.5602 -19.8927
v 30.4395 -24.0425 -9.3927
v 30.4395 -24.0425 -19.8927
v -43.5 29.25 -30.3927
v -44.0176 29.1819 -30.3927
v -44.5 28.982 -30.3927
v -44.9142 28.6642 -30.3927
v -45.2321 28.25 -30.3927
v -45.4319 27.7676 -30.3927
v -45.5 27.25 -30.3927
v -36.3556 23.8578 -30.3927
v -36.0207 24.5269 -30.3927
v -35.8356 25.2519 -30.3927
v -35.8089 25.9997 -30.3927
v -35.9418 26.7361 -30.3927
v -36.2281 27.4274 -30.3927
v -36.6549 28.042 -30.3927
v -37.2025 28.5519 -30.3927
v -37.8461 28.9337 -30.3927
v -38.556 29.17 -30.3927
v -39.3 29.25 -30.3927
v -45.5 23.05 -30.3927
v -45.42 22.306 -30.3927
v -45.1837 21.596 -30.3927
v -44.8019 20.9525 -30.3927
v -44.292 20.4049 -30.3927
v -43.6774 19.9781 -30.3927
v -42.9861 19.6918 -30.3927
v -42.2497 19.5589 -30.3927
v -41.5019 19.5856 -30.3927
v -40.7769 19.7707 -30.3927
v -40.1078 20.1056 -30.3927
v -39.5251 20.5751 -30.3927
v -36.8251 23.2751 -30.3927
v -48 -10.55 0.4073
v -48 -10.55 -9.0427
v -48 -10.4731 -10.3144
v -48 -10.2434 -11.5675
v -48 -9.8644 -12.7838
v -48 -9.3416 -13.9456
v -48 -8.6825 -15.0358
v -48 -7.8968 -16.0387
v -48 -6.9959 -16.9395
v -48 -5.9931 -17.7252
v -48 -4.9028 -18.3843
v -48 -3.7411 -18.9072
v -48 -2.5248 -19.2862
v -48 -1.2717 -19.5158
v -48 0 -19.5927
v -48 1.2717 -19.5158
v -48 2.5248 -19.2862
v -48 3.7411 -18.9072
v -48 4.9028 -18.3843
v -48 5.9931 -17.7252
v -48 6.9959 -16.9395
v -48 7.8968 -16.0387
v -48 8.6825 -15.0358
v -48 9.3416 -13.9456
v -48 9.8644 -12.7838
v -48 10.2434 -11.5675
v -48 10.4731 -10.3144
v -48 10.55 -9.0427
v -48 10.55 0.4073
v 36.2 15.75 -19.8927
v 36.2 15.6819 -20.4104
v 36.2 15.4821 -20.8927
v 36.2 15.1642 -21.3069
v 36.2 14.75 -21.6248
v 36.2 14.2676 -21.8246
v 36.2 13.75 -21.8927
v 36.2 13.75 3.1073
v 36.2 15.75 1.1073
v 36.2 -13.75 -21.8927
v 36.2 -15.75 -19.8927
v 36.2 -15.75 1.1073
v 36.2 -13.75 3.1073
v 36.2 15.6819 1.6249
v 36.2 15.4821 2.1073
v 36.2 15.1642 2.5215
v 36.2 14.75 2.8393
v 36.2 14.2676 3.0391
v 36.2 -15.6818 1.6249
v 36.2 -15.482 2.1073
v 36.2 -14.2676 3.0391
v 36.2 -14.75 2.8393
v 36.2 -15.1642 2.5215
v 36.2 -15.6818 -20.4104
v 36.2 -15.482 -20.8927
v 36.2 -15.1642 -21.3069
v 36.2 -14.75 -21.6248
v 36.2 -14.2676 -21.8246
vn 0.2042 0.96 0.1914
vn 0.0398 0.9718 0.2322
vn 0.1883 0.94 0.2846
vn 0.3671 0.9093 0.1958
vn 0.3658 0.8808 0.3007
vn 0.5344 0.8222 0.1959
vn 0.5306 0.7925 0.3007
vn 0.682 0.7046 0.1959
vn 0.675 0.6738 0.3007
vn 0.8043 0.561 0.1959
vn 0.7935 0.5291 0.3007
vn 0.8969 0.3966 0.1957
vn 0.8814 0.3642 0.3007
vn 0.9563 0.2175 0.1955
vn 0.9316 0.1858 0.3125
vn 0.9734 0.0358 0.2264
vn 0.9133 0.0432 0.4049
vn 0.037 0.7895 0.6126
vn 0.1765 0.8587 0.4812
vn 0.0432 0.9133 0.4049
vn 0.1472 0.7104 0.6883
vn 0.0348 0.6351 0.7716
vn 0.1081 0.5155 0.85
vn 0.2734 0.6521 0.7072
vn 0.1948 0.4604 0.8661
vn 0.3953 0.5862 0.7072
vn 0.2809 0.4136 0.8661
vn 0.5021 0.4978 0.7072
vn 0.3561 0.3509 0.8661
vn 0.5896 0.3903 0.7072
vn 0.4178 0.2746 0.8661
vn 0.6544 0.2678 0.7072
vn 0.4633 0.1879 0.8661
vn 0.6807 0.1382 0.7194
vn 0.4792 0.0971 0.8723
vn 0.6351 0.0348 0.7716
vn 0.4525 0.0196 0.8915
vn 0.7895 0.037 0.6126
vn 0.8376 0.1701 0.5191
vn 0.8009 0.3294 0.5001
vn 0.7212 0.4793 0.5001
vn 0.6139 0.6108 0.5001
vn 0.4829 0.7189 0.5001
vn 0.3334 0.7992 0.5001
vn 0.0196 0.4525 0.8915
vn 0.0554 0.2631 0.9632
vn 0.1049 0.2367 0.9659
vn 0.1501 0.2108 0.9659
vn 0.2063 0.1955 0.9588
vn 0.2178 0.1395 0.966
vn 0.2415 0.0932 0.9659
vn 0.2707 0.0516 0.9613
vn 0.2253 0.0107 0.9742
vn 0.0098 0.2448 0.9695
vn 0.0024 0.0393 0.9992
vn 0.026 0.0928 0.9953
vn 0.0378 0.0672 0.997
vn 0.0607 0.0607 0.9963
vn 0.0672 0.0378 0.997
vn 0.0698 0.0184 0.9974
vn 0.0452 0.0018 0.999
vn 0.2448 -0.0098 0.9695
vn 0.2222 0 0.975
vn 0.0621 -0.0044 0.9981
vn 0.4292 0.0002 0.9032
vn 0.4525 -0.0196 0.8915
vn 0.6571 0.0002 0.7538
vn 0.6428 0 0.766
vn 0.8192 0 0.5736
vn 0.9238 0 0.3828
vn 0.9216 -0 0.3881
vn 0.815 -0.0002 0.5795
vn 0.6283 -0.0002 0.778
vn 0.4226 0 0.9063
vn 0.2165 0 0.9763
vn 0.6351 -0.0348 0.7716
vn 0.7895 -0.037 0.6126
vn 0.8396 0.0002 0.5433
vn 0.9133 -0.0432 0.4049
vn 0.9293 0 0.3692
vn 0.9724 -0.0447 0.2289
vn 0.932 0 0.3624
vn 0.3892 -0.0002 0.9211
vn 0.2022 -0 0.9793
vn 0.1951 0 0.9808
vn 0.001 -0.0309 0.9995
vn 0.0107 -0.2253 0.9742
vn 0.0257 -0.0976 0.9949
vn 0.0516 -0.2707 0.9613
vn 0.0932 -0.2415 0.9659
vn 0.0971 -0.4792 0.8723
vn 0.1879 -0.4633 0.8661
vn 0.1382 -0.6807 0.7194
vn 0.2678 -0.6544 0.7072
vn 0.1701 -0.8376 0.5191
vn 0.3294 -0.8009 0.5001
vn 0.1858 -0.9316 0.3124
vn 0.3642 -0.8814 0.3007
vn 0.2175 -0.9563 0.1955
vn 0.3966 -0.8969 0.1957
vn 0.5291 -0.7935 0.3007
vn 0.561 -0.8043 0.1959
vn 0.6738 -0.675 0.3007
vn 0.6108 -0.6139 0.5001
vn 0.7189 -0.4829 0.5001
vn 0.5862 -0.3953 0.7072
vn 0.6521 -0.2734 0.7072
vn 0.4604 -0.1948 0.8661
vn 0.5155 -0.1081 0.85
vn 0.2631 -0.0554 0.9632
vn 0.0619 -0.0173 0.9979
vn 0.2367 -0.1049 0.9659
vn 0.0672 -0.0378 0.997
vn 0.2108 -0.1501 0.9659
vn 0.0607 -0.0607 0.9963
vn 0.1955 -0.2063 0.9588
vn 0.1395 -0.2178 0.966
vn 0.2746 -0.4178 0.8661
vn 0.3903 -0.5896 0.7072
vn 0.0196 -0.4525 0.8915
vn 0.0348 -0.6351 0.7716
vn 0.037 -0.7895 0.6126
vn 0.0432 -0.9133 0.4049
vn 0.0325 -0.9728 0.2294
vn 0.7046 -0.682 0.1959
vn 0.7925 -0.5306 0.3007
vn 0.7992 -0.3334 0.5001
vn 0.7104 -0.1472 0.6883
vn 0.8222 -0.5344 0.1959
vn 0.8808 -0.3658 0.3007
vn 0.8587 -0.1764 0.4812
vn 0.9093 -0.3671 0.1958
vn 0.94 -0.1883 0.2846
vn 0.96 -0.2042 0.1914
vn 0.4136 -0.2809 0.8661
vn 0.4978 -0.5021 0.7072
vn 0.4793 -0.7212 0.5001
vn 0.3509 -0.3561 0.8661
vn 0.0378 -0.0672 0.997
vn -0.0098 -0.2448 0.9695
vn 0 -0.2222 0.975
vn -0.0034 -0.0545 0.9985
vn 0.0002 -0.4292 0.9032
vn -0.0196 -0.4525 0.8915
vn 0.0002 -0.6571 0.7538
vn 0 -0.6428 0.766
vn 0 -0.8192 0.5736
vn 0 -0.932 0.3624
vn 0 -0.9238 0.3828
vn -0 -0.9216 0.3881
vn -0.0002 -0.815 0.5795
vn -0.0002 -0.6283 0.778
vn 0 -0.4226 0.9063
vn -0.0002 -0.3892 0.9211
vn 0 -0.2165 0.9763
vn -0 -0.2022 0.9793
vn 0 -0.1951 0.9808
vn -0.0348 -0.6351 0.7716
vn -0.037 -0.7895 0.6126
vn 0.0002 -0.8396 0.5433
vn -0.0432 -0.9133 0.4049
vn 0 -0.9293 0.3692
vn -0.0398 -0.9718 0.2322
vn -0.0407 -0.0016 0.9992
vn -0.2253 -0.0107 0.9742
vn -0.0814 -0.0215 0.9965
vn -0.2707 -0.0516 0.9613
vn -0.2415 -0.0932 0.9659
vn -0.4792 -0.0971 0.8723
vn -0.4633 -0.1879 0.8661
vn -0.6807 -0.1382 0.7194
vn -0.6544 -0.2678 0.7072
vn -0.8376 -0.1701 0.5191
vn -0.8009 -0.3294 0.5001
vn -0.9316 -0.1858 0.3124
vn -0.8814 -0.3642 0.3007
vn -0.9563 -0.2175 0.1955
vn -0.8969 -0.3966 0.1957
vn -0.7935 -0.5291 0.3007
vn -0.8043 -0.561 0.1958
vn -0.675 -0.6738 0.3007
vn -0.6139 -0.6108 0.5001
vn -0.4829 -0.7189 0.5001
vn -0.3953 -0.5862 0.7072
vn -0.2734 -0.6521 0.7072
vn -0.1948 -0.4604 0.8661
vn -0.1081 -0.5155 0.85
vn -0.0554 -0.2631 0.9632
vn -0.0208 -0.0743 0.997
vn -0.1049 -0.2367 0.9659
vn -0.0378 -0.0672 0.997
vn -0.1501 -0.2108 0.9659
vn -0.0607 -0.0607 0.9963
vn -0.2063 -0.1955 0.9588
vn -0.2178 -0.1395 0.966
vn -0.4178 -0.2746 0.8661
vn -0.5896 -0.3903 0.7072
vn -0.4525 -0.0196 0.8915
vn -0.6351 -0.0348 0.7716
vn -0.7895 -0.037 0.6126
vn -0.9133 -0.0432 0.4049
vn -0.9734 -0.0358 0.2264
vn -0.682 -0.7046 0.1959
vn -0.5306 -0.7925 0.3007
vn -0.3334 -0.7992 0.5001
vn -0.1472 -0.7104 0.6883
vn -0.5344 -0.8222 0.1959
vn -0.3658 -0.8808 0.3007
vn -0.1765 -0.8587 0.4812
vn -0.3671 -0.9093 0.1958
vn -0.1883 -0.94 0.2846
vn -0.2042 -0.96 0.1914
vn -0.2809 -0.4136 0.8661
vn -0.5021 -0.4978 0.7072
vn -0.7212 -0.4793 0.5001
vn -0.3561 -0.3509 0.8661
vn -0.056 -0.0315 0.9979
vn -0.2448 0.0098 0.9695
vn -0.2222 -0 0.975
vn -0.0565 0.004 0.9984
vn -0.4292 -0.0002 0.9032
vn -0.4525 0.0196 0.8915
vn -0.6571 -0.0002 0.7538
vn -0.6428 0 0.766
vn -0.8192 0 0.5736
vn -0.9238 0 0.3828
vn -0.9216 0 0.3881
vn -0.815 0.0002 0.5795
vn -0.6283 0.0002 0.778
vn -0.4226 0 0.9063
vn -0.2165 0 0.9763
vn -0.6351 0.0348 0.7716
vn -0.7895 0.037 0.6126
vn -0.8396 -0.0002 0.5433
vn -0.9133 0.0432 0.4049
vn -0.9293 -0 0.3692
vn -0.9724 0.0447 0.2289
vn -0.932 0 0.3624
vn -0.3892 0.0002 0.9211
vn -0.2022 0 0.9793
vn -0.1951 0 0.9808
vn -0.0015 0.0449 0.999
vn -0.0107 0.2253 0.9742
vn -0.0215 0.0814 0.9965
vn -0.0516 0.2707 0.9613
vn -0.0932 0.2415 0.9659
vn -0.0971 0.4792 0.8723
vn -0.1879 0.4633 0.8661
vn -0.1382 0.6807 0.7194
vn -0.2678 0.6544 0.7072
vn -0.1701 0.8376 0.5191
vn -0.3294 0.8009 0.5001
vn -0.1858 0.9316 0.3124
vn -0.3642 0.8814 0.3007
vn -0.2175 0.9563 0.1955
vn -0.3966 0.8969 0.1957
vn -0.5291 0.7935 0.3007
vn -0.561 0.8043 0.1959
vn -0.6738 0.675 0.3007
vn -0.6108 0.6139 0.5001
vn -0.7189 0.4829 0.5001
vn -0.5862 0.3953 0.7072
vn -0.6521 0.2734 0.7072
vn -0.4604 0.1948 0.8661
vn -0.5155 0.1081 0.85
vn -0.2631 0.0554 0.9632
vn -0.0743 0.0208 0.997
vn -0.2367 0.1049 0.9659
vn -0.056 0.0315 0.9979
vn -0.2108 0.1501 0.966
vn -0.0607 0.0607 0.9963
vn -0.1955 0.2063 0.9588
vn -0.1395 0.2178 0.966
vn -0.2746 0.4178 0.8661
vn -0.3903 0.5896 0.7072
vn -0.0196 0.4525 0.8915
vn -0.0348 0.6351 0.7716
vn -0.037 0.7895 0.6126
vn -0.0432 0.9133 0.4049
vn -0.0325 0.9728 0.2294
vn -0.7046 0.682 0.1959
vn -0.7925 0.5306 0.3007
vn -0.7992 0.3334 0.5001
vn -0.7104 0.1472 0.6883
vn -0.8222 0.5344 0.1959
vn -0.8808 0.3658 0.3007
vn -0.8587 0.1765 0.4812
vn -0.9093 0.3671 0.1958
vn -0.94 0.1883 0.2846
vn -0.96 0.2042 0.1914
vn -0.4136 0.2809 0.8661
vn -0.4978 0.5021 0.7072
vn -0.4793 0.7212 0.5001
vn -0.3509 0.3561 0.8661
vn -0.0378 0.0672 0.997
vn -0 0.2222 0.975
vn -0.0002 0.4292 0.9032
vn -0.0002 0.6571 0.7538
vn 0 0.6428 0.766
vn 0 0.8192 0.5736
vn -0 0.932 0.3624
vn 0 0.9238 0.3828
vn 0 0.9216 0.3881
vn 0.0002 0.815 0.5795
vn 0.0002 0.6283 0.778
vn 0 0.4226 0.9063
vn 0.0002 0.3892 0.9211
vn 0 0.2165 0.9763
vn 0 0.2022 0.9793
vn -0 0.1951 0.9808
vn -0.0002 0.8396 0.5433
vn -0 0.9293 0.3692
vn -0.9939 0.0348 0.1045
vn -0.9974 -0.0435 0.058
vn -0.9854 0.1461 0.0872
vn -0.9439 0.3184 0.087
vn -0.8726 0.4807 0.0869
vn -0.7649 0.6398 0.0745
vn -0.6376 0.7633 0.1042
vn -0.5061 0.8581 0.0869
vn -0.346 0.9342 0.087
vn -0.175 0.9807 0.0872
vn -0.0435 0.9974 0.058
vn 0.0348 0.9939 0.1045
vn 0.1461 0.9854 0.0872
vn 0.3184 0.9439 0.087
vn 0.4807 0.8726 0.0869
vn 0.6398 0.7649 0.0745
vn 0.7633 0.6376 0.1042
vn 0.8581 0.5061 0.0869
vn 0.9342 0.346 0.087
vn 0.9807 0.175 0.0872
vn 0.9981 0.0373 0.0497
vn 0.0501 0.8927 0.4478
vn -0.0311 0.5532 0.8325
vn 0.2151 0.8023 0.5569
vn 0.3882 0.7343 0.5569
vn 0.196 0.2458 0.9493
vn 0.5511 0.4395 0.7093
vn 0.7614 0.332 0.5569
vn 0.8162 0.1543 0.5569
vn 0.7054 0.0396 0.7077
vn 0.7983 -0.0448 0.6006
vn 0.8023 -0.2151 0.5569
vn 0.7343 -0.3882 0.5569
vn 0.3479 -0.2774 0.8956
vn 0.3443 -0.4318 0.8337
vn 0.332 -0.7614 0.5569
vn 0.1543 -0.8162 0.5569
vn 0.0396 -0.7054 0.7077
vn -0.0448 -0.7983 0.6006
vn -0.2151 -0.8023 0.5569
vn -0.3882 -0.7343 0.5569
vn -0.4395 -0.5511 0.7093
vn -0.6984 -0.557 0.4495
vn -0.548 -0.239 0.8016
vn -0.8162 -0.1543 0.5569
vn -0.7054 -0.0396 0.7077
vn -0.7983 0.0448 0.6006
vn -0.8023 0.2151 0.5569
vn -0.5285 0.2794 0.8016
vn -0.5511 0.4395 0.7093
vn -0.557 0.6984 0.4495
vn -0.332 0.7614 0.5569
vn -0.1543 0.8162 0.5569
vn 0.9976 -0.0217 0.0653
vn 0.9854 -0.1461 0.0872
vn 0.9439 -0.3184 0.087
vn 0.8726 -0.4807 0.0869
vn 0.7649 -0.6398 0.0745
vn 0.6376 -0.7633 0.1042
vn 0.5061 -0.8581 0.0869
vn 0.346 -0.9342 0.087
vn 0.175 -0.9807 0.0872
vn 0.0435 -0.9974 0.058
vn -0.0348 -0.9939 0.1045
vn -0.1461 -0.9854 0.0872
vn -0.3184 -0.9439 0.087
vn -0.4807 -0.8726 0.0869
vn -0.6398 -0.7649 0.0745
vn -0.7633 -0.6376 0.1042
vn -0.8581 -0.5061 0.0869
vn -0.9342 -0.346 0.087
vn -0.9807 -0.175 0.0872
vn -0.039 -0.8934 -0.4476
vn -0.1428 -0.6913 -0.7083
vn -0.2607 -0.656 -0.7083
vn -0.3706 -0.6008 -0.7083
vn -0.3556 -0.4238 -0.833
vn -0.612 -0.5135 -0.6015
vn -0.6214 -0.335 -0.7083
vn -0.6701 -0.222 -0.7083
vn -0.6985 -0.1023 -0.7083
vn -0.7061 -0.0308 -0.7074
vn -0.799 0.0349 -0.6004
vn -0.6913 0.1428 -0.7083
vn -0.656 0.2607 -0.7083
vn -0.6008 0.3706 -0.7083
vn -0.4238 0.3556 -0.833
vn -0.5135 0.612 -0.6015
vn -0.335 0.6214 -0.7083
vn -0.222 0.6701 -0.7083
vn -0.1023 0.6985 -0.7083
vn -0.0242 0.5538 -0.8323
vn 0.039 0.8934 -0.4476
vn -0.0311 -0.5532 0.8325
vn -0.131 -0.6928 0.7091
vn -0.2819 -0.6463 0.7091
vn -0.4977 -0.624 0.6024
vn -0.4318 -0.3443 0.8337
vn -0.6234 -0.3296 0.7091
vn -0.6811 -0.1826 0.7091
vn -0.7983 -0.0448 0.6006
vn -0.2063 -0.6593 0.723
vn 0.0311 0.5532 0.8325
vn -0.0664 -0.8506 0.5215
vn 0.131 0.6928 0.7091
vn -0.3633 -0.5747 0.7333
vn 0.2819 0.6463 0.7091
vn -0.4184 -0.3863 0.822
vn 0.557 0.6984 0.4495
vn 0.4318 0.3443 0.8337
vn -0.5876 -0.3082 0.7482
vn 0.6234 0.3296 0.7091
vn -0.5008 -0.1353 0.8549
vn 0.6811 0.1826 0.7091
vn -0.7453 -0.074 0.6626
vn 0.7983 0.0448 0.6006
vn -0.6586 0.0435 0.7512
vn 0.7054 -0.0396 0.7077
vn 0.6928 -0.131 0.7091
vn -0.5008 0.1353 0.8549
vn 0.6463 -0.2819 0.7091
vn -0.5876 0.3082 0.7482
vn 0.624 -0.4977 0.6024
vn -0.4184 0.3863 0.822
vn 0.4395 -0.5511 0.7093
vn 0.3296 -0.6234 0.7091
vn -0.3633 0.5747 0.7333
vn 0.1826 -0.6811 0.7091
vn -0.2063 0.6593 0.723
vn 0.0448 -0.7983 0.6006
vn -0.0664 0.8506 0.5215
vn 0.0614 0.7077 0.7039
vn 0.1437 0.5409 0.8287
vn 0.3324 0.6441 0.689
vn 0.4936 0.5433 0.6791
vn 0.6235 0.4007 0.6713
vn 0.7108 0.2261 0.6661
vn 0.7469 0.0659 0.6616
vn 0.7482 -0.0494 0.6617
vn -0.7054 0.0396 0.7077
vn -0.6928 0.131 0.7091
vn 0.7108 -0.2261 0.6661
vn -0.6463 0.2819 0.7091
vn 0.6235 -0.4007 0.6713
vn -0.624 0.4977 0.6024
vn 0.4936 -0.5433 0.6791
vn -0.3443 0.4318 0.8337
vn 0.3324 -0.6441 0.689
vn -0.3296 0.6234 0.7091
vn 0.1437 -0.5409 0.8287
vn -0.1826 0.6811 0.7091
vn 0.0614 -0.7077 0.7039
vn -0.0448 0.7983 0.6006
vn 0.0489 0.996 0.075
vn 0.2567 0.9659 -0.0329
vn 0.52 0.8525 -0.0538
vn 0.4959 0.866 -0.0635
vn 0.2994 0.9537 -0.0287
vn 0.7014 0.7071 -0.0899
vn 0.704 0.7069 -0.0685
vn 0.859 0.5 -0.1101
vn 0.8717 0.4835 -0.0802
vn 0.9581 0.2588 -0.1228
vn 0.9615 0.2587 -0.0922
vn 0.9978 0.0448 -0.0499
vn 0.116 0.2994 0.947
vn 0.1218 0.2842 0.951
vn 0.1655 0.0592 0.9844
vn 0.1101 0.5 0.859
vn 0.1081 0.5317 0.84
vn 0.0899 0.7071 0.7014
vn 0.0635 0.866 0.4959
vn 0.0361 0.9588 0.2819
vn 0.0329 0.9659 0.2567
vn 0.1218 0.2841 0.951
vn 0.1228 0.2588 0.9581
vn 0.0758 0.0538 0.9957
vn 0.1105 0.7346 0.6694
vn 0.0361 0.9588 0.2818
vn 0.1004 0.8848 0.4551
vn 0.0961 0.9693 0.2262
vn -0.0242 0.9949 0.0976
vn 0.0704 0.6753 0.7342
vn 0.0513 0.8432 0.5352
vn 0.0813 0.4507 0.889
vn 0.0287 0.9536 0.2997
vn 0.1006 0.2276 0.9686
vn 0.2354 0.9694 0.0688
vn 0.483 0.8748 0.0389
vn 0.2622 0.9303 0.2566
vn 0.484 0.8359 0.2589
vn 0.2467 0.8313 0.4981
vn 0.4353 0.7486 0.5001
vn 0.2241 0.6726 0.7053
vn 0.357 0.6103 0.7072
vn 0.1691 0.496 0.8517
vn 0.2735 0.4231 0.8638
vn 0.2131 0.2192 0.9521
vn 0.2653 0.1409 0.9538
vn 0.2873 0.0652 0.9556
vn 0.4591 0.134 0.8782
vn 0.3763 0.0082 0.9265
vn 0.5871 0.0301 0.809
vn 0.6647 0.1849 0.7239
vn 0.7765 0.0449 0.6285
vn 0.8235 0.2264 0.5201
vn 0.6142 0.3501 0.7072
vn 0.7512 0.4308 0.5001
vn 0.5028 0.4971 0.7072
vn 0.6143 0.6103 0.5001
vn 0.3808 0.358 0.8525
vn 0.4354 0.2457 0.8661
vn 0.9125 0.0547 0.4055
vn 0.9256 0.2538 0.2809
vn 0.837 0.482 0.2589
vn 0.684 0.682 0.2589
vn 0.9861 0.0597 0.1551
vn 0.9603 0.2774 0.0306
vn 0.851 0.5221 0.0565
vn 0.7066 0.7064 0.0419
vn -0.9414 0.2999 0.1547
vn -0.951 0.2841 0.1218
vn -0.9775 0.0562 0.2032
vn -0.859 0.5 0.1101
vn -0.8321 0.5356 0.144
vn -0.7014 0.7071 0.0899
vn -0.4959 0.866 0.0635
vn -0.6657 0.7352 0.128
vn -0.2819 0.9588 0.0361
vn -0.4533 0.8848 0.1079
vn -0.2567 0.9659 0.0329
vn -0.2255 0.9693 0.0982
vn -0.9581 0.2588 0.1228
vn -0.0666 0.9694 0.2361
vn -0.0431 0.8863 0.4612
vn -0.2476 0.9306 0.2696
vn -0.2263 0.8359 0.5001
vn -0.4924 0.8198 0.2922
vn -0.4214 0.7304 0.5376
vn -0.6103 0.6143 0.5001
vn -0.4971 0.5028 0.7072
vn -0.6384 0.3689 0.6755
vn -0.4653 0.2688 0.8433
vn -0.6655 0.185 0.7231
vn -0.4602 0.1338 0.8777
vn -0.6265 0.0303 0.7788
vn -0.4024 0.0069 0.9154
vn -0.2362 0.0988 0.9667
vn -0.1856 0.0316 0.9821
vn -0.0219 0.1 0.9947
vn -0.7063 0.6491 0.2824
vn -0.768 0.4438 0.4617
vn -0.8241 0.2266 0.5191
vn -0.8067 0.0451 0.5892
vn -0.8466 0.4606 0.2666
vn -0.9215 0.2473 0.2994
vn -0.9227 0.0659 0.38
vn 0.0656 0.2526 0.9654
vn 0.0015 0.3014 0.9535
vn -0.0083 0.5374 0.8433
vn -0.0266 0.7371 0.6752
vn -0.1865 0.682 0.7072
vn -0.3375 0.5849 0.7375
vn -0.1937 0.2081 0.9587
vn -0.1294 0.2241 0.9659
vn -0.2307 0.3997 0.8872
vn -0.0833 0.2718 0.9587
vn -0.134 0.4816 0.8661
vn -0.2605 0.1505 0.9537
vn -0.3499 0.357 0.8661
vn 0.9983 -0.0448 -0.0379
vn 0.9871 0 0.16
vn 0.9225 0 0.3859
vn 0.7912 0 0.6115
vn 0.606 0 0.7955
vn 0.4037 0 0.9149
vn 0.3795 0 0.9252
vn 0.1748 -0.0553 0.983
vn 0.3971 -0.0068 0.9178
vn 0.991 0 0.134
vn 0.622 -0.0301 0.7824
vn 0.8033 -0.0449 0.5938
vn 0.9294 -0.0547 0.365
vn 0.9885 -0.0717 0.1331
vn 0.6321 0.2673 0.7274
vn -0.3887 0.4851 0.7834
vn 0.117 -0.0832 0.9896
vn -0.6601 -0.4851 0.5736
vn 0.6833 -0.1961 0.7033
vn -0.1335 -0.0005 0.9911
vn -0.3859 0 0.9225
vn -0.6115 0 0.7912
vn -0.7955 0 0.606
vn -0.9252 0 0.3795
vn -0.9149 0 0.4037
vn -0.9774 -0.0406 0.2076
vn -0.185 0 0.9827
vn -0.0425 -0.0706 0.9966
vn -0.166 -0.0395 0.9853
vn -0.3619 -0.0069 0.9322
vn -0.7801 -0.0451 0.624
vn -0.9148 -0.0549 0.4002
vn -0.5917 -0.0303 0.8056
vn -0.1488 0 0.9889
vn -0.16 0 0.9871
vn -0.0242 -0.9949 0.0976
vn -0.2567 -0.9659 0.0329
vn -0.4578 -0.8871 0.0587
vn -0.4914 -0.8636 0.1128
vn -0.4959 -0.866 0.0635
vn -0.2519 -0.9636 0.09
vn -0.7014 -0.7071 0.0899
vn -0.6971 -0.7047 0.1321
vn -0.859 -0.5 0.1101
vn -0.8364 -0.5375 0.1072
vn -0.9459 -0.3009 0.1212
vn -0.67 -0.7374 0.0858
vn -0.8546 -0.498 0.1469
vn -0.9581 -0.2588 0.1228
vn -0.9454 -0.2828 0.1621
vn 0.9645 -0.2333 -0.1236
vn 0.8799 -0.4616 -0.1127
vn 0.7314 -0.6754 -0.0937
vn 0.5331 -0.8433 -0.0683
vn 0.2747 -0.9609 -0.0352
vn 0.853 -0.5161 -0.0778
vn 0.9538 -0.2841 -0.0974
vn 0.6725 -0.7373 -0.0645
vn 0.4747 -0.8788 -0.048
vn 0.2829 -0.9588 -0.0246
vn 0.0489 -0.996 0.075
vn 0.0883 -0.9636 0.2524
vn 0.0361 -0.9588 0.2818
vn 0.0635 -0.866 0.4959
vn 0.1053 -0.8635 0.4932
vn 0.0899 -0.7071 0.7014
vn 0.1101 -0.5 0.859
vn 0.1218 -0.2842 0.951
vn 0.1228 -0.2588 0.9581
vn 0.0329 -0.9659 0.2567
vn 0.0361 -0.9588 0.2819
vn 0.0645 -0.7373 0.6725
vn 0.0805 -0.5373 0.8395
vn 0.048 -0.8788 0.4747
vn 0.1145 -0.7042 0.7007
vn 0.111 -0.494 0.8624
vn 0.1157 -0.2851 0.9515
vn 0.0941 -0.3206 0.9425
vn 0.0247 -0.9587 0.2833
vn 0.1941 -0.2158 0.957
vn 0.2528 -0.4095 0.8766
vn 0.1691 -0.496 0.8517
vn 0.2241 -0.6726 0.7053
vn 0.3376 -0.5849 0.7375
vn 0.4215 -0.7303 0.5376
vn 0.4971 -0.5028 0.7072
vn 0.6103 -0.6143 0.5001
vn 0.6385 -0.3688 0.6755
vn 0.7681 -0.4438 0.4617
vn 0.8235 -0.2264 0.5201
vn 0.9256 -0.2538 0.2809
vn 0.6647 -0.1849 0.7239
vn 0.4653 -0.2688 0.8433
vn 0.3499 -0.357 0.8661
vn 0.2467 -0.8313 0.4981
vn 0.4765 -0.826 0.3009
vn 0.682 -0.684 0.2589
vn 0.8453 -0.4885 0.2163
vn 0.9603 -0.2774 0.0306
vn 0.2622 -0.9303 0.2566
vn 0.4991 -0.8651 0.0505
vn 0.7368 -0.6748 0.0419
vn 0.8652 -0.5001 0.0379
vn 0.2354 -0.9694 0.0689
vn 0.4591 -0.134 0.8782
vn 0.2723 -0.1568 0.9493
vn 0.2873 -0.0652 0.9556
vn -0.0666 -0.9694 0.2361
vn -0.2476 -0.9306 0.2696
vn -0.0313 -0.8748 0.4835
vn -0.2263 -0.8359 0.5001
vn -0.0247 -0.7068 0.707
vn -0.1865 -0.682 0.7072
vn -0.0069 -0.4999 0.866
vn -0.134 -0.4816 0.8661
vn 0.0027 -0.3102 0.9507
vn -0.0833 -0.2718 0.9587
vn 0.0645 -0.2058 0.9765
vn -0.2362 -0.0988 0.9667
vn -0.2511 -0.1333 0.9588
vn -0.2081 -0.1937 0.9587
vn -0.1508 -0.2409 0.9587
vn -0.4602 -0.1338 0.8777
vn -0.6655 -0.185 0.7231
vn -0.8241 -0.2266 0.5191
vn -0.6142 -0.3502 0.7072
vn -0.7512 -0.4308 0.5001
vn -0.5028 -0.4971 0.7072
vn -0.6143 -0.6103 0.5001
vn -0.3569 -0.6103 0.7072
vn -0.4352 -0.7487 0.5001
vn -0.9215 -0.2473 0.2994
vn -0.8297 -0.4791 0.2864
vn -0.6781 -0.6785 0.2826
vn -0.4795 -0.8328 0.2768
vn -0.2542 -0.4305 0.8661
vn -0.357 -0.3499 0.8661
vn -0.4353 -0.2457 0.8661
vn -0 0.7071 0.7071
vn -0.2673 -0.8018 0.5345
vn -0.8321 0.5547 0.0012
vn -0.8321 -0.5547 0.0012
vn -0.832 0.5547 0.0046
vn -0.832 -0.5547 0.0046
vn -0.832 0.5546 0.0092
vn -0.832 -0.5546 0.0093
vn -0.2799 0.8344 -0.4748
vn 0.0001 -0.7416 -0.6709
vn 0.0196 0.5993 -0.8003
vn 0.1149 0.6962 -0.7086
vn 0.0462 0.7052 0.7075
vn 0.1603 0.6871 0.7086
vn 0.2485 0.6604 -0.7086
vn 0.2913 0.6427 0.7086
vn 0.3725 0.5992 -0.7086
vn 0.411 0.5735 0.7086
vn 0.4823 0.515 -0.7086
vn 0.515 0.4823 0.7086
vn 0.5735 0.411 -0.7086
vn 0.5992 0.3725 0.7086
vn 0.6427 0.2913 -0.7086
vn 0.6604 0.2485 0.7086
vn 0.6871 0.1603 -0.7086
vn 0.6962 0.1149 0.7086
vn 0.513 0.0336 -0.8577
vn 0.5993 0.0196 0.8003
vn 0.5993 -0.0196 -0.8003
vn 0.513 -0.0336 0.8577
vn 0.6962 -0.1149 -0.7086
vn 0.6871 -0.1603 0.7086
vn 0.6604 -0.2485 -0.7086
vn 0.6427 -0.2913 0.7086
vn 0.5992 -0.3725 -0.7086
vn 0.5735 -0.411 0.7086
vn 0.515 -0.4823 -0.7086
vn 0.4823 -0.515 0.7086
vn 0.411 -0.5735 -0.7086
vn 0.3725 -0.5992 0.7086
vn 0.2913 -0.6427 -0.7086
vn 0.2485 -0.6604 0.7086
vn 0.1603 -0.6871 -0.7086
vn 0.1149 -0.6962 0.7086
vn 0.0462 -0.7052 -0.7075
vn 0.0196 -0.5993 0.8003
vn -0.0196 -0.5993 -0.8003
vn -0.0462 -0.7052 0.7075
vn -0.1149 -0.6962 -0.7086
vn -0.1603 -0.6871 0.7086
vn -0.2485 -0.6604 -0.7086
vn -0.2913 -0.6427 0.7086
vn -0.3725 -0.5992 -0.7086
vn -0.411 -0.5735 0.7086
vn -0.4823 -0.515 -0.7086
vn -0.515 -0.4823 0.7086
vn -0.5735 -0.411 -0.7086
vn -0.5992 -0.3725 0.7086
vn -0.6427 -0.2913 -0.7086
vn -0.6604 -0.2485 0.7086
vn -0.6871 -0.1603 -0.7086
vn -0.6962 -0.1149 0.7086
vn -0.5983 -0.0392 -0.8003
vn -0.5993 -0.0196 0.8003
vn -0.7064 0.0231 -0.7075
vn -0.513 0.0336 0.8577
vn -0.6962 0.1149 -0.7086
vn -0.6871 0.1603 0.7086
vn -0.6604 0.2485 -0.7086
vn -0.6427 0.2913 0.7086
vn -0.5992 0.3725 -0.7086
vn -0.5735 0.411 0.7086
vn -0.515 0.4823 -0.7086
vn -0.4823 0.515 0.7086
vn -0.411 0.5735 -0.7086
vn -0.3725 0.5992 0.7086
vn -0.2913 0.6427 -0.7086
vn -0.2485 0.6604 0.7086
vn -0.1603 0.6871 -0.7086
vn -0.1149 0.6962 0.7086
vn -0.0462 0.7052 -0.7075
vn -0.0196 0.5993 0.8003
vn 0.6985 0.1023 -0.7083
vn 0.6701 0.222 -0.7083
vn 0.6214 0.335 -0.7083
vn 0.612 0.5135 -0.6015
vn 0.3556 0.4238 -0.833
vn 0.3706 0.6008 -0.7083
vn 0.2607 0.656 -0.7083
vn 0.1428 0.6913 -0.7083
vn 0.0242 -0.5538 -0.8323
vn 0.1023 -0.6985 -0.7083
vn 0.222 -0.6701 -0.7083
vn 0.335 -0.6214 -0.7083
vn 0.5135 -0.612 -0.6015
vn 0.4238 -0.3556 -0.833
vn 0.6008 -0.3706 -0.7083
vn 0.656 -0.2607 -0.7083
vn 0.6913 -0.1428 -0.7083
vn 0.9699 -0.0212 -0.2427
vn 0.9614 0.012 -0.2748
vn 0.8326 0.0357 0.5528
vn 0.5554 -0.0357 0.8308
vn 0.7097 -0.1504 0.6883
vn 0.5574 -0.3791 0.7386
vn 0.5573 -0.5557 0.6169
vn 0.5572 -0.6953 0.4541
vn 0.557 -0.7885 0.2609
vn 0.7097 0.1504 0.6883
vn 0.5574 0.3791 0.7386
vn 0.5573 0.5557 0.6169
vn 0.5572 0.6953 0.4541
vn 0.557 0.7885 0.2609
vn 0.9986 -0.0374 -0.0361
vn 0.8935 -0.0371 0.4476
vn 0.9889 -0.1488 0
vn 0.9792 -0.1933 -0.0618
vn 0.9518 -0.3066 0
vn 0.9301 -0.362 -0.0622
vn 0.8826 -0.4701 0
vn 0.8523 -0.5194 -0.0626
vn 0.7855 -0.6189 0
vn 0.748 -0.6607 -0.0631
vn 0.6418 -0.7668 0
vn 0.6302 -0.7727 -0.0763
vn 0.5002 -0.8635 -0.0642
vn 0.6569 -0.2585 0.7083
vn 0.6921 -0.1393 0.7082
vn 0.6014 -0.3696 0.7083
vn 0.5273 -0.4693 0.7083
vn 0.3556 -0.4238 0.833
vn 0.3696 -0.6014 0.7083
vn 0.4701 -0.8826 0
vn 0.2585 -0.6569 0.7083
vn 0.3066 -0.9518 0
vn 0.341 -0.9378 -0.0648
vn 0.173 -0.983 -0.0619
vn 0.1393 -0.6921 0.7082
vn 0.1488 -0.9889 0
vn 0.0506 -0.9978 -0.044
vn 0.0371 -0.8935 0.4476
vn -0.2357 0.2357 0.9428
vn -0.9482 0.0262 0.3165
vn -0.4474 0.8939 -0.027
vn -0.7078 0.7013 -0.0852
vn -0.7077 0.6893 -0.1552
vn -0.999 0.0325 -0.0323
vn -0.5553 0.7834 -0.2792
vn -0.5553 0.744 -0.3716
vn -0.7077 0.5894 -0.3896
vn -0.9991 -0.0001 -0.0422
vn -0.5553 0.6335 -0.5388
vn -0.5553 0.5639 -0.6112
vn -0.9599 -0.2753 -0.0539
vn -0.7077 0.0142 -0.7064
vn -0.5553 -0.0836 -0.8274
vn -0.7077 -0.1552 -0.6893
vn -0.954 -0.212 -0.212
vn -0.5553 -0.2792 -0.7834
vn -0.5553 -0.3716 -0.744
vn -0.5553 -0.4585 -0.6938
vn -0.5553 -0.5388 -0.6335
vn -0.5553 -0.6112 -0.5639
vn -0.5553 -0.6748 -0.4861
vn -0.7077 -0.6189 -0.3409
vn -0.9526 0.2722 -0.1361
vn -0.5553 -0.7715 -0.3105
vn -0.5553 -0.8033 -0.2153
vn -0.8284 0.5554 -0.0725
vn -0.9976 -0.0457 -0.0525
vn -0.9482 -0.0262 0.3165
vn -0.7077 -0.6995 -0.0993
vn -0.5549 -0.8313 -0.0335
vn -0.2182 -0.4364 0.8729
vn -0.5553 0.1169 -0.8234
vn -0.5553 0.2153 -0.8033
vn -0.5553 0.3105 -0.7715
vn -0.5553 0.4012 -0.7284
vn -0.5553 0.4861 -0.6748
vn -0.0002 -0.9964 -0.0848
vn -0.0331 -0.799 0.6004
vn -0.0316 -0.9961 -0.0818
vn 0.9144 0.1148 0.3882
vn 0.3695 0.7618 0.5321
vn 0.7905 0.1026 0.6038
vn 0.7901 -0.1211 0.6009
vn 0.7911 -0.0654 0.6082
vn 0.656 0.055 0.7528
vn 0.4344 -0.0126 0.9006
vn 0.7886 -0.1761 0.5891
vn 0.4182 -0.8537 0.3103
vn -0.4616 0.6766 0.5737
vn -0.7874 0.1281 0.603
vn -0.6141 -0.1578 0.7733
vn -0.2806 -0.5815 0.7636
vn -0.6127 -0.1026 0.7836
vn -0.6131 0.1211 0.7807
vn -0.612 -0.0468 0.7895
vn -0.4452 0.077 0.8921
vn -0.1933 0.0126 0.9811
vn 0.9979 -0.0142 0.0639
vn 0.9979 -0.0197 -0.0624
vn 0.9979 0.0029 0.0654
vn 0.9979 -0.0352 -0.0552
vn 0.9979 -0.0302 0.0581
vn 0.9979 -0.0483 -0.0442
vn 0.9979 -0.0442 0.0483
vn 0.9979 -0.0581 -0.0302
vn 0.9979 -0.0552 0.0352
vn 0.9979 -0.0639 -0.0142
vn 0.9969 -0.0749 0.0236
vn 0.9952 -0.098 0.0043
vn 0.9979 -0.0029 -0.0654
vn 0.9979 0.0197 0.0624
vn 0.9979 0.0142 -0.0639
vn 0.9979 0.0352 0.0552
vn 0.9979 0.0302 -0.0581
vn 0.9979 0.0483 0.0442
vn 0.9979 0.0442 -0.0483
vn 0.9979 0.0581 0.0302
vn 0.9979 0.0552 -0.0352
vn 0.9979 0.0639 0.0142
vn 0.9969 0.0749 -0.0236
vn 0.9952 0.098 -0.0043
vn -0.1951 -0.2544 0.9472
vn -0 -0.2588 0.9659
vn -0.1951 -0.0006 0.9808
vn 0 -0.5 0.866
vn -0.1951 -0.4909 0.8491
vn 0 -0.7071 0.7071
vn 0.2589 -0.682 0.684
vn 0.2589 -0.8358 0.4842
vn 0.5001 -0.7485 0.4355
vn 0.5001 -0.8357 0.2269
vn 0.7072 -0.6819 0.1869
vn 0.7072 -0.707 0.0041
vn 0.8661 -0.4999 0.005
vn 0.8661 -0.4841 -0.1246
vn 0.9659 -0.2514 -0.0616
vn 0.9659 -0.2269 -0.1245
vn 0.9659 -0.2588 0.0056
vn 0.8661 -0.4816 0.1342
vn 0.7072 -0.6102 0.357
vn 0.5001 -0.6103 0.6143
vn 0.2589 -0.4817 0.8372
vn -0.1951 -0.6939 0.6931
vn -0 -0.866 0.5
vn 0.2589 -0.9326 0.2514
vn 0.5001 -0.866 0.0029
vn 0.7072 -0.6839 -0.1791
vn 0.8661 -0.4354 -0.2456
vn 0.9659 -0.1869 -0.179
vn -0.1951 -0.8497 0.4899
vn 0 -0.9659 0.2588
vn 0.2589 -0.9659 0.0015
vn 0.5001 -0.8372 -0.2214
vn 0.7072 -0.6143 -0.35
vn 0.8661 -0.357 -0.35
vn 0.9659 -0.1342 -0.2213
vn -0.1951 -0.9475 0.2533
vn -0 -1 0
vn 0.2589 -0.9334 -0.2486
vn 0.5001 -0.7514 -0.4305
vn 0.7072 -0.5028 -0.4971
vn 0.8661 -0.2543 -0.4304
vn 0.9659 -0.0724 -0.2485
vn -0.1951 -0.9808 -0.0006
vn -0 -0.9659 -0.2588
vn 0.2589 -0.8372 -0.4817
vn 0.5001 -0.6143 -0.6103
vn 0.7072 -0.357 -0.6102
vn 0.8661 -0.1342 -0.4816
vn 0.9659 -0.0056 -0.2588
vn -0.1951 -0.9472 -0.2544
vn 0 -0.866 -0.5
vn 0.2589 -0.684 -0.682
vn 0.5001 -0.4354 -0.7485
vn 0.7072 -0.1869 -0.6819
vn 0.8661 -0.005 -0.4999
vn 0.9659 0.0616 -0.2514
vn -0.1951 -0.8491 -0.4909
vn 0 -0.7071 -0.7071
vn 0.2589 -0.4842 -0.8358
vn 0.5001 -0.2269 -0.8357
vn 0.7072 -0.0041 -0.707
vn 0.8661 0.1246 -0.4841
vn 0.9659 0.1245 -0.2269
vn -0.1951 -0.6931 -0.6939
vn -0 -0.5 -0.866
vn 0.2589 -0.2514 -0.9326
vn 0.5001 -0.0029 -0.866
vn 0.7072 0.1791 -0.6839
vn 0.8661 0.2456 -0.4354
vn 0.9659 0.179 -0.1869
vn -0.1951 -0.4899 -0.8497
vn 0 -0.2588 -0.9659
vn 0.2589 -0.0015 -0.9659
vn 0.5001 0.2214 -0.8372
vn 0.7072 0.35 -0.6143
vn 0.8661 0.3499 -0.357
vn 0.9659 0.2213 -0.1342
vn -0.1951 -0.2533 -0.9475
vn 0 -0 -1
vn 0.2589 0.2486 -0.9334
vn 0.5001 0.4305 -0.7514
vn 0.7072 0.4971 -0.5028
vn 0.8661 0.4304 -0.2543
vn 0.9659 0.2485 -0.0724
vn -0.1951 0.0006 -0.9808
vn -0 0.2588 -0.9659
vn 0.2589 0.4817 -0.8372
vn 0.5001 0.6103 -0.6143
vn 0.7072 0.6102 -0.357
vn 0.8661 0.4816 -0.1342
vn 0.9659 0.2588 -0.0056
vn -0.1951 0.2544 -0.9472
vn 0 0.5 -0.866
vn 0.2589 0.682 -0.684
vn 0.5001 0.7485 -0.4354
vn 0.7072 0.6819 -0.1869
vn 0.8661 0.4999 -0.005
vn 0.9659 0.2514 0.0616
vn -0.1951 0.4909 -0.8491
vn -0 0.7071 -0.7071
vn 0.2589 0.8358 -0.4842
vn 0.5001 0.8357 -0.2269
vn 0.7072 0.707 -0.0041
vn 0.8661 0.4841 0.1246
vn 0.9659 0.2269 0.1245
vn -0.1951 0.6939 -0.6931
vn -0 0.866 -0.5
vn 0.2589 0.9326 -0.2514
vn 0.5001 0.866 -0.0029
vn 0.7072 0.6839 0.1791
vn 0.8661 0.4354 0.2456
vn 0.9659 0.1869 0.179
vn -0.1951 0.8497 -0.4899
vn 0 0.9659 -0.2588
vn 0.2589 0.9659 -0.0015
vn 0.5001 0.8372 0.2214
vn 0.7072 0.6143 0.35
vn 0.8661 0.357 0.35
vn 0.9659 0.1342 0.2213
vn -0.1951 0.9475 -0.2533
vn 0 1 0
vn 0.2589 0.9334 0.2486
vn 0.5001 0.7514 0.4305
vn 0.7072 0.5028 0.4971
vn 0.8661 0.2543 0.4304
vn 0.9659 0.0724 0.2485
vn -0.1951 0.9808 0.0006
vn -0 0.9659 0.2588
vn 0.2589 0.8372 0.4817
vn 0.5001 0.6143 0.6103
vn 0.7072 0.357 0.6102
vn 0.8661 0.1342 0.4816
vn 0.9659 0.0056 0.2588
vn -0.1951 0.9472 0.2544
vn 0 0.866 0.5
vn 0.2589 0.684 0.682
vn 0.5001 0.4354 0.7485
vn 0.7072 0.1869 0.6819
vn 0.8661 0.005 0.4999
vn 0.9659 -0.0616 0.2514
vn -0.1951 0.8491 0.4909
vn 0.2589 0.4842 0.8358
vn 0.5001 0.2269 0.8357
vn 0.7072 0.0041 0.707
vn 0.8661 -0.1246 0.4841
vn 0.9659 -0.1245 0.2269
vn -0.1951 0.6931 0.6939
vn -0 0.5 0.866
vn 0.2589 0.2514 0.9326
vn 0.5001 0.0029 0.866
vn 0.7072 -0.1791 0.684
vn 0.8661 -0.2456 0.4354
vn 0.9659 -0.179 0.1869
vn -0.1951 0.4899 0.8497
vn 0 0.2588 0.9659
vn 0.2589 0.0015 0.9659
vn 0.5001 -0.2214 0.8372
vn 0.7072 -0.35 0.6143
vn 0.8661 -0.35 0.357
vn 0.9659 -0.2213 0.1342
vn -0.1951 0.2533 0.9475
vn -0 -0 1
vn 0.2589 -0.2486 0.9334
vn 0.5001 -0.4305 0.7514
vn 0.7072 -0.4971 0.5028
vn 0.8661 -0.4304 0.2543
vn 0.9659 -0.2485 0.0724
vn 0.6125 -0.2379 0.7538
vn 0.393 -0.0403 0.9187
vn 0.6125 -0.4249 0.6666
vn 0.6125 -0.5829 0.5339
vn 0.6125 -0.7012 0.3648
vn 0.6125 -0.7717 0.1709
vn 0.7467 -0.6646 -0.0292
vn 0.6125 -0.7538 -0.2379
vn 0.6125 -0.6666 -0.4249
vn 0.6125 -0.5339 -0.5829
vn 0.6125 -0.3648 -0.7012
vn 0.393 -0.1988 -0.8978
vn 0.6125 0.0347 -0.7897
vn 0.6125 0.2379 -0.7538
vn 0.6125 0.4249 -0.6666
vn 0.6125 0.5829 -0.5339
vn 0.6125 0.7012 -0.3648
vn 0.6125 0.7717 -0.1709
vn 0.7467 0.6646 0.0292
vn 0.6125 0.7538 0.2379
vn 0.6125 0.6666 0.4249
vn 0.6125 0.5339 0.5829
vn 0.6125 0.3648 0.7012
vn 0.6125 0.1709 0.7717
vn 0.998 -0.0176 0.0615
vn 0.9979 0 0.0641
vn 0.998 -0.0319 0.0553
vn 0.998 -0.0444 0.046
vn 0.9973 -0.0635 0.0366
vn 0.998 -0.0621 0.0155
vn 0.9971 -0.0766 -0
vn 0.998 -0.0621 -0.0155
vn 0.9973 -0.0635 -0.0366
vn 0.998 -0.0444 -0.046
vn 0.998 -0.0319 -0.0553
vn 0.9985 -0.0151 -0.0527
vn 0.9973 0 -0.0733
vn 0.998 0.0176 -0.0615
vn 0.998 0.0319 -0.0553
vn 0.998 0.0444 -0.046
vn 0.9973 0.0635 -0.0366
vn 0.998 0.0621 -0.0155
vn 0.9971 0.0766 -0
vn 0.998 0.0621 0.0155
vn 0.9973 0.0635 0.0366
vn 0.998 0.0444 0.046
vn 0.998 0.0319 0.0553
vn 0.998 0.0176 0.0615
vn 0.0648 -0.2752 0.9592
vn -0.966 -0.0588 0.2519
vn 0.065 0 0.9979
vn -0.9658 -0.1111 0.2341
vn 0.937 -0.1747 0.3025
vn -0.9658 -0.1582 0.2053
vn -0.8661 -0.2971 0.4021
vn -0.8661 -0.3742 0.3316
vn -0.7072 -0.5276 0.4707
vn -0.7072 -0.6139 0.3507
vn -0.5001 -0.7511 0.431
vn -0.5001 -0.8243 0.2654
vn -0.2589 -0.919 0.2974
vn -0.2589 -0.9607 0.0998
vn -0 -0.9945 0.1045
vn -0 -0.9945 -0.1045
vn 0.2589 -0.9607 -0.0998
vn 0.2589 -0.919 -0.2974
vn 0.5001 -0.8243 -0.2654
vn 0.5001 -0.7511 -0.431
vn 0.7072 -0.6139 -0.3507
vn 0.7072 -0.5276 -0.4707
vn 0.8661 -0.3742 -0.3316
vn 0.8661 -0.2971 -0.4021
vn 0.9658 -0.1582 -0.2053
vn 0.9658 -0.1111 -0.2341
vn 0.9659 -0.1978 -0.1668
vn 0.8661 -0.4349 -0.2465
vn 0.7072 -0.6734 -0.2154
vn 0.5001 -0.8615 -0.0882
vn 0.2589 -0.9605 0.1021
vn -0 -0.9511 0.309
vn -0.2589 -0.8371 0.4819
vn -0.5001 -0.6451 0.5778
vn -0.7072 -0.4182 0.5701
vn -0.8661 -0.207 0.4551
vn 0.0648 -0.6931 0.7179
vn -0.9659 -0.1978 0.1668
vn -0.8661 -0.4349 0.2465
vn -0.7072 -0.6734 0.2154
vn -0.5001 -0.8615 0.0882
vn -0.2589 -0.9605 -0.1021
vn -0 -0.9511 -0.309
vn 0.2589 -0.8371 -0.4819
vn 0.5001 -0.6451 -0.5778
vn 0.7072 -0.4182 -0.5701
vn 0.8661 -0.207 -0.4551
vn 0.966 -0.0588 -0.2519
vn 0.065 -0.8642 0.4989
vn -0.9588 -0.2501 0.135
vn -0.8661 -0.4767 0.1507
vn -0.7072 -0.7035 0.0707
vn -0.5001 -0.861 -0.0928
vn -0.2589 -0.9183 -0.2996
vn 0.2589 -0.7186 -0.6454
vn 0.5001 -0.5109 -0.6992
vn 0.7072 -0.2905 -0.6446
vn 0.8661 -0.1078 -0.4882
vn 0.9588 -0.0081 -0.2841
vn 0.9659 0.0456 -0.2547
vn 0.9658 0.0987 -0.2396
vn 0.9658 0.1472 -0.2132
vn 0.966 0.1888 -0.1769
vn 0.9588 0.242 -0.1491
vn 0.9659 0.2434 -0.0879
vn 0.8661 0.431 -0.2534
vn 0.8661 0.4742 -0.1583
vn 0.7072 0.6107 -0.3563
vn 0.7072 0.6714 -0.2216
vn 0.5001 0.7488 -0.435
vn 0.5001 0.8229 -0.2698
vn 0.2589 0.8359 -0.484
vn 0.2589 0.9183 -0.2996
vn -0 0.9511 -0.309
vn -0.2589 0.8371 -0.4819
vn -0.2589 0.919 -0.2974
vn -0.5001 0.7511 -0.431
vn -0.5001 0.8243 -0.2654
vn -0.7072 0.6139 -0.3507
vn -0.7072 0.6734 -0.2154
vn -0.8661 0.4349 -0.2465
vn -0.8661 0.4767 -0.1507
vn -0.9588 0.2501 -0.135
vn -0.966 0.2476 -0.075
vn 0.065 0.8642 -0.4989
vn 0.0648 0.9683 -0.2413
vn -0.9658 0.2583 -0.0209
vn 0.937 0.3493 -0
vn -0.9658 0.2569 0.0343
vn -0.8661 0.4968 0.0562
vn -0.8661 0.4742 0.1583
vn -0.7072 0.6714 0.2216
vn -0.7072 0.6107 0.3563
vn -0.5001 0.7488 0.435
vn -0.5001 0.642 0.5812
vn -0.2589 0.717 0.6472
vn -0.2589 0.5668 0.7821
vn -0 0.5878 0.809
vn -0 0.4067 0.9135
vn 0.2589 0.394 0.8819
vn 0.2589 0.202 0.9446
vn 0.5001 0.1823 0.8466
vn 0.5001 0.0023 0.866
vn 0.7072 0.0032 0.707
vn 0.7072 -0.1438 0.6923
vn 0.8661 -0.1 0.4898
vn 0.8661 -0.1997 0.4583
vn 0.9658 -0.0987 0.2396
vn 0.9658 -0.1472 0.2132
vn 0.9659 -0.0456 0.2547
vn 0.8661 0.004 0.4999
vn 0.7072 0.1502 0.6909
vn 0.5001 0.3543 0.7902
vn 0.2589 0.5687 0.7807
vn -0 0.7431 0.6691
vn -0.2589 0.8359 0.484
vn -0.5001 0.8229 0.2698
vn -0.7072 0.7028 0.0771
vn -0.8661 0.4976 -0.0483
vn -0.966 -0.2476 0.075
vn -0.8661 -0.4976 0.0483
vn -0.7072 -0.7028 -0.0771
vn -0.5001 -0.8229 -0.2698
vn -0.2589 -0.8359 -0.484
vn -0 -0.7431 -0.6691
vn 0.2589 -0.5687 -0.7807
vn 0.5001 -0.3543 -0.7902
vn 0.7072 -0.1502 -0.6909
vn 0.8661 -0.004 -0.4999
vn 0.937 -0.3493 -0
vn -0.9658 -0.2583 0.0209
vn 0.0648 -0.9683 0.2413
vn -0.9658 -0.2569 -0.0343
vn 0.0648 -0.9683 -0.2413
vn -0.9659 -0.2434 -0.0879
vn -0.8661 -0.4742 -0.1583
vn -0.8661 -0.431 -0.2534
vn -0.7072 -0.6107 -0.3563
vn -0.7072 -0.5233 -0.4755
vn -0.5001 -0.642 -0.5812
vn -0.5001 -0.5072 -0.7019
vn -0.2589 -0.5668 -0.7821
vn -0.2589 -0.3918 -0.8829
vn -0 -0.4067 -0.9135
vn -0 -0.2079 -0.9781
vn 0.2589 -0.202 -0.9446
vn 0.2589 -0.0012 -0.9659
vn 0.5001 -0.0023 -0.866
vn 0.5001 0.1778 -0.8475
vn 0.7072 0.1438 -0.6923
vn 0.7072 0.2846 -0.6472
vn 0.8661 0.1997 -0.4583
vn 0.8661 0.2906 -0.4068
vn 0.8661 0.1 -0.4898
vn 0.7072 -0.0032 -0.707
vn 0.5001 -0.1823 -0.8466
vn 0.2589 -0.394 -0.8819
vn -0 -0.5878 -0.809
vn -0.2589 -0.717 -0.6472
vn -0.5001 -0.7488 -0.435
vn -0.7072 -0.6714 -0.2216
vn -0.8661 -0.4968 -0.0562
vn 0.065 -0.8642 -0.4989
vn -0.9588 -0.242 -0.1491
vn -0.8661 -0.3689 -0.3375
vn -0.7072 -0.413 -0.5739
vn -0.5001 -0.3501 -0.792
vn -0.2589 -0.1997 -0.9451
vn 0.2589 0.1997 -0.9451
vn 0.5001 0.3501 -0.792
vn 0.7072 0.413 -0.5739
vn 0.8661 0.3689 -0.3375
vn -0.966 -0.1888 -0.1769
vn -0.8661 -0.2906 -0.4068
vn -0.7072 -0.2846 -0.6472
vn -0.5001 -0.1778 -0.8475
vn -0.2589 0.0012 -0.9659
vn -0 0.2079 -0.9781
vn 0.2589 0.3918 -0.8829
vn 0.5001 0.5072 -0.7019
vn 0.7072 0.5233 -0.4755
vn 0.937 -0.1747 -0.3025
vn -0.9658 -0.1472 -0.2132
vn 0.0648 -0.6931 -0.7179
vn -0.9658 -0.0987 -0.2396
vn 0.0648 -0.2752 -0.9592
vn -0.9659 -0.0456 -0.2547
vn -0.8661 -0.1 -0.4898
vn -0.8661 0.004 -0.4999
vn -0.7072 0.0032 -0.707
vn -0.7072 0.1502 -0.6909
vn -0.5001 0.1823 -0.8466
vn -0.5001 0.3543 -0.7902
vn -0.2589 0.394 -0.8819
vn -0.2589 0.5687 -0.7807
vn -0 0.5878 -0.809
vn -0 0.7431 -0.6691
vn 0.2589 0.717 -0.6472
vn 0.5001 0.642 -0.5812
vn 0.2589 0.5668 -0.7821
vn -0 0.4067 -0.9135
vn 0.065 -0 -0.9979
vn -0.9588 0.0081 -0.2841
vn -0.8661 0.1078 -0.4882
vn -0.7072 0.2905 -0.6446
vn -0.5001 0.5109 -0.6992
vn -0.2589 0.7186 -0.6454
vn -0.966 0.0588 -0.2519
vn -0.8661 0.207 -0.4551
vn -0.7072 0.4182 -0.5701
vn -0.5001 0.6451 -0.5778
vn 0.937 0.1747 -0.3025
vn -0.9658 0.1111 -0.2341
vn 0.0648 0.2752 -0.9592
vn -0.9658 0.1582 -0.2053
vn 0.0648 0.6931 -0.7179
vn -0.9659 0.1978 -0.1668
vn -0.8661 0.3742 -0.3316
vn -0.7072 0.5276 -0.4707
vn -0.8661 0.2971 -0.4021
vn 0.0648 0.9683 0.2413
vn -0.9659 0.2434 0.0879
vn -0.8661 0.431 0.2534
vn -0.7072 0.5233 0.4755
vn -0.5001 0.5072 0.7019
vn -0.2589 0.3918 0.8829
vn 0 0.2079 0.9781
vn 0.2589 0.0012 0.9659
vn 0.5001 -0.1778 0.8475
vn 0.7072 -0.2846 0.6472
vn 0.8661 -0.2906 0.4068
vn 0.966 -0.1887 0.1769
vn 0.065 0.8642 0.4989
vn -0.9588 0.242 0.1491
vn -0.8661 0.3689 0.3375
vn -0.7072 0.413 0.5739
vn -0.5001 0.3501 0.792
vn -0.2589 0.1997 0.9451
vn 0.2589 -0.1997 0.9451
vn 0.5001 -0.3501 0.792
vn 0.7072 -0.413 0.5739
vn 0.8661 -0.3689 0.3375
vn 0.9588 -0.242 0.1491
vn 0.9659 -0.2434 0.0879
vn 0.9658 -0.2569 0.0343
vn 0.9658 -0.2583 -0.0209
vn 0.966 -0.2476 -0.075
vn 0.9588 -0.2501 -0.135
vn -0.966 0.1887 0.1769
vn -0.8661 0.2906 0.4068
vn -0.7072 0.2846 0.6472
vn -0.5001 0.1778 0.8475
vn -0.2589 -0.0012 0.9659
vn -0 -0.2079 0.9781
vn 0.2589 -0.3918 0.8829
vn 0.5001 -0.5072 0.7019
vn 0.7072 -0.5233 0.4755
vn 0.8661 -0.431 0.2534
vn 0.937 0.1747 0.3025
vn -0.9658 0.1472 0.2132
vn 0.0648 0.6931 0.7179
vn -0.9658 0.0987 0.2396
vn 0.0648 0.2752 0.9592
vn -0.9659 0.0456 0.2547
vn -0.8661 0.1 0.4898
vn -0.8661 -0.004 0.4999
vn -0.7072 -0.0032 0.707
vn -0.7072 -0.1502 0.6909
vn -0.5001 -0.1823 0.8466
vn -0.5001 -0.3543 0.7902
vn -0.2589 -0.394 0.8819
vn -0.2589 -0.5687 0.7807
vn -0 -0.5878 0.809
vn 0 -0.7431 0.6691
vn 0.2589 -0.717 0.6472
vn 0.2589 -0.8359 0.484
vn 0.5001 -0.7488 0.435
vn 0.5001 -0.8229 0.2698
vn 0.7072 -0.6714 0.2216
vn 0.7072 -0.7028 0.0771
vn 0.8661 -0.4968 0.0562
vn 0.8661 -0.4976 -0.0483
vn 0.8661 -0.4742 0.1583
vn 0.7072 -0.6107 0.3563
vn 0.5001 -0.642 0.5812
vn 0.2589 -0.5668 0.7821
vn -0 -0.4067 0.9135
vn -0.2589 -0.202 0.9446
vn -0.5001 -0.0023 0.866
vn -0.7072 0.1438 0.6923
vn -0.8661 0.1997 0.4583
vn -0.9588 -0.0081 0.2841
vn -0.8661 -0.1078 0.4882
vn -0.7072 -0.2905 0.6446
vn -0.5001 -0.5109 0.6992
vn -0.2589 -0.7186 0.6454
vn 0.2589 -0.9183 0.2996
vn 0.5001 -0.861 0.0928
vn 0.7072 -0.7035 -0.0707
vn 0.8661 -0.4767 -0.1507
vn 0.966 0.0588 0.2519
vn 0.9658 0.1111 0.2341
vn 0.9658 0.1582 0.2053
vn 0.8661 0.2971 0.4021
vn 0.8661 0.3742 0.3316
vn 0.7072 0.5276 0.4707
vn 0.7072 0.6139 0.3507
vn 0.5001 0.7511 0.431
vn 0.5001 0.8243 0.2654
vn 0.2589 0.919 0.2974
vn 0.2589 0.9607 0.0998
vn -0 0.9945 0.1045
vn -0 0.9945 -0.1045
vn -0.2589 0.9607 -0.0998
vn -0.5001 0.8615 -0.0882
vn 0.9659 0.1978 0.1668
vn 0.8661 0.4349 0.2465
vn 0.7072 0.6734 0.2154
vn 0.5001 0.8615 0.0882
vn 0.2589 0.9605 -0.1021
vn 0.9588 0.2501 0.135
vn 0.8661 0.4767 0.1507
vn 0.7072 0.7035 0.0707
vn 0.5001 0.861 -0.0928
vn 0.966 0.2476 0.075
vn 0.8661 0.4976 0.0483
vn 0.7072 0.7028 -0.0771
vn 0.9658 0.2583 0.0209
vn 0.9658 0.2569 -0.0343
vn 0.8661 0.4968 -0.0562
vn 0.9588 0.0081 0.2841
vn 0.8661 0.1078 0.4882
vn 0.7072 0.2905 0.6446
vn 0.5001 0.5109 0.6992
vn 0.2589 0.7186 0.6454
vn -0.2589 0.9183 0.2996
vn -0.5001 0.861 0.0928
vn -0.7072 0.7035 -0.0707
vn -0.7072 -0.1438 -0.6923
vn -0.8661 -0.1997 -0.4583
vn -0.5001 0.0023 -0.866
vn -0.2589 0.202 -0.9446
vn 0.8661 0.207 0.4551
vn 0.7072 0.4182 0.5701
vn -0.2589 0.9605 0.1021
vn -0 0.9511 0.309
vn 0.2589 0.8371 0.4819
vn 0.5001 0.6451 0.5778
vn 0.9979 0.0125 0.0634
vn 0.9963 0 0.0863
vn 0.9979 0.0229 0.0601
vn 0.997 0.0391 0.0664
vn 0.9979 0.0414 0.049
vn 0.9979 0.049 0.0414
vn 0.997 0.0664 0.0391
vn 0.9979 0.0601 0.0229
vn 0.9979 -0.0229 0.0601
vn 0.9979 -0.0125 0.0634
vn 0.997 -0.0391 0.0664
vn 0.9979 -0.0414 0.049
vn 0.9979 -0.049 0.0414
vn 0.997 -0.0664 0.0391
vn 0.9979 -0.0601 0.0229
vn 0.9979 -0.0634 0.0125
vn 0.9963 -0.0863 0
vn 0.9979 -0.0634 -0.0125
vn 0.9979 -0.0601 -0.0229
vn 0.997 -0.0664 -0.0391
vn 0.9979 -0.049 -0.0414
vn 0.9979 -0.0414 -0.049
vn 0.997 -0.0391 -0.0664
vn 0.9979 -0.0229 -0.0601
vn 0.9979 -0.0125 -0.0634
vn 0.9963 0 -0.0863
vn 0.9979 0.0125 -0.0634
vn 0.9979 0.0229 -0.0601
vn 0.997 0.0391 -0.0664
vn 0.9979 0.0414 -0.049
vn 0.9979 0.049 -0.0414
vn 0.997 0.0664 -0.0391
vn 0.9979 0.0601 -0.0229
vn 0.9979 0.0634 -0.0125
vn 0.9963 0.0863 0
vn 0.9979 0.0634 0.0125
vn 0.065 -0.1935 0.979
vn -0.9659 -0.044 0.255
vn 0.0652 0 0.9979
vn -0.9658 -0.0838 0.2452
vn 0.0648 -0.3553 0.9325
vn -0.9658 -0.1216 0.2291
vn -0.866 -0.2296 0.4441
vn -0.866 -0.2963 0.4027
vn -0.7071 -0.4176 0.5706
vn -0.7071 -0.5017 0.4983
vn -0.5 -0.6136 0.6111
vn -0.5 -0.7016 0.5076
vn -0.2588 -0.782 0.567
vn -0.2588 -0.861 0.4377
vn -0 -0.891 0.454
vn 0.2588 -0.9184 0.2993
vn 0.2588 -0.9539 0.152
vn 0.5 -0.8551 0.1372
vn 0.5 -0.866 0.0017
vn 0.7071 -0.7071 0.0024
vn 0.7071 -0.6987 -0.1082
vn 0.866 -0.4943 -0.0753
vn 0.866 -0.4764 -0.1517
vn 0.9658 -0.2483 -0.0742
vn 0.9658 -0.2337 -0.1126
vn 0.9659 -0.2566 -0.034
vn 0.866 -0.5 0.003
vn 0.7071 -0.698 0.113
vn 0.5 -0.8231 0.2692
vn 0.2588 -0.8602 0.4393
vn 0 -0.809 0.5878
vn -0.2588 -0.6836 0.6824
vn -0.5 -0.5104 0.6996
vn -0.7071 -0.3232 0.6289
vn -0.866 -0.1573 0.4746
vn 0.0646 -0.5068 0.8596
vn -0.9657 -0.1564 0.2072
vn -0.866 -0.3556 0.3514
vn -0.7071 -0.5735 0.4136
vn -0.5 -0.7724 0.3916
vn -0.2588 -0.9189 0.2976
vn -0 -0.9877 0.1564
vn 0.2588 -0.9659 0.0009
vn 0.5 -0.8556 -0.1338
vn 0.7071 -0.6732 -0.2162
vn 0.866 -0.4468 -0.2243
vn 0.9657 -0.2132 -0.1482
vn 0.0646 -0.6438 0.7625
vn -0.9657 -0.1871 0.18
vn -0.866 -0.4062 0.2915
vn -0.7071 -0.6311 0.3188
vn -0.5 -0.8241 0.266
vn -0.2588 -0.9542 0.1502
vn 0.2588 -0.9542 -0.1502
vn 0.5 -0.8241 -0.266
vn 0.7071 -0.6311 -0.3188
vn 0.866 -0.4062 -0.2914
vn 0.9657 -0.1871 -0.18
vn 0.9364 -0.2681 0.2263
vn -0.9657 -0.2132 0.1482
vn -0.866 -0.4468 0.2243
vn -0.7071 -0.6732 0.2162
vn -0.5 -0.8556 0.1338
vn -0.2588 -0.9659 -0.0009
vn 0 -0.9877 -0.1564
vn 0.2588 -0.9189 -0.2976
vn 0.5 -0.7724 -0.3916
vn 0.7071 -0.5735 -0.4136
vn 0.866 -0.3556 -0.3514
vn 0.9657 -0.1564 -0.2072
vn 0.0646 -0.8596 0.5068
vn -0.9658 -0.2337 0.1126
vn -0.866 -0.4764 0.1517
vn -0.7071 -0.6987 0.1082
vn -0.5 -0.866 -0.0017
vn -0.2588 -0.9539 -0.152
vn 0.2588 -0.861 -0.4377
vn 0.5 -0.7016 -0.5076
vn 0.7071 -0.5017 -0.4983
vn 0.866 -0.2963 -0.4027
vn 0.9658 -0.1216 -0.2291
vn 0.0648 -0.9325 0.3553
vn -0.9658 -0.2483 0.0742
vn -0.866 -0.4943 0.0753
vn -0.7071 -0.7071 -0.0024
vn -0.5 -0.8551 -0.1372
vn -0.2588 -0.9184 -0.2993
vn -0 -0.891 -0.454
vn 0.2588 -0.782 -0.567
vn 0.5 -0.6136 -0.6111
vn 0.7071 -0.4176 -0.5706
vn 0.866 -0.2296 -0.4441
vn 0.9658 -0.0838 -0.2452
vn 0.065 -0.979 0.1935
vn -0.9659 -0.2566 0.034
vn -0.866 -0.5 -0.003
vn -0.7071 -0.698 -0.113
vn -0.5 -0.8231 -0.2692
vn -0.2588 -0.8602 -0.4393
vn -0 -0.809 -0.5878
vn 0.2588 -0.6836 -0.6824
vn 0.5 -0.5104 -0.6996
vn 0.7071 -0.3232 -0.6289
vn 0.866 -0.1573 -0.4746
vn 0.9659 -0.044 -0.255
vn -0.8818 -0.4716 0
vn -0.9588 -0.2841 -0.0061
vn -0.866 -0.4933 -0.0812
vn -0.7071 -0.6717 -0.2208
vn -0.5 -0.7708 -0.3947
vn -0.2588 -0.7809 -0.5685
vn 0.2588 -0.5685 -0.7809
vn 0.5 -0.3947 -0.7708
vn 0.7071 -0.2208 -0.6717
vn 0.866 -0.0812 -0.4933
vn 0.9588 -0.0061 -0.2841
vn 0.9659 0.034 -0.2566
vn 0.9658 0.0742 -0.2483
vn 0.9658 0.1126 -0.2337
vn 0.9657 0.1482 -0.2132
vn 0.9657 0.18 -0.1871
vn 0.9657 0.2072 -0.1564
vn 0.9658 0.2291 -0.1216
vn 0.9658 0.2452 -0.0838
vn 0.9659 0.255 -0.044
vn 0.9588 0.2841 -0.0061
vn 0.9659 0.2566 0.034
vn 0.866 0.5 -0.003
vn 0.866 0.4943 0.0753
vn 0.7071 0.7071 -0.0024
vn 0.7071 0.6987 0.1082
vn 0.5 0.866 -0.0017
vn 0.5 0.8556 0.1338
vn 0.2588 0.9659 -0.0009
vn 0.2588 0.9542 0.1502
vn 0 0.9877 0.1564
vn -0.2588 0.9659 0.0009
vn -0.2588 0.9539 0.152
vn -0.5 0.866 0.0017
vn -0.5 0.8551 0.1372
vn -0.7071 0.7071 0.0024
vn -0.7071 0.698 0.113
vn -0.866 0.5 0.003
vn -0.866 0.4933 0.0812
vn -0.9588 0.2841 0.0061
vn -0.9659 0.255 0.044
vn -0.8818 0.4716 0
vn 0.065 0.979 0.1935
vn -0.9658 0.2452 0.0838
vn 0.0648 0.9325 0.3553
vn -0.9658 0.2291 0.1216
vn -0.866 0.4441 0.2296
vn -0.866 0.4027 0.2963
vn -0.7071 0.5706 0.4176
vn -0.7071 0.4983 0.5017
vn -0.5 0.6111 0.6136
vn -0.5 0.5076 0.7016
vn -0.2588 0.567 0.782
vn -0.2588 0.4377 0.861
vn 0 0.454 0.891
vn -0 0.309 0.9511
vn 0.2588 0.2993 0.9184
vn 0.2588 0.152 0.9539
vn 0.5 0.1372 0.8551
vn 0.5 0.0017 0.866
vn 0.7071 0.0024 0.7071
vn 0.7071 -0.1082 0.6987
vn 0.866 -0.0753 0.4943
vn 0.866 -0.1517 0.4764
vn 0.9658 -0.0742 0.2483
vn 0.9658 -0.1126 0.2337
vn 0.9659 -0.034 0.2566
vn 0.866 0.003 0.5
vn 0.7071 0.113 0.698
vn 0.5 0.2692 0.8231
vn 0.2588 0.4393 0.8602
vn -0.2588 0.6824 0.6836
vn -0.5 0.6996 0.5104
vn -0.7071 0.6289 0.3232
vn -0.866 0.4746 0.1573
vn -0.9659 -0.255 -0.044
vn -0.866 -0.4746 -0.1573
vn -0.7071 -0.6289 -0.3232
vn -0.5 -0.6996 -0.5104
vn -0.2588 -0.6824 -0.6836
vn 0.2588 -0.4393 -0.8602
vn 0.5 -0.2692 -0.8231
vn 0.7071 -0.113 -0.698
vn 0.866 -0.003 -0.5
vn 0.0648 -0.9325 -0.3553
vn -0.9658 -0.2452 -0.0838
vn 0.9356 -0.3463 -0.0684
vn -0.9658 -0.2291 -0.1216
vn 0.0646 -0.8596 -0.5068
vn -0.9657 -0.2072 -0.1564
vn -0.866 -0.4027 -0.2963
vn -0.866 -0.3514 -0.3556
vn -0.7071 -0.4983 -0.5017
vn -0.7071 -0.4136 -0.5735
vn -0.5 -0.5076 -0.7016
vn -0.5 -0.3916 -0.7724
vn -0.2588 -0.4377 -0.861
vn -0.2588 -0.2976 -0.9189
vn -0 -0.309 -0.9511
vn 0 -0.1564 -0.9877
vn 0.2588 -0.152 -0.9539
vn 0.2588 -0.0009 -0.9659
vn 0.5 -0.0017 -0.866
vn 0.5 0.1338 -0.8556
vn 0.7071 0.1082 -0.6987
vn 0.7071 0.2162 -0.6732
vn 0.866 0.1517 -0.4764
vn 0.866 0.2243 -0.4468
vn 0.866 0.0753 -0.4943
vn 0.7071 -0.0024 -0.7071
vn 0.5 -0.1372 -0.8551
vn 0.2588 -0.2993 -0.9184
vn 0 -0.454 -0.891
vn -0.2588 -0.567 -0.782
vn -0.5 -0.6111 -0.6136
vn -0.7071 -0.5706 -0.4176
vn -0.866 -0.4441 -0.2296
vn 0.0646 -0.7625 -0.6438
vn -0.9657 -0.18 -0.1871
vn -0.866 -0.2915 -0.4062
vn -0.7071 -0.3188 -0.6311
vn -0.5 -0.266 -0.8241
vn -0.2588 -0.1502 -0.9542
vn 0.2588 0.1502 -0.9542
vn 0.5 0.266 -0.8241
vn 0.7071 0.3188 -0.6311
vn 0.866 0.2914 -0.4062
vn 0.0646 -0.6438 -0.7625
vn -0.9657 -0.1482 -0.2132
vn -0.866 -0.2243 -0.4468
vn -0.7071 -0.2162 -0.6732
vn -0.5 -0.1338 -0.8556
vn -0.2588 0.0009 -0.9659
vn -0 0.1564 -0.9877
vn 0.2588 0.2976 -0.9189
vn 0.5 0.3916 -0.7724
vn 0.7071 0.4136 -0.5735
vn 0.866 0.3514 -0.3556
vn 0.9363 -0.1783 -0.3025
vn -0.9658 -0.1126 -0.2337
vn -0.866 -0.1517 -0.4764
vn -0.7071 -0.1082 -0.6987
vn -0.5 0.0017 -0.866
vn -0.2588 0.152 -0.9539
vn 0 0.309 -0.9511
vn 0.2588 0.4377 -0.861
vn 0.5 0.5076 -0.7016
vn 0.7071 0.4983 -0.5017
vn 0.866 0.4027 -0.2963
vn 0.0648 -0.3553 -0.9325
vn -0.9658 -0.0742 -0.2483
vn -0.866 -0.0753 -0.4943
vn -0.7071 0.0024 -0.7071
vn -0.5 0.1372 -0.8551
vn -0.2588 0.2993 -0.9184
vn -0 0.454 -0.891
vn 0.2588 0.567 -0.782
vn 0.5 0.6111 -0.6136
vn 0.7071 0.5706 -0.4176
vn 0.866 0.4441 -0.2296
vn 0.065 -0.1935 -0.979
vn -0.9659 -0.034 -0.2566
vn -0.866 0.003 -0.5
vn -0.7071 0.113 -0.698
vn -0.5 0.2692 -0.8231
vn -0.2588 0.4393 -0.8602
vn 0.2588 0.6824 -0.6836
vn 0.5 0.6996 -0.5104
vn 0.7071 0.6289 -0.3232
vn 0.866 0.4746 -0.1573
vn -0.8818 0 -0.4716
vn -0.9588 0.0061 -0.2841
vn -0.866 0.0812 -0.4933
vn -0.7071 0.2208 -0.6717
vn -0.5 0.3947 -0.7708
vn -0.2588 0.5685 -0.7809
vn 0.2588 0.7809 -0.5685
vn 0.5 0.7708 -0.3947
vn 0.7071 0.6717 -0.2208
vn 0.866 0.4933 -0.0812
vn -0.9659 0.044 -0.255
vn -0.866 0.1573 -0.4746
vn -0.7071 0.3232 -0.6289
vn -0.5 0.5104 -0.6996
vn -0.2588 0.6836 -0.6824
vn 0 0.809 -0.5878
vn 0.2588 0.8602 -0.4393
vn 0.5 0.8231 -0.2692
vn 0.7071 0.698 -0.113
vn 0.0648 0.3553 -0.9325
vn -0.9658 0.0838 -0.2452
vn 0.065 0.1935 -0.979
vn -0.9658 0.1216 -0.2291
vn 0.9363 0.1783 -0.3025
vn -0.9657 0.1564 -0.2072
vn -0.866 0.2963 -0.4027
vn -0.866 0.3556 -0.3514
vn -0.7071 0.5017 -0.4983
vn -0.7071 0.5735 -0.4136
vn -0.5 0.7016 -0.5076
vn -0.5 0.7724 -0.3916
vn -0.2588 0.861 -0.4377
vn -0.2588 0.9189 -0.2976
vn -0 0.9877 -0.1564
vn 0.2588 0.9539 -0.152
vn 0.5 0.8551 -0.1372
vn 0.2588 0.9184 -0.2993
vn 0 0.891 -0.454
vn 0.0646 0.6438 -0.7625
vn -0.9657 0.1871 -0.18
vn -0.866 0.4062 -0.2915
vn -0.7071 0.6311 -0.3188
vn -0.5 0.8241 -0.266
vn -0.2588 0.9542 -0.1502
vn 0.0646 0.7625 -0.6438
vn -0.9657 0.2132 -0.1482
vn -0.866 0.4468 -0.2243
vn -0.7071 0.6732 -0.2162
vn -0.5 0.8556 -0.1338
vn 0.0646 0.8596 -0.5068
vn -0.9658 0.2337 -0.1126
vn -0.866 0.4764 -0.1517
vn -0.7071 0.6987 -0.1082
vn 0.0648 0.9325 -0.3553
vn -0.9658 0.2483 -0.0742
vn -0.866 0.4943 -0.0753
vn 0.9356 0.3463 -0.0684
vn -0.9659 0.2566 -0.034
vn 0.0646 0.8596 0.5068
vn -0.9657 0.2072 0.1564
vn -0.866 0.3514 0.3556
vn -0.7071 0.4136 0.5735
vn -0.5 0.3916 0.7724
vn -0.2588 0.2976 0.9189
vn -0 0.1564 0.9877
vn 0.2588 0.0009 0.9659
vn 0.5 -0.1338 0.8556
vn 0.7071 -0.2162 0.6732
vn 0.866 -0.2243 0.4468
vn 0.9657 -0.1482 0.2132
vn 0.9364 0.2681 0.2263
vn -0.9657 0.18 0.1871
vn -0.866 0.2915 0.4062
vn -0.7071 0.3188 0.6311
vn -0.5 0.266 0.8241
vn -0.2588 0.1502 0.9542
vn 0.2588 -0.1502 0.9542
vn 0.5 -0.266 0.8241
vn 0.7071 -0.3188 0.6311
vn 0.866 -0.2914 0.4062
vn 0.9657 -0.18 0.1871
vn 0.0646 0.6438 0.7625
vn -0.9657 0.1482 0.2132
vn -0.866 0.2243 0.4468
vn -0.7071 0.2162 0.6732
vn -0.5 0.1338 0.8556
vn -0.2588 -0.0009 0.9659
vn 0 -0.1564 0.9877
vn 0.2588 -0.2976 0.9189
vn 0.5 -0.3916 0.7724
vn 0.7071 -0.4136 0.5735
vn 0.866 -0.3514 0.3556
vn 0.9657 -0.2072 0.1564
vn 0.0646 0.5068 0.8596
vn -0.9658 0.1126 0.2337
vn -0.866 0.1517 0.4764
vn -0.7071 0.1082 0.6987
vn -0.5 -0.0017 0.866
vn -0.2588 -0.152 0.9539
vn 0 -0.309 0.9511
vn 0.2588 -0.4377 0.861
vn 0.5 -0.5076 0.7016
vn 0.7071 -0.4983 0.5017
vn 0.866 -0.4027 0.2963
vn 0.9658 -0.2291 0.1216
vn 0.0648 0.3553 0.9325
vn -0.9658 0.0742 0.2483
vn -0.866 0.0753 0.4943
vn -0.7071 -0.0024 0.7071
vn -0.5 -0.1372 0.8551
vn -0.2588 -0.2993 0.9184
vn -0 -0.454 0.891
vn 0.2588 -0.567 0.782
vn 0.5 -0.6111 0.6136
vn 0.7071 -0.5706 0.4176
vn 0.866 -0.4441 0.2296
vn 0.9658 -0.2452 0.0838
vn 0.065 0.1935 0.979
vn -0.9659 0.034 0.2566
vn -0.866 -0.003 0.5
vn -0.7071 -0.113 0.698
vn -0.5 -0.2692 0.8231
vn -0.2588 -0.4393 0.8602
vn 0.2588 -0.6824 0.6836
vn 0.5 -0.6996 0.5104
vn 0.7071 -0.6289 0.3232
vn 0.866 -0.4746 0.1573
vn 0.9659 -0.255 0.044
vn -0.9588 -0.0061 0.2841
vn -0.866 -0.0812 0.4933
vn -0.7071 -0.2208 0.6717
vn -0.5 -0.3947 0.7708
vn -0.2588 -0.5685 0.7809
vn 0.2588 -0.7809 0.5685
vn 0.5 -0.7708 0.3947
vn 0.7071 -0.6717 0.2208
vn 0.866 -0.4933 0.0812
vn 0.9588 -0.2841 0.0061
vn 0.9659 0.044 0.255
vn 0.9658 0.0838 0.2452
vn 0.9658 0.1216 0.2291
vn 0.866 0.2296 0.4441
vn 0.866 0.2963 0.4027
vn 0.7071 0.4176 0.5706
vn 0.7071 0.5017 0.4983
vn 0.5 0.6136 0.6111
vn 0.5 0.7016 0.5076
vn 0.2588 0.782 0.567
vn 0.2588 0.861 0.4377
vn 0 0.891 0.454
vn -0.2588 0.9184 0.2993
vn -0.5 0.8231 0.2692
vn 0.9657 0.1564 0.2072
vn 0.866 0.3556 0.3514
vn 0.7071 0.5735 0.4136
vn 0.5 0.7724 0.3916
vn 0.2588 0.9189 0.2976
vn 0.9657 0.1871 0.18
vn 0.866 0.4062 0.2914
vn 0.7071 0.6311 0.3188
vn 0.5 0.8241 0.266
vn 0.9657 0.2132 0.1482
vn 0.866 0.4468 0.2243
vn 0.7071 0.6732 0.2162
vn 0.9658 0.2337 0.1126
vn 0.866 0.4764 0.1517
vn 0.9658 0.2483 0.0742
vn 0.9588 0.0061 0.2841
vn 0.866 0.0812 0.4933
vn 0.7071 0.2208 0.6717
vn 0.5 0.3947 0.7708
vn 0.2588 0.5685 0.7809
vn -0.2588 0.7809 0.5685
vn -0.5 0.7708 0.3947
vn -0.7071 0.6717 0.2208
vn 0.866 0.1573 0.4746
vn 0.7071 0.3232 0.6289
vn -0.866 0.2296 -0.4441
vn -0.7071 0.4176 -0.5706
vn -0.5 0.6136 -0.6111
vn -0.2588 0.782 -0.567
vn -0.2588 0.8602 0.4393
vn -0 0.809 0.5878
vn 0.2588 0.6836 0.6824
vn 0.5 0.5104 0.6996
vn 0.9979 0.0107 0.064
vn 0.9962 -0 0.0866
vn 0.9979 0.0197 0.0616
vn 0.9979 0.0282 0.058
vn 0.9979 0.0361 0.0533
vn 0.9979 0.0432 0.0476
vn 0.997 0.0594 0.0491
vn 0.9979 0.0548 0.0334
vn 0.9979 -0.0197 0.0616
vn 0.9979 -0.0107 0.064
vn 0.9979 -0.0282 0.058
vn 0.9979 -0.0361 0.0533
vn 0.9979 -0.0432 0.0476
vn 0.997 -0.0594 0.0491
vn 0.9979 -0.0548 0.0334
vn 0.9979 -0.059 0.0253
vn 0.9979 -0.0621 0.0166
vn 0.9979 -0.0639 0.0076
vn 0.9979 -0.0644 -0.0015
vn 0.997 -0.0764 -0.0129
vn 0.9979 -0.0617 -0.0198
vn 0.9972 -0.066 -0.0341
vn 0.9979 -0.052 -0.0389
vn 0.9979 -0.0458 -0.0457
vn 0.9979 -0.0387 -0.0517
vn 0.997 -0.037 -0.0678
vn 0.9979 -0.0225 -0.0603
vn 0.9979 -0.0137 -0.0628
vn 0.9979 -0.0046 -0.0641
vn 0.9979 0.0046 -0.0641
vn 0.9979 0.0137 -0.0628
vn 0.9979 0.0225 -0.0603
vn 0.997 0.037 -0.0678
vn 0.9979 0.0387 -0.0517
vn 0.9979 0.0458 -0.0457
vn 0.9979 0.052 -0.0389
vn 0.9972 0.066 -0.0341
vn 0.9979 0.0617 -0.0198
vn 0.997 0.0764 -0.0129
vn 0.9979 0.0644 -0.0015
vn 0.9979 0.0639 0.0076
vn 0.9979 0.0621 0.0166
vn 0.9979 0.059 0.0253
vn -0.3224 -0.1562 0.9336
vn -0.9659 -0.0382 0.256
vn -0.3225 0 0.9466
vn -0.9659 -0.073 0.2486
vn -0.3223 -0.2877 0.9019
vn -0.9658 -0.1065 0.2364
vn -0.866 -0.2016 0.4575
vn -0.866 -0.262 0.4258
vn -0.7071 -0.3692 0.603
vn -0.7071 -0.4479 0.5471
vn -0.5 -0.5477 0.6708
vn -0.5 -0.6339 0.59
vn -0.2588 -0.7065 0.6587
vn -0.2588 -0.7896 0.5564
vn 0 -0.817 0.5767
vn 0 -0.8879 0.4601
vn 0.2588 -0.8573 0.4451
vn 0.2588 -0.9099 0.3242
vn 0.5 -0.8155 0.2914
vn 0.5 -0.8476 0.1777
vn 0.7071 -0.6919 0.1459
vn 0.7071 -0.7053 0.0504
vn 0.866 -0.4986 0.0367
vn 0.866 -0.499 -0.0315
vn 0.9658 -0.259 -0.0142
vn 0.9658 -0.2544 -0.0495
vn 0.9657 -0.2587 0.0214
vn 0.866 -0.489 0.1043
vn 0.7071 -0.6655 0.2388
vn 0.5 -0.7682 0.3997
vn 0.2588 -0.7887 0.5577
vn 0 -0.7308 0.6826
vn -0.2588 -0.6102 0.7488
vn -0.5 -0.4512 0.7392
vn -0.7071 -0.2836 0.6477
vn -0.866 -0.1374 0.4807
vn -0.3222 -0.4133 0.8517
vn -0.9657 -0.138 0.2198
vn -0.866 -0.3175 0.3862
vn -0.7071 -0.5182 0.4811
vn -0.5 -0.7084 0.4982
vn -0.2588 -0.858 0.4437
vn 0 -0.9423 0.3349
vn 0.2588 -0.9456 0.1973
vn 0.5 -0.8639 0.0606
vn 0.7071 -0.7056 -0.0461
vn 0.866 -0.49 -0.0992
vn 0.9659 -0.245 -0.0838
vn -0.3221 -0.5304 0.7842
vn -0.9657 -0.1668 0.1989
vn -0.866 -0.3672 0.3394
vn -0.7071 -0.5789 0.406
vn -0.5 -0.7696 0.3971
vn -0.2588 -0.9104 0.3227
vn 0 -0.9791 0.2035
vn 0.2588 -0.9636 0.0667
vn 0.5 -0.8641 -0.0576
vn 0.7071 -0.6927 -0.1418
vn 0.866 -0.472 -0.165
vn 0.9588 -0.2547 -0.126
vn 0.9659 -0.2147 -0.1444
vn 0.9659 -0.1931 -0.1726
vn 0.9658 -0.1678 -0.1977
vn 0.9658 -0.1392 -0.2189
vn 0.9657 -0.108 -0.2361
vn 0.9657 -0.0747 -0.2488
vn 0.9657 -0.0399 -0.2567
vn 0.9657 -0.0044 -0.2598
vn 0.9657 0.0312 -0.2579
vn 0.9657 0.0662 -0.2511
vn 0.9657 0.0999 -0.2396
vn 0.9658 0.1317 -0.2235
vn 0.9658 0.1609 -0.2032
vn 0.9659 0.1871 -0.1791
vn 0.966 0.2096 -0.1516
vn 0.9588 0.2499 -0.1354
vn 0.9659 0.242 -0.092
vn 0.866 0.4427 -0.2323
vn 0.866 0.4702 -0.1699
vn 0.7071 0.6268 -0.3272
vn 0.7071 0.6655 -0.2388
vn 0.5 0.7682 -0.3997
vn 0.5 0.8155 -0.2914
vn 0.2588 0.8573 -0.4451
vn 0.2588 0.9099 -0.3242
vn 0 0.8879 -0.4601
vn 0 0.9423 -0.3349
vn -0.2588 0.858 -0.4437
vn -0.2588 0.9104 -0.3227
vn -0.5 0.7696 -0.3971
vn -0.5 0.8165 -0.2886
vn -0.7071 0.6288 -0.3234
vn -0.7071 0.667 -0.2348
vn -0.866 0.4451 -0.2277
vn -0.866 0.472 -0.165
vn -0.9588 0.2547 -0.126
vn -0.9659 0.245 -0.0838
vn -0.3225 0.8411 -0.4341
vn -0.3224 0.9015 -0.2889
vn -0.9658 0.2544 -0.0495
vn -0.3222 0.9335 -0.1575
vn -0.9658 0.259 -0.0142
vn -0.866 0.499 -0.0315
vn -0.866 0.4986 0.0367
vn -0.7071 0.7053 0.0504
vn -0.7071 0.6919 0.1459
vn -0.5 0.8476 0.1777
vn -0.5 0.8155 0.2914
vn -0.2588 0.9099 0.3242
vn -0.2588 0.8573 0.4451
vn 0 0.8879 0.4601
vn 0 0.817 0.5767
vn 0.2588 0.7896 0.5564
vn 0.2588 0.7065 0.6587
vn 0.5 0.6339 0.59
vn 0.5 0.5477 0.6708
vn 0.7071 0.4479 0.5472
vn 0.7071 0.3692 0.603
vn 0.866 0.262 0.4258
vn 0.866 0.2016 0.4575
vn 0.9658 0.1065 0.2364
vn 0.9659 0.073 0.2486
vn 0.9657 0.138 0.2198
vn 0.866 0.3175 0.3862
vn 0.7071 0.5182 0.4811
vn 0.5 0.7084 0.4982
vn 0.2588 0.858 0.4437
vn 0 0.9423 0.3349
vn -0.2588 0.9456 0.1973
vn -0.5 0.8639 0.0606
vn -0.7071 0.7056 -0.0461
vn -0.866 0.49 -0.0992
vn -0.322 -0.6367 0.7007
vn -0.9657 -0.1926 0.1743
vn -0.866 -0.41 0.2862
vn -0.7071 -0.6288 0.3234
vn -0.5 -0.8165 0.2886
vn -0.2588 -0.9459 0.1958
vn 0 -0.9977 0.0682
vn 0.2588 -0.9637 -0.0651
vn 0.5 -0.8482 -0.1747
vn 0.7071 -0.667 -0.2348
vn 0.866 -0.4451 -0.2277
vn -0.322 -0.73 0.6029
vn -0.9657 -0.2147 0.1463
vn -0.866 -0.4451 0.2277
vn -0.7071 -0.667 0.2348
vn -0.5 -0.8482 0.1747
vn -0.2588 -0.9637 0.0651
vn 0 -0.9977 -0.0682
vn 0.2588 -0.9459 -0.1958
vn 0.5 -0.8165 -0.2886
vn 0.7071 -0.6288 -0.3234
vn 0.866 -0.41 -0.2862
vn -0.322 -0.8084 0.4928
vn -0.9657 -0.2327 0.1156
vn -0.866 -0.472 0.165
vn -0.7071 -0.6927 0.1418
vn -0.5 -0.8641 0.0576
vn -0.2588 -0.9636 -0.0667
vn 0 -0.9791 -0.2035
vn 0.2588 -0.9104 -0.3227
vn 0.5 -0.7696 -0.3971
vn 0.7071 -0.5789 -0.406
vn 0.866 -0.3672 -0.3394
vn -0.322 -0.8703 0.3726
vn -0.9657 -0.2463 0.0826
vn -0.866 -0.49 0.0992
vn -0.7071 -0.7056 0.0461
vn -0.5 -0.8639 -0.0606
vn -0.2588 -0.9456 -0.1973
vn 0 -0.9423 -0.3349
vn 0.2588 -0.858 -0.4437
vn 0.5 -0.7084 -0.4982
vn 0.7071 -0.5182 -0.4811
vn 0.866 -0.3175 -0.3862
vn -0.322 -0.9145 0.2449
vn -0.9657 -0.2552 0.0481
vn -0.866 -0.499 0.0315
vn -0.7071 -0.7053 -0.0504
vn -0.5 -0.8476 -0.1777
vn -0.2588 -0.9099 -0.3242
vn 0 -0.8879 -0.4601
vn 0.2588 -0.7896 -0.5564
vn 0.5 -0.6339 -0.59
vn 0.7071 -0.4479 -0.5472
vn 0.866 -0.262 -0.4258
vn -0.3221 -0.9401 0.1121
vn -0.9657 -0.2593 0.0127
vn -0.866 -0.4986 -0.0367
vn -0.7071 -0.6919 -0.1459
vn -0.5 -0.8155 -0.2914
vn -0.2588 -0.8573 -0.4451
vn 0 -0.817 -0.5767
vn 0.2588 -0.7065 -0.6587
vn 0.5 -0.5477 -0.6708
vn 0.7071 -0.3692 -0.603
vn 0.866 -0.2016 -0.4575
vn -0.3221 -0.9464 -0.0229
vn -0.9658 -0.2584 -0.0229
vn -0.866 -0.489 -0.1043
vn -0.7071 -0.6655 -0.2388
vn -0.5 -0.7682 -0.3997
vn -0.2588 -0.7887 -0.5577
vn 0 -0.7308 -0.6826
vn 0.2588 -0.6102 -0.7488
vn 0.5 -0.4512 -0.7392
vn 0.7071 -0.2836 -0.6477
vn 0.866 -0.1374 -0.4807
vn -0.3222 -0.9335 -0.1575
vn -0.9658 -0.2526 -0.0581
vn -0.866 -0.4702 -0.1699
vn -0.7071 -0.6268 -0.3272
vn -0.5 -0.7066 -0.5006
vn -0.2588 -0.7054 -0.6599
vn 0 -0.6311 -0.7757
vn 0.2588 -0.5025 -0.8249
vn 0.5 -0.3464 -0.7937
vn 0.7071 -0.1928 -0.6803
vn 0.866 -0.0707 -0.495
vn -0.3224 -0.9015 -0.2889
vn -0.9659 -0.242 -0.092
vn -0.866 -0.4427 -0.2323
vn -0.7071 -0.5764 -0.4095
vn -0.5 -0.6319 -0.5922
vn -0.2588 -0.609 -0.7498
vn 0 -0.5196 -0.8544
vn 0.2588 -0.3855 -0.8856
vn 0.5 -0.2351 -0.8335
vn 0.7071 -0.0984 -0.7002
vn 0.866 -0.0026 -0.5
vn -0.3225 -0.8411 -0.4341
vn -0.9588 -0.2499 -0.1354
vn -0.866 -0.407 -0.2904
vn -0.7071 -0.5153 -0.4842
vn -0.5 -0.5454 -0.6727
vn -0.2588 -0.5012 -0.8257
vn 0 -0.3984 -0.9172
vn 0.2588 -0.2613 -0.9299
vn 0.5 -0.1194 -0.8577
vn 0.7071 -0.0021 -0.7071
vn 0.866 0.0655 -0.4957
vn -0.966 -0.2096 -0.1516
vn -0.866 -0.3636 -0.3432
vn -0.7071 -0.4446 -0.5498
vn -0.5 -0.4487 -0.7407
vn -0.2588 -0.3841 -0.8863
vn 0 -0.2698 -0.9629
vn 0.2588 -0.1323 -0.9568
vn 0.5 -0.0015 -0.866
vn 0.7071 0.0942 -0.7008
vn 0.866 0.1324 -0.4821
vn -0.3223 -0.6698 -0.6689
vn -0.9659 -0.1871 -0.1791
vn -0.3224 -0.7583 -0.5666
vn -0.9658 -0.1609 -0.2032
vn -0.3222 -0.5677 -0.7576
vn -0.9658 -0.1317 -0.2235
vn -0.866 -0.2576 -0.4285
vn -0.866 -0.1968 -0.4596
vn -0.7071 -0.2798 -0.6494
vn -0.7071 -0.1887 -0.6814
vn -0.5 -0.2322 -0.8343
vn -0.5 -0.1164 -0.8581
vn -0.2588 -0.1308 -0.957
vn -0.2588 0.0008 -0.9659
vn 0 0.1362 -0.9907
vn 0.2588 0.1308 -0.957
vn 0.2588 0.2599 -0.9303
vn 0.5 0.2322 -0.8343
vn 0.5 0.3436 -0.7949
vn 0.7071 0.2798 -0.6494
vn 0.7071 0.3656 -0.6052
vn 0.866 0.2576 -0.4285
vn 0.866 0.3135 -0.3895
vn 0.866 0.1968 -0.4596
vn 0.7071 0.1887 -0.6814
vn 0.5 0.1164 -0.8581
vn 0.2588 -0.0008 -0.9659
vn 0 -0.1362 -0.9907
vn -0.2588 -0.2599 -0.9303
vn -0.5 -0.3436 -0.7949
vn -0.7071 -0.3656 -0.6052
vn -0.866 -0.3135 -0.3895
vn -0.3221 -0.454 -0.8307
vn -0.9657 -0.0999 -0.2396
vn -0.866 -0.1324 -0.4821
vn -0.7071 -0.0942 -0.7008
vn -0.5 0.0015 -0.866
vn -0.2588 0.1323 -0.9568
vn 0 0.2698 -0.9629
vn 0.2588 0.3841 -0.8863
vn 0.5 0.4487 -0.7407
vn 0.7071 0.4446 -0.5498
vn 0.866 0.3636 -0.3432
vn -0.322 -0.3311 -0.887
vn -0.9657 -0.0662 -0.2511
vn -0.866 -0.0655 -0.4957
vn -0.7071 0.0021 -0.7071
vn -0.5 0.1194 -0.8577
vn -0.2588 0.2613 -0.9299
vn 0 0.3984 -0.9172
vn 0.2588 0.5012 -0.8257
vn 0.5 0.5454 -0.6727
vn 0.7071 0.5153 -0.4842
vn 0.866 0.407 -0.2904
vn -0.322 -0.2014 -0.9251
vn -0.9657 -0.0312 -0.2579
vn -0.866 0.0026 -0.5
vn -0.7071 0.0984 -0.7002
vn -0.5 0.2351 -0.8335
vn -0.2588 0.3855 -0.8856
vn 0 0.5196 -0.8544
vn 0.2588 0.609 -0.7498
vn 0.5 0.6319 -0.5922
vn 0.7071 0.5764 -0.4095
vn -0.322 -0.0676 -0.9443
vn -0.9657 0.0044 -0.2598
vn -0.866 0.0707 -0.495
vn -0.7071 0.1928 -0.6803
vn -0.5 0.3464 -0.7937
vn -0.2588 0.5025 -0.8249
vn 0 0.6311 -0.7757
vn 0.2588 0.7054 -0.6599
vn 0.5 0.7066 -0.5006
vn -0.322 0.0676 -0.9443
vn -0.9657 0.0399 -0.2567
vn -0.866 0.1374 -0.4807
vn -0.7071 0.2836 -0.6477
vn -0.5 0.4512 -0.7392
vn -0.2588 0.6102 -0.7488
vn 0 0.7308 -0.6826
vn 0.2588 0.7887 -0.5577
vn -0.322 0.2014 -0.9251
vn -0.9657 0.0747 -0.2488
vn -0.866 0.2016 -0.4575
vn -0.7071 0.3692 -0.603
vn -0.5 0.5477 -0.6708
vn -0.2588 0.7065 -0.6587
vn 0 0.817 -0.5767
vn -0.322 0.3311 -0.887
vn -0.9657 0.108 -0.2361
vn -0.866 0.262 -0.4258
vn -0.7071 0.4479 -0.5471
vn -0.5 0.6339 -0.59
vn -0.2588 0.7896 -0.5564
vn -0.3221 0.454 -0.8307
vn -0.9658 0.1392 -0.2189
vn -0.866 0.3175 -0.3862
vn -0.7071 0.5182 -0.4811
vn -0.5 0.7084 -0.4982
vn -0.3222 0.5677 -0.7576
vn -0.9658 0.1678 -0.1977
vn -0.866 0.3672 -0.3394
vn -0.7071 0.5789 -0.406
vn -0.3223 0.6698 -0.6689
vn -0.9659 0.1931 -0.1726
vn -0.866 0.41 -0.2862
vn -0.3224 0.7583 -0.5666
vn -0.9659 0.2147 -0.1444
vn -0.3221 0.9464 -0.0229
vn -0.9657 0.2587 0.0214
vn -0.866 0.489 0.1043
vn -0.7071 0.6655 0.2388
vn -0.5 0.7682 0.3997
vn -0.2588 0.7887 0.5577
vn -0 0.7308 0.6826
vn 0.2588 0.6102 0.7488
vn 0.5 0.4512 0.7392
vn 0.7071 0.2836 0.6477
vn 0.866 0.1374 0.4807
vn 0.9659 0.0382 0.256
vn -0.3221 0.9401 0.1121
vn -0.9657 0.2534 0.0567
vn -0.866 0.4702 0.1699
vn -0.7071 0.6268 0.3272
vn -0.5 0.7066 0.5006
vn -0.2588 0.7054 0.6599
vn 0 0.6311 0.7757
vn 0.2588 0.5025 0.8249
vn 0.5 0.3464 0.7937
vn 0.7071 0.1928 0.6803
vn 0.866 0.0707 0.495
vn 0.9588 0.0053 0.2841
vn 0.9659 -0.0295 0.2572
vn 0.9659 -0.0646 0.2509
vn 0.9658 -0.0984 0.2399
vn 0.9657 -0.1304 0.2244
vn 0.9657 -0.16 0.2045
vn 0.9657 -0.1866 0.1807
vn 0.9657 -0.2096 0.1535
vn 0.9657 -0.2287 0.1234
vn 0.9657 -0.2434 0.0909
vn 0.9657 -0.2534 0.0567
vn -0.322 0.9145 0.2449
vn -0.9657 0.2434 0.0909
vn -0.866 0.4427 0.2323
vn -0.7071 0.5764 0.4095
vn -0.5 0.6319 0.5922
vn -0.2588 0.609 0.7498
vn 0 0.5196 0.8544
vn 0.2588 0.3855 0.8856
vn 0.5 0.2351 0.8335
vn 0.7071 0.0984 0.7002
vn 0.866 0.0026 0.5
vn -0.322 0.8703 0.3726
vn -0.9657 0.2287 0.1234
vn -0.866 0.407 0.2904
vn -0.7071 0.5153 0.4842
vn -0.5 0.5454 0.6727
vn -0.2588 0.5012 0.8257
vn 0 0.3984 0.9172
vn 0.2588 0.2613 0.9299
vn 0.5 0.1194 0.8577
vn 0.7071 0.0021 0.7071
vn 0.866 -0.0655 0.4957
vn -0.322 0.8084 0.4928
vn -0.9657 0.2096 0.1535
vn -0.866 0.3636 0.3432
vn -0.7071 0.4446 0.5498
vn -0.5 0.4487 0.7407
vn -0.2588 0.3841 0.8863
vn 0 0.2698 0.9629
vn 0.2588 0.1323 0.9568
vn 0.5 0.0015 0.866
vn 0.7071 -0.0942 0.7008
vn 0.866 -0.1324 0.4821
vn -0.322 0.73 0.6029
vn -0.9657 0.1866 0.1807
vn -0.866 0.3135 0.3895
vn -0.7071 0.3656 0.6052
vn -0.5 0.3436 0.7949
vn -0.2588 0.2599 0.9303
vn 0 0.1362 0.9907
vn 0.2588 0.0008 0.9659
vn 0.5 -0.1164 0.8581
vn 0.7071 -0.1887 0.6814
vn 0.866 -0.1968 0.4596
vn -0.322 0.6367 0.7007
vn -0.9657 0.16 0.2045
vn -0.866 0.2576 0.4285
vn -0.7071 0.2798 0.6494
vn -0.5 0.2322 0.8343
vn -0.2588 0.1308 0.957
vn 0.2588 -0.1308 0.957
vn 0.5 -0.2322 0.8343
vn 0.7071 -0.2798 0.6494
vn 0.866 -0.2576 0.4285
vn -0.3221 0.5304 0.7842
vn -0.9657 0.1304 0.2244
vn -0.866 0.1968 0.4596
vn -0.7071 0.1887 0.6814
vn -0.5 0.1164 0.8581
vn -0.2588 -0.0008 0.9659
vn -0 -0.1362 0.9907
vn 0.2588 -0.2599 0.9303
vn 0.5 -0.3436 0.7949
vn 0.7071 -0.3656 0.6052
vn 0.866 -0.3135 0.3895
vn -0.3222 0.4133 0.8517
vn -0.9658 0.0984 0.2399
vn -0.866 0.1324 0.4821
vn -0.7071 0.0942 0.7008
vn -0.5 -0.0015 0.866
vn -0.2588 -0.1323 0.9568
vn 0 -0.2698 0.9629
vn 0.2588 -0.3841 0.8863
vn 0.5 -0.4487 0.7407
vn 0.7071 -0.4446 0.5498
vn 0.866 -0.3636 0.3432
vn -0.3223 0.2877 0.9019
vn -0.9659 0.0646 0.2509
vn -0.866 0.0655 0.4957
vn -0.7071 -0.0021 0.7071
vn -0.5 -0.1194 0.8577
vn -0.2588 -0.2613 0.9299
vn 0 -0.3984 0.9172
vn 0.2588 -0.5012 0.8257
vn 0.5 -0.5454 0.6727
vn 0.7071 -0.5153 0.4842
vn 0.866 -0.407 0.2904
vn -0.3224 0.1562 0.9336
vn -0.9659 0.0295 0.2572
vn -0.866 -0.0026 0.5
vn -0.7071 -0.0984 0.7002
vn -0.5 -0.2351 0.8335
vn -0.2588 -0.3855 0.8856
vn -0 -0.5196 0.8544
vn 0.2588 -0.609 0.7498
vn 0.5 -0.6319 0.5922
vn 0.7071 -0.5764 0.4095
vn 0.866 -0.4427 0.2323
vn -0.9588 -0.0053 0.2841
vn -0.866 -0.0707 0.495
vn -0.7071 -0.1928 0.6803
vn -0.5 -0.3464 0.7937
vn -0.2588 -0.5025 0.8249
vn 0 -0.6311 0.7757
vn 0.2588 -0.7054 0.6599
vn 0.5 -0.7066 0.5006
vn 0.7071 -0.6268 0.3272
vn 0.866 -0.4702 0.1699
vn 0.9657 0.1668 0.1989
vn 0.866 0.3672 0.3394
vn 0.7071 0.5789 0.406
vn 0.5 0.7696 0.3971
vn 0.2588 0.9104 0.3227
vn 0 0.9791 0.2035
vn -0.2588 0.9636 0.0667
vn -0.5 0.8641 -0.0576
vn -0.7071 0.6927 -0.1418
vn 0.9657 0.1926 0.1743
vn 0.866 0.41 0.2862
vn 0.7071 0.6288 0.3234
vn 0.5 0.8165 0.2886
vn 0.2588 0.9459 0.1958
vn 0 0.9977 0.0682
vn -0.2588 0.9637 -0.0651
vn -0.5 0.8482 -0.1747
vn 0.9657 0.2147 0.1463
vn 0.866 0.4451 0.2277
vn 0.7071 0.667 0.2348
vn 0.5 0.8482 0.1747
vn 0.2588 0.9637 0.0651
vn -0 0.9977 -0.0682
vn -0.2588 0.9459 -0.1958
vn 0.9657 0.2327 0.1156
vn 0.866 0.472 0.165
vn 0.7071 0.6927 0.1418
vn 0.5 0.8641 0.0576
vn 0.2588 0.9636 -0.0667
vn 0 0.9791 -0.2035
vn 0.9657 0.2463 0.0826
vn 0.866 0.49 0.0992
vn 0.7071 0.7056 0.0461
vn 0.5 0.8639 -0.0606
vn 0.2588 0.9456 -0.1973
vn 0.9657 0.2552 0.0481
vn 0.866 0.499 0.0315
vn 0.7071 0.7053 -0.0504
vn 0.5 0.8476 -0.1777
vn 0.9657 0.2593 0.0127
vn 0.866 0.4986 -0.0367
vn 0.7071 0.6919 -0.1459
vn 0.9658 0.2584 -0.0229
vn 0.866 0.489 -0.1043
vn 0.9658 0.2526 -0.0581
vn 0.8892 0.0527 0.4545
vn 0.9524 0 0.3049
vn 0.8891 0.1156 0.443
vn 0.8889 0.1763 0.4227
vn 0.8889 0.2335 0.3942
vn 0.8888 0.2862 0.3579
vn 0.9236 0.2787 0.2631
vn 0.8887 0.374 0.2652
vn 0.8887 0.4073 0.2105
vn 0.8887 0.4326 0.1517
vn 0.8888 0.4494 0.09
vn 0.8888 0.4575 0.0265
vn 0.9237 0.3817 -0.0314
vn 0.889 0.4467 -0.1007
vn 0.8892 0.428 -0.1619
vn 0.924 0.3396 -0.1759
vn 0.8893 0.3795 -0.2554
vn 0.8891 -0.1156 0.443
vn 0.8892 -0.0527 0.4545
vn 0.8889 -0.1763 0.4227
vn 0.8889 -0.2335 0.3942
vn 0.8888 -0.2862 0.3579
vn 0.9236 -0.2787 0.2631
vn 0.8887 -0.374 0.2652
vn 0.8887 -0.4073 0.2105
vn 0.8887 -0.4326 0.1517
vn 0.8888 -0.4494 0.09
vn 0.9237 -0.3825 0.0221
vn 0.8889 -0.4565 -0.0375
vn 0.889 -0.4467 -0.1007
vn 0.8892 -0.428 -0.1619
vn 0.924 -0.3396 -0.1759
vn 0.8893 -0.3795 -0.2554
vn 0.9239 -0.2846 -0.2558
vn 0.889 -0.2946 -0.3506
vn 0.8889 -0.243 -0.3884
vn 0.8888 -0.1865 -0.4186
vn 0.8887 -0.1265 -0.4406
vn 0.8887 -0.0639 -0.454
vn 0.9236 0 -0.3833
vn 0.8887 0.0639 -0.454
vn 0.8887 0.1265 -0.4406
vn 0.8888 0.1865 -0.4186
vn 0.8889 0.243 -0.3884
vn 0.889 0.2946 -0.3506
vn 0.9239 0.2846 -0.2558
vn -0.0362 -0.5554 -0.8308
vn -0.0725 0.5554 -0.8284
vn -0.1523 -0.7098 -0.6877
vn -0.212 0.7098 -0.6718
vn -0.3251 -0.7098 -0.6249
vn -0.3786 0.7098 -0.594
vn -0.5607 -0.5576 -0.6121
vn -0.6121 0.5576 -0.5607
vn -0.594 -0.7098 -0.3786
vn -0.6249 0.7098 -0.3251
vn -0.6718 -0.7098 -0.212
vn -0.6877 0.7098 -0.1523
vn -0.6225 -0.7815 -0.0408
vn -0.3699 0.9288 -0.0242
vn -0.6667 0.3333 -0.6667
vn -0.5774 -0.5774 -0.5774
vn 0.0362 0.5554 -0.8308
vn 0.0725 -0.5554 -0.8284
vn 0.1523 0.7098 -0.6877
vn 0.212 -0.7098 -0.6718
vn 0.3251 0.7098 -0.6249
vn 0.3786 -0.7098 -0.594
vn 0.5607 0.5576 -0.6121
vn 0.6121 -0.5576 -0.5607
vn 0.594 0.7098 -0.3786
vn 0.6249 -0.7098 -0.3251
vn 0.6718 0.7098 -0.212
vn 0.6877 -0.7098 -0.1523
vn 0.6225 0.7815 -0.0408
vn 0.3699 -0.9288 -0.0242
vn 0.6667 -0.3333 -0.6667
vn 0.5774 0.5774 -0.5774
vn -0.0051 -0.2665 -0.9638
vn 0 -0.2842 -0.9588
vn -0.1808 -0.3689 -0.9117
vn -0.0007 -0.5272 -0.8497
vn 0 -0.9588 -0.2842
vn -0.0491 -0.9596 -0.2772
vn -0.0378 -0.8427 -0.5371
vn -0.0303 -0.6751 -0.7371
vn -0.0207 -0.4614 -0.8869
vn -0.0105 -0.2339 -0.9722
vn -0.0006 -0.0654 -0.9979
vn -0.0008 -0.7243 -0.6894
vn -0.0008 -0.8747 -0.4847
vn -0.0007 -0.9623 -0.272
vn -0.4223 0.568 -0.7064
vn -0.4495 0.3907 -0.8033
vn -0.042 -0.0026 -0.9991
vn -0.2341 -0.0337 -0.9716
vn -0.098 -0.008 -0.9952
vn -0.2771 -0.0096 -0.9608
vn -0.0785 -0.0012 -0.9969
vn -0.6446 0.3845 -0.6608
vn -0.2851 -0.0798 -0.9552
vn -0.4601 -0.1493 -0.8752
vn -0.7701 0.2138 -0.6011
vn -0.7569 0 -0.6535
vn -0.4884 -0.2376 -0.8397
vn -0.9116 -0.0633 -0.4063
vn -0.8569 -0.2585 -0.4461
vn -0.6119 -0.3366 -0.7157
vn -0.81 -0.4205 -0.4087
vn -0.5707 -0.4807 -0.6657
vn -0.7539 -0.5792 -0.3102
vn -0.6263 -0.6827 -0.3765
vn -0.4752 -0.5739 -0.667
vn -0.5049 -0.7676 -0.3949
vn -0.3906 -0.8273 -0.4038
vn -0.3426 -0.6039 -0.7197
vn -0.1979 -0.9164 -0.3479
vn -0.0991 -0.8367 -0.5387
vn -0.2536 -0.6455 -0.7204
vn -0.1599 -0.4641 -0.8712
vn 0.178 -0.8789 -0.4425
vn 0.1313 -0.6273 -0.7677
vn -0.0968 -0.5075 -0.8562
vn -0.0325 -0.2322 -0.9721
vn -0.1316 -0.7255 -0.6755
vn -0.3063 -0.81 -0.5001
vn -0.4326 -0.7238 -0.5375
vn -0.5014 -0.819 -0.279
vn -0.5683 -0.6534 -0.5001
vn -0.6538 -0.71 -0.2617
vn -0.6758 -0.5415 -0.5001
vn -0.7694 -0.5824 -0.2622
vn -0.7617 -0.4121 -0.5
vn -0.8606 -0.4363 -0.2627
vn -0.823 -0.2695 -0.5
vn -0.9243 -0.2764 -0.2631
vn -0.8566 -0.1276 -0.5
vn -0.9586 -0.1185 -0.2589
vn -0.8867 -0.0299 -0.4614
vn -0.9721 -0.026 -0.2332
vn -0.7372 -0.0248 -0.6752
vn -0.6992 -0.1052 -0.7071
vn -0.6716 -0.2211 -0.7072
vn -0.4943 -0.0757 -0.866
vn -0.5374 -0.0181 -0.8431
vn 0.5027 -0.6888 -0.5224
vn 0.4717 -0.4002 -0.7857
vn -0.0116 -0.0644 -0.9979
vn -0.0088 -0.0986 -0.9951
vn -0.1584 -0.8728 -0.4616
vn -0.3383 -0.9042 -0.2608
vn -0.5002 -0.8635 -0.0642
vn -0.6438 -0.7625 -0.0636
vn -0.7555 -0.6508 -0.0757
vn -0.8523 -0.5194 -0.0626
vn -0.9301 -0.362 -0.0622
vn -0.9792 -0.1933 -0.0618
vn -0.1897 -0.9533 -0.2349
vn -0.341 -0.9378 -0.0648
vn -0.1713 -0.983 -0.0655
vn -0.7916 0.5576 -0.2498
vn -0.594 0.7098 -0.3786
vn -0.4758 0.7098 -0.5194
vn -0.2756 0.8022 -0.5297
vn -0.1523 0.7098 -0.6877
vn -0.0261 0.8005 -0.5987
vn -0.0941 -0.8655 -0.492
vn -0.0209 -0.7899 -0.6129
vn -0.2189 -0.8354 -0.5041
vn -0.2752 -0.7058 -0.6528
vn 0.0057 -0.8132 -0.582
vn 0.019 -0.4321 -0.9016
vn 0.0273 -0.6278 -0.7779
vn 0.0345 -0.7908 -0.6111
vn 0.0403 -0.9107 -0.4111
vn 0.0438 -0.9809 -0.1893
vn 0.0585 -0.448 -0.8921
vn 0.0522 0.8005 -0.597
vn 0.2588 0 -0.9659
vn 0.1822 -0.7101 -0.6801
vn 0.3831 -0.5576 -0.7364
vn 0.3209 0.8022 -0.5035
vn 0.5 0 -0.866
vn 0.212 0.7098 -0.6718
vn 0.7071 0 -0.7071
vn 0.5194 0.7098 -0.4758
vn 0.8526 0 -0.5226
vn 0.7787 -0.1787 -0.6014
vn 0.9536 0 -0.3009
vn 0.9659 0 -0.2588
vn 0.9599 0.2753 -0.0539
vn 0.9983 0.0002 -0.0575
vn 0.9588 0 -0.2842
vn 0.9568 0.0006 -0.2908
vn 0.866 0 -0.5
vn 0.6759 0.1896 -0.7122
vn 0.6249 0.7098 -0.3251
vn 0.6801 0.7101 -0.1822
vn 0.8526 0.0008 -0.5225
vn 0.4462 0.5576 -0.7
vn 0.6934 0.0008 -0.7205
vn 0.2498 0.5576 -0.7916
vn 0.4895 0.0007 -0.872
vn 0.0486 0.372 -0.9269
vn 0.2533 0.0057 -0.9674
vn 0.5689 0.3034 -0.7644
vn 0.4758 -0.7098 -0.5194
vn 0.8132 -0.0057 -0.582
vn 0.7899 0.021 -0.6129
vn 0.4313 -0.0157 -0.9021
vn 0.6279 -0.0199 -0.778
vn 0.791 -0.0252 -0.6113
vn 0.9111 -0.0298 -0.4112
vn 0.9793 -0.0272 -0.2004
vn 0.8655 0.0941 -0.492
vn 0.8354 0.2189 -0.5041
vn 0.7058 0.2752 -0.6528
vn 0.6897 -0.0523 -0.7222
vn 0.5001 -0.1504 -0.8528
vn 0.7662 -0.1368 -0.6278
vn 0.5101 -0.0729 -0.857
vn 0.6852 -0.1052 -0.7207
vn 0.6733 -0.2158 -0.7072
vn 0.4939 -0.2378 -0.8364
vn 0.6302 -0.3291 -0.7032
vn 0.7645 -0.3864 -0.516
vn 0.5613 -0.4336 -0.7049
vn 0.7611 -0.5503 -0.3432
vn 0.613 -0.6059 -0.5071
vn 0.8428 -0.1286 -0.5227
vn 0.8242 -0.2657 -0.5001
vn 0.7635 -0.4086 -0.5
vn 0.6783 -0.5384 -0.5
vn 0.4854 -0.5351 -0.6914
vn 0.5712 -0.6509 -0.5001
vn 0.3598 -0.5884 -0.7241
vn 0.4459 -0.7424 -0.5001
vn 0.251 -0.661 -0.7072
vn 0.3061 -0.8101 -0.5001
vn 0.1348 -0.7114 -0.6897
vn 0.1613 -0.8596 -0.4849
vn 0.0997 -0.522 -0.8471
vn 0.1928 -0.4915 -0.8493
vn 0.2636 -0.4765 -0.8387
vn 0.3908 -0.7868 -0.4777
vn 0.2336 -0.8231 -0.5177
vn 0.5314 -0.7305 -0.4289
vn 0.9546 -0.1355 -0.2654
vn 0.9159 -0.3031 -0.2632
vn 0.8476 -0.4611 -0.2628
vn 0.7522 -0.6044 -0.2623
vn 0.6329 -0.7286 -0.2618
vn 0.4935 -0.8296 -0.2613
vn 0.3382 -0.9042 -0.2607
vn 0.1755 -0.9522 -0.2499
vn 0.056 -0.6917 -0.72
vn 0.1165 -0.8382 -0.5327
vn 0.8851 -0.2243 -0.4077
vn -0.5774 0.5774 -0.5774
vn -0.1925 0.1925 -0.9623
vn -0.1488 -0.9889 0
vn -0.3066 -0.9518 0
vn -0.4701 -0.8826 0
vn -0.6189 -0.7855 0
vn -0.7668 -0.6418 0
vn -0.2585 -0.6569 0.7083
vn -0.1393 -0.6921 0.7082
vn -0.3696 -0.6014 0.7083
vn -0.4693 -0.5273 0.7083
vn -0.4238 -0.3556 0.833
vn -0.6014 -0.3696 0.7083
vn -0.8826 -0.4701 0
vn -0.6569 -0.2585 0.7083
vn -0.9518 -0.3066 0
vn -0.6921 -0.1393 0.7082
vn -0.9889 -0.1488 0
vn -0.3345 0.7609 -0.556
vn -0.1102 0.5879 -0.8014
vn -0.4364 -0.2182 -0.8729
vn 0.5345 0.2673 -0.8018
vn -0.0585 0.448 -0.8921
vn 0.2997 0.9251 -0.2331
vn -0.0522 -0.8005 -0.597
vn 0.6329 0.5378 -0.557
vn 0.3768 0.4055 -0.8329
vn -0.4082 0.4082 -0.8165
vn -0.1036 0.92 -0.378
vn 0.8948 0.4455 -0.0292
vn 0.9278 0.0308 0.3717
vn 0.8729 -0.4364 -0.2182
vn 0.9979 0.0393 -0.0522
vn 0.8284 -0.5554 -0.0725
vn 0.9272 0.2649 -0.2649
vn 0.5576 0.8105 -0.1795
vn 0.5576 0.7364 -0.3831
vn 0.5576 0.6121 -0.5607
vn 0.5576 0.4462 -0.7
vn 0.7098 0.212 -0.6718
vn 0.448 0.0585 -0.8921
vn 0.8326 -0.0362 -0.5527
vn 0.5576 -0.1795 -0.8105
vn 0.5576 -0.3831 -0.7364
vn 0.5576 -0.5607 -0.6121
vn 0.7098 -0.594 -0.3786
vn 0.5576 -0.7916 -0.2498
vn 0.7078 -0.7037 -0.0616
vn 0.4082 0.8165 -0.4082
vn 0.4364 0.2182 -0.8729
vn 0.0051 0.2665 -0.9638
vn -0 0.2842 -0.9588
vn 0.1808 0.3689 -0.9117
vn 0.0007 0.5272 -0.8497
vn 0 0.9588 -0.2842
vn 0.0331 0.996 -0.0833
vn 0.0214 0.9534 -0.3008
vn 0.0189 0.8431 -0.5374
vn 0.0151 0.6753 -0.7373
vn 0.0103 0.4615 -0.8871
vn 0.0058 0.2333 -0.9724
vn 0.0006 0.0654 -0.9979
vn 0.0008 0.7243 -0.6894
vn 0.0002 0.9964 -0.0848
vn 0.0008 0.8747 -0.4847
vn 0.0007 0.9623 -0.272
vn 0.4223 -0.568 -0.7064
vn 0.4563 -0.3929 -0.7984
vn 0.0566 0.004 -0.9984
vn 0.2338 0.0378 -0.9716
vn 0.2403 0.0225 -0.9704
vn 0.473 0.1135 -0.8737
vn 0.4985 0.0414 -0.8659
vn 0.6887 0.16 -0.7072
vn 0.705 0.0573 -0.7069
vn 0.8438 0.1946 -0.5001
vn 0.8633 0.0692 -0.4998
vn 0.942 0.2071 -0.2642
vn 0.9634 0.0685 -0.2592
vn 0.982 0.1787 -0.0611
vn 0.9724 0.0087 -0.2333
vn 0.8871 0.01 -0.4615
vn 0.7374 0.0083 -0.6754
vn 0.5375 0.006 -0.8433
vn 0.3009 0.0034 -0.9536
vn 0.087 0.0015 -0.9962
vn 0.0874 0.0079 -0.9961
vn 0.714 -0.4714 -0.5177
vn 0.7271 -0.1629 -0.667
vn 0.4695 0.1774 -0.8649
vn 0.6283 0.2799 -0.7258
vn 0.8712 0.1016 -0.4803
vn 0.8619 0.2621 -0.434
vn 0.5994 0.4178 -0.6828
vn 0.8462 0.4221 -0.3252
vn 0.7306 0.5615 -0.3885
vn 0.5288 0.5342 -0.6595
vn 0.6322 0.7123 -0.3048
vn 0.5098 0.7297 -0.4557
vn 0.4125 0.6019 -0.6837
vn 0.3757 0.8661 -0.3297
vn 0.2433 0.8268 -0.5072
vn 0.2998 0.6476 -0.7005
vn 0.2155 0.4987 -0.8396
vn 0.1852 0.6824 -0.7072
vn 0.1245 0.4757 -0.8707
vn 0.077 0.703 -0.707
vn 0.0533 0.4972 -0.866
vn 0.0954 0.8608 -0.4999
vn 0.2283 0.8354 -0.5001
vn 0.3739 0.7811 -0.5001
vn 0.5074 0.7018 -0.5001
vn 0.6246 0.5999 -0.5
vn 0.7217 0.4787 -0.5001
vn 0.7955 0.3422 -0.5001
vn 0.8346 -0.0646 -0.5471
vn 0.0219 0.9098 -0.4145
vn -0.1147 0.8222 -0.5575
vn -0.1805 0.6722 -0.7181
vn 0.042 0.2494 -0.9675
vn -0.5082 0.6903 -0.515
vn -0.4782 0.4063 -0.7786
vn 0.0141 0.0779 -0.9969
vn 0.0252 0.2581 -0.9658
vn 0.0073 0.0978 -0.9952
vn 0.1142 0.9591 -0.2589
vn 0.2686 0.926 -0.2651
vn 0.429 0.8635 -0.2651
vn 0.5757 0.7736 -0.265
vn 0.704 0.659 -0.2648
vn 0.8099 0.5234 -0.2646
vn 0.8901 0.3712 -0.2644
vn 0.186 0.9807 -0.0598
vn 0.3551 0.9329 -0.0599
vn 0.5131 0.8562 -0.0599
vn 0.6552 0.753 -0.06
vn 0.7672 0.6373 -0.0723
vn 0.86 0.5067 -0.0605
vn 0.9355 0.3481 -0.0608
vn 0.7916 -0.5576 -0.2498
vn 0.594 -0.7098 -0.3786
vn 0.2756 -0.8022 -0.5297
vn 0.1523 -0.7098 -0.6877
vn 0.0261 -0.8005 -0.5987
vn 0.0941 0.8655 -0.492
vn 0.0209 0.7899 -0.6129
vn 0.2189 0.8354 -0.5041
vn 0.2752 0.7058 -0.6528
vn -0.0057 0.8132 -0.582
vn -0.0125 0.4315 -0.902
vn -0.0121 0.628 -0.7781
vn -0.0155 0.7912 -0.6114
vn -0.0191 0.9113 -0.4113
vn -0.019 0.9795 -0.2005
vn -0.0537 0.9972 -0.0524
vn -0.2588 0 -0.9659
vn -0.1822 0.7101 -0.6801
vn -0.3831 0.5576 -0.7364
vn -0.3209 -0.8022 -0.5035
vn -0.5 0 -0.866
vn -0.212 -0.7098 -0.6718
vn -0.7071 0 -0.7071
vn -0.5194 -0.7098 -0.4758
vn -0.8526 0 -0.5226
vn -0.7787 0.1787 -0.6014
vn -0.9536 0 -0.3009
vn -0.9659 0 -0.2588
vn -0.9588 0 -0.2842
vn -0.9568 -0.0006 -0.2908
vn -0.866 0 -0.5
vn -0.6759 -0.1896 -0.7122
vn -0.6249 -0.7098 -0.3251
vn -0.6801 -0.7101 -0.1822
vn -0.8526 -0.0008 -0.5225
vn -0.4462 -0.5576 -0.7
vn -0.6934 -0.0008 -0.7205
vn -0.2498 -0.5576 -0.7916
vn -0.4895 -0.0007 -0.872
vn -0.0486 -0.372 -0.9269
vn -0.2533 -0.0057 -0.9674
vn -0.5689 -0.3034 -0.7644
vn -0.8132 0.0057 -0.582
vn -0.7899 -0.021 -0.6129
vn -0.4343 0.0081 -0.9008
vn -0.628 0.0029 -0.7782
vn -0.7913 0.004 -0.6115
vn -0.9114 0.0073 -0.4114
vn -0.9796 0.0119 -0.2005
vn -0.8655 -0.0941 -0.492
vn -0.8354 -0.2189 -0.5041
vn -0.7058 -0.2752 -0.6528
vn -0.6917 0.0472 -0.7206
vn -0.5155 0.1208 -0.8483
vn -0.7599 0.1256 -0.6378
vn -0.5151 0.0508 -0.8556
vn -0.6901 0.0711 -0.7202
vn -0.7189 0.1642 -0.6755
vn -0.6336 0.2823 -0.7203
vn -0.7955 0.3423 -0.5
vn -0.7037 0.4646 -0.5375
vn -0.7985 0.5319 -0.2819
vn -0.6273 0.597 -0.5
vn -0.6846 0.6791 -0.2648
vn -0.5106 0.6994 -0.5001
vn -0.553 0.7899 -0.2649
vn -0.3775 0.7794 -0.5001
vn -0.4038 0.8756 -0.2651
vn -0.2323 0.8343 -0.5001
vn -0.2418 0.9334 -0.2651
vn -0.107 0.8681 -0.4847
vn -0.1008 0.9641 -0.2455
vn -0.0908 0.7186 -0.6895
vn -0.1908 0.6808 -0.7072
vn -0.309 0.624 -0.7178
vn -0.4306 0.5743 -0.6963
vn -0.5192 0.4879 -0.7017
vn -0.5754 0.3709 -0.729
vn -0.8085 0.2547 -0.5306
vn -0.4925 0.2037 -0.8461
vn -0.8488 0.0829 -0.5222
vn -0.8648 0.1975 -0.4616
vn -0.8901 0.3713 -0.2644
vn -0.86 0.5067 -0.0604
vn -0.7579 0.6496 -0.0602
vn -0.6441 0.7615 -0.0721
vn -0.5131 0.8562 -0.0599
vn -0.3551 0.9329 -0.0599
vn -0.186 0.9807 -0.0598
vn -0.96 0.0889 -0.2654
vn -0.9448 0.2234 -0.2398
vn -0.9355 0.3481 -0.0608
vn -0.982 0.1787 -0.0611
vn -0.0682 0.5274 -0.8469
vn -0.148 0.4985 -0.8541
vn -0.2287 0.4881 -0.8423
vn -0.382 0.7705 -0.5104
vn -0.2274 0.887 -0.4019
vn -0.5413 0.7248 -0.4263
vn -0.6407 0.6386 -0.4262
vn -0.7286 0.5342 -0.4286
vn -0.8496 0.3948 -0.3499
vn -0.049 0.6895 -0.7226
vn -0.1323 0.7607 -0.6355
vn 0.5774 -0.5774 -0.5774
vn 0.1925 -0.1925 -0.9623
vn 0.0331 0.799 0.6004
vn 0.1488 0.9889 0
vn 0.3066 0.9518 0
vn 0.4701 0.8826 0
vn 0.6189 0.7855 0
vn 0.7668 0.6418 0
vn 0.2585 0.6569 0.7083
vn 0.1393 0.6921 0.7082
vn 0.3696 0.6014 0.7083
vn 0.4693 0.5273 0.7083
vn 0.4238 0.3556 0.833
vn 0.6014 0.3696 0.7083
vn 0.8826 0.4701 0
vn 0.6569 0.2585 0.7083
vn 0.9518 0.3066 0
vn 0.6921 0.1393 0.7082
vn 0.9889 0.1488 0
vn -0.0371 0.8935 0.4476
vn -0.9889 0.1488 0
vn -0.9518 0.3066 0
vn -0.8826 0.4701 0
vn -0.7855 0.6189 0
vn -0.6418 0.7668 0
vn -0.6569 0.2585 0.7083
vn -0.6921 0.1393 0.7082
vn -0.6014 0.3696 0.7083
vn -0.5273 0.4693 0.7083
vn -0.3556 0.4238 0.833
vn -0.3696 0.6014 0.7083
vn -0.4701 0.8826 0
vn -0.2585 0.6569 0.7083
vn -0.3066 0.9518 0
vn -0.1393 0.6921 0.7082
vn -0.1488 0.9889 0
vn -0.6329 -0.5378 -0.557
vn -0.3768 -0.4055 -0.8329
vn 0.4082 -0.4082 -0.8165
vn 0.1036 -0.92 -0.378
vn -0.6462 0.2841 -0.7083
vn 0.1952 -0.0976 -0.9759
vn -0.8166 0.153 -0.5566
vn -0.8466 -0.4876 -0.2133
vn 0.4464 -0.0167 -0.8947
vn -0.5194 -0.4758 -0.7098
vn -0.7364 -0.3831 -0.5576
vn -0.8105 -0.1795 -0.5576
vn -0.8293 0.0364 -0.5576
vn -0.6718 0.212 -0.7098
vn 0.6872 -0.1568 -0.7093
vn -0.7 0.4462 -0.5576
vn -0.4758 0.5194 -0.7098
vn 0.5285 -0.2794 -0.8016
vn -0.3831 0.7364 -0.5576
vn -0.1523 0.6877 -0.7098
vn 0.4531 -0.39 -0.8016
vn 0.0309 0.7037 -0.7098
vn -0.4123 -0.3042 -0.8588
vn 0.212 0.6718 -0.7098
vn -0.548 -0.239 -0.8016
vn 0.4462 0.7 -0.5576
vn 0.5194 0.4758 -0.7098
vn 0.4186 -0.5674 -0.7091
vn -0.46 -0.5344 -0.7091
vn 0.2819 -0.6463 -0.7091
vn -0.3296 -0.6234 -0.7091
vn 0.131 -0.6928 -0.7091
vn -0.2151 -0.8023 -0.5569
vn -0.0356 -0.9475 -0.3178
vn -0.5874 -0.1111 -0.8016
vn 0.7364 0.3831 -0.5576
vn 0.6877 0.1523 -0.7098
vn -0.4464 -0.0167 -0.8947
vn 0.8293 -0.0364 -0.5576
vn 0.7916 -0.2498 -0.5576
vn -0.212 -0.212 -0.954
vn 0.4758 -0.5194 -0.7098
vn 0.3831 -0.7364 -0.5576
vn 0.1795 -0.8105 -0.5576
vn -0.0309 -0.7037 -0.7098
vn 0.5378 0.6329 -0.557
vn 0.5171 0.4805 -0.7084
vn 0.8922 0.2636 -0.3666
vn -0.4462 -0.7 -0.5576
vn -0.2498 -0.7916 -0.5576
vn 0.7 -0.4462 -0.5576
vn -0.5345 -0.2673 -0.8018
vn 0.1102 -0.5879 -0.8014
vn -0.2997 -0.9251 -0.2331
vn 0.3345 -0.7609 -0.556
vn -0.4082 -0.8165 -0.4082
vn 0.6462 -0.2841 -0.7083
vn -0.1952 0.0976 -0.9759
vn 0.8166 -0.153 -0.5566
vn 0.8466 0.4876 -0.2133
vn -0.4464 0.0167 -0.8947
vn 0.8105 0.1795 -0.5576
vn 0.6718 -0.212 -0.7098
vn -0.6872 0.1568 -0.7093
vn -0.5285 0.2794 -0.8016
vn 0.1523 -0.6877 -0.7098
vn -0.3883 0.3343 -0.8588
vn 0.4811 0.3549 -0.8016
vn -0.212 -0.6718 -0.7098
vn 0.548 0.239 -0.8016
vn 0.46 0.5344 -0.7091
vn -0.4186 0.5674 -0.7091
vn 0.3296 0.6234 -0.7091
vn -0.2819 0.6463 -0.7091
vn 0.1826 0.6811 -0.7091
vn -0.1543 0.8162 -0.5569
vn 0.0356 0.9475 -0.3178
vn 0.5874 0.1111 -0.8016
vn -0.6877 -0.1523 -0.7098
vn 0.4464 0.0167 -0.8947
vn -0.7916 0.2498 -0.5576
vn 0.212 0.212 -0.954
vn -0.1795 0.8105 -0.5576
vn -0.5378 -0.6329 -0.557
vn -0.5171 -0.4805 -0.7084
vn -0.8922 -0.2636 -0.3666
vn 0.2498 0.7916 -0.5576
vn 0 0.8575 -0.5145
vn -0.212 0.6718 -0.7098
vn -0.0309 0.7037 -0.7098
vn -0.3786 0.594 -0.7098
vn -0.5194 0.4758 -0.7098
vn -0.6249 0.3251 -0.7098
vn -0.6877 0.1523 -0.7098
vn -0.947 -0.0416 -0.3184
vn -0.7916 -0.2498 -0.5576
vn -0.594 -0.3786 -0.7098
vn -0.4758 -0.5194 -0.7098
vn -0.3251 -0.6249 -0.7098
vn -0.1523 -0.6877 -0.7098
vn -0.0364 -0.8293 -0.5576
vn 0.0309 -0.7037 -0.7098
vn 0.212 -0.6718 -0.7098
vn 0.3251 -0.6249 -0.7098
vn 0.3786 -0.594 -0.7098
vn 0.5607 -0.6121 -0.5576
vn 0.5194 -0.4758 -0.7098
vn 0.6249 -0.3251 -0.7098
vn 0.6877 -0.1523 -0.7098
vn 0.947 0.0416 -0.3184
vn 0.7916 0.2498 -0.5576
vn 0.5297 0.2756 -0.8022
vn 0.594 0.3786 -0.7098
vn 0.4758 0.5194 -0.7098
vn 0.275 0.4314 -0.8592
vn 0.3251 0.6249 -0.7098
vn 0.1523 0.6877 -0.7098
vn 0.0364 0.8293 -0.5576
vn -0.3251 0.6249 -0.7098
vn -0.5607 0.6121 -0.5576
vn -0.5297 -0.2756 -0.8022
vn -0.275 -0.4314 -0.8592
vn 0 -0.9285 -0.3714
vn 0 -0.8575 -0.5145
vn -0 0.9285 -0.3714
vn -0.003 -0.3963 -0.9181
vn 0.5591 0.2602 -0.7872
vn -0.5591 -0.2602 -0.7872
vn 0.003 0.3963 -0.9181
vn -0.0616 0.7037 -0.7078
vn -0.0362 0.8308 -0.5554
vn 0.0171 0.3929 -0.9194
vn 0.0448 0.5118 -0.8579
vn 0.7058 0.0308 -0.7078
vn 0.3145 0.0275 -0.9489
vn 0.904 0.2853 -0.3184
vn 0.6249 0.3251 -0.7098
vn 0.7 0.4462 -0.5576
vn 0.5607 0.6121 -0.5576
vn 0.3831 0.7364 -0.5576
vn 0.1795 0.8105 -0.5576
vn 0.3502 -0.0153 -0.9365
vn 0.597 -0.0522 -0.8005
vn -0.2624 -0.0115 -0.9649
vn -0.3918 -0.0343 -0.9194
vn -0.904 -0.2853 -0.3184
vn -0.6249 -0.3251 -0.7098
vn -0.7 -0.4462 -0.5576
vn -0.5607 -0.6121 -0.5576
vn -0.3831 -0.7364 -0.5576
vn -0.1795 -0.8105 -0.5576
vn 0.2498 -0.7916 -0.5576
vn 0.4462 -0.7 -0.5576
vn 0.6121 -0.5607 -0.5576
vn 0.594 -0.3786 -0.7098
vn 0.7364 -0.3831 -0.5576
vn 0.9255 -0.205 -0.3184
vn -0.7058 -0.0308 -0.7078
vn -0.3145 -0.0275 -0.9489
vn -0.0106 -0.2419 -0.9703
vn -0.0616 -0.7037 -0.7078
vn -0.205 -0.9255 -0.3184
vn -0.6121 -0.5607 -0.5576
vn -0.0308 -0.7058 -0.7078
vn -0.0229 -0.2617 -0.9649
vn -0.9481 0.0207 -0.3174
vn -0.0522 -0.597 -0.8005
vn -0.0171 -0.3929 -0.9194
vn -0.3502 0.0153 -0.9365
vn -0.597 0.0522 -0.8005
vn 0.2624 0.0114 -0.9649
vn 0.3918 0.0343 -0.9194
vn -0.2498 0.7916 -0.5576
vn -0.4462 0.7 -0.5576
vn -0.6121 0.5607 -0.5576
vn -0.594 0.3786 -0.7098
vn -0.7364 0.3831 -0.5576
vn -0.9255 0.205 -0.3184
vn 0.0106 0.2419 -0.9703
vn 0.0616 0.7037 -0.7078
vn 0.205 0.9255 -0.3184
vn 0.6121 0.5607 -0.5576
vn 0.0308 0.7058 -0.7078
vn 0.0229 0.2617 -0.9649
vn 0.0308 -0.7058 -0.7078
vn 0.0616 -0.7037 -0.7078
vn 0.9481 -0.0207 -0.3174
vn 0.0725 -0.8284 -0.5554
vn -0.0261 -0.5987 -0.8005
vn -0.0725 -0.8284 -0.5554
vn -0.0261 0.5987 -0.8005
vn -0.0522 0.597 -0.8005
vn -0.2853 0.904 -0.3184
vn -0.8293 -0.0364 -0.5576
vn -0.6718 -0.212 -0.7098
vn 0.0362 0.8308 -0.5554
vn 0.0343 0.3918 -0.9194
vn 0.2853 -0.904 -0.3184
vn 0.4403 -0.4033 -0.8022
vn 0.5965 0.0262 -0.8022
vn 0.6718 0.212 -0.7098
vn 0.4033 0.4403 -0.8022
vn 0.3786 0.594 -0.7098
vn 0.0261 -0.5987 -0.8005
vn 0.0725 0.8284 -0.5554
vn -0.0343 -0.3918 -0.9194
vn 0.0952 0.5035 -0.8588
vn 0.1826 -0.6811 -0.7091
vn 0.0265 -0.7046 -0.7091
vn 0.3296 -0.6234 -0.7091
vn 0.46 -0.5344 -0.7091
vn 0.5674 -0.4186 -0.7091
vn 0.7614 -0.332 -0.5569
vn 0.3601 -0.0822 -0.9293
vn 0.5978 -0.0448 -0.8004
vn -0.5674 0.4186 -0.7091
vn -0.7614 0.332 -0.5569
vn -0.3601 0.0822 -0.9293
vn -0.5978 0.0448 -0.8004
vn -0.46 0.5344 -0.7091
vn -0.3296 0.6234 -0.7091
vn -0.1826 0.6811 -0.7091
vn -0.0952 -0.5035 -0.8588
vn -0.0265 0.7046 -0.7091
vn -0.332 -0.7614 -0.5569
vn -0.4186 -0.5674 -0.7091
vn -0.488 0.3462 -0.8012
vn -0.516 0.4829 -0.7075
vn -0.5483 0.2402 -0.801
vn -0.5859 0.1241 -0.8009
vn -0.599 0.0028 -0.8007
vn -0.5873 -0.1187 -0.8006
vn -0.6498 -0.2775 -0.7076
vn -0.6126 0.3507 -0.7083
vn 0.1231 0.1231 -0.9847
vn -0.2998 0.3312 -0.8946
vn -0.4083 0.5755 -0.7086
vn -0.2402 0.5483 -0.801
vn -0.1464 0.6908 -0.7081
vn -0.0033 0.7063 -0.7079
vn 0.1187 0.5873 -0.8006
vn 0.2775 0.6498 -0.7076
vn -0.2064 -0.7703 -0.6033
vn -0.3786 -0.594 -0.7098
vn -0.4403 -0.4033 -0.8022
vn -0.2954 -0.3369 -0.894
vn 0.1361 -0.2722 -0.9526
vn 0.5344 0.46 -0.7091
vn 0.7343 0.3882 -0.5569
vn 0.4949 0.1327 -0.8588
vn 0.5978 0.0448 -0.8004
vn 0.4186 0.5674 -0.7091
vn 0.332 0.7614 -0.5569
vn -0.5344 -0.46 -0.7091
vn -0.7343 -0.3882 -0.5569
vn -0.4949 -0.1327 -0.8588
vn 0.2998 -0.3312 -0.8946
vn 0.4083 -0.5755 -0.7086
vn 0.2402 -0.5483 -0.801
vn 0.1464 -0.6908 -0.7081
vn 0.0033 -0.7063 -0.7079
vn -0.1187 -0.5873 -0.8006
vn -0.2775 -0.6498 -0.7076
vn 0.2064 0.7703 -0.6033
vn 0.4403 0.4033 -0.8022
vn 0.3962 0.4518 -0.7993
vn -0.1204 0.2408 -0.9631
vn 0.5755 -0.4083 -0.7086
vn 0.4378 -0.4097 -0.8003
vn 0.5483 -0.2402 -0.801
vn 0.5859 -0.1241 -0.8009
vn 0.7063 -0.0033 -0.7079
vn 0.5873 0.1187 -0.8006
vn 0.6498 0.2775 -0.7076
vn 0.4799 -0.2747 -0.8332
vn -0.1231 -0.1231 -0.9847
vn -0.5978 -0.0448 -0.8004
vn 0.1952 -0.6765 -0.7101
vn 0.0251 -0.7037 -0.71
vn 0.3536 -0.6089 -0.7101
vn 0.5542 -0.5731 -0.6036
vn 0.6015 -0.3661 -0.71
vn 0.7703 -0.2057 -0.6036
vn 0.9473 0.0208 -0.3196
vn 0.8 0.2203 -0.5582
vn 0.6126 0.3475 -0.7099
vn 0.5086 0.4872 -0.7099
vn 0.3985 0.6906 -0.6035
vn 0.1692 0.6836 -0.71
vn -0.0008 0.7042 -0.71
vn -0.1701 0.6833 -0.71
vn -0.3964 0.6917 -0.6037
vn -0.5051 0.4905 -0.7101
vn -0.6089 0.3536 -0.7101
vn -0.6765 0.1952 -0.7101
vn -0.947 0.0337 -0.3193
vn -0.8625 -0.2311 -0.4503
vn 0.1701 -0.6833 -0.71
vn 0.0008 -0.7042 -0.71
vn 0.3964 -0.6917 -0.6037
vn 0.5051 -0.4905 -0.7101
vn 0.6089 -0.3536 -0.7101
vn 0.6765 -0.1952 -0.7101
vn 0.947 -0.0337 -0.3193
vn 0.8625 0.2311 -0.4503
vn -0.0251 0.7037 -0.71
vn -0.1952 0.6765 -0.7101
vn -0.3536 0.6089 -0.7101
vn -0.5542 0.5731 -0.6036
vn -0.6015 0.3661 -0.71
vn -0.7703 0.2057 -0.6036
vn -0.9473 -0.0208 -0.3196
vn -0.8 -0.2203 -0.5582
vn -0.6126 -0.3475 -0.7099
vn -0.5086 -0.4872 -0.7099
vn -0.3985 -0.6906 -0.6035
vn -0.1692 -0.6836 -0.71
vn 0.0323 -0.7054 -0.7081
vn 0.1378 -0.4927 -0.8592
vn 0.4647 -0.8254 -0.3205
vn 0.6317 -0.6301 -0.4516
vn 0.7233 -0.4058 -0.5587
vn 0.7989 -0.2225 -0.5588
vn 0.7054 -0.0322 -0.7081
vn -0.6517 0.5566 -0.5153
vn -0.4775 0.2757 -0.8342
vn 0.7053 0.0306 -0.7083
vn -0.7037 0.0309 -0.7098
vn 0.6888 0.1465 -0.71
vn 0.7289 0.3224 -0.6039
vn 0.5681 0.4161 -0.71
vn 0.5323 0.5932 -0.604
vn 0.3935 0.6943 -0.6026
vn -0.1797 -0.5694 -0.8022
vn 0.2402 0.7944 -0.5579
vn 0.0595 0.7022 -0.7095
vn -0.0306 -0.7053 -0.7083
vn -0.1465 -0.6888 -0.71
vn -0.3225 -0.7289 -0.6039
vn -0.4161 -0.5681 -0.71
vn -0.5932 -0.5323 -0.604
vn -0.6943 -0.3935 -0.6026
vn 0.5829 0.1291 -0.8022
vn -0.7944 -0.2402 -0.5579
vn -0.7022 -0.0595 -0.7095
vn 0.7037 -0.0309 -0.7098
vn -0.6993 0.0876 -0.7094
vn -0.666 0.2309 -0.7093
vn 0.4775 -0.2757 -0.8342
vn -0.6036 0.3642 -0.7092
vn 0.6517 -0.5566 -0.5153
vn -0.5327 0.464 -0.7078
vn 0.4482 -0.5462 -0.7077
vn -0.5987 0.664 -0.4481
vn -0.3642 0.6036 -0.7092
vn -0.2309 0.666 -0.7093
vn -0.0876 0.6993 -0.7094
vn -0.5672 0.6912 -0.4478
vn -0.8789 0.477 0
vn -0.2867 0.2353 -0.9287
vn -0.9659 0.2588 0
vn -1 0 0
vn -0.9659 -0.2588 0
vn -0.866 -0.5 0
vn -0.5829 -0.1291 -0.8022
vn -0.7071 -0.7071 0
vn -0.5 -0.866 0
vn -0.5035 -0.3209 -0.8022
vn -0.2588 -0.9659 0
vn 0.2588 -0.9659 0
vn 0.477 -0.8789 0
vn 0.5072 -0.6181 -0.6006
vn 0.0364 -0.8293 -0.5576
vn 0.5 -0.866 0
vn 0.6028 -0.7058 -0.372
vn 0.352 -0.6097 -0.7101
vn -0.866 0.5 0
vn -0.5933 0.5067 -0.6255
vn -0.6028 0.7058 -0.372
vn -0.5072 0.6181 -0.6006
vn 0.8789 -0.477 0
vn 0.3135 -0.2573 -0.9141
vn 0.9659 -0.2588 0
vn 1 0 0
vn 0.9659 0.2588 0
vn 0.866 0.5 0
vn 0.7071 0.7071 0
vn 0.5 0.866 0
vn 0.1797 0.5694 -0.8022
vn 0.2588 0.9659 0
vn -0.2588 0.9659 0
vn -0.477 0.8789 0
vn -0.0364 0.8293 -0.5576
vn -0.5 0.866 0
vn -0.352 0.6097 -0.7101
vn 0.866 -0.5 0
vn 0.7058 -0.6028 -0.372
vn 0.3453 -0.2833 -0.8947
vn -0.5566 0.6517 -0.5153
vn 0.5566 -0.6517 -0.5153
vn -0.3135 0.2573 -0.9141
vn -0.0357 0.7791 -0.6259
vn -0.2233 0.7987 -0.5587
vn -0.4069 0.7227 -0.5587
vn -0.6317 0.6301 -0.4516
vn -0.7233 0.4058 -0.5587
vn -0.9125 0.2541 -0.3206
vn -0.4843 0.0221 -0.8746
vn 0.6036 -0.3642 -0.7092
vn 0.666 -0.231 -0.7093
vn 0.6993 -0.0876 -0.7094
vn 0.7022 0.0595 -0.7095
vn 0.7944 0.2402 -0.5579
vn 0.6943 0.3935 -0.6026
vn 0.5932 0.5323 -0.604
vn 0.4161 0.5681 -0.71
vn 0.3225 0.7289 -0.6039
vn 0.1465 0.6888 -0.71
vn 0.0306 0.7053 -0.7083
vn -0.7053 -0.0306 -0.7083
vn -0.6888 -0.1465 -0.71
vn -0.7289 -0.3224 -0.6039
vn -0.5681 -0.4161 -0.71
vn -0.5323 -0.5932 -0.604
vn -0.3935 -0.6943 -0.6026
vn -0.2402 -0.7944 -0.5579
vn -0.0595 -0.7022 -0.7095
vn 0.0876 -0.6993 -0.7094
vn 0.231 -0.666 -0.7093
vn 0.3642 -0.6036 -0.7092
vn 0.5353 -0.5937 -0.6008
vn 0.627 -0.5461 -0.5556
vn -0.6667 -0.3333 0.6667
vn -0.5549 -0.8318 -0.0168
vn -0.7077 -0.703 -0.071
vn -0.7077 -0.6893 -0.1552
vn -0.7077 -0.6655 -0.2372
vn -0.7077 -0.6321 -0.3157
vn -0.7077 -0.5894 -0.3896
vn -0.8005 -0.4566 -0.3883
vn -0.7077 -0.4791 -0.5193
vn -0.7077 -0.413 -0.5733
vn -0.7077 -0.3409 -0.6189
vn -0.7077 -0.2638 -0.6554
vn -0.7077 -0.1829 -0.6825
vn -0.5553 -0.1169 -0.8234
vn -0.3167 -0.0191 -0.9483
vn -0.7077 0.071 -0.703
vn -0.7077 0.1552 -0.6893
vn -0.7077 0.2372 -0.6655
vn -0.7077 0.3157 -0.6321
vn -0.7077 0.3896 -0.5894
vn -0.7077 0.4578 -0.5382
vn -0.5553 0.6112 -0.5639
vn -0.7077 0.5733 -0.413
vn -0.7077 0.6189 -0.3409
vn -0.7077 0.6554 -0.2638
vn -0.7077 0.6825 -0.1829
vn -0.6007 0.7936 -0.0964
vn -0.8945 0.4468 -0.0135
vn -0.4082 0.8165 0.4082
vn 0.5576 0.7916 -0.2498
vn 0.5576 0.7 -0.4462
vn 0.5576 0.5607 -0.6121
vn 0.5576 0.3831 -0.7364
vn 0.3184 0.205 -0.9255
vn 0.9884 0.0099 -0.1514
vn 0.956 0.019 0.2929
vn 0.8324 0.554 0.0155
vn 0.956 -0.0192 -0.2929
vn 0.9489 -0.3154 -0.0138
vn 0.8004 -0.5992 0.0168
vn 0.9745 -0.0194 0.2236
vn 0.5579 0.8089 0.1857
vn 0.5578 0.7338 0.3877
vn 0.5578 0.6093 0.5636
vn 0.5578 0.4437 0.7015
vn 0.3186 0.2833 0.9045
vn 0.5579 -0.8089 0.1857
vn 0.5578 -0.7338 0.3877
vn 0.3186 -0.2833 0.9045
vn 0.5578 -0.4437 0.7015
vn 0.5578 -0.6093 0.5636
vn 0.5576 -0.8105 -0.1795
vn 0.5576 -0.7364 -0.3831
vn 0.5576 -0.6121 -0.5607
vn 0.5576 -0.4462 -0.7
vn 0.3184 -0.2853 -0.904
f 1//1 2//2 3//3
f 4//4 3//3 5//5
f 6//6 5//5 7//7
f 8//8 7//7 9//9
f 10//10 9//9 11//11
f 12//12 11//11 13//13
f 14//14 13//13 15//15
f 16//16 15//15 17//17
f 16//16 14//14 15//15
f 18//18 19//19 20//20
f 18//18 21//21 19//19
f 18//18 22//22 21//21
f 21//21 22//22 23//23
f 24//24 23//23 25//25
f 26//26 25//25 27//27
f 28//28 27//27 29//29
f 30//30 29//29 31//31
f 32//32 31//31 33//33
f 34//34 33//33 35//35
f 36//36 35//35 37//37
f 36//36 34//34 35//35
f 36//36 38//38 34//34
f 34//34 38//38 39//39
f 32//32 39//39 40//40
f 30//30 40//40 41//41
f 28//28 41//41 42//42
f 26//26 42//42 43//43
f 24//24 43//43 44//44
f 21//21 44//44 19//19
f 21//21 24//24 44//44
f 21//21 23//23 24//24
f 22//22 45//45 23//23
f 23//23 45//45 46//46
f 25//25 46//46 47//47
f 27//27 47//47 48//48
f 29//29 48//48 49//49
f 31//31 49//49 50//50
f 33//33 50//50 51//51
f 35//35 51//51 52//52
f 37//37 52//52 53//53
f 37//37 35//35 52//52
f 45//45 54//54 46//46
f 46//46 54//54 55//55
f 56//56 46//46 55//55
f 56//56 47//47 46//46
f 56//56 57//57 47//47
f 47//47 57//57 48//48
f 48//48 57//57 58//58
f 49//49 58//58 50//50
f 49//49 48//48 58//58
f 58//58 59//59 50//50
f 50//50 59//59 51//51
f 51//51 59//59 60//60
f 52//52 60//60 53//53
f 52//52 51//51 60//60
f 60//60 61//61 53//53
f 38//38 17//17 39//39
f 39//39 17//17 15//15
f 40//40 15//15 13//13
f 41//41 13//13 11//11
f 42//42 11//11 9//9
f 43//43 9//9 7//7
f 44//44 7//7 5//5
f 19//19 5//5 3//3
f 20//20 3//3 2//2
f 20//20 19//19 3//3
f 14//14 12//12 13//13
f 12//12 10//10 11//11
f 10//10 8//8 9//9
f 8//8 6//6 7//7
f 6//6 4//4 5//5
f 4//4 1//1 3//3
f 25//25 23//23 46//46
f 5//5 19//19 44//44
f 27//27 25//25 47//47
f 43//43 24//24 26//26
f 26//26 24//24 25//25
f 7//7 44//44 43//43
f 29//29 27//27 48//48
f 42//42 26//26 28//28
f 28//28 26//26 27//27
f 9//9 43//43 42//42
f 29//29 49//49 31//31
f 28//28 29//29 30//30
f 41//41 28//28 30//30
f 31//31 50//50 33//33
f 40//40 30//30 32//32
f 32//32 30//30 31//31
f 41//41 11//11 42//42
f 13//13 41//41 40//40
f 35//35 33//33 51//51
f 39//39 32//32 34//34
f 34//34 32//32 33//33
f 15//15 40//40 39//39
f 62//62 63//63 64//64
f 62//62 65//65 63//63
f 62//62 66//66 65//65
f 65//65 66//66 67//67
f 68//68 67//67 69//69
f 70//69 69//69 71//70
f 72//71 71//70 16//16
f 17//17 72//71 16//16
f 17//17 73//72 72//71
f 17//17 38//38 73//72
f 73//72 38//38 74//73
f 75//68 74//73 76//74
f 77//74 76//74 78//75
f 63//63 78//75 64//64
f 63//63 77//74 78//75
f 63//63 65//65 77//74
f 77//74 65//65 68//68
f 75//68 68//68 70//69
f 73//72 70//69 72//71
f 73//72 75//68 70//69
f 73//72 74//73 75//68
f 66//66 79//76 67//67
f 67//67 79//76 80//77
f 81//78 80//77 82//79
f 83//80 82//79 84//81
f 85//82 84//81 16//16
f 71//70 85//82 16//16
f 71//70 69//69 85//82
f 85//82 69//69 81//78
f 83//80 81//78 82//79
f 83//80 85//82 81//78
f 83//80 84//81 85//82
f 67//67 80//77 81//78
f 69//69 67//67 81//78
f 38//38 36//36 74//73
f 74//73 36//36 37//37
f 86//83 37//37 53//53
f 87//84 53//53 61//61
f 88//85 61//61 64//64
f 78//75 88//85 64//64
f 78//75 76//74 88//85
f 88//85 76//74 86//83
f 87//84 86//83 53//53
f 87//84 88//85 86//83
f 87//84 61//61 88//85
f 74//73 37//37 86//83
f 76//74 74//73 86//83
f 75//68 76//74 77//74
f 68//68 75//68 77//74
f 67//67 68//68 65//65
f 70//69 68//68 69//69
f 72//71 70//69 71//70
f 89//86 90//87 91//88
f 91//88 90//87 92//89
f 93//90 92//89 94//91
f 95//92 94//91 96//93
f 97//94 96//93 98//95
f 99//96 98//95 100//97
f 101//98 100//97 102//99
f 103//100 101//98 102//99
f 103//100 104//101 101//98
f 103//100 105//102 104//101
f 104//101 105//102 106//103
f 107//104 106//103 108//105
f 109//106 108//105 110//107
f 111//108 110//107 112//109
f 113//110 112//109 66//66
f 62//62 113//110 66//66
f 62//62 64//64 113//110
f 113//110 64//64 114//111
f 115//112 114//111 116//113
f 117//114 116//113 118//115
f 119//116 118//115 120//117
f 121//118 120//117 95//92
f 97//94 95//92 96//93
f 97//94 121//118 95//92
f 97//94 122//119 121//118
f 97//94 99//96 122//119
f 97//94 98//95 99//96
f 90//87 123//120 92//89
f 92//89 123//120 94//91
f 94//91 123//120 124//121
f 96//93 124//121 125//122
f 98//95 125//122 126//123
f 100//97 126//123 127//124
f 102//99 100//97 127//124
f 94//91 124//121 96//93
f 96//93 125//122 98//95
f 98//95 126//123 100//97
f 105//102 128//125 106//103
f 106//103 128//125 129//126
f 108//105 129//126 130//127
f 110//107 130//127 131//128
f 112//109 131//128 79//76
f 66//66 112//109 79//76
f 128//125 132//129 129//126
f 129//126 132//129 133//130
f 130//127 133//130 134//131
f 131//128 134//131 80//77
f 79//76 131//128 80//77
f 132//129 135//132 133//130
f 133//130 135//132 136//133
f 134//131 136//133 82//79
f 80//77 134//131 82//79
f 135//132 137//134 136//133
f 136//133 137//134 84//81
f 82//79 136//133 84//81
f 113//110 114//111 115//112
f 111//108 115//112 138//135
f 109//106 138//135 139//136
f 107//104 139//136 140//137
f 104//101 140//137 101//98
f 104//101 107//104 140//137
f 104//101 106//103 107//104
f 115//112 116//113 117//114
f 138//135 117//114 141//138
f 139//136 141//138 122//119
f 140//137 122//119 99//96
f 101//98 99//96 100//97
f 101//98 140//137 99//96
f 118//115 142//139 120//117
f 120//117 142//139 93//90
f 95//92 93//90 94//91
f 95//92 120//117 93//90
f 142//139 91//88 93//90
f 93//90 91//88 92//89
f 141//138 117//114 119//116
f 121//118 119//116 120//117
f 121//118 141//138 119//116
f 121//118 122//119 141//138
f 139//136 122//119 140//137
f 108//105 106//103 129//126
f 109//106 139//136 107//104
f 108//105 109//106 107//104
f 138//135 141//138 139//136
f 117//114 118//115 119//116
f 130//127 129//126 133//130
f 110//107 108//105 130//127
f 111//108 138//135 109//106
f 110//107 111//108 109//106
f 115//112 117//114 138//135
f 134//131 133//130 136//133
f 131//128 130//127 134//131
f 112//109 110//107 131//128
f 113//110 115//112 111//108
f 112//109 113//110 111//108
f 143//140 144//141 145//142
f 143//140 146//143 144//141
f 143//140 147//144 146//143
f 146//143 147//144 148//145
f 149//146 148//145 150//147
f 151//147 150//147 152//148
f 153//149 152//148 127//124
f 154//149 127//124 155//150
f 156//147 155//150 157//151
f 158//146 157//151 159//152
f 160//153 159//152 161//154
f 162//155 161//154 163//156
f 89//86 163//156 90//87
f 89//86 162//155 163//156
f 89//86 164//157 162//155
f 89//86 145//142 164//157
f 164//157 145//142 165//155
f 166//153 165//155 167//153
f 168//146 167//153 169//146
f 170//147 169//146 151//147
f 153//149 151//147 152//148
f 153//149 170//147 151//147
f 153//149 154//149 170//147
f 153//149 127//124 154//149
f 147//144 171//158 148//145
f 148//145 171//158 172//159
f 173//160 172//159 174//161
f 175//162 174//161 176//163
f 177//149 176//163 152//148
f 150//147 177//149 152//148
f 150//147 173//160 177//149
f 150//147 148//145 173//160
f 173//160 148//145 172//159
f 173//160 174//161 175//162
f 177//149 175//162 176//163
f 177//149 173//160 175//162
f 176//163 127//124 152//148
f 127//124 126//123 155//150
f 155//150 126//123 157//151
f 157//151 126//123 125//122
f 159//152 125//122 124//121
f 123//120 159//152 124//121
f 123//120 161//154 159//152
f 123//120 90//87 161//154
f 161//154 90//87 163//156
f 157//151 125//122 159//152
f 165//155 145//142 178//155
f 167//153 178//155 179//153
f 169//146 179//153 149//146
f 151//147 149//146 150//147
f 151//147 169//146 149//146
f 178//155 144//141 179//153
f 178//155 145//142 144//141
f 165//155 178//155 167//153
f 165//155 166//153 164//157
f 164//157 166//153 160//153
f 162//155 160//153 161//154
f 162//155 164//157 160//153
f 149//146 179//153 146//143
f 148//145 149//146 146//143
f 169//146 167//153 179//153
f 144//141 146//143 179//153
f 167//153 168//146 166//153
f 166//153 168//146 158//146
f 160//153 158//146 159//152
f 160//153 166//153 158//146
f 169//146 170//147 168//146
f 168//146 170//147 156//147
f 158//146 156//147 157//151
f 158//146 168//146 156//147
f 155//150 156//147 154//149
f 154//149 156//147 170//147
f 180//164 181//165 182//166
f 182//166 181//165 183//167
f 184//168 183//167 185//169
f 186//170 185//169 187//171
f 188//172 187//171 189//173
f 190//174 189//173 191//175
f 192//176 191//175 193//177
f 194//178 192//176 193//177
f 194//178 195//179 192//176
f 194//178 196//180 195//179
f 195//179 196//180 197//181
f 198//182 197//181 199//183
f 200//184 199//183 201//185
f 202//186 201//185 203//187
f 204//188 203//187 147//144
f 143//140 204//188 147//144
f 143//140 145//142 204//188
f 204//188 145//142 205//189
f 206//190 205//189 207//191
f 208//192 207//191 209//193
f 210//194 209//193 211//195
f 212//196 211//195 186//170
f 188//172 186//170 187//171
f 188//172 212//196 186//170
f 188//172 213//197 212//196
f 188//172 190//174 213//197
f 188//172 189//173 190//174
f 181//165 214//198 183//167
f 183//167 214//198 185//169
f 185//169 214//198 215//199
f 187//171 215//199 216//200
f 189//173 216//200 217//201
f 191//175 217//201 218//202
f 193//177 191//175 218//202
f 185//169 215//199 187//171
f 187//171 216//200 189//173
f 189//173 217//201 191//175
f 196//180 219//203 197//181
f 197//181 219//203 220//204
f 199//183 220//204 221//205
f 201//185 221//205 222//206
f 203//187 222//206 171//158
f 147//144 203//187 171//158
f 219//203 223//207 220//204
f 220//204 223//207 224//208
f 221//205 224//208 225//209
f 222//206 225//209 172//159
f 171//158 222//206 172//159
f 223//207 226//210 224//208
f 224//208 226//210 227//211
f 225//209 227//211 174//161
f 172//159 225//209 174//161
f 226//210 228//212 227//211
f 227//211 228//212 176//163
f 174//161 227//211 176//163
f 204//188 205//189 206//190
f 202//186 206//190 229//213
f 200//184 229//213 230//214
f 198//182 230//214 231//215
f 195//179 231//215 192//176
f 195//179 198//182 231//215
f 195//179 197//181 198//182
f 206//190 207//191 208//192
f 229//213 208//192 232//216
f 230//214 232//216 213//197
f 231//215 213//197 190//174
f 192//176 190//174 191//175
f 192//176 231//215 190//174
f 209//193 233//217 211//195
f 211//195 233//217 184//168
f 186//170 184//168 185//169
f 186//170 211//195 184//168
f 233//217 182//166 184//168
f 184//168 182//166 183//167
f 232//216 208//192 210//194
f 212//196 210//194 211//195
f 212//196 232//216 210//194
f 212//196 213//197 232//216
f 230//214 213//197 231//215
f 199//183 197//181 220//204
f 200//184 230//214 198//182
f 199//183 200//184 198//182
f 229//213 232//216 230//214
f 208//192 209//193 210//194
f 221//205 220//204 224//208
f 201//185 199//183 221//205
f 202//186 229//213 200//184
f 201//185 202//186 200//184
f 206//190 208//192 229//213
f 225//209 224//208 227//211
f 222//206 221//205 225//209
f 203//187 201//185 222//206
f 204//188 206//190 202//186
f 203//187 204//188 202//186
f 234//218 235//219 236//220
f 234//218 237//221 235//219
f 234//218 238//222 237//221
f 237//221 238//222 239//223
f 240//224 239//223 241//225
f 242//225 241//225 243//226
f 244//227 243//226 218//202
f 217//201 244//227 218//202
f 217//201 245//228 244//227
f 217//201 216//200 245//228
f 245//228 216//200 246//229
f 247//224 246//229 248//230
f 249//230 248//230 250//231
f 235//219 250//231 236//220
f 235//219 249//230 250//231
f 235//219 237//221 249//230
f 249//230 237//221 240//224
f 247//224 240//224 242//225
f 245//228 242//225 244//227
f 245//228 247//224 242//225
f 245//228 246//229 247//224
f 238//222 251//232 239//223
f 239//223 251//232 252//233
f 253//234 252//233 254//235
f 255//236 254//235 256//237
f 257//238 256//237 218//202
f 243//226 257//238 218//202
f 243//226 241//225 257//238
f 257//238 241//225 253//234
f 255//236 253//234 254//235
f 255//236 257//238 253//234
f 255//236 256//237 257//238
f 239//223 252//233 253//234
f 241//225 239//223 253//234
f 216//200 215//199 246//229
f 246//229 215//199 214//198
f 258//239 214//198 181//165
f 259//240 181//165 180//164
f 260//241 180//164 236//220
f 250//231 260//241 236//220
f 250//231 248//230 260//241
f 260//241 248//230 258//239
f 259//240 258//239 181//165
f 259//240 260//241 258//239
f 259//240 180//164 260//241
f 246//229 214//198 258//239
f 248//230 246//229 258//239
f 247//224 248//230 249//230
f 240//224 247//224 249//230
f 239//223 240//224 237//221
f 242//225 240//224 241//225
f 244//227 242//225 243//226
f 261//242 262//243 263//244
f 263//244 262//243 264//245
f 265//246 264//245 266//247
f 267//248 266//247 268//249
f 269//250 268//249 270//251
f 271//252 270//251 272//253
f 273//254 272//253 274//255
f 275//256 273//254 274//255
f 275//256 276//257 273//254
f 275//256 277//258 276//257
f 276//257 277//258 278//259
f 279//260 278//259 280//261
f 281//262 280//261 282//263
f 283//264 282//263 284//265
f 285//266 284//265 238//222
f 234//218 285//266 238//222
f 234//218 236//220 285//266
f 285//266 236//220 286//267
f 287//268 286//267 288//269
f 289//270 288//269 290//271
f 291//272 290//271 292//273
f 293//274 292//273 267//248
f 269//250 267//248 268//249
f 269//250 293//274 267//248
f 269//250 294//275 293//274
f 269//250 271//252 294//275
f 269//250 270//251 271//252
f 262//243 295//276 264//245
f 264//245 295//276 266//247
f 266//247 295//276 296//277
f 268//249 296//277 297//278
f 270//251 297//278 298//279
f 272//253 298//279 299//280
f 274//255 272//253 299//280
f 266//247 296//277 268//249
f 268//249 297//278 270//251
f 270//251 298//279 272//253
f 277//258 300//281 278//259
f 278//259 300//281 301//282
f 280//261 301//282 302//283
f 282//263 302//283 303//284
f 284//265 303//284 251//232
f 238//222 284//265 251//232
f 300//281 304//285 301//282
f 301//282 304//285 305//286
f 302//283 305//286 306//287
f 303//284 306//287 252//233
f 251//232 303//284 252//233
f 304//285 307//288 305//286
f 305//286 307//288 308//289
f 306//287 308//289 254//235
f 252//233 306//287 254//235
f 307//288 309//290 308//289
f 308//289 309//290 256//237
f 254//235 308//289 256//237
f 285//266 286//267 287//268
f 283//264 287//268 310//291
f 281//262 310//291 311//292
f 279//260 311//292 312//293
f 276//257 312//293 273//254
f 276//257 279//260 312//293
f 276//257 278//259 279//260
f 287//268 288//269 289//270
f 310//291 289//270 313//294
f 311//292 313//294 294//275
f 312//293 294//275 271//252
f 273//254 271//252 272//253
f 273//254 312//293 271//252
f 290//271 314//295 292//273
f 292//273 314//295 265//246
f 267//248 265//246 266//247
f 267//248 292//273 265//246
f 314//295 263//244 265//246
f 265//246 263//244 264//245
f 313//294 289//270 291//272
f 293//274 291//272 292//273
f 293//274 313//294 291//272
f 293//274 294//275 313//294
f 311//292 294//275 312//293
f 280//261 278//259 301//282
f 281//262 311//292 279//260
f 280//261 281//262 279//260
f 310//291 313//294 311//292
f 289//270 290//271 291//272
f 302//283 301//282 305//286
f 282//263 280//261 302//283
f 283//264 310//291 281//262
f 282//263 283//264 281//262
f 287//268 289//270 310//291
f 306//287 305//286 308//289
f 303//284 302//283 306//287
f 284//265 282//263 303//284
f 285//266 287//268 283//264
f 284//265 285//266 283//264
f 54//54 315//296 55//55
f 54//54 316//297 315//296
f 54//54 45//45 316//297
f 316//297 45//45 317//298
f 318//299 317//298 319//300
f 320//300 319//300 321//301
f 322//302 321//301 299//280
f 323//302 299//280 324//303
f 325//300 324//303 326//304
f 327//299 326//304 328//305
f 329//306 328//305 330//307
f 331//308 330//307 332//309
f 261//242 332//309 262//243
f 261//242 331//308 332//309
f 261//242 333//310 331//308
f 261//242 55//55 333//310
f 333//310 55//55 334//308
f 335//306 334//308 336//306
f 337//299 336//306 338//299
f 339//300 338//299 320//300
f 322//302 320//300 321//301
f 322//302 339//300 320//300
f 322//302 323//302 339//300
f 322//302 299//280 323//302
f 45//45 22//22 317//298
f 317//298 22//22 18//18
f 340//311 18//18 20//20
f 341//312 20//20 2//2
f 342//302 2//2 321//301
f 319//300 342//302 321//301
f 319//300 340//311 342//302
f 319//300 317//298 340//311
f 340//311 317//298 18//18
f 340//311 20//20 341//312
f 342//302 341//312 2//2
f 342//302 340//311 341//312
f 2//2 299//280 321//301
f 299//280 298//279 324//303
f 324//303 298//279 326//304
f 326//304 298//279 297//278
f 328//305 297//278 296//277
f 295//276 328//305 296//277
f 295//276 330//307 328//305
f 295//276 262//243 330//307
f 330//307 262//243 332//309
f 326//304 297//278 328//305
f 334//308 55//55 343//308
f 336//306 343//308 344//306
f 338//299 344//306 318//299
f 320//300 318//299 319//300
f 320//300 338//299 318//299
f 343//308 315//296 344//306
f 343//308 55//55 315//296
f 334//308 343//308 336//306
f 334//308 335//306 333//310
f 333//310 335//306 329//306
f 331//308 329//306 330//307
f 331//308 333//310 329//306
f 318//299 344//306 316//297
f 317//298 318//299 316//297
f 338//299 336//306 344//306
f 315//296 316//297 344//306
f 336//306 337//299 335//306
f 335//306 337//299 327//299
f 329//306 327//299 328//305
f 329//306 335//306 327//299
f 338//299 339//300 337//299
f 337//299 339//300 325//300
f 327//299 325//300 326//304
f 327//299 337//299 325//300
f 324//303 325//300 323//302
f 323//302 325//300 339//300
f 256//237 345//313 218//202
f 218//202 345//313 346//314
f 345//313 256//237 347//315
f 347//315 256//237 309//290
f 348//316 309//290 307//288
f 349//317 307//288 304//285
f 350//318 304//285 300//281
f 351//319 300//281 277//258
f 352//320 277//258 275//256
f 353//321 275//256 274//255
f 354//322 274//255 299//280
f 355//323 354//322 299//280
f 347//315 309//290 348//316
f 348//316 307//288 349//317
f 349//317 304//285 350//318
f 350//318 300//281 351//319
f 351//319 277//258 352//320
f 352//320 275//256 353//321
f 353//321 274//255 354//322
f 2//2 356//324 299//280
f 299//280 356//324 355//323
f 356//324 2//2 357//325
f 357//325 2//2 1//1
f 358//326 1//1 4//4
f 359//327 4//4 6//6
f 360//328 6//6 8//8
f 361//329 8//8 10//10
f 362//330 10//10 12//12
f 363//331 12//12 14//14
f 364//332 14//14 16//16
f 365//333 364//332 16//16
f 357//325 1//1 358//326
f 358//326 4//4 359//327
f 359//327 6//6 360//328
f 360//328 8//8 361//329
f 361//329 10//10 362//330
f 362//330 12//12 363//331
f 363//331 14//14 364//332
f 366//334 145//142 367//335
f 366//334 368//336 145//142
f 145//142 368//336 369//337
f 370//338 145//142 369//337
f 370//338 205//189 145//142
f 370//338 207//191 205//189
f 370//338 209//193 207//191
f 370//338 233//217 209//193
f 370//338 371//339 233//217
f 233//217 371//339 182//166
f 182//166 371//339 180//164
f 180//164 371//339 372//340
f 373//341 180//164 372//340
f 373//341 374//342 180//164
f 180//164 374//342 375//343
f 236//220 375//343 376//344
f 377//345 236//220 376//344
f 377//345 378//346 236//220
f 236//220 378//346 286//267
f 286//267 378//346 288//269
f 288//269 378//346 379//347
f 290//271 379//347 314//295
f 290//271 288//269 379//347
f 180//164 375//343 236//220
f 380//348 261//242 379//347
f 380//348 381//349 261//242
f 261//242 381//349 382//350
f 383//351 261//242 382//350
f 383//351 55//55 261//242
f 383//351 384//352 55//55
f 55//55 384//352 385//353
f 386//354 55//55 385//353
f 386//354 387//355 55//55
f 55//55 387//355 388//356
f 60//60 388//356 61//61
f 60//60 55//55 388//356
f 60//60 59//59 55//55
f 55//55 59//59 58//58
f 57//57 55//55 58//58
f 57//57 56//56 55//55
f 388//356 389//357 61//61
f 61//61 389//357 390//358
f 391//359 61//61 390//358
f 391//359 64//64 61//61
f 391//359 392//360 64//64
f 64//64 392//360 393//361
f 114//111 393//361 89//86
f 116//113 89//86 118//115
f 116//113 114//111 89//86
f 393//361 394//362 89//86
f 89//86 394//362 395//363
f 396//364 89//86 395//363
f 396//364 397//365 89//86
f 89//86 397//365 367//335
f 145//142 89//86 367//335
f 261//242 263//244 379//347
f 379//347 263//244 314//295
f 91//88 142//139 89//86
f 89//86 142//139 118//115
f 114//111 64//64 393//361
f 84//81 398//366 16//16
f 16//16 398//366 365//333
f 398//366 84//81 399//367
f 399//367 84//81 137//134
f 400//368 137//134 135//132
f 401//369 135//132 132//129
f 402//370 132//129 128//125
f 403//371 128//125 105//102
f 404//372 105//102 103//100
f 405//373 103//100 102//99
f 406//374 102//99 127//124
f 407//375 406//374 127//124
f 399//367 137//134 400//368
f 400//368 135//132 401//369
f 401//369 132//129 402//370
f 402//370 128//125 403//371
f 403//371 105//102 404//372
f 404//372 103//100 405//373
f 405//373 102//99 406//374
f 176//163 408//376 127//124
f 127//124 408//376 407//375
f 408//376 176//163 409//377
f 409//377 176//163 228//212
f 410//378 228//212 226//210
f 411//379 226//210 223//207
f 412//380 223//207 219//203
f 413//381 219//203 196//180
f 414//382 196//180 194//178
f 415//383 194//178 193//177
f 416//384 193//177 218//202
f 346//314 416//384 218//202
f 409//377 228//212 410//378
f 410//378 226//210 411//379
f 411//379 223//207 412//380
f 412//380 219//203 413//381
f 413//381 196//180 414//382
f 414//382 194//178 415//383
f 415//383 193//177 416//384
f 408//376 409//377 417//385
f 417//385 409//377 418//386
f 418//386 409//377 410//378
f 419//387 410//378 411//379
f 420//388 411//379 412//380
f 421//389 412//380 422//390
f 421//389 420//388 412//380
f 418//386 410//378 419//387
f 419//387 411//379 420//388
f 412//380 413//381 422//390
f 422//390 413//381 414//382
f 423//391 414//382 415//383
f 424//392 415//383 416//384
f 425//393 416//384 346//314
f 426//394 425//393 346//314
f 422//390 414//382 423//391
f 423//391 415//383 424//392
f 424//392 416//384 425//393
f 345//313 427//395 346//314
f 346//314 427//395 426//394
f 345//313 347//315 427//395
f 427//395 347//315 428//396
f 428//396 347//315 348//316
f 429//397 348//316 349//317
f 430//398 349//317 350//318
f 431//399 350//318 432//400
f 431//399 430//398 350//318
f 428//396 348//316 429//397
f 429//397 349//317 430//398
f 350//318 351//319 432//400
f 432//400 351//319 352//320
f 433//401 352//320 353//321
f 434//402 353//321 354//322
f 435//403 354//322 355//323
f 436//404 435//403 355//323
f 432//400 352//320 433//401
f 433//401 353//321 434//402
f 434//402 354//322 435//403
f 356//324 437//405 355//323
f 355//323 437//405 436//404
f 438//406 439//407 383//351
f 383//351 439//407 384//352
f 384//352 439//407 440//408
f 385//353 440//408 441//409
f 386//354 441//409 387//355
f 386//354 385//353 441//409
f 384//352 440//408 385//353
f 441//409 442//410 387//355
f 387//355 442//410 443//411
f 388//356 443//411 444//412
f 389//357 444//412 445//413
f 390//358 389//357 445//413
f 387//355 443//411 388//356
f 388//356 444//412 389//357
f 446//414 447//415 448//416
f 446//414 449//417 447//415
f 446//414 450//418 449//417
f 449//417 450//418 451//419
f 451//419 450//418 452//420
f 453//421 452//420 454//422
f 453//421 451//419 452//420
f 452//420 455//423 454//422
f 454//422 455//423 456//424
f 456//424 455//423 457//425
f 458//426 457//425 459//427
f 460//428 459//427 461//429
f 462//430 461//429 463//431
f 462//430 460//428 461//429
f 456//424 457//425 458//426
f 458//426 459//427 460//428
f 461//429 464//432 463//431
f 463//431 464//432 465//433
f 465//433 464//432 466//434
f 467//435 466//434 468//436
f 469//437 468//436 470//438
f 469//437 467//435 468//436
f 465//433 466//434 467//435
f 468//436 471//439 470//438
f 470//438 471//439 472//440
f 472//440 471//439 473//441
f 474//442 473//441 475//443
f 438//406 475//443 476//444
f 439//407 476//444 477//445
f 440//408 477//445 478//446
f 441//409 478//446 479//447
f 442//410 479//447 480//448
f 443//411 480//448 481//449
f 444//412 481//449 482//450
f 445//413 482//450 483//451
f 484//452 483//451 485//453
f 484//452 445//413 483//451
f 472//440 473//441 474//442
f 474//442 475//443 438//406
f 438//406 476//444 439//407
f 439//407 477//445 440//408
f 440//408 478//446 441//409
f 441//409 479//447 442//410
f 442//410 480//448 443//411
f 443//411 481//449 444//412
f 444//412 482//450 445//413
f 483//451 486//454 485//453
f 485//453 486//454 487//455
f 487//455 486//454 488//456
f 489//457 488//456 490//458
f 491//459 490//458 492//460
f 493//461 492//460 494//462
f 495//463 494//462 496//464
f 497//465 496//464 448//416
f 447//415 497//465 448//416
f 487//455 488//456 489//457
f 489//457 490//458 491//459
f 491//459 492//460 493//461
f 493//461 494//462 495//463
f 495//463 496//464 497//465
f 438//406 383//351 474//442
f 474//442 383//351 382//350
f 484//452 485//453 391//359
f 391//359 485//453 392//360
f 392//360 485//453 487//455
f 393//361 487//455 489//457
f 394//362 489//457 395//363
f 394//362 393//361 489//457
f 392//360 487//455 393//361
f 489//457 491//459 395//363
f 395//363 491//459 493//461
f 396//364 493//461 495//463
f 397//365 495//463 497//465
f 367//335 397//365 497//465
f 395//363 493//461 396//364
f 396//364 495//463 397//365
f 367//335 497//465 366//334
f 366//334 497//465 447//415
f 462//430 463//431 375//343
f 375//343 463//431 376//344
f 376//344 463//431 465//433
f 377//345 465//433 467//435
f 378//346 467//435 379//347
f 378//346 377//345 467//435
f 376//344 465//433 377//345
f 467//435 469//437 379//347
f 379//347 469//437 470//438
f 380//348 470//438 472//440
f 381//349 472//440 474//442
f 382//350 381//349 474//442
f 379//347 470//438 380//348
f 380//348 472//440 381//349
f 447//415 449//417 366//334
f 366//334 449//417 368//336
f 368//336 449//417 451//419
f 369//337 451//419 453//421
f 370//338 453//421 371//339
f 370//338 369//337 453//421
f 368//336 451//419 369//337
f 453//421 454//422 371//339
f 371//339 454//422 456//424
f 372//340 456//424 458//426
f 373//341 458//426 460//428
f 374//342 373//341 460//428
f 371//339 456//424 372//340
f 372//340 458//426 373//341
f 476//444 498//466 499//467
f 477//445 499//467 478//446
f 477//445 476//444 499//467
f 500//468 501//469 502//470
f 500//468 503//471 501//469
f 500//468 504//472 503//471
f 503//471 504//472 505//473
f 480//448 505//473 481//449
f 480//448 503//471 505//473
f 480//448 479//447 503//471
f 503//471 479//447 501//469
f 501//469 479//447 478//446
f 499//467 501//469 478//446
f 499//467 502//470 501//469
f 499//467 498//466 502//470
f 504//472 506//474 505//473
f 505//473 506//474 507//475
f 481//449 507//475 482//450
f 481//449 505//473 507//475
f 506//474 508//476 507//475
f 507//475 508//476 509//477
f 482//450 507//475 509//477
f 510//478 511//479 512//480
f 510//478 513//481 511//479
f 510//478 514//482 513//481
f 513//481 514//482 515//483
f 516//483 515//483 517//484
f 518//484 517//484 519//485
f 520//485 519//485 498//466
f 521//485 498//466 522//486
f 523//484 522//486 524//484
f 525//483 524//484 526//483
f 527//481 526//483 528//481
f 529//487 528//481 530//488
f 512//480 530//488 531//489
f 512//480 529//487 530//488
f 512//480 532//479 529//487
f 512//480 533//479 532//479
f 512//480 534//487 533//479
f 512//480 511//479 534//487
f 534//487 511//479 535//481
f 536//481 535//481 537//483
f 538//483 537//483 539//484
f 523//484 539//484 521//485
f 522//486 523//484 521//485
f 514//482 540//490 515//483
f 515//483 540//490 541//484
f 517//484 541//484 542//491
f 519//485 542//491 498//466
f 519//485 517//484 542//491
f 540//490 543//492 541//484
f 541//484 543//492 544//491
f 542//491 544//491 498//466
f 542//491 541//484 544//491
f 543//492 545//493 544//491
f 544//491 545//493 498//466
f 498//466 546//494 522//486
f 522//486 546//494 547//491
f 524//484 547//491 548//484
f 526//483 548//484 549//483
f 528//481 549//483 550//481
f 530//488 550//481 551//479
f 531//489 551//479 552//479
f 553//479 552//479 554//481
f 555//481 554//481 556//483
f 557//495 556//483 558//496
f 557//495 555//481 556//483
f 557//495 559//497 555//481
f 555//481 559//497 560//479
f 553//479 560//479 531//489
f 552//479 553//479 531//489
f 561//498 562//491 546//494
f 561//498 563//484 562//491
f 561//498 558//496 563//484
f 563//484 558//496 556//483
f 564//483 556//483 554//481
f 565//481 554//481 552//479
f 551//479 565//481 552//479
f 551//479 550//481 565//481
f 565//481 550//481 566//483
f 564//483 566//483 567//484
f 563//484 567//484 562//491
f 563//484 564//483 567//484
f 563//484 556//483 564//483
f 559//497 568//499 560//479
f 560//479 568//499 531//489
f 551//479 531//489 530//488
f 535//481 511//479 513//481
f 516//483 513//481 515//483
f 516//483 535//481 513//481
f 516//483 537//483 535//481
f 516//483 518//484 537//483
f 516//483 517//484 518//484
f 535//481 536//481 534//487
f 534//487 536//481 533//479
f 533//479 536//481 569//481
f 532//479 569//481 527//481
f 529//487 527//481 528//481
f 529//487 532//479 527//481
f 532//479 533//479 569//481
f 550//481 530//488 528//481
f 555//481 560//479 553//479
f 554//481 555//481 553//479
f 537//483 538//483 536//481
f 536//481 538//483 569//481
f 569//481 538//483 525//483
f 527//481 525//483 526//483
f 527//481 569//481 525//483
f 549//483 528//481 526//483
f 566//483 550//481 549//483
f 570//484 549//483 548//484
f 571//491 548//484 547//491
f 546//494 571//491 547//491
f 546//494 572//491 571//491
f 546//494 562//491 572//491
f 572//491 562//491 567//484
f 570//484 567//484 566//483
f 549//483 570//484 566//483
f 564//483 554//481 565//481
f 566//483 564//483 565//481
f 517//484 515//483 541//484
f 539//484 537//483 518//484
f 520//485 518//484 519//485
f 520//485 539//484 518//484
f 520//485 521//485 539//484
f 520//485 498//466 521//485
f 539//484 523//484 538//483
f 538//483 523//484 525//483
f 525//483 523//484 524//484
f 548//484 526//483 524//484
f 547//491 524//484 522//486
f 572//491 567//484 570//484
f 571//491 570//484 548//484
f 571//491 572//491 570//484
f 502//470 498//466 573//500
f 574//501 573//500 575//502
f 576//503 575//502 577//504
f 578//505 577//504 579//506
f 580//507 579//506 581//508
f 582//509 581//508 510//478
f 583//510 510//478 512//480
f 584//511 512//480 585//512
f 586//513 585//512 587//514
f 588//515 586//513 587//514
f 588//515 589//516 586//513
f 588//515 590//517 589//516
f 589//516 590//517 591//518
f 592//519 591//518 593//520
f 594//521 593//520 595//522
f 580//507 595//522 578//505
f 579//506 580//507 578//505
f 543//492 575//502 545//493
f 543//492 577//504 575//502
f 543//492 540//490 577//504
f 577//504 540//490 579//506
f 579//506 540//490 514//482
f 581//508 514//482 510//478
f 581//508 579//506 514//482
f 582//509 510//478 583//510
f 596//523 583//510 597//524
f 592//519 597//524 589//516
f 591//518 592//519 589//516
f 512//480 587//514 585//512
f 590//517 598//525 591//518
f 591//518 598//525 599//526
f 593//520 599//526 600//527
f 595//522 600//527 601//528
f 578//505 601//528 576//503
f 577//504 578//505 576//503
f 598//525 602//529 599//526
f 599//526 602//529 603//530
f 600//527 603//530 604//531
f 601//528 604//531 605//532
f 576//503 605//532 574//501
f 575//502 576//503 574//501
f 602//529 509//477 603//530
f 603//530 509//477 508//476
f 506//474 603//530 508//476
f 506//474 604//531 603//530
f 506//474 605//532 604//531
f 506//474 504//472 605//532
f 605//532 504//472 574//501
f 574//501 504//472 500//468
f 502//470 574//501 500//468
f 502//470 573//500 574//501
f 498//466 545//493 573//500
f 573//500 545//493 575//502
f 581//508 582//509 580//507
f 580//507 582//509 594//521
f 595//522 580//507 594//521
f 601//528 578//505 595//522
f 605//532 576//503 601//528
f 600//527 599//526 603//530
f 593//520 591//518 599//526
f 584//511 585//512 586//513
f 597//524 586//513 589//516
f 597//524 584//511 586//513
f 597//524 583//510 584//511
f 584//511 583//510 512//480
f 601//528 600//527 604//531
f 595//522 593//520 600//527
f 596//523 597//524 592//519
f 594//521 592//519 593//520
f 594//521 596//523 592//519
f 594//521 582//509 596//523
f 596//523 582//509 583//510
f 606//533 607//534 608//535
f 606//533 609//536 607//534
f 606//533 610//537 609//536
f 609//536 610//537 611//538
f 612//538 611//538 613//539
f 471//439 613//539 473//441
f 471//439 612//538 613//539
f 471//439 468//436 612//538
f 612//538 468//436 614//536
f 609//536 614//536 607//534
f 609//536 612//538 614//536
f 609//536 611//538 612//538
f 610//537 615//540 611//538
f 611//538 615//540 616//539
f 613//539 616//539 617//541
f 473//441 617//541 475//443
f 473//441 613//539 617//541
f 615//540 618//542 616//539
f 616//539 618//542 619//543
f 617//541 619//543 475//443
f 617//541 616//539 619//543
f 618//542 620//544 619//543
f 619//543 620//544 546//494
f 475//443 619//543 546//494
f 468//436 466//434 614//536
f 614//536 466//434 621//545
f 607//534 621//545 608//535
f 607//534 614//536 621//545
f 466//434 464//432 621//545
f 621//545 464//432 461//429
f 608//535 621//545 461//429
f 613//539 611//538 616//539
f 561//498 546//494 622//546
f 623//547 622//546 624//548
f 625//549 624//548 626//550
f 627//551 626//550 628//552
f 629//553 628//552 630//554
f 631//555 630//554 632//556
f 633//557 632//556 634//558
f 635//559 633//557 634//558
f 635//559 636//560 633//557
f 635//559 637//561 636//560
f 636//560 637//561 638//562
f 618//542 624//548 620//544
f 618//542 626//550 624//548
f 618//542 615//540 626//550
f 626//550 615//540 639//563
f 628//552 639//563 640//564
f 630//554 640//564 641//565
f 632//556 641//565 642//566
f 634//558 632//556 642//566
f 615//540 610//537 639//563
f 639//563 610//537 643//567
f 640//564 643//567 644//568
f 641//565 644//568 645//569
f 642//566 641//565 645//569
f 610//537 606//533 643//567
f 643//567 606//533 644//568
f 644//568 606//533 608//535
f 645//569 644//568 608//535
f 531//489 568//499 638//562
f 559//497 646//570 568//499
f 559//497 647//571 646//570
f 559//497 648//572 647//571
f 559//497 557//495 648//572
f 648//572 557//495 649//573
f 650//574 649//573 625//549
f 627//551 625//549 626//550
f 627//551 650//574 625//549
f 627//551 651//575 650//574
f 627//551 629//553 651//575
f 627//551 628//552 629//553
f 557//495 558//496 649//573
f 649//573 558//496 623//547
f 625//549 623//547 624//548
f 625//549 649//573 623//547
f 558//496 561//498 623//547
f 623//547 561//498 622//546
f 652//576 638//562 653//577
f 654//578 653//577 655//579
f 656//580 655//579 647//571
f 648//572 656//580 647//571
f 648//572 650//574 656//580
f 648//572 649//573 650//574
f 646//570 638//562 568//499
f 646//570 647//571 638//562
f 638//562 647//571 655//579
f 546//494 620//544 622//546
f 622//546 620//544 624//548
f 633//557 636//560 657//581
f 631//555 657//581 658//582
f 629//553 658//582 651//575
f 629//553 631//555 658//582
f 629//553 630//554 631//555
f 654//578 655//579 656//580
f 651//575 656//580 650//574
f 651//575 654//578 656//580
f 651//575 658//582 654//578
f 654//578 658//582 652//576
f 653//577 654//578 652//576
f 639//563 628//552 626//550
f 638//562 655//579 653//577
f 643//567 640//564 639//563
f 640//564 630//554 628//552
f 638//562 652//576 657//581
f 636//560 638//562 657//581
f 657//581 652//576 658//582
f 641//565 640//564 644//568
f 632//556 630//554 641//565
f 633//557 657//581 631//555
f 632//556 633//557 631//555
f 482//450 509//477 483//451
f 483//451 509//477 659//583
f 602//529 660//584 509//477
f 602//529 661//585 660//584
f 602//529 598//525 661//585
f 661//585 598//525 662//586
f 663//586 662//586 664//587
f 665//587 664//587 666//588
f 667//589 666//588 512//480
f 668//590 667//589 512//480
f 668//590 669//588 667//589
f 668//590 670//588 669//588
f 668//590 671//588 670//588
f 668//590 672//588 671//588
f 668//590 673//591 672//588
f 672//588 673//591 674//587
f 675//587 674//587 676//586
f 677//586 676//586 678//585
f 679//585 678//585 680//584
f 681//592 680//584 659//583
f 509//477 681//592 659//583
f 509//477 682//584 681//592
f 509//477 683//584 682//584
f 509//477 660//584 683//584
f 683//584 660//584 684//585
f 685//585 684//585 686//586
f 687//586 686//586 688//587
f 689//587 688//587 669//588
f 670//588 689//587 669//588
f 670//588 690//587 689//587
f 670//588 671//588 690//587
f 690//587 671//588 675//587
f 677//586 675//587 676//586
f 677//586 690//587 675//587
f 677//586 691//586 690//587
f 677//586 679//585 691//586
f 677//586 678//585 679//585
f 598//525 590//517 662//586
f 662//586 590//517 692//587
f 664//587 692//587 693//588
f 666//588 693//588 512//480
f 666//588 664//587 693//588
f 590//517 588//515 692//587
f 692//587 588//515 694//588
f 693//588 694//588 512//480
f 693//588 692//587 694//588
f 588//515 587//514 694//588
f 694//588 587//514 512//480
f 673//591 695//593 674//587
f 674//587 695//593 696//586
f 676//586 696//586 697//585
f 678//585 697//585 698//584
f 680//584 698//584 659//583
f 680//584 678//585 698//584
f 695//593 699//594 696//586
f 696//586 699//594 700//585
f 697//585 700//585 701//584
f 698//584 701//584 659//583
f 698//584 697//585 701//584
f 699//594 702//595 700//585
f 700//585 702//595 703//584
f 701//584 703//584 659//583
f 701//584 700//585 703//584
f 702//595 704//596 703//584
f 703//584 704//596 659//583
f 684//585 660//584 661//585
f 663//586 661//585 662//586
f 663//586 684//585 661//585
f 663//586 686//586 684//585
f 663//586 665//587 686//586
f 663//586 664//587 665//587
f 684//585 685//585 683//584
f 683//584 685//585 682//584
f 682//584 685//585 705//585
f 681//592 705//585 679//585
f 680//584 681//592 679//585
f 681//592 682//584 705//585
f 691//586 679//585 705//585
f 687//586 705//585 685//585
f 686//586 687//586 685//585
f 691//586 705//585 687//586
f 689//587 687//586 688//587
f 689//587 691//586 687//586
f 689//587 690//587 691//586
f 676//586 697//585 678//585
f 696//586 700//585 697//585
f 664//587 662//586 692//587
f 688//587 686//586 665//587
f 667//589 665//587 666//588
f 667//589 688//587 665//587
f 667//589 669//588 688//587
f 674//587 696//586 676//586
f 672//588 674//587 675//587
f 671//588 672//588 675//587
f 531//489 706//597 512//480
f 531//489 707//598 706//597
f 531//489 708//599 707//598
f 707//598 708//599 709//600
f 709//600 708//599 710//601
f 710//601 708//599 668//590
f 512//480 710//601 668//590
f 512//480 706//597 710//601
f 638//562 711//602 531//489
f 638//562 637//561 711//602
f 711//602 637//561 712//603
f 713//603 712//603 714//604
f 715//604 714//604 716//605
f 717//605 716//605 718//606
f 719//607 718//606 720//608
f 721//607 720//608 722//607
f 723//605 722//607 724//605
f 725//604 724//605 726//604
f 727//603 726//604 728//603
f 729//609 728//603 730//609
f 731//610 730//609 732//609
f 733//611 732//609 734//612
f 733//611 731//610 732//609
f 637//561 635//559 712//603
f 712//603 635//559 735//604
f 714//604 735//604 736//605
f 716//605 736//605 737//607
f 718//606 737//607 608//535
f 720//608 718//606 608//535
f 635//559 634//558 735//604
f 735//604 634//558 738//605
f 736//605 738//605 739//607
f 737//607 739//607 608//535
f 737//607 736//605 739//607
f 634//558 642//566 738//605
f 738//605 642//566 740//607
f 739//607 740//607 608//535
f 739//607 738//605 740//607
f 642//566 645//569 740//607
f 740//607 645//569 608//535
f 722//607 720//608 741//607
f 724//605 741//607 742//605
f 726//604 742//605 743//604
f 728//603 743//604 744//603
f 730//609 744//603 732//609
f 730//609 728//603 744//603
f 745//613 742//605 746//614
f 745//613 743//604 742//605
f 745//613 747//615 743//604
f 743//604 747//615 744//603
f 744//603 747//615 734//612
f 732//609 744//603 734//612
f 708//599 531//489 731//610
f 731//610 531//489 748//616
f 729//609 748//616 727//603
f 728//603 729//609 727//603
f 720//608 746//614 741//607
f 741//607 746//614 742//605
f 711//602 749//617 531//489
f 711//602 713//603 749//617
f 711//602 712//603 713//603
f 749//617 750//617 531//489
f 749//617 751//603 750//617
f 749//617 713//603 751//603
f 751//603 713//603 715//604
f 752//604 715//604 717//605
f 753//605 717//605 719//607
f 721//607 719//607 720//608
f 721//607 753//605 719//607
f 721//607 723//605 753//605
f 721//607 722//607 723//605
f 748//616 531//489 754//617
f 755//603 754//617 756//603
f 757//604 756//603 752//604
f 753//605 752//604 717//605
f 753//605 757//604 752//604
f 753//605 723//605 757//604
f 757//604 723//605 725//604
f 755//603 725//604 727//603
f 748//616 755//603 727//603
f 748//616 754//617 755//603
f 754//617 750//617 756//603
f 754//617 531//489 750//617
f 730//609 731//610 729//609
f 729//609 731//610 748//616
f 714//604 712//603 735//604
f 715//604 713//603 714//604
f 752//604 756//603 751//603
f 715//604 752//604 751//603
f 750//617 751//603 756//603
f 725//604 755//603 757//604
f 757//604 755//603 756//603
f 726//604 727//603 725//604
f 743//604 728//603 726//604
f 736//605 735//604 738//605
f 716//605 714//604 736//605
f 717//605 715//604 716//605
f 724//605 725//604 723//605
f 742//605 726//604 724//605
f 718//606 716//605 737//607
f 719//607 717//605 718//606
f 741//607 724//605 722//607
f 608//535 461//429 720//608
f 720//608 461//429 459//427
f 448//416 758//618 759//619
f 760//619 759//619 761//620
f 446//414 761//620 450//418
f 446//414 760//619 761//620
f 446//414 448//416 760//619
f 760//619 448//416 759//619
f 762//621 763//622 764//623
f 762//621 765//624 763//622
f 762//621 766//625 765//624
f 765//624 766//625 767//626
f 768//627 767//626 769//628
f 455//423 769//628 457//425
f 455//423 768//627 769//628
f 455//423 452//420 768//627
f 768//627 452//420 770//629
f 765//624 770//629 763//622
f 765//624 768//627 770//629
f 765//624 767//626 768//627
f 766//625 771//630 767//626
f 767//626 771//630 772//631
f 769//628 772//631 459//427
f 457//425 769//628 459//427
f 771//630 773//632 772//631
f 772//631 773//632 720//608
f 459//427 772//631 720//608
f 452//420 450//418 770//629
f 770//629 450//418 761//620
f 763//622 761//620 759//619
f 764//623 759//619 758//618
f 764//623 763//622 759//619
f 763//622 770//629 761//620
f 769//628 767//626 772//631
f 483//451 659//583 774//633
f 486//454 774//633 775//634
f 488//456 775//634 776//635
f 490//458 776//635 777//636
f 492//460 777//636 778//637
f 494//462 778//637 496//464
f 494//462 492//460 778//637
f 779//638 775//634 780//639
f 779//638 776//635 775//634
f 779//638 781//640 776//635
f 776//635 781//640 777//636
f 777//636 781//640 782//641
f 778//637 782//641 783//642
f 784//643 778//637 783//642
f 784//643 496//464 778//637
f 777//636 782//641 778//637
f 492//460 490//458 777//636
f 490//458 488//456 776//635
f 488//456 486//454 775//634
f 486//454 483//451 774//633
f 659//583 780//639 774//633
f 774//633 780//639 775//634
f 785//644 786//645 784//643
f 785//644 787//646 786//645
f 785//644 788//647 787//646
f 787//646 788//647 789//648
f 790//648 789//648 791//649
f 792//649 791//649 793//650
f 794//650 793//650 668//590
f 795//651 668//590 708//599
f 796//650 708//599 797//650
f 798//649 797//650 799//649
f 800//648 799//649 801//648
f 802//646 801//648 803//646
f 804//652 803//646 805//653
f 758//618 805//653 806//653
f 807//653 806//653 808//646
f 809//646 808//646 810//648
f 811//654 810//648 812//655
f 811//654 809//646 810//648
f 811//654 813//656 809//646
f 809//646 813//656 814//653
f 807//653 814//653 758//618
f 806//653 807//653 758//618
f 788//647 815//657 789//648
f 789//648 815//657 816//649
f 791//649 816//649 817//650
f 793//650 817//650 668//590
f 793//650 791//649 817//650
f 815//657 818//658 816//649
f 816//649 818//658 819//650
f 817//650 819//650 668//590
f 817//650 816//649 819//650
f 818//658 820//659 819//650
f 819//650 820//659 668//590
f 794//650 668//590 795//651
f 821//649 795//651 822//649
f 823//648 822//649 824//648
f 825//646 824//648 826//646
f 827//645 826//646 828//645
f 784//643 828//645 804//652
f 758//618 804//652 805//653
f 758//618 784//643 804//652
f 829//660 830//650 708//599
f 829//660 831//649 830//650
f 829//660 812//655 831//649
f 831//649 812//655 810//648
f 832//648 810//648 808//646
f 833//646 808//646 806//653
f 805//653 833//646 806//653
f 805//653 803//646 833//646
f 833//646 803//646 834//648
f 832//648 834//648 835//649
f 831//649 835//649 830//650
f 831//649 832//648 835//649
f 831//649 810//648 832//648
f 813//656 836//661 814//653
f 814//653 836//661 758//618
f 786//645 837//645 784//643
f 786//645 838//646 837//645
f 786//645 787//646 838//646
f 838//646 787//646 790//648
f 839//648 790//648 792//649
f 821//649 792//649 794//650
f 795//651 821//649 794//650
f 837//645 840//645 784//643
f 837//645 841//646 840//645
f 837//645 838//646 841//646
f 841//646 838//646 839//648
f 823//648 839//648 821//649
f 822//649 823//648 821//649
f 828//645 784//643 827//645
f 827//645 784//643 840//645
f 825//646 840//645 841//646
f 823//648 841//646 839//648
f 823//648 825//646 841//646
f 823//648 824//648 825//646
f 826//646 827//645 825//646
f 825//646 827//645 840//645
f 804//652 828//645 802//646
f 803//646 804//652 802//646
f 809//646 814//653 807//653
f 808//646 809//646 807//653
f 790//648 787//646 789//648
f 839//648 838//646 790//648
f 828//645 826//646 802//646
f 802//646 826//646 800//648
f 801//648 802//646 800//648
f 800//648 826//646 824//648
f 798//649 824//648 822//649
f 796//650 822//649 795//651
f 708//599 796//650 795//651
f 834//648 803//646 801//648
f 842//649 801//648 799//649
f 843//650 799//649 797//650
f 708//599 843//650 797//650
f 708//599 844//650 843//650
f 708//599 830//650 844//650
f 844//650 830//650 835//649
f 842//649 835//649 834//648
f 801//648 842//649 834//648
f 832//648 808//646 833//646
f 834//648 832//648 833//646
f 791//649 789//648 816//649
f 792//649 790//648 791//649
f 821//649 839//648 792//649
f 799//649 800//648 798//649
f 798//649 800//648 824//648
f 794//650 792//649 793//650
f 797//650 798//649 796//650
f 796//650 798//649 822//649
f 844//650 835//649 842//649
f 843//650 842//649 799//649
f 843//650 844//650 842//649
f 820//659 845//662 668//590
f 820//659 846//663 845//662
f 820//659 847//664 846//663
f 820//659 818//658 847//664
f 847//664 818//658 848//665
f 849//666 848//665 850//667
f 851//668 850//667 852//669
f 853//670 852//669 854//671
f 855//672 854//671 856//673
f 702//595 856//673 704//596
f 702//595 855//672 856//673
f 702//595 699//594 855//672
f 855//672 699//594 857//674
f 853//670 857//674 858//675
f 851//668 858//675 859//676
f 849//666 859//676 846//663
f 847//664 849//666 846//663
f 847//664 848//665 849//666
f 818//658 815//657 848//665
f 848//665 815//657 860//677
f 850//667 860//677 861//678
f 852//669 861//678 862//679
f 854//671 862//679 863//680
f 856//673 863//680 864//681
f 704//596 864//681 659//583
f 704//596 856//673 864//681
f 815//657 788//647 860//677
f 860//677 788//647 865//682
f 861//678 865//682 866//683
f 862//679 866//683 867//684
f 863//680 867//684 868//685
f 864//681 868//685 779//638
f 780//639 864//681 779//638
f 780//639 659//583 864//681
f 788//647 785//644 865//682
f 865//682 785//644 869//686
f 866//683 869//686 783//642
f 782//641 866//683 783//642
f 782//641 781//640 866//683
f 866//683 781//640 867//684
f 867//684 781//640 779//638
f 868//685 867//684 779//638
f 785//644 784//643 869//686
f 869//686 784//643 783//642
f 699//594 695//593 857//674
f 857//674 695//593 870//687
f 858//675 870//687 871//688
f 859//676 871//688 845//662
f 846//663 859//676 845//662
f 695//593 673//591 870//687
f 870//687 673//591 872//689
f 871//688 872//689 668//590
f 845//662 871//688 668//590
f 673//591 668//590 872//689
f 871//688 870//687 872//689
f 858//675 857//674 870//687
f 854//671 855//672 853//670
f 853//670 855//672 857//674
f 863//680 856//673 854//671
f 868//685 864//681 863//680
f 860//677 865//682 861//678
f 848//665 860//677 850//667
f 861//678 866//683 862//679
f 850//667 861//678 852//669
f 859//676 849//666 851//668
f 851//668 849//666 850//667
f 865//682 869//686 866//683
f 863//680 862//679 867//684
f 854//671 852//669 862//679
f 858//675 851//668 853//670
f 853//670 851//668 852//669
f 871//688 859//676 858//675
f 764//623 758//618 873//690
f 874//691 873//690 875//692
f 876//693 875//692 877//694
f 878//695 877//694 879//696
f 880//697 879//696 881//698
f 882//699 881//698 731//610
f 813//656 875//692 836//661
f 813//656 811//654 875//692
f 875//692 811//654 877//694
f 877//694 811//654 812//655
f 879//696 812//655 829//660
f 881//698 829//660 883//700
f 877//694 812//655 879//696
f 829//660 708//599 883//700
f 883//700 708//599 731//610
f 731//610 733//611 884//701
f 731//610 884//701 885//702
f 731//610 885//702 886//703
f 731//610 886//703 887//704
f 731//610 887//704 882//699
f 747//615 888//705 734//612
f 747//615 889//706 888//705
f 747//615 745//613 889//706
f 889//706 745//613 890//707
f 891//708 890//707 892//709
f 893//710 892//709 894//711
f 895//712 894//711 896//713
f 878//695 896//713 876//693
f 877//694 878//695 876//693
f 745//613 746//614 890//707
f 890//707 746//614 897//714
f 892//709 897//714 898//715
f 894//711 898//715 899//716
f 896//713 899//716 900//717
f 876//693 900//717 874//691
f 875//692 876//693 874//691
f 746//614 720//608 897//714
f 897//714 720//608 773//632
f 898//715 773//632 771//630
f 899//716 771//630 766//625
f 900//717 766//625 762//621
f 874//691 762//621 764//623
f 873//690 874//691 764//623
f 897//714 773//632 898//715
f 898//715 771//630 899//716
f 899//716 766//625 900//717
f 900//717 762//621 874//691
f 883//700 731//610 881//698
f 881//698 879//696 829//660
f 880//697 881//698 882//699
f 901//718 882//699 887//704
f 902//719 887//704 886//703
f 903//720 886//703 885//702
f 888//705 885//702 884//701
f 734//612 884//701 733//611
f 734//612 888//705 884//701
f 878//695 879//696 880//697
f 895//712 880//697 901//718
f 893//710 901//718 902//719
f 891//708 902//719 903//720
f 889//706 903//720 888//705
f 889//706 891//708 903//720
f 889//706 890//707 891//708
f 758//618 836//661 873//690
f 873//690 836//661 875//692
f 892//709 890//707 897//714
f 885//702 888//705 903//720
f 894//711 892//709 898//715
f 902//719 891//708 893//710
f 893//710 891//708 892//709
f 886//703 903//720 902//719
f 896//713 894//711 899//716
f 901//718 893//710 895//712
f 895//712 893//710 894//711
f 887//704 902//719 901//718
f 876//693 896//713 900//717
f 880//697 895//712 878//695
f 878//695 895//712 896//713
f 882//699 901//718 880//697
f 758//618 448//416 784//643
f 784//643 448//416 496//464
f 476//444 475//443 498//466
f 498//466 475//443 546//494
f 904//721 905//722 906//723
f 906//723 905//722 907//724
f 908//725 907//724 909//726
f 910//727 909//726 911//728
f 912//729 911//728 913//730
f 912//729 910//727 911//728
f 906//723 907//724 908//725
f 908//725 909//726 910//727
f 914//731 915//732 916//733
f 916//733 915//732 917//734
f 917//734 915//732 918//735
f 919//736 918//735 920//737
f 921//738 920//737 922//739
f 923//740 922//739 924//741
f 925//742 924//741 926//743
f 927//744 926//743 928//745
f 929//746 928//745 930//747
f 931//748 929//746 930//747
f 917//734 918//735 919//736
f 919//736 920//737 921//738
f 921//738 922//739 923//740
f 923//740 924//741 925//742
f 925//742 926//743 927//744
f 927//744 928//745 929//746
f 930//747 932//749 931//748
f 931//748 932//749 933//750
f 932//749 934//751 933//750
f 933//750 934//751 935//752
f 935//752 934//751 936//753
f 937//754 936//753 938//755
f 939//756 938//755 940//757
f 941//758 940//757 942//759
f 943//760 942//759 944//761
f 945//762 944//761 946//763
f 947//764 946//763 948//765
f 949//766 947//764 948//765
f 935//752 936//753 937//754
f 937//754 938//755 939//756
f 939//756 940//757 941//758
f 941//758 942//759 943//760
f 943//760 944//761 945//762
f 945//762 946//763 947//764
f 948//765 950//767 949//766
f 949//766 950//767 951//768
f 950//767 952//769 951//768
f 951//768 952//769 953//770
f 953//770 952//769 954//771
f 955//772 954//771 956//773
f 957//774 956//773 958//775
f 959//776 958//775 960//777
f 961//778 960//777 962//779
f 963//780 962//779 964//781
f 965//782 964//781 966//783
f 967//784 965//782 966//783
f 953//770 954//771 955//772
f 955//772 956//773 957//774
f 957//774 958//775 959//776
f 959//776 960//777 961//778
f 961//778 962//779 963//780
f 963//780 964//781 965//782
f 966//783 968//785 967//784
f 967//784 968//785 969//786
f 968//785 970//787 969//786
f 969//786 970//787 971//788
f 971//788 970//787 972//789
f 973//790 972//789 974//791
f 975//792 974//791 976//793
f 977//794 976//793 978//795
f 979//796 978//795 980//797
f 981//798 980//797 982//799
f 983//800 982//799 984//801
f 985//802 983//800 984//801
f 971//788 972//789 973//790
f 973//790 974//791 975//792
f 975//792 976//793 977//794
f 977//794 978//795 979//796
f 979//796 980//797 981//798
f 981//798 982//799 983//800
f 984//801 914//731 985//802
f 985//802 914//731 916//733
f 928//745 986//803 930//747
f 928//745 987//804 986//803
f 928//745 926//743 987//804
f 987//804 926//743 988//805
f 988//805 926//743 924//741
f 989//806 924//741 922//739
f 990//807 922//739 920//737
f 991//808 920//737 918//735
f 992//809 918//735 915//732
f 993//810 915//732 914//731
f 437//405 914//731 436//404
f 437//405 993//810 914//731
f 988//805 924//741 989//806
f 989//806 922//739 990//807
f 990//807 920//737 991//808
f 991//808 918//735 992//809
f 992//809 915//732 993//810
f 914//731 984//801 436//404
f 436//404 984//801 435//403
f 435//403 984//801 982//799
f 434//402 982//799 980//797
f 433//401 980//797 978//795
f 432//400 978//795 976//793
f 431//399 976//793 974//791
f 430//398 974//791 972//789
f 429//397 972//789 970//787
f 428//396 970//787 968//785
f 427//395 968//785 966//783
f 426//394 966//783 425//393
f 426//394 427//395 966//783
f 435//403 982//799 434//402
f 434//402 980//797 433//401
f 433//401 978//795 432//400
f 432//400 976//793 431//399
f 431//399 974//791 430//398
f 430//398 972//789 429//397
f 429//397 970//787 428//396
f 428//396 968//785 427//395
f 966//783 964//781 425//393
f 425//393 964//781 424//392
f 424//392 964//781 962//779
f 423//391 962//779 960//777
f 422//390 960//777 958//775
f 421//389 958//775 956//773
f 420//388 956//773 954//771
f 419//387 954//771 952//769
f 418//386 952//769 950//767
f 417//385 950//767 994//811
f 417//385 418//386 950//767
f 424//392 962//779 423//391
f 423//391 960//777 422//390
f 422//390 958//775 421//389
f 421//389 956//773 420//388
f 420//388 954//771 419//387
f 419//387 952//769 418//386
f 950//767 948//765 994//811
f 994//811 948//765 995//812
f 995//812 948//765 946//763
f 996//813 946//763 944//761
f 997//814 944//761 942//759
f 998//815 942//759 940//757
f 999//816 940//757 938//755
f 1000//817 938//755 936//753
f 1001//818 936//753 934//751
f 1002//819 934//751 932//749
f 1003//820 932//749 913//730
f 1003//820 1002//819 932//749
f 995//812 946//763 996//813
f 996//813 944//761 997//814
f 997//814 942//759 998//815
f 998//815 940//757 999//816
f 999//816 938//755 1000//817
f 1000//817 936//753 1001//818
f 1001//818 934//751 1002//819
f 932//749 930//747 913//730
f 913//730 930//747 912//729
f 912//729 930//747 1004//821
f 1004//821 930//747 986//803
f 356//324 357//325 437//405
f 437//405 357//325 993//810
f 993//810 357//325 358//326
f 992//809 358//326 359//327
f 991//808 359//327 360//328
f 990//807 360//328 989//806
f 990//807 991//808 360//328
f 993//810 358//326 992//809
f 992//809 359//327 991//808
f 360//328 361//329 989//806
f 989//806 361//329 362//330
f 988//805 362//330 363//331
f 987//804 363//331 364//332
f 986//803 364//332 365//333
f 1004//821 986//803 365//333
f 989//806 362//330 988//805
f 988//805 363//331 987//804
f 987//804 364//332 986//803
f 398//366 1005//822 365//333
f 398//366 1006//823 1005//822
f 398//366 1007//824 1006//823
f 398//366 1003//820 1007//824
f 1007//824 1003//820 1008//825
f 1008//825 1003//820 1009//826
f 1009//826 1003//820 1010//827
f 1010//827 1003//820 1011//828
f 1011//828 1003//820 913//730
f 1005//822 1012//829 365//333
f 365//333 1012//829 1004//821
f 1004//821 1012//829 1013//830
f 1014//831 1004//821 1013//830
f 1014//831 1015//832 1004//821
f 1004//821 1015//832 1016//833
f 912//729 1004//821 1016//833
f 1017//834 1018//835 1019//836
f 1020//837 1019//836 1021//838
f 1022//839 1021//838 1023//840
f 1024//841 1023//840 1025//842
f 1026//843 1025//842 1027//844
f 1028//845 1027//844 1029//846
f 1028//845 1026//843 1027//844
f 1030//847 1021//838 1031//848
f 1030//847 1023//840 1021//838
f 1030//847 1032//849 1023//840
f 1023//840 1032//849 1025//842
f 1025//842 1032//849 1033//850
f 1027//844 1033//850 1034//851
f 1035//852 1027//844 1034//851
f 1035//852 1036//853 1027//844
f 1035//852 1037//854 1036//853
f 1036//853 1037//854 1038//855
f 1039//856 1038//855 1040//857
f 1039//856 1036//853 1038//855
f 1039//856 1029//846 1036//853
f 1036//853 1029//846 1027//844
f 1025//842 1033//850 1027//844
f 1037//854 1041//858 1038//855
f 1038//855 1041//858 1042//859
f 1040//857 1042//859 1043//860
f 1040//857 1038//855 1042//859
f 1041//858 1044//861 1042//859
f 1042//859 1044//861 1043//860
f 1026//843 1024//841 1025//842
f 1024//841 1022//839 1023//840
f 1022//839 1020//837 1021//838
f 1020//837 1017//834 1019//836
f 1031//848 1021//838 1019//836
f 1018//835 1031//848 1019//836
f 1045//862 1046//863 1047//864
f 1047//864 1046//863 1048//865
f 1048//865 1046//863 1049//866
f 1049//866 1046//863 1050//867
f 1051//868 1050//867 1052//869
f 1051//868 1049//866 1050//867
f 1052//869 1050//867 1053//870
f 1053//870 1050//867 1054//871
f 1055//872 1054//871 1056//873
f 1055//872 1053//870 1054//871
f 1057//874 1058//875 1054//871
f 1057//874 1059//876 1058//875
f 1057//874 1060//877 1059//876
f 1057//874 1061//878 1060//877
f 1060//877 1061//878 1062//879
f 1062//879 1061//878 1063//880
f 1063//880 1061//878 1064//881
f 1064//881 1061//878 1065//882
f 1065//882 1061//878 1066//883
f 1066//883 1061//878 1067//884
f 1067//884 1061//878 1068//885
f 1068//885 1061//878 1069//886
f 1070//887 1069//886 1071//888
f 1070//887 1068//885 1069//886
f 1072//889 1073//890 1069//886
f 1069//886 1073//890 1074//891
f 1075//892 1074//891 1076//893
f 1075//892 1069//886 1074//891
f 1075//892 1071//888 1069//886
f 1074//891 1077//894 1076//893
f 1058//875 1078//895 1054//871
f 1054//871 1078//895 1079//896
f 1080//897 1054//871 1079//896
f 1080//897 1081//898 1054//871
f 1054//871 1081//898 1082//899
f 1056//873 1054//871 1082//899
f 1043//860 1044//861 1083//900
f 1083//900 1044//861 1084//901
f 1085//902 1083//900 1084//901
f 706//597 1086//903 710//601
f 706//597 1087//904 1086//903
f 1088//905 1089//906 1086//903
f 1088//905 1090//907 1089//906
f 1088//905 1091//908 1090//907
f 1090//907 1091//908 1092//909
f 1089//906 1093//910 1086//903
f 1086//903 1093//910 710//601
f 710//601 1093//910 1094//911
f 1095//912 707//598 1096//913
f 1096//913 707//598 709//600
f 1097//914 709//600 1098//915
f 1097//914 1096//913 709//600
f 1097//914 1099//916 1096//913
f 1096//913 1099//916 1100//917
f 1100//917 1099//916 1101//918
f 1102//919 1101//918 1103//920
f 1102//919 1100//917 1101//918
f 1098//915 709//600 1094//911
f 1094//911 709//600 710//601
f 1095//912 1087//904 707//598
f 707//598 1087//904 706//597
f 1095//912 1096//913 1087//904
f 1087//904 1096//913 1086//903
f 1086//903 1096//913 1100//917
f 1088//905 1100//917 1102//919
f 1091//908 1102//919 1103//920
f 1092//909 1103//920 1101//918
f 1090//907 1101//918 1099//916
f 1089//906 1099//916 1097//914
f 1093//910 1097//914 1098//915
f 1094//911 1093//910 1098//915
f 1086//903 1100//917 1088//905
f 1088//905 1102//919 1091//908
f 1091//908 1103//920 1092//909
f 1092//909 1101//918 1090//907
f 1090//907 1099//916 1089//906
f 1089//906 1097//914 1093//910
f 1104//921 1105//922 1106//923
f 1104//921 1107//924 1105//922
f 1104//921 1108//925 1107//924
f 1107//924 1108//925 1109//926
f 1109//926 1108//925 1110//927
f 1111//928 1110//927 1112//929
f 1113//930 1112//929 1114//931
f 1115//932 1113//930 1114//931
f 1109//926 1110//927 1111//928
f 1111//928 1112//929 1113//930
f 1105//922 1116//933 1106//923
f 1106//923 1116//933 1117//934
f 1117//934 1116//933 1118//935
f 1119//936 1118//935 1120//937
f 1121//938 1120//937 1122//939
f 1123//940 1122//939 1124//941
f 1125//942 1124//941 1126//943
f 1127//944 1125//942 1126//943
f 1117//934 1118//935 1119//936
f 1119//936 1120//937 1121//938
f 1121//938 1122//939 1123//940
f 1123//940 1124//941 1125//942
f 1128//945 1129//946 1130//947
f 1128//945 1131//948 1129//946
f 1128//945 1132//949 1131//948
f 1131//948 1132//949 1133//950
f 1134//951 1133//950 1135//952
f 1136//953 1135//952 1137//954
f 1138//955 1137//954 1139//956
f 1140//957 1139//956 1141//958
f 1142//959 1141//958 1143//960
f 1111//928 1143//960 1109//926
f 1111//928 1142//959 1143//960
f 1111//928 1113//930 1142//959
f 1142//959 1113//930 1144//961
f 1140//957 1144//961 1145//962
f 1138//955 1145//962 1146//963
f 1136//953 1146//963 1147//964
f 1134//951 1147//964 1148//965
f 1131//948 1148//965 1129//946
f 1131//948 1134//951 1148//965
f 1131//948 1133//950 1134//951
f 1132//949 1149//966 1133//950
f 1133//950 1149//966 1150//967
f 1135//952 1150//967 1151//968
f 1137//954 1151//968 1152//969
f 1139//956 1152//969 1153//970
f 1141//958 1153//970 1154//971
f 1143//960 1154//971 1155//972
f 1109//926 1155//972 1107//924
f 1109//926 1143//960 1155//972
f 1149//966 1156//973 1150//967
f 1150//967 1156//973 1157//974
f 1151//968 1157//974 1158//975
f 1152//969 1158//975 1159//976
f 1153//970 1159//976 1160//977
f 1154//971 1160//977 1161//978
f 1155//972 1161//978 1162//979
f 1107//924 1162//979 1105//922
f 1107//924 1155//972 1162//979
f 1156//973 1163//980 1157//974
f 1157//974 1163//980 1164//981
f 1158//975 1164//981 1165//982
f 1159//976 1165//982 1166//983
f 1160//977 1166//983 1167//984
f 1161//978 1167//984 1168//985
f 1162//979 1168//985 1169//986
f 1105//922 1169//986 1116//933
f 1105//922 1162//979 1169//986
f 1163//980 1170//987 1164//981
f 1164//981 1170//987 1171//988
f 1165//982 1171//988 1172//989
f 1166//983 1172//989 1173//990
f 1167//984 1173//990 1174//991
f 1168//985 1174//991 1175//992
f 1169//986 1175//992 1176//993
f 1116//933 1176//993 1118//935
f 1116//933 1169//986 1176//993
f 1170//987 1177//994 1171//988
f 1171//988 1177//994 1178//995
f 1172//989 1178//995 1179//996
f 1173//990 1179//996 1180//997
f 1174//991 1180//997 1181//998
f 1175//992 1181//998 1182//999
f 1176//993 1182//999 1183//1000
f 1118//935 1183//1000 1120//937
f 1118//935 1176//993 1183//1000
f 1177//994 1184//1001 1178//995
f 1178//995 1184//1001 1185//1002
f 1179//996 1185//1002 1186//1003
f 1180//997 1186//1003 1187//1004
f 1181//998 1187//1004 1188//1005
f 1182//999 1188//1005 1189//1006
f 1183//1000 1189//1006 1190//1007
f 1120//937 1190//1007 1122//939
f 1120//937 1183//1000 1190//1007
f 1184//1001 1191//1008 1185//1002
f 1185//1002 1191//1008 1192//1009
f 1186//1003 1192//1009 1193//1010
f 1187//1004 1193//1010 1194//1011
f 1188//1005 1194//1011 1195//1012
f 1189//1006 1195//1012 1196//1013
f 1190//1007 1196//1013 1197//1014
f 1122//939 1197//1014 1124//941
f 1122//939 1190//1007 1197//1014
f 1191//1008 1198//1015 1192//1009
f 1192//1009 1198//1015 1199//1016
f 1193//1010 1199//1016 1200//1017
f 1194//1011 1200//1017 1201//1018
f 1195//1012 1201//1018 1202//1019
f 1196//1013 1202//1019 1203//1020
f 1197//1014 1203//1020 1204//1021
f 1124//941 1204//1021 1126//943
f 1124//941 1197//1014 1204//1021
f 1198//1015 1205//1022 1199//1016
f 1199//1016 1205//1022 1206//1023
f 1200//1017 1206//1023 1207//1024
f 1201//1018 1207//1024 1208//1025
f 1202//1019 1208//1025 1209//1026
f 1203//1020 1209//1026 1210//1027
f 1204//1021 1210//1027 1211//1028
f 1126//943 1211//1028 1127//944
f 1126//943 1204//1021 1211//1028
f 1205//1022 1212//1029 1206//1023
f 1206//1023 1212//1029 1213//1030
f 1207//1024 1213//1030 1214//1031
f 1208//1025 1214//1031 1215//1032
f 1209//1026 1215//1032 1216//1033
f 1210//1027 1216//1033 1217//1034
f 1211//1028 1217//1034 1218//1035
f 1127//944 1218//1035 1125//942
f 1127//944 1211//1028 1218//1035
f 1212//1029 1219//1036 1213//1030
f 1213//1030 1219//1036 1220//1037
f 1214//1031 1220//1037 1221//1038
f 1215//1032 1221//1038 1222//1039
f 1216//1033 1222//1039 1223//1040
f 1217//1034 1223//1040 1224//1041
f 1218//1035 1224//1041 1225//1042
f 1125//942 1225//1042 1123//940
f 1125//942 1218//1035 1225//1042
f 1219//1036 1226//1043 1220//1037
f 1220//1037 1226//1043 1227//1044
f 1221//1038 1227//1044 1228//1045
f 1222//1039 1228//1045 1229//1046
f 1223//1040 1229//1046 1230//1047
f 1224//1041 1230//1047 1231//1048
f 1225//1042 1231//1048 1232//1049
f 1123//940 1232//1049 1121//938
f 1123//940 1225//1042 1232//1049
f 1226//1043 1233//1050 1227//1044
f 1227//1044 1233//1050 1234//1051
f 1228//1045 1234//1051 1235//1052
f 1229//1046 1235//1052 1236//1053
f 1230//1047 1236//1053 1237//1054
f 1231//1048 1237//1054 1238//1055
f 1232//1049 1238//1055 1239//1056
f 1121//938 1239//1056 1119//936
f 1121//938 1232//1049 1239//1056
f 1233//1050 1240//1057 1234//1051
f 1234//1051 1240//1057 1241//1058
f 1235//1052 1241//1058 1242//1059
f 1236//1053 1242//1059 1243//1060
f 1237//1054 1243//1060 1244//1061
f 1238//1055 1244//1061 1245//1062
f 1239//1056 1245//1062 1246//1063
f 1119//936 1246//1063 1117//934
f 1119//936 1239//1056 1246//1063
f 1240//1057 1247//1064 1241//1058
f 1241//1058 1247//1064 1248//1065
f 1242//1059 1248//1065 1249//1066
f 1243//1060 1249//1066 1250//1067
f 1244//1061 1250//1067 1251//1068
f 1245//1062 1251//1068 1252//1069
f 1246//1063 1252//1069 1253//1070
f 1117//934 1253//1070 1106//923
f 1117//934 1246//1063 1253//1070
f 1247//1064 1254//1071 1248//1065
f 1248//1065 1254//1071 1255//1072
f 1249//1066 1255//1072 1256//1073
f 1250//1067 1256//1073 1257//1074
f 1251//1068 1257//1074 1258//1075
f 1252//1069 1258//1075 1259//1076
f 1253//1070 1259//1076 1260//1077
f 1106//923 1260//1077 1104//921
f 1106//923 1253//1070 1260//1077
f 1254//1071 1261//1078 1255//1072
f 1255//1072 1261//1078 1262//1079
f 1256//1073 1262//1079 1263//1080
f 1257//1074 1263//1080 1264//1081
f 1258//1075 1264//1081 1265//1082
f 1259//1076 1265//1082 1266//1083
f 1260//1077 1266//1083 1267//1084
f 1104//921 1267//1084 1108//925
f 1104//921 1260//1077 1267//1084
f 1261//1078 1268//1085 1262//1079
f 1262//1079 1268//1085 1269//721
f 1263//1080 1269//721 1270//1086
f 1264//1081 1270//1086 1271//1087
f 1265//1082 1271//1087 1272//1088
f 1266//1083 1272//1088 1273//1089
f 1267//1084 1273//1089 1274//1090
f 1108//925 1274//1090 1110//927
f 1108//925 1267//1084 1274//1090
f 1268//1085 1275//1091 1269//721
f 1269//721 1275//1091 1276//1092
f 1270//1086 1276//1092 1277//1093
f 1271//1087 1277//1093 1278//1094
f 1272//1088 1278//1094 1279//1095
f 1273//1089 1279//1095 1280//1096
f 1274//1090 1280//1096 1281//1097
f 1110//927 1281//1097 1112//929
f 1110//927 1274//1090 1281//1097
f 1275//1091 1282//1098 1276//1092
f 1276//1092 1282//1098 1283//1099
f 1277//1093 1283//1099 1284//1100
f 1278//1094 1284//1100 1285//1101
f 1279//1095 1285//1101 1286//1102
f 1280//1096 1286//1102 1287//1103
f 1281//1097 1287//1103 1288//1104
f 1112//929 1288//1104 1114//931
f 1112//929 1281//1097 1288//1104
f 1282//1098 1289//1105 1283//1099
f 1283//1099 1289//1105 1290//1106
f 1284//1100 1290//1106 1291//1107
f 1285//1101 1291//1107 1292//1108
f 1286//1102 1292//1108 1293//1109
f 1287//1103 1293//1109 1294//1110
f 1288//1104 1294//1110 1295//1111
f 1114//931 1295//1111 1115//932
f 1114//931 1288//1104 1295//1111
f 1289//1105 1130//947 1290//1106
f 1290//1106 1130//947 1129//946
f 1291//1107 1129//946 1148//965
f 1292//1108 1148//965 1147//964
f 1293//1109 1147//964 1146//963
f 1294//1110 1146//963 1145//962
f 1295//1111 1145//962 1144//961
f 1115//932 1144//961 1113//930
f 1115//932 1295//1111 1144//961
f 1206//1023 1200//1017 1199//1016
f 1207//1024 1206//1023 1213//1030
f 1200//1017 1194//1011 1193//1010
f 1201//1018 1200//1017 1207//1024
f 1194//1011 1188//1005 1187//1004
f 1195//1012 1194//1011 1201//1018
f 1188//1005 1182//999 1181//998
f 1189//1006 1188//1005 1195//1012
f 1182//999 1176//993 1175//992
f 1183//1000 1182//999 1189//1006
f 1129//946 1291//1107 1290//1106
f 1291//1107 1285//1101 1284//1100
f 1292//1108 1291//1107 1148//965
f 1285//1101 1279//1095 1278//1094
f 1286//1102 1285//1101 1292//1108
f 1279//1095 1273//1089 1272//1088
f 1280//1096 1279//1095 1286//1102
f 1273//1089 1267//1084 1266//1083
f 1274//1090 1273//1089 1280//1096
f 1259//1076 1266//1083 1260//1077
f 1265//1082 1272//1088 1266//1083
f 1271//1087 1278//1094 1272//1088
f 1277//1093 1284//1100 1278//1094
f 1283//1099 1290//1106 1284//1100
f 1293//1109 1292//1108 1147//964
f 1287//1103 1286//1102 1293//1109
f 1281//1097 1280//1096 1287//1103
f 1135//952 1133//950 1150//967
f 1136//953 1147//964 1134//951
f 1135//952 1136//953 1134//951
f 1294//1110 1293//1109 1146//963
f 1288//1104 1287//1103 1294//1110
f 1151//968 1150//967 1157//974
f 1137//954 1135//952 1151//968
f 1138//955 1146//963 1136//953
f 1137//954 1138//955 1136//953
f 1295//1111 1294//1110 1145//962
f 1158//975 1157//974 1164//981
f 1152//969 1151//968 1158//975
f 1139//956 1137//954 1152//969
f 1140//957 1145//962 1138//955
f 1139//956 1140//957 1138//955
f 1165//982 1164//981 1171//988
f 1159//976 1158//975 1165//982
f 1153//970 1152//969 1159//976
f 1141//958 1139//956 1153//970
f 1142//959 1144//961 1140//957
f 1141//958 1142//959 1140//957
f 1172//989 1171//988 1178//995
f 1166//983 1165//982 1172//989
f 1160//977 1159//976 1166//983
f 1154//971 1153//970 1160//977
f 1143//960 1141//958 1154//971
f 1179//996 1178//995 1185//1002
f 1173//990 1172//989 1179//996
f 1167//984 1166//983 1173//990
f 1161//978 1160//977 1167//984
f 1155//972 1154//971 1161//978
f 1186//1003 1185//1002 1192//1009
f 1180//997 1179//996 1186//1003
f 1174//991 1173//990 1180//997
f 1168//985 1167//984 1174//991
f 1162//979 1161//978 1168//985
f 1193//1010 1192//1009 1199//1016
f 1187//1004 1186//1003 1193//1010
f 1181//998 1180//997 1187//1004
f 1175//992 1174//991 1181//998
f 1169//986 1168//985 1175//992
f 1214//1031 1213//1030 1220//1037
f 1208//1025 1207//1024 1214//1031
f 1202//1019 1201//1018 1208//1025
f 1196//1013 1195//1012 1202//1019
f 1190//1007 1189//1006 1196//1013
f 1221//1038 1220//1037 1227//1044
f 1215//1032 1214//1031 1221//1038
f 1209//1026 1208//1025 1215//1032
f 1203//1020 1202//1019 1209//1026
f 1197//1014 1196//1013 1203//1020
f 1228//1045 1227//1044 1234//1051
f 1222//1039 1221//1038 1228//1045
f 1216//1033 1215//1032 1222//1039
f 1210//1027 1209//1026 1216//1033
f 1204//1021 1203//1020 1210//1027
f 1235//1052 1234//1051 1241//1058
f 1229//1046 1228//1045 1235//1052
f 1223//1040 1222//1039 1229//1046
f 1217//1034 1216//1033 1223//1040
f 1211//1028 1210//1027 1217//1034
f 1242//1059 1241//1058 1248//1065
f 1236//1053 1235//1052 1242//1059
f 1230//1047 1229//1046 1236//1053
f 1224//1041 1223//1040 1230//1047
f 1218//1035 1217//1034 1224//1041
f 1249//1066 1248//1065 1255//1072
f 1243//1060 1242//1059 1249//1066
f 1237//1054 1236//1053 1243//1060
f 1231//1048 1230//1047 1237//1054
f 1225//1042 1224//1041 1231//1048
f 1256//1073 1255//1072 1262//1079
f 1250//1067 1249//1066 1256//1073
f 1244//1061 1243//1060 1250//1067
f 1238//1055 1237//1054 1244//1061
f 1232//1049 1231//1048 1238//1055
f 1263//1080 1262//1079 1269//721
f 1257//1074 1256//1073 1263//1080
f 1251//1068 1250//1067 1257//1074
f 1245//1062 1244//1061 1251//1068
f 1239//1056 1238//1055 1245//1062
f 1270//1086 1269//721 1276//1092
f 1264//1081 1263//1080 1270//1086
f 1258//1075 1257//1074 1264//1081
f 1252//1069 1251//1068 1258//1075
f 1246//1063 1245//1062 1252//1069
f 1277//1093 1276//1092 1283//1099
f 1271//1087 1270//1086 1277//1093
f 1265//1082 1264//1081 1271//1087
f 1259//1076 1258//1075 1265//1082
f 1253//1070 1252//1069 1259//1076
f 1296//1112 1128//945 1297//1113
f 1296//1112 1132//949 1128//945
f 1296//1112 1298//1114 1132//949
f 1132//949 1298//1114 1149//966
f 1149//966 1298//1114 1299//1115
f 1156//973 1299//1115 1300//1116
f 1163//980 1300//1116 1301//1117
f 1170//987 1301//1117 1302//1118
f 1177//994 1302//1118 1303//1119
f 1184//1001 1303//1119 1304//1120
f 1191//1008 1304//1120 1305//1121
f 1198//1015 1305//1121 1306//1122
f 1205//1022 1306//1122 1307//1123
f 1212//1029 1307//1123 1308//1124
f 1219//1036 1308//1124 1309//1125
f 1226//1043 1309//1125 1310//1126
f 1233//1050 1310//1126 1311//1127
f 1240//1057 1311//1127 1312//1128
f 1247//1064 1312//1128 1313//1129
f 1254//1071 1313//1129 1314//1130
f 1261//1078 1314//1130 1315//1131
f 1268//1085 1315//1131 1316//1132
f 1275//1091 1316//1132 1317//1133
f 1282//1098 1317//1133 1318//1134
f 1289//1105 1318//1134 1319//1135
f 1130//947 1319//1135 1297//1113
f 1128//945 1130//947 1297//1113
f 1149//966 1299//1115 1156//973
f 1156//973 1300//1116 1163//980
f 1163//980 1301//1117 1170//987
f 1170//987 1302//1118 1177//994
f 1177//994 1303//1119 1184//1001
f 1184//1001 1304//1120 1191//1008
f 1191//1008 1305//1121 1198//1015
f 1198//1015 1306//1122 1205//1022
f 1205//1022 1307//1123 1212//1029
f 1212//1029 1308//1124 1219//1036
f 1219//1036 1309//1125 1226//1043
f 1226//1043 1310//1126 1233//1050
f 1233//1050 1311//1127 1240//1057
f 1240//1057 1312//1128 1247//1064
f 1247//1064 1313//1129 1254//1071
f 1254//1071 1314//1130 1261//1078
f 1261//1078 1315//1131 1268//1085
f 1268//1085 1316//1132 1275//1091
f 1275//1091 1317//1133 1282//1098
f 1282//1098 1318//1134 1289//1105
f 1289//1105 1319//1135 1130//947
f 1320//1136 1296//1112 1321//1137
f 1320//1136 1298//1114 1296//1112
f 1320//1136 1322//1138 1298//1114
f 1298//1114 1322//1138 1299//1115
f 1299//1115 1322//1138 1323//1139
f 1300//1116 1323//1139 1324//1140
f 1301//1117 1324//1140 1325//1141
f 1302//1118 1325//1141 1326//1142
f 1327//1143 1302//1118 1326//1142
f 1327//1143 1303//1119 1302//1118
f 1327//1143 1328//1144 1303//1119
f 1303//1119 1328//1144 1304//1120
f 1304//1120 1328//1144 1329//1145
f 1305//1121 1329//1145 1330//1146
f 1306//1122 1330//1146 1331//1147
f 1307//1123 1331//1147 1308//1124
f 1307//1123 1306//1122 1331//1147
f 1299//1115 1323//1139 1300//1116
f 1300//1116 1324//1140 1301//1117
f 1301//1117 1325//1141 1302//1118
f 1304//1120 1329//1145 1305//1121
f 1305//1121 1330//1146 1306//1122
f 1331//1147 1332//1148 1308//1124
f 1308//1124 1332//1148 1309//1125
f 1309//1125 1332//1148 1333//1149
f 1310//1126 1333//1149 1334//1150
f 1311//1127 1334//1150 1335//1151
f 1312//1128 1335//1151 1336//1152
f 1313//1129 1336//1152 1337//1153
f 1314//1130 1337//1153 1338//1154
f 1339//1155 1314//1130 1338//1154
f 1339//1155 1315//1131 1314//1130
f 1339//1155 1340//1156 1315//1131
f 1315//1131 1340//1156 1316//1132
f 1316//1132 1340//1156 1341//1157
f 1317//1133 1341//1157 1342//1158
f 1318//1134 1342//1158 1343//1159
f 1319//1135 1343//1159 1321//1137
f 1297//1113 1321//1137 1296//1112
f 1297//1113 1319//1135 1321//1137
f 1309//1125 1333//1149 1310//1126
f 1310//1126 1334//1150 1311//1127
f 1311//1127 1335//1151 1312//1128
f 1312//1128 1336//1152 1313//1129
f 1313//1129 1337//1153 1314//1130
f 1316//1132 1341//1157 1317//1133
f 1317//1133 1342//1158 1318//1134
f 1318//1134 1343//1159 1319//1135
f 1344//1160 1345//1161 1346//1162
f 1344//1160 1347//1163 1345//1161
f 1344//1160 1348//1164 1347//1163
f 1347//1163 1348//1164 1349//1165
f 1350//1166 1349//1165 1351//1167
f 1352//1168 1351//1167 1353//1169
f 1354//1170 1353//1169 1355//1171
f 1356//1172 1355//1171 1357//1173
f 1358//1174 1357//1173 1359//1175
f 1360//1176 1359//1175 1361//1177
f 1362//1178 1361//1177 1363//1179
f 1364//1180 1363//1179 1365//1181
f 1366//1182 1365//1181 1367//1183
f 1368//1184 1367//1183 1369//1185
f 1330//1146 1369//1185 1331//1147
f 1330//1146 1368//1184 1369//1185
f 1330//1146 1329//1145 1368//1184
f 1368//1184 1329//1145 1370//1186
f 1366//1182 1370//1186 1371//1187
f 1364//1180 1371//1187 1372//1188
f 1362//1178 1372//1188 1373//1189
f 1360//1176 1373//1189 1374//1190
f 1358//1174 1374//1190 1375//1191
f 1356//1172 1375//1191 1376//1192
f 1354//1170 1376//1192 1377//1193
f 1352//1168 1377//1193 1378//1194
f 1350//1166 1378//1194 1379//1195
f 1347//1163 1379//1195 1345//1161
f 1347//1163 1350//1166 1379//1195
f 1347//1163 1349//1165 1350//1166
f 1348//1164 1380//1196 1349//1165
f 1349//1165 1380//1196 1381//1197
f 1351//1167 1381//1197 1382//1198
f 1353//1169 1382//1198 1383//1199
f 1355//1171 1383//1199 1384//1200
f 1357//1173 1384//1200 1385//1201
f 1359//1175 1385//1201 1386//1202
f 1361//1177 1386//1202 1387//1203
f 1363//1179 1387//1203 1388//1204
f 1365//1181 1388//1204 1389//1205
f 1367//1183 1389//1205 1390//1206
f 1369//1185 1390//1206 1391//1207
f 1331//1147 1391//1207 1332//1148
f 1331//1147 1369//1185 1391//1207
f 1380//1196 1392//1208 1381//1197
f 1381//1197 1392//1208 1393//1209
f 1382//1198 1393//1209 1394//1210
f 1383//1199 1394//1210 1395//1211
f 1384//1200 1395//1211 1396//1212
f 1385//1201 1396//1212 1397//1213
f 1386//1202 1397//1213 1398//995
f 1387//1203 1398//995 1399//1214
f 1388//1204 1399//1214 1400//1215
f 1389//1205 1400//1215 1401//1216
f 1390//1206 1401//1216 1402//1217
f 1391//1207 1402//1217 1403//1218
f 1332//1148 1403//1218 1404//1219
f 1333//1149 1404//1219 1405//1220
f 1334//1150 1405//1220 1406//1221
f 1335//1151 1406//1221 1407//1222
f 1336//1152 1407//1222 1408//1223
f 1409//1224 1408//1223 1410//1225
f 1411//1226 1410//1225 1412//1227
f 1413//1228 1412//1227 1414//1229
f 1415//1230 1414//1229 1416//1231
f 1417//1232 1416//1231 1418//1051
f 1419//1233 1418//1051 1420//1234
f 1421//1235 1420//1234 1422//1236
f 1423//1237 1422//1236 1424//1238
f 1425//1239 1424//1238 1426//1240
f 1427//1241 1426//1240 1428//1242
f 1429//1243 1428//1242 1430//1244
f 1431//1245 1429//1243 1430//1244
f 1431//1245 1432//1246 1429//1243
f 1431//1245 1433//1247 1432//1246
f 1432//1246 1433//1247 1434//1248
f 1435//1249 1434//1248 1436//1250
f 1437//1251 1436//1250 1438//1252
f 1439//1253 1438//1252 1440//1254
f 1441//1255 1440//1254 1442//1256
f 1443//1257 1442//1256 1444//1258
f 1445//1259 1444//1258 1446//1260
f 1447//1261 1446//1260 1448//1262
f 1449//1263 1448//1262 1450//1264
f 1451//1265 1450//1264 1452//1266
f 1453//1267 1452//1266 1454//1268
f 1322//1138 1454//1268 1323//1139
f 1322//1138 1453//1267 1454//1268
f 1322//1138 1320//1136 1453//1267
f 1453//1267 1320//1136 1455//1269
f 1451//1265 1455//1269 1456//1270
f 1449//1263 1456//1270 1457//1271
f 1447//1261 1457//1271 1458//1272
f 1445//1259 1458//1272 1459//1273
f 1443//1257 1459//1273 1460//1274
f 1441//1255 1460//1274 1461//1275
f 1439//1253 1461//1275 1462//1276
f 1437//1251 1462//1276 1463//1277
f 1435//1249 1463//1277 1464//1278
f 1432//1246 1464//1278 1429//1243
f 1432//1246 1435//1249 1464//1278
f 1432//1246 1434//1248 1435//1249
f 1393//1209 1392//1208 1465//1279
f 1394//1210 1465//1279 1466//1280
f 1395//1211 1466//1280 1467//1281
f 1396//1212 1467//1281 1468//1282
f 1397//1213 1468//1282 1469//1283
f 1398//995 1469//1283 1470//1284
f 1399//1214 1470//1284 1471//1285
f 1400//1215 1471//1285 1472//1286
f 1401//1216 1472//1286 1473//1287
f 1402//1217 1473//1287 1474//1288
f 1403//1218 1474//1288 1404//1219
f 1403//1218 1402//1217 1474//1288
f 1475//1289 1476//1290 1477//1291
f 1475//1289 1478//1292 1476//1290
f 1475//1289 1479//1293 1478//1292
f 1478//1292 1479//1293 1480//1294
f 1481//1295 1480//1294 1482//1296
f 1483//1297 1482//1296 1484//1298
f 1485//1299 1484//1298 1486//1300
f 1487//1301 1486//1300 1488//1302
f 1489//1303 1488//1302 1490//1304
f 1491//1305 1490//1304 1492//1306
f 1493//1307 1492//1306 1494//1308
f 1495//1309 1494//1308 1496//1310
f 1497//1311 1496//1310 1498//1312
f 1406//1221 1498//1312 1407//1222
f 1406//1221 1497//1311 1498//1312
f 1406//1221 1405//1220 1497//1311
f 1497//1311 1405//1220 1499//1313
f 1495//1309 1499//1313 1500//1314
f 1493//1307 1500//1314 1501//1315
f 1491//1305 1501//1315 1502//1316
f 1489//1303 1502//1316 1503//1317
f 1487//1301 1503//1317 1504//1318
f 1485//1299 1504//1318 1505//1319
f 1483//1297 1505//1319 1506//1320
f 1481//1295 1506//1320 1507//1321
f 1478//1292 1507//1321 1476//1290
f 1478//1292 1481//1295 1507//1321
f 1478//1292 1480//1294 1481//1295
f 1479//1293 1508//1322 1480//1294
f 1480//1294 1508//1322 1509//1323
f 1482//1296 1509//1323 1510//1324
f 1484//1298 1510//1324 1511//1325
f 1486//1300 1511//1325 1512//1326
f 1488//1302 1512//1326 1513//1327
f 1490//1304 1513//1327 1514//1023
f 1492//1306 1514//1023 1515//1328
f 1494//1308 1515//1328 1516//1329
f 1496//1310 1516//1329 1517//1330
f 1498//1312 1517//1330 1518//1331
f 1407//1222 1518//1331 1408//1223
f 1407//1222 1498//1312 1518//1331
f 1509//1323 1508//1322 1519//1332
f 1510//1324 1519//1332 1520//1333
f 1511//1325 1520//1333 1521//1334
f 1512//1326 1521//1334 1522//1335
f 1513//1327 1522//1335 1523//1336
f 1514//1023 1523//1336 1524//1337
f 1515//1328 1524//1337 1525//1338
f 1516//1329 1525//1338 1526//1339
f 1517//1330 1526//1339 1527//1340
f 1518//1331 1527//1340 1410//1225
f 1408//1223 1518//1331 1410//1225
f 1528//1341 1529//1342 1530//1343
f 1528//1341 1531//1344 1529//1342
f 1528//1341 1532//1345 1531//1344
f 1531//1344 1532//1345 1533//1346
f 1534//1347 1533//1346 1535//1348
f 1536//1349 1535//1348 1537//1350
f 1538//1351 1537//1350 1539//1352
f 1540//1353 1539//1352 1541//1354
f 1542//1355 1541//1354 1543//1356
f 1544//1357 1543//1356 1416//1231
f 1414//1229 1544//1357 1416//1231
f 1414//1229 1545//1358 1544//1357
f 1414//1229 1412//1227 1545//1358
f 1545//1358 1412//1227 1527//1340
f 1526//1339 1545//1358 1527//1340
f 1526//1339 1546//1359 1545//1358
f 1526//1339 1525//1338 1546//1359
f 1546//1359 1525//1338 1547//1360
f 1542//1355 1547//1360 1540//1353
f 1541//1354 1542//1355 1540//1353
f 1532//1345 1548//1361 1533//1346
f 1533//1346 1548//1361 1549//1362
f 1535//1348 1549//1362 1550//1363
f 1537//1350 1550//1363 1551//1364
f 1539//1352 1551//1364 1552//1365
f 1541//1354 1552//1365 1553//1366
f 1543//1356 1553//1366 1418//1051
f 1416//1231 1543//1356 1418//1051
f 1549//1362 1548//1361 1554//1367
f 1550//1363 1554//1367 1555//1368
f 1551//1364 1555//1368 1556//1369
f 1552//1365 1556//1369 1557//1370
f 1553//1366 1557//1370 1420//1234
f 1418//1051 1553//1366 1420//1234
f 1558//1371 1559//1372 1560//1373
f 1558//1371 1561//1374 1559//1372
f 1558//1371 1562//1375 1561//1374
f 1561//1374 1562//1375 1563//1376
f 1564//1377 1563//1376 1426//1240
f 1424//1238 1564//1377 1426//1240
f 1424//1238 1565//1378 1564//1377
f 1424//1238 1422//1236 1565//1378
f 1565//1378 1422//1236 1557//1370
f 1556//1369 1565//1378 1557//1370
f 1556//1369 1566//1379 1565//1378
f 1556//1369 1555//1368 1566//1379
f 1566//1379 1555//1368 1559//1372
f 1561//1374 1566//1379 1559//1372
f 1561//1374 1564//1377 1566//1379
f 1561//1374 1563//1376 1564//1377
f 1562//1375 1430//1244 1563//1376
f 1563//1376 1430//1244 1428//1242
f 1426//1240 1563//1376 1428//1242
f 1433//1247 1567//1380 1434//1248
f 1434//1248 1567//1380 1568//1381
f 1436//1250 1568//1381 1569//1382
f 1438//1252 1569//1382 1570//1383
f 1440//1254 1570//1383 1571//1384
f 1442//1256 1571//1384 1572//1385
f 1444//1258 1572//1385 1573//1386
f 1446//1260 1573//1386 1574//1387
f 1448//1262 1574//1387 1575//1388
f 1450//1264 1575//1388 1576//1389
f 1452//1266 1576//1389 1577//1390
f 1454//1268 1577//1390 1578//1391
f 1323//1139 1578//1391 1324//1140
f 1323//1139 1454//1268 1578//1391
f 1567//1380 1579//1392 1568//1381
f 1568//1381 1579//1392 1580//1393
f 1569//1382 1580//1393 1581//1394
f 1570//1383 1581//1394 1582//1395
f 1571//1384 1582//1395 1583//1396
f 1572//1385 1583//1396 1584//1397
f 1573//1386 1584//1397 1585//1106
f 1574//1387 1585//1106 1586//1398
f 1575//1388 1586//1398 1587//1399
f 1576//1389 1587//1399 1588//1400
f 1577//1390 1588//1400 1589//1401
f 1578//1391 1589//1401 1590//1402
f 1324//1140 1590//1402 1591//1403
f 1325//1141 1591//1403 1592//1404
f 1326//1142 1592//1404 1593//1405
f 1327//1143 1593//1405 1594//1406
f 1328//1144 1594//1406 1595//1407
f 1370//1186 1595//1407 1371//1187
f 1370//1186 1328//1144 1595//1407
f 1370//1186 1329//1145 1328//1144
f 1580//1393 1579//1392 1596//1408
f 1581//1394 1596//1408 1597//1409
f 1582//1395 1597//1409 1598//1410
f 1583//1396 1598//1410 1599//1411
f 1584//1397 1599//1411 1600//1412
f 1585//1106 1600//1412 1601//1413
f 1586//1398 1601//1413 1602//1414
f 1587//1399 1602//1414 1603//1415
f 1588//1400 1603//1415 1604//1416
f 1589//1401 1604//1416 1605//1417
f 1590//1402 1605//1417 1591//1403
f 1590//1402 1589//1401 1605//1417
f 1606//1418 1607//1419 1608//1420
f 1606//1418 1609//1421 1607//1419
f 1606//1418 1610//1422 1609//1421
f 1609//1421 1610//1422 1611//1423
f 1612//1424 1611//1423 1613//1425
f 1614//1426 1613//1425 1615//1427
f 1616//1428 1615//1427 1617//1429
f 1618//1430 1617//1429 1619//1431
f 1620//1432 1619//1431 1621//1433
f 1622//1434 1621//1433 1623//1435
f 1624//1436 1623//1435 1625//1437
f 1626//1438 1625//1437 1627//1439
f 1628//1440 1627//1439 1629//1441
f 1593//1405 1629//1441 1594//1406
f 1593//1405 1628//1440 1629//1441
f 1593//1405 1592//1404 1628//1440
f 1628//1440 1592//1404 1630//1442
f 1626//1438 1630//1442 1631//1443
f 1624//1436 1631//1443 1632//1444
f 1622//1434 1632//1444 1633//1445
f 1620//1432 1633//1445 1634//1446
f 1618//1430 1634//1446 1635//1447
f 1616//1428 1635//1447 1636//1448
f 1614//1426 1636//1448 1637//1449
f 1612//1424 1637//1449 1638//1450
f 1609//1421 1638//1450 1607//1419
f 1609//1421 1612//1424 1638//1450
f 1609//1421 1611//1423 1612//1424
f 1610//1422 1346//1162 1611//1423
f 1611//1423 1346//1162 1639//1451
f 1613//1425 1639//1451 1640//1452
f 1615//1427 1640//1452 1641//1453
f 1617//1429 1641//1453 1642//1454
f 1619//1431 1642//1454 1643//1455
f 1621//1433 1643//1455 1644//967
f 1623//1435 1644//967 1645//1456
f 1625//1437 1645//1456 1646//1457
f 1627//1439 1646//1457 1647//1458
f 1629//1441 1647//1458 1648//1459
f 1594//1406 1648//1459 1595//1407
f 1594//1406 1629//1441 1648//1459
f 1343//1159 1649//1460 1321//1137
f 1343//1159 1650//1461 1649//1460
f 1343//1159 1342//1158 1650//1461
f 1650//1461 1342//1158 1651//1462
f 1652//1463 1651//1462 1653//1464
f 1654//1465 1653//1464 1655//1466
f 1656//1467 1655//1466 1657//1468
f 1658//1469 1657//1468 1659//1470
f 1660//1471 1659//1470 1661//1472
f 1662//1473 1661//1472 1421//1235
f 1423//1237 1421//1235 1422//1236
f 1423//1237 1662//1473 1421//1235
f 1423//1237 1663//1474 1662//1473
f 1423//1237 1425//1239 1663//1474
f 1423//1237 1424//1238 1425//1239
f 1342//1158 1341//1157 1651//1462
f 1651//1462 1341//1157 1664//1475
f 1653//1464 1664//1475 1665//1476
f 1655//1466 1665//1476 1666//1477
f 1657//1468 1666//1477 1667//1478
f 1659//1470 1667//1478 1668//1479
f 1661//1472 1668//1479 1419//1233
f 1421//1235 1419//1233 1420//1234
f 1421//1235 1661//1472 1419//1233
f 1341//1157 1340//1156 1664//1475
f 1664//1475 1340//1156 1669//1480
f 1665//1476 1669//1480 1670//1481
f 1666//1477 1670//1481 1671//1482
f 1667//1478 1671//1482 1672//1483
f 1668//1479 1672//1483 1417//1232
f 1419//1233 1417//1232 1418//1051
f 1419//1233 1668//1479 1417//1232
f 1669//1480 1340//1156 1673//1484
f 1670//1481 1673//1484 1674//1485
f 1671//1482 1674//1485 1675//1486
f 1672//1483 1675//1486 1415//1230
f 1417//1232 1415//1230 1416//1231
f 1417//1232 1672//1483 1415//1230
f 1338//1154 1676//1487 1339//1155
f 1338//1154 1677//1488 1676//1487
f 1338//1154 1337//1153 1677//1488
f 1677//1488 1337//1153 1409//1224
f 1411//1226 1409//1224 1410//1225
f 1411//1226 1677//1488 1409//1224
f 1411//1226 1678//1489 1677//1488
f 1411//1226 1413//1228 1678//1489
f 1411//1226 1412//1227 1413//1228
f 1337//1153 1336//1152 1409//1224
f 1409//1224 1336//1152 1408//1223
f 1336//1152 1335//1151 1407//1222
f 1335//1151 1334//1150 1406//1221
f 1334//1150 1333//1149 1405//1220
f 1333//1149 1332//1148 1404//1219
f 1403//1218 1332//1148 1391//1207
f 1328//1144 1327//1143 1594//1406
f 1327//1143 1326//1142 1593//1405
f 1326//1142 1325//1141 1592//1404
f 1325//1141 1324//1140 1591//1403
f 1590//1402 1324//1140 1578//1391
f 1320//1136 1321//1137 1455//1269
f 1455//1269 1321//1137 1679//1490
f 1456//1270 1679//1490 1680//1491
f 1457//1271 1680//1491 1681//1492
f 1458//1272 1681//1492 1682//1493
f 1459//1273 1682//1493 1683//1494
f 1460//1274 1683//1494 1684//1079
f 1461//1275 1684//1079 1685//1495
f 1462//1276 1685//1495 1686//1496
f 1463//1277 1686//1496 1687//1497
f 1464//1278 1687//1497 1427//1241
f 1429//1243 1427//1241 1428//1242
f 1429//1243 1464//1278 1427//1241
f 1535//1348 1533//1346 1549//1362
f 1535//1348 1536//1349 1534//1347
f 1534//1347 1536//1349 1688//1498
f 1689//1499 1688//1498 1521//1334
f 1520//1333 1689//1499 1521//1334
f 1520//1333 1529//1342 1689//1499
f 1520//1333 1519//1332 1529//1342
f 1529//1342 1519//1332 1530//1343
f 1530//1343 1519//1332 1508//1322
f 1554//1367 1550//1363 1549//1362
f 1536//1349 1690//1500 1688//1498
f 1536//1349 1538//1351 1690//1500
f 1536//1349 1537//1350 1538//1351
f 1550//1363 1537//1350 1535//1348
f 1688//1498 1690//1500 1522//1335
f 1521//1334 1688//1498 1522//1335
f 1523//1336 1514//1023 1513//1327
f 1523//1336 1690//1500 1691//1501
f 1524//1337 1691//1501 1547//1360
f 1525//1338 1524//1337 1547//1360
f 1514//1023 1492//1306 1490//1304
f 1691//1501 1524//1337 1523//1336
f 1501//1315 1491//1305 1493//1307
f 1493//1307 1491//1305 1492//1306
f 1524//1337 1515//1328 1514//1023
f 1515//1328 1494//1308 1492//1306
f 1501//1315 1500//1314 1473//1287
f 1472//1286 1501//1315 1473//1287
f 1472//1286 1502//1316 1501//1315
f 1472//1286 1471//1285 1502//1316
f 1502//1316 1471//1285 1503//1317
f 1503//1317 1471//1285 1470//1284
f 1504//1318 1470//1284 1469//1283
f 1505//1319 1469//1283 1468//1282
f 1506//1320 1468//1282 1467//1281
f 1507//1321 1467//1281 1466//1280
f 1476//1290 1466//1280 1465//1279
f 1477//1291 1465//1279 1392//1208
f 1477//1291 1476//1290 1465//1279
f 1494//1308 1495//1309 1493//1307
f 1493//1307 1495//1309 1500//1314
f 1404//1219 1474//1288 1499//1313
f 1405//1220 1404//1219 1499//1313
f 1482//1296 1480//1294 1509//1323
f 1382//1198 1381//1197 1393//1209
f 1613//1425 1611//1423 1639//1451
f 1456//1270 1455//1269 1679//1490
f 1569//1382 1568//1381 1580//1393
f 1665//1476 1664//1475 1669//1480
f 1346//1162 1345//1161 1639//1451
f 1639//1451 1345//1161 1640//1452
f 1640//1452 1345//1161 1379//1195
f 1641//1453 1379//1195 1378//1194
f 1642//1454 1378//1194 1377//1193
f 1643//1455 1377//1193 1376//1192
f 1644//967 1376//1192 1375//1191
f 1645//1456 1375//1191 1374//1190
f 1646//1457 1374//1190 1373//1189
f 1647//1458 1373//1189 1372//1188
f 1648//1459 1372//1188 1371//1187
f 1595//1407 1648//1459 1371//1187
f 1640//1452 1615//1427 1613//1425
f 1641//1453 1640//1452 1379//1195
f 1636//1448 1614//1426 1616//1428
f 1616//1428 1614//1426 1615//1427
f 1617//1429 1615//1427 1641//1453
f 1636//1448 1635//1447 1600//1412
f 1599//1411 1636//1448 1600//1412
f 1599//1411 1637//1449 1636//1448
f 1599//1411 1598//1410 1637//1449
f 1637//1449 1598//1410 1638//1450
f 1638//1450 1598//1410 1597//1409
f 1607//1419 1597//1409 1596//1408
f 1608//1420 1596//1408 1579//1392
f 1608//1420 1607//1419 1596//1408
f 1617//1429 1618//1430 1616//1428
f 1616//1428 1618//1430 1635//1447
f 1601//1413 1586//1398 1585//1106
f 1602//1414 1601//1413 1634//1446
f 1633//1445 1602//1414 1634//1446
f 1633//1445 1603//1415 1602//1414
f 1633//1445 1632//1444 1603//1415
f 1603//1415 1632//1444 1604//1416
f 1604//1416 1632//1444 1631//1443
f 1605//1417 1631//1443 1630//1442
f 1591//1403 1630//1442 1592//1404
f 1591//1403 1605//1417 1630//1442
f 1586//1398 1575//1388 1574//1387
f 1587//1399 1586//1398 1602//1414
f 1575//1388 1450//1264 1448//1262
f 1576//1389 1575//1388 1587//1399
f 1456//1270 1449//1263 1451//1265
f 1451//1265 1449//1263 1450//1264
f 1452//1266 1450//1264 1576//1389
f 1453//1267 1455//1269 1451//1265
f 1452//1266 1453//1267 1451//1265
f 1680//1491 1679//1490 1649//1460
f 1692//1502 1649//1460 1650//1461
f 1652//1463 1650//1461 1651//1462
f 1652//1463 1692//1502 1650//1461
f 1652//1463 1693//1503 1692//1502
f 1652//1463 1654//1465 1693//1503
f 1652//1463 1653//1464 1654//1465
f 1457//1271 1456//1270 1680//1491
f 1447//1261 1448//1262 1449//1263
f 1457//1271 1447//1261 1449//1263
f 1446//1260 1574//1387 1448//1262
f 1573//1386 1585//1106 1574//1387
f 1601//1413 1600//1412 1635//1447
f 1634//1446 1601//1413 1635//1447
f 1600//1412 1585//1106 1584//1397
f 1612//1424 1613//1425 1614//1426
f 1637//1449 1612//1424 1614//1426
f 1649//1460 1679//1490 1321//1137
f 1642//1454 1641//1453 1378//1194
f 1619//1431 1617//1429 1642//1454
f 1620//1432 1634//1446 1618//1430
f 1619//1431 1620//1432 1618//1430
f 1588//1400 1587//1399 1603//1415
f 1577//1390 1576//1389 1588//1400
f 1454//1268 1452//1266 1577//1390
f 1352//1168 1378//1194 1350//1166
f 1351//1167 1352//1168 1350//1166
f 1381//1197 1351//1167 1349//1165
f 1643//1455 1642//1454 1377//1193
f 1621//1433 1619//1431 1643//1455
f 1622//1434 1633//1445 1620//1432
f 1621//1433 1622//1434 1620//1432
f 1589//1401 1588//1400 1604//1416
f 1578//1391 1577//1390 1589//1401
f 1353//1169 1351//1167 1382//1198
f 1354//1170 1377//1193 1352//1168
f 1353//1169 1354//1170 1352//1168
f 1644//967 1643//1455 1376//1192
f 1623//1435 1621//1433 1644//967
f 1624//1436 1632//1444 1622//1434
f 1623//1435 1624//1436 1622//1434
f 1605//1417 1604//1416 1631//1443
f 1465//1279 1394//1210 1393//1209
f 1394//1210 1383//1199 1382//1198
f 1395//1211 1394//1210 1466//1280
f 1383//1199 1355//1171 1353//1169
f 1384//1200 1383//1199 1395//1211
f 1376//1192 1354//1170 1356//1172
f 1356//1172 1354//1170 1355//1171
f 1357//1173 1355//1171 1384//1200
f 1358//1174 1375//1191 1356//1172
f 1357//1173 1358//1174 1356//1172
f 1375//1191 1645//1456 1644//967
f 1645//1456 1625//1437 1623//1435
f 1646//1457 1645//1456 1374//1190
f 1631//1443 1624//1436 1626//1438
f 1626//1438 1624//1436 1625//1437
f 1627//1439 1625//1437 1646//1457
f 1628//1440 1630//1442 1626//1438
f 1627//1439 1628//1440 1626//1438
f 1507//1321 1466//1280 1476//1290
f 1396//1212 1395//1211 1467//1281
f 1385//1201 1384//1200 1396//1212
f 1359//1175 1357//1173 1385//1201
f 1360//1176 1374//1190 1358//1174
f 1359//1175 1360//1176 1358//1174
f 1647//1458 1646//1457 1373//1189
f 1629//1441 1627//1439 1647//1458
f 1506//1320 1467//1281 1507//1321
f 1397//1213 1396//1212 1468//1282
f 1386//1202 1385//1201 1397//1213
f 1361//1177 1359//1175 1386//1202
f 1362//1178 1373//1189 1360//1176
f 1361//1177 1362//1178 1360//1176
f 1648//1459 1647//1458 1372//1188
f 1483//1297 1506//1320 1481//1295
f 1482//1296 1483//1297 1481//1295
f 1505//1319 1468//1282 1506//1320
f 1398//995 1397//1213 1469//1283
f 1387//1203 1386//1202 1398//995
f 1363//1179 1361//1177 1387//1203
f 1364//1180 1372//1188 1362//1178
f 1363//1179 1364//1180 1362//1178
f 1519//1332 1510//1324 1509//1323
f 1510//1324 1484//1298 1482//1296
f 1511//1325 1510//1324 1520//1333
f 1505//1319 1483//1297 1485//1299
f 1485//1299 1483//1297 1484//1298
f 1486//1300 1484//1298 1511//1325
f 1469//1283 1505//1319 1504//1318
f 1503//1317 1470//1284 1504//1318
f 1486//1300 1487//1301 1485//1299
f 1485//1299 1487//1301 1504//1318
f 1470//1284 1399//1214 1398//995
f 1399//1214 1388//1204 1387//1203
f 1400//1215 1399//1214 1471//1285
f 1388//1204 1365//1181 1363//1179
f 1389//1205 1388//1204 1400//1215
f 1371//1187 1364//1180 1366//1182
f 1366//1182 1364//1180 1365//1181
f 1367//1183 1365//1181 1389//1205
f 1368//1184 1370//1186 1366//1182
f 1367//1183 1368//1184 1366//1182
f 1512//1326 1511//1325 1521//1334
f 1488//1302 1486//1300 1512//1326
f 1489//1303 1503//1317 1487//1301
f 1488//1302 1489//1303 1487//1301
f 1401//1216 1400//1215 1472//1286
f 1390//1206 1389//1205 1401//1216
f 1369//1185 1367//1183 1390//1206
f 1529//1342 1531//1344 1689//1499
f 1689//1499 1531//1344 1534//1347
f 1688//1498 1689//1499 1534//1347
f 1533//1346 1534//1347 1531//1344
f 1513//1327 1512//1326 1522//1335
f 1490//1304 1488//1302 1513//1327
f 1491//1305 1502//1316 1489//1303
f 1490//1304 1491//1305 1489//1303
f 1402//1217 1401//1216 1473//1287
f 1391//1207 1390//1206 1402//1217
f 1523//1336 1522//1335 1690//1500
f 1474//1288 1473//1287 1500//1314
f 1499//1313 1474//1288 1500//1314
f 1559//1372 1555//1368 1554//1367
f 1560//1373 1554//1367 1548//1361
f 1560//1373 1559//1372 1554//1367
f 1555//1368 1551//1364 1550//1363
f 1690//1500 1538//1351 1691//1501
f 1691//1501 1538//1351 1540//1353
f 1547//1360 1691//1501 1540//1353
f 1551//1364 1539//1352 1537//1350
f 1539//1352 1540//1353 1538//1351
f 1516//1329 1515//1328 1525//1338
f 1496//1310 1494//1308 1516//1329
f 1497//1311 1499//1313 1495//1309
f 1496//1310 1497//1311 1495//1309
f 1552//1365 1551//1364 1556//1369
f 1541//1354 1539//1352 1552//1365
f 1546//1359 1547//1360 1542//1355
f 1544//1357 1542//1355 1543//1356
f 1544//1357 1546//1359 1542//1355
f 1544//1357 1545//1358 1546//1359
f 1517//1330 1516//1329 1526//1339
f 1498//1312 1496//1310 1517//1330
f 1565//1378 1566//1379 1564//1377
f 1553//1366 1552//1365 1557//1370
f 1543//1356 1541//1354 1553//1366
f 1518//1331 1517//1330 1527//1340
f 1420//1234 1557//1370 1422//1236
f 1410//1225 1527//1340 1412//1227
f 1426//1240 1427//1241 1425//1239
f 1425//1239 1427//1241 1687//1497
f 1663//1474 1687//1497 1686//1496
f 1694//1504 1686//1496 1685//1495
f 1695//1505 1685//1495 1684//1079
f 1696//1506 1684//1079 1683//1494
f 1697//1507 1683//1494 1682//1493
f 1693//1503 1682//1493 1681//1492
f 1692//1502 1681//1492 1680//1491
f 1649//1460 1692//1502 1680//1491
f 1663//1474 1425//1239 1687//1497
f 1414//1229 1415//1230 1413//1228
f 1413//1228 1415//1230 1675//1486
f 1678//1489 1675//1486 1674//1485
f 1676//1487 1674//1485 1673//1484
f 1339//1155 1673//1484 1340//1156
f 1339//1155 1676//1487 1673//1484
f 1678//1489 1413//1228 1675//1486
f 1463//1277 1687//1497 1464//1278
f 1660//1471 1661//1472 1662//1473
f 1694//1504 1662//1473 1663//1474
f 1686//1496 1694//1504 1663//1474
f 1660//1471 1662//1473 1694//1504
f 1695//1505 1694//1504 1685//1495
f 1695//1505 1660//1471 1694//1504
f 1695//1505 1658//1469 1660//1471
f 1695//1505 1696//1506 1658//1469
f 1695//1505 1684//1079 1696//1506
f 1659//1470 1668//1479 1661//1472
f 1667//1478 1672//1483 1668//1479
f 1671//1482 1675//1486 1672//1483
f 1676//1487 1677//1488 1678//1489
f 1674//1485 1676//1487 1678//1489
f 1437//1251 1463//1277 1435//1249
f 1436//1250 1437//1251 1435//1249
f 1568//1381 1436//1250 1434//1248
f 1462//1276 1686//1496 1463//1277
f 1658//1469 1659//1470 1660//1471
f 1657//1468 1667//1478 1659//1470
f 1666//1477 1671//1482 1667//1478
f 1670//1481 1674//1485 1671//1482
f 1438//1252 1436//1250 1569//1382
f 1439//1253 1462//1276 1437//1251
f 1438//1252 1439//1253 1437//1251
f 1461//1275 1685//1495 1462//1276
f 1656//1467 1657//1468 1658//1469
f 1696//1506 1656//1467 1658//1469
f 1696//1506 1697//1507 1656//1467
f 1696//1506 1683//1494 1697//1507
f 1655//1466 1666//1477 1657//1468
f 1665//1476 1670//1481 1666//1477
f 1669//1480 1673//1484 1670//1481
f 1596//1408 1581//1394 1580//1393
f 1581//1394 1570//1383 1569//1382
f 1582//1395 1581//1394 1597//1409
f 1570//1383 1440//1254 1438//1252
f 1571//1384 1570//1383 1582//1395
f 1461//1275 1439//1253 1441//1255
f 1441//1255 1439//1253 1440//1254
f 1442//1256 1440//1254 1571//1384
f 1684//1079 1461//1275 1460//1274
f 1459//1273 1683//1494 1460//1274
f 1442//1256 1443//1257 1441//1255
f 1441//1255 1443//1257 1460//1274
f 1655//1466 1656//1467 1654//1465
f 1654//1465 1656//1467 1697//1507
f 1693//1503 1697//1507 1682//1493
f 1693//1503 1654//1465 1697//1507
f 1665//1476 1655//1466 1653//1464
f 1651//1462 1664//1475 1653//1464
f 1638//1450 1597//1409 1607//1419
f 1583//1396 1582//1395 1598//1410
f 1572//1385 1571//1384 1583//1396
f 1444//1258 1442//1256 1572//1385
f 1445//1259 1459//1273 1443//1257
f 1444//1258 1445//1259 1443//1257
f 1458//1272 1682//1493 1459//1273
f 1692//1502 1693//1503 1681//1492
f 1584//1397 1583//1396 1599//1411
f 1573//1386 1572//1385 1584//1397
f 1446//1260 1444//1258 1573//1386
f 1447//1261 1458//1272 1445//1259
f 1446//1260 1447//1261 1445//1259
f 1457//1271 1681//1492 1458//1272
f 1698//1508 1699//1509 1346//1162
f 1610//1422 1698//1508 1346//1162
f 1610//1422 1700//1510 1698//1508
f 1610//1422 1606//1418 1700//1510
f 1700//1510 1606//1418 1701//1511
f 1701//1511 1606//1418 1702//1512
f 1702//1512 1606//1418 1608//1420
f 1703//1513 1608//1420 1579//1392
f 1704//1514 1579//1392 1705//1515
f 1704//1514 1703//1513 1579//1392
f 1706//1516 1344//1160 1707//1517
f 1706//1516 1348//1164 1344//1160
f 1706//1516 1708//1518 1348//1164
f 1348//1164 1708//1518 1709//1519
f 1380//1196 1709//1519 1710//1520
f 1392//1208 1710//1520 1711//1521
f 1712//1522 1392//1208 1711//1521
f 1712//1522 1477//1291 1392//1208
f 1712//1522 1713//1523 1477//1291
f 1477//1291 1713//1523 1475//1289
f 1475//1289 1713//1523 1714//1524
f 1715//1525 1475//1289 1714//1524
f 1715//1525 1479//1293 1475//1289
f 1715//1525 1716//1526 1479//1293
f 1479//1293 1716//1526 1508//1322
f 1508//1322 1716//1526 1717//1527
f 1718//1528 1508//1322 1717//1527
f 1718//1528 1530//1343 1508//1322
f 1718//1528 1719//1529 1530//1343
f 1530//1343 1719//1529 1528//1341
f 1528//1341 1719//1529 1720//1530
f 1721//1531 1528//1341 1720//1530
f 1721//1531 1532//1345 1528//1341
f 1721//1531 1722//1532 1532//1345
f 1532//1345 1722//1532 1548//1361
f 1548//1361 1722//1532 1723//1533
f 1724//1534 1548//1361 1723//1533
f 1724//1534 1560//1373 1548//1361
f 1724//1534 1725//1535 1560//1373
f 1560//1373 1725//1535 1558//1371
f 1558//1371 1725//1535 1726//1536
f 1727//1537 1558//1371 1726//1536
f 1727//1537 1562//1375 1558//1371
f 1727//1537 1728//1538 1562//1375
f 1562//1375 1728//1538 1430//1244
f 1430//1244 1728//1538 1729//1539
f 1730//1540 1430//1244 1729//1539
f 1730//1540 1431//1245 1430//1244
f 1730//1540 1731//1541 1431//1245
f 1431//1245 1731//1541 1433//1247
f 1433//1247 1731//1541 1732//1542
f 1733//1543 1433//1247 1732//1542
f 1733//1543 1567//1380 1433//1247
f 1733//1543 1705//1515 1567//1380
f 1567//1380 1705//1515 1579//1392
f 1348//1164 1709//1519 1380//1196
f 1380//1196 1710//1520 1392//1208
f 1703//1513 1702//1512 1608//1420
f 1344//1160 1346//1162 1707//1517
f 1707//1517 1346//1162 1699//1509
f 1734//1544 1735//1545 1736//1546
f 1734//1544 1737//1547 1735//1545
f 1734//1544 1738//1548 1737//1547
f 1737//1547 1738//1548 1739//1549
f 1740//1550 1739//1549 1741//1551
f 1742//1552 1741//1551 1743//1553
f 1744//1554 1743//1553 1745//1555
f 1746//1556 1745//1555 1747//1557
f 1748//1558 1747//1557 1749//1191
f 1750//1559 1749//1191 1751//1560
f 1752//1561 1751//1560 1753//1562
f 1754//1563 1753//1562 1755//1564
f 1756//1565 1755//1564 1757//1566
f 1758//1567 1757//1566 1759//1568
f 1716//1526 1759//1568 1717//1527
f 1716//1526 1758//1567 1759//1568
f 1716//1526 1715//1525 1758//1567
f 1758//1567 1715//1525 1760//1569
f 1756//1565 1760//1569 1761//1570
f 1754//1563 1761//1570 1762//1571
f 1752//1561 1762//1571 1763//1572
f 1750//1559 1763//1572 1764//1573
f 1748//1558 1764//1573 1765//1574
f 1746//1556 1765//1574 1766//1575
f 1744//1554 1766//1575 1767//1576
f 1742//1552 1767//1576 1768//1577
f 1740//1550 1768//1577 1769//1578
f 1737//1547 1769//1578 1735//1545
f 1737//1547 1740//1550 1769//1578
f 1737//1547 1739//1549 1740//1550
f 1738//1548 1770//1579 1739//1549
f 1739//1549 1770//1579 1771//1580
f 1741//1551 1771//1580 1772//1581
f 1743//1553 1772//1581 1773//1582
f 1745//1555 1773//1582 1774//1583
f 1747//1557 1774//1583 1775//1584
f 1749//1191 1775//1584 1776//1585
f 1751//1560 1776//1585 1777//1586
f 1753//1562 1777//1586 1778//1587
f 1755//1564 1778//1587 1779//1588
f 1757//1566 1779//1588 1780//1589
f 1759//1568 1780//1589 1781//1590
f 1717//1527 1781//1590 1718//1528
f 1717//1527 1759//1568 1781//1590
f 1770//1579 1782//1591 1771//1580
f 1771//1580 1782//1591 1783//1592
f 1772//1581 1783//1592 1784//1593
f 1773//1582 1784//1593 1785//1594
f 1774//1583 1785//1594 1786//1595
f 1775//1584 1786//1595 1787//1596
f 1776//1585 1787//1596 1788//981
f 1777//1586 1788//981 1789//1597
f 1778//1587 1789//1597 1790//1598
f 1779//1588 1790//1598 1791//1599
f 1780//1589 1791//1599 1792//1600
f 1781//1590 1792//1600 1793//1601
f 1718//1528 1793//1601 1719//1529
f 1718//1528 1781//1590 1793//1601
f 1782//1591 1794//1602 1783//1592
f 1783//1592 1794//1602 1795//1603
f 1784//1593 1795//1603 1796//1604
f 1785//1594 1796//1604 1797//1605
f 1786//1595 1797//1605 1798//1606
f 1787//1596 1798//1606 1799//1607
f 1788//981 1799//1607 1800//1608
f 1789//1597 1800//1608 1801//1609
f 1790//1598 1801//1609 1802//1610
f 1791//1599 1802//1610 1803//1611
f 1792//1600 1803//1611 1804//1612
f 1793//1601 1804//1612 1805//1613
f 1719//1529 1805//1613 1720//1530
f 1719//1529 1793//1601 1805//1613
f 1794//1602 1806//1614 1795//1603
f 1795//1603 1806//1614 1807//1615
f 1796//1604 1807//1615 1808//1616
f 1797//1605 1808//1616 1809//1617
f 1798//1606 1809//1617 1810//1618
f 1799//1607 1810//1618 1811//1619
f 1800//1608 1811//1619 1812//1202
f 1801//1609 1812//1202 1813//1620
f 1802//1610 1813//1620 1814//1621
f 1803//1611 1814//1621 1815//1622
f 1804//1612 1815//1622 1816//1623
f 1805//1613 1816//1623 1817//1624
f 1720//1530 1817//1624 1721//1531
f 1720//1530 1805//1613 1817//1624
f 1806//1614 1818//1625 1807//1615
f 1807//1615 1818//1625 1819//1626
f 1808//1616 1819//1626 1820//1627
f 1809//1617 1820//1627 1821//1628
f 1810//1618 1821//1628 1822//1629
f 1811//1619 1822//1629 1823//1630
f 1812//1202 1823//1630 1824//1631
f 1813//1620 1824//1631 1825//1632
f 1814//1621 1825//1632 1826//1633
f 1815//1622 1826//1633 1827//1634
f 1816//1623 1827//1634 1828//1635
f 1817//1624 1828//1635 1829//1636
f 1721//1531 1829//1636 1722//1532
f 1721//1531 1817//1624 1829//1636
f 1818//1625 1830//1637 1819//1626
f 1819//1626 1830//1637 1831//1638
f 1820//1627 1831//1638 1832//1639
f 1821//1628 1832//1639 1833//1640
f 1822//1629 1833//1640 1834//1641
f 1823//1630 1834//1641 1835//1642
f 1824//1631 1835//1642 1836//1643
f 1825//1632 1836//1643 1837//1644
f 1826//1633 1837//1644 1838//1645
f 1827//1634 1838//1645 1839//1646
f 1828//1635 1839//1646 1840//1647
f 1829//1636 1840//1647 1841//1648
f 1722//1532 1841//1648 1723//1533
f 1722//1532 1829//1636 1841//1648
f 1830//1637 1842//1649 1831//1638
f 1831//1638 1842//1649 1843//1650
f 1832//1639 1843//1650 1844//1651
f 1833//1640 1844//1651 1845//1652
f 1834//1641 1845//1652 1846//1653
f 1835//1642 1846//1653 1847//1654
f 1836//1643 1847//1654 1848//1002
f 1837//1644 1848//1002 1849//1655
f 1838//1645 1849//1655 1850//1656
f 1839//1646 1850//1656 1851//1657
f 1840//1647 1851//1657 1852//1658
f 1841//1648 1852//1658 1853//1659
f 1723//1533 1853//1659 1854//1660
f 1724//1534 1854//1660 1855//1661
f 1725//1535 1855//1661 1856//1662
f 1726//1536 1856//1662 1857//1663
f 1727//1537 1857//1663 1858//1664
f 1728//1538 1858//1664 1859//1665
f 1729//1539 1859//1665 1860//1666
f 1730//1540 1860//1666 1861//1667
f 1731//1541 1861//1667 1862//1668
f 1732//1542 1862//1668 1863//1669
f 1864//1670 1863//1669 1865//1671
f 1866//1672 1865//1671 1867//1673
f 1868//1674 1867//1673 1869//1675
f 1870//1676 1869//1675 1871//1677
f 1872//1678 1871//1677 1873//1065
f 1874//1679 1873//1065 1875//1680
f 1876//1681 1875//1680 1877//1682
f 1878//1683 1877//1682 1879//1684
f 1880//1685 1879//1684 1881//1686
f 1882//1687 1881//1686 1883//1688
f 1884//1689 1883//1688 1885//1690
f 1886//1691 1884//1689 1885//1690
f 1886//1691 1887//1692 1884//1689
f 1886//1691 1888//1693 1887//1692
f 1887//1692 1888//1693 1889//1694
f 1890//1695 1889//1694 1891//1696
f 1892//1697 1891//1696 1893//1698
f 1894//1699 1893//1698 1895//1700
f 1896//1701 1895//1700 1897//1702
f 1898//1703 1897//1702 1899//1704
f 1900//1705 1899//1704 1901//1706
f 1902//1707 1901//1706 1903//1708
f 1904//1709 1903//1708 1905//1710
f 1906//1711 1905//1710 1907//1712
f 1908//1713 1907//1712 1909//1714
f 1706//1516 1909//1714 1708//1518
f 1706//1516 1908//1713 1909//1714
f 1706//1516 1707//1517 1908//1713
f 1908//1713 1707//1517 1910//1715
f 1906//1711 1910//1715 1911//1716
f 1904//1709 1911//1716 1912//1717
f 1902//1707 1912//1717 1913//1718
f 1900//1705 1913//1718 1914//1719
f 1898//1703 1914//1719 1915//1257
f 1896//1701 1915//1257 1916//1720
f 1894//1699 1916//1720 1917//1721
f 1892//1697 1917//1721 1918//1722
f 1890//1695 1918//1722 1919//1723
f 1887//1692 1919//1723 1884//1689
f 1887//1692 1890//1695 1919//1723
f 1887//1692 1889//1694 1890//1695
f 1843//1650 1842//1649 1920//1724
f 1844//1651 1920//1724 1921//1725
f 1845//1652 1921//1725 1922//1726
f 1846//1653 1922//1726 1923//1727
f 1847//1654 1923//1727 1924//1728
f 1848//1002 1924//1728 1925//1317
f 1849//1655 1925//1317 1926//1729
f 1850//1656 1926//1729 1927//1730
f 1851//1657 1927//1730 1928//1731
f 1852//1658 1928//1731 1929//1732
f 1853//1659 1929//1732 1854//1660
f 1853//1659 1852//1658 1929//1732
f 1930//1733 1931//1734 1932//1735
f 1930//1733 1933//1736 1931//1734
f 1930//1733 1934//1737 1933//1736
f 1933//1736 1934//1737 1935//1738
f 1936//1739 1935//1738 1937//1740
f 1938//1741 1937//1740 1939//1742
f 1940//1743 1939//1742 1941//1744
f 1942//1745 1941//1744 1943//1746
f 1944//1747 1943//1746 1945//1748
f 1946//1749 1945//1748 1947//1750
f 1948//1751 1947//1750 1949//1752
f 1950//1753 1949//1752 1951//1754
f 1952//1755 1951//1754 1953//1756
f 1856//1662 1953//1756 1857//1663
f 1856//1662 1952//1755 1953//1756
f 1856//1662 1855//1661 1952//1755
f 1952//1755 1855//1661 1954//1757
f 1950//1753 1954//1757 1955//1758
f 1948//1751 1955//1758 1956//1759
f 1946//1749 1956//1759 1957//1760
f 1944//1747 1957//1760 1958//1761
f 1942//1745 1958//1761 1959//1762
f 1940//1743 1959//1762 1960//1763
f 1938//1741 1960//1763 1961//1764
f 1936//1739 1961//1764 1962//1765
f 1933//1736 1962//1765 1931//1734
f 1933//1736 1936//1739 1962//1765
f 1933//1736 1935//1738 1936//1739
f 1934//1737 1963//1766 1935//1738
f 1935//1738 1963//1766 1964//1767
f 1937//1740 1964//1767 1965//1768
f 1939//1742 1965//1768 1966//1769
f 1941//1744 1966//1769 1967//1770
f 1943//1746 1967//1770 1968//1771
f 1945//1748 1968//1771 1969//1023
f 1947//1750 1969//1023 1970//1772
f 1949//1752 1970//1772 1971//1773
f 1951//1754 1971//1773 1972//1774
f 1953//1756 1972//1774 1973//1775
f 1857//1663 1973//1775 1858//1664
f 1857//1663 1953//1756 1973//1775
f 1963//1766 1974//1776 1964//1767
f 1964//1767 1974//1776 1975//1777
f 1965//1768 1975//1777 1976//1778
f 1966//1769 1976//1778 1977//1779
f 1967//1770 1977//1779 1978//1780
f 1968//1771 1978//1780 1979//1781
f 1969//1023 1979//1781 1980//1782
f 1970//1772 1980//1782 1981//1783
f 1971//1773 1981//1783 1982//1784
f 1972//1774 1982//1784 1983//1785
f 1973//1775 1983//1785 1984//1786
f 1858//1664 1984//1786 1859//1665
f 1858//1664 1973//1775 1984//1786
f 1974//1776 1985//1787 1975//1777
f 1975//1777 1985//1787 1986//1788
f 1976//1778 1986//1788 1987//1789
f 1977//1779 1987//1789 1988//1790
f 1978//1780 1988//1790 1989//1791
f 1979//1781 1989//1791 1990//1792
f 1980//1782 1990//1792 1991//1793
f 1981//1783 1991//1793 1992//1794
f 1982//1784 1992//1794 1993//1795
f 1983//1785 1993//1795 1994//1796
f 1984//1786 1994//1796 1995//1797
f 1859//1665 1995//1797 1860//1666
f 1859//1665 1984//1786 1995//1797
f 1985//1787 1996//1798 1986//1788
f 1986//1788 1996//1798 1997//1799
f 1987//1789 1997//1799 1998//1800
f 1988//1790 1998//1800 1999//1801
f 1989//1791 1999//1801 2000//1802
f 1990//1792 2000//1802 2001//1803
f 1991//1793 2001//1803 2002//1804
f 1992//1794 2002//1804 2003//1805
f 1993//1795 2003//1805 2004//1806
f 1994//1796 2004//1806 2005//1807
f 1995//1797 2005//1807 2006//1808
f 1860//1666 2006//1808 1861//1667
f 1860//1666 1995//1797 2006//1808
f 1996//1798 2007//1809 1997//1799
f 1997//1799 2007//1809 2008//1810
f 1998//1800 2008//1810 2009//1811
f 1999//1801 2009//1811 2010//1812
f 2000//1802 2010//1812 2011//1813
f 2001//1803 2011//1813 2012//1814
f 2002//1804 2012//1814 2013//1355
f 2003//1805 2013//1355 2014//1815
f 2004//1806 2014//1815 2015//1816
f 2005//1807 2015//1816 2016//1817
f 2006//1808 2016//1817 2017//1818
f 1861//1667 2017//1818 1862//1668
f 1861//1667 2006//1808 2017//1818
f 2007//1809 2018//1819 2008//1810
f 2008//1810 2018//1819 2019//1820
f 2009//1811 2019//1820 2020//1821
f 2010//1812 2020//1821 2021//1822
f 2011//1813 2021//1822 2022//1823
f 2012//1814 2022//1823 2023//1824
f 2013//1355 2023//1824 2024//1044
f 2014//1815 2024//1044 2025//1825
f 2015//1816 2025//1825 2026//1826
f 2016//1817 2026//1826 2027//1827
f 2017//1818 2027//1827 2028//1828
f 1862//1668 2028//1828 1863//1669
f 1862//1668 2017//1818 2028//1828
f 2019//1820 2018//1819 2029//1829
f 2020//1821 2029//1829 2030//1830
f 2021//1822 2030//1830 2031//1831
f 2022//1823 2031//1831 2032//1832
f 2023//1824 2032//1832 2033//1833
f 2024//1044 2033//1833 2034//1834
f 2025//1825 2034//1834 2035//1835
f 2026//1826 2035//1835 2036//1836
f 2027//1827 2036//1836 2037//1837
f 2028//1828 2037//1837 1865//1671
f 1863//1669 2028//1828 1865//1671
f 2038//1838 2039//1839 2040//1840
f 2038//1838 2041//1841 2039//1839
f 2038//1838 2042//1842 2041//1841
f 2041//1841 2042//1842 2043//1843
f 2044//1844 2043//1843 2045//1845
f 2046//1846 2045//1845 2047//1847
f 2048//1848 2047//1847 2049//1849
f 2050//1850 2049//1849 2051//1851
f 2052//1233 2051//1851 2053//1852
f 2054//1853 2053//1852 1871//1677
f 1869//1675 2054//1853 1871//1677
f 1869//1675 2055//1854 2054//1853
f 1869//1675 1867//1673 2055//1854
f 2055//1854 1867//1673 2037//1837
f 2036//1836 2055//1854 2037//1837
f 2036//1836 2056//1855 2055//1854
f 2036//1836 2035//1835 2056//1855
f 2056//1855 2035//1835 2057//1856
f 2052//1233 2057//1856 2050//1850
f 2051//1851 2052//1233 2050//1850
f 2042//1842 2058//1857 2043//1843
f 2043//1843 2058//1857 2059//1858
f 2045//1845 2059//1858 2060//1859
f 2047//1847 2060//1859 2061//1860
f 2049//1849 2061//1860 2062//1861
f 2051//1851 2062//1861 2063//1862
f 2053//1852 2063//1862 1873//1065
f 1871//1677 2053//1852 1873//1065
f 2058//1857 2064//1863 2059//1858
f 2059//1858 2064//1863 2065//1864
f 2060//1859 2065//1864 2066//1865
f 2061//1860 2066//1865 2067//1866
f 2062//1861 2067//1866 2068//1867
f 2063//1862 2068//1867 1875//1680
f 1873//1065 2063//1862 1875//1680
f 2064//1863 2069//1868 2065//1864
f 2065//1864 2069//1868 2070//1869
f 2066//1865 2070//1869 2071//1870
f 2067//1866 2071//1870 2072//1871
f 2068//1867 2072//1871 1877//1682
f 1875//1680 2068//1867 1877//1682
f 2069//1868 2073//1872 2070//1869
f 2070//1869 2073//1872 2074//1873
f 2071//1870 2074//1873 2075//1874
f 2072//1871 2075//1874 1879//1684
f 1877//1682 2072//1871 1879//1684
f 2073//1872 2076//1875 2074//1873
f 2074//1873 2076//1875 2077//1876
f 2075//1874 2077//1876 1881//1686
f 1879//1684 2075//1874 1881//1686
f 2076//1875 1885//1690 2077//1876
f 2077//1876 1885//1690 1883//1688
f 1881//1686 2077//1876 1883//1688
f 1888//1693 2078//1877 1889//1694
f 1889//1694 2078//1877 2079//1878
f 1891//1696 2079//1878 2080//1879
f 1893//1698 2080//1879 2081//1880
f 1895//1700 2081//1880 2082//1881
f 1897//1702 2082//1881 2083//1882
f 1899//1704 2083//1882 2084//1883
f 1901//1706 2084//1883 2085//1884
f 1903//1708 2085//1884 2086//1885
f 1905//1710 2086//1885 2087//1886
f 1907//1712 2087//1886 2088//1887
f 1909//1714 2088//1887 2089//1888
f 1708//1518 2089//1888 1709//1519
f 1708//1518 1909//1714 2089//1888
f 2078//1877 2090//1889 2079//1878
f 2079//1878 2090//1889 2091//1890
f 2080//1879 2091//1890 2092//1891
f 2081//1880 2092//1891 2093//1892
f 2082//1881 2093//1892 2094//1893
f 2083//1882 2094//1893 2095//1894
f 2084//1883 2095//1894 2096//1106
f 2085//1884 2096//1106 2097//1895
f 2086//1885 2097//1895 2098//1896
f 2087//1886 2098//1896 2099//1897
f 2088//1887 2099//1897 2100//1898
f 2089//1888 2100//1898 2101//1899
f 1709//1519 2101//1899 1710//1520
f 1709//1519 2089//1888 2101//1899
f 2090//1889 2102//1900 2091//1890
f 2091//1890 2102//1900 2103//1901
f 2092//1891 2103//1901 2104//1902
f 2093//1892 2104//1902 2105//1903
f 2094//1893 2105//1903 2106//1904
f 2095//1894 2106//1904 2107//1905
f 2096//1106 2107//1905 2108//1906
f 2097//1895 2108//1906 2109//1907
f 2098//1896 2109//1907 2110//1908
f 2099//1897 2110//1908 2111//1909
f 2100//1898 2111//1909 2112//1910
f 2101//1899 2112//1910 2113//1911
f 1710//1520 2113//1911 1711//1521
f 1710//1520 2101//1899 2113//1911
f 2102//1900 2114//1912 2103//1901
f 2103//1901 2114//1912 2115//1913
f 2104//1902 2115//1913 2116//1914
f 2105//1903 2116//1914 2117//1915
f 2106//1904 2117//1915 2118//1916
f 2107//1905 2118//1916 2119//1917
f 2108//1906 2119//1917 2120//1918
f 2109//1907 2120//1918 2121//1919
f 2110//1908 2121//1919 2122//1920
f 2111//1909 2122//1920 2123//1921
f 2112//1910 2123//1921 2124//1922
f 2113//1911 2124//1922 2125//1923
f 1711//1521 2125//1923 1712//1522
f 1711//1521 2113//1911 2125//1923
f 2114//1912 2126//1924 2115//1913
f 2115//1913 2126//1924 2127//1925
f 2116//1914 2127//1925 2128//1926
f 2117//1915 2128//1926 2129//1927
f 2118//1916 2129//1927 2130//1928
f 2119//1917 2130//1928 2131//1929
f 2120//1918 2131//1929 2132//1930
f 2121//1919 2132//1930 2133//1931
f 2122//1920 2133//1931 2134//1932
f 2123//1921 2134//1932 2135//1933
f 2124//1922 2135//1933 2136//1934
f 2125//1923 2136//1934 2137//1935
f 1712//1522 2137//1935 1713//1523
f 1712//1522 2125//1923 2137//1935
f 2126//1924 2138//1936 2127//1925
f 2127//1925 2138//1936 2139//1937
f 2128//1926 2139//1937 2140//1938
f 2129//1927 2140//1938 2141//1939
f 2130//1928 2141//1939 2142//1940
f 2131//1929 2142//1940 2143//1941
f 2132//1930 2143//1941 2144//1432
f 2133//1931 2144//1432 2145//1942
f 2134//1932 2145//1942 2146//1943
f 2135//1933 2146//1943 2147//1944
f 2136//1934 2147//1944 2148//1945
f 2137//1935 2148//1945 2149//1946
f 1713//1523 2149//1946 1714//1524
f 1713//1523 2137//1935 2149//1946
f 2138//1936 1736//1546 2139//1937
f 2139//1937 1736//1546 2150//1947
f 2140//1938 2150//1947 2151//1948
f 2141//1939 2151//1948 2152//1949
f 2142//1940 2152//1949 2153//1950
f 2143//1941 2153//1950 2154//1951
f 2144//1432 2154//1951 2155//950
f 2145//1942 2155//950 2156//1952
f 2146//1943 2156//1952 2157//1953
f 2147//1944 2157//1953 2158//1954
f 2148//1945 2158//1954 2159//1955
f 2149//1946 2159//1955 2160//1956
f 1714//1524 2160//1956 1760//1569
f 1715//1525 1714//1524 1760//1569
f 1698//1508 2161//1957 1699//1509
f 1698//1508 2162//1958 2161//1957
f 1698//1508 1700//1510 2162//1958
f 2162//1958 1700//1510 2163//1959
f 2164//1960 2163//1959 2165//1961
f 2166//1962 2165//1961 2167//1963
f 2168//1964 2167//1963 2169//1965
f 2170//1966 2169//1965 2171//1967
f 2172//1968 2171//1967 2173//1505
f 2174//1969 2173//1505 1876//1681
f 1878//1683 1876//1681 1877//1682
f 1878//1683 2174//1969 1876//1681
f 1878//1683 2175//1970 2174//1969
f 1878//1683 1880//1685 2175//1970
f 1878//1683 1879//1684 1880//1685
f 1700//1510 1701//1511 2163//1959
f 2163//1959 1701//1511 2176//1971
f 2165//1961 2176//1971 2177//1972
f 2167//1963 2177//1972 2178//1973
f 2169//1965 2178//1973 2179//1974
f 2171//1967 2179//1974 2180//1975
f 2173//1505 2180//1975 1874//1679
f 1876//1681 1874//1679 1875//1680
f 1876//1681 2173//1505 1874//1679
f 1701//1511 1702//1512 2176//1971
f 2176//1971 1702//1512 2181//1976
f 2177//1972 2181//1976 2182//1977
f 2178//1973 2182//1977 2183//1978
f 2179//1974 2183//1978 2184//1979
f 2180//1975 2184//1979 1872//1678
f 1874//1679 1872//1678 1873//1065
f 1874//1679 2180//1975 1872//1678
f 1702//1512 1703//1513 2181//1976
f 2181//1976 1703//1513 2185//1980
f 2182//1977 2185//1980 2186//1981
f 2183//1978 2186//1981 2187//1982
f 2184//1979 2187//1982 1870//1676
f 1872//1678 1870//1676 1871//1677
f 1872//1678 2184//1979 1870//1676
f 1703//1513 1704//1514 2185//1980
f 2185//1980 1704//1514 2188//1983
f 2186//1981 2188//1983 2189//1984
f 2187//1982 2189//1984 1868//1674
f 1870//1676 1868//1674 1869//1675
f 1870//1676 2187//1982 1868//1674
f 1704//1514 1705//1515 2188//1983
f 2188//1983 1705//1515 2190//1985
f 2189//1984 2190//1985 1866//1672
f 1868//1674 1866//1672 1867//1673
f 1868//1674 2189//1984 1866//1672
f 1705//1515 1733//1543 2190//1985
f 2190//1985 1733//1543 1864//1670
f 1866//1672 1864//1670 1865//1671
f 1866//1672 2190//1985 1864//1670
f 1733//1543 1732//1542 1864//1670
f 1864//1670 1732//1542 1863//1669
f 1732//1542 1731//1541 1862//1668
f 1731//1541 1730//1540 1861//1667
f 1730//1540 1729//1539 1860//1666
f 1729//1539 1728//1538 1859//1665
f 1728//1538 1727//1537 1858//1664
f 1727//1537 1726//1536 1857//1663
f 1726//1536 1725//1535 1856//1662
f 1725//1535 1724//1534 1855//1661
f 1724//1534 1723//1533 1854//1660
f 1853//1659 1723//1533 1841//1648
f 2160//1956 1714//1524 2149//1946
f 1707//1517 1699//1509 1910//1715
f 1910//1715 1699//1509 2191//1986
f 1911//1716 2191//1986 2192//1987
f 1912//1717 2192//1987 2193//1988
f 1913//1718 2193//1988 2194//1989
f 1914//1719 2194//1989 2195//1990
f 1915//1257 2195//1990 2196//721
f 1916//1720 2196//721 2197//1991
f 1917//1721 2197//1991 2198//1992
f 1918//1722 2198//1992 2199//1993
f 1919//1723 2199//1993 1882//1687
f 1884//1689 1882//1687 1883//1688
f 1884//1689 1919//1723 1882//1687
f 2009//1811 2008//1810 2019//1820
f 2009//1811 1999//1801 1998//1800
f 2029//1829 2020//1821 2019//1820
f 1999//1801 1989//1791 1988//1790
f 2020//1821 2010//1812 2009//1811
f 1989//1791 1979//1781 1978//1780
f 2010//1812 2000//1802 1999//1801
f 1979//1781 1969//1023 1968//1771
f 2000//1802 1990//1792 1989//1791
f 1969//1023 1947//1750 1945//1748
f 1990//1792 1980//1782 1979//1781
f 1956//1759 1946//1749 1948//1751
f 1948//1751 1946//1749 1947//1750
f 1980//1782 1970//1772 1969//1023
f 1970//1772 1949//1752 1947//1750
f 1956//1759 1955//1758 1928//1731
f 1927//1730 1956//1759 1928//1731
f 1927//1730 1957//1760 1956//1759
f 1927//1730 1926//1729 1957//1760
f 1957//1760 1926//1729 1958//1761
f 1958//1761 1926//1729 1925//1317
f 1959//1762 1925//1317 1924//1728
f 1960//1763 1924//1728 1923//1727
f 1961//1764 1923//1727 1922//1726
f 1962//1765 1922//1726 1921//1725
f 1931//1734 1921//1725 1920//1724
f 1932//1735 1920//1724 1842//1649
f 1932//1735 1931//1734 1920//1724
f 1949//1752 1950//1753 1948//1751
f 1948//1751 1950//1753 1955//1758
f 1854//1660 1929//1732 1954//1757
f 1855//1661 1854//1660 1954//1757
f 1832//1639 1831//1638 1843//1650
f 1761//1570 1760//1569 2160//1956
f 2159//1955 1761//1570 2160//1956
f 2159//1955 1762//1571 1761//1570
f 2159//1955 2158//1954 1762//1571
f 1762//1571 2158//1954 1763//1572
f 1763//1572 2158//1954 2157//1953
f 1764//1573 2157//1953 2156//1952
f 1765//1574 2156//1952 2155//950
f 1766//1575 2155//950 2154//1951
f 1767//1576 2154//1951 2153//1950
f 1768//1577 2153//1950 2152//1949
f 1769//1578 2152//1949 2151//1948
f 1735//1545 2151//1948 2150//1947
f 1736//1546 1735//1545 2150//1947
f 2140//1938 2139//1937 2150//1947
f 1911//1716 1910//1715 2191//1986
f 1769//1578 2151//1948 1735//1545
f 2151//1948 2141//1939 2140//1938
f 2141//1939 2130//1928 2129//1927
f 2142//1940 2141//1939 2152//1949
f 2130//1928 2119//1917 2118//1916
f 2131//1929 2130//1928 2142//1940
f 2119//1917 2108//1906 2107//1905
f 2120//1918 2119//1917 2131//1929
f 2108//1906 2097//1895 2096//1106
f 2109//1907 2108//1906 2120//1918
f 2097//1895 2086//1885 2085//1884
f 2098//1896 2097//1895 2109//1907
f 2086//1885 1905//1710 1903//1708
f 2087//1886 2086//1885 2098//1896
f 1911//1716 1904//1709 1906//1711
f 1906//1711 1904//1709 1905//1710
f 1907//1712 1905//1710 2087//1886
f 1908//1713 1910//1715 1906//1711
f 1907//1712 1908//1713 1906//1711
f 2192//1987 2191//1986 2161//1957
f 2200//1994 2161//1957 2162//1958
f 2164//1960 2162//1958 2163//1959
f 2164//1960 2200//1994 2162//1958
f 2164//1960 2201//1995 2200//1994
f 2164//1960 2166//1962 2201//1995
f 2164//1960 2165//1961 2166//1962
f 1912//1717 1911//1716 2192//1987
f 1902//1707 1903//1708 1904//1709
f 1912//1717 1902//1707 1904//1709
f 1901//1706 2085//1884 1903//1708
f 2084//1883 2096//1106 2085//1884
f 2095//1894 2107//1905 2096//1106
f 2106//1904 2118//1916 2107//1905
f 2117//1915 2129//1927 2118//1916
f 2128//1926 2140//1938 2129//1927
f 2161//1957 2191//1986 1699//1509
f 1768//1577 2152//1949 1769//1578
f 2143//1941 2142//1940 2153//1950
f 2132//1930 2131//1929 2143//1941
f 2121//1919 2120//1918 2132//1930
f 2110//1908 2109//1907 2121//1919
f 2099//1897 2098//1896 2110//1908
f 2088//1887 2087//1886 2099//1897
f 1909//1714 1907//1712 2088//1887
f 1742//1552 1768//1577 1740//1550
f 1741//1551 1742//1552 1740//1550
f 1771//1580 1741//1551 1739//1549
f 1767//1576 2153//1950 1768//1577
f 2144//1432 2143//1941 2154//1951
f 2133//1931 2132//1930 2144//1432
f 2122//1920 2121//1919 2133//1931
f 2111//1909 2110//1908 2122//1920
f 2100//1898 2099//1897 2111//1909
f 2089//1888 2088//1887 2100//1898
f 1783//1592 1772//1581 1771//1580
f 1744//1554 1767//1576 1742//1552
f 1743//1553 1744//1554 1742//1552
f 1772//1581 1743//1553 1741//1551
f 1766//1575 2154//1951 1767//1576
f 2145//1942 2144//1432 2155//950
f 2134//1932 2133//1931 2145//1942
f 2123//1921 2122//1920 2134//1932
f 2112//1910 2111//1909 2123//1921
f 2101//1899 2100//1898 2112//1910
f 1795//1603 1784//1593 1783//1592
f 1784//1593 1773//1582 1772//1581
f 1746//1556 1766//1575 1744//1554
f 1745//1555 1746//1556 1744//1554
f 1773//1582 1745//1555 1743//1553
f 1765//1574 2155//950 1766//1575
f 2146//1943 2145//1942 2156//1952
f 2135//1933 2134//1932 2146//1943
f 2124//1922 2123//1921 2135//1933
f 2113//1911 2112//1910 2124//1922
f 1807//1615 1796//1604 1795//1603
f 1796//1604 1785//1594 1784//1593
f 1785//1594 1774//1583 1773//1582
f 1748//1558 1765//1574 1746//1556
f 1747//1557 1748//1558 1746//1556
f 1774//1583 1747//1557 1745//1555
f 1764//1573 2156//1952 1765//1574
f 2147//1944 2146//1943 2157//1953
f 2136//1934 2135//1933 2147//1944
f 2125//1923 2124//1922 2136//1934
f 1819//1626 1808//1616 1807//1615
f 1808//1616 1797//1605 1796//1604
f 1797//1605 1786//1595 1785//1594
f 1786//1595 1775//1584 1774//1583
f 1750//1559 1764//1573 1748//1558
f 1749//1191 1750//1559 1748//1558
f 1775//1584 1749//1191 1747//1557
f 1763//1572 2157//1953 1764//1573
f 2148//1945 2147//1944 2158//1954
f 2137//1935 2136//1934 2148//1945
f 1831//1638 1820//1627 1819//1626
f 1820//1627 1809//1617 1808//1616
f 1809//1617 1798//1606 1797//1605
f 1798//1606 1787//1596 1786//1595
f 1787//1596 1776//1585 1775//1584
f 1752//1561 1763//1572 1750//1559
f 1751//1560 1752//1561 1750//1559
f 1776//1585 1751//1560 1749//1191
f 2149//1946 2148//1945 2159//1955
f 1821//1628 1820//1627 1832//1639
f 1810//1618 1809//1617 1821//1628
f 1799//1607 1798//1606 1810//1618
f 1788//981 1787//1596 1799//1607
f 1777//1586 1776//1585 1788//981
f 1753//1562 1751//1560 1777//1586
f 1754//1563 1762//1571 1752//1561
f 1753//1562 1754//1563 1752//1561
f 1920//1724 1844//1651 1843//1650
f 1844//1651 1833//1640 1832//1639
f 1845//1652 1844//1651 1921//1725
f 1833//1640 1822//1629 1821//1628
f 1834//1641 1833//1640 1845//1652
f 1822//1629 1811//1619 1810//1618
f 1823//1630 1822//1629 1834//1641
f 1811//1619 1800//1608 1799//1607
f 1812//1202 1811//1619 1823//1630
f 1800//1608 1789//1597 1788//981
f 1801//1609 1800//1608 1812//1202
f 1789//1597 1778//1587 1777//1586
f 1790//1598 1789//1597 1801//1609
f 1778//1587 1755//1564 1753//1562
f 1779//1588 1778//1587 1790//1598
f 1761//1570 1754//1563 1756//1565
f 1756//1565 1754//1563 1755//1564
f 1757//1566 1755//1564 1779//1588
f 1758//1567 1760//1569 1756//1565
f 1757//1566 1758//1567 1756//1565
f 1962//1765 1921//1725 1931//1734
f 1846//1653 1845//1652 1922//1726
f 1835//1642 1834//1641 1846//1653
f 1824//1631 1823//1630 1835//1642
f 1813//1620 1812//1202 1824//1631
f 1802//1610 1801//1609 1813//1620
f 1791//1599 1790//1598 1802//1610
f 1780//1589 1779//1588 1791//1599
f 1759//1568 1757//1566 1780//1589
f 1961//1764 1922//1726 1962//1765
f 1847//1654 1846//1653 1923//1727
f 1836//1643 1835//1642 1847//1654
f 1825//1632 1824//1631 1836//1643
f 1814//1621 1813//1620 1825//1632
f 1803//1611 1802//1610 1814//1621
f 1792//1600 1791//1599 1803//1611
f 1781//1590 1780//1589 1792//1600
f 1938//1741 1961//1764 1936//1739
f 1937//1740 1938//1741 1936//1739
f 1964//1767 1937//1740 1935//1738
f 1960//1763 1923//1727 1961//1764
f 1848//1002 1847//1654 1924//1728
f 1837//1644 1836//1643 1848//1002
f 1826//1633 1825//1632 1837//1644
f 1815//1622 1814//1621 1826//1633
f 1804//1612 1803//1611 1815//1622
f 1793//1601 1792//1600 1804//1612
f 1975//1777 1965//1768 1964//1767
f 1940//1743 1960//1763 1938//1741
f 1939//1742 1940//1743 1938//1741
f 1965//1768 1939//1742 1937//1740
f 1959//1762 1924//1728 1960//1763
f 1849//1655 1848//1002 1925//1317
f 1838//1645 1837//1644 1849//1655
f 1827//1634 1826//1633 1838//1645
f 1816//1623 1815//1622 1827//1634
f 1805//1613 1804//1612 1816//1623
f 1986//1788 1976//1778 1975//1777
f 1976//1778 1966//1769 1965//1768
f 1942//1745 1959//1762 1940//1743
f 1941//1744 1942//1745 1940//1743
f 1966//1769 1941//1744 1939//1742
f 1958//1761 1925//1317 1959//1762
f 1850//1656 1849//1655 1926//1729
f 1839//1646 1838//1645 1850//1656
f 1828//1635 1827//1634 1839//1646
f 1817//1624 1816//1623 1828//1635
f 1997//1799 1987//1789 1986//1788
f 1987//1789 1977//1779 1976//1778
f 1977//1779 1967//1770 1966//1769
f 1944//1747 1958//1761 1942//1745
f 1943//1746 1944//1747 1942//1745
f 1967//1770 1943//1746 1941//1744
f 1851//1657 1850//1656 1927//1730
f 1840//1647 1839//1646 1851//1657
f 1829//1636 1828//1635 1840//1647
f 2008//1810 1998//1800 1997//1799
f 1998//1800 1988//1790 1987//1789
f 1988//1790 1978//1780 1977//1779
f 1978//1780 1968//1771 1967//1770
f 1946//1749 1957//1760 1944//1747
f 1945//1748 1946//1749 1944//1747
f 1968//1771 1945//1748 1943//1746
f 1852//1658 1851//1657 1928//1731
f 1841//1648 1840//1647 1852//1658
f 1929//1732 1928//1731 1955//1758
f 1954//1757 1929//1732 1955//1758
f 2030//1830 2021//1822 2020//1821
f 2021//1822 2011//1813 2010//1812
f 2011//1813 2001//1803 2000//1802
f 2001//1803 1991//1793 1990//1792
f 1991//1793 1981//1783 1980//1782
f 1981//1783 1971//1773 1970//1772
f 1952//1755 1954//1757 1950//1753
f 1951//1754 1952//1755 1950//1753
f 1971//1773 1951//1754 1949//1752
f 2040//1840 2039//1839 2029//1829
f 2018//1819 2040//1840 2029//1829
f 2030//1830 2039//1839 2202//1996
f 2031//1831 2202//1996 2203//1997
f 2032//1832 2203//1997 2204//1998
f 2033//1833 2204//1998 2205//1999
f 2034//1834 2205//1999 2057//1856
f 2035//1835 2034//1834 2057//1856
f 2202//1996 2031//1831 2030//1830
f 2031//1831 2022//1823 2021//1822
f 2022//1823 2012//1814 2011//1813
f 2012//1814 2002//1804 2001//1803
f 2002//1804 1992//1794 1991//1793
f 1992//1794 1982//1784 1981//1783
f 1982//1784 1972//1774 1971//1773
f 1972//1774 1953//1756 1951//1754
f 2029//1829 2039//1839 2030//1830
f 2039//1839 2041//1841 2202//1996
f 2202//1996 2041//1841 2044//1844
f 2203//1997 2044//1844 2046//1846
f 2204//1998 2046//1846 2048//1848
f 2205//1999 2048//1848 2050//1850
f 2057//1856 2205//1999 2050//1850
f 2043//1843 2044//1844 2041//1841
f 2044//1844 2203//1997 2202//1996
f 2203//1997 2032//1832 2031//1831
f 2032//1832 2023//1824 2022//1823
f 2023//1824 2013//1355 2012//1814
f 2013//1355 2003//1805 2002//1804
f 2003//1805 1993//1795 1992//1794
f 1993//1795 1983//1785 1982//1784
f 1983//1785 1973//1775 1972//1774
f 2059//1858 2045//1845 2043//1843
f 2045//1845 2046//1846 2044//1844
f 2046//1846 2204//1998 2203//1997
f 2204//1998 2033//1833 2032//1832
f 2033//1833 2024//1044 2023//1824
f 2024//1044 2014//1815 2013//1355
f 2014//1815 2004//1806 2003//1805
f 2004//1806 1994//1796 1993//1795
f 1994//1796 1984//1786 1983//1785
f 2065//1864 2060//1859 2059//1858
f 2060//1859 2047//1847 2045//1845
f 2047//1847 2048//1848 2046//1846
f 2048//1848 2205//1999 2204//1998
f 2205//1999 2034//1834 2033//1833
f 2034//1834 2025//1825 2024//1044
f 2025//1825 2015//1816 2014//1815
f 2015//1816 2005//1807 2004//1806
f 2005//1807 1995//1797 1994//1796
f 2070//1869 2066//1865 2065//1864
f 2066//1865 2061//1860 2060//1859
f 2061//1860 2049//1849 2047//1847
f 2049//1849 2050//1850 2048//1848
f 2026//1826 2025//1825 2035//1835
f 2016//1817 2015//1816 2026//1826
f 2006//1808 2005//1807 2016//1817
f 2074//1873 2071//1870 2070//1869
f 2071//1870 2067//1866 2066//1865
f 2067//1866 2062//1861 2061//1860
f 2062//1861 2051//1851 2049//1849
f 2056//1855 2057//1856 2052//1233
f 2054//1853 2052//1233 2053//1852
f 2054//1853 2056//1855 2052//1233
f 2054//1853 2055//1854 2056//1855
f 2027//1827 2026//1826 2036//1836
f 2017//1818 2016//1817 2027//1827
f 2077//1876 2075//1874 2074//1873
f 2075//1874 2072//1871 2071//1870
f 2072//1871 2068//1867 2067//1866
f 2068//1867 2063//1862 2062//1861
f 2063//1862 2053//1852 2051//1851
f 2028//1828 2027//1827 2037//1837
f 1865//1671 2037//1837 1867//1673
f 1881//1686 1882//1687 1880//1685
f 1880//1685 1882//1687 2199//1993
f 2175//1970 2199//1993 2198//1992
f 2206//2000 2198//1992 2197//1991
f 2207//2001 2197//1991 2196//721
f 2208//2002 2196//721 2195//1990
f 2209//2003 2195//1990 2194//1989
f 2201//1995 2194//1989 2193//1988
f 2200//1994 2193//1988 2192//1987
f 2161//1957 2200//1994 2192//1987
f 2175//1970 1880//1685 2199//1993
f 1918//1722 2199//1993 1919//1723
f 2172//1968 2173//1505 2174//1969
f 2206//2000 2174//1969 2175//1970
f 2198//1992 2206//2000 2175//1970
f 2172//1968 2174//1969 2206//2000
f 2207//2001 2206//2000 2197//1991
f 2207//2001 2172//1968 2206//2000
f 2207//2001 2170//1966 2172//1968
f 2207//2001 2208//2002 2170//1966
f 2207//2001 2196//721 2208//2002
f 2171//1967 2180//1975 2173//1505
f 2179//1974 2184//1979 2180//1975
f 2183//1978 2187//1982 2184//1979
f 2186//1981 2189//1984 2187//1982
f 2188//1983 2190//1985 2189//1984
f 1892//1697 1918//1722 1890//1695
f 1891//1696 1892//1697 1890//1695
f 2079//1878 1891//1696 1889//1694
f 1917//1721 2198//1992 1918//1722
f 2170//1966 2171//1967 2172//1968
f 2169//1965 2179//1974 2171//1967
f 2178//1973 2183//1978 2179//1974
f 2182//1977 2186//1981 2183//1978
f 2185//1980 2188//1983 2186//1981
f 2091//1890 2080//1879 2079//1878
f 1894//1699 1917//1721 1892//1697
f 1893//1698 1894//1699 1892//1697
f 2080//1879 1893//1698 1891//1696
f 1916//1720 2197//1991 1917//1721
f 2168//1964 2169//1965 2170//1966
f 2208//2002 2168//1964 2170//1966
f 2208//2002 2209//2003 2168//1964
f 2208//2002 2195//1990 2209//2003
f 2167//1963 2178//1973 2169//1965
f 2177//1972 2182//1977 2178//1973
f 2181//1976 2185//1980 2182//1977
f 2103//1901 2092//1891 2091//1890
f 2092//1891 2081//1880 2080//1879
f 1896//1701 1916//1720 1894//1699
f 1895//1700 1896//1701 1894//1699
f 2081//1880 1895//1700 1893//1698
f 1915//1257 2196//721 1916//1720
f 2166//1962 2167//1963 2168//1964
f 2209//2003 2166//1962 2168//1964
f 2209//2003 2201//1995 2166//1962
f 2209//2003 2194//1989 2201//1995
f 2165//1961 2177//1972 2167//1963
f 2176//1971 2181//1976 2177//1972
f 2115//1913 2104//1902 2103//1901
f 2104//1902 2093//1892 2092//1891
f 2093//1892 2082//1881 2081//1880
f 1898//1703 1915//1257 1896//1701
f 1897//1702 1898//1703 1896//1701
f 2082//1881 1897//1702 1895//1700
f 1914//1719 2195//1990 1915//1257
f 2163//1959 2176//1971 2165//1961
f 2127//1925 2116//1914 2115//1913
f 2116//1914 2105//1903 2104//1902
f 2105//1903 2094//1893 2093//1892
f 2094//1893 2083//1882 2082//1881
f 1900//1705 1914//1719 1898//1703
f 1899//1704 1900//1705 1898//1703
f 2083//1882 1899//1704 1897//1702
f 1913//1718 2194//1989 1914//1719
f 2200//1994 2201//1995 2193//1988
f 2139//1937 2128//1926 2127//1925
f 2128//1926 2117//1915 2116//1914
f 2117//1915 2106//1904 2105//1903
f 2106//1904 2095//1894 2094//1893
f 2095//1894 2084//1883 2083//1882
f 1902//1707 1913//1718 1900//1705
f 1901//1706 1902//1707 1900//1705
f 2084//1883 1901//1706 1899//1704
f 1912//1717 2193//1988 1913//1718
f 2210//2004 2211//2005 1736//1546
f 2138//1936 2210//2004 1736//1546
f 2138//1936 2212//2006 2210//2004
f 2138//1936 2126//1924 2212//2006
f 2212//2006 2126//1924 2213//2007
f 2213//2007 2126//1924 2114//1912
f 2214//2008 2114//1912 2102//1900
f 2215//2009 2102//1900 2090//1889
f 2216//2010 2090//1889 2217//2011
f 2216//2010 2215//2009 2090//1889
f 2218//2012 1734//1544 2219//2013
f 2218//2012 1738//1548 1734//1544
f 2218//2012 2220//2014 1738//1548
f 1738//1548 2220//2014 1770//1579
f 1770//1579 2220//2014 2221//2015
f 1782//1591 2221//2015 2222//2016
f 1794//1602 2222//2016 2223//2017
f 2224//2018 1794//1602 2223//2017
f 2224//2018 1806//1614 1794//1602
f 2224//2018 2225//2019 1806//1614
f 1806//1614 2225//2019 1818//1625
f 1818//1625 2225//2019 2226//2020
f 1830//1637 2226//2020 2227//2021
f 1842//1649 2227//2021 2228//2022
f 1932//1735 2228//2022 2229//2023
f 2230//2024 1932//1735 2229//2023
f 2230//2024 1930//1733 1932//1735
f 2230//2024 2231//2025 1930//1733
f 1930//1733 2231//2025 1934//1737
f 1934//1737 2231//2025 2232//2026
f 1963//1766 2232//2026 2233//2027
f 1974//1776 2233//2027 2234//2028
f 1985//1787 2234//2028 2235//2029
f 2236//2030 1985//1787 2235//2029
f 2236//2030 1996//1798 1985//1787
f 2236//2030 2237//2031 1996//1798
f 1996//1798 2237//2031 2007//1809
f 2007//1809 2237//2031 2238//2032
f 2018//1819 2238//2032 2239//2033
f 2040//1840 2239//2033 2240//2034
f 2038//1838 2240//2034 2241//2035
f 2042//1842 2241//2035 2242//2036
f 2243//2037 2042//1842 2242//2036
f 2243//2037 2058//1857 2042//1842
f 2243//2037 2244//2038 2058//1857
f 2058//1857 2244//2038 2064//1863
f 2064//1863 2244//2038 2245//2039
f 2069//1868 2245//2039 2246//2040
f 2073//1872 2246//2040 2247//2041
f 2076//1875 2247//2041 2248//2042
f 2249//2043 2076//1875 2248//2042
f 2249//2043 1885//1690 2076//1875
f 2249//2043 2250//2044 1885//1690
f 1885//1690 2250//2044 1886//1691
f 1886//1691 2250//2044 2251//2045
f 1888//1693 2251//2045 2252//2046
f 2078//1877 2252//2046 2217//2011
f 2090//1889 2078//1877 2217//2011
f 1770//1579 2221//2015 1782//1591
f 1782//1591 2222//2016 1794//1602
f 1818//1625 2226//2020 1830//1637
f 1830//1637 2227//2021 1842//1649
f 1842//1649 2228//2022 1932//1735
f 1934//1737 2232//2026 1963//1766
f 1963//1766 2233//2027 1974//1776
f 1974//1776 2234//2028 1985//1787
f 2007//1809 2238//2032 2018//1819
f 2018//1819 2239//2033 2040//1840
f 2040//1840 2240//2034 2038//1838
f 2038//1838 2241//2035 2042//1842
f 2064//1863 2245//2039 2069//1868
f 2069//1868 2246//2040 2073//1872
f 2073//1872 2247//2041 2076//1875
f 1886//1691 2251//2045 1888//1693
f 1888//1693 2252//2046 2078//1877
f 2215//2009 2214//2008 2102//1900
f 2214//2008 2213//2007 2114//1912
f 1734//1544 1736//1546 2219//2013
f 2219//2013 1736//1546 2211//2005
f 2253//2047 2254//2048 2255//2049
f 2253//2047 2256//2050 2254//2048
f 2253//2047 2257//2051 2256//2050
f 2256//2050 2257//2051 2258//2052
f 2259//2053 2258//2052 2260//2054
f 2261//2055 2260//2054 2262//2056
f 2263//2057 2262//2056 2264//2058
f 2265//2059 2264//2058 2266//2060
f 2267//2061 2266//2060 2268//2062
f 2269//2063 2268//2062 2270//2064
f 2271//2065 2270//2064 2272//2066
f 2273//2067 2272//2066 2274//2068
f 2275//2069 2274//2068 2276//2070
f 2277//2071 2276//2070 2278//2072
f 2229//2023 2278//2072 2230//2024
f 2229//2023 2277//2071 2278//2072
f 2229//2023 2228//2022 2277//2071
f 2277//2071 2228//2022 2279//2073
f 2275//2069 2279//2073 2280//2074
f 2273//2067 2280//2074 2281//2075
f 2271//2065 2281//2075 2282//2076
f 2269//2063 2282//2076 2283//2077
f 2267//2061 2283//2077 2284//2078
f 2265//2059 2284//2078 2285//2079
f 2263//2057 2285//2079 2286//2080
f 2261//2055 2286//2080 2287//2081
f 2259//2053 2287//2081 2288//2082
f 2256//2050 2288//2082 2254//2048
f 2256//2050 2259//2053 2288//2082
f 2256//2050 2258//2052 2259//2053
f 2257//2051 2289//2083 2258//2052
f 2258//2052 2289//2083 2290//2084
f 2260//2054 2290//2084 2291//2085
f 2262//2056 2291//2085 2292//2086
f 2264//2058 2292//2086 2293//2087
f 2266//2060 2293//2087 2294//2088
f 2268//2062 2294//2088 2295//2089
f 2270//2064 2295//2089 2296//2090
f 2272//2066 2296//2090 2297//2091
f 2274//2068 2297//2091 2298//2092
f 2276//2070 2298//2092 2299//2093
f 2278//2072 2299//2093 2300//2094
f 2230//2024 2300//2094 2231//2025
f 2230//2024 2278//2072 2300//2094
f 2289//2083 2301//2095 2290//2084
f 2290//2084 2301//2095 2302//2096
f 2291//2085 2302//2096 2303//2097
f 2292//2086 2303//2097 2304//2098
f 2293//2087 2304//2098 2305//2099
f 2294//2088 2305//2099 2306//2100
f 2295//2089 2306//2100 2307//2101
f 2296//2090 2307//2101 2308//2102
f 2297//2091 2308//2102 2309//2103
f 2298//2092 2309//2103 2310//2104
f 2299//2093 2310//2104 2311//2105
f 2300//2094 2311//2105 2312//2106
f 2231//2025 2312//2106 2313//2107
f 2232//2026 2313//2107 2314//2108
f 2233//2027 2314//2108 2315//2109
f 2234//2028 2315//2109 2316//2110
f 2235//2029 2316//2110 2317//2111
f 2236//2030 2317//2111 2318//2112
f 2237//2031 2318//2112 2319//2113
f 2238//2032 2319//2113 2320//2114
f 2239//2033 2320//2114 2321//2115
f 2240//2034 2321//2115 2322//2116
f 2241//2035 2322//2116 2323//2117
f 2242//2036 2323//2117 2324//2118
f 2243//2037 2324//2118 2325//2119
f 2244//2038 2325//2119 2326//2120
f 2245//2039 2326//2120 2327//2121
f 2246//2040 2327//2121 2328//2122
f 2329//2123 2328//2122 2330//2124
f 2331//2125 2330//2124 2332//2126
f 2333//2127 2332//2126 2334//2128
f 2335//2129 2334//2128 2336//2130
f 2337//2131 2336//2130 2338//2132
f 2339//2133 2338//2132 2340//2134
f 2341//2135 2340//2134 2342//2136
f 2343//2137 2342//2136 2344//2138
f 2345//2139 2344//2138 2346//2140
f 2347//2141 2346//2140 2348//2142
f 2349//2143 2348//2142 2350//2144
f 2351//2145 2349//2143 2350//2144
f 2351//2145 2352//2146 2349//2143
f 2351//2145 2353//2147 2352//2146
f 2352//2146 2353//2147 2354//2148
f 2355//2149 2354//2148 2356//2150
f 2357//2151 2356//2150 2358//2152
f 2359//2153 2358//2152 2360//2154
f 2361//2155 2360//2154 2362//2156
f 2363//2157 2362//2156 2364//2158
f 2365//2159 2364//2158 2366//2160
f 2367//2161 2366//2160 2368//2162
f 2369//2163 2368//2162 2370//2164
f 2371//2165 2370//2164 2372//2166
f 2373//2167 2372//2166 2374//2168
f 2212//2006 2374//2168 2210//2004
f 2212//2006 2373//2167 2374//2168
f 2212//2006 2213//2007 2373//2167
f 2373//2167 2213//2007 2375//2169
f 2371//2165 2375//2169 2376//2170
f 2369//2163 2376//2170 2377//2171
f 2367//2161 2377//2171 2378//2172
f 2365//2159 2378//2172 2379//2173
f 2363//2157 2379//2173 2380//2174
f 2361//2155 2380//2174 2381//2175
f 2359//2153 2381//2175 2382//2176
f 2357//2151 2382//2176 2383//2177
f 2355//2149 2383//2177 2384//2178
f 2352//2146 2384//2178 2349//2143
f 2352//2146 2355//2149 2384//2178
f 2352//2146 2354//2148 2355//2149
f 2301//2095 2385//2179 2302//2096
f 2302//2096 2385//2179 2386//2180
f 2303//2097 2386//2180 2387//2181
f 2304//2098 2387//2181 2388//2182
f 2305//2099 2388//2182 2389//2183
f 2306//2100 2389//2183 2390//2184
f 2307//2101 2390//2184 2391//2185
f 2308//2102 2391//2185 2392//2186
f 2309//2103 2392//2186 2393//2187
f 2310//2104 2393//2187 2394//2188
f 2311//2105 2394//2188 2395//2189
f 2312//2106 2395//2189 2313//2107
f 2312//2106 2311//2105 2395//2189
f 2385//2179 2396//2190 2386//2180
f 2386//2180 2396//2190 2397//2191
f 2387//2181 2397//2191 2398//2192
f 2388//2182 2398//2192 2399//2193
f 2389//2183 2399//2193 2400//2194
f 2390//2184 2400//2194 2401//2195
f 2391//2185 2401//2195 2402//2196
f 2392//2186 2402//2196 2403//2197
f 2393//2187 2403//2197 2404//2198
f 2394//2188 2404//2198 2405//2199
f 2395//2189 2405//2199 2406//2200
f 2313//2107 2406//2200 2314//2108
f 2313//2107 2395//2189 2406//2200
f 2396//2190 2407//2201 2397//2191
f 2397//2191 2407//2201 2408//2202
f 2398//2192 2408//2202 2409//2203
f 2399//2193 2409//2203 2410//2204
f 2400//2194 2410//2204 2411//2205
f 2401//2195 2411//2205 2412//2206
f 2402//2196 2412//2206 2413//2207
f 2403//2197 2413//2207 2414//2208
f 2404//2198 2414//2208 2415//2209
f 2405//2199 2415//2209 2416//2210
f 2406//2200 2416//2210 2417//2211
f 2314//2108 2417//2211 2315//2109
f 2314//2108 2406//2200 2417//2211
f 2407//2201 2418//2212 2408//2202
f 2408//2202 2418//2212 2419//2213
f 2409//2203 2419//2213 2420//2214
f 2410//2204 2420//2214 2421//2215
f 2411//2205 2421//2215 2422//2216
f 2412//2206 2422//2216 2423//2217
f 2413//2207 2423//2217 2424//2218
f 2414//2208 2424//2218 2425//2219
f 2415//2209 2425//2219 2426//2220
f 2416//2210 2426//2220 2427//2221
f 2417//2211 2427//2221 2428//2222
f 2315//2109 2428//2222 2316//2110
f 2315//2109 2417//2211 2428//2222
f 2418//2212 2429//2223 2419//2213
f 2419//2213 2429//2223 2430//2224
f 2420//2214 2430//2224 2431//2225
f 2421//2215 2431//2225 2432//2226
f 2422//2216 2432//2226 2433//2227
f 2423//2217 2433//2227 2434//2228
f 2424//2218 2434//2228 2435//2229
f 2425//2219 2435//2229 2436//2230
f 2426//2220 2436//2230 2437//2231
f 2427//2221 2437//2231 2438//2232
f 2428//2222 2438//2232 2439//2233
f 2316//2110 2439//2233 2317//2111
f 2316//2110 2428//2222 2439//2233
f 2429//2223 2440//2234 2430//2224
f 2430//2224 2440//2234 2441//2235
f 2431//2225 2441//2235 2442//2236
f 2432//2226 2442//2236 2443//2237
f 2433//2227 2443//2237 2444//2238
f 2434//2228 2444//2238 2445//2239
f 2435//2229 2445//2239 2446//2240
f 2436//2230 2446//2240 2447//2241
f 2437//2231 2447//2241 2448//2242
f 2438//2232 2448//2242 2449//2243
f 2439//2233 2449//2243 2450//2244
f 2317//2111 2450//2244 2318//2112
f 2317//2111 2439//2233 2450//2244
f 2440//2234 2451//2245 2441//2235
f 2441//2235 2451//2245 2452//2246
f 2442//2236 2452//2246 2453//2247
f 2443//2237 2453//2247 2454//2248
f 2444//2238 2454//2248 2455//2249
f 2445//2239 2455//2249 2456//2250
f 2446//2240 2456//2250 2457//2251
f 2447//2241 2457//2251 2458//2252
f 2448//2242 2458//2252 2459//2253
f 2449//2243 2459//2253 2460//2254
f 2450//2244 2460//2254 2461//2255
f 2318//2112 2461//2255 2319//2113
f 2318//2112 2450//2244 2461//2255
f 2451//2245 2462//2256 2452//2246
f 2452//2246 2462//2256 2463//2257
f 2453//2247 2463//2257 2464//2258
f 2454//2248 2464//2258 2465//2259
f 2455//2249 2465//2259 2466//2260
f 2456//2250 2466//2260 2467//2261
f 2457//2251 2467//2261 2468//2262
f 2458//2252 2468//2262 2469//2263
f 2459//2253 2469//2263 2470//2264
f 2460//2254 2470//2264 2471//2265
f 2461//2255 2471//2265 2472//2266
f 2319//2113 2472//2266 2320//2114
f 2319//2113 2461//2255 2472//2266
f 2462//2256 2473//2267 2463//2257
f 2463//2257 2473//2267 2474//2268
f 2464//2258 2474//2268 2475//2269
f 2465//2259 2475//2269 2476//2270
f 2466//2260 2476//2270 2477//2271
f 2467//2261 2477//2271 2478//2272
f 2468//2262 2478//2272 2479//2273
f 2469//2263 2479//2273 2480//2274
f 2470//2264 2480//2274 2481//2275
f 2471//2265 2481//2275 2482//2276
f 2472//2266 2482//2276 2483//2277
f 2320//2114 2483//2277 2321//2115
f 2320//2114 2472//2266 2483//2277
f 2473//2267 2484//2278 2474//2268
f 2474//2268 2484//2278 2485//2279
f 2475//2269 2485//2279 2486//2280
f 2476//2270 2486//2280 2487//2281
f 2477//2271 2487//2281 2488//2282
f 2478//2272 2488//2282 2489//2283
f 2479//2273 2489//2283 2490//2284
f 2480//2274 2490//2284 2491//2285
f 2481//2275 2491//2285 2492//2286
f 2482//2276 2492//2286 2493//2287
f 2483//2277 2493//2287 2494//2288
f 2321//2115 2494//2288 2322//2116
f 2321//2115 2483//2277 2494//2288
f 2485//2279 2484//2278 2495//2289
f 2486//2280 2495//2289 2496//2290
f 2487//2281 2496//2290 2497//2291
f 2488//2282 2497//2291 2498//2292
f 2489//2283 2498//2292 2499//2293
f 2490//2284 2499//2293 2500//2294
f 2491//2285 2500//2294 2501//2295
f 2492//2286 2501//2295 2502//2296
f 2493//2287 2502//2296 2503//2297
f 2494//2288 2503//2297 2504//2298
f 2322//2116 2504//2298 2323//2117
f 2322//2116 2494//2288 2504//2298
f 2505//2299 2506//2300 2507//2301
f 2505//2299 2508//2302 2506//2300
f 2505//2299 2509//2303 2508//2302
f 2508//2302 2509//2303 2510//2304
f 2511//2305 2510//2304 2512//2306
f 2513//2307 2512//2306 2514//2308
f 2515//2309 2514//2308 2516//2310
f 2517//2311 2516//2310 2518//2312
f 2519//1023 2518//2312 2520//2313
f 2521//2314 2520//2313 2522//2315
f 2523//2316 2522//2315 2524//2317
f 2525//2318 2524//2317 2526//2319
f 2527//2320 2526//2319 2528//2321
f 2325//2119 2528//2321 2326//2120
f 2325//2119 2527//2320 2528//2321
f 2325//2119 2324//2118 2527//2320
f 2527//2320 2324//2118 2529//2322
f 2525//2318 2529//2322 2530//2323
f 2523//2316 2530//2323 2531//2324
f 2521//2314 2531//2324 2532//2325
f 2519//1023 2532//2325 2533//2326
f 2517//2311 2533//2326 2534//2327
f 2515//2309 2534//2327 2535//2328
f 2513//2307 2535//2328 2536//2329
f 2511//2305 2536//2329 2537//2330
f 2508//2302 2537//2330 2506//2300
f 2508//2302 2511//2305 2537//2330
f 2508//2302 2510//2304 2511//2305
f 2509//2303 2538//2331 2510//2304
f 2510//2304 2538//2331 2539//2332
f 2512//2306 2539//2332 2540//2333
f 2514//2308 2540//2333 2541//2334
f 2516//2310 2541//2334 2542//2335
f 2518//2312 2542//2335 2543//2336
f 2520//2313 2543//2336 2544//2337
f 2522//2315 2544//2337 2545//2338
f 2524//2317 2545//2338 2546//2339
f 2526//2319 2546//2339 2547//2340
f 2528//2321 2547//2340 2548//2341
f 2326//2120 2548//2341 2327//2121
f 2326//2120 2528//2321 2548//2341
f 2538//2331 2549//2342 2539//2332
f 2539//2332 2549//2342 2550//2343
f 2540//2333 2550//2343 2551//2344
f 2541//2334 2551//2344 2552//2345
f 2542//2335 2552//2345 2553//2346
f 2543//2336 2553//2346 2554//2347
f 2544//2337 2554//2347 2555//2348
f 2545//2338 2555//2348 2556//2349
f 2546//2339 2556//2349 2557//2350
f 2547//2340 2557//2350 2558//2351
f 2548//2341 2558//2351 2559//2352
f 2327//2121 2559//2352 2328//2122
f 2327//2121 2548//2341 2559//2352
f 2549//2342 2560//2353 2550//2343
f 2550//2343 2560//2353 2561//2354
f 2551//2344 2561//2354 2562//2355
f 2552//2345 2562//2355 2563//2356
f 2553//2346 2563//2356 2564//2357
f 2554//2347 2564//2357 2565//2358
f 2555//2348 2565//2358 2566//2359
f 2556//2349 2566//2359 2567//2360
f 2557//2350 2567//2360 2568//2361
f 2558//2351 2568//2361 2569//2362
f 2559//2352 2569//2362 2330//2124
f 2328//2122 2559//2352 2330//2124
f 2560//2353 2570//2363 2561//2354
f 2561//2354 2570//2363 2571//2364
f 2562//2355 2571//2364 2572//2365
f 2563//2356 2572//2365 2573//2366
f 2564//2357 2573//2366 2574//2367
f 2565//2358 2574//2367 2575//2368
f 2566//2359 2575//2368 2576//2369
f 2567//2360 2576//2369 2577//2370
f 2568//2361 2577//2370 2578//2371
f 2569//2362 2578//2371 2332//2126
f 2330//2124 2569//2362 2332//2126
f 2570//2363 2579//2372 2571//2364
f 2571//2364 2579//2372 2580//2373
f 2572//2365 2580//2373 2581//2374
f 2573//2366 2581//2374 2582//2375
f 2574//2367 2582//2375 2583//2376
f 2575//2368 2583//2376 2584//2377
f 2576//2369 2584//2377 2585//2378
f 2577//2370 2585//2378 2586//2379
f 2578//2371 2586//2379 2334//2128
f 2332//2126 2578//2371 2334//2128
f 2579//2372 2587//2380 2580//2373
f 2580//2373 2587//2380 2588//2381
f 2581//2374 2588//2381 2589//2382
f 2582//2375 2589//2382 2590//2383
f 2583//2376 2590//2383 2591//2384
f 2584//2377 2591//2384 2592//2385
f 2585//2378 2592//2385 2593//2386
f 2586//2379 2593//2386 2336//2130
f 2334//2128 2586//2379 2336//2130
f 2587//2380 2594//2387 2588//2381
f 2588//2381 2594//2387 2595//2388
f 2589//2382 2595//2388 2596//2389
f 2590//2383 2596//2389 2597//2390
f 2591//2384 2597//2390 2598//2391
f 2592//2385 2598//2391 2599//2392
f 2593//2386 2599//2392 2338//2132
f 2336//2130 2593//2386 2338//2132
f 2594//2387 2600//2393 2595//2388
f 2595//2388 2600//2393 2601//2394
f 2596//2389 2601//2394 2602//2395
f 2597//2390 2602//2395 2603//2396
f 2598//2391 2603//2396 2604//2397
f 2599//2392 2604//2397 2340//2134
f 2338//2132 2599//2392 2340//2134
f 2600//2393 2605//2398 2601//2394
f 2601//2394 2605//2398 2606//2399
f 2602//2395 2606//2399 2607//2400
f 2603//2396 2607//2400 2608//2401
f 2604//2397 2608//2401 2342//2136
f 2340//2134 2604//2397 2342//2136
f 2605//2398 2609//2402 2606//2399
f 2606//2399 2609//2402 2610//2403
f 2607//2400 2610//2403 2611//2404
f 2608//2401 2611//2404 2344//2138
f 2342//2136 2608//2401 2344//2138
f 2609//2402 2612//2405 2610//2403
f 2610//2403 2612//2405 2613//2406
f 2611//2404 2613//2406 2346//2140
f 2344//2138 2611//2404 2346//2140
f 2612//2405 2350//2144 2613//2406
f 2613//2406 2350//2144 2348//2142
f 2346//2140 2613//2406 2348//2142
f 2353//2147 2614//2407 2354//2148
f 2354//2148 2614//2407 2615//2408
f 2356//2150 2615//2408 2616//2409
f 2358//2152 2616//2409 2617//2410
f 2360//2154 2617//2410 2618//2411
f 2362//2156 2618//2411 2619//2412
f 2364//2158 2619//2412 2620//2413
f 2366//2160 2620//2413 2621//2414
f 2368//2162 2621//2414 2622//2415
f 2370//2164 2622//2415 2623//2416
f 2372//2166 2623//2416 2624//2417
f 2374//2168 2624//2417 2625//2418
f 2210//2004 2625//2418 2211//2005
f 2210//2004 2374//2168 2625//2418
f 2614//2407 2626//2419 2615//2408
f 2615//2408 2626//2419 2627//2420
f 2616//2409 2627//2420 2628//2421
f 2617//2410 2628//2421 2629//2422
f 2618//2411 2629//2422 2630//2423
f 2619//2412 2630//2423 2631//2424
f 2620//2413 2631//2424 2632//2425
f 2621//2414 2632//2425 2633//2426
f 2622//2415 2633//2426 2634//2427
f 2623//2416 2634//2427 2635//2428
f 2624//2417 2635//2428 2636//2429
f 2625//2418 2636//2429 2637//2430
f 2211//2005 2637//2430 2638//2431
f 2219//2013 2638//2431 2639//2432
f 2218//2012 2639//2432 2640//2433
f 2220//2014 2640//2433 2641//2434
f 2221//2015 2641//2434 2642//2435
f 2222//2016 2642//2435 2643//2436
f 2223//2017 2643//2436 2644//2437
f 2224//2018 2644//2437 2645//2438
f 2225//2019 2645//2438 2646//2439
f 2226//2020 2646//2439 2647//2440
f 2227//2021 2647//2440 2279//2073
f 2228//2022 2227//2021 2279//2073
f 2626//2419 2648//2441 2627//2420
f 2627//2420 2648//2441 2649//2442
f 2628//2421 2649//2442 2650//2443
f 2629//2422 2650//2443 2651//2444
f 2630//2423 2651//2444 2652//2445
f 2631//2424 2652//2445 2653//2446
f 2632//2425 2653//2446 2654//2447
f 2633//2426 2654//2447 2655//2448
f 2634//2427 2655//2448 2656//2449
f 2635//2428 2656//2449 2657//2450
f 2636//2429 2657//2450 2658//2451
f 2637//2430 2658//2451 2638//2431
f 2637//2430 2636//2429 2658//2451
f 2648//2441 2659//2452 2649//2442
f 2649//2442 2659//2452 2660//2453
f 2650//2443 2660//2453 2661//2454
f 2651//2444 2661//2454 2662//2455
f 2652//2445 2662//2455 2663//2456
f 2653//2446 2663//2456 2664//2457
f 2654//2447 2664//2457 2665//2458
f 2655//2448 2665//2458 2666//2459
f 2656//2449 2666//2459 2667//2460
f 2657//2450 2667//2460 2668//2461
f 2658//2451 2668//2461 2669//2462
f 2638//2431 2669//2462 2639//2432
f 2638//2431 2658//2451 2669//2462
f 2659//2452 2670//2463 2660//2453
f 2660//2453 2670//2463 2671//2464
f 2661//2454 2671//2464 2672//2465
f 2662//2455 2672//2465 2673//2466
f 2663//2456 2673//2466 2674//2467
f 2664//2457 2674//2467 2675//2468
f 2665//2458 2675//2468 2676//2469
f 2666//2459 2676//2469 2677//2470
f 2667//2460 2677//2470 2678//2471
f 2668//2461 2678//2471 2679//2472
f 2669//2462 2679//2472 2680//2473
f 2639//2432 2680//2473 2640//2433
f 2639//2432 2669//2462 2680//2473
f 2670//2463 2681//2474 2671//2464
f 2671//2464 2681//2474 2682//2475
f 2672//2465 2682//2475 2683//2476
f 2673//2466 2683//2476 2684//2477
f 2674//2467 2684//2477 2685//2478
f 2675//2468 2685//2478 2686//2479
f 2676//2469 2686//2479 2687//2480
f 2677//2470 2687//2480 2688//2481
f 2678//2471 2688//2481 2689//2482
f 2679//2472 2689//2482 2690//2483
f 2680//2473 2690//2483 2691//2484
f 2640//2433 2691//2484 2641//2434
f 2640//2433 2680//2473 2691//2484
f 2681//2474 2692//2485 2682//2475
f 2682//2475 2692//2485 2693//2486
f 2683//2476 2693//2486 2694//2487
f 2684//2477 2694//2487 2695//2488
f 2685//2478 2695//2488 2696//2489
f 2686//2479 2696//2489 2697//2490
f 2687//2480 2697//2490 2698//1106
f 2688//2481 2698//1106 2699//2491
f 2689//2482 2699//2491 2700//2492
f 2690//2483 2700//2492 2701//2493
f 2691//2484 2701//2493 2702//2494
f 2641//2434 2702//2494 2642//2435
f 2641//2434 2691//2484 2702//2494
f 2692//2485 2703//2495 2693//2486
f 2693//2486 2703//2495 2704//2496
f 2694//2487 2704//2496 2705//2497
f 2695//2488 2705//2497 2706//2498
f 2696//2489 2706//2498 2707//2499
f 2697//2490 2707//2499 2708//2500
f 2698//1106 2708//2500 2709//2501
f 2699//2491 2709//2501 2710//2502
f 2700//2492 2710//2502 2711//2503
f 2701//2493 2711//2503 2712//2504
f 2702//2494 2712//2504 2713//2505
f 2642//2435 2713//2505 2643//2436
f 2642//2435 2702//2494 2713//2505
f 2703//2495 2714//2506 2704//2496
f 2704//2496 2714//2506 2715//2507
f 2705//2497 2715//2507 2716//2508
f 2706//2498 2716//2508 2717//2509
f 2707//2499 2717//2509 2718//2510
f 2708//2500 2718//2510 2719//2511
f 2709//2501 2719//2511 2720//2512
f 2710//2502 2720//2512 2721//2513
f 2711//2503 2721//2513 2722//2514
f 2712//2504 2722//2514 2723//2515
f 2713//2505 2723//2515 2724//2516
f 2643//2436 2724//2516 2644//2437
f 2643//2436 2713//2505 2724//2516
f 2714//2506 2725//2517 2715//2507
f 2715//2507 2725//2517 2726//2518
f 2716//2508 2726//2518 2727//2519
f 2717//2509 2727//2519 2728//2520
f 2718//2510 2728//2520 2729//2521
f 2719//2511 2729//2521 2730//2522
f 2720//2512 2730//2522 2731//2523
f 2721//2513 2731//2523 2732//2524
f 2722//2514 2732//2524 2733//2525
f 2723//2515 2733//2525 2734//2526
f 2724//2516 2734//2526 2735//2527
f 2644//2437 2735//2527 2645//2438
f 2644//2437 2724//2516 2735//2527
f 2725//2517 2736//2528 2726//2518
f 2726//2518 2736//2528 2737//2529
f 2727//2519 2737//2529 2738//2530
f 2728//2520 2738//2530 2739//2531
f 2729//2521 2739//2531 2740//2532
f 2730//2522 2740//2532 2741//2533
f 2731//2523 2741//2533 2742//2534
f 2732//2524 2742//2534 2743//2535
f 2733//2525 2743//2535 2744//2536
f 2734//2526 2744//2536 2745//2537
f 2735//2527 2745//2537 2746//2538
f 2645//2438 2746//2538 2646//2439
f 2645//2438 2735//2527 2746//2538
f 2736//2528 2255//2049 2737//2529
f 2737//2529 2255//2049 2747//2539
f 2738//2530 2747//2539 2748//2540
f 2739//2531 2748//2540 2749//2541
f 2740//2532 2749//2541 2750//2542
f 2741//2533 2750//2542 2751//2543
f 2742//2534 2751//2543 2752//2544
f 2743//2535 2752//2544 2753//2545
f 2744//2536 2753//2545 2754//2546
f 2745//2537 2754//2546 2755//2547
f 2746//2538 2755//2547 2756//2548
f 2646//2439 2756//2548 2647//2440
f 2646//2439 2746//2538 2756//2548
f 2637//2430 2211//2005 2625//2418
f 2213//2007 2214//2008 2375//2169
f 2375//2169 2214//2008 2757//2549
f 2376//2170 2757//2549 2758//2550
f 2377//2171 2758//2550 2759//2551
f 2378//2172 2759//2551 2760//2552
f 2379//2173 2760//2552 2761//2553
f 2380//2174 2761//2553 2762//2554
f 2381//2175 2762//2554 2763//2555
f 2382//2176 2763//2555 2764//2556
f 2383//2177 2764//2556 2765//2557
f 2384//2178 2765//2557 2347//2141
f 2349//2143 2347//2141 2348//2142
f 2349//2143 2384//2178 2347//2141
f 2214//2008 2215//2009 2757//2549
f 2757//2549 2215//2009 2766//2558
f 2758//2550 2766//2558 2767//2559
f 2759//2551 2767//2559 2768//2560
f 2760//2552 2768//2560 2769//2561
f 2761//2553 2769//2561 2770//2562
f 2762//2554 2770//2562 2771//2563
f 2763//2555 2771//2563 2772//2564
f 2764//2556 2772//2564 2773//2565
f 2765//2557 2773//2565 2345//2139
f 2347//2141 2345//2139 2346//2140
f 2347//2141 2765//2557 2345//2139
f 2215//2009 2216//2010 2766//2558
f 2766//2558 2216//2010 2774//2566
f 2767//2559 2774//2566 2775//2567
f 2768//2560 2775//2567 2776//2568
f 2769//2561 2776//2568 2777//2569
f 2770//2562 2777//2569 2778//2570
f 2771//2563 2778//2570 2779//2571
f 2772//2564 2779//2571 2780//2572
f 2773//2565 2780//2572 2343//2137
f 2345//2139 2343//2137 2344//2138
f 2345//2139 2773//2565 2343//2137
f 2216//2010 2217//2011 2774//2566
f 2774//2566 2217//2011 2781//2573
f 2775//2567 2781//2573 2782//2574
f 2776//2568 2782//2574 2783//2575
f 2777//2569 2783//2575 2784//2576
f 2778//2570 2784//2576 2785//2577
f 2779//2571 2785//2577 2786//2578
f 2780//2572 2786//2578 2341//2135
f 2343//2137 2341//2135 2342//2136
f 2343//2137 2780//2572 2341//2135
f 2217//2011 2252//2046 2781//2573
f 2781//2573 2252//2046 2787//2579
f 2782//2574 2787//2579 2788//2580
f 2783//2575 2788//2580 2789//2581
f 2784//2576 2789//2581 2790//2582
f 2785//2577 2790//2582 2791//2583
f 2786//2578 2791//2583 2339//2133
f 2341//2135 2339//2133 2340//2134
f 2341//2135 2786//2578 2339//2133
f 2252//2046 2251//2045 2787//2579
f 2787//2579 2251//2045 2792//2584
f 2788//2580 2792//2584 2793//2585
f 2789//2581 2793//2585 2794//2586
f 2790//2582 2794//2586 2795//2587
f 2791//2583 2795//2587 2337//2131
f 2339//2133 2337//2131 2338//2132
f 2339//2133 2791//2583 2337//2131
f 2251//2045 2250//2044 2792//2584
f 2792//2584 2250//2044 2796//2588
f 2793//2585 2796//2588 2797//2589
f 2794//2586 2797//2589 2798//2590
f 2795//2587 2798//2590 2335//2129
f 2337//2131 2335//2129 2336//2130
f 2337//2131 2795//2587 2335//2129
f 2250//2044 2249//2043 2796//2588
f 2796//2588 2249//2043 2799//2591
f 2797//2589 2799//2591 2800//2592
f 2798//2590 2800//2592 2333//2127
f 2335//2129 2333//2127 2334//2128
f 2335//2129 2798//2590 2333//2127
f 2249//2043 2248//2042 2799//2591
f 2799//2591 2248//2042 2801//2593
f 2800//2592 2801//2593 2331//2125
f 2333//2127 2331//2125 2332//2126
f 2333//2127 2800//2592 2331//2125
f 2248//2042 2247//2041 2801//2593
f 2801//2593 2247//2041 2329//2123
f 2331//2125 2329//2123 2330//2124
f 2331//2125 2801//2593 2329//2123
f 2247//2041 2246//2040 2329//2123
f 2329//2123 2246//2040 2328//2122
f 2246//2040 2245//2039 2327//2121
f 2245//2039 2244//2038 2326//2120
f 2244//2038 2243//2037 2325//2119
f 2243//2037 2242//2036 2324//2118
f 2242//2036 2241//2035 2323//2117
f 2241//2035 2240//2034 2322//2116
f 2240//2034 2239//2033 2321//2115
f 2239//2033 2238//2032 2320//2114
f 2238//2032 2237//2031 2319//2113
f 2237//2031 2236//2030 2318//2112
f 2236//2030 2235//2029 2317//2111
f 2235//2029 2234//2028 2316//2110
f 2234//2028 2233//2027 2315//2109
f 2233//2027 2232//2026 2314//2108
f 2232//2026 2231//2025 2313//2107
f 2312//2106 2231//2025 2300//2094
f 2227//2021 2226//2020 2647//2440
f 2226//2020 2225//2019 2646//2439
f 2225//2019 2224//2018 2645//2438
f 2224//2018 2223//2017 2644//2437
f 2223//2017 2222//2016 2643//2436
f 2222//2016 2221//2015 2642//2435
f 2221//2015 2220//2014 2641//2434
f 2220//2014 2218//2012 2640//2433
f 2218//2012 2219//2013 2639//2432
f 2219//2013 2211//2005 2638//2431
f 2571//2364 2562//2355 2561//2354
f 2562//2355 2552//2345 2551//2344
f 2580//2373 2572//2365 2571//2364
f 2552//2345 2542//2335 2541//2334
f 2572//2365 2563//2356 2562//2355
f 2542//2335 2518//2312 2516//2310
f 2563//2356 2553//2346 2552//2345
f 2533//2326 2517//2311 2519//1023
f 2519//1023 2517//2311 2518//2312
f 2553//2346 2543//2336 2542//2335
f 2543//2336 2520//2313 2518//2312
f 2533//2326 2532//2325 2501//2295
f 2500//2294 2533//2326 2501//2295
f 2500//2294 2534//2327 2533//2326
f 2500//2294 2499//2293 2534//2327
f 2534//2327 2499//2293 2535//2328
f 2535//2328 2499//2293 2498//2292
f 2536//2329 2498//2292 2497//2291
f 2537//2330 2497//2291 2496//2290
f 2506//2300 2496//2290 2495//2289
f 2507//2301 2495//2289 2484//2278
f 2507//2301 2506//2300 2495//2289
f 2520//2313 2521//2314 2519//1023
f 2519//1023 2521//2314 2532//2325
f 2502//2296 2493//2287 2492//2286
f 2503//2297 2502//2296 2531//2324
f 2530//2323 2503//2297 2531//2324
f 2530//2323 2504//2298 2503//2297
f 2530//2323 2529//2322 2504//2298
f 2504//2298 2529//2322 2323//2117
f 2323//2117 2529//2322 2324//2118
f 2493//2287 2483//2277 2482//2276
f 2494//2288 2493//2287 2503//2297
f 2738//2530 2737//2529 2747//2539
f 2255//2049 2254//2048 2747//2539
f 2747//2539 2254//2048 2748//2540
f 2748//2540 2254//2048 2288//2082
f 2749//2541 2288//2082 2287//2081
f 2750//2542 2287//2081 2286//2080
f 2751//2543 2286//2080 2285//2079
f 2752//2544 2285//2079 2284//2078
f 2753//2545 2284//2078 2283//2077
f 2754//2546 2283//2077 2282//2076
f 2755//2547 2282//2076 2281//2075
f 2756//2548 2281//2075 2280//2074
f 2647//2440 2280//2074 2279//2073
f 2647//2440 2756//2548 2280//2074
f 2748//2540 2739//2531 2738//2530
f 2749//2541 2748//2540 2288//2082
f 2739//2531 2729//2521 2728//2520
f 2740//2532 2739//2531 2749//2541
f 2729//2521 2719//2511 2718//2510
f 2730//2522 2729//2521 2740//2532
f 2719//2511 2709//2501 2708//2500
f 2720//2512 2719//2511 2730//2522
f 2709//2501 2699//2491 2698//1106
f 2710//2502 2709//2501 2720//2512
f 2699//2491 2689//2482 2688//2481
f 2700//2492 2699//2491 2710//2502
f 2689//2482 2679//2472 2678//2471
f 2690//2483 2689//2482 2700//2492
f 2679//2472 2669//2462 2668//2461
f 2680//2473 2679//2472 2690//2483
f 2657//2450 2668//2461 2658//2451
f 2667//2460 2678//2471 2668//2461
f 2677//2470 2688//2481 2678//2471
f 2687//2480 2698//1106 2688//2481
f 2697//2490 2708//2500 2698//1106
f 2707//2499 2718//2510 2708//2500
f 2717//2509 2728//2520 2718//2510
f 2727//2519 2738//2530 2728//2520
f 2750//2542 2749//2541 2287//2081
f 2741//2533 2740//2532 2750//2542
f 2731//2523 2730//2522 2741//2533
f 2721//2513 2720//2512 2731//2523
f 2711//2503 2710//2502 2721//2513
f 2701//2493 2700//2492 2711//2503
f 2691//2484 2690//2483 2701//2493
f 2261//2055 2287//2081 2259//2053
f 2260//2054 2261//2055 2259//2053
f 2290//2084 2260//2054 2258//2052
f 2751//2543 2750//2542 2286//2080
f 2742//2534 2741//2533 2751//2543
f 2732//2524 2731//2523 2742//2534
f 2722//2514 2721//2513 2732//2524
f 2712//2504 2711//2503 2722//2514
f 2702//2494 2701//2493 2712//2504
f 2302//2096 2291//2085 2290//2084
f 2263//2057 2286//2080 2261//2055
f 2262//2056 2263//2057 2261//2055
f 2291//2085 2262//2056 2260//2054
f 2752//2544 2751//2543 2285//2079
f 2743//2535 2742//2534 2752//2544
f 2733//2525 2732//2524 2743//2535
f 2723//2515 2722//2514 2733//2525
f 2713//2505 2712//2504 2723//2515
f 2386//2180 2303//2097 2302//2096
f 2303//2097 2292//2086 2291//2085
f 2265//2059 2285//2079 2263//2057
f 2264//2058 2265//2059 2263//2057
f 2292//2086 2264//2058 2262//2056
f 2753//2545 2752//2544 2284//2078
f 2744//2536 2743//2535 2753//2545
f 2734//2526 2733//2525 2744//2536
f 2724//2516 2723//2515 2734//2526
f 2397//2191 2387//2181 2386//2180
f 2387//2181 2304//2098 2303//2097
f 2304//2098 2293//2087 2292//2086
f 2267//2061 2284//2078 2265//2059
f 2266//2060 2267//2061 2265//2059
f 2293//2087 2266//2060 2264//2058
f 2754//2546 2753//2545 2283//2077
f 2745//2537 2744//2536 2754//2546
f 2735//2527 2734//2526 2745//2537
f 2408//2202 2398//2192 2397//2191
f 2398//2192 2388//2182 2387//2181
f 2388//2182 2305//2099 2304//2098
f 2305//2099 2294//2088 2293//2087
f 2269//2063 2283//2077 2267//2061
f 2268//2062 2269//2063 2267//2061
f 2294//2088 2268//2062 2266//2060
f 2755//2547 2754//2546 2282//2076
f 2746//2538 2745//2537 2755//2547
f 2419//2213 2409//2203 2408//2202
f 2409//2203 2399//2193 2398//2192
f 2399//2193 2389//2183 2388//2182
f 2389//2183 2306//2100 2305//2099
f 2306//2100 2295//2089 2294//2088
f 2271//2065 2282//2076 2269//2063
f 2270//2064 2271//2065 2269//2063
f 2295//2089 2270//2064 2268//2062
f 2756//2548 2755//2547 2281//2075
f 2430//2224 2420//2214 2419//2213
f 2420//2214 2410//2204 2409//2203
f 2410//2204 2400//2194 2399//2193
f 2400//2194 2390//2184 2389//2183
f 2390//2184 2307//2101 2306//2100
f 2307//2101 2296//2090 2295//2089
f 2273//2067 2281//2075 2271//2065
f 2272//2066 2273//2067 2271//2065
f 2296//2090 2272//2066 2270//2064
f 2441//2235 2431//2225 2430//2224
f 2431//2225 2421//2215 2420//2214
f 2421//2215 2411//2205 2410//2204
f 2411//2205 2401//2195 2400//2194
f 2401//2195 2391//2185 2390//2184
f 2391//2185 2308//2102 2307//2101
f 2308//2102 2297//2091 2296//2090
f 2275//2069 2280//2074 2273//2067
f 2274//2068 2275//2069 2273//2067
f 2297//2091 2274//2068 2272//2066
f 2452//2246 2442//2236 2441//2235
f 2442//2236 2432//2226 2431//2225
f 2432//2226 2422//2216 2421//2215
f 2422//2216 2412//2206 2411//2205
f 2412//2206 2402//2196 2401//2195
f 2402//2196 2392//2186 2391//2185
f 2392//2186 2309//2103 2308//2102
f 2309//2103 2298//2092 2297//2091
f 2277//2071 2279//2073 2275//2069
f 2276//2070 2277//2071 2275//2069
f 2298//2092 2276//2070 2274//2068
f 2463//2257 2453//2247 2452//2246
f 2453//2247 2443//2237 2442//2236
f 2443//2237 2433//2227 2432//2226
f 2433//2227 2423//2217 2422//2216
f 2423//2217 2413//2207 2412//2206
f 2413//2207 2403//2197 2402//2196
f 2403//2197 2393//2187 2392//2186
f 2393//2187 2310//2104 2309//2103
f 2310//2104 2299//2093 2298//2092
f 2299//2093 2278//2072 2276//2070
f 2474//2268 2464//2258 2463//2257
f 2464//2258 2454//2248 2453//2247
f 2454//2248 2444//2238 2443//2237
f 2444//2238 2434//2228 2433//2227
f 2434//2228 2424//2218 2423//2217
f 2424//2218 2414//2208 2413//2207
f 2414//2208 2404//2198 2403//2197
f 2404//2198 2394//2188 2393//2187
f 2394//2188 2311//2105 2310//2104
f 2311//2105 2300//2094 2299//2093
f 2485//2279 2475//2269 2474//2268
f 2475//2269 2465//2259 2464//2258
f 2465//2259 2455//2249 2454//2248
f 2455//2249 2445//2239 2444//2238
f 2445//2239 2435//2229 2434//2228
f 2435//2229 2425//2219 2424//2218
f 2425//2219 2415//2209 2414//2208
f 2415//2209 2405//2199 2404//2198
f 2405//2199 2395//2189 2394//2188
f 2495//2289 2486//2280 2485//2279
f 2486//2280 2476//2270 2475//2269
f 2476//2270 2466//2260 2465//2259
f 2466//2260 2456//2250 2455//2249
f 2456//2250 2446//2240 2445//2239
f 2446//2240 2436//2230 2435//2229
f 2436//2230 2426//2220 2425//2219
f 2426//2220 2416//2210 2415//2209
f 2416//2210 2406//2200 2405//2199
f 2537//2330 2496//2290 2506//2300
f 2496//2290 2487//2281 2486//2280
f 2487//2281 2477//2271 2476//2270
f 2488//2282 2487//2281 2497//2291
f 2477//2271 2467//2261 2466//2260
f 2478//2272 2477//2271 2488//2282
f 2467//2261 2457//2251 2456//2250
f 2468//2262 2467//2261 2478//2272
f 2457//2251 2447//2241 2446//2240
f 2458//2252 2457//2251 2468//2262
f 2447//2241 2437//2231 2436//2230
f 2448//2242 2447//2241 2458//2252
f 2437//2231 2427//2221 2426//2220
f 2438//2232 2437//2231 2448//2242
f 2427//2221 2417//2211 2416//2210
f 2428//2222 2427//2221 2438//2232
f 2536//2329 2497//2291 2537//2330
f 2489//2283 2488//2282 2498//2292
f 2479//2273 2478//2272 2489//2283
f 2469//2263 2468//2262 2479//2273
f 2459//2253 2458//2252 2469//2263
f 2449//2243 2448//2242 2459//2253
f 2439//2233 2438//2232 2449//2243
f 2513//2307 2536//2329 2511//2305
f 2512//2306 2513//2307 2511//2305
f 2539//2332 2512//2306 2510//2304
f 2535//2328 2498//2292 2536//2329
f 2490//2284 2489//2283 2499//2293
f 2480//2274 2479//2273 2490//2284
f 2470//2264 2469//2263 2480//2274
f 2460//2254 2459//2253 2470//2264
f 2450//2244 2449//2243 2460//2254
f 2550//2343 2540//2333 2539//2332
f 2515//2309 2535//2328 2513//2307
f 2514//2308 2515//2309 2513//2307
f 2540//2333 2514//2308 2512//2306
f 2491//2285 2490//2284 2500//2294
f 2481//2275 2480//2274 2491//2285
f 2471//2265 2470//2264 2481//2275
f 2461//2255 2460//2254 2471//2265
f 2561//2354 2551//2344 2550//2343
f 2551//2344 2541//2334 2540//2333
f 2517//2311 2534//2327 2515//2309
f 2516//2310 2517//2311 2515//2309
f 2541//2334 2516//2310 2514//2308
f 2492//2286 2491//2285 2501//2295
f 2482//2276 2481//2275 2492//2286
f 2472//2266 2471//2265 2482//2276
f 2502//2296 2501//2295 2532//2325
f 2531//2324 2502//2296 2532//2325
f 2588//2381 2581//2374 2580//2373
f 2581//2374 2573//2366 2572//2365
f 2573//2366 2564//2357 2563//2356
f 2564//2357 2554//2347 2553//2346
f 2554//2347 2544//2337 2543//2336
f 2523//2316 2531//2324 2521//2314
f 2522//2315 2523//2316 2521//2314
f 2544//2337 2522//2315 2520//2313
f 2595//2388 2589//2382 2588//2381
f 2589//2382 2582//2375 2581//2374
f 2582//2375 2574//2367 2573//2366
f 2574//2367 2565//2358 2564//2357
f 2565//2358 2555//2348 2554//2347
f 2555//2348 2545//2338 2544//2337
f 2525//2318 2530//2323 2523//2316
f 2524//2317 2525//2318 2523//2316
f 2545//2338 2524//2317 2522//2315
f 2601//2394 2596//2389 2595//2388
f 2596//2389 2590//2383 2589//2382
f 2590//2383 2583//2376 2582//2375
f 2583//2376 2575//2368 2574//2367
f 2575//2368 2566//2359 2565//2358
f 2566//2359 2556//2349 2555//2348
f 2556//2349 2546//2339 2545//2338
f 2527//2320 2529//2322 2525//2318
f 2526//2319 2527//2320 2525//2318
f 2546//2339 2526//2319 2524//2317
f 2606//2399 2602//2395 2601//2394
f 2602//2395 2597//2390 2596//2389
f 2597//2390 2591//2384 2590//2383
f 2591//2384 2584//2377 2583//2376
f 2584//2377 2576//2369 2575//2368
f 2576//2369 2567//2360 2566//2359
f 2567//2360 2557//2350 2556//2349
f 2557//2350 2547//2340 2546//2339
f 2547//2340 2528//2321 2526//2319
f 2610//2403 2607//2400 2606//2399
f 2607//2400 2603//2396 2602//2395
f 2603//2396 2598//2391 2597//2390
f 2598//2391 2592//2385 2591//2384
f 2592//2385 2585//2378 2584//2377
f 2585//2378 2577//2370 2576//2369
f 2577//2370 2568//2361 2567//2360
f 2568//2361 2558//2351 2557//2350
f 2558//2351 2548//2341 2547//2340
f 2613//2406 2611//2404 2610//2403
f 2611//2404 2608//2401 2607//2400
f 2608//2401 2604//2397 2603//2396
f 2604//2397 2599//2392 2598//2391
f 2599//2392 2593//2386 2592//2385
f 2593//2386 2586//2379 2585//2378
f 2586//2379 2578//2371 2577//2370
f 2578//2371 2569//2362 2568//2361
f 2569//2362 2559//2352 2558//2351
f 2383//2177 2765//2557 2384//2178
f 2764//2556 2773//2565 2765//2557
f 2772//2564 2780//2572 2773//2565
f 2779//2571 2786//2578 2780//2572
f 2785//2577 2791//2583 2786//2578
f 2790//2582 2795//2587 2791//2583
f 2794//2586 2798//2590 2795//2587
f 2797//2589 2800//2592 2798//2590
f 2799//2591 2801//2593 2800//2592
f 2357//2151 2383//2177 2355//2149
f 2356//2150 2357//2151 2355//2149
f 2615//2408 2356//2150 2354//2148
f 2382//2176 2764//2556 2383//2177
f 2763//2555 2772//2564 2764//2556
f 2771//2563 2779//2571 2772//2564
f 2778//2570 2785//2577 2779//2571
f 2784//2576 2790//2582 2785//2577
f 2789//2581 2794//2586 2790//2582
f 2793//2585 2797//2589 2794//2586
f 2796//2588 2799//2591 2797//2589
f 2627//2420 2616//2409 2615//2408
f 2359//2153 2382//2176 2357//2151
f 2358//2152 2359//2153 2357//2151
f 2616//2409 2358//2152 2356//2150
f 2381//2175 2763//2555 2382//2176
f 2762//2554 2771//2563 2763//2555
f 2770//2562 2778//2570 2771//2563
f 2777//2569 2784//2576 2778//2570
f 2783//2575 2789//2581 2784//2576
f 2788//2580 2793//2585 2789//2581
f 2792//2584 2796//2588 2793//2585
f 2649//2442 2628//2421 2627//2420
f 2628//2421 2617//2410 2616//2409
f 2361//2155 2381//2175 2359//2153
f 2360//2154 2361//2155 2359//2153
f 2617//2410 2360//2154 2358//2152
f 2380//2174 2762//2554 2381//2175
f 2761//2553 2770//2562 2762//2554
f 2769//2561 2777//2569 2770//2562
f 2776//2568 2783//2575 2777//2569
f 2782//2574 2788//2580 2783//2575
f 2787//2579 2792//2584 2788//2580
f 2660//2453 2650//2443 2649//2442
f 2650//2443 2629//2422 2628//2421
f 2629//2422 2618//2411 2617//2410
f 2363//2157 2380//2174 2361//2155
f 2362//2156 2363//2157 2361//2155
f 2618//2411 2362//2156 2360//2154
f 2379//2173 2761//2553 2380//2174
f 2760//2552 2769//2561 2761//2553
f 2768//2560 2776//2568 2769//2561
f 2775//2567 2782//2574 2776//2568
f 2781//2573 2787//2579 2782//2574
f 2671//2464 2661//2454 2660//2453
f 2661//2454 2651//2444 2650//2443
f 2651//2444 2630//2423 2629//2422
f 2630//2423 2619//2412 2618//2411
f 2365//2159 2379//2173 2363//2157
f 2364//2158 2365//2159 2363//2157
f 2619//2412 2364//2158 2362//2156
f 2378//2172 2760//2552 2379//2173
f 2759//2551 2768//2560 2760//2552
f 2767//2559 2775//2567 2768//2560
f 2774//2566 2781//2573 2775//2567
f 2682//2475 2672//2465 2671//2464
f 2672//2465 2662//2455 2661//2454
f 2662//2455 2652//2445 2651//2444
f 2652//2445 2631//2424 2630//2423
f 2631//2424 2620//2413 2619//2412
f 2367//2161 2378//2172 2365//2159
f 2366//2160 2367//2161 2365//2159
f 2620//2413 2366//2160 2364//2158
f 2377//2171 2759//2551 2378//2172
f 2758//2550 2767//2559 2759//2551
f 2766//2558 2774//2566 2767//2559
f 2693//2486 2683//2476 2682//2475
f 2683//2476 2673//2466 2672//2465
f 2673//2466 2663//2456 2662//2455
f 2663//2456 2653//2446 2652//2445
f 2653//2446 2632//2425 2631//2424
f 2632//2425 2621//2414 2620//2413
f 2369//2163 2377//2171 2367//2161
f 2368//2162 2369//2163 2367//2161
f 2621//2414 2368//2162 2366//2160
f 2376//2170 2758//2550 2377//2171
f 2757//2549 2766//2558 2758//2550
f 2704//2496 2694//2487 2693//2486
f 2694//2487 2684//2477 2683//2476
f 2684//2477 2674//2467 2673//2466
f 2674//2467 2664//2457 2663//2456
f 2664//2457 2654//2447 2653//2446
f 2654//2447 2633//2426 2632//2425
f 2633//2426 2622//2415 2621//2414
f 2371//2165 2376//2170 2369//2163
f 2370//2164 2371//2165 2369//2163
f 2622//2415 2370//2164 2368//2162
f 2375//2169 2757//2549 2376//2170
f 2715//2507 2705//2497 2704//2496
f 2705//2497 2695//2488 2694//2487
f 2695//2488 2685//2478 2684//2477
f 2685//2478 2675//2468 2674//2467
f 2675//2468 2665//2458 2664//2457
f 2665//2458 2655//2448 2654//2447
f 2655//2448 2634//2427 2633//2426
f 2634//2427 2623//2416 2622//2415
f 2373//2167 2375//2169 2371//2165
f 2372//2166 2373//2167 2371//2165
f 2623//2416 2372//2166 2370//2164
f 2726//2518 2716//2508 2715//2507
f 2716//2508 2706//2498 2705//2497
f 2706//2498 2696//2489 2695//2488
f 2696//2489 2686//2479 2685//2478
f 2686//2479 2676//2469 2675//2468
f 2676//2469 2666//2459 2665//2458
f 2666//2459 2656//2449 2655//2448
f 2656//2449 2635//2428 2634//2427
f 2635//2428 2624//2417 2623//2416
f 2624//2417 2374//2168 2372//2166
f 2737//2529 2727//2519 2726//2518
f 2727//2519 2717//2509 2716//2508
f 2717//2509 2707//2499 2706//2498
f 2707//2499 2697//2490 2696//2489
f 2697//2490 2687//2480 2686//2479
f 2687//2480 2677//2470 2676//2469
f 2677//2470 2667//2460 2666//2459
f 2667//2460 2657//2450 2656//2449
f 2657//2450 2636//2429 2635//2428
f 2636//2429 2625//2418 2624//2417
f 2802//2594 2803//2595 2255//2049
f 2736//2528 2802//2594 2255//2049
f 2736//2528 2804//2596 2802//2594
f 2736//2528 2725//2517 2804//2596
f 2804//2596 2725//2517 2805//2597
f 2805//2597 2725//2517 2714//2506
f 2806//2598 2714//2506 2703//2495
f 2807//2599 2703//2495 2692//2485
f 2808//2600 2692//2485 2681//2474
f 2809//2601 2681//2474 2670//2463
f 2810//2602 2670//2463 2659//2452
f 2811//2603 2659//2452 2648//2441
f 2812//2604 2648//2441 2626//2419
f 2813//2605 2626//2419 2614//2407
f 2814//2606 2614//2407 2353//2147
f 2815//2607 2353//2147 2351//2145
f 2816//2608 2351//2145 2350//2144
f 2817//2609 2350//2144 2818//2610
f 2817//2609 2816//2608 2350//2144
f 2819//2611 2253//2047 2820//2612
f 2819//2611 2257//2051 2253//2047
f 2819//2611 2821//2613 2257//2051
f 2257//2051 2821//2613 2289//2083
f 2289//2083 2821//2613 2822//2614
f 2301//2095 2822//2614 2823//2615
f 2385//2179 2823//2615 2824//2616
f 2396//2190 2824//2616 2825//2617
f 2407//2201 2825//2617 2826//2618
f 2418//2212 2826//2618 2827//2619
f 2429//2223 2827//2619 2828//2620
f 2440//2234 2828//2620 2829//2621
f 2451//2245 2829//2621 2830//2622
f 2462//2256 2830//2622 2831//2623
f 2473//2267 2831//2623 2832//2624
f 2484//2278 2832//2624 2833//2625
f 2834//2626 2484//2278 2833//2625
f 2834//2626 2507//2301 2484//2278
f 2834//2626 2835//2627 2507//2301
f 2507//2301 2835//2627 2505//2299
f 2505//2299 2835//2627 2836//2628
f 2509//2303 2836//2628 2837//2629
f 2538//2331 2837//2629 2838//2630
f 2549//2342 2838//2630 2839//2631
f 2560//2353 2839//2631 2840//2632
f 2570//2363 2840//2632 2841//2633
f 2579//2372 2841//2633 2842//2634
f 2587//2380 2842//2634 2843//2635
f 2594//2387 2843//2635 2844//2636
f 2600//2393 2844//2636 2845//2637
f 2605//2398 2845//2637 2846//2638
f 2609//2402 2846//2638 2847//2639
f 2612//2405 2847//2639 2818//2610
f 2350//2144 2612//2405 2818//2610
f 2289//2083 2822//2614 2301//2095
f 2301//2095 2823//2615 2385//2179
f 2385//2179 2824//2616 2396//2190
f 2396//2190 2825//2617 2407//2201
f 2407//2201 2826//2618 2418//2212
f 2418//2212 2827//2619 2429//2223
f 2429//2223 2828//2620 2440//2234
f 2440//2234 2829//2621 2451//2245
f 2451//2245 2830//2622 2462//2256
f 2462//2256 2831//2623 2473//2267
f 2473//2267 2832//2624 2484//2278
f 2505//2299 2836//2628 2509//2303
f 2509//2303 2837//2629 2538//2331
f 2538//2331 2838//2630 2549//2342
f 2549//2342 2839//2631 2560//2353
f 2560//2353 2840//2632 2570//2363
f 2570//2363 2841//2633 2579//2372
f 2579//2372 2842//2634 2587//2380
f 2587//2380 2843//2635 2594//2387
f 2594//2387 2844//2636 2600//2393
f 2600//2393 2845//2637 2605//2398
f 2605//2398 2846//2638 2609//2402
f 2609//2402 2847//2639 2612//2405
f 2816//2608 2815//2607 2351//2145
f 2815//2607 2814//2606 2353//2147
f 2814//2606 2813//2605 2614//2407
f 2813//2605 2812//2604 2626//2419
f 2812//2604 2811//2603 2648//2441
f 2811//2603 2810//2602 2659//2452
f 2810//2602 2809//2601 2670//2463
f 2809//2601 2808//2600 2681//2474
f 2808//2600 2807//2599 2692//2485
f 2807//2599 2806//2598 2703//2495
f 2806//2598 2805//2597 2714//2506
f 2253//2047 2255//2049 2820//2612
f 2820//2612 2255//2049 2803//2595
f 2848//2640 2849//2641 2850//2642
f 2850//2642 2849//2641 2851//2643
f 2852//2644 2851//2643 2853//2645
f 2854//2646 2853//2645 2855//2647
f 2856//2648 2855//2647 2857//2649
f 2858//2650 2857//2649 2859//2651
f 2860//2652 2859//2651 2861//2653
f 2860//2652 2858//2650 2859//2651
f 2850//2642 2851//2643 2852//2644
f 2852//2644 2853//2645 2854//2646
f 2854//2646 2855//2647 2856//2648
f 2856//2648 2857//2649 2858//2650
f 2861//2653 2862//2654 2860//2652
f 2860//2652 2862//2654 2863//2655
f 2864//2656 2865//2657 2866//2658
f 2866//2658 2865//2657 2867//2659
f 2868//2660 2867//2659 2869//2661
f 2870//2662 2869//2661 2871//2663
f 2872//2664 2871//2663 2873//2665
f 2874//2666 2873//2665 2875//2667
f 2876//2668 2875//2667 2877//2669
f 2876//2668 2874//2666 2875//2667
f 2866//2658 2867//2659 2868//2660
f 2868//2660 2869//2661 2870//2662
f 2870//2662 2871//2663 2872//2664
f 2872//2664 2873//2665 2874//2666
f 2877//2669 2878//2670 2876//2668
f 2876//2668 2878//2670 2879//2671
f 2880//2672 2881//2673 2882//2674
f 2880//2672 2883//1009 2881//2673
f 2880//2672 2884//2675 2883//1009
f 2883//1009 2884//2675 2885//1002
f 2886//1002 2885//1002 2887//995
f 2888//995 2887//995 2889//988
f 2890//2676 2889//988 1085//902
f 2891//2676 1085//902 2892//2677
f 2893//995 2892//2677 2894//2678
f 2895//1002 2894//2678 2896//2679
f 2897//1009 2896//2679 2898//2680
f 2899//2673 2898//2680 2900//2681
f 2901//2682 2899//2673 2900//2681
f 2901//2682 2902//2673 2899//2673
f 2901//2682 2903//1016 2902//2673
f 2901//2682 2882//2674 2903//1016
f 2903//1016 2882//2674 2904//2673
f 2905//1009 2904//2673 2906//1009
f 2907//1002 2906//1009 2886//1002
f 2888//995 2886//1002 2887//995
f 2888//995 2907//1002 2886//1002
f 2888//995 2908//995 2907//1002
f 2888//995 2890//2676 2908//995
f 2888//995 2889//988 2890//2676
f 2884//2675 2909//2683 2885//1002
f 2885//1002 2909//2683 2910//995
f 2887//995 2910//995 2911//2676
f 2889//988 2911//2676 1083//900
f 1085//902 2889//988 1083//900
f 2909//2683 2912//2684 2910//995
f 2910//995 2912//2684 2913//2676
f 2911//2676 2913//2676 1083//900
f 2911//2676 2910//995 2913//2676
f 2912//2684 2914//2685 2913//2676
f 2913//2676 2914//2685 1083//900
f 2890//2676 1085//902 2891//2676
f 2908//995 2891//2676 2893//995
f 2915//1002 2893//995 2895//1002
f 2916//1009 2895//1002 2897//1009
f 2902//2673 2897//1009 2899//2673
f 2902//2673 2916//1009 2897//1009
f 2902//2673 2903//1016 2916//1009
f 2916//1009 2903//1016 2905//1009
f 2915//1002 2905//1009 2907//1002
f 2908//995 2915//1002 2907//1002
f 2908//995 2893//995 2915//1002
f 2891//2676 2892//2677 2893//995
f 2893//995 2894//2678 2895//1002
f 2895//1002 2896//2679 2897//1009
f 2897//1009 2898//2680 2899//2673
f 2904//2673 2882//2674 2881//2673
f 2906//1009 2881//2673 2883//1009
f 2886//1002 2883//1009 2885//1002
f 2886//1002 2906//1009 2883//1009
f 2906//1009 2904//2673 2881//2673
f 2905//1009 2903//1016 2904//2673
f 2907//1002 2905//1009 2906//1009
f 2895//1002 2916//1009 2915//1002
f 2915//1002 2916//1009 2905//1009
f 2887//995 2885//1002 2910//995
f 2889//988 2887//995 2911//2676
f 2891//2676 2908//995 2890//2676
f 2917//2686 2918//2687 2919//2688
f 2919//2688 2918//2687 2920//2689
f 2921//2690 2920//2689 2922//2691
f 2923//2692 2921//2690 2922//2691
f 2918//2687 2924//2693 2920//2689
f 2920//2689 2924//2693 2925//2694
f 2926//2695 2925//2694 2927//2696
f 2928//2697 2926//2695 2927//2696
f 2928//2697 2929//2698 2926//2695
f 2928//2697 2930//2699 2929//2698
f 2929//2698 2930//2699 2931//2700
f 2932//2701 2931//2700 2933//2702
f 2934//2703 2933//2702 2935//2704
f 2936//2705 2934//2703 2935//2704
f 2936//2705 2937//2706 2934//2703
f 2936//2705 2938//2707 2937//2706
f 2937//2706 2938//2707 2939//2708
f 2940//2709 2939//2708 2941//2710
f 2942//2711 2940//2709 2941//2710
f 2942//2711 2943//2712 2940//2709
f 2942//2711 2944//2713 2943//2712
f 2942//2711 2945//2714 2944//2713
f 2944//2713 2945//2714 2946//2715
f 2947//2716 2946//2715 2948//2717
f 2898//2680 2948//2717 2900//2681
f 2898//2680 2947//2716 2948//2717
f 2898//2680 2896//2679 2947//2716
f 2947//2716 2896//2679 2949//2718
f 2943//2712 2949//2718 2950//2719
f 2951//2720 2950//2719 2952//2721
f 2953//2722 2952//2721 2954//2723
f 2955//2724 2954//2723 2956//2725
f 2957//2726 2956//2725 2958//2727
f 2959//2728 2958//2727 2960//2729
f 2961//2730 2960//2729 2962//2731
f 2963//2732 2962//2731 2964//2733
f 2963//2732 2961//2730 2962//2731
f 2963//2732 2965//2734 2961//2730
f 2961//2730 2965//2734 2966//2735
f 2959//2728 2966//2735 2967//2736
f 2957//2726 2967//2736 2932//2701
f 2955//2724 2932//2701 2934//2703
f 2953//2722 2934//2703 2937//2706
f 2951//2720 2937//2706 2940//2709
f 2943//2712 2951//2720 2940//2709
f 2943//2712 2950//2719 2951//2720
f 2924//2693 2927//2696 2925//2694
f 2929//2698 2931//2700 2932//2701
f 2926//2695 2932//2701 2967//2736
f 2968//2737 2967//2736 2966//2735
f 2969//2738 2966//2735 2965//2734
f 2969//2738 2968//2737 2966//2735
f 2969//2738 2922//2691 2968//2737
f 2968//2737 2922//2691 2920//2689
f 2926//2695 2920//2689 2925//2694
f 2926//2695 2968//2737 2920//2689
f 2926//2695 2967//2736 2968//2737
f 2932//2701 2933//2702 2934//2703
f 2937//2706 2939//2708 2940//2709
f 2946//2715 2970//2739 2948//2717
f 2948//2717 2970//2739 2971//2740
f 2972//2741 2948//2717 2971//2740
f 2972//2741 2973//2742 2948//2717
f 2948//2717 2973//2742 2900//2681
f 2900//2681 2973//2742 2901//2682
f 2896//2679 2894//2678 2949//2718
f 2949//2718 2894//2678 2974//2743
f 2950//2719 2974//2743 2975//2744
f 2952//2721 2975//2744 2976//2745
f 2977//2746 2952//2721 2976//2745
f 2977//2746 2954//2723 2952//2721
f 2977//2746 2978//2747 2954//2723
f 2954//2723 2978//2747 2956//2725
f 2956//2725 2978//2747 2979//2748
f 2958//2727 2979//2748 2980//2749
f 2960//2729 2980//2749 2981//2750
f 2962//2731 2981//2750 1073//890
f 2964//2733 2962//2731 1073//890
f 2894//2678 2892//2677 2974//2743
f 2974//2743 2892//2677 2982//2751
f 2975//2744 2982//2751 2983//2752
f 2976//2745 2975//2744 2983//2752
f 1085//902 2984//2753 2892//2677
f 2892//2677 2984//2753 2982//2751
f 2982//2751 2984//2753 2983//2752
f 2956//2725 2979//2748 2958//2727
f 2958//2727 2980//2749 2960//2729
f 2960//2729 2981//2750 2962//2731
f 2921//2690 2919//2688 2920//2689
f 2959//2728 2960//2729 2961//2730
f 2966//2735 2959//2728 2961//2730
f 2929//2698 2932//2701 2926//2695
f 2958//2727 2959//2728 2957//2726
f 2957//2726 2959//2728 2967//2736
f 2956//2725 2957//2726 2955//2724
f 2955//2724 2957//2726 2932//2701
f 2954//2723 2955//2724 2953//2722
f 2953//2722 2955//2724 2934//2703
f 2952//2721 2953//2722 2951//2720
f 2951//2720 2953//2722 2937//2706
f 2975//2744 2952//2721 2950//2719
f 2946//2715 2947//2716 2944//2713
f 2944//2713 2947//2716 2943//2712
f 2943//2712 2947//2716 2949//2718
f 2974//2743 2950//2719 2949//2718
f 2982//2751 2975//2744 2974//2743
f 1073//890 1072//889 2964//2733
f 2964//2733 1072//889 2985//2754
f 2963//2732 2985//2754 2986//2755
f 2965//2734 2986//2755 2987//2756
f 2969//2738 2987//2756 2988//2757
f 2922//2691 2988//2757 2989//2758
f 2923//2692 2989//2758 2990//2759
f 2923//2692 2922//2691 2989//2758
f 2964//2733 2985//2754 2963//2732
f 2963//2732 2986//2755 2965//2734
f 2965//2734 2987//2756 2969//2738
f 2969//2738 2988//2757 2922//2691
f 2991//2760 2992//2761 2880//2672
f 2993//2762 2880//2672 2994//2763
f 2993//2762 2991//2760 2880//2672
f 2992//2761 2995//2764 2880//2672
f 2880//2672 2995//2764 2996//2765
f 2884//2675 2996//2765 2997//2766
f 2909//2683 2997//2766 2998//2767
f 2912//2684 2998//2767 2999//2768
f 2914//2685 2999//2768 3000//2769
f 1083//900 3000//2769 1043//860
f 1083//900 2914//2685 3000//2769
f 2880//2672 2996//2765 2884//2675
f 2884//2675 2997//2766 2909//2683
f 2909//2683 2998//2767 2912//2684
f 2912//2684 2999//2768 2914//2685
f 2880//2672 2882//2674 2994//2763
f 3001//2770 3002//2771 3003//2772
f 3004//2773 3003//2772 3005//2774
f 3004//2773 3001//2770 3003//2772
f 3006//2775 3007//2776 3008//2777
f 3006//2775 3009//2778 3007//2776
f 3006//2775 3010//2779 3009//2778
f 3009//2778 3010//2779 3011//2780
f 3012//2781 3011//2780 3013//2782
f 3014//2783 3013//2782 3015//2784
f 3016//2785 3014//2783 3015//2784
f 3016//2785 3017//2786 3014//2783
f 3016//2785 3018//2787 3017//2786
f 3017//2786 3018//2787 3019//2788
f 3020//2789 3019//2788 3021//2779
f 3020//2789 3017//2786 3019//2788
f 3020//2789 3014//2783 3017//2786
f 3020//2789 3012//2781 3014//2783
f 3014//2783 3012//2781 3013//2782
f 3010//2779 3022//2790 3011//2780
f 3011//2780 3022//2790 3013//2782
f 3013//2782 3022//2790 3023//2791
f 3015//2784 3013//2782 3023//2791
f 3018//2787 3024//2792 3019//2788
f 3019//2788 3024//2792 3025//2778
f 3021//2779 3025//2778 3026//2793
f 3021//2779 3019//2788 3025//2778
f 3024//2792 3027//2794 3025//2778
f 3025//2778 3027//2794 3028//2776
f 3026//2793 3028//2776 3029//2795
f 3026//2793 3025//2778 3028//2776
f 3027//2794 3030//2796 3028//2776
f 3028//2776 3030//2796 3031//2772
f 3029//2795 3031//2772 3032//2797
f 3029//2795 3028//2776 3031//2772
f 3030//2796 3033//2798 3031//2772
f 3031//2772 3033//2798 3034//2799
f 3032//2797 3031//2772 3034//2799
f 3011//2780 3012//2781 3009//2778
f 3009//2778 3012//2781 3035//2800
f 3007//2776 3035//2800 3005//2774
f 3003//2772 3007//2776 3005//2774
f 3003//2772 3008//2777 3007//2776
f 3003//2772 3002//2771 3008//2777
f 3009//2778 3035//2800 3007//2776
f 3036//2801 3037//2802 3033//2798
f 3038//2803 3033//2798 3030//2796
f 3039//2804 3030//2796 3027//2794
f 3040//2805 3027//2794 3024//2792
f 3041//2806 3024//2792 3018//2787
f 3042//2807 3018//2787 3016//2785
f 1017//834 3042//2807 3016//2785
f 3037//2802 3043//2808 3033//2798
f 3033//2798 3043//2808 3044//2809
f 3045//2810 3033//2798 3044//2809
f 3045//2810 3034//2799 3033//2798
f 3036//2801 3033//2798 3038//2803
f 3038//2803 3030//2796 3039//2804
f 3039//2804 3027//2794 3040//2805
f 3040//2805 3024//2792 3041//2806
f 3041//2806 3018//2787 3042//2807
f 3046//2811 3047//2812 3048//2813
f 3046//2811 3049//2814 3047//2812
f 3046//2811 3038//2803 3049//2814
f 3046//2811 3036//2801 3038//2803
f 3038//2803 3039//2804 3049//2814
f 3049//2814 3039//2804 3050//2815
f 3047//2812 3050//2815 3051//2816
f 3052//2817 3051//2816 3053//2818
f 3054//2819 3053//2818 3055//2820
f 3056//2821 3055//2820 3057//2822
f 3056//2821 3054//2819 3055//2820
f 3039//2804 3040//2805 3050//2815
f 3050//2815 3040//2805 3058//2823
f 3051//2816 3058//2823 3059//2824
f 3053//2818 3059//2824 3060//2825
f 3055//2820 3060//2825 3061//2826
f 3062//2827 3061//2826 3063//2828
f 3064//2829 3063//2828 3065//2830
f 3066//2831 3065//2830 3067//2832
f 3068//2833 3067//2832 3069//2834
f 2998//2767 3069//2834 2999//2768
f 2998//2767 3068//2833 3069//2834
f 2998//2767 2997//2766 3068//2833
f 3068//2833 2997//2766 3070//2835
f 3066//2831 3070//2835 3071//2836
f 3064//2829 3071//2836 3072//2837
f 3073//2838 3072//2837 3074//2839
f 3073//2838 3064//2829 3072//2837
f 3073//2838 3075//2840 3064//2829
f 3064//2829 3075//2840 3062//2827
f 3063//2828 3064//2829 3062//2827
f 3040//2805 3041//2806 3058//2823
f 3058//2823 3041//2806 3076//2841
f 3059//2824 3076//2841 3077//2842
f 3060//2825 3077//2842 3078//2843
f 3061//2826 3078//2843 3079//2844
f 3063//2828 3079//2844 3080//2845
f 3065//2830 3080//2845 3081//2846
f 3067//2832 3081//2846 3082//2847
f 3069//2834 3082//2847 3083//2848
f 2999//2768 3083//2848 3000//2769
f 2999//2768 3069//2834 3083//2848
f 3041//2806 3042//2807 3076//2841
f 3076//2841 3042//2807 1017//834
f 1020//837 3076//2841 1017//834
f 1020//837 3077//2842 3076//2841
f 1020//837 1022//839 3077//2842
f 3077//2842 1022//839 3078//2843
f 3078//2843 1022//839 1024//841
f 3079//2844 1024//841 1026//843
f 3080//2845 1026//843 1028//845
f 3081//2846 1028//845 1029//846
f 3082//2847 1029//846 1039//856
f 3083//2848 1039//856 1040//857
f 3000//2769 1040//857 1043//860
f 3000//2769 3083//2848 1040//857
f 3078//2843 1024//841 3079//2844
f 3079//2844 1026//843 3080//2845
f 3080//2845 1028//845 3081//2846
f 3081//2846 1029//846 3082//2847
f 3082//2847 1039//856 3083//2848
f 2997//2766 2996//2765 3070//2835
f 3070//2835 2996//2765 3084//2849
f 3071//2836 3084//2849 3085//2850
f 3074//2839 3071//2836 3085//2850
f 3074//2839 3072//2837 3071//2836
f 2996//2765 2995//2764 3084//2849
f 3070//2835 3084//2849 3071//2836
f 3075//2840 3057//2822 3062//2827
f 3062//2827 3057//2822 3055//2820
f 3061//2826 3062//2827 3055//2820
f 3053//2818 3054//2819 3052//2817
f 3052//2817 3054//2819 3086//2851
f 3048//2813 3052//2817 3086//2851
f 3048//2813 3047//2812 3052//2817
f 3052//2817 3047//2812 3051//2816
f 3051//2816 3059//2824 3053//2818
f 3049//2814 3050//2815 3047//2812
f 3059//2824 3077//2842 3060//2825
f 3050//2815 3058//2823 3051//2816
f 3058//2823 3076//2841 3059//2824
f 3061//2826 3060//2825 3078//2843
f 3055//2820 3053//2818 3060//2825
f 3063//2828 3061//2826 3079//2844
f 3065//2830 3063//2828 3080//2845
f 3067//2832 3065//2830 3081//2846
f 3071//2836 3064//2829 3066//2831
f 3066//2831 3064//2829 3065//2830
f 3069//2834 3067//2832 3082//2847
f 3070//2835 3066//2831 3068//2833
f 3068//2833 3066//2831 3067//2832
f 2989//2758 2851//2643 2990//2759
f 2989//2758 2853//2645 2851//2643
f 2989//2758 2988//2757 2853//2645
f 2853//2645 2988//2757 2855//2647
f 2855//2647 2988//2757 2857//2649
f 2857//2649 2988//2757 2987//2756
f 2859//2651 2987//2756 2986//2755
f 2861//2653 2986//2755 2985//2754
f 1072//889 2861//2653 2985//2754
f 1072//889 1069//886 2861//2653
f 2861//2653 1069//886 2862//2654
f 2857//2649 2987//2756 2859//2651
f 2859//2651 2986//2755 2861//2653
f 2851//2643 2849//2641 2990//2759
f 2990//2759 2849//2641 3087//2852
f 3088//2853 2990//2759 3087//2852
f 1085//902 1084//901 3089//2854
f 2984//2753 3089//2854 3090//2855
f 2983//2752 3090//2855 3091//2856
f 2976//2745 3091//2856 3092//2857
f 2977//2746 3092//2857 3093//2858
f 2978//2747 3093//2858 2979//2748
f 2978//2747 2977//2746 3093//2858
f 3094//2859 3090//2855 3095//2860
f 3094//2859 3091//2856 3090//2855
f 3094//2859 3096//2861 3091//2856
f 3091//2856 3096//2861 3092//2857
f 3092//2857 3096//2861 3097//2862
f 3093//2858 3097//2862 3098//2863
f 3099//2864 3093//2858 3098//2863
f 3099//2864 3100//2865 3093//2858
f 3099//2864 3101//2866 3100//2865
f 3100//2865 3101//2866 3102//2867
f 2980//2749 3102//2867 2981//2750
f 2980//2749 3100//2865 3102//2867
f 2980//2749 2979//2748 3100//2865
f 3100//2865 2979//2748 3093//2858
f 3092//2857 3097//2862 3093//2858
f 3101//2866 3103//2868 3102//2867
f 3102//2867 3103//2868 3104//2869
f 2981//2750 3104//2869 1073//890
f 2981//2750 3102//2867 3104//2869
f 3103//2868 1074//891 3104//2869
f 3104//2869 1074//891 1073//890
f 2977//2746 2976//2745 3092//2857
f 2976//2745 2983//2752 3091//2856
f 2983//2752 2984//2753 3090//2855
f 2984//2753 1085//902 3089//2854
f 3095//2860 3090//2855 3089//2854
f 1084//901 3095//2860 3089//2854
f 408//376 417//385 407//375
f 407//375 417//385 994//811
f 3105//2870 2917//2686 3088//2853
f 3106//2871 3088//2853 3107//2872
f 3108//2873 3107//2872 3109//2874
f 3108//2873 3106//2871 3107//2872
f 3108//2873 3110//2875 3106//2871
f 2921//2690 2923//2692 2919//2688
f 2919//2688 2923//2692 2990//2759
f 3088//2853 2919//2688 2990//2759
f 3088//2853 2917//2686 2919//2688
f 3105//2870 3088//2853 3106//2871
f 3107//2872 3111//2876 3109//2874
f 3034//2799 3112//2877 3032//2797
f 3032//2797 3112//2877 3113//2878
f 3114//2879 3113//2878 3115//2880
f 3114//2879 3032//2797 3113//2878
f 398//366 399//367 1003//820
f 1003//820 399//367 1002//819
f 1002//819 399//367 400//368
f 1001//818 400//368 401//369
f 1000//817 401//369 402//370
f 999//816 402//370 998//815
f 999//816 1000//817 402//370
f 1002//819 400//368 1001//818
f 1001//818 401//369 1000//817
f 402//370 403//371 998//815
f 998//815 403//371 404//372
f 997//814 404//372 405//373
f 996//813 405//373 406//374
f 995//812 406//374 407//375
f 994//811 995//812 407//375
f 998//815 404//372 997//814
f 997//814 405//373 996//813
f 996//813 406//374 995//812
f 904//721 3116//2881 3117//2882
f 3117//2882 3116//2881 3118//2883
f 3119//2884 3118//2883 3120//2885
f 3119//2884 3117//2882 3118//2883
f 3118//2883 3116//2881 3121//2886
f 3121//2886 3116//2881 3122//2887
f 3123//2888 3121//2886 3122//2887
f 3123//2888 3124//2889 3121//2886
f 3121//2886 3124//2889 3125//2890
f 3126//2891 3121//2886 3125//2890
f 3126//2891 3015//2784 3121//2886
f 3126//2891 3127//2892 3015//2784
f 3015//2784 3127//2892 3128//2893
f 3016//2785 3128//2893 3129//2894
f 3130//2895 3016//2785 3129//2894
f 3130//2895 3131//2896 3016//2785
f 3016//2785 3131//2896 3132//2897
f 1017//834 3132//2897 3133//2898
f 3134//2899 1017//834 3133//2898
f 3134//2899 1018//835 1017//834
f 3134//2899 905//722 1018//835
f 3015//2784 3128//2893 3016//2785
f 3016//2785 3132//2897 1017//834
f 3121//2886 3015//2784 2876//2668
f 2879//2671 3121//2886 2876//2668
f 3015//2784 3023//2791 2876//2668
f 2876//2668 3023//2791 3022//2790
f 2874//2666 3022//2790 3010//2779
f 2872//2664 3010//2779 3006//2775
f 2870//2662 3006//2775 2868//2660
f 2870//2662 2872//2664 3006//2775
f 2876//2668 3022//2790 2874//2666
f 2874//2666 3010//2779 2872//2664
f 3006//2775 3008//2777 2868//2660
f 2868//2660 3008//2777 2866//2658
f 2866//2658 3008//2777 3002//2771
f 2864//2656 3002//2771 3135//2900
f 2864//2656 2866//2658 3002//2771
f 3002//2771 3136//2901 3135//2900
f 3137//2902 3138//2903 3139//2904
f 3137//2902 3140//1037 3138//2903
f 3137//2902 3141//2905 3140//1037
f 3140//1037 3141//2905 3142//1044
f 3143//1044 3142//1044 3144//1051
f 3145//1051 3144//1051 3146//1058
f 3147//2906 3146//1058 3148//2907
f 3149//2906 3148//2907 3150//2908
f 3151//1051 3150//2908 3152//2909
f 3153//1044 3152//2909 3154//2910
f 3155//1037 3154//2910 3156//2911
f 3157//2903 3156//2911 3158//2912
f 3159//2913 3157//2903 3158//2912
f 3159//2913 3160//2903 3157//2903
f 3159//2913 3161//1030 3160//2903
f 3159//2913 3139//2904 3161//1030
f 3161//1030 3139//2904 3162//2903
f 3163//1037 3162//2903 3164//1037
f 3165//1044 3164//1037 3143//1044
f 3145//1051 3143//1044 3144//1051
f 3145//1051 3165//1044 3143//1044
f 3145//1051 3166//1051 3165//1044
f 3145//1051 3147//2906 3166//1051
f 3145//1051 3146//1058 3147//2906
f 3141//2905 3167//2914 3142//1044
f 3142//1044 3167//2914 3168//1051
f 3144//1051 3168//1051 3169//2906
f 3146//1058 3169//2906 3170//2915
f 3148//2907 3146//1058 3170//2915
f 3167//2914 3171//2916 3168//1051
f 3168//1051 3171//2916 3172//2906
f 3169//2906 3172//2906 3170//2915
f 3169//2906 3168//1051 3172//2906
f 3171//2916 3173//2917 3172//2906
f 3172//2906 3173//2917 3170//2915
f 3147//2906 3148//2907 3149//2906
f 3166//1051 3149//2906 3151//1051
f 3174//1044 3151//1051 3153//1044
f 3175//1037 3153//1044 3155//1037
f 3160//2903 3155//1037 3157//2903
f 3160//2903 3175//1037 3155//1037
f 3160//2903 3161//1030 3175//1037
f 3175//1037 3161//1030 3163//1037
f 3174//1044 3163//1037 3165//1044
f 3166//1051 3174//1044 3165//1044
f 3166//1051 3151//1051 3174//1044
f 3149//2906 3150//2908 3151//1051
f 3151//1051 3152//2909 3153//1044
f 3153//1044 3154//2910 3155//1037
f 3155//1037 3156//2911 3157//2903
f 3162//2903 3139//2904 3138//2903
f 3164//1037 3138//2903 3140//1037
f 3143//1044 3140//1037 3142//1044
f 3143//1044 3164//1037 3140//1037
f 3164//1037 3162//2903 3138//2903
f 3163//1037 3161//1030 3162//2903
f 3165//1044 3163//1037 3164//1037
f 3153//1044 3175//1037 3174//1044
f 3174//1044 3175//1037 3163//1037
f 3144//1051 3142//1044 3168//1051
f 3146//1058 3144//1051 3169//2906
f 3149//2906 3166//1051 3147//2906
f 3176//2918 3177//2919 3178//2920
f 3178//2920 3177//2919 3179//2921
f 3180//2922 3179//2921 3181//2923
f 3182//2924 3181//2923 3183//2925
f 3184//2926 3183//2925 3185//2927
f 3186//2928 3185//2927 3187//2929
f 3188//2930 3187//2929 3189//2931
f 3119//2884 3188//2930 3189//2931
f 3119//2884 3190//2932 3188//2930
f 3188//2930 3190//2932 3191//2933
f 3186//2928 3191//2933 3192//2934
f 3184//2926 3192//2934 3193//2935
f 3182//2924 3193//2935 3194//2936
f 3180//2922 3194//2936 3195//2937
f 3196//2938 3180//2922 3195//2937
f 3196//2938 3178//2920 3180//2922
f 3180//2922 3178//2920 3179//2921
f 3177//2919 3197//2939 3179//2921
f 3179//2921 3197//2939 3198//2940
f 3181//2923 3198//2940 3199//2941
f 3200//2942 3199//2941 3201//2943
f 3202//2944 3200//2942 3201//2943
f 3202//2944 3203//2945 3200//2942
f 3202//2944 3204//2946 3203//2945
f 3203//2945 3204//2946 3205//2947
f 3206//2948 3205//2947 3207//2949
f 3208//2950 3206//2948 3207//2949
f 3208//2950 3209//2951 3206//2948
f 3208//2950 3210//2952 3209//2951
f 3209//2951 3210//2952 3211//2953
f 3212//2954 3211//2953 3213//2955
f 3214//2956 3213//2955 3215//2957
f 3216//2958 3215//2957 3217//2959
f 3154//2910 3217//2959 3156//2911
f 3154//2910 3216//2958 3217//2959
f 3154//2910 3152//2909 3216//2958
f 3216//2958 3152//2909 3218//2960
f 3214//2956 3218//2960 3219//2961
f 3212//2954 3219//2961 3220//2962
f 3209//2951 3220//2962 3221//2963
f 3206//2948 3221//2963 3222//2964
f 3203//2945 3222//2964 3223//2965
f 3200//2942 3223//2965 3224//2966
f 3183//2925 3224//2966 3185//2927
f 3183//2925 3200//2942 3224//2966
f 3183//2925 3181//2923 3200//2942
f 3200//2942 3181//2923 3199//2941
f 3198//2940 3225//2967 3199//2941
f 3199//2941 3225//2967 3201//2943
f 3203//2945 3205//2947 3206//2948
f 3222//2964 3203//2945 3206//2948
f 3211//2953 3226//2968 3213//2955
f 3213//2955 3226//2968 3227//2969
f 3215//2957 3227//2969 3228//2970
f 3229//2971 3228//2970 3230//2972
f 3231//2973 3229//2971 3230//2972
f 3231//2973 3232//2974 3229//2971
f 3229//2971 3232//2974 3233//2975
f 3217//2959 3233//2975 3156//2911
f 3217//2959 3229//2971 3233//2975
f 3217//2959 3215//2957 3229//2971
f 3229//2971 3215//2957 3228//2970
f 3213//2955 3227//2969 3215//2957
f 3232//2974 3234//2976 3233//2975
f 3233//2975 3234//2976 3158//2912
f 3156//2911 3233//2975 3158//2912
f 3234//2976 3159//2913 3158//2912
f 3152//2909 3150//2908 3218//2960
f 3218//2960 3150//2908 3235//2977
f 3219//2961 3235//2977 3236//2978
f 3220//2962 3236//2978 3237//2979
f 3221//2963 3237//2979 3238//2980
f 3222//2964 3238//2980 3239//2981
f 3223//2965 3239//2981 3240//2982
f 3224//2966 3240//2982 3241//2983
f 3185//2927 3241//2983 3187//2929
f 3185//2927 3224//2966 3241//2983
f 3150//2908 3148//2907 3235//2977
f 3235//2977 3148//2907 3242//2984
f 3236//2978 3242//2984 3243//2985
f 3237//2979 3243//2985 3244//2986
f 3238//2980 3244//2986 3245//2987
f 3239//2981 3245//2987 3246//2988
f 3240//2982 3246//2988 3247//2989
f 3241//2983 3247//2989 3248//2990
f 3187//2929 3248//2990 3189//2931
f 3187//2929 3241//2983 3248//2990
f 3235//2977 3242//2984 3236//2978
f 3236//2978 3243//2985 3237//2979
f 3237//2979 3244//2986 3238//2980
f 3238//2980 3245//2987 3239//2981
f 3239//2981 3246//2988 3240//2982
f 3240//2982 3247//2989 3241//2983
f 3188//2930 3191//2933 3186//2928
f 3187//2929 3188//2930 3186//2928
f 3186//2928 3192//2934 3184//2926
f 3185//2927 3186//2928 3184//2926
f 3184//2926 3193//2935 3182//2924
f 3183//2925 3184//2926 3182//2924
f 3182//2924 3194//2936 3180//2922
f 3181//2923 3182//2924 3180//2922
f 3181//2923 3179//2921 3198//2940
f 3203//2945 3223//2965 3200//2942
f 3223//2965 3240//2982 3224//2966
f 3239//2981 3223//2965 3222//2964
f 3209//2951 3221//2963 3206//2948
f 3221//2963 3238//2980 3222//2964
f 3212//2954 3220//2962 3209//2951
f 3211//2953 3212//2954 3209//2951
f 3220//2962 3237//2979 3221//2963
f 3219//2961 3212//2954 3214//2956
f 3214//2956 3212//2954 3213//2955
f 3236//2978 3220//2962 3219//2961
f 3218//2960 3214//2956 3216//2958
f 3216//2958 3214//2956 3215//2957
f 3235//2977 3219//2961 3218//2960
f 3119//2884 3120//2885 3190//2932
f 3190//2932 3120//2885 3249//2991
f 3191//2933 3249//2991 3250//2992
f 3192//2934 3250//2992 3251//2800
f 3193//2935 3251//2800 3252//2993
f 3194//2936 3252//2993 3253//2994
f 3195//2937 3253//2994 3254//2995
f 3195//2937 3194//2936 3253//2994
f 3190//2932 3249//2991 3191//2933
f 3191//2933 3250//2992 3192//2934
f 3192//2934 3251//2800 3193//2935
f 3193//2935 3252//2993 3194//2936
f 3255//2996 3256//2997 3137//2902
f 3257//2998 3137//2902 3258//2999
f 3257//2998 3255//2996 3137//2902
f 3256//2997 3259//3000 3137//2902
f 3137//2902 3259//3000 3260//3001
f 3141//2905 3260//3001 3261//3002
f 3167//2914 3261//3002 3262//3003
f 3171//2916 3262//3003 3263//3004
f 3173//2917 3263//3004 3264//3005
f 3170//2915 3264//3005 3265//3006
f 3170//2915 3173//2917 3264//3005
f 3137//2902 3260//3001 3141//2905
f 3141//2905 3261//3002 3167//2914
f 3167//2914 3262//3003 3171//2916
f 3171//2916 3263//3004 3173//2917
f 3137//2902 3139//2904 3258//2999
f 3109//2874 3111//2876 3266//3007
f 3267//3008 3266//3007 3268//3009
f 3267//3008 3109//2874 3266//3007
f 3269//3010 3270//3011 3271//3012
f 3269//3010 3272//3013 3270//3011
f 3269//3010 3273//3014 3272//3013
f 3272//3013 3273//3014 3274//3015
f 3275//3016 3274//3015 3276//3017
f 3277//3018 3276//3017 1057//874
f 1054//871 3277//3018 1057//874
f 1054//871 3278//3019 3277//3018
f 1054//871 3279//3020 3278//3019
f 3278//3019 3279//3020 3280//3021
f 3281//3022 3280//3021 3282//3014
f 3281//3022 3278//3019 3280//3021
f 3281//3022 3277//3018 3278//3019
f 3281//3022 3275//3016 3277//3018
f 3277//3018 3275//3016 3276//3017
f 3273//3014 3283//3023 3274//3015
f 3274//3015 3283//3023 3276//3017
f 3276//3017 3283//3023 3284//3024
f 1057//874 3276//3017 3284//3024
f 3279//3020 3285//3025 3280//3021
f 3280//3021 3285//3025 3286//3013
f 3282//3014 3286//3013 3287//3026
f 3282//3014 3280//3021 3286//3013
f 3285//3025 3288//3027 3286//3013
f 3286//3013 3288//3027 3289//3011
f 3287//3026 3289//3011 3290//3028
f 3287//3026 3286//3013 3289//3011
f 3288//3027 3291//3029 3289//3011
f 3289//3011 3291//3029 3292//3007
f 3290//3028 3292//3007 3293//3030
f 3290//3028 3289//3011 3292//3007
f 3291//3029 3294//3031 3292//3007
f 3292//3007 3294//3031 3295//3032
f 3293//3030 3292//3007 3295//3032
f 3274//3015 3275//3016 3272//3013
f 3272//3013 3275//3016 3296//2756
f 3270//3011 3296//2756 3268//3009
f 3266//3007 3270//3011 3268//3009
f 3266//3007 3271//3012 3270//3011
f 3266//3007 3111//2876 3271//3012
f 3272//3013 3296//2756 3270//3011
f 3297//3033 3298//3034 3294//3031
f 3299//3035 3294//3031 3291//3029
f 3300//3036 3291//3029 3288//3027
f 3301//3037 3288//3027 3285//3025
f 3302//3038 3285//3025 3279//3020
f 3303//3039 3279//3020 1054//871
f 1050//867 3303//3039 1054//871
f 3298//3034 3304//3040 3294//3031
f 3294//3031 3304//3040 3305//3041
f 3306//3042 3294//3031 3305//3041
f 3306//3042 3295//3032 3294//3031
f 3297//3033 3294//3031 3299//3035
f 3299//3035 3291//3029 3300//3036
f 3300//3036 3288//3027 3301//3037
f 3301//3037 3285//3025 3302//3038
f 3302//3038 3279//3020 3303//3039
f 3307//3043 3308//3044 3309//3045
f 3307//3043 3310//3046 3308//3044
f 3307//3043 3299//3035 3310//3046
f 3307//3043 3297//3033 3299//3035
f 3299//3035 3300//3036 3310//3046
f 3310//3046 3300//3036 3311//3047
f 3308//3044 3311//3047 3312//3048
f 3313//3049 3312//3048 3314//3050
f 3315//3051 3314//3050 3316//3052
f 3317//3053 3316//3052 3318//3054
f 3319//3055 3318//3054 3320//3056
f 3321//3057 3320//3056 3322//3058
f 3323//3059 3322//3058 3324//3060
f 3325//3061 3324//3060 3326//3062
f 3263//3004 3326//3062 3264//3005
f 3263//3004 3325//3061 3326//3062
f 3263//3004 3262//3003 3325//3061
f 3325//3061 3262//3003 3327//3063
f 3323//3059 3327//3063 3328//3064
f 3321//3057 3328//3064 3329//3065
f 3319//3055 3329//3065 3330//3066
f 3317//3053 3330//3066 3331//3067
f 3315//3051 3331//3067 3332//3068
f 3313//3049 3332//3068 3333//3069
f 3334//3070 3333//3069 3309//3045
f 3308//3044 3334//3070 3309//3045
f 3308//3044 3313//3049 3334//3070
f 3308//3044 3312//3048 3313//3049
f 3300//3036 3301//3037 3311//3047
f 3311//3047 3301//3037 3335//3071
f 3312//3048 3335//3071 3336//3072
f 3314//3050 3336//3072 3337//3073
f 3316//3052 3337//3073 3338//3074
f 3339//3075 3316//3052 3338//3074
f 3339//3075 3318//3054 3316//3052
f 3339//3075 3340//3076 3318//3054
f 3318//3054 3340//3076 3320//3056
f 3320//3056 3340//3076 3341//3077
f 3322//3058 3341//3077 3342//3078
f 3324//3060 3342//3078 3343//3079
f 3326//3062 3343//3079 3265//3006
f 3264//3005 3326//3062 3265//3006
f 3301//3037 3302//3038 3335//3071
f 3335//3071 3302//3038 3344//3080
f 3336//3072 3344//3080 3345//3081
f 3337//3073 3345//3081 3346//3082
f 3338//3074 3337//3073 3346//3082
f 3302//3038 3303//3039 3344//3080
f 3344//3080 3303//3039 1050//867
f 3347//3083 3344//3080 1050//867
f 3347//3083 3345//3081 3344//3080
f 3347//3083 3346//3082 3345//3081
f 3320//3056 3341//3077 3322//3058
f 3322//3058 3342//3078 3324//3060
f 3324//3060 3343//3079 3326//3062
f 3262//3003 3261//3002 3327//3063
f 3327//3063 3261//3002 3348//3084
f 3328//3064 3348//3084 3349//3085
f 3329//3065 3349//3085 3350//3086
f 3351//3087 3350//3086 3352//3088
f 3351//3087 3329//3065 3350//3086
f 3351//3087 3330//3066 3329//3065
f 3351//3087 3353//3089 3330//3066
f 3330//3066 3353//3089 3331//3067
f 3331//3067 3353//3089 3354//3090
f 3355//3091 3331//3067 3354//3090
f 3355//3091 3332//3068 3331//3067
f 3355//3091 3356//3092 3332//3068
f 3332//3068 3356//3092 3333//3069
f 3261//3002 3260//3001 3348//3084
f 3348//3084 3260//3001 3357//3093
f 3349//3085 3357//3093 3358//3094
f 3350//3086 3358//3094 3352//3088
f 3350//3086 3349//3085 3358//3094
f 3260//3001 3259//3000 3357//3093
f 3348//3084 3357//3093 3349//3085
f 3313//3049 3333//3069 3334//3070
f 3312//3048 3336//3072 3314//3050
f 3310//3046 3311//3047 3308//3044
f 3336//3072 3345//3081 3337//3073
f 3311//3047 3335//3071 3312//3048
f 3335//3071 3344//3080 3336//3072
f 3316//3052 3314//3050 3337//3073
f 3332//3068 3313//3049 3315//3051
f 3315//3051 3313//3049 3314//3050
f 3331//3067 3315//3051 3317//3053
f 3317//3053 3315//3051 3316//3052
f 3330//3066 3317//3053 3319//3055
f 3319//3055 3317//3053 3318//3054
f 3329//3065 3319//3055 3321//3057
f 3321//3057 3319//3055 3320//3056
f 3328//3064 3321//3057 3323//3059
f 3323//3059 3321//3057 3322//3058
f 3349//3085 3329//3065 3328//3064
f 3327//3063 3323//3059 3325//3061
f 3325//3061 3323//3059 3324//3060
f 3348//3084 3328//3064 3327//3063
f 3253//2994 2867//2659 3254//2995
f 3253//2994 2869//2661 2867//2659
f 3253//2994 3252//2993 2869//2661
f 2869//2661 3252//2993 2871//2663
f 2871//2663 3252//2993 2873//2665
f 2873//2665 3252//2993 3251//2800
f 2875//2667 3251//2800 3250//2992
f 2877//2669 3250//2992 3249//2991
f 3120//2885 2877//2669 3249//2991
f 3120//2885 3118//2883 2877//2669
f 2877//2669 3118//2883 2878//2670
f 2873//2665 3251//2800 2875//2667
f 2875//2667 3250//2992 2877//2669
f 2867//2659 2865//2657 3254//2995
f 3254//2995 2865//2657 3359//3095
f 3360//3096 3254//2995 3359//3095
f 3148//2907 3361//3097 3362//3098
f 3242//2984 3362//3098 3363//3099
f 3243//2985 3363//3099 3364//3100
f 3244//2986 3364//3100 3365//3101
f 3245//2987 3365//3101 3366//3102
f 3246//2988 3366//3102 3247//2989
f 3246//2988 3245//2987 3366//3102
f 3367//3103 3363//3099 3368//3104
f 3367//3103 3364//3100 3363//3099
f 3367//3103 3369//3105 3364//3100
f 3364//3100 3369//3105 3365//3101
f 3365//3101 3369//3105 3370//3106
f 3366//3102 3370//3106 3371//3107
f 3372//3108 3366//3102 3371//3107
f 3372//3108 3373//3109 3366//3102
f 3372//3108 3374//3110 3373//3109
f 3373//3109 3374//3110 3375//3111
f 3248//2990 3375//3111 3189//2931
f 3248//2990 3373//3109 3375//3111
f 3248//2990 3247//2989 3373//3109
f 3373//3109 3247//2989 3366//3102
f 3365//3101 3370//3106 3366//3102
f 3374//3110 3376//3112 3375//3111
f 3375//3111 3376//3112 3377//3113
f 3189//2931 3377//3113 3119//2884
f 3189//2931 3375//3111 3377//3113
f 3376//3112 3117//2882 3377//3113
f 3377//3113 3117//2882 3119//2884
f 3245//2987 3244//2986 3365//3101
f 3244//2986 3243//2985 3364//3100
f 3243//2985 3242//2984 3363//3099
f 3242//2984 3148//2907 3362//3098
f 3368//3104 3363//3099 3362//3098
f 3361//3097 3368//3104 3362//3098
f 3265//3006 3378//3114 3170//2915
f 3170//2915 3378//3114 3361//3097
f 3148//2907 3170//2915 3361//3097
f 1050//867 1046//863 3379//3115
f 3347//3083 3379//3115 3380//3116
f 3346//3082 3380//3116 3381//3117
f 3338//3074 3381//3117 3382//3118
f 3339//3075 3382//3118 3383//3119
f 3340//3076 3383//3119 3341//3077
f 3340//3076 3339//3075 3383//3119
f 3384//3120 3380//3116 3385//3121
f 3384//3120 3381//3117 3380//3116
f 3384//3120 3386//3122 3381//3117
f 3381//3117 3386//3122 3382//3118
f 3382//3118 3386//3122 3387//3123
f 3383//3119 3387//3123 3388//3124
f 3389//3125 3383//3119 3388//3124
f 3389//3125 3390//3126 3383//3119
f 3389//3125 3391//3127 3390//3126
f 3390//3126 3391//3127 3392//3128
f 3342//3078 3392//3128 3343//3079
f 3342//3078 3390//3126 3392//3128
f 3342//3078 3341//3077 3390//3126
f 3390//3126 3341//3077 3383//3119
f 3382//3118 3387//3123 3383//3119
f 3391//3127 3393//3129 3392//3128
f 3392//3128 3393//3129 3394//3130
f 3343//3079 3394//3130 3265//3006
f 3343//3079 3392//3128 3394//3130
f 3393//3129 3378//3114 3394//3130
f 3394//3130 3378//3114 3265//3006
f 3339//3075 3338//3074 3382//3118
f 3338//3074 3346//3082 3381//3117
f 3346//3082 3347//3083 3380//3116
f 3347//3083 1050//867 3379//3115
f 3385//3121 3380//3116 3379//3115
f 1046//863 3385//3121 3379//3115
f 3295//3032 3395//3131 3293//3030
f 3293//3030 3395//3131 3396//3132
f 3397//3133 3396//3132 3398//3134
f 3397//3133 3293//3030 3396//3132
f 3234//2976 3232//2974 3159//2913
f 3159//2913 3232//2974 3231//2973
f 3399//3135 3159//2913 3231//2973
f 3399//3135 3400//3136 3159//2913
f 3399//3135 3401//3137 3400//3136
f 3400//3136 3401//3137 3402//3138
f 3403//3139 3404//3140 3400//3136
f 3403//3139 3405//3141 3404//3140
f 3403//3139 3406//3142 3405//3141
f 3403//3139 3407//3143 3406//3142
f 3403//3139 3408//3144 3407//3143
f 3403//3139 3409//3145 3408//3144
f 3408//3144 3409//3145 3410//3146
f 3410//3146 3409//3145 3411//3147
f 3411//3147 3409//3145 3412//3148
f 3413//3149 3412//3148 3414//3150
f 3413//3149 3411//3147 3412//3148
f 3412//3148 3415//3151 3414//3150
f 3414//3150 3415//3151 3416//3152
f 3416//3152 3415//3151 3417//3153
f 3418//3154 3417//3153 3419//3155
f 3420//3156 3419//3155 3421//3157
f 3420//3156 3418//3154 3419//3155
f 3415//3151 3422//3158 3417//3153
f 3417//3153 3422//3158 3423//3159
f 3423//3159 3422//3158 3424//3160
f 3425//3161 3424//3160 3426//3162
f 3427//3163 3426//3162 3428//3164
f 3427//3163 3425//3161 3426//3162
f 3423//3159 3424//3160 3425//3161
f 3416//3152 3417//3153 3418//3154
f 3419//3155 3429//3165 3421//3157
f 3421//3157 3429//3165 3430//3166
f 3430//3166 3429//3165 3431//3167
f 3431//3167 3429//3165 3432//3168
f 3433//3169 3432//3168 3434//3170
f 3433//3169 3431//3167 3432//3168
f 3435//3171 3436//3172 3432//3168
f 3435//3171 3437//3173 3436//3172
f 3435//3171 3438//3174 3437//3173
f 3435//3171 3439//3175 3438//3174
f 3435//3171 3400//3136 3439//3175
f 3435//3171 3139//2904 3400//3136
f 3435//3171 3440//3176 3139//2904
f 3435//3171 3441//3177 3440//3176
f 3435//3171 3442//3178 3441//3177
f 3139//2904 3159//2913 3400//3136
f 3404//3140 3443//3179 3400//3136
f 3400//3136 3443//3179 3444//3180
f 3439//3175 3400//3136 3444//3180
f 3436//3172 3445//3181 3432//3168
f 3432//3168 3445//3181 3434//3170
f 3002//2771 3001//2770 3136//2901
f 3136//2901 3001//2770 3446//3182
f 3447//3183 3446//3182 3448//3184
f 3447//3183 3136//2901 3446//3182
f 3447//3183 3360//3096 3136//2901
f 3447//3183 3449//3185 3360//3096
f 3360//3096 3449//3185 3176//2918
f 3178//2920 3360//3096 3176//2918
f 3178//2920 3254//2995 3360//3096
f 3178//2920 3195//2937 3254//2995
f 3178//2920 3196//2938 3195//2937
f 1061//878 1057//874 2860//2652
f 2863//2655 1061//878 2860//2652
f 1057//874 3284//3024 2860//2652
f 2860//2652 3284//3024 3283//3023
f 2858//2650 3283//3023 3273//3014
f 2856//2648 3273//3014 3269//3010
f 2854//2646 3269//3010 2852//2644
f 2854//2646 2856//2648 3269//3010
f 2860//2652 3283//3023 2858//2650
f 2858//2650 3273//3014 2856//2648
f 3269//3010 3271//3012 2852//2644
f 2852//2644 3271//3012 2850//2642
f 2850//2642 3271//3012 3111//2876
f 2848//2640 3111//2876 3450//3186
f 2848//2640 2850//2642 3111//2876
f 3111//2876 3107//2872 3450//3186
f 2973//2742 2972//2741 2901//2682
f 2901//2682 2972//2741 2971//2740
f 3451//3187 2901//2682 2971//2740
f 3451//3187 3452//3188 2901//2682
f 3451//3187 3453//3189 3452//3188
f 3452//3188 3453//3189 3454//3190
f 3455//3191 3456//3157 3452//3188
f 3455//3191 3457//3166 3456//3157
f 3455//3191 3458//3192 3457//3166
f 3455//3191 3459//3169 3458//3192
f 3455//3191 3460//3193 3459//3169
f 3455//3191 3461//3194 3460//3193
f 3460//3193 3461//3194 3462//3181
f 3462//3181 3461//3194 3463//3172
f 3463//3172 3461//3194 3464//3195
f 3465//3173 3464//3195 3466//3196
f 3465//3173 3463//3172 3464//3195
f 3464//3195 3467//3197 3466//3196
f 3466//3196 3467//3197 3468//3175
f 3468//3175 3467//3197 3469//3198
f 3470//3199 3469//3198 3471//3200
f 3472//3179 3471//3200 3473//3140
f 3472//3179 3470//3199 3471//3200
f 3469//3198 3467//3197 3474//3201
f 3474//3201 3467//3197 3475//3202
f 3476//3203 3475//3202 3477//3204
f 3478//3205 3477//3204 3479//3206
f 3480//3207 3478//3205 3479//3206
f 3474//3201 3475//3202 3476//3203
f 3476//3203 3477//3204 3478//3205
f 3468//3175 3469//3198 3470//3199
f 3471//3200 3481//3208 3473//3140
f 3473//3140 3481//3208 3482//3141
f 3482//3141 3481//3208 3483//3209
f 3483//3209 3481//3208 3484//3210
f 3485//3143 3484//3210 3486//3211
f 3485//3143 3483//3209 3484//3210
f 3487//3212 3488//3147 3484//3210
f 3487//3212 3489//3149 3488//3147
f 3487//3212 3490//3213 3489//3149
f 3487//3212 3491//3152 3490//3213
f 3487//3212 3452//3188 3491//3152
f 3487//3212 2882//2674 3452//3188
f 3487//3212 3492//3214 2882//2674
f 3487//3212 3493//3215 3492//3214
f 3487//3212 3494//3216 3493//3215
f 2882//2674 2901//2682 3452//3188
f 3488//3147 3495//3146 3484//3210
f 3484//3210 3495//3146 3486//3211
f 3456//3157 3496//3156 3452//3188
f 3452//3188 3496//3156 3497//3217
f 3491//3152 3452//3188 3497//3217
f 3108//2873 3109//2874 3498//3218
f 3498//3218 3109//2874 3267//3008
f 3268//3009 3498//3218 3267//3008
f 3268//3009 3296//2756 3498//3218
f 3498//3218 3296//2756 3499//2852
f 3499//2852 3296//2756 3275//3016
f 2879//2671 2878//2670 3121//2886
f 3121//2886 2878//2670 3118//2883
f 2863//2655 2862//2654 1061//878
f 1061//878 2862//2654 1069//886
f 3450//3186 3107//2872 3087//2852
f 3087//2852 3107//2872 3088//2853
f 2849//2641 2848//2640 3087//2852
f 3087//2852 2848//2640 3450//3186
f 3135//2900 3136//2901 3359//3095
f 3359//3095 3136//2901 3360//3096
f 2865//2657 2864//2656 3359//3095
f 3359//3095 2864//2656 3135//2900
f 3500//3219 3501//3213 3502//3220
f 3500//3219 3503//3149 3501//3213
f 3500//3219 3504//3221 3503//3149
f 3503//3149 3504//3221 3505//3147
f 3505//3147 3504//3221 3506//3222
f 3507//3146 3506//3222 3508//3223
f 3509//3211 3508//3223 3510//3224
f 3511//3143 3510//3224 3512//3225
f 3513//3142 3512//3225 3514//3226
f 3515//3141 3514//3226 3516//3227
f 3517//3140 3516//3227 3518//3228
f 3519//3179 3518//3228 3520//3229
f 3521//3180 3520//3229 3522//3230
f 3523//3231 3522//3230 3524//3232
f 3525//3174 3524//3232 3526//3233
f 3527//3234 3526//3233 3528//3235
f 3529//3236 3528//3235 3530//3237
f 3531//3181 3530//3237 3532//3238
f 3533//3170 3532//3238 3534//3239
f 3535//3169 3534//3239 3536//3240
f 3537//3192 3536//3240 3538//3241
f 3539//3242 3538//3241 3540//3243
f 3541//3157 3540//3243 3542//3244
f 3543//3245 3542//3244 3544//3246
f 3545//3217 3544//3246 3546//3247
f 3547//3248 3546//3247 3502//3220
f 3501//3213 3547//3248 3502//3220
f 3505//3147 3506//3222 3507//3146
f 3507//3146 3508//3223 3509//3211
f 3509//3211 3510//3224 3511//3143
f 3511//3143 3512//3225 3513//3142
f 3513//3142 3514//3226 3515//3141
f 3515//3141 3516//3227 3517//3140
f 3517//3140 3518//3228 3519//3179
f 3519//3179 3520//3229 3521//3180
f 3521//3180 3522//3230 3523//3231
f 3523//3231 3524//3232 3525//3174
f 3525//3174 3526//3233 3527//3234
f 3527//3234 3528//3235 3529//3236
f 3529//3236 3530//3237 3531//3181
f 3531//3181 3532//3238 3533//3170
f 3533//3170 3534//3239 3535//3169
f 3535//3169 3536//3240 3537//3192
f 3537//3192 3538//3241 3539//3242
f 3539//3242 3540//3243 3541//3157
f 3541//3157 3542//3244 3543//3245
f 3543//3245 3544//3246 3545//3217
f 3545//3217 3546//3247 3547//3248
f 3546//3247 3526//3233 3502//3220
f 3546//3247 3528//3235 3526//3233
f 3546//3247 3544//3246 3528//3235
f 3528//3235 3544//3246 3530//3237
f 3530//3237 3544//3246 3542//3244
f 3532//3238 3542//3244 3540//3243
f 3534//3239 3540//3243 3538//3241
f 3536//3240 3534//3239 3538//3241
f 3530//3237 3542//3244 3532//3238
f 3532//3238 3540//3243 3534//3239
f 3526//3233 3524//3232 3502//3220
f 3502//3220 3524//3232 3500//3219
f 3500//3219 3524//3232 3522//3230
f 3504//3221 3522//3230 3520//3229
f 3506//3222 3520//3229 3518//3228
f 3508//3223 3518//3228 3516//3227
f 3510//3224 3516//3227 3514//3226
f 3512//3225 3510//3224 3514//3226
f 3500//3219 3522//3230 3504//3221
f 3504//3221 3520//3229 3506//3222
f 3506//3222 3518//3228 3508//3223
f 3508//3223 3516//3227 3510//3224
f 3548//3219 3549//3213 3550//3220
f 3548//3219 3551//3249 3549//3213
f 3548//3219 3552//3221 3551//3249
f 3551//3249 3552//3221 3553//3250
f 3553//3250 3552//3221 3554//3222
f 3555//3146 3554//3222 3556//3223
f 3557//3211 3556//3223 3558//3224
f 3559//3143 3558//3224 3560//3225
f 3561//3142 3560//3225 3562//3226
f 3563//3251 3562//3226 3564//3227
f 3565//3140 3564//3227 3566//3228
f 3567//3252 3566//3228 3568//3229
f 3569//3180 3568//3229 3570//3230
f 3571//3231 3570//3230 3572//3232
f 3573//3174 3572//3232 3574//3233
f 3575//3173 3574//3233 3576//3235
f 3577//3172 3576//3235 3578//3237
f 3579//3181 3578//3237 3580//3238
f 3581//3170 3580//3238 3582//3239
f 3583//3169 3582//3239 3584//3240
f 3585//3192 3584//3240 3586//3241
f 3587//3166 3586//3241 3588//3243
f 3589//3157 3588//3243 3590//3244
f 3591//3156 3590//3244 3592//3246
f 3593//3217 3592//3246 3594//3247
f 3595//3248 3594//3247 3550//3220
f 3549//3213 3595//3248 3550//3220
f 3553//3250 3554//3222 3555//3146
f 3555//3146 3556//3223 3557//3211
f 3557//3211 3558//3224 3559//3143
f 3559//3143 3560//3225 3561//3142
f 3561//3142 3562//3226 3563//3251
f 3563//3251 3564//3227 3565//3140
f 3565//3140 3566//3228 3567//3252
f 3567//3252 3568//3229 3569//3180
f 3569//3180 3570//3230 3571//3231
f 3571//3231 3572//3232 3573//3174
f 3573//3174 3574//3233 3575//3173
f 3575//3173 3576//3235 3577//3172
f 3577//3172 3578//3237 3579//3181
f 3579//3181 3580//3238 3581//3170
f 3581//3170 3582//3239 3583//3169
f 3583//3169 3584//3240 3585//3192
f 3585//3192 3586//3241 3587//3166
f 3587//3166 3588//3243 3589//3157
f 3589//3157 3590//3244 3591//3156
f 3591//3156 3592//3246 3593//3217
f 3593//3217 3594//3247 3595//3248
f 3594//3247 3574//3233 3550//3220
f 3594//3247 3576//3235 3574//3233
f 3594//3247 3592//3246 3576//3235
f 3576//3235 3592//3246 3578//3237
f 3578//3237 3592//3246 3590//3244
f 3580//3238 3590//3244 3588//3243
f 3582//3239 3588//3243 3586//3241
f 3584//3240 3582//3239 3586//3241
f 3578//3237 3590//3244 3580//3238
f 3580//3238 3588//3243 3582//3239
f 3574//3233 3572//3232 3550//3220
f 3550//3220 3572//3232 3548//3219
f 3548//3219 3572//3232 3570//3230
f 3552//3221 3570//3230 3568//3229
f 3554//3222 3568//3229 3566//3228
f 3556//3223 3566//3228 3564//3227
f 3558//3224 3564//3227 3562//3226
f 3560//3225 3558//3224 3562//3226
f 3548//3219 3570//3230 3552//3221
f 3552//3221 3568//3229 3554//3222
f 3554//3222 3566//3228 3556//3223
f 3556//3223 3564//3227 3558//3224
f 3498//3218 3499//2852 3596//3253
f 3596//3253 3499//2852 3597//3186
f 3281//3022 3282//3014 3597//3186
f 3597//3186 3282//3014 3596//3253
f 3596//3253 3282//3014 3287//3026
f 3290//3028 3596//3253 3287//3026
f 3290//3028 3293//3030 3596//3253
f 3596//3253 3293//3030 3397//3133
f 3275//3016 3281//3022 3499//2852
f 3499//2852 3281//3022 3597//3186
f 3598//3254 3599//3095 3600//3255
f 3600//3255 3599//3095 3601//2900
f 3446//3182 3001//2770 3598//3254
f 3598//3254 3001//2770 3004//2773
f 3005//2774 3598//3254 3004//2773
f 3005//2774 3035//2800 3598//3254
f 3598//3254 3035//2800 3599//3095
f 3599//3095 3035//2800 3012//2781
f 3020//2789 3021//2779 3601//2900
f 3601//2900 3021//2779 3600//3255
f 3600//3255 3021//2779 3026//2793
f 3029//2795 3600//3255 3026//2793
f 3029//2795 3032//2797 3600//3255
f 3600//3255 3032//2797 3114//2879
f 3012//2781 3020//2789 3599//3095
f 3599//3095 3020//2789 3601//2900
f 3397//3133 3398//3134 3596//3253
f 3596//3253 3398//3134 3602//3256
f 3498//3218 3603//3257 3108//2873
f 3108//2873 3603//3257 3110//2875
f 3598//3254 3604//3258 3446//3182
f 3446//3182 3604//3258 3448//3184
f 3114//2879 3115//2880 3600//3255
f 3600//3255 3115//2880 3605//3259
f 3606//3260 3607//3261 3608//3262
f 3608//3262 3607//3261 3609//3263
f 3610//3264 3611//3265 3612//3167
f 3612//3167 3611//3265 3613//3266
f 3614//3267 3613//3266 3615//3268
f 3616//3157 3615//3268 3617//3269
f 3618//3156 3617//3269 3619//3270
f 3620//3154 3619//3270 3621//3271
f 3609//3263 3621//3271 3608//3262
f 3609//3263 3620//3154 3621//3271
f 3612//3167 3613//3266 3614//3267
f 3614//3267 3615//3268 3616//3157
f 3616//3157 3617//3269 3618//3156
f 3618//3156 3619//3270 3620//3154
f 3611//3265 3610//3264 3622//3272
f 3622//3272 3610//3264 3623//3273
f 3624//3274 3625//3275 3626//3209
f 3626//3209 3625//3275 3627//3276
f 3628//3277 3627//3276 3629//3278
f 3630//3140 3629//3278 3631//3279
f 3632//3179 3631//3279 3633//3280
f 3634//3199 3633//3280 3635//3281
f 3636//3175 3635//3281 3637//3232
f 3638//3196 3637//3232 3639//3282
f 3640//3173 3639//3282 3641//3283
f 3642//3172 3641//3283 3643//3284
f 3644//3285 3643//3284 3645//3286
f 3646//3170 3645//3286 3647//3287
f 3623//3273 3647//3287 3622//3272
f 3623//3273 3646//3170 3647//3287
f 3626//3209 3627//3276 3628//3277
f 3628//3277 3629//3278 3630//3140
f 3630//3140 3631//3279 3632//3179
f 3632//3179 3633//3280 3634//3199
f 3634//3199 3635//3281 3636//3175
f 3636//3175 3637//3232 3638//3196
f 3638//3196 3639//3282 3640//3173
f 3640//3173 3641//3283 3642//3172
f 3642//3172 3643//3284 3644//3285
f 3644//3285 3645//3286 3646//3170
f 3625//3275 3624//3274 3648//3288
f 3648//3288 3624//3274 3649//3289
f 3650//3290 3651//3291 3652//3292
f 3652//3292 3651//3291 3653//3180
f 3654//3280 3653//3180 3655//3179
f 3656//3279 3655//3179 3657//3293
f 3658//3278 3657//3293 3659//3277
f 3660//3226 3659//3277 3661//3142
f 3649//3289 3661//3142 3648//3288
f 3649//3289 3660//3226 3661//3142
f 3652//3292 3653//3180 3654//3280
f 3654//3280 3655//3179 3656//3279
f 3656//3279 3657//3293 3658//3278
f 3658//3278 3659//3277 3660//3226
f 3651//3291 3650//3290 3662//3294
f 3662//3294 3650//3290 3663//3295
f 3607//3261 3606//3260 3664//3213
f 3664//3213 3606//3260 3665//3219
f 3666//3149 3665//3219 3667//3221
f 3668//3250 3667//3221 3669//3222
f 3670//3146 3669//3222 3671//3223
f 3672//3211 3671//3223 3673//3224
f 3674//3296 3673//3224 3675//3225
f 3676//3142 3675//3225 3677//3226
f 3678//3141 3677//3226 3679//3227
f 3680//3140 3679//3227 3681//3228
f 3682//3179 3681//3228 3683//3229
f 3684//3180 3683//3229 3685//3230
f 3663//3295 3685//3230 3662//3294
f 3663//3295 3684//3180 3685//3230
f 3664//3213 3665//3219 3666//3149
f 3666//3149 3667//3221 3668//3250
f 3668//3250 3669//3222 3670//3146
f 3670//3146 3671//3223 3672//3211
f 3672//3211 3673//3224 3674//3296
f 3674//3296 3675//3225 3676//3142
f 3676//3142 3677//3226 3678//3141
f 3678//3141 3679//3227 3680//3140
f 3680//3140 3681//3228 3682//3179
f 3682//3179 3683//3229 3684//3180
f 3608//3262 3651//3291 3606//3260
f 3608//3262 3653//3180 3651//3291
f 3608//3262 3655//3179 3653//3180
f 3608//3262 3657//3293 3655//3179
f 3608//3262 3659//3277 3657//3293
f 3608//3262 3611//3265 3659//3277
f 3608//3262 3621//3271 3611//3265
f 3611//3265 3621//3271 3619//3270
f 3617//3269 3611//3265 3619//3270
f 3617//3269 3615//3268 3611//3265
f 3611//3265 3615//3268 3613//3266
f 3622//3272 3648//3288 3611//3265
f 3622//3272 3625//3275 3648//3288
f 3622//3272 3637//3232 3625//3275
f 3622//3272 3639//3282 3637//3232
f 3622//3272 3641//3283 3639//3282
f 3622//3272 3643//3284 3641//3283
f 3622//3272 3645//3286 3643//3284
f 3622//3272 3647//3287 3645//3286
f 3637//3232 3635//3281 3625//3275
f 3625//3275 3635//3281 3633//3280
f 3631//3279 3625//3275 3633//3280
f 3631//3279 3629//3278 3625//3275
f 3625//3275 3629//3278 3627//3276
f 3648//3288 3661//3142 3611//3265
f 3611//3265 3661//3142 3659//3277
f 3651//3291 3662//3294 3606//3260
f 3606//3260 3662//3294 3665//3219
f 3665//3219 3662//3294 3685//3230
f 3667//3221 3685//3230 3683//3229
f 3669//3222 3683//3229 3681//3228
f 3671//3223 3681//3228 3679//3227
f 3673//3224 3679//3227 3677//3226
f 3675//3225 3673//3224 3677//3226
f 3665//3219 3685//3230 3667//3221
f 3667//3221 3683//3229 3669//3222
f 3669//3222 3681//3228 3671//3223
f 3671//3223 3679//3227 3673//3224
f 3686//3288 3687//3289 3688//3209
f 3688//3209 3687//3289 3689//3276
f 3690//3277 3689//3276 3691//3278
f 3692//3140 3691//3278 3693//3279
f 3694//3179 3693//3279 3695//3280
f 3696//3199 3695//3280 3697//3281
f 3698//3297 3697//3281 3699//3298
f 3698//3297 3696//3199 3697//3281
f 3688//3209 3689//3276 3690//3277
f 3690//3277 3691//3278 3692//3140
f 3692//3140 3693//3279 3694//3179
f 3694//3179 3695//3280 3696//3199
f 3687//3289 3686//3288 3700//3299
f 3700//3299 3686//3288 3701//3300
f 3702//3301 3703//3302 3704//3167
f 3704//3167 3703//3302 3705//3266
f 3706//3267 3705//3266 3707//3268
f 3708//3157 3707//3268 3709//3269
f 3710//3156 3709//3269 3711//3270
f 3712//3154 3711//3270 3713//3271
f 3714//3152 3713//3271 3715//3220
f 3716//3150 3715//3220 3717//3303
f 3718//3149 3717//3303 3719//3304
f 3720//3147 3719//3304 3721//3305
f 3722//3306 3721//3305 3723//3307
f 3724//3211 3723//3307 3725//3308
f 3701//3300 3725//3308 3700//3299
f 3701//3300 3724//3211 3725//3308
f 3704//3167 3705//3266 3706//3267
f 3706//3267 3707//3268 3708//3157
f 3708//3157 3709//3269 3710//3156
f 3710//3156 3711//3270 3712//3154
f 3712//3154 3713//3271 3714//3152
f 3714//3152 3715//3220 3716//3150
f 3716//3150 3717//3303 3718//3149
f 3718//3149 3719//3304 3720//3147
f 3720//3147 3721//3305 3722//3306
f 3722//3306 3723//3307 3724//3211
f 3703//3302 3702//3301 3726//3264
f 3726//3264 3702//3301 3727//3265
f 3728//3309 3729//3310 3730//3311
f 3730//3311 3729//3310 3731//3217
f 3732//3270 3731//3217 3733//3156
f 3734//3269 3733//3156 3735//3312
f 3736//3268 3735//3312 3737//3267
f 3738//3241 3737//3267 3739//3192
f 3727//3265 3739//3192 3726//3264
f 3727//3265 3738//3241 3739//3192
f 3730//3311 3731//3217 3732//3270
f 3732//3270 3733//3156 3734//3269
f 3734//3269 3735//3312 3736//3268
f 3736//3268 3737//3267 3738//3241
f 3729//3310 3728//3309 3740//3313
f 3740//3313 3728//3309 3741//3314
f 3742//3315 3743//3316 3744//3174
f 3744//3174 3743//3316 3745//3233
f 3746//3173 3745//3233 3747//3235
f 3748//3236 3747//3235 3749//3237
f 3750//3181 3749//3237 3751//3238
f 3752//3170 3751//3238 3753//3239
f 3754//3317 3753//3239 3755//3240
f 3756//3192 3755//3240 3757//3241
f 3758//3166 3757//3241 3759//3243
f 3760//3157 3759//3243 3761//3244
f 3762//3156 3761//3244 3763//3246
f 3764//3217 3763//3246 3765//3247
f 3741//3314 3765//3247 3740//3313
f 3741//3314 3764//3217 3765//3247
f 3744//3174 3745//3233 3746//3173
f 3746//3173 3747//3235 3748//3236
f 3748//3236 3749//3237 3750//3181
f 3750//3181 3751//3238 3752//3170
f 3752//3170 3753//3239 3754//3317
f 3754//3317 3755//3240 3756//3192
f 3756//3192 3757//3241 3758//3166
f 3758//3166 3759//3243 3760//3157
f 3760//3157 3761//3244 3762//3156
f 3762//3156 3763//3246 3764//3217
f 3743//3316 3742//3315 3699//3298
f 3699//3298 3742//3315 3698//3297
f 3697//3281 3687//3289 3699//3298
f 3697//3281 3695//3280 3687//3289
f 3687//3289 3695//3280 3693//3279
f 3691//3278 3687//3289 3693//3279
f 3691//3278 3689//3276 3687//3289
f 3700//3299 3726//3264 3687//3289
f 3700//3299 3703//3302 3726//3264
f 3700//3299 3715//3220 3703//3302
f 3700//3299 3717//3303 3715//3220
f 3700//3299 3719//3304 3717//3303
f 3700//3299 3721//3305 3719//3304
f 3700//3299 3723//3307 3721//3305
f 3700//3299 3725//3308 3723//3307
f 3715//3220 3713//3271 3703//3302
f 3703//3302 3713//3271 3711//3270
f 3709//3269 3703//3302 3711//3270
f 3709//3269 3707//3268 3703//3302
f 3703//3302 3707//3268 3705//3266
f 3726//3264 3739//3192 3687//3289
f 3687//3289 3739//3192 3737//3267
f 3699//3298 3737//3267 3735//3312
f 3733//3156 3699//3298 3735//3312
f 3733//3156 3731//3217 3699//3298
f 3699//3298 3731//3217 3729//3310
f 3743//3316 3729//3310 3740//3313
f 3745//3233 3740//3313 3765//3247
f 3747//3235 3765//3247 3763//3246
f 3749//3237 3763//3246 3761//3244
f 3751//3238 3761//3244 3759//3243
f 3753//3239 3759//3243 3757//3241
f 3755//3240 3753//3239 3757//3241
f 3687//3289 3737//3267 3699//3298
f 3699//3298 3729//3310 3743//3316
f 3743//3316 3740//3313 3745//3233
f 3745//3233 3765//3247 3747//3235
f 3747//3235 3763//3246 3749//3237
f 3749//3237 3761//3244 3751//3238
f 3751//3238 3759//3243 3753//3239
f 3766//3318 3767//3315 3768//3319
f 3768//3319 3767//3315 3769//3320
f 3770//3321 3771//3322 3772//3213
f 3772//3213 3771//3322 3773//3323
f 3774//3149 3773//3323 3775//3221
f 3776//3147 3775//3221 3777//3222
f 3778//3146 3777//3222 3779//3223
f 3780//3211 3779//3223 3781//3224
f 3782//3296 3781//3224 3783//3324
f 3784//3142 3783//3324 3785//3325
f 3786//3141 3785//3325 3787//3227
f 3788//3293 3787//3227 3789//3228
f 3790//3179 3789//3228 3791//3229
f 3792//3180 3791//3229 3793//3292
f 3769//3320 3793//3292 3768//3319
f 3769//3320 3792//3180 3793//3292
f 3772//3213 3773//3323 3774//3149
f 3774//3149 3775//3221 3776//3147
f 3776//3147 3777//3222 3778//3146
f 3778//3146 3779//3223 3780//3211
f 3780//3211 3781//3224 3782//3296
f 3782//3296 3783//3324 3784//3142
f 3784//3142 3785//3325 3786//3141
f 3786//3141 3787//3227 3788//3293
f 3788//3293 3789//3228 3790//3179
f 3790//3179 3791//3229 3792//3180
f 3771//3322 3770//3321 3794//3326
f 3794//3326 3770//3321 3795//3327
f 3767//3315 3766//3318 3796//3196
f 3796//3196 3766//3318 3797//3328
f 3798//3234 3797//3328 3799//3235
f 3800//3236 3799//3235 3801//3329
f 3802//3285 3801//3329 3803//3238
f 3804//3193 3803//3238 3805//3239
f 3806//3169 3805//3239 3807//3330
f 3808//3167 3807//3330 3809//3331
f 3810//3166 3809//3331 3811//3243
f 3812//3157 3811//3243 3813//3332
f 3814//3333 3813//3332 3815//3246
f 3816//3217 3815//3246 3817//3311
f 3795//3327 3817//3311 3794//3326
f 3795//3327 3816//3217 3817//3311
f 3796//3196 3797//3328 3798//3234
f 3798//3234 3799//3235 3800//3236
f 3800//3236 3801//3329 3802//3285
f 3802//3285 3803//3238 3804//3193
f 3804//3193 3805//3239 3806//3169
f 3806//3169 3807//3330 3808//3167
f 3808//3167 3809//3331 3810//3166
f 3810//3166 3811//3243 3812//3157
f 3812//3157 3813//3332 3814//3333
f 3814//3333 3815//3246 3816//3217
f 3797//3328 3766//3318 3799//3235
f 3799//3235 3766//3318 3768//3319
f 3801//3329 3768//3319 3791//3229
f 3789//3228 3801//3329 3791//3229
f 3789//3228 3803//3238 3801//3329
f 3789//3228 3787//3227 3803//3238
f 3803//3238 3787//3227 3805//3239
f 3805//3239 3787//3227 3785//3325
f 3807//3330 3785//3325 3783//3324
f 3781//3224 3807//3330 3783//3324
f 3781//3224 3809//3331 3807//3330
f 3781//3224 3779//3223 3809//3331
f 3809//3331 3779//3223 3811//3243
f 3811//3243 3779//3223 3777//3222
f 3813//3332 3777//3222 3775//3221
f 3771//3322 3775//3221 3773//3323
f 3771//3322 3813//3332 3775//3221
f 3771//3322 3815//3246 3813//3332
f 3771//3322 3794//3326 3815//3246
f 3815//3246 3794//3326 3817//3311
f 3768//3319 3793//3292 3791//3229
f 3805//3239 3785//3325 3807//3330
f 3811//3243 3777//3222 3813//3332
f 3801//3329 3799//3235 3768//3319
f 3818//3334 3819//3318 3820//3174
f 3820//3174 3819//3318 3821//3328
f 3822//3173 3821//3328 3823//3235
f 3824//3172 3823//3235 3825//3329
f 3826//3181 3825//3329 3827//3238
f 3828//3170 3827//3238 3829//3239
f 3830//3317 3829//3239 3831//3330
f 3832//3192 3831//3330 3833//3331
f 3834//3166 3833//3331 3835//3243
f 3836//3312 3835//3243 3837//3332
f 3838//3156 3837//3332 3839//3246
f 3840//3217 3839//3246 3841//3311
f 3842//3335 3841//3311 3843//3326
f 3842//3335 3840//3217 3841//3311
f 3820//3174 3821//3328 3822//3173
f 3822//3173 3823//3235 3824//3172
f 3824//3172 3825//3329 3826//3181
f 3826//3181 3827//3238 3828//3170
f 3828//3170 3829//3239 3830//3317
f 3830//3317 3831//3330 3832//3192
f 3832//3192 3833//3331 3834//3166
f 3834//3166 3835//3243 3836//3312
f 3836//3312 3837//3332 3838//3156
f 3838//3156 3839//3246 3840//3217
f 3819//3318 3818//3334 3844//3319
f 3844//3319 3818//3334 3845//3336
f 3846//3321 3847//3322 3848//3150
f 3848//3150 3847//3322 3849//3323
f 3850//3149 3849//3323 3851//3221
f 3852//3147 3851//3221 3853//3222
f 3854//3146 3853//3222 3855//3223
f 3856//3144 3855//3223 3857//3224
f 3858//3143 3857//3224 3859//3324
f 3860//3209 3859//3324 3861//3325
f 3862//3141 3861//3325 3863//3227
f 3864//3140 3863//3227 3865//3228
f 3866//3179 3865//3228 3867//3229
f 3868//3199 3867//3229 3869//3292
f 3845//3336 3869//3292 3844//3319
f 3845//3336 3868//3199 3869//3292
f 3848//3150 3849//3323 3850//3149
f 3850//3149 3851//3221 3852//3147
f 3852//3147 3853//3222 3854//3146
f 3854//3146 3855//3223 3856//3144
f 3856//3144 3857//3224 3858//3143
f 3858//3143 3859//3324 3860//3209
f 3860//3209 3861//3325 3862//3141
f 3862//3141 3863//3227 3864//3140
f 3864//3140 3865//3228 3866//3179
f 3866//3179 3867//3229 3868//3199
f 3847//3322 3846//3321 3843//3326
f 3843//3326 3846//3321 3842//3335
f 3841//3311 3839//3246 3843//3326
f 3843//3326 3839//3246 3847//3322
f 3847//3322 3839//3246 3837//3332
f 3851//3221 3837//3332 3853//3222
f 3851//3221 3847//3322 3837//3332
f 3851//3221 3849//3323 3847//3322
f 3837//3332 3835//3243 3853//3222
f 3853//3222 3835//3243 3855//3223
f 3855//3223 3835//3243 3833//3331
f 3857//3224 3833//3331 3831//3330
f 3859//3324 3831//3330 3861//3325
f 3859//3324 3857//3224 3831//3330
f 3855//3223 3833//3331 3857//3224
f 3831//3330 3829//3239 3861//3325
f 3861//3325 3829//3239 3863//3227
f 3863//3227 3829//3239 3827//3238
f 3865//3228 3827//3238 3825//3329
f 3867//3229 3825//3329 3844//3319
f 3869//3292 3867//3229 3844//3319
f 3863//3227 3827//3238 3865//3228
f 3825//3329 3823//3235 3844//3319
f 3844//3319 3823//3235 3819//3318
f 3819//3318 3823//3235 3821//3328
f 3867//3229 3865//3228 3825//3329
f 3545//3217 3547//3248 3702//3301
f 3543//3245 3702//3301 3870//3337
f 3871//3338 3870//3337 3872//3339
f 3871//3338 3543//3245 3870//3337
f 3871//3338 3873//3340 3543//3245
f 3543//3245 3873//3340 3541//3157
f 3541//3157 3873//3340 3874//3341
f 3539//3242 3874//3341 3875//3342
f 3741//3314 3875//3342 3876//3343
f 3877//3344 3741//3314 3876//3343
f 3877//3344 3764//3217 3741//3314
f 3877//3344 3762//3156 3764//3217
f 3877//3344 3760//3157 3762//3156
f 3877//3344 3878//3345 3760//3157
f 3760//3157 3878//3345 3758//3166
f 3758//3166 3878//3345 3756//3192
f 3756//3192 3878//3345 3754//3317
f 3547//3248 3501//3213 3702//3301
f 3702//3301 3501//3213 3503//3149
f 3505//3147 3702//3301 3503//3149
f 3505//3147 3727//3265 3702//3301
f 3505//3147 3507//3146 3727//3265
f 3727//3265 3507//3146 3509//3211
f 3511//3143 3727//3265 3509//3211
f 3511//3143 3513//3142 3727//3265
f 3727//3265 3513//3142 3515//3141
f 3517//3140 3727//3265 3515//3141
f 3517//3140 3728//3309 3727//3265
f 3517//3140 3519//3179 3728//3309
f 3728//3309 3519//3179 3521//3180
f 3523//3231 3728//3309 3521//3180
f 3523//3231 3525//3174 3728//3309
f 3728//3309 3525//3174 3527//3234
f 3741//3314 3527//3234 3529//3236
f 3531//3181 3741//3314 3529//3236
f 3531//3181 3533//3170 3741//3314
f 3741//3314 3533//3170 3535//3169
f 3537//3192 3741//3314 3535//3169
f 3537//3192 3539//3242 3741//3314
f 3741//3314 3539//3242 3875//3342
f 3728//3309 3527//3234 3741//3314
f 3539//3242 3541//3157 3874//3341
f 3543//3245 3545//3217 3702//3301
f 3593//3217 3595//3248 3650//3290
f 3591//3156 3650//3290 3589//3157
f 3591//3156 3593//3217 3650//3290
f 3595//3248 3549//3213 3650//3290
f 3650//3290 3549//3213 3551//3249
f 3663//3295 3551//3249 3553//3250
f 3555//3146 3663//3295 3553//3250
f 3555//3146 3557//3211 3663//3295
f 3663//3295 3557//3211 3559//3143
f 3561//3142 3663//3295 3559//3143
f 3561//3142 3563//3251 3663//3295
f 3663//3295 3563//3251 3879//3346
f 3880//3347 3663//3295 3879//3346
f 3880//3347 3881//3348 3663//3295
f 3663//3295 3881//3348 3684//3180
f 3684//3180 3881//3348 3682//3179
f 3682//3179 3881//3348 3680//3140
f 3680//3140 3881//3348 3882//3349
f 3678//3141 3882//3349 3676//3142
f 3678//3141 3680//3140 3882//3349
f 3650//3290 3551//3249 3663//3295
f 3879//3346 3563//3251 3883//3350
f 3883//3350 3563//3251 3565//3140
f 3884//3351 3565//3140 3567//3252
f 3885//3352 3567//3252 3886//3353
f 3887//3354 3886//3353 3872//3339
f 3870//3337 3887//3354 3872//3339
f 3883//3350 3565//3140 3884//3351
f 3886//3353 3567//3252 3624//3274
f 3888//3355 3624//3274 3889//3356
f 3888//3355 3886//3353 3624//3274
f 3567//3252 3569//3180 3624//3274
f 3624//3274 3569//3180 3571//3231
f 3573//3174 3624//3274 3571//3231
f 3573//3174 3575//3173 3624//3274
f 3624//3274 3575//3173 3577//3172
f 3649//3289 3577//3172 3579//3181
f 3581//3170 3649//3289 3579//3181
f 3581//3170 3583//3169 3649//3289
f 3649//3289 3583//3169 3585//3192
f 3587//3166 3649//3289 3585//3192
f 3587//3166 3589//3157 3649//3289
f 3649//3289 3589//3157 3650//3290
f 3660//3226 3650//3290 3658//3278
f 3660//3226 3649//3289 3650//3290
f 3624//3274 3577//3172 3649//3289
f 3890//3357 3868//3199 3891//3358
f 3890//3357 3866//3179 3868//3199
f 3890//3357 3864//3140 3866//3179
f 3890//3357 3892//3359 3864//3140
f 3864//3140 3892//3359 3862//3141
f 3862//3141 3892//3359 3860//3209
f 3860//3209 3892//3359 3893//3360
f 3858//3143 3893//3360 3856//3144
f 3858//3143 3860//3209 3893//3360
f 3893//3360 3894//3361 3856//3144
f 3856//3144 3894//3361 3854//3146
f 3854//3146 3894//3361 3852//3147
f 3852//3147 3894//3361 3895//3362
f 3850//3149 3895//3362 3848//3150
f 3850//3149 3852//3147 3895//3362
f 3895//3362 3896//3363 3848//3150
f 3848//3150 3896//3363 3846//3321
f 3846//3321 3896//3363 3897//3364
f 3898//3365 3846//3321 3897//3364
f 3898//3365 3842//3335 3846//3321
f 3898//3365 3840//3217 3842//3335
f 3898//3365 3838//3156 3840//3217
f 3898//3365 3836//3312 3838//3156
f 3898//3365 3834//3166 3836//3312
f 3898//3365 3832//3192 3834//3166
f 3898//3365 3830//3317 3832//3192
f 3868//3199 3845//3336 3891//3358
f 3891//3358 3845//3336 3899//3366
f 3899//3366 3845//3336 3704//3167
f 3706//3267 3899//3366 3704//3167
f 3706//3267 3900//3367 3899//3366
f 3706//3267 3708//3157 3900//3367
f 3900//3367 3708//3157 3901//3368
f 3901//3368 3708//3157 3710//3156
f 3712//3154 3901//3368 3710//3156
f 3712//3154 3902//3369 3901//3368
f 3712//3154 3714//3152 3902//3369
f 3902//3369 3714//3152 3903//3370
f 3903//3370 3714//3152 3716//3150
f 3904//3371 3716//3150 3718//3149
f 3720//3147 3904//3371 3718//3149
f 3720//3147 3905//3372 3904//3371
f 3720//3147 3722//3306 3905//3372
f 3905//3372 3722//3306 3605//3259
f 3605//3259 3722//3306 3724//3211
f 3701//3300 3605//3259 3724//3211
f 3701//3300 3600//3255 3605//3259
f 3701//3300 3598//3254 3600//3255
f 3701//3300 3686//3288 3598//3254
f 3598//3254 3686//3288 3604//3258
f 3604//3258 3686//3288 3688//3209
f 3906//3373 3688//3209 3690//3277
f 3907//3374 3690//3277 3692//3140
f 3908//3375 3692//3140 3694//3179
f 3696//3199 3908//3375 3694//3179
f 3696//3199 3909//3277 3908//3375
f 3696//3199 3698//3297 3909//3277
f 3909//3277 3698//3297 3910//3142
f 3910//3142 3698//3297 3911//3376
f 3911//3376 3698//3297 3742//3315
f 3912//3377 3742//3315 3744//3174
f 3746//3173 3912//3377 3744//3174
f 3746//3173 3748//3236 3912//3377
f 3912//3377 3748//3236 3750//3181
f 3752//3170 3912//3377 3750//3181
f 3752//3170 3754//3317 3912//3377
f 3818//3334 3913//3378 3845//3336
f 3818//3334 3914//3379 3913//3378
f 3818//3334 3915//3380 3914//3379
f 3818//3334 3820//3174 3915//3380
f 3915//3380 3820//3174 3822//3173
f 3824//3172 3915//3380 3822//3173
f 3824//3172 3916//3381 3915//3380
f 3824//3172 3826//3181 3916//3381
f 3916//3381 3826//3181 3828//3170
f 3830//3317 3916//3381 3828//3170
f 3913//3378 3917//3382 3845//3336
f 3845//3336 3917//3382 3702//3301
f 3704//3167 3845//3336 3702//3301
f 3917//3382 3918//3383 3702//3301
f 3702//3301 3918//3383 3870//3337
f 3887//3354 3885//3352 3886//3353
f 3885//3352 3884//3351 3567//3252
f 3882//3349 3674//3296 3676//3142
f 3652//3292 3654//3280 3650//3290
f 3650//3290 3654//3280 3656//3279
f 3658//3278 3650//3290 3656//3279
f 3889//3356 3624//3274 3795//3327
f 3919//3384 3795//3327 3770//3321
f 3920//3385 3770//3321 3921//3386
f 3920//3385 3919//3384 3770//3321
f 3628//3277 3922//3387 3626//3209
f 3628//3277 3923//3388 3922//3387
f 3628//3277 3630//3140 3923//3388
f 3923//3388 3630//3140 3924//3389
f 3924//3389 3630//3140 3632//3179
f 3634//3199 3924//3389 3632//3179
f 3634//3199 3925//3390 3924//3389
f 3634//3199 3636//3175 3925//3390
f 3925//3390 3636//3175 3926//3391
f 3926//3391 3636//3175 3638//3196
f 3927//3392 3638//3196 3640//3173
f 3642//3172 3927//3392 3640//3173
f 3642//3172 3928//3393 3927//3392
f 3642//3172 3644//3285 3928//3393
f 3928//3393 3644//3285 3602//3256
f 3602//3256 3644//3285 3646//3170
f 3623//3273 3602//3256 3646//3170
f 3623//3273 3596//3253 3602//3256
f 3623//3273 3498//3218 3596//3253
f 3623//3273 3610//3264 3498//3218
f 3498//3218 3610//3264 3603//3257
f 3603//3257 3610//3264 3612//3167
f 3929//3394 3612//3167 3614//3267
f 3930//3333 3614//3267 3616//3157
f 3931//3395 3616//3157 3618//3156
f 3620//3154 3931//3395 3618//3156
f 3620//3154 3932//3267 3931//3395
f 3620//3154 3609//3263 3932//3267
f 3932//3267 3609//3263 3933//3192
f 3933//3192 3609//3263 3934//3396
f 3934//3396 3609//3263 3935//3397
f 3935//3397 3609//3263 3607//3261
f 3664//3213 3935//3397 3607//3261
f 3664//3213 3666//3149 3935//3397
f 3935//3397 3666//3149 3668//3250
f 3670//3146 3935//3397 3668//3250
f 3670//3146 3672//3211 3935//3397
f 3935//3397 3672//3211 3674//3296
f 3926//3391 3638//3196 3927//3392
f 3603//3257 3612//3167 3929//3394
f 3929//3394 3614//3267 3930//3333
f 3930//3333 3616//3157 3931//3395
f 3626//3209 3922//3387 3795//3327
f 3624//3274 3626//3209 3795//3327
f 3936//3398 3814//3333 3937//3399
f 3936//3398 3812//3157 3814//3333
f 3936//3398 3938//3400 3812//3157
f 3812//3157 3938//3400 3810//3166
f 3810//3166 3938//3400 3808//3167
f 3808//3167 3938//3400 3939//3401
f 3806//3169 3939//3401 3804//3193
f 3806//3169 3808//3167 3939//3401
f 3939//3401 3940//3402 3804//3193
f 3804//3193 3940//3402 3802//3285
f 3802//3285 3940//3402 3941//3403
f 3800//3236 3941//3403 3798//3234
f 3800//3236 3802//3285 3941//3403
f 3941//3403 3942//3404 3798//3234
f 3798//3234 3942//3404 3796//3196
f 3796//3196 3942//3404 3943//3405
f 3767//3315 3943//3405 3944//3406
f 3769//3320 3944//3406 3792//3180
f 3769//3320 3767//3315 3944//3406
f 3796//3196 3943//3405 3767//3315
f 3782//3296 3784//3142 3944//3406
f 3944//3406 3784//3142 3786//3141
f 3788//3293 3944//3406 3786//3141
f 3788//3293 3790//3179 3944//3406
f 3944//3406 3790//3179 3792//3180
f 3814//3333 3816//3217 3937//3399
f 3937//3399 3816//3217 3795//3327
f 3922//3387 3937//3399 3795//3327
f 3889//3356 3795//3327 3919//3384
f 3770//3321 3772//3213 3921//3386
f 3921//3386 3772//3213 3774//3149
f 3776//3147 3921//3386 3774//3149
f 3776//3147 3945//3407 3921//3386
f 3776//3147 3778//3146 3945//3407
f 3945//3407 3778//3146 3780//3211
f 3782//3296 3945//3407 3780//3211
f 3730//3311 3732//3270 3728//3309
f 3728//3309 3732//3270 3734//3269
f 3736//3268 3728//3309 3734//3269
f 3736//3268 3738//3241 3728//3309
f 3728//3309 3738//3241 3727//3265
f 3903//3370 3716//3150 3904//3371
f 3604//3258 3688//3209 3906//3373
f 3906//3373 3690//3277 3907//3374
f 3907//3374 3692//3140 3908//3375
f 3911//3376 3742//3315 3912//3377
f 3946//3219 3414//3150 3947//3220
f 3946//3219 3413//3149 3414//3150
f 3946//3219 3948//3221 3413//3149
f 3413//3149 3948//3221 3411//3147
f 3411//3147 3948//3221 3949//3222
f 3410//3146 3949//3222 3950//3223
f 3408//3144 3950//3223 3951//3224
f 3407//3143 3951//3224 3952//3225
f 3406//3142 3952//3225 3953//3226
f 3405//3141 3953//3226 3954//3227
f 3404//3140 3954//3227 3955//3228
f 3443//3179 3955//3228 3956//3229
f 3444//3180 3956//3229 3957//3230
f 3439//3175 3957//3230 3958//3232
f 3438//3174 3958//3232 3959//3233
f 3437//3173 3959//3233 3960//3235
f 3436//3172 3960//3235 3961//3237
f 3445//3181 3961//3237 3962//3238
f 3434//3170 3962//3238 3963//3239
f 3433//3169 3963//3239 3964//3240
f 3431//3167 3964//3240 3965//3241
f 3430//3166 3965//3241 3966//3243
f 3421//3157 3966//3243 3967//3244
f 3420//3156 3967//3244 3968//3246
f 3418//3154 3968//3246 3969//3247
f 3416//3152 3969//3247 3947//3220
f 3414//3150 3416//3152 3947//3220
f 3411//3147 3949//3222 3410//3146
f 3410//3146 3950//3223 3408//3144
f 3408//3144 3951//3224 3407//3143
f 3407//3143 3952//3225 3406//3142
f 3406//3142 3953//3226 3405//3141
f 3405//3141 3954//3227 3404//3140
f 3404//3140 3955//3228 3443//3179
f 3443//3179 3956//3229 3444//3180
f 3444//3180 3957//3230 3439//3175
f 3439//3175 3958//3232 3438//3174
f 3438//3174 3959//3233 3437//3173
f 3437//3173 3960//3235 3436//3172
f 3436//3172 3961//3237 3445//3181
f 3445//3181 3962//3238 3434//3170
f 3434//3170 3963//3239 3433//3169
f 3433//3169 3964//3240 3431//3167
f 3431//3167 3965//3241 3430//3166
f 3430//3166 3966//3243 3421//3157
f 3421//3157 3967//3244 3420//3156
f 3420//3156 3968//3246 3418//3154
f 3418//3154 3969//3247 3416//3152
f 3969//3247 3959//3233 3947//3220
f 3969//3247 3960//3235 3959//3233
f 3969//3247 3968//3246 3960//3235
f 3960//3235 3968//3246 3961//3237
f 3961//3237 3968//3246 3967//3244
f 3962//3238 3967//3244 3966//3243
f 3963//3239 3966//3243 3965//3241
f 3964//3240 3963//3239 3965//3241
f 3961//3237 3967//3244 3962//3238
f 3962//3238 3966//3243 3963//3239
f 3959//3233 3958//3232 3947//3220
f 3947//3220 3958//3232 3946//3219
f 3946//3219 3958//3232 3957//3230
f 3948//3221 3957//3230 3956//3229
f 3949//3222 3956//3229 3955//3228
f 3950//3223 3955//3228 3954//3227
f 3951//3224 3954//3227 3953//3226
f 3952//3225 3951//3224 3953//3226
f 3946//3219 3957//3230 3948//3221
f 3948//3221 3956//3229 3949//3222
f 3949//3222 3955//3228 3950//3223
f 3950//3223 3954//3227 3951//3224
f 3970//3219 3490//3213 3971//3220
f 3970//3219 3489//3149 3490//3213
f 3970//3219 3972//3221 3489//3149
f 3489//3149 3972//3221 3488//3147
f 3488//3147 3972//3221 3973//3222
f 3495//3146 3973//3222 3974//3223
f 3486//3211 3974//3223 3975//3224
f 3485//3143 3975//3224 3976//3225
f 3483//3209 3976//3225 3977//3226
f 3482//3141 3977//3226 3978//3227
f 3473//3140 3978//3227 3979//3228
f 3472//3179 3979//3228 3980//3229
f 3470//3199 3980//3229 3981//3230
f 3468//3175 3981//3230 3982//3232
f 3466//3196 3982//3232 3983//3233
f 3465//3173 3983//3233 3984//3235
f 3463//3172 3984//3235 3985//3237
f 3462//3181 3985//3237 3986//3238
f 3460//3193 3986//3238 3987//3239
f 3459//3169 3987//3239 3988//3240
f 3458//3192 3988//3240 3989//3241
f 3457//3166 3989//3241 3990//3243
f 3456//3157 3990//3243 3991//3244
f 3496//3156 3991//3244 3992//3246
f 3497//3217 3992//3246 3993//3247
f 3491//3152 3993//3247 3971//3220
f 3490//3213 3491//3152 3971//3220
f 3488//3147 3973//3222 3495//3146
f 3495//3146 3974//3223 3486//3211
f 3486//3211 3975//3224 3485//3143
f 3485//3143 3976//3225 3483//3209
f 3483//3209 3977//3226 3482//3141
f 3482//3141 3978//3227 3473//3140
f 3473//3140 3979//3228 3472//3179
f 3472//3179 3980//3229 3470//3199
f 3470//3199 3981//3230 3468//3175
f 3468//3175 3982//3232 3466//3196
f 3466//3196 3983//3233 3465//3173
f 3465//3173 3984//3235 3463//3172
f 3463//3172 3985//3237 3462//3181
f 3462//3181 3986//3238 3460//3193
f 3460//3193 3987//3239 3459//3169
f 3459//3169 3988//3240 3458//3192
f 3458//3192 3989//3241 3457//3166
f 3457//3166 3990//3243 3456//3157
f 3456//3157 3991//3244 3496//3156
f 3496//3156 3992//3246 3497//3217
f 3497//3217 3993//3247 3491//3152
f 3993//3247 3983//3233 3971//3220
f 3993//3247 3984//3235 3983//3233
f 3993//3247 3992//3246 3984//3235
f 3984//3235 3992//3246 3985//3237
f 3985//3237 3992//3246 3991//3244
f 3986//3238 3991//3244 3990//3243
f 3987//3239 3990//3243 3989//3241
f 3988//3240 3987//3239 3989//3241
f 3985//3237 3991//3244 3986//3238
f 3986//3238 3990//3243 3987//3239
f 3983//3233 3982//3232 3971//3220
f 3971//3220 3982//3232 3970//3219
f 3970//3219 3982//3232 3981//3230
f 3972//3221 3981//3230 3980//3229
f 3973//3222 3980//3229 3979//3228
f 3974//3223 3979//3228 3978//3227
f 3975//3224 3978//3227 3977//3226
f 3976//3225 3975//3224 3977//3226
f 3970//3219 3981//3230 3972//3221
f 3972//3221 3980//3229 3973//3222
f 3973//3222 3979//3228 3974//3223
f 3974//3223 3978//3227 3975//3224
f 3898//3365 3897//3364 3487//3212
f 3487//3212 3897//3364 3494//3216
f 3898//3365 3487//3212 3830//3317
f 3830//3317 3487//3212 3484//3210
f 3916//3381 3830//3317 3484//3210
f 3455//3191 3882//3349 3461//3194
f 3461//3194 3882//3349 3881//3348
f 3880//3347 3461//3194 3881//3348
f 3880//3347 3464//3195 3461//3194
f 3880//3347 3879//3346 3464//3195
f 3464//3195 3879//3346 3467//3197
f 3467//3197 3879//3346 3883//3350
f 3475//3202 3883//3350 3884//3351
f 3477//3204 3884//3351 3885//3352
f 3479//3206 3885//3352 3887//3354
f 3480//3207 3887//3354 3870//3337
f 3478//3205 3870//3337 3918//3383
f 3476//3203 3918//3383 3917//3382
f 3474//3201 3917//3382 3913//3378
f 3469//3198 3913//3378 3914//3379
f 3471//3200 3914//3379 3915//3380
f 3481//3208 3915//3380 3916//3381
f 3484//3210 3481//3208 3916//3381
f 3467//3197 3883//3350 3475//3202
f 3475//3202 3884//3351 3477//3204
f 3477//3204 3885//3352 3479//3206
f 3479//3206 3887//3354 3480//3207
f 3480//3207 3870//3337 3478//3205
f 3478//3205 3918//3383 3476//3203
f 3476//3203 3917//3382 3474//3201
f 3474//3201 3913//3378 3469//3198
f 3469//3198 3914//3379 3471//3200
f 3471//3200 3915//3380 3481//3208
f 3882//3349 3455//3191 3674//3296
f 3674//3296 3455//3191 3452//3188
f 3935//3397 3674//3296 3452//3188
f 3934//3396 3935//3397 3454//3190
f 3454//3190 3935//3397 3452//3188
f 3944//3406 3943//3405 3435//3171
f 3435//3171 3943//3405 3442//3178
f 3944//3406 3435//3171 3782//3296
f 3782//3296 3435//3171 3432//3168
f 3945//3407 3782//3296 3432//3168
f 3403//3139 3878//3345 3409//3145
f 3409//3145 3878//3345 3877//3344
f 3876//3343 3409//3145 3877//3344
f 3876//3343 3412//3148 3409//3145
f 3876//3343 3875//3342 3412//3148
f 3412//3148 3875//3342 3415//3151
f 3415//3151 3875//3342 3874//3341
f 3422//3158 3874//3341 3873//3340
f 3424//3160 3873//3340 3871//3338
f 3426//3162 3871//3338 3872//3339
f 3428//3164 3872//3339 3886//3353
f 3427//3163 3886//3353 3888//3355
f 3425//3161 3888//3355 3889//3356
f 3423//3159 3889//3356 3919//3384
f 3417//3153 3919//3384 3920//3385
f 3419//3155 3920//3385 3921//3386
f 3429//3165 3921//3386 3945//3407
f 3432//3168 3429//3165 3945//3407
f 3415//3151 3874//3341 3422//3158
f 3422//3158 3873//3340 3424//3160
f 3424//3160 3871//3338 3426//3162
f 3426//3162 3872//3339 3428//3164
f 3428//3164 3886//3353 3427//3163
f 3427//3163 3888//3355 3425//3161
f 3425//3161 3889//3356 3423//3159
f 3423//3159 3919//3384 3417//3153
f 3417//3153 3920//3385 3419//3155
f 3419//3155 3921//3386 3429//3165
f 3878//3345 3403//3139 3754//3317
f 3754//3317 3403//3139 3400//3136
f 3912//3377 3754//3317 3400//3136
f 3911//3376 3912//3377 3402//3138
f 3402//3138 3912//3377 3400//3136
f 3994//3408 3447//3183 3995//3409
f 3994//3408 3449//3185 3447//3183
f 3994//3408 3996//3410 3449//3185
f 3449//3185 3996//3410 3176//2918
f 3176//2918 3996//3410 3997//3411
f 3177//2919 3997//3411 3197//2939
f 3177//2919 3176//2918 3997//3411
f 3997//3411 3998//3412 3197//2939
f 3197//2939 3998//3412 3198//2940
f 3198//2940 3998//3412 3999//3413
f 3225//2967 3999//3413 3201//2943
f 3225//2967 3198//2940 3999//3413
f 3999//3413 4000//3414 3201//2943
f 3201//2943 4000//3414 3202//2944
f 3202//2944 4000//3414 4001//3415
f 3204//2946 4001//3415 4002//3416
f 3205//2947 4002//3416 4003//3417
f 3207//2949 4003//3417 4004//3418
f 3208//2950 4004//3418 3210//2952
f 3208//2950 3207//2949 4004//3418
f 3202//2944 4001//3415 3204//2946
f 3204//2946 4002//3416 3205//2947
f 3205//2947 4003//3417 3207//2949
f 4004//3418 4005//3419 3210//2952
f 3210//2952 4005//3419 3211//2953
f 3211//2953 4005//3419 4006//3420
f 3226//2968 4006//3420 4007//3421
f 3227//2969 4007//3421 4008//3422
f 3228//2970 4008//3422 3230//2972
f 3228//2970 3227//2969 4008//3422
f 3211//2953 4006//3420 3226//2968
f 3226//2968 4007//3421 3227//2969
f 4008//3422 4009//3423 3230//2972
f 3230//2972 4009//3423 3231//2973
f 3231//2973 4009//3423 4010//3424
f 3399//3135 4010//3424 4011//3425
f 3401//3137 4011//3425 4012//3426
f 3402//3138 4012//3426 4013//3427
f 3910//3142 4013//3427 3909//3277
f 3910//3142 3402//3138 4013//3427
f 3910//3142 3911//3376 3402//3138
f 3231//2973 4010//3424 3399//3135
f 3399//3135 4011//3425 3401//3137
f 3401//3137 4012//3426 3402//3138
f 4013//3427 4014//3227 3909//3277
f 3909//3277 4014//3227 3908//3375
f 3908//3375 4014//3227 4015//3228
f 3907//3374 4015//3228 4016//3229
f 3906//3373 4016//3229 4017//3230
f 3448//3184 4017//3230 3995//3409
f 3447//3183 3448//3184 3995//3409
f 3908//3375 4015//3228 3907//3374
f 3907//3374 4016//3229 3906//3373
f 3906//3373 4017//3230 3448//3184
f 3604//3258 3906//3373 3448//3184
f 4017//3230 4007//3421 3995//3409
f 4017//3230 4008//3422 4007//3421
f 4017//3230 4016//3229 4008//3422
f 4008//3422 4016//3229 4009//3423
f 4009//3423 4016//3229 4015//3228
f 4010//3424 4015//3228 4014//3227
f 4011//3425 4014//3227 4013//3427
f 4012//3426 4011//3425 4013//3427
f 4009//3423 4015//3228 4010//3424
f 4010//3424 4014//3227 4011//3425
f 4007//3421 4006//3420 3995//3409
f 3995//3409 4006//3420 3994//3408
f 3994//3408 4006//3420 4005//3419
f 3996//3410 4005//3419 4004//3418
f 3997//3411 4004//3418 4003//3417
f 3998//3412 4003//3417 4002//3416
f 3999//3413 4002//3416 4001//3415
f 4000//3414 3999//3413 4001//3415
f 3994//3408 4005//3419 3996//3410
f 3996//3410 4004//3418 3997//3411
f 3997//3411 4003//3417 3998//3412
f 3998//3412 4002//3416 3999//3413
f 4018//3428 2942//2711 4019//3429
f 4018//3428 2945//2714 2942//2711
f 4018//3428 4020//3430 2945//2714
f 2945//2714 4020//3430 2946//2715
f 2946//2715 4020//3430 2970//2739
f 2970//2739 4020//3430 4021//3431
f 2971//2740 4021//3431 4022//3432
f 3451//3187 4022//3432 4023//3433
f 3453//3189 4023//3433 4024//3434
f 3454//3190 4024//3434 4025//3435
f 3933//3192 4025//3435 3932//3267
f 3933//3192 3454//3190 4025//3435
f 3933//3192 3934//3396 3454//3190
f 2970//2739 4021//3431 2971//2740
f 2971//2740 4022//3432 3451//3187
f 3451//3187 4023//3433 3453//3189
f 3453//3189 4024//3434 3454//3190
f 4025//3435 4026//3243 3932//3267
f 3932//3267 4026//3243 3931//3395
f 3931//3395 4026//3243 4027//3244
f 3930//3333 4027//3244 4028//3246
f 3929//3394 4028//3246 4029//3247
f 3110//2875 4029//3247 4030//3436
f 3106//2871 4030//3436 4031//3437
f 3105//2870 4031//3437 4032//3438
f 2917//2686 4032//3438 4033//3439
f 2918//2687 4033//3439 2924//2693
f 2918//2687 2917//2686 4033//3439
f 3931//3395 4027//3244 3930//3333
f 3930//3333 4028//3246 3929//3394
f 3929//3394 4029//3247 3110//2875
f 3603//3257 3929//3394 3110//2875
f 3110//2875 4030//3436 3106//2871
f 3106//2871 4031//3437 3105//2870
f 3105//2870 4032//3438 2917//2686
f 4033//3439 4034//3440 2924//2693
f 2924//2693 4034//3440 2927//2696
f 2927//2696 4034//3440 4035//3441
f 2928//2697 4035//3441 2930//2699
f 2928//2697 2927//2696 4035//3441
f 4035//3441 4036//3442 2930//2699
f 2930//2699 4036//3442 2931//2700
f 2931//2700 4036//3442 4037//3443
f 2933//2702 4037//3443 4038//3444
f 2935//2704 4038//3444 4039//3445
f 2936//2705 4039//3445 4040//3446
f 2938//2707 4040//3446 2939//2708
f 2938//2707 2936//2705 4040//3446
f 2931//2700 4037//3443 2933//2702
f 2933//2702 4038//3444 2935//2704
f 2935//2704 4039//3445 2936//2705
f 4040//3446 4041//3447 2939//2708
f 2939//2708 4041//3447 2941//2710
f 2941//2710 4041//3447 4019//3429
f 2942//2711 2941//2710 4019//3429
f 4041//3447 4031//3437 4019//3429
f 4041//3447 4032//3438 4031//3437
f 4041//3447 4040//3446 4032//3438
f 4032//3438 4040//3446 4033//3439
f 4033//3439 4040//3446 4039//3445
f 4034//3440 4039//3445 4038//3444
f 4035//3441 4038//3444 4037//3443
f 4036//3442 4035//3441 4037//3443
f 4033//3439 4039//3445 4034//3440
f 4034//3440 4038//3444 4035//3441
f 4031//3437 4030//3436 4019//3429
f 4019//3429 4030//3436 4018//3428
f 4018//3428 4030//3436 4029//3247
f 4020//3430 4029//3247 4028//3246
f 4021//3431 4028//3246 4027//3244
f 4022//3432 4027//3244 4026//3243
f 4023//3433 4026//3243 4025//3435
f 4024//3434 4023//3433 4025//3435
f 4018//3428 4029//3247 4020//3430
f 4020//3430 4028//3246 4021//3431
f 4021//3431 4027//3244 4022//3432
f 4022//3432 4026//3243 4023//3433
f 3085//2850 4042//3448 3074//2839
f 3074//2839 4042//3448 4043//3449
f 3073//2838 4043//3449 4044//3450
f 3075//2840 4044//3450 4045//3451
f 3057//2822 4045//3451 3056//2821
f 3057//2822 3075//2840 4045//3451
f 3074//2839 4043//3449 3073//2838
f 3073//2838 4044//3450 3075//2840
f 4045//3451 4046//3452 3056//2821
f 3056//2821 4046//3452 3054//2819
f 3054//2819 4046//3452 4047//3453
f 3086//2851 4047//3453 4048//3454
f 3048//2813 3086//2851 4048//3454
f 3054//2819 4047//3453 3086//2851
f 4047//3453 4043//3449 4048//3454
f 4047//3453 4046//3452 4043//3449
f 4043//3449 4046//3452 4045//3451
f 4044//3450 4043//3449 4045//3451
f 4043//3449 4042//3448 4048//3454
f 4048//3454 4042//3448 4049//3455
f 4050//3456 4048//3454 4049//3455
f 4050//3456 4051//3457 4048//3454
f 4050//3456 4052//3211 4051//3457
f 4051//3457 4052//3211 4053//3458
f 4054//3459 4053//3458 4055//3209
f 4056//3460 4055//3209 4057//3277
f 4058//3461 4057//3277 4059//3140
f 4060//3462 4059//3140 4061//3374
f 4062//3463 4061//3374 4063//3464
f 4064//3465 4063//3464 4065//3466
f 4064//3465 4062//3463 4063//3464
f 4066//3467 4067//3249 4042//3448
f 4066//3467 4068//3213 4067//3249
f 4066//3467 4069//3152 4068//3213
f 4066//3467 4070//3468 4069//3152
f 4069//3152 4070//3468 4071//3154
f 4071//3154 4070//3468 4072//3469
f 4073//3333 4072//3469 4074//3470
f 4075//3157 4074//3470 4076//3471
f 4077//3267 4076//3471 4078//3472
f 4079//3473 4078//3472 4080//3474
f 4081//3475 4079//3473 4080//3474
f 4081//3475 4082//3476 4079//3473
f 4081//3475 4083//3477 4082//3476
f 4082//3476 4083//3477 4084//3193
f 4084//3193 4083//3477 4085//3478
f 4086//3479 4085//3478 4087//3480
f 4088//3481 4087//3480 4089//3482
f 4090//3483 4089//3482 4091//3484
f 4092//3485 4090//3483 4091//3484
f 4092//3485 4093//3234 4090//3483
f 4092//3485 4094//3486 4093//3234
f 4093//3234 4094//3486 4095//3196
f 4095//3196 4094//3486 4096//3487
f 4097//3175 4096//3487 4065//3466
f 4063//3464 4097//3175 4065//3466
f 4071//3154 4072//3469 4073//3333
f 4073//3333 4074//3470 4075//3157
f 4075//3157 4076//3471 4077//3267
f 4077//3267 4078//3472 4079//3473
f 4084//3193 4085//3478 4086//3479
f 4086//3479 4087//3480 4088//3481
f 4088//3481 4089//3482 4090//3483
f 4095//3196 4096//3487 4097//3175
f 4062//3463 4060//3462 4061//3374
f 4060//3462 4058//3461 4059//3140
f 4058//3461 4056//3460 4057//3277
f 4056//3460 4054//3459 4055//3209
f 4054//3459 4051//3457 4053//3458
f 4067//3249 4098//3488 4042//3448
f 4042//3448 4098//3488 4049//3455
f 3085//2850 3084//2849 4042//3448
f 4042//3448 3084//2849 2995//2764
f 4066//3467 2995//2764 2992//2761
f 4066//3467 4042//3448 2995//2764
f 4099//3307 4100//3489 4101//3490
f 4099//3307 4102//3491 4100//3489
f 4099//3307 4103//3224 4102//3491
f 4102//3491 4103//3224 4104//3492
f 4105//3492 4104//3492 4106//3493
f 4107//3493 4106//3493 4108//3494
f 4109//3277 4108//3494 4110//3140
f 4109//3277 4107//3493 4108//3494
f 4109//3277 4111//3495 4107//3493
f 4107//3493 4111//3495 4112//3492
f 4105//3492 4112//3492 4113//3491
f 4102//3491 4113//3491 4100//3489
f 4102//3491 4105//3492 4113//3491
f 4102//3491 4104//3492 4105//3492
f 4103//3224 4114//3225 4104//3492
f 4104//3492 4114//3225 4115//3493
f 4106//3493 4115//3493 4116//3494
f 4108//3494 4116//3494 4117//3496
f 4110//3140 4117//3496 4118//3374
f 4110//3140 4108//3494 4117//3496
f 4114//3225 4119//3226 4115//3493
f 4115//3493 4119//3226 4120//3494
f 4116//3494 4120//3494 4121//3496
f 4117//3496 4121//3496 4122//3497
f 4118//3374 4122//3497 4123//3199
f 4118//3374 4117//3496 4122//3497
f 4119//3226 4124//3498 4120//3494
f 4120//3494 4124//3498 4125//3496
f 4121//3496 4125//3496 4126//3497
f 4122//3497 4126//3497 4127//3499
f 4123//3199 4127//3499 4128//3175
f 4123//3199 4122//3497 4127//3499
f 4124//3498 4129//3279 4125//3496
f 4125//3496 4129//3279 4130//3497
f 4126//3497 4130//3497 4131//3499
f 4127//3499 4131//3499 4132//981
f 4128//3175 4132//981 4133//3174
f 4128//3175 4127//3499 4132//981
f 4129//3279 4134//3280 4130//3497
f 4130//3497 4134//3280 4135//3499
f 4131//3499 4135//3499 4136//981
f 4132//981 4136//981 4137//3500
f 4133//3174 4137//3500 4138//3234
f 4133//3174 4132//981 4137//3500
f 4134//3280 4139//3281 4135//3499
f 4135//3499 4139//3281 4140//981
f 4136//981 4140//981 4141//3500
f 4137//3500 4141//3500 4142//3501
f 4138//3234 4142//3501 4143//3502
f 4138//3234 4137//3500 4142//3501
f 4139//3281 4144//3503 4140//981
f 4140//981 4144//3503 4145//3500
f 4141//3500 4145//3500 4146//3504
f 4142//3501 4146//3504 4143//3502
f 4142//3501 4141//3500 4146//3504
f 4144//3503 4147//3282 4145//3500
f 4145//3500 4147//3282 4148//3501
f 4146//3504 4148//3501 4149//3505
f 4143//3502 4146//3504 4149//3505
f 4147//3282 4150//3506 4148//3501
f 4148//3501 4150//3506 4149//3505
f 4111//3495 4151//3458 4112//3492
f 4112//3492 4151//3458 4152//3491
f 4113//3491 4152//3491 4153//3507
f 4100//3489 4153//3507 4101//3490
f 4100//3489 4113//3491 4153//3507
f 4151//3458 4154//3144 4152//3491
f 4152//3491 4154//3144 4155//3489
f 4153//3507 4155//3489 4156//3508
f 4101//3490 4153//3507 4156//3508
f 4154//3144 4157//3456 4155//3489
f 4155//3489 4157//3456 4156//3508
f 4152//3491 4155//3489 4153//3507
f 4112//3492 4152//3491 4113//3491
f 4106//3493 4104//3492 4115//3493
f 4107//3493 4112//3492 4105//3492
f 4106//3493 4107//3493 4105//3492
f 4116//3494 4115//3493 4120//3494
f 4108//3494 4106//3493 4116//3494
f 4121//3496 4120//3494 4125//3496
f 4117//3496 4116//3494 4121//3496
f 4126//3497 4125//3496 4130//3497
f 4122//3497 4121//3496 4126//3497
f 4131//3499 4130//3497 4135//3499
f 4127//3499 4126//3497 4131//3499
f 4136//981 4135//3499 4140//981
f 4132//981 4131//3499 4136//981
f 4141//3500 4140//981 4145//3500
f 4137//3500 4136//981 4141//3500
f 4146//3504 4145//3500 4148//3501
f 4101//3490 4156//3508 4158//3509
f 4158//3509 4156//3508 4159//3510
f 4160//3238 4161//3511 4162//3512
f 4160//3238 4163//3513 4161//3511
f 4160//3238 4164//3239 4163//3513
f 4163//3513 4164//3239 4165//3514
f 4166//3514 4165//3514 4167//3515
f 4168//3515 4167//3515 4169//3516
f 4170//3267 4169//3516 4171//3157
f 4170//3267 4168//3515 4169//3516
f 4170//3267 4172//3167 4168//3515
f 4168//3515 4172//3167 4173//3514
f 4166//3514 4173//3514 4174//3513
f 4163//3513 4174//3513 4161//3511
f 4163//3513 4166//3514 4174//3513
f 4163//3513 4165//3514 4166//3514
f 4164//3239 4175//3240 4165//3514
f 4165//3514 4175//3240 4176//3515
f 4167//3515 4176//3515 4177//3516
f 4169//3516 4177//3516 4178//3517
f 4171//3157 4178//3517 4179//3333
f 4171//3157 4169//3516 4178//3517
f 4175//3240 4180//3241 4176//3515
f 4176//3515 4180//3241 4181//3516
f 4177//3516 4181//3516 4182//3517
f 4178//3517 4182//3517 4183//3518
f 4179//3333 4183//3518 4184//3519
f 4179//3333 4178//3517 4183//3518
f 4180//3241 4185//3243 4181//3516
f 4181//3516 4185//3243 4186//3517
f 4182//3517 4186//3517 4187//3518
f 4183//3518 4187//3518 4188//3520
f 4184//3519 4188//3520 4189//3152
f 4184//3519 4183//3518 4188//3520
f 4185//3243 4190//3244 4186//3517
f 4186//3517 4190//3244 4191//3518
f 4187//3518 4191//3518 4192//3520
f 4188//3520 4192//3520 4193//1065
f 4189//3152 4193//1065 4194//3150
f 4189//3152 4188//3520 4193//1065
f 4190//3244 4195//3270 4191//3518
f 4191//3518 4195//3270 4196//3520
f 4192//3520 4196//3520 4197//1065
f 4193//1065 4197//1065 4198//3521
f 4194//3150 4198//3521 4199//3249
f 4194//3150 4193//1065 4198//3521
f 4195//3270 4200//3271 4196//3520
f 4196//3520 4200//3271 4201//1065
f 4197//1065 4201//1065 4202//3521
f 4198//3521 4202//3521 4203//3522
f 4199//3249 4203//3522 4159//3510
f 4199//3249 4198//3521 4203//3522
f 4200//3271 4204//3523 4201//1065
f 4201//1065 4204//3523 4205//3521
f 4202//3521 4205//3521 4206//3524
f 4203//3522 4206//3524 4159//3510
f 4203//3522 4202//3521 4206//3524
f 4204//3523 4207//3303 4205//3521
f 4205//3521 4207//3303 4208//3522
f 4206//3524 4208//3522 4158//3509
f 4159//3510 4206//3524 4158//3509
f 4207//3303 4209//3525 4208//3522
f 4208//3522 4209//3525 4158//3509
f 4172//3167 4210//3476 4173//3514
f 4173//3514 4210//3476 4211//3513
f 4174//3513 4211//3513 4212//3526
f 4161//3511 4212//3526 4162//3512
f 4161//3511 4174//3513 4212//3526
f 4210//3476 4213//3170 4211//3513
f 4211//3513 4213//3170 4214//3511
f 4212//3526 4214//3511 4215//3527
f 4162//3512 4212//3526 4215//3527
f 4213//3170 4216//3479 4214//3511
f 4214//3511 4216//3479 4215//3527
f 4211//3513 4214//3511 4212//3526
f 4173//3514 4211//3513 4174//3513
f 4167//3515 4165//3514 4176//3515
f 4168//3515 4173//3514 4166//3514
f 4167//3515 4168//3515 4166//3514
f 4177//3516 4176//3515 4181//3516
f 4169//3516 4167//3515 4177//3516
f 4182//3517 4181//3516 4186//3517
f 4178//3517 4177//3516 4182//3517
f 4187//3518 4186//3517 4191//3518
f 4183//3518 4182//3517 4187//3518
f 4192//3520 4191//3518 4196//3520
f 4188//3520 4187//3518 4192//3520
f 4197//1065 4196//3520 4201//1065
f 4193//1065 4192//3520 4197//1065
f 4202//3521 4201//1065 4205//3521
f 4198//3521 4197//1065 4202//3521
f 4206//3524 4205//3521 4208//3522
f 4162//3512 4215//3527 4149//3505
f 4149//3505 4215//3527 4143//3502
f 4162//3512 4149//3505 4101//3490
f 4158//3509 4162//3512 4101//3490
f 4158//3509 4209//3525 4162//3512
f 4162//3512 4209//3525 4207//3303
f 4204//3523 4162//3512 4207//3303
f 4204//3523 4200//3271 4162//3512
f 4162//3512 4200//3271 4195//3270
f 4190//3244 4162//3512 4195//3270
f 4190//3244 4160//3238 4162//3512
f 4190//3244 4185//3243 4160//3238
f 4160//3238 4185//3243 4164//3239
f 4164//3239 4185//3243 4180//3241
f 4175//3240 4164//3239 4180//3241
f 4149//3505 4150//3506 4101//3490
f 4101//3490 4150//3506 4147//3282
f 4144//3503 4101//3490 4147//3282
f 4144//3503 4139//3281 4101//3490
f 4101//3490 4139//3281 4134//3280
f 4129//3279 4101//3490 4134//3280
f 4129//3279 4124//3498 4101//3490
f 4101//3490 4124//3498 4099//3307
f 4099//3307 4124//3498 4103//3224
f 4103//3224 4124//3498 4119//3226
f 4114//3225 4103//3224 4119//3226
f 4217//3238 4218//3511 4219//3528
f 4217//3238 4220//3513 4218//3511
f 4217//3238 4221//3239 4220//3513
f 4220//3513 4221//3239 4222//3514
f 4223//3514 4222//3514 4224//3515
f 4225//3515 4224//3515 4226//3516
f 4077//3267 4226//3516 4075//3157
f 4077//3267 4225//3515 4226//3516
f 4077//3267 4079//3473 4225//3515
f 4225//3515 4079//3473 4227//3514
f 4223//3514 4227//3514 4228//3513
f 4220//3513 4228//3513 4218//3511
f 4220//3513 4223//3514 4228//3513
f 4220//3513 4222//3514 4223//3514
f 4221//3239 4229//3240 4222//3514
f 4222//3514 4229//3240 4230//3515
f 4224//3515 4230//3515 4231//3516
f 4226//3516 4231//3516 4232//3517
f 4075//3157 4232//3517 4073//3333
f 4075//3157 4226//3516 4232//3517
f 4229//3240 4233//3241 4230//3515
f 4230//3515 4233//3241 4234//3516
f 4231//3516 4234//3516 4235//3517
f 4232//3517 4235//3517 4236//3518
f 4073//3333 4236//3518 4071//3154
f 4073//3333 4232//3517 4236//3518
f 4233//3241 4237//3243 4234//3516
f 4234//3516 4237//3243 4238//3517
f 4235//3517 4238//3517 4239//3518
f 4236//3518 4239//3518 4240//3520
f 4071//3154 4240//3520 4069//3152
f 4071//3154 4236//3518 4240//3520
f 4237//3243 4241//3244 4238//3517
f 4238//3517 4241//3244 4242//3518
f 4239//3518 4242//3518 4243//3520
f 4240//3520 4243//3520 4244//1065
f 4069//3152 4244//1065 4068//3213
f 4069//3152 4240//3520 4244//1065
f 4241//3244 4245//3270 4242//3518
f 4242//3518 4245//3270 4246//3520
f 4243//3520 4246//3520 4247//1065
f 4244//1065 4247//1065 4248//3521
f 4068//3213 4248//3521 4067//3249
f 4068//3213 4244//1065 4248//3521
f 4245//3270 4249//3271 4246//3520
f 4246//3520 4249//3271 4250//1065
f 4247//1065 4250//1065 4251//3521
f 4248//3521 4251//3521 4252//3522
f 4067//3249 4252//3522 4098//3488
f 4067//3249 4248//3521 4252//3522
f 4249//3271 4253//3523 4250//1065
f 4250//1065 4253//3523 4254//3521
f 4251//3521 4254//3521 4255//3524
f 4252//3522 4255//3524 4098//3488
f 4252//3522 4251//3521 4255//3524
f 4253//3523 4256//3303 4254//3521
f 4254//3521 4256//3303 4257//3522
f 4255//3524 4257//3522 4258//3529
f 4098//3488 4255//3524 4258//3529
f 4256//3303 4259//3525 4257//3522
f 4257//3522 4259//3525 4258//3529
f 4079//3473 4082//3476 4227//3514
f 4227//3514 4082//3476 4260//3513
f 4228//3513 4260//3513 4261//3526
f 4218//3511 4261//3526 4219//3528
f 4218//3511 4228//3513 4261//3526
f 4082//3476 4084//3193 4260//3513
f 4260//3513 4084//3193 4262//3511
f 4261//3526 4262//3511 4088//3481
f 4219//3528 4261//3526 4088//3481
f 4084//3193 4086//3479 4262//3511
f 4262//3511 4086//3479 4088//3481
f 4260//3513 4262//3511 4261//3526
f 4227//3514 4260//3513 4228//3513
f 4224//3515 4222//3514 4230//3515
f 4225//3515 4227//3514 4223//3514
f 4224//3515 4225//3515 4223//3514
f 4231//3516 4230//3515 4234//3516
f 4226//3516 4224//3515 4231//3516
f 4235//3517 4234//3516 4238//3517
f 4232//3517 4231//3516 4235//3517
f 4239//3518 4238//3517 4242//3518
f 4236//3518 4235//3517 4239//3518
f 4243//3520 4242//3518 4246//3520
f 4240//3520 4239//3518 4243//3520
f 4247//1065 4246//3520 4250//1065
f 4244//1065 4243//3520 4247//1065
f 4251//3521 4250//1065 4254//3521
f 4248//3521 4247//1065 4251//3521
f 4255//3524 4254//3521 4257//3522
f 4219//3528 4088//3481 4263//3530
f 4263//3530 4088//3481 4090//3483
f 4264//3307 4265//3489 4266//3531
f 4264//3307 4267//3491 4265//3489
f 4264//3307 4268//3224 4267//3491
f 4267//3491 4268//3224 4269//3492
f 4270//3492 4269//3492 4271//3493
f 4272//3493 4271//3493 4273//3494
f 4057//3277 4273//3494 4059//3140
f 4057//3277 4272//3493 4273//3494
f 4057//3277 4055//3209 4272//3493
f 4272//3493 4055//3209 4274//3492
f 4270//3492 4274//3492 4275//3491
f 4267//3491 4275//3491 4265//3489
f 4267//3491 4270//3492 4275//3491
f 4267//3491 4269//3492 4270//3492
f 4268//3224 4276//3225 4269//3492
f 4269//3492 4276//3225 4277//3493
f 4271//3493 4277//3493 4278//3494
f 4273//3494 4278//3494 4279//3496
f 4059//3140 4279//3496 4061//3374
f 4059//3140 4273//3494 4279//3496
f 4276//3225 4280//3226 4277//3493
f 4277//3493 4280//3226 4281//3494
f 4278//3494 4281//3494 4282//3496
f 4279//3496 4282//3496 4283//3497
f 4061//3374 4283//3497 4063//3464
f 4061//3374 4279//3496 4283//3497
f 4280//3226 4284//3498 4281//3494
f 4281//3494 4284//3498 4285//3496
f 4282//3496 4285//3496 4286//3497
f 4283//3497 4286//3497 4287//3499
f 4063//3464 4287//3499 4097//3175
f 4063//3464 4283//3497 4287//3499
f 4284//3498 4288//3279 4285//3496
f 4285//3496 4288//3279 4289//3497
f 4286//3497 4289//3497 4290//3499
f 4287//3499 4290//3499 4291//981
f 4097//3175 4291//981 4095//3196
f 4097//3175 4287//3499 4291//981
f 4288//3279 4292//3280 4289//3497
f 4289//3497 4292//3280 4293//3499
f 4290//3499 4293//3499 4294//981
f 4291//981 4294//981 4295//3500
f 4095//3196 4295//3500 4093//3234
f 4095//3196 4291//981 4295//3500
f 4292//3280 4296//3281 4293//3499
f 4293//3499 4296//3281 4297//981
f 4294//981 4297//981 4298//3500
f 4295//3500 4298//3500 4299//3501
f 4093//3234 4299//3501 4090//3483
f 4093//3234 4295//3500 4299//3501
f 4296//3281 4300//3503 4297//981
f 4297//981 4300//3503 4301//3500
f 4298//3500 4301//3500 4302//3504
f 4299//3501 4302//3504 4090//3483
f 4299//3501 4298//3500 4302//3504
f 4300//3503 4303//3282 4301//3500
f 4301//3500 4303//3282 4304//3501
f 4302//3504 4304//3501 4263//3530
f 4090//3483 4302//3504 4263//3530
f 4303//3282 4305//3506 4304//3501
f 4304//3501 4305//3506 4263//3530
f 4055//3209 4053//3458 4274//3492
f 4274//3492 4053//3458 4306//3491
f 4275//3491 4306//3491 4307//3507
f 4265//3489 4307//3507 4266//3531
f 4265//3489 4275//3491 4307//3507
f 4053//3458 4052//3211 4306//3491
f 4306//3491 4052//3211 4308//3489
f 4307//3507 4308//3489 4049//3455
f 4266//3531 4307//3507 4049//3455
f 4052//3211 4050//3456 4308//3489
f 4308//3489 4050//3456 4049//3455
f 4306//3491 4308//3489 4307//3507
f 4274//3492 4306//3491 4275//3491
f 4271//3493 4269//3492 4277//3493
f 4272//3493 4274//3492 4270//3492
f 4271//3493 4272//3493 4270//3492
f 4278//3494 4277//3493 4281//3494
f 4273//3494 4271//3493 4278//3494
f 4282//3496 4281//3494 4285//3496
f 4279//3496 4278//3494 4282//3496
f 4286//3497 4285//3496 4289//3497
f 4283//3497 4282//3496 4286//3497
f 4290//3499 4289//3497 4293//3499
f 4287//3499 4286//3497 4290//3499
f 4294//981 4293//3499 4297//981
f 4291//981 4290//3499 4294//981
f 4298//3500 4297//981 4301//3500
f 4295//3500 4294//981 4298//3500
f 4302//3504 4301//3500 4304//3501
f 4266//3531 4049//3455 4258//3529
f 4258//3529 4049//3455 4098//3488
f 4259//3525 4219//3528 4258//3529
f 4259//3525 4256//3303 4219//3528
f 4219//3528 4256//3303 4253//3523
f 4249//3271 4219//3528 4253//3523
f 4249//3271 4245//3270 4219//3528
f 4219//3528 4245//3270 4241//3244
f 4217//3238 4241//3244 4237//3243
f 4221//3239 4237//3243 4233//3241
f 4229//3240 4221//3239 4233//3241
f 4219//3528 4241//3244 4217//3238
f 4217//3238 4237//3243 4221//3239
f 4219//3528 4263//3530 4258//3529
f 4258//3529 4263//3530 4266//3531
f 4266//3531 4263//3530 4305//3506
f 4303//3282 4266//3531 4305//3506
f 4303//3282 4300//3503 4266//3531
f 4266//3531 4300//3503 4296//3281
f 4292//3280 4266//3531 4296//3281
f 4292//3280 4288//3279 4266//3531
f 4266//3531 4288//3279 4284//3498
f 4264//3307 4284//3498 4268//3224
f 4264//3307 4266//3531 4284//3498
f 4284//3498 4280//3226 4268//3224
f 4268//3224 4280//3226 4276//3225
f 3358//3094 4309//3532 3352//3088
f 3352//3088 4309//3532 4310//3533
f 3351//3087 4310//3533 4311//3534
f 3353//3089 4311//3534 4312//3535
f 3354//3090 4312//3535 3355//3091
f 3354//3090 3353//3089 4312//3535
f 3352//3088 4310//3533 3351//3087
f 3351//3087 4311//3534 3353//3089
f 4312//3535 4313//3536 3355//3091
f 3355//3091 4313//3536 3356//3092
f 3356//3092 4313//3536 4314//3537
f 3333//3069 4314//3537 4315//3538
f 3309//3045 3333//3069 4315//3538
f 3356//3092 4314//3537 3333//3069
f 4157//3456 4316//3539 4156//3508
f 4157//3456 4317//3540 4316//3539
f 4157//3456 4154//3144 4317//3540
f 4317//3540 4154//3144 4318//3541
f 4318//3541 4154//3144 4151//3458
f 4319//3542 4151//3458 4111//3495
f 4320//3543 4111//3495 4321//3544
f 4320//3543 4319//3542 4111//3495
f 4318//3541 4151//3458 4319//3542
f 4111//3495 4109//3277 4321//3544
f 4321//3544 4109//3277 4322//3545
f 4322//3545 4109//3277 4110//3140
f 4323//3546 4110//3140 4118//3374
f 4324//3547 4118//3374 4123//3199
f 4325//3548 4123//3199 4128//3175
f 4326//3549 4128//3175 4133//3174
f 4138//3234 4326//3549 4133//3174
f 4138//3234 4309//3532 4326//3549
f 4138//3234 4143//3502 4309//3532
f 4309//3532 4143//3502 4315//3538
f 4310//3533 4315//3538 4311//3534
f 4310//3533 4309//3532 4315//3538
f 4322//3545 4110//3140 4323//3546
f 4323//3546 4118//3374 4324//3547
f 4324//3547 4123//3199 4325//3548
f 4325//3548 4128//3175 4326//3549
f 4143//3502 4215//3527 4315//3538
f 4315//3538 4215//3527 4216//3479
f 4327//3550 4216//3479 4213//3170
f 4210//3476 4327//3550 4213//3170
f 4210//3476 4328//3551 4327//3550
f 4210//3476 4172//3167 4328//3551
f 4328//3551 4172//3167 4329//3552
f 4329//3552 4172//3167 4170//3267
f 4330//3553 4170//3267 4171//3157
f 4331//3554 4171//3157 4179//3333
f 4332//3555 4179//3333 4184//3519
f 4333//3556 4184//3519 4334//3557
f 4333//3556 4332//3555 4184//3519
f 4315//3538 4216//3479 4327//3550
f 4329//3552 4170//3267 4330//3553
f 4330//3553 4171//3157 4331//3554
f 4331//3554 4179//3333 4332//3555
f 4184//3519 4189//3152 4334//3557
f 4334//3557 4189//3152 4335//3558
f 4335//3558 4189//3152 4194//3150
f 4336//3559 4194//3150 4199//3249
f 4337//3560 4199//3249 4159//3510
f 4338//3561 4159//3510 4156//3508
f 4339//3562 4156//3508 4316//3539
f 4339//3562 4338//3561 4156//3508
f 4335//3558 4194//3150 4336//3559
f 4336//3559 4199//3249 4337//3560
f 4337//3560 4159//3510 4338//3561
f 4314//3537 4313//3536 4315//3538
f 4315//3538 4313//3536 4312//3535
f 4311//3534 4315//3538 4312//3535
f 3358//3094 3357//3093 4309//3532
f 4309//3532 3357//3093 3259//3000
f 4326//3549 3259//3000 3256//2997
f 4326//3549 4309//3532 3259//3000
f 3037//2802 4051//3457 3043//2808
f 3043//2808 4051//3457 4054//3459
f 3044//2809 4054//3459 4056//3460
f 3045//2810 4056//3460 3034//2799
f 3045//2810 3044//2809 4056//3460
f 3043//2808 4054//3459 3044//2809
f 4056//3460 4058//3461 3034//2799
f 3034//2799 4058//3461 3112//2877
f 3112//2877 4058//3461 4060//3462
f 3113//2878 4060//3462 3115//2880
f 3113//2878 3112//2877 4060//3462
f 4060//3462 4062//3463 3115//2880
f 3115//2880 4062//3463 3605//3259
f 3605//3259 4062//3463 3905//3372
f 3905//3372 4062//3463 4064//3465
f 3904//3371 4064//3465 4065//3466
f 3903//3370 4065//3466 4096//3487
f 3902//3369 4096//3487 4094//3486
f 3901//3368 4094//3486 4092//3485
f 3900//3367 4092//3485 4091//3484
f 3899//3366 3900//3367 4091//3484
f 3905//3372 4064//3465 3904//3371
f 3904//3371 4065//3466 3903//3370
f 3903//3370 4096//3487 3902//3369
f 3902//3369 4094//3486 3901//3368
f 3901//3368 4092//3485 3900//3367
f 4089//3482 3891//3358 4091//3484
f 4091//3484 3891//3358 3899//3366
f 3891//3358 4089//3482 3890//3357
f 3890//3357 4089//3482 4087//3480
f 3892//3359 4087//3480 4085//3478
f 3893//3360 4085//3478 4083//3477
f 3894//3361 4083//3477 4081//3475
f 3895//3362 4081//3475 4080//3474
f 3896//3363 4080//3474 4078//3472
f 3897//3364 4078//3472 3494//3216
f 3897//3364 3896//3363 4078//3472
f 3890//3357 4087//3480 3892//3359
f 3892//3359 4085//3478 3893//3360
f 3893//3360 4083//3477 3894//3361
f 3894//3361 4081//3475 3895//3362
f 3895//3362 4080//3474 3896//3363
f 4078//3472 4076//3471 3494//3216
f 3494//3216 4076//3471 3493//3215
f 3493//3215 4076//3471 3492//3214
f 3492//3214 4076//3471 4074//3470
f 2882//2674 4074//3470 4072//3469
f 2994//2763 4072//3469 2993//2762
f 2994//2763 2882//2674 4072//3469
f 3492//3214 4074//3470 2882//2674
f 4072//3469 4070//3468 2993//2762
f 2993//2762 4070//3468 2991//2760
f 2991//2760 4070//3468 4066//3467
f 2992//2761 2991//2760 4066//3467
f 3048//2813 4048//3454 3046//2811
f 3046//2811 4048//3454 3036//2801
f 3036//2801 4048//3454 4051//3457
f 3037//2802 3036//2801 4051//3457
f 3298//3034 4327//3550 3304//3040
f 3304//3040 4327//3550 4328//3551
f 3305//3041 4328//3551 4329//3552
f 3306//3042 4329//3552 3295//3032
f 3306//3042 3305//3041 4329//3552
f 3304//3040 4328//3551 3305//3041
f 4329//3552 4330//3553 3295//3032
f 3295//3032 4330//3553 3395//3131
f 3395//3131 4330//3553 4331//3554
f 3396//3132 4331//3554 3398//3134
f 3396//3132 3395//3131 4331//3554
f 4331//3554 4332//3555 3398//3134
f 3398//3134 4332//3555 3602//3256
f 3602//3256 4332//3555 3928//3393
f 3928//3393 4332//3555 4333//3556
f 3927//3392 4333//3556 4334//3557
f 3926//3391 4334//3557 4335//3558
f 3925//3390 4335//3558 4336//3559
f 3924//3389 4336//3559 4337//3560
f 3923//3388 4337//3560 4338//3561
f 3922//3387 3923//3388 4338//3561
f 3928//3393 4333//3556 3927//3392
f 3927//3392 4334//3557 3926//3391
f 3926//3391 4335//3558 3925//3390
f 3925//3390 4336//3559 3924//3389
f 3924//3389 4337//3560 3923//3388
f 4339//3562 3937//3399 4338//3561
f 4338//3561 3937//3399 3922//3387
f 3937//3399 4339//3562 3936//3398
f 3936//3398 4339//3562 4316//3539
f 3938//3400 4316//3539 4317//3540
f 3939//3401 4317//3540 4318//3541
f 3940//3402 4318//3541 4319//3542
f 3941//3403 4319//3542 4320//3543
f 3942//3404 4320//3543 4321//3544
f 3943//3405 4321//3544 3442//3178
f 3943//3405 3942//3404 4321//3544
f 3936//3398 4316//3539 3938//3400
f 3938//3400 4317//3540 3939//3401
f 3939//3401 4318//3541 3940//3402
f 3940//3402 4319//3542 3941//3403
f 3941//3403 4320//3543 3942//3404
f 4321//3544 4322//3545 3442//3178
f 3442//3178 4322//3545 3441//3177
f 3441//3177 4322//3545 3440//3176
f 3440//3176 4322//3545 4323//3546
f 3139//2904 4323//3546 4324//3547
f 3258//2999 4324//3547 3257//2998
f 3258//2999 3139//2904 4324//3547
f 3440//3176 4323//3546 3139//2904
f 4324//3547 4325//3548 3257//2998
f 3257//2998 4325//3548 3255//2996
f 3255//2996 4325//3548 4326//3549
f 3256//2997 3255//2996 4326//3549
f 3309//3045 4315//3538 3307//3043
f 3307//3043 4315//3538 3297//3033
f 3297//3033 4315//3538 4327//3550
f 3298//3034 3297//3033 4327//3550
f 4340//3563 4341//3564 1077//894
f 1077//894 4341//3564 1076//893
f 4341//3564 4342//3565 1076//893
f 1076//893 4342//3565 1075//892
f 1075//892 4342//3565 4343//3566
f 1071//888 4343//3566 4344//3567
f 1070//887 4344//3567 4345//3568
f 1068//885 4345//3568 4346//3569
f 1067//884 4346//3569 4347//3570
f 1066//883 4347//3570 4348//3571
f 1065//882 4348//3571 4349//3572
f 1064//881 4349//3572 4350//3573
f 1063//880 4350//3573 4351//3574
f 1062//879 4351//3574 4352//3575
f 1060//877 4352//3575 4353//3576
f 1059//876 4353//3576 4354//3577
f 1058//875 4354//3577 4355//3578
f 1078//895 4355//3578 4356//3579
f 1079//896 4356//3579 4357//3580
f 1080//897 4357//3580 4358//3581
f 1081//898 4358//3581 4359//3582
f 1082//899 4359//3582 4360//3583
f 1056//873 4360//3583 4361//3584
f 1055//872 4361//3584 4362//3585
f 1053//870 4362//3585 4363//3586
f 1052//869 4363//3586 4364//3587
f 1051//868 4364//3587 4365//3588
f 1049//866 4365//3588 4366//3589
f 1048//865 4366//3589 1047//864
f 1048//865 1049//866 4366//3589
f 1075//892 4343//3566 1071//888
f 1071//888 4344//3567 1070//887
f 1070//887 4345//3568 1068//885
f 1068//885 4346//3569 1067//884
f 1067//884 4347//3570 1066//883
f 1066//883 4348//3571 1065//882
f 1065//882 4349//3572 1064//881
f 1064//881 4350//3573 1063//880
f 1063//880 4351//3574 1062//879
f 1062//879 4352//3575 1060//877
f 1060//877 4353//3576 1059//876
f 1059//876 4354//3577 1058//875
f 1058//875 4355//3578 1078//895
f 1078//895 4356//3579 1079//896
f 1079//896 4357//3580 1080//897
f 1080//897 4358//3581 1081//898
f 1081//898 4359//3582 1082//899
f 1082//899 4360//3583 1056//873
f 1056//873 4361//3584 1055//872
f 1055//872 4362//3585 1053//870
f 1053//870 4363//3586 1052//869
f 1052//869 4364//3587 1051//868
f 1051//868 4365//3588 1049//866
f 4366//3589 4367//3590 1047//864
f 4367//3590 4368//3591 1047//864
f 1047//864 4368//3591 1045//862
f 917//734 3368//3104 916//733
f 917//734 3367//3103 3368//3104
f 917//734 919//736 3367//3103
f 3367//3103 919//736 3369//3105
f 3369//3105 919//736 921//738
f 3370//3106 921//738 923//740
f 3371//3107 923//740 925//742
f 3372//3108 925//742 927//744
f 3374//3110 927//744 929//746
f 3376//3112 929//746 931//748
f 3117//2882 931//748 904//721
f 3117//2882 3376//3112 931//748
f 3369//3105 921//738 3370//3106
f 3370//3106 923//740 3371//3107
f 3371//3107 925//742 3372//3108
f 3372//3108 927//744 3374//3110
f 3374//3110 929//746 3376//3112
f 931//748 933//750 904//721
f 904//721 933//750 905//722
f 905//722 933//750 1018//835
f 1018//835 933//750 1031//848
f 1031//848 933//750 935//752
f 1030//847 935//752 937//754
f 1032//849 937//754 939//756
f 1033//850 939//756 941//758
f 1034//851 941//758 943//760
f 1035//852 943//760 945//762
f 1037//854 945//762 947//764
f 1041//858 947//764 949//766
f 1044//861 949//766 1084//901
f 1044//861 1041//858 949//766
f 1031//848 935//752 1030//847
f 1030//847 937//754 1032//849
f 1032//849 939//756 1033//850
f 1033//850 941//758 1034//851
f 1034//851 943//760 1035//852
f 1035//852 945//762 1037//854
f 1037//854 947//764 1041//858
f 949//766 951//768 1084//901
f 1084//901 951//768 3095//2860
f 3095//2860 951//768 953//770
f 3094//2859 953//770 955//772
f 3096//2861 955//772 957//774
f 3097//2862 957//774 959//776
f 3098//2863 959//776 961//778
f 3099//2864 961//778 963//780
f 3101//2866 963//780 965//782
f 3103//2868 965//782 967//784
f 1074//891 967//784 1077//894
f 1074//891 3103//2868 967//784
f 3095//2860 953//770 3094//2859
f 3094//2859 955//772 3096//2861
f 3096//2861 957//774 3097//2862
f 3097//2862 959//776 3098//2863
f 3098//2863 961//778 3099//2864
f 3099//2864 963//780 3101//2866
f 3101//2866 965//782 3103//2868
f 967//784 969//786 1077//894
f 1077//894 969//786 1045//862
f 4340//3563 1045//862 4368//3591
f 4340//3563 1077//894 1045//862
f 971//788 3385//3121 969//786
f 971//788 3384//3120 3385//3121
f 971//788 973//790 3384//3120
f 3384//3120 973//790 3386//3122
f 3386//3122 973//790 975//792
f 3387//3123 975//792 977//794
f 3388//3124 977//794 979//796
f 3389//3125 979//796 981//798
f 3391//3127 981//798 983//800
f 3393//3129 983//800 985//802
f 3378//3114 985//802 3361//3097
f 3378//3114 3393//3129 985//802
f 3386//3122 975//792 3387//3123
f 3387//3123 977//794 3388//3124
f 3388//3124 979//796 3389//3125
f 3389//3125 981//798 3391//3127
f 3391//3127 983//800 3393//3129
f 985//802 916//733 3361//3097
f 3361//3097 916//733 3368//3104
f 3385//3121 1046//863 969//786
f 969//786 1046//863 1045//862
f 4342//3565 4341//3564 4367//3590
f 4366//3589 4342//3565 4367//3590
f 4366//3589 4343//3566 4342//3565
f 4366//3589 4365//3588 4343//3566
f 4343//3566 4365//3588 4344//3567
f 4344//3567 4365//3588 4364//3587
f 4345//3568 4364//3587 4363//3586
f 4346//3569 4363//3586 4362//3585
f 4347//3570 4362//3585 4361//3584
f 4360//3583 4347//3570 4361//3584
f 4360//3583 4348//3571 4347//3570
f 4360//3583 4359//3582 4348//3571
f 4348//3571 4359//3582 4349//3572
f 4349//3572 4359//3582 4358//3581
f 4350//3573 4358//3581 4357//3580
f 4351//3574 4357//3580 4356//3579
f 4352//3575 4356//3579 4355//3578
f 4353//3576 4355//3578 4354//3577
f 4353//3576 4352//3575 4355//3578
f 4368//3591 4367//3590 4340//3563
f 4340//3563 4367//3590 4341//3564
f 4344//3567 4364//3587 4345//3568
f 4345//3568 4363//3586 4346//3569
f 4346//3569 4362//3585 4347//3570
f 4349//3572 4358//3581 4350//3573
f 4350//3573 4357//3580 4351//3574
f 4351//3574 4356//3579 4352//3575
f 390//358 445//413 391//359
f 391//359 445//413 484//452
f 462//430 375//343 460//428
f 460//428 375//343 374//342
f 3116//2881 4369//2881 3122//2887
f 3122//2887 4369//2881 4370//3592
f 3123//2888 4370//3592 4371//3593
f 3124//2889 4371//3593 4372//3594
f 3125//2890 4372//3594 4373//3595
f 3126//2891 4373//3595 4374//3596
f 3127//2892 4374//3596 4375//3597
f 3127//2892 3126//2891 4374//3596
f 3122//2887 4370//3592 3123//2888
f 3123//2888 4371//3593 3124//2889
f 3124//2889 4372//3594 3125//2890
f 3125//2890 4373//3595 3126//2891
f 2802//2594 4376//3598 2803//2595
f 2802//2594 2804//2596 4376//3598
f 4376//3598 2804//2596 2805//2597
f 2806//2598 4376//3598 2805//2597
f 2806//2598 2807//2599 4376//3598
f 4376//3598 2807//2599 2808//2600
f 4377//3599 2808//2600 2809//2601
f 2810//2602 4377//3599 2809//2601
f 2810//2602 2811//2603 4377//3599
f 4377//3599 2811//2603 2812//2604
f 2813//2605 4377//3599 2812//2604
f 2813//2605 2814//2606 4377//3599
f 4377//3599 2814//2606 4369//2881
f 4369//2881 2814//2606 2815//2607
f 2816//2608 4369//2881 2815//2607
f 2816//2608 2817//2609 4369//2881
f 4369//2881 2817//2609 2818//2610
f 2847//2639 4369//2881 2818//2610
f 2847//2639 4375//3597 4369//2881
f 2847//2639 2846//2638 4375//3597
f 4375//3597 2846//2638 2845//2637
f 2844//2636 4375//3597 2845//2637
f 2844//2636 2843//2635 4375//3597
f 4375//3597 2843//2635 2842//2634
f 2841//2633 4375//3597 2842//2634
f 2841//2633 4378//3600 4375//3597
f 2841//2633 2840//2632 4378//3600
f 4378//3600 2840//2632 2839//2631
f 2838//2630 4378//3600 2839//2631
f 2838//2630 2837//2629 4378//3600
f 4378//3600 2837//2629 2836//2628
f 2835//2627 4378//3600 2836//2628
f 2835//2627 4379//3601 4378//3600
f 2835//2627 2834//2626 4379//3601
f 4379//3601 2834//2626 2833//2625
f 2832//2624 4379//3601 2833//2625
f 2832//2624 2831//2623 4379//3601
f 4379//3601 2831//2623 2830//2622
f 2829//2621 4379//3601 2830//2622
f 2829//2621 4380//3602 4379//3601
f 2829//2621 2828//2620 4380//3602
f 4380//3602 2828//2620 2827//2619
f 2826//2618 4380//3602 2827//2619
f 2826//2618 2825//2617 4380//3602
f 4380//3602 2825//2617 2824//2616
f 4381//3603 2824//2616 2823//2615
f 2822//2614 4381//3603 2823//2615
f 2822//2614 2821//2613 4381//3603
f 4381//3603 2821//2613 2819//2611
f 2820//2612 4381//3603 2819//2611
f 2820//2612 2803//2595 4381//3603
f 4381//3603 2803//2595 4376//3598
f 4376//3598 2808//2600 4377//3599
f 4382//3604 4376//3598 4377//3599
f 4382//3604 4383//3605 4376//3598
f 4376//3598 4383//3605 4384//3606
f 4385//3607 4376//3598 4384//3606
f 4385//3607 4386//3608 4376//3598
f 4380//3602 2824//2616 4381//3603
f 4387//3609 4381//3603 4388//3610
f 4387//3609 4380//3602 4381//3603
f 4374//3596 4373//3595 4375//3597
f 4375//3597 4373//3595 4372//3594
f 4371//3593 4375//3597 4372//3594
f 4371//3593 4370//3592 4375//3597
f 4375//3597 4370//3592 4369//2881
f 4389//3611 4390//3612 4381//3603
f 4381//3603 4390//3612 4391//3613
f 4388//3610 4381//3603 4391//3613
f 4379//3601 4392//3614 4378//3600
f 4378//3600 4392//3614 4393//3615
f 4394//3616 4378//3600 4393//3615
f 4394//3616 4395//3617 4378//3600
f 4378//3600 4395//3617 4396//3618
f 3116//2881 904//721 4369//2881
f 4369//2881 904//721 4377//3599
f 4377//3599 904//721 906//723
f 1005//822 4376//3598 1012//829
f 1012//829 4376//3598 4386//3608
f 1013//830 4386//3608 4385//3607
f 1014//831 4385//3607 4384//3606
f 1015//832 4384//3606 4383//3605
f 1016//833 4383//3605 4382//3604
f 912//729 4382//3604 4377//3599
f 910//727 4377//3599 908//725
f 910//727 912//729 4377//3599
f 1012//829 4386//3608 1013//830
f 1013//830 4385//3607 1014//831
f 1014//831 4384//3606 1015//832
f 1015//832 4383//3605 1016//833
f 1016//833 4382//3604 912//729
f 4377//3599 906//723 908//725
f 3128//2893 4378//3600 3129//2894
f 3129//2894 4378//3600 4396//3618
f 3130//2895 4396//3618 4395//3617
f 3131//2896 4395//3617 4394//3616
f 3132//2897 4394//3616 4393//3615
f 3133//2898 4393//3615 4392//3614
f 3134//2899 4392//3614 4379//3601
f 3134//2899 3133//2898 4392//3614
f 3129//2894 4396//3618 3130//2895
f 3130//2895 4395//3617 3131//2896
f 3131//2896 4394//3616 3132//2897
f 3132//2897 4393//3615 3133//2898
f 3134//2899 4379//3601 905//722
f 905//722 4379//3601 4380//3602
f 907//724 905//722 4380//3602
f 4387//3609 913//730 4380//3602
f 4387//3609 1011//828 913//730
f 4387//3609 4388//3610 1011//828
f 1011//828 4388//3610 1010//827
f 1010//827 4388//3610 4391//3613
f 1009//826 4391//3613 4390//3612
f 1008//825 4390//3612 4389//3611
f 1007//824 4389//3611 4381//3603
f 1006//823 1007//824 4381//3603
f 1010//827 4391//3613 1009//826
f 1009//826 4390//3612 1008//825
f 1008//825 4389//3611 1007//824
f 913//730 911//728 4380//3602
f 4380//3602 911//728 909//726
f 907//724 4380//3602 909//726
f 4375//3597 4378//3600 3127//2892
f 3127//2892 4378//3600 3128//2893
f 1005//822 1006//823 4376//3598
f 4376//3598 1006//823 4381//3603
# Vertices: 4396, normals: 3618, texture coordinates: 0, faces: 8792

