# WaveFront *.obj file (generated by Autodesk ATF)

mtllib doorhandle.mtl

g 솔리드1

v -53.499999 -2.500000 -6.000000
v -53.499999 -2.500000 6.000000
v -53.499999 0.500000 -6.000000
v -53.499999 0.500000 6.000000
v -53.366027 -3.000000 -6.000000
v -53.366027 -3.000000 6.000000
v -53.366027 1.000000 -6.000000
v -53.366027 1.000000 6.000000
v -53.353171 -2.500000 -6.927051
v -53.353171 -2.500000 6.927051
v -53.353171 0.500000 -6.927051
v -53.353171 0.500000 6.927051
v -53.147864 -3.000000 -7.096781
v -53.147864 -3.000000 7.096781
v -53.147864 1.000000 -7.096781
v -53.147864 1.000000 7.096781
v -53.000002 -3.366025 -6.000000
v -53.000002 -3.366025 6.000000
v -53.000002 1.366025 -6.000000
v -53.000002 1.366025 6.000000
v -52.927051 -2.500000 -7.763356
v -52.927051 -2.500000 7.763356
v -52.927051 0.500000 -7.763356
v -52.927051 0.500000 7.763356
v -52.809701 -3.366025 -6.956708
v -52.809701 -3.366025 6.956708
v -52.809701 1.366025 -6.956708
v -52.809701 1.366025 6.956708
v -52.526584 -3.000000 -8.026586
v -52.526584 -3.000000 8.026586
v -52.526584 1.000000 -8.026586
v -52.526584 1.000000 8.026586
v -52.500000 -3.500000 -6.000000
v -52.500000 -3.500000 6.000000
v -52.500000 1.500000 -6.000000
v -52.500000 1.500000 6.000000
v -52.347760 -3.500000 -6.765367
v -52.347760 -3.500000 6.765367
v -52.347760 1.500000 -6.765367
v -52.347760 1.500000 6.765367
v -52.325263 1.500000 0.000000
v -52.267766 -3.366025 -7.767767
v -52.267766 -3.366025 7.767767
v -52.267766 1.366025 -7.767767
v -52.267766 1.366025 7.767767
v -52.263355 -2.500000 -8.427051
v -52.263355 -2.500000 8.427051
v -52.263355 0.500000 -8.427051
v -52.263355 0.500000 8.427051
v -52.102981 1.500000 -1.759546
v -52.102981 1.500000 1.759546
v -51.914215 -3.500000 -7.414213
v -51.914215 -3.500000 7.414213
v -51.914215 1.500000 -7.414213
v -51.914215 1.500000 7.414213
v -51.596780 -3.000000 -8.647862
v -51.596780 -3.000000 8.647862
v -51.596780 1.000000 -8.647862
v -51.596780 1.000000 8.647862
v -51.456709 -3.366025 -8.309699
v -51.456709 -3.366025 8.309699
v -51.456709 1.366025 -8.309699
v -51.456709 1.366025 8.309699
v -51.450100 1.500000 -3.408533
v -51.450100 1.500000 3.408533
v -51.427050 -2.500000 -8.853170
v -51.427050 -2.500000 8.853170
v -51.427050 0.500000 -8.853170
v -51.427050 0.500000 8.853170
v -51.265368 -3.500000 -7.847759
v -51.265368 -3.500000 7.847759
v -51.265368 1.500000 -7.847759
v -51.265368 1.500000 7.847759
v -50.500002 -3.500000 -8.000000
v -50.500002 -3.500000 8.000000
v -50.500002 -3.366025 -8.500000
v -50.500002 -3.366025 8.500000
v -50.500002 -3.000000 -8.866025
v -50.500002 -3.000000 8.866025
v -50.500002 -2.500000 -9.000000
v -50.500002 -2.500000 9.000000
v -50.500002 0.500000 -9.000000
v -50.500002 0.500000 9.000000
v -50.500002 1.000000 -8.866025
v -50.500002 1.000000 8.866025
v -50.500002 1.366025 -8.500000
v -50.500002 1.366025 8.500000
v -50.500002 1.500000 -8.000000
v -50.500002 1.500000 8.000000
v -50.407643 1.500000 -4.843349
v -50.407643 1.500000 4.843349
v -49.041114 1.500000 -5.973840
v -49.041114 1.500000 5.973840
v -48.750000 -3.500000 0.000000
v -48.750000 -1.500000 0.000000
v -48.538923 -3.500000 -1.197070
v -48.538923 -3.500000 1.197070
v -48.538923 -1.500000 -1.197070
v -48.538923 -1.500000 1.197070
v -47.931156 -3.500000 -2.249757
v -47.931156 -3.500000 2.249757
v -47.931156 -1.500000 -2.249757
v -47.931156 -1.500000 2.249757
v -47.436376 1.500000 -6.728973
v -47.436376 1.500000 6.728973
v -46.999998 -3.500000 -3.031089
v -46.999998 -3.500000 3.031089
v -46.999998 -1.500000 -3.031089
v -46.999998 -1.500000 3.031089
v -45.857768 -3.500000 -3.446827
v -45.857768 -3.500000 3.446827
v -45.857768 -1.500000 -3.446827
v -45.857768 -1.500000 3.446827
v -45.694261 1.500000 -7.061299
v -45.694261 1.500000 7.061299
v -44.642229 -3.500000 -3.446827
v -44.642229 -3.500000 3.446827
v -44.642229 -1.500000 -3.446827
v -44.642229 -1.500000 3.446827
v -43.924227 1.500000 -6.949939
v -43.924227 1.500000 6.949939
v -43.499999 -3.500000 -3.031089
v -43.499999 -3.500000 3.031089
v -43.499999 -1.500000 -3.031089
v -43.499999 -1.500000 3.031089
v -42.568846 -3.500000 -2.249757
v -42.568846 -3.500000 2.249757
v -42.568846 -1.500000 -2.249757
v -42.568846 -1.500000 2.249757
v -42.237501 1.500000 -6.401888
v -42.237501 1.500000 6.401888
v -41.961074 -3.500000 -1.197070
v -41.961074 -3.500000 1.197070
v -41.961074 -1.500000 -1.197070
v -41.961074 -1.500000 1.197070
v -41.750002 -3.500000 0.000000
v -41.750002 -1.500000 0.000000
v -40.740061 1.500000 -5.451582
v -40.740061 1.500000 5.451582
v -39.525993 1.500000 -4.158734
v -39.525993 1.500000 4.158734
v -38.671589 1.500000 -2.604577
v -38.671589 1.500000 2.604577
v -38.230529 1.500000 -0.886765
v -38.230529 1.500000 0.886765
v -38.000000 0.500000 -9.000000
v -38.000000 0.500000 9.000000
v -38.000000 1.000000 -8.866025
v -38.000000 1.000000 8.866025
v -38.000000 1.366025 -8.500000
v -38.000000 1.366025 8.500000
v -38.000000 1.500000 -8.000000
v -38.000000 1.500000 8.000000
v -37.566047 1.452344 -8.500000
v -37.566047 1.452344 8.500000
v -37.500000 1.633975 -8.000000
v -37.500000 1.633975 8.000000
v -37.425976 1.114181 -8.866025
v -37.425976 1.114181 8.866025
v -37.234633 0.652241 -9.000000
v -37.234633 0.652241 9.000000
v -37.198160 1.698159 -8.500000
v -37.198160 1.698159 8.500000
v -37.133975 2.000000 -8.000000
v -37.133975 2.000000 8.000000
v -37.000000 2.500000 -8.000000
v -37.000000 2.500000 8.000000
v -37.000000 17.500000 -8.000000
v -37.000000 17.500000 8.000000
v -36.952343 2.066047 -8.500000
v -36.952343 2.066047 8.500000
v -36.939340 1.439340 -8.866025
v -36.939340 1.439340 8.866025
v -36.866026 2.500000 -8.500000
v -36.866026 2.500000 8.500000
v -36.866026 17.500000 -8.500000
v -36.866026 17.500000 8.500000
v -36.788638 19.645994 -8.000000
v -36.788638 19.645994 8.000000
v -36.657238 19.619856 -8.500000
v -36.657238 19.619856 8.500000
v -36.614180 1.925975 -8.866025
v -36.614180 1.925975 8.866025
v -36.585786 1.085786 -9.000000
v -36.585786 1.085786 9.000000
v -36.500001 2.500000 -8.866025
v -36.500001 2.500000 8.866025
v -36.500001 17.500000 -8.866025
v -36.500001 17.500000 8.866025
v -36.298246 19.548448 -8.866025
v -36.298246 19.548448 8.866025
v -36.162674 21.709518 -8.000000
v -36.162674 21.709518 8.000000
v -36.152241 1.734633 -9.000000
v -36.152241 1.734633 9.000000
v -36.038899 21.658249 -8.500000
v -36.038899 21.658249 8.500000
v -35.999999 2.500000 -9.000000
v -35.999999 2.500000 9.000000
v -35.999999 17.500000 -9.000000
v -35.999999 17.500000 9.000000
v -35.807853 19.450903 -9.000000
v -35.807853 19.450903 9.000000
v -35.700736 21.518176 -8.866025
v -35.700736 21.518176 8.866025
v -35.238795 21.326835 -9.000000
v -35.238795 21.326835 9.000000
v -35.146165 23.611271 -8.000000
v -35.146165 23.611271 8.000000
v -35.034771 23.536839 -8.500000
v -35.034771 23.536839 8.500000
v -34.730432 23.333488 -8.866025
v -34.730432 23.333488 8.866025
v -34.314697 23.055701 -9.000000
v -34.314697 23.055701 9.000000
v -33.778174 25.278175 -8.000000
v -33.778174 25.278175 8.000000
v -33.683441 25.183439 -8.500000
v -33.683441 25.183439 8.500000
v -33.424621 24.924622 -8.866025
v -33.424621 24.924622 8.866025
v -33.071067 24.571068 -9.000000
v -33.071067 24.571068 9.000000
v -33.000000 -3.500000 -8.000000
v -33.000000 -3.500000 8.000000
v -33.000000 -3.366025 -8.500000
v -33.000000 -3.366025 8.500000
v -33.000000 -3.000000 -8.866025
v -33.000000 -3.000000 8.866025
v -33.000000 -2.500000 -9.000000
v -33.000000 -2.500000 9.000000
v -32.234633 -2.347759 -9.000000
v -32.234633 -2.347759 9.000000
v -32.111273 26.646166 -8.000000
v -32.111273 26.646166 8.000000
v -32.072949 -3.353170 -8.000000
v -32.072949 -3.353170 8.000000
v -32.043293 -2.809699 -8.866025
v -32.043293 -2.809699 8.866025
v -32.036841 26.534770 -8.500000
v -32.036841 26.534770 8.500000
v -31.903219 -3.147862 -8.500000
v -31.903219 -3.147862 8.500000
v -31.833487 26.230431 -8.866025
v -31.833487 26.230431 8.866025
v -31.585786 -1.914214 -9.000000
v -31.585786 -1.914214 9.000000
v -31.555703 25.814695 -9.000000
v -31.555703 25.814695 9.000000
v -31.236644 -2.927051 -8.000000
v -31.236644 -2.927051 8.000000
v -31.232233 -2.267767 -8.866025
v -31.232233 -2.267767 8.866025
v -31.152241 -1.265367 -9.000000
v -31.152241 -1.265367 9.000000
v -30.999999 -0.500000 -9.000000
v -30.999999 -0.500000 9.000000
v -30.999999 17.500000 -9.000000
v -30.999999 17.500000 9.000000
v -30.973413 -2.526586 -8.500000
v -30.973413 -2.526586 8.500000
v -30.829630 18.794096 -9.000000
v -30.829630 18.794096 9.000000
v -30.690300 -1.456709 -8.866025
v -30.690300 -1.456709 8.866025
v -30.572948 -2.263356 -8.000000
v -30.572948 -2.263356 8.000000
v -30.500000 -0.500000 -8.866025
v -30.500000 -0.500000 8.866025
v -30.500000 17.500000 -8.866025
v -30.500000 17.500000 8.866025
v -30.352137 -1.596780 -8.500000
v -30.352137 -1.596780 8.500000
v -30.346665 18.664685 -8.866025
v -30.346665 18.664685 8.866025
v -30.330126 20.000000 -9.000000
v -30.330126 20.000000 9.000000
v -30.209517 27.662675 -8.000000
v -30.209517 27.662675 8.000000
v -30.158248 27.538898 -8.500000
v -30.158248 27.538898 8.500000
v -30.146830 -1.427051 -8.000000
v -30.146830 -1.427051 8.000000
v -30.133975 -0.500000 -8.500000
v -30.133975 -0.500000 8.500000
v -30.133975 17.500000 -8.500000
v -30.133975 17.500000 8.500000
v -30.018177 27.200735 -8.866025
v -30.018177 27.200735 8.866025
v -30.000000 -0.500000 -8.000000
v -30.000000 -0.500000 8.000000
v -30.000000 17.500000 -8.000000
v -30.000000 17.500000 8.000000
v -29.993112 18.569951 -8.500000
v -29.993112 18.569951 8.500000
v -29.897115 19.750000 -8.866025
v -29.897115 19.750000 8.866025
v -29.826834 26.738796 -9.000000
v -29.826834 26.738796 9.000000
v -29.804225 18.736068 -8.000000
v -29.804225 18.736068 8.000000
v -29.580128 19.566988 -8.500000
v -29.580128 19.566988 8.500000
v -29.535534 21.035533 -9.000000
v -29.535534 21.035533 9.000000
v -29.236069 19.851141 -8.000000
v -29.236069 19.851141 8.000000
v -29.181981 20.681980 -8.866025
v -29.181981 20.681980 8.866025
v -28.923161 20.423162 -8.500000
v -28.923161 20.423162 8.500000
v -28.499999 21.830127 -9.000000
v -28.499999 21.830127 9.000000
v -28.351140 20.736067 -8.000000
v -28.351140 20.736067 8.000000
v -28.250000 21.397114 -8.866025
v -28.250000 21.397114 8.866025
v -28.145993 28.288639 -8.000000
v -28.145993 28.288639 8.000000
v -28.119857 28.157239 -8.500000
v -28.119857 28.157239 8.500000
v -28.066988 21.080127 -8.500000
v -28.066988 21.080127 8.500000
v -28.048449 27.798245 -8.866025
v -28.048449 27.798245 8.866025
v -27.950904 27.307854 -9.000000
v -27.950904 27.307854 9.000000
v -27.294095 22.329628 -9.000000
v -27.294095 22.329628 9.000000
v -27.236068 21.304226 -8.000000
v -27.236068 21.304226 8.000000
v -27.164686 21.846666 -8.866025
v -27.164686 21.846666 8.866025
v -27.069952 21.493113 -8.500000
v -27.069952 21.493113 8.500000
v -25.999999 21.500001 -8.000000
v -25.999999 21.500001 8.000000
v -25.999999 21.633976 -8.500000
v -25.999999 21.633976 8.500000
v -25.999999 22.000000 -8.866025
v -25.999999 22.000000 8.866025
v -25.999999 22.500000 -9.000000
v -25.999999 22.500000 9.000000
v -25.999999 27.500000 -9.000000
v -25.999999 27.500000 9.000000
v -25.999999 28.000000 -8.866025
v -25.999999 28.000000 8.866025
v -25.999999 28.366024 -8.500000
v -25.999999 28.366024 8.500000
v -25.999999 28.499999 -8.000000
v -25.999999 28.499999 8.000000
v 25.999999 21.500001 -8.000000
v 25.999999 21.500001 8.000000
v 25.999999 21.633976 -8.500000
v 25.999999 21.633976 8.500000
v 25.999999 22.000000 -8.866025
v 25.999999 22.000000 8.866025
v 25.999999 22.500000 -9.000000
v 25.999999 22.500000 9.000000
v 25.999999 27.500000 -9.000000
v 25.999999 27.500000 9.000000
v 25.999999 28.000000 -8.866025
v 25.999999 28.000000 8.866025
v 25.999999 28.366024 -8.500000
v 25.999999 28.366024 8.500000
v 25.999999 28.499999 -8.000000
v 25.999999 28.499999 8.000000
v 27.069952 21.493113 -8.500000
v 27.069952 21.493113 8.500000
v 27.164686 21.846666 -8.866025
v 27.164686 21.846666 8.866025
v 27.236068 21.304226 -8.000000
v 27.236068 21.304226 8.000000
v 27.294095 22.329628 -9.000000
v 27.294095 22.329628 9.000000
v 27.950904 27.307854 -9.000000
v 27.950904 27.307854 9.000000
v 28.048449 27.798245 -8.866025
v 28.048449 27.798245 8.866025
v 28.066988 21.080127 -8.500000
v 28.066988 21.080127 8.500000
v 28.119857 28.157239 -8.500000
v 28.119857 28.157239 8.500000
v 28.145993 28.288639 -8.000000
v 28.145993 28.288639 8.000000
v 28.250000 21.397114 -8.866025
v 28.250000 21.397114 8.866025
v 28.351140 20.736067 -8.000000
v 28.351140 20.736067 8.000000
v 28.499999 21.830127 -9.000000
v 28.499999 21.830127 9.000000
v 28.923161 20.423162 -8.500000
v 28.923161 20.423162 8.500000
v 29.181981 20.681980 -8.866025
v 29.181981 20.681980 8.866025
v 29.236069 19.851141 -8.000000
v 29.236069 19.851141 8.000000
v 29.535534 21.035533 -9.000000
v 29.535534 21.035533 9.000000
v 29.580128 19.566988 -8.500000
v 29.580128 19.566988 8.500000
v 29.804225 18.736068 -8.000000
v 29.804225 18.736068 8.000000
v 29.826834 26.738796 -9.000000
v 29.826834 26.738796 9.000000
v 29.897115 19.750000 -8.866025
v 29.897115 19.750000 8.866025
v 29.993112 18.569951 -8.500000
v 29.993112 18.569951 8.500000
v 30.000000 -0.500000 -8.000000
v 30.000000 -0.500000 8.000000
v 30.000000 17.500000 -8.000000
v 30.000000 17.500000 8.000000
v 30.018177 27.200735 -8.866025
v 30.018177 27.200735 8.866025
v 30.133975 -0.500000 -8.500000
v 30.133975 -0.500000 8.500000
v 30.133975 17.500000 -8.500000
v 30.133975 17.500000 8.500000
v 30.146830 -1.427051 -8.000000
v 30.146830 -1.427051 8.000000
v 30.158248 27.538898 -8.500000
v 30.158248 27.538898 8.500000
v 30.209517 27.662675 -8.000000
v 30.209517 27.662675 8.000000
v 30.330126 20.000000 -9.000000
v 30.330126 20.000000 9.000000
v 30.346665 18.664685 -8.866025
v 30.346665 18.664685 8.866025
v 30.352137 -1.596780 -8.500000
v 30.352137 -1.596780 8.500000
v 30.500000 -0.500000 -8.866025
v 30.500000 -0.500000 8.866025
v 30.500000 17.500000 -8.866025
v 30.500000 17.500000 8.866025
v 30.572948 -2.263356 -8.000000
v 30.572948 -2.263356 8.000000
v 30.690300 -1.456709 -8.866025
v 30.690300 -1.456709 8.866025
v 30.829630 18.794096 -9.000000
v 30.829630 18.794096 9.000000
v 30.973413 -2.526586 -8.500000
v 30.973413 -2.526586 8.500000
v 30.999999 -0.500000 -9.000000
v 30.999999 -0.500000 9.000000
v 30.999999 17.500000 -9.000000
v 30.999999 17.500000 9.000000
v 31.152241 -1.265367 -9.000000
v 31.152241 -1.265367 9.000000
v 31.232233 -2.267767 -8.866025
v 31.232233 -2.267767 8.866025
v 31.236644 -2.927051 -8.000000
v 31.236644 -2.927051 8.000000
v 31.555703 25.814695 -9.000000
v 31.555703 25.814695 9.000000
v 31.585786 -1.914214 -9.000000
v 31.585786 -1.914214 9.000000
v 31.833487 26.230431 -8.866025
v 31.833487 26.230431 8.866025
v 31.903219 -3.147862 -8.500000
v 31.903219 -3.147862 8.500000
v 32.036841 26.534770 -8.500000
v 32.036841 26.534770 8.500000
v 32.043293 -2.809699 -8.866025
v 32.043293 -2.809699 8.866025
v 32.072949 -3.353170 -8.000000
v 32.072949 -3.353170 8.000000
v 32.111273 26.646166 -8.000000
v 32.111273 26.646166 8.000000
v 32.234633 -2.347759 -9.000000
v 32.234633 -2.347759 9.000000
v 33.000000 -3.500000 -8.000000
v 33.000000 -3.500000 8.000000
v 33.000000 -3.366025 -8.500000
v 33.000000 -3.366025 8.500000
v 33.000000 -3.000000 -8.866025
v 33.000000 -3.000000 8.866025
v 33.000000 -2.500000 -9.000000
v 33.000000 -2.500000 9.000000
v 33.071067 24.571068 -9.000000
v 33.071067 24.571068 9.000000
v 33.424621 24.924622 -8.866025
v 33.424621 24.924622 8.866025
v 33.683441 25.183439 -8.500000
v 33.683441 25.183439 8.500000
v 33.778174 25.278175 -8.000000
v 33.778174 25.278175 8.000000
v 34.314697 23.055701 -9.000000
v 34.314697 23.055701 9.000000
v 34.730432 23.333488 -8.866025
v 34.730432 23.333488 8.866025
v 35.034771 23.536839 -8.500000
v 35.034771 23.536839 8.500000
v 35.146165 23.611271 -8.000000
v 35.146165 23.611271 8.000000
v 35.238795 21.326835 -9.000000
v 35.238795 21.326835 9.000000
v 35.700736 21.518176 -8.866025
v 35.700736 21.518176 8.866025
v 35.807853 19.450903 -9.000000
v 35.807853 19.450903 9.000000
v 35.999999 2.500000 -9.000000
v 35.999999 2.500000 9.000000
v 35.999999 17.500000 -9.000000
v 35.999999 17.500000 9.000000
v 36.038899 21.658249 -8.500000
v 36.038899 21.658249 8.500000
v 36.152241 1.734633 -9.000000
v 36.152241 1.734633 9.000000
v 36.162674 21.709518 -8.000000
v 36.162674 21.709518 8.000000
v 36.298246 19.548448 -8.866025
v 36.298246 19.548448 8.866025
v 36.500001 2.500000 -8.866025
v 36.500001 2.500000 8.866025
v 36.500001 17.500000 -8.866025
v 36.500001 17.500000 8.866025
v 36.585786 1.085786 -9.000000
v 36.585786 1.085786 9.000000
v 36.614180 1.925975 -8.866025
v 36.614180 1.925975 8.866025
v 36.657238 19.619856 -8.500000
v 36.657238 19.619856 8.500000
v 36.788638 19.645994 -8.000000
v 36.788638 19.645994 8.000000
v 36.866026 2.500000 -8.500000
v 36.866026 2.500000 8.500000
v 36.866026 17.500000 -8.500000
v 36.866026 17.500000 8.500000
v 36.939340 1.439340 -8.866025
v 36.939340 1.439340 8.866025
v 36.952343 2.066047 -8.500000
v 36.952343 2.066047 8.500000
v 37.000000 2.500000 -8.000000
v 37.000000 2.500000 8.000000
v 37.000000 17.500000 -8.000000
v 37.000000 17.500000 8.000000
v 37.133975 2.000000 -8.000000
v 37.133975 2.000000 8.000000
v 37.198160 1.698159 -8.500000
v 37.198160 1.698159 8.500000
v 37.234633 0.652241 -9.000000
v 37.234633 0.652241 9.000000
v 37.425976 1.114181 -8.866025
v 37.425976 1.114181 8.866025
v 37.500000 1.633975 -8.000000
v 37.500000 1.633975 8.000000
v 37.566047 1.452344 -8.500000
v 37.566047 1.452344 8.500000
v 38.000000 0.500000 -9.000000
v 38.000000 0.500000 9.000000
v 38.000000 1.000000 -8.866025
v 38.000000 1.000000 8.866025
v 38.000000 1.366025 -8.500000
v 38.000000 1.366025 8.500000
v 38.000000 1.500000 -8.000000
v 38.000000 1.500000 8.000000
v 38.230529 1.500000 -0.886765
v 38.230529 1.500000 0.886765
v 38.671589 1.500000 -2.604577
v 38.671589 1.500000 2.604577
v 39.525993 1.500000 -4.158734
v 39.525993 1.500000 4.158734
v 40.740061 1.500000 -5.451582
v 40.740061 1.500000 5.451582
v 41.750002 -3.500000 0.000000
v 41.750002 -1.500000 0.000000
v 41.961074 -3.500000 -1.197070
v 41.961074 -3.500000 1.197070
v 41.961074 -1.500000 -1.197070
v 41.961074 -1.500000 1.197070
v 42.237501 1.500000 -6.401888
v 42.237501 1.500000 6.401888
v 42.568846 -3.500000 -2.249757
v 42.568846 -3.500000 2.249757
v 42.568846 -1.500000 -2.249757
v 42.568846 -1.500000 2.249757
v 43.499999 -3.500000 -3.031089
v 43.499999 -3.500000 3.031089
v 43.499999 -1.500000 -3.031089
v 43.499999 -1.500000 3.031089
v 43.924227 1.500000 -6.949939
v 43.924227 1.500000 6.949939
v 44.642229 -3.500000 -3.446827
v 44.642229 -3.500000 3.446827
v 44.642229 -1.500000 -3.446827
v 44.642229 -1.500000 3.446827
v 45.694261 1.500000 -7.061299
v 45.694261 1.500000 7.061299
v 45.857768 -3.500000 -3.446827
v 45.857768 -3.500000 3.446827
v 45.857768 -1.500000 -3.446827
v 45.857768 -1.500000 3.446827
v 46.999998 -3.500000 -3.031089
v 46.999998 -3.500000 3.031089
v 46.999998 -1.500000 -3.031089
v 46.999998 -1.500000 3.031089
v 47.436376 1.500000 -6.728973
v 47.436376 1.500000 6.728973
v 47.931156 -3.500000 -2.249757
v 47.931156 -3.500000 2.249757
v 47.931156 -1.500000 -2.249757
v 47.931156 -1.500000 2.249757
v 48.538923 -3.500000 -1.197070
v 48.538923 -3.500000 1.197070
v 48.538923 -1.500000 -1.197070
v 48.538923 -1.500000 1.197070
v 48.750000 -3.500000 0.000000
v 48.750000 -1.500000 0.000000
v 49.041114 1.500000 -5.973840
v 49.041114 1.500000 5.973840
v 50.407643 1.500000 -4.843349
v 50.407643 1.500000 4.843349
v 50.500002 -3.500000 -8.000000
v 50.500002 -3.500000 8.000000
v 50.500002 -3.366025 -8.500000
v 50.500002 -3.366025 8.500000
v 50.500002 -3.000000 -8.866025
v 50.500002 -3.000000 8.866025
v 50.500002 -2.500000 -9.000000
v 50.500002 -2.500000 9.000000
v 50.500002 0.500000 -9.000000
v 50.500002 0.500000 9.000000
v 50.500002 1.000000 -8.866025
v 50.500002 1.000000 8.866025
v 50.500002 1.366025 -8.500000
v 50.500002 1.366025 8.500000
v 50.500002 1.500000 -8.000000
v 50.500002 1.500000 8.000000
v 51.265368 -3.500000 -7.847759
v 51.265368 -3.500000 7.847759
v 51.265368 1.500000 -7.847759
v 51.265368 1.500000 7.847759
v 51.427050 -2.500000 -8.853170
v 51.427050 -2.500000 8.853170
v 51.427050 0.500000 -8.853170
v 51.427050 0.500000 8.853170
v 51.450100 1.500000 -3.408533
v 51.450100 1.500000 3.408533
v 51.456709 -3.366025 -8.309699
v 51.456709 -3.366025 8.309699
v 51.456709 1.366025 -8.309699
v 51.456709 1.366025 8.309699
v 51.596780 -3.000000 -8.647862
v 51.596780 -3.000000 8.647862
v 51.596780 1.000000 -8.647862
v 51.596780 1.000000 8.647862
v 51.914215 -3.500000 -7.414213
v 51.914215 -3.500000 7.414213
v 51.914215 1.500000 -7.414213
v 51.914215 1.500000 7.414213
v 52.102981 1.500000 -1.759546
v 52.102981 1.500000 1.759546
v 52.263355 -2.500000 -8.427051
v 52.263355 -2.500000 8.427051
v 52.263355 0.500000 -8.427051
v 52.263355 0.500000 8.427051
v 52.267766 -3.366025 -7.767767
v 52.267766 -3.366025 7.767767
v 52.267766 1.366025 -7.767767
v 52.267766 1.366025 7.767767
v 52.325263 1.500000 0.000000
v 52.347760 -3.500000 -6.765367
v 52.347760 -3.500000 6.765367
v 52.347760 1.500000 -6.765367
v 52.347760 1.500000 6.765367
v 52.500000 -3.500000 -6.000000
v 52.500000 -3.500000 6.000000
v 52.500000 1.500000 -6.000000
v 52.500000 1.500000 6.000000
v 52.526584 -3.000000 -8.026586
v 52.526584 -3.000000 8.026586
v 52.526584 1.000000 -8.026586
v 52.526584 1.000000 8.026586
v 52.809701 -3.366025 -6.956708
v 52.809701 -3.366025 6.956708
v 52.809701 1.366025 -6.956708
v 52.809701 1.366025 6.956708
v 52.927051 -2.500000 -7.763356
v 52.927051 -2.500000 7.763356
v 52.927051 0.500000 -7.763356
v 52.927051 0.500000 7.763356
v 53.000002 -3.366025 -6.000000
v 53.000002 -3.366025 6.000000
v 53.000002 1.366025 -6.000000
v 53.000002 1.366025 6.000000
v 53.147864 -3.000000 -7.096781
v 53.147864 -3.000000 7.096781
v 53.147864 1.000000 -7.096781
v 53.147864 1.000000 7.096781
v 53.353171 -2.500000 -6.927051
v 53.353171 -2.500000 6.927051
v 53.353171 0.500000 -6.927051
v 53.353171 0.500000 6.927051
v 53.366027 -3.000000 -6.000000
v 53.366027 -3.000000 6.000000
v 53.366027 1.000000 -6.000000
v 53.366027 1.000000 6.000000
v 53.499999 -2.500000 -6.000000
v 53.499999 -2.500000 6.000000
v 53.499999 0.500000 -6.000000
v 53.499999 0.500000 6.000000
vt 0.314159 -1.348652 0.000000
vt 0.261799 -1.348652 0.000000
vt 0.209440 -1.348652 0.000000
vt 0.157080 -1.348652 0.000000
vt 0.157080 -1.461040 0.000000
vt 0.157080 -1.573427 0.000000
vt 0.157080 -1.685815 0.000000
vt 0.157080 -1.798203 0.000000
vt 0.157080 -1.910591 0.000000
vt 0.157080 -2.022978 0.000000
vt 0.209440 -2.022978 0.000000
vt 0.261799 -2.022978 0.000000
vt 0.314159 -2.022978 0.000000
vt 0.314159 -1.888113 0.000000
vt 0.314159 -1.753248 0.000000
vt 0.314159 -1.618383 0.000000
vt 0.314159 -1.483517 0.000000
vt 0.209440 -1.461040 0.000000
vt 0.261799 -1.461040 0.000000
vt 0.209440 -1.573427 0.000000
vt 0.261799 -1.573427 0.000000
vt 0.209440 -1.685815 0.000000
vt 0.261799 -1.685815 0.000000
vt 0.209440 -1.798203 0.000000
vt 0.261799 -1.798203 0.000000
vt 0.209440 -1.910591 0.000000
vt 0.261799 -1.910591 0.000000
vt -2.000000 0.078540 0.000000
vt -2.000000 0.026180 0.000000
vt -2.000000 -0.026180 0.000000
vt -2.000000 -0.078540 0.000000
vt -0.200000 -0.078540 0.000000
vt -0.200000 -0.026180 0.000000
vt -0.200000 0.026180 0.000000
vt -0.200000 0.078540 0.000000
vt -0.000000 -0.425231 0.000000
vt 0.052360 -0.425231 0.000000
vt 0.104720 -0.425231 0.000000
vt 0.157080 -0.425231 0.000000
vt 0.157080 -0.318924 0.000000
vt 0.157080 -0.212616 0.000000
vt 0.157080 -0.106308 0.000000
vt 0.157080 0.000000 0.000000
vt 0.104720 0.000000 0.000000
vt 0.052360 0.000000 0.000000
vt -0.000000 0.000000 0.000000
vt -0.000000 -0.085046 0.000000
vt -0.000000 -0.170093 0.000000
vt -0.000000 -0.255139 0.000000
vt -0.000000 -0.340185 0.000000
vt 0.104720 -0.318924 0.000000
vt 0.052360 -0.318924 0.000000
vt 0.104720 -0.212616 0.000000
vt 0.052360 -0.212616 0.000000
vt 0.104720 -0.106308 0.000000
vt 0.052360 -0.106308 0.000000
vt 3.375000 -0.078540 0.000000
vt 3.375000 -0.026180 0.000000
vt 3.375000 0.026180 0.000000
vt 3.375000 0.078540 0.000000
vt 1.625000 0.078540 0.000000
vt 1.625000 0.026180 0.000000
vt 1.625000 -0.026180 0.000000
vt 1.625000 -0.078540 0.000000
vt 0.157080 0.425231 0.000000
vt 0.104720 0.425231 0.000000
vt 0.052360 0.425231 0.000000
vt -0.000000 0.425231 0.000000
vt -0.000000 0.340185 0.000000
vt -0.000000 0.255139 0.000000
vt -0.000000 0.170093 0.000000
vt -0.000000 0.085046 0.000000
vt -0.000000 0.000000 0.000000
vt 0.052360 0.000000 0.000000
vt 0.104720 0.000000 0.000000
vt 0.157080 0.000000 0.000000
vt 0.157080 0.106308 0.000000
vt 0.157080 0.212616 0.000000
vt 0.157080 0.318924 0.000000
vt 0.052360 0.318924 0.000000
vt 0.104720 0.318924 0.000000
vt 0.052360 0.212616 0.000000
vt 0.104720 0.212616 0.000000
vt 0.052360 0.106308 0.000000
vt 0.104720 0.106308 0.000000
vt 0.150000 -0.078540 0.000000
vt 0.150000 -0.026180 0.000000
vt 0.150000 0.026180 0.000000
vt 0.150000 0.078540 0.000000
vt -1.050000 0.078540 0.000000
vt -1.050000 0.026180 0.000000
vt -1.050000 -0.026180 0.000000
vt -1.050000 -0.078540 0.000000
vt 0.157080 -0.850463 0.000000
vt 0.104720 -0.850463 0.000000
vt 0.052360 -0.850463 0.000000
vt -0.000000 -0.850463 0.000000
vt -0.000000 -0.935509 0.000000
vt -0.000000 -1.020555 0.000000
vt -0.000000 -1.105602 0.000000
vt -0.000000 -1.190648 0.000000
vt -0.000000 -1.275694 0.000000
vt 0.052360 -1.275694 0.000000
vt 0.104720 -1.275694 0.000000
vt 0.157080 -1.275694 0.000000
vt 0.157080 -1.169386 0.000000
vt 0.157080 -1.063078 0.000000
vt 0.157080 -0.956771 0.000000
vt 0.052360 -0.956771 0.000000
vt 0.104720 -0.956771 0.000000
vt 0.052360 -1.063078 0.000000
vt 0.104720 -1.063078 0.000000
vt 0.052360 -1.169386 0.000000
vt 0.104720 -1.169386 0.000000
vt 1.625000 0.078540 0.000000
vt 1.625000 0.026180 0.000000
vt 1.625000 -0.026180 0.000000
vt 1.625000 -0.078540 0.000000
vt 3.375000 -0.078540 0.000000
vt 3.375000 -0.026180 0.000000
vt 3.375000 0.026180 0.000000
vt 3.375000 0.078540 0.000000
vt -0.000000 -0.850463 0.000000
vt 0.052360 -0.850463 0.000000
vt 0.104720 -0.850463 0.000000
vt 0.157080 -0.850463 0.000000
vt 0.157080 -0.744155 0.000000
vt 0.157080 -0.637847 0.000000
vt 0.157080 -0.531539 0.000000
vt 0.157080 -0.425231 0.000000
vt 0.104720 -0.425231 0.000000
vt 0.052360 -0.425231 0.000000
vt -0.000000 -0.425231 0.000000
vt -0.000000 -0.510278 0.000000
vt -0.000000 -0.595324 0.000000
vt -0.000000 -0.680370 0.000000
vt -0.000000 -0.765416 0.000000
vt 0.104720 -0.744155 0.000000
vt 0.052360 -0.744155 0.000000
vt 0.104720 -0.637847 0.000000
vt 0.052360 -0.637847 0.000000
vt 0.104720 -0.531539 0.000000
vt 0.052360 -0.531539 0.000000
vt -0.550000 -0.078540 0.000000
vt -0.550000 -0.026180 0.000000
vt -0.550000 0.026180 0.000000
vt -0.550000 0.078540 0.000000
vt -2.350000 0.078540 0.000000
vt -2.350000 0.026180 0.000000
vt -2.350000 -0.026180 0.000000
vt -2.350000 -0.078540 0.000000
vt 0.314159 0.674326 0.000000
vt 0.366519 0.674326 0.000000
vt 0.418879 0.674326 0.000000
vt 0.471239 0.674326 0.000000
vt 0.471239 0.786714 0.000000
vt 0.471239 0.899101 0.000000
vt 0.471239 1.011489 0.000000
vt 0.471239 1.123877 0.000000
vt 0.471239 1.236264 0.000000
vt 0.471239 1.348652 0.000000
vt 0.418879 1.348652 0.000000
vt 0.366519 1.348652 0.000000
vt 0.314159 1.348652 0.000000
vt 0.314159 1.213787 0.000000
vt 0.314159 1.078922 0.000000
vt 0.314159 0.944056 0.000000
vt 0.314159 0.809191 0.000000
vt 0.418879 0.786714 0.000000
vt 0.366519 0.786714 0.000000
vt 0.418879 0.899101 0.000000
vt 0.366519 0.899101 0.000000
vt 0.418879 1.011489 0.000000
vt 0.366519 1.011489 0.000000
vt 0.418879 1.123877 0.000000
vt 0.366519 1.123877 0.000000
vt 0.418879 1.236264 0.000000
vt 0.366519 1.236264 0.000000
vt 0.100000 2.600000 0.000000
vt 0.100000 -2.600000 0.000000
vt 0.082963 -2.729409 0.000000
vt 0.033013 -2.850000 0.000000
vt -0.046447 -2.953553 0.000000
vt -0.150000 -3.033013 0.000000
vt -0.270590 -3.082963 0.000000
vt -0.400000 -3.100000 0.000000
vt -2.200000 -3.100000 0.000000
vt -2.276537 -3.115224 0.000000
vt -2.341421 -3.158579 0.000000
vt -2.384776 -3.223463 0.000000
vt -2.400000 -3.300000 0.000000
vt -2.400000 -5.050000 0.000000
vt -2.100000 -5.050000 0.000000
vt -2.100000 -3.800000 0.000000
vt -2.084776 -3.723463 0.000000
vt -2.041421 -3.658579 0.000000
vt -1.976537 -3.615224 0.000000
vt -1.900000 -3.600000 0.000000
vt -0.400000 -3.600000 0.000000
vt -0.204910 -3.580785 0.000000
vt -0.017317 -3.523880 0.000000
vt 0.155570 -3.431470 0.000000
vt 0.307107 -3.307107 0.000000
vt 0.431470 -3.155570 0.000000
vt 0.523880 -2.982683 0.000000
vt 0.580785 -2.795090 0.000000
vt 0.600000 -2.600000 0.000000
vt 0.600000 2.600000 0.000000
vt 0.580785 2.795090 0.000000
vt 0.523880 2.982683 0.000000
vt 0.431470 3.155570 0.000000
vt 0.307107 3.307107 0.000000
vt 0.155570 3.431470 0.000000
vt -0.017317 3.523880 0.000000
vt -0.204910 3.580785 0.000000
vt -0.400000 3.600000 0.000000
vt -1.900000 3.600000 0.000000
vt -1.976537 3.615224 0.000000
vt -2.041421 3.658579 0.000000
vt -2.084776 3.723463 0.000000
vt -2.100000 3.800000 0.000000
vt -2.100000 5.050000 0.000000
vt -2.400000 5.050000 0.000000
vt -2.400000 3.300000 0.000000
vt -2.384776 3.223463 0.000000
vt -2.341421 3.158579 0.000000
vt -2.276537 3.115224 0.000000
vt -2.200000 3.100000 0.000000
vt -0.400000 3.100000 0.000000
vt -0.270590 3.082963 0.000000
vt -0.150000 3.033013 0.000000
vt -0.046447 2.953553 0.000000
vt 0.033013 2.850000 0.000000
vt 0.082963 2.729409 0.000000
vt 1.325000 -0.235619 0.000000
vt 1.325000 -0.141372 0.000000
vt 1.325000 -0.047124 0.000000
vt 1.325000 0.047124 0.000000
vt 1.325000 0.141372 0.000000
vt 1.325000 0.235619 0.000000
vt 1.025000 0.235619 0.000000
vt 1.025000 0.141372 0.000000
vt 1.025000 0.047124 0.000000
vt 1.025000 -0.047124 0.000000
vt 1.025000 -0.141372 0.000000
vt 1.025000 -0.235619 0.000000
vt -0.600000 -0.250000 0.000000
vt 0.600000 -0.250000 0.000000
vt 0.600000 0.050000 0.000000
vt -0.600000 0.050000 0.000000
vt -1.675000 0.235619 0.000000
vt -1.675000 0.141372 0.000000
vt -1.675000 0.047124 0.000000
vt -1.675000 -0.047124 0.000000
vt -1.675000 -0.141372 0.000000
vt -1.675000 -0.235619 0.000000
vt -1.375000 -0.235619 0.000000
vt -1.375000 -0.141372 0.000000
vt -1.375000 -0.047124 0.000000
vt -1.375000 0.047124 0.000000
vt -1.375000 0.141372 0.000000
vt -1.375000 0.235619 0.000000
vt 3.100000 -5.050000 0.000000
vt 3.100000 -3.300000 0.000000
vt 3.084776 -3.223463 0.000000
vt 3.041421 -3.158579 0.000000
vt 2.976537 -3.115224 0.000000
vt 2.900000 -3.100000 0.000000
vt 1.100000 -3.100000 0.000000
vt 0.970590 -3.082963 0.000000
vt 0.850000 -3.033013 0.000000
vt 0.746447 -2.953553 0.000000
vt 0.666987 -2.850000 0.000000
vt 0.617037 -2.729409 0.000000
vt 0.600000 -2.600000 0.000000
vt 0.600000 2.600000 0.000000
vt 0.617037 2.729409 0.000000
vt 0.666987 2.850000 0.000000
vt 0.746447 2.953553 0.000000
vt 0.850000 3.033013 0.000000
vt 0.970590 3.082963 0.000000
vt 1.100000 3.100000 0.000000
vt 2.900000 3.100000 0.000000
vt 2.976537 3.115224 0.000000
vt 3.041421 3.158579 0.000000
vt 3.084776 3.223463 0.000000
vt 3.100000 3.300000 0.000000
vt 3.100000 5.050000 0.000000
vt 2.800000 5.050000 0.000000
vt 2.800000 3.800000 0.000000
vt 2.784776 3.723463 0.000000
vt 2.741421 3.658579 0.000000
vt 2.676537 3.615224 0.000000
vt 2.600000 3.600000 0.000000
vt 1.100000 3.600000 0.000000
vt 0.904910 3.580785 0.000000
vt 0.717317 3.523880 0.000000
vt 0.544430 3.431470 0.000000
vt 0.392893 3.307107 0.000000
vt 0.268530 3.155570 0.000000
vt 0.176120 2.982683 0.000000
vt 0.119215 2.795090 0.000000
vt 0.100000 2.600000 0.000000
vt 0.100000 -2.600000 0.000000
vt 0.119215 -2.795090 0.000000
vt 0.176120 -2.982683 0.000000
vt 0.268530 -3.155570 0.000000
vt 0.392893 -3.307107 0.000000
vt 0.544430 -3.431470 0.000000
vt 0.717317 -3.523880 0.000000
vt 0.904910 -3.580785 0.000000
vt 1.100000 -3.600000 0.000000
vt 2.600000 -3.600000 0.000000
vt 2.676537 -3.615224 0.000000
vt 2.741421 -3.658579 0.000000
vt 2.784776 -3.723463 0.000000
vt 2.800000 -3.800000 0.000000
vt 2.800000 -5.050000 0.000000
vt 0.157080 -3.363737 0.000000
vt 0.104720 -3.363737 0.000000
vt 0.052360 -3.363737 0.000000
vt -0.000000 -3.363737 0.000000
vt -0.000000 -3.573970 0.000000
vt -0.000000 -3.784204 0.000000
vt -0.000000 -3.994437 0.000000
vt -0.000000 -4.204671 0.000000
vt -0.000000 -4.414904 0.000000
vt -0.000000 -4.625138 0.000000
vt -0.000000 -4.835371 0.000000
vt -0.000000 -5.045605 0.000000
vt 0.052360 -5.045605 0.000000
vt 0.104720 -5.045605 0.000000
vt 0.157080 -5.045605 0.000000
vt 0.157080 -4.835371 0.000000
vt 0.157080 -4.625138 0.000000
vt 0.157080 -4.414904 0.000000
vt 0.157080 -4.204671 0.000000
vt 0.157080 -3.994437 0.000000
vt 0.157080 -3.784204 0.000000
vt 0.157080 -3.573970 0.000000
vt 0.052360 -3.573970 0.000000
vt 0.104720 -3.573970 0.000000
vt 0.052360 -3.784204 0.000000
vt 0.104720 -3.784204 0.000000
vt 0.052360 -3.994437 0.000000
vt 0.104720 -3.994437 0.000000
vt 0.052360 -4.204671 0.000000
vt 0.104720 -4.204671 0.000000
vt 0.052360 -4.414904 0.000000
vt 0.104720 -4.414904 0.000000
vt 0.052360 -4.625138 0.000000
vt 0.104720 -4.625138 0.000000
vt 0.052360 -4.835371 0.000000
vt 0.104720 -4.835371 0.000000
vt 1.700000 -0.078540 0.000000
vt 1.700000 -0.026180 0.000000
vt 1.700000 0.026180 0.000000
vt 1.700000 0.078540 0.000000
vt 0.200000 0.078540 0.000000
vt 0.200000 0.026180 0.000000
vt 0.200000 -0.026180 0.000000
vt 0.200000 -0.078540 0.000000
vt -0.157080 -0.203087 0.000000
vt -0.209440 -0.203087 0.000000
vt -0.261799 -0.203087 0.000000
vt -0.314159 -0.203087 0.000000
vt -0.314159 -0.270783 0.000000
vt -0.314159 -0.338479 0.000000
vt -0.314159 -0.406174 0.000000
vt -0.261799 -0.406174 0.000000
vt -0.209440 -0.406174 0.000000
vt -0.157080 -0.406174 0.000000
vt -0.157080 -0.355403 0.000000
vt -0.157080 -0.304631 0.000000
vt -0.157080 -0.253859 0.000000
vt -0.261799 -0.253859 0.000000
vt -0.209440 -0.253859 0.000000
vt -0.261799 -0.304631 0.000000
vt -0.209440 -0.304631 0.000000
vt -0.261799 -0.355403 0.000000
vt -0.209440 -0.355403 0.000000
vt 2.375000 -0.078540 0.000000
vt 2.375000 -0.026180 0.000000
vt 2.375000 0.026180 0.000000
vt 2.375000 0.078540 0.000000
vt 1.125000 0.078540 0.000000
vt 1.125000 0.026180 0.000000
vt 1.125000 -0.026180 0.000000
vt 1.125000 -0.078540 0.000000
vt -0.000000 0.425231 0.000000
vt 0.052360 0.425231 0.000000
vt 0.104720 0.425231 0.000000
vt 0.157080 0.425231 0.000000
vt 0.157080 0.531539 0.000000
vt 0.157080 0.637847 0.000000
vt 0.157080 0.744155 0.000000
vt 0.157080 0.850463 0.000000
vt 0.104720 0.850463 0.000000
vt 0.052360 0.850463 0.000000
vt -0.000000 0.850463 0.000000
vt -0.000000 0.765416 0.000000
vt -0.000000 0.680370 0.000000
vt -0.000000 0.595324 0.000000
vt -0.000000 0.510278 0.000000
vt 0.104720 0.531539 0.000000
vt 0.052360 0.531539 0.000000
vt 0.104720 0.637847 0.000000
vt 0.052360 0.637847 0.000000
vt 0.104720 0.744155 0.000000
vt 0.052360 0.744155 0.000000
vt 1.050000 -0.078540 0.000000
vt 1.050000 -0.026180 0.000000
vt 1.050000 0.026180 0.000000
vt 1.050000 0.078540 0.000000
vt -0.150000 0.078540 0.000000
vt -0.150000 0.026180 0.000000
vt -0.150000 -0.026180 0.000000
vt -0.150000 -0.078540 0.000000
vt -0.000000 0.000000 0.000000
vt 0.052360 0.000000 0.000000
vt 0.104720 0.000000 0.000000
vt 0.157080 0.000000 0.000000
vt 0.157080 0.106308 0.000000
vt 0.157080 0.212616 0.000000
vt 0.157080 0.318924 0.000000
vt 0.157080 0.425231 0.000000
vt 0.104720 0.425231 0.000000
vt 0.052360 0.425231 0.000000
vt -0.000000 0.425231 0.000000
vt -0.000000 0.340185 0.000000
vt -0.000000 0.255139 0.000000
vt -0.000000 0.170093 0.000000
vt -0.000000 0.085046 0.000000
vt 0.104720 0.106308 0.000000
vt 0.052360 0.106308 0.000000
vt 0.104720 0.212616 0.000000
vt 0.052360 0.212616 0.000000
vt 0.104720 0.318924 0.000000
vt 0.052360 0.318924 0.000000
vt -1.125000 -0.078540 0.000000
vt -1.125000 -0.026180 0.000000
vt -1.125000 0.026180 0.000000
vt -1.125000 0.078540 0.000000
vt -2.375000 0.078540 0.000000
vt -2.375000 0.026180 0.000000
vt -2.375000 -0.026180 0.000000
vt -2.375000 -0.078540 0.000000
vt -0.157080 0.000000 0.000000
vt -0.209440 0.000000 0.000000
vt -0.261799 0.000000 0.000000
vt -0.314159 0.000000 0.000000
vt -0.314159 -0.067696 0.000000
vt -0.314159 -0.135391 0.000000
vt -0.314159 -0.203087 0.000000
vt -0.261799 -0.203087 0.000000
vt -0.209440 -0.203087 0.000000
vt -0.157080 -0.203087 0.000000
vt -0.157080 -0.152315 0.000000
vt -0.157080 -0.101544 0.000000
vt -0.157080 -0.050772 0.000000
vt -0.261799 -0.050772 0.000000
vt -0.209440 -0.050772 0.000000
vt -0.261799 -0.101544 0.000000
vt -0.209440 -0.101544 0.000000
vt -0.261799 -0.152315 0.000000
vt -0.209440 -0.152315 0.000000
vt -0.550000 -0.078540 0.000000
vt -0.550000 -0.026180 0.000000
vt -0.550000 0.026180 0.000000
vt -0.550000 0.078540 0.000000
vt -2.050000 0.078540 0.000000
vt -2.050000 0.026180 0.000000
vt -2.050000 -0.026180 0.000000
vt -2.050000 -0.078540 0.000000
vt -0.157080 1.681868 0.000000
vt -0.104720 1.681868 0.000000
vt -0.052360 1.681868 0.000000
vt -0.000000 1.681868 0.000000
vt -0.000000 1.892102 0.000000
vt -0.000000 2.102335 0.000000
vt -0.000000 2.312569 0.000000
vt -0.000000 2.522803 0.000000
vt -0.000000 2.733036 0.000000
vt -0.000000 2.943269 0.000000
vt -0.000000 3.153503 0.000000
vt -0.000000 3.363737 0.000000
vt -0.052360 3.363737 0.000000
vt -0.104720 3.363737 0.000000
vt -0.157080 3.363737 0.000000
vt -0.157080 3.153503 0.000000
vt -0.157080 2.943269 0.000000
vt -0.157080 2.733036 0.000000
vt -0.157080 2.522803 0.000000
vt -0.157080 2.312569 0.000000
vt -0.157080 2.102335 0.000000
vt -0.157080 1.892102 0.000000
vt -0.052360 1.892102 0.000000
vt -0.104720 1.892102 0.000000
vt -0.052360 2.102335 0.000000
vt -0.104720 2.102335 0.000000
vt -0.052360 2.312569 0.000000
vt -0.104720 2.312569 0.000000
vt -0.052360 2.522803 0.000000
vt -0.104720 2.522803 0.000000
vt -0.052360 2.733036 0.000000
vt -0.104720 2.733036 0.000000
vt -0.052360 2.943269 0.000000
vt -0.104720 2.943269 0.000000
vt -0.052360 3.153503 0.000000
vt -0.104720 3.153503 0.000000
vt 0.900000 0.117474 0.000000
vt 0.724045 0.139702 0.000000
vt 0.559147 0.204990 0.000000
vt 0.415665 0.309236 0.000000
vt 0.302616 0.445889 0.000000
vt 0.227103 0.606362 0.000000
vt 0.193870 0.780574 0.000000
vt 0.205006 0.957577 0.000000
vt 0.259811 1.126250 0.000000
vt 0.354842 1.275994 0.000000
vt 0.484127 1.397401 0.000000
vt 0.639542 1.482841 0.000000
vt 0.811323 1.526947 0.000000
vt 0.988677 1.526947 0.000000
vt 1.160458 1.482841 0.000000
vt 1.315873 1.397401 0.000000
vt 1.445158 1.275994 0.000000
vt 1.540189 1.126250 0.000000
vt 1.594994 0.957577 0.000000
vt 1.606130 0.780574 0.000000
vt 1.572897 0.606362 0.000000
vt 1.497384 0.445889 0.000000
vt 1.384335 0.309236 0.000000
vt 1.240853 0.204990 0.000000
vt 1.075955 0.139702 0.000000
vt 0.100000 1.550000 0.000000
vt 0.100000 0.300000 0.000000
vt 0.115224 0.223463 0.000000
vt 0.158579 0.158579 0.000000
vt 0.223463 0.115224 0.000000
vt 0.300000 0.100000 0.000000
vt 1.500000 0.100000 0.000000
vt 1.576537 0.115224 0.000000
vt 1.641421 0.158579 0.000000
vt 1.684776 0.223463 0.000000
vt 1.700000 0.300000 0.000000
vt 1.700000 1.550000 0.000000
vt 0.100000 0.078540 0.000000
vt 0.100000 0.026180 0.000000
vt 0.100000 -0.026180 0.000000
vt 0.100000 -0.078540 0.000000
vt 1.700000 -0.078540 0.000000
vt 1.700000 -0.026180 0.000000
vt 1.700000 0.026180 0.000000
vt 1.700000 0.078540 0.000000
vt -0.100000 0.000000 0.000000
vt -0.100000 1.500000 0.000000
vt -1.700000 1.500000 0.000000
vt -1.700000 0.000000 0.000000
vt 0.800000 0.000000 0.000000
vt 0.800000 0.215985 0.000000
vt 0.800000 0.431969 0.000000
vt 0.800000 0.647954 0.000000
vt 0.800000 0.863938 0.000000
vt 0.800000 1.079922 0.000000
vt 0.800000 1.295907 0.000000
vt 0.800000 1.511891 0.000000
vt 0.800000 1.727876 0.000000
vt -0.800000 1.727876 0.000000
vt -0.800000 1.511891 0.000000
vt -0.800000 1.295907 0.000000
vt -0.800000 1.079922 0.000000
vt -0.800000 0.863938 0.000000
vt -0.800000 0.647954 0.000000
vt -0.800000 0.431969 0.000000
vt -0.800000 0.215985 0.000000
vt -0.800000 0.000000 0.000000
vt 0.100000 2.600000 0.000000
vt 0.100000 -2.600000 0.000000
vt 1.700000 -2.600000 0.000000
vt 1.700000 2.600000 0.000000
vt 1.700000 -0.235619 0.000000
vt 1.700000 -0.141372 0.000000
vt 1.700000 -0.047124 0.000000
vt 1.700000 0.047124 0.000000
vt 1.700000 0.141372 0.000000
vt 1.700000 0.235619 0.000000
vt 0.100000 0.235619 0.000000
vt 0.100000 0.141372 0.000000
vt 0.100000 0.047124 0.000000
vt 0.100000 -0.047124 0.000000
vt 0.100000 -0.141372 0.000000
vt 0.100000 -0.235619 0.000000
vt -1.700000 1.800000 0.000000
vt -1.700000 0.000000 0.000000
vt -0.100000 0.000000 0.000000
vt -0.100000 1.800000 0.000000
vt -0.466717 1.661158 0.000000
vt -0.466717 1.528265 0.000000
vt -0.466717 1.395373 0.000000
vt -0.466717 1.262480 0.000000
vt -0.466717 1.129588 0.000000
vt -0.466717 0.996695 0.000000
vt -0.466717 0.863802 0.000000
vt -0.466717 0.730910 0.000000
vt -0.466717 0.598017 0.000000
vt -0.466717 0.465124 0.000000
vt -0.466717 0.332232 0.000000
vt -0.466717 0.199339 0.000000
vt -0.466717 0.066446 0.000000
vt -0.466717 -0.066446 0.000000
vt -0.466717 -0.199339 0.000000
vt -0.466717 -0.332232 0.000000
vt -0.466717 -0.465124 0.000000
vt -0.466717 -0.598017 0.000000
vt -0.466717 -0.730910 0.000000
vt -0.466717 -0.863802 0.000000
vt -0.466717 -0.996695 0.000000
vt -0.466717 -1.129588 0.000000
vt -0.466717 -1.262480 0.000000
vt -0.466717 -1.395373 0.000000
vt -0.466717 -1.528265 0.000000
vt -0.000000 0.000000 0.000000
vt -0.000000 0.184573 0.000000
vt -0.000000 0.369146 0.000000
vt -0.000000 0.553719 0.000000
vt -0.000000 0.738292 0.000000
vt -0.000000 0.922866 0.000000
vt -0.000000 1.107439 0.000000
vt -0.000000 1.292012 0.000000
vt -0.000000 1.476585 0.000000
vt -0.000000 -1.661158 0.000000
vt -0.000000 -1.476585 0.000000
vt -0.000000 -1.292012 0.000000
vt -0.000000 -1.107439 0.000000
vt -0.000000 -0.922866 0.000000
vt -0.000000 -0.738292 0.000000
vt -0.000000 -0.553719 0.000000
vt -0.000000 -0.369146 0.000000
vt -0.000000 -0.184573 0.000000
vt -0.466717 -1.661158 0.000000
vt -0.000000 1.661158 0.000000
vt -0.000000 1.661158 0.000000
vt -0.200000 0.000000 0.000000
vt -0.200000 -0.122173 0.000000
vt -0.200000 -0.244346 0.000000
vt -0.200000 -0.366519 0.000000
vt -0.200000 -0.488692 0.000000
vt -0.200000 -0.610865 0.000000
vt -0.200000 -0.733038 0.000000
vt -0.200000 -0.855211 0.000000
vt -0.200000 -0.977384 0.000000
vt -0.200000 1.099557 0.000000
vt -0.200000 0.977384 0.000000
vt -0.200000 0.855211 0.000000
vt -0.200000 0.733038 0.000000
vt -0.200000 0.610865 0.000000
vt -0.200000 0.488692 0.000000
vt -0.200000 0.366519 0.000000
vt -0.200000 0.244346 0.000000
vt -0.200000 0.122173 0.000000
vt -0.000000 0.000000 0.000000
vt -0.000000 0.122173 0.000000
vt -0.000000 0.244346 0.000000
vt -0.000000 0.366519 0.000000
vt -0.000000 0.488692 0.000000
vt -0.000000 0.610865 0.000000
vt -0.000000 0.733038 0.000000
vt -0.000000 0.855211 0.000000
vt -0.000000 0.977384 0.000000
vt -0.000000 -1.099557 0.000000
vt -0.000000 -0.977384 0.000000
vt -0.000000 -0.855211 0.000000
vt -0.000000 -0.733038 0.000000
vt -0.000000 -0.610865 0.000000
vt -0.000000 -0.488692 0.000000
vt -0.000000 -0.366519 0.000000
vt -0.000000 -0.244346 0.000000
vt -0.000000 -0.122173 0.000000
vt -0.000000 1.099557 0.000000
vt -0.200000 -1.099557 0.000000
vt -1.700000 1.700000 0.000000
vt -1.700000 -0.050000 0.000000
vt -0.100000 -0.050000 0.000000
vt -0.100000 1.700000 0.000000
vt -0.115224 1.776537 0.000000
vt -0.158579 1.841421 0.000000
vt -0.223463 1.884776 0.000000
vt -0.300000 1.900000 0.000000
vt -1.500000 1.900000 0.000000
vt -1.576537 1.884776 0.000000
vt -1.641421 1.841421 0.000000
vt -1.684776 1.776537 0.000000
vt -0.900000 0.825000 0.000000
vt -1.019707 0.846108 0.000000
vt -1.124976 0.906884 0.000000
vt -1.203109 1.000000 0.000000
vt -1.244683 1.114223 0.000000
vt -1.244683 1.235777 0.000000
vt -1.203109 1.350000 0.000000
vt -1.124976 1.443116 0.000000
vt -1.019707 1.503892 0.000000
vt -0.900000 1.525000 0.000000
vt -0.780293 1.503892 0.000000
vt -0.675024 1.443116 0.000000
vt -0.596891 1.350000 0.000000
vt -0.555317 1.235777 0.000000
vt -0.555317 1.114223 0.000000
vt -0.596891 1.000000 0.000000
vt -0.675024 0.906884 0.000000
vt -0.780293 0.846108 0.000000
vt -0.800000 0.628319 0.000000
vt -0.800000 0.502655 0.000000
vt -0.800000 0.376991 0.000000
vt -0.800000 0.251327 0.000000
vt -0.800000 0.125664 0.000000
vt -0.800000 0.000000 0.000000
vt 0.800000 0.000000 0.000000
vt 0.800000 0.125664 0.000000
vt 0.800000 0.251327 0.000000
vt 0.800000 0.376991 0.000000
vt 0.800000 0.502655 0.000000
vt 0.800000 0.628319 0.000000
vt 2.600000 0.078540 0.000000
vt -2.600000 0.078540 0.000000
vt -2.600000 0.026180 0.000000
vt -2.600000 -0.026180 0.000000
vt -2.600000 -0.078540 0.000000
vt 2.600000 -0.078540 0.000000
vt 2.600000 -0.026180 0.000000
vt 2.600000 0.026180 0.000000
vt -0.157080 -1.348652 0.000000
vt -0.209440 -1.348652 0.000000
vt -0.261799 -1.348652 0.000000
vt -0.314159 -1.348652 0.000000
vt -0.314159 -1.483517 0.000000
vt -0.314159 -1.618383 0.000000
vt -0.314159 -1.753248 0.000000
vt -0.314159 -1.888113 0.000000
vt -0.314159 -2.022978 0.000000
vt -0.261799 -2.022978 0.000000
vt -0.209440 -2.022978 0.000000
vt -0.157080 -2.022978 0.000000
vt -0.157080 -1.910591 0.000000
vt -0.157080 -1.798203 0.000000
vt -0.157080 -1.685815 0.000000
vt -0.157080 -1.573427 0.000000
vt -0.157080 -1.461040 0.000000
vt -0.261799 -1.461040 0.000000
vt -0.209440 -1.461040 0.000000
vt -0.261799 -1.573427 0.000000
vt -0.209440 -1.573427 0.000000
vt -0.261799 -1.685815 0.000000
vt -0.209440 -1.685815 0.000000
vt -0.261799 -1.798203 0.000000
vt -0.209440 -1.798203 0.000000
vt -0.261799 -1.910591 0.000000
vt -0.209440 -1.910591 0.000000
vt -2.000000 0.078540 0.000000
vt -2.000000 0.026180 0.000000
vt -2.000000 -0.026180 0.000000
vt -2.000000 -0.078540 0.000000
vt -0.200000 -0.078540 0.000000
vt -0.200000 -0.026180 0.000000
vt -0.200000 0.026180 0.000000
vt -0.200000 0.078540 0.000000
vt 0.157080 -0.425231 0.000000
vt 0.104720 -0.425231 0.000000
vt 0.052360 -0.425231 0.000000
vt -0.000000 -0.425231 0.000000
vt -0.000000 -0.510278 0.000000
vt -0.000000 -0.595324 0.000000
vt -0.000000 -0.680370 0.000000
vt -0.000000 -0.765416 0.000000
vt -0.000000 -0.850463 0.000000
vt 0.052360 -0.850463 0.000000
vt 0.104720 -0.850463 0.000000
vt 0.157080 -0.850463 0.000000
vt 0.157080 -0.744155 0.000000
vt 0.157080 -0.637847 0.000000
vt 0.157080 -0.531539 0.000000
vt 0.052360 -0.531539 0.000000
vt 0.104720 -0.531539 0.000000
vt 0.052360 -0.637847 0.000000
vt 0.104720 -0.637847 0.000000
vt 0.052360 -0.744155 0.000000
vt 0.104720 -0.744155 0.000000
vt 3.375000 -0.078540 0.000000
vt 3.375000 -0.026180 0.000000
vt 3.375000 0.026180 0.000000
vt 3.375000 0.078540 0.000000
vt 1.625000 0.078540 0.000000
vt 1.625000 0.026180 0.000000
vt 1.625000 -0.026180 0.000000
vt 1.625000 -0.078540 0.000000
vt -0.000000 -0.425231 0.000000
vt 0.052360 -0.425231 0.000000
vt 0.104720 -0.425231 0.000000
vt 0.157080 -0.425231 0.000000
vt 0.157080 -0.318924 0.000000
vt 0.157080 -0.212616 0.000000
vt 0.157080 -0.106308 0.000000
vt 0.157080 0.000000 0.000000
vt 0.104720 0.000000 0.000000
vt 0.052360 0.000000 0.000000
vt -0.000000 0.000000 0.000000
vt -0.000000 -0.085046 0.000000
vt -0.000000 -0.170093 0.000000
vt -0.000000 -0.255139 0.000000
vt -0.000000 -0.340185 0.000000
vt 0.104720 -0.318924 0.000000
vt 0.052360 -0.318924 0.000000
vt 0.104720 -0.212616 0.000000
vt 0.052360 -0.212616 0.000000
vt 0.104720 -0.106308 0.000000
vt 0.052360 -0.106308 0.000000
vt 0.150000 -0.078540 0.000000
vt 0.150000 -0.026180 0.000000
vt 0.150000 0.026180 0.000000
vt 0.150000 0.078540 0.000000
vt -1.050000 0.078540 0.000000
vt -1.050000 0.026180 0.000000
vt -1.050000 -0.026180 0.000000
vt -1.050000 -0.078540 0.000000
vt -0.000000 -0.850463 0.000000
vt 0.052360 -0.850463 0.000000
vt 0.104720 -0.850463 0.000000
vt 0.157080 -0.850463 0.000000
vt 0.157080 -0.744155 0.000000
vt 0.157080 -0.637847 0.000000
vt 0.157080 -0.531539 0.000000
vt 0.157080 -0.425231 0.000000
vt 0.104720 -0.425231 0.000000
vt 0.052360 -0.425231 0.000000
vt -0.000000 -0.425231 0.000000
vt -0.000000 -0.510278 0.000000
vt -0.000000 -0.595324 0.000000
vt -0.000000 -0.680370 0.000000
vt -0.000000 -0.765416 0.000000
vt 0.104720 -0.744155 0.000000
vt 0.052360 -0.744155 0.000000
vt 0.104720 -0.637847 0.000000
vt 0.052360 -0.637847 0.000000
vt 0.104720 -0.531539 0.000000
vt 0.052360 -0.531539 0.000000
vt 1.625000 0.078540 0.000000
vt 1.625000 0.026180 0.000000
vt 1.625000 -0.026180 0.000000
vt 1.625000 -0.078540 0.000000
vt 3.375000 -0.078540 0.000000
vt 3.375000 -0.026180 0.000000
vt 3.375000 0.026180 0.000000
vt 3.375000 0.078540 0.000000
vt 0.157080 0.000000 0.000000
vt 0.104720 0.000000 0.000000
vt 0.052360 0.000000 0.000000
vt -0.000000 0.000000 0.000000
vt -0.000000 -0.085046 0.000000
vt -0.000000 -0.170093 0.000000
vt -0.000000 -0.255139 0.000000
vt -0.000000 -0.340185 0.000000
vt -0.000000 -0.425231 0.000000
vt 0.052360 -0.425231 0.000000
vt 0.104720 -0.425231 0.000000
vt 0.157080 -0.425231 0.000000
vt 0.157080 -0.318924 0.000000
vt 0.157080 -0.212616 0.000000
vt 0.157080 -0.106308 0.000000
vt 0.052360 -0.106308 0.000000
vt 0.104720 -0.106308 0.000000
vt 0.052360 -0.212616 0.000000
vt 0.104720 -0.212616 0.000000
vt 0.052360 -0.318924 0.000000
vt 0.104720 -0.318924 0.000000
vt -0.550000 -0.078540 0.000000
vt -0.550000 -0.026180 0.000000
vt -0.550000 0.026180 0.000000
vt -0.550000 0.078540 0.000000
vt -2.350000 0.078540 0.000000
vt -2.350000 0.026180 0.000000
vt -2.350000 -0.026180 0.000000
vt -2.350000 -0.078540 0.000000
vt 0.157080 0.674326 0.000000
vt 0.209440 0.674326 0.000000
vt 0.261799 0.674326 0.000000
vt 0.314159 0.674326 0.000000
vt 0.314159 0.809191 0.000000
vt 0.314159 0.944056 0.000000
vt 0.314159 1.078922 0.000000
vt 0.314159 1.213787 0.000000
vt 0.314159 1.348652 0.000000
vt 0.261799 1.348652 0.000000
vt 0.209440 1.348652 0.000000
vt 0.157080 1.348652 0.000000
vt 0.157080 1.236264 0.000000
vt 0.157080 1.123877 0.000000
vt 0.157080 1.011489 0.000000
vt 0.157080 0.899101 0.000000
vt 0.157080 0.786714 0.000000
vt 0.261799 0.786714 0.000000
vt 0.209440 0.786714 0.000000
vt 0.261799 0.899101 0.000000
vt 0.209440 0.899101 0.000000
vt 0.261799 1.011489 0.000000
vt 0.209440 1.011489 0.000000
vt 0.261799 1.123877 0.000000
vt 0.209440 1.123877 0.000000
vt 0.261799 1.236264 0.000000
vt 0.209440 1.236264 0.000000
vt 2.600000 0.078540 0.000000
vt -2.600000 0.078540 0.000000
vt -2.600000 0.026180 0.000000
vt -2.600000 -0.026180 0.000000
vt -2.600000 -0.078540 0.000000
vt 2.600000 -0.078540 0.000000
vt 2.600000 -0.026180 0.000000
vt 2.600000 0.026180 0.000000
vt 0.900000 0.825000 0.000000
vt 0.780293 0.846108 0.000000
vt 0.675024 0.906884 0.000000
vt 0.596891 1.000000 0.000000
vt 0.555317 1.114223 0.000000
vt 0.555317 1.235777 0.000000
vt 0.596891 1.350000 0.000000
vt 0.675024 1.443116 0.000000
vt 0.780293 1.503892 0.000000
vt 0.900000 1.525000 0.000000
vt 1.019707 1.503892 0.000000
vt 1.124976 1.443116 0.000000
vt 1.203109 1.350000 0.000000
vt 1.244683 1.235777 0.000000
vt 1.244683 1.114223 0.000000
vt 1.203109 1.000000 0.000000
vt 1.124976 0.906884 0.000000
vt 1.019707 0.846108 0.000000
vt 1.700000 -0.050000 0.000000
vt 1.700000 1.700000 0.000000
vt 1.684776 1.776537 0.000000
vt 1.641421 1.841421 0.000000
vt 1.576537 1.884776 0.000000
vt 1.500000 1.900000 0.000000
vt 0.300000 1.900000 0.000000
vt 0.223463 1.884776 0.000000
vt 0.158579 1.841421 0.000000
vt 0.115224 1.776537 0.000000
vt 0.100000 1.700000 0.000000
vt 0.100000 -0.050000 0.000000
vt 1.700000 -0.235619 0.000000
vt 1.700000 -0.141372 0.000000
vt 1.700000 -0.047124 0.000000
vt 1.700000 0.047124 0.000000
vt 1.700000 0.141372 0.000000
vt 1.700000 0.235619 0.000000
vt 0.100000 0.235619 0.000000
vt 0.100000 0.141372 0.000000
vt 0.100000 0.047124 0.000000
vt 0.100000 -0.047124 0.000000
vt 0.100000 -0.141372 0.000000
vt 0.100000 -0.235619 0.000000
vt 1.700000 0.000000 0.000000
vt 1.700000 1.800000 0.000000
vt 0.100000 1.800000 0.000000
vt 0.100000 0.000000 0.000000
vt 0.800000 0.000000 0.000000
vt 0.800000 0.125664 0.000000
vt 0.800000 0.251327 0.000000
vt 0.800000 0.376991 0.000000
vt 0.800000 0.502655 0.000000
vt 0.800000 0.628319 0.000000
vt -0.800000 0.628319 0.000000
vt -0.800000 0.502655 0.000000
vt -0.800000 0.376991 0.000000
vt -0.800000 0.251327 0.000000
vt -0.800000 0.125664 0.000000
vt -0.800000 0.000000 0.000000
vt 1.700000 -2.600000 0.000000
vt 1.700000 2.600000 0.000000
vt 0.100000 2.600000 0.000000
vt 0.100000 -2.600000 0.000000
vt 2.600000 0.078540 0.000000
vt -2.600000 0.078540 0.000000
vt -2.600000 0.026180 0.000000
vt -2.600000 -0.026180 0.000000
vt -2.600000 -0.078540 0.000000
vt 2.600000 -0.078540 0.000000
vt 2.600000 -0.026180 0.000000
vt 2.600000 0.026180 0.000000
vt -0.000000 -3.363737 0.000000
vt -0.052360 -3.363737 0.000000
vt -0.104720 -3.363737 0.000000
vt -0.157080 -3.363737 0.000000
vt -0.157080 -3.573970 0.000000
vt -0.157080 -3.784204 0.000000
vt -0.157080 -3.994437 0.000000
vt -0.157080 -4.204671 0.000000
vt -0.157080 -4.414904 0.000000
vt -0.157080 -4.625138 0.000000
vt -0.157080 -4.835371 0.000000
vt -0.157080 -5.045605 0.000000
vt -0.104720 -5.045605 0.000000
vt -0.052360 -5.045605 0.000000
vt -0.000000 -5.045605 0.000000
vt -0.000000 -4.835371 0.000000
vt -0.000000 -4.625138 0.000000
vt -0.000000 -4.414904 0.000000
vt -0.000000 -4.204671 0.000000
vt -0.000000 -3.994437 0.000000
vt -0.000000 -3.784204 0.000000
vt -0.000000 -3.573970 0.000000
vt -0.104720 -3.573970 0.000000
vt -0.052360 -3.573970 0.000000
vt -0.104720 -3.784204 0.000000
vt -0.052360 -3.784204 0.000000
vt -0.104720 -3.994437 0.000000
vt -0.052360 -3.994437 0.000000
vt -0.104720 -4.204671 0.000000
vt -0.052360 -4.204671 0.000000
vt -0.104720 -4.414904 0.000000
vt -0.052360 -4.414904 0.000000
vt -0.104720 -4.625138 0.000000
vt -0.052360 -4.625138 0.000000
vt -0.104720 -4.835371 0.000000
vt -0.052360 -4.835371 0.000000
vt -1.700000 0.078540 0.000000
vt -1.700000 0.026180 0.000000
vt -1.700000 -0.026180 0.000000
vt -1.700000 -0.078540 0.000000
vt -0.200000 -0.078540 0.000000
vt -0.200000 -0.026180 0.000000
vt -0.200000 0.026180 0.000000
vt -0.200000 0.078540 0.000000
vt 0.314159 -0.203087 0.000000
vt 0.366519 -0.203087 0.000000
vt 0.418879 -0.203087 0.000000
vt 0.471239 -0.203087 0.000000
vt 0.471239 -0.152315 0.000000
vt 0.471239 -0.101544 0.000000
vt 0.471239 -0.050772 0.000000
vt 0.471239 0.000000 0.000000
vt 0.418879 0.000000 0.000000
vt 0.366519 0.000000 0.000000
vt 0.314159 0.000000 0.000000
vt 0.314159 -0.067696 0.000000
vt 0.314159 -0.135391 0.000000
vt 0.418879 -0.152315 0.000000
vt 0.366519 -0.152315 0.000000
vt 0.418879 -0.101544 0.000000
vt 0.366519 -0.101544 0.000000
vt 0.418879 -0.050772 0.000000
vt 0.366519 -0.050772 0.000000
vt -2.375000 0.078540 0.000000
vt -2.375000 0.026180 0.000000
vt -2.375000 -0.026180 0.000000
vt -2.375000 -0.078540 0.000000
vt -1.125000 -0.078540 0.000000
vt -1.125000 -0.026180 0.000000
vt -1.125000 0.026180 0.000000
vt -1.125000 0.078540 0.000000
vt 0.157080 -0.425231 0.000000
vt 0.104720 -0.425231 0.000000
vt 0.052360 -0.425231 0.000000
vt -0.000000 -0.425231 0.000000
vt -0.000000 -0.510278 0.000000
vt -0.000000 -0.595324 0.000000
vt -0.000000 -0.680370 0.000000
vt -0.000000 -0.765416 0.000000
vt -0.000000 -0.850463 0.000000
vt 0.052360 -0.850463 0.000000
vt 0.104720 -0.850463 0.000000
vt 0.157080 -0.850463 0.000000
vt 0.157080 -0.744155 0.000000
vt 0.157080 -0.637847 0.000000
vt 0.157080 -0.531539 0.000000
vt 0.052360 -0.531539 0.000000
vt 0.104720 -0.531539 0.000000
vt 0.052360 -0.637847 0.000000
vt 0.104720 -0.637847 0.000000
vt 0.052360 -0.744155 0.000000
vt 0.104720 -0.744155 0.000000
vt -1.050000 0.078540 0.000000
vt -1.050000 0.026180 0.000000
vt -1.050000 -0.026180 0.000000
vt -1.050000 -0.078540 0.000000
vt 0.150000 -0.078540 0.000000
vt 0.150000 -0.026180 0.000000
vt 0.150000 0.026180 0.000000
vt 0.150000 0.078540 0.000000
vt 0.157080 0.000000 0.000000
vt 0.104720 0.000000 0.000000
vt 0.052360 0.000000 0.000000
vt -0.000000 0.000000 0.000000
vt -0.000000 -0.085046 0.000000
vt -0.000000 -0.170093 0.000000
vt -0.000000 -0.255139 0.000000
vt -0.000000 -0.340185 0.000000
vt -0.000000 -0.425231 0.000000
vt 0.052360 -0.425231 0.000000
vt 0.104720 -0.425231 0.000000
vt 0.157080 -0.425231 0.000000
vt 0.157080 -0.318924 0.000000
vt 0.157080 -0.212616 0.000000
vt 0.157080 -0.106308 0.000000
vt 0.052360 -0.106308 0.000000
vt 0.104720 -0.106308 0.000000
vt 0.052360 -0.212616 0.000000
vt 0.104720 -0.212616 0.000000
vt 0.052360 -0.318924 0.000000
vt 0.104720 -0.318924 0.000000
vt 1.125000 0.078540 0.000000
vt 1.125000 0.026180 0.000000
vt 1.125000 -0.026180 0.000000
vt 1.125000 -0.078540 0.000000
vt 2.375000 -0.078540 0.000000
vt 2.375000 -0.026180 0.000000
vt 2.375000 0.026180 0.000000
vt 2.375000 0.078540 0.000000
vt 0.314159 -0.406174 0.000000
vt 0.366519 -0.406174 0.000000
vt 0.418879 -0.406174 0.000000
vt 0.471239 -0.406174 0.000000
vt 0.471239 -0.355403 0.000000
vt 0.471239 -0.304631 0.000000
vt 0.471239 -0.253859 0.000000
vt 0.471239 -0.203087 0.000000
vt 0.418879 -0.203087 0.000000
vt 0.366519 -0.203087 0.000000
vt 0.314159 -0.203087 0.000000
vt 0.314159 -0.270783 0.000000
vt 0.314159 -0.338479 0.000000
vt 0.418879 -0.355403 0.000000
vt 0.366519 -0.355403 0.000000
vt 0.418879 -0.304631 0.000000
vt 0.366519 -0.304631 0.000000
vt 0.418879 -0.253859 0.000000
vt 0.366519 -0.253859 0.000000
vt -0.550000 -0.078540 0.000000
vt -0.550000 -0.026180 0.000000
vt -0.550000 0.026180 0.000000
vt -0.550000 0.078540 0.000000
vt -2.050000 0.078540 0.000000
vt -2.050000 0.026180 0.000000
vt -2.050000 -0.026180 0.000000
vt -2.050000 -0.078540 0.000000
vt -0.000000 1.681868 0.000000
vt 0.052360 1.681868 0.000000
vt 0.104720 1.681868 0.000000
vt 0.157080 1.681868 0.000000
vt 0.157080 1.892102 0.000000
vt 0.157080 2.102335 0.000000
vt 0.157080 2.312569 0.000000
vt 0.157080 2.522803 0.000000
vt 0.157080 2.733036 0.000000
vt 0.157080 2.943269 0.000000
vt 0.157080 3.153503 0.000000
vt 0.157080 3.363737 0.000000
vt 0.104720 3.363737 0.000000
vt 0.052360 3.363737 0.000000
vt -0.000000 3.363737 0.000000
vt -0.000000 3.153503 0.000000
vt -0.000000 2.943269 0.000000
vt -0.000000 2.733036 0.000000
vt -0.000000 2.522803 0.000000
vt -0.000000 2.312569 0.000000
vt -0.000000 2.102335 0.000000
vt -0.000000 1.892102 0.000000
vt 0.104720 1.892102 0.000000
vt 0.052360 1.892102 0.000000
vt 0.104720 2.102335 0.000000
vt 0.052360 2.102335 0.000000
vt 0.104720 2.312569 0.000000
vt 0.052360 2.312569 0.000000
vt 0.104720 2.522803 0.000000
vt 0.052360 2.522803 0.000000
vt 0.104720 2.733036 0.000000
vt 0.052360 2.733036 0.000000
vt 0.104720 2.943269 0.000000
vt 0.052360 2.943269 0.000000
vt 0.104720 3.153503 0.000000
vt 0.052360 3.153503 0.000000
vt 2.600000 0.078540 0.000000
vt -2.600000 0.078540 0.000000
vt -2.600000 0.026180 0.000000
vt -2.600000 -0.026180 0.000000
vt -2.600000 -0.078540 0.000000
vt 2.600000 -0.078540 0.000000
vt 2.600000 -0.026180 0.000000
vt 2.600000 0.026180 0.000000
vt -0.900000 0.117474 0.000000
vt -1.075955 0.139702 0.000000
vt -1.240853 0.204990 0.000000
vt -1.384335 0.309236 0.000000
vt -1.497384 0.445889 0.000000
vt -1.572897 0.606362 0.000000
vt -1.606130 0.780574 0.000000
vt -1.594994 0.957577 0.000000
vt -1.540189 1.126250 0.000000
vt -1.445158 1.275994 0.000000
vt -1.315873 1.397401 0.000000
vt -1.160458 1.482841 0.000000
vt -0.988677 1.526947 0.000000
vt -0.811323 1.526947 0.000000
vt -0.639542 1.482841 0.000000
vt -0.484127 1.397401 0.000000
vt -0.354842 1.275994 0.000000
vt -0.259811 1.126250 0.000000
vt -0.205006 0.957577 0.000000
vt -0.193870 0.780574 0.000000
vt -0.227103 0.606362 0.000000
vt -0.302616 0.445889 0.000000
vt -0.415665 0.309236 0.000000
vt -0.559147 0.204990 0.000000
vt -0.724045 0.139702 0.000000
vt -1.700000 1.550000 0.000000
vt -1.700000 0.300000 0.000000
vt -1.684776 0.223463 0.000000
vt -1.641421 0.158579 0.000000
vt -1.576537 0.115224 0.000000
vt -1.500000 0.100000 0.000000
vt -0.300000 0.100000 0.000000
vt -0.223463 0.115224 0.000000
vt -0.158579 0.158579 0.000000
vt -0.115224 0.223463 0.000000
vt -0.100000 0.300000 0.000000
vt -0.100000 1.550000 0.000000
vt 1.700000 -0.078540 0.000000
vt 1.700000 -0.026180 0.000000
vt 1.700000 0.026180 0.000000
vt 1.700000 0.078540 0.000000
vt 0.100000 0.078540 0.000000
vt 0.100000 0.026180 0.000000
vt 0.100000 -0.026180 0.000000
vt 0.100000 -0.078540 0.000000
vt 1.700000 0.000000 0.000000
vt 1.700000 1.500000 0.000000
vt 0.100000 1.500000 0.000000
vt 0.100000 0.000000 0.000000
vt 0.800000 0.000000 0.000000
vt 0.800000 0.215985 0.000000
vt 0.800000 0.431969 0.000000
vt 0.800000 0.647954 0.000000
vt 0.800000 0.863938 0.000000
vt 0.800000 1.079922 0.000000
vt 0.800000 1.295907 0.000000
vt 0.800000 1.511891 0.000000
vt 0.800000 1.727876 0.000000
vt -0.800000 1.727876 0.000000
vt -0.800000 1.511891 0.000000
vt -0.800000 1.295907 0.000000
vt -0.800000 1.079922 0.000000
vt -0.800000 0.863938 0.000000
vt -0.800000 0.647954 0.000000
vt -0.800000 0.431969 0.000000
vt -0.800000 0.215985 0.000000
vt -0.800000 0.000000 0.000000
vt -1.675000 0.235619 0.000000
vt -1.675000 0.141372 0.000000
vt -1.675000 0.047124 0.000000
vt -1.675000 -0.047124 0.000000
vt -1.675000 -0.141372 0.000000
vt -1.675000 -0.235619 0.000000
vt -1.375000 -0.235619 0.000000
vt -1.375000 -0.141372 0.000000
vt -1.375000 -0.047124 0.000000
vt -1.375000 0.047124 0.000000
vt -1.375000 0.141372 0.000000
vt -1.375000 0.235619 0.000000
vt 1.325000 -0.235619 0.000000
vt 1.325000 -0.141372 0.000000
vt 1.325000 -0.047124 0.000000
vt 1.325000 0.047124 0.000000
vt 1.325000 0.141372 0.000000
vt 1.325000 0.235619 0.000000
vt 1.025000 0.235619 0.000000
vt 1.025000 0.141372 0.000000
vt 1.025000 0.047124 0.000000
vt 1.025000 -0.047124 0.000000
vt 1.025000 -0.141372 0.000000
vt 1.025000 -0.235619 0.000000
vt 0.466717 -1.661158 0.000000
vt 0.466717 -1.528265 0.000000
vt 0.466717 -1.395373 0.000000
vt 0.466717 -1.262480 0.000000
vt 0.466717 -1.129588 0.000000
vt 0.466717 -0.996695 0.000000
vt 0.466717 -0.863802 0.000000
vt 0.466717 -0.730910 0.000000
vt 0.466717 -0.598017 0.000000
vt 0.466717 -0.465124 0.000000
vt 0.466717 -0.332232 0.000000
vt 0.466717 -0.199339 0.000000
vt 0.466717 -0.066446 0.000000
vt 0.466717 0.066446 0.000000
vt 0.466717 0.199339 0.000000
vt 0.466717 0.332232 0.000000
vt 0.466717 0.465124 0.000000
vt 0.466717 0.598017 0.000000
vt 0.466717 0.730910 0.000000
vt 0.466717 0.863802 0.000000
vt 0.466717 0.996695 0.000000
vt 0.466717 1.129588 0.000000
vt 0.466717 1.262480 0.000000
vt 0.466717 1.395373 0.000000
vt 0.466717 1.528265 0.000000
vt 0.000000 0.000000 0.000000
vt 0.000000 -0.184573 0.000000
vt 0.000000 -0.369146 0.000000
vt 0.000000 -0.553719 0.000000
vt 0.000000 -0.738292 0.000000
vt 0.000000 -0.922866 0.000000
vt 0.000000 -1.107439 0.000000
vt 0.000000 -1.292012 0.000000
vt 0.000000 -1.476585 0.000000
vt 0.000000 1.661158 0.000000
vt 0.000000 1.476585 0.000000
vt 0.000000 1.292012 0.000000
vt 0.000000 1.107439 0.000000
vt 0.000000 0.922866 0.000000
vt 0.000000 0.738292 0.000000
vt 0.000000 0.553719 0.000000
vt 0.000000 0.369146 0.000000
vt 0.000000 0.184573 0.000000
vt 0.466717 1.661158 0.000000
vt 0.000000 -1.661158 0.000000
vt 0.000000 -1.661158 0.000000
vt 0.200000 0.000000 0.000000
vt 0.200000 0.122173 0.000000
vt 0.200000 0.244346 0.000000
vt 0.200000 0.366519 0.000000
vt 0.200000 0.488692 0.000000
vt 0.200000 0.610865 0.000000
vt 0.200000 0.733038 0.000000
vt 0.200000 0.855211 0.000000
vt 0.200000 0.977384 0.000000
vt 0.200000 -1.099557 0.000000
vt 0.200000 -0.977384 0.000000
vt 0.200000 -0.855211 0.000000
vt 0.200000 -0.733038 0.000000
vt 0.200000 -0.610865 0.000000
vt 0.200000 -0.488692 0.000000
vt 0.200000 -0.366519 0.000000
vt 0.200000 -0.244346 0.000000
vt 0.200000 -0.122173 0.000000
vt 0.000000 0.000000 0.000000
vt 0.000000 -0.122173 0.000000
vt 0.000000 -0.244346 0.000000
vt 0.000000 -0.366519 0.000000
vt 0.000000 -0.488692 0.000000
vt 0.000000 -0.610865 0.000000
vt 0.000000 -0.733038 0.000000
vt 0.000000 -0.855211 0.000000
vt 0.000000 -0.977384 0.000000
vt 0.000000 1.099557 0.000000
vt 0.000000 0.977384 0.000000
vt 0.000000 0.855211 0.000000
vt 0.000000 0.733038 0.000000
vt 0.000000 0.610865 0.000000
vt 0.000000 0.488692 0.000000
vt 0.000000 0.366519 0.000000
vt 0.000000 0.244346 0.000000
vt 0.000000 0.122173 0.000000
vt 0.000000 -1.099557 0.000000
vt 0.200000 1.099557 0.000000
vt -0.600000 -0.250000 0.000000
vt 0.600000 -0.250000 0.000000
vt 0.600000 0.050000 0.000000
vt -0.600000 0.050000 0.000000
vn -0.100000 0.000000 0.000000
vn -0.086603 0.000000 0.050000
vn -0.050000 0.000000 0.086603
vn 0.000000 0.000000 0.100000
vn 0.000000 0.000000 0.100000
vn 0.000000 0.000000 0.100000
vn 0.000000 0.000000 0.100000
vn 0.000000 0.000000 0.100000
vn 0.000000 0.000000 0.100000
vn 0.000000 0.000000 0.100000
vn 0.000000 -0.050000 0.086603
vn 0.000000 -0.086603 0.050000
vn 0.000000 -0.100000 0.000000
vn -0.030902 -0.095106 0.000000
vn -0.058779 -0.080902 0.000000
vn -0.080902 -0.058779 0.000000
vn -0.095106 -0.030902 0.000000
vn -0.048296 -0.012941 0.086603
vn -0.083652 -0.022414 0.050000
vn -0.043301 -0.025000 0.086603
vn -0.075000 -0.043301 0.050000
vn -0.035355 -0.035355 0.086603
vn -0.061237 -0.061237 0.050000
vn -0.025000 -0.043301 0.086603
vn -0.043301 -0.075000 0.050000
vn -0.012941 -0.048296 0.086603
vn -0.022414 -0.083652 0.050000
vn -0.100000 0.000000 0.000000
vn -0.086603 0.000000 0.050000
vn -0.050000 0.000000 0.086603
vn 0.000000 0.000000 0.100000
vn 0.000000 0.000000 0.100000
vn -0.050000 0.000000 0.086603
vn -0.086603 0.000000 0.050000
vn -0.100000 0.000000 0.000000
vn 0.000000 -0.100000 0.000000
vn 0.000000 -0.086603 0.050000
vn 0.000000 -0.050000 0.086603
vn 0.000000 0.000000 0.100000
vn 0.000000 0.000000 0.100000
vn 0.000000 0.000000 0.100000
vn 0.000000 0.000000 0.100000
vn 0.000000 0.000000 0.100000
vn -0.050000 0.000000 0.086603
vn -0.086603 0.000000 0.050000
vn -0.100000 0.000000 0.000000
vn -0.095106 -0.030902 0.000000
vn -0.080902 -0.058779 0.000000
vn -0.058779 -0.080902 0.000000
vn -0.030902 -0.095106 0.000000
vn -0.019134 -0.046194 0.086603
vn -0.033141 -0.080010 0.050000
vn -0.035355 -0.035355 0.086603
vn -0.061237 -0.061237 0.050000
vn -0.046194 -0.019134 0.086603
vn -0.080010 -0.033141 0.050000
vn 0.000000 -0.100000 0.000000
vn 0.000000 -0.086603 0.050000
vn 0.000000 -0.050000 0.086603
vn 0.000000 0.000000 0.100000
vn 0.000000 0.000000 0.100000
vn 0.000000 -0.050000 0.086603
vn 0.000000 -0.086603 0.050000
vn 0.000000 -0.100000 0.000000
vn 0.000000 -0.100000 0.000000
vn 0.050000 -0.086603 0.000000
vn 0.086603 -0.050000 0.000000
vn 0.100000 0.000000 0.000000
vn 0.095106 0.000000 0.030902
vn 0.080902 0.000000 0.058779
vn 0.058779 0.000000 0.080902
vn 0.030902 0.000000 0.095106
vn 0.000000 0.000000 0.100000
vn 0.000000 -0.050000 0.086603
vn 0.000000 -0.086603 0.050000
vn 0.000000 -0.100000 0.000000
vn 0.000000 -0.100000 0.000000
vn 0.000000 -0.100000 0.000000
vn 0.000000 -0.100000 0.000000
vn 0.080010 -0.050000 0.033141
vn 0.046194 -0.086603 0.019134
vn 0.061237 -0.050000 0.061237
vn 0.035355 -0.086603 0.035355
vn 0.033141 -0.050000 0.080010
vn 0.019134 -0.086603 0.046194
vn 0.000000 -0.100000 0.000000
vn 0.050000 -0.086603 0.000000
vn 0.086603 -0.050000 0.000000
vn 0.100000 0.000000 0.000000
vn 0.100000 0.000000 0.000000
vn 0.086603 -0.050000 0.000000
vn 0.050000 -0.086603 0.000000
vn 0.000000 -0.100000 0.000000
vn 0.000000 -0.100000 0.000000
vn 0.000000 -0.086603 -0.050000
vn 0.000000 -0.050000 -0.086603
vn 0.000000 0.000000 -0.100000
vn 0.030902 0.000000 -0.095106
vn 0.058779 0.000000 -0.080902
vn 0.080902 0.000000 -0.058779
vn 0.095106 0.000000 -0.030902
vn 0.100000 0.000000 0.000000
vn 0.086603 -0.050000 0.000000
vn 0.050000 -0.086603 0.000000
vn 0.000000 -0.100000 0.000000
vn 0.000000 -0.100000 0.000000
vn 0.000000 -0.100000 0.000000
vn 0.000000 -0.100000 0.000000
vn 0.033141 -0.050000 -0.080010
vn 0.019134 -0.086603 -0.046194
vn 0.061237 -0.050000 -0.061237
vn 0.035355 -0.086603 -0.035355
vn 0.080010 -0.050000 -0.033141
vn 0.046194 -0.086603 -0.019134
vn 0.000000 -0.100000 0.000000
vn 0.000000 -0.086603 -0.050000
vn 0.000000 -0.050000 -0.086603
vn 0.000000 0.000000 -0.100000
vn 0.000000 0.000000 -0.100000
vn 0.000000 -0.050000 -0.086603
vn 0.000000 -0.086603 -0.050000
vn 0.000000 -0.100000 0.000000
vn -0.100000 0.000000 0.000000
vn -0.086603 0.000000 -0.050000
vn -0.050000 0.000000 -0.086603
vn 0.000000 0.000000 -0.100000
vn 0.000000 0.000000 -0.100000
vn 0.000000 0.000000 -0.100000
vn 0.000000 0.000000 -0.100000
vn 0.000000 0.000000 -0.100000
vn 0.000000 -0.050000 -0.086603
vn 0.000000 -0.086603 -0.050000
vn 0.000000 -0.100000 0.000000
vn -0.030902 -0.095106 0.000000
vn -0.058779 -0.080902 0.000000
vn -0.080902 -0.058779 0.000000
vn -0.095106 -0.030902 0.000000
vn -0.046194 -0.019134 -0.086603
vn -0.080010 -0.033141 -0.050000
vn -0.035355 -0.035355 -0.086603
vn -0.061237 -0.061237 -0.050000
vn -0.019134 -0.046194 -0.086603
vn -0.033141 -0.080010 -0.050000
vn -0.100000 0.000000 0.000000
vn -0.086603 0.000000 -0.050000
vn -0.050000 0.000000 -0.086603
vn 0.000000 0.000000 -0.100000
vn 0.000000 0.000000 -0.100000
vn -0.050000 0.000000 -0.086603
vn -0.086603 0.000000 -0.050000
vn -0.100000 0.000000 0.000000
vn 0.000000 -0.100000 0.000000
vn 0.000000 -0.086603 -0.050000
vn 0.000000 -0.050000 -0.086603
vn 0.000000 0.000000 -0.100000
vn 0.000000 0.000000 -0.100000
vn 0.000000 0.000000 -0.100000
vn 0.000000 0.000000 -0.100000
vn 0.000000 0.000000 -0.100000
vn 0.000000 0.000000 -0.100000
vn 0.000000 0.000000 -0.100000
vn -0.050000 0.000000 -0.086603
vn -0.086603 0.000000 -0.050000
vn -0.100000 0.000000 0.000000
vn -0.095106 -0.030902 0.000000
vn -0.080902 -0.058779 0.000000
vn -0.058779 -0.080902 0.000000
vn -0.030902 -0.095106 0.000000
vn -0.012941 -0.048296 -0.086603
vn -0.022414 -0.083652 -0.050000
vn -0.025000 -0.043301 -0.086603
vn -0.043301 -0.075000 -0.050000
vn -0.035355 -0.035355 -0.086603
vn -0.061237 -0.061237 -0.050000
vn -0.043301 -0.025000 -0.086603
vn -0.075000 -0.043301 -0.050000
vn -0.048296 -0.012941 -0.086603
vn -0.083652 -0.022414 -0.050000
vn 0.000000 0.000000 0.100000
vn 0.000000 0.000000 0.100000
vn 0.000000 0.000000 0.100000
vn 0.000000 0.000000 0.100000
vn 0.000000 0.000000 0.100000
vn 0.000000 0.000000 0.100000
vn 0.000000 0.000000 0.100000
vn 0.000000 0.000000 0.100000
vn 0.000000 0.000000 0.100000
vn 0.000000 0.000000 0.100000
vn 0.000000 0.000000 0.100000
vn 0.000000 0.000000 0.100000
vn 0.000000 0.000000 0.100000
vn 0.000000 0.000000 0.100000
vn 0.000000 0.000000 0.100000
vn 0.000000 0.000000 0.100000
vn 0.000000 0.000000 0.100000
vn 0.000000 0.000000 0.100000
vn 0.000000 0.000000 0.100000
vn 0.000000 0.000000 0.100000
vn 0.000000 0.000000 0.100000
vn 0.000000 0.000000 0.100000
vn 0.000000 0.000000 0.100000
vn 0.000000 0.000000 0.100000
vn 0.000000 0.000000 0.100000
vn 0.000000 0.000000 0.100000
vn 0.000000 0.000000 0.100000
vn 0.000000 0.000000 0.100000
vn 0.000000 0.000000 0.100000
vn 0.000000 0.000000 0.100000
vn 0.000000 0.000000 0.100000
vn 0.000000 0.000000 0.100000
vn 0.000000 0.000000 0.100000
vn 0.000000 0.000000 0.100000
vn 0.000000 0.000000 0.100000
vn 0.000000 0.000000 0.100000
vn 0.000000 0.000000 0.100000
vn 0.000000 0.000000 0.100000
vn 0.000000 0.000000 0.100000
vn 0.000000 0.000000 0.100000
vn 0.000000 0.000000 0.100000
vn 0.000000 0.000000 0.100000
vn 0.000000 0.000000 0.100000
vn 0.000000 0.000000 0.100000
vn 0.000000 0.000000 0.100000
vn 0.000000 0.000000 0.100000
vn 0.000000 0.000000 0.100000
vn 0.000000 0.000000 0.100000
vn 0.000000 0.000000 0.100000
vn 0.000000 0.000000 0.100000
vn 0.000000 0.000000 0.100000
vn 0.000000 0.000000 0.100000
vn 0.000000 0.000000 0.100000
vn 0.000000 0.000000 0.100000
vn 0.000000 0.000000 0.100000
vn 0.000000 0.000000 0.100000
vn 0.000000 0.000000 0.100000
vn 0.030902 0.000000 0.095106
vn 0.058779 0.000000 0.080902
vn 0.080902 0.000000 0.058779
vn 0.095106 0.000000 0.030902
vn 0.100000 0.000000 0.000000
vn 0.100000 0.000000 0.000000
vn 0.095106 0.000000 0.030902
vn 0.080902 0.000000 0.058779
vn 0.058779 0.000000 0.080902
vn 0.030902 0.000000 0.095106
vn 0.000000 0.000000 0.100000
vn 0.100000 0.000000 0.000000
vn 0.100000 0.000000 0.000000
vn 0.100000 0.000000 0.000000
vn 0.100000 0.000000 0.000000
vn 0.100000 0.000000 0.000000
vn 0.095106 0.000000 -0.030902
vn 0.080902 0.000000 -0.058779
vn 0.058779 0.000000 -0.080902
vn 0.030902 0.000000 -0.095106
vn 0.000000 0.000000 -0.100000
vn 0.000000 0.000000 -0.100000
vn 0.030902 0.000000 -0.095106
vn 0.058779 0.000000 -0.080902
vn 0.080902 0.000000 -0.058779
vn 0.095106 0.000000 -0.030902
vn 0.100000 0.000000 0.000000
vn 0.000000 0.000000 -0.100000
vn 0.000000 0.000000 -0.100000
vn 0.000000 0.000000 -0.100000
vn 0.000000 0.000000 -0.100000
vn 0.000000 0.000000 -0.100000
vn 0.000000 0.000000 -0.100000
vn 0.000000 0.000000 -0.100000
vn 0.000000 0.000000 -0.100000
vn 0.000000 0.000000 -0.100000
vn 0.000000 0.000000 -0.100000
vn 0.000000 0.000000 -0.100000
vn 0.000000 0.000000 -0.100000
vn 0.000000 0.000000 -0.100000
vn 0.000000 0.000000 -0.100000
vn 0.000000 0.000000 -0.100000
vn 0.000000 0.000000 -0.100000
vn 0.000000 0.000000 -0.100000
vn 0.000000 0.000000 -0.100000
vn 0.000000 0.000000 -0.100000
vn 0.000000 0.000000 -0.100000
vn 0.000000 0.000000 -0.100000
vn 0.000000 0.000000 -0.100000
vn 0.000000 0.000000 -0.100000
vn 0.000000 0.000000 -0.100000
vn 0.000000 0.000000 -0.100000
vn 0.000000 0.000000 -0.100000
vn 0.000000 0.000000 -0.100000
vn 0.000000 0.000000 -0.100000
vn 0.000000 0.000000 -0.100000
vn 0.000000 0.000000 -0.100000
vn 0.000000 0.000000 -0.100000
vn 0.000000 0.000000 -0.100000
vn 0.000000 0.000000 -0.100000
vn 0.000000 0.000000 -0.100000
vn 0.000000 0.000000 -0.100000
vn 0.000000 0.000000 -0.100000
vn 0.000000 0.000000 -0.100000
vn 0.000000 0.000000 -0.100000
vn 0.000000 0.000000 -0.100000
vn 0.000000 0.000000 -0.100000
vn 0.000000 0.000000 -0.100000
vn 0.000000 0.000000 -0.100000
vn 0.000000 0.000000 -0.100000
vn 0.000000 0.000000 -0.100000
vn 0.000000 0.000000 -0.100000
vn 0.000000 0.000000 -0.100000
vn 0.000000 0.000000 -0.100000
vn 0.000000 0.000000 -0.100000
vn 0.000000 0.000000 -0.100000
vn 0.000000 0.000000 -0.100000
vn 0.000000 0.000000 -0.100000
vn 0.000000 0.000000 -0.100000
vn 0.000000 0.000000 -0.100000
vn 0.000000 0.000000 -0.100000
vn 0.000000 0.000000 -0.100000
vn 0.000000 0.000000 -0.100000
vn 0.000000 0.000000 0.100000
vn 0.050000 0.000000 0.086603
vn 0.086603 0.000000 0.050000
vn 0.100000 0.000000 0.000000
vn 0.098079 0.019509 0.000000
vn 0.092388 0.038268 0.000000
vn 0.083147 0.055557 0.000000
vn 0.070711 0.070711 0.000000
vn 0.055557 0.083147 0.000000
vn 0.038268 0.092388 0.000000
vn 0.019509 0.098079 0.000000
vn 0.000000 0.100000 0.000000
vn 0.000000 0.086603 0.050000
vn 0.000000 0.050000 0.086603
vn 0.000000 0.000000 0.100000
vn 0.000000 0.000000 0.100000
vn 0.000000 0.000000 0.100000
vn 0.000000 0.000000 0.100000
vn 0.000000 0.000000 0.100000
vn 0.000000 0.000000 0.100000
vn 0.000000 0.000000 0.100000
vn 0.000000 0.000000 0.100000
vn 0.084938 0.016895 0.050000
vn 0.049039 0.009755 0.086603
vn 0.080010 0.033141 0.050000
vn 0.046194 0.019134 0.086603
vn 0.072007 0.048114 0.050000
vn 0.041573 0.027779 0.086603
vn 0.061237 0.061237 0.050000
vn 0.035355 0.035355 0.086603
vn 0.048114 0.072007 0.050000
vn 0.027779 0.041573 0.086603
vn 0.033141 0.080010 0.050000
vn 0.019134 0.046194 0.086603
vn 0.016895 0.084938 0.050000
vn 0.009755 0.049039 0.086603
vn 0.000000 0.000000 0.100000
vn 0.050000 0.000000 0.086603
vn 0.086603 0.000000 0.050000
vn 0.100000 0.000000 0.000000
vn 0.100000 0.000000 0.000000
vn 0.086603 0.000000 0.050000
vn 0.050000 0.000000 0.086603
vn 0.000000 0.000000 0.100000
vn 0.000000 0.000000 0.100000
vn 0.000000 0.050000 0.086603
vn 0.000000 0.086603 0.050000
vn 0.000000 0.100000 0.000000
vn 0.050000 0.086603 0.000000
vn 0.086603 0.050000 0.000000
vn 0.100000 0.000000 0.000000
vn 0.086603 0.000000 0.050000
vn 0.050000 0.000000 0.086603
vn 0.000000 0.000000 0.100000
vn 0.000000 0.000000 0.100000
vn 0.000000 0.000000 0.100000
vn 0.000000 0.000000 0.100000
vn 0.033141 0.080010 0.050000
vn 0.019134 0.046194 0.086603
vn 0.061237 0.061237 0.050000
vn 0.035355 0.035355 0.086603
vn 0.080010 0.033141 0.050000
vn 0.046194 0.019134 0.086603
vn 0.000000 0.000000 0.100000
vn 0.000000 0.050000 0.086603
vn 0.000000 0.086603 0.050000
vn 0.000000 0.100000 0.000000
vn 0.000000 0.100000 0.000000
vn 0.000000 0.086603 0.050000
vn 0.000000 0.050000 0.086603
vn 0.000000 0.000000 0.100000
vn 0.100000 0.000000 0.000000
vn 0.086603 0.050000 0.000000
vn 0.050000 0.086603 0.000000
vn 0.000000 0.100000 0.000000
vn 0.000000 0.100000 0.000000
vn 0.000000 0.100000 0.000000
vn 0.000000 0.100000 0.000000
vn 0.000000 0.100000 0.000000
vn 0.000000 0.086603 0.050000
vn 0.000000 0.050000 0.086603
vn 0.000000 0.000000 0.100000
vn 0.030902 0.000000 0.095106
vn 0.058779 0.000000 0.080902
vn 0.080902 0.000000 0.058779
vn 0.095106 0.000000 0.030902
vn 0.046194 0.086603 0.019134
vn 0.080010 0.050000 0.033141
vn 0.035355 0.086603 0.035355
vn 0.061237 0.050000 0.061237
vn 0.019134 0.086603 0.046194
vn 0.033141 0.050000 0.080010
vn 0.100000 0.000000 0.000000
vn 0.086603 0.050000 0.000000
vn 0.050000 0.086603 0.000000
vn 0.000000 0.100000 0.000000
vn 0.000000 0.100000 0.000000
vn 0.050000 0.086603 0.000000
vn 0.086603 0.050000 0.000000
vn 0.100000 0.000000 0.000000
vn 0.000000 0.000000 -0.100000
vn 0.000000 0.050000 -0.086603
vn 0.000000 0.086603 -0.050000
vn 0.000000 0.100000 0.000000
vn 0.000000 0.100000 0.000000
vn 0.000000 0.100000 0.000000
vn 0.000000 0.100000 0.000000
vn 0.000000 0.100000 0.000000
vn 0.050000 0.086603 0.000000
vn 0.086603 0.050000 0.000000
vn 0.100000 0.000000 0.000000
vn 0.095106 0.000000 -0.030902
vn 0.080902 0.000000 -0.058779
vn 0.058779 0.000000 -0.080902
vn 0.030902 0.000000 -0.095106
vn 0.019134 0.086603 -0.046194
vn 0.033141 0.050000 -0.080010
vn 0.035355 0.086603 -0.035355
vn 0.061237 0.050000 -0.061237
vn 0.046194 0.086603 -0.019134
vn 0.080010 0.050000 -0.033141
vn 0.000000 0.000000 -0.100000
vn 0.000000 0.050000 -0.086603
vn 0.000000 0.086603 -0.050000
vn 0.000000 0.100000 0.000000
vn 0.000000 0.100000 0.000000
vn 0.000000 0.086603 -0.050000
vn 0.000000 0.050000 -0.086603
vn 0.000000 0.000000 -0.100000
vn 0.000000 0.000000 -0.100000
vn 0.050000 0.000000 -0.086603
vn 0.086603 0.000000 -0.050000
vn 0.100000 0.000000 0.000000
vn 0.086603 0.050000 0.000000
vn 0.050000 0.086603 0.000000
vn 0.000000 0.100000 0.000000
vn 0.000000 0.086603 -0.050000
vn 0.000000 0.050000 -0.086603
vn 0.000000 0.000000 -0.100000
vn 0.000000 0.000000 -0.100000
vn 0.000000 0.000000 -0.100000
vn 0.000000 0.000000 -0.100000
vn 0.080010 0.033141 -0.050000
vn 0.046194 0.019134 -0.086603
vn 0.061237 0.061237 -0.050000
vn 0.035355 0.035355 -0.086603
vn 0.033141 0.080010 -0.050000
vn 0.019134 0.046194 -0.086603
vn 0.000000 0.000000 -0.100000
vn 0.050000 0.000000 -0.086603
vn 0.086603 0.000000 -0.050000
vn 0.100000 0.000000 0.000000
vn 0.100000 0.000000 0.000000
vn 0.086603 0.000000 -0.050000
vn 0.050000 0.000000 -0.086603
vn 0.000000 0.000000 -0.100000
vn 0.000000 0.000000 -0.100000
vn 0.000000 0.050000 -0.086603
vn 0.000000 0.086603 -0.050000
vn 0.000000 0.100000 0.000000
vn 0.019509 0.098079 0.000000
vn 0.038268 0.092388 0.000000
vn 0.055557 0.083147 0.000000
vn 0.070711 0.070711 0.000000
vn 0.083147 0.055557 0.000000
vn 0.092388 0.038268 0.000000
vn 0.098079 0.019509 0.000000
vn 0.100000 0.000000 0.000000
vn 0.086603 0.000000 -0.050000
vn 0.050000 0.000000 -0.086603
vn 0.000000 0.000000 -0.100000
vn 0.000000 0.000000 -0.100000
vn 0.000000 0.000000 -0.100000
vn 0.000000 0.000000 -0.100000
vn 0.000000 0.000000 -0.100000
vn 0.000000 0.000000 -0.100000
vn 0.000000 0.000000 -0.100000
vn 0.000000 0.000000 -0.100000
vn 0.016895 0.084938 -0.050000
vn 0.009755 0.049039 -0.086603
vn 0.033141 0.080010 -0.050000
vn 0.019134 0.046194 -0.086603
vn 0.048114 0.072007 -0.050000
vn 0.027779 0.041573 -0.086603
vn 0.061237 0.061237 -0.050000
vn 0.035355 0.035355 -0.086603
vn 0.072007 0.048114 -0.050000
vn 0.041573 0.027779 -0.086603
vn 0.080010 0.033141 -0.050000
vn 0.046194 0.019134 -0.086603
vn 0.084938 0.016895 -0.050000
vn 0.049039 0.009755 -0.086603
vn 0.000000 0.100000 0.000000
vn 0.000000 0.100000 0.000000
vn 0.000000 0.100000 0.000000
vn 0.000000 0.100000 0.000000
vn 0.000000 0.100000 0.000000
vn 0.000000 0.100000 0.000000
vn 0.000000 0.100000 0.000000
vn 0.000000 0.100000 0.000000
vn 0.000000 0.100000 0.000000
vn 0.000000 0.100000 0.000000
vn 0.000000 0.100000 0.000000
vn 0.000000 0.100000 0.000000
vn 0.000000 0.100000 0.000000
vn 0.000000 0.100000 0.000000
vn 0.000000 0.100000 0.000000
vn 0.000000 0.100000 0.000000
vn 0.000000 0.100000 0.000000
vn 0.000000 0.100000 0.000000
vn 0.000000 0.100000 0.000000
vn 0.000000 0.100000 0.000000
vn 0.000000 0.100000 0.000000
vn 0.000000 0.100000 0.000000
vn 0.000000 0.100000 0.000000
vn 0.000000 0.100000 0.000000
vn 0.000000 0.100000 0.000000
vn 0.000000 0.100000 0.000000
vn 0.000000 0.100000 0.000000
vn 0.000000 0.100000 0.000000
vn 0.000000 0.100000 0.000000
vn 0.000000 0.100000 0.000000
vn 0.000000 0.100000 0.000000
vn 0.000000 0.100000 0.000000
vn 0.000000 0.100000 0.000000
vn 0.000000 0.100000 0.000000
vn 0.000000 0.100000 0.000000
vn 0.000000 0.100000 0.000000
vn 0.000000 0.100000 0.000000
vn 0.100000 0.000000 0.000000
vn 0.086603 0.050000 0.000000
vn 0.050000 0.086603 0.000000
vn 0.000000 0.100000 0.000000
vn 0.000000 0.100000 0.000000
vn 0.050000 0.086603 0.000000
vn 0.086603 0.050000 0.000000
vn 0.100000 0.000000 0.000000
vn 0.100000 0.000000 0.000000
vn 0.100000 0.000000 0.000000
vn 0.100000 0.000000 0.000000
vn 0.100000 0.000000 0.000000
vn 0.000000 0.100000 0.000000
vn 0.019509 0.098079 0.000000
vn 0.038268 0.092388 0.000000
vn 0.055557 0.083147 0.000000
vn 0.070711 0.070711 0.000000
vn 0.083147 0.055557 0.000000
vn 0.092388 0.038268 0.000000
vn 0.098079 0.019509 0.000000
vn 0.100000 0.000000 0.000000
vn 0.100000 0.000000 0.000000
vn 0.098079 0.019509 0.000000
vn 0.092388 0.038268 0.000000
vn 0.083147 0.055557 0.000000
vn 0.070711 0.070711 0.000000
vn 0.055557 0.083147 0.000000
vn 0.038268 0.092388 0.000000
vn 0.019509 0.098079 0.000000
vn 0.000000 0.100000 0.000000
vn 0.000000 0.100000 0.000000
vn 0.000000 0.100000 0.000000
vn 0.000000 0.100000 0.000000
vn 0.000000 0.100000 0.000000
vn 0.000000 -0.100000 0.000000
vn -0.030902 -0.095106 0.000000
vn -0.058779 -0.080902 0.000000
vn -0.080902 -0.058779 0.000000
vn -0.095106 -0.030902 0.000000
vn -0.100000 0.000000 0.000000
vn -0.100000 0.000000 0.000000
vn -0.095106 -0.030902 0.000000
vn -0.080902 -0.058779 0.000000
vn -0.058779 -0.080902 0.000000
vn -0.030902 -0.095106 0.000000
vn 0.000000 -0.100000 0.000000
vn -0.100000 0.000000 0.000000
vn -0.100000 0.000000 0.000000
vn -0.100000 0.000000 0.000000
vn -0.100000 0.000000 0.000000
vn -0.064279 0.076604 0.000000
vn -0.062259 0.076604 0.015985
vn -0.056328 0.076604 0.030967
vn -0.046857 0.076604 0.044002
vn -0.034442 0.076604 0.054272
vn -0.019863 0.076604 0.061133
vn -0.004036 0.076604 0.064152
vn 0.012045 0.076604 0.063140
vn 0.027369 0.076604 0.058161
vn 0.040973 0.076604 0.049528
vn 0.052003 0.076604 0.037782
vn 0.059765 0.076604 0.023663
vn 0.063772 0.076604 0.008056
vn 0.063772 0.076604 -0.008056
vn 0.059765 0.076604 -0.023663
vn 0.052003 0.076604 -0.037782
vn 0.040973 0.076604 -0.049528
vn 0.027369 0.076604 -0.058161
vn 0.012045 0.076604 -0.063140
vn -0.004036 0.076604 -0.064152
vn -0.019863 0.076604 -0.061133
vn -0.034442 0.076604 -0.054272
vn -0.046857 0.076604 -0.044002
vn -0.056328 0.076604 -0.030967
vn -0.062259 0.076604 -0.015985
vn 0.064279 0.076604 0.000000
vn 0.060402 0.076604 0.021985
vn 0.049240 0.076604 0.041318
vn 0.032139 0.076604 0.055667
vn 0.011162 0.076604 0.063302
vn -0.011162 0.076604 0.063302
vn -0.032139 0.076604 0.055667
vn -0.049240 0.076604 0.041318
vn -0.060402 0.076604 0.021985
vn -0.064279 0.076604 0.000000
vn -0.060402 0.076604 -0.021985
vn -0.049240 0.076604 -0.041318
vn -0.032139 0.076604 -0.055667
vn -0.011162 0.076604 -0.063302
vn 0.011162 0.076604 -0.063302
vn 0.032139 0.076604 -0.055667
vn 0.049240 0.076604 -0.041318
vn 0.060402 0.076604 -0.021985
vn -0.064279 0.076604 0.000000
vn -0.064279 0.076604 0.000000
vn -0.064279 0.076604 0.000000
vn 0.100000 0.000000 0.000000
vn 0.093969 0.000000 -0.034202
vn 0.076604 0.000000 -0.064279
vn 0.050000 0.000000 -0.086603
vn 0.017365 0.000000 -0.098481
vn -0.017365 0.000000 -0.098481
vn -0.050000 0.000000 -0.086603
vn -0.076604 0.000000 -0.064279
vn -0.093969 0.000000 -0.034202
vn -0.100000 0.000000 0.000000
vn -0.093969 0.000000 0.034202
vn -0.076604 0.000000 0.064279
vn -0.050000 0.000000 0.086603
vn -0.017365 0.000000 0.098481
vn 0.017365 0.000000 0.098481
vn 0.050000 0.000000 0.086603
vn 0.076604 0.000000 0.064279
vn 0.093969 0.000000 0.034202
vn 0.100000 0.000000 0.000000
vn 0.093969 0.000000 0.034202
vn 0.076604 0.000000 0.064279
vn 0.050000 0.000000 0.086603
vn 0.017365 0.000000 0.098481
vn -0.017365 0.000000 0.098481
vn -0.050000 0.000000 0.086603
vn -0.076604 0.000000 0.064279
vn -0.093969 0.000000 0.034202
vn -0.100000 0.000000 0.000000
vn -0.093969 0.000000 -0.034202
vn -0.076604 0.000000 -0.064279
vn -0.050000 0.000000 -0.086603
vn -0.017365 0.000000 -0.098481
vn 0.017365 0.000000 -0.098481
vn 0.050000 0.000000 -0.086603
vn 0.076604 0.000000 -0.064279
vn 0.093969 0.000000 -0.034202
vn -0.100000 0.000000 0.000000
vn -0.100000 0.000000 0.000000
vn 0.000000 -0.100000 0.000000
vn 0.000000 -0.100000 0.000000
vn 0.000000 -0.100000 0.000000
vn 0.000000 -0.100000 0.000000
vn 0.000000 -0.100000 0.000000
vn 0.000000 -0.100000 0.000000
vn 0.000000 -0.100000 0.000000
vn 0.000000 -0.100000 0.000000
vn 0.000000 -0.100000 0.000000
vn 0.000000 -0.100000 0.000000
vn 0.000000 -0.100000 0.000000
vn 0.000000 -0.100000 0.000000
vn 0.000000 -0.100000 0.000000
vn 0.000000 -0.100000 0.000000
vn 0.000000 -0.100000 0.000000
vn 0.000000 -0.100000 0.000000
vn 0.000000 -0.100000 0.000000
vn 0.000000 -0.100000 0.000000
vn 0.000000 -0.100000 0.000000
vn 0.000000 -0.100000 0.000000
vn 0.000000 -0.100000 0.000000
vn 0.000000 -0.100000 0.000000
vn 0.000000 -0.100000 0.000000
vn 0.000000 -0.100000 0.000000
vn 0.000000 -0.100000 0.000000
vn 0.000000 -0.100000 0.000000
vn 0.000000 -0.100000 0.000000
vn 0.000000 -0.100000 0.000000
vn 0.000000 -0.100000 0.000000
vn 0.000000 -0.100000 0.000000
vn -0.100000 0.000000 0.000000
vn -0.095106 -0.030902 0.000000
vn -0.080902 -0.058779 0.000000
vn -0.058779 -0.080902 0.000000
vn -0.030902 -0.095106 0.000000
vn 0.000000 -0.100000 0.000000
vn 0.000000 -0.100000 0.000000
vn -0.030902 -0.095106 0.000000
vn -0.058779 -0.080902 0.000000
vn -0.080902 -0.058779 0.000000
vn -0.095106 -0.030902 0.000000
vn -0.100000 0.000000 0.000000
vn 0.000000 0.000000 0.100000
vn 0.000000 0.000000 0.100000
vn 0.000000 -0.050000 0.086603
vn 0.000000 -0.086603 0.050000
vn 0.000000 -0.100000 0.000000
vn 0.000000 -0.100000 0.000000
vn 0.000000 -0.086603 0.050000
vn 0.000000 -0.050000 0.086603
vn 0.000000 0.000000 0.100000
vn 0.050000 0.000000 0.086603
vn 0.086603 0.000000 0.050000
vn 0.100000 0.000000 0.000000
vn 0.095106 -0.030902 0.000000
vn 0.080902 -0.058779 0.000000
vn 0.058779 -0.080902 0.000000
vn 0.030902 -0.095106 0.000000
vn 0.000000 -0.100000 0.000000
vn 0.000000 -0.086603 0.050000
vn 0.000000 -0.050000 0.086603
vn 0.000000 0.000000 0.100000
vn 0.000000 0.000000 0.100000
vn 0.000000 0.000000 0.100000
vn 0.000000 0.000000 0.100000
vn 0.000000 0.000000 0.100000
vn 0.000000 0.000000 0.100000
vn 0.083652 -0.022414 0.050000
vn 0.048296 -0.012941 0.086603
vn 0.075000 -0.043301 0.050000
vn 0.043301 -0.025000 0.086603
vn 0.061237 -0.061237 0.050000
vn 0.035355 -0.035355 0.086603
vn 0.043301 -0.075000 0.050000
vn 0.025000 -0.043301 0.086603
vn 0.022414 -0.083652 0.050000
vn 0.012941 -0.048296 0.086603
vn 0.000000 0.000000 0.100000
vn 0.050000 0.000000 0.086603
vn 0.086603 0.000000 0.050000
vn 0.100000 0.000000 0.000000
vn 0.100000 0.000000 0.000000
vn 0.086603 0.000000 0.050000
vn 0.050000 0.000000 0.086603
vn 0.000000 0.000000 0.100000
vn 0.000000 0.000000 0.100000
vn 0.000000 -0.050000 0.086603
vn 0.000000 -0.086603 0.050000
vn 0.000000 -0.100000 0.000000
vn 0.030902 -0.095106 0.000000
vn 0.058779 -0.080902 0.000000
vn 0.080902 -0.058779 0.000000
vn 0.095106 -0.030902 0.000000
vn 0.100000 0.000000 0.000000
vn 0.086603 0.000000 0.050000
vn 0.050000 0.000000 0.086603
vn 0.000000 0.000000 0.100000
vn 0.000000 0.000000 0.100000
vn 0.000000 0.000000 0.100000
vn 0.000000 0.000000 0.100000
vn 0.033141 -0.080010 0.050000
vn 0.019134 -0.046194 0.086603
vn 0.061237 -0.061237 0.050000
vn 0.035355 -0.035355 0.086603
vn 0.080010 -0.033141 0.050000
vn 0.046194 -0.019134 0.086603
vn 0.000000 0.000000 0.100000
vn 0.000000 -0.050000 0.086603
vn 0.000000 -0.086603 0.050000
vn 0.000000 -0.100000 0.000000
vn 0.000000 -0.100000 0.000000
vn 0.000000 -0.086603 0.050000
vn 0.000000 -0.050000 0.086603
vn 0.000000 0.000000 0.100000
vn -0.100000 0.000000 0.000000
vn -0.086603 -0.050000 0.000000
vn -0.050000 -0.086603 0.000000
vn 0.000000 -0.100000 0.000000
vn 0.000000 -0.100000 0.000000
vn 0.000000 -0.100000 0.000000
vn 0.000000 -0.100000 0.000000
vn 0.000000 -0.100000 0.000000
vn 0.000000 -0.086603 0.050000
vn 0.000000 -0.050000 0.086603
vn 0.000000 0.000000 0.100000
vn -0.030902 0.000000 0.095106
vn -0.058779 0.000000 0.080902
vn -0.080902 0.000000 0.058779
vn -0.095106 0.000000 0.030902
vn -0.046194 -0.086603 0.019134
vn -0.080010 -0.050000 0.033141
vn -0.035355 -0.086603 0.035355
vn -0.061237 -0.050000 0.061237
vn -0.019134 -0.086603 0.046194
vn -0.033141 -0.050000 0.080010
vn -0.100000 0.000000 0.000000
vn -0.086603 -0.050000 0.000000
vn -0.050000 -0.086603 0.000000
vn 0.000000 -0.100000 0.000000
vn 0.000000 -0.100000 0.000000
vn -0.050000 -0.086603 0.000000
vn -0.086603 -0.050000 0.000000
vn -0.100000 0.000000 0.000000
vn 0.000000 0.000000 -0.100000
vn 0.000000 -0.050000 -0.086603
vn 0.000000 -0.086603 -0.050000
vn 0.000000 -0.100000 0.000000
vn 0.000000 -0.100000 0.000000
vn 0.000000 -0.100000 0.000000
vn 0.000000 -0.100000 0.000000
vn 0.000000 -0.100000 0.000000
vn -0.050000 -0.086603 0.000000
vn -0.086603 -0.050000 0.000000
vn -0.100000 0.000000 0.000000
vn -0.095106 0.000000 -0.030902
vn -0.080902 0.000000 -0.058779
vn -0.058779 0.000000 -0.080902
vn -0.030902 0.000000 -0.095106
vn -0.019134 -0.086603 -0.046194
vn -0.033141 -0.050000 -0.080010
vn -0.035355 -0.086603 -0.035355
vn -0.061237 -0.050000 -0.061237
vn -0.046194 -0.086603 -0.019134
vn -0.080010 -0.050000 -0.033141
vn 0.000000 0.000000 -0.100000
vn 0.000000 -0.050000 -0.086603
vn 0.000000 -0.086603 -0.050000
vn 0.000000 -0.100000 0.000000
vn 0.000000 -0.100000 0.000000
vn 0.000000 -0.086603 -0.050000
vn 0.000000 -0.050000 -0.086603
vn 0.000000 0.000000 -0.100000
vn 0.000000 0.000000 -0.100000
vn 0.050000 0.000000 -0.086603
vn 0.086603 0.000000 -0.050000
vn 0.100000 0.000000 0.000000
vn 0.095106 -0.030902 0.000000
vn 0.080902 -0.058779 0.000000
vn 0.058779 -0.080902 0.000000
vn 0.030902 -0.095106 0.000000
vn 0.000000 -0.100000 0.000000
vn 0.000000 -0.086603 -0.050000
vn 0.000000 -0.050000 -0.086603
vn 0.000000 0.000000 -0.100000
vn 0.000000 0.000000 -0.100000
vn 0.000000 0.000000 -0.100000
vn 0.000000 0.000000 -0.100000
vn 0.080010 -0.033141 -0.050000
vn 0.046194 -0.019134 -0.086603
vn 0.061237 -0.061237 -0.050000
vn 0.035355 -0.035355 -0.086603
vn 0.033141 -0.080010 -0.050000
vn 0.019134 -0.046194 -0.086603
vn 0.000000 0.000000 -0.100000
vn 0.050000 0.000000 -0.086603
vn 0.086603 0.000000 -0.050000
vn 0.100000 0.000000 0.000000
vn 0.100000 0.000000 0.000000
vn 0.086603 0.000000 -0.050000
vn 0.050000 0.000000 -0.086603
vn 0.000000 0.000000 -0.100000
vn 0.000000 0.000000 -0.100000
vn 0.000000 -0.050000 -0.086603
vn 0.000000 -0.086603 -0.050000
vn 0.000000 -0.100000 0.000000
vn 0.030902 -0.095106 0.000000
vn 0.058779 -0.080902 0.000000
vn 0.080902 -0.058779 0.000000
vn 0.095106 -0.030902 0.000000
vn 0.100000 0.000000 0.000000
vn 0.086603 0.000000 -0.050000
vn 0.050000 0.000000 -0.086603
vn 0.000000 0.000000 -0.100000
vn 0.000000 0.000000 -0.100000
vn 0.000000 0.000000 -0.100000
vn 0.000000 0.000000 -0.100000
vn 0.000000 0.000000 -0.100000
vn 0.000000 0.000000 -0.100000
vn 0.022414 -0.083652 -0.050000
vn 0.012941 -0.048296 -0.086603
vn 0.043301 -0.075000 -0.050000
vn 0.025000 -0.043301 -0.086603
vn 0.061237 -0.061237 -0.050000
vn 0.035355 -0.035355 -0.086603
vn 0.075000 -0.043301 -0.050000
vn 0.043301 -0.025000 -0.086603
vn 0.083652 -0.022414 -0.050000
vn 0.048296 -0.012941 -0.086603
vn 0.000000 -0.100000 0.000000
vn 0.000000 -0.100000 0.000000
vn 0.000000 -0.086603 -0.050000
vn 0.000000 -0.050000 -0.086603
vn 0.000000 0.000000 -0.100000
vn 0.000000 0.000000 -0.100000
vn 0.000000 -0.050000 -0.086603
vn 0.000000 -0.086603 -0.050000
vn 0.000000 -0.100000 0.000000
vn 0.000000 -0.100000 0.000000
vn 0.000000 -0.100000 0.000000
vn 0.000000 -0.100000 0.000000
vn 0.000000 -0.100000 0.000000
vn 0.000000 -0.100000 0.000000
vn 0.000000 -0.100000 0.000000
vn 0.000000 -0.100000 0.000000
vn 0.000000 -0.100000 0.000000
vn 0.000000 -0.100000 0.000000
vn 0.000000 -0.100000 0.000000
vn 0.000000 -0.100000 0.000000
vn 0.000000 -0.100000 0.000000
vn 0.000000 -0.100000 0.000000
vn 0.000000 -0.100000 0.000000
vn 0.000000 -0.100000 0.000000
vn 0.000000 -0.100000 0.000000
vn 0.000000 -0.100000 0.000000
vn 0.000000 -0.100000 0.000000
vn 0.000000 -0.100000 0.000000
vn 0.000000 -0.100000 0.000000
vn 0.000000 -0.100000 0.000000
vn 0.000000 -0.100000 0.000000
vn 0.000000 -0.100000 0.000000
vn 0.000000 -0.100000 0.000000
vn 0.000000 -0.100000 0.000000
vn 0.000000 -0.100000 0.000000
vn 0.000000 -0.100000 0.000000
vn 0.000000 -0.100000 0.000000
vn 0.000000 -0.100000 0.000000
vn 0.100000 0.000000 0.000000
vn 0.095106 -0.030902 0.000000
vn 0.080902 -0.058779 0.000000
vn 0.058779 -0.080902 0.000000
vn 0.030902 -0.095106 0.000000
vn 0.000000 -0.100000 0.000000
vn 0.000000 -0.100000 0.000000
vn 0.030902 -0.095106 0.000000
vn 0.058779 -0.080902 0.000000
vn 0.080902 -0.058779 0.000000
vn 0.095106 -0.030902 0.000000
vn 0.100000 0.000000 0.000000
vn 0.100000 0.000000 0.000000
vn 0.100000 0.000000 0.000000
vn 0.100000 0.000000 0.000000
vn 0.100000 0.000000 0.000000
vn 0.000000 -0.100000 0.000000
vn 0.030902 -0.095106 0.000000
vn 0.058779 -0.080902 0.000000
vn 0.080902 -0.058779 0.000000
vn 0.095106 -0.030902 0.000000
vn 0.100000 0.000000 0.000000
vn 0.100000 0.000000 0.000000
vn 0.095106 -0.030902 0.000000
vn 0.080902 -0.058779 0.000000
vn 0.058779 -0.080902 0.000000
vn 0.030902 -0.095106 0.000000
vn 0.000000 -0.100000 0.000000
vn 0.000000 -0.100000 0.000000
vn 0.000000 -0.100000 0.000000
vn 0.000000 -0.100000 0.000000
vn 0.000000 -0.100000 0.000000
vn 0.000000 0.100000 0.000000
vn 0.000000 0.100000 0.000000
vn 0.000000 0.086603 0.050000
vn 0.000000 0.050000 0.086603
vn 0.000000 0.000000 0.100000
vn 0.000000 0.000000 0.100000
vn 0.000000 0.050000 0.086603
vn 0.000000 0.086603 0.050000
vn -0.100000 0.000000 0.000000
vn -0.086603 0.000000 0.050000
vn -0.050000 0.000000 0.086603
vn 0.000000 0.000000 0.100000
vn 0.000000 0.000000 0.100000
vn 0.000000 0.000000 0.100000
vn 0.000000 0.000000 0.100000
vn 0.000000 0.000000 0.100000
vn 0.000000 0.000000 0.100000
vn 0.000000 0.000000 0.100000
vn 0.000000 0.000000 0.100000
vn 0.000000 0.000000 0.100000
vn 0.000000 0.050000 0.086603
vn 0.000000 0.086603 0.050000
vn 0.000000 0.100000 0.000000
vn -0.019509 0.098079 0.000000
vn -0.038268 0.092388 0.000000
vn -0.055557 0.083147 0.000000
vn -0.070711 0.070711 0.000000
vn -0.083147 0.055557 0.000000
vn -0.092388 0.038268 0.000000
vn -0.098079 0.019509 0.000000
vn -0.049039 0.009755 0.086603
vn -0.084938 0.016895 0.050000
vn -0.046194 0.019134 0.086603
vn -0.080010 0.033141 0.050000
vn -0.041573 0.027779 0.086603
vn -0.072007 0.048114 0.050000
vn -0.035355 0.035355 0.086603
vn -0.061237 0.061237 0.050000
vn -0.027779 0.041573 0.086603
vn -0.048114 0.072007 0.050000
vn -0.019134 0.046194 0.086603
vn -0.033141 0.080010 0.050000
vn -0.009755 0.049039 0.086603
vn -0.016895 0.084938 0.050000
vn -0.100000 0.000000 0.000000
vn -0.086603 0.000000 0.050000
vn -0.050000 0.000000 0.086603
vn 0.000000 0.000000 0.100000
vn 0.000000 0.000000 0.100000
vn -0.050000 0.000000 0.086603
vn -0.086603 0.000000 0.050000
vn -0.100000 0.000000 0.000000
vn 0.000000 0.100000 0.000000
vn 0.000000 0.086603 0.050000
vn 0.000000 0.050000 0.086603
vn 0.000000 0.000000 0.100000
vn 0.000000 0.000000 0.100000
vn 0.000000 0.000000 0.100000
vn 0.000000 0.000000 0.100000
vn 0.000000 0.000000 0.100000
vn -0.050000 0.000000 0.086603
vn -0.086603 0.000000 0.050000
vn -0.100000 0.000000 0.000000
vn -0.086603 0.050000 0.000000
vn -0.050000 0.086603 0.000000
vn -0.019134 0.046194 0.086603
vn -0.033141 0.080010 0.050000
vn -0.035355 0.035355 0.086603
vn -0.061237 0.061237 0.050000
vn -0.046194 0.019134 0.086603
vn -0.080010 0.033141 0.050000
vn 0.000000 0.100000 0.000000
vn 0.000000 0.086603 0.050000
vn 0.000000 0.050000 0.086603
vn 0.000000 0.000000 0.100000
vn 0.000000 0.000000 0.100000
vn 0.000000 0.050000 0.086603
vn 0.000000 0.086603 0.050000
vn 0.000000 0.100000 0.000000
vn 0.000000 0.100000 0.000000
vn -0.050000 0.086603 0.000000
vn -0.086603 0.050000 0.000000
vn -0.100000 0.000000 0.000000
vn -0.095106 0.000000 0.030902
vn -0.080902 0.000000 0.058779
vn -0.058779 0.000000 0.080902
vn -0.030902 0.000000 0.095106
vn 0.000000 0.000000 0.100000
vn 0.000000 0.050000 0.086603
vn 0.000000 0.086603 0.050000
vn 0.000000 0.100000 0.000000
vn 0.000000 0.100000 0.000000
vn 0.000000 0.100000 0.000000
vn 0.000000 0.100000 0.000000
vn -0.080010 0.050000 0.033141
vn -0.046194 0.086603 0.019134
vn -0.061237 0.050000 0.061237
vn -0.035355 0.086603 0.035355
vn -0.033141 0.050000 0.080010
vn -0.019134 0.086603 0.046194
vn 0.000000 0.100000 0.000000
vn -0.050000 0.086603 0.000000
vn -0.086603 0.050000 0.000000
vn -0.100000 0.000000 0.000000
vn -0.100000 0.000000 0.000000
vn -0.086603 0.050000 0.000000
vn -0.050000 0.086603 0.000000
vn 0.000000 0.100000 0.000000
vn 0.000000 0.100000 0.000000
vn 0.000000 0.086603 -0.050000
vn 0.000000 0.050000 -0.086603
vn 0.000000 0.000000 -0.100000
vn -0.030902 0.000000 -0.095106
vn -0.058779 0.000000 -0.080902
vn -0.080902 0.000000 -0.058779
vn -0.095106 0.000000 -0.030902
vn -0.100000 0.000000 0.000000
vn -0.086603 0.050000 0.000000
vn -0.050000 0.086603 0.000000
vn 0.000000 0.100000 0.000000
vn 0.000000 0.100000 0.000000
vn 0.000000 0.100000 0.000000
vn 0.000000 0.100000 0.000000
vn -0.033141 0.050000 -0.080010
vn -0.019134 0.086603 -0.046194
vn -0.061237 0.050000 -0.061237
vn -0.035355 0.086603 -0.035355
vn -0.080010 0.050000 -0.033141
vn -0.046194 0.086603 -0.019134
vn 0.000000 0.100000 0.000000
vn 0.000000 0.086603 -0.050000
vn 0.000000 0.050000 -0.086603
vn 0.000000 0.000000 -0.100000
vn 0.000000 0.000000 -0.100000
vn 0.000000 0.050000 -0.086603
vn 0.000000 0.086603 -0.050000
vn 0.000000 0.100000 0.000000
vn -0.100000 0.000000 0.000000
vn -0.086603 0.000000 -0.050000
vn -0.050000 0.000000 -0.086603
vn 0.000000 0.000000 -0.100000
vn 0.000000 0.000000 -0.100000
vn 0.000000 0.000000 -0.100000
vn 0.000000 0.000000 -0.100000
vn 0.000000 0.000000 -0.100000
vn 0.000000 0.050000 -0.086603
vn 0.000000 0.086603 -0.050000
vn 0.000000 0.100000 0.000000
vn -0.050000 0.086603 0.000000
vn -0.086603 0.050000 0.000000
vn -0.046194 0.019134 -0.086603
vn -0.080010 0.033141 -0.050000
vn -0.035355 0.035355 -0.086603
vn -0.061237 0.061237 -0.050000
vn -0.019134 0.046194 -0.086603
vn -0.033141 0.080010 -0.050000
vn -0.100000 0.000000 0.000000
vn -0.086603 0.000000 -0.050000
vn -0.050000 0.000000 -0.086603
vn 0.000000 0.000000 -0.100000
vn 0.000000 0.000000 -0.100000
vn -0.050000 0.000000 -0.086603
vn -0.086603 0.000000 -0.050000
vn -0.100000 0.000000 0.000000
vn 0.000000 0.100000 0.000000
vn 0.000000 0.086603 -0.050000
vn 0.000000 0.050000 -0.086603
vn 0.000000 0.000000 -0.100000
vn 0.000000 0.000000 -0.100000
vn 0.000000 0.000000 -0.100000
vn 0.000000 0.000000 -0.100000
vn 0.000000 0.000000 -0.100000
vn 0.000000 0.000000 -0.100000
vn 0.000000 0.000000 -0.100000
vn 0.000000 0.000000 -0.100000
vn 0.000000 0.000000 -0.100000
vn -0.050000 0.000000 -0.086603
vn -0.086603 0.000000 -0.050000
vn -0.100000 0.000000 0.000000
vn -0.098079 0.019509 0.000000
vn -0.092388 0.038268 0.000000
vn -0.083147 0.055557 0.000000
vn -0.070711 0.070711 0.000000
vn -0.055557 0.083147 0.000000
vn -0.038268 0.092388 0.000000
vn -0.019509 0.098079 0.000000
vn -0.009755 0.049039 -0.086603
vn -0.016895 0.084938 -0.050000
vn -0.019134 0.046194 -0.086603
vn -0.033141 0.080010 -0.050000
vn -0.027779 0.041573 -0.086603
vn -0.048114 0.072007 -0.050000
vn -0.035355 0.035355 -0.086603
vn -0.061237 0.061237 -0.050000
vn -0.041573 0.027779 -0.086603
vn -0.072007 0.048114 -0.050000
vn -0.046194 0.019134 -0.086603
vn -0.080010 0.033141 -0.050000
vn -0.049039 0.009755 -0.086603
vn -0.084938 0.016895 -0.050000
vn 0.000000 0.000000 -0.100000
vn 0.000000 0.000000 -0.100000
vn 0.000000 0.050000 -0.086603
vn 0.000000 0.086603 -0.050000
vn 0.000000 0.100000 0.000000
vn 0.000000 0.100000 0.000000
vn 0.000000 0.086603 -0.050000
vn 0.000000 0.050000 -0.086603
vn 0.000000 0.100000 0.000000
vn 0.000000 0.100000 0.000000
vn 0.000000 0.100000 0.000000
vn 0.000000 0.100000 0.000000
vn 0.000000 0.100000 0.000000
vn 0.000000 0.100000 0.000000
vn 0.000000 0.100000 0.000000
vn 0.000000 0.100000 0.000000
vn 0.000000 0.100000 0.000000
vn 0.000000 0.100000 0.000000
vn 0.000000 0.100000 0.000000
vn 0.000000 0.100000 0.000000
vn 0.000000 0.100000 0.000000
vn 0.000000 0.100000 0.000000
vn 0.000000 0.100000 0.000000
vn 0.000000 0.100000 0.000000
vn 0.000000 0.100000 0.000000
vn 0.000000 0.100000 0.000000
vn 0.000000 0.100000 0.000000
vn 0.000000 0.100000 0.000000
vn 0.000000 0.100000 0.000000
vn 0.000000 0.100000 0.000000
vn 0.000000 0.100000 0.000000
vn 0.000000 0.100000 0.000000
vn 0.000000 0.100000 0.000000
vn 0.000000 0.100000 0.000000
vn 0.000000 0.100000 0.000000
vn 0.000000 0.100000 0.000000
vn 0.000000 0.100000 0.000000
vn 0.000000 0.100000 0.000000
vn 0.000000 0.100000 0.000000
vn 0.000000 0.100000 0.000000
vn 0.000000 0.100000 0.000000
vn 0.000000 0.100000 0.000000
vn 0.000000 0.100000 0.000000
vn 0.000000 0.100000 0.000000
vn 0.000000 0.100000 0.000000
vn -0.100000 0.000000 0.000000
vn -0.086603 0.050000 0.000000
vn -0.050000 0.086603 0.000000
vn 0.000000 0.100000 0.000000
vn 0.000000 0.100000 0.000000
vn -0.050000 0.086603 0.000000
vn -0.086603 0.050000 0.000000
vn -0.100000 0.000000 0.000000
vn -0.100000 0.000000 0.000000
vn -0.100000 0.000000 0.000000
vn -0.100000 0.000000 0.000000
vn -0.100000 0.000000 0.000000
vn 0.000000 0.100000 0.000000
vn -0.019509 0.098079 0.000000
vn -0.038268 0.092388 0.000000
vn -0.055557 0.083147 0.000000
vn -0.070711 0.070711 0.000000
vn -0.083147 0.055557 0.000000
vn -0.092388 0.038268 0.000000
vn -0.098079 0.019509 0.000000
vn -0.100000 0.000000 0.000000
vn -0.100000 0.000000 0.000000
vn -0.098079 0.019509 0.000000
vn -0.092388 0.038268 0.000000
vn -0.083147 0.055557 0.000000
vn -0.070711 0.070711 0.000000
vn -0.055557 0.083147 0.000000
vn -0.038268 0.092388 0.000000
vn -0.019509 0.098079 0.000000
vn 0.000000 0.100000 0.000000
vn 0.000000 0.000000 -0.100000
vn -0.030902 0.000000 -0.095106
vn -0.058779 0.000000 -0.080902
vn -0.080902 0.000000 -0.058779
vn -0.095106 0.000000 -0.030902
vn -0.100000 0.000000 0.000000
vn -0.100000 0.000000 0.000000
vn -0.095106 0.000000 -0.030902
vn -0.080902 0.000000 -0.058779
vn -0.058779 0.000000 -0.080902
vn -0.030902 0.000000 -0.095106
vn 0.000000 0.000000 -0.100000
vn -0.100000 0.000000 0.000000
vn -0.095106 0.000000 0.030902
vn -0.080902 0.000000 0.058779
vn -0.058779 0.000000 0.080902
vn -0.030902 0.000000 0.095106
vn 0.000000 0.000000 0.100000
vn 0.000000 0.000000 0.100000
vn -0.030902 0.000000 0.095106
vn -0.058779 0.000000 0.080902
vn -0.080902 0.000000 0.058779
vn -0.095106 0.000000 0.030902
vn -0.100000 0.000000 0.000000
vn 0.064279 0.076604 0.000000
vn 0.062259 0.076604 -0.015985
vn 0.056328 0.076604 -0.030967
vn 0.046857 0.076604 -0.044002
vn 0.034442 0.076604 -0.054272
vn 0.019863 0.076604 -0.061133
vn 0.004036 0.076604 -0.064152
vn -0.012045 0.076604 -0.063140
vn -0.027369 0.076604 -0.058161
vn -0.040973 0.076604 -0.049528
vn -0.052003 0.076604 -0.037782
vn -0.059765 0.076604 -0.023663
vn -0.063772 0.076604 -0.008056
vn -0.063772 0.076604 0.008056
vn -0.059765 0.076604 0.023663
vn -0.052003 0.076604 0.037782
vn -0.040973 0.076604 0.049528
vn -0.027369 0.076604 0.058161
vn -0.012045 0.076604 0.063140
vn 0.004036 0.076604 0.064152
vn 0.019863 0.076604 0.061133
vn 0.034442 0.076604 0.054272
vn 0.046857 0.076604 0.044002
vn 0.056328 0.076604 0.030967
vn 0.062259 0.076604 0.015985
vn -0.064279 0.076604 0.000000
vn -0.060402 0.076604 -0.021985
vn -0.049240 0.076604 -0.041318
vn -0.032139 0.076604 -0.055667
vn -0.011162 0.076604 -0.063302
vn 0.011162 0.076604 -0.063302
vn 0.032139 0.076604 -0.055667
vn 0.049240 0.076604 -0.041318
vn 0.060402 0.076604 -0.021985
vn 0.064279 0.076604 0.000000
vn 0.060402 0.076604 0.021985
vn 0.049240 0.076604 0.041318
vn 0.032139 0.076604 0.055667
vn 0.011162 0.076604 0.063302
vn -0.011162 0.076604 0.063302
vn -0.032139 0.076604 0.055667
vn -0.049240 0.076604 0.041318
vn -0.060402 0.076604 0.021985
vn 0.064279 0.076604 0.000000
vn 0.064279 0.076604 0.000000
vn 0.064279 0.076604 0.000000
vn -0.100000 0.000000 0.000000
vn -0.093969 0.000000 0.034202
vn -0.076604 0.000000 0.064279
vn -0.050000 0.000000 0.086603
vn -0.017365 0.000000 0.098481
vn 0.017365 0.000000 0.098481
vn 0.050000 0.000000 0.086603
vn 0.076604 0.000000 0.064279
vn 0.093969 0.000000 0.034202
vn 0.100000 0.000000 0.000000
vn 0.093969 0.000000 -0.034202
vn 0.076604 0.000000 -0.064279
vn 0.050000 0.000000 -0.086603
vn 0.017365 0.000000 -0.098481
vn -0.017365 0.000000 -0.098481
vn -0.050000 0.000000 -0.086603
vn -0.076604 0.000000 -0.064279
vn -0.093969 0.000000 -0.034202
vn -0.100000 0.000000 0.000000
vn -0.093969 0.000000 -0.034202
vn -0.076604 0.000000 -0.064279
vn -0.050000 0.000000 -0.086603
vn -0.017365 0.000000 -0.098481
vn 0.017365 0.000000 -0.098481
vn 0.050000 0.000000 -0.086603
vn 0.076604 0.000000 -0.064279
vn 0.093969 0.000000 -0.034202
vn 0.100000 0.000000 0.000000
vn 0.093969 0.000000 0.034202
vn 0.076604 0.000000 0.064279
vn 0.050000 0.000000 0.086603
vn 0.017365 0.000000 0.098481
vn -0.017365 0.000000 0.098481
vn -0.050000 0.000000 0.086603
vn -0.076604 0.000000 0.064279
vn -0.093969 0.000000 0.034202
vn 0.100000 0.000000 0.000000
vn 0.100000 0.000000 0.000000
vn -0.100000 0.000000 0.000000
vn -0.100000 0.000000 0.000000
vn -0.100000 0.000000 0.000000
vn -0.100000 0.000000 0.000000
usemtl 191,191,191
f 403/17/17 413/1/1 409/19/19
f 409/19/19 413/1/1 419/2/2
f 409/19/19 419/2/2 435/3/3
f 409/19/19 435/3/3 429/18/18
f 429/18/18 435/3/3 447/4/4
f 429/18/18 447/4/4 441/5/5
f 429/18/18 441/5/5 407/20/20
f 407/20/20 441/5/5 427/6/6
f 407/20/20 427/6/6 395/22/22
f 395/22/22 427/6/6 399/7/7
f 395/22/22 399/7/7 387/24/24
f 387/24/24 399/7/7 391/8/8
f 387/24/24 391/8/8 371/26/26
f 371/26/26 391/8/8 375/9/9
f 371/26/26 375/9/9 357/11/11
f 357/11/11 375/9/9 359/10/10
f 357/11/11 355/12/12 371/26/26
f 371/26/26 355/12/12 369/27/27
f 371/26/26 369/27/27 387/24/24
f 387/24/24 369/27/27 381/25/25
f 387/24/24 381/25/25 395/22/22
f 395/22/22 381/25/25 393/23/23
f 395/22/22 393/23/23 407/20/20
f 407/20/20 393/23/23 401/21/21
f 407/20/20 401/21/21 429/18/18
f 429/18/18 401/21/21 409/19/19
f 355/12/12 353/13/13 369/27/27
f 369/27/27 353/13/13 373/14/14
f 369/27/27 373/14/14 381/25/25
f 381/25/25 373/14/14 389/15/15
f 381/25/25 389/15/15 393/23/23
f 393/23/23 389/15/15 397/16/16
f 393/23/23 397/16/16 401/21/21
f 401/21/21 397/16/16 403/17/17
f 401/21/21 403/17/17 409/19/19
f 413/35/35 411/28/28 419/34/34
f 419/34/34 411/28/28 417/29/29
f 419/34/34 417/29/29 435/33/33
f 435/33/33 417/29/29 433/30/30
f 435/33/33 433/30/30 447/32/32
f 447/32/32 433/30/30 445/31/31
f 473/36/36 475/37/37 467/50/50
f 467/50/50 475/37/37 461/52/52
f 467/50/50 461/52/52 453/49/49
f 453/49/49 461/52/52 443/54/54
f 453/49/49 443/54/54 437/48/48
f 437/48/48 443/54/54 431/56/56
f 437/48/48 431/56/56 421/47/47
f 421/47/47 431/56/56 417/45/45
f 421/47/47 417/45/45 411/46/46
f 475/37/37 477/38/38 461/52/52
f 461/52/52 477/38/38 465/51/51
f 461/52/52 465/51/51 443/54/54
f 443/54/54 465/51/51 451/53/53
f 443/54/54 451/53/53 431/56/56
f 431/56/56 451/53/53 439/55/55
f 431/56/56 439/55/55 417/45/45
f 417/45/45 439/55/55 433/44/44
f 433/44/44 439/55/55 449/42/42
f 433/44/44 449/42/42 445/43/43
f 477/38/38 479/39/39 465/51/51
f 465/51/51 479/39/39 471/40/40
f 465/51/51 471/40/40 451/53/53
f 451/53/53 471/40/40 457/41/41
f 451/53/53 457/41/41 439/55/55
f 439/55/55 457/41/41 449/42/42
f 473/64/64 615/57/57 475/63/63
f 475/63/63 615/57/57 617/58/58
f 475/63/63 617/58/58 477/62/62
f 477/62/62 617/58/58 619/59/59
f 477/62/62 619/59/59 479/61/61
f 479/61/61 619/59/59 621/60/60
f 668/65/65 684/66/66 664/79/79
f 664/79/79 684/66/66 676/81/81
f 664/79/79 676/81/81 649/78/78
f 649/78/78 676/81/81 659/83/83
f 649/78/78 659/83/83 631/77/77
f 631/77/77 659/83/83 641/85/85
f 631/77/77 641/85/85 615/76/76
f 615/76/76 641/85/85 617/75/75
f 617/75/75 641/85/85 645/84/84
f 617/75/75 645/84/84 619/74/74
f 619/74/74 645/84/84 635/72/72
f 619/74/74 635/72/72 621/73/73
f 684/66/66 696/67/67 676/81/81
f 676/81/81 696/67/67 688/80/80
f 676/81/81 688/80/80 659/83/83
f 659/83/83 688/80/80 672/82/82
f 659/83/83 672/82/82 641/85/85
f 641/85/85 672/82/82 645/84/84
f 700/68/68 692/69/69 696/67/67
f 696/67/67 692/69/69 688/80/80
f 692/69/69 680/70/70 688/80/80
f 688/80/80 680/70/70 672/82/82
f 680/70/70 655/71/71 672/82/82
f 672/82/82 655/71/71 645/84/84
f 655/71/71 635/72/72 645/84/84
f 668/93/93 667/86/86 684/92/92
f 684/92/92 667/86/86 683/87/87
f 684/92/92 683/87/87 696/91/91
f 696/91/91 683/87/87 695/88/88
f 696/91/91 695/88/88 700/90/90
f 700/90/90 695/88/88 699/89/89
f 614/94/94 616/95/95 630/108/108
f 630/108/108 616/95/95 640/110/110
f 630/108/108 640/110/110 648/107/107
f 648/107/107 640/110/110 658/112/112
f 648/107/107 658/112/112 663/106/106
f 663/106/106 658/112/112 675/114/114
f 663/106/106 675/114/114 667/105/105
f 667/105/105 675/114/114 683/104/104
f 683/104/104 675/114/114 687/113/113
f 683/104/104 687/113/113 695/103/103
f 695/103/103 687/113/113 691/101/101
f 695/103/103 691/101/101 699/102/102
f 616/95/95 618/96/96 640/110/110
f 640/110/110 618/96/96 644/109/109
f 640/110/110 644/109/109 658/112/112
f 658/112/112 644/109/109 671/111/111
f 658/112/112 671/111/111 675/114/114
f 675/114/114 671/111/111 687/113/113
f 620/97/97 634/98/98 618/96/96
f 618/96/96 634/98/98 644/109/109
f 634/98/98 654/99/99 644/109/109
f 644/109/109 654/99/99 671/111/111
f 654/99/99 679/100/100 671/111/111
f 671/111/111 679/100/100 687/113/113
f 679/100/100 691/101/101 687/113/113
f 614/122/122 472/115/115 616/121/121
f 616/121/121 472/115/115 474/116/116
f 616/121/121 474/116/116 618/120/120
f 618/120/120 474/116/116 476/117/117
f 618/120/120 476/117/117 620/119/119
f 620/119/119 476/117/117 478/118/118
f 410/123/123 416/124/124 420/137/137
f 420/137/137 416/124/124 430/139/139
f 420/137/137 430/139/139 436/136/136
f 436/136/136 430/139/139 442/141/141
f 436/136/136 442/141/141 452/135/135
f 452/135/135 442/141/141 460/143/143
f 452/135/135 460/143/143 466/134/134
f 466/134/134 460/143/143 474/132/132
f 466/134/134 474/132/132 472/133/133
f 416/124/124 432/125/125 430/139/139
f 430/139/139 432/125/125 438/138/138
f 430/139/139 438/138/138 442/141/141
f 442/141/141 438/138/138 450/140/140
f 442/141/141 450/140/140 460/143/143
f 460/143/143 450/140/140 464/142/142
f 460/143/143 464/142/142 474/132/132
f 474/132/132 464/142/142 476/131/131
f 476/131/131 464/142/142 470/129/129
f 476/131/131 470/129/129 478/130/130
f 432/125/125 444/126/126 438/138/138
f 438/138/138 444/126/126 448/127/127
f 438/138/138 448/127/127 450/140/140
f 450/140/140 448/127/127 456/128/128
f 450/140/140 456/128/128 464/142/142
f 464/142/142 456/128/128 470/129/129
f 410/151/151 412/144/144 416/150/150
f 416/150/150 412/144/144 418/145/145
f 416/150/150 418/145/145 432/149/149
f 432/149/149 418/145/145 434/146/146
f 432/149/149 434/146/146 444/148/148
f 444/148/148 434/146/146 446/147/147
f 372/168/168 352/152/152 368/170/170
f 368/170/170 352/152/152 354/153/153
f 368/170/170 354/153/153 356/154/154
f 368/170/170 356/154/154 370/169/169
f 370/169/169 356/154/154 358/155/155
f 370/169/169 358/155/155 374/156/156
f 370/169/169 374/156/156 386/171/171
f 386/171/171 374/156/156 390/157/157
f 386/171/171 390/157/157 394/173/173
f 394/173/173 390/157/157 398/158/158
f 394/173/173 398/158/158 406/175/175
f 406/175/175 398/158/158 426/159/159
f 406/175/175 426/159/159 428/177/177
f 428/177/177 426/159/159 440/160/160
f 428/177/177 440/160/160 434/162/162
f 434/162/162 440/160/160 446/161/161
f 434/162/162 418/163/163 428/177/177
f 428/177/177 418/163/163 408/178/178
f 428/177/177 408/178/178 406/175/175
f 406/175/175 408/178/178 400/176/176
f 406/175/175 400/176/176 394/173/173
f 394/173/173 400/176/176 392/174/174
f 394/173/173 392/174/174 386/171/171
f 386/171/171 392/174/174 380/172/172
f 386/171/171 380/172/172 370/169/169
f 370/169/169 380/172/172 368/170/170
f 418/163/163 412/164/164 408/178/178
f 408/178/178 412/164/164 402/165/165
f 408/178/178 402/165/165 400/176/176
f 400/176/176 402/165/165 396/166/166
f 400/176/176 396/166/166 392/174/174
f 392/174/174 396/166/166 388/167/167
f 392/174/174 388/167/167 380/172/172
f 380/172/172 388/167/167 372/168/168
f 380/172/172 372/168/168 368/170/170
f 359/180/180 361/207/207 343/179/179
f 343/179/179 361/207/207 345/208/208
f 343/179/179 345/208/208 299/210/210
f 299/210/210 345/208/208 327/209/209
f 375/181/181 481/203/203 359/180/180
f 359/180/180 481/203/203 455/204/204
f 359/180/180 455/204/204 405/205/205
f 481/203/203 375/181/181 489/202/202
f 489/202/202 375/181/181 391/182/182
f 489/202/202 391/182/182 497/201/201
f 497/201/201 391/182/182 399/183/183
f 497/201/201 399/183/183 427/184/184
f 497/201/201 427/184/184 501/200/200
f 501/200/200 427/184/184 441/185/185
f 501/200/200 441/185/185 505/199/199
f 505/199/199 441/185/185 447/186/186
f 505/199/199 447/186/186 503/198/198
f 503/198/198 447/186/186 445/187/187
f 503/198/198 445/187/187 509/197/197
f 509/197/197 445/187/187 519/196/196
f 519/196/196 445/187/187 543/195/195
f 543/195/195 445/187/187 551/194/194
f 551/194/194 445/187/187 449/188/188
f 551/194/194 449/188/188 457/189/189
f 471/190/190 479/191/191 457/189/189
f 457/189/189 479/191/191 551/194/194
f 479/191/191 621/192/192 551/194/194
f 551/194/194 621/192/192 623/193/193
f 377/206/206 361/207/207 405/205/205
f 405/205/205 361/207/207 359/180/180
f 299/210/210 249/211/211 343/179/179
f 343/179/179 249/211/211 223/212/212
f 343/179/179 223/212/212 329/234/234
f 329/234/234 223/212/212 215/213/213
f 329/234/234 215/213/213 313/233/233
f 313/233/233 215/213/213 207/214/214
f 313/233/233 207/214/214 305/232/232
f 305/232/232 207/214/214 277/231/231
f 277/231/231 207/214/214 203/215/215
f 277/231/231 203/215/215 263/230/230
f 263/230/230 203/215/215 201/216/216
f 263/230/230 201/216/216 259/229/229
f 259/229/229 201/216/216 199/217/217
f 259/229/229 199/217/217 257/228/228
f 257/228/228 199/217/217 195/218/218
f 257/228/228 195/218/218 185/219/219
f 185/219/219 161/220/220 257/228/228
f 257/228/228 161/220/220 147/221/221
f 257/228/228 147/221/221 255/227/227
f 255/227/227 147/221/221 247/226/226
f 247/226/226 147/221/221 231/224/224
f 247/226/226 231/224/224 233/225/225
f 83/222/222 81/223/223 147/221/221
f 147/221/221 81/223/223 231/224/224
f 623/246/246 621/235/235 637/245/245
f 637/245/245 621/235/235 635/236/236
f 637/245/245 635/236/236 655/237/237
f 637/245/245 655/237/237 657/244/244
f 657/244/244 655/237/237 680/238/238
f 657/244/244 680/238/238 682/243/243
f 682/243/243 680/238/238 692/239/239
f 682/243/243 692/239/239 694/242/242
f 694/242/242 692/239/239 702/241/241
f 702/241/241 692/239/239 700/240/240
f 700/247/247 699/248/248 702/250/250
f 702/250/250 699/248/248 701/249/249
f 701/262/262 699/251/251 693/261/261
f 693/261/261 699/251/251 691/252/252
f 693/261/261 691/252/252 679/253/253
f 693/261/261 679/253/253 681/260/260
f 681/260/260 679/253/253 654/254/254
f 681/260/260 654/254/254 656/259/259
f 656/259/259 654/254/254 634/255/255
f 656/259/259 634/255/255 636/258/258
f 636/258/258 634/255/255 622/257/257
f 622/257/257 634/255/255 620/256/256
f 622/318/318 620/263/263 550/317/317
f 550/317/317 620/263/263 478/264/264
f 550/317/317 478/264/264 456/266/266
f 456/266/266 478/264/264 470/265/265
f 456/266/266 448/267/267 550/317/317
f 550/317/317 448/267/267 444/268/268
f 550/317/317 444/268/268 542/316/316
f 542/316/316 444/268/268 518/315/315
f 518/315/315 444/268/268 508/314/314
f 508/314/314 444/268/268 502/313/313
f 502/313/313 444/268/268 446/269/269
f 502/313/313 446/269/269 504/312/312
f 504/312/312 446/269/269 440/270/270
f 504/312/312 440/270/270 500/311/311
f 500/311/311 440/270/270 426/271/271
f 500/311/311 426/271/271 496/310/310
f 496/310/310 426/271/271 398/272/272
f 496/310/310 398/272/272 390/273/273
f 496/310/310 390/273/273 488/309/309
f 488/309/309 390/273/273 374/274/274
f 488/309/309 374/274/274 480/308/308
f 480/308/308 374/274/274 358/275/275
f 480/308/308 358/275/275 454/307/307
f 454/307/307 358/275/275 404/306/306
f 404/306/306 358/275/275 360/304/304
f 404/306/306 360/304/304 376/305/305
f 360/304/304 358/275/275 344/303/303
f 344/303/303 358/275/275 342/276/276
f 344/303/303 342/276/276 298/301/301
f 298/301/301 342/276/276 248/300/300
f 248/300/300 342/276/276 222/299/299
f 222/299/299 342/276/276 328/277/277
f 222/299/299 328/277/277 214/298/298
f 214/298/298 328/277/277 312/278/278
f 214/298/298 312/278/278 206/297/297
f 206/297/297 312/278/278 304/279/279
f 206/297/297 304/279/279 276/280/280
f 206/297/297 276/280/280 202/296/296
f 202/296/296 276/280/280 262/281/281
f 202/296/296 262/281/281 200/295/295
f 200/295/295 262/281/281 258/282/282
f 200/295/295 258/282/282 198/294/294
f 198/294/294 258/282/282 256/283/283
f 198/294/294 256/283/283 194/293/293
f 194/293/293 256/283/283 184/292/292
f 184/292/292 256/283/283 160/291/291
f 160/291/291 256/283/283 146/290/290
f 146/290/290 256/283/283 254/284/284
f 146/290/290 254/284/284 246/285/285
f 232/286/286 230/287/287 246/285/285
f 246/285/285 230/287/287 146/290/290
f 230/287/287 80/288/288 146/290/290
f 146/290/290 80/288/288 82/289/289
f 298/301/301 326/302/302 344/303/303
f 505/319/319 517/320/320 501/340/340
f 501/340/340 517/320/320 513/342/342
f 501/340/340 513/342/342 497/339/339
f 497/339/339 513/342/342 499/344/344
f 497/339/339 499/344/344 489/338/338
f 489/338/338 499/344/344 491/346/346
f 489/338/338 491/346/346 481/337/337
f 481/337/337 491/346/346 483/348/348
f 481/337/337 483/348/348 455/336/336
f 455/336/336 483/348/348 459/350/350
f 455/336/336 459/350/350 405/335/335
f 405/335/335 459/350/350 415/352/352
f 405/335/335 415/352/352 377/334/334
f 377/334/334 415/352/352 379/354/354
f 377/334/334 379/354/354 361/333/333
f 361/333/333 379/354/354 363/332/332
f 363/332/332 379/354/354 383/353/353
f 363/332/332 383/353/353 365/331/331
f 365/331/331 383/353/353 385/329/329
f 365/331/331 385/329/329 367/330/330
f 517/320/320 529/321/321 513/342/342
f 513/342/342 529/321/321 523/341/341
f 513/342/342 523/341/341 499/344/344
f 499/344/344 523/341/341 507/343/343
f 499/344/344 507/343/343 491/346/346
f 491/346/346 507/343/343 493/345/345
f 491/346/346 493/345/345 483/348/348
f 483/348/348 493/345/345 485/347/347
f 483/348/348 485/347/347 459/350/350
f 459/350/350 485/347/347 463/349/349
f 459/350/350 463/349/349 415/352/352
f 415/352/352 463/349/349 423/351/351
f 415/352/352 423/351/351 379/354/354
f 379/354/354 423/351/351 383/353/353
f 529/321/321 537/322/322 523/341/341
f 523/341/341 537/322/322 525/323/323
f 523/341/341 525/323/323 507/343/343
f 507/343/343 525/323/323 511/324/324
f 507/343/343 511/324/324 493/345/345
f 493/345/345 511/324/324 495/325/325
f 493/345/345 495/325/325 485/347/347
f 485/347/347 495/325/325 487/326/326
f 485/347/347 487/326/326 463/349/349
f 463/349/349 487/326/326 469/327/327
f 463/349/349 469/327/327 423/351/351
f 423/351/351 469/327/327 425/328/328
f 423/351/351 425/328/328 383/353/353
f 383/353/353 425/328/328 385/329/329
f 505/362/362 503/355/355 517/361/361
f 517/361/361 503/355/355 515/356/356
f 517/361/361 515/356/356 529/360/360
f 529/360/360 515/356/356 527/357/357
f 529/360/360 527/357/357 537/359/359
f 537/359/359 527/357/357 535/358/358
f 551/363/363 553/364/364 543/375/375
f 543/375/375 553/364/364 545/377/377
f 543/375/375 545/377/377 519/374/374
f 519/374/374 545/377/377 531/379/379
f 519/374/374 531/379/379 509/373/373
f 509/373/373 531/379/379 521/381/381
f 509/373/373 521/381/381 503/372/372
f 503/372/372 521/381/381 515/371/371
f 515/371/371 521/381/381 533/380/380
f 515/371/371 533/380/380 527/370/370
f 527/370/370 533/380/380 535/369/369
f 535/369/369 533/380/380 539/368/368
f 539/368/368 533/380/380 541/378/378
f 539/368/368 541/378/378 547/367/367
f 547/367/367 541/378/378 549/376/376
f 547/367/367 549/376/376 557/366/366
f 557/366/366 549/376/376 555/365/365
f 555/365/365 549/376/376 545/377/377
f 555/365/365 545/377/377 553/364/364
f 531/379/379 545/377/377 549/376/376
f 521/381/381 531/379/379 541/378/378
f 541/378/378 531/379/379 549/376/376
f 533/380/380 521/381/381 541/378/378
f 551/389/389 623/382/382 553/388/388
f 553/388/388 623/382/382 625/383/383
f 553/388/388 625/383/383 555/387/387
f 555/387/387 625/383/383 627/384/384
f 555/387/387 627/384/384 557/386/386
f 557/386/386 627/384/384 629/385/385
f 702/390/390 698/391/391 694/404/404
f 694/404/404 698/391/391 690/406/406
f 694/404/404 690/406/406 682/403/403
f 682/403/403 690/406/406 674/408/408
f 682/403/403 674/408/408 657/402/402
f 657/402/402 674/408/408 647/410/410
f 657/402/402 647/410/410 637/401/401
f 637/401/401 647/410/410 625/399/399
f 637/401/401 625/399/399 623/400/400
f 698/391/391 686/392/392 690/406/406
f 690/406/406 686/392/392 678/405/405
f 690/406/406 678/405/405 674/408/408
f 674/408/408 678/405/405 661/407/407
f 674/408/408 661/407/407 647/410/410
f 647/410/410 661/407/407 643/409/409
f 647/410/410 643/409/409 625/399/399
f 625/399/399 643/409/409 627/398/398
f 627/398/398 643/409/409 633/396/396
f 627/398/398 633/396/396 629/397/397
f 686/392/392 670/393/393 678/405/405
f 678/405/405 670/393/393 666/394/394
f 678/405/405 666/394/394 661/407/407
f 661/407/407 666/394/394 651/395/395
f 661/407/407 651/395/395 643/409/409
f 643/409/409 651/395/395 633/396/396
f 702/418/418 701/411/411 698/417/417
f 698/417/417 701/411/411 697/412/412
f 698/417/417 697/412/412 686/416/416
f 686/416/416 697/412/412 685/413/413
f 686/416/416 685/413/413 670/415/415
f 670/415/415 685/413/413 669/414/414
f 622/419/419 624/420/420 636/433/433
f 636/433/433 624/420/420 646/435/435
f 636/433/433 646/435/435 656/432/432
f 656/432/432 646/435/435 673/437/437
f 656/432/432 673/437/437 681/431/431
f 681/431/431 673/437/437 689/439/439
f 681/431/431 689/439/439 693/430/430
f 693/430/430 689/439/439 697/428/428
f 693/430/430 697/428/428 701/429/429
f 624/420/420 626/421/421 646/435/435
f 646/435/435 626/421/421 642/434/434
f 646/435/435 642/434/434 673/437/437
f 673/437/437 642/434/434 660/436/436
f 673/437/437 660/436/436 689/439/439
f 689/439/439 660/436/436 677/438/438
f 689/439/439 677/438/438 697/428/428
f 697/428/428 677/438/438 685/427/427
f 685/427/427 677/438/438 665/425/425
f 685/427/427 665/425/425 669/426/426
f 626/421/421 628/422/422 642/434/434
f 642/434/434 628/422/422 632/423/423
f 642/434/434 632/423/423 660/436/436
f 660/436/436 632/423/423 650/424/424
f 660/436/436 650/424/424 677/438/438
f 677/438/438 650/424/424 665/425/425
f 622/447/447 550/440/440 624/446/446
f 624/446/446 550/440/440 552/441/441
f 624/446/446 552/441/441 626/445/445
f 626/445/445 552/441/441 554/442/442
f 626/445/445 554/442/442 628/444/444
f 628/444/444 554/442/442 556/443/443
f 502/448/448 514/449/449 508/460/460
f 508/460/460 514/449/449 520/462/462
f 508/460/460 520/462/462 518/459/459
f 518/459/459 520/462/462 530/464/464
f 518/459/459 530/464/464 542/458/458
f 542/458/458 530/464/464 544/466/466
f 542/458/458 544/466/466 550/457/457
f 550/457/457 544/466/466 552/456/456
f 552/456/456 544/466/466 548/465/465
f 552/456/456 548/465/465 554/455/455
f 554/455/455 548/465/465 556/454/454
f 556/454/454 548/465/465 546/453/453
f 546/453/453 548/465/465 540/463/463
f 546/453/453 540/463/463 538/452/452
f 538/452/452 540/463/463 532/461/461
f 538/452/452 532/461/461 534/451/451
f 534/451/451 532/461/461 526/450/450
f 526/450/450 532/461/461 520/462/462
f 526/450/450 520/462/462 514/449/449
f 530/464/464 520/462/462 532/461/461
f 544/466/466 530/464/464 540/463/463
f 540/463/463 530/464/464 532/461/461
f 548/465/465 544/466/466 540/463/463
f 502/474/474 504/467/467 514/473/473
f 514/473/473 504/467/467 516/468/468
f 514/473/473 516/468/468 526/472/472
f 526/472/472 516/468/468 528/469/469
f 526/472/472 528/469/469 534/471/471
f 534/471/471 528/469/469 536/470/470
f 360/475/475 362/476/476 376/496/496
f 376/496/496 362/476/476 378/498/498
f 376/496/496 378/498/498 404/495/495
f 404/495/495 378/498/498 414/500/500
f 404/495/495 414/500/500 454/494/494
f 454/494/494 414/500/500 458/502/502
f 454/494/494 458/502/502 480/493/493
f 480/493/493 458/502/502 482/504/504
f 480/493/493 482/504/504 488/492/492
f 488/492/492 482/504/504 490/506/506
f 488/492/492 490/506/506 496/491/491
f 496/491/491 490/506/506 498/508/508
f 496/491/491 498/508/508 500/490/490
f 500/490/490 498/508/508 512/510/510
f 500/490/490 512/510/510 504/489/489
f 504/489/489 512/510/510 516/488/488
f 516/488/488 512/510/510 522/509/509
f 516/488/488 522/509/509 528/487/487
f 528/487/487 522/509/509 524/485/485
f 528/487/487 524/485/485 536/486/486
f 362/476/476 364/477/477 378/498/498
f 378/498/498 364/477/477 382/497/497
f 378/498/498 382/497/497 414/500/500
f 414/500/500 382/497/497 422/499/499
f 414/500/500 422/499/499 458/502/502
f 458/502/502 422/499/499 462/501/501
f 458/502/502 462/501/501 482/504/504
f 482/504/504 462/501/501 484/503/503
f 482/504/504 484/503/503 490/506/506
f 490/506/506 484/503/503 492/505/505
f 490/506/506 492/505/505 498/508/508
f 498/508/508 492/505/505 506/507/507
f 498/508/508 506/507/507 512/510/510
f 512/510/510 506/507/507 522/509/509
f 364/477/477 366/478/478 382/497/497
f 382/497/497 366/478/478 384/479/479
f 382/497/497 384/479/479 422/499/499
f 422/499/499 384/479/479 424/480/480
f 422/499/499 424/480/480 462/501/501
f 462/501/501 424/480/480 468/481/481
f 462/501/501 468/481/481 484/503/503
f 484/503/503 468/481/481 486/482/482
f 484/503/503 486/482/482 492/505/505
f 492/505/505 486/482/482 494/483/483
f 492/505/505 494/483/483 506/507/507
f 506/507/507 494/483/483 510/484/484
f 506/507/507 510/484/484 522/509/509
f 522/509/509 510/484/484 524/485/485
f 653/512/512 670/541/541 662/511/511
f 662/511/511 670/541/541 669/542/542
f 662/511/511 669/542/542 652/535/535
f 652/535/535 669/542/542 638/534/534
f 638/534/534 669/542/542 612/533/533
f 612/533/533 669/542/542 665/543/543
f 612/533/533 665/543/543 650/544/544
f 653/512/512 639/513/513 670/541/541
f 670/541/541 639/513/513 613/514/514
f 670/541/541 613/514/514 666/540/540
f 666/540/540 613/514/514 651/539/539
f 651/539/539 613/514/514 633/538/538
f 633/538/538 613/514/514 629/537/537
f 629/537/537 613/514/514 611/515/515
f 629/537/537 611/515/515 599/516/516
f 599/516/516 589/517/517 629/537/537
f 629/537/537 589/517/517 557/536/536
f 557/536/536 589/517/517 583/518/518
f 557/536/536 583/518/518 573/519/519
f 573/519/519 565/520/520 557/536/536
f 557/536/536 565/520/520 563/521/521
f 557/536/536 563/521/521 561/522/522
f 561/522/522 559/523/523 557/536/536
f 557/536/536 559/523/523 558/524/524
f 557/536/536 558/524/524 556/547/547
f 556/547/547 558/524/524 560/525/525
f 556/547/547 560/525/525 562/526/526
f 562/526/526 564/527/527 556/547/547
f 556/547/547 564/527/527 572/528/528
f 556/547/547 572/528/528 582/529/529
f 582/529/529 588/530/530 556/547/547
f 556/547/547 588/530/530 628/546/546
f 628/546/546 588/530/530 598/531/531
f 628/546/546 598/531/531 610/532/532
f 610/532/532 612/533/533 628/546/546
f 628/546/546 612/533/533 632/545/545
f 632/545/545 612/533/533 650/544/544
f 534/555/555 535/548/548 538/554/554
f 538/554/554 535/548/548 539/549/549
f 538/554/554 539/549/549 546/553/553
f 546/553/553 539/549/549 547/550/550
f 546/553/553 547/550/550 556/552/552
f 556/552/552 547/550/550 557/551/551
f 535/557/557 534/558/558 537/556/556
f 537/556/556 534/558/558 536/559/559
f 366/577/577 367/560/560 384/576/576
f 384/576/576 367/560/560 385/561/561
f 384/576/576 385/561/561 424/575/575
f 424/575/575 385/561/561 425/562/562
f 424/575/575 425/562/562 468/574/574
f 468/574/574 425/562/562 469/563/563
f 468/574/574 469/563/563 486/573/573
f 486/573/573 469/563/563 487/564/564
f 486/573/573 487/564/564 494/572/572
f 494/572/572 487/564/564 495/565/565
f 494/572/572 495/565/565 510/571/571
f 510/571/571 495/565/565 511/566/566
f 510/571/571 511/566/566 524/570/570
f 524/570/570 511/566/566 525/567/567
f 524/570/570 525/567/567 536/569/569
f 536/569/569 525/567/567 537/568/568
f 367/579/579 366/580/580 351/578/578
f 351/578/578 366/580/580 350/581/581
f 472/593/593 473/582/582 466/592/592
f 466/592/592 473/582/582 467/583/583
f 466/592/592 467/583/583 453/584/584
f 466/592/592 453/584/584 452/591/591
f 452/591/591 453/584/584 437/585/585
f 452/591/591 437/585/585 436/590/590
f 436/590/590 437/585/585 421/586/586
f 436/590/590 421/586/586 420/589/589
f 420/589/589 421/586/586 410/588/588
f 410/588/588 421/586/586 411/587/587
f 413/595/595 412/596/596 411/594/594
f 411/594/594 412/596/596 410/597/597
f 653/622/622 662/641/641 609/632/632
f 609/642/642 662/598/598 652/599/599
f 609/643/643 652/599/599 606/631/631
f 606/631/631 652/599/599 638/600/600
f 606/631/631 638/600/600 602/630/630
f 602/630/630 638/600/600 612/601/601
f 602/630/630 612/601/601 596/629/629
f 596/629/629 612/601/601 610/602/602
f 596/629/629 610/602/602 598/603/603
f 596/629/629 598/603/603 592/628/628
f 592/628/628 598/603/603 588/604/604
f 592/628/628 588/604/604 586/627/627
f 586/627/627 588/604/604 582/605/605
f 586/627/627 582/605/605 572/606/606
f 586/627/627 572/606/606 580/626/626
f 580/626/626 572/606/606 564/607/607
f 580/626/626 564/607/607 576/625/625
f 576/625/625 564/607/607 562/608/608
f 576/625/625 562/608/608 570/624/624
f 570/624/624 562/608/608 560/609/609
f 570/624/624 560/609/609 558/610/610
f 570/624/624 558/610/610 567/623/623
f 567/623/623 558/610/610 559/611/611
f 567/623/623 559/611/611 571/640/640
f 571/640/640 559/611/611 561/612/612
f 571/640/640 561/612/612 563/613/613
f 571/640/640 563/613/613 577/639/639
f 577/639/639 563/613/613 565/614/614
f 577/639/639 565/614/614 581/638/638
f 581/638/638 565/614/614 573/615/615
f 581/638/638 573/615/615 587/637/637
f 587/637/637 573/615/615 583/616/616
f 587/637/637 583/616/616 589/617/617
f 587/637/637 589/617/617 593/636/636
f 593/636/636 589/617/617 599/618/618
f 593/636/636 599/618/618 597/635/635
f 597/635/635 599/618/618 611/619/619
f 597/635/635 611/619/619 613/620/620
f 597/635/635 613/620/620 603/634/634
f 603/634/634 613/620/620 639/621/621
f 603/634/634 639/621/621 607/633/633
f 607/633/633 639/621/621 653/622/622
f 607/633/633 653/622/622 609/632/632
f 571/645/645 569/679/679 567/644/644
f 567/644/644 569/679/679 566/662/662
f 567/644/644 566/662/662 570/661/661
f 570/661/661 566/662/662 568/663/663
f 570/661/661 568/663/663 576/660/660
f 576/660/660 568/663/663 574/664/664
f 576/660/660 574/664/664 580/659/659
f 580/659/659 574/664/664 578/665/665
f 580/659/659 578/665/665 586/658/658
f 586/658/658 578/665/665 584/666/666
f 586/658/658 584/666/666 592/657/657
f 592/657/657 584/666/666 590/667/667
f 592/657/657 590/667/667 596/656/656
f 596/656/656 590/667/667 594/668/668
f 596/656/656 594/668/668 602/655/655
f 602/655/655 594/668/668 600/669/669
f 602/655/655 600/669/669 606/654/654
f 606/654/654 600/669/669 604/670/670
f 606/654/654 604/670/670 609/653/653
f 609/653/653 604/670/670 608/680/680
f 609/681/681 608/671/671 607/652/652
f 607/652/652 608/671/671 605/672/672
f 607/652/652 605/672/672 603/651/651
f 603/651/651 605/672/672 601/673/673
f 603/651/651 601/673/673 597/650/650
f 597/650/650 601/673/673 595/674/674
f 597/650/650 595/674/674 593/649/649
f 593/649/649 595/674/674 591/675/675
f 593/649/649 591/675/675 587/648/648
f 587/648/648 591/675/675 585/676/676
f 587/648/648 585/676/676 581/647/647
f 581/647/647 585/676/676 579/677/677
f 581/647/647 579/677/677 577/646/646
f 577/646/646 579/677/677 575/678/678
f 577/646/646 575/678/678 571/645/645
f 571/645/645 575/678/678 569/679/679
f 473/683/683 585/698/698 615/682/682
f 615/682/682 585/698/698 591/699/699
f 615/682/682 591/699/699 595/700/700
f 472/684/684 566/694/694 473/683/683
f 473/683/683 566/694/694 569/695/695
f 473/683/683 569/695/695 575/696/696
f 614/685/685 584/708/708 472/684/684
f 472/684/684 584/708/708 578/709/709
f 472/684/684 578/709/709 574/710/710
f 630/686/686 648/687/687 614/685/685
f 614/685/685 648/687/687 663/688/688
f 614/685/685 663/688/688 667/689/689
f 668/690/690 608/703/703 667/689/689
f 667/689/689 608/703/703 604/704/704
f 667/689/689 604/704/704 600/705/705
f 664/691/691 615/682/682 668/690/690
f 668/690/690 615/682/682 595/700/700
f 668/690/690 595/700/700 601/701/701
f 664/691/691 649/692/692 615/682/682
f 615/682/682 649/692/692 631/693/693
f 575/696/696 579/697/697 473/683/683
f 473/683/683 579/697/697 585/698/698
f 601/701/701 605/702/702 668/690/690
f 668/690/690 605/702/702 608/703/703
f 600/705/705 594/706/706 667/689/689
f 667/689/689 594/706/706 614/685/685
f 594/706/706 590/707/707 614/685/685
f 614/685/685 590/707/707 584/708/708
f 574/710/710 568/711/711 472/684/684
f 472/684/684 568/711/711 566/694/694
f 412/723/723 413/712/712 402/722/722
f 402/722/722 413/712/712 403/713/713
f 402/722/722 403/713/713 396/721/721
f 396/721/721 403/713/713 397/714/714
f 396/721/721 397/714/714 388/720/720
f 388/720/720 397/714/714 389/715/715
f 388/720/720 389/715/715 372/719/719
f 372/719/719 389/715/715 373/716/716
f 372/719/719 373/716/716 352/718/718
f 352/718/718 373/716/716 353/717/717
f 359/724/724 343/725/725 357/731/731
f 357/731/731 343/725/725 341/726/726
f 357/731/731 341/726/726 355/730/730
f 355/730/730 341/726/726 339/727/727
f 355/730/730 339/727/727 353/729/729
f 353/729/729 339/727/727 337/728/728
f 259/732/732 271/733/733 263/748/748
f 263/748/748 271/733/733 275/750/750
f 263/748/748 275/750/750 277/747/747
f 277/747/747 275/750/750 297/752/752
f 277/747/747 297/752/752 305/746/746
f 305/746/746 297/752/752 309/754/754
f 305/746/746 309/754/754 313/745/745
f 313/745/745 309/754/754 317/756/756
f 313/745/745 317/756/756 329/744/744
f 329/744/744 317/756/756 333/758/758
f 329/744/744 333/758/758 343/743/743
f 343/743/743 333/758/758 341/742/742
f 341/742/742 333/758/758 335/757/757
f 341/742/742 335/757/757 339/741/741
f 339/741/741 335/757/757 337/740/740
f 337/740/740 335/757/757 331/739/739
f 331/739/739 335/757/757 323/755/755
f 331/739/739 323/755/755 315/738/738
f 315/738/738 323/755/755 311/753/753
f 315/738/738 311/753/753 307/737/737
f 307/737/737 311/753/753 303/751/751
f 307/737/737 303/751/751 301/736/736
f 301/736/736 303/751/751 295/749/749
f 301/736/736 295/749/749 293/735/735
f 293/735/735 295/749/749 287/734/734
f 287/734/734 295/749/749 275/750/750
f 287/734/734 275/750/750 271/733/733
f 297/752/752 275/750/750 295/749/749
f 309/754/754 297/752/752 303/751/751
f 303/751/751 297/752/752 295/749/749
f 317/756/756 309/754/754 311/753/753
f 311/753/753 309/754/754 303/751/751
f 333/758/758 317/756/756 323/755/755
f 323/755/755 317/756/756 311/753/753
f 335/757/757 333/758/758 323/755/755
f 259/766/766 257/759/759 271/765/765
f 271/765/765 257/759/759 269/760/760
f 271/765/765 269/760/760 287/764/764
f 287/764/764 269/760/760 285/761/761
f 287/764/764 285/761/761 293/763/763
f 293/763/763 285/761/761 291/762/762
f 231/767/767 229/768/768 233/781/781
f 233/781/781 229/768/768 239/783/783
f 233/781/781 239/783/783 247/780/780
f 247/780/780 239/783/783 253/785/785
f 247/780/780 253/785/785 255/779/779
f 255/779/779 253/785/785 265/787/787
f 255/779/779 265/787/787 257/778/778
f 257/778/778 265/787/787 269/777/777
f 269/777/777 265/787/787 273/786/786
f 269/777/777 273/786/786 285/776/776
f 285/776/776 273/786/786 283/774/774
f 285/776/776 283/774/774 291/775/775
f 229/768/768 227/769/769 239/783/783
f 239/783/783 227/769/769 243/782/782
f 239/783/783 243/782/782 253/785/785
f 253/785/785 243/782/782 261/784/784
f 253/785/785 261/784/784 265/787/787
f 265/787/787 261/784/784 273/786/786
f 225/770/770 237/771/771 227/769/769
f 227/769/769 237/771/771 243/782/782
f 237/771/771 251/772/772 243/782/782
f 243/782/782 251/772/772 261/784/784
f 251/772/772 267/773/773 261/784/784
f 261/784/784 267/773/773 273/786/786
f 267/773/773 283/774/774 273/786/786
f 231/795/795 81/788/788 229/794/794
f 229/794/794 81/788/788 79/789/789
f 229/794/794 79/789/789 227/793/793
f 227/793/793 79/789/789 77/790/790
f 227/793/793 77/790/790 225/792/792
f 225/792/792 77/790/790 75/791/791
f 2/796/796 6/797/797 10/810/810
f 10/810/810 6/797/797 14/812/812
f 10/810/810 14/812/812 22/809/809
f 22/809/809 14/812/812 30/814/814
f 22/809/809 30/814/814 47/808/808
f 47/808/808 30/814/814 57/816/816
f 47/808/808 57/816/816 67/807/807
f 67/807/807 57/816/816 79/805/805
f 67/807/807 79/805/805 81/806/806
f 6/797/797 18/798/798 14/812/812
f 14/812/812 18/798/798 26/811/811
f 14/812/812 26/811/811 30/814/814
f 30/814/814 26/811/811 43/813/813
f 30/814/814 43/813/813 57/816/816
f 57/816/816 43/813/813 61/815/815
f 57/816/816 61/815/815 79/805/805
f 79/805/805 61/815/815 77/804/804
f 77/804/804 61/815/815 71/802/802
f 77/804/804 71/802/802 75/803/803
f 18/798/798 34/799/799 26/811/811
f 26/811/811 34/799/799 38/800/800
f 26/811/811 38/800/800 43/813/813
f 43/813/813 38/800/800 53/801/801
f 43/813/813 53/801/801 61/815/815
f 61/815/815 53/801/801 71/802/802
f 2/824/824 1/817/817 6/823/823
f 6/823/823 1/817/817 5/818/818
f 6/823/823 5/818/818 18/822/822
f 18/822/822 5/818/818 17/819/819
f 18/822/822 17/819/819 34/821/821
f 34/821/821 17/819/819 33/820/820
f 80/825/825 78/826/826 66/839/839
f 66/839/839 78/826/826 56/841/841
f 66/839/839 56/841/841 46/838/838
f 46/838/838 56/841/841 29/843/843
f 46/838/838 29/843/843 21/837/837
f 21/837/837 29/843/843 13/845/845
f 21/837/837 13/845/845 9/836/836
f 9/836/836 13/845/845 5/834/834
f 9/836/836 5/834/834 1/835/835
f 78/826/826 76/827/827 56/841/841
f 56/841/841 76/827/827 60/840/840
f 56/841/841 60/840/840 29/843/843
f 29/843/843 60/840/840 42/842/842
f 29/843/843 42/842/842 13/845/845
f 13/845/845 42/842/842 25/844/844
f 13/845/845 25/844/844 5/834/834
f 5/834/834 25/844/844 17/833/833
f 17/833/833 25/844/844 37/831/831
f 17/833/833 37/831/831 33/832/832
f 76/827/827 74/828/828 60/840/840
f 60/840/840 74/828/828 70/829/829
f 60/840/840 70/829/829 42/842/842
f 42/842/842 70/829/829 52/830/830
f 42/842/842 52/830/830 25/844/844
f 25/844/844 52/830/830 37/831/831
f 80/853/853 230/846/846 78/852/852
f 78/852/852 230/846/846 228/847/847
f 78/852/852 228/847/847 76/851/851
f 76/851/851 228/847/847 226/848/848
f 76/851/851 226/848/848 74/850/850
f 74/850/850 226/848/848 224/849/849
f 256/854/854 268/855/855 254/868/868
f 254/868/868 268/855/855 264/870/870
f 254/868/868 264/870/870 246/867/867
f 246/867/867 264/870/870 252/872/872
f 246/867/867 252/872/872 232/866/866
f 232/866/866 252/872/872 238/874/874
f 232/866/866 238/874/874 230/865/865
f 230/865/865 238/874/874 228/864/864
f 228/864/864 238/874/874 242/873/873
f 228/864/864 242/873/873 226/863/863
f 226/863/863 242/873/873 236/861/861
f 226/863/863 236/861/861 224/862/862
f 268/855/855 284/856/856 264/870/870
f 264/870/870 284/856/856 272/869/869
f 264/870/870 272/869/869 252/872/872
f 252/872/872 272/869/869 260/871/871
f 252/872/872 260/871/871 238/874/874
f 238/874/874 260/871/871 242/873/873
f 290/857/857 282/858/858 284/856/856
f 284/856/856 282/858/858 272/869/869
f 282/858/858 266/859/859 272/869/869
f 272/869/869 266/859/859 260/871/871
f 266/859/859 250/860/860 260/871/871
f 260/871/871 250/860/860 242/873/873
f 250/860/860 236/861/861 242/873/873
f 256/882/882 258/875/875 268/881/881
f 268/881/881 258/875/875 270/876/876
f 268/881/881 270/876/876 284/880/880
f 284/880/880 270/876/876 286/877/877
f 284/880/880 286/877/877 290/879/879
f 290/879/879 286/877/877 292/878/878
f 342/883/883 340/884/884 328/899/899
f 328/899/899 340/884/884 332/901/901
f 328/899/899 332/901/901 312/898/898
f 312/898/898 332/901/901 316/903/903
f 312/898/898 316/903/903 304/897/897
f 304/897/897 316/903/903 308/905/905
f 304/897/897 308/905/905 276/896/896
f 276/896/896 308/905/905 296/907/907
f 276/896/896 296/907/907 262/895/895
f 262/895/895 296/907/907 274/909/909
f 262/895/895 274/909/909 258/894/894
f 258/894/894 274/909/909 270/893/893
f 270/893/893 274/909/909 294/908/908
f 270/893/893 294/908/908 286/892/892
f 286/892/892 294/908/908 292/891/891
f 292/891/891 294/908/908 300/890/890
f 300/890/890 294/908/908 302/906/906
f 300/890/890 302/906/906 306/889/889
f 306/889/889 302/906/906 310/904/904
f 306/889/889 310/904/904 314/888/888
f 314/888/888 310/904/904 322/902/902
f 314/888/888 322/902/902 330/887/887
f 330/887/887 322/902/902 334/900/900
f 330/887/887 334/900/900 336/886/886
f 336/886/886 334/900/900 338/885/885
f 338/885/885 334/900/900 332/901/901
f 338/885/885 332/901/901 340/884/884
f 316/903/903 332/901/901 334/900/900
f 308/905/905 316/903/903 322/902/902
f 322/902/902 316/903/903 334/900/900
f 296/907/907 308/905/905 310/904/904
f 310/904/904 308/905/905 322/902/902
f 274/909/909 296/907/907 302/906/906
f 302/906/906 296/907/907 310/904/904
f 294/908/908 274/909/909 302/906/906
f 352/910/910 336/911/911 354/917/917
f 354/917/917 336/911/911 338/912/912
f 354/917/917 338/912/912 356/916/916
f 356/916/916 338/912/912 340/913/913
f 356/916/916 340/913/913 358/915/915
f 358/915/915 340/913/913 342/914/914
f 132/919/919 224/947/947 136/918/918
f 136/918/918 224/947/947 225/936/936
f 136/918/918 225/936/936 133/935/935
f 133/935/935 225/936/936 127/934/934
f 127/934/934 225/936/936 123/933/933
f 123/933/933 225/936/936 117/932/932
f 117/932/932 225/936/936 75/937/937
f 117/932/932 75/937/937 111/931/931
f 111/931/931 75/937/937 107/930/930
f 107/930/930 75/937/937 34/941/941
f 107/930/930 34/941/941 101/929/929
f 101/929/929 34/941/941 97/928/928
f 97/928/928 34/941/941 94/927/927
f 94/927/927 34/941/941 33/942/942
f 94/927/927 33/942/942 96/926/926
f 96/926/926 33/942/942 100/925/925
f 100/925/925 33/942/942 106/924/924
f 106/924/924 33/942/942 74/946/946
f 106/924/924 74/946/946 110/923/923
f 110/923/923 74/946/946 116/922/922
f 116/922/922 74/946/946 224/947/947
f 116/922/922 224/947/947 122/921/921
f 122/921/921 224/947/947 126/920/920
f 126/920/920 224/947/947 132/919/919
f 71/938/938 53/939/939 75/937/937
f 75/937/937 53/939/939 38/940/940
f 75/937/937 38/940/940 34/941/941
f 33/942/942 37/943/943 74/946/946
f 74/946/946 37/943/943 52/944/944
f 74/946/946 52/944/944 70/945/945
f 290/959/959 291/948/948 282/958/958
f 282/958/958 291/948/948 283/949/949
f 282/958/958 283/949/949 267/950/950
f 282/958/958 267/950/950 266/957/957
f 266/957/957 267/950/950 251/951/951
f 266/957/957 251/951/951 250/956/956
f 250/956/956 251/951/951 237/952/952
f 250/956/956 237/952/952 236/955/955
f 236/955/955 237/952/952 224/954/954
f 224/954/954 237/952/952 225/953/953
f 291/961/961 290/962/962 293/960/960
f 293/960/960 290/962/962 292/963/963
f 336/975/975 337/964/964 330/974/974
f 330/974/974 337/964/964 331/965/965
f 330/974/974 331/965/965 314/973/973
f 314/973/973 331/965/965 315/966/966
f 314/973/973 315/966/966 306/972/972
f 306/972/972 315/966/966 307/967/967
f 306/972/972 307/967/967 300/971/971
f 300/971/971 307/967/967 301/968/968
f 300/971/971 301/968/968 292/970/970
f 292/970/970 301/968/968 293/969/969
f 337/977/977 336/978/978 353/976/976
f 353/976/976 336/978/978 352/979/979
f 367/980/980 351/981/981 365/987/987
f 365/987/987 351/981/981 349/982/982
f 365/987/987 349/982/982 363/986/986
f 363/986/986 349/982/982 347/983/983
f 363/986/986 347/983/983 361/985/985
f 361/985/985 347/983/983 345/984/984
f 169/988/988 177/989/989 179/1009/1009
f 179/1009/1009 177/989/989 181/1011/1011
f 179/1009/1009 181/1011/1011 193/1008/1008
f 193/1008/1008 181/1011/1011 197/1013/1013
f 193/1008/1008 197/1013/1013 209/1007/1007
f 209/1007/1007 197/1013/1013 211/1015/1015
f 209/1007/1007 211/1015/1015 217/1006/1006
f 217/1006/1006 211/1015/1015 219/1017/1017
f 217/1006/1006 219/1017/1017 235/1005/1005
f 235/1005/1005 219/1017/1017 241/1019/1019
f 235/1005/1005 241/1019/1019 279/1004/1004
f 279/1004/1004 241/1019/1019 281/1021/1021
f 279/1004/1004 281/1021/1021 319/1003/1003
f 319/1003/1003 281/1021/1021 321/1023/1023
f 319/1003/1003 321/1023/1023 351/1002/1002
f 351/1002/1002 321/1023/1023 349/1001/1001
f 349/1001/1001 321/1023/1023 325/1022/1022
f 349/1001/1001 325/1022/1022 347/1000/1000
f 347/1000/1000 325/1022/1022 327/998/998
f 347/1000/1000 327/998/998 345/999/999
f 177/989/989 189/990/990 181/1011/1011
f 181/1011/1011 189/990/990 191/1010/1010
f 181/1011/1011 191/1010/1010 197/1013/1013
f 197/1013/1013 191/1010/1010 205/1012/1012
f 197/1013/1013 205/1012/1012 211/1015/1015
f 211/1015/1015 205/1012/1012 213/1014/1014
f 211/1015/1015 213/1014/1014 219/1017/1017
f 219/1017/1017 213/1014/1014 221/1016/1016
f 219/1017/1017 221/1016/1016 241/1019/1019
f 241/1019/1019 221/1016/1016 245/1018/1018
f 241/1019/1019 245/1018/1018 281/1021/1021
f 281/1021/1021 245/1018/1018 289/1020/1020
f 281/1021/1021 289/1020/1020 321/1023/1023
f 321/1023/1023 289/1020/1020 325/1022/1022
f 189/990/990 201/991/991 191/1010/1010
f 191/1010/1010 201/991/991 203/992/992
f 191/1010/1010 203/992/992 205/1012/1012
f 205/1012/1012 203/992/992 207/993/993
f 205/1012/1012 207/993/993 213/1014/1014
f 213/1014/1014 207/993/993 215/994/994
f 213/1014/1014 215/994/994 221/1016/1016
f 221/1016/1016 215/994/994 223/995/995
f 221/1016/1016 223/995/995 245/1018/1018
f 245/1018/1018 223/995/995 249/996/996
f 245/1018/1018 249/996/996 289/1020/1020
f 289/1020/1020 249/996/996 299/997/997
f 289/1020/1020 299/997/997 325/1022/1022
f 325/1022/1022 299/997/997 327/998/998
f 169/1031/1031 167/1024/1024 177/1030/1030
f 177/1030/1030 167/1024/1024 175/1025/1025
f 177/1030/1030 175/1025/1025 189/1029/1029
f 189/1029/1029 175/1025/1025 187/1026/1026
f 189/1029/1029 187/1026/1026 201/1028/1028
f 201/1028/1028 187/1026/1026 199/1027/1027
f 157/1044/1044 153/1032/1032 155/1046/1046
f 155/1046/1046 153/1032/1032 151/1033/1033
f 155/1046/1046 151/1033/1033 149/1034/1034
f 155/1046/1046 149/1034/1034 159/1045/1045
f 159/1045/1045 149/1034/1034 147/1035/1035
f 159/1045/1045 147/1035/1035 161/1036/1036
f 159/1045/1045 161/1036/1036 173/1047/1047
f 173/1047/1047 161/1036/1036 185/1037/1037
f 173/1047/1047 185/1037/1037 183/1049/1049
f 183/1049/1049 185/1037/1037 195/1038/1038
f 183/1049/1049 195/1038/1038 187/1040/1040
f 187/1040/1040 195/1038/1038 199/1039/1039
f 187/1040/1040 175/1041/1041 183/1049/1049
f 183/1049/1049 175/1041/1041 171/1050/1050
f 183/1049/1049 171/1050/1050 173/1047/1047
f 173/1047/1047 171/1050/1050 163/1048/1048
f 173/1047/1047 163/1048/1048 159/1045/1045
f 159/1045/1045 163/1048/1048 155/1046/1046
f 175/1041/1041 167/1042/1042 171/1050/1050
f 171/1050/1050 167/1042/1042 165/1043/1043
f 171/1050/1050 165/1043/1043 163/1048/1048
f 163/1048/1048 165/1043/1043 157/1044/1044
f 163/1048/1048 157/1044/1044 155/1046/1046
f 153/1058/1058 89/1051/1051 151/1057/1057
f 151/1057/1057 89/1051/1051 87/1052/1052
f 151/1057/1057 87/1052/1052 149/1056/1056
f 149/1056/1056 87/1052/1052 85/1053/1053
f 149/1056/1056 85/1053/1053 147/1055/1055
f 147/1055/1055 85/1053/1053 83/1054/1054
f 36/1059/1059 20/1060/1060 40/1073/1073
f 40/1073/1073 20/1060/1060 28/1075/1075
f 40/1073/1073 28/1075/1075 55/1072/1072
f 55/1072/1072 28/1075/1075 45/1077/1077
f 55/1072/1072 45/1077/1077 73/1071/1071
f 73/1071/1071 45/1077/1077 63/1079/1079
f 73/1071/1071 63/1079/1079 89/1070/1070
f 89/1070/1070 63/1079/1079 87/1069/1069
f 87/1069/1069 63/1079/1079 59/1078/1078
f 87/1069/1069 59/1078/1078 85/1068/1068
f 85/1068/1068 59/1078/1078 69/1066/1066
f 85/1068/1068 69/1066/1066 83/1067/1067
f 20/1060/1060 8/1061/1061 28/1075/1075
f 28/1075/1075 8/1061/1061 16/1074/1074
f 28/1075/1075 16/1074/1074 45/1077/1077
f 45/1077/1077 16/1074/1074 32/1076/1076
f 45/1077/1077 32/1076/1076 63/1079/1079
f 63/1079/1079 32/1076/1076 59/1078/1078
f 4/1062/1062 12/1063/1063 8/1061/1061
f 8/1061/1061 12/1063/1063 16/1074/1074
f 12/1063/1063 24/1064/1064 16/1074/1074
f 16/1074/1074 24/1064/1064 32/1076/1076
f 24/1064/1064 49/1065/1065 32/1076/1076
f 32/1076/1076 49/1065/1065 59/1078/1078
f 49/1065/1065 69/1066/1066 59/1078/1078
f 36/1087/1087 35/1080/1080 20/1086/1086
f 20/1086/1086 35/1080/1080 19/1081/1081
f 20/1086/1086 19/1081/1081 8/1085/1085
f 8/1085/1085 19/1081/1081 7/1082/1082
f 8/1085/1085 7/1082/1082 4/1084/1084
f 4/1084/1084 7/1082/1082 3/1083/1083
f 88/1088/1088 86/1089/1089 72/1102/1102
f 72/1102/1102 86/1089/1089 62/1104/1104
f 72/1102/1102 62/1104/1104 54/1101/1101
f 54/1101/1101 62/1104/1104 44/1106/1106
f 54/1101/1101 44/1106/1106 39/1100/1100
f 39/1100/1100 44/1106/1106 27/1108/1108
f 39/1100/1100 27/1108/1108 35/1099/1099
f 35/1099/1099 27/1108/1108 19/1098/1098
f 19/1098/1098 27/1108/1108 15/1107/1107
f 19/1098/1098 15/1107/1107 7/1097/1097
f 7/1097/1097 15/1107/1107 11/1095/1095
f 7/1097/1097 11/1095/1095 3/1096/1096
f 86/1089/1089 84/1090/1090 62/1104/1104
f 62/1104/1104 84/1090/1090 58/1103/1103
f 62/1104/1104 58/1103/1103 44/1106/1106
f 44/1106/1106 58/1103/1103 31/1105/1105
f 44/1106/1106 31/1105/1105 27/1108/1108
f 27/1108/1108 31/1105/1105 15/1107/1107
f 82/1091/1091 68/1092/1092 84/1090/1090
f 84/1090/1090 68/1092/1092 58/1103/1103
f 68/1092/1092 48/1093/1093 58/1103/1103
f 58/1103/1103 48/1093/1093 31/1105/1105
f 48/1093/1093 23/1094/1094 31/1105/1105
f 31/1105/1105 23/1094/1094 15/1107/1107
f 23/1094/1094 11/1095/1095 15/1107/1107
f 88/1116/1116 152/1109/1109 86/1115/1115
f 86/1115/1115 152/1109/1109 150/1110/1110
f 86/1115/1115 150/1110/1110 84/1114/1114
f 84/1114/1114 150/1110/1110 148/1111/1111
f 84/1114/1114 148/1111/1111 82/1113/1113
f 82/1113/1113 148/1111/1111 146/1112/1112
f 164/1129/1129 166/1117/1117 170/1131/1131
f 170/1131/1131 166/1117/1117 174/1118/1118
f 170/1131/1131 174/1118/1118 186/1119/1119
f 170/1131/1131 186/1119/1119 182/1130/1130
f 182/1130/1130 186/1119/1119 198/1120/1120
f 182/1130/1130 198/1120/1120 194/1121/1121
f 182/1130/1130 194/1121/1121 172/1132/1132
f 172/1132/1132 194/1121/1121 184/1122/1122
f 172/1132/1132 184/1122/1122 158/1134/1134
f 158/1134/1134 184/1122/1122 160/1123/1123
f 158/1134/1134 160/1123/1123 148/1125/1125
f 148/1125/1125 160/1123/1123 146/1124/1124
f 148/1125/1125 150/1126/1126 158/1134/1134
f 158/1134/1134 150/1126/1126 154/1135/1135
f 158/1134/1134 154/1135/1135 172/1132/1132
f 172/1132/1132 154/1135/1135 162/1133/1133
f 172/1132/1132 162/1133/1133 182/1130/1130
f 182/1130/1130 162/1133/1133 170/1131/1131
f 150/1126/1126 152/1127/1127 154/1135/1135
f 154/1135/1135 152/1127/1127 156/1128/1128
f 154/1135/1135 156/1128/1128 162/1133/1133
f 162/1133/1133 156/1128/1128 164/1129/1129
f 162/1133/1133 164/1129/1129 170/1131/1131
f 166/1143/1143 168/1136/1136 174/1142/1142
f 174/1142/1142 168/1136/1136 176/1137/1137
f 174/1142/1142 176/1137/1137 186/1141/1141
f 186/1141/1141 176/1137/1137 188/1138/1138
f 186/1141/1141 188/1138/1138 198/1140/1140
f 198/1140/1140 188/1138/1138 200/1139/1139
f 350/1144/1144 348/1145/1145 318/1165/1165
f 318/1165/1165 348/1145/1145 320/1167/1167
f 318/1165/1165 320/1167/1167 278/1164/1164
f 278/1164/1164 320/1167/1167 280/1169/1169
f 278/1164/1164 280/1169/1169 234/1163/1163
f 234/1163/1163 280/1169/1169 240/1171/1171
f 234/1163/1163 240/1171/1171 216/1162/1162
f 216/1162/1162 240/1171/1171 218/1173/1173
f 216/1162/1162 218/1173/1173 208/1161/1161
f 208/1161/1161 218/1173/1173 210/1175/1175
f 208/1161/1161 210/1175/1175 192/1160/1160
f 192/1160/1160 210/1175/1175 196/1177/1177
f 192/1160/1160 196/1177/1177 178/1159/1159
f 178/1159/1159 196/1177/1177 180/1179/1179
f 178/1159/1159 180/1179/1179 168/1158/1158
f 168/1158/1158 180/1179/1179 176/1157/1157
f 176/1157/1157 180/1179/1179 190/1178/1178
f 176/1157/1157 190/1178/1178 188/1156/1156
f 188/1156/1156 190/1178/1178 202/1154/1154
f 188/1156/1156 202/1154/1154 200/1155/1155
f 348/1145/1145 346/1146/1146 320/1167/1167
f 320/1167/1167 346/1146/1146 324/1166/1166
f 320/1167/1167 324/1166/1166 280/1169/1169
f 280/1169/1169 324/1166/1166 288/1168/1168
f 280/1169/1169 288/1168/1168 240/1171/1171
f 240/1171/1171 288/1168/1168 244/1170/1170
f 240/1171/1171 244/1170/1170 218/1173/1173
f 218/1173/1173 244/1170/1170 220/1172/1172
f 218/1173/1173 220/1172/1172 210/1175/1175
f 210/1175/1175 220/1172/1172 212/1174/1174
f 210/1175/1175 212/1174/1174 196/1177/1177
f 196/1177/1177 212/1174/1174 204/1176/1176
f 196/1177/1177 204/1176/1176 180/1179/1179
f 180/1179/1179 204/1176/1176 190/1178/1178
f 346/1146/1146 344/1147/1147 324/1166/1166
f 324/1166/1166 344/1147/1147 326/1148/1148
f 324/1166/1166 326/1148/1148 288/1168/1168
f 288/1168/1168 326/1148/1148 298/1149/1149
f 288/1168/1168 298/1149/1149 244/1170/1170
f 244/1170/1170 298/1149/1149 248/1150/1150
f 244/1170/1170 248/1150/1150 220/1172/1172
f 220/1172/1172 248/1150/1150 222/1151/1151
f 220/1172/1172 222/1151/1151 212/1174/1174
f 212/1174/1174 222/1151/1151 214/1152/1152
f 212/1174/1174 214/1152/1152 204/1176/1176
f 204/1176/1176 214/1152/1152 206/1153/1153
f 204/1176/1176 206/1153/1153 190/1178/1178
f 190/1178/1178 206/1153/1153 202/1154/1154
f 360/1180/1180 344/1181/1181 362/1187/1187
f 362/1187/1187 344/1181/1181 346/1182/1182
f 362/1187/1187 346/1182/1182 364/1186/1186
f 364/1186/1186 346/1182/1182 348/1183/1183
f 364/1186/1186 348/1183/1183 366/1185/1185
f 366/1185/1185 348/1183/1183 350/1184/1184
f 50/1189/1189 35/1218/1218 41/1188/1188
f 41/1188/1188 35/1218/1218 36/1219/1219
f 41/1188/1188 36/1219/1219 51/1212/1212
f 51/1212/1212 36/1219/1219 65/1211/1211
f 65/1211/1211 36/1219/1219 91/1210/1210
f 91/1210/1210 36/1219/1219 40/1220/1220
f 91/1210/1210 40/1220/1220 55/1221/1221
f 50/1189/1189 64/1190/1190 35/1218/1218
f 35/1218/1218 64/1190/1190 90/1191/1191
f 35/1218/1218 90/1191/1191 39/1217/1217
f 39/1217/1217 90/1191/1191 54/1216/1216
f 54/1216/1216 90/1191/1191 72/1215/1215
f 72/1215/1215 90/1191/1191 88/1214/1214
f 88/1214/1214 90/1191/1191 92/1192/1192
f 88/1214/1214 92/1192/1192 104/1193/1193
f 104/1193/1193 114/1194/1194 88/1214/1214
f 88/1214/1214 114/1194/1194 152/1213/1213
f 152/1213/1213 114/1194/1194 120/1195/1195
f 152/1213/1213 120/1195/1195 130/1196/1196
f 130/1196/1196 138/1197/1197 152/1213/1213
f 152/1213/1213 138/1197/1197 140/1198/1198
f 152/1213/1213 140/1198/1198 142/1199/1199
f 142/1199/1199 144/1200/1200 152/1213/1213
f 152/1213/1213 144/1200/1200 145/1201/1201
f 152/1213/1213 145/1201/1201 153/1224/1224
f 153/1224/1224 145/1201/1201 143/1202/1202
f 153/1224/1224 143/1202/1202 141/1203/1203
f 141/1203/1203 139/1204/1204 153/1224/1224
f 153/1224/1224 139/1204/1204 131/1205/1205
f 153/1224/1224 131/1205/1205 121/1206/1206
f 121/1206/1206 115/1207/1207 153/1224/1224
f 153/1224/1224 115/1207/1207 89/1223/1223
f 89/1223/1223 115/1207/1207 105/1208/1208
f 89/1223/1223 105/1208/1208 93/1209/1209
f 93/1209/1209 91/1210/1210 89/1223/1223
f 89/1223/1223 91/1210/1210 73/1222/1222
f 73/1222/1222 91/1210/1210 55/1221/1221
f 167/1232/1232 166/1225/1225 165/1231/1231
f 165/1231/1231 166/1225/1225 164/1226/1226
f 165/1231/1231 164/1226/1226 157/1230/1230
f 157/1230/1230 164/1226/1226 156/1227/1227
f 157/1230/1230 156/1227/1227 153/1229/1229
f 153/1229/1229 156/1227/1227 152/1228/1228
f 166/1234/1234 167/1235/1235 168/1233/1233
f 168/1233/1233 167/1235/1235 169/1236/1236
f 351/1254/1254 350/1237/1237 319/1253/1253
f 319/1253/1253 350/1237/1237 318/1238/1238
f 319/1253/1253 318/1238/1238 279/1252/1252
f 279/1252/1252 318/1238/1238 278/1239/1239
f 279/1252/1252 278/1239/1239 235/1251/1251
f 235/1251/1251 278/1239/1239 234/1240/1240
f 235/1251/1251 234/1240/1240 217/1250/1250
f 217/1250/1250 234/1240/1240 216/1241/1241
f 217/1250/1250 216/1241/1241 209/1249/1249
f 209/1249/1249 216/1241/1241 208/1242/1242
f 209/1249/1249 208/1242/1242 193/1248/1248
f 193/1248/1248 208/1242/1242 192/1243/1243
f 193/1248/1248 192/1243/1243 179/1247/1247
f 179/1247/1247 192/1243/1243 178/1244/1244
f 179/1247/1247 178/1244/1244 169/1246/1246
f 169/1246/1246 178/1244/1244 168/1245/1245
f 82/1266/1266 80/1255/1255 68/1265/1265
f 68/1265/1265 80/1255/1255 66/1256/1256
f 68/1265/1265 66/1256/1256 46/1257/1257
f 68/1265/1265 46/1257/1257 48/1264/1264
f 48/1264/1264 46/1257/1257 21/1258/1258
f 48/1264/1264 21/1258/1258 23/1263/1263
f 23/1263/1263 21/1258/1258 9/1259/1259
f 23/1263/1263 9/1259/1259 11/1262/1262
f 11/1262/1262 9/1259/1259 3/1261/1261
f 3/1261/1261 9/1259/1259 1/1260/1260
f 4/1278/1278 2/1267/1267 12/1277/1277
f 12/1277/1277 2/1267/1267 10/1268/1268
f 12/1277/1277 10/1268/1268 22/1269/1269
f 12/1277/1277 22/1269/1269 24/1276/1276
f 24/1276/1276 22/1269/1269 47/1270/1270
f 24/1276/1276 47/1270/1270 49/1275/1275
f 49/1275/1275 47/1270/1270 67/1271/1271
f 49/1275/1275 67/1271/1271 69/1274/1274
f 69/1274/1274 67/1271/1271 83/1273/1273
f 83/1273/1273 67/1271/1271 81/1272/1272
f 50/1303/1303 41/1322/1322 95/1313/1313
f 95/1323/1323 41/1279/1279 51/1280/1280
f 95/1324/1324 51/1280/1280 99/1312/1312
f 99/1312/1312 51/1280/1280 65/1281/1281
f 99/1312/1312 65/1281/1281 103/1311/1311
f 103/1311/1311 65/1281/1281 91/1282/1282
f 103/1311/1311 91/1282/1282 109/1310/1310
f 109/1310/1310 91/1282/1282 93/1283/1283
f 109/1310/1310 93/1283/1283 105/1284/1284
f 109/1310/1310 105/1284/1284 113/1309/1309
f 113/1309/1309 105/1284/1284 115/1285/1285
f 113/1309/1309 115/1285/1285 119/1308/1308
f 119/1308/1308 115/1285/1285 121/1286/1286
f 119/1308/1308 121/1286/1286 131/1287/1287
f 119/1308/1308 131/1287/1287 125/1307/1307
f 125/1307/1307 131/1287/1287 139/1288/1288
f 125/1307/1307 139/1288/1288 129/1306/1306
f 129/1306/1306 139/1288/1288 141/1289/1289
f 129/1306/1306 141/1289/1289 135/1305/1305
f 135/1305/1305 141/1289/1289 143/1290/1290
f 135/1305/1305 143/1290/1290 145/1291/1291
f 135/1305/1305 145/1291/1291 137/1304/1304
f 137/1304/1304 145/1291/1291 144/1292/1292
f 137/1304/1304 144/1292/1292 134/1321/1321
f 134/1321/1321 144/1292/1292 142/1293/1293
f 134/1321/1321 142/1293/1293 140/1294/1294
f 134/1321/1321 140/1294/1294 128/1320/1320
f 128/1320/1320 140/1294/1294 138/1295/1295
f 128/1320/1320 138/1295/1295 124/1319/1319
f 124/1319/1319 138/1295/1295 130/1296/1296
f 124/1319/1319 130/1296/1296 118/1318/1318
f 118/1318/1318 130/1296/1296 120/1297/1297
f 118/1318/1318 120/1297/1297 114/1298/1298
f 118/1318/1318 114/1298/1298 112/1317/1317
f 112/1317/1317 114/1298/1298 104/1299/1299
f 112/1317/1317 104/1299/1299 108/1316/1316
f 108/1316/1316 104/1299/1299 92/1300/1300
f 108/1316/1316 92/1300/1300 90/1301/1301
f 108/1316/1316 90/1301/1301 102/1315/1315
f 102/1315/1315 90/1301/1301 64/1302/1302
f 102/1315/1315 64/1302/1302 98/1314/1314
f 98/1314/1314 64/1302/1302 50/1303/1303
f 98/1314/1314 50/1303/1303 95/1313/1313
f 134/1326/1326 132/1360/1360 137/1325/1325
f 137/1325/1325 132/1360/1360 136/1343/1343
f 137/1325/1325 136/1343/1343 135/1342/1342
f 135/1342/1342 136/1343/1343 133/1344/1344
f 135/1342/1342 133/1344/1344 129/1341/1341
f 129/1341/1341 133/1344/1344 127/1345/1345
f 129/1341/1341 127/1345/1345 125/1340/1340
f 125/1340/1340 127/1345/1345 123/1346/1346
f 125/1340/1340 123/1346/1346 119/1339/1339
f 119/1339/1339 123/1346/1346 117/1347/1347
f 119/1339/1339 117/1347/1347 113/1338/1338
f 113/1338/1338 117/1347/1347 111/1348/1348
f 113/1338/1338 111/1348/1348 109/1337/1337
f 109/1337/1337 111/1348/1348 107/1349/1349
f 109/1337/1337 107/1349/1349 103/1336/1336
f 103/1336/1336 107/1349/1349 101/1350/1350
f 103/1336/1336 101/1350/1350 99/1335/1335
f 99/1335/1335 101/1350/1350 97/1351/1351
f 99/1335/1335 97/1351/1351 95/1334/1334
f 95/1334/1334 97/1351/1351 94/1361/1361
f 95/1362/1362 94/1352/1352 98/1333/1333
f 98/1333/1333 94/1352/1352 96/1353/1353
f 98/1333/1333 96/1353/1353 102/1332/1332
f 102/1332/1332 96/1353/1353 100/1354/1354
f 102/1332/1332 100/1354/1354 108/1331/1331
f 108/1331/1331 100/1354/1354 106/1355/1355
f 108/1331/1331 106/1355/1355 112/1330/1330
f 112/1330/1330 106/1355/1355 110/1356/1356
f 112/1330/1330 110/1356/1356 118/1329/1329
f 118/1329/1329 110/1356/1356 116/1357/1357
f 118/1329/1329 116/1357/1357 124/1328/1328
f 124/1328/1328 116/1357/1357 122/1358/1358
f 124/1328/1328 122/1358/1358 128/1327/1327
f 128/1327/1327 122/1358/1358 126/1359/1359
f 128/1327/1327 126/1359/1359 134/1326/1326
f 134/1326/1326 126/1359/1359 132/1360/1360
f 1/1363/1363 2/1364/1364 3/1366/1366
f 3/1366/1366 2/1364/1364 4/1365/1365
# 702 vertices
# 1366 texture params
# 1366 normals
# 1408 facets

# 1 groups
