# Blender 4.5.2 LTS
# www.blender.org
mtllib logitech_c930e_m.mtl
o LogitechC920Montaj
v -46.978622 17.434189 -15.039804
v -46.978622 44.232933 -18.330275
v -46.946503 17.654793 -13.243122
v -46.946503 44.453541 -16.533594
v -46.612740 17.218102 -16.799688
v -46.612740 44.016850 -20.090158
v -46.517944 17.869162 -11.497230
v -46.517944 44.667908 -14.787703
v -45.866688 17.017067 -18.436989
v -45.866688 43.815811 -21.727461
v -45.713837 18.066845 -9.887229
v -45.713837 44.865589 -13.177700
v -44.776833 16.840881 -19.871895
v -44.776833 43.639629 -23.162363
v -44.573380 18.238205 -8.491612
v -44.573380 45.036949 -11.782084
v -43.396309 16.698139 -21.034451
v -43.396309 43.496883 -24.324919
v -43.152168 18.374889 -7.378398
v -43.152168 45.173637 -10.668869
v -41.792404 16.595795 -21.867989
v -41.792404 43.394539 -25.158461
v -41.519482 18.470236 -6.601865
v -41.519482 45.268982 -9.892336
v -40.475224 16.540623 -22.317326
v -40.429115 43.337646 -25.621813
v -39.754910 18.519596 -6.199862
v -39.754910 45.318344 -9.490334
v -39.314339 16.504129 -22.614532
v -39.243362 43.300766 -25.922171
v -38.212364 43.276558 -26.119337
v -37.321461 16.459154 -22.980831
v -37.300457 43.257439 -26.275064
v -35.588791 43.205601 -26.697226
v -35.565895 16.405844 -23.415009
v -34.850636 18.584002 -5.675329
v -34.800632 43.162308 -27.049841
v -34.775566 16.361851 -23.773312
v -34.067642 16.301605 -24.263973
v -34.067650 43.100349 -27.554438
v -33.718426 16.808876 -24.660276
v -33.718430 42.512283 -27.816248
v -33.426903 17.420740 -25.073765
v -33.426910 41.818569 -28.069424
v -32.997452 18.739273 -25.862986
v -32.997459 40.348286 -28.516220
v -32.756840 39.414291 -28.790157
v -32.694031 19.377237 -26.329918
v -32.673309 20.224615 -26.655041
v -32.673309 38.715405 -28.925430
v -32.471024 40.300091 -28.898920
v -32.421562 21.885880 -27.440475
v -32.421555 36.913441 -29.285635
v -32.237556 23.657248 -28.161520
v -32.237549 35.020256 -29.556738
v -32.161400 41.176403 -29.006517
v -32.114433 25.486483 -28.770424
v -32.114433 33.098057 -29.705008
v -32.091206 17.628550 -26.115208
v -32.043617 27.353819 -29.239868
v -32.043617 31.172638 -29.708769
v -32.020683 29.253321 -29.555084
v -31.831200 25.802017 -29.131317
v -31.831200 32.704617 -29.978849
v -31.828531 42.042046 -29.112804
v -31.457870 42.894787 -29.228601
v -31.447218 16.095097 -25.945847
v -31.264992 22.391590 -28.712570
v -31.264992 36.115044 -30.397598
v -30.544352 45.431679 -8.567288
v -30.469807 27.505512 -29.340481
v -30.469807 27.627382 -28.347935
v -30.469807 31.001127 -29.769688
v -30.469807 31.122997 -28.777142
v -30.328768 19.062426 -28.303802
v -30.328768 39.444210 -30.806368
v -30.063810 24.033203 -28.914135
v -30.063810 24.155073 -27.921589
v -30.063810 34.473434 -30.196033
v -30.063810 34.595306 -29.203487
v -29.938843 18.639242 -5.225423
v -29.257235 20.630499 -28.496338
v -29.257235 20.752369 -27.503792
v -29.257235 37.876137 -30.613832
v -29.257235 37.998009 -29.621286
v -29.033611 15.853947 -27.909851
v -29.033611 42.652691 -31.200319
v -28.060831 17.342766 -28.092655
v -28.060831 17.464636 -27.100109
v -28.060831 41.163872 -31.017515
v -28.060831 41.285744 -30.024969
v -25.020683 16.280489 -24.435940
v -25.020683 18.685308 -4.850249
v -25.020683 16.776762 -24.496874
v -25.020683 19.153214 -5.142222
v -25.020683 26.597309 -6.056242
v -25.020683 26.625677 -5.825204
v -24.878542 28.058876 -5.991278
v -24.868443 16.187216 -25.195599
v -24.868443 16.683489 -25.256535
v -24.832642 28.253777 -6.259630
v -24.520683 16.280489 -24.435940
v -24.520683 18.689474 -4.816317
v -24.520683 16.776762 -24.496874
v -24.520683 19.153214 -5.142222
v -24.520683 26.597309 -6.056242
v -24.520683 26.629843 -5.791271
v -24.449083 29.480833 -6.136463
v -24.434895 16.108141 -25.839611
v -24.434895 16.604414 -25.900547
v -24.388021 27.967447 -5.946476
v -24.345179 28.143345 -6.246070
v -24.319719 16.189089 -25.180347
v -24.319719 16.685362 -25.241283
v -24.277948 29.827181 -6.452819
v -23.987204 29.294525 -6.082572
v -23.854105 18.694880 -4.772290
v -23.827463 29.611856 -6.426382
v -23.786049 16.055304 -26.269928
v -23.786049 16.551577 -26.330864
v -23.770683 16.122177 -25.725296
v -23.770683 16.618450 -25.786232
v -23.741859 30.790232 -6.250041
v -23.384418 31.238626 -6.626123
v -23.327131 30.516525 -6.189476
v -23.187437 18.700117 -4.729634
v -23.020681 16.036751 -26.421032
v -23.020681 16.097687 -25.924759
v -23.020681 16.533024 -26.481966
v -23.020681 16.593960 -25.985693
v -22.993502 30.929205 -6.588131
v -22.822575 31.908447 -6.328307
v -22.520683 16.341425 -23.939667
v -22.520683 18.705187 -4.688349
v -22.520683 17.333971 -24.061535
v -22.520683 19.697733 -4.810218
v -22.469128 31.560085 -6.263548
v -22.444880 20.462008 -4.899370
v -22.324907 18.560823 -24.212173
v -22.215837 21.220188 -4.978458
v -22.196856 32.417336 -6.770851
v -21.885111 32.029335 -6.723210
v -21.838636 21.918270 -5.041450
v -21.756750 19.667585 -24.348066
v -21.702707 32.828529 -6.373005
v -21.423904 32.418713 -6.306291
v -21.348312 22.514372 -5.085763
v -21.310865 45.512699 -7.907426
v -20.871822 20.545916 -24.455914
v -20.774811 33.304207 -6.879745
v -20.750992 23.004826 -5.111839
v -20.557869 32.857079 -6.824844
v -20.389732 33.538513 -6.385097
v -20.198450 33.081261 -6.318469
v -20.050709 23.383299 -5.119692
v -19.756752 21.109840 -24.525154
v -19.289236 23.615021 -5.107935
v -19.189589 33.854763 -6.947346
v -19.078327 33.370937 -6.887938
v -18.961918 33.973057 -6.363060
v -18.865822 33.486755 -6.298492
v -18.520683 21.304155 -24.549013
v -18.520683 23.694777 -5.078940
v -17.520683 33.545132 -6.909327
v -17.520683 33.626007 -6.250676
v -17.520683 34.041405 -6.970262
v -17.520683 34.122280 -6.311611
v -15.973155 28.152050 -28.412355
v -15.973155 28.273920 -27.419809
v -15.973155 30.598328 -28.712721
v -15.973155 30.720198 -27.720175
v -15.594628 25.734798 -28.115555
v -15.594628 25.856668 -27.123009
v -15.594628 33.015579 -29.009521
v -15.594628 33.137447 -28.016975
v -15.470495 28.138161 -28.410650
v -15.470495 28.260031 -27.418104
v -15.470495 30.612217 -28.714426
v -15.470495 30.734087 -27.721880
v -15.070939 25.696095 -28.110802
v -15.070939 25.817965 -27.118256
v -15.070939 33.054283 -29.014273
v -15.070939 33.176151 -28.021727
v -14.846556 23.403927 -27.829359
v -14.846556 23.525797 -26.836813
v -14.846556 35.346451 -29.295717
v -14.846556 35.468319 -28.303171
v -14.282160 23.349174 -27.822638
v -14.282160 23.471045 -26.830091
v -14.282160 35.401199 -29.302439
v -14.282160 35.523067 -28.309893
v -13.746688 21.214745 -27.560564
v -13.746688 21.336615 -26.568018
v -13.746688 37.535629 -29.564514
v -13.746688 37.657501 -28.571968
v -13.284652 23.720755 -4.867372
v -13.124556 21.158098 -27.553608
v -13.124556 21.279968 -26.561062
v -13.124556 37.592278 -29.571470
v -13.124556 37.714146 -28.578924
v -12.617571 33.648781 -6.065195
v -12.617571 34.145054 -6.126130
v -12.321122 19.219196 -27.315540
v -12.321122 19.341066 -26.322994
v -12.321122 39.531181 -29.809538
v -12.321122 39.653049 -28.816992
v -12.062087 45.561337 -7.511292
v -11.628065 19.179529 -27.310671
v -11.628065 19.301399 -26.318125
v -11.628065 39.570847 -29.814407
v -11.628065 39.692719 -28.821861
v -11.020681 17.440615 -21.178570
v -11.020681 17.669445 -20.397625
v -11.020681 17.333971 -24.061535
v -11.020681 17.589727 -21.978567
v -11.020681 18.226732 -19.804613
v -11.020681 18.206766 -21.457514
v -11.020681 18.282085 -20.844086
v -11.020681 18.506399 -21.998058
v -11.020681 18.703585 -20.392084
v -11.020681 18.991966 -19.527758
v -11.020681 19.066528 -22.259247
v -11.020681 19.310265 -20.274155
v -11.020681 19.799677 -19.626932
v -11.020681 19.673206 -22.141323
v -11.020681 19.870392 -20.535349
v -11.020681 20.094704 -21.689323
v -11.020681 20.170023 -21.075895
v -11.020681 20.475204 -20.080690
v -11.020681 20.311609 -24.427143
v -11.020681 20.567366 -22.344175
v -11.020681 20.872473 -20.790909
v -11.020681 20.905577 -21.604013
v -10.603687 17.464636 -27.100109
v -10.603687 17.586506 -26.107563
v -10.603687 41.285744 -30.024969
v -10.603687 41.407612 -29.032423
v -9.831392 17.464636 -27.100109
v -9.831392 17.586506 -26.107563
v -9.831392 41.285744 -30.024969
v -9.831392 41.407612 -29.032423
v -9.520681 29.375191 -28.562538
v -9.520681 29.497061 -27.569992
v -9.326218 27.477106 -28.329483
v -9.326218 27.598976 -27.336937
v -9.326218 31.273270 -28.795593
v -9.326218 31.395140 -27.803047
v -8.750784 25.656734 -28.105970
v -8.750784 25.778605 -27.113424
v -8.750784 33.093643 -29.019106
v -8.750784 33.215511 -28.026560
v -8.520682 29.497061 -27.569992
v -8.520682 29.527527 -27.321856
v -8.321955 27.683430 -27.347307
v -8.321955 27.713896 -27.099169
v -8.321955 31.310686 -27.792677
v -8.321955 31.341152 -27.544540
v -8.045847 23.736343 -4.740410
v -7.817933 23.988594 -27.901148
v -7.817933 24.110464 -26.908602
v -7.817933 34.761780 -29.223928
v -7.817933 34.883652 -28.231382
v -7.735073 25.954605 -27.135033
v -7.735073 25.985071 -26.886896
v -7.735073 33.039513 -28.004950
v -7.735073 33.069981 -27.756815
v -7.712185 33.662445 -5.953886
v -7.712185 34.158718 -6.014821
v -7.520683 29.527527 -27.321856
v -7.520683 29.557995 -27.073719
v -7.318518 27.810797 -27.111069
v -7.318518 27.841265 -26.862932
v -7.318518 31.244251 -27.532642
v -7.318518 31.274719 -27.284506
v -6.787474 24.391420 -26.943098
v -6.787474 24.421886 -26.694962
v -6.787474 34.602695 -28.196886
v -6.787474 34.633163 -27.948750
v -6.722929 26.186621 -26.911644
v -6.722929 26.217089 -26.663507
v -6.722929 32.868427 -27.732067
v -6.722929 32.898891 -27.483931
v -6.565869 22.540981 -27.723402
v -6.565869 22.662851 -26.730856
v -6.565869 36.209396 -29.401674
v -6.565869 36.331264 -28.409128
v -6.520684 29.557995 -27.073719
v -6.520684 29.588463 -26.825583
v -6.316473 27.953558 -26.876719
v -6.316473 27.984026 -26.628582
v -6.316473 31.162430 -27.270720
v -6.316473 31.192898 -27.022583
v -5.766017 24.742552 -26.734335
v -5.766017 24.773020 -26.486198
v -5.766017 34.312500 -27.909376
v -5.766017 34.342964 -27.661240
v -5.716674 26.449936 -26.692097
v -5.716674 26.480404 -26.443960
v -5.716674 32.666046 -27.455339
v -5.716674 32.696514 -27.207205
v -5.523465 23.066969 -26.780476
v -5.523465 23.097435 -26.532339
v -5.523465 35.927147 -28.359507
v -5.523465 35.957615 -28.111372
v -5.045841 21.373163 -27.580015
v -5.045841 21.495033 -26.587469
v -5.045841 37.377213 -29.545063
v -5.045841 37.499084 -28.552517
v -5.020683 29.588463 -26.825583
v -5.020683 29.832201 -24.840490
v -4.854600 28.319998 -26.669834
v -4.854600 28.563736 -24.684742
v -4.854600 30.856922 -26.981329
v -4.854600 31.100660 -24.996237
v -4.758980 25.141603 -26.531454
v -4.758980 25.172071 -26.283318
v -4.758980 33.974380 -27.615984
v -4.758980 34.004848 -27.367847
v -4.499371 23.556442 -26.588699
v -4.499371 23.586910 -26.340563
v -4.499371 35.498608 -28.055012
v -4.499371 35.529072 -27.806875
v -4.367382 27.135805 -26.524435
v -4.367382 27.379543 -24.539343
v -4.367382 32.041111 -27.126730
v -4.367382 32.284851 -25.141638
v -4.002154 22.043182 -26.654772
v -4.002154 22.073648 -26.406635
v -4.002154 36.950932 -28.485212
v -4.002154 36.981400 -28.237076
v -3.591397 26.114550 -26.399040
v -3.591397 26.358288 -24.413948
v -3.591397 33.062370 -27.252125
v -3.591397 33.306110 -25.267033
v -3.520682 29.832201 -24.840490
v -3.503559 24.110769 -26.404884
v -3.503559 24.141237 -26.156748
v -3.503559 35.005215 -27.742554
v -3.503559 35.035683 -27.494417
v -3.349383 28.758701 -24.708681
v -3.349383 30.905695 -24.972300
v -3.320081 20.532948 -27.476849
v -3.320081 20.654818 -26.484303
v -3.320081 38.217430 -29.648230
v -3.320081 38.339298 -28.655684
v -2.991283 22.692236 -26.482588
v -2.991283 22.722704 -26.234451
v -2.991283 36.362812 -28.161123
v -2.991283 36.393276 -27.912987
v -2.852242 27.790285 -24.589775
v -2.852242 31.874113 -25.091206
v -2.805655 23.741539 -4.698088
v -2.805655 33.667004 -5.916780
v -2.805655 34.163277 -5.977715
v -2.805655 45.577557 -7.379212
v -2.294671 21.367931 -26.571863
v -2.294671 21.398397 -26.323727
v -2.294671 37.626183 -28.568123
v -2.294671 37.656651 -28.319986
v -2.077930 27.021748 -24.495411
v -2.077930 32.642651 -25.185570
v -2.038123 29.954069 -23.847944
v -2.029292 23.422205 -26.320339
v -2.029292 23.452673 -26.072203
v -2.029292 35.693775 -27.827099
v -2.029292 35.724243 -27.578962
v -1.838333 29.085257 -23.741268
v -1.838333 30.822878 -23.954620
v -1.459248 20.054735 -27.418133
v -1.459248 20.176605 -26.425587
v -1.459248 38.695641 -29.706945
v -1.459248 38.817513 -28.714399
v -1.323044 22.196522 -26.421721
v -1.323044 22.226990 -26.173586
v -1.323044 36.858528 -28.221991
v -1.323044 36.888992 -27.973852
v -1.278536 28.388529 -23.655720
v -1.278536 31.519609 -24.040169
v -1.102240 26.528315 -24.434824
v -1.102240 33.136082 -25.246157
v -0.480864 21.072788 -26.535624
v -0.480864 21.103254 -26.287487
v -0.480864 37.921326 -28.604362
v -0.480864 37.951794 -28.356226
v -0.469606 28.001871 -23.608244
v -0.469606 31.906263 -24.087645
v -0.428822 23.119173 -26.283131
v -0.428822 23.149641 -26.034994
v -0.428822 35.996811 -27.864305
v -0.428822 36.027279 -27.616171
v -0.020683 26.358288 -24.413948
v -0.020683 33.306110 -25.267033
v 0.415404 22.096022 -26.409382
v 0.415404 22.126490 -26.161245
v 0.415404 36.959023 -28.234329
v 0.415404 36.989487 -27.986193
v 0.428240 28.001871 -23.608244
v 0.428240 31.906263 -24.087645
v 0.460484 19.958101 -27.406267
v 0.460484 20.079971 -26.413721
v 0.460484 38.792274 -29.718811
v 0.460484 38.914143 -28.726265
v 1.060875 26.528315 -24.434824
v 1.060875 33.136082 -25.246157
v 1.197298 23.220716 -26.295599
v 1.197298 23.251184 -26.047462
v 1.197298 35.895267 -27.851839
v 1.197298 35.925735 -27.603703
v 1.237171 28.388529 -23.655720
v 1.237171 31.519609 -24.040169
v 1.354463 21.171556 -26.547750
v 1.354463 21.202023 -26.299614
v 1.354463 37.822556 -28.592234
v 1.354463 37.853024 -28.344099
v 1.796968 29.085257 -23.741268
v 1.796968 30.822878 -23.954620
v 1.996758 29.954069 -23.847944
v 2.036564 27.021748 -24.495411
v 2.036564 32.642651 -25.185570
v 2.130339 22.396160 -26.446234
v 2.130339 22.426628 -26.198097
v 2.130339 36.658890 -28.197477
v 2.130339 36.689354 -27.949341
v 2.360518 20.247009 -27.441740
v 2.360518 20.368879 -26.449194
v 2.360518 38.503372 -29.683338
v 2.360518 38.625240 -28.690792
v 2.746885 23.720455 -26.356960
v 2.746885 23.750923 -26.108824
v 2.746885 35.395523 -27.790478
v 2.746885 35.425991 -27.542341
v 2.764290 23.741539 -4.698088
v 2.764290 33.667004 -5.916780
v 2.764290 34.163277 -5.977715
v 2.764290 45.577557 -7.379212
v 2.810876 27.790285 -24.589775
v 2.810876 31.874113 -25.091206
v 3.125494 21.659615 -26.607677
v 3.125494 21.690081 -26.359541
v 3.125494 37.334503 -28.532309
v 3.125494 37.364971 -28.284174
v 3.308017 28.758701 -24.708681
v 3.308017 30.905695 -24.972300
v 3.479316 29.832201 -24.840490
v 3.550031 26.114550 -26.399040
v 3.550031 26.358288 -24.413948
v 3.550031 33.062370 -27.252125
v 3.550031 33.306110 -25.267033
v 3.729317 23.080750 -26.530291
v 3.729317 23.111217 -26.282154
v 3.729317 35.974300 -28.113420
v 3.729317 36.004765 -27.865284
v 4.122574 24.586988 -26.463356
v 4.122574 24.617456 -26.215219
v 4.122574 34.528992 -27.684082
v 4.122574 34.559460 -27.435946
v 4.163063 20.909620 -27.523098
v 4.163063 21.031490 -26.530552
v 4.163063 37.840752 -29.601978
v 4.163063 37.962624 -28.609432
v 4.326017 27.135805 -26.524435
v 4.326017 27.379543 -24.539343
v 4.326017 32.041111 -27.126730
v 4.326017 32.284851 -25.141638
v 4.749406 22.514143 -26.712599
v 4.749406 22.544609 -26.464460
v 4.749406 36.479973 -28.427385
v 4.749406 36.510441 -28.179249
v 4.813235 28.319998 -26.669834
v 4.813235 28.563736 -24.684742
v 4.813235 30.856922 -26.981329
v 4.813235 31.100660 -24.996237
v 4.979317 29.588463 -26.825583
v 4.979317 29.832201 -24.840490
v 5.126131 24.112885 -26.657021
v 5.126131 24.143353 -26.408884
v 5.126131 34.942165 -27.986689
v 5.126131 34.972630 -27.738554
v 5.237930 25.765867 -26.608105
v 5.237930 25.796335 -26.359968
v 5.237930 33.350117 -27.539333
v 5.237930 33.380585 -27.291197
v 5.794323 21.918816 -27.647011
v 5.794323 22.040686 -26.654465
v 5.794323 36.831566 -29.478065
v 5.794323 36.953434 -28.485519
v 6.022866 27.183018 -26.782108
v 6.022866 27.213486 -26.533972
v 6.022866 31.932968 -27.365330
v 6.022866 31.963436 -27.117193
v 6.150277 23.695185 -26.857611
v 6.150277 23.725651 -26.609474
v 6.150277 35.298931 -28.282373
v 6.150277 35.329399 -28.034235
v 6.245477 25.436926 -26.819593
v 6.245477 25.467394 -26.571457
v 6.245477 33.618122 -27.824118
v 6.245477 33.648586 -27.575981
v 6.428063 28.749399 -26.974436
v 6.428063 28.779867 -26.726299
v 6.428063 30.366589 -27.173002
v 6.428063 30.397057 -26.924866
v 7.027013 26.981495 -27.009243
v 7.027013 27.011963 -26.761106
v 7.027013 32.073555 -27.634468
v 7.027013 32.104019 -27.386332
v 7.187522 23.233276 -27.808407
v 7.187522 23.355146 -26.815861
v 7.187522 35.517097 -29.316669
v 7.187522 35.638969 -28.324123
v 7.262604 25.147516 -27.035936
v 7.262604 25.177982 -26.787798
v 7.262604 33.846600 -28.104048
v 7.262604 33.877068 -27.855913
v 7.428606 28.663319 -27.215744
v 7.428606 28.693787 -26.967607
v 7.428606 30.391731 -27.427967
v 7.428606 30.422199 -27.179831
v 7.670820 33.662445 -5.953886
v 7.670820 34.158718 -6.014821
v 8.004482 23.736343 -4.740410
v 8.034370 26.803226 -27.239231
v 8.034370 26.833693 -26.991095
v 8.034370 32.190887 -27.900753
v 8.034370 32.221355 -27.652617
v 8.285611 24.799185 -28.000675
v 8.285611 24.921055 -27.008129
v 8.285611 33.951187 -29.124401
v 8.285611 34.073059 -28.131855
v 8.429492 28.584898 -27.457993
v 8.429492 28.615364 -27.209856
v 8.429492 30.409224 -27.681992
v 8.429492 30.439690 -27.433855
v 9.043639 26.552437 -28.215948
v 9.043639 26.674307 -27.223402
v 9.043639 32.197937 -28.909128
v 9.043639 32.319809 -27.916582
v 9.430578 28.421253 -28.445410
v 9.430578 28.543123 -27.452864
v 9.430578 30.329124 -28.679667
v 9.430578 30.450994 -27.687120
v 9.790027 17.464636 -27.100109
v 9.790027 17.586506 -26.107563
v 9.790027 41.285744 -30.024969
v 9.790027 41.407612 -29.032423
v 10.562322 17.464636 -27.100109
v 10.562322 17.586506 -26.107563
v 10.562322 41.285744 -30.024969
v 10.562322 41.407612 -29.032423
v 10.979316 17.440615 -21.178570
v 10.979316 17.669445 -20.397625
v 10.979316 17.333971 -24.061535
v 10.979316 17.589727 -21.978567
v 10.979316 18.226732 -19.804613
v 10.979316 18.206766 -21.457514
v 10.979316 18.282085 -20.844086
v 10.979316 18.506399 -21.998058
v 10.979316 18.703585 -20.392084
v 10.979316 18.991966 -19.527758
v 10.979316 19.066528 -22.259247
v 10.979316 19.310265 -20.274155
v 10.979316 19.799677 -19.626932
v 10.979316 19.673206 -22.141323
v 10.979316 19.870392 -20.535349
v 10.979316 20.094704 -21.689323
v 10.979316 20.170023 -21.075895
v 10.979316 20.475204 -20.080690
v 10.979316 20.311609 -24.427143
v 10.979316 20.567366 -22.344175
v 10.979316 20.872473 -20.790909
v 10.979316 20.905577 -21.604013
v 11.586702 19.179529 -27.310671
v 11.586702 19.301399 -26.318125
v 11.586702 39.570847 -29.814407
v 11.586702 39.692719 -28.821861
v 12.020720 45.561337 -7.511292
v 12.279757 19.219196 -27.315540
v 12.279757 19.341066 -26.322994
v 12.279757 39.531181 -29.809538
v 12.279757 39.653049 -28.816992
v 12.576206 33.648781 -6.065195
v 12.576206 34.145054 -6.126130
v 13.083189 21.158098 -27.553608
v 13.083189 21.279968 -26.561062
v 13.083189 37.592278 -29.571470
v 13.083189 37.714146 -28.578924
v 13.243286 23.720755 -4.867372
v 13.705322 21.214745 -27.560564
v 13.705322 21.336615 -26.568018
v 13.705322 37.535629 -29.564514
v 13.705322 37.657501 -28.571968
v 14.240791 23.349174 -27.822638
v 14.240791 23.471045 -26.830091
v 14.240791 35.401199 -29.302439
v 14.240791 35.523067 -28.309893
v 14.805191 23.403927 -27.829359
v 14.805191 23.525797 -26.836813
v 14.805191 35.346451 -29.295717
v 14.805191 35.468319 -28.303171
v 15.029572 25.696095 -28.110802
v 15.029572 25.817965 -27.118256
v 15.029572 33.054283 -29.014273
v 15.029572 33.176151 -28.021727
v 15.429127 28.138161 -28.410650
v 15.429127 28.260031 -27.418104
v 15.429127 30.612217 -28.714426
v 15.429127 30.734087 -27.721880
v 15.553263 25.734798 -28.115555
v 15.553263 25.856668 -27.123009
v 15.553263 33.015579 -29.009521
v 15.553263 33.137447 -28.016975
v 15.931789 28.152050 -28.412355
v 15.931789 28.273920 -27.419809
v 15.931789 30.598328 -28.712721
v 15.931789 30.720198 -27.720175
v 17.479317 33.545132 -6.909327
v 17.479317 33.626007 -6.250676
v 17.479317 34.041405 -6.970262
v 17.479317 34.122280 -6.311611
v 18.479317 21.304155 -24.549013
v 18.479317 23.694777 -5.078940
v 18.824455 33.486755 -6.298492
v 18.920553 33.973057 -6.363060
v 19.036963 33.370937 -6.887938
v 19.148224 33.854763 -6.947346
v 19.247883 23.615019 -5.107934
v 19.715384 21.109840 -24.525154
v 20.009382 23.383286 -5.119690
v 20.157087 33.081261 -6.318469
v 20.348370 33.538513 -6.385097
v 20.516502 32.857079 -6.824844
v 20.709665 23.004801 -5.111843
v 20.733444 33.304207 -6.879745
v 20.830458 20.545916 -24.455914
v 21.269501 45.512699 -7.907426
v 21.306952 22.514368 -5.085763
v 21.382540 32.418713 -6.306291
v 21.661341 32.828529 -6.373005
v 21.715385 19.667585 -24.348066
v 21.797297 21.918228 -5.041445
v 21.843746 32.029335 -6.723210
v 22.155493 32.417336 -6.770851
v 22.174484 21.220152 -4.978454
v 22.283543 18.560823 -24.212173
v 22.403515 20.461994 -4.899369
v 22.427761 31.560085 -6.263548
v 22.479317 16.341425 -23.939667
v 22.479317 18.705187 -4.688349
v 22.479317 17.333971 -24.061535
v 22.479317 19.697733 -4.810218
v 22.781212 31.908447 -6.328307
v 22.952141 30.929205 -6.588131
v 22.979319 16.036751 -26.421032
v 22.979319 16.097687 -25.924759
v 22.979319 16.533024 -26.481966
v 22.979319 16.593960 -25.985693
v 23.146074 18.700117 -4.729634
v 23.285769 30.516525 -6.189476
v 23.343056 31.238626 -6.626123
v 23.700493 30.790232 -6.250041
v 23.729317 16.122177 -25.725296
v 23.729317 16.618450 -25.786232
v 23.744686 16.055304 -26.269928
v 23.744686 16.551577 -26.330864
v 23.786098 29.611856 -6.426382
v 23.812740 18.694880 -4.772290
v 23.945835 29.294525 -6.082572
v 24.236582 29.827181 -6.452819
v 24.278357 16.189089 -25.180347
v 24.278357 16.685362 -25.241283
v 24.303810 28.143345 -6.246070
v 24.346659 27.967447 -5.946476
v 24.393532 16.108141 -25.839611
v 24.393532 16.604414 -25.900547
v 24.407719 29.480833 -6.136463
v 24.479315 16.280489 -24.435940
v 24.479315 18.689474 -4.816317
v 24.479315 16.776762 -24.496874
v 24.479315 19.153214 -5.142222
v 24.479315 26.597309 -6.056242
v 24.479315 26.629843 -5.791271
v 24.791277 28.253777 -6.259630
v 24.827078 16.187216 -25.195599
v 24.827078 16.683489 -25.256535
v 24.837177 28.058876 -5.991278
v 24.979317 16.280489 -24.435940
v 24.979317 18.685308 -4.850249
v 24.979317 16.776762 -24.496874
v 24.979317 19.153214 -5.142222
v 24.979317 26.597309 -6.056242
v 24.979317 26.625677 -5.825204
v 28.019470 17.342766 -28.092655
v 28.019470 17.464636 -27.100109
v 28.019470 41.163872 -31.017515
v 28.019470 41.285744 -30.024969
v 28.992245 15.853947 -27.909851
v 28.992245 42.652691 -31.200319
v 29.215870 20.630499 -28.496338
v 29.215870 20.752369 -27.503792
v 29.215870 37.876137 -30.613832
v 29.215870 37.998009 -29.621286
v 29.897476 18.639242 -5.225423
v 30.022442 24.033203 -28.914135
v 30.022442 24.155073 -27.921589
v 30.022442 34.473434 -30.196033
v 30.022442 34.595306 -29.203487
v 30.287403 19.062426 -28.303802
v 30.287403 39.444210 -30.806368
v 30.428440 27.505512 -29.340481
v 30.428440 27.627382 -28.347935
v 30.428440 31.001127 -29.769688
v 30.428440 31.122997 -28.777142
v 30.502991 45.431679 -8.567288
v 31.223625 22.391590 -28.712570
v 31.223625 36.115044 -30.397598
v 31.405842 16.095095 -25.945854
v 31.405853 42.893841 -29.236319
v 31.787170 16.951468 -26.032072
v 31.789829 25.802017 -29.131317
v 31.789829 32.704617 -29.978849
v 31.979317 29.253321 -29.555084
v 32.002251 27.353819 -29.239868
v 32.002251 31.172638 -29.708769
v 32.049839 41.364964 -29.029669
v 32.073071 25.486483 -28.770424
v 32.073063 33.098053 -29.705008
v 32.120029 17.817110 -26.138359
v 32.196190 23.657248 -28.161520
v 32.196182 35.020252 -29.556736
v 32.380192 21.885880 -27.440475
v 32.380192 36.913437 -29.285635
v 32.429661 18.693419 -26.245956
v 32.631943 20.224615 -26.655041
v 32.631943 38.715401 -28.925430
v 32.652668 39.616276 -28.814959
v 32.715477 19.579222 -26.354719
v 32.956089 18.739273 -25.862986
v 32.956097 40.348282 -28.516220
v 33.385536 17.420740 -25.073765
v 33.385536 41.818565 -28.069424
v 33.677055 16.808876 -24.660276
v 33.677067 42.512280 -27.816248
v 34.026283 16.301605 -24.263973
v 34.026283 43.100349 -27.554445
v 34.734203 16.361851 -23.773312
v 34.759266 43.162308 -27.049841
v 34.809269 18.584002 -5.675329
v 35.524532 16.405844 -23.415009
v 35.547421 43.205601 -26.697233
v 37.259087 43.257439 -26.275064
v 37.280094 16.459154 -22.980831
v 38.170998 43.276558 -26.119337
v 39.201996 43.300766 -25.922171
v 39.272968 16.504129 -22.614532
v 39.713547 18.519596 -6.199862
v 39.713547 45.318344 -9.490334
v 40.387749 43.337646 -25.621813
v 40.433857 16.540623 -22.317326
v 41.478123 18.470236 -6.601865
v 41.478123 45.268982 -9.892336
v 41.751034 16.595795 -21.867989
v 41.751034 43.394539 -25.158461
v 43.110802 18.374889 -7.378398
v 43.110802 45.173637 -10.668869
v 43.354942 16.698139 -21.034451
v 43.354942 43.496883 -24.324919
v 44.532017 18.238205 -8.491612
v 44.532017 45.036949 -11.782084
v 44.735474 16.840881 -19.871895
v 44.735474 43.639629 -23.162363
v 45.672478 18.066845 -9.887229
v 45.672478 44.865589 -13.177700
v 45.825321 17.017067 -18.436989
v 45.825321 43.815811 -21.727461
v 46.476578 17.869162 -11.497230
v 46.476578 44.667908 -14.787703
v 46.571373 17.218102 -16.799688
v 46.571373 44.016850 -20.090158
v 46.905140 17.654793 -13.243122
v 46.905140 44.453541 -16.533594
v 46.937260 17.434189 -15.039804
v 46.937260 44.232933 -18.330275
v 30.504917 28.096977 -28.405594
v 30.504917 28.036043 -28.901867
v 30.504917 30.838779 -28.742245
v 30.504917 30.777845 -29.238518
v 30.254982 25.366417 -28.070322
v 30.254982 25.305483 -28.566595
v 30.254982 33.569344 -29.077515
v 30.254982 33.508408 -29.573788
v 29.757164 22.669500 -27.739183
v 29.757164 22.608566 -28.235456
v 29.757164 36.266258 -29.408655
v 29.757164 36.205322 -29.904928
v 29.015545 20.028353 -27.414892
v 29.015545 19.967419 -27.911165
v 29.015545 38.907402 -29.732946
v 29.015545 38.846470 -30.229219
v 28.036205 17.464636 -27.100109
v 28.036205 17.403702 -27.596382
v 28.036205 41.471123 -30.047731
v 28.036205 41.410187 -30.544004
v -12.780180 29.406946 -29.070192
v -12.780180 29.405727 -29.080120
v -12.780180 31.770445 -29.360394
v -12.780180 31.769226 -29.370321
v -12.993881 29.649359 -29.099957
v -12.993881 29.648140 -29.109884
v -12.993881 31.770445 -29.360394
v -12.993881 31.769226 -29.370321
v -13.909746 29.406946 -29.070192
v -13.909746 29.405727 -29.080120
v -13.909746 29.649359 -29.099957
v -13.909746 29.648140 -29.109884
v -14.184507 30.265799 -29.175646
v -14.184507 30.264580 -29.185574
v -14.198675 30.433245 -29.196205
v -14.198675 30.432026 -29.206133
v -14.243867 30.595114 -29.216082
v -14.243867 30.593895 -29.226007
v -14.251298 29.922720 -29.133520
v -14.251298 29.921501 -29.143450
v -14.319905 30.745188 -29.234507
v -14.319905 30.743969 -29.244436
v -14.398208 30.264376 -29.175470
v -14.398208 30.263157 -29.185400
v -14.423012 30.878450 -29.250870
v -14.423012 30.877232 -29.260798
v -14.447109 29.632063 -29.097834
v -14.447109 29.630844 -29.107761
v -14.448076 30.527357 -29.207762
v -14.448076 30.526138 -29.217690
v -14.449589 30.003553 -29.143446
v -14.449589 30.002335 -29.153374
v -14.561139 31.002264 -29.266073
v -14.561139 31.001045 -29.276001
v -14.597239 29.781801 -29.116219
v -14.597239 29.780582 -29.126146
v -14.598659 30.749285 -29.235010
v -14.598659 30.748066 -29.244938
v -14.722633 31.093973 -29.277332
v -14.722633 31.092754 -29.287260
v -14.739198 29.437708 -29.073969
v -14.739198 29.436489 -29.083897
v -14.820624 30.901041 -29.253645
v -14.820624 30.899822 -29.263571
v -14.821652 29.637018 -29.098442
v -14.821652 29.635799 -29.108370
v -14.900680 31.147676 -29.283926
v -14.900680 31.146458 -29.293856
v -15.085107 29.588755 -29.092516
v -15.085107 29.587536 -29.102444
v -15.085107 30.952311 -29.259939
v -15.085107 30.951092 -29.269867
v -15.086061 29.376646 -29.066471
v -15.086061 29.375427 -29.076399
v -15.086061 31.164419 -29.285982
v -15.086061 31.163200 -29.295910
v -15.270789 31.147627 -29.283922
v -15.270789 31.146408 -29.293848
v -15.348463 29.637163 -29.098459
v -15.348463 29.635944 -29.108387
v -15.349483 30.900885 -29.253626
v -15.349483 30.899666 -29.263552
v -15.432443 29.437880 -29.073990
v -15.432443 29.436661 -29.083918
v -15.448380 31.094515 -29.277399
v -15.448380 31.093296 -29.287327
v -15.571134 30.748766 -29.234947
v -15.571134 30.747547 -29.244875
v -15.572971 29.781797 -29.116219
v -15.572971 29.780579 -29.126146
v -15.609324 31.003042 -29.266169
v -15.609324 31.001823 -29.276096
v -15.720648 30.003595 -29.143452
v -15.720648 30.002377 -29.153379
v -15.722169 30.527281 -29.207752
v -15.722169 30.526062 -29.217680
v -15.723727 29.632700 -29.097912
v -15.723727 29.631481 -29.107840
v -15.747201 30.879869 -29.251045
v -15.747201 30.878651 -29.260973
v -15.772006 30.264376 -29.175470
v -15.772006 30.263157 -29.185400
v -15.850280 30.746180 -29.234629
v -15.850280 30.744961 -29.244556
v -15.919086 29.923128 -29.133572
v -15.919086 29.921909 -29.143499
v -15.926438 30.595823 -29.216167
v -15.926438 30.594604 -29.226095
v -15.971564 30.433580 -29.196247
v -15.971564 30.432362 -29.206175
v -15.985708 30.265799 -29.175646
v -15.985708 30.264580 -29.185574
v -16.352055 30.276217 -29.176926
v -16.352055 30.274998 -29.186853
v -16.382584 29.285742 -29.055309
v -16.382584 29.284523 -29.065237
v -16.417995 29.939409 -29.135571
v -16.417995 29.938190 -29.145498
v -16.420137 30.616682 -29.218729
v -16.420137 30.615463 -29.228657
v -16.522276 29.046103 -29.025887
v -16.522276 29.044884 -29.035814
v -16.565756 30.267694 -29.175879
v -16.565756 30.266476 -29.185806
v -16.596285 29.285742 -29.055309
v -16.596285 29.284523 -29.065237
v -16.612614 29.656076 -29.100782
v -16.612614 29.654858 -29.110708
v -16.614582 30.009508 -29.144178
v -16.614582 30.008289 -29.154104
v -16.615818 30.904455 -29.254063
v -16.615818 30.903236 -29.263990
v -16.618515 30.532770 -29.208426
v -16.618515 30.531551 -29.218353
v -16.715183 29.134714 -29.036766
v -16.715183 29.133495 -29.046694
v -16.733160 28.866903 -29.003883
v -16.733160 28.865685 -29.013811
v -16.766178 29.794600 -29.117790
v -16.766178 29.793381 -29.127718
v -16.771107 30.756495 -29.235895
v -16.771107 30.755276 -29.245825
v -16.873554 29.025385 -29.023342
v -16.873554 29.024166 -29.033270
v -16.904444 29.471701 -29.078142
v -16.904444 29.470482 -29.088070
v -16.907911 31.095858 -29.277565
v -16.907911 31.094639 -29.287493
v -16.993011 29.659613 -29.101215
v -16.993011 29.658394 -29.111143
v -16.993746 28.769011 -28.991863
v -16.993746 28.767792 -29.001791
v -17.000187 30.902544 -29.253828
v -17.000187 30.901325 -29.263756
v -17.057972 28.968264 -29.016329
v -17.057972 28.967045 -29.026257
v -17.244068 29.406946 -29.070192
v -17.244068 29.405727 -29.080120
v -17.250748 28.952425 -29.014383
v -17.250748 28.951206 -29.024311
v -17.250748 31.164419 -29.285982
v -17.250748 31.163200 -29.295910
v -17.255039 29.619059 -29.096235
v -17.255039 29.617840 -29.106165
v -17.267918 30.952311 -29.259939
v -17.267918 30.951092 -29.269867
v -17.271259 28.740318 -28.988340
v -17.271259 28.739100 -28.998268
v -17.442234 29.428083 -29.072788
v -17.442234 29.426865 -29.082716
v -17.447910 31.144144 -29.283493
v -17.447910 31.142925 -29.293421
v -17.519657 29.659582 -29.101212
v -17.519657 29.658363 -29.111139
v -17.525602 28.766489 -28.991554
v -17.525602 28.765270 -29.001482
v -17.527939 30.902578 -29.253832
v -17.527939 30.901360 -29.263762
v -17.531929 28.989798 -29.018972
v -17.531929 28.988579 -29.028900
v -17.630802 29.492109 -29.080648
v -17.630802 29.490891 -29.090576
v -17.635574 31.081160 -29.275759
v -17.635574 31.079941 -29.285688
v -17.747574 29.797438 -29.118139
v -17.747574 29.796219 -29.128067
v -17.749943 30.759386 -29.236250
v -17.749943 30.758167 -29.246180
v -17.764843 28.854992 -29.002420
v -17.764843 28.853773 -29.012348
v -17.779316 29.125360 -29.035618
v -17.779316 29.124142 -29.045546
v -17.799871 29.596773 -29.093500
v -17.799871 29.595554 -29.103428
v -17.800835 30.972776 -29.262453
v -17.800835 30.971558 -29.272379
v -17.893850 30.539057 -29.209198
v -17.893850 30.537838 -29.219126
v -17.895189 30.018118 -29.145235
v -17.895189 30.016899 -29.155163
v -17.915573 29.367445 -29.065342
v -17.915573 29.366226 -29.075270
v -17.939554 29.648409 -29.099840
v -17.939554 29.647190 -29.109768
v -17.939554 29.737894 -29.110826
v -17.939554 29.736675 -29.120756
v -17.939554 30.280001 -29.177389
v -17.939554 30.278782 -29.187319
v -17.939554 30.832056 -29.245173
v -17.939554 30.830837 -29.255102
v -17.939554 31.134119 -29.282263
v -17.939554 31.132900 -29.292191
v -17.962845 29.014280 -29.021978
v -17.962845 29.013062 -29.031906
v -18.089813 29.233660 -29.048916
v -18.089813 29.232441 -29.058844
v -18.124252 29.363066 -29.064804
v -18.124252 29.361847 -29.074732
v -18.142193 29.495813 -29.081104
v -18.142193 29.494595 -29.091032
v -18.151012 29.629499 -29.097519
v -18.151012 29.628281 -29.107447
v -18.153255 29.763460 -29.113966
v -18.153255 29.762241 -29.123896
v -18.153255 31.134119 -29.282263
v -18.153255 31.132900 -29.292191
v -18.519604 31.678595 -29.349115
v -18.519604 31.677376 -29.359043
v -18.535789 31.606966 -29.340321
v -18.535789 31.605747 -29.350248
v -18.535366 31.750799 -29.357981
v -18.535366 31.749580 -29.367908
v -18.580078 31.809896 -29.365238
v -18.580078 31.808678 -29.375166
v -18.580757 31.548582 -29.333151
v -18.580757 31.547363 -29.343081
v -18.611189 29.406946 -29.070192
v -18.611189 29.405727 -29.080120
v -18.611189 31.134119 -29.282263
v -18.611189 31.132900 -29.292191
v -18.644049 31.510279 -29.328449
v -18.644049 31.509060 -29.338377
v -18.643623 31.848642 -29.369995
v -18.643623 31.847424 -29.379923
v -18.717087 31.497736 -29.326910
v -18.717087 31.496517 -29.336836
v -18.717087 31.861349 -29.371555
v -18.717087 31.860130 -29.381483
v -18.790644 31.509951 -29.328409
v -18.790644 31.508732 -29.338337
v -18.791069 31.848978 -29.370035
v -18.791069 31.847759 -29.379963
v -18.824890 29.406946 -29.070192
v -18.824890 29.405727 -29.080120
v -18.824890 31.134119 -29.282263
v -18.824890 31.132900 -29.292191
v -18.854427 31.548246 -29.333111
v -18.854427 31.547028 -29.343039
v -18.855108 31.810244 -29.365280
v -18.855108 31.809025 -29.375208
v -18.900108 31.606577 -29.340273
v -18.900108 31.605358 -29.350201
v -18.900536 31.751188 -29.358028
v -18.900536 31.749969 -29.367956
v -18.916477 31.678595 -29.349115
v -18.916477 31.677376 -29.359043
v -19.252295 30.922007 -29.256218
v -19.252295 30.920788 -29.266146
v -19.252295 31.134119 -29.282263
v -19.252295 31.132900 -29.292191
v -19.557583 29.406946 -29.070192
v -19.557583 29.405727 -29.080120
v -19.557583 30.922007 -29.256218
v -19.557583 30.920788 -29.266146
v -19.557583 31.134119 -29.282263
v -19.557583 31.132900 -29.292191
v -19.557583 31.831049 -29.367834
v -19.557583 31.829830 -29.377762
v -19.771286 29.406946 -29.070192
v -19.771286 29.405727 -29.080120
v -19.771286 30.922007 -29.256218
v -19.771286 30.920788 -29.266146
v -19.771286 31.134119 -29.282263
v -19.771286 31.132900 -29.292191
v -19.771286 31.831049 -29.367834
v -19.771286 31.829830 -29.377762
v -20.076574 30.922007 -29.256218
v -20.076574 30.920788 -29.266146
v -20.076574 31.134119 -29.282263
v -20.076574 31.132900 -29.292191
v -20.381861 30.265799 -29.175646
v -20.381861 30.264580 -29.185574
v -20.393890 30.420671 -29.194662
v -20.393890 30.419453 -29.204590
v -20.431835 30.571329 -29.213160
v -20.431835 30.570110 -29.223089
v -20.445477 29.926016 -29.133926
v -20.445477 29.924797 -29.143854
v -20.495472 30.713186 -29.230577
v -20.495472 30.711967 -29.240505
v -20.582207 30.842470 -29.246452
v -20.582207 30.841251 -29.256380
v -20.595562 30.225080 -29.170647
v -20.595562 30.223862 -29.180574
v -20.617985 30.437189 -29.196690
v -20.617985 30.435970 -29.206617
v -20.628923 29.631990 -29.097824
v -20.628923 29.630772 -29.107752
v -20.641638 29.980818 -29.140656
v -20.641638 29.979599 -29.150583
v -20.651930 30.535067 -29.208708
v -20.651930 30.533848 -29.218636
v -20.696388 30.628691 -29.220203
v -20.696388 30.627472 -29.230131
v -20.717892 30.981794 -29.263559
v -20.717892 30.980576 -29.273487
v -20.753473 30.715219 -29.230827
v -20.753473 30.714001 -29.240755
v -20.777306 29.772490 -29.115076
v -20.777306 29.771271 -29.125004
v -20.825008 30.790392 -29.240057
v -20.825008 30.789173 -29.249987
v -20.882683 31.085478 -29.276289
v -20.882683 31.084259 -29.286219
v -20.913895 29.435305 -29.073675
v -20.913895 29.434086 -29.083601
v -20.923553 30.861570 -29.248798
v -20.923553 30.860352 -29.258726
v -20.984400 29.633612 -29.098022
v -20.984400 29.632393 -29.107950
v -21.033825 30.913057 -29.255119
v -21.033825 30.911839 -29.265047
v -21.068018 31.146158 -29.283741
v -21.068018 31.144939 -29.293669
v -21.151871 30.943102 -29.258808
v -21.151871 30.941883 -29.268736
v -21.230469 29.588755 -29.092516
v -21.230469 29.587536 -29.102444
v -21.257181 29.376646 -29.066471
v -21.257181 29.375427 -29.076399
v -21.262426 31.164419 -29.285982
v -21.262426 31.163200 -29.295910
v -21.273399 30.952311 -29.259939
v -21.273399 30.951092 -29.269867
v -21.422152 29.612291 -29.095406
v -21.422152 29.611073 -29.105333
v -21.463722 31.144648 -29.283556
v -21.463722 31.143429 -29.293482
v -21.498825 30.917627 -29.255680
v -21.498825 30.916409 -29.265608
v -21.502460 29.403788 -29.069805
v -21.502460 29.402569 -29.079733
v -21.602240 29.681543 -29.103909
v -21.602240 29.680325 -29.113836
v -21.655272 31.080465 -29.275675
v -21.655272 31.079247 -29.285603
v -21.702324 30.815264 -29.243113
v -21.702324 30.814045 -29.253038
v -21.730568 29.496439 -29.081181
v -21.730568 29.495220 -29.091108
v -21.753759 29.799711 -29.118418
v -21.753759 29.798492 -29.128345
v -21.824272 30.970415 -29.262163
v -21.824272 30.969196 -29.272089
v -21.855043 30.647982 -29.222572
v -21.855043 30.646763 -29.232500
v -21.871098 29.952368 -29.137161
v -21.871098 29.951149 -29.147089
v -21.921247 29.651426 -29.100210
v -21.921247 29.650208 -29.110138
v -21.938833 30.437189 -29.196690
v -21.938833 30.435970 -29.206617
v -21.963161 30.824476 -29.244244
v -21.963161 30.823257 -29.254171
v -22.048748 30.689280 -29.227642
v -22.048748 30.688061 -29.237570
v -22.060947 29.853418 -29.125011
v -22.060947 29.852200 -29.134939
v -22.107681 30.540686 -29.209398
v -22.107681 30.539467 -29.219326
v -22.141483 30.384512 -29.190222
v -22.141483 30.383293 -29.200150
v -22.152534 30.225080 -29.170647
v -22.152534 30.223862 -29.180574
v -22.518881 30.256330 -29.174482
v -22.518881 30.255112 -29.184412
v -22.592209 29.905382 -29.131392
v -22.592209 29.904163 -29.141321
v -22.594301 30.615942 -29.218637
v -22.594301 30.614723 -29.228567
v -22.732582 30.275267 -29.176809
v -22.732582 30.274048 -29.186735
v -22.790287 30.546671 -29.210133
v -22.790287 30.545452 -29.220060
v -22.791861 30.002047 -29.143261
v -22.791861 30.000828 -29.153189
v -22.807520 29.617407 -29.096033
v -22.807520 29.616188 -29.105961
v -22.809313 30.914980 -29.255356
v -22.809313 30.913761 -29.265284
v -22.956951 29.775434 -29.115437
v -22.956951 29.774216 -29.125364
v -22.958961 30.768122 -29.237324
v -22.958961 30.766903 -29.247252
v -23.117741 29.433428 -29.073444
v -23.117741 29.432209 -29.083372
v -23.127029 31.103960 -29.278559
v -23.127029 31.102741 -29.288486
v -23.199944 29.633646 -29.098028
v -23.199944 29.632427 -29.107954
v -23.200247 30.908869 -29.254606
v -23.200247 30.907650 -29.264532
v -23.475292 29.376646 -29.066471
v -23.475292 29.375427 -29.076399
v -23.477200 30.952311 -29.259939
v -23.477200 30.951092 -29.269867
v -23.478634 29.588755 -29.092516
v -23.478634 29.587536 -29.102444
v -23.492943 31.164419 -29.285982
v -23.492943 31.163200 -29.295910
v -23.658798 30.935091 -29.257824
v -23.658798 30.933872 -29.267752
v -23.659359 29.606859 -29.094738
v -23.659359 29.605640 -29.104666
v -23.710772 29.398771 -29.069189
v -23.710772 29.397552 -29.079117
v -23.725288 31.139612 -29.282938
v -23.725288 31.138393 -29.292864
v -23.831213 29.664995 -29.101877
v -23.831213 29.663776 -29.111805
v -23.832014 30.878633 -29.250893
v -23.832014 30.877415 -29.260820
v -23.935265 29.472078 -29.078190
v -23.935265 29.470860 -29.088118
v -23.946560 31.065008 -29.273777
v -23.946560 31.063789 -29.283705
v -23.983608 29.762926 -29.113901
v -23.983608 29.761707 -29.123829
v -23.985245 30.780668 -29.238863
v -23.985245 30.779449 -29.248793
v -24.110674 29.891768 -29.129721
v -24.110674 29.890549 -29.139648
v -24.110674 30.649298 -29.222734
v -24.110674 30.648079 -29.232662
v -24.133821 29.599119 -29.093788
v -24.133821 29.597900 -29.103716
v -24.142466 30.939245 -29.258335
v -24.142466 30.938026 -29.268263
v -24.289555 29.775297 -29.115419
v -24.289555 29.774078 -29.125347
v -24.289555 30.759615 -29.236279
v -24.289555 30.758396 -29.246206
v -24.716957 29.406946 -29.070192
v -24.716957 29.405727 -29.080120
v -24.716957 31.831049 -29.367834
v -24.716957 31.829830 -29.377762
v -24.930658 29.406946 -29.070192
v -24.930658 29.405727 -29.080120
v -24.930658 30.031439 -29.146870
v -24.930658 30.030220 -29.156797
v -24.930658 30.807905 -29.242208
v -24.930658 30.806686 -29.252136
v -24.930658 31.831049 -29.367834
v -24.930658 31.829830 -29.377762
v -24.931610 30.147829 -29.161161
v -24.931610 30.146610 -29.171089
v -24.935846 30.264139 -29.175442
v -24.935846 30.262920 -29.185369
v -24.944481 30.380198 -29.189692
v -24.944481 30.378979 -29.199621
v -24.963573 30.494951 -29.203783
v -24.963573 30.493732 -29.213711
v -25.046097 30.676279 -29.226046
v -25.046097 30.675060 -29.235975
v -25.061728 30.951651 -29.259859
v -25.061728 30.950432 -29.269785
v -25.182762 30.822016 -29.243940
v -25.182762 30.820797 -29.253868
v -25.218576 31.066950 -29.274015
v -25.218576 31.065731 -29.283943
v -25.357386 30.919741 -29.255939
v -25.357386 30.918522 -29.265867
v -25.399158 31.140238 -29.283014
v -25.399158 31.139019 -29.292940
v -25.555071 30.952311 -29.259939
v -25.555071 30.951092 -29.269867
v -25.592754 31.164419 -29.285982
v -25.592754 31.163200 -29.295910
v -25.708130 30.934340 -29.257732
v -25.708130 30.933121 -29.267660
v -25.847088 30.869169 -29.249731
v -25.847088 30.867950 -29.259659
v -25.894554 31.095140 -29.277475
v -25.894554 31.093922 -29.287405
v -25.948568 30.754721 -29.235678
v -25.948568 30.753502 -29.245605
v -26.004894 30.612368 -29.218199
v -26.004894 30.611149 -29.228127
v -26.019806 30.514956 -29.206240
v -26.019806 30.513737 -29.216166
v -26.026178 30.416559 -29.194157
v -26.026178 30.415340 -29.204084
v -26.028908 30.318003 -29.182055
v -26.028908 30.316784 -29.191984
v -26.029699 29.406946 -29.070192
v -26.029699 29.405727 -29.080120
v -26.029699 30.219400 -29.169949
v -26.029699 30.218182 -29.179876
v -26.124439 30.889750 -29.252256
v -26.124439 30.888531 -29.262186
v -26.224554 30.598444 -29.216490
v -26.224554 30.597225 -29.226418
v -26.243401 29.406946 -29.070192
v -26.243401 29.405727 -29.080120
v -26.243401 30.289000 -29.178495
v -26.243401 30.287781 -29.188421
v -27.963793 17.464636 -27.100109
v -27.963793 17.403702 -27.596382
v -27.963793 41.471123 -30.047731
v -27.963793 41.410187 -30.544004
v -28.943129 20.028353 -27.414892
v -28.943129 19.967419 -27.911165
v -28.943129 38.907402 -29.732946
v -28.943129 38.846470 -30.229219
v -29.684750 22.669500 -27.739183
v -29.684750 22.608566 -28.235456
v -29.684750 36.266258 -29.408655
v -29.684750 36.205322 -29.904928
v -30.182568 25.366417 -28.070322
v -30.182568 25.305483 -28.566595
v -30.182568 33.569344 -29.077515
v -30.182568 33.508408 -29.573788
v -30.432503 28.096977 -28.405594
v -30.432503 28.036043 -28.901867
v -30.432503 30.838779 -28.742245
v -30.432503 30.777845 -29.238518
v 21.979317 17.445311 -21.422115
v 21.979317 17.532795 -20.699699
v 21.979317 17.659220 -22.117651
v 21.979317 17.906549 -20.075327
v 21.979317 18.137539 -22.666061
v 21.979317 18.188522 -21.250908
v 21.979317 18.330376 -20.753084
v 21.979317 18.314581 -21.752960
v 21.979317 18.501947 -19.656954
v 21.979317 18.702137 -20.392881
v 21.979317 18.674780 -22.124725
v 21.979317 18.797560 -22.972500
v 21.979317 19.216038 -19.516914
v 21.979317 19.204191 -20.266825
v 21.979317 19.172600 -22.266575
v 21.979317 19.525160 -22.983994
v 21.979317 19.702013 -20.408676
v 21.979317 19.674656 -22.140518
v 21.979317 19.925348 -19.679436
v 21.979317 20.062210 -20.780441
v 21.979317 20.046415 -21.780323
v 21.979317 20.188271 -21.282494
v 21.979317 20.194530 -22.698551
v 21.979317 20.507233 -20.116405
v 21.979317 20.689932 -22.165527
v 21.979317 20.861080 -20.752275
v 21.979317 20.925701 -21.477093
v 21.890444 3.214087 -19.514156
v 21.890444 4.698687 -19.537613
v 21.890444 4.651301 -22.537237
v 21.890444 15.212590 -19.703703
v 21.890444 17.481241 -20.881838
v 21.890444 17.469934 -21.597450
v 21.890444 17.778084 -20.230591
v 21.890444 17.746059 -22.257744
v 21.890444 18.310814 -19.752651
v 21.890444 18.263426 -22.752275
v 21.889702 3.128320 -19.512804
v 21.890259 3.171202 -19.513481
v 21.888773 3.085446 -19.512129
v 21.839664 3.919838 -19.525305
v 21.779930 3.505174 -22.519135
v 21.749327 2.854843 -19.508480
v 21.688190 3.154170 -19.513212
v 21.608553 15.807440 -12.345586
v 21.599152 2.631075 -19.504950
v 21.592716 2.740162 -12.056811
v 21.452465 2.401267 -22.501690
v 21.438583 2.414646 -19.501528
v 21.272102 16.385088 -4.885855
v 21.243731 2.414898 -4.497847
v 21.213276 16.221785 -19.719648
v 21.179571 2.517553 -2.270235
v 21.179571 16.453461 -2.490391
v 21.032915 2.619065 2.036391
v 21.032915 16.488033 1.817297
v 20.920109 1.380247 -22.485559
v 20.905033 1.404573 -19.485575
v 20.886259 2.720577 6.343016
v 20.886259 16.522608 6.124978
v 20.882610 16.934834 2.561345
v 20.843395 2.116503 3.048487
v 20.739603 2.822087 10.649642
v 20.739603 16.557180 10.432666
v 20.592945 2.923599 14.956267
v 20.592945 16.591753 14.740346
v 20.532345 1.490330 -19.486925
v 20.450972 1.997333 10.662666
v 20.450972 17.381933 10.419626
v 20.446289 3.025110 19.262894
v 20.446289 16.626326 19.048025
v 20.436502 17.450024 9.881300
v 20.387287 1.847831 10.465442
v 20.334055 17.060881 -19.732904
v 20.315441 2.130636 14.968801
v 20.315441 17.384716 14.727813
v 20.299633 3.126623 23.569519
v 20.299633 16.660898 23.355705
v 20.202473 0.479722 -22.471336
v 20.189678 0.513931 -19.471500
v 20.179911 2.263936 19.274920
v 20.179911 17.387499 19.035997
v 20.152977 3.228132 27.876143
v 20.152977 16.695473 27.663403
v 20.044380 2.397239 23.581039
v 20.044380 17.390280 23.344183
v 20.006321 3.329647 32.182770
v 20.006321 16.730045 31.971085
v 19.934881 4.098635 36.478848
v 19.934881 16.097139 36.289314
v 19.926935 17.924644 16.959068
v 19.908850 2.530543 27.887175
v 19.908850 17.393061 27.652370
v 19.867279 1.611076 17.636044
v 19.788050 3.171701 36.493504
v 19.788050 17.024075 36.274670
v 19.773317 2.663846 32.193295
v 19.773317 17.395844 31.960560
v 19.750813 1.581118 19.285706
v 19.633204 1.742938 23.591383
v 19.633204 18.044584 23.333857
v 19.515593 1.904757 27.897060
v 19.515593 18.018845 27.642487
v 19.441139 0.793917 -19.475924
v 19.397984 2.066579 32.202724
v 19.397984 17.993111 31.951132
v 19.361931 2.335499 36.506702
v 19.361931 17.860273 36.261459
v 19.329672 18.362394 23.830458
v 19.325993 -0.267130 -22.459538
v 19.318459 -0.224997 -19.459829
v 19.294300 17.690245 -19.742846
v 19.261028 1.404946 24.554779
v 18.992929 1.382161 27.905312
v 18.992929 18.541445 27.634232
v 18.966356 18.573027 27.266695
v 18.899139 1.567796 32.210606
v 18.899139 18.491894 31.943249
v 18.897854 1.311577 27.950754
v 18.698236 1.671888 36.517193
v 18.698236 18.523888 36.250969
v 18.546213 18.770220 30.570147
v 18.482759 1.227993 31.166121
v 18.322954 -0.785415 -19.450975
v 18.322954 -0.832802 -22.450605
v 18.304495 18.861517 32.129604
v 18.246975 1.190748 32.660053
v 18.221075 0.361209 -19.469091
v 18.143122 18.080160 -19.749006
v 18.028978 18.947258 33.612370
v 17.980833 1.156653 34.064110
v 17.861931 1.245824 36.523922
v 17.861931 18.949953 36.244240
v 17.683214 19.027012 35.007980
v 17.651545 1.125813 35.366791
v 17.441244 19.064850 35.675781
v 17.423861 1.111437 35.985386
v 17.264614 19.083273 36.002262
v 17.258188 1.104432 36.289680
v 17.134483 1.101065 36.436325
v 17.131948 19.091932 36.156040
v 17.043510 1.099635 36.498886
v 17.039921 19.095390 36.217510
v 16.934879 1.099011 36.526237
v 16.934879 0.214460 -19.466768
v 16.934879 19.096766 36.241920
v 16.934879 18.212212 -19.751089
v 15.909819 9.597950 36.391972
v 15.851439 9.607229 36.979374
v 15.678572 9.616148 37.543911
v 15.639797 8.405833 36.410809
v 15.639797 10.790066 36.373154
v 15.501633 8.470166 37.336967
v 15.501633 10.755019 37.300873
v 15.398169 9.624352 38.063263
v 15.100662 8.627579 38.170891
v 15.100662 10.624025 38.139339
v 15.088535 7.314864 36.428047
v 15.088535 11.881037 36.355911
v 15.021042 9.631531 38.517708
v 14.966558 7.411233 37.353703
v 14.966558 11.813952 37.284138
v 14.612568 7.661622 38.186142
v 14.612568 11.589984 38.124088
v 14.562529 9.637400 38.889252
v 14.476135 8.862663 38.830952
v 14.476135 10.409907 38.806499
v 14.288982 6.390251 36.442650
v 14.288982 12.805648 36.341316
v 14.190487 6.513772 37.367874
v 14.190487 12.711412 37.269966
v 14.061216 8.041522 38.843918
v 14.061216 11.231050 38.793537
v 14.039814 9.641750 39.164562
v 13.904636 6.842960 38.199074
v 13.904636 12.408645 38.111156
v 13.689186 9.152411 39.252548
v 13.689186 10.133625 39.237041
v 13.472462 9.644424 39.333759
v 13.459415 7.345591 38.854916
v 13.459415 11.926979 38.782539
v 13.366472 8.513743 39.262634
v 13.366472 10.772290 39.226959
v 13.288935 5.687268 36.453758
v 13.288935 13.508633 36.330204
v 13.219805 5.831431 37.378643
v 13.219805 13.393754 37.259178
v 13.019184 6.220530 38.208904
v 13.019184 13.031075 38.101326
v 12.898405 7.972466 39.271183
v 12.898405 11.313567 39.218410
v 12.883236 9.645337 39.391586
v 12.871372 9.645337 39.391602
v 12.706709 6.816477 38.863277
v 12.706709 12.456096 38.774178
v 12.605379 9.045671 39.401081
v 12.605379 10.245002 39.382130
v 12.312967 7.560932 39.277687
v 12.312967 11.725102 39.211910
v 12.159624 8.564331 39.408684
v 12.159624 10.726341 39.374527
v 12.148170 5.247932 36.460705
v 12.148170 13.947966 36.323257
v 12.112541 5.405002 37.385391
v 12.112541 13.820188 37.252449
v 12.009140 5.831540 38.215050
v 12.009140 13.420064 38.095181
v 11.848089 6.485803 38.868504
v 11.848089 12.786770 38.768967
v 11.645153 7.303741 39.281746
v 11.645153 11.982292 39.207832
v 11.582075 8.253119 39.413593
v 11.582075 11.037552 39.369614
v 10.979317 16.326859 -18.721182
v 10.979317 16.263678 -22.720688
v 10.979317 18.228008 -18.751215
v 10.979317 18.212212 -19.751089
v 10.979317 18.188522 -21.250908
v 10.979317 18.310814 -19.752651
v 10.979317 18.263426 -22.752275
v 10.979317 18.330376 -20.753084
v 10.979317 18.314581 -21.752960
v 10.979317 18.702137 -20.392881
v 10.979317 18.674780 -22.124725
v 10.979317 19.008595 -19.525965
v 10.979317 18.953703 -23.000887
v 10.979317 19.204191 -20.266825
v 10.979317 19.172600 -22.266575
v 10.979317 19.702013 -20.408676
v 10.979317 19.674656 -22.140518
v 10.979317 19.737980 -19.605236
v 10.979317 19.685228 -22.944691
v 10.979317 20.062210 -20.780441
v 10.979317 20.046415 -21.780323
v 10.979317 20.188271 -21.282494
v 10.979317 20.370766 -19.976549
v 10.979317 20.329428 -22.593555
v 10.979317 20.795731 -20.574623
v 10.979317 20.773069 -22.009203
v 10.979317 20.938177 -21.294346
v 10.934880 5.098513 36.463062
v 10.934880 5.259966 37.387672
v 10.934880 5.699243 38.217152
v 10.934880 6.373338 38.870277
v 10.934880 7.216269 39.283138
v 10.934880 8.145524 39.415302
v 10.934880 11.145149 39.367916
v 10.934880 12.069765 39.206455
v 10.934880 12.899235 38.767178
v 10.934880 13.552362 38.093079
v 10.934880 13.965219 37.250153
v 10.934880 14.097387 36.320900
v -11.020683 16.326859 -18.721182
v -11.020683 16.263678 -22.720688
v -11.020683 18.228008 -18.751215
v -11.020683 18.212212 -19.751089
v -11.020683 18.188522 -21.250908
v -11.020683 18.310814 -19.752651
v -11.020683 18.263426 -22.752275
v -11.020683 18.330376 -20.753084
v -11.020683 18.314581 -21.752960
v -11.020683 18.702137 -20.392881
v -11.020683 18.674780 -22.124725
v -11.020683 19.008595 -19.525965
v -11.020683 18.953703 -23.000887
v -11.020683 19.204191 -20.266825
v -11.020683 19.172600 -22.266575
v -11.020683 19.702013 -20.408676
v -11.020683 19.674656 -22.140518
v -11.020683 19.737980 -19.605236
v -11.020683 19.685228 -22.944691
v -11.020683 20.062210 -20.780441
v -11.020683 20.046415 -21.780323
v -11.020683 20.188271 -21.282494
v -11.020683 20.370766 -19.976549
v -11.020683 20.329428 -22.593555
v -11.020683 20.795731 -20.574623
v -11.020683 20.773069 -22.009203
v -11.020683 20.938177 -21.294346
v -11.065119 5.098513 36.463062
v -11.065119 5.259966 37.387672
v -11.065119 5.699243 38.217152
v -11.065119 6.373338 38.870277
v -11.065119 7.216269 39.283138
v -11.065119 8.145524 39.415302
v -11.065119 11.145149 39.367916
v -11.065119 12.069765 39.206455
v -11.065119 12.899235 38.767178
v -11.065119 13.552362 38.093079
v -11.065119 13.965219 37.250153
v -11.065119 14.097387 36.320900
v -11.712315 8.253119 39.413593
v -11.712315 11.037552 39.369614
v -11.775393 7.303741 39.281746
v -11.775393 11.982292 39.207832
v -11.978329 6.485803 38.868504
v -11.978329 12.786770 38.768967
v -12.139378 5.831540 38.215050
v -12.139378 13.420064 38.095181
v -12.242781 5.405002 37.385391
v -12.242781 13.820188 37.252449
v -12.278410 5.247932 36.460705
v -12.278410 13.947966 36.323257
v -12.289864 8.564331 39.408684
v -12.289864 10.726341 39.374527
v -12.443207 7.560932 39.277687
v -12.443207 11.725102 39.211910
v -12.735620 9.045671 39.401081
v -12.735620 10.245002 39.382130
v -12.836948 6.816477 38.863277
v -12.836948 12.456096 38.774178
v -13.001612 9.645337 39.391602
v -13.013473 9.645337 39.391586
v -13.028644 7.972466 39.271183
v -13.028644 11.313567 39.218410
v -13.149424 6.220530 38.208904
v -13.149424 13.031075 38.101326
v -13.350044 5.831431 37.378643
v -13.350044 13.393754 37.259178
v -13.419174 5.687268 36.453758
v -13.419174 13.508633 36.330204
v -13.496712 8.513743 39.262634
v -13.496712 10.772290 39.226959
v -13.589655 7.345591 38.854916
v -13.589655 11.926979 38.782539
v -13.602699 9.644424 39.333759
v -13.819426 9.152411 39.252548
v -13.819426 10.133625 39.237041
v -14.034875 6.842960 38.199074
v -14.034875 12.408645 38.111156
v -14.170054 9.641750 39.164562
v -14.191454 8.041522 38.843918
v -14.191454 11.231050 38.793537
v -14.320725 6.513772 37.367874
v -14.320725 12.711412 37.269966
v -14.419223 6.390251 36.442650
v -14.419223 12.805648 36.341316
v -14.606374 8.862663 38.830952
v -14.606374 10.409907 38.806499
v -14.692767 9.637400 38.889252
v -14.742807 7.661622 38.186142
v -14.742807 11.589984 38.124088
v -15.096796 7.411233 37.353703
v -15.096796 11.813952 37.284138
v -15.151280 9.631531 38.517708
v -15.218774 7.314864 36.428047
v -15.218774 11.881037 36.355911
v -15.230900 8.627579 38.170891
v -15.230900 10.624025 38.139339
v -15.528408 9.624352 38.063263
v -15.631872 8.470166 37.336967
v -15.631872 10.755019 37.300873
v -15.770036 8.405833 36.410809
v -15.770036 10.790066 36.373154
v -15.808812 9.616148 37.543911
v -15.981677 9.607229 36.979374
v -16.040058 9.597950 36.391972
v -16.090525 -0.785415 -19.450975
v -16.090525 -0.832802 -22.450605
v -17.065121 1.099011 36.526237
v -17.065121 0.214460 -19.466768
v -17.065121 19.096766 36.241920
v -17.065121 18.212212 -19.751089
v -17.251781 1.100909 36.449108
v -17.251781 19.092430 36.164898
v -17.284809 -0.665368 -19.452871
v -17.373192 -0.694112 -22.452793
v -17.393913 1.104903 36.287121
v -17.393913 19.083321 36.003105
v -17.593418 1.114185 35.912697
v -17.593418 19.062218 35.629169
v -17.877838 1.135348 35.068668
v -17.877838 19.014402 34.786228
v -17.992172 1.245824 36.523922
v -17.992172 18.949953 36.244240
v -18.200512 0.330902 -19.468613
v -18.260273 1.178411 33.391449
v -18.260273 18.918386 33.111202
v -18.273361 18.080160 -19.749006
v -18.431301 -0.310035 -19.458481
v -18.596552 -0.284459 -22.459263
v -18.809954 1.273021 29.872486
v -18.809954 18.712669 29.596989
v -18.828476 1.671888 36.517193
v -18.828476 18.523888 36.250969
v -19.029381 1.567796 32.210606
v -19.029381 18.491894 31.943249
v -19.123169 1.382161 27.905312
v -19.123169 18.541445 27.634232
v -19.234022 1.375100 26.297941
v -19.234022 18.497730 26.027454
v -19.288624 0.675384 -19.474052
v -19.424538 17.690245 -19.742846
v -19.484112 0.266365 -19.467592
v -19.492172 2.335499 36.506702
v -19.492172 17.860273 36.261459
v -19.527229 2.065334 32.202755
v -19.527229 17.994358 31.951099
v -19.569624 1.476421 22.940466
v -19.569624 18.290403 22.674856
v -19.643745 1.902144 27.897089
v -19.643745 18.021460 27.642454
v -19.704048 0.377221 -22.469719
v -19.760170 1.738840 23.591438
v -19.760170 18.048679 23.333784
v -19.870165 1.584580 19.536297
v -19.870165 18.074774 19.275789
v -19.903557 2.663846 32.193295
v -19.903557 17.395844 31.960560
v -19.918289 3.171701 36.493504
v -19.918289 17.024075 36.274670
v -20.039087 2.530543 27.887175
v -20.039087 17.393061 27.652370
v -20.065121 4.098635 36.478848
v -20.065121 16.097139 36.289314
v -20.136560 3.329647 32.182770
v -20.136560 16.730045 31.971085
v -20.146503 1.700912 16.051134
v -20.146503 17.848412 15.796040
v -20.174618 2.397239 23.581039
v -20.174618 17.390280 23.344183
v -20.283216 3.228132 27.876143
v -20.283216 16.695473 27.663403
v -20.284136 1.233556 -19.482870
v -20.310150 2.263936 19.274920
v -20.310150 17.387499 19.035997
v -20.401108 1.040765 -19.479822
v -20.429871 3.126623 23.569519
v -20.429871 16.660898 23.355705
v -20.445681 2.130636 14.968801
v -20.445681 17.384716 14.727813
v -20.464291 17.060881 -19.732904
v -20.576527 3.025110 19.262894
v -20.576527 16.626326 19.048025
v -20.581211 1.997333 10.662666
v -20.581211 17.381933 10.419626
v -20.643435 1.957275 8.906518
v -20.643435 17.366503 8.663084
v -20.644470 1.260331 -22.483667
v -20.723186 2.923599 14.956267
v -20.723186 16.591753 14.740346
v -20.869843 2.822087 10.649642
v -20.869843 16.557180 10.432666
v -21.016499 2.720577 6.343016
v -21.016499 16.522608 6.124978
v -21.145596 1.982173 -19.494692
v -21.163155 2.619065 2.036391
v -21.163155 16.488033 1.817297
v -21.309811 2.517553 -2.270235
v -21.309811 16.453461 -2.490391
v -21.343515 16.221785 -19.719648
v -21.374338 2.324042 -22.500471
v -21.447557 2.552048 -5.605712
v -21.447557 16.313625 -5.823112
v -21.474049 2.365865 -19.500757
v -21.543934 2.712084 -19.506226
v -21.762138 2.878676 -12.702921
v -21.762138 15.762978 -12.906458
v -21.766537 2.777623 -19.507261
v -21.837509 3.490055 -19.518517
v -21.859909 3.519173 -22.519356
v -21.898312 3.045800 -16.152719
v -21.898312 15.486969 -16.349258
v -22.020681 3.214087 -19.514156
v -22.020681 4.301140 -19.531332
v -22.020681 6.126533 -19.560165
v -22.020681 6.079145 -22.559795
v -22.020681 15.212590 -19.703703
v -22.020681 18.188522 -21.250908
v -22.020681 18.310814 -19.752651
v -22.020681 18.263426 -22.752275
v -22.020681 18.330376 -20.753084
v -22.020681 18.314581 -21.752960
v -22.020681 18.702137 -20.392881
v -22.020681 18.674780 -22.124725
v -22.020681 19.008595 -19.525965
v -22.020681 18.953703 -23.000887
v -22.020681 19.204191 -20.266825
v -22.020681 19.172600 -22.266575
v -22.020681 19.702013 -20.408676
v -22.020681 19.674656 -22.140518
v -22.020681 19.737980 -19.605236
v -22.020681 19.685228 -22.944691
v -22.020681 20.062210 -20.780441
v -22.020681 20.046415 -21.780323
v -22.020681 20.188271 -21.282494
v -22.020681 20.370766 -19.976549
v -22.020681 20.329428 -22.593555
v -22.020681 20.795731 -20.574623
v -22.020681 20.773069 -22.009203
v -22.020681 20.938177 -21.294346
v -22.078730 4.790468 -22.539436
v -22.082752 4.908549 -19.540928
v -22.082752 5.519122 -19.550575
vn -0.0000 0.1219 0.9925
vn -0.0000 -0.9925 0.1219
vn -0.0000 -0.1219 -0.9925
vn -0.0612 0.1216 0.9907
vn -0.0611 0.1216 0.9907
vn -0.0633 0.1216 0.9906
vn -0.0638 0.1216 0.9905
vn -0.0654 0.1216 0.9904
vn -0.0660 0.1216 0.9904
vn -0.0674 0.1216 0.9903
vn -0.0669 0.1216 0.9903
vn -0.0605 0.1217 0.9907
vn -0.0594 0.1217 0.9908
vn -0.0579 0.1217 0.9909
vn -0.0560 0.1217 0.9910
vn -0.0540 0.1217 0.9911
vn -0.0538 0.1217 0.9911
vn -0.0513 0.1217 0.9912
vn -0.0496 0.1218 0.9913
vn -0.0488 0.1217 0.9914
vn -0.0457 0.1217 0.9915
vn -0.0325 0.1219 0.9920
vn -0.0305 0.1217 0.9921
vn -0.0163 0.1219 0.9924
vn -0.0152 0.1219 0.9924
vn 0.0152 0.1219 0.9924
vn 0.0163 0.1219 0.9924
vn 0.0305 0.1217 0.9921
vn 0.0325 0.1219 0.9920
vn 0.0456 0.1217 0.9915
vn 0.0488 0.1217 0.9914
vn 0.0496 0.1218 0.9913
vn 0.0513 0.1217 0.9912
vn 0.0540 0.1217 0.9911
vn 0.0538 0.1217 0.9911
vn 0.0560 0.1217 0.9910
vn 0.0579 0.1217 0.9909
vn 0.0576 0.1217 0.9909
vn 0.0590 0.1217 0.9908
vn 0.0610 0.1216 0.9907
vn 0.0605 0.1217 0.9907
vn 0.0612 0.1216 0.9907
vn 0.0614 0.1216 0.9907
vn 0.0633 0.1216 0.9906
vn 0.0637 0.1216 0.9905
vn 0.0654 0.1216 0.9904
vn 0.0658 0.1216 0.9904
vn 0.0676 0.1216 0.9903
vn 0.0673 0.1216 0.9903
vn 0.1922 -0.9740 0.1196
vn 0.3090 -0.9440 0.1159
vn 0.3825 -0.9171 0.1126
vn 0.5878 -0.8029 0.0989
vn 0.5578 -0.8238 0.1012
vn 0.7069 -0.7020 0.0862
vn 0.8090 -0.5834 0.0716
vn 0.8298 -0.5540 0.0678
vn 0.9238 -0.3800 0.0467
vn 0.9511 -0.3066 0.0381
vn 0.9813 -0.1911 0.0233
vn 1.0000 -0.0000 -0.0000
vn -0.0000 -0.9924 0.1230
vn -1.0000 -0.0000 0.0003
vn -0.9813 -0.1909 0.0237
vn -1.0000 -0.0000 -0.0000
vn -0.9511 -0.3067 0.0378
vn -0.9238 -0.3800 0.0467
vn -0.8090 -0.5834 0.0719
vn -0.8297 -0.5541 0.0681
vn -0.7069 -0.7020 0.0862
vn -0.5878 -0.8030 0.0985
vn -0.5578 -0.8238 0.1012
vn -0.3824 -0.9171 0.1126
vn -0.3090 -0.9439 0.1163
vn -0.1922 -0.9740 0.1196
vn -0.9194 -0.3905 0.0479
vn -0.9586 -0.2827 0.0347
vn -0.9850 -0.1712 0.0210
vn -0.9983 -0.0573 0.0070
vn -0.9983 0.0573 -0.0070
vn -0.9850 0.1712 -0.0210
vn -0.9850 0.1711 -0.0210
vn -0.9586 0.2827 -0.0347
vn -0.9194 0.3905 -0.0479
vn -0.0000 -0.9925 0.1220
vn 0.9193 0.3905 -0.0479
vn 0.9586 0.2827 -0.0347
vn 0.9850 0.1711 -0.0210
vn 0.9850 0.1712 -0.0210
vn 0.9983 0.0573 -0.0070
vn 0.9983 -0.0573 0.0070
vn 0.9850 -0.1712 0.0210
vn 0.9586 -0.2827 0.0347
vn 0.9193 -0.3905 0.0479
vn -0.0000 0.9925 -0.1219
vn -0.0000 0.9925 -0.1220
vn 0.9795 0.1998 -0.0245
vn 0.9795 -0.1998 0.0245
vn 0.9190 -0.3914 0.0481
vn 0.8208 -0.5670 0.0696
vn 0.6890 -0.7194 0.0883
vn 0.5290 -0.8423 0.1034
vn 0.3473 -0.9308 0.1143
vn 0.1514 -0.9811 0.1205
vn -0.0506 -0.9913 0.1217
vn -0.2507 -0.9609 0.1180
vn -0.4404 -0.8911 0.1094
vn -0.6121 -0.7849 0.0964
vn -0.7588 -0.6465 0.0794
vn -0.8743 -0.4817 0.0591
vn -0.9541 -0.2971 0.0365
vn -0.9949 -0.1004 0.0123
vn -0.9949 0.1004 -0.0123
vn -0.9541 0.2971 -0.0365
vn -0.8743 0.4817 -0.0591
vn -0.7588 0.6465 -0.0794
vn -0.6121 0.7849 -0.0964
vn -0.4404 0.8911 -0.1094
vn -0.2507 0.9609 -0.1180
vn -0.0506 0.9913 -0.1217
vn -0.0507 0.9913 -0.1217
vn 0.1514 0.9811 -0.1205
vn 0.3473 0.9308 -0.1143
vn 0.5290 0.8423 -0.1034
vn 0.6890 0.7194 -0.0883
vn 0.8208 0.5670 -0.0696
vn 0.9190 0.3914 -0.0481
vn -0.6614 -0.7444 0.0914
vn -0.7688 -0.6347 0.0779
vn -0.7688 -0.6348 0.0779
vn -0.8579 -0.5100 0.0626
vn -0.9266 -0.3732 0.0458
vn -0.9734 -0.2275 0.0279
vn -0.9970 -0.0764 0.0094
vn -0.9970 0.0764 -0.0094
vn -0.9734 0.2275 -0.0279
vn -0.9266 0.3732 -0.0458
vn -0.8579 0.5100 -0.0626
vn -0.7688 0.6348 -0.0779
vn -0.7688 0.6347 -0.0779
vn -0.6614 0.7444 -0.0914
vn 0.6330 -0.7684 0.0943
vn 0.6330 -0.7684 0.0944
vn 0.7489 -0.6578 0.0808
vn 0.8454 -0.5301 0.0651
vn 0.9201 -0.3888 0.0477
vn 0.9710 -0.2374 0.0291
vn 0.9968 -0.0798 0.0098
vn 0.9968 0.0798 -0.0098
vn 0.9710 0.2374 -0.0291
vn 0.9201 0.3888 -0.0477
vn 0.8454 0.5301 -0.0651
vn 0.7489 0.6578 -0.0808
vn 0.6330 0.7684 -0.0944
vn 0.6330 0.7684 -0.0943
vn -0.6330 0.7684 -0.0944
vn -0.6330 0.7684 -0.0943
vn -0.7489 0.6578 -0.0808
vn -0.8454 0.5301 -0.0651
vn -0.9201 0.3888 -0.0477
vn -0.9710 0.2374 -0.0291
vn -0.9968 0.0798 -0.0098
vn -0.9968 -0.0798 0.0098
vn -0.9710 -0.2374 0.0291
vn -0.9201 -0.3888 0.0477
vn -0.8454 -0.5301 0.0651
vn -0.7489 -0.6578 0.0808
vn -0.6330 -0.7684 0.0943
vn -0.6330 -0.7684 0.0944
vn 0.6614 0.7444 -0.0914
vn 0.7688 0.6347 -0.0779
vn 0.7688 0.6348 -0.0779
vn 0.8579 0.5100 -0.0626
vn 0.9266 0.3732 -0.0458
vn 0.9734 0.2275 -0.0279
vn 0.9970 0.0764 -0.0094
vn 0.9970 -0.0764 0.0094
vn 0.9734 -0.2275 0.0279
vn 0.9266 -0.3732 0.0458
vn 0.8579 -0.5100 0.0626
vn 0.7688 -0.6348 0.0779
vn 0.7688 -0.6347 0.0779
vn 0.6614 -0.7444 0.0914
vn 0.9766 0.2134 -0.0262
vn 0.9766 -0.2134 0.0262
vn 0.9076 -0.4168 0.0512
vn 0.7961 -0.6007 0.0737
vn 0.6474 -0.7565 0.0929
vn 0.4684 -0.8769 0.1077
vn 0.2675 -0.9564 0.1174
vn 0.0541 -0.9911 0.1217
vn -0.1618 -0.9795 0.1203
vn -0.3701 -0.9221 0.1132
vn -0.5612 -0.8215 0.1009
vn -0.7260 -0.6826 0.0838
vn -0.8569 -0.5117 0.0628
vn -0.9477 -0.3169 0.0389
vn -0.9941 -0.1073 0.0132
vn -0.9941 0.1073 -0.0132
vn -0.9477 0.3169 -0.0389
vn -0.8569 0.5117 -0.0628
vn -0.7260 0.6826 -0.0838
vn -0.5612 0.8215 -0.1009
vn -0.3701 0.9221 -0.1132
vn -0.1618 0.9795 -0.1203
vn 0.0541 0.9911 -0.1217
vn 0.2675 0.9564 -0.1174
vn 0.4684 0.8769 -0.1077
vn 0.6474 0.7565 -0.0929
vn 0.7961 0.6007 -0.0737
vn 0.9076 0.4168 -0.0512
vn 0.9730 0.2289 -0.0281
vn 0.9730 -0.2289 0.0281
vn 0.8936 -0.4455 0.0547
vn 0.7661 -0.6380 0.0783
vn 0.5972 -0.7961 0.0978
vn 0.3961 -0.9114 0.1119
vn 0.1736 -0.9775 0.1200
vn -0.0581 -0.9909 0.1217
vn -0.2868 -0.9509 0.1167
vn -0.5000 -0.8596 0.1055
vn -0.6862 -0.7220 0.0886
vn -0.8355 -0.5454 0.0670
vn -0.9397 -0.3395 0.0417
vn -0.9932 -0.1152 0.0141
vn -0.9932 0.1152 -0.0141
vn -0.9397 0.3395 -0.0417
vn -0.8355 0.5454 -0.0670
vn -0.6862 0.7220 -0.0886
vn -0.5000 0.8596 -0.1055
vn -0.2868 0.9508 -0.1168
vn -0.0581 0.9909 -0.1217
vn 0.1736 0.9775 -0.1200
vn 0.3961 0.9114 -0.1119
vn 0.5972 0.7961 -0.0978
vn 0.5972 0.7961 -0.0977
vn 0.7660 0.6380 -0.0783
vn 0.8936 0.4455 -0.0547
vn 0.9686 0.2468 -0.0303
vn 0.9686 -0.2468 0.0303
vn 0.8763 -0.4782 0.0587
vn 0.7290 -0.6794 0.0834
vn 0.5358 -0.8380 0.1029
vn 0.0628 -0.9906 0.1216
vn -0.1874 -0.9750 0.1197
vn -0.4258 -0.8981 0.1103
vn -0.6374 -0.7648 0.0939
vn -0.8090 -0.5834 0.0716
vn -0.9298 -0.3654 0.0449
vn -0.9921 -0.1244 0.0153
vn -0.9921 0.1244 -0.0153
vn -0.9298 0.3654 -0.0449
vn -0.8090 0.5834 -0.0716
vn -0.6374 0.7648 -0.0939
vn -0.4258 0.8981 -0.1103
vn -0.1874 0.9750 -0.1197
vn 0.0628 0.9906 -0.1216
vn 0.3090 0.9440 -0.1159
vn 0.5358 0.8380 -0.1029
vn 0.7290 0.6794 -0.0834
vn 0.8763 0.4782 -0.0587
vn -0.7141 -0.6948 0.0853
vn -0.8693 -0.4905 0.0602
vn -0.9668 -0.2537 0.0311
vn -0.9668 0.2537 -0.0311
vn -0.8693 0.4905 -0.0602
vn -0.7141 0.6948 -0.0853
vn 0.7141 0.6948 -0.0853
vn 0.8693 0.4905 -0.0602
vn 0.9668 0.2537 -0.0311
vn 0.9668 -0.2537 0.0311
vn 0.8693 -0.4905 0.0602
vn 0.7141 -0.6948 0.0853
vn 0.2225 -0.9677 0.1188
vn 0.4339 -0.8943 0.1098
vn 0.5577 -0.8238 0.1012
vn 0.6235 -0.7760 0.0953
vn 0.7818 -0.6189 0.0760
vn 0.8297 -0.5540 0.0680
vn 0.9010 -0.4306 0.0529
vn 0.9749 -0.2209 0.0271
vn 0.9813 -0.1910 0.0232
vn -0.0000 -0.9926 0.1216
vn -0.0000 -0.9926 0.1217
vn -0.9813 -0.1910 0.0234
vn -0.9749 -0.2209 0.0271
vn -0.9010 -0.4306 0.0529
vn -0.8297 -0.5540 0.0680
vn -0.7818 -0.6189 0.0760
vn -0.6235 -0.7760 0.0953
vn -0.4339 -0.8943 0.1098
vn -0.3825 -0.9171 0.1126
vn -0.2225 -0.9677 0.1188
vn -0.1923 -0.9740 0.1199
vn 0.1922 0.9740 -0.1196
vn 0.2225 0.9677 -0.1188
vn 0.3825 0.9171 -0.1126
vn 0.4339 0.8942 -0.1098
vn 0.5577 0.8238 -0.1012
vn 0.6235 0.7760 -0.0953
vn 0.7069 0.7020 -0.0862
vn 0.7818 0.6188 -0.0760
vn 0.8297 0.5540 -0.0680
vn 0.9010 0.4306 -0.0529
vn 0.9238 0.3800 -0.0467
vn 0.9749 0.2208 -0.0271
vn 0.9813 0.1910 -0.0235
vn -0.0000 0.9926 -0.1218
vn -0.9813 0.1910 -0.0234
vn -0.9749 0.2209 -0.0271
vn -0.9238 0.3800 -0.0467
vn -0.9010 0.4306 -0.0529
vn -0.8297 0.5540 -0.0680
vn -0.7818 0.6188 -0.0760
vn -0.7069 0.7020 -0.0862
vn -0.6235 0.7760 -0.0953
vn -0.5578 0.8238 -0.1012
vn -0.4339 0.8943 -0.1098
vn -0.3825 0.9171 -0.1126
vn -0.2225 0.9677 -0.1188
vn -0.1922 0.9740 -0.1196
vn -1.0000 -0.0000 -0.0001
vn -0.5000 -0.1055 -0.8596
vn -0.8660 -0.0609 -0.4963
vn 0.8660 -0.0609 -0.4963
vn 0.5000 -0.1055 -0.8596
vn -0.3827 0.1126 0.9170
vn -0.7071 0.0862 0.7018
vn -0.9239 0.0466 0.3798
vn 0.9239 0.0466 0.3798
vn 0.7071 0.0862 0.7018
vn 0.3827 0.1126 0.9170
vn -0.0000 -0.9135 -0.4068
vn -0.0000 -0.9135 -0.4067
vn -0.0000 -0.9987 0.0504
vn -0.0000 -0.8680 0.4966
vn -0.0000 -0.5495 0.8355
vn -0.0000 -0.1122 0.9937
vn -0.0000 0.3493 0.9370
vn -0.0000 0.7353 0.6777
vn -0.0000 0.9623 0.2719
vn -0.0000 0.9812 -0.1927
vn -0.0000 0.7880 -0.6157
vn -0.0000 0.6820 0.7314
vn -0.0000 -0.4848 0.8746
vn -0.0000 -0.9063 0.4226
vn -0.0000 -0.9816 -0.1908
vn -0.0000 -0.6820 -0.7314
vn -0.0000 0.4848 -0.8746
vn -0.0000 0.9063 -0.4226
vn -0.0000 0.9816 0.1908
vn -0.0690 0.1216 0.9902
vn -0.0842 0.1214 0.9890
vn -0.0686 0.1216 0.9902
vn -0.0861 0.1214 0.9889
vn -0.0672 0.1216 0.9903
vn -0.0650 0.1216 0.9904
vn -0.0575 0.1218 0.9909
vn -0.0622 0.1216 0.9906
vn -0.0588 0.1217 0.9908
vn -0.0549 0.1218 0.9910
vn -0.0502 0.1218 0.9913
vn -0.0457 0.1218 0.9915
vn -0.0288 0.1218 0.9921
vn -0.0307 0.1219 0.9921
vn -0.0996 0.1213 0.9876
vn -0.1148 0.1211 0.9860
vn 0.0288 0.1218 0.9921
vn 0.0307 0.1219 0.9921
vn 0.0457 0.1218 0.9915
vn 0.0575 0.1217 0.9909
vn 0.0502 0.1218 0.9913
vn 0.0546 0.1217 0.9911
vn 0.0589 0.1217 0.9908
vn 0.0622 0.1216 0.9906
vn 0.0651 0.1216 0.9904
vn 0.0672 0.1216 0.9903
vn 0.0685 0.1216 0.9902
vn 0.0861 0.1215 0.9888
vn 0.0842 0.1214 0.9890
vn 0.0996 0.1213 0.9876
vn 0.0690 0.1216 0.9902
vn 0.1148 0.1211 0.9860
vn 0.1148 0.1216 0.9859
vn -0.0000 -0.9926 0.1218
vn -0.3632 -0.1135 -0.9248
vn -0.2881 -0.1167 -0.9505
vn -0.2854 -0.1168 -0.9513
vn -0.2150 -0.1190 -0.9693
vn -0.2107 -0.1192 -0.9703
vn -0.1693 -0.1202 -0.9782
vn -0.1763 -0.1200 -0.9770
vn -0.1770 -0.1199 -0.9769
vn -0.3392 -0.1146 -0.9337
vn -0.3429 -0.1144 -0.9324
vn -0.4868 -0.1065 -0.8670
vn -0.4921 -0.1061 -0.8640
vn -0.6488 -0.0927 -0.7553
vn -0.7247 -0.0840 -0.6839
vn -0.7832 -0.0758 -0.6171
vn -0.8572 -0.0628 -0.5111
vn -0.9018 -0.0527 -0.4289
vn -0.9296 -0.0449 -0.3657
vn -0.9297 -0.0449 -0.3657
vn -0.9464 -0.0393 -0.3205
vn -0.9562 -0.0357 -0.2907
vn -0.9561 -0.0357 -0.2907
vn -0.9612 -0.0336 -0.2738
vn -0.9627 -0.0330 -0.2684
vn -0.5588 -0.1011 -0.8231
vn -0.7272 -0.0837 -0.6813
vn -0.8601 -0.0622 -0.5063
vn -0.9511 -0.0377 -0.3067
vn -0.9957 -0.0113 -0.0921
vn -0.9918 0.0156 0.1271
vn -0.9395 0.0417 0.3400
vn -0.8414 0.0659 0.5363
vn -0.7024 0.0867 0.7065
vn -0.5291 0.1034 0.8423
vn -0.5290 0.1034 0.8423
vn -0.3299 0.1150 0.9370
vn 0.9627 -0.0330 -0.2684
vn 0.9612 -0.0336 -0.2738
vn 0.9562 -0.0357 -0.2906
vn 0.9464 -0.0393 -0.3205
vn 0.9297 -0.0449 -0.3657
vn 0.9018 -0.0527 -0.4288
vn 0.9018 -0.0527 -0.4289
vn 0.8572 -0.0628 -0.5111
vn 0.7832 -0.0758 -0.6171
vn 0.7247 -0.0840 -0.6839
vn 0.6488 -0.0927 -0.7553
vn 0.6488 -0.0928 -0.7553
vn 0.4921 -0.1060 -0.8641
vn 0.4868 -0.1065 -0.8670
vn 0.3429 -0.1145 -0.9324
vn 0.3392 -0.1147 -0.9337
vn 0.1763 -0.1201 -0.9770
vn 0.1770 -0.1199 -0.9769
vn 0.1693 -0.1201 -0.9782
vn 0.2150 -0.1190 -0.9693
vn 0.2107 -0.1191 -0.9703
vn 0.2854 -0.1168 -0.9513
vn 0.2880 -0.1167 -0.9505
vn 0.3632 -0.1135 -0.9248
vn 0.3299 0.1150 0.9370
vn 0.5290 0.1034 0.8423
vn 0.5291 0.1034 0.8423
vn 0.7024 0.0867 0.7065
vn 0.8414 0.0659 0.5363
vn 0.9395 0.0417 0.3400
vn 0.9918 0.0156 0.1271
vn 0.9957 -0.0113 -0.0921
vn 0.9511 -0.0377 -0.3067
vn 0.8601 -0.0622 -0.5063
vn 0.7272 -0.0837 -0.6813
vn 0.5588 -0.1011 -0.8231
vn 0.6733 -0.3121 -0.6703
vn 0.5834 -0.3075 -0.7517
vn 0.6445 -0.3834 -0.6616
vn 0.5774 -0.3232 -0.7498
vn 0.5718 -0.3392 -0.7470
vn 0.5075 -0.2958 -0.8093
vn 0.4851 -0.2949 -0.8232
vn 0.6941 -0.2382 -0.6794
vn 0.6429 -0.2406 -0.7272
vn 0.6083 -0.2666 -0.7476
vn 0.5943 -0.2755 -0.7556
vn 0.5704 -0.2843 -0.7706
vn 0.5891 -0.2916 -0.7536
vn 0.6719 -0.2076 -0.7110
vn 0.7066 -0.1624 -0.6887
vn 0.6933 -0.1695 -0.7004
vn 0.7064 -0.1282 -0.6961
vn 0.7109 -0.0857 -0.6981
vn 0.5299 -0.2941 -0.7954
vn 0.5718 0.1484 -0.8069
vn 0.4851 0.0870 -0.8701
vn 0.5821 0.1200 -0.8042
vn 0.5075 0.0913 -0.8568
vn 0.5300 0.0929 -0.8429
vn 0.5704 0.0895 -0.8165
vn 0.5931 0.0882 -0.8003
vn 0.6733 0.1407 -0.7259
vn 0.6941 0.0667 -0.7168
vn 0.6082 0.0778 -0.7900
vn 0.6429 0.0576 -0.7638
vn 0.6719 0.0294 -0.7401
vn 0.7067 -0.0091 -0.7075
vn 0.6933 -0.0050 -0.7206
vn 0.7064 -0.0440 -0.7065
vn 0.7108 -0.0857 -0.6981
vn 0.6445 0.2119 -0.7347
vn -0.5718 -0.3392 -0.7470
vn -0.4851 -0.2949 -0.8232
vn -0.5822 -0.3110 -0.7513
vn -0.5075 -0.2959 -0.8093
vn -0.5300 -0.2941 -0.7954
vn -0.5704 -0.2843 -0.7706
vn -0.5931 -0.2792 -0.7552
vn -0.6733 -0.3121 -0.6703
vn -0.6941 -0.2382 -0.6794
vn -0.6082 -0.2666 -0.7476
vn -0.6429 -0.2406 -0.7272
vn -0.6719 -0.2076 -0.7110
vn -0.7067 -0.1624 -0.6887
vn -0.6933 -0.1695 -0.7004
vn -0.7064 -0.1282 -0.6961
vn -0.7109 -0.0857 -0.6981
vn -0.6445 -0.3834 -0.6615
vn -0.6733 0.1407 -0.7259
vn -0.5834 0.1165 -0.8038
vn -0.6445 0.2119 -0.7347
vn -0.5774 0.1322 -0.8057
vn -0.5714 0.1481 -0.8072
vn -0.5075 0.0913 -0.8568
vn -0.4851 0.0870 -0.8701
vn -0.6941 0.0667 -0.7168
vn -0.6429 0.0576 -0.7638
vn -0.6082 0.0778 -0.7900
vn -0.5942 0.0845 -0.7998
vn -0.5703 0.0895 -0.8165
vn -0.5891 0.1006 -0.8018
vn -0.6719 0.0294 -0.7401
vn -0.7066 -0.0091 -0.7075
vn -0.6933 -0.0050 -0.7206
vn -0.7064 -0.0440 -0.7065
vn -0.7108 -0.0857 -0.6982
vn -0.5300 0.0929 -0.8429
vn 0.5038 0.1398 -0.8524
vn 0.5318 0.0705 -0.8439
vn 0.5593 -0.1010 -0.8228
vn 0.5592 -0.1010 -0.8229
vn 0.5318 -0.2725 -0.8018
vn 0.4524 0.2252 -0.8629
vn 0.3486 0.3329 -0.8761
vn 0.3287 0.3480 -0.8780
vn 0.1728 0.4268 -0.8877
vn 0.1244 0.4401 -0.8893
vn -0.0000 0.4540 -0.8910
vn -0.1244 0.4401 -0.8893
vn -0.1728 0.4268 -0.8877
vn -0.3486 0.3329 -0.8761
vn -0.3287 0.3480 -0.8780
vn -0.4524 0.2252 -0.8629
vn -0.5039 0.1398 -0.8523
vn -0.5318 0.0705 -0.8439
vn -0.5593 -0.1010 -0.8228
vn -0.5592 -0.1010 -0.8229
vn -0.5318 -0.2725 -0.8018
vn -0.5038 -0.3418 -0.7933
vn -0.4524 -0.4273 -0.7828
vn -0.3486 -0.5350 -0.7696
vn -0.3287 -0.5501 -0.7677
vn -0.1729 -0.6289 -0.7580
vn -0.1244 -0.6421 -0.7564
vn -0.0000 -0.6561 -0.7547
vn 0.1244 -0.6421 -0.7564
vn 0.1729 -0.6289 -0.7580
vn 0.3486 -0.5350 -0.7696
vn 0.3287 -0.5501 -0.7677
vn 0.4524 -0.4273 -0.7828
vn 0.5039 -0.3419 -0.7932
vn -0.0000 -0.1220 -0.9925
vn -0.0000 -0.1218 -0.9925
vn 0.9180 0.3936 -0.0483
vn 0.9501 0.3095 -0.0380
vn 0.9745 0.2229 -0.0274
vn 0.9908 0.1345 -0.0165
vn 0.9990 0.0449 -0.0055
vn 0.9990 -0.0449 0.0055
vn 0.9908 -0.1345 0.0165
vn 0.9745 -0.2229 0.0274
vn 0.9501 -0.3095 0.0380
vn 0.9180 -0.3936 0.0483
vn -0.9181 -0.3935 0.0483
vn -0.9180 -0.3936 0.0483
vn -0.9501 -0.3095 0.0380
vn -0.9745 -0.2229 0.0274
vn -0.9908 -0.1345 0.0165
vn -0.9990 -0.0449 0.0055
vn -0.9990 0.0449 -0.0055
vn -0.9908 0.1345 -0.0165
vn -0.9745 0.2229 -0.0274
vn -0.9501 0.3095 -0.0380
vn -0.9180 0.3936 -0.0483
vn 0.0001 -0.1219 -0.9925
vn -0.0001 -0.1219 -0.9925
vn 0.0003 -0.1219 -0.9925
vn -0.0000 -0.9925 0.1222
vn -0.0000 0.9926 -0.1216
vn -0.0000 0.9925 -0.1222
vn -0.0000 0.9926 -0.1217
vn 0.0219 0.9923 -0.1218
vn 0.1904 0.9744 -0.1196
vn 0.0218 0.9923 -0.1218
vn 0.1902 0.9744 -0.1196
vn 0.3949 0.9119 -0.1120
vn 0.3947 0.9120 -0.1120
vn 0.5882 0.8027 -0.0986
vn 0.5880 0.8028 -0.0986
vn 0.7232 0.6855 -0.0842
vn 0.7558 0.6499 -0.0798
vn 0.8458 0.5295 -0.0650
vn 0.7559 0.6498 -0.0798
vn 0.9328 0.3578 -0.0439
vn 0.9326 0.3581 -0.0440
vn 0.9851 0.1708 -0.0210
vn 0.9850 0.1710 -0.0210
vn 0.9997 0.0261 -0.0032
vn 0.9997 0.0262 -0.0032
vn 0.9997 -0.0224 0.0027
vn 0.9235 -0.3808 0.0468
vn 0.9997 -0.0227 0.0028
vn 0.9234 -0.3809 0.0468
vn 0.7171 -0.6917 0.0849
vn 0.7171 -0.6918 0.0850
vn 0.3660 -0.9237 0.1133
vn 0.3658 -0.9237 0.1134
vn 0.0256 -0.9922 0.1218
vn 0.0256 -0.9922 0.1219
vn -0.0256 -0.9922 0.1218
vn -0.3670 -0.9233 0.1133
vn -0.3665 -0.9235 0.1132
vn -0.7177 -0.6912 0.0849
vn -0.7174 -0.6915 0.0849
vn -0.9237 -0.3803 0.0467
vn -0.9236 -0.3806 0.0467
vn -0.9997 -0.0225 0.0028
vn -0.9997 -0.0228 0.0028
vn -0.9997 0.0256 -0.0032
vn -0.9851 0.1709 -0.0210
vn -0.9997 0.0257 -0.0031
vn -0.9339 0.3548 -0.0436
vn -0.9339 0.3549 -0.0436
vn -0.8459 0.5293 -0.0650
vn -0.8458 0.5296 -0.0650
vn -0.7549 0.6509 -0.0799
vn -0.7546 0.6513 -0.0800
vn -0.7201 0.6887 -0.0846
vn -0.5855 0.8046 -0.0988
vn -0.7195 0.6893 -0.0847
vn -0.5853 0.8047 -0.0988
vn -0.3946 0.9120 -0.1120
vn -0.3943 0.9121 -0.1120
vn -0.1921 0.9741 -0.1196
vn -0.0213 0.9923 -0.1218
vn -0.0212 0.9923 -0.1218
vn 0.0293 -0.9921 0.1218
vn 0.3905 -0.9138 0.1122
vn 0.0291 -0.9921 0.1218
vn 0.3904 -0.9138 0.1122
vn 0.7092 -0.6997 0.0859
vn 0.7090 -0.7000 0.0860
vn 0.9260 -0.3747 0.0460
vn 0.9259 -0.3750 0.0460
vn 0.9996 -0.0275 0.0034
vn 0.9996 -0.0276 0.0034
vn -0.9996 -0.0273 0.0033
vn -0.9256 -0.3758 0.0461
vn -0.9996 -0.0276 0.0034
vn -0.9255 -0.3760 0.0462
vn -0.7112 -0.6977 0.0857
vn -0.7109 -0.6980 0.0859
vn -0.3888 -0.9145 0.1123
vn -0.3886 -0.9145 0.1123
vn -0.0283 -0.9921 0.1218
vn -0.0283 -0.9922 0.1218
vn -0.0288 0.9921 -0.1219
vn -0.3647 0.9242 -0.1136
vn -0.0288 0.9921 -0.1218
vn -0.3645 0.9243 -0.1135
vn -0.7071 0.7018 -0.0861
vn -0.9244 0.3785 -0.0465
vn -0.9243 0.3787 -0.0465
vn -0.9994 0.0357 -0.0044
vn -0.9993 0.0359 -0.0044
vn 0.9994 0.0353 -0.0044
vn 0.9234 0.3810 -0.0468
vn 0.9994 0.0356 -0.0044
vn 0.7076 0.7014 -0.0861
vn 0.7075 0.7014 -0.0861
vn 0.3658 0.9237 -0.1134
vn 0.3656 0.9238 -0.1134
vn 0.0290 0.9921 -0.1218
vn 0.0288 0.9922 -0.1216
vn -0.7498 0.6567 -0.0806
vn -0.6495 0.7547 -0.0927
vn -0.7496 0.6570 -0.0807
vn -0.6493 0.7549 -0.0927
vn -0.4367 0.8929 -0.1096
vn -0.4365 0.8930 -0.1096
vn -0.2087 0.9707 -0.1192
vn -0.2088 0.9707 -0.1192
vn 0.0191 0.9924 -0.1219
vn 0.3889 0.9144 -0.1123
vn 0.0190 0.9924 -0.1218
vn 0.3887 0.9145 -0.1123
vn 0.7024 0.7065 -0.0867
vn 0.7026 0.7063 -0.0867
vn 0.9214 0.3858 -0.0474
vn 0.9213 0.3860 -0.0474
vn 0.9998 0.0178 -0.0022
vn 0.9998 0.0179 -0.0022
vn 0.9998 -0.0206 0.0025
vn 0.9226 -0.3828 0.0470
vn 0.9998 -0.0207 0.0025
vn 0.6917 -0.7168 0.0880
vn 0.6915 -0.7170 0.0880
vn 0.3729 -0.9210 0.1131
vn 0.3727 -0.9210 0.1131
vn 0.0176 -0.9924 0.1219
vn 0.0174 -0.9924 0.1219
vn -0.0277 -0.9922 0.1218
vn -0.2182 -0.9686 0.1189
vn -0.0276 -0.9922 0.1218
vn -0.2181 -0.9687 0.1189
vn -0.4278 -0.8971 0.1102
vn -0.4273 -0.8974 0.1102
vn -0.6269 -0.7733 0.0949
vn -0.6265 -0.7736 0.0950
vn -0.7656 -0.6386 0.0784
vn -0.7654 -0.6388 0.0784
vn 1.0000 0.0025 -0.0003
vn 0.9792 0.2016 -0.0247
vn 0.9791 0.2016 -0.0248
vn 0.6711 0.7358 -0.0903
vn 0.6710 0.7360 -0.0901
vn 0.2910 0.9496 -0.1166
vn 0.2909 0.9496 -0.1168
vn 0.0262 0.9922 -0.1218
vn 0.0261 0.9923 -0.1214
vn -0.0256 0.9922 -0.1221
vn -0.1785 0.9766 -0.1199
vn -0.0255 0.9922 -0.1218
vn -0.1784 0.9766 -0.1199
vn -0.4282 0.8970 -0.1101
vn -0.4281 0.8970 -0.1102
vn -0.6915 0.7170 -0.0880
vn -0.6913 0.7172 -0.0881
vn -0.8461 0.5291 -0.0650
vn -0.8458 0.5295 -0.0650
vn 0.9052 -0.4218 0.0518
vn 0.7920 -0.6060 0.0744
vn 0.9049 -0.4224 0.0519
vn 0.7917 -0.6063 0.0746
vn 0.4876 -0.8666 0.1065
vn 0.4873 -0.8667 0.1064
vn 0.2135 -0.9697 0.1191
vn 0.2134 -0.9697 0.1191
vn 0.0162 -0.9924 0.1219
vn 0.0161 -0.9924 0.1219
vn -0.0124 -0.9925 0.1218
vn -0.2204 -0.9681 0.1189
vn -0.0123 -0.9925 0.1219
vn -0.2202 -0.9682 0.1189
vn -0.4857 -0.8676 0.1065
vn -0.4855 -0.8677 0.1066
vn -0.7581 -0.6473 0.0795
vn -0.7579 -0.6475 0.0794
vn -0.9318 -0.3602 0.0443
vn -0.9317 -0.3606 0.0444
vn -0.9460 -0.3217 0.0395
vn -0.9829 -0.1828 0.0224
vn -0.9459 -0.3220 0.0396
vn -0.9829 -0.1829 0.0224
vn -0.9961 -0.0881 0.0108
vn -0.9960 -0.0882 0.0108
vn -0.9993 -0.0362 0.0045
vn -0.9993 -0.0363 0.0044
vn -1.0000 -0.0023 0.0003
vn 0.0395 -0.9918 0.1217
vn 0.3784 -0.9188 0.1128
vn 0.0394 -0.9918 0.1218
vn 0.3781 -0.9189 0.1128
vn 0.7048 -0.7041 0.0865
vn 0.7046 -0.7043 0.0865
vn 0.9337 -0.3554 0.0436
vn 0.9337 -0.3554 0.0437
vn 0.9996 -0.0286 0.0035
vn 0.9996 -0.0288 0.0035
vn -0.9994 -0.0334 0.0041
vn -0.9994 -0.0335 0.0041
vn -0.9236 -0.3805 0.0467
vn -0.6996 -0.7092 0.0871
vn -0.6995 -0.7093 0.0871
vn -0.3686 -0.9227 0.1133
vn -0.3684 -0.9227 0.1133
vn -0.0340 -0.9920 0.1218
vn -0.0340 -0.9921 0.1210
vn -0.0218 0.9923 -0.1218
vn -0.3236 0.9391 -0.1153
vn -0.0217 0.9923 -0.1218
vn -0.3237 0.9391 -0.1153
vn -0.6817 0.7262 -0.0889
vn -0.6818 0.7261 -0.0892
vn -0.9252 0.3765 -0.0462
vn -0.9253 0.3764 -0.0463
vn -0.9998 0.0212 -0.0026
vn 0.9998 0.0188 -0.0022
vn 0.9343 0.3538 -0.0435
vn 0.9998 0.0188 -0.0023
vn 0.9343 0.3538 -0.0434
vn 0.6942 0.7144 -0.0877
vn 0.6941 0.7145 -0.0877
vn 0.3248 0.9387 -0.1153
vn 0.3248 0.9388 -0.1152
vn 0.0208 0.9923 -0.1218
vn 0.0208 0.9923 -0.1217
vn 0.0454 0.9915 -0.1217
vn 0.3582 0.9267 -0.1138
vn 0.0451 0.9915 -0.1217
vn 0.3578 0.9268 -0.1138
vn 0.6662 0.7402 -0.0909
vn 0.6660 0.7404 -0.0909
vn 0.9075 0.4170 -0.0512
vn 0.9983 0.0580 -0.0072
vn 0.9983 0.0584 -0.0072
vn 0.9981 -0.0606 0.0074
vn 0.9022 -0.4281 0.0526
vn 0.9981 -0.0609 0.0075
vn 0.9022 -0.4282 0.0526
vn 0.6635 -0.7426 0.0912
vn 0.6634 -0.7426 0.0912
vn 0.3558 -0.9276 0.1139
vn 0.3557 -0.9276 0.1139
vn 0.0450 -0.9915 0.1217
vn 0.0448 -0.9915 0.1218
vn -0.0464 -0.9915 0.1217
vn -0.3473 -0.9308 0.1143
vn -0.0463 -0.9915 0.1217
vn -0.3471 -0.9308 0.1143
vn -0.6586 -0.7468 0.0917
vn -0.6583 -0.7472 0.0918
vn -0.9019 -0.4287 0.0526
vn -0.9018 -0.4290 0.0527
vn -0.9981 -0.0607 0.0075
vn -0.9981 -0.0610 0.0076
vn -0.9983 0.0575 -0.0071
vn -0.9073 0.4174 -0.0512
vn -0.9983 0.0578 -0.0071
vn -0.9073 0.4174 -0.0513
vn -0.6610 0.7448 -0.0915
vn -0.6609 0.7448 -0.0915
vn -0.3496 0.9300 -0.1139
vn -0.0464 0.9915 -0.1217
vn -0.0001 -0.1218 -0.9926
vn 0.0001 -0.1218 -0.9926
vn 0.8305 0.5529 -0.0681
vn 0.7413 0.6662 -0.0815
vn 0.8302 0.5533 -0.0679
vn 0.7411 0.6664 -0.0818
vn 0.4812 0.8701 -0.1068
vn 0.4811 0.8701 -0.1068
vn 0.2454 0.9622 -0.1181
vn 0.2451 0.9623 -0.1182
vn 0.0194 0.9924 -0.1218
vn 0.0192 0.9924 -0.1218
vn -0.0235 0.9923 -0.1216
vn -0.3732 0.9208 -0.1131
vn -0.0236 0.9923 -0.1218
vn -0.7139 0.6950 -0.0853
vn -0.7137 0.6952 -0.0854
vn -0.9315 0.3609 -0.0443
vn -0.9315 0.3610 -0.0443
vn -0.9990 0.0452 -0.0056
vn -0.9990 0.0452 -0.0055
vn -0.0000 -0.9926 0.1215
vn -0.9995 0.0301 -0.0037
vn -0.9911 0.1320 -0.0162
vn -0.9911 0.1321 -0.0162
vn -0.9585 0.2831 -0.0348
vn -0.9584 0.2832 -0.0348
vn -0.8934 0.4458 -0.0547
vn -0.8933 0.4461 -0.0548
vn -0.8068 0.5864 -0.0720
vn -0.8065 0.5869 -0.0721
vn -0.7765 0.6254 -0.0768
vn -0.6460 0.7577 -0.0930
vn -0.6461 0.7576 -0.0930
vn -0.4359 0.8933 -0.1097
vn -0.4357 0.8934 -0.1097
vn -0.2073 0.9710 -0.1192
vn -0.2071 0.9710 -0.1192
vn -0.0258 0.9922 -0.1218
vn -0.0257 0.9922 -0.1218
vn 0.0306 0.9921 -0.1218
vn 0.1994 0.9726 -0.1194
vn 0.0305 0.9921 -0.1218
vn 0.4248 0.8986 -0.1103
vn 0.4247 0.8986 -0.1103
vn 0.6351 0.7667 -0.0942
vn 0.6350 0.7668 -0.0942
vn 0.7668 0.6371 -0.0782
vn 0.7663 0.6377 -0.0783
vn 0.8021 0.5927 -0.0728
vn 0.8747 0.4810 -0.0590
vn 0.8019 0.5930 -0.0728
vn 0.8747 0.4811 -0.0591
vn 0.9458 0.3222 -0.0396
vn 0.9458 0.3225 -0.0396
vn 0.9876 0.1560 -0.0191
vn 0.9875 0.1562 -0.0192
vn 0.9996 0.0267 -0.0033
vn 0.9996 0.0268 -0.0033
vn 0.9996 -0.0282 0.0035
vn 0.9313 -0.3616 0.0444
vn 0.9996 -0.0283 0.0035
vn 0.7463 -0.6607 0.0811
vn 0.7461 -0.6609 0.0815
vn 0.3614 -0.9254 0.1136
vn 0.3611 -0.9256 0.1137
vn 0.0234 -0.9923 0.1218
vn 0.0230 -0.9923 0.1218
vn -0.0203 -0.9923 0.1218
vn -0.2348 -0.9648 0.1185
vn -0.2349 -0.9648 0.1184
vn -0.5120 -0.8526 0.1045
vn -0.5118 -0.8527 0.1043
vn -0.7476 -0.6592 0.0809
vn -0.7474 -0.6594 0.0810
vn -0.8712 -0.4873 0.0599
vn -0.8710 -0.4876 0.0599
vn -0.4649 0.8788 -0.1080
vn -0.4650 0.8787 -0.1080
vn -0.4646 0.8789 -0.1079
vn -0.0000 0.9925 -0.1218
vn 0.0239 -0.9922 0.1222
vn 0.3065 -0.9448 0.1160
vn 0.0239 -0.9923 0.1218
vn 0.5905 -0.8010 0.0985
vn 0.5903 -0.8012 0.0984
vn 0.8638 -0.5001 0.0614
vn 0.8637 -0.5002 0.0614
vn 0.9640 -0.2641 0.0324
vn 0.9639 -0.2642 0.0324
vn -0.6334 -0.7681 0.0939
vn -0.5093 -0.8541 0.1052
vn -0.6334 -0.7681 0.0943
vn -0.5089 -0.8544 0.1051
vn -0.3391 -0.9337 0.1147
vn -0.3386 -0.9339 0.1147
vn -0.1624 -0.9794 0.1203
vn -0.0195 -0.9924 0.1218
vn -0.0194 -0.9924 0.1216
vn -0.9552 -0.2936 0.0359
vn -0.9273 -0.3714 0.0456
vn -0.9552 -0.2937 0.0361
vn -0.9273 -0.3716 0.0456
vn -0.8784 -0.4743 0.0582
vn -0.8784 -0.4745 0.0583
vn -0.7868 -0.6127 0.0752
vn -0.7864 -0.6131 0.0753
vn -0.6707 -0.7362 0.0904
vn -0.6705 -0.7364 0.0900
vn -0.8493 0.5240 -0.0643
vn -0.6664 0.7400 -0.0909
vn -0.8490 0.5244 -0.0644
vn -0.6661 0.7403 -0.0909
vn -0.4187 0.9013 -0.1107
vn -0.4185 0.9015 -0.1107
vn -0.2126 0.9698 -0.1191
vn -0.2125 0.9699 -0.1191
vn -0.0220 0.9923 -0.1218
vn -0.0219 0.9923 -0.1218
vn 0.0149 0.9924 -0.1219
vn 0.3388 0.9338 -0.1147
vn 0.0150 0.9924 -0.1219
vn 0.3389 0.9338 -0.1147
vn 0.6773 0.7302 -0.0897
vn 0.6770 0.7305 -0.0897
vn 0.9141 0.4025 -0.0494
vn 0.9140 0.4027 -0.0495
vn 0.9999 0.0146 -0.0018
vn 0.9997 -0.0257 0.0031
vn 0.9116 -0.4079 0.0501
vn 0.9997 -0.0259 0.0032
vn 0.9116 -0.4081 0.0501
vn 0.6715 -0.7355 0.0903
vn 0.6712 -0.7358 0.0904
vn 0.3307 -0.9367 0.1150
vn 0.0180 -0.9924 0.1218
vn 0.0180 -0.9924 0.1219
vn -0.0080 -0.9925 0.1219
vn -0.1971 -0.9731 0.1195
vn -0.0079 -0.9925 0.1219
vn -0.1970 -0.9731 0.1195
vn -0.4296 -0.8963 0.1100
vn -0.4295 -0.8963 0.1101
vn -0.6554 -0.7496 0.0920
vn -0.6552 -0.7499 0.0921
vn -0.8265 -0.5588 0.0686
vn -0.8261 -0.5593 0.0687
vn -0.5486 0.8298 -0.1021
vn -0.5482 0.8302 -0.1018
vn -0.5480 0.8303 -0.1020
vn 0.7638 0.6407 -0.0785
vn 0.6359 0.7660 -0.0941
vn 0.7635 0.6410 -0.0787
vn 0.6356 0.7662 -0.0941
vn 0.4351 0.8937 -0.1097
vn 0.4350 0.8937 -0.1097
vn 0.2102 0.9704 -0.1191
vn 0.2100 0.9704 -0.1192
vn 0.0280 0.9922 -0.1218
vn 0.0279 0.9922 -0.1218
vn -0.0319 0.9920 -0.1217
vn -0.3318 0.9363 -0.1150
vn -0.0318 0.9920 -0.1218
vn -0.6723 0.7347 -0.0902
vn -0.6722 0.7348 -0.0902
vn -0.9123 0.4065 -0.0499
vn -0.9122 0.4066 -0.0499
vn -0.9992 0.0394 -0.0048
vn -0.9992 0.0395 -0.0049
vn -0.9997 -0.0258 0.0031
vn -0.9093 -0.4131 0.0507
vn -0.9997 -0.0260 0.0032
vn -0.9092 -0.4132 0.0507
vn -0.6658 -0.7406 0.0909
vn -0.3232 -0.9393 0.1153
vn -0.3231 -0.9393 0.1153
vn -0.0275 -0.9922 0.1218
vn 0.0264 -0.9922 0.1218
vn 0.2002 -0.9724 0.1194
vn 0.0263 -0.9922 0.1218
vn 0.2002 -0.9725 0.1194
vn 0.4281 -0.8970 0.1101
vn 0.4279 -0.8971 0.1102
vn 0.6400 -0.7627 0.0937
vn 0.6398 -0.7628 0.0937
vn 0.7791 -0.6222 0.0764
vn 0.7791 -0.6222 0.0762
vn -0.5276 -0.8431 0.1036
vn -0.5278 -0.8430 0.1036
vn -0.5278 -0.8430 0.1037
vn -1.0000 -0.0012 0.0001
vn -1.0000 -0.0012 0.0002
vn -0.9998 -0.0175 0.0021
vn -0.9998 -0.0175 0.0022
vn -0.9989 -0.0472 0.0058
vn -0.9942 -0.1071 0.0131
vn -0.9942 -0.1072 0.0132
vn -0.9742 -0.2239 0.0275
vn -0.9742 -0.2240 0.0275
vn -0.9601 -0.2774 0.0341
vn -0.8299 -0.5537 0.0680
vn -0.9601 -0.2775 0.0341
vn -0.8299 -0.5538 0.0681
vn -0.6228 -0.7765 0.0954
vn -0.6228 -0.7765 0.0953
vn -0.3365 -0.9346 0.1148
vn -0.3364 -0.9347 0.1148
vn -0.0188 -0.9924 0.1218
vn -0.0187 -0.9924 0.1215
vn 0.0299 -0.9921 0.1214
vn 0.2578 -0.9590 0.1180
vn 0.0298 -0.9921 0.1218
vn 0.2578 -0.9590 0.1178
vn 0.5994 -0.7945 0.0975
vn 0.5993 -0.7946 0.0976
vn 0.8642 -0.4994 0.0613
vn 0.8640 -0.4997 0.0613
vn 0.9610 -0.2745 0.0337
vn 0.9608 -0.2750 0.0338
vn 0.9771 -0.2112 0.0259
vn 0.9958 -0.0904 0.0111
vn 0.9989 -0.0455 0.0056
vn 0.9999 -0.0132 0.0016
vn 1.0000 -0.0010 0.0001
vn 1.0000 -0.0001 -0.0000
vn -1.0000 0.0014 -0.0002
vn -0.9897 0.1423 -0.0175
vn -0.9897 0.1424 -0.0175
vn -0.8422 0.5352 -0.0657
vn -0.8420 0.5354 -0.0657
vn -0.4595 0.8815 -0.1083
vn -0.4594 0.8816 -0.1082
vn -0.0368 0.9919 -0.1218
vn 0.0347 0.9919 -0.1218
vn 0.2543 0.9599 -0.1179
vn 0.2543 0.9599 -0.1178
vn 0.4924 0.8639 -0.1061
vn 0.4921 0.8641 -0.1061
vn 0.6764 0.7311 -0.0898
vn 0.6761 0.7313 -0.0898
vn 0.7808 0.6201 -0.0762
vn 0.7806 0.6203 -0.0762
vn -0.0000 -0.1218 -0.9926
vn 0.0002 -0.1219 -0.9925
vn -0.0000 0.0158 0.9999
vn -0.0000 -0.5285 -0.8489
vn -0.0000 -0.2233 -0.9747
vn -0.0001 -0.1341 -0.9910
vn -0.0000 0.1924 -0.9813
vn -0.0001 0.2839 -0.9589
vn -0.0000 0.5749 -0.8182
vn -0.0000 0.6520 -0.7582
vn -0.0001 0.8580 -0.5136
vn -0.0000 0.9055 -0.4243
vn -0.0000 0.9927 -0.1202
vn -0.0000 0.9999 -0.0158
vn -0.0000 0.9558 0.2940
vn -0.0001 0.9185 0.3955
vn -0.0000 0.7536 0.6573
vn -0.0001 0.6757 0.7372
vn -0.0000 0.4211 0.9070
vn -0.0001 0.3140 0.9494
vn -0.0000 -0.1027 0.9947
vn -0.0000 -0.3922 0.9199
vn -0.0000 -0.5014 0.8652
vn -0.0000 -0.5015 0.8652
vn -0.0001 -0.7325 0.6808
vn -0.0000 -0.8059 0.5920
vn -0.0000 -0.9461 0.3240
vn -0.0000 -0.9755 0.2199
vn -0.0000 -0.9961 -0.0888
vn 0.0001 -0.9820 -0.1890
vn -0.0001 -0.8738 -0.4863
vn -0.0000 -0.8242 -0.5663
vn -0.0001 -0.6005 -0.7996
vn -0.0000 0.8580 -0.5136
vn -0.0000 0.8738 0.4863
vn -0.0000 0.5136 0.8580
vn -0.0000 -0.4863 0.8738
vn -0.0000 -0.8580 0.5136
vn -0.0000 -0.9999 0.0158
vn -0.0000 -0.8738 -0.4863
vn -0.0000 -0.5136 -0.8580
vn -0.0000 -0.0158 -0.9999
vn -0.0000 0.4863 -0.8738
vn 0.0005 -0.0158 -0.9999
vn 0.0007 -0.0158 -0.9999
vn -0.0003 -0.0158 -0.9999
vn -0.0007 -0.0158 -0.9999
vn -0.0001 -0.0158 -0.9999
vn 0.9505 -0.3082 0.0398
vn 0.9743 -0.2218 0.0384
vn 0.9994 0.0005 0.0349
vn 0.9004 -0.4330 0.0417
vn 0.9004 -0.4330 0.0418
vn 0.7814 -0.6225 0.0447
vn 0.8008 -0.5973 0.0443
vn 0.6801 -0.7317 0.0465
vn 0.7814 -0.6224 0.0448
vn 0.8085 -0.5868 0.0442
vn 0.7813 -0.6226 0.0447
vn 0.6231 -0.7807 0.0472
vn 0.5946 -0.8026 0.0476
vn 0.4853 -0.8730 0.0487
vn 0.5874 -0.8079 0.0477
vn 0.3088 -0.9498 0.0499
vn -0.0000 -0.9987 0.0506
vn 0.0362 -0.9981 0.0507
vn 0.0664 -0.9965 0.0507
vn 0.1074 -0.9929 0.0506
vn 0.1619 -0.9855 0.0505
vn 0.2356 -0.9706 0.0502
vn 0.3387 -0.9396 0.0497
vn 0.4183 -0.9070 0.0492
vn 0.8820 -0.4694 0.0423
vn 0.9367 -0.3478 0.0404
vn 0.9717 -0.2331 0.0386
vn 0.9914 -0.1254 0.0369
vn 0.9744 -0.2217 0.0384
vn 0.9991 -0.0253 0.0353
vn 0.9992 -0.0169 0.0352
vn 0.9994 -0.0081 0.0350
vn 0.9994 0.0006 0.0349
vn -0.9994 0.0005 0.0349
vn -0.9983 -0.0452 0.0356
vn -0.9950 -0.0933 0.0364
vn -0.9743 -0.2218 0.0384
vn -0.9004 -0.4330 0.0417
vn -0.9003 -0.4332 0.0417
vn -0.7810 -0.6229 0.0448
vn -0.7807 -0.6233 0.0448
vn -0.6231 -0.7807 0.0472
vn -0.5395 -0.8406 0.0482
vn -0.6457 -0.7622 0.0469
vn -0.7804 -0.6237 0.0448
vn -0.9003 -0.4333 0.0418
vn -0.7801 -0.6240 0.0448
vn -0.8290 -0.5575 0.0437
vn -0.9022 -0.4294 0.0417
vn -0.9798 -0.1965 0.0380
vn -0.7204 -0.6920 0.0458
vn -0.3841 -0.9219 0.0495
vn -0.5874 -0.8079 0.0477
vn -0.8085 -0.5868 0.0442
vn -0.9505 -0.3082 0.0398
vn -0.3088 -0.9498 0.0499
vn -0.2662 -0.9626 0.0501
vn -0.1747 -0.9833 0.0504
vn -0.1093 -0.9927 0.0506
vn -0.0621 -0.9968 0.0507
vn -0.0001 -0.9987 0.0508
vn -0.9994 0.0006 0.0349
vn -0.9994 0.0008 0.0349
vn -0.9505 0.3093 0.0300
vn -0.9743 0.2229 0.0314
vn -0.9004 0.4341 0.0282
vn -0.9004 0.4341 0.0280
vn -0.8290 0.5586 0.0261
vn -0.9950 0.0944 0.0334
vn -0.9983 0.0463 0.0342
vn -0.8085 0.5879 0.0256
vn -0.7809 0.6241 0.0251
vn -0.5874 0.8090 0.0221
vn -0.6231 0.7818 0.0226
vn -0.5395 0.8417 0.0216
vn -0.6231 0.7818 0.0225
vn -0.6457 0.7633 0.0228
vn -0.7807 0.6244 0.0250
vn -0.7204 0.6931 0.0240
vn -0.7804 0.6248 0.0250
vn -0.7801 0.6252 0.0250
vn -0.3841 0.9231 0.0203
vn -0.3088 0.9509 0.0199
vn -0.2662 0.9637 0.0197
vn -0.1747 0.9844 0.0194
vn -0.1093 0.9938 0.0192
vn -0.0622 0.9979 0.0192
vn -0.0000 0.9998 0.0192
vn -0.9022 0.4305 0.0281
vn -0.9798 0.1976 0.0318
vn -0.9005 0.4340 0.0280
vn 0.9942 0.1023 0.0333
vn 0.9744 0.2228 0.0314
vn 0.9505 0.3093 0.0300
vn 0.9004 0.4341 0.0280
vn 0.8085 0.5879 0.0256
vn 0.7814 0.6236 0.0251
vn 0.6231 0.7818 0.0226
vn 0.7814 0.6235 0.0251
vn 0.6969 0.7168 0.0236
vn 0.6127 0.7900 0.0224
vn 0.9768 0.2118 0.0316
vn 0.9743 0.2229 0.0314
vn 0.9441 0.3282 0.0297
vn 0.8919 0.4513 0.0278
vn 0.8138 0.5805 0.0257
vn 0.9743 0.2230 0.0314
vn 0.7814 0.6236 0.0250
vn 0.5035 0.8637 0.0213
vn 0.4354 0.9000 0.0207
vn 0.5874 0.8090 0.0221
vn 0.3536 0.9352 0.0201
vn 0.3088 0.9509 0.0199
vn 0.2458 0.9691 0.0196
vn 0.1676 0.9857 0.0193
vn 0.1096 0.9938 0.0192
vn 0.0656 0.9977 0.0192
vn 0.0349 0.9992 0.0191
vn 0.0001 0.9998 0.0191
vn -0.0334 0.9993 -0.0158
vn -0.0588 0.9981 -0.0158
vn -0.0945 0.9954 -0.0157
vn -0.2160 0.9763 -0.0154
vn -0.1453 0.9893 -0.0156
vn -0.2137 0.9768 -0.0154
vn -0.3120 0.9500 -0.0150
vn -0.4219 0.9065 -0.0146
vn -0.3878 0.9216 -0.0146
vn -0.4478 0.8940 -0.0141
vn -0.5015 0.8650 -0.0137
vn -0.5509 0.8345 -0.0132
vn -0.6078 0.7940 -0.0126
vn -0.6398 0.7684 -0.0121
vn -0.7650 0.6440 -0.0102
vn -0.7836 0.6212 -0.0098
vn -0.8398 0.5428 -0.0086
vn -0.8642 0.5031 -0.0079
vn -0.8860 0.4636 -0.0073
vn 0.8860 0.4636 -0.0073
vn 0.7650 0.6440 -0.0102
vn 0.8357 0.5491 -0.0087
vn 0.7755 0.6313 -0.0100
vn 0.7057 0.7084 -0.0112
vn 0.6078 0.7940 -0.0125
vn 0.6259 0.7798 -0.0123
vn 0.5349 0.8448 -0.0133
vn 0.4219 0.9065 -0.0143
vn 0.4282 0.9036 -0.0143
vn 0.3632 0.9316 -0.0147
vn 0.2881 0.9575 -0.0151
vn 0.2160 0.9763 -0.0153
vn 0.2449 0.9694 -0.0153
vn 0.1956 0.9806 -0.0155
vn 0.1338 0.9909 -0.0157
vn 0.0905 0.9958 -0.0157
vn -0.0000 0.9999 -0.0161
vn 0.0589 0.9981 -0.0158
vn 0.0352 0.9993 -0.0158
vn 0.0188 0.9997 -0.0158
vn 0.0190 -0.9997 0.0158
vn 0.0349 -0.9993 0.0158
vn 0.0566 -0.9983 0.0158
vn 0.0856 -0.9962 0.0157
vn 0.1255 -0.9920 0.0157
vn 0.2253 -0.9742 0.0155
vn 0.1832 -0.9830 0.0155
vn 0.2298 -0.9731 0.0154
vn 0.2711 -0.9624 0.0152
vn 0.3438 -0.9389 0.0148
vn 0.4390 -0.8984 0.0141
vn 0.4074 -0.9131 0.0144
vn 0.5136 -0.8579 0.0136
vn 0.6301 -0.7764 0.0123
vn 0.6046 -0.7964 0.0126
vn 0.6845 -0.7289 0.0115
vn 0.7889 -0.6145 0.0097
vn 0.7547 -0.6559 0.0104
vn 0.8159 -0.5781 0.0091
vn 0.8170 -0.5766 0.0092
vn 0.8433 -0.5373 0.0086
vn 0.8677 -0.4970 0.0078
vn -0.8860 -0.4636 0.0073
vn -0.8405 -0.5417 0.0085
vn -0.8642 -0.5031 0.0080
vn -0.8398 -0.5428 0.0086
vn -0.7883 -0.6152 0.0097
vn -0.7836 -0.6212 0.0098
vn -0.7296 -0.6838 0.0108
vn -0.6398 -0.7685 0.0121
vn -0.5755 -0.8177 0.0129
vn -0.5509 -0.8344 0.0132
vn -0.5015 -0.8651 0.0137
vn -0.3975 -0.9175 0.0144
vn -0.4478 -0.8940 0.0141
vn -0.3878 -0.9216 0.0146
vn -0.3120 -0.9500 0.0150
vn -0.2030 -0.9791 0.0155
vn -0.2137 -0.9768 0.0154
vn -0.1453 -0.9893 0.0156
vn -0.0944 -0.9954 0.0157
vn -0.0000 -0.9999 0.0155
vn -0.0588 -0.9981 0.0158
vn -0.0334 -0.9993 0.0158
vn 0.0003 0.0158 0.9999
vn 0.0001 0.0158 0.9999
vn 0.0005 0.0158 0.9999
vn 0.9915 -0.1298 0.0021
vn 0.9816 -0.1910 0.0030
vn 0.9663 -0.2574 0.0041
vn 0.9270 -0.3750 0.0059
vn 0.9247 -0.3807 0.0060
vn 0.8383 -0.5452 0.0084
vn 0.8358 -0.5490 0.0087
vn 0.7186 -0.6953 0.0108
vn 0.7165 -0.6975 0.0114
vn 0.5725 -0.8198 0.0126
vn 0.5713 -0.8207 0.0131
vn 0.4054 -0.9140 0.0144
vn -0.1990 -0.9799 0.0155
vn -0.2138 -0.9768 0.0154
vn -0.3901 -0.9207 0.0146
vn -0.4177 -0.9085 0.0144
vn -0.5656 -0.8246 0.0130
vn -0.6023 -0.7982 0.0126
vn -0.7184 -0.6955 0.0110
vn -0.7590 -0.6510 0.0103
vn -0.8425 -0.5386 0.0085
vn -0.8806 -0.4737 0.0075
vn -0.9089 -0.4169 0.0066
vn -0.9616 -0.2745 0.0043
vn -0.9578 -0.2873 0.0045
vn -0.9884 -0.1521 0.0024
vn -0.9980 -0.0627 0.0010
vn -0.9987 -0.0508 0.0008
vn -0.9987 0.0509 -0.0008
vn -0.9884 0.1521 -0.0024
vn -0.0001 -0.5015 0.8652
vn -0.0000 0.3140 0.9494
vn -0.0000 0.3141 0.9494
vn -0.0000 0.6756 0.7372
vn -0.0000 0.9185 0.3955
vn -0.0000 0.2839 -0.9589
vn -0.0000 -0.1341 -0.9910
vn -0.0000 -0.5286 -0.8489
vn -0.0000 0.0157 0.9999
vn 0.0001 0.0152 0.9999
vn -0.0001 0.0154 0.9999
vn -0.0750 0.3148 0.9462
vn -0.0000 0.3240 0.9461
vn -0.0000 0.6005 0.7996
vn -0.1426 0.5829 0.7999
vn -0.0000 0.8182 0.5749
vn -0.1963 0.7940 0.5753
vn -0.0000 0.9558 0.2939
vn -0.2308 0.9274 0.2943
vn -0.2427 0.9700 -0.0153
vn -0.4478 0.8438 0.2957
vn -0.4708 0.8821 -0.0139
vn -0.6380 0.7101 0.2978
vn -0.6708 0.7415 -0.0116
vn -0.7901 0.5343 0.3006
vn -0.8307 0.5566 -0.0088
vn -0.8949 0.3267 0.3039
vn -0.9410 0.3384 -0.0053
vn -0.9756 0.1023 0.1942
vn -0.9950 0.1000 -0.0016
vn -0.9182 0.1029 0.3825
vn -0.7613 0.2831 0.5834
vn -0.6721 0.4596 0.5806
vn -0.5427 0.6092 0.5782
vn -0.3809 0.7229 0.5764
vn -0.8253 0.1012 0.5556
vn -0.7003 0.0969 0.7072
vn -0.5531 0.2117 0.8058
vn -0.5488 0.0888 0.8312
vn -0.3768 0.0753 0.9232
vn -0.2906 0.1196 0.9493
vn -0.1917 0.0533 0.9800
vn -0.0034 0.0147 0.9999
vn -0.2567 0.1870 0.9482
vn -0.2073 0.2442 0.9473
vn -0.3943 0.4486 0.8020
vn -0.2768 0.5313 0.8007
vn -0.1455 0.2876 0.9466
vn -0.4883 0.3399 0.8038
vn -0.1918 -0.0235 0.9811
vn -0.2908 -0.0896 0.9526
vn -0.2568 -0.1569 0.9536
vn -0.2073 -0.2141 0.9546
vn -0.4883 -0.3144 0.8141
vn -0.3943 -0.4231 0.8158
vn -0.6721 -0.4410 0.5948
vn -0.5427 -0.5906 0.5972
vn -0.7901 -0.5245 0.3173
vn -0.6380 -0.7004 0.3201
vn -0.8307 -0.5566 0.0088
vn -0.6708 -0.7415 0.0117
vn -0.3768 -0.0461 0.9251
vn -0.5531 -0.1861 0.8121
vn -0.5488 -0.0625 0.8336
vn -0.7003 -0.0745 0.7099
vn -0.7613 -0.2645 0.5920
vn -0.8252 -0.0837 0.5585
vn -0.9182 -0.0907 0.3855
vn -0.8949 -0.3170 0.3141
vn -0.9756 -0.0961 0.1974
vn -0.9410 -0.3384 0.0054
vn -0.9950 -0.1000 0.0016
vn -0.4478 -0.8341 0.3222
vn -0.4708 -0.8821 0.0140
vn -0.2308 -0.9176 0.3235
vn -0.2427 -0.9700 0.0153
vn -0.0000 -0.7996 0.6005
vn -0.1963 -0.7755 0.6001
vn -0.3809 -0.7044 0.5990
vn -0.0000 -0.5749 0.8182
vn -0.1426 -0.5574 0.8179
vn -0.2767 -0.5057 0.8171
vn -0.0000 -0.2940 0.9558
vn -0.0750 -0.2847 0.9557
vn -0.1455 -0.2576 0.9552
vn -0.0000 0.9999 -0.0157
vn 0.2427 0.9700 -0.0153
vn 0.2308 0.9274 0.2944
vn 0.4708 0.8821 -0.0139
vn 0.4478 0.8438 0.2957
vn 0.6708 0.7415 -0.0116
vn 0.6380 0.7101 0.2978
vn 0.8307 0.5566 -0.0088
vn 0.7901 0.5343 0.3006
vn 0.9410 0.3384 -0.0053
vn 0.8949 0.3267 0.3039
vn 0.9756 0.1023 0.1942
vn 0.9182 0.1029 0.3825
vn 0.7613 0.2831 0.5834
vn 0.8253 0.1012 0.5556
vn 0.7003 0.0969 0.7072
vn 0.5531 0.2117 0.8058
vn 0.5488 0.0888 0.8312
vn 0.3768 0.0753 0.9232
vn 0.2908 0.1196 0.9493
vn 0.1917 0.0524 0.9800
vn 0.0033 0.0143 0.9999
vn 0.1963 0.7940 0.5753
vn 0.3809 0.7229 0.5764
vn 0.5427 0.6092 0.5782
vn 0.6721 0.4596 0.5806
vn 0.1426 0.5829 0.7999
vn 0.2767 0.5313 0.8007
vn 0.3943 0.4486 0.8020
vn 0.4883 0.3399 0.8038
vn 0.0750 0.3148 0.9462
vn 0.1455 0.2876 0.9466
vn 0.2073 0.2442 0.9473
vn 0.2567 0.1870 0.9482
vn 0.9950 0.1000 -0.0016
vn 0.0750 -0.2847 0.9557
vn 0.1426 -0.5574 0.8179
vn 0.1963 -0.7755 0.6001
vn 0.2308 -0.9176 0.3235
vn 0.2427 -0.9700 0.0153
vn 0.4478 -0.8341 0.3222
vn 0.4708 -0.8821 0.0140
vn 0.6380 -0.7004 0.3201
vn 0.6708 -0.7415 0.0117
vn 0.7901 -0.5245 0.3173
vn 0.8307 -0.5566 0.0089
vn 0.8949 -0.3170 0.3141
vn 0.9410 -0.3384 0.0054
vn 0.9756 -0.0961 0.1974
vn 0.9950 -0.1000 0.0016
vn 0.9182 -0.0907 0.3855
vn 0.7613 -0.2645 0.5920
vn 0.6721 -0.4410 0.5948
vn 0.5427 -0.5906 0.5972
vn 0.3809 -0.7044 0.5990
vn 0.8252 -0.0837 0.5585
vn 0.7003 -0.0745 0.7099
vn 0.5531 -0.1861 0.8121
vn 0.5488 -0.0625 0.8336
vn 0.3768 -0.0461 0.9251
vn 0.2906 -0.0896 0.9526
vn 0.1917 -0.0223 0.9812
vn 0.2567 -0.1570 0.9537
vn 0.2073 -0.2141 0.9546
vn 0.3943 -0.4231 0.8158
vn 0.2767 -0.5057 0.8171
vn 0.1455 -0.2576 0.9552
vn 0.4883 -0.3144 0.8141
vt -0.400000 0.000000
vt -0.400000 -0.100000
vt 0.750000 0.000000
vt 4.100000 -0.100000
vt 2.950000 0.000000
vt 4.100000 0.000000
vt 4.080422 0.123607
vt 2.950000 0.300000
vt 4.023607 0.235114
vt 3.935114 0.323607
vt 3.823607 0.380423
vt 3.700000 0.400000
vt -0.000000 0.400000
vt 0.750000 0.300000
vt -0.123607 0.380423
vt -0.235114 0.323607
vt -0.323607 0.235114
vt -0.380423 0.123607
vt 0.068868 2.616658
vt 0.073304 2.550000
vt 2.000000 2.750000
vt 2.050000 2.550000
vt 2.125000 2.570096
vt 2.179904 2.625000
vt 2.200000 2.700000
vt 2.000000 7.250000
vt 2.200000 7.300000
vt 2.125000 7.429904
vt 2.179904 7.375000
vt 2.050000 7.450000
vt 0.073304 7.450000
vt 0.068868 7.383342
vt 0.064571 7.316676
vt 0.060411 7.250000
vt 0.060411 2.750000
vt 0.064571 2.683325
vt 0.000000 -0.350000
vt -0.108156 -0.332870
vt -0.357071 -0.350000
vt -0.205725 -0.283156
vt -0.283156 -0.205725
vt -0.434670 -0.247108
vt -0.332870 -0.108156
vt -0.483392 -0.127799
vt -0.350000 0.000000
vt -0.500000 0.000000
vt -0.483392 0.127799
vt -0.332870 0.108156
vt -0.434670 0.247108
vt -0.283156 0.205725
vt -0.357071 0.350000
vt -0.205725 0.283156
vt -0.108156 0.332870
vt 0.000000 0.350000
vt 4.721503 0.500000
vt 5.278497 0.500000
vt 4.721503 1.500000
vt 5.278497 1.500000
vt 1.350000 -1.972737
vt 1.250000 -1.972737
vt 1.350000 -2.039542
vt 0.159376 -2.053540
vt 1.350000 -2.106347
vt 0.281968 -2.119685
vt 1.350000 -2.173152
vt 0.415345 -2.159856
vt 0.550000 -2.173152
vt 0.054895 -1.967571
vt 1.173056 -1.965142
vt 1.096839 -1.942196
vt 1.026784 -1.904408
vt -0.030848 -1.862864
vt 0.967077 -1.855292
vt 0.918080 -1.795464
vt -0.096758 -1.740126
vt 0.880419 -1.725331
vt 0.857563 -1.649079
vt -0.136762 -1.606684
vt 0.850000 -1.572127
vt -0.150000 -1.472016
vt 0.850000 -1.048085
vt -0.150000 -0.981344
vt 0.850000 -0.524042
vt -0.150000 -0.490672
vt 0.850000 0.000000
vt -0.150000 0.000000
vt -0.150000 0.490672
vt 0.850000 0.524042
vt -0.150000 0.981344
vt 0.850000 1.048085
vt -0.150000 1.472016
vt 0.850000 1.572127
vt -0.136762 1.606684
vt 0.857563 1.649081
vt -0.096758 1.740126
vt 0.880420 1.725335
vt 0.918082 1.795468
vt -0.030848 1.862864
vt 0.967078 1.855292
vt 1.026788 1.904411
vt 0.054895 1.967571
vt 1.096843 1.942197
vt 1.173057 1.965142
vt 1.250000 1.972737
vt 1.350000 2.039542
vt 0.159376 2.053540
vt 1.350000 2.106347
vt 0.281968 2.119685
vt 0.550000 2.173152
vt 0.415345 2.159856
vt 1.350000 1.972737
vt 1.350000 2.173152
vt 0.108156 0.332870
vt 0.357071 0.350000
vt 0.205725 0.283156
vt 0.283156 0.205725
vt 0.434670 0.247108
vt 0.332870 0.108156
vt 0.483392 0.127799
vt 0.350000 0.000000
vt 0.500000 0.000000
vt 0.483392 -0.127799
vt 0.332870 -0.108156
vt 0.434670 -0.247108
vt 0.283156 -0.205725
vt 0.357071 -0.350000
vt 0.205725 -0.283156
vt 0.108156 -0.332870
vt 1.961629 0.628319
vt 1.957779 0.705676
vt 0.000000 0.628319
vt 0.000000 0.753982
vt 1.953788 0.785322
vt 0.000000 0.879646
vt 1.949955 0.864977
vt 1.946566 0.942365
vt 0.000000 1.005310
vt 1.943700 1.019755
vt 1.941444 1.099463
vt 0.000000 1.130973
vt 1.940054 1.179189
vt 0.000000 1.256637
vt 1.939589 1.256637
vt -2.000000 2.128497
vt -2.000000 1.571503
vt -0.000000 0.000000
vt -1.995736 1.047483
vt -1.982944 0.523603
vt -1.961629 0.000000
vt -0.000000 3.700000
vt -1.995736 2.652517
vt -1.982944 3.176397
vt -1.961629 3.700000
vt 1.939589 0.000000
vt 1.940054 0.077447
vt 0.000000 0.125664
vt 1.941444 0.157171
vt 0.000000 0.251327
vt 1.943699 0.236877
vt 1.946566 0.314272
vt 0.000000 0.376991
vt 1.949955 0.391656
vt 1.953788 0.471312
vt 0.000000 0.502655
vt 1.957779 0.550960
vt 4.200000 -0.750000
vt 4.250000 -0.750000
vt 4.200000 0.000000
vt 4.250000 0.000000
vt 4.182449 0.155765
vt 4.231196 0.166891
vt 4.130678 0.303719
vt 4.175726 0.325413
vt 4.047282 0.436443
vt 4.086374 0.467617
vt 3.936443 0.547282
vt 3.967617 0.586374
vt 3.803719 0.630678
vt 3.825413 0.675727
vt 3.655765 0.682450
vt 3.666891 0.731196
vt 3.500000 0.700000
vt 3.500000 0.750000
vt -0.000000 0.750000
vt -0.000000 0.700000
vt -0.166891 0.731196
vt -0.155765 0.682450
vt -0.325413 0.675727
vt -0.303719 0.630678
vt -0.467617 0.586374
vt -0.436443 0.547282
vt -0.586374 0.467617
vt -0.547282 0.436443
vt -0.675727 0.325413
vt -0.630678 0.303719
vt -0.731196 0.166891
vt -0.682450 0.155765
vt -0.750000 0.000000
vt -0.700000 0.000000
vt -0.700000 -0.750000
vt -0.750000 -0.750000
vt -1.818948 1.697722
vt -1.955088 1.526093
vt -1.800000 1.350000
vt -1.955088 1.173907
vt -1.818948 1.002278
vt -1.995687 0.824068
vt -1.875569 0.658674
vt -2.076345 0.481242
vt -1.969192 0.323257
vt -2.195985 0.150000
vt -2.098707 0.000000
vt -7.804015 0.150000
vt -7.901293 0.000000
vt -8.030808 0.323257
vt -7.923655 0.481242
vt -8.124431 0.658674
vt -8.004313 0.824068
vt -8.181051 1.002278
vt -8.044912 1.173907
vt -8.200000 1.350000
vt -8.044912 1.526093
vt -8.181051 1.697722
vt -8.004313 1.875932
vt -8.124431 2.041326
vt -7.923655 2.218758
vt -8.030808 2.376743
vt -7.804015 2.550000
vt -7.901293 2.700000
vt -2.195985 2.550000
vt -2.098707 2.700000
vt -1.969192 2.376743
vt -2.076345 2.218758
vt -1.875569 2.041326
vt -1.995687 1.875932
vt 0.000000 8.348518
vt 0.100000 8.348518
vt 0.000000 8.700901
vt 0.100000 8.700901
vt 0.000000 9.053284
vt 0.100000 9.053284
vt 0.000000 9.405666
vt 0.100000 9.405666
vt 0.000000 9.758049
vt 0.100000 9.758049
vt 0.000000 10.110431
vt 0.100000 10.110431
vt 0.000000 10.462813
vt 0.100000 10.462813
vt 0.000000 10.815196
vt 0.100000 10.815196
vt 0.100000 0.000000
vt -0.000000 -1.822944
vt 0.100000 -5.608030
vt -0.000000 -3.785086
vt -0.000000 -3.862315
vt -0.100000 -3.785086
vt -0.100000 -3.862315
vt -0.000000 -1.745714
vt -0.100000 -1.745714
vt -0.100000 -1.822944
vt -0.000000 -5.608030
vt 0.000000 -1.233338
vt 0.100000 -1.233338
vt 0.000000 -0.880956
vt 0.100000 -0.880956
vt 0.000000 -0.528574
vt 0.100000 -0.528574
vt 0.000000 -0.176191
vt 0.100000 -0.176191
vt 0.000000 0.176191
vt 0.100000 0.176191
vt 0.000000 0.528574
vt 0.100000 0.528574
vt 0.000000 0.880956
vt 0.100000 0.880956
vt 0.000000 1.233338
vt 0.100000 1.233338
vt -0.100000 0.000000
vt -0.000000 3.785086
vt -0.100000 5.608030
vt -0.000000 3.862315
vt -0.000000 5.608030
vt -0.000000 1.745714
vt -0.000000 1.822944
vt 0.100000 1.745714
vt 0.100000 1.822944
vt 0.100000 3.785086
vt 0.100000 3.862315
vt 0.000000 -0.192549
vt 0.000000 0.000000
vt 0.100000 0.192549
vt 0.000000 0.192549
vt 0.100000 0.385098
vt 0.000000 0.385098
vt 0.100000 0.577648
vt 0.000000 0.577648
vt 0.100000 0.770197
vt 0.000000 0.770197
vt 0.100000 0.962746
vt 0.000000 0.962746
vt 0.100000 1.155295
vt 0.000000 1.155295
vt 0.100000 1.347845
vt 0.000000 1.347845
vt 0.100000 1.540394
vt 0.000000 1.540394
vt 0.100000 1.732943
vt 0.000000 1.732943
vt 0.100000 1.925492
vt 0.000000 1.925492
vt 0.100000 2.118042
vt 0.000000 2.118042
vt 0.100000 2.310591
vt 0.000000 2.310591
vt 0.100000 2.503140
vt 0.000000 2.503140
vt 0.100000 2.695689
vt 0.000000 2.695689
vt 0.100000 2.888238
vt 0.000000 2.888238
vt 0.000000 -3.080788
vt 0.100000 -3.080788
vt 0.100000 -2.888238
vt 0.000000 -2.888238
vt 0.100000 -2.695689
vt 0.000000 -2.695689
vt 0.100000 -2.503140
vt 0.000000 -2.503140
vt 0.100000 -2.310591
vt 0.000000 -2.310591
vt 0.100000 -2.118042
vt 0.000000 -2.118042
vt 0.100000 -1.925492
vt 0.000000 -1.925492
vt 0.100000 -1.732943
vt 0.000000 -1.732943
vt 0.100000 -1.540394
vt 0.000000 -1.540394
vt 0.100000 -1.347845
vt 0.000000 -1.347845
vt 0.100000 -1.155295
vt 0.000000 -1.155295
vt 0.100000 -0.962746
vt 0.000000 -0.962746
vt 0.100000 -0.770197
vt 0.000000 -0.770197
vt 0.100000 -0.577648
vt 0.000000 -0.577648
vt 0.100000 -0.385098
vt 0.000000 -0.385098
vt 0.100000 -0.192549
vt 0.000000 3.669649
vt 0.100000 3.669649
vt 0.000000 3.916358
vt 0.100000 3.916358
vt 0.000000 4.163067
vt 0.100000 4.163067
vt 0.000000 4.409776
vt 0.100000 4.409776
vt 0.000000 4.656485
vt 0.100000 4.656485
vt 0.000000 4.903194
vt 0.100000 4.903194
vt 0.000000 5.149903
vt 0.100000 5.149903
vt 0.000000 5.396612
vt 0.100000 5.396612
vt 0.000000 5.643321
vt 0.100000 5.643321
vt 0.000000 5.890029
vt 0.100000 5.890029
vt 0.000000 6.136739
vt 0.100000 6.136739
vt 0.000000 6.383448
vt 0.100000 6.383448
vt -0.000000 -3.497036
vt -0.100000 -3.497036
vt -0.000000 -3.746569
vt -0.100000 -3.746569
vt -0.000000 -3.996103
vt -0.100000 -3.996103
vt -0.000000 -4.245636
vt -0.100000 -4.245636
vt -0.000000 -4.495169
vt -0.100000 -4.495169
vt -0.000000 -4.744702
vt -0.100000 -4.744702
vt -0.000000 -4.994235
vt -0.100000 -4.994235
vt -0.000000 -5.243768
vt -0.100000 -5.243768
vt -0.000000 -5.493301
vt -0.100000 -5.493301
vt -0.000000 -5.742835
vt -0.100000 -5.742835
vt -0.000000 -5.992367
vt -0.100000 -5.992367
vt -0.000000 -6.241901
vt -0.100000 -6.241901
vt -0.981071 1.200000
vt -1.058300 1.200000
vt -1.160738 1.027223
vt -1.230044 1.023226
vt -1.310387 0.827880
vt -1.372600 0.822173
vt -1.426148 0.607127
vt -1.482587 0.601610
vt -1.505026 0.370672
vt -1.557395 0.366773
vt -1.544981 0.124632
vt -1.595247 0.123232
vt -1.544981 -0.124632
vt -1.595247 -0.123232
vt -1.557395 -0.366773
vt -1.505026 -0.370672
vt -1.482587 -0.601610
vt -1.426148 -0.607127
vt -1.372600 -0.822173
vt -1.310387 -0.827880
vt -1.230044 -1.023226
vt -1.160738 -1.027223
vt -1.058300 -1.200000
vt -0.981071 -1.200000
vt -0.000000 1.372432
vt -0.100000 1.372432
vt -0.000000 1.122899
vt -0.100000 1.122899
vt -0.000000 0.873366
vt -0.100000 0.873366
vt -0.000000 0.623833
vt -0.100000 0.623833
vt -0.000000 0.374300
vt -0.100000 0.374300
vt -0.000000 0.124767
vt -0.100000 0.124767
vt -0.000000 -0.124767
vt -0.100000 -0.124767
vt -0.000000 -0.374300
vt -0.100000 -0.374300
vt -0.000000 -0.623833
vt -0.100000 -0.623833
vt -0.000000 -0.873366
vt -0.100000 -0.873366
vt -0.000000 -1.122899
vt -0.100000 -1.122899
vt -0.000000 -1.372432
vt -0.100000 -1.372432
vt 0.000000 -1.356899
vt 0.100000 -1.356899
vt 0.000000 -1.110190
vt 0.100000 -1.110190
vt 0.000000 -0.863481
vt 0.100000 -0.863481
vt 0.000000 -0.616772
vt 0.100000 -0.616772
vt 0.000000 -0.370063
vt 0.100000 -0.370063
vt 0.000000 -0.123354
vt 0.100000 -0.123354
vt 0.000000 0.123354
vt 0.100000 0.123354
vt 0.000000 0.370063
vt 0.100000 0.370063
vt 0.000000 0.616772
vt 0.100000 0.616772
vt 0.000000 0.863481
vt 0.100000 0.863481
vt 0.000000 1.110190
vt 0.100000 1.110190
vt 0.000000 1.356899
vt 0.100000 1.356899
vt 0.981071 1.200000
vt 1.160738 1.027223
vt 1.058300 1.200000
vt 1.230044 1.023226
vt 1.310387 0.827880
vt 1.372600 0.822173
vt 1.426148 0.607127
vt 1.482587 0.601610
vt 1.505026 0.370672
vt 1.557395 0.366773
vt 1.544981 0.124632
vt 1.595247 0.123232
vt 1.544981 -0.124632
vt 1.595247 -0.123232
vt 1.557395 -0.366773
vt 1.505026 -0.370672
vt 1.482587 -0.601610
vt 1.426148 -0.607127
vt 1.372600 -0.822173
vt 1.310387 -0.827880
vt 1.230044 -1.023226
vt 1.160738 -1.027223
vt 1.058300 -1.200000
vt 0.981071 -1.200000
vt 0.000000 -0.184162
vt 0.025000 0.000000
vt 0.025000 0.184162
vt 0.000000 0.184162
vt 0.025000 0.368325
vt 0.000000 0.368325
vt 0.025000 0.552487
vt 0.000000 0.552487
vt 0.025000 0.736649
vt 0.000000 0.736649
vt 0.025000 0.920812
vt 0.000000 0.920812
vt 0.025000 1.104974
vt 0.000000 1.104974
vt 0.025000 1.289136
vt 0.000000 1.289136
vt 0.025000 1.473299
vt 0.000000 1.473299
vt 0.025000 1.657461
vt 0.000000 1.657461
vt 0.025000 1.841623
vt 0.000000 1.841623
vt 0.025000 2.025786
vt 0.000000 2.025786
vt 0.025000 2.209948
vt 0.000000 2.209948
vt 0.025000 2.394110
vt 0.000000 2.394110
vt 0.025000 2.578273
vt 0.000000 2.578273
vt 0.000000 -2.762435
vt 0.025000 -2.762435
vt 0.025000 -2.578273
vt 0.000000 -2.578273
vt 0.025000 -2.394110
vt 0.000000 -2.394110
vt 0.025000 -2.209948
vt 0.000000 -2.209948
vt 0.025000 -2.025786
vt 0.000000 -2.025786
vt 0.025000 -1.841623
vt 0.000000 -1.841623
vt 0.025000 -1.657461
vt 0.000000 -1.657461
vt 0.025000 -1.473299
vt 0.000000 -1.473299
vt 0.025000 -1.289136
vt 0.000000 -1.289136
vt 0.025000 -1.104974
vt 0.000000 -1.104974
vt 0.025000 -0.920812
vt 0.000000 -0.920812
vt 0.025000 -0.736649
vt 0.000000 -0.736649
vt 0.025000 -0.552487
vt 0.000000 -0.552487
vt 0.025000 -0.368325
vt 0.000000 -0.368325
vt 0.025000 -0.184162
vt 0.000000 -0.174533
vt 0.025000 0.174533
vt 0.000000 0.174533
vt 0.025000 0.349066
vt 0.000000 0.349066
vt 0.025000 0.523599
vt 0.000000 0.523599
vt 0.025000 0.698132
vt 0.000000 0.698132
vt 0.025000 0.872665
vt 0.000000 0.872665
vt 0.025000 1.047198
vt 0.000000 1.047198
vt 0.025000 1.221730
vt 0.000000 1.221730
vt 0.025000 1.396263
vt 0.000000 1.396263
vt 0.025000 1.570796
vt 0.000000 1.570796
vt 0.025000 1.745329
vt 0.000000 1.745329
vt 0.025000 1.919862
vt 0.000000 1.919862
vt 0.025000 2.094395
vt 0.000000 2.094395
vt 0.025000 2.268928
vt 0.000000 2.268928
vt 0.000000 -2.443461
vt 0.025000 -2.443461
vt 0.025000 -2.268928
vt 0.000000 -2.268928
vt 0.025000 -2.094395
vt 0.000000 -2.094395
vt 0.025000 -1.919862
vt 0.000000 -1.919862
vt 0.025000 -1.745329
vt 0.000000 -1.745329
vt 0.025000 -1.570796
vt 0.000000 -1.570796
vt 0.025000 -1.396263
vt 0.000000 -1.396263
vt 0.025000 -1.221730
vt 0.000000 -1.221730
vt 0.025000 -1.047198
vt 0.000000 -1.047198
vt 0.025000 -0.872665
vt 0.000000 -0.872665
vt 0.025000 -0.698132
vt 0.000000 -0.698132
vt 0.025000 -0.523599
vt 0.000000 -0.523599
vt 0.025000 -0.349066
vt 0.000000 -0.349066
vt 0.025000 -0.174533
vt 0.000000 -0.163363
vt 0.025000 0.163363
vt 0.000000 0.163363
vt 0.025000 0.326726
vt 0.000000 0.326726
vt 0.025000 0.490088
vt 0.000000 0.490088
vt 0.025000 0.653451
vt 0.000000 0.653451
vt 0.025000 0.816814
vt 0.000000 0.816814
vt 0.025000 0.980177
vt 0.000000 0.980177
vt 0.025000 1.143540
vt 0.000000 1.143540
vt 0.025000 1.306903
vt 0.000000 1.306903
vt 0.025000 1.470265
vt 0.000000 1.470265
vt 0.025000 1.633628
vt 0.000000 1.633628
vt 0.025000 1.796991
vt 0.000000 1.796991
vt 0.025000 1.960354
vt 0.000000 1.960354
vt 0.000000 -2.123717
vt 0.025000 -2.123717
vt 0.025000 -1.960354
vt 0.000000 -1.960354
vt 0.025000 -1.796991
vt 0.000000 -1.796991
vt 0.025000 -1.633628
vt 0.000000 -1.633628
vt 0.025000 -1.470265
vt 0.000000 -1.470265
vt 0.025000 -1.306903
vt 0.000000 -1.306903
vt 0.025000 -1.143540
vt 0.000000 -1.143540
vt 0.025000 -0.980177
vt 0.000000 -0.980177
vt 0.025000 -0.816814
vt 0.000000 -0.816814
vt 0.025000 -0.653451
vt 0.000000 -0.653451
vt 0.025000 -0.490088
vt 0.000000 -0.490088
vt 0.025000 -0.326726
vt 0.000000 -0.326726
vt 0.025000 -0.163363
vt 0.000000 1.183098
vt 0.200000 1.183098
vt 0.000000 1.312330
vt 0.200000 1.312330
vt 0.000000 1.441563
vt 0.200000 1.441563
vt 0.200000 1.570796
vt 0.000000 1.700029
vt 0.200000 1.700029
vt 0.000000 1.829262
vt 0.200000 1.829262
vt 0.000000 1.958495
vt 0.200000 1.958495
vt -0.000000 -0.714143
vt 0.200000 -0.714143
vt -0.000000 -0.357071
vt 0.200000 0.000000
vt 0.000000 -0.387699
vt 0.200000 -0.387699
vt 0.000000 -0.258466
vt 0.200000 -0.258466
vt 0.000000 -0.129233
vt 0.200000 -0.129233
vt 0.000000 0.129233
vt 0.200000 0.129233
vt 0.000000 0.258466
vt 0.200000 0.258466
vt 0.000000 0.387699
vt 0.200000 0.387699
vt -0.000000 0.714143
vt -0.200000 0.714143
vt -0.000000 0.357071
vt -0.200000 0.000000
vt -0.000000 0.800000
vt -0.023277 0.800000
vt -0.000000 0.050000
vt -0.023277 0.000000
vt 1.950000 0.000000
vt 1.950000 0.050000
vt 0.066359 1.178097
vt 0.059435 1.323163
vt 0.000000 1.178097
vt 0.000000 1.346397
vt 0.051952 1.472505
vt 0.000000 1.514697
vt 0.044499 1.621855
vt 0.000000 1.682996
vt 0.037723 1.766947
vt 0.000000 1.851296
vt 0.031863 1.912043
vt 0.000000 2.019595
vt 0.027179 2.061488
vt 0.000000 2.187895
vt 0.024260 2.210974
vt 0.000000 2.356194
vt 0.023277 2.356194
vt -0.096262 0.980850
vt -0.085047 0.490311
vt -0.100000 1.471503
vt -0.085047 3.009689
vt -0.100000 2.028497
vt -0.096262 2.519150
vt -0.066359 3.500000
vt -0.066359 0.000000
vt -0.000000 3.500000
vt 0.023277 0.000000
vt 0.024260 0.145220
vt 0.000000 0.168300
vt 0.027179 0.294706
vt 0.000000 0.336599
vt 0.031863 0.444151
vt 0.000000 0.504899
vt 0.037723 0.589248
vt 0.000000 0.673198
vt 0.044499 0.734340
vt 0.000000 0.841498
vt 0.051952 0.883689
vt 0.000000 1.009798
vt 0.059435 1.033032
vt -1.950000 0.000000
vt 0.023277 0.800000
vt -1.950000 0.050000
vt -0.026696 0.000000
vt -0.000000 -0.750000
vt -0.026696 -0.800000
vt 1.950000 -0.800000
vt 1.950000 -0.750000
vt -0.066359 1.099557
vt -0.059917 0.964165
vt -0.000000 1.099557
vt -0.000000 0.942478
vt -0.052992 0.824778
vt -0.000000 0.785398
vt -0.046126 0.685384
vt -0.039905 0.549963
vt -0.000000 0.471239
vt -0.034539 0.414538
vt -0.000000 0.314159
vt -0.030257 0.275056
vt -0.000000 0.157080
vt -0.027592 0.135537
vt -0.000000 -3.500000
vt 0.066359 -3.500000
vt 0.066359 0.000000
vt 0.085047 -3.009689
vt 0.085047 -0.490311
vt 0.100000 -2.028497
vt 0.100000 -1.471503
vt 0.096262 -2.519150
vt 0.096262 -0.980850
vt -0.026696 -2.199115
vt -0.027592 -2.334651
vt -0.000000 -2.199115
vt -0.000000 -2.356194
vt -0.030257 -2.474171
vt -0.000000 -2.513274
vt -0.034539 -2.613652
vt -0.000000 -2.670354
vt -0.039905 -2.749078
vt -0.000000 -2.827434
vt -0.046126 -2.884499
vt -0.000000 -2.984513
vt -0.052992 -3.023893
vt -0.000000 -3.141593
vt -0.059917 -3.163280
vt -0.000000 -3.298672
vt -0.066359 -3.298672
vt -1.950000 -0.800000
vt 0.026696 -0.800000
vt 0.026696 0.000000
vt -1.950000 -0.750000
vt -1.939589 0.000000
vt -1.939589 0.100000
vt -0.000000 0.100000
vt 1.939589 -0.100000
vt -0.000000 -0.100000
vt -0.050000 0.000000
vt -0.000000 -0.078540
vt -0.050000 -0.078540
vt -0.000000 -0.157080
vt -0.050000 -0.157080
vt -0.000000 -0.235619
vt -0.050000 -0.235619
vt -0.000000 -0.050000
vt 4.600000 -0.050000
vt 4.600000 0.000000
vt -0.000000 0.235619
vt -0.050000 0.235619
vt -0.050000 0.157080
vt -0.000000 0.078540
vt -0.050000 0.078540
vt 0.050000 0.000000
vt 0.050000 0.078540
vt 0.050000 0.157080
vt 0.050000 0.235619
vt 0.050000 0.314159
vt 0.000000 -0.314159
vt 0.050000 -0.314159
vt 0.050000 -0.235619
vt 0.000000 -0.157080
vt 0.050000 -0.157080
vt 0.050000 -0.078540
vt -1.950000 -0.150000
vt -1.950000 -0.200000
vt 0.000000 -0.150000
vt 0.000000 -0.200000
vt 0.076537 -0.184776
vt 0.075000 -0.129904
vt 0.141421 -0.141421
vt 0.129904 -0.075000
vt 0.184776 -0.076537
vt 0.150000 0.000000
vt 0.150000 4.600000
vt 0.200000 4.600000
vt 0.184776 4.676537
vt 0.129904 4.675000
vt 0.141421 4.741421
vt 0.075000 4.729904
vt 0.076537 4.784776
vt 0.000000 4.750000
vt 0.000000 4.800000
vt -1.950000 4.750000
vt -1.950000 4.800000
vt -0.090139 0.000000
vt -0.080902 0.091221
vt -0.300000 0.000000
vt -0.100000 0.150000
vt -0.300000 0.300000
vt -0.080902 0.208779
vt -0.090139 0.300000
vt -0.030902 0.245106
vt -0.012552 0.324549
vt 0.030902 0.245106
vt 0.067748 0.311354
vt 0.133399 0.263268
vt 0.080902 0.208779
vt 0.170204 0.190689
vt 0.100000 0.150000
vt 0.170204 0.109311
vt 0.080902 0.091221
vt 0.133399 0.036732
vt 0.030902 0.054894
vt 0.067748 -0.011354
vt -0.012552 -0.024549
vt -0.030902 0.054894
vt 0.300000 2.200000
vt 0.090139 2.200000
vt 0.300000 0.000000
vt 0.090139 0.000000
vt 0.012552 0.324549
vt 0.090139 0.300000
vt 0.300000 0.300000
vt 0.012552 -0.024549
vt -0.067748 -0.011354
vt -0.133399 0.036732
vt -0.170204 0.109311
vt -0.170204 0.190689
vt -0.133399 0.263268
vt -0.067748 0.311354
vt -0.300000 2.200000
vt -0.090139 2.200000
vt -0.000000 -0.180197
vt -2.200000 -0.180197
vt -0.000000 -0.262326
vt -2.200000 -0.262326
vt -0.000000 -0.344456
vt -2.200000 -0.344456
vt -0.000000 -0.426585
vt -2.200000 -0.426585
vt -0.000000 -0.508714
vt -2.200000 -0.508714
vt -0.000000 -0.590843
vt -2.200000 -0.590843
vt -0.000000 -0.672973
vt -2.200000 -0.672973
vt -0.000000 -0.755102
vt -2.200000 -0.755102
vt -0.000000 -0.837231
vt -2.200000 -0.837231
vt -0.000000 -0.919360
vt -2.200000 -0.919360
vt 0.000000 -0.062832
vt 2.200000 -0.062832
vt 2.200000 0.000000
vt 0.000000 0.062832
vt 2.200000 0.062832
vt 2.200000 0.125664
vt 0.000000 0.188496
vt 2.200000 0.188496
vt 2.200000 0.251327
vt 2.200000 0.314159
vt 2.200000 -0.314159
vt 0.000000 -0.251327
vt 2.200000 -0.251327
vt 0.000000 -0.188496
vt 2.200000 -0.188496
vt 0.000000 -0.125664
vt 2.200000 -0.125664
vt 4.721503 1.550000
vt 5.278497 1.550000
vt 4.721503 2.700000
vt 5.278497 2.700000
vt 1.350000 -2.223269
vt 0.550000 -2.223269
vt 1.350000 -2.716540
vt 0.405725 -2.209021
vt -1.350000 -2.777312
vt 0.262819 -2.165976
vt 0.131471 -2.095099
vt -1.350000 -1.851541
vt 0.019529 -2.002984
vt -0.072338 -1.890792
vt -0.142954 -1.759283
vt -0.185816 -1.616305
vt -0.200000 -1.472016
vt -1.350000 -0.925771
vt -0.200000 -0.981344
vt -0.200000 -0.490672
vt -1.350000 0.000000
vt 1.350000 -3.209811
vt -1.350000 -3.703083
vt 1.350000 -3.703083
vt -0.200000 0.490672
vt -1.350000 0.925771
vt -0.200000 0.981344
vt -0.200000 1.472016
vt -1.350000 1.851541
vt -0.185816 1.616305
vt -0.142954 1.759283
vt -0.072338 1.890792
vt 0.019529 2.002984
vt 0.131471 2.095099
vt 0.262819 2.165976
vt 0.405725 2.209021
vt -1.350000 2.777312
vt 1.350000 2.716540
vt 1.350000 3.209811
vt 0.550000 2.223269
vt 1.350000 2.223269
vt 1.350000 3.703083
vt -1.350000 3.703083
vt 2.050000 7.500000
vt 1.103330 9.695794
vt 0.076723 7.500000
vt 0.922313 9.692582
vt 0.746412 9.649726
vt 2.126537 7.484776
vt 2.202126 8.142653
vt 2.032674 8.404696
vt 1.983240 8.475489
vt 2.191421 7.441422
vt 2.234776 7.376537
vt 2.400000 7.901293
vt 2.250000 7.300000
vt 2.400000 2.098707
vt 2.250000 2.700000
vt 2.234776 2.623463
vt 2.202125 1.857347
vt 2.191421 2.558579
vt 2.126537 2.515224
vt 2.050000 2.500000
vt 2.032674 1.595304
vt 1.983240 1.524511
vt 1.947140 1.445479
vt 1.903396 1.269922
vt 1.707297 0.662438
vt 1.791276 0.822828
vt 0.076723 2.500000
vt 1.103330 0.304206
vt 1.280641 0.340794
vt 1.445600 0.415400
vt 0.114522 2.008184
vt 0.746412 0.350274
vt 0.922313 0.307418
vt 0.584203 0.430685
vt 0.159850 1.517005
vt 0.443593 0.544730
vt 0.331436 0.686851
vt 0.212697 1.026577
vt 0.253200 0.850120
vt 1.590168 0.524385
vt 1.836548 0.954546
vt 1.866492 1.070634
vt 1.947140 8.554522
vt 1.903396 8.730078
vt 1.707297 9.337563
vt 1.866492 8.929365
vt 1.836548 9.045454
vt 1.791276 9.177172
vt 1.590168 9.475616
vt 1.445600 9.584600
vt 1.280641 9.659205
vt 0.114522 7.991816
vt 0.584203 9.569316
vt 0.159850 8.482995
vt 0.443593 9.455270
vt 0.331436 9.313148
vt 0.253200 9.149880
vt 0.212697 8.973423
vt -2.400000 2.098707
vt -2.201347 1.856281
vt -2.400000 7.901293
vt -2.202125 8.142653
vt -2.032674 8.404696
vt -2.032674 1.595303
vt -1.981835 8.477995
vt -1.981835 1.522005
vt -1.946309 8.556810
vt -1.946309 1.443189
vt -0.000000 5.278497
vt -0.000000 4.721503
vt -1.280641 0.340794
vt -1.103330 0.304206
vt -1.445600 0.415400
vt -1.903775 1.272023
vt -1.590168 0.524385
vt -1.707297 0.662438
vt -1.888086 1.180832
vt -1.791276 0.822828
vt -1.868221 1.077732
vt -1.837960 0.959157
vt -0.013307 3.795860
vt -0.922313 0.307418
vt -0.053218 2.870982
vt -0.746412 0.350274
vt -0.584203 0.430685
vt -0.119700 1.947633
vt -0.443593 0.544730
vt -0.331436 0.686851
vt -0.253200 0.850120
vt -0.212697 1.026577
vt -0.013307 6.204140
vt -1.103330 9.695794
vt -1.280641 9.659205
vt -1.445600 9.584600
vt -1.903775 8.727977
vt -1.590168 9.475616
vt -1.707297 9.337563
vt -0.922313 9.692582
vt -0.053218 7.129018
vt -0.746412 9.649726
vt -0.584203 9.569316
vt -0.119700 8.052367
vt -0.443593 9.455270
vt -0.331436 9.313148
vt -0.212697 8.973423
vt -0.253200 9.149880
vt -1.791276 9.177172
vt -1.837960 9.040843
vt -1.868221 8.922268
vt -1.888086 8.819168
vt -1.788496 0.000000
vt -1.788496 2.700000
vt -1.905142 0.000000
vt -1.909247 2.700000
vt -2.009090 0.000000
vt -2.015563 2.700000
vt -2.110589 2.700000
vt -2.195442 0.000000
vt -2.197481 2.700000
vt -2.371630 2.700000
vt -2.374091 0.000000
vt -2.459063 2.700000
vt -2.461945 0.000000
vt -2.546624 2.700000
vt -2.546624 0.000000
vt -2.591196 2.644822
vt -2.591196 0.055179
vt -2.630170 2.579054
vt -2.630171 0.120948
vt -2.691276 2.438566
vt -2.691277 0.261437
vt -2.741212 0.418517
vt -2.741212 2.281482
vt -2.782874 0.592977
vt -2.782875 2.107019
vt -2.815411 0.777581
vt -2.815412 1.922415
vt -2.838454 0.966561
vt -2.838454 1.733435
vt -2.852185 1.157624
vt -2.852185 1.542374
vt -2.856760 1.350000
vt -2.700000 -2.271291
vt -0.000000 -2.271291
vt -2.700000 -2.089875
vt -0.000000 -2.089875
vt -2.700000 -1.908459
vt -0.000000 -1.908459
vt -2.700000 -1.727044
vt -0.000000 -1.727044
vt -2.700000 -1.545628
vt -0.000000 -1.545628
vt -2.700000 -1.364212
vt -0.000000 -1.364212
vt -2.700000 -1.182796
vt -0.000000 -1.182796
vt -2.700000 -1.001381
vt -0.000000 -1.001381
vt -2.700000 -0.819965
vt -0.000000 -0.819965
vt -2.700000 -0.638549
vt -0.000000 -0.638549
vt -2.700000 -0.457133
vt -0.000000 -0.457133
vt -2.700000 -0.275718
vt -0.000000 -0.275718
vt -2.700000 -0.094302
vt -0.000000 -0.094302
vt 2.856760 1.350000
vt 2.852185 1.542374
vt 2.852185 1.157624
vt 2.838454 1.733435
vt 2.838454 0.966561
vt 2.815412 1.922415
vt 2.815411 0.777581
vt 2.782875 2.107018
vt 2.782874 0.592977
vt 2.741212 2.281482
vt 2.741212 0.418517
vt 2.691276 2.438566
vt 2.691277 0.261437
vt 2.630171 0.120948
vt 2.630170 2.579053
vt 2.591196 0.055179
vt 2.591196 2.644822
vt 2.546624 0.000000
vt 2.546624 2.700000
vt 2.461945 0.000000
vt 2.459064 2.700000
vt 2.374091 0.000000
vt 2.371631 2.700000
vt 2.195442 0.000000
vt 2.197482 2.700000
vt 2.110590 2.700000
vt 2.009090 0.000000
vt 2.015563 2.700000
vt 1.909247 2.700000
vt 1.905142 0.000000
vt 1.788496 2.700000
vt 1.788496 0.000000
vt -2.700000 0.094302
vt -0.000000 0.094302
vt -2.700000 0.275718
vt -0.000000 0.275718
vt -2.700000 0.457133
vt -0.000000 0.457133
vt -2.700000 0.638549
vt -0.000000 0.638549
vt -2.700000 0.819965
vt -0.000000 0.819965
vt -2.700000 1.001381
vt -0.000000 1.001381
vt -2.700000 1.182796
vt -0.000000 1.182796
vt -2.700000 1.364212
vt -0.000000 1.364212
vt -2.700000 1.545628
vt -0.000000 1.545628
vt -2.700000 1.727044
vt -0.000000 1.727044
vt -2.700000 1.908459
vt -0.000000 1.908459
vt -2.700000 2.089875
vt -0.000000 2.089875
vt -2.700000 2.271291
vt -0.000000 2.271291
vt -0.000000 11.122046
vt -0.313455 10.935782
vt -0.000000 10.748411
vt -0.313455 10.842097
vt -0.310266 10.748411
vt -0.557365 10.805022
vt -0.623172 10.748411
vt -0.000000 11.493443
vt -0.182677 11.392891
vt -0.276616 11.197598
vt -0.313455 11.123127
vt -0.380139 11.024742
vt -0.313455 11.029469
vt -0.104711 11.601397
vt -0.000000 11.864814
vt -0.047131 11.814719
vt -0.011884 12.028086
vt -0.000000 12.238370
vt -0.493206 10.873918
vt -0.310267 13.523668
vt -0.623172 13.330368
vt -0.313455 13.355416
vt -0.557365 13.313775
vt -0.493208 13.284442
vt -0.380141 13.204477
vt -0.313455 13.169691
vt -0.000000 13.354821
vt -0.000000 12.983456
vt -0.276615 13.097631
vt -0.182675 12.963119
vt -0.104709 12.805707
vt -0.000000 12.612089
vt -0.047130 12.630546
vt -0.011884 12.440779
vt -0.000000 12.238512
vt -0.000000 13.728399
vt -0.310267 2.775258
vt -0.623172 2.581957
vt -0.313455 2.607006
vt -0.557365 2.565364
vt -0.493206 2.536030
vt -0.380139 2.456065
vt -0.313455 2.421280
vt -0.000000 2.606410
vt -0.000000 2.235044
vt -0.276616 2.349222
vt -0.182677 2.214711
vt -0.104711 2.057300
vt -0.000000 1.863679
vt -0.047131 1.882138
vt -0.011884 1.692369
vt -0.000000 1.490101
vt -0.000000 2.979988
vt -0.000000 0.373636
vt -0.313455 0.187371
vt -0.313455 0.093686
vt -0.311586 0.000000
vt -0.557366 0.056611
vt -0.623172 0.000000
vt -0.000000 0.745033
vt -0.182675 0.644485
vt -0.276615 0.449189
vt -0.313455 0.374716
vt -0.380141 0.276328
vt -0.313455 0.281057
vt -0.104709 0.852990
vt -0.000000 1.116403
vt -0.047130 1.066313
vt -0.011884 1.279677
vt -0.000000 1.489959
vt -0.493208 0.125505
vt 0.629579 -0.161648
vt 0.650000 0.000000
vt 0.629579 0.161648
vt 0.569599 0.313140
vt 0.473830 0.444956
vt 0.348287 0.548813
vt 0.200861 0.618187
vt 0.040814 0.648717
vt -0.121798 0.638487
vt -0.276757 0.588138
vt -0.414326 0.500834
vt -0.525861 0.382060
vt -0.604355 0.239281
vt -0.644875 0.081467
vt -0.644875 -0.081467
vt -0.604355 -0.239281
vt -0.525861 -0.382060
vt -0.414326 -0.500834
vt -0.276757 -0.588138
vt -0.121798 -0.638487
vt 0.040814 -0.648717
vt 0.200861 -0.618187
vt 0.348287 -0.548813
vt 0.473830 -0.444956
vt 0.569599 -0.313140
vt 0.181765 0.087533
vt -0.181765 0.087533
vt 0.201744 0.000000
vt -0.201744 0.000000
vt 0.181765 -0.087533
vt -0.181765 -0.087533
vt 0.125785 -0.157730
vt -0.125785 -0.157730
vt 0.044892 -0.196686
vt -0.044892 -0.196686
vt -0.125785 0.157730
vt 0.125785 0.157730
vt -0.044892 0.196686
vt 0.044892 0.196686
vt 0.502516 -0.806212
vt 0.329940 -0.890865
vt 0.143856 -0.939045
vt 0.654519 -0.688553
vt 0.779725 -0.542705
vt 0.873010 -0.374638
vt 0.930553 -0.191234
vt 0.950000 0.000000
vt 0.930553 0.191234
vt 0.873010 0.374638
vt 0.779725 0.542705
vt 0.654519 0.688553
vt 0.502516 0.806212
vt 0.329940 0.890865
vt 0.143856 0.939045
vt -0.048117 0.948781
vt -0.238120 0.919673
vt -0.418374 0.852914
vt -0.581501 0.751237
vt -0.720820 0.618804
vt -0.830629 0.461037
vt -0.906432 0.284395
vt -0.945126 0.096110
vt -0.945126 -0.096110
vt -0.906432 -0.284395
vt -0.830629 -0.461037
vt -0.720820 -0.618804
vt -0.581501 -0.751237
vt -0.418374 -0.852914
vt -0.238120 -0.919673
vt -0.048117 -0.948781
vt -2.804015 -1.200000
vt -2.923655 -0.868758
vt -3.004313 -0.525932
vt -3.044912 -0.176093
vt -3.044912 0.176093
vt -3.004313 0.525932
vt -2.923655 0.868758
vt -2.804015 1.200000
vt 2.804015 1.200000
vt 2.923655 0.868758
vt 3.004313 0.525932
vt 3.044912 0.176093
vt 3.044912 -0.176093
vt 3.004313 -0.525932
vt 2.923655 -0.868758
vt 2.804015 -1.200000
vt 0.830127 0.182725
vt 0.771439 0.356906
vt 0.676679 0.514398
vt 0.550278 0.647838
vt 0.398147 0.750985
vt 0.227399 0.819017
vt 0.046018 0.848753
vt -0.137515 0.838803
vt -0.314617 0.789630
vt -0.477009 0.703536
vt -0.617096 0.584545
vt -0.728329 0.438221
vt -0.805505 0.271406
vt -0.845017 0.091901
vt -0.845017 -0.091901
vt -0.805505 -0.271406
vt -0.728329 -0.438221
vt -0.617096 -0.584545
vt -0.477009 -0.703536
vt -0.314617 -0.789630
vt -0.137515 -0.838803
vt 0.046018 -0.848753
vt 0.227399 -0.819017
vt 0.398147 -0.750985
vt 0.550278 -0.647838
vt 0.676679 -0.514398
vt 0.771439 -0.356906
vt 0.830127 -0.182725
vt 0.729784 0.172962
vt 0.670224 0.336599
vt 0.574533 0.482091
vt 0.447869 0.601592
vt 0.297060 0.688662
vt 0.130236 0.738606
vt -0.043609 0.748731
vt -0.215102 0.718492
vt -0.375000 0.649519
vt -0.514681 0.545530
vt -0.626616 0.412132
vt -0.704769 0.256515
vt -0.744929 0.087070
vt -0.744929 -0.087070
vt -0.704769 -0.256515
vt -0.626616 -0.412132
vt -0.514681 -0.545530
vt -0.375000 -0.649519
vt -0.215102 -0.718492
vt -0.043609 -0.748731
vt 0.130236 -0.738606
vt 0.297060 -0.688662
vt 0.447869 -0.601592
vt 0.574533 -0.482091
vt 0.670224 -0.336599
vt 0.729784 -0.172962
vt -0.178829 -0.123811
vt 0.000000 -0.086668
vt -0.178829 0.000000
vt 0.000000 0.086668
vt 0.000000 -0.173335
vt -0.178829 -0.247622
vt 0.000000 -0.260003
vt 0.000000 -0.346671
vt -0.178829 -0.371433
vt 0.000000 -0.433339
vt -0.178829 -0.495244
vt 0.000000 -0.520006
vt -0.178829 -0.619055
vt 0.000000 -0.606674
vt 0.000000 -0.693342
vt -0.178829 -0.742866
vt 0.000000 -0.780010
vt -0.178829 -0.866677
vt 0.000000 -0.866677
vt 0.000000 0.866677
vt -0.178829 0.866677
vt 0.000000 0.780010
vt -0.178829 0.742866
vt 0.000000 0.693342
vt -0.178829 0.619055
vt 0.000000 0.606674
vt 0.000000 0.520006
vt -0.178829 0.495244
vt 0.000000 0.433339
vt -0.178829 0.371433
vt 0.000000 0.346671
vt -0.178829 0.247622
vt 0.000000 0.260003
vt 0.000000 0.173335
vt -0.178829 0.123811
vt 2.800000 1.209339
vt -2.800000 1.209339
vt 1.281639 0.238125
vt -2.897934 0.951042
vt -2.972096 0.684943
vt -3.021878 0.413226
vt -3.046871 0.138120
vt 1.281639 0.000000
vt -3.046871 -0.138120
vt -3.021878 -0.413226
vt -2.972096 -0.684943
vt -2.897934 -0.951042
vt -2.800000 -1.209339
vt 2.800000 -1.209339
vt 2.897934 -0.951042
vt 1.702995 -0.064273
vt 2.972096 -0.684943
vt 1.730747 -0.067163
vt 3.021878 -0.413226
vt 1.756181 -0.064527
vt 2.129339 -0.003053
vt 1.780105 -0.055610
vt 1.980749 0.000000
vt 1.799905 -0.039561
vt 1.959379 0.000000
vt 1.886110 0.000000
vt 1.928850 0.152644
vt 1.886110 0.174014
vt 1.928850 0.174014
vt 1.882685 0.211880
vt 1.889063 0.215738
vt 1.959379 0.174014
vt 1.893632 0.221615
vt 1.959379 0.244231
vt 1.895269 0.228871
vt 1.893674 0.236185
vt 1.889132 0.242135
vt 1.882728 0.246037
vt 1.875329 0.247284
vt 1.980749 0.244231
vt 2.972096 0.684943
vt 2.475317 0.244231
vt 3.021878 0.413226
vt 2.496687 0.244231
vt 2.593076 0.170087
vt 2.562896 0.177067
vt 2.543537 0.174631
vt 2.525478 0.167247
vt 2.509794 0.155631
vt 2.496687 0.141148
vt 3.046871 -0.138120
vt 2.475317 0.000000
vt 2.351150 -0.003053
vt 2.153867 -0.000318
vt 2.315395 0.002668
vt 2.176677 0.009016
vt 2.284373 0.021204
vt 2.195745 0.024632
vt 2.209716 0.044982
vt 2.262842 0.050218
vt 2.190731 0.054952
vt 2.218874 0.082428
vt 2.063177 0.082428
vt 3.046871 0.138120
vt 2.627961 0.000000
vt 2.606591 0.000000
vt 2.496687 0.000000
vt 2.496687 0.062918
vt 2.606591 0.081855
vt 2.496782 0.074644
vt 2.497205 0.086363
vt 2.606512 0.091789
vt 2.498069 0.098056
vt 2.606239 0.101720
vt 2.499978 0.109618
vt 2.605601 0.111633
vt 2.604110 0.121448
vt 2.616065 0.149394
vt 2.626076 0.120045
vt 2.897934 0.951042
vt 1.303009 0.238125
vt 1.867983 0.246003
vt 1.861629 0.242100
vt 1.512227 0.177067
vt 1.530700 0.175376
vt 1.303009 0.024423
vt 1.428007 0.119709
vt 1.435611 0.134829
vt 1.445922 0.148256
vt 1.394595 0.024423
vt 1.428751 0.051965
vt 1.422071 0.086530
vt 1.423488 0.103401
vt 1.448332 0.022681
vt 1.394595 0.000000
vt 1.477541 0.003099
vt 1.512227 -0.003053
vt 1.676937 -0.054410
vt 1.655848 -0.036355
vt 1.797576 0.143581
vt 1.797576 0.174014
vt 1.783704 0.157759
vt 1.767178 0.168679
vt 1.748412 0.175025
vt 1.861696 0.215772
vt 1.857200 0.221654
vt 1.818946 0.174014
vt 1.868026 0.211913
vt 1.864740 0.174014
vt 1.875329 0.210649
vt 1.818946 0.035919
vt 1.864740 0.000000
vt 1.818722 0.022422
vt 1.817840 0.008953
vt 1.816046 -0.004421
vt 1.812602 -0.017459
vt 1.546865 0.003117
vt 1.641879 -0.012212
vt 1.575994 0.022745
vt 1.664882 0.025100
vt 1.595529 0.052006
vt 1.645420 0.053646
vt 1.602192 0.086530
vt 1.638826 0.087580
vt 1.600777 0.103434
vt 1.645635 0.121882
vt 1.596265 0.119780
vt 1.588649 0.134929
vt 1.665202 0.150876
vt 1.578341 0.148399
vt 1.564553 0.160808
vt 1.694412 0.170159
vt 1.548459 0.170024
vt 1.728696 0.177067
vt 1.857157 0.236146
vt 1.855581 0.228871
vt 1.694065 0.006524
vt 1.663249 -0.012212
vt 1.728028 0.000000
vt 1.675139 -0.027428
vt 1.781552 -0.028370
vt 1.690976 -0.038442
vt 1.709418 -0.044198
vt 1.728696 -0.045793
vt 1.756814 -0.042028
vt 1.747844 0.002130
vt 1.795178 -0.003980
vt 1.766701 0.008580
vt 1.783608 0.019125
vt 1.797576 0.024328
vt 1.797576 0.033343
vt 1.980749 0.174014
vt 2.011278 0.174014
vt 2.110423 0.175228
vt 2.129864 0.177067
vt 2.011278 0.152644
vt 2.075410 0.158667
vt 2.091889 0.169114
vt 1.980749 0.152644
vt 2.046804 0.117313
vt 2.053168 0.131605
vt 2.061841 0.144630
vt 2.041807 0.086530
vt 2.043010 0.102134
vt 1.959379 0.152644
vt 2.432576 0.136283
vt 2.432576 0.037112
vt 2.417003 0.019362
vt 2.627961 0.088868
vt 2.508230 0.127887
vt 2.598478 0.135790
vt 2.521897 0.142570
vt 2.588330 0.147321
vt 2.539359 0.152416
vt 2.574434 0.153886
vt 2.559128 0.155697
vt 2.376150 0.174568
vt 2.352915 0.177067
vt 2.149993 0.175075
vt 2.316324 0.170976
vt 2.169148 0.168609
vt 2.186048 0.157521
vt 2.398277 0.167051
vt 2.417867 0.154381
vt 2.414688 0.048846
vt 2.414688 0.125168
vt 2.276879 0.087484
vt 2.282650 0.114829
vt 2.299517 0.137140
vt 2.402145 0.138404
vt 2.386822 0.148274
vt 2.323645 0.151320
vt 2.369501 0.153962
vt 2.351341 0.155697
vt 2.282807 0.059957
vt 2.299316 0.037126
vt 2.401982 0.035865
vt 2.386742 0.025999
vt 2.323615 0.022840
vt 2.369557 0.020141
vt 2.351484 0.018317
vt 2.397147 0.006562
vt 2.374698 -0.000824
vt 2.255509 0.085576
vt 2.217769 0.098490
vt 2.263051 0.121807
vt 2.214389 0.114226
vt 2.208496 0.129196
vt 2.284552 0.151936
vt 2.199937 0.142818
vt 2.126668 0.018317
vt 2.145836 0.020689
vt 2.102061 0.022837
vt 2.081351 0.036829
vt 2.163845 0.027666
vt 2.178997 0.039572
vt 2.067785 0.057818
vt 2.095010 0.002857
vt 2.066513 0.022673
vt 2.048168 0.052297
vt 1.459735 0.160730
vt 1.475884 0.169970
vt 1.493689 0.175380
vt -0.000000 1.243504
vt -0.050000 1.243504
vt -0.000000 0.967169
vt -0.050000 0.967169
vt -0.000000 0.690835
vt -0.050000 0.690835
vt -0.000000 0.414501
vt -0.050000 0.414501
vt -0.000000 0.138167
vt -0.050000 0.138167
vt -0.000000 -0.138167
vt -0.050000 -0.138167
vt -0.000000 -0.414501
vt -0.050000 -0.414501
vt -0.000000 -0.690835
vt -0.050000 -0.690835
vt -0.000000 -0.967169
vt -0.050000 -0.967169
vt -0.000000 -1.243504
vt -0.050000 -1.243504
vt 0.050000 5.600000
vt -0.000000 5.600000
vt -0.000000 -8.338354
vt -0.050000 -8.338354
vt -0.000000 -8.614688
vt -0.050000 -8.614688
vt -0.000000 -8.891023
vt -0.050000 -8.891023
vt -0.000000 -9.167356
vt -0.050000 -9.167356
vt -0.000000 -9.443690
vt -0.050000 -9.443690
vt -0.000000 -9.720024
vt -0.050000 -9.720024
vt -0.000000 -9.996359
vt -0.050000 -9.996359
vt -0.000000 -10.272693
vt -0.050000 -10.272693
vt -0.000000 -10.549026
vt -0.050000 -10.549026
vt -0.000000 -10.825361
vt -0.050000 -10.825361
vt -0.050000 5.600000
vt 1.575686 0.060113
vt 1.580821 0.086387
vt 1.443442 0.086387
vt 1.575838 0.112875
vt 1.560734 0.135190
vt 1.538569 0.150516
vt 1.463487 0.135242
vt 1.448428 0.112883
vt 1.512131 0.155697
vt 1.485683 0.150532
vt 1.448580 0.060109
vt 1.463345 0.037767
vt 1.485786 0.023180
vt 1.512131 0.018317
vt 1.538467 0.023195
vt 1.560918 0.037767
vt 1.793006 0.114061
vt 1.665472 0.113428
vt 1.797576 0.087961
vt 1.660196 0.086721
vt 1.665079 0.060708
vt 1.778615 0.136260
vt 1.756415 0.150687
vt 1.730413 0.155697
vt 1.703640 0.150683
vt 1.680731 0.135969
vt 1.680239 0.039056
vt 1.702922 0.025456
vt 1.729125 0.021370
vt 1.755587 0.025453
vt 1.793140 0.061576
vt 1.778378 0.039343
vt 2.065419 0.103798
vt 2.197504 0.103798
vt 2.068814 0.113659
vt 2.189125 0.125036
vt 2.073260 0.123092
vt 2.078968 0.131810
vt 2.173853 0.141889
vt 2.086122 0.139383
vt 2.095976 0.146555
vt 2.153503 0.152203
vt 2.107003 0.151742
vt 2.118808 0.154769
vt 2.130961 0.155697
vt -0.001000 0.000000
vt -0.001000 0.238125
vt 0.000000 0.238125
vt 0.001000 0.000000
vt 0.001000 -0.112957
vt 0.000000 -0.112957
vt 0.001000 -0.024423
vt 0.000000 -0.024423
vt -0.001000 0.091587
vt 0.000000 0.091587
vt 0.001000 -0.213702
vt 0.000000 -0.213702
vt -0.001000 0.021370
vt 0.000000 0.021370
vt 0.054816 0.005406
vt 0.036343 0.007098
vt 0.036247 -0.014273
vt 0.017805 0.005411
vt 0.009799 -0.019438
vt -0.016149 -0.009240
vt -0.012397 -0.034727
vt -0.029962 -0.021714
vt -0.040273 -0.035141
vt -0.027456 -0.057087
vt -0.047877 -0.050261
vt -0.052396 -0.066569
vt -0.032443 -0.083583
vt -0.053813 -0.083440
vt -0.047133 -0.118005
vt -0.027552 -0.147289
vt -0.012539 -0.132203
vt -0.027304 -0.109861
vt 0.001656 -0.166870
vt 0.009902 -0.146790
vt 0.036343 -0.173023
vt 0.036247 -0.151652
vt 0.062583 -0.146775
vt 0.070981 -0.166853
vt 0.085034 -0.132203
vt 0.100109 -0.147225
vt 0.119645 -0.117964
vt 0.126307 -0.083440
vt 0.104937 -0.083583
vt 0.099801 -0.109857
vt 0.124893 -0.066535
vt 0.099954 -0.057095
vt 0.120380 -0.050189
vt 0.112765 -0.035041
vt 0.084850 -0.034780
vt 0.102457 -0.021571
vt 0.088669 -0.009162
vt 0.062685 -0.019454
vt 0.072575 0.000054
vt 0.074607 0.001000
vt 0.055955 0.001000
vt 0.074607 0.000000
vt 0.055955 0.000000
vt 0.037304 0.001000
vt 0.037304 0.000000
vt 0.018652 0.001000
vt 0.018652 0.000000
vt 0.000000 0.001000
vt 0.067806 0.001000
vt 0.050854 0.001000
vt 0.067806 0.000000
vt 0.050854 0.000000
vt 0.033903 0.001000
vt 0.033903 0.000000
vt 0.016951 0.001000
vt 0.016951 0.000000
vt 0.141764 0.001000
vt 0.106323 0.001000
vt 0.141764 0.000000
vt 0.106323 0.000000
vt 0.070882 0.001000
vt 0.070882 0.000000
vt 0.035441 0.001000
vt 0.035441 0.000000
vt 0.141589 0.001000
vt 0.106192 0.001000
vt 0.141589 0.000000
vt 0.106192 0.000000
vt 0.070795 0.001000
vt 0.070795 0.000000
vt 0.035397 0.001000
vt 0.035397 0.000000
vt 0.067948 0.001000
vt 0.050961 0.001000
vt 0.067948 0.000000
vt 0.050961 0.000000
vt 0.033974 0.001000
vt 0.033974 0.000000
vt 0.016987 0.001000
vt 0.016987 0.000000
vt 0.074317 0.001000
vt 0.055738 0.001000
vt 0.074317 0.000000
vt 0.055738 0.000000
vt 0.037159 0.001000
vt 0.037159 0.000000
vt 0.018579 0.001000
vt 0.018579 0.000000
vt 0.108498 0.001000
vt 0.081373 0.001000
vt 0.108498 0.000000
vt 0.081373 0.000000
vt 0.054249 0.001000
vt 0.054249 0.000000
vt 0.027124 0.001000
vt 0.027124 0.000000
vt 0.108510 0.001000
vt 0.081382 0.001000
vt 0.108510 0.000000
vt 0.081382 0.000000
vt 0.054255 0.001000
vt 0.054255 0.000000
vt 0.027127 0.001000
vt 0.027127 0.000000
vt 0.107822 0.001000
vt 0.080866 0.001000
vt 0.107822 0.000000
vt 0.080866 0.000000
vt 0.053911 0.001000
vt 0.053911 0.000000
vt 0.026955 0.001000
vt 0.026955 0.000000
vt 0.107773 0.001000
vt 0.080830 0.001000
vt 0.107773 0.000000
vt 0.080830 0.000000
vt 0.053887 0.001000
vt 0.053887 0.000000
vt 0.026943 0.001000
vt 0.026943 0.000000
vt -0.020264 0.165061
vt -0.020264 0.134628
vt 0.001106 0.165061
vt -0.024834 0.105108
vt -0.020264 0.079008
vt -0.039225 0.127306
vt -0.034136 0.148806
vt -0.050662 0.159725
vt -0.061425 0.141733
vt -0.069429 0.166071
vt -0.087427 0.146744
vt -0.089145 0.168114
vt -0.114201 0.141730
vt -0.123428 0.161206
vt -0.137109 0.127015
vt -0.152638 0.141922
vt -0.152368 0.104474
vt -0.172206 0.112929
vt -0.157644 0.077768
vt -0.179014 0.078626
vt -0.172420 0.044693
vt -0.152761 0.051755
vt -0.152958 0.016147
vt -0.137602 0.030103
vt -0.123775 -0.002430
vt -0.114918 0.016503
vt -0.089812 -0.008953
vt -0.088715 0.012417
vt -0.069996 -0.006824
vt -0.062254 0.016500
vt -0.051139 -0.000373
vt -0.039462 0.030389
vt -0.034232 0.010172
vt -0.020264 0.024390
vt -0.020264 0.015374
vt 0.000882 0.013469
vt 0.001106 0.026966
vt -0.024700 0.052623
vt -0.022662 -0.012933
vt -0.001794 -0.013374
vt -0.005238 -0.026412
vt -0.017935 -0.048515
vt -0.036288 -0.037323
vt -0.037735 -0.064563
vt -0.061027 -0.050981
vt -0.061659 -0.073480
vt -0.089145 -0.054747
vt -0.087094 -0.076117
vt -0.108422 -0.053151
vt -0.114845 -0.073226
vt -0.126864 -0.047396
vt -0.140903 -0.063363
vt -0.142701 -0.036381
vt -0.161992 -0.045308
vt -0.154591 -0.021165
vt -0.175961 -0.021165
vt -0.001000 0.030433
vt 0.000000 0.030433
vt 0.079454 0.001000
vt 0.059590 0.001000
vt 0.079454 0.000000
vt 0.059590 0.000000
vt 0.039727 0.001000
vt 0.039727 0.000000
vt 0.019863 0.001000
vt 0.019863 0.000000
vt 0.140816 0.001000
vt 0.105612 0.001000
vt 0.140816 0.000000
vt 0.105612 0.000000
vt 0.070408 0.001000
vt 0.070408 0.000000
vt 0.035204 0.001000
vt 0.035204 0.000000
vt 0.139202 0.001000
vt 0.104402 0.001000
vt 0.139202 0.000000
vt 0.104402 0.000000
vt 0.069601 0.001000
vt 0.069601 0.000000
vt 0.034801 0.001000
vt 0.034801 0.000000
vt 0.079913 0.001000
vt 0.059935 0.001000
vt 0.079913 0.000000
vt 0.059935 0.000000
vt 0.039957 0.001000
vt 0.039957 0.000000
vt 0.019978 0.001000
vt 0.019978 0.000000
vt -0.001000 0.009016
vt 0.000000 0.009016
vt 0.113869 0.001000
vt 0.085402 0.001000
vt 0.113869 0.000000
vt 0.085402 0.000000
vt 0.056935 0.001000
vt 0.056935 0.000000
vt 0.028467 0.001000
vt 0.028467 0.000000
vt 0.077501 0.001000
vt 0.058126 0.001000
vt 0.077501 0.000000
vt 0.058126 0.000000
vt 0.038751 0.001000
vt 0.038751 0.000000
vt 0.019375 0.001000
vt 0.019375 0.000000
vt 0.111833 0.001000
vt 0.083875 0.001000
vt 0.111833 0.000000
vt 0.083875 0.000000
vt 0.055916 0.001000
vt 0.055916 0.000000
vt 0.027958 0.001000
vt 0.027958 0.000000
vt 0.102508 0.001000
vt 0.076881 0.001000
vt 0.102508 0.000000
vt 0.076881 0.000000
vt 0.051254 0.001000
vt 0.051254 0.000000
vt 0.025627 0.001000
vt 0.025627 0.000000
vt 0.053999 0.001000
vt 0.040500 0.001000
vt 0.053999 0.000000
vt 0.040500 0.000000
vt 0.027000 0.001000
vt 0.027000 0.000000
vt 0.013500 0.001000
vt 0.013500 0.000000
vt 0.001000 -0.138095
vt 0.000000 -0.138095
vt 0.106635 0.001000
vt 0.079976 0.001000
vt 0.106635 0.000000
vt 0.079976 0.000000
vt 0.053317 0.001000
vt 0.053317 0.000000
vt 0.026659 0.001000
vt 0.026659 0.000000
vt 0.109639 0.001000
vt 0.082229 0.001000
vt 0.109639 0.000000
vt 0.082229 0.000000
vt 0.054820 0.001000
vt 0.054820 0.000000
vt 0.027410 0.001000
vt 0.027410 0.000000
vt 0.106569 0.001000
vt 0.079926 0.001000
vt 0.106569 0.000000
vt 0.079926 0.000000
vt 0.053284 0.001000
vt 0.053284 0.000000
vt 0.026642 0.001000
vt 0.026642 0.000000
vt 0.107638 0.001000
vt 0.080729 0.001000
vt 0.107638 0.000000
vt 0.080729 0.000000
vt 0.053819 0.001000
vt 0.053819 0.000000
vt 0.026910 0.001000
vt 0.026910 0.000000
vt 0.030013 0.001000
vt 0.022510 0.001000
vt 0.030013 0.000000
vt 0.022510 0.000000
vt 0.015006 0.001000
vt 0.015006 0.000000
vt 0.007503 0.001000
vt 0.007503 0.000000
vt 0.029824 0.001000
vt 0.022368 0.001000
vt 0.029824 0.000000
vt 0.022368 0.000000
vt 0.014912 0.001000
vt 0.014912 0.000000
vt 0.007456 0.001000
vt 0.007456 0.000000
vt 0.030004 0.001000
vt 0.022503 0.001000
vt 0.030004 0.000000
vt 0.022503 0.000000
vt 0.015002 0.001000
vt 0.015002 0.000000
vt 0.007501 0.001000
vt 0.007501 0.000000
vt 0.030194 0.001000
vt 0.022645 0.001000
vt 0.030194 0.000000
vt 0.022645 0.000000
vt 0.015097 0.001000
vt 0.015097 0.000000
vt 0.007548 0.001000
vt 0.007548 0.000000
vt 0.021099 0.003937
vt 0.013701 0.005184
vt 0.027503 0.000034
vt 0.006355 0.003903
vt -0.004471 -0.005955
vt 0.032046 -0.005915
vt 0.033640 -0.013229
vt -0.006048 -0.013229
vt -0.004429 -0.020446
vt 0.000068 -0.026328
vt 0.032003 -0.020485
vt 0.027435 -0.026362
vt 0.006397 -0.030187
vt 0.013701 -0.031451
vt 0.021056 -0.030220
vt -0.001000 0.174014
vt 0.000000 0.174014
vt 0.001000 -0.021370
vt 0.000000 -0.021370
vt 0.001000 -0.174014
vt 0.000000 -0.174014
vt -0.001000 0.070216
vt 0.000000 0.070216
vt -0.001000 0.030529
vt 0.000000 0.030529
vt 0.001000 -0.030529
vt 0.000000 -0.030529
vt -0.001000 0.152644
vt 0.000000 0.152644
vt 0.001000 -0.152644
vt 0.000000 -0.152644
vt 0.001000 -0.070216
vt 0.000000 -0.070216
vt 0.045871 0.017316
vt 0.026886 0.027286
vt 0.031901 -0.003034
vt 0.015152 0.011905
vt 0.012833 -0.018650
vt -0.009978 -0.027984
vt -0.018009 -0.006977
vt -0.034506 -0.030719
vt -0.037177 -0.009349
vt -0.068834 -0.024809
vt -0.061784 -0.004829
vt -0.097332 -0.004993
vt -0.082493 0.009163
vt -0.096060 0.030152
vt -0.115676 0.024631
vt -0.100668 0.054762
vt -0.122038 0.058864
vt -0.120835 0.074468
vt -0.098426 0.076132
vt -0.117040 0.089647
vt -0.095031 0.085993
vt -0.110677 0.103939
vt -0.090585 0.095426
vt -0.102003 0.116964
vt -0.084877 0.104144
vt -0.077723 0.111717
vt 0.033659 0.076132
vt 0.055030 0.054762
vt 0.053924 0.070824
vt 0.050544 0.086559
vt 0.044651 0.101530
vt 0.025280 0.097370
vt 0.036092 0.115152
vt 0.010008 0.114223
vt 0.022203 0.129855
vt 0.005303 0.140943
vt -0.010341 0.124537
vt -0.013852 0.147409
vt -0.032884 0.128031
vt -0.033981 0.149401
vt -0.045037 0.127103
vt -0.053422 0.147562
vt -0.056841 0.124076
vt -0.071956 0.141448
vt -0.067869 0.118889
vt -0.088435 0.131001
vt 0.077474 0.001000
vt 0.058105 0.001000
vt 0.077474 0.000000
vt 0.058105 0.000000
vt 0.038737 0.001000
vt 0.038737 0.000000
vt 0.019368 0.001000
vt 0.019368 0.000000
vt 0.100653 0.001000
vt 0.075490 0.001000
vt 0.100653 0.000000
vt 0.075490 0.000000
vt 0.050327 0.001000
vt 0.050327 0.000000
vt 0.025163 0.001000
vt 0.025163 0.000000
vt 0.001000 -0.155697
vt 0.000000 -0.155697
vt 0.064449 0.001000
vt 0.048337 0.001000
vt 0.064449 0.000000
vt 0.048337 0.000000
vt 0.032224 0.001000
vt 0.032224 0.000000
vt 0.016112 0.001000
vt 0.016112 0.000000
vt 0.081087 0.001000
vt 0.060815 0.001000
vt 0.081087 0.000000
vt 0.060815 0.000000
vt 0.040543 0.001000
vt 0.040543 0.000000
vt 0.020272 0.001000
vt 0.020272 0.000000
vt 0.078218 0.001000
vt 0.058663 0.001000
vt 0.078218 0.000000
vt 0.058663 0.000000
vt 0.039109 0.001000
vt 0.039109 0.000000
vt 0.019554 0.001000
vt 0.019554 0.000000
vt 0.062658 0.001000
vt 0.046993 0.001000
vt 0.062658 0.000000
vt 0.046993 0.000000
vt 0.031329 0.001000
vt 0.031329 0.000000
vt 0.015664 0.001000
vt 0.015664 0.000000
vt 0.140173 0.001000
vt 0.105129 0.001000
vt 0.140173 0.000000
vt 0.105129 0.000000
vt 0.070086 0.001000
vt 0.070086 0.000000
vt 0.035043 0.001000
vt 0.035043 0.000000
vt 0.098952 0.001000
vt 0.074214 0.001000
vt 0.098952 0.000000
vt 0.074214 0.000000
vt 0.049476 0.001000
vt 0.049476 0.000000
vt 0.024738 0.001000
vt 0.024738 0.000000
vt -0.001000 0.021444
vt 0.000000 0.021444
vt -0.001000 0.132085
vt 0.000000 0.132085
vt 0.091659 0.001000
vt 0.068744 0.001000
vt 0.091659 0.000000
vt 0.068744 0.000000
vt 0.045830 0.001000
vt 0.045830 0.000000
vt 0.022915 0.001000
vt 0.022915 0.000000
vt 0.048799 0.001000
vt 0.036599 0.001000
vt 0.048799 0.000000
vt 0.036599 0.000000
vt 0.024399 0.001000
vt 0.024399 0.000000
vt 0.012200 0.001000
vt 0.012200 0.000000
vt 0.041733 0.001000
vt 0.031300 0.001000
vt 0.041733 0.000000
vt 0.031300 0.000000
vt 0.020866 0.001000
vt 0.020866 0.000000
vt 0.010433 0.001000
vt 0.010433 0.000000
vt 0.093648 0.001000
vt 0.070236 0.001000
vt 0.093648 0.000000
vt 0.070236 0.000000
vt 0.046824 0.001000
vt 0.046824 0.000000
vt 0.023412 0.001000
vt 0.023412 0.000000
vt 0.149137 0.001000
vt 0.111853 0.001000
vt 0.149137 0.000000
vt 0.111853 0.000000
vt 0.074568 0.001000
vt 0.074568 0.000000
vt 0.037284 0.001000
vt 0.037284 0.000000
vt 0.145555 0.001000
vt 0.109166 0.001000
vt 0.145555 0.000000
vt 0.109166 0.000000
vt 0.072778 0.001000
vt 0.072778 0.000000
vt 0.036389 0.001000
vt 0.036389 0.000000
vt 0.094777 0.001000
vt 0.071083 0.001000
vt 0.094777 0.000000
vt 0.071083 0.000000
vt 0.047388 0.001000
vt 0.047388 0.000000
vt 0.023694 0.001000
vt 0.023694 0.000000
vt 0.001000 -0.021393
vt 0.000000 -0.021393
vt 0.072809 0.001000
vt 0.054607 0.001000
vt 0.072809 0.000000
vt 0.054607 0.000000
vt 0.036404 0.001000
vt 0.036404 0.000000
vt 0.018202 0.001000
vt 0.018202 0.000000
vt 0.113500 0.001000
vt 0.085125 0.001000
vt 0.113500 0.000000
vt 0.085125 0.000000
vt 0.056750 0.001000
vt 0.056750 0.000000
vt 0.028375 0.001000
vt 0.028375 0.000000
vt 0.112694 0.001000
vt 0.084520 0.001000
vt 0.112694 0.000000
vt 0.084520 0.000000
vt 0.056347 0.001000
vt 0.056347 0.000000
vt 0.028173 0.001000
vt 0.028173 0.000000
vt 0.073114 0.001000
vt 0.054836 0.001000
vt 0.073114 0.000000
vt 0.054836 0.000000
vt 0.036557 0.001000
vt 0.036557 0.000000
vt 0.018279 0.001000
vt 0.018279 0.000000
vt 0.001000 -0.021060
vt 0.000000 -0.021060
vt 0.034299 -0.030769
vt 0.019591 -0.012671
vt 0.016411 -0.041883
vt 0.003868 -0.028647
vt -0.011455 -0.018777
vt -0.022127 0.007517
vt -0.028776 -0.013089
vt -0.045362 0.010016
vt -0.046936 -0.011354
vt -0.081953 0.003925
vt -0.074632 -0.015731
vt -0.098760 -0.029911
vt -0.113725 -0.015115
vt -0.115627 -0.052223
vt -0.135226 -0.045244
vt -0.121398 -0.079567
vt -0.142768 -0.081475
vt -0.115470 -0.107094
vt -0.135435 -0.116833
vt -0.113904 -0.145847
vt -0.098961 -0.129926
vt -0.082882 -0.164383
vt -0.074662 -0.144211
vt -0.047127 -0.170104
vt -0.046793 -0.148734
vt -0.028720 -0.146910
vt -0.023579 -0.167875
vt -0.011535 -0.141052
vt -0.001130 -0.160489
vt 0.003705 -0.131186
vt 0.018726 -0.147690
vt 0.016411 -0.118205
vt 0.034299 -0.129940
vt -0.001000 0.244231
vt 0.000000 0.244231
vt 0.001000 -0.062918
vt 0.000000 -0.062918
vt 0.046910 0.001000
vt 0.035182 0.001000
vt 0.046910 0.000000
vt 0.035182 0.000000
vt 0.023455 0.001000
vt 0.023455 0.000000
vt 0.011727 0.001000
vt 0.011727 0.000000
vt 0.080526 0.001000
vt 0.060395 0.001000
vt 0.080526 0.000000
vt 0.060395 0.000000
vt 0.040263 0.001000
vt 0.040263 0.000000
vt 0.020132 0.001000
vt 0.020132 0.000000
vt 0.061898 0.001000
vt 0.046423 0.001000
vt 0.061898 0.000000
vt 0.046423 0.000000
vt 0.030949 0.001000
vt 0.030949 0.000000
vt 0.015474 0.001000
vt 0.015474 0.000000
vt 0.039736 0.001000
vt 0.029802 0.001000
vt 0.039736 0.000000
vt 0.029802 0.000000
vt 0.019868 0.001000
vt 0.019868 0.000000
vt 0.009934 0.001000
vt 0.009934 0.000000
vt -0.001000 0.081855
vt 0.000000 0.081855
vt 0.001000 -0.088868
vt 0.000000 -0.088868
vt 0.125212 0.001000
vt 0.093909 0.001000
vt 0.125212 0.000000
vt 0.093909 0.000000
vt 0.062606 0.001000
vt 0.062606 0.000000
vt 0.031303 0.001000
vt 0.031303 0.000000
vt 0.078284 0.001000
vt 0.058713 0.001000
vt 0.078284 0.000000
vt 0.058713 0.000000
vt 0.039142 0.001000
vt 0.039142 0.000000
vt 0.019571 0.001000
vt 0.019571 0.000000
vt 0.001000 -0.103083
vt 0.000000 -0.103083
vt -0.028792 0.076983
vt -0.050162 0.076983
vt -0.028792 -0.026099
vt -0.050162 -0.167247
vt -0.028273 -0.080884
vt -0.028697 -0.092603
vt -0.028792 -0.104329
vt -0.028792 -0.167247
vt -0.027410 -0.069191
vt -0.025500 -0.057630
vt -0.017248 -0.039360
vt -0.015685 -0.011617
vt -0.003581 -0.024678
vt 0.013881 -0.014832
vt 0.018058 0.007384
vt 0.033649 -0.011550
vt 0.037418 0.009820
vt 0.048955 -0.013361
vt 0.067598 0.002840
vt 0.062851 -0.019927
vt 0.072999 -0.031458
vt 0.090586 -0.017853
vt 0.078632 -0.045800
vt 0.100598 -0.047203
vt 0.080123 -0.055614
vt 0.080760 -0.065528
vt 0.102482 -0.078380
vt 0.081033 -0.075458
vt 0.081112 -0.085392
vt 0.081112 -0.167247
vt 0.102482 -0.167247
vt 0.092705 -0.285317
vt 0.176336 -0.242705
vt -0.000000 -0.300000
vt 0.242705 -0.176336
vt -0.478671 0.114944
vt 0.285317 -0.092705
vt 0.300000 1.200000
vt -0.102506 0.550000
vt -0.129508 0.430774
vt -0.184635 0.321663
vt 0.285317 1.292705
vt -0.478671 0.985056
vt -0.364595 0.941117
vt -0.264590 0.870810
vt 0.242705 1.376336
vt -0.000000 1.500000
vt -0.600000 1.000000
vt -3.400000 1.500000
vt -2.800000 1.000000
vt -2.921329 0.985056
vt -3.642705 1.376336
vt -3.685317 1.292705
vt 0.176336 1.442705
vt 0.092705 1.485317
vt -3.492705 1.485317
vt -3.576336 1.442705
vt -3.700000 1.200000
vt -3.035405 0.941117
vt -3.135410 0.870810
vt -3.215365 0.778337
vt -3.270492 0.669226
vt -3.297494 0.550000
vt -3.700000 0.000000
vt -3.270492 0.430774
vt -3.215365 0.321663
vt -3.135410 0.229190
vt -3.035405 0.158883
vt -2.921329 0.114944
vt -3.685317 -0.092705
vt -3.642705 -0.176336
vt -3.400000 -0.300000
vt -3.576336 -0.242705
vt -3.492705 -0.285317
vt -2.800000 0.100000
vt -0.600000 0.100000
vt -0.184635 0.778337
vt -0.129508 0.669226
vt -0.264590 0.229190
vt -0.364595 0.158883
vt -0.491113 1.361382
vt 0.104444 1.351521
vt 0.600000 1.361382
vt 0.225268 1.338315
vt 0.340386 1.299318
vt -0.491113 1.351521
vt 0.444361 1.236373
vt 0.532283 1.152453
vt 0.600000 1.051521
vt -0.008887 -0.455086
vt -1.100000 -0.455086
vt -0.000000 -0.513127
vt -1.100000 -0.529003
vt -0.000000 -0.586431
vt -1.100000 -0.602919
vt -0.000000 0.513127
vt -1.100000 0.496638
vt -0.000000 0.439823
vt -1.100000 0.422722
vt -0.000000 0.366519
vt -1.100000 0.348806
vt -0.000000 0.293215
vt -1.100000 0.274889
vt -0.000000 0.219911
vt -1.100000 0.200973
vt -0.000000 0.146608
vt -1.100000 0.127057
vt -0.000000 0.073304
vt -1.100000 0.053140
vt -1.100000 -0.020776
vt -0.000000 -0.073304
vt -1.100000 -0.094692
vt -0.008887 -0.094692
vt -0.000000 -0.146608
vt -0.008887 -0.166771
vt -0.000000 -0.219911
vt -0.008887 -0.238850
vt -0.000000 -0.293215
vt -0.008887 -0.310929
vt -0.000000 -0.366519
vt -0.008887 -0.383007
vt -0.000000 -0.439823
vt 2.300000 -0.104720
vt 1.200000 -0.104720
vt 2.300000 -0.157080
vt 1.200000 -0.157080
vt 2.300000 -0.209440
vt 1.200000 -0.209440
vt 2.300000 -0.261799
vt 1.200000 -0.261799
vt 2.300000 -0.314159
vt 1.200000 -0.314159
vt 2.300000 0.314159
vt 1.200000 0.314159
vt 2.300000 0.261799
vt 1.200000 0.261799
vt 2.300000 0.209440
vt 1.200000 0.209440
vt 2.300000 0.157080
vt 1.200000 0.157080
vt 2.300000 0.104720
vt 1.200000 0.104720
vt 2.300000 0.052360
vt 1.200000 0.052360
vt 2.300000 0.000000
vt 1.200000 0.000000
vt 2.300000 -0.052360
vt 1.200000 -0.052360
vt -0.495389 -0.012866
vt -0.481445 -0.035929
vt -0.495482 -0.008578
vt -0.495538 -0.004289
vt -0.495556 0.000000
vt -0.475331 -0.005992
vt -0.490478 0.070584
vt -0.466427 -0.058308
vt -0.450370 -0.079954
vt -0.495556 0.148479
vt 3.895556 0.108719
vt 3.877239 0.027600
vt 3.895556 0.000000
vt 3.870142 -0.043652
vt 3.847881 -0.050206
vt 3.840893 -0.084833
vt 3.808048 -0.123207
vt -0.000000 -1.124691
vt -0.431032 -1.160396
vt -0.000000 -1.249657
vt -0.862064 -1.160396
vt -1.293095 -1.160396
vt -1.293095 -1.071134
vt -1.724127 -1.071134
vt -1.724127 -0.981873
vt -1.889127 -0.994528
vt -1.197246 -0.922523
vt -1.293095 -0.981873
vt -0.862064 -0.981873
vt -0.862064 -1.071134
vt -0.431032 -1.071134
vt -0.000000 -0.999726
vt -0.431032 -0.981873
vt -0.862064 -0.892612
vt -0.857629 -0.878288
vt -0.431032 -0.892612
vt -0.536069 -0.826530
vt -0.000000 -0.874760
vt -0.000000 -0.749794
vt -0.000000 -0.624828
vt -0.002735 -0.639231
vt -0.008993 -0.651286
vt -0.023660 -0.667662
vt -0.054092 -0.689543
vt -0.115959 -0.719476
vt -0.246242 -0.762368
vt -0.386662 -0.796600
vt -2.606169 -1.054911
vt -2.155159 -1.071134
vt -1.724127 -1.160396
vt -2.155159 -1.160396
vt -2.586191 -1.160396
vt -3.017223 -1.160396
vt -3.347796 -1.108005
vt -4.102318 -1.155774
vt -2.586191 -1.071134
vt -4.858066 -1.199399
vt -3.879286 -1.160396
vt -3.448255 -1.160396
vt -5.603414 -1.239329
vt -5.603414 -1.242772
vt -5.603414 -1.246214
vt -5.603414 -1.249657
vt -5.603414 0.000000
vt -5.267373 -0.018206
vt -4.922489 -0.037402
vt -0.431032 -0.089261
vt -0.862064 -0.089261
vt -0.431032 -0.178522
vt -0.862064 -0.178522
vt -0.431032 -0.267985
vt -0.862064 -0.268186
vt -0.431032 -0.357045
vt -0.862064 -0.357045
vt -0.665423 -0.398010
vt -1.022889 -0.345420
vt -1.293095 -0.268388
vt -1.293095 -0.178522
vt -1.699053 -0.268578
vt -1.724127 -0.178522
vt -2.047553 -0.235721
vt -2.155159 -0.178522
vt -2.586191 -0.178522
vt -2.586191 -0.089261
vt -2.761955 -0.176927
vt -3.017223 -0.089261
vt -3.448255 -0.089261
vt -4.212941 -0.078970
vt -3.879286 -0.089261
vt -1.358640 -0.304604
vt -0.313507 -0.467923
vt -0.000000 -0.374897
vt -0.000000 -0.249931
vt -0.000000 -0.124966
vt -0.000000 -0.499863
vt -0.145770 -0.517570
vt -0.061361 -0.554923
vt -0.023914 -0.581267
vt -0.007714 -0.600085
vt -2.155159 -0.089261
vt -1.724127 -0.089261
vt -1.293095 -0.089261
vt 0.000000 1.200000
vt -5.603414 0.291281
vt -5.603414 0.108719
vt -5.603414 1.200000
vt -0.000000 0.124966
vt -0.431032 0.089261
vt -0.862064 0.089261
vt -1.293095 0.089261
vt -1.293095 0.178522
vt -1.724127 0.178522
vt -2.047553 0.235721
vt -2.155159 0.178522
vt -2.586191 0.178522
vt -2.155159 0.089261
vt -2.586191 0.089261
vt -4.922489 0.037402
vt -5.267373 0.018206
vt -0.431032 0.178522
vt -0.000000 0.249931
vt -0.431032 0.267985
vt -0.000000 0.374897
vt -0.431032 0.357045
vt -0.665423 0.398010
vt -0.862064 0.357045
vt -1.022889 0.345420
vt -0.862064 0.268186
vt -1.358640 0.304604
vt -1.293095 0.268388
vt -1.699053 0.268578
vt -0.313507 0.467923
vt -0.000000 0.499863
vt -0.145770 0.517570
vt -0.061361 0.554923
vt -0.023914 0.581267
vt -0.007714 0.600085
vt -0.000000 0.624828
vt -2.761955 0.176927
vt -4.212941 0.078970
vt -3.879286 0.089261
vt -3.448255 0.089261
vt -3.017223 0.089261
vt -0.862064 0.178522
vt -1.724127 0.089261
vt -4.866304 -1.290245
vt -0.431032 -1.338918
vt -0.000000 -1.374623
vt -0.431032 -1.428179
vt -0.000000 -1.499588
vt -0.431032 -1.517441
vt -0.431032 -1.606702
vt -0.862064 -1.517441
vt -0.862064 -1.606702
vt -1.242910 -1.567557
vt -0.898786 -1.611994
vt -4.119057 -1.334405
vt -3.879286 -1.338918
vt -3.448255 -1.338918
vt -3.017223 -1.338918
vt -3.373113 -1.382558
vt -2.639951 -1.435812
vt -1.931074 -1.495976
vt -2.155159 -1.428179
vt -2.586191 -1.428179
vt -2.586191 -1.338918
vt -2.155159 -1.338918
vt -1.724127 -1.338918
vt -1.724127 -1.428179
vt -1.293095 -1.428179
vt -1.293095 -1.517441
vt -0.567970 -1.664479
vt -0.411804 -1.695178
vt -0.000000 -1.624554
vt -0.263319 -1.730620
vt -0.000000 -1.749520
vt -0.123564 -1.775656
vt -0.056693 -1.807469
vt -0.023999 -1.830800
vt -0.008599 -1.848363
vt -0.002445 -1.860559
vt -0.000000 -1.874485
vt -1.293095 -1.338918
vt -0.862064 -1.338918
vt -0.862064 -1.428179
vt 5.603414 0.000000
vt 5.603414 -1.051521
vt 0.000000 -1.200000
vt 5.603414 -1.200000
vt -5.800001 0.878536
vt -0.200000 0.878536
vt -5.792291 0.897206
vt -5.776101 0.911434
vt -5.738678 0.931443
vt -0.200000 1.000320
vt -5.654319 0.960096
vt -5.486685 0.998974
vt -5.134983 1.055980
vt -0.200000 1.122104
vt -4.777734 1.101265
vt -4.442189 1.138211
vt -4.101984 1.172353
vt -3.753696 1.204872
vt -0.200000 1.243889
vt -3.039728 1.266809
vt -0.200000 1.365673
vt -1.589625 1.382144
vt -0.880509 1.436149
vt -0.535836 1.462161
vt -0.200000 1.487457
vt -0.200000 0.269615
vt -0.200000 0.391399
vt -0.936660 0.325180
vt -1.683453 0.382177
vt -2.428948 0.440367
vt -0.200000 0.513184
vt -3.161665 0.500268
vt -3.870104 0.562843
vt -0.200000 0.634968
vt -4.557849 0.631078
vt -4.901762 0.670636
vt -5.232378 0.715093
vt -0.200000 0.756752
vt -5.388447 0.740168
vt -5.536842 0.768418
vt -5.676511 0.803478
vt -5.743342 0.827830
vt -5.776016 0.845544
vt -5.791406 0.858825
vt -5.797556 0.868031
vt -0.200000 -2.804444
vt -0.300000 -2.804444
vt -0.200000 -3.400000
vt -5.800000 -3.400000
vt -0.300000 -0.604444
vt -5.800000 0.000000
vt -0.200000 -0.604444
vt -5.800000 -0.896786
vt -0.200000 -0.896786
vt -5.797266 -0.885922
vt -5.791013 -0.876821
vt -5.776355 -0.864438
vt -5.745941 -0.847828
vt -5.684113 -0.824930
vt -0.200000 -0.767053
vt -5.553908 -0.791598
vt -5.413574 -0.764394
vt -5.264258 -0.740041
vt -4.942894 -0.696402
vt -0.200000 -0.637319
vt -4.603486 -0.657216
vt -3.912025 -0.588841
vt -0.200000 -0.507586
vt -3.195428 -0.526136
vt -2.454249 -0.466384
vt -0.200000 -0.377853
vt -1.700182 -0.408518
vt -0.944893 -0.351971
vt -0.200000 -0.350899
vt -0.200000 -0.323946
vt -0.200000 -0.296992
vt -0.200000 -1.487457
vt -0.200000 -1.436929
vt -0.535836 -1.462161
vt -0.880509 -1.436149
vt -0.200000 -1.386400
vt -1.589625 -1.382144
vt -0.200000 -1.335872
vt -3.039728 -1.266809
vt -0.200000 -1.221538
vt -3.753696 -1.204872
vt -4.101984 -1.172353
vt -0.200000 -1.107204
vt -4.442189 -1.138211
vt -4.777734 -1.101265
vt -5.134983 -1.055980
vt -0.200000 -0.992870
vt -5.486685 -0.998974
vt -5.654319 -0.960096
vt -5.738678 -0.931443
vt -0.200000 -0.878536
vt -5.776101 -0.911434
vt -5.792291 -0.897206
vt -5.800001 -0.878536
vt 5.800000 0.000000
vt 0.200000 3.400000
vt 5.800000 3.400000
vt -3.791113 0.142802
vt -3.797319 0.082054
vt -3.791113 -0.039760
vt -3.797319 0.020989
vt -2.691113 1.351521
vt -2.691113 1.361382
vt -3.295556 1.351521
vt -3.791113 1.361382
vt -3.416380 1.338315
vt -3.531498 1.299318
vt -3.635474 1.236373
vt -3.723396 1.152453
vt -3.791113 1.051521
vt 0.243251 -0.548479
vt 0.342801 -0.492430
vt -3.198097 -0.548479
vt 0.104444 -0.448479
vt -3.432174 -0.500935
vt -3.295556 -0.448479
vt -3.537455 -0.443288
vt -3.409096 -0.436833
vt -3.517907 -0.402381
vt 0.233063 -0.433802
vt 0.429924 -0.418528
vt 0.355070 -0.390526
vt 0.501459 -0.329453
vt 0.464190 -0.320876
vt 0.554814 -0.228433
vt -3.629155 -0.365838
vt -3.617458 -0.346557
vt -3.703604 -0.271685
vt -3.317525 -0.536473
vt -0.300000 -0.078115
vt -0.000000 -0.115336
vt -0.300000 -0.156230
vt -0.000000 -0.230672
vt -0.300000 -0.234346
vt -0.000000 -0.346008
vt -0.300000 -0.348763
vt -0.000000 -0.461344
vt -0.300000 -0.463181
vt -0.000000 -0.576680
vt -0.300000 -0.577598
vt -0.000000 -0.692016
vt -0.300000 -0.692016
vt 0.300000 3.441348
vt -0.000000 3.441348
vt -0.300000 -0.942478
vt -0.300000 -1.062709
vt -0.000000 -0.942478
vt -0.000000 -1.071742
vt -0.300000 -1.182941
vt -0.000000 -1.201006
vt -0.300000 -1.303173
vt -0.000000 -1.330271
vt -0.300000 -1.423404
vt -0.000000 -1.459535
vt -0.300000 -1.543635
vt -0.000000 -1.588799
vt -0.300000 -1.626863
vt -0.000000 -1.718064
vt -0.300000 -1.710091
vt -0.300000 -1.793319
vt -0.000000 -1.847328
vt -0.300000 -1.854410
vt -0.300000 -1.915501
vt -0.300000 -1.976592
vt -0.000000 -1.976592
vt 0.300000 -0.090139
vt 0.236603 -0.050000
vt 0.300000 -0.400000
vt 0.200000 -0.086603
vt 0.150000 -0.100000
vt 0.323768 -0.020727
vt 0.316994 0.052327
vt 0.280867 0.116185
vt 0.250000 0.000000
vt 0.236603 0.050000
vt 0.221738 0.159620
vt 0.200000 0.086603
vt 0.150000 0.175000
vt 0.150000 0.100000
vt 0.100000 0.086603
vt 0.078262 0.159620
vt 0.063397 0.050000
vt 0.019133 0.116185
vt -0.000000 -0.090139
vt 0.063397 -0.050000
vt -0.000000 -1.308719
vt 0.100000 -0.086603
vt -0.016994 0.052327
vt -0.023768 -0.020727
vt 0.300000 -1.308719
vt -0.000000 0.645243
vt -0.048630 0.592732
vt -0.000000 -0.716139
vt -0.114215 0.564080
vt -0.185785 0.564080
vt -0.251370 0.592732
vt -0.300000 0.335382
vt -0.300000 -0.716139
vt -0.300000 0.645243
vt 0.491113 1.361382
vt -0.600000 1.361382
vt 0.491113 1.161382
vt -0.600000 0.000000
vt 2.691113 1.161382
vt 3.791113 0.142802
vt 3.791113 1.361382
vt 3.198097 -0.548479
vt -0.588949 -0.114627
vt -0.556202 -0.225031
vt -0.243251 -0.548479
vt -0.502967 -0.327146
vt -0.431203 -0.417210
vt -0.343555 -0.491905
vt 3.326364 -0.534608
vt 3.448700 -0.493638
vt 3.559449 -0.427461
vt 3.653491 -0.339139
vt 3.726478 -0.232755
vt 3.775035 -0.113227
vt 3.796917 0.013918
vt 2.691113 1.361382
vt -4.400000 -0.094692
vt -3.300000 -0.094692
vt -4.400000 -0.020776
vt -3.300000 -0.020776
vt -4.400000 0.053140
vt -3.300000 0.053140
vt -4.400000 0.127057
vt -3.300000 0.127057
vt -4.400000 0.200973
vt -3.300000 0.200973
vt -4.400000 0.274889
vt -3.300000 0.274889
vt -4.400000 0.348806
vt -3.300000 0.348806
vt -4.400000 0.422722
vt -3.300000 0.422722
vt -4.400000 0.496638
vt -3.300000 0.496638
vt -4.400000 0.570555
vt -3.300000 0.570555
vt -4.400000 0.644471
vt -3.300000 0.644471
vt -0.159870 0.071179
vt -0.175000 0.000000
vt -0.159870 -0.071179
vt -0.086603 -0.050000
vt -0.117098 -0.130050
vt -0.050000 -0.086603
vt -0.054078 -0.166435
vt 0.018292 -0.174041
vt 0.050000 -0.086603
vt 0.087500 -0.151554
vt 0.141578 -0.102862
vt 0.086603 -0.050000
vt 0.171176 -0.036385
vt 0.171176 0.036385
vt 0.086603 0.050000
vt 0.141578 0.102862
vt 0.050000 0.086603
vt 0.087500 0.151554
vt 0.018292 0.174041
vt -0.054078 0.166435
vt -0.050000 0.086603
vt -0.117098 0.130050
vt -0.086603 0.050000
vt 4.500000 0.104720
vt 5.600000 0.104720
vt 4.500000 0.157080
vt 5.600000 0.157080
vt 4.500000 0.209440
vt 5.600000 0.209440
vt 4.500000 0.261799
vt 5.600000 0.261799
vt 4.500000 0.314159
vt 5.600000 0.314159
vt 4.500000 -0.314159
vt 5.600000 -0.314159
vt 4.500000 -0.261799
vt 5.600000 -0.261799
vt 4.500000 -0.209440
vt 5.600000 -0.209440
vt 4.500000 -0.157080
vt 5.600000 -0.157080
vt 4.500000 -0.104720
vt 5.600000 -0.104720
vt 4.500000 -0.052360
vt 5.600000 -0.052360
vt 4.500000 0.000000
vt 5.600000 0.000000
vt 4.500000 0.052360
vt 5.600000 0.052360
vt 2.795556 1.800000
vt 0.595556 1.800000
vt 2.795556 1.609861
vt 0.595556 1.609861
vt -0.100000 -0.600000
vt -0.163397 -0.559861
vt -0.100000 -0.609861
vt -0.200000 -0.596464
vt -0.000000 -0.800000
vt -0.250000 -0.609861
vt -0.400000 -0.800000
vt -0.300000 -0.596464
vt -0.400000 -0.600000
vt -0.336603 -0.559861
vt -0.423768 -0.530589
vt -0.350000 -0.509861
vt -0.416994 -0.457534
vt -0.336603 -0.459861
vt -0.380867 -0.393677
vt -0.300000 -0.423259
vt -0.321738 -0.350241
vt -0.250000 -0.409861
vt -0.250000 -0.334861
vt -0.178262 -0.350241
vt -0.200000 -0.423259
vt -0.119133 -0.393677
vt -0.163397 -0.459861
vt -0.083006 -0.457534
vt -0.150000 -0.509861
vt -0.076232 -0.530589
vt -0.000000 -0.609861
vt 0.100000 -0.609861
vt 0.200000 -0.596464
vt 0.163397 -0.559861
vt 0.250000 -0.609861
vt 0.400000 -0.800000
vt 0.300000 -0.596464
vt 0.400000 -0.600000
vt 0.336603 -0.559861
vt 0.423768 -0.530589
vt 0.350000 -0.509861
vt 0.416994 -0.457534
vt 0.336603 -0.459861
vt 0.380867 -0.393677
vt 0.300000 -0.423259
vt 0.321738 -0.350241
vt 0.250000 -0.409861
vt 0.250000 -0.334861
vt 0.178262 -0.350241
vt 0.200000 -0.423259
vt 0.119133 -0.393677
vt 0.163397 -0.459861
vt 0.083006 -0.457534
vt 0.150000 -0.509861
vt 0.076232 -0.530589
vt 0.100000 -0.600000
vt 0.400000 2.200000
vt -0.000000 2.200000
vt 0.400000 0.000000
vt -2.864719 0.710761
vt -2.800000 0.700000
vt -2.922474 0.741886
vt -0.600000 0.700000
vt -0.477526 0.741886
vt -0.535281 0.710761
vt -2.967050 0.790026
vt -0.432950 0.790026
vt -2.993649 0.850000
vt -0.406351 0.850000
vt -2.967050 0.909974
vt -0.432950 0.909974
vt -2.922474 0.958114
vt -0.477526 0.958114
vt -0.535281 0.989239
vt -2.864719 0.989239
vt -0.471239 0.783185
vt -0.471239 0.647375
vt -0.376991 0.748391
vt -0.376991 0.647375
vt -0.282743 0.647375
vt -0.282743 0.748391
vt -0.188496 0.647375
vt -0.188496 0.748391
vt -0.094248 0.647375
vt -0.094248 0.748391
vt -0.000000 0.647375
vt -0.000000 0.748391
vt -0.094248 0.849407
vt -0.000000 0.849407
vt -0.094248 0.950422
vt -0.000000 0.950422
vt -0.094248 1.051438
vt -0.000000 1.051438
vt -0.094248 1.152453
vt -0.000000 1.152453
vt -0.059129 1.252982
vt -0.000000 1.253469
vt -0.118245 1.251471
vt -0.188496 1.152453
vt -0.188496 1.051438
vt -0.188496 0.950422
vt -0.188496 0.849407
vt -0.177290 1.248774
vt -0.236281 1.244570
vt -0.282743 1.152453
vt -0.295098 1.238302
vt -0.353766 1.228949
vt -0.376991 1.152453
vt -0.412222 1.214572
vt -0.470090 1.191221
vt -0.471239 1.190613
vt -0.471239 1.054804
vt -0.376991 1.051438
vt -0.376991 0.950422
vt -0.282743 0.950422
vt -0.282743 0.849407
vt -0.471239 0.918994
vt -0.376991 0.849407
vt -0.282743 1.051438
vt -0.470090 -1.191221
vt -0.412222 -1.214572
vt -0.471239 -1.190613
vt -0.376991 -1.152453
vt -0.471239 -1.054804
vt -0.376991 -1.051438
vt -0.376991 -0.950422
vt -0.282743 -1.051438
vt -0.282743 -0.950422
vt -0.188496 -1.051438
vt -0.188496 -0.950422
vt -0.094248 -1.051438
vt -0.094248 -0.950422
vt -0.000000 -1.051438
vt -0.000000 -0.950422
vt -0.353766 -1.228949
vt -0.282743 -1.152453
vt -0.295098 -1.238302
vt -0.236281 -1.244570
vt -0.188496 -1.152453
vt -0.177290 -1.248774
vt -0.118245 -1.251471
vt -0.094248 -1.152453
vt -0.059129 -1.252982
vt -0.000000 -1.152453
vt -0.000000 -1.253469
vt -0.094248 -0.849407
vt -0.000000 -0.849407
vt -0.094248 -0.748391
vt -0.000000 -0.748391
vt -0.094248 -0.647375
vt -0.000000 -0.647375
vt -0.188496 -0.647375
vt -0.188496 -0.748391
vt -0.188496 -0.849407
vt -0.282743 -0.647375
vt -0.282743 -0.748391
vt -0.282743 -0.849407
vt -0.376991 -0.647375
vt -0.376991 -0.748391
vt -0.376991 -0.849407
vt -0.471239 -0.647375
vt -0.471239 -0.783185
vt -0.471239 -0.918994
vt 0.600000 -0.942478
vt 2.800000 -0.942478
vt 0.600000 -0.848230
vt 2.800000 -0.848230
vt 0.600000 -0.753982
vt 2.800000 -0.753982
vt 0.600000 -0.659734
vt 2.800000 -0.659734
vt 0.600000 -0.565487
vt 2.800000 -0.565487
vt 0.600000 -0.471239
vt 2.800000 -0.471239
vt -0.600000 -0.471239
vt -2.800000 -0.471239
vt -0.600000 -0.565487
vt -2.800000 -0.565487
vt -0.600000 -0.659734
vt -2.800000 -0.659734
vt -0.600000 -0.753982
vt -2.800000 -0.753982
vt -0.600000 -0.848230
vt -2.800000 -0.848230
vt -0.600000 -0.942478
vt -2.800000 -0.942478
vt -0.000000 0.546360
vt -0.094248 0.546360
vt -0.000000 0.445344
vt -0.094248 0.445344
vt -0.000000 0.344329
vt -0.094248 0.344329
vt -0.000000 0.243313
vt -0.094248 0.243313
vt -0.000000 0.142298
vt -0.094248 0.142298
vt -0.059129 0.041769
vt -0.118245 0.043280
vt -0.188496 0.142298
vt -0.177290 0.045977
vt -0.236281 0.050181
vt -0.282743 0.142298
vt -0.295098 0.056449
vt -0.353766 0.065802
vt -0.376991 0.142298
vt -0.412222 0.080179
vt -0.471239 0.104138
vt -0.470090 0.103530
vt -0.188496 0.546360
vt -0.188496 0.445344
vt -0.188496 0.344329
vt -0.188496 0.243313
vt -0.282743 0.546360
vt -0.282743 0.445344
vt -0.282743 0.344329
vt -0.282743 0.243313
vt -0.376991 0.546360
vt -0.376991 0.445344
vt -0.376991 0.344329
vt -0.376991 0.243313
vt -0.471239 0.511566
vt -0.471239 0.375757
vt -0.471239 0.239947
vt -0.000000 0.041282
vt -0.471239 -0.511566
vt -0.376991 -0.546360
vt -0.282743 -0.546360
vt -0.188496 -0.546360
vt -0.094248 -0.546360
vt -0.000000 -0.546360
vt -0.094248 -0.445344
vt -0.000000 -0.445344
vt -0.094248 -0.344329
vt -0.000000 -0.344329
vt -0.094248 -0.243313
vt -0.000000 -0.243313
vt -0.094248 -0.142298
vt -0.000000 -0.142298
vt -0.059129 -0.041769
vt -0.000000 -0.041282
vt -0.118245 -0.043280
vt -0.188496 -0.142298
vt -0.188496 -0.243313
vt -0.188496 -0.344329
vt -0.188496 -0.445344
vt -0.177290 -0.045977
vt -0.236281 -0.050181
vt -0.282743 -0.142298
vt -0.295098 -0.056449
vt -0.353766 -0.065802
vt -0.376991 -0.142298
vt -0.412222 -0.080179
vt -0.470090 -0.103530
vt -0.471239 -0.104138
vt -0.471239 -0.239947
vt -0.376991 -0.243313
vt -0.376991 -0.344329
vt -0.282743 -0.344329
vt -0.282743 -0.445344
vt -0.471239 -0.375757
vt -0.376991 -0.445344
vt -0.282743 -0.243313
s 1
usemtl Material.001
f 135/1/1 133/2/1 214/3/1
f 214/3/1 133/2/1 647/4/1
f 214/3/1 647/4/1 552/5/1
f 552/5/1 647/4/1 649/6/1
f 552/5/1 649/6/1 644/7/1
f 552/5/1 644/7/1 568/8/1
f 568/8/1 644/7/1 639/9/1
f 568/8/1 639/9/1 634/10/1
f 634/10/1 627/11/1 568/8/1
f 568/8/1 627/11/1 620/12/1
f 568/8/1 620/12/1 162/13/1
f 568/8/1 162/13/1 230/14/1
f 230/14/1 162/13/1 156/15/1
f 230/14/1 156/15/1 149/16/1
f 149/16/1 144/17/1 230/14/1
f 230/14/1 144/17/1 139/18/1
f 230/14/1 139/18/1 214/3/1
f 214/3/1 139/18/1 135/1/1
f 117/19/2 103/20/2 133/21/2
f 133/21/2 103/20/2 102/22/2
f 133/21/2 102/22/2 113/23/2
f 121/24/2 128/25/2 113/23/2
f 113/23/2 128/25/2 133/21/2
f 133/21/2 128/25/2 647/26/2
f 647/26/2 128/25/2 654/27/2
f 647/26/2 654/27/2 669/28/2
f 669/28/2 654/27/2 661/29/2
f 669/28/2 676/30/2 647/26/2
f 647/26/2 676/30/2 677/31/2
f 647/26/2 677/31/2 666/32/2
f 666/32/2 657/33/2 647/26/2
f 647/26/2 657/33/2 648/34/2
f 134/35/2 126/36/2 133/21/2
f 133/21/2 126/36/2 117/19/2
f 391/37/3 403/38/3 446/39/3
f 446/39/3 403/38/3 418/40/3
f 446/39/3 418/40/3 436/41/3
f 446/39/3 436/41/3 462/42/3
f 462/42/3 436/41/3 442/43/3
f 462/42/3 442/43/3 470/44/3
f 470/44/3 442/43/3 444/45/3
f 470/44/3 444/45/3 474/46/3
f 474/46/3 444/45/3 472/47/3
f 472/47/3 444/45/3 443/48/3
f 472/47/3 443/48/3 464/49/3
f 464/49/3 443/48/3 437/50/3
f 464/49/3 437/50/3 448/51/3
f 448/51/3 437/50/3 419/52/3
f 448/51/3 419/52/3 404/53/3
f 404/53/3 392/54/3 448/51/3
f 352/55/1 432/56/1 353/57/1
f 353/57/1 432/56/1 433/58/1
f 134/59/4 136/60/5 126/61/6
f 126/61/6 136/60/5 125/62/7
f 126/61/6 125/62/7 117/63/8
f 117/63/8 125/62/7 116/64/9
f 117/63/8 116/64/9 103/65/10
f 103/65/10 116/64/9 111/66/11
f 103/65/10 111/66/11 107/67/10
f 125/62/7 136/60/5 137/68/5
f 137/68/5 136/60/5 138/69/4
f 137/68/5 138/69/4 140/70/12
f 140/70/12 143/71/13 137/68/5
f 137/68/5 143/71/13 146/72/14
f 146/72/14 143/71/13 147/73/14
f 146/72/14 147/73/14 151/74/15
f 146/72/14 151/74/15 154/75/16
f 154/75/16 151/74/15 155/76/17
f 154/75/16 155/76/17 157/77/18
f 154/75/16 157/77/18 161/78/19
f 161/78/19 157/77/18 163/79/20
f 161/78/19 163/79/20 165/80/21
f 165/80/21 163/79/20 196/81/22
f 165/80/21 196/81/22 201/82/23
f 201/82/23 196/81/22 258/83/24
f 201/82/23 258/83/24 267/84/25
f 267/84/25 258/83/24 352/85/1
f 267/84/25 352/85/1 353/86/1
f 433/86/1 432/85/1 519/87/26
f 519/87/26 432/85/1 521/88/27
f 519/87/26 521/88/27 581/89/28
f 581/89/28 521/88/27 587/90/29
f 581/89/28 587/90/29 617/91/30
f 617/91/30 587/90/29 621/92/31
f 617/91/30 621/92/31 622/93/32
f 622/93/32 621/92/31 626/94/33
f 622/93/32 626/94/33 629/95/34
f 629/95/34 626/94/33 628/96/35
f 629/95/34 628/96/35 632/97/36
f 629/95/34 632/97/36 637/98/37
f 637/98/37 632/97/36 636/99/38
f 637/98/37 636/99/38 640/100/39
f 637/98/37 640/100/39 646/101/40
f 646/101/40 640/100/39 643/102/41
f 646/101/40 643/102/41 645/103/42
f 645/103/42 650/104/43 646/101/40
f 646/101/40 650/104/43 657/105/44
f 646/101/40 657/105/44 658/106/45
f 658/106/45 657/105/44 666/107/46
f 658/106/45 666/107/46 667/108/47
f 667/108/47 666/107/46 681/109/48
f 667/108/47 681/109/48 672/110/49
f 650/104/43 648/111/42 657/105/44
f 666/107/46 677/112/48 681/109/48
f 392/54/3 380/113/3 334/114/3
f 334/114/3 380/113/3 361/115/3
f 334/114/3 361/115/3 351/116/3
f 334/114/3 351/116/3 326/117/3
f 326/117/3 351/116/3 341/118/3
f 326/117/3 341/118/3 314/119/3
f 314/119/3 341/118/3 335/120/3
f 314/119/3 335/120/3 310/121/3
f 310/121/3 335/120/3 312/122/3
f 312/122/3 335/120/3 340/123/3
f 312/122/3 340/123/3 324/124/3
f 324/124/3 340/123/3 350/125/3
f 324/124/3 350/125/3 332/126/3
f 332/126/3 350/125/3 360/127/3
f 332/126/3 360/127/3 379/128/3
f 379/128/3 391/37/3 332/126/3
f 163/129/2 157/130/50 162/131/2
f 162/131/2 157/130/50 156/132/51
f 156/132/51 157/130/50 155/133/52
f 156/132/51 155/133/52 149/134/53
f 149/134/53 155/133/52 151/135/54
f 149/134/53 151/135/54 147/136/55
f 149/134/53 147/136/55 144/137/56
f 144/137/56 147/136/55 143/138/57
f 144/137/56 143/138/57 140/139/58
f 144/137/56 140/139/58 139/140/59
f 139/140/59 140/139/58 138/141/60
f 139/140/59 138/141/60 135/142/61
f 135/142/61 138/141/60 136/143/61
f 432/144/2 352/145/2 162/146/2
f 162/146/2 352/145/2 258/147/2
f 162/146/2 258/147/2 196/148/2
f 196/148/2 163/149/2 162/146/2
f 162/146/2 620/150/62 432/144/2
f 432/144/2 620/150/62 521/151/2
f 521/151/2 620/150/62 587/152/2
f 587/152/2 620/150/62 621/153/2
f 650/154/63 645/155/64 649/146/65
f 649/146/65 645/155/64 644/156/66
f 644/156/66 645/155/64 643/157/67
f 644/156/66 643/157/67 639/158/68
f 639/158/68 643/157/67 640/159/69
f 639/158/68 640/159/69 636/160/70
f 639/158/68 636/160/70 634/161/71
f 634/161/71 636/160/70 632/162/72
f 634/161/71 632/162/72 628/163/73
f 634/161/71 628/163/73 627/164/74
f 627/164/74 628/163/73 626/165/75
f 627/164/74 626/165/75 620/131/62
f 620/131/62 626/165/75 621/129/2
f 679/166/1 689/167/1 680/168/1
f 680/168/1 689/167/1 690/169/1
f 680/168/1 690/169/1 671/170/1
f 671/170/1 690/169/1 682/171/1
f 671/170/1 682/171/1 665/172/1
f 665/172/1 682/171/1 668/173/1
f 665/172/1 668/173/1 652/174/1
f 652/174/1 668/173/1 659/175/1
f 652/174/1 659/175/1 641/176/1
f 641/176/1 659/175/1 642/177/1
f 641/176/1 642/177/1 631/178/1
f 631/178/1 642/177/1 633/179/1
f 631/178/1 633/179/1 624/180/1
f 624/180/1 633/179/1 625/181/1
f 624/180/1 625/181/1 616/182/1
f 616/182/1 625/181/1 618/183/1
f 616/182/1 618/183/1 166/184/1
f 616/182/1 166/184/1 164/185/1
f 164/185/1 166/184/1 158/186/1
f 164/185/1 158/186/1 159/187/1
f 159/187/1 158/186/1 150/188/1
f 159/187/1 150/188/1 152/189/1
f 152/189/1 150/188/1 141/190/1
f 152/189/1 141/190/1 142/191/1
f 142/191/1 141/190/1 124/192/1
f 142/191/1 124/192/1 131/193/1
f 131/193/1 124/192/1 115/194/1
f 131/193/1 115/194/1 118/195/1
f 118/195/1 115/194/1 101/196/1
f 118/195/1 101/196/1 112/197/1
f 112/197/1 101/196/1 96/198/1
f 112/197/1 96/198/1 106/199/1
f 106/199/1 96/198/1 105/200/1
f 105/200/1 96/198/1 95/201/1
f 64/202/3 73/203/3 62/204/3
f 62/204/3 73/203/3 71/205/3
f 62/204/3 71/205/3 63/206/3
f 63/206/3 71/205/3 77/207/3
f 63/206/3 77/207/3 68/208/3
f 68/208/3 77/207/3 82/209/3
f 68/208/3 82/209/3 75/210/3
f 75/210/3 82/209/3 88/211/3
f 75/210/3 88/211/3 86/212/3
f 86/212/3 88/211/3 692/213/3
f 86/212/3 692/213/3 696/214/3
f 696/214/3 692/213/3 707/215/3
f 707/215/3 692/213/3 698/216/3
f 707/215/3 698/216/3 714/217/3
f 714/217/3 698/216/3 703/218/3
f 714/217/3 703/218/3 719/219/3
f 719/219/3 703/218/3 709/220/3
f 719/219/3 709/220/3 721/221/3
f 721/221/3 709/220/3 711/222/3
f 721/221/3 711/222/3 720/223/3
f 720/223/3 711/222/3 705/224/3
f 720/223/3 705/224/3 715/225/3
f 715/225/3 705/224/3 700/226/3
f 715/225/3 700/226/3 708/227/3
f 708/227/3 700/226/3 694/228/3
f 708/227/3 694/228/3 697/229/3
f 697/229/3 694/228/3 90/230/3
f 697/229/3 90/230/3 87/231/3
f 87/231/3 90/230/3 76/232/3
f 76/232/3 90/230/3 84/233/3
f 76/232/3 84/233/3 69/234/3
f 69/234/3 84/233/3 79/235/3
f 69/234/3 79/235/3 64/202/3
f 64/202/3 79/235/3 73/203/3
f 695/236/76 694/237/76 701/238/77
f 701/238/77 694/237/76 700/239/77
f 701/238/77 700/239/77 706/240/78
f 706/240/78 700/239/77 705/241/78
f 706/240/78 705/241/78 712/242/79
f 712/242/79 705/241/78 711/243/79
f 712/242/79 711/243/79 710/244/80
f 710/244/80 711/243/79 709/245/80
f 710/244/80 709/245/80 704/246/81
f 704/246/81 709/245/80 703/247/82
f 704/246/81 703/247/82 699/248/83
f 699/248/83 703/247/82 698/249/83
f 699/248/83 698/249/83 693/250/84
f 693/250/84 698/249/83 692/251/84
f 694/252/2 544/253/2 90/254/2
f 90/254/2 544/253/2 240/255/2
f 90/254/2 240/255/2 236/256/2
f 236/256/2 240/255/2 241/257/2
f 236/256/2 241/257/2 237/258/2
f 695/146/2 548/259/85 694/252/2
f 694/252/2 548/259/85 544/253/2
f 548/259/85 549/260/2 544/253/2
f 544/253/2 549/260/2 545/261/2
f 236/256/2 91/262/2 90/254/2
f 89/263/86 88/264/86 83/265/87
f 83/265/87 88/264/86 82/266/87
f 83/265/87 82/266/87 78/267/88
f 78/267/88 82/266/87 77/268/89
f 78/267/88 77/268/89 72/269/90
f 72/269/90 77/268/89 71/270/90
f 72/269/90 71/270/90 74/271/91
f 74/271/91 71/270/90 73/272/91
f 74/271/91 73/272/91 80/273/92
f 80/273/92 73/272/91 79/274/92
f 80/273/92 79/274/92 85/275/93
f 85/275/93 79/274/92 84/276/93
f 85/275/93 84/276/93 91/277/94
f 91/277/94 84/276/93 90/278/94
f 88/279/95 542/280/95 692/281/95
f 692/281/95 542/280/95 546/282/96
f 692/281/95 546/282/96 693/283/95
f 89/146/95 234/284/95 88/279/95
f 88/279/95 234/284/95 238/285/95
f 88/279/95 238/285/95 542/280/95
f 234/284/95 235/286/95 238/285/95
f 238/285/95 235/286/95 239/287/95
f 542/280/95 543/288/95 546/282/96
f 546/282/96 543/288/95 547/289/95
f 245/290/97 242/252/61 243/291/61
f 243/291/61 242/252/61 246/292/98
f 243/291/61 246/292/98 247/293/98
f 247/293/98 246/292/98 250/294/99
f 247/293/98 250/294/99 251/295/99
f 251/295/99 250/294/99 261/296/100
f 251/295/99 261/296/100 262/297/100
f 262/297/100 261/296/100 285/298/101
f 262/297/100 285/298/101 286/299/101
f 286/299/101 285/298/101 307/300/102
f 286/299/101 307/300/102 308/301/102
f 308/301/102 307/300/102 344/302/103
f 308/301/102 344/302/103 345/303/103
f 345/303/103 344/302/103 371/304/104
f 345/303/103 371/304/104 372/305/104
f 372/305/104 371/304/104 401/306/105
f 372/305/104 401/306/105 402/307/105
f 402/307/105 401/306/105 426/308/106
f 402/307/105 426/308/106 427/309/106
f 427/309/106 426/308/106 459/310/107
f 427/309/106 459/310/107 460/311/107
f 460/311/107 459/310/107 485/312/108
f 460/311/107 485/312/108 486/313/108
f 486/313/108 485/312/108 509/314/109
f 486/313/108 509/314/109 510/315/109
f 510/315/109 509/314/109 528/316/110
f 510/315/109 528/316/110 529/317/110
f 529/317/110 528/316/110 536/318/111
f 529/317/110 536/318/111 537/319/111
f 537/319/111 536/318/111 540/320/112
f 537/319/111 540/320/112 541/321/112
f 541/322/112 540/323/112 538/324/113
f 541/322/112 538/324/113 539/325/113
f 539/325/113 538/324/113 534/326/114
f 539/325/113 534/326/114 535/327/114
f 535/327/114 534/326/114 526/328/115
f 535/327/114 526/328/115 527/329/115
f 527/329/115 526/328/115 507/330/116
f 527/329/115 507/330/116 508/331/116
f 508/331/116 507/330/116 483/332/117
f 508/331/116 483/332/117 484/333/117
f 484/333/117 483/332/117 457/334/118
f 484/333/117 457/334/118 458/335/118
f 458/335/118 457/334/118 424/336/119
f 458/335/118 424/336/119 425/337/119
f 425/337/119 424/336/119 399/338/120
f 425/337/119 399/338/120 400/339/121
f 400/339/121 399/338/120 369/340/122
f 400/339/121 369/340/122 370/341/122
f 370/341/122 369/340/122 342/342/123
f 370/341/122 342/342/123 343/343/123
f 343/343/123 342/342/123 305/344/124
f 343/343/123 305/344/124 306/345/124
f 306/345/124 305/344/124 283/346/125
f 306/345/124 283/346/125 284/347/125
f 284/347/125 283/346/125 259/348/126
f 284/347/125 259/348/126 260/349/126
f 260/349/126 259/348/126 248/350/127
f 260/349/126 248/350/127 249/351/127
f 249/351/127 248/350/127 244/352/97
f 249/351/127 244/352/97 245/290/97
f 245/290/97 244/352/97 242/252/61
f 549/353/128 548/354/128 580/355/129
f 580/355/129 548/354/128 579/356/130
f 580/355/129 579/356/130 591/357/131
f 591/357/131 579/356/130 590/358/131
f 591/357/131 590/358/131 599/359/132
f 599/359/132 590/358/131 598/360/132
f 599/359/132 598/360/132 611/361/133
f 611/361/133 598/360/132 610/362/133
f 611/361/133 610/362/133 615/363/134
f 615/363/134 610/362/133 614/364/134
f 615/363/134 614/364/134 613/365/135
f 613/365/135 614/364/134 612/366/135
f 613/365/135 612/366/135 609/367/136
f 609/367/136 612/366/135 608/368/136
f 609/367/136 608/368/136 597/369/137
f 597/369/137 608/368/136 596/370/137
f 597/369/137 596/370/137 589/371/138
f 589/371/138 596/370/137 588/372/138
f 589/371/138 588/372/138 578/373/139
f 578/373/139 588/372/138 577/374/140
f 578/373/139 577/374/140 547/375/141
f 547/375/141 577/374/140 546/376/141
f 543/377/142 542/378/143 573/379/144
f 573/379/144 542/378/143 572/380/144
f 573/379/144 572/380/144 584/381/145
f 584/381/145 572/380/144 583/382/145
f 584/381/145 583/382/145 593/383/146
f 593/383/146 583/382/145 592/384/146
f 593/383/146 592/384/146 601/385/147
f 601/385/147 592/384/146 600/386/147
f 601/385/147 600/386/147 605/387/148
f 605/387/148 600/386/147 604/388/148
f 605/387/148 604/388/148 607/389/149
f 607/389/149 604/388/148 606/390/149
f 607/389/149 606/390/149 603/391/150
f 603/391/150 606/390/149 602/392/150
f 603/391/150 602/392/150 595/393/151
f 595/393/151 602/392/150 594/394/151
f 595/393/151 594/394/151 586/395/152
f 586/395/152 594/394/151 585/396/152
f 586/395/152 585/396/152 575/397/153
f 575/397/153 585/396/152 574/398/153
f 575/397/153 574/398/153 545/399/154
f 545/399/154 574/398/153 544/400/155
f 545/401/3 549/402/3 575/403/3
f 575/403/3 549/402/3 580/404/3
f 575/403/3 580/404/3 586/405/3
f 586/405/3 580/404/3 591/406/3
f 586/405/3 591/406/3 595/407/3
f 595/407/3 591/406/3 599/408/3
f 595/407/3 599/408/3 603/409/3
f 603/409/3 599/408/3 611/410/3
f 603/409/3 611/410/3 607/411/3
f 607/411/3 611/410/3 615/412/3
f 607/411/3 615/412/3 605/413/3
f 605/413/3 615/412/3 613/414/3
f 605/413/3 613/414/3 609/415/3
f 605/413/3 609/415/3 601/416/3
f 601/416/3 609/415/3 597/417/3
f 601/416/3 597/417/3 593/418/3
f 593/418/3 597/417/3 589/419/3
f 593/418/3 589/419/3 584/420/3
f 584/420/3 589/419/3 578/421/3
f 584/420/3 578/421/3 573/422/3
f 573/422/3 578/421/3 547/423/3
f 573/422/3 547/423/3 543/424/3
f 241/425/156 240/426/157 211/427/158
f 211/427/158 240/426/157 210/428/158
f 211/427/158 210/428/158 200/429/159
f 200/429/159 210/428/158 199/430/159
f 200/429/159 199/430/159 191/431/160
f 191/431/160 199/430/159 190/432/160
f 191/431/160 190/432/160 183/433/161
f 183/433/161 190/432/160 182/434/161
f 183/433/161 182/434/161 179/435/162
f 179/435/162 182/434/161 178/436/162
f 179/435/162 178/436/162 177/437/163
f 177/437/163 178/436/162 176/438/163
f 177/437/163 176/438/163 181/439/164
f 181/439/164 176/438/163 180/440/164
f 181/439/164 180/440/164 189/441/165
f 189/441/165 180/440/164 188/442/165
f 189/441/165 188/442/165 198/443/166
f 198/443/166 188/442/165 197/444/166
f 198/443/166 197/444/166 209/445/167
f 209/445/167 197/444/166 208/446/167
f 209/445/167 208/446/167 239/447/168
f 239/447/168 208/446/167 238/448/169
f 235/449/170 234/450/170 204/451/171
f 204/451/171 234/450/170 203/452/172
f 204/451/171 203/452/172 193/453/173
f 193/453/173 203/452/172 192/454/173
f 193/453/173 192/454/173 185/455/174
f 185/455/174 192/454/173 184/456/174
f 185/455/174 184/456/174 173/457/175
f 173/457/175 184/456/174 172/458/175
f 173/457/175 172/458/175 169/459/176
f 169/459/176 172/458/175 168/460/176
f 169/459/176 168/460/176 171/461/177
f 171/461/177 168/460/176 170/462/177
f 171/461/177 170/462/177 175/463/178
f 175/463/178 170/462/177 174/464/178
f 175/463/178 174/464/178 187/465/179
f 187/465/179 174/464/178 186/466/179
f 187/465/179 186/466/179 195/467/180
f 195/467/180 186/466/179 194/468/180
f 195/467/180 194/468/180 206/469/181
f 206/469/181 194/468/180 205/470/182
f 206/469/181 205/470/182 237/471/183
f 237/471/183 205/470/182 236/472/183
f 241/473/3 211/474/3 237/475/3
f 237/475/3 211/474/3 206/476/3
f 206/476/3 211/474/3 200/477/3
f 206/476/3 200/477/3 195/478/3
f 195/478/3 200/477/3 191/479/3
f 195/478/3 191/479/3 187/480/3
f 187/480/3 191/479/3 183/481/3
f 187/480/3 183/481/3 175/482/3
f 175/482/3 183/481/3 179/483/3
f 175/482/3 179/483/3 171/484/3
f 171/484/3 179/483/3 177/485/3
f 171/484/3 177/485/3 169/486/3
f 169/486/3 177/485/3 173/487/3
f 173/487/3 177/485/3 181/488/3
f 173/487/3 181/488/3 185/489/3
f 185/489/3 181/488/3 189/490/3
f 185/489/3 189/490/3 193/491/3
f 193/491/3 189/490/3 198/492/3
f 193/491/3 198/492/3 204/493/3
f 204/493/3 198/492/3 209/494/3
f 204/493/3 209/494/3 235/495/3
f 235/495/3 209/494/3 239/496/3
f 255/497/184 252/498/61 253/291/61
f 253/291/61 252/498/61 256/499/185
f 253/291/61 256/499/185 257/500/185
f 257/500/185 256/499/185 265/501/186
f 257/500/185 265/501/186 266/502/186
f 266/502/186 265/501/186 277/503/187
f 266/502/186 277/503/187 278/504/187
f 278/504/187 277/503/187 303/505/188
f 278/504/187 303/505/188 304/506/188
f 304/506/188 303/505/188 329/507/189
f 304/506/188 329/507/189 330/508/189
f 330/508/189 329/507/189 358/509/190
f 330/508/189 358/509/190 359/510/190
f 359/510/190 358/509/190 383/511/191
f 359/510/190 383/511/191 384/512/191
f 384/512/191 383/511/191 413/513/192
f 384/512/191 413/513/192 414/514/192
f 414/514/192 413/513/192 440/515/193
f 414/514/192 440/515/193 441/516/193
f 441/516/193 440/515/193 467/517/194
f 441/516/193 467/517/194 468/518/194
f 468/518/194 467/517/194 493/519/195
f 468/518/194 493/519/195 494/520/195
f 494/520/195 493/519/195 513/521/196
f 494/520/195 513/521/196 514/522/196
f 514/522/196 513/521/196 524/523/197
f 514/522/196 524/523/197 525/524/197
f 525/524/197 524/523/197 532/525/198
f 525/524/197 532/525/198 533/526/198
f 533/527/198 532/528/198 530/529/199
f 533/527/198 530/529/199 531/530/199
f 531/530/199 530/529/199 522/531/200
f 531/530/199 522/531/200 523/532/200
f 523/532/200 522/531/200 511/533/201
f 523/532/200 511/533/201 512/534/201
f 512/534/201 511/533/201 491/535/202
f 512/534/201 491/535/202 492/536/202
f 492/536/202 491/535/202 465/537/203
f 492/536/202 465/537/203 466/538/203
f 466/538/203 465/537/203 438/539/204
f 466/538/203 438/539/204 439/540/204
f 439/540/204 438/539/204 411/541/205
f 439/540/204 411/541/205 412/542/205
f 412/542/205 411/541/205 381/543/206
f 412/542/205 381/543/206 382/544/206
f 382/544/206 381/543/206 356/545/207
f 382/544/206 356/545/207 357/546/207
f 357/546/207 356/545/207 327/547/208
f 357/546/207 327/547/208 328/548/208
f 328/548/208 327/547/208 301/549/209
f 328/548/208 301/549/209 302/550/209
f 302/550/209 301/549/209 275/551/210
f 302/550/209 275/551/210 276/552/210
f 276/552/210 275/551/210 263/553/211
f 276/552/210 263/553/211 264/554/211
f 264/554/211 263/553/211 254/555/184
f 264/554/211 254/555/184 255/497/184
f 255/497/184 254/555/184 252/498/61
f 272/556/212 269/498/61 270/291/61
f 270/291/61 269/498/61 273/557/213
f 270/291/61 273/557/213 274/558/213
f 274/558/213 273/557/213 281/559/214
f 274/558/213 281/559/214 282/560/214
f 282/560/214 281/559/214 295/561/215
f 282/560/214 295/561/215 296/562/215
f 296/562/215 295/561/215 321/563/216
f 296/562/215 321/563/216 322/564/216
f 322/564/216 321/563/216 348/565/217
f 322/564/216 348/565/217 349/566/217
f 349/566/217 348/565/217 375/567/218
f 349/566/217 375/567/218 376/568/218
f 376/568/218 375/567/218 395/569/219
f 376/568/218 395/569/219 396/570/219
f 396/570/219 395/569/219 422/571/220
f 396/570/219 422/571/220 423/572/220
f 423/572/220 422/571/220 451/573/221
f 423/572/220 451/573/221 452/574/221
f 452/574/221 451/573/221 477/575/222
f 452/574/221 477/575/222 478/576/222
f 478/576/222 477/575/222 497/577/223
f 478/576/222 497/577/223 498/578/223
f 498/578/223 497/577/223 505/579/224
f 498/578/223 505/579/224 506/580/224
f 506/580/224 505/579/224 517/581/225
f 506/580/224 517/581/225 518/582/225
f 518/583/225 517/584/225 515/585/226
f 518/583/225 515/585/226 516/586/226
f 516/586/226 515/585/226 503/587/227
f 516/586/226 503/587/227 504/588/227
f 504/588/227 503/587/227 495/589/228
f 504/588/227 495/589/228 496/590/228
f 496/590/228 495/589/228 475/591/229
f 496/590/228 475/591/229 476/592/229
f 476/592/229 475/591/229 449/593/230
f 476/592/229 449/593/230 450/594/230
f 450/594/230 449/593/230 420/595/231
f 450/594/230 420/595/231 421/596/231
f 421/596/231 420/595/231 393/597/232
f 421/596/231 393/597/232 394/598/232
f 394/598/232 393/597/232 373/599/233
f 394/598/232 373/599/233 374/600/233
f 374/600/233 373/599/233 346/601/234
f 374/600/233 346/601/234 347/602/234
f 347/602/234 346/601/234 319/603/235
f 347/602/234 319/603/235 320/604/236
f 320/604/236 319/603/235 293/605/237
f 320/604/236 293/605/237 294/606/237
f 294/606/237 293/605/237 279/607/238
f 294/606/237 279/607/238 280/608/238
f 280/608/238 279/607/238 271/609/212
f 280/608/238 271/609/212 272/556/212
f 272/556/212 271/609/212 269/498/61
f 290/610/239 287/498/61 288/291/61
f 288/291/61 287/498/61 291/611/240
f 288/291/61 291/611/240 292/612/240
f 292/612/240 291/611/240 299/613/241
f 292/612/240 299/613/241 300/614/241
f 300/614/241 299/613/241 317/615/242
f 300/614/241 317/615/242 318/616/242
f 318/616/242 317/615/242 338/617/243
f 318/616/242 338/617/243 339/618/243
f 339/618/243 338/617/243 365/619/51
f 339/618/243 365/619/51 366/620/51
f 366/620/51 365/619/51 389/621/244
f 366/620/51 389/621/244 390/622/244
f 390/622/244 389/621/244 407/623/245
f 390/622/244 407/623/245 408/624/245
f 408/624/245 407/623/245 430/625/246
f 408/624/245 430/625/246 431/626/246
f 431/626/246 430/625/246 455/627/247
f 431/626/246 455/627/247 456/628/247
f 456/628/247 455/627/247 481/629/248
f 456/628/247 481/629/248 482/630/248
f 482/630/248 481/629/248 489/631/249
f 482/630/248 489/631/249 490/632/249
f 490/632/249 489/631/249 501/633/250
f 490/632/249 501/633/250 502/634/250
f 502/635/250 501/636/250 499/637/251
f 502/635/250 499/637/251 500/638/251
f 500/638/251 499/637/251 487/639/252
f 500/638/251 487/639/252 488/640/252
f 488/640/252 487/639/252 479/641/253
f 488/640/252 479/641/253 480/642/253
f 480/642/253 479/641/253 453/643/254
f 480/642/253 453/643/254 454/644/254
f 454/644/254 453/643/254 428/645/255
f 454/644/254 428/645/255 429/646/255
f 429/646/255 428/645/255 405/647/256
f 429/646/255 405/647/256 406/648/256
f 406/648/256 405/647/256 387/649/257
f 406/648/256 387/649/257 388/650/257
f 388/650/257 387/649/257 363/651/258
f 388/650/257 363/651/258 364/652/258
f 364/652/258 363/651/258 336/653/259
f 364/652/258 336/653/259 337/654/259
f 337/654/259 336/653/259 315/655/260
f 337/654/259 315/655/260 316/656/260
f 316/656/260 315/655/260 297/657/261
f 316/656/260 297/657/261 298/658/261
f 298/658/261 297/657/261 289/659/239
f 298/658/261 289/659/239 290/610/239
f 290/610/239 289/659/239 287/498/61
f 448/660/262 447/661/262 464/662/263
f 464/662/263 447/661/262 463/663/263
f 464/662/263 463/663/263 472/664/264
f 472/664/264 463/663/263 471/665/264
f 472/664/264 471/665/264 474/574/65
f 474/574/65 471/665/264 473/666/65
f 474/574/65 473/666/65 470/667/265
f 470/667/265 473/666/65 469/668/265
f 470/667/265 469/668/265 462/669/266
f 462/669/266 469/668/265 461/670/266
f 462/669/266 461/670/266 446/671/267
f 446/671/267 461/670/266 445/672/267
f 334/673/2 333/674/2 392/675/2
f 392/675/2 333/674/2 447/676/2
f 392/675/2 447/676/2 448/146/2
f 332/677/268 331/678/268 324/679/269
f 324/679/269 331/678/268 323/680/269
f 324/679/269 323/680/269 312/681/270
f 312/681/270 323/680/269 311/682/270
f 312/681/270 311/682/270 310/291/61
f 310/291/61 311/682/270 309/676/61
f 310/291/61 309/676/61 314/683/271
f 314/683/271 309/676/61 313/684/271
f 314/683/271 313/684/271 326/685/272
f 326/685/272 313/684/271 325/686/272
f 326/685/272 325/686/272 334/687/273
f 334/687/273 325/686/272 333/688/273
f 446/689/95 445/690/95 391/691/95
f 391/691/95 445/690/95 331/692/95
f 391/691/95 331/692/95 332/146/95
f 96/693/61 97/694/61 95/695/61
f 95/695/61 97/694/61 93/696/61
f 95/695/61 93/696/61 92/697/61
f 92/697/61 94/698/61 95/695/61
f 167/699/2 160/700/50 166/701/2
f 166/701/2 160/700/50 158/702/274
f 158/702/274 160/700/50 153/703/52
f 158/702/274 153/703/52 150/704/275
f 150/704/275 153/703/52 145/705/276
f 150/704/275 145/705/276 141/706/277
f 141/706/277 145/705/276 132/707/55
f 141/706/277 132/707/55 124/708/278
f 124/708/278 132/707/55 123/709/279
f 124/708/278 123/709/279 115/710/280
f 115/710/280 123/709/279 108/711/58
f 115/710/280 108/711/58 101/712/281
f 101/712/281 108/711/58 98/713/282
f 101/712/281 98/713/282 96/714/61
f 96/714/61 98/713/282 97/715/61
f 268/716/283 202/717/2 354/718/2
f 354/718/2 202/717/2 582/719/2
f 354/718/2 582/719/2 434/720/85
f 434/720/85 582/719/2 520/721/284
f 582/719/2 202/717/2 619/722/2
f 619/722/2 202/717/2 167/723/2
f 619/722/2 167/723/2 166/146/2
f 166/146/2 618/724/2 619/722/2
f 691/725/63 685/726/285 690/291/65
f 690/291/65 685/726/285 682/727/286
f 682/727/286 685/726/285 675/728/67
f 682/727/286 675/728/67 668/729/287
f 668/729/287 675/728/67 660/730/288
f 668/729/287 660/730/288 659/731/289
f 659/731/289 660/730/288 651/732/70
f 659/731/289 651/732/70 642/733/290
f 642/733/290 651/732/70 638/734/72
f 642/733/290 638/734/72 633/735/291
f 633/735/291 638/734/72 630/736/292
f 633/735/291 630/736/292 625/737/293
f 625/737/293 630/736/292 623/738/294
f 625/737/293 623/738/294 618/701/2
f 618/701/2 623/738/294 619/699/2
f 686/739/65 687/725/65 689/695/65
f 689/695/65 687/725/65 691/740/63
f 689/695/65 691/740/63 690/693/65
f 689/695/65 688/741/65 686/739/65
f 680/146/61 681/742/61 679/743/61
f 679/743/61 681/742/61 677/744/61
f 679/743/61 677/744/61 676/745/61
f 676/745/61 678/746/61 679/743/61
f 617/747/95 622/748/295 616/749/95
f 616/749/95 622/748/295 624/750/296
f 624/750/296 622/748/295 629/751/297
f 624/750/296 629/751/297 631/752/298
f 631/752/298 629/751/297 637/753/299
f 631/752/298 637/753/299 641/131/300
f 641/131/300 637/753/299 646/754/301
f 641/131/300 646/754/301 652/755/302
f 652/755/302 646/754/301 658/756/303
f 652/755/302 658/756/303 665/757/304
f 665/757/304 658/756/303 667/758/305
f 665/757/304 667/758/305 671/759/306
f 671/759/306 667/758/305 672/760/307
f 671/759/306 672/760/307 680/146/61
f 680/146/61 672/760/307 681/742/61
f 164/761/95 165/762/95 617/763/95
f 617/763/95 165/762/95 201/764/95
f 617/763/95 201/764/95 581/765/95
f 581/765/95 201/764/95 353/766/95
f 581/765/95 353/766/95 433/767/95
f 201/764/95 267/768/308 353/766/95
f 433/767/95 519/769/95 581/765/95
f 617/763/95 616/146/95 164/761/95
f 107/770/65 111/771/309 106/772/65
f 106/772/65 111/771/309 112/773/310
f 112/773/310 111/771/309 116/774/311
f 112/773/310 116/774/311 118/775/312
f 118/775/312 116/774/311 125/776/313
f 118/775/312 125/776/313 131/777/314
f 131/777/314 125/776/313 137/778/315
f 131/777/314 137/778/315 142/779/316
f 142/779/316 137/778/315 146/780/317
f 142/779/316 146/780/317 152/781/318
f 152/781/318 146/780/317 154/782/319
f 152/781/318 154/782/319 159/783/320
f 159/783/320 154/782/319 161/784/321
f 159/783/320 161/784/321 164/785/95
f 164/785/95 161/784/321 165/786/95
f 102/787/322 103/788/65 105/743/65
f 105/743/65 103/788/65 107/789/65
f 105/743/65 107/789/65 106/146/65
f 105/743/65 104/790/65 102/787/322
f 134/791/61 133/146/61 136/792/61
f 136/792/61 133/146/61 135/793/61
f 650/154/63 649/146/65 648/794/65
f 648/794/65 649/146/65 647/795/65
f 130/146/3 128/796/3 122/797/323
f 122/797/323 128/796/3 121/798/323
f 122/797/323 121/798/323 114/799/324
f 114/799/324 121/798/323 113/800/324
f 114/799/324 113/800/324 104/801/65
f 104/801/65 113/800/324 102/802/322
f 654/803/3 128/804/3 656/146/3
f 656/146/3 128/804/3 130/805/3
f 678/806/61 676/807/61 670/759/325
f 670/759/325 676/807/61 669/808/325
f 670/759/325 669/808/325 662/809/326
f 662/809/326 669/808/325 661/810/326
f 662/809/326 661/810/326 656/146/3
f 656/146/3 661/810/326 654/796/3
f 655/291/1 653/811/1 664/809/327
f 664/809/327 653/811/1 663/812/327
f 664/809/327 663/812/327 674/759/328
f 674/759/328 663/812/327 673/813/328
f 674/759/328 673/813/328 684/806/329
f 684/806/329 673/813/328 683/814/329
f 684/806/329 683/814/329 688/757/65
f 688/757/65 683/814/329 686/815/65
f 127/803/1 653/804/1 129/291/1
f 129/291/1 653/804/1 655/805/1
f 94/816/61 92/817/61 100/801/330
f 100/801/330 92/817/61 99/818/330
f 100/801/330 99/818/330 110/819/331
f 110/819/331 99/818/330 109/820/331
f 110/819/331 109/820/331 120/797/332
f 120/797/332 109/820/331 119/821/332
f 120/797/332 119/821/332 129/291/1
f 129/291/1 119/821/332 127/811/1
f 105/822/2 95/823/2 104/824/2
f 104/824/2 95/823/2 94/825/2
f 104/824/2 94/825/2 100/826/2
f 104/824/2 100/826/2 114/827/2
f 114/827/2 100/826/2 110/828/2
f 114/827/2 110/828/2 122/829/2
f 122/829/2 110/828/2 120/830/2
f 122/829/2 120/830/2 130/831/2
f 130/831/2 120/830/2 129/676/2
f 130/831/2 129/676/2 656/832/2
f 656/832/2 129/676/2 655/833/2
f 656/832/2 655/833/2 664/834/2
f 656/832/2 664/834/2 662/835/2
f 662/835/2 664/834/2 674/836/2
f 662/835/2 674/836/2 670/837/2
f 670/837/2 674/836/2 684/838/2
f 670/837/2 684/838/2 678/839/2
f 678/839/2 684/838/2 688/840/2
f 678/839/2 688/840/2 679/841/2
f 679/841/2 688/840/2 689/842/2
f 215/843/65 219/844/65 214/845/65
f 214/845/65 219/844/65 222/846/65
f 214/845/65 222/846/65 230/847/65
f 230/847/65 222/846/65 225/848/65
f 230/847/65 225/848/65 231/849/65
f 231/849/65 225/848/65 227/850/65
f 231/849/65 227/850/65 233/851/65
f 233/851/65 227/850/65 228/852/65
f 233/851/65 228/852/65 232/853/65
f 232/853/65 228/852/65 229/854/65
f 229/854/65 228/852/65 226/855/65
f 229/854/65 226/855/65 224/856/65
f 224/856/65 226/855/65 223/857/65
f 224/856/65 223/857/65 221/858/65
f 221/858/65 223/857/65 220/859/65
f 221/858/65 220/859/65 216/860/65
f 216/860/65 220/859/65 218/861/65
f 216/860/65 218/861/65 213/862/65
f 213/862/65 218/861/65 212/863/65
f 212/863/65 218/861/65 217/864/65
f 212/863/65 217/864/65 215/843/65
f 215/843/65 217/864/65 219/844/65
f 552/865/2 553/866/2 214/867/2
f 214/867/2 553/866/2 215/868/2
f 571/869/61 565/852/61 569/870/61
f 569/870/61 565/852/61 563/855/61
f 569/870/61 563/855/61 568/871/61
f 568/871/61 563/855/61 560/857/61
f 568/871/61 560/857/61 552/867/61
f 552/867/61 560/857/61 557/859/61
f 552/867/61 557/859/61 553/868/61
f 553/868/61 557/859/61 555/861/61
f 553/868/61 555/861/61 550/872/61
f 550/872/61 555/861/61 556/864/61
f 550/872/61 556/864/61 551/873/61
f 551/873/61 556/864/61 554/874/61
f 554/874/61 556/864/61 558/844/61
f 554/874/61 558/844/61 559/875/61
f 559/875/61 558/844/61 561/846/61
f 559/875/61 561/846/61 562/876/61
f 562/876/61 561/846/61 564/848/61
f 562/876/61 564/848/61 567/877/61
f 567/877/61 564/848/61 566/850/61
f 567/877/61 566/850/61 570/878/61
f 570/878/61 566/850/61 571/869/61
f 571/869/61 566/850/61 565/852/61
f 230/845/95 231/843/95 568/879/95
f 568/879/95 231/843/95 569/880/95
f 215/881/333 553/882/334 212/883/335
f 212/883/335 553/882/334 550/884/335
f 212/883/335 550/884/335 213/885/336
f 213/885/336 550/884/335 551/886/336
f 213/885/336 551/886/336 216/887/337
f 216/887/337 551/886/336 554/888/337
f 216/887/337 554/888/337 221/889/338
f 221/889/338 554/888/337 559/890/338
f 221/889/338 559/890/338 224/891/339
f 224/891/339 559/890/338 562/892/339
f 224/891/339 562/892/339 229/893/340
f 229/893/340 562/892/339 567/894/340
f 229/893/340 567/894/340 232/895/341
f 232/895/341 567/894/340 570/896/341
f 232/895/341 570/896/341 233/897/342
f 233/897/342 570/896/341 571/898/342
f 233/897/342 571/898/342 231/899/343
f 231/899/343 571/898/342 569/900/343
f 219/901/344 557/902/344 222/291/1
f 222/291/1 557/902/344 560/903/1
f 222/291/1 560/903/1 225/904/345
f 225/904/345 560/903/1 563/905/345
f 225/904/345 563/905/345 227/156/346
f 227/156/346 563/905/345 565/906/346
f 227/156/346 565/906/346 228/907/347
f 228/907/347 565/906/346 566/908/347
f 228/907/347 566/908/347 226/158/348
f 226/158/348 566/908/347 564/909/348
f 226/158/348 564/909/348 223/757/3
f 223/757/3 564/909/348 561/910/3
f 223/816/3 561/911/3 220/912/349
f 220/912/349 561/911/3 558/913/349
f 220/912/349 558/913/349 218/914/350
f 218/914/350 558/913/349 556/915/350
f 218/914/350 556/915/350 217/916/351
f 217/916/351 556/915/350 555/917/351
f 217/916/351 555/917/351 219/901/344
f 219/901/344 555/917/351 557/902/344
f 354/918/1 434/919/1 355/920/1
f 355/920/1 434/919/1 435/921/1
f 93/922/352 97/923/352 81/924/353
f 81/924/353 97/923/352 98/925/354
f 81/924/353 98/925/354 70/926/355
f 70/926/355 98/925/354 108/927/356
f 70/926/355 108/927/356 123/928/357
f 70/926/355 123/928/357 148/929/358
f 148/929/358 123/928/357 132/930/359
f 148/929/358 132/930/359 145/931/360
f 145/931/360 153/932/361 148/929/358
f 148/929/358 153/932/361 160/933/362
f 148/929/358 160/933/362 167/934/363
f 148/929/358 167/934/363 207/935/364
f 207/935/364 167/934/363 202/936/365
f 207/935/364 202/936/365 268/937/25
f 354/692/1 355/938/1 268/937/25
f 268/937/25 355/938/1 207/935/364
f 81/924/353 70/926/355 36/939/366
f 36/939/366 70/926/355 28/940/367
f 36/939/366 28/940/367 27/941/367
f 434/692/1 520/942/26 435/938/1
f 435/938/1 520/942/26 576/943/368
f 576/943/368 520/942/26 582/944/369
f 576/943/368 582/944/369 619/945/370
f 576/943/368 619/945/370 635/946/371
f 635/946/371 619/945/370 623/947/372
f 635/946/371 623/947/372 630/948/373
f 630/948/373 638/949/374 635/946/371
f 635/946/371 638/949/374 651/950/375
f 635/946/371 651/950/375 660/951/376
f 660/951/376 675/952/377 635/946/371
f 635/946/371 675/952/377 685/953/378
f 635/946/371 685/953/378 713/954/379
f 713/954/379 685/953/378 702/955/380
f 713/954/379 702/955/380 747/956/381
f 685/953/378 691/957/382 702/955/380
f 702/955/380 691/957/382 687/958/382
f 755/959/383 756/960/384 747/956/381
f 747/956/381 756/960/384 713/954/379
f 686/961/2 781/962/2 687/963/2
f 687/963/2 781/962/2 779/964/2
f 687/963/2 779/964/2 775/965/2
f 683/966/2 716/967/2 686/961/2
f 686/961/2 716/967/2 743/968/2
f 686/961/2 743/968/2 745/969/2
f 683/966/2 673/970/2 716/967/2
f 716/967/2 673/970/2 663/971/2
f 716/967/2 663/971/2 696/972/2
f 696/972/2 663/971/2 653/973/2
f 696/972/2 653/973/2 86/974/2
f 86/974/2 653/973/2 127/975/2
f 86/974/2 127/975/2 119/976/2
f 86/974/2 119/976/2 67/977/2
f 67/977/2 119/976/2 109/978/2
f 67/977/2 109/978/2 99/979/2
f 99/979/2 92/980/2 67/977/2
f 67/977/2 92/980/2 39/981/2
f 39/981/2 92/980/2 38/982/2
f 38/982/2 92/980/2 35/983/2
f 35/983/2 92/980/2 32/984/2
f 32/984/2 92/980/2 17/985/2
f 32/984/2 17/985/2 21/986/2
f 93/987/2 1/988/2 92/980/2
f 92/980/2 1/988/2 5/989/2
f 92/980/2 5/989/2 9/990/2
f 81/991/2 7/992/2 93/987/2
f 93/987/2 7/992/2 3/993/2
f 93/987/2 3/993/2 1/988/2
f 7/992/2 81/991/2 11/994/2
f 11/994/2 81/991/2 36/995/2
f 11/994/2 36/995/2 15/996/2
f 15/996/2 36/995/2 19/997/2
f 19/997/2 36/995/2 27/998/2
f 19/997/2 27/998/2 23/999/2
f 9/990/2 13/1000/2 92/980/2
f 92/980/2 13/1000/2 17/985/2
f 21/986/2 25/1001/2 32/984/2
f 32/984/2 25/1001/2 29/1002/385
f 745/969/2 748/1003/2 686/961/2
f 686/961/2 748/1003/2 751/1004/2
f 686/961/2 751/1004/2 765/1005/2
f 765/1005/2 751/1004/2 754/1006/2
f 765/1005/2 754/1006/2 758/1007/2
f 758/1007/2 761/1008/2 765/1005/2
f 765/1005/2 769/1009/2 686/961/2
f 686/961/2 769/1009/2 773/1010/2
f 686/961/2 773/1010/2 777/1011/2
f 777/1011/2 781/962/2 686/961/2
f 687/963/2 775/965/2 702/1012/2
f 702/1012/2 775/965/2 771/1013/2
f 702/1012/2 771/1013/2 747/1014/2
f 747/1014/2 771/1013/2 767/1015/2
f 747/1014/2 767/1015/2 763/1016/2
f 759/1017/2 755/1018/2 763/1016/2
f 763/1016/2 755/1018/2 747/1014/2
f 87/1019/95 66/1020/95 697/1021/95
f 697/1021/95 66/1020/95 717/1022/95
f 717/1022/95 66/1020/95 744/1023/95
f 744/1023/95 66/1020/95 40/1024/95
f 744/1023/95 40/1024/95 746/1025/95
f 746/1025/95 40/1024/95 37/1026/95
f 746/1025/95 37/1026/95 749/1027/95
f 749/1027/95 37/1026/95 34/1028/95
f 749/1027/95 34/1028/95 435/1029/95
f 435/1029/95 34/1028/95 355/1030/95
f 355/1030/95 34/1028/95 6/1031/95
f 355/1030/95 6/1031/95 2/1032/95
f 6/1031/95 34/1028/95 10/1033/95
f 10/1033/95 34/1028/95 33/1034/95
f 10/1033/95 33/1034/95 14/1035/95
f 14/1035/95 33/1034/95 18/1036/95
f 18/1036/95 33/1034/95 31/1037/95
f 18/1036/95 31/1037/95 22/1038/95
f 22/1038/95 31/1037/95 30/1039/95
f 22/1038/95 30/1039/95 26/1040/95
f 355/1030/95 2/1032/95 207/1041/95
f 207/1041/95 2/1032/95 4/1042/95
f 207/1041/95 4/1042/95 148/1043/95
f 148/1043/95 4/1042/95 8/1044/95
f 148/1043/95 8/1044/95 12/1045/95
f 148/1043/95 12/1045/95 70/1046/95
f 70/1046/95 12/1045/95 16/1047/95
f 70/1046/95 16/1047/95 20/1048/95
f 24/1049/95 28/1050/95 20/1048/95
f 20/1048/95 28/1050/95 70/1046/95
f 576/1051/95 782/1052/95 435/1029/95
f 435/1029/95 782/1052/95 778/1053/95
f 435/1029/95 778/1053/95 749/1027/95
f 749/1027/95 778/1053/95 774/1054/95
f 749/1027/95 774/1054/95 750/1055/95
f 750/1055/95 774/1054/95 770/1056/95
f 750/1055/95 770/1056/95 766/1057/95
f 782/1052/95 576/1051/95 780/1058/95
f 780/1058/95 576/1051/95 635/1059/95
f 780/1058/95 635/1059/95 776/1060/95
f 776/1060/95 635/1059/95 772/1061/95
f 772/1061/95 635/1059/95 713/1062/95
f 772/1061/95 713/1062/95 768/1063/95
f 768/1063/95 713/1062/95 764/1064/95
f 764/1064/95 713/1062/95 756/1065/95
f 764/1064/95 756/1065/95 760/1066/95
f 762/1067/96 757/1068/95 766/1057/95
f 766/1057/95 757/1068/95 753/1069/308
f 766/1057/95 753/1069/308 752/1070/95
f 752/1070/95 750/1055/95 766/1057/95
f 21/1071/386 22/1072/386 25/1073/387
f 25/1073/387 22/1072/386 26/1074/388
f 25/1073/387 26/1074/388 29/1075/389
f 29/1075/389 26/1074/388 30/1076/390
f 29/1075/389 30/1076/390 31/1077/391
f 29/1075/389 31/1077/391 32/1078/392
f 32/1078/392 31/1077/391 33/1079/393
f 32/1078/392 33/1079/393 34/1080/394
f 32/1078/392 34/1080/394 35/1081/395
f 35/1081/395 34/1080/394 37/1082/396
f 35/1081/395 37/1082/396 38/1083/397
f 38/1083/397 37/1082/396 40/1084/398
f 38/1083/397 40/1084/398 39/1085/398
f 39/1085/398 40/1084/398 42/1086/399
f 39/1085/398 42/1086/399 41/1087/399
f 41/1087/399 42/1086/399 44/1088/400
f 41/1087/399 44/1088/400 43/1089/400
f 43/1089/400 44/1088/400 46/1090/401
f 43/1089/400 46/1090/401 45/1091/401
f 45/1091/401 46/1090/401 49/1092/402
f 49/1092/402 46/1090/401 50/1093/402
f 49/1092/402 50/1093/402 52/1094/403
f 52/1094/403 50/1093/402 53/1095/404
f 52/1094/403 53/1095/404 54/1096/405
f 54/1096/405 53/1095/404 55/1097/405
f 54/1096/405 55/1097/405 57/1098/406
f 57/1098/406 55/1097/405 58/1099/407
f 57/1098/406 58/1099/407 60/1100/408
f 60/1100/408 58/1099/407 61/1101/408
f 60/1100/408 61/1101/408 62/1102/409
f 22/1103/386 21/1104/386 18/1105/410
f 18/1105/410 21/1104/386 17/1106/410
f 18/1105/410 17/1106/410 14/1107/411
f 14/1107/411 17/1106/410 13/1108/411
f 14/1107/411 13/1108/411 10/1109/412
f 10/1109/412 13/1108/411 9/1110/412
f 10/1109/412 9/1110/412 6/1111/413
f 6/1111/413 9/1110/412 5/1112/413
f 6/1111/413 5/1112/413 2/1113/414
f 2/1113/414 5/1112/413 1/1114/414
f 2/1113/414 1/1114/414 4/1115/415
f 4/1115/415 1/1114/414 3/1116/415
f 4/1115/415 3/1116/415 8/1117/416
f 8/1117/416 3/1116/415 7/1118/416
f 8/1117/416 7/1118/416 12/1119/417
f 12/1119/417 7/1118/416 11/1120/417
f 12/1119/417 11/1120/417 16/1121/418
f 16/1121/418 11/1120/417 15/1122/418
f 16/1121/418 15/1122/418 20/1123/419
f 20/1123/419 15/1122/418 19/1124/420
f 20/1123/419 19/1124/420 24/1125/421
f 24/1125/421 19/1124/420 23/1126/421
f 24/1125/421 23/1126/421 28/1127/367
f 28/1127/367 23/1126/421 27/1128/367
f 721/1129/422 723/1130/423 722/1131/423
f 722/1131/423 723/1130/423 726/1132/424
f 722/1131/423 726/1132/424 725/1133/424
f 725/1133/424 726/1132/424 729/1134/425
f 725/1133/424 729/1134/425 728/1135/425
f 728/1135/425 729/1134/425 731/1136/426
f 728/1135/425 731/1136/426 730/1137/426
f 730/1137/426 731/1136/426 734/1138/427
f 730/1137/426 734/1138/427 733/1139/428
f 733/1139/428 734/1138/427 738/1140/429
f 733/1139/428 738/1140/429 737/1141/429
f 737/1141/429 738/1140/429 739/1142/430
f 739/1142/430 738/1140/429 740/1143/430
f 739/1142/430 740/1143/430 741/1144/431
f 741/1144/431 740/1143/430 742/1145/431
f 741/1144/431 742/1145/431 743/1146/432
f 743/1146/432 742/1145/431 744/1147/433
f 743/1146/432 744/1147/433 745/1148/434
f 745/1148/434 744/1147/433 746/1149/435
f 745/1148/434 746/1149/435 748/1150/436
f 748/1150/436 746/1149/435 749/1151/437
f 748/1150/436 749/1151/437 751/1152/438
f 751/1152/438 749/1151/437 750/1153/439
f 751/1152/438 750/1153/439 752/1154/440
f 751/1152/438 752/1154/440 754/1155/441
f 754/1155/441 752/1154/440 753/1156/442
f 754/1155/441 753/1156/442 757/1157/443
f 754/1155/441 757/1157/443 758/1158/444
f 758/1158/444 757/1157/443 762/1159/445
f 758/1158/444 762/1159/445 761/1160/445
f 756/1161/384 755/1162/383 760/1163/446
f 760/1163/446 755/1162/383 759/1164/446
f 760/1163/446 759/1164/446 764/1165/447
f 764/1165/447 759/1164/446 763/1166/448
f 764/1165/447 763/1166/448 768/1167/449
f 768/1167/449 763/1166/448 767/1168/449
f 768/1167/449 767/1168/449 772/1169/450
f 772/1169/450 767/1168/449 771/1170/450
f 772/1169/450 771/1170/450 776/1171/451
f 776/1171/451 771/1170/450 775/1172/451
f 776/1171/451 775/1172/451 780/1173/452
f 780/1173/452 775/1172/451 779/1174/452
f 780/1173/452 779/1174/452 782/1175/453
f 782/1175/453 779/1174/452 781/1176/453
f 782/1175/453 781/1176/453 778/1177/454
f 778/1177/454 781/1176/453 777/1178/454
f 778/1177/454 777/1178/454 774/1179/455
f 774/1179/455 777/1178/454 773/1180/455
f 774/1179/455 773/1180/455 770/1181/456
f 770/1181/456 773/1180/455 769/1182/456
f 770/1181/456 769/1182/456 766/1183/457
f 766/1183/457 769/1182/456 765/1184/457
f 766/1183/457 765/1184/457 762/1185/445
f 762/1185/445 765/1184/457 761/1186/445
f 707/1187/458 727/1188/459 696/1189/460
f 696/1189/460 727/1188/459 718/1190/461
f 696/1189/460 718/1190/461 716/1191/462
f 716/1191/462 718/1190/461 741/1192/463
f 716/1191/462 741/1192/463 743/1193/464
f 714/1194/465 730/1195/466 707/1187/458
f 707/1187/458 730/1195/466 733/1196/467
f 707/1187/458 733/1196/467 736/1197/468
f 736/1197/468 733/1196/467 737/1198/469
f 736/1197/468 737/1198/469 732/1199/470
f 732/1199/470 737/1198/469 727/1188/459
f 732/1199/470 727/1188/459 707/1187/458
f 730/1195/466 714/1194/465 728/1200/471
f 728/1200/471 714/1194/465 719/1201/472
f 728/1200/471 719/1201/472 725/1202/473
f 725/1202/473 719/1201/472 722/1203/474
f 722/1203/474 719/1201/472 721/1204/475
f 737/1198/469 739/1205/476 727/1188/459
f 727/1188/459 739/1205/476 718/1190/461
f 739/1205/476 741/1192/463 718/1190/461
f 707/1187/458 736/1197/468 732/1199/470
f 717/1206/477 744/1207/478 724/1208/479
f 724/1208/479 744/1207/478 742/1209/480
f 724/1208/479 742/1209/480 740/1210/481
f 740/1210/481 738/1211/482 724/1208/479
f 724/1208/479 738/1211/482 735/1212/483
f 724/1208/479 735/1212/483 708/1213/484
f 708/1213/484 735/1212/483 715/1214/485
f 715/1214/485 735/1212/483 734/1215/486
f 715/1214/485 734/1215/486 731/1216/487
f 738/1211/482 734/1215/486 735/1212/483
f 731/1216/487 729/1217/488 715/1214/485
f 715/1214/485 729/1217/488 720/1218/489
f 720/1218/489 729/1217/488 726/1219/490
f 720/1218/489 726/1219/490 723/1220/491
f 723/1220/491 721/1221/492 720/1218/489
f 697/1222/493 717/1206/477 708/1213/484
f 708/1213/484 717/1206/477 724/1208/479
f 67/1223/494 39/1224/495 59/1225/496
f 59/1225/496 39/1224/495 41/1226/497
f 59/1225/496 41/1226/497 43/1227/498
f 43/1227/498 45/1228/499 59/1225/496
f 59/1225/496 45/1228/499 48/1229/500
f 59/1225/496 48/1229/500 75/1230/501
f 75/1230/501 48/1229/500 68/1231/502
f 68/1231/502 48/1229/500 49/1232/503
f 68/1231/502 49/1232/503 52/1233/504
f 45/1228/499 49/1232/503 48/1229/500
f 52/1233/504 54/1234/505 68/1231/502
f 68/1231/502 54/1234/505 63/1235/506
f 63/1235/506 54/1234/505 57/1236/507
f 63/1235/506 57/1236/507 60/1237/508
f 60/1237/508 62/1238/509 63/1235/506
f 86/1239/510 67/1223/494 75/1230/501
f 75/1230/501 67/1223/494 59/1225/496
f 76/1240/511 56/1241/512 87/146/513
f 87/146/513 56/1241/512 65/1242/514
f 87/146/513 65/1242/514 66/1243/515
f 66/1243/515 65/1242/514 42/1244/516
f 66/1243/515 42/1244/516 40/1245/517
f 69/1246/518 53/1247/519 76/1240/511
f 76/1240/511 53/1247/519 50/1248/520
f 76/1240/511 50/1248/520 47/1249/521
f 47/1249/521 50/1248/520 46/1250/522
f 47/1249/521 46/1250/522 51/1251/523
f 51/1251/523 46/1250/522 56/1241/512
f 51/1251/523 56/1241/512 76/1240/511
f 53/1247/519 69/1246/518 55/1252/524
f 55/1252/524 69/1246/518 64/1253/525
f 55/1252/524 64/1253/525 58/1254/526
f 58/1254/526 64/1253/525 61/1255/527
f 61/1255/527 64/1253/525 62/1256/528
f 46/1250/522 44/1257/529 56/1241/512
f 56/1241/512 44/1257/529 65/1242/514
f 44/1257/529 42/1244/516 65/1242/514
f 76/1240/511 47/1249/521 51/1251/523
f 290/1258/3 288/1259/3 309/121/3
f 309/121/3 288/1259/3 292/1260/3
f 309/121/3 292/1260/3 313/119/3
f 313/119/3 292/1260/3 300/1261/3
f 313/119/3 300/1261/3 325/117/3
f 325/117/3 300/1261/3 318/1262/3
f 325/117/3 318/1262/3 333/114/3
f 333/114/3 318/1262/3 339/1263/3
f 333/114/3 339/1263/3 366/1264/3
f 366/1264/3 390/1265/3 333/114/3
f 333/114/3 390/1265/3 447/51/3
f 447/51/3 390/1265/3 408/1266/3
f 447/51/3 408/1266/3 431/1267/3
f 431/1267/3 456/1268/3 447/51/3
f 447/51/3 456/1268/3 482/1269/3
f 447/51/3 482/1269/3 463/49/3
f 463/49/3 482/1269/3 490/1270/3
f 463/49/3 490/1270/3 471/47/3
f 471/47/3 490/1270/3 502/1271/3
f 471/47/3 502/1271/3 473/46/3
f 473/46/3 502/1271/3 500/1272/3
f 473/46/3 500/1272/3 469/44/3
f 469/44/3 500/1272/3 488/1273/3
f 469/44/3 488/1273/3 461/42/3
f 461/42/3 488/1273/3 480/1274/3
f 461/42/3 480/1274/3 445/39/3
f 445/39/3 480/1274/3 454/1275/3
f 445/39/3 454/1275/3 429/1276/3
f 429/1276/3 406/1277/3 445/39/3
f 445/39/3 406/1277/3 388/1278/3
f 445/39/3 388/1278/3 331/126/3
f 331/126/3 388/1278/3 364/1279/3
f 331/126/3 364/1279/3 337/1280/3
f 337/1280/3 316/1281/3 331/126/3
f 331/126/3 316/1281/3 323/124/3
f 323/124/3 316/1281/3 298/1282/3
f 323/124/3 298/1282/3 311/122/3
f 311/122/3 298/1282/3 290/1258/3
f 311/122/3 290/1258/3 309/121/3
f 368/1283/3 416/1284/3 362/1285/3
f 362/1285/3 416/1284/3 417/1286/3
f 362/1285/3 417/1286/3 367/1287/3
f 367/1287/3 417/1286/3 415/1288/3
f 367/1287/3 415/1288/3 377/1289/3
f 377/1289/3 415/1288/3 409/1290/3
f 377/1289/3 409/1290/3 385/1291/3
f 385/1291/3 409/1290/3 397/1292/3
f 416/1284/3 368/1283/3 410/1293/3
f 410/1293/3 368/1283/3 378/1294/3
f 410/1293/3 378/1294/3 398/1295/3
f 398/1295/3 378/1294/3 386/1296/3
f 208/494/3 305/1297/3 238/496/3
f 238/496/3 305/1297/3 342/1298/3
f 238/496/3 342/1298/3 369/1299/3
f 305/1297/3 208/494/3 283/1300/3
f 283/1300/3 208/494/3 197/492/3
f 283/1300/3 197/492/3 259/1301/3
f 259/1301/3 197/492/3 188/490/3
f 259/1301/3 188/490/3 248/1302/3
f 248/1302/3 188/490/3 180/488/3
f 248/1302/3 180/488/3 244/1303/3
f 244/1303/3 180/488/3 176/485/3
f 244/1303/3 176/485/3 242/1304/3
f 242/1304/3 176/485/3 178/483/3
f 242/1304/3 178/483/3 246/1305/3
f 246/1305/3 178/483/3 182/481/3
f 246/1305/3 182/481/3 250/1306/3
f 250/1306/3 182/481/3 190/479/3
f 250/1306/3 190/479/3 261/1307/3
f 261/1307/3 190/479/3 199/477/3
f 261/1307/3 199/477/3 285/1308/3
f 285/1308/3 199/477/3 210/474/3
f 285/1308/3 210/474/3 307/1309/3
f 307/1309/3 210/474/3 240/473/3
f 307/1309/3 240/473/3 344/1310/3
f 344/1310/3 240/473/3 371/1311/3
f 371/1311/3 240/473/3 401/1312/3
f 401/1312/3 240/473/3 544/401/3
f 401/1312/3 544/401/3 426/1313/3
f 426/1313/3 544/401/3 459/1314/3
f 459/1314/3 544/401/3 485/1315/3
f 485/1315/3 544/401/3 574/403/3
f 485/1315/3 574/403/3 509/1316/3
f 509/1316/3 574/403/3 585/405/3
f 509/1316/3 585/405/3 528/1317/3
f 528/1317/3 585/405/3 594/407/3
f 528/1317/3 594/407/3 536/1318/3
f 536/1318/3 594/407/3 602/409/3
f 536/1318/3 602/409/3 540/1319/3
f 540/1319/3 602/409/3 606/411/3
f 540/1319/3 606/411/3 604/413/3
f 540/1319/3 604/413/3 538/1320/3
f 538/1320/3 604/413/3 600/416/3
f 538/1320/3 600/416/3 534/1321/3
f 534/1321/3 600/416/3 592/418/3
f 534/1321/3 592/418/3 526/1322/3
f 526/1322/3 592/418/3 583/420/3
f 526/1322/3 583/420/3 507/1323/3
f 507/1323/3 583/420/3 572/422/3
f 507/1323/3 572/422/3 483/1324/3
f 483/1324/3 572/422/3 542/424/3
f 483/1324/3 542/424/3 457/1325/3
f 457/1325/3 542/424/3 424/1326/3
f 424/1326/3 542/424/3 399/1327/3
f 399/1327/3 542/424/3 238/496/3
f 399/1327/3 238/496/3 369/1299/3
f 546/423/3 577/421/3 693/1328/3
f 693/1328/3 577/421/3 588/419/3
f 693/1328/3 588/419/3 596/417/3
f 596/417/3 608/415/3 693/1328/3
f 693/1328/3 608/415/3 699/1329/3
f 699/1329/3 608/415/3 704/1330/3
f 704/1330/3 608/415/3 612/414/3
f 704/1330/3 612/414/3 710/1331/3
f 710/1331/3 612/414/3 614/412/3
f 710/1331/3 614/412/3 712/1332/3
f 712/1332/3 614/412/3 706/1333/3
f 706/1333/3 614/412/3 610/410/3
f 706/1333/3 610/410/3 701/1334/3
f 701/1334/3 610/410/3 695/1335/3
f 695/1335/3 610/410/3 598/408/3
f 695/1335/3 598/408/3 590/406/3
f 590/406/3 579/404/3 695/1335/3
f 695/1335/3 579/404/3 548/402/3
f 236/475/3 205/476/3 91/1336/3
f 91/1336/3 205/476/3 194/478/3
f 91/1336/3 194/478/3 186/480/3
f 186/480/3 174/482/3 91/1336/3
f 91/1336/3 174/482/3 85/1337/3
f 85/1337/3 174/482/3 80/1338/3
f 80/1338/3 174/482/3 170/484/3
f 80/1338/3 170/484/3 74/1339/3
f 74/1339/3 170/484/3 72/1340/3
f 72/1340/3 170/484/3 168/486/3
f 72/1340/3 168/486/3 78/1341/3
f 78/1341/3 168/486/3 172/487/3
f 78/1341/3 172/487/3 83/1342/3
f 83/1342/3 172/487/3 89/1343/3
f 89/1343/3 172/487/3 184/489/3
f 89/1343/3 184/489/3 192/491/3
f 192/491/3 203/493/3 89/1343/3
f 89/1343/3 203/493/3 234/495/3
f 245/1303/3 243/1304/3 252/85/3
f 252/85/3 243/1304/3 247/1305/3
f 252/85/3 247/1305/3 256/1344/3
f 256/1344/3 247/1305/3 251/1306/3
f 256/1344/3 251/1306/3 265/1345/3
f 265/1345/3 251/1306/3 262/1307/3
f 265/1345/3 262/1307/3 277/1346/3
f 277/1346/3 262/1307/3 286/1308/3
f 277/1346/3 286/1308/3 303/1347/3
f 303/1347/3 286/1308/3 308/1309/3
f 303/1347/3 308/1309/3 329/1348/3
f 329/1348/3 308/1309/3 345/1310/3
f 329/1348/3 345/1310/3 358/1349/3
f 358/1349/3 345/1310/3 372/1311/3
f 358/1349/3 372/1311/3 383/1350/3
f 383/1350/3 372/1311/3 402/1312/3
f 383/1350/3 402/1312/3 413/1351/3
f 413/1351/3 402/1312/3 427/1313/3
f 413/1351/3 427/1313/3 440/1352/3
f 440/1352/3 427/1313/3 460/1314/3
f 440/1352/3 460/1314/3 467/1353/3
f 467/1353/3 460/1314/3 486/1315/3
f 467/1353/3 486/1315/3 493/1354/3
f 493/1354/3 486/1315/3 510/1316/3
f 493/1354/3 510/1316/3 513/1355/3
f 513/1355/3 510/1316/3 529/1317/3
f 513/1355/3 529/1317/3 524/1356/3
f 524/1356/3 529/1317/3 537/1318/3
f 524/1356/3 537/1318/3 532/1357/3
f 532/1357/3 537/1318/3 541/1319/3
f 532/1357/3 541/1319/3 539/1320/3
f 532/1357/3 539/1320/3 530/1358/3
f 530/1358/3 539/1320/3 535/1321/3
f 530/1358/3 535/1321/3 522/1359/3
f 522/1359/3 535/1321/3 527/1322/3
f 522/1359/3 527/1322/3 511/1360/3
f 511/1360/3 527/1322/3 508/1323/3
f 511/1360/3 508/1323/3 491/1361/3
f 491/1361/3 508/1323/3 484/1324/3
f 491/1361/3 484/1324/3 465/1362/3
f 465/1362/3 484/1324/3 458/1325/3
f 465/1362/3 458/1325/3 438/1363/3
f 438/1363/3 458/1325/3 425/1326/3
f 438/1363/3 425/1326/3 411/1364/3
f 411/1364/3 425/1326/3 400/1327/3
f 411/1364/3 400/1327/3 381/1365/3
f 381/1365/3 400/1327/3 370/1299/3
f 381/1365/3 370/1299/3 356/1366/3
f 356/1366/3 370/1299/3 343/1298/3
f 356/1366/3 343/1298/3 327/1367/3
f 327/1367/3 343/1298/3 306/1297/3
f 327/1367/3 306/1297/3 301/1368/3
f 301/1368/3 306/1297/3 284/1300/3
f 301/1368/3 284/1300/3 275/1369/3
f 275/1369/3 284/1300/3 260/1301/3
f 275/1369/3 260/1301/3 263/1370/3
f 263/1370/3 260/1301/3 249/1302/3
f 263/1370/3 249/1302/3 254/1371/3
f 254/1371/3 249/1302/3 245/1303/3
f 254/1371/3 245/1303/3 252/85/3
f 255/1371/3 253/85/3 269/3/3
f 269/3/3 253/85/3 257/1344/3
f 269/3/3 257/1344/3 273/1372/3
f 273/1372/3 257/1344/3 266/1345/3
f 273/1372/3 266/1345/3 281/1373/3
f 281/1373/3 266/1345/3 278/1346/3
f 281/1373/3 278/1346/3 295/1374/3
f 295/1374/3 278/1346/3 304/1347/3
f 295/1374/3 304/1347/3 321/1375/3
f 321/1375/3 304/1347/3 330/1348/3
f 321/1375/3 330/1348/3 348/1376/3
f 348/1376/3 330/1348/3 359/1349/3
f 348/1376/3 359/1349/3 375/1377/3
f 375/1377/3 359/1349/3 384/1350/3
f 375/1377/3 384/1350/3 395/1378/3
f 395/1378/3 384/1350/3 414/1351/3
f 395/1378/3 414/1351/3 422/1379/3
f 422/1379/3 414/1351/3 441/1352/3
f 422/1379/3 441/1352/3 451/1380/3
f 451/1380/3 441/1352/3 468/1353/3
f 451/1380/3 468/1353/3 477/1381/3
f 477/1381/3 468/1353/3 494/1354/3
f 477/1381/3 494/1354/3 497/1382/3
f 497/1382/3 494/1354/3 514/1355/3
f 497/1382/3 514/1355/3 505/1383/3
f 505/1383/3 514/1355/3 525/1356/3
f 505/1383/3 525/1356/3 517/1384/3
f 517/1384/3 525/1356/3 533/1357/3
f 517/1384/3 533/1357/3 531/1358/3
f 517/1384/3 531/1358/3 515/1385/3
f 515/1385/3 531/1358/3 523/1359/3
f 515/1385/3 523/1359/3 503/1386/3
f 503/1386/3 523/1359/3 512/1360/3
f 503/1386/3 512/1360/3 495/1387/3
f 495/1387/3 512/1360/3 492/1361/3
f 495/1387/3 492/1361/3 475/1388/3
f 475/1388/3 492/1361/3 466/1362/3
f 475/1388/3 466/1362/3 449/1389/3
f 449/1389/3 466/1362/3 439/1363/3
f 449/1389/3 439/1363/3 420/1390/3
f 420/1390/3 439/1363/3 412/1364/3
f 420/1390/3 412/1364/3 393/1391/3
f 393/1391/3 412/1364/3 382/1365/3
f 393/1391/3 382/1365/3 373/1392/3
f 373/1392/3 382/1365/3 357/1366/3
f 373/1392/3 357/1366/3 346/1393/3
f 346/1393/3 357/1366/3 328/1367/3
f 346/1393/3 328/1367/3 319/1394/3
f 319/1394/3 328/1367/3 302/1368/3
f 319/1394/3 302/1368/3 293/1395/3
f 293/1395/3 302/1368/3 276/1369/3
f 293/1395/3 276/1369/3 279/1396/3
f 279/1396/3 276/1369/3 264/1370/3
f 279/1396/3 264/1370/3 271/1397/3
f 271/1397/3 264/1370/3 255/1371/3
f 271/1397/3 255/1371/3 269/3/3
f 272/1397/3 270/3/3 287/1259/3
f 287/1259/3 270/3/3 274/1372/3
f 287/1259/3 274/1372/3 291/1260/3
f 291/1260/3 274/1372/3 282/1373/3
f 291/1260/3 282/1373/3 299/1261/3
f 299/1261/3 282/1373/3 296/1374/3
f 299/1261/3 296/1374/3 317/1262/3
f 317/1262/3 296/1374/3 322/1375/3
f 317/1262/3 322/1375/3 338/1263/3
f 338/1263/3 322/1375/3 349/1376/3
f 338/1263/3 349/1376/3 365/1264/3
f 365/1264/3 349/1376/3 376/1377/3
f 365/1264/3 376/1377/3 389/1265/3
f 389/1265/3 376/1377/3 396/1378/3
f 389/1265/3 396/1378/3 407/1266/3
f 407/1266/3 396/1378/3 423/1379/3
f 407/1266/3 423/1379/3 430/1267/3
f 430/1267/3 423/1379/3 452/1380/3
f 430/1267/3 452/1380/3 455/1268/3
f 455/1268/3 452/1380/3 478/1381/3
f 455/1268/3 478/1381/3 481/1269/3
f 481/1269/3 478/1381/3 498/1382/3
f 481/1269/3 498/1382/3 489/1270/3
f 489/1270/3 498/1382/3 506/1383/3
f 489/1270/3 506/1383/3 501/1271/3
f 501/1271/3 506/1383/3 518/1384/3
f 501/1271/3 518/1384/3 516/1385/3
f 501/1271/3 516/1385/3 499/1272/3
f 499/1272/3 516/1385/3 504/1386/3
f 499/1272/3 504/1386/3 487/1273/3
f 487/1273/3 504/1386/3 496/1387/3
f 487/1273/3 496/1387/3 479/1274/3
f 479/1274/3 496/1387/3 476/1388/3
f 479/1274/3 476/1388/3 453/1275/3
f 453/1275/3 476/1388/3 450/1389/3
f 453/1275/3 450/1389/3 428/1276/3
f 428/1276/3 450/1389/3 421/1390/3
f 428/1276/3 421/1390/3 405/1277/3
f 405/1277/3 421/1390/3 394/1391/3
f 405/1277/3 394/1391/3 387/1278/3
f 387/1278/3 394/1391/3 374/1392/3
f 387/1278/3 374/1392/3 363/1279/3
f 363/1279/3 374/1392/3 347/1393/3
f 363/1279/3 347/1393/3 336/1280/3
f 336/1280/3 347/1393/3 320/1394/3
f 336/1280/3 320/1394/3 315/1281/3
f 315/1281/3 320/1394/3 294/1395/3
f 315/1281/3 294/1395/3 297/1282/3
f 297/1282/3 294/1395/3 280/1396/3
f 297/1282/3 280/1396/3 289/1258/3
f 289/1258/3 280/1396/3 272/1397/3
f 289/1258/3 272/1397/3 287/1259/3
f 367/1398/530 340/1399/531 362/1400/532
f 362/1400/532 340/1399/531 335/291/533
f 362/1400/532 335/291/533 341/1401/534
f 340/1399/531 367/1398/530 350/1402/535
f 350/1402/535 367/1398/530 377/1403/536
f 350/1402/535 377/1403/536 360/1404/537
f 360/1404/537 377/1403/536 379/1405/538
f 379/1405/538 377/1403/536 385/1406/539
f 379/1405/538 385/1406/539 391/1407/540
f 391/1407/540 385/1406/539 397/1408/541
f 391/1407/540 397/1408/541 403/1409/542
f 403/1409/542 397/1408/541 409/1410/543
f 403/1409/542 409/1410/543 418/1411/544
f 418/1411/544 409/1410/543 436/1412/545
f 436/1412/545 409/1410/543 415/1413/546
f 436/1412/545 415/1413/546 442/1414/547
f 442/1414/547 415/1413/546 417/1415/548
f 442/1414/547 417/1415/548 444/1416/549
f 444/1417/549 417/1418/548 443/1419/550
f 443/1419/550 417/1418/548 416/1420/551
f 443/1419/550 416/1420/551 437/1421/552
f 437/1421/552 416/1420/551 410/1422/553
f 437/1421/552 410/1422/553 419/1423/554
f 419/1423/554 410/1422/553 404/1424/555
f 404/1424/555 410/1422/553 398/1425/556
f 404/1424/555 398/1425/556 392/1426/557
f 392/1426/557 398/1425/556 386/1427/558
f 392/1426/557 386/1427/558 380/1428/559
f 380/1428/559 386/1427/558 378/1429/560
f 380/1428/559 378/1429/560 361/1430/561
f 361/1430/561 378/1429/560 351/1431/562
f 351/1431/562 378/1429/560 368/1432/563
f 351/1431/562 368/1432/563 341/1401/534
f 341/1401/534 368/1432/563 362/1400/532
f 1302/1433/3 802/1434/3 805/1435/3
f 805/1435/3 802/1434/3 798/1436/3
f 805/1435/3 798/1436/3 794/1437/3
f 794/1437/3 790/1438/3 805/1435/3
f 805/1435/3 790/1438/3 786/1439/3
f 805/1435/3 786/1439/3 803/1440/3
f 803/1440/3 786/1439/3 784/1441/3
f 803/1440/3 784/1441/3 788/1442/3
f 788/1442/3 792/1443/3 803/1440/3
f 803/1440/3 792/1443/3 796/1444/3
f 803/1440/3 796/1444/3 800/1445/3
f 800/1445/3 1300/1446/3 803/1440/3
f 803/1440/3 1300/1446/3 1304/1447/3
f 803/1440/3 1304/1447/3 933/1448/3
f 933/1448/3 1304/1447/3 1308/1449/3
f 933/1448/3 1308/1449/3 949/1450/3
f 949/1450/3 1308/1449/3 1312/1451/3
f 949/1450/3 1312/1451/3 957/1452/3
f 957/1452/3 1312/1451/3 1121/1453/3
f 957/1452/3 1121/1453/3 971/1454/3
f 971/1454/3 1121/1453/3 1061/1455/3
f 971/1454/3 1061/1455/3 995/1456/3
f 995/1456/3 1061/1455/3 1053/1457/3
f 995/1456/3 1053/1457/3 1035/1458/3
f 1035/1458/3 1053/1457/3 1049/1459/3
f 1035/1458/3 1049/1459/3 1037/1460/3
f 1037/1460/3 1049/1459/3 1051/1461/3
f 1037/1460/3 1051/1461/3 1031/1462/3
f 1031/1462/3 1051/1461/3 1039/1463/3
f 1039/1463/3 1051/1461/3 1057/1464/3
f 1039/1463/3 1057/1464/3 1043/1465/3
f 1043/1465/3 1057/1464/3 1059/1466/3
f 1043/1465/3 1059/1466/3 1047/1467/3
f 1047/1467/3 1059/1466/3 1045/1468/3
f 1045/1468/3 1059/1466/3 1041/1469/3
f 1041/1469/3 1059/1466/3 1033/1470/564
f 1033/1470/564 1059/1466/3 1029/1471/3
f 1029/1471/3 1059/1466/3 1067/1472/3
f 1029/1471/3 1067/1472/3 1310/1473/3
f 1310/1473/3 1067/1472/3 1237/1474/3
f 1310/1473/3 1237/1474/3 1314/1475/3
f 1314/1475/3 1237/1474/3 1245/1476/3
f 1314/1475/3 1245/1476/3 1275/1477/3
f 1275/1477/3 1245/1476/3 1269/1478/3
f 1269/1478/3 1245/1476/3 1265/1479/3
f 1265/1479/3 1245/1476/3 1261/1480/3
f 1261/1480/3 1245/1476/3 1257/1481/3
f 1257/1481/3 1245/1476/3 1243/1482/3
f 1316/1483/3 1235/1484/3 1312/1451/3
f 1312/1451/3 1235/1484/3 1195/1485/3
f 1312/1451/3 1195/1485/3 1121/1453/3
f 1121/1453/3 1195/1485/3 1133/1486/3
f 1133/1486/3 1195/1485/3 1187/1487/3
f 1133/1486/3 1187/1487/3 1141/1488/3
f 1141/1488/3 1187/1487/3 1179/1489/3
f 1141/1488/3 1179/1489/3 1151/1490/3
f 1151/1490/3 1179/1489/3 1159/1491/3
f 1159/1491/3 1179/1489/3 1169/1492/3
f 1159/1491/3 1169/1492/3 1149/1493/3
f 1149/1493/3 1169/1492/3 1165/1494/3
f 1149/1493/3 1165/1494/3 1085/1495/3
f 1318/1496/3 1295/1497/3 1316/1483/3
f 1316/1483/3 1295/1497/3 1287/1498/3
f 1316/1483/3 1287/1498/3 1239/1499/3
f 1239/1499/3 1287/1498/3 1241/1500/3
f 1241/1500/3 1287/1498/3 1289/1501/3
f 1241/1500/3 1289/1501/3 1247/1502/3
f 1247/1502/3 1289/1501/3 1249/1503/3
f 1249/1503/3 1289/1501/3 1285/1504/3
f 1249/1503/3 1285/1504/3 1251/1505/3
f 1251/1505/3 1285/1504/3 1283/1506/3
f 1251/1505/3 1283/1506/3 1253/1507/3
f 1253/1507/3 1283/1506/3 1281/1508/3
f 1253/1507/3 1281/1508/3 1279/1509/3
f 1314/1475/3 1275/1477/3 1318/1496/3
f 1318/1496/3 1275/1477/3 1291/1510/3
f 1318/1496/3 1291/1510/3 1293/1511/3
f 1310/1473/3 1306/1512/3 1029/1471/3
f 1029/1471/3 1306/1512/3 809/1513/3
f 1029/1471/3 809/1513/3 1025/1514/3
f 1025/1514/3 809/1513/3 1015/1515/3
f 1015/1515/3 809/1513/3 857/1516/3
f 1015/1515/3 857/1516/3 859/1517/565
f 809/1513/3 1306/1512/3 805/1435/3
f 805/1435/3 1306/1512/3 1302/1433/3
f 807/1518/3 819/1519/3 809/1513/3
f 809/1513/3 819/1519/3 823/1520/3
f 809/1513/3 823/1520/3 827/1521/3
f 813/1522/3 821/1523/3 807/1518/3
f 807/1518/3 821/1523/3 815/1524/3
f 807/1518/3 815/1524/3 817/1525/3
f 821/1523/3 813/1522/3 829/1526/3
f 829/1526/3 813/1522/3 811/1527/3
f 829/1526/3 811/1527/3 843/1528/3
f 843/1528/3 811/1527/3 855/1529/3
f 855/1529/3 811/1527/3 919/1530/3
f 855/1529/3 919/1530/3 903/1531/3
f 811/1527/3 803/1440/3 919/1530/3
f 919/1530/3 803/1440/3 933/1448/3
f 991/1532/3 993/1533/3 977/1534/3
f 977/1534/3 993/1533/3 965/1535/3
f 965/1535/3 993/1533/3 953/1536/3
f 953/1536/3 993/1533/3 1017/1537/3
f 953/1536/3 1017/1537/3 1011/1538/3
f 993/1533/3 1007/1539/3 1017/1537/3
f 1017/1537/3 1007/1539/3 1023/1540/3
f 1023/1540/3 1007/1539/3 1021/1541/3
f 1023/1540/3 1021/1541/3 1027/1542/3
f 1027/1542/3 1021/1541/3 1037/1460/3
f 1027/1542/3 1037/1460/3 1031/1462/3
f 1007/1539/3 1005/1543/3 1021/1541/3
f 1021/1541/3 1005/1543/3 1019/1544/3
f 1019/1544/3 1005/1543/3 1003/1545/3
f 1019/1544/3 1003/1545/3 1001/1546/3
f 1001/1546/3 999/1547/3 1019/1544/3
f 1019/1544/3 999/1547/3 997/1548/3
f 1019/1544/3 997/1548/3 1035/1458/3
f 1035/1458/3 997/1548/3 995/1456/3
f 855/1529/3 903/1531/3 865/1549/3
f 865/1549/3 903/1531/3 897/1550/3
f 865/1549/3 897/1550/3 879/1551/3
f 879/1551/3 897/1550/3 909/1552/3
f 879/1551/3 909/1552/3 887/1553/3
f 887/1553/3 909/1552/3 899/1554/3
f 887/1553/3 899/1554/3 893/1555/3
f 893/1555/3 899/1554/3 895/1556/3
f 893/1555/3 895/1556/3 891/1557/3
f 891/1557/3 895/1556/3 901/1558/3
f 891/1557/3 901/1558/3 889/1559/3
f 889/1559/3 901/1558/3 885/1560/3
f 885/1560/3 901/1558/3 913/1561/3
f 885/1560/3 913/1561/3 881/1562/3
f 881/1562/3 913/1561/3 873/1563/3
f 873/1563/3 913/1561/3 929/1564/3
f 873/1563/3 929/1564/3 867/1565/3
f 867/1565/3 929/1564/3 859/1517/565
f 859/1517/565 929/1564/3 943/1566/3
f 859/1517/565 943/1566/3 1013/1567/3
f 1013/1567/3 943/1566/3 1009/1568/3
f 1009/1568/3 943/1566/3 1011/1538/3
f 1011/1538/3 943/1566/3 953/1536/3
f 909/1552/3 897/1550/3 927/1569/3
f 927/1569/3 897/1550/3 907/1570/3
f 927/1569/3 907/1570/3 939/1571/3
f 939/1571/3 907/1570/3 917/1572/3
f 939/1571/3 917/1572/3 973/1573/3
f 973/1573/3 917/1572/3 925/1574/3
f 973/1573/3 925/1574/3 937/1575/3
f 937/1575/3 941/1576/3 973/1573/3
f 973/1573/3 941/1576/3 961/1577/3
f 939/1571/3 973/1573/3 951/1578/3
f 951/1578/3 973/1573/3 983/1579/3
f 951/1578/3 983/1579/3 963/1580/3
f 963/1580/3 983/1579/3 975/1581/3
f 975/1581/3 983/1579/3 985/1582/3
f 975/1581/3 985/1582/3 987/1583/3
f 1013/1567/3 1015/1515/3 859/1517/565
f 1065/1584/3 1071/1585/3 1067/1472/3
f 1067/1472/3 1071/1585/3 1115/1586/3
f 1067/1472/3 1115/1586/3 1123/1587/3
f 1069/1588/3 1097/1589/3 1071/1585/3
f 1071/1585/3 1097/1589/3 1105/1590/3
f 1071/1585/3 1105/1590/3 1115/1586/3
f 1063/1591/3 1077/1592/3 1069/1588/3
f 1069/1588/3 1077/1592/3 1081/1593/3
f 1069/1588/3 1081/1593/3 1083/1594/3
f 1061/1455/3 1073/1595/3 1063/1591/3
f 1063/1591/3 1073/1595/3 1075/1596/3
f 1063/1591/3 1075/1596/3 1077/1592/3
f 1053/1457/3 1055/1597/3 1049/1459/3
f 1237/1474/3 1233/1598/3 1235/1484/3
f 1235/1484/3 1233/1598/3 1231/1599/3
f 1235/1484/3 1231/1599/3 1227/1600/3
f 1293/1511/3 1297/1601/3 1318/1496/3
f 1318/1496/3 1297/1601/3 1295/1497/3
f 1253/1507/3 1279/1509/3 1255/1602/3
f 1255/1602/3 1279/1509/3 1277/1603/3
f 1255/1602/3 1277/1603/3 1259/1604/3
f 1259/1604/3 1277/1603/3 1273/1605/3
f 1259/1604/3 1273/1605/3 1263/1606/3
f 1263/1606/3 1273/1605/3 1271/1607/3
f 1263/1606/3 1271/1607/3 1267/1608/3
f 1239/1499/3 1235/1484/3 1316/1483/3
f 1209/1609/3 1237/1474/3 1201/1610/3
f 1201/1610/3 1237/1474/3 1129/1611/3
f 1201/1610/3 1129/1611/3 1189/1612/3
f 1189/1612/3 1129/1611/3 1137/1613/3
f 1189/1612/3 1137/1613/3 1145/1614/3
f 1209/1609/3 1217/1615/3 1237/1474/3
f 1237/1474/3 1217/1615/3 1229/1616/3
f 1237/1474/3 1229/1616/3 1233/1598/3
f 1231/1599/3 1233/1598/3 1223/1617/3
f 1223/1617/3 1233/1598/3 1225/1618/3
f 1223/1617/3 1225/1618/3 1173/1619/3
f 1173/1619/3 1225/1618/3 1175/1620/3
f 1175/1620/3 1225/1618/3 1185/1621/3
f 1185/1621/3 1225/1618/3 1221/1622/3
f 1185/1621/3 1221/1622/3 1213/1623/3
f 1185/1621/3 1213/1623/3 1193/1624/3
f 1193/1624/3 1213/1623/3 1203/1625/3
f 1193/1624/3 1203/1625/3 1197/1626/3
f 1173/1619/3 1177/1627/3 1223/1617/3
f 1223/1617/3 1177/1627/3 1183/1628/3
f 1223/1617/3 1183/1628/3 1219/1629/3
f 1219/1629/3 1183/1628/3 1211/1630/3
f 1211/1630/3 1183/1628/3 1191/1631/3
f 1211/1630/3 1191/1631/3 1205/1632/3
f 1205/1632/3 1191/1631/3 1199/1633/3
f 1227/1600/3 1215/1634/3 1235/1484/3
f 1235/1484/3 1215/1634/3 1207/1635/3
f 1235/1484/3 1207/1635/3 1195/1485/3
f 1169/1492/3 1167/1636/3 1165/1494/3
f 1165/1494/3 1167/1636/3 1163/1637/3
f 1163/1637/3 1167/1636/3 1171/1638/3
f 1163/1637/3 1171/1638/3 1161/1639/3
f 1161/1639/3 1171/1638/3 1157/1640/3
f 1157/1640/3 1171/1638/3 1181/1641/3
f 1157/1640/3 1181/1641/3 1155/1642/3
f 1155/1642/3 1181/1641/3 1145/1614/3
f 1145/1614/3 1181/1641/3 1189/1612/3
f 1119/1643/565 1127/1644/3 1111/1645/3
f 1111/1645/3 1127/1644/3 1101/1646/3
f 1101/1646/3 1127/1644/3 1135/1647/3
f 1101/1646/3 1135/1647/3 1143/1648/3
f 1101/1646/3 1143/1648/3 1091/1649/3
f 1091/1649/3 1143/1648/3 1149/1493/3
f 1091/1649/3 1149/1493/3 1085/1495/3
f 1121/1453/3 1107/1650/3 1061/1455/3
f 1061/1455/3 1107/1650/3 1089/1651/3
f 1061/1455/3 1089/1651/3 1079/1652/3
f 1079/1652/3 1073/1595/3 1061/1455/3
f 1083/1594/3 1097/1589/3 1069/1588/3
f 1123/1587/3 1129/1611/3 1067/1472/3
f 1067/1472/3 1129/1611/3 1237/1474/3
f 827/1521/3 835/1653/3 809/1513/3
f 809/1513/3 835/1653/3 841/1654/3
f 809/1513/3 841/1654/3 849/1655/3
f 849/1655/3 857/1516/3 809/1513/3
f 817/1525/3 819/1519/3 807/1518/3
f 802/1656/566 801/1657/566 798/1658/567
f 798/1658/567 801/1657/566 797/1659/567
f 798/1658/567 797/1659/567 794/1660/568
f 794/1660/568 797/1659/567 793/1661/568
f 794/1660/568 793/1661/568 790/1662/569
f 790/1662/569 793/1661/568 789/1663/569
f 790/1662/569 789/1663/569 786/1664/570
f 786/1664/570 789/1663/569 785/1665/570
f 786/1664/570 785/1665/570 784/1666/571
f 784/1666/571 785/1665/570 783/1667/571
f 784/1666/571 783/1667/571 788/1668/572
f 788/1668/572 783/1667/571 787/1669/572
f 788/1668/572 787/1669/572 792/1670/573
f 792/1670/573 787/1669/572 791/1671/573
f 792/1670/573 791/1671/573 796/1672/574
f 796/1672/574 791/1671/573 795/1673/574
f 796/1672/574 795/1673/574 800/1674/575
f 800/1674/575 795/1673/574 799/1675/575
f 1299/1676/2 1300/1677/2 799/811/2
f 799/811/2 1300/1677/2 800/146/2
f 1300/1678/576 1299/1679/577 1304/1680/578
f 1304/1680/578 1299/1679/577 1303/1681/578
f 1304/1680/578 1303/1681/578 1308/1682/579
f 1308/1682/579 1303/1681/578 1307/1683/579
f 1308/1682/579 1307/1683/579 1312/1684/580
f 1312/1684/580 1307/1683/579 1311/1685/580
f 1312/1684/580 1311/1685/580 1316/1686/581
f 1316/1686/581 1311/1685/580 1315/1687/581
f 1316/1686/581 1315/1687/581 1318/1688/582
f 1318/1688/582 1315/1687/581 1317/1689/582
f 1318/1688/582 1317/1689/582 1314/1690/583
f 1314/1690/583 1317/1689/582 1313/1691/583
f 1314/1690/583 1313/1691/583 1310/1692/584
f 1310/1692/584 1313/1691/583 1309/1693/584
f 1310/1692/584 1309/1693/584 1306/1694/585
f 1306/1694/585 1309/1693/584 1305/1695/585
f 1306/1694/585 1305/1695/585 1302/1696/586
f 1302/1696/586 1305/1695/585 1301/1697/586
f 801/796/95 802/146/95 1301/1698/95
f 1301/1698/95 802/146/95 1302/1677/95
f 1299/1445/1 799/1446/1 1303/1444/1
f 1303/1444/1 799/1446/1 795/1447/1
f 1303/1444/1 795/1447/1 1307/1443/1
f 1307/1443/1 795/1447/1 791/1449/1
f 1307/1443/1 791/1449/1 1311/1442/1
f 1311/1442/1 791/1449/1 787/1451/1
f 1311/1442/1 787/1451/1 1315/1441/1
f 1315/1441/1 787/1451/1 783/1483/1
f 1315/1441/1 783/1483/1 1317/1439/1
f 1317/1439/1 783/1483/1 785/1496/1
f 1317/1439/1 785/1496/1 1313/1438/1
f 1313/1438/1 785/1496/1 789/1475/1
f 1313/1438/1 789/1475/1 1309/1437/1
f 1309/1437/1 789/1475/1 793/1473/1
f 1309/1437/1 793/1473/1 1305/1436/1
f 1305/1436/1 793/1473/1 797/1512/1
f 1305/1436/1 797/1512/1 1301/1434/1
f 1301/1434/1 797/1512/1 801/1433/1
f 875/1699/3 883/1700/3 825/1701/3
f 825/1701/3 883/1700/3 877/1702/3
f 825/1701/3 877/1702/3 869/1703/3
f 863/1704/3 839/1705/3 869/1703/3
f 869/1703/3 839/1705/3 831/1706/3
f 869/1703/3 831/1706/3 825/1701/3
f 863/1704/3 853/1707/3 839/1705/3
f 839/1705/3 853/1707/3 845/1708/3
f 825/1701/3 833/1709/3 875/1699/3
f 875/1699/3 833/1709/3 837/1710/3
f 875/1699/3 837/1710/3 847/1711/3
f 847/1711/3 851/1712/3 875/1699/3
f 875/1699/3 851/1712/3 861/1713/3
f 875/1699/3 861/1713/3 871/1714/587
f 979/1715/3 915/1716/3 989/1717/3
f 989/1717/3 915/1716/3 905/1718/3
f 989/1717/3 905/1718/3 911/1719/3
f 969/1720/588 959/1721/3 979/1715/3
f 979/1715/3 959/1721/3 947/1722/3
f 979/1715/3 947/1722/3 935/1723/3
f 935/1723/3 923/1724/3 979/1715/3
f 979/1715/3 923/1724/3 915/1716/3
f 911/1719/3 921/1725/3 989/1717/3
f 989/1717/3 921/1725/3 931/1726/3
f 989/1717/3 931/1726/3 945/1727/3
f 945/1727/3 955/1728/3 989/1717/3
f 989/1717/3 955/1728/3 981/1729/3
f 981/1729/3 955/1728/3 967/1730/589
f 1087/1731/3 1153/1732/3 1093/1733/3
f 1093/1733/3 1153/1732/3 1147/1734/3
f 1093/1733/3 1147/1734/3 1095/1735/3
f 1095/1735/3 1147/1734/3 1099/1736/3
f 1099/1736/3 1147/1734/3 1139/1737/3
f 1099/1736/3 1139/1737/3 1103/1738/3
f 1103/1738/3 1139/1737/3 1109/1739/3
f 1109/1739/3 1139/1737/3 1131/1740/3
f 1109/1739/3 1131/1740/3 1113/1741/3
f 1113/1741/3 1131/1740/3 1117/1742/3
f 1117/1742/3 1131/1740/3 1125/1743/3
f 803/1744/61 804/291/61 805/1745/61
f 805/1745/61 804/291/61 806/1746/61
f 811/1747/2 812/291/590 803/1748/283
f 803/1748/283 812/291/590 804/1749/2
f 813/1747/65 814/291/65 811/1750/65
f 811/1750/65 814/291/65 812/1751/65
f 807/1744/96 808/291/96 813/1752/95
f 813/1752/95 808/291/96 814/1753/591
f 809/1747/65 810/291/65 807/1754/65
f 807/1754/65 810/291/65 808/1755/65
f 805/1744/95 806/291/592 809/1756/95
f 809/1756/95 806/291/592 810/1757/593
f 810/1513/3 806/1435/3 808/1518/3
f 808/1518/3 806/1435/3 804/1440/3
f 808/1518/3 804/1440/3 812/1527/3
f 812/1527/3 814/1522/3 808/1518/3
f 860/1758/3 858/1759/3 854/1760/3
f 854/1760/3 858/1759/3 850/1761/3
f 854/1760/3 850/1761/3 846/1762/3
f 846/1762/3 850/1761/3 842/291/3
f 846/1762/3 842/291/3 836/1763/3
f 846/1762/3 836/1763/3 840/1764/3
f 840/1764/3 836/1763/3 828/1765/3
f 840/1764/3 828/1765/3 824/1766/3
f 840/1764/3 824/1766/3 832/1767/3
f 832/1767/3 824/1766/3 820/1768/3
f 832/1767/3 820/1768/3 818/1769/3
f 832/1767/3 818/1769/3 826/1770/3
f 826/1770/3 818/1769/3 816/1771/3
f 826/1770/3 816/1771/3 822/1772/3
f 830/1773/3 838/1774/3 822/1772/3
f 822/1772/3 838/1774/3 834/1775/3
f 822/1772/3 834/1775/3 826/1770/3
f 830/1773/3 844/1776/3 838/1774/3
f 838/1774/3 844/1776/3 848/1777/3
f 848/1777/3 844/1776/3 856/1778/3
f 848/1777/3 856/1778/3 852/1779/3
f 852/1779/3 856/1778/3 862/1780/3
f 862/1780/3 856/1778/3 866/1781/3
f 862/1780/3 866/1781/3 872/1782/3
f 872/1782/3 866/1781/3 880/1783/3
f 872/1782/3 880/1783/3 888/1784/3
f 894/1785/3 884/1786/3 888/1784/3
f 888/1784/3 884/1786/3 876/1787/3
f 888/1784/3 876/1787/3 872/1782/3
f 894/1785/3 892/1788/3 884/1786/3
f 884/1786/3 892/1788/3 878/1789/3
f 878/1789/3 892/1788/3 890/1790/3
f 878/1789/3 890/1790/3 886/1791/3
f 878/1789/3 886/1791/3 870/1792/3
f 870/1792/3 886/1791/3 882/1793/3
f 870/1792/3 882/1793/3 874/1794/3
f 870/1792/3 874/1794/3 864/1795/3
f 864/1795/3 874/1794/3 868/1796/3
f 864/1795/3 868/1796/3 860/1758/3
f 864/1795/3 860/1758/3 854/1760/3
f 857/1797/594 849/1798/595 858/1799/596
f 858/1799/596 849/1798/595 850/1800/597
f 850/1800/597 849/1798/595 841/1801/598
f 850/1800/597 841/1801/598 842/1802/599
f 842/1802/599 841/1801/598 835/1803/600
f 842/1802/599 835/1803/600 836/1804/601
f 836/1804/601 835/1803/600 827/1805/602
f 836/1804/601 827/1805/602 828/291/602
f 827/1806/603 823/1807/604 828/1808/605
f 828/1808/605 823/1807/604 824/1809/604
f 824/1809/604 823/1807/604 819/1810/606
f 824/1809/604 819/1810/606 820/1811/607
f 820/1811/607 819/1810/606 817/1812/608
f 820/1811/607 817/1812/608 818/1813/609
f 818/1813/609 817/1812/608 815/1805/610
f 818/1813/609 815/1805/610 816/291/611
f 815/1814/612 821/1815/613 816/1816/614
f 816/1816/614 821/1815/613 822/1817/615
f 822/1817/615 821/1815/613 829/1818/616
f 822/1817/615 829/1818/616 830/1819/617
f 830/1819/617 829/1818/616 843/1820/618
f 830/1819/617 843/1820/618 844/1821/619
f 844/1821/619 843/1820/618 855/1805/620
f 844/1821/619 855/1805/620 856/291/621
f 855/1822/622 865/1823/623 856/1824/622
f 856/1824/622 865/1823/623 866/1825/624
f 866/1825/624 865/1823/623 879/1826/625
f 866/1825/624 879/1826/625 880/1827/626
f 880/1827/626 879/1826/625 887/1828/627
f 880/1827/626 887/1828/627 888/1829/628
f 888/1829/628 887/1828/627 893/1805/629
f 888/1829/628 893/1805/629 894/291/630
f 893/1830/631 891/1831/632 894/1832/633
f 894/1832/633 891/1831/632 892/1833/632
f 892/1833/632 891/1831/632 889/1834/634
f 892/1833/632 889/1834/634 890/1835/635
f 890/1835/635 889/1834/634 885/1836/636
f 890/1835/635 885/1836/636 886/1837/637
f 886/1837/637 885/1836/636 881/1805/638
f 886/1837/637 881/1805/638 882/291/639
f 881/1838/640 873/1839/641 882/1840/642
f 882/1840/642 873/1839/641 874/1841/643
f 874/1841/643 873/1839/641 867/1842/644
f 874/1841/643 867/1842/644 868/1843/645
f 868/1843/645 867/1842/644 859/1844/646
f 868/1843/645 859/1844/646 860/1845/321
f 860/1845/321 859/1844/646 857/1805/647
f 860/1845/321 857/1805/647 858/291/648
f 853/1846/649 863/1847/650 854/1848/651
f 854/1848/651 863/1847/650 864/1849/652
f 864/1849/652 863/1847/650 869/1850/653
f 864/1849/652 869/1850/653 870/1851/654
f 870/1851/654 869/1850/653 877/1852/655
f 870/1851/654 877/1852/655 878/1853/656
f 878/1853/656 877/1852/655 883/1805/657
f 878/1853/656 883/1805/657 884/291/658
f 825/1854/659 831/1855/660 826/1856/661
f 826/1856/661 831/1855/660 832/1857/662
f 832/1857/662 831/1855/660 839/1858/663
f 832/1857/662 839/1858/663 840/1859/664
f 840/1859/664 839/1858/663 845/1860/665
f 840/1859/664 845/1860/665 846/1861/666
f 846/1861/666 845/1860/665 853/1805/667
f 846/1861/666 853/1805/667 854/291/668
f 851/1862/669 847/1863/670 852/1864/671
f 852/1864/671 847/1863/670 848/1865/672
f 848/1865/672 847/1863/670 837/1866/673
f 848/1865/672 837/1866/673 838/1867/315
f 838/1867/315 837/1866/673 833/1868/674
f 838/1867/315 833/1868/674 834/1869/675
f 834/1869/675 833/1868/674 825/1805/676
f 834/1869/675 825/1805/676 826/291/677
f 883/1870/678 875/1871/679 884/1872/680
f 884/1872/680 875/1871/679 876/1873/679
f 876/1873/679 875/1871/679 871/1874/681
f 876/1873/679 871/1874/681 872/1875/682
f 872/1875/682 871/1874/681 861/1876/683
f 872/1875/682 861/1876/683 862/1877/684
f 862/1877/684 861/1876/683 851/1805/685
f 862/1877/684 851/1805/685 852/291/686
f 994/1878/3 992/1879/3 1008/1880/3
f 1008/1880/3 992/1879/3 980/1881/3
f 1008/1880/3 980/1881/3 990/1882/3
f 980/1881/3 992/1879/3 970/1883/3
f 970/1883/3 992/1879/3 978/1884/3
f 970/1883/3 978/1884/3 966/1885/3
f 970/1883/3 966/1885/3 960/1886/3
f 960/1886/3 966/1885/3 954/1887/3
f 960/1886/3 954/1887/3 948/1888/3
f 948/1888/3 954/1887/3 944/1889/3
f 948/1888/3 944/1889/3 936/1890/3
f 936/1890/3 944/1889/3 930/1891/3
f 936/1890/3 930/1891/3 924/1892/3
f 924/1892/3 930/1891/3 914/1893/3
f 924/1892/3 914/1893/3 916/1894/3
f 916/1894/3 914/1893/3 902/1895/3
f 916/1894/3 902/1895/3 906/1896/3
f 906/1896/3 902/1895/3 896/1897/3
f 906/1896/3 896/1897/3 900/1898/3
f 906/1896/3 900/1898/3 912/1899/3
f 912/1899/3 900/1898/3 910/1900/3
f 912/1899/3 910/1900/3 922/1901/3
f 922/1901/3 910/1900/3 928/1902/3
f 922/1901/3 928/1902/3 932/1903/3
f 932/1903/3 928/1902/3 940/1904/3
f 932/1903/3 940/1904/3 946/1905/3
f 946/1905/3 940/1904/3 952/1906/3
f 946/1905/3 952/1906/3 956/1907/3
f 956/1907/3 952/1906/3 964/1908/3
f 956/1907/3 964/1908/3 968/1909/3
f 968/1909/3 964/1908/3 976/1910/3
f 968/1909/3 976/1910/3 988/1911/3
f 986/1912/3 1004/1913/3 988/1911/3
f 988/1911/3 1004/1913/3 1006/1914/3
f 988/1911/3 1006/1914/3 982/1915/3
f 982/1915/3 1006/1914/3 990/1882/3
f 990/1882/3 1006/1914/3 1008/1880/3
f 1004/1913/3 986/1912/3 1002/291/3
f 1002/291/3 986/1912/3 984/1916/3
f 1002/291/3 984/1916/3 1000/1917/3
f 1000/1917/3 984/1916/3 998/1918/3
f 998/1918/3 984/1916/3 996/1919/3
f 996/1919/3 984/1916/3 974/1920/3
f 996/1919/3 974/1920/3 972/1921/3
f 972/1921/3 974/1920/3 962/1922/3
f 972/1921/3 962/1922/3 958/1923/3
f 958/1923/3 962/1922/3 942/1924/3
f 958/1923/3 942/1924/3 950/1925/3
f 950/1925/3 942/1924/3 938/1926/3
f 950/1925/3 938/1926/3 934/1927/3
f 934/1927/3 938/1926/3 926/1928/3
f 934/1927/3 926/1928/3 920/1929/3
f 920/1929/3 926/1928/3 918/1930/3
f 920/1929/3 918/1930/3 904/1931/3
f 904/1931/3 918/1930/3 908/1932/3
f 904/1931/3 908/1932/3 898/1933/3
f 982/1915/3 968/1909/3 988/1911/3
f 991/1744/61 992/291/61 993/1934/61
f 993/1934/61 992/291/61 994/1935/61
f 991/1936/687 977/1937/688 992/1938/689
f 992/1938/689 977/1937/688 978/1939/690
f 978/1939/690 977/1937/688 965/1940/691
f 978/1939/690 965/1940/691 966/1941/692
f 966/1941/692 965/1940/691 953/1942/693
f 966/1941/692 953/1942/693 954/1943/694
f 954/1943/694 953/1942/693 943/1805/671
f 954/1943/694 943/1805/671 944/291/671
f 943/1944/695 929/1945/696 944/1946/697
f 944/1946/697 929/1945/696 930/1947/698
f 930/1947/698 929/1945/696 913/1948/699
f 930/1947/698 913/1948/699 914/1949/700
f 914/1949/700 913/1948/699 901/1950/701
f 914/1949/700 901/1950/701 902/1951/702
f 902/1951/702 901/1950/701 895/1805/703
f 902/1951/702 895/1805/703 896/291/704
f 895/1952/705 899/1953/706 896/1954/707
f 896/1954/707 899/1953/706 900/1955/706
f 900/1955/706 899/1953/706 909/1956/708
f 900/1955/706 909/1956/708 910/1957/709
f 910/1957/709 909/1956/708 927/1958/710
f 910/1957/709 927/1958/710 928/1959/711
f 928/1959/711 927/1958/710 939/1805/712
f 928/1959/711 939/1805/712 940/291/713
f 939/1960/714 951/1961/715 940/1962/716
f 940/1962/716 951/1961/715 952/1963/717
f 952/1963/717 951/1961/715 963/1964/718
f 952/1963/717 963/1964/718 964/1965/719
f 964/1965/719 963/1964/718 975/1966/720
f 964/1965/719 975/1966/720 976/1967/721
f 976/1967/721 975/1966/720 987/1805/722
f 976/1967/721 987/1805/722 988/291/723
f 985/1744/724 986/291/724 987/1968/61
f 987/1968/61 986/291/724 988/1969/61
f 985/1970/724 983/1971/725 986/1972/724
f 986/1972/724 983/1971/725 984/1973/726
f 984/1973/726 983/1971/725 973/1974/727
f 984/1973/726 973/1974/727 974/1975/728
f 974/1975/728 973/1974/727 961/1976/729
f 974/1975/728 961/1976/729 962/1977/730
f 962/1977/730 961/1976/729 941/1805/731
f 962/1977/730 941/1805/731 942/291/732
f 941/1978/733 937/1979/734 942/1980/735
f 942/1980/735 937/1979/734 938/1981/736
f 938/1981/736 937/1979/734 925/1982/737
f 938/1981/736 925/1982/737 926/1983/738
f 926/1983/738 925/1982/737 917/1984/739
f 926/1983/738 917/1984/739 918/1985/740
f 918/1985/740 917/1984/739 907/1805/741
f 918/1985/740 907/1805/741 908/291/742
f 897/1744/308 898/291/308 907/1756/308
f 907/1756/308 898/291/308 908/1757/308
f 897/1986/743 903/1987/744 898/1988/745
f 898/1988/745 903/1987/744 904/1989/746
f 904/1989/746 903/1987/744 919/1990/747
f 904/1989/746 919/1990/747 920/1991/748
f 920/1991/748 919/1990/747 933/1992/749
f 920/1991/748 933/1992/749 934/1993/750
f 934/1993/750 933/1992/749 949/1805/751
f 934/1993/750 949/1805/751 950/291/752
f 949/1994/753 957/1995/754 950/1996/755
f 950/1996/755 957/1995/754 958/1997/756
f 958/1997/756 957/1995/754 971/1998/757
f 958/1997/756 971/1998/757 972/1999/758
f 972/1999/758 971/1998/757 995/2000/759
f 972/1999/758 995/2000/759 996/2001/760
f 996/2001/760 995/2000/759 997/1805/761
f 996/2001/760 997/1805/761 998/291/762
f 997/2002/763 999/2003/764 998/2004/765
f 998/2004/765 999/2003/764 1000/2005/766
f 1000/2005/766 999/2003/764 1001/2006/767
f 1000/2005/766 1001/2006/767 1002/2007/768
f 1002/2007/768 1001/2006/767 1003/2008/769
f 1002/2007/768 1003/2008/769 1004/2009/770
f 1004/2009/770 1003/2008/769 1005/1805/771
f 1004/2009/770 1005/1805/771 1006/291/771
f 1007/1747/65 1008/291/65 1005/2010/771
f 1005/2010/771 1008/291/65 1006/2011/771
f 993/1744/308 994/291/308 1007/1756/308
f 1007/1756/308 994/291/308 1008/1757/308
f 947/2012/772 959/2013/773 948/2014/774
f 948/2014/774 959/2013/773 960/2015/775
f 960/2015/775 959/2013/773 969/2016/776
f 960/2015/775 969/2016/776 970/2017/777
f 970/2017/777 969/2016/776 979/2018/778
f 970/2017/777 979/2018/778 980/2019/779
f 980/2019/779 979/2018/778 989/1805/780
f 980/2019/779 989/1805/780 990/291/781
f 905/2020/782 915/2021/628 906/2022/783
f 906/2022/783 915/2021/628 916/2023/784
f 916/2023/784 915/2021/628 923/2024/785
f 916/2023/784 923/2024/785 924/2025/786
f 924/2025/786 923/2024/785 935/2026/787
f 924/2025/786 935/2026/787 936/2027/788
f 936/2027/788 935/2026/787 947/1805/789
f 936/2027/788 947/1805/789 948/291/790
f 945/2028/791 931/2029/792 946/2030/793
f 946/2030/793 931/2029/792 932/2031/794
f 932/2031/794 931/2029/792 921/2032/795
f 932/2031/794 921/2032/795 922/2033/796
f 922/2033/796 921/2032/795 911/2034/797
f 922/2033/796 911/2034/797 912/2035/798
f 912/2035/798 911/2034/797 905/1805/799
f 912/2035/798 905/1805/799 906/291/799
f 989/2036/800 981/2037/801 990/2038/802
f 990/2038/802 981/2037/801 982/2039/803
f 982/2039/803 981/2037/801 967/2040/804
f 982/2039/803 967/2040/804 968/2041/805
f 968/2041/805 967/2040/804 955/2042/806
f 968/2041/805 955/2042/806 956/2043/807
f 956/2043/807 955/2042/806 945/1805/808
f 956/2043/807 945/1805/808 946/291/809
f 1029/2044/810 1025/2045/811 1030/2046/812
f 1030/2046/812 1025/2045/811 1026/2047/813
f 1026/2047/813 1025/2045/811 1015/2048/814
f 1026/2047/813 1015/2048/814 1016/2049/815
f 1016/2049/815 1015/2048/814 1013/2050/211
f 1016/2049/815 1013/2050/211 1014/2051/816
f 1014/2051/816 1013/2050/211 1009/1805/817
f 1014/2051/816 1009/1805/817 1010/291/818
f 1009/2052/819 1011/2053/820 1010/2054/821
f 1010/2054/821 1011/2053/820 1012/2055/822
f 1012/2055/822 1011/2053/820 1017/2056/823
f 1012/2055/822 1017/2056/823 1018/2057/824
f 1018/2057/824 1017/2056/823 1023/2058/825
f 1018/2057/824 1023/2058/825 1024/2059/826
f 1024/2059/826 1023/2058/825 1027/1805/827
f 1024/2059/826 1027/1805/827 1028/291/828
f 1027/2060/829 1031/2061/830 1028/2062/831
f 1028/2062/831 1031/2061/830 1032/2063/832
f 1032/2063/832 1031/2061/830 1039/2064/833
f 1032/2063/832 1039/2064/833 1040/2065/834
f 1040/2065/834 1039/2064/833 1043/2066/835
f 1040/2065/834 1043/2066/835 1044/2067/836
f 1044/2067/836 1043/2066/835 1047/1805/837
f 1044/2067/836 1047/1805/837 1048/291/838
f 1047/2068/839 1045/2069/840 1048/2070/841
f 1048/2070/841 1045/2069/840 1046/2071/842
f 1046/2071/842 1045/2069/840 1041/2072/843
f 1046/2071/842 1041/2072/843 1042/2073/844
f 1042/2073/844 1041/2072/843 1033/2074/845
f 1042/2073/844 1033/2074/845 1034/2075/845
f 1034/2075/845 1033/2074/845 1029/1805/846
f 1034/2075/845 1029/1805/846 1030/291/846
f 1034/2076/847 1030/2077/3 1042/2078/3
f 1042/2078/3 1030/2077/3 1026/2079/3
f 1042/2078/3 1026/2079/3 1016/291/3
f 1016/291/3 1014/2080/3 1042/2078/3
f 1042/2078/3 1014/2080/3 1046/2081/3
f 1046/2081/3 1014/2080/3 1048/2082/3
f 1048/2082/3 1014/2080/3 1010/2083/3
f 1048/2082/3 1010/2083/3 1012/2084/3
f 1012/2084/3 1018/2085/3 1048/2082/3
f 1048/2082/3 1018/2085/3 1044/2086/3
f 1044/2086/3 1018/2085/3 1040/2087/3
f 1040/2087/3 1018/2085/3 1024/2088/3
f 1040/2087/3 1024/2088/3 1028/2089/3
f 1028/2089/3 1032/2090/848 1040/2087/3
f 1019/1744/61 1020/291/61 1021/2091/61
f 1021/2091/61 1020/291/61 1022/2092/61
f 1035/1747/2 1036/291/2 1019/2093/2
f 1019/2093/2 1036/291/2 1020/2094/284
f 1037/1747/65 1038/291/65 1035/2095/65
f 1035/2095/65 1038/291/65 1036/2096/65
f 1021/1744/308 1022/291/308 1037/1756/308
f 1037/1756/308 1022/291/308 1038/1757/308
f 1020/1544/3 1036/1458/3 1022/1541/3
f 1022/1541/3 1036/1458/3 1038/1460/3
f 1057/1744/61 1058/291/61 1059/2097/61
f 1059/2097/61 1058/291/61 1060/2098/61
f 1051/1744/308 1052/291/308 1057/2099/308
f 1057/2099/308 1052/291/308 1058/2100/308
f 1049/1744/61 1050/291/61 1051/1756/61
f 1051/1756/61 1050/291/61 1052/1757/61
f 1055/1747/385 1056/291/385 1049/2101/385
f 1049/2101/385 1056/291/385 1050/2102/385
f 1053/1744/61 1054/291/61 1055/2103/61
f 1055/2103/61 1054/291/61 1056/2104/61
f 1061/1747/385 1062/291/385 1053/2093/385
f 1053/2093/385 1062/291/385 1054/2094/385
f 1063/1747/65 1064/291/65 1061/2105/65
f 1061/2105/65 1064/291/65 1062/2106/65
f 1069/1747/385 1070/291/385 1063/2101/385
f 1063/2101/385 1070/291/385 1064/2102/385
f 1071/1747/65 1072/291/65 1069/2093/65
f 1069/2093/65 1072/291/65 1070/2094/65
f 1065/1744/308 1066/291/308 1071/2099/308
f 1071/2099/308 1066/291/308 1072/2100/308
f 1067/1747/65 1068/291/65 1065/2107/65
f 1065/2107/65 1068/291/65 1066/2108/65
f 1059/1744/95 1060/291/592 1067/1756/308
f 1067/1756/308 1060/291/592 1068/1757/308
f 1068/1472/3 1060/1466/3 1066/1584/3
f 1066/1584/3 1060/1466/3 1058/1464/3
f 1066/1584/3 1058/1464/3 1064/1591/3
f 1064/1591/3 1058/1464/3 1056/1597/3
f 1064/1591/3 1056/1597/3 1062/1455/3
f 1062/1455/3 1056/1597/3 1054/1457/3
f 1058/1464/3 1052/1461/3 1056/1597/3
f 1056/1597/3 1052/1461/3 1050/1459/3
f 1064/1591/3 1070/1588/3 1066/1584/3
f 1066/1584/3 1070/1588/3 1072/1585/3
f 1160/2109/3 1150/2110/3 1152/2111/3
f 1152/2111/3 1150/2110/3 1144/2112/3
f 1152/2111/3 1144/2112/3 1142/2113/3
f 1142/2113/3 1144/2112/3 1136/291/3
f 1142/2113/3 1136/291/3 1134/2114/3
f 1134/2114/3 1136/291/3 1128/2115/3
f 1134/2114/3 1128/2115/3 1122/2116/3
f 1122/2116/3 1128/2115/3 1120/2117/3
f 1122/2116/3 1120/2117/3 1108/2118/3
f 1108/2118/3 1120/2117/3 1112/2119/3
f 1108/2118/3 1112/2119/3 1090/2120/3
f 1090/2120/3 1112/2119/3 1102/2121/3
f 1090/2120/3 1102/2121/3 1092/2122/3
f 1090/2120/3 1092/2122/3 1080/2123/3
f 1080/2123/3 1092/2122/3 1086/2124/3
f 1080/2123/3 1086/2124/3 1074/2125/3
f 1074/2125/3 1086/2124/3 1076/2126/3
f 1076/2126/3 1086/2124/3 1088/2127/3
f 1076/2126/3 1088/2127/3 1078/2128/3
f 1078/2128/3 1088/2127/3 1094/2129/3
f 1078/2128/3 1094/2129/3 1082/2130/3
f 1082/2130/3 1094/2129/3 1096/2131/3
f 1082/2130/3 1096/2131/3 1084/2132/3
f 1084/2132/3 1096/2131/3 1100/2133/3
f 1084/2132/3 1100/2133/3 1104/2134/3
f 1088/2127/3 1086/2124/3 1154/2135/3
f 1154/2135/3 1086/2124/3 1166/2136/3
f 1154/2135/3 1166/2136/3 1164/2137/3
f 1164/2137/3 1162/2138/3 1154/2135/3
f 1154/2135/3 1162/2138/3 1158/2139/3
f 1154/2135/3 1158/2139/3 1148/2140/3
f 1148/2140/3 1158/2139/3 1156/2141/3
f 1148/2140/3 1156/2141/3 1140/2142/3
f 1140/2142/3 1156/2141/3 1146/2143/3
f 1140/2142/3 1146/2143/3 1138/2144/3
f 1140/2142/3 1138/2144/3 1132/2145/3
f 1132/2145/3 1138/2144/3 1130/2146/3
f 1132/2145/3 1130/2146/3 1126/2147/3
f 1126/2147/3 1130/2146/3 1124/2148/3
f 1126/2147/3 1124/2148/3 1118/2149/3
f 1118/2149/3 1124/2148/3 1116/2150/3
f 1118/2149/3 1116/2150/3 1114/2151/3
f 1114/2151/3 1116/2150/3 1106/2152/3
f 1114/2151/3 1106/2152/3 1110/2153/3
f 1110/2153/3 1106/2152/3 1098/2154/3
f 1110/2153/3 1098/2154/3 1104/2134/3
f 1104/2134/3 1098/2154/3 1084/2132/3
f 1149/2155/849 1143/2156/850 1150/2157/851
f 1150/2157/851 1143/2156/850 1144/2158/852
f 1144/2158/852 1143/2156/850 1135/2159/853
f 1144/2158/852 1135/2159/853 1136/2160/854
f 1136/2160/854 1135/2159/853 1127/2161/855
f 1136/2160/854 1127/2161/855 1128/2162/856
f 1128/2162/856 1127/2161/855 1119/1805/857
f 1128/2162/856 1119/1805/857 1120/291/858
f 1119/2163/859 1111/2164/860 1120/2165/861
f 1120/2165/861 1111/2164/860 1112/2166/860
f 1112/2166/860 1111/2164/860 1101/2167/862
f 1112/2166/860 1101/2167/862 1102/2168/863
f 1102/2168/863 1101/2167/862 1091/2169/864
f 1102/2168/863 1091/2169/864 1092/2170/865
f 1092/2170/865 1091/2169/864 1085/1805/866
f 1092/2170/865 1085/1805/866 1086/291/867
f 1165/1747/85 1166/291/85 1085/2171/868
f 1085/2171/868 1166/291/85 1086/2172/85
f 1165/2173/869 1163/2174/870 1166/2175/869
f 1166/2175/869 1163/2174/870 1164/2176/871
f 1164/2176/871 1163/2174/870 1161/2177/872
f 1164/2176/871 1161/2177/872 1162/2178/873
f 1162/2178/873 1161/2177/872 1157/2179/874
f 1162/2178/873 1157/2179/874 1158/2180/875
f 1158/2180/875 1157/2179/874 1155/1805/876
f 1158/2180/875 1155/1805/876 1156/291/877
f 1155/2181/878 1145/2182/879 1156/2183/878
f 1156/2183/878 1145/2182/879 1146/2184/880
f 1146/2184/880 1145/2182/879 1137/2185/881
f 1146/2184/880 1137/2185/881 1138/2186/882
f 1138/2186/882 1137/2185/881 1129/2187/883
f 1138/2186/882 1129/2187/883 1130/2188/884
f 1130/2188/884 1129/2187/883 1123/1805/885
f 1130/2188/884 1123/1805/885 1124/291/886
f 1123/2189/887 1115/2190/888 1124/2191/889
f 1124/2191/889 1115/2190/888 1116/2192/888
f 1116/2192/888 1115/2190/888 1105/2193/890
f 1116/2192/888 1105/2193/890 1106/2194/891
f 1106/2194/891 1105/2193/890 1097/2195/892
f 1106/2194/891 1097/2195/892 1098/2196/893
f 1098/2196/893 1097/2195/892 1083/1805/894
f 1098/2196/893 1083/1805/894 1084/291/895
f 1083/2197/896 1081/2198/897 1084/2199/898
f 1084/2199/898 1081/2198/897 1082/2200/899
f 1082/2200/899 1081/2198/897 1077/2201/900
f 1082/2200/899 1077/2201/900 1078/2202/901
f 1078/2202/901 1077/2201/900 1075/2203/902
f 1078/2202/901 1075/2203/902 1076/2204/903
f 1076/2204/903 1075/2203/902 1073/1805/904
f 1076/2204/903 1073/1805/904 1074/291/905
f 1073/2205/906 1079/2206/907 1074/2207/908
f 1074/2207/908 1079/2206/907 1080/2208/907
f 1080/2208/907 1079/2206/907 1089/2209/909
f 1080/2208/907 1089/2209/909 1090/2210/910
f 1090/2210/910 1089/2209/909 1107/2211/911
f 1090/2210/910 1107/2211/911 1108/2212/912
f 1108/2212/912 1107/2211/911 1121/1805/913
f 1108/2212/912 1121/1805/913 1122/291/914
f 1121/2213/915 1133/2214/916 1122/2215/915
f 1122/2215/915 1133/2214/916 1134/2216/917
f 1134/2216/917 1133/2214/916 1141/2217/918
f 1134/2216/917 1141/2217/918 1142/2218/919
f 1142/2218/919 1141/2217/918 1151/2219/920
f 1142/2218/919 1151/2219/920 1152/2220/921
f 1152/2220/921 1151/2219/920 1159/1805/922
f 1152/2220/921 1159/1805/922 1160/291/923
f 1149/1744/924 1150/291/924 1159/2221/925
f 1159/2221/925 1150/291/924 1160/2222/926
f 1087/1744/927 1088/291/927 1153/2223/927
f 1153/2223/927 1088/291/927 1154/2224/927
f 1125/2225/928 1131/2226/929 1126/2227/930
f 1126/2227/930 1131/2226/929 1132/2228/929
f 1132/2228/929 1131/2226/929 1139/2229/931
f 1132/2228/929 1139/2229/931 1140/2230/932
f 1140/2230/932 1139/2229/931 1147/2231/933
f 1140/2230/932 1147/2231/933 1148/2232/934
f 1148/2232/934 1147/2231/933 1153/1805/935
f 1148/2232/934 1153/1805/935 1154/291/936
f 1103/2233/937 1109/2234/938 1104/2235/939
f 1104/2235/939 1109/2234/938 1110/2236/940
f 1110/2236/940 1109/2234/938 1113/2237/941
f 1110/2236/940 1113/2237/941 1114/2238/942
f 1114/2238/942 1113/2237/941 1117/2239/943
f 1114/2238/942 1117/2239/943 1118/2240/943
f 1118/2240/943 1117/2239/943 1125/1805/944
f 1118/2240/943 1125/1805/944 1126/291/945
f 1087/2241/946 1093/2242/947 1088/2243/948
f 1088/2243/948 1093/2242/947 1094/2244/949
f 1094/2244/949 1093/2242/947 1095/2245/950
f 1094/2244/949 1095/2245/950 1096/2246/951
f 1096/2246/951 1095/2245/950 1099/2247/952
f 1096/2246/951 1099/2247/952 1100/2248/953
f 1100/2248/953 1099/2247/952 1103/1805/954
f 1100/2248/953 1103/1805/954 1104/291/955
f 1233/2249/956 1229/2250/957 1234/2251/958
f 1234/2251/958 1229/2250/957 1230/2252/959
f 1230/2252/959 1229/2250/957 1217/2253/960
f 1230/2252/959 1217/2253/960 1218/2254/961
f 1218/2254/961 1217/2253/960 1209/2255/962
f 1218/2254/961 1209/2255/962 1210/2256/963
f 1210/2256/963 1209/2255/962 1201/1805/964
f 1210/2256/963 1201/1805/964 1202/291/965
f 1201/2257/966 1189/2258/967 1202/2259/968
f 1202/2259/968 1189/2258/967 1190/2260/969
f 1190/2260/969 1189/2258/967 1181/2261/970
f 1190/2260/969 1181/2261/970 1182/2262/971
f 1182/2262/971 1181/2261/970 1171/2263/972
f 1182/2262/971 1171/2263/972 1172/2264/973
f 1172/2264/973 1171/2263/972 1167/1805/974
f 1172/2264/973 1167/1805/974 1168/291/974
f 1167/2265/975 1169/2266/976 1168/2267/977
f 1168/2267/977 1169/2266/976 1170/2268/978
f 1170/2268/978 1169/2266/976 1179/2269/979
f 1170/2268/978 1179/2269/979 1180/2270/980
f 1180/2270/980 1179/2269/979 1187/2271/981
f 1180/2270/980 1187/2271/981 1188/2272/981
f 1188/2272/981 1187/2271/981 1195/1805/982
f 1188/2272/981 1195/1805/982 1196/291/983
f 1195/2273/984 1207/2274/985 1196/2275/986
f 1196/2275/986 1207/2274/985 1208/2276/987
f 1208/2276/987 1207/2274/985 1215/2277/988
f 1208/2276/987 1215/2277/988 1216/2278/989
f 1216/2278/989 1215/2277/988 1227/2279/990
f 1216/2278/989 1227/2279/990 1228/2280/991
f 1228/2280/991 1227/2279/990 1231/1805/992
f 1228/2280/991 1231/1805/992 1232/291/993
f 1223/1747/994 1224/291/995 1231/2281/995
f 1231/2281/995 1224/291/995 1232/2282/996
f 1223/2283/997 1219/2284/998 1224/2285/999
f 1224/2285/999 1219/2284/998 1220/2286/1000
f 1220/2286/1000 1219/2284/998 1211/2287/1001
f 1220/2286/1000 1211/2287/1001 1212/2288/1002
f 1212/2288/1002 1211/2287/1001 1205/2289/1003
f 1212/2288/1002 1205/2289/1003 1206/2290/1004
f 1206/2290/1004 1205/2289/1003 1199/1805/1005
f 1206/2290/1004 1199/1805/1005 1200/291/1006
f 1199/2291/1007 1191/2292/1008 1200/2293/1009
f 1200/2293/1009 1191/2292/1008 1192/2294/1008
f 1192/2294/1008 1191/2292/1008 1183/2295/1010
f 1192/2294/1008 1183/2295/1010 1184/2296/1011
f 1184/2296/1011 1183/2295/1010 1177/2297/1012
f 1184/2296/1011 1177/2297/1012 1178/2298/1013
f 1178/2298/1013 1177/2297/1012 1173/1805/1014
f 1178/2298/1013 1173/1805/1014 1174/291/1015
f 1173/2299/1016 1175/2300/1017 1174/2301/1018
f 1174/2301/1018 1175/2300/1017 1176/2302/1019
f 1176/2302/1019 1175/2300/1017 1185/2303/1020
f 1176/2302/1019 1185/2303/1020 1186/2304/1020
f 1186/2304/1020 1185/2303/1020 1193/2305/1021
f 1186/2304/1020 1193/2305/1021 1194/2306/1022
f 1194/2306/1022 1193/2305/1021 1197/1805/1023
f 1194/2306/1022 1197/1805/1023 1198/291/1023
f 1197/2307/1024 1203/2308/1025 1198/2309/1026
f 1198/2309/1026 1203/2308/1025 1204/2310/1027
f 1204/2310/1027 1203/2308/1025 1213/2311/1028
f 1204/2310/1027 1213/2311/1028 1214/2312/1029
f 1214/2312/1029 1213/2311/1028 1221/2313/1030
f 1214/2312/1029 1221/2313/1030 1222/2314/1031
f 1222/2314/1031 1221/2313/1030 1225/1805/1032
f 1222/2314/1031 1225/1805/1032 1226/291/1033
f 1233/1747/1034 1234/291/1035 1225/2315/1036
f 1225/2315/1036 1234/291/1035 1226/2316/1036
f 1234/2317/3 1230/2318/3 1226/2319/3
f 1226/2319/3 1230/2318/3 1222/2320/3
f 1222/2320/3 1230/2318/3 1218/291/3
f 1222/2320/3 1218/291/3 1214/2321/3
f 1214/2321/3 1218/291/3 1210/2322/3
f 1214/2321/3 1210/2322/3 1204/2323/3
f 1204/2323/3 1210/2322/3 1202/2324/3
f 1204/2323/3 1202/2324/3 1198/2325/3
f 1198/2325/3 1202/2324/3 1190/2326/3
f 1198/2325/3 1190/2326/3 1194/2327/3
f 1194/2327/3 1190/2326/3 1186/2328/3
f 1186/2328/3 1190/2326/3 1182/2329/3
f 1186/2328/3 1182/2329/3 1176/2330/3
f 1176/2330/3 1182/2329/3 1172/2331/3
f 1176/2330/3 1172/2331/3 1174/2332/3
f 1174/2332/3 1172/2331/3 1168/2333/3
f 1174/2332/3 1168/2333/3 1178/2334/3
f 1178/2334/3 1168/2333/3 1170/2335/3
f 1178/2334/3 1170/2335/3 1180/2336/3
f 1178/2334/3 1180/2336/3 1184/2337/3
f 1184/2337/3 1180/2336/3 1188/2338/3
f 1184/2337/3 1188/2338/3 1192/2339/3
f 1192/2339/3 1188/2338/3 1196/2340/3
f 1192/2339/3 1196/2340/3 1200/2341/3
f 1200/2341/3 1196/2340/3 1206/2342/3
f 1206/2342/3 1196/2340/3 1208/2343/3
f 1206/2342/3 1208/2343/3 1212/2344/3
f 1212/2344/3 1208/2343/3 1216/2345/3
f 1212/2344/3 1216/2345/3 1220/2346/3
f 1220/2346/3 1216/2345/3 1228/2347/3
f 1220/2346/3 1228/2347/3 1224/2348/3
f 1224/2348/3 1228/2347/3 1232/2349/3
f 1235/1744/61 1236/291/61 1237/2350/61
f 1237/2350/61 1236/291/61 1238/2351/61
f 1239/1747/2 1240/291/590 1235/2093/2
f 1235/2093/2 1240/291/590 1236/2094/284
f 1241/1747/1037 1242/291/1038 1239/2352/65
f 1239/2352/65 1242/291/1038 1240/2353/65
f 1241/2354/1037 1247/2355/1039 1242/2356/1038
f 1242/2356/1038 1247/2355/1039 1248/2357/1040
f 1248/2357/1040 1247/2355/1039 1249/2358/1041
f 1248/2357/1040 1249/2358/1041 1250/2359/1041
f 1250/2359/1041 1249/2358/1041 1251/2360/1042
f 1250/2359/1041 1251/2360/1042 1252/2361/1043
f 1252/2361/1043 1251/2360/1042 1253/1805/1044
f 1252/2361/1043 1253/1805/1044 1254/291/1045
f 1253/2362/1046 1255/2363/1047 1254/2364/1048
f 1254/2364/1048 1255/2363/1047 1256/2365/1049
f 1256/2365/1049 1255/2363/1047 1259/2366/1050
f 1256/2365/1049 1259/2366/1050 1260/2367/1051
f 1260/2367/1051 1259/2366/1050 1263/2368/1052
f 1260/2367/1051 1263/2368/1052 1264/2369/1053
f 1264/2369/1053 1263/2368/1052 1267/1805/1054
f 1264/2369/1053 1267/1805/1054 1268/291/1055
f 1267/2370/1056 1271/2371/1057 1268/2372/1058
f 1268/2372/1058 1271/2371/1057 1272/2373/1059
f 1272/2373/1059 1271/2371/1057 1273/2374/1060
f 1272/2373/1059 1273/2374/1060 1274/2375/1061
f 1274/2375/1061 1273/2374/1060 1277/2376/1062
f 1274/2375/1061 1277/2376/1062 1278/2377/1063
f 1278/2377/1063 1277/2376/1062 1279/1805/1064
f 1278/2377/1063 1279/1805/1064 1280/291/1065
f 1279/2378/1066 1281/2379/1067 1280/2380/1066
f 1280/2380/1066 1281/2379/1067 1282/2381/1067
f 1282/2381/1067 1281/2379/1067 1283/2382/1068
f 1282/2381/1067 1283/2382/1068 1284/2383/1068
f 1284/2383/1068 1283/2382/1068 1285/2384/1069
f 1284/2383/1068 1285/2384/1069 1286/2385/1069
f 1286/2385/1069 1285/2384/1069 1289/1805/1070
f 1286/2385/1069 1289/1805/1070 1290/291/1070
f 1287/1744/1071 1288/291/1071 1289/2386/1070
f 1289/2386/1070 1288/291/1071 1290/2387/1070
f 1295/1747/2 1296/291/2 1287/2093/85
f 1287/2093/85 1296/291/2 1288/2094/284
f 1297/1747/1072 1298/291/1072 1295/2388/65
f 1295/2388/65 1298/291/1072 1296/2389/65
f 1297/2390/1072 1293/2391/1073 1298/2392/1072
f 1298/2392/1072 1293/2391/1073 1294/2393/1074
f 1294/2393/1074 1293/2391/1073 1291/2394/1075
f 1294/2393/1074 1291/2394/1075 1292/2395/1076
f 1292/2395/1076 1291/2394/1075 1275/2396/1077
f 1292/2395/1076 1275/2396/1077 1276/2397/1078
f 1276/2397/1078 1275/2396/1077 1269/1805/1079
f 1276/2397/1078 1269/1805/1079 1270/291/1079
f 1269/2398/1080 1265/2399/1081 1270/2400/1080
f 1270/2400/1080 1265/2399/1081 1266/2401/1082
f 1266/2401/1082 1265/2399/1081 1261/2402/1083
f 1266/2401/1082 1261/2402/1083 1262/2403/1084
f 1262/2403/1084 1261/2402/1083 1257/2404/1085
f 1262/2403/1084 1257/2404/1085 1258/2405/1086
f 1258/2405/1086 1257/2404/1085 1243/1805/1087
f 1258/2405/1086 1243/1805/1087 1244/291/1088
f 1245/1747/65 1246/291/65 1243/2406/65
f 1243/2406/65 1246/291/65 1244/2407/65
f 1237/1744/308 1238/291/308 1245/1756/308
f 1245/1756/308 1238/291/308 1246/1757/308
f 1246/2408/3 1238/2409/3 1244/2410/3
f 1244/2410/3 1238/2409/3 1236/2411/3
f 1244/2410/3 1236/2411/3 1250/2412/3
f 1250/2412/3 1236/2411/3 1248/2413/3
f 1248/2413/3 1236/2411/3 1242/2414/3
f 1242/2414/3 1236/2411/3 1240/2415/3
f 1250/2412/3 1252/2416/1089 1244/2410/3
f 1244/2410/3 1252/2416/1089 1254/2417/1090
f 1244/2410/3 1254/2417/1090 1256/2418/3
f 1244/2410/3 1256/2418/3 1258/2419/3
f 1258/2419/3 1256/2418/3 1260/2420/3
f 1258/2419/3 1260/2420/3 1262/291/3
f 1262/291/3 1260/2420/3 1264/2421/3
f 1262/291/3 1264/2421/3 1266/2422/3
f 1266/2422/3 1264/2421/3 1268/2423/3
f 1266/2422/3 1268/2423/3 1270/2424/3
f 1270/2424/3 1268/2423/3 1272/2425/3
f 1270/2424/3 1272/2425/3 1276/2426/3
f 1276/2426/3 1272/2425/3 1274/2427/3
f 1276/2426/3 1274/2427/3 1278/2428/3
f 1276/2426/3 1278/2428/3 1292/2429/3
f 1292/2429/3 1278/2428/3 1280/2430/3
f 1292/2429/3 1280/2430/3 1294/2431/3
f 1294/2431/3 1280/2430/3 1282/2432/3
f 1294/2431/3 1282/2432/3 1284/2433/3
f 1294/2431/3 1284/2433/3 1298/2434/3
f 1298/2434/3 1284/2433/3 1286/2435/3
f 1298/2434/3 1286/2435/3 1290/2436/3
f 1288/2437/3 1296/2438/3 1290/2436/3
f 1290/2436/3 1296/2438/3 1298/2434/3
f 1450/2439/1091 1438/2440/1091 1462/2441/1091
f 1462/2441/1091 1438/2440/1091 1425/2442/1091
f 1462/2441/1091 1425/2442/1091 1520/2443/1091
f 1520/2443/1091 1425/2442/1091 1413/2444/1091
f 1520/2443/1091 1413/2444/1091 1407/867/1091
f 1408/2445/1091 1466/2446/1091 1407/867/1091
f 1407/867/1091 1466/2446/1091 1469/2447/1091
f 1407/867/1091 1469/2447/1091 1476/2448/1091
f 1414/2449/1091 1521/2450/1091 1408/2445/1091
f 1408/2445/1091 1521/2450/1091 1503/2451/1091
f 1408/2445/1091 1503/2451/1091 1487/2452/1091
f 1414/2449/1091 1426/2453/1091 1521/2450/1091
f 1521/2450/1091 1426/2453/1091 1464/2454/1091
f 1521/2450/1091 1464/2454/1091 1570/2455/1091
f 1570/2455/1091 1464/2454/1091 1680/2456/1091
f 1570/2455/1091 1680/2456/1091 1609/2457/1091
f 1609/2457/1091 1680/2456/1091 1621/2458/1091
f 1621/2458/1091 1680/2456/1091 1714/2459/1091
f 1621/2458/1091 1714/2459/1091 1729/2460/1091
f 1426/2453/1091 1439/2461/1091 1464/2454/1091
f 1464/2454/1091 1439/2461/1091 1451/2462/1091
f 1693/2463/1091 1703/2464/1091 1680/2456/1091
f 1680/2456/1091 1703/2464/1091 1714/2459/1091
f 1729/2460/1091 1733/2465/1091 1621/2458/1091
f 1621/2458/1091 1733/2465/1091 1639/2466/1091
f 1639/2466/1091 1733/2465/1091 1655/2467/1091
f 1655/2467/1091 1733/2465/1091 1665/2468/1091
f 1665/2468/1091 1733/2465/1091 1672/2469/1091
f 1672/2469/1091 1733/2465/1091 1675/2470/1091
f 1675/2470/1091 1733/2465/1091 1732/2471/1091
f 1675/2470/1091 1732/2471/1091 1671/2472/1091
f 1671/2472/1091 1732/2471/1091 1664/2473/1091
f 1664/2473/1091 1732/2471/1091 1654/2474/1091
f 1654/2474/1091 1732/2471/1091 1638/2475/1091
f 1638/2475/1091 1732/2471/1091 1620/2476/1091
f 1620/2476/1091 1732/2471/1091 1728/2477/1091
f 1620/2476/1091 1728/2477/1091 1713/2478/1091
f 1620/2476/1091 1713/2478/1091 1678/2479/1091
f 1678/2479/1091 1713/2478/1091 1702/2480/1091
f 1678/2479/1091 1702/2480/1091 1692/2481/1091
f 1620/2476/1091 1678/2479/1091 1598/2482/1091
f 1598/2482/1091 1678/2479/1091 1462/2441/1091
f 1598/2482/1091 1462/2441/1091 1559/2483/1091
f 1559/2483/1091 1462/2441/1091 1520/2443/1091
f 1487/2452/1091 1477/2484/1091 1408/2445/1091
f 1408/2445/1091 1477/2484/1091 1470/2485/1091
f 1408/2445/1091 1470/2485/1091 1466/2446/1091
f 1476/2448/1091 1486/2486/1091 1407/867/1091
f 1407/867/1091 1486/2486/1091 1502/2487/1091
f 1407/867/1091 1502/2487/1091 1520/2443/1091
f 1537/2488/1091 1465/2489/1091 1354/2490/1091
f 1354/2490/1091 1465/2489/1091 1447/2491/1091
f 1354/2490/1091 1447/2491/1091 1430/2492/1091
f 1537/2488/1091 1535/2493/1091 1465/2489/1091
f 1430/2492/1091 1392/2494/1091 1354/2490/1091
f 1354/2490/1091 1392/2494/1091 1370/2495/1091
f 1354/2490/1091 1370/2495/1091 1349/2496/1091
f 1355/2497/1092 1538/2498/1092 1330/2499/1093
f 1330/2499/1093 1538/2498/1092 1544/2500/1094
f 1330/2499/1093 1544/2500/1094 1334/2501/1095
f 1334/2501/1095 1544/2500/1094 1550/2502/1096
f 1334/2503/1095 1550/2504/1096 1341/2505/1097
f 1341/2505/1097 1550/2504/1096 1555/2506/1098
f 1341/2505/1097 1555/2506/1098 1343/2507/1099
f 1343/2507/1099 1555/2506/1098 1557/2508/1100
f 1343/2507/1099 1557/2508/1100 1345/2509/1101
f 1345/2509/1101 1557/2508/1100 1558/2510/1102
f 1345/2509/1101 1558/2510/1102 1344/2511/1103
f 1344/2511/1103 1558/2510/1102 1556/2512/1104
f 1344/2511/1103 1556/2512/1104 1342/2513/1105
f 1342/2513/1105 1556/2512/1104 1554/2514/1106
f 1342/2513/1105 1554/2514/1106 1337/2515/1107
f 1337/2515/1107 1554/2514/1106 1549/2516/1108
f 1337/2515/1107 1549/2516/1108 1331/291/1091
f 1331/291/1091 1549/2516/1108 1543/2517/1109
f 1331/291/1091 1543/2517/1109 1327/2518/1110
f 1327/2518/1110 1543/2517/1109 1537/2519/1111
f 1327/2518/1110 1537/2519/1111 1354/2520/1112
f 1327/2518/1110 1354/2520/1112 1322/2521/1113
f 1322/2521/1113 1354/2520/1112 1352/2522/1114
f 1322/2521/1113 1352/2522/1114 1320/2523/1115
f 1320/2523/1115 1352/2522/1114 1350/2524/1116
f 1320/2523/1115 1350/2524/1116 1319/2525/1117
f 1319/2525/1117 1350/2524/1116 1351/2526/1118
f 1319/2525/1117 1351/2526/1118 1321/2527/1119
f 1321/2527/1119 1351/2526/1118 1353/2528/1120
f 1321/2527/1119 1353/2528/1120 1323/2529/1121
f 1323/2529/1121 1353/2528/1120 1355/2497/1092
f 1323/2529/1121 1355/2497/1092 1330/2499/1093
f 1539/2530/1122 1325/2531/1122 1536/2532/1102
f 1536/2532/1102 1325/2531/1122 1324/2533/1102
f 1536/2532/1102 1324/2533/1102 1540/2534/1123
f 1540/2534/1123 1324/2533/1102 1326/2535/1123
f 1540/2534/1123 1326/2535/1123 1542/2536/1124
f 1542/2536/1124 1326/2535/1123 1329/2537/1124
f 1542/2536/1124 1329/2537/1124 1546/2538/1091
f 1546/2538/1091 1329/2537/1124 1333/2539/1091
f 1546/2540/1091 1333/2541/1091 1548/2542/1125
f 1548/2542/1125 1333/2541/1091 1336/2543/1125
f 1548/2542/1125 1336/2543/1125 1552/2544/1126
f 1552/2544/1126 1336/2543/1125 1339/2545/1126
f 1552/2544/1126 1339/2545/1126 1553/2546/1127
f 1553/2546/1127 1339/2545/1126 1340/2547/1127
f 1553/2546/1127 1340/2547/1127 1551/2548/1128
f 1551/2548/1128 1340/2547/1127 1338/2549/1128
f 1551/2548/1128 1338/2549/1128 1547/2550/1129
f 1547/2550/1129 1338/2549/1128 1335/2551/1129
f 1547/2550/1129 1335/2551/1129 1545/2552/1130
f 1545/2552/1130 1335/2551/1129 1332/2553/1130
f 1545/2552/1130 1332/2553/1130 1541/2554/1131
f 1541/2554/1131 1332/2553/1130 1328/2555/1131
f 1541/2554/1131 1328/2555/1131 1539/2530/1122
f 1539/2530/1122 1328/2555/1131 1325/2531/1122
f 1358/2556/1132 1361/2557/1130 1356/2558/1133
f 1356/2558/1133 1361/2557/1130 1357/2559/1134
f 1357/2559/1134 1361/2557/1130 1346/2560/1135
f 1346/2560/1135 1361/2557/1130 1362/2561/1130
f 1346/2560/1135 1362/2561/1130 1359/2562/1130
f 1361/2557/1130 1364/2563/1130 1362/2561/1130
f 1362/2561/1130 1364/2563/1130 1367/2564/1130
f 1359/2562/1130 1347/2565/1136 1346/2560/1135
f 1783/2566/1130 1778/2567/1130 1782/2568/1130
f 1782/2568/1130 1778/2567/1130 1777/2569/1130
f 1777/2569/1130 1778/2567/1130 1774/2570/1130
f 1777/2569/1130 1774/2570/1130 1773/2571/1134
f 1773/2571/1134 1774/2570/1130 1764/2572/1130
f 1413/2573/1137 1405/2574/1138 1407/2575/1139
f 1407/2575/1139 1405/2574/1138 1401/2576/1138
f 1407/2575/1139 1401/2576/1138 1395/2577/1138
f 1395/2577/1138 1401/2576/1138 1403/2578/1140
f 1395/2577/1138 1403/2578/1140 1399/2579/1141
f 1399/2579/1141 1403/2578/1140 1417/2580/1142
f 1399/2579/1141 1417/2580/1142 1412/2581/1143
f 1412/2581/1143 1417/2580/1142 1431/2582/1144
f 1431/2582/1144 1417/2580/1142 1418/2583/1142
f 1431/2582/1144 1418/2583/1142 1420/2584/1145
f 1420/2584/1145 1418/2583/1142 1410/2585/1140
f 1420/2584/1145 1410/2585/1140 1415/2586/1140
f 1415/2586/1140 1410/2585/1140 1405/2574/1138
f 1415/2586/1140 1405/2574/1138 1413/2573/1137
f 1413/2573/1137 1425/2587/1146 1415/2586/1140
f 1415/2586/1140 1425/2587/1146 1423/2588/1147
f 1415/2586/1140 1423/2588/1147 1420/2584/1145
f 1420/2584/1145 1423/2588/1147 1432/2589/1148
f 1420/2584/1145 1432/2589/1148 1431/2582/1144
f 1431/2582/1144 1432/2589/1148 1437/2590/1149
f 1437/2590/1149 1432/2589/1148 1435/2591/1148
f 1437/2590/1149 1435/2591/1148 1441/2592/1150
f 1441/2592/1150 1435/2591/1148 1438/2593/1151
f 1441/2592/1150 1438/2593/1151 1450/2594/1152
f 1425/2587/1146 1438/2593/1151 1423/2588/1147
f 1423/2588/1147 1438/2593/1151 1435/2591/1148
f 1423/2588/1147 1435/2591/1148 1432/2589/1148
f 1462/2595/1153 1460/2596/1154 1450/2594/1152
f 1450/2594/1152 1460/2596/1154 1458/2597/1155
f 1450/2594/1152 1458/2597/1155 1457/2598/1156
f 1457/2598/1156 1455/2599/1157 1450/2594/1152
f 1450/2594/1152 1455/2599/1157 1453/2600/1158
f 1450/2594/1152 1453/2600/1158 1449/2601/1159
f 1449/2601/1159 1445/2602/1160 1450/2594/1152
f 1450/2594/1152 1445/2602/1160 1441/2592/1150
f 1412/2581/1143 1391/2603/1161 1399/2579/1141
f 1399/2579/1141 1391/2603/1161 1393/2604/1140
f 1399/2579/1141 1393/2604/1140 1388/2605/1138
f 1388/2605/1138 1393/2604/1140 1383/2606/1138
f 1388/2605/1138 1383/2606/1138 1407/2575/1139
f 1407/2575/1139 1383/2606/1138 1381/2607/1138
f 1407/2575/1139 1381/2607/1138 1377/2608/1138
f 1377/2608/1138 1381/2607/1138 1380/2609/1162
f 1377/2608/1138 1380/2609/1162 1369/2610/1163
f 1393/2604/1140 1391/2603/1161 1386/2611/1140
f 1386/2611/1140 1391/2603/1161 1380/2609/1162
f 1386/2611/1140 1380/2609/1162 1381/2607/1138
f 1365/2612/1164 1371/2613/1138 1369/2610/1163
f 1369/2610/1163 1371/2613/1138 1373/2614/1165
f 1369/2610/1163 1373/2614/1165 1377/2608/1138
f 1377/2608/1138 1373/2614/1165 1365/2612/1164
f 1377/2608/1138 1365/2612/1164 1407/2575/1139
f 1407/2575/1139 1365/2612/1164 1358/2615/1166
f 1407/2575/1139 1358/2615/1166 1356/2616/1167
f 1356/2616/1167 1357/2617/1168 1407/2575/1139
f 1407/2575/1139 1357/2617/1168 1346/2618/1169
f 1388/2605/1138 1407/2575/1139 1395/2577/1138
f 1403/2578/1140 1401/2576/1138 1410/2585/1140
f 1410/2585/1140 1401/2576/1138 1405/2574/1138
f 1399/2579/1141 1388/2605/1138 1395/2577/1138
f 1386/2611/1140 1381/2607/1138 1383/2606/1138
f 1386/2611/1140 1383/2606/1138 1393/2604/1140
f 1371/2613/1138 1365/2612/1164 1373/2614/1165
f 1417/2580/1142 1403/2578/1140 1418/2583/1142
f 1418/2583/1142 1403/2578/1140 1410/2585/1140
f 1782/2619/1170 1780/2620/1171 1732/291/1170
f 1732/291/1170 1780/2620/1171 1775/2621/1172
f 1732/291/1170 1775/2621/1172 1734/2622/1173
f 1734/2622/1173 1775/2621/1172 1740/2623/1173
f 1734/2622/1173 1740/2623/1173 1726/2624/1174
f 1726/2624/1174 1740/2623/1173 1730/2625/1175
f 1726/2624/1174 1730/2625/1175 1715/2626/1176
f 1715/2626/1176 1730/2625/1175 1719/2627/1177
f 1715/2626/1176 1719/2627/1177 1704/2628/1178
f 1704/2628/1178 1719/2627/1177 1706/2629/1178
f 1704/2628/1178 1706/2629/1178 1700/2630/1179
f 1700/2630/1179 1706/2629/1178 1708/2631/1180
f 1708/2631/1180 1706/2629/1178 1719/2627/1177
f 1708/2631/1180 1719/2627/1177 1722/2632/1181
f 1722/2632/1181 1719/2627/1177 1738/2633/1182
f 1722/2632/1181 1738/2633/1182 1724/2634/1183
f 1724/2634/1183 1738/2633/1182 1743/2635/1174
f 1724/2634/1183 1743/2635/1174 1736/2636/1184
f 1736/2636/1184 1743/2635/1174 1748/2637/1174
f 1736/2636/1184 1748/2637/1174 1753/2638/1174
f 1753/2638/1174 1748/2637/1174 1760/2639/1173
f 1753/2638/1174 1760/2639/1173 1755/2640/1185
f 1755/2640/1185 1760/2639/1173 1762/2641/1173
f 1755/2640/1185 1762/2641/1173 1765/2642/1173
f 1765/2642/1173 1762/2641/1173 1775/2621/1172
f 1765/2642/1173 1775/2621/1172 1771/2643/1186
f 1765/2642/1173 1771/2643/1186 1767/2644/1173
f 1767/2644/1173 1771/2643/1186 1755/2640/1185
f 1767/2644/1173 1755/2640/1185 1765/2642/1173
f 1755/2640/1185 1736/2636/1184 1753/2638/1174
f 1724/2634/1183 1717/2645/1187 1722/2632/1181
f 1722/2632/1181 1717/2645/1187 1708/2631/1180
f 1700/2630/1179 1695/2646/1188 1704/2628/1178
f 1704/2628/1178 1695/2646/1188 1702/2647/1189
f 1704/2628/1178 1702/2647/1189 1715/2626/1176
f 1715/2626/1176 1702/2647/1189 1713/2648/1190
f 1715/2626/1176 1713/2648/1190 1726/2624/1174
f 1726/2624/1174 1713/2648/1190 1728/2649/1191
f 1726/2624/1174 1728/2649/1191 1734/2622/1173
f 1734/2622/1173 1728/2649/1191 1732/291/1170
f 1702/2647/1189 1695/2646/1188 1692/2650/1192
f 1692/2650/1192 1695/2646/1188 1690/2651/1193
f 1692/2650/1192 1690/2651/1193 1688/2652/1194
f 1688/2652/1194 1686/2653/1195 1692/2650/1192
f 1692/2650/1192 1686/2653/1195 1682/2654/1196
f 1692/2650/1192 1682/2654/1196 1678/2595/1197
f 1762/2641/1173 1760/2639/1173 1775/2621/1172
f 1775/2621/1172 1760/2639/1173 1758/2655/1173
f 1775/2621/1172 1758/2655/1173 1751/2656/1173
f 1751/2656/1173 1758/2655/1173 1743/2635/1174
f 1751/2656/1173 1743/2635/1174 1738/2633/1182
f 1743/2635/1174 1758/2655/1173 1748/2637/1174
f 1748/2637/1174 1758/2655/1173 1760/2639/1173
f 1740/2623/1173 1775/2621/1172 1746/2657/1173
f 1746/2657/1173 1775/2621/1172 1751/2656/1173
f 1746/2657/1173 1751/2656/1173 1738/2633/1182
f 1730/2625/1175 1740/2623/1173 1746/2657/1173
f 1730/2625/1175 1746/2657/1173 1738/2633/1182
f 1719/2627/1177 1730/2625/1175 1738/2633/1182
f 1733/2658/1198 1784/2659/1198 1732/291/1170
f 1732/291/1170 1784/2659/1198 1783/2660/1198
f 1732/291/1170 1783/2660/1198 1782/2619/1170
f 1733/2658/1198 1786/2661/1199 1784/2659/1198
f 1729/2662/1200 1735/2663/1201 1733/291/1198
f 1733/291/1198 1735/2663/1201 1741/2664/1201
f 1733/291/1198 1741/2664/1201 1747/2665/1201
f 1747/2665/1201 1741/2664/1201 1739/2666/1202
f 1747/2665/1201 1739/2666/1202 1744/2667/1203
f 1744/2667/1203 1739/2666/1202 1737/2668/1204
f 1744/2667/1203 1737/2668/1204 1749/2669/1203
f 1749/2669/1203 1737/2668/1204 1754/2670/1203
f 1749/2669/1203 1754/2670/1203 1759/2671/1201
f 1759/2671/1201 1754/2670/1203 1761/2672/1201
f 1759/2671/1201 1761/2672/1201 1733/291/1198
f 1733/291/1198 1761/2672/1201 1776/2673/1205
f 1733/291/1198 1776/2673/1205 1781/2674/1206
f 1735/2663/1201 1729/2662/1200 1727/2675/1203
f 1727/2675/1203 1729/2662/1200 1714/2676/1207
f 1727/2675/1203 1714/2676/1207 1716/2677/1208
f 1716/2677/1208 1714/2676/1207 1703/2678/1209
f 1716/2677/1208 1703/2678/1209 1705/2679/1210
f 1705/2679/1210 1703/2678/1209 1701/2680/1211
f 1705/2679/1210 1701/2680/1211 1707/2681/1212
f 1707/2681/1212 1701/2680/1211 1709/2682/1213
f 1707/2681/1212 1709/2682/1213 1720/2683/1214
f 1720/2683/1214 1709/2682/1213 1718/2684/1215
f 1720/2683/1214 1718/2684/1215 1723/2685/1216
f 1723/2685/1216 1718/2684/1215 1725/2686/1217
f 1723/2685/1216 1725/2686/1217 1737/2668/1204
f 1701/2680/1211 1703/2678/1209 1696/2687/1218
f 1696/2687/1218 1703/2678/1209 1693/2688/1219
f 1696/2687/1218 1693/2688/1219 1691/2689/1220
f 1691/2689/1220 1693/2688/1219 1689/2690/1221
f 1689/2690/1221 1693/2688/1219 1687/2691/1222
f 1687/2691/1222 1693/2688/1219 1683/2692/1223
f 1683/2692/1223 1693/2688/1219 1680/2693/1224
f 1737/2668/1204 1756/2694/1225 1754/2670/1203
f 1754/2670/1203 1756/2694/1225 1761/2672/1201
f 1772/2695/1226 1768/2696/1201 1756/2694/1225
f 1756/2694/1225 1768/2696/1201 1766/2697/1201
f 1756/2694/1225 1766/2697/1201 1763/2698/1201
f 1763/2698/1201 1766/2697/1201 1772/2695/1226
f 1763/2698/1201 1772/2695/1226 1776/2673/1205
f 1781/2674/1206 1786/2619/1199 1733/291/1198
f 1741/2664/1201 1735/2663/1201 1731/2699/1227
f 1731/2699/1227 1735/2663/1201 1727/2675/1203
f 1731/2699/1227 1727/2675/1203 1716/2677/1208
f 1759/2671/1201 1733/291/1198 1752/2700/1201
f 1752/2700/1201 1733/291/1198 1747/2665/1201
f 1752/2700/1201 1747/2665/1201 1744/2667/1203
f 1749/2669/1203 1759/2671/1201 1752/2700/1201
f 1749/2669/1203 1752/2700/1201 1744/2667/1203
f 1756/2694/1225 1763/2698/1201 1761/2672/1201
f 1761/2672/1201 1763/2698/1201 1776/2673/1205
f 1768/2696/1201 1772/2695/1226 1766/2697/1201
f 1741/2664/1201 1731/2699/1227 1739/2666/1202
f 1739/2666/1202 1731/2699/1227 1720/2683/1214
f 1739/2666/1202 1720/2683/1214 1723/2685/1216
f 1720/2683/1214 1731/2699/1227 1716/2677/1208
f 1723/2685/1216 1737/2668/1204 1739/2666/1202
f 1707/2681/1212 1720/2683/1214 1705/2679/1210
f 1705/2679/1210 1720/2683/1214 1716/2677/1208
f 1349/2618/1169 1363/2701/1228 1408/2575/1169
f 1408/2575/1169 1363/2701/1228 1406/2702/1229
f 1408/2575/1169 1406/2702/1229 1414/2703/1230
f 1414/2703/1230 1406/2702/1229 1416/2704/1231
f 1414/2703/1230 1416/2704/1231 1426/2705/1232
f 1426/2705/1232 1416/2704/1231 1424/2706/1233
f 1426/2705/1232 1424/2706/1233 1436/2707/1234
f 1436/2707/1234 1424/2706/1233 1421/2708/1235
f 1436/2707/1234 1421/2708/1235 1433/2709/1234
f 1433/2709/1234 1421/2708/1235 1427/2710/1236
f 1433/2709/1234 1427/2710/1236 1434/2711/1237
f 1368/2712/1238 1372/2713/1239 1363/2701/1228
f 1363/2701/1228 1372/2713/1239 1374/2714/1239
f 1363/2701/1228 1374/2714/1239 1378/2715/1239
f 1378/2715/1239 1374/2714/1239 1379/2716/1240
f 1378/2715/1239 1379/2716/1240 1390/2717/1241
f 1368/2712/1238 1379/2716/1240 1372/2713/1239
f 1372/2713/1239 1379/2716/1240 1374/2714/1239
f 1409/2718/1242 1394/2719/1231 1390/2717/1241
f 1390/2717/1241 1394/2719/1231 1387/2720/1231
f 1390/2717/1241 1387/2720/1231 1378/2715/1239
f 1378/2715/1239 1387/2720/1231 1382/2721/1243
f 1378/2715/1239 1382/2721/1243 1363/2701/1228
f 1363/2701/1228 1382/2721/1243 1384/2722/1239
f 1363/2701/1228 1384/2722/1239 1389/2723/1239
f 1389/2723/1239 1384/2722/1239 1400/2724/1231
f 1389/2723/1239 1400/2724/1231 1404/2725/1231
f 1404/2725/1231 1400/2724/1231 1419/2726/1244
f 1404/2725/1231 1419/2726/1244 1421/2708/1235
f 1421/2708/1235 1419/2726/1244 1427/2710/1236
f 1427/2710/1236 1419/2726/1244 1409/2718/1242
f 1409/2718/1242 1419/2726/1244 1400/2724/1231
f 1409/2718/1242 1400/2724/1231 1394/2719/1231
f 1394/2719/1231 1400/2724/1231 1384/2722/1239
f 1394/2719/1231 1384/2722/1239 1382/2721/1243
f 1434/2711/1237 1440/2727/1245 1433/2709/1234
f 1433/2709/1234 1440/2727/1245 1436/2707/1234
f 1440/2727/1245 1444/2728/1246 1436/2707/1234
f 1436/2707/1234 1444/2728/1246 1439/2729/1247
f 1436/2707/1234 1439/2729/1247 1426/2705/1232
f 1444/2728/1246 1448/2730/1248 1439/2729/1247
f 1439/2729/1247 1448/2730/1248 1451/2731/1249
f 1451/2731/1249 1448/2730/1248 1452/2732/1250
f 1451/2731/1249 1452/2732/1250 1454/2733/1251
f 1454/2733/1251 1456/2734/1252 1451/2731/1249
f 1451/2731/1249 1456/2734/1252 1459/2735/1253
f 1451/2731/1249 1459/2735/1253 1461/2736/1254
f 1461/2736/1254 1464/2737/1255 1451/2731/1249
f 1394/2719/1231 1382/2721/1243 1387/2720/1231
f 1389/2723/1239 1396/2738/1239 1363/2701/1228
f 1363/2701/1228 1396/2738/1239 1402/2739/1239
f 1363/2701/1228 1402/2739/1239 1406/2702/1229
f 1406/2702/1229 1402/2739/1239 1416/2704/1231
f 1389/2723/1239 1404/2725/1231 1396/2738/1239
f 1396/2738/1239 1404/2725/1231 1411/2740/1231
f 1396/2738/1239 1411/2740/1231 1402/2739/1239
f 1402/2739/1239 1411/2740/1231 1416/2704/1231
f 1424/2706/1233 1416/2704/1231 1411/2740/1231
f 1424/2706/1233 1411/2740/1231 1421/2708/1235
f 1421/2708/1235 1411/2740/1231 1404/2725/1231
f 1349/2741/1169 1408/291/1169 1347/2742/1139
f 1347/2742/1139 1408/291/1169 1407/2743/1139
f 1347/2742/1139 1407/2743/1139 1346/2744/1169
f 1680/2745/1102 1681/2746/1102 1683/2747/1256
f 1683/2747/1256 1681/2746/1102 1687/2748/1257
f 1687/2748/1257 1681/2746/1102 1689/2749/1258
f 1689/2749/1258 1681/2746/1102 1697/2750/1259
f 1689/2749/1258 1697/2750/1259 1691/2751/1260
f 1691/2751/1260 1697/2750/1259 1696/2752/1261
f 1696/2752/1261 1697/2750/1259 1701/2753/1262
f 1701/2753/1262 1697/2750/1259 1711/2754/1263
f 1701/2753/1262 1711/2754/1263 1709/2755/1264
f 1709/2755/1264 1711/2754/1263 1718/2756/1265
f 1718/2756/1265 1711/2754/1263 1725/2757/1266
f 1725/2757/1266 1711/2754/1263 1737/2758/1267
f 1737/2758/1267 1711/2754/1263 1750/2759/1268
f 1737/2758/1267 1750/2759/1268 1756/2760/1269
f 1756/2760/1269 1750/2759/1268 1769/2761/1270
f 1756/2760/1269 1769/2761/1270 1772/2762/1271
f 1772/2762/1271 1769/2761/1270 1776/2763/1272
f 1776/2763/1272 1769/2761/1270 1781/2764/1273
f 1781/2764/1273 1769/2761/1270 1786/2765/1274
f 1349/2766/1275 1370/2767/1276 1363/2768/1277
f 1363/2768/1277 1370/2767/1276 1368/2769/1278
f 1368/2769/1278 1370/2767/1276 1379/2770/1279
f 1379/2770/1279 1370/2767/1276 1392/2771/1280
f 1379/2770/1279 1392/2771/1280 1390/2772/1281
f 1390/2772/1281 1392/2771/1280 1409/2773/1282
f 1409/2773/1282 1392/2771/1280 1430/2774/1283
f 1409/2773/1282 1430/2774/1283 1427/2775/1284
f 1427/2775/1284 1430/2774/1283 1434/2776/1285
f 1434/2776/1285 1430/2774/1283 1440/2777/1286
f 1440/2777/1286 1430/2774/1283 1447/2778/1287
f 1440/2777/1286 1447/2778/1287 1444/2779/1288
f 1444/2779/1288 1447/2778/1287 1448/2780/1289
f 1448/2780/1289 1447/2778/1287 1452/2781/1290
f 1452/2781/1290 1447/2778/1287 1454/2782/1291
f 1454/2782/1291 1447/2778/1287 1465/2746/1292
f 1454/2782/1291 1465/2746/1292 1456/2783/1293
f 1456/2783/1293 1465/2746/1292 1459/2784/1294
f 1459/2784/1294 1465/2746/1292 1461/2785/1295
f 1461/2785/1295 1465/2746/1292 1464/2745/1102
f 1535/2786/1102 1534/2787/1102 1465/2788/1292
f 1465/2788/1292 1534/2787/1102 1464/2789/1102
f 1464/2789/1102 1534/2787/1102 1573/2790/1102
f 1464/2789/1102 1573/2790/1102 1680/2791/1102
f 1680/2791/1102 1573/2790/1102 1681/692/1102
f 1681/692/1102 1573/2790/1102 1574/2792/1102
f 1462/2793/1127 1463/2794/1127 1460/2795/1296
f 1460/2795/1296 1463/2794/1127 1458/2796/1297
f 1458/2796/1297 1463/2794/1127 1457/2797/1298
f 1457/2797/1298 1463/2794/1127 1455/2798/1299
f 1455/2798/1299 1463/2794/1127 1453/2799/1300
f 1453/2799/1300 1463/2794/1127 1446/2800/1301
f 1453/2799/1300 1446/2800/1301 1449/2801/1302
f 1449/2801/1302 1446/2800/1301 1445/2802/1303
f 1445/2802/1303 1446/2800/1301 1441/2803/1304
f 1441/2803/1304 1446/2800/1301 1437/2804/1305
f 1437/2804/1305 1446/2800/1301 1422/2805/1306
f 1437/2804/1305 1422/2805/1306 1431/2806/1307
f 1431/2806/1307 1422/2805/1306 1412/2807/1308
f 1412/2807/1308 1422/2805/1306 1385/2808/1309
f 1412/2807/1308 1385/2808/1309 1391/2809/1310
f 1391/2809/1310 1385/2808/1309 1380/2810/1311
f 1380/2810/1311 1385/2808/1309 1367/2811/1312
f 1380/2810/1311 1367/2811/1312 1369/2812/1313
f 1369/2812/1313 1367/2811/1312 1365/2813/1314
f 1365/2813/1314 1367/2811/1312 1364/2814/1315
f 1365/2813/1314 1364/2814/1315 1361/2815/1316
f 1361/2815/1316 1358/2816/1317 1365/2813/1314
f 1782/2817/1318 1777/2818/1319 1780/2819/1320
f 1780/2819/1320 1777/2818/1319 1775/2820/1321
f 1775/2820/1321 1777/2818/1319 1773/2821/1322
f 1775/2820/1321 1773/2821/1322 1771/2822/1323
f 1771/2822/1323 1773/2821/1322 1764/2823/1324
f 1771/2822/1323 1764/2823/1324 1755/2824/1325
f 1755/2824/1325 1764/2823/1324 1742/2825/1326
f 1755/2824/1325 1742/2825/1326 1736/2826/1327
f 1736/2826/1327 1742/2825/1326 1724/2827/1328
f 1724/2827/1328 1742/2825/1326 1710/2828/1329
f 1724/2827/1328 1710/2828/1329 1717/2829/1330
f 1717/2829/1330 1710/2828/1329 1708/2830/1331
f 1708/2830/1331 1710/2828/1329 1700/2831/1332
f 1700/2831/1332 1710/2828/1329 1694/2832/1333
f 1700/2831/1332 1694/2832/1333 1695/2833/1334
f 1695/2833/1334 1694/2832/1333 1690/2834/1335
f 1690/2834/1335 1694/2832/1333 1688/2835/1336
f 1688/2835/1336 1694/2832/1333 1679/2836/1337
f 1688/2835/1336 1679/2836/1337 1686/2837/1338
f 1686/2837/1338 1679/2836/1337 1682/2838/1339
f 1682/2838/1339 1679/2836/1337 1678/2839/1127
f 1463/676/1127 1462/2840/1127 1679/2841/1337
f 1679/2841/1337 1462/2840/1127 1678/2842/1127
f 1784/2843/1091 1812/2844/1340 1783/2845/1341
f 1783/2845/1341 1812/2844/1340 1811/2846/1342
f 1574/2847/1091 1576/2848/1091 1681/2849/1091
f 1681/2849/1091 1576/2848/1091 1788/2850/1091
f 1681/2849/1091 1788/2850/1091 1697/2851/1091
f 1697/2851/1091 1788/2850/1091 1711/2852/1091
f 1711/2852/1091 1788/2850/1091 1750/2853/1091
f 1750/2853/1091 1788/2850/1091 1769/2854/1091
f 1769/2854/1091 1788/2850/1091 1786/2855/1091
f 1442/2856/1091 1429/2857/1091 1676/2858/1091
f 1676/2858/1091 1429/2857/1091 1463/2859/1091
f 1676/2858/1091 1463/2859/1091 1698/2860/1091
f 1698/2860/1091 1463/2859/1091 1679/2861/1091
f 1698/2860/1091 1679/2861/1091 1712/2862/1091
f 1712/2862/1091 1679/2861/1091 1694/2863/1091
f 1712/2862/1091 1694/2863/1091 1710/2864/1091
f 1463/2859/1091 1429/2857/1091 1446/2865/1091
f 1446/2865/1091 1429/2857/1091 1398/2866/1091
f 1446/2865/1091 1398/2866/1091 1422/2867/1091
f 1422/2867/1091 1398/2866/1091 1376/2868/1091
f 1422/2867/1091 1376/2868/1091 1385/2869/1091
f 1385/2869/1091 1376/2868/1091 1367/2870/1091
f 1712/2862/1091 1710/2864/1091 1745/2871/1091
f 1745/2871/1091 1710/2864/1091 1742/2872/1091
f 1745/2871/1091 1742/2872/1091 1764/2873/1091
f 1698/2860/1091 1684/2874/1091 1676/2858/1091
f 1347/845/61 1359/2875/1343 1348/291/61
f 1348/291/61 1359/2875/1343 1360/2876/1344
f 1360/2876/1344 1359/2875/1343 1362/2877/1345
f 1360/2876/1344 1362/2877/1345 1366/2878/1346
f 1366/2878/1346 1362/2877/1345 1367/2879/1347
f 1366/2878/1346 1367/2879/1347 1375/2880/1348
f 1375/2880/1348 1367/2879/1347 1376/2881/1349
f 1375/2880/1348 1376/2881/1349 1397/2882/1350
f 1397/2882/1350 1376/2881/1349 1398/2883/1351
f 1397/2882/1350 1398/2883/1351 1428/2884/1352
f 1428/2884/1352 1398/2883/1351 1429/2885/1353
f 1428/2884/1352 1429/2885/1353 1443/2886/1354
f 1443/2886/1354 1429/2885/1353 1442/2887/1354
f 1676/2888/1127 1677/2889/1127 1442/867/1127
f 1442/867/1127 1677/2889/1127 1443/291/1127
f 1676/2890/1127 1684/2891/1355 1677/2892/1127
f 1677/2892/1127 1684/2891/1355 1685/2893/1356
f 1685/2893/1356 1684/2891/1355 1698/2894/1357
f 1685/2893/1356 1698/2894/1357 1699/2895/1358
f 1699/2895/1358 1698/2894/1357 1712/2896/1359
f 1699/2895/1358 1712/2896/1359 1721/2897/1360
f 1721/2897/1360 1712/2896/1359 1745/2898/1361
f 1721/2897/1360 1745/2898/1361 1757/2899/1362
f 1757/2899/1362 1745/2898/1361 1764/2900/1363
f 1757/2899/1362 1764/2900/1363 1770/2901/1364
f 1770/2901/1364 1764/2900/1363 1774/2902/1365
f 1770/2901/1364 1774/2902/1365 1779/2903/1366
f 1779/2903/1366 1774/2902/1365 1778/2904/1367
f 1779/2903/1366 1778/2904/1367 1783/2905/1368
f 1779/2903/1366 1783/2905/1368 1810/2906/1369
f 1810/2906/1369 1783/2905/1368 1811/2907/1370
f 1810/2906/1369 1811/2907/1370 1812/2908/1371
f 1784/2909/1372 1785/2910/1372 1812/2908/1371
f 1812/2908/1371 1785/2910/1372 1810/2906/1369
f 1788/2911/65 1792/2912/65 1786/2913/65
f 1786/2913/65 1792/2912/65 1790/2914/65
f 1786/2913/65 1790/2914/65 1787/2915/65
f 1794/2916/65 1800/2917/65 1788/2911/65
f 1788/2911/65 1800/2917/65 1805/2918/65
f 1788/2911/65 1805/2918/65 1796/2919/65
f 1796/2919/65 1805/2918/65 1798/2920/65
f 1798/2920/65 1805/2918/65 1807/2921/65
f 1798/2920/65 1807/2921/65 1802/2922/65
f 1802/2922/65 1807/2921/65 1809/2923/65
f 1802/2922/65 1809/2923/65 1804/2924/65
f 1804/2924/65 1809/2923/65 1803/2925/65
f 1803/2925/65 1809/2923/65 1808/2926/65
f 1803/2925/65 1808/2926/65 1799/2927/65
f 1799/2927/65 1808/2926/65 1806/2928/65
f 1799/2927/65 1806/2928/65 1797/811/65
f 1797/811/65 1806/2928/65 1789/2929/65
f 1797/811/65 1789/2929/65 1793/2930/65
f 1793/2930/65 1789/2929/65 1785/2931/65
f 1793/2930/65 1785/2931/65 1791/2932/65
f 1791/2932/65 1785/2931/65 1787/2915/65
f 1787/2915/65 1785/2931/65 1786/2913/65
f 1806/2928/65 1801/2933/65 1789/2929/65
f 1789/2929/65 1801/2933/65 1795/2934/65
f 1785/2931/65 1784/2935/65 1786/2913/65
f 1796/2919/65 1792/2912/65 1788/2911/65
f 1355/2936/61 1353/2937/61 1348/2938/61
f 1348/2938/61 1353/2937/61 1351/2939/61
f 1348/2938/61 1351/2939/61 1350/2940/61
f 1352/2941/61 1349/2942/61 1350/2940/61
f 1350/2940/61 1349/2942/61 1347/2943/61
f 1350/2940/61 1347/2943/61 1348/2938/61
f 1352/2941/61 1354/2944/61 1349/2942/61
f 1538/2945/1130 1355/2946/1130 1533/2947/1130
f 1533/2947/1130 1355/2946/1130 1348/2948/1130
f 1533/2947/1130 1348/2948/1130 1572/2949/1130
f 1572/2949/1130 1348/2948/1130 1785/2950/1130
f 1572/2949/1130 1785/2950/1130 1789/2951/1130
f 1785/2950/1130 1348/2948/1130 1677/2952/1130
f 1677/2952/1130 1348/2948/1130 1360/2953/1130
f 1677/2952/1130 1360/2953/1130 1366/2954/1130
f 1677/2952/1130 1366/2954/1130 1443/2955/1130
f 1443/2955/1130 1366/2954/1130 1375/2956/1130
f 1443/2955/1130 1375/2956/1130 1397/2957/1130
f 1397/2957/1130 1428/2958/1130 1443/2955/1130
f 1685/2959/1130 1699/2960/1130 1677/2952/1130
f 1677/2952/1130 1699/2960/1130 1721/2961/1130
f 1677/2952/1130 1721/2961/1130 1757/2962/1130
f 1757/2962/1130 1770/2963/1130 1677/2952/1130
f 1677/2952/1130 1770/2963/1130 1779/2964/1130
f 1677/2952/1130 1779/2964/1130 1810/2965/1130
f 1810/2965/1130 1785/2950/1130 1677/2952/1130
f 1789/2951/1130 1577/2966/1130 1572/2949/1130
f 1788/2967/1112 1576/2968/1373 1794/2969/1109
f 1794/2969/1109 1576/2968/1373 1582/2970/1109
f 1794/2969/1109 1582/2970/1109 1800/2971/1374
f 1800/2971/1374 1582/2970/1109 1588/2972/1375
f 1800/2971/1374 1588/2972/1375 1805/2973/1376
f 1805/2973/1376 1588/2972/1375 1593/2974/1376
f 1805/2973/1376 1593/2974/1376 1807/2975/1377
f 1807/2975/1377 1593/2974/1376 1595/2976/1377
f 1807/2975/1377 1595/2976/1377 1809/2977/1102
f 1809/2977/1102 1595/2976/1377 1597/2978/1102
f 1809/2977/1102 1597/2978/1102 1808/2979/1100
f 1808/2979/1100 1597/2978/1102 1596/2980/1100
f 1808/2979/1100 1596/2980/1100 1806/2981/1098
f 1806/2981/1098 1596/2980/1100 1594/2982/1098
f 1806/2981/1098 1594/2982/1098 1801/2983/1378
f 1801/2983/1378 1594/2982/1098 1589/2984/1378
f 1801/2983/1378 1589/2984/1378 1795/2985/1379
f 1795/2985/1379 1589/2984/1378 1583/2986/1379
f 1795/2985/1379 1583/2986/1379 1789/2987/1380
f 1789/2987/1380 1583/2986/1379 1577/2988/1380
f 1337/2989/61 1331/2990/61 1332/279/61
f 1332/279/61 1331/2990/61 1327/2991/61
f 1332/279/61 1327/2991/61 1328/2992/61
f 1328/2992/61 1327/2991/61 1322/2993/61
f 1328/2992/61 1322/2993/61 1325/2994/61
f 1325/2994/61 1322/2993/61 1320/2995/61
f 1325/2994/61 1320/2995/61 1324/795/61
f 1324/795/61 1320/2995/61 1319/2996/61
f 1324/795/61 1319/2996/61 1326/2997/61
f 1326/2997/61 1319/2996/61 1321/2998/61
f 1326/2997/61 1321/2998/61 1323/2999/61
f 1326/2997/61 1323/2999/61 1329/3000/61
f 1329/3000/61 1323/2999/61 1330/3001/61
f 1329/3000/61 1330/3001/61 1333/252/61
f 1333/252/61 1330/3001/61 1334/3002/61
f 1333/252/61 1334/3002/61 1336/3003/61
f 1336/3003/61 1334/3002/61 1341/3004/61
f 1336/3003/61 1341/3004/61 1339/3005/61
f 1339/3005/61 1341/3004/61 1343/3006/61
f 1339/3005/61 1343/3006/61 1345/3007/61
f 1339/3005/61 1345/3007/61 1340/793/61
f 1340/793/61 1345/3007/61 1344/3008/61
f 1340/793/61 1344/3008/61 1338/3009/61
f 1338/3009/61 1344/3008/61 1342/3010/61
f 1338/3009/61 1342/3010/61 1335/3011/61
f 1335/3011/61 1342/3010/61 1337/2989/61
f 1335/3011/61 1337/2989/61 1332/279/61
f 1590/3012/1128 1802/3013/1128 1592/3014/1127
f 1592/3014/1127 1802/3013/1128 1804/3015/1127
f 1592/3014/1127 1804/3015/1127 1591/3016/1126
f 1591/3016/1126 1804/3015/1127 1803/3017/1126
f 1591/3016/1126 1803/3017/1126 1587/3018/1125
f 1587/3018/1125 1803/3017/1126 1799/3019/1125
f 1587/3018/1125 1799/3019/1125 1585/3020/1091
f 1585/3020/1091 1799/3019/1125 1797/3021/1091
f 1585/3022/1091 1797/3023/1091 1581/3024/1124
f 1581/3024/1124 1797/3023/1091 1793/3025/1124
f 1581/3024/1124 1793/3025/1124 1579/3026/1123
f 1579/3026/1123 1793/3025/1124 1791/3027/1123
f 1579/3026/1123 1791/3027/1123 1575/3028/1102
f 1575/3028/1102 1791/3027/1123 1787/3029/1102
f 1575/3028/1102 1787/3029/1102 1578/3030/1122
f 1578/3030/1122 1787/3029/1102 1790/3031/1122
f 1578/3030/1122 1790/3031/1122 1580/3032/1131
f 1580/3032/1131 1790/3031/1122 1792/3033/1131
f 1580/3032/1131 1792/3033/1131 1584/3034/1130
f 1584/3034/1130 1792/3033/1131 1796/3035/1130
f 1584/3034/1130 1796/3035/1130 1586/3036/1129
f 1586/3036/1129 1796/3035/1130 1798/3037/1129
f 1586/3036/1129 1798/3037/1129 1590/3012/1128
f 1590/3012/1128 1798/3037/1129 1802/3013/1128
f 1573/3038/1130 1534/3039/1130 1571/3040/1130
f 1571/3040/1130 1534/3039/1130 1532/3041/1130
f 1537/3042/65 1541/3043/65 1535/3044/65
f 1535/3044/65 1541/3043/65 1539/3045/65
f 1535/3044/65 1539/3045/65 1532/3046/65
f 1532/3046/65 1539/3045/65 1536/3047/65
f 1532/3046/65 1536/3047/65 1533/3048/65
f 1533/3048/65 1536/3047/65 1540/3049/65
f 1533/3048/65 1540/3049/65 1538/3050/65
f 1538/3050/65 1540/3049/65 1542/3051/65
f 1538/3050/65 1542/3051/65 1544/3052/65
f 1544/3052/65 1542/3051/65 1546/3053/65
f 1544/3052/65 1546/3053/65 1550/3054/65
f 1550/3054/65 1546/3053/65 1548/3055/65
f 1550/3054/65 1548/3055/65 1555/3056/65
f 1555/3056/65 1548/3055/65 1552/3057/65
f 1555/3056/65 1552/3057/65 1557/3058/65
f 1557/3058/65 1552/3057/65 1553/3059/65
f 1557/3058/65 1553/3059/65 1558/3060/65
f 1558/3060/65 1553/3059/65 1556/3061/65
f 1556/3061/65 1553/3059/65 1551/3062/65
f 1556/3061/65 1551/3062/65 1554/3063/65
f 1554/3063/65 1551/3062/65 1547/3064/65
f 1554/3063/65 1547/3064/65 1549/3065/65
f 1549/3065/65 1547/3064/65 1545/3066/65
f 1549/3065/65 1545/3066/65 1543/3067/65
f 1543/3067/65 1545/3066/65 1541/3043/65
f 1543/3067/65 1541/3043/65 1537/3042/65
f 1532/3046/65 1534/3068/65 1535/3044/65
f 1573/3068/61 1571/3046/61 1574/3069/61
f 1574/3069/61 1571/3046/61 1578/3070/61
f 1574/3069/61 1578/3070/61 1580/3071/61
f 1578/3070/61 1571/3046/61 1575/3072/61
f 1575/3072/61 1571/3046/61 1572/3073/61
f 1575/3072/61 1572/3073/61 1579/3074/61
f 1579/3074/61 1572/3073/61 1577/3075/61
f 1579/3074/61 1577/3075/61 1581/3076/61
f 1581/3076/61 1577/3075/61 1583/3077/61
f 1581/3076/61 1583/3077/61 1585/3078/61
f 1585/3078/61 1583/3077/61 1589/3079/61
f 1585/3078/61 1589/3079/61 1587/3080/61
f 1587/3080/61 1589/3079/61 1594/3081/61
f 1587/3080/61 1594/3081/61 1591/3082/61
f 1591/3082/61 1594/3081/61 1596/3083/61
f 1591/3082/61 1596/3083/61 1592/3084/61
f 1592/3084/61 1596/3083/61 1597/3085/61
f 1592/3084/61 1597/3085/61 1595/3086/61
f 1592/3084/61 1595/3086/61 1590/3087/61
f 1590/3087/61 1595/3086/61 1593/3088/61
f 1590/3087/61 1593/3088/61 1586/3089/61
f 1586/3089/61 1593/3088/61 1588/3090/61
f 1586/3089/61 1588/3090/61 1584/3091/61
f 1584/3091/61 1588/3090/61 1582/3092/61
f 1584/3091/61 1582/3092/61 1580/3071/61
f 1580/3071/61 1582/3092/61 1576/3093/61
f 1580/3071/61 1576/3093/61 1574/3069/61
f 1572/3094/1102 1571/3095/1102 1533/3096/1102
f 1533/3096/1102 1571/3095/1102 1532/291/1102
f 1610/3097/1091 1603/3098/1091 1622/3099/1091
f 1622/3099/1091 1603/3098/1091 1564/3100/1091
f 1622/3099/1091 1564/3100/1091 1518/3101/1091
f 1518/3101/1091 1564/3100/1091 1530/3102/1381
f 1622/3099/1091 1518/3101/1091 1626/3103/1091
f 1626/3103/1091 1518/3101/1091 1514/3104/1091
f 1626/3103/1091 1514/3104/1091 1630/3105/1382
f 1630/3105/1382 1514/3104/1091 1511/3106/1383
f 1630/3105/1382 1511/3106/1383 1627/3107/1091
f 1627/3107/1091 1511/3106/1383 1515/3108/1091
f 1627/3107/1091 1515/3108/1091 1623/3109/1091
f 1623/3109/1091 1515/3108/1091 1519/3110/1091
f 1623/3109/1091 1519/3110/1091 1604/2457/1091
f 1604/2457/1091 1519/3110/1091 1565/2455/1091
f 1565/2455/1091 1519/3110/1091 1531/3111/1091
f 1604/2457/1091 1611/3112/1091 1623/3109/1091
f 1611/3113/1091 1604/3114/1091 1613/3115/1384
f 1613/3115/1384 1604/3114/1091 1605/3116/1385
f 1613/3115/1384 1605/3116/1385 1606/3117/1386
f 1613/3115/1384 1606/3117/1386 1615/3118/1387
f 1615/3118/1387 1606/3117/1386 1607/3119/1388
f 1615/3118/1387 1607/3119/1388 1617/3120/1389
f 1617/3120/1389 1607/3119/1388 1608/3121/1390
f 1617/3120/1389 1608/3121/1390 1619/3122/1391
f 1619/3122/1391 1608/3121/1390 1609/3123/1102
f 1619/3122/1391 1609/3123/1102 1621/3124/1392
f 1619/3122/1391 1621/3124/1392 1637/3125/1393
f 1637/3125/1393 1621/3124/1392 1639/3126/1394
f 1637/3125/1393 1639/3126/1394 1653/3127/1395
f 1653/3127/1395 1639/3126/1394 1655/3128/1396
f 1653/3127/1395 1655/3128/1396 1662/3129/1397
f 1662/3129/1397 1655/3128/1396 1665/3130/1398
f 1662/3129/1397 1665/3130/1398 1670/3131/1399
f 1670/3131/1399 1665/3130/1398 1672/3132/1400
f 1670/3131/1399 1672/3132/1400 1674/3133/1401
f 1674/3133/1401 1672/3132/1400 1675/3134/1402
f 1674/3133/1401 1673/3135/1403 1670/3131/1399
f 1670/3131/1399 1673/3135/1403 1667/3136/1404
f 1670/3131/1399 1667/3136/1404 1662/3129/1397
f 1662/3129/1397 1667/3136/1404 1660/3137/1405
f 1662/3129/1397 1660/3137/1405 1653/3127/1395
f 1653/3127/1395 1660/3137/1405 1648/3138/1406
f 1653/3127/1395 1648/3138/1406 1637/3125/1393
f 1637/3125/1393 1648/3138/1406 1635/3139/1407
f 1637/3125/1393 1635/3139/1407 1619/3122/1391
f 1619/3122/1391 1635/3139/1407 1617/3120/1389
f 1673/3135/1403 1668/3140/1408 1667/3136/1404
f 1667/3136/1404 1668/3140/1408 1663/3141/1409
f 1667/3136/1404 1663/3141/1409 1657/3142/1410
f 1657/3142/1410 1663/3141/1409 1658/3143/1411
f 1657/3142/1410 1658/3143/1411 1649/3144/1412
f 1657/3142/1410 1649/3144/1412 1646/3145/1413
f 1646/3145/1413 1649/3144/1412 1644/3146/1414
f 1646/3145/1413 1644/3146/1414 1631/3147/1415
f 1631/3147/1415 1630/3148/1382 1646/3145/1413
f 1646/3145/1413 1630/3148/1382 1627/3149/1091
f 1646/3145/1413 1627/3149/1091 1641/3150/1416
f 1641/3150/1416 1627/3149/1091 1633/3151/1417
f 1641/3150/1416 1633/3151/1417 1643/3152/1418
f 1643/3152/1418 1633/3151/1417 1629/3153/1419
f 1643/3152/1418 1629/3153/1419 1635/3139/1407
f 1635/3139/1407 1629/3153/1419 1617/3120/1389
f 1627/3149/1091 1623/3154/1091 1633/3151/1417
f 1633/3151/1417 1623/3154/1091 1625/3155/1420
f 1633/3151/1417 1625/3155/1420 1629/3153/1419
f 1629/3153/1419 1625/3155/1420 1615/3118/1387
f 1629/3153/1419 1615/3118/1387 1617/3120/1389
f 1623/3154/1091 1611/3113/1091 1625/3155/1420
f 1625/3155/1420 1611/3113/1091 1613/3115/1384
f 1625/3155/1420 1613/3115/1384 1615/3118/1387
f 1643/3152/1418 1635/3139/1407 1648/3138/1406
f 1643/3152/1418 1648/3138/1406 1651/3156/1421
f 1651/3156/1421 1648/3138/1406 1660/3137/1405
f 1651/3156/1421 1660/3137/1405 1657/3142/1410
f 1657/3142/1410 1660/3137/1405 1667/3136/1404
f 1646/3145/1413 1641/3150/1416 1651/3156/1421
f 1651/3156/1421 1641/3150/1416 1643/3152/1418
f 1646/3145/1413 1651/3156/1421 1657/3142/1410
f 1631/3157/1415 1644/3158/1422 1630/3159/1382
f 1630/3159/1382 1644/3158/1422 1645/3160/1423
f 1630/3159/1382 1645/3160/1423 1626/3161/1091
f 1626/3161/1091 1645/3160/1423 1640/3162/1424
f 1626/3161/1091 1640/3162/1424 1632/3163/1425
f 1632/3163/1425 1640/3162/1424 1650/3164/1426
f 1632/3163/1425 1650/3164/1426 1642/3165/1427
f 1642/3165/1427 1650/3164/1426 1659/3166/1428
f 1642/3165/1427 1659/3166/1428 1647/3167/1429
f 1647/3167/1429 1659/3166/1428 1661/3168/1430
f 1647/3167/1429 1661/3168/1430 1652/3169/1431
f 1652/3169/1431 1661/3168/1430 1664/3170/1432
f 1652/3169/1431 1664/3170/1432 1654/3171/1433
f 1644/3158/1422 1649/3172/1434 1645/3160/1423
f 1645/3160/1423 1649/3172/1434 1656/3173/1435
f 1645/3160/1423 1656/3173/1435 1640/3162/1424
f 1640/3162/1424 1656/3173/1435 1650/3164/1426
f 1649/3172/1434 1658/3174/1436 1656/3173/1435
f 1656/3173/1435 1658/3174/1436 1663/3175/1437
f 1656/3173/1435 1663/3175/1437 1666/3176/1438
f 1666/3176/1438 1663/3175/1437 1668/3177/1439
f 1666/3176/1438 1668/3177/1439 1673/3178/1440
f 1666/3176/1438 1673/3178/1440 1669/3179/1441
f 1669/3179/1441 1673/3178/1440 1674/3180/1442
f 1669/3179/1441 1674/3180/1442 1671/3181/1443
f 1671/3181/1443 1674/3180/1442 1675/3182/1444
f 1669/3179/1441 1671/3181/1443 1661/3168/1430
f 1661/3168/1430 1671/3181/1443 1664/3170/1432
f 1652/3169/1431 1654/3171/1433 1636/3183/1445
f 1636/3183/1445 1654/3171/1433 1638/3184/1446
f 1636/3183/1445 1638/3184/1446 1618/3185/1447
f 1618/3185/1447 1638/3184/1446 1620/3186/1448
f 1618/3185/1447 1620/3186/1448 1599/3187/1115
f 1599/3187/1115 1620/3186/1448 1598/3188/1127
f 1599/3187/1115 1600/3189/1449 1618/3185/1447
f 1618/3185/1447 1600/3189/1449 1616/3190/1450
f 1618/3185/1447 1616/3190/1450 1636/3183/1445
f 1636/3183/1445 1616/3190/1450 1634/3191/1451
f 1636/3183/1445 1634/3191/1451 1652/3169/1431
f 1652/3169/1431 1634/3191/1451 1647/3167/1429
f 1600/3189/1449 1601/3192/1452 1616/3190/1450
f 1616/3190/1450 1601/3192/1452 1614/3193/1453
f 1616/3190/1450 1614/3193/1453 1634/3191/1451
f 1634/3191/1451 1614/3193/1453 1628/3194/1454
f 1634/3191/1451 1628/3194/1454 1647/3167/1429
f 1647/3167/1429 1628/3194/1454 1642/3165/1427
f 1601/3192/1452 1602/3195/1455 1614/3193/1453
f 1614/3193/1453 1602/3195/1455 1612/3196/1456
f 1614/3193/1453 1612/3196/1456 1628/3194/1454
f 1628/3194/1454 1612/3196/1456 1624/3197/1457
f 1628/3194/1454 1624/3197/1457 1642/3165/1427
f 1642/3165/1427 1624/3197/1457 1632/3163/1425
f 1602/3195/1455 1603/3198/1091 1612/3196/1456
f 1612/3196/1456 1603/3198/1091 1610/3199/1091
f 1612/3196/1456 1610/3199/1091 1624/3197/1457
f 1624/3197/1457 1610/3199/1091 1622/3200/1091
f 1624/3197/1457 1622/3200/1091 1632/3163/1425
f 1632/3163/1425 1622/3200/1091 1626/3161/1091
f 1650/3164/1426 1656/3173/1435 1666/3176/1438
f 1661/3168/1430 1659/3166/1428 1669/3179/1441
f 1669/3179/1441 1659/3166/1428 1666/3176/1438
f 1659/3166/1428 1650/3164/1426 1666/3176/1438
f 1570/3201/1458 1609/3202/1102 1569/3203/1103
f 1569/3203/1103 1609/3202/1102 1608/3204/1390
f 1569/3203/1103 1608/3204/1390 1568/3205/1388
f 1568/3205/1388 1608/3204/1390 1607/3206/1388
f 1568/3205/1388 1607/3206/1388 1567/3207/1386
f 1567/3207/1386 1607/3206/1388 1606/3208/1386
f 1567/3207/1386 1606/3208/1386 1566/3209/1385
f 1566/3209/1385 1606/3208/1386 1605/3210/1385
f 1566/3209/1385 1605/3210/1385 1565/3211/1091
f 1565/3211/1091 1605/3210/1385 1604/3212/1091
f 1564/3213/1091 1603/3214/1091 1563/3215/1455
f 1563/3215/1455 1603/3214/1091 1602/3216/1455
f 1563/3215/1455 1602/3216/1455 1562/3217/1452
f 1562/3217/1452 1602/3216/1455 1601/3218/1452
f 1562/3217/1452 1601/3218/1452 1561/3219/1449
f 1561/3219/1449 1601/3218/1452 1600/3220/1449
f 1561/3219/1449 1600/3220/1449 1560/3221/1115
f 1560/3221/1115 1600/3220/1449 1599/3222/1115
f 1560/3221/1115 1599/3222/1115 1559/3223/1127
f 1559/3223/1127 1599/3222/1115 1598/3224/1127
f 1570/3123/1458 1569/3121/1103 1521/3225/1459
f 1521/3225/1459 1569/3121/1103 1523/3226/1460
f 1521/3225/1459 1523/3226/1460 1503/3227/1461
f 1503/3227/1461 1523/3226/1460 1505/3228/1462
f 1503/3227/1461 1505/3228/1462 1487/3229/1463
f 1487/3229/1463 1505/3228/1462 1489/3230/1464
f 1487/3229/1463 1489/3230/1464 1477/3231/1465
f 1477/3231/1465 1489/3230/1464 1480/3232/1466
f 1477/3231/1465 1480/3232/1466 1470/3233/1467
f 1470/3233/1467 1480/3232/1466 1472/3234/1468
f 1470/3233/1467 1472/3234/1468 1467/3235/1469
f 1467/3235/1469 1472/3234/1468 1468/3236/1470
f 1468/3236/1470 1472/3234/1468 1475/3237/1471
f 1468/3236/1470 1475/3237/1471 1473/3238/1472
f 1473/3238/1472 1475/3237/1471 1478/3239/1473
f 1478/3239/1473 1475/3237/1471 1485/3240/1474
f 1478/3239/1473 1485/3240/1474 1483/3241/1475
f 1483/3241/1475 1485/3240/1474 1492/3242/1476
f 1492/3242/1476 1485/3240/1474 1496/3243/1477
f 1492/3242/1476 1496/3243/1477 1497/3244/1478
f 1497/3244/1478 1496/3243/1477 1511/3245/1383
f 1497/3244/1478 1511/3245/1383 1510/3246/1479
f 1569/3121/1103 1568/3119/1388 1523/3226/1460
f 1523/3226/1460 1568/3119/1388 1525/3247/1480
f 1523/3226/1460 1525/3247/1480 1505/3228/1462
f 1505/3228/1462 1525/3247/1480 1507/3248/1481
f 1505/3228/1462 1507/3248/1481 1489/3230/1464
f 1489/3230/1464 1507/3248/1481 1494/3249/1482
f 1489/3230/1464 1494/3249/1482 1480/3232/1466
f 1480/3232/1466 1494/3249/1482 1482/3250/1483
f 1480/3232/1466 1482/3250/1483 1472/3234/1468
f 1472/3234/1468 1482/3250/1483 1475/3237/1471
f 1568/3119/1388 1567/3117/1386 1525/3247/1480
f 1525/3247/1480 1567/3117/1386 1527/3251/1484
f 1525/3247/1480 1527/3251/1484 1507/3248/1481
f 1507/3248/1481 1527/3251/1484 1513/3252/1485
f 1507/3248/1481 1513/3252/1485 1494/3249/1482
f 1494/3249/1482 1513/3252/1485 1499/3253/1486
f 1494/3249/1482 1499/3253/1486 1482/3250/1483
f 1482/3250/1483 1499/3253/1486 1491/3254/1487
f 1482/3250/1483 1491/3254/1487 1475/3237/1471
f 1475/3237/1471 1491/3254/1487 1485/3240/1474
f 1567/3117/1386 1566/3116/1385 1527/3251/1484
f 1527/3251/1484 1566/3116/1385 1529/3255/1488
f 1527/3251/1484 1529/3255/1488 1513/3252/1485
f 1513/3252/1485 1529/3255/1488 1517/3256/1489
f 1513/3252/1485 1517/3256/1489 1499/3253/1486
f 1499/3253/1486 1517/3256/1489 1509/3257/1490
f 1499/3253/1486 1509/3257/1490 1491/3254/1487
f 1491/3254/1487 1509/3257/1490 1501/3258/1491
f 1491/3254/1487 1501/3258/1491 1485/3240/1474
f 1485/3240/1474 1501/3258/1491 1496/3243/1477
f 1566/3116/1385 1565/3114/1091 1529/3255/1488
f 1529/3255/1488 1565/3114/1091 1531/3259/1091
f 1529/3255/1488 1531/3259/1091 1517/3256/1489
f 1517/3256/1489 1531/3259/1091 1519/3260/1091
f 1517/3256/1489 1519/3260/1091 1509/3257/1490
f 1509/3257/1490 1519/3260/1091 1515/3261/1091
f 1509/3257/1490 1515/3261/1091 1501/3258/1491
f 1501/3258/1491 1515/3261/1091 1496/3243/1477
f 1515/3261/1091 1511/3245/1383 1496/3243/1477
f 1467/3235/1469 1466/3262/1492 1470/3233/1467
f 1530/3263/1381 1564/3198/1091 1528/3264/1493
f 1528/3264/1493 1564/3198/1091 1563/3195/1455
f 1528/3264/1493 1563/3195/1455 1562/3192/1452
f 1528/3264/1493 1562/3192/1452 1526/3265/1494
f 1526/3265/1494 1562/3192/1452 1561/3189/1449
f 1526/3265/1494 1561/3189/1449 1524/3266/1495
f 1524/3266/1495 1561/3189/1449 1560/3187/1115
f 1524/3266/1495 1560/3187/1115 1522/3267/1496
f 1522/3267/1496 1560/3187/1115 1559/3188/1127
f 1522/3267/1496 1559/3188/1127 1520/3268/1497
f 1522/3267/1496 1520/3268/1497 1504/3269/1498
f 1504/3269/1498 1520/3268/1497 1502/3270/1499
f 1504/3269/1498 1502/3270/1499 1488/3271/1500
f 1488/3271/1500 1502/3270/1499 1486/3272/1501
f 1488/3271/1500 1486/3272/1501 1479/3273/1502
f 1479/3273/1502 1486/3272/1501 1476/3274/1503
f 1479/3273/1502 1476/3274/1503 1471/3275/1504
f 1471/3275/1504 1476/3274/1503 1469/3276/1505
f 1471/3275/1504 1469/3276/1505 1467/3277/1506
f 1467/3277/1506 1469/3276/1505 1466/3278/1507
f 1467/3277/1506 1468/3279/1508 1471/3275/1504
f 1471/3275/1504 1468/3279/1508 1474/3280/1509
f 1471/3275/1504 1474/3280/1509 1479/3273/1502
f 1479/3273/1502 1474/3280/1509 1481/3281/1510
f 1479/3273/1502 1481/3281/1510 1488/3271/1500
f 1488/3271/1500 1481/3281/1510 1493/3282/1511
f 1488/3271/1500 1493/3282/1511 1504/3269/1498
f 1504/3269/1498 1493/3282/1511 1506/3283/1512
f 1504/3269/1498 1506/3283/1512 1522/3267/1496
f 1522/3267/1496 1506/3283/1512 1524/3266/1495
f 1468/3279/1508 1473/3284/1513 1474/3280/1509
f 1474/3280/1509 1473/3284/1513 1478/3285/1514
f 1474/3280/1509 1478/3285/1514 1484/3286/1515
f 1484/3286/1515 1478/3285/1514 1483/3287/1516
f 1484/3286/1515 1483/3287/1516 1492/3288/1517
f 1484/3286/1515 1492/3288/1517 1495/3289/1518
f 1495/3289/1518 1492/3288/1517 1497/3290/1519
f 1495/3289/1518 1497/3290/1519 1510/3291/1479
f 1510/3291/1479 1511/3292/1383 1495/3289/1518
f 1495/3289/1518 1511/3292/1383 1514/3293/1091
f 1495/3289/1518 1514/3293/1091 1500/3294/1520
f 1500/3294/1520 1514/3293/1091 1508/3295/1521
f 1500/3294/1520 1508/3295/1521 1498/3296/1522
f 1498/3296/1522 1508/3295/1521 1512/3297/1523
f 1498/3296/1522 1512/3297/1523 1506/3283/1512
f 1506/3283/1512 1512/3297/1523 1524/3266/1495
f 1514/3293/1091 1518/3298/1091 1508/3295/1521
f 1508/3295/1521 1518/3298/1091 1516/3299/1524
f 1508/3295/1521 1516/3299/1524 1512/3297/1523
f 1512/3297/1523 1516/3299/1524 1526/3265/1494
f 1512/3297/1523 1526/3265/1494 1524/3266/1495
f 1518/3298/1091 1530/3263/1381 1516/3299/1524
f 1516/3299/1524 1530/3263/1381 1528/3264/1493
f 1516/3299/1524 1528/3264/1493 1526/3265/1494
f 1498/3296/1522 1506/3283/1512 1493/3282/1511
f 1498/3296/1522 1493/3282/1511 1490/3300/1525
f 1490/3300/1525 1493/3282/1511 1481/3281/1510
f 1490/3300/1525 1481/3281/1510 1484/3286/1515
f 1484/3286/1515 1481/3281/1510 1474/3280/1509
f 1495/3289/1518 1500/3294/1520 1490/3300/1525
f 1490/3300/1525 1500/3294/1520 1498/3296/1522
f 1495/3289/1518 1490/3300/1525 1484/3286/1515
