ply
format ascii 1.0
comment VCGLIB generated
element vertex 1270
property float x
property float y
property float z
property float nx
property float ny
property float nz
property int flags
element face 2536
property list uchar int vertex_indices
property int flags
end_header
-95 -11 10.65 -6.283183 0 0 0 
-95 -13.81489 -1.682838 -2.917315 -0.6946824 -3.043571 0 
-95 -16.48863 -0.7472562 -2.918672 -1.353717 -2.813107 0 
-95 -18.88715 0.7598317 -2.919828 -1.946675 -2.440836 0 
-95 -20.89017 2.762854 -2.920348 -2.440641 -1.946932 0 
-95 -22.39726 5.161371 -2.921127 -2.812908 -1.354689 0 
-95 -23.33284 7.83511 -2.921279 -3.043846 -0.6947792 0 
-95 -23.65 10.65 -2.92046 -3.122071 0.0005610076 0 
-95 -23.33284 13.46489 -2.920142 -3.043852 0.6943818 0 
-95 -22.39726 16.13863 -2.920992 -2.813011 1.354458 0 
-95 -20.89017 18.53715 -2.919521 -2.440181 1.947443 0 
-95 -18.88715 20.54017 -2.918887 -1.947069 2.440408 0 
-95 -16.48863 22.04726 -2.920426 -1.35489 2.812755 0 
-95 -13.81489 22.98284 -2.921144 -0.6948858 3.043809 0 
-95 -11 23.3 -2.921383 0 3.12214 0 
-95 -8.18511 22.98284 -2.9208 0.6950818 3.043742 0 
-95 -5.511371 22.04726 -2.920672 1.354389 2.813024 0 
-95 -3.112854 20.54017 -2.919817 1.947201 2.440394 0 
-95 -1.109832 18.53715 -2.918977 2.440695 1.946737 0 
-95 0.3972562 16.13863 -2.91995 2.812696 1.354938 0 
-95 1.332838 13.46489 -2.920882 3.043775 0.694948 0 
-95 1.65 10.65 -2.919645 3.122013 -0.001021606 0 
-95 1.332838 7.83511 -2.919772 3.04398 -0.6936518 0 
-95 0.3972562 5.161371 -2.919439 2.812282 -1.355794 0 
-95 -1.109832 2.762854 -2.917323 2.440738 -1.946445 0 
-95 -3.112854 0.7598317 -2.91727 1.946429 -2.440757 0 
-95 -5.511371 -0.7472562 -2.919196 1.355739 -2.81225 0 
-95 -8.18511 -1.682838 -2.919229 0.6934543 -3.043995 0 
-95 -11 -2 -2.917319 1.122023e-05 -3.121844 0 
-36.98508 0.9168043 6.405913 -0.01999189 5.912237 -2.126601 0 
-36.97003 0.9102371 6.387518 0.1040737 5.841874 -2.298133 0 
-37.21383 0.7941431 6.076086 0.245467 5.727889 -2.52798 0 
-37 1.332838 7.83511 -0.3354458 6.095628 -1.464 0 
-37 0.9425145 6.478866 -0.08022574 5.960591 -1.980252 0 
-38.7841 -0.2544055 3.975069 0.3163326 5.227634 -3.41247 0 
-39.6117 -1.100117 2.775052 0.4809226 4.76674 -3.99122 0 
-37.90348 0.4041078 5.175621 0.4477793 5.440572 -3.010419 0 
-40.02775 -1.646287 2.133512 0.2744395 4.473958 -4.364851 0 
-40.83318 -3.108027 0.7636833 0.3938774 3.974661 -4.809106 0 
-41.45245 -5.218493 -0.6015186 0.282787 3.021858 -5.473109 0 
-41.49937 -5.509851 -0.7465243 0.3581877 2.482013 -5.730443 0 
-40.92032 -3.319257 0.5986972 0.2545191 3.569549 -5.138849 0 
-41.61842 -7.30161 -1.447289 0.2768421 1.942801 -5.941978 0 
-41.5792 -8.189201 -1.683771 0.5102387 1.35627 -6.070695 0 
-41.40783 -9.528182 -1.914086 0.2783574 0.7431991 -6.206132 0 
-41.06807 -11.01056 -1.999996 0.4726823 0.2114519 -6.219761 0 
-40.80962 -11.84267 -1.971902 0.3086522 -0.4847515 -6.22678 0 
-39.8242 -14.16811 -1.596861 0.3250617 -1.663288 -6.015964 0 
-38.47206 -16.41332 -0.7832161 0.260839 -2.326677 -5.806239 0 
-39.99574 -13.82293 -1.681001 0.326725 -1.041063 -6.155994 0 
-36.99364 -18.40449 0.39349 0.1386434 -3.692777 -5.078874 0 
-37 -18.46381 0.4365914 0.05067641 -3.713944 -5.066057 0 
-36.97285 -18.35381 0.3570893 0.08412871 -3.593573 -5.142444 0 
-37 -18.88715 0.7598317 -0.1367953 -4.024903 -4.81415 0 
-38.41763 -16.49058 -0.7463146 0.3730695 -2.736434 -5.60474 0 
-36.94336 -18.32333 0.3353832 0.09643898 -3.566979 -5.137323 0 
-37 -20.57743 2.3859 -0.2072599 -4.629072 -4.235447 0 
-37 -21.47436 3.557023 -0.1077148 -5.262102 -3.419133 0 
-37 -20.89017 2.762854 -0.143333 -4.953395 -3.860197 0 
-37 -22.83066 6.171376 -0.01866979 -5.896659 -2.142727 0 
-37 -22.39726 5.161371 -0.05431619 -5.620939 -2.787274 0 
-37 -23.54565 9.028503 0.008240246 -6.225983 -0.7752568 0 
-37 -23.64911 10.5 -0.0002613487 -6.275382 -0.2391291 0 
-37 -23.33284 7.83511 0.001156172 -6.102127 -1.451837 0 
-37 -23.65 10.65 -0.01699967 -6.2707 0.259649 0 
-37 -23.43187 12.98903 -0.01933817 -6.20259 0.94407 0 
-37 -23.33284 13.46489 -0.02076834 -6.077094 1.568128 0 
-37 -22.72967 15.38682 -0.03527038 -5.86997 2.216289 0 
-37 -22.39726 16.13863 -0.04523196 -5.613295 2.808394 0 
-37 -21.56989 17.59982 -0.0680879 -5.279488 3.391608 0 
-37 -19.99778 19.54171 -0.1179646 -4.472807 4.403721 0 
-37 -19.0757 20.38681 -0.1396494 -4.110311 4.747958 0 
-37 -20.83189 18.60968 -0.09774496 -4.79016 4.062799 0 
-37 -20.89017 18.53715 -0.08038214 -4.995648 3.807975 0 
-37 -18.88715 20.54017 -0.1816431 -3.73448 5.044055 0 
-37 -17.00447 21.78413 -0.2236447 -3.156821 5.421283 0 
-37 -16.48863 22.04726 -0.2498617 -2.590858 5.713506 0 
-37 -14.69901 22.7471 -0.2934187 -1.954588 5.957706 0 
-37 -13.81489 22.98284 -0.322953 -1.330998 6.126155 0 
-37 -12.24925 23.23816 -0.3648887 -0.6670958 6.229533 0 
-37 -9.750752 23.23816 -0.4453247 0.6367133 6.225169 0 
-37 -11 23.3 -0.3958758 -0.01153281 6.262928 0 
-37 -8.18511 22.98284 -0.5072699 1.450111 6.078048 0 
-37 -6.12443 22.32267 -0.4755196 2.238412 5.839956 0 
-37 -5.511371 22.04726 -0.4939282 2.817301 5.581796 0 
-37 -3.925335 21.13674 -0.5043446 3.427569 5.2276 0 
-37 -2.002223 19.54171 -0.481748 4.448934 4.395399 0 
-37 -1.168111 18.60968 -0.4691626 4.770109 4.044218 0 
-37 -2.924299 20.38681 -0.4864355 4.089179 4.729589 0 
-37 -3.112854 20.54017 -0.4751762 3.822571 4.948223 0 
-37 -1.109832 18.53715 -0.5004574 5.037177 3.703067 0 
-37 0.2045449 16.52202 -0.4802889 5.445282 3.076569 0 
-37 0.3972562 16.13863 -0.447668 5.71071 2.56009 0 
-37 1.140111 14.20531 -0.4342173 5.970427 1.879723 0 
-37 1.332838 13.46489 -0.4003002 6.126586 1.300406 0 
-37 1.602092 11.7499 -0.3928302 6.234274 0.6010299 0 
-37 1.649111 10.5 -0.2676703 6.265465 -0.3128928 0 
-37 1.456983 8.448618 -0.3123072 6.20341 -0.9062711 0 
-37 1.65 10.65 -0.321262 6.268958 0.08880179 0 
-31.68325 -22.78778 5.970321 0.1240091 -5.892357 -2.137284 0 
-31.63168 -23.23593 7.444627 0.1394616 -6.092856 -1.457951 0 
-31.60225 -23.51193 8.96147 0.1961563 -6.214261 -0.7788246 0 
-28.89725 -23.46681 10.5 0.5623609 -6.234968 -0.01333214 0 
-31.59542 -23.61221 10.5 0.2205904 -6.263269 -0.04514612 0 
-33.89497 -23.64911 10.5 0.04321659 -6.269654 -0.1229338 0 
-35.79601 -19.71047 1.362891 -0.2018514 -4.208229 -4.614295 0 
-34.76382 -20.58456 2.217343 -0.02210382 -4.543996 -4.299717 0 
-34.48014 -20.79801 2.460277 0.0644104 -4.830812 -3.978548 0 
-33.486 -21.46544 3.33603 0.1178439 -5.042515 -3.683645 0 
-33.09774 -21.69415 3.687392 0.1867495 -5.277106 -3.349137 0 
-32.13201 -22.19051 4.580606 0.3043869 -5.409952 -3.094501 0 
-31.73462 -22.36616 4.955741 0.2789301 -5.590782 -2.797809 0 
-31.56092 -22.43787 5.121066 0.3953702 -5.644642 -2.660646 0 
-29.98059 -22.95125 6.659516 0.5241889 -5.869903 -2.09296 0 
-29.481 -23.06207 7.158168 0.6888882 -5.977694 -1.669158 0 
-28.91162 -23.36234 8.92795 0.4710969 -6.197874 -0.7844604 0 
-27.89939 -23.24691 8.776191 0.9366791 -6.079244 -1.01959 0 
-26.32895 -23.16315 10.44512 1.103932 -6.133229 -0.3832321 0 
-26.27842 -23.15561 10.5 0.989908 -6.173737 -0.1362499 0 
-36.42397 1.698034 10.5 -0.9800433 5.928281 -1.432768 0 
-36.42159 1.512303 8.425525 -1.033342 6.121566 -0.9069766 0 
-35.86284 1.83724 10.5 -2.124382 5.90105 -0.1020603 0 
-34.87743 2.274558 10.40957 -2.464047 5.755714 -0.5064968 0 
-35.62992 1.835194 9.098332 -2.192227 5.805296 -0.7960549 0 
-34.82155 2.306365 10.5 -2.780405 5.615417 -0.2940463 0 
-36.20575 1.741581 10.5 -1.348718 6.122303 -0.2370742 0 
-35.87836 1.68397 8.632749 -1.993172 5.875052 -0.8449112 0 
-35.98891 1.615253 8.421468 -1.591456 5.992725 -0.9822179 0 
-36.44347 1.32237 7.539268 -0.9511384 6.008516 -1.562538 0 
-39.44308 -13.93926 -1.605013 1.216785 -0.8666732 -6.031495 0 
-38.07809 -16.11902 -0.8542737 1.186534 -1.726329 -5.835674 0 
-37.70843 -15.79005 -0.8093798 2.333833 -0.7335728 -5.709454 0 
-37.38591 -15.44673 -0.6513053 3.347821 0.3312262 -5.236793 0 
-39.08081 -13.69696 -1.517069 2.278089 -0.1078029 -5.786736 0 
-38.75527 -13.45319 -1.337375 3.305967 0.6468177 -5.243732 0 
-38.48256 -13.22001 -1.074812 3.997958 1.209197 -4.678615 0 
-40.43723 -11.69029 -1.941277 1.190627 0.01090552 -6.105446 0 
-40.08 -11.53869 -1.830664 2.233574 0.5229797 -5.78877 0 
-39.75247 -11.39404 -1.644565 3.266685 0.9706818 -5.226916 0 
-39.46798 -11.26223 -1.390558 3.983504 1.294037 -4.670713 0 
-41.0405 -9.456272 -1.869905 1.158931 0.9390383 -6.043728 0 
-40.68621 -9.39518 -1.756747 2.207337 1.138101 -5.714145 0 
-40.35755 -9.347075 -1.578631 3.242033 1.287886 -5.178561 0 
-40.06619 -9.313666 -1.341883 3.974781 1.377888 -4.655642 0 
-41.25283 -7.30776 -1.413927 1.152033 1.844263 -5.833431 0 
-40.89956 -7.33341 -1.31723 2.19783 1.729658 -5.568497 0 
-40.57051 -7.377695 -1.160455 3.232091 1.595979 -5.100048 0 
-40.27678 -7.439122 -0.9488879 3.971818 1.460183 -4.633594 0 
-41.08548 -5.295021 -0.6013462 1.171285 2.643734 -5.510746 0 
-40.73141 -5.400972 -0.5386879 2.204263 2.294039 -5.355856 0 
-40.40267 -5.532624 -0.4157448 3.237418 1.892605 -4.992319 0 
-40.11081 -5.685351 -0.236836 3.974444 1.539668 -4.605123 0 
-40.54888 -3.45411 0.5456651 1.15281 3.31972 -5.129021 0 
-40.1922 -3.631863 0.557895 2.226807 2.829423 -5.077668 0 
-39.86446 -3.845453 0.6349009 3.257318 2.176214 -4.856683 0 
-39.57867 -4.08639 0.7736224 3.982363 1.615191 -4.570946 0 
-39.64848 -1.823203 2.009915 1.185571 4.01922 -4.585958 0 
-39.28727 -2.062097 1.956301 2.266138 3.332676 -4.733667 0 
-38.96131 -2.351597 1.975223 3.291371 2.446762 -4.693148 0 
-38.68611 -2.677922 2.065779 3.995507 1.687246 -4.530993 0 
-38.39319 -0.4528041 3.767199 1.250876 4.649895 -3.909977 0 
-38.02528 -0.7395004 3.633662 2.323479 3.797453 -4.323602 0 
-37.70203 -1.097624 3.582315 3.340025 2.702616 -4.501169 0 
-37.44245 -1.5061 3.616181 4.013715 1.755822 -4.485333 0 
-36.80685 0.5986913 5.775504 1.178512 5.112719 -3.341484 0 
-36.42981 0.2804751 5.550212 2.272057 4.170186 -4.014685 0 
-36.11042 -0.1371023 5.41678 3.315417 2.88332 -4.414389 0 
-35.87219 -0.6233299 5.385021 4.013754 1.754053 -4.486151 0 
-36.73779 0.82007 6.206051 0.5436863 5.599051 -2.772665 0 
-36.46917 0.6582106 6.017895 1.600536 4.967266 -3.473772 0 
-36.58786 0.7376972 6.098025 1.083773 5.346923 -3.105856 0 
-36.02288 0.223053 5.767977 2.822188 3.705275 -4.21007 0 
-36.12333 0.3431826 5.81587 2.597915 4.058874 -4.027095 0 
-36.1974 0.4225023 5.854671 2.166147 4.485914 -3.810994 0 
-35.96373 0.1445631 5.742692 3.053129 3.418552 -4.288715 0 
-35.68149 -0.3462406 5.665857 3.907739 1.972578 -4.497579 0 
-35.62898 -0.4719464 5.664513 4.123042 1.616252 -4.454647 0 
-35.75241 -0.1989651 5.676147 3.75447 2.262433 -4.495832 0 
-35.76596 -0.1731368 5.678983 3.648504 2.55361 -4.429152 0 
-35.85126 -0.02395076 5.701887 3.426279 2.971769 -4.339324 0 
-37.13042 -15.11025 -0.3898065 4.013909 1.14021 -4.679667 0 
-35.61489 -16.84811 0.5043345 4.025856 0.8587839 -4.723375 0 
-35.57848 -16.77683 0.5559 4.160936 1.273661 -4.530955 0 
-35.56601 -16.7512 0.5754095 4.20445 1.385307 -4.458834 0 
-35.85802 -17.24024 0.287576 3.387155 -0.2309623 -5.270038 0 
-35.95129 -17.36665 0.2409821 2.870043 -0.5633981 -5.546901 0 
-35.81178 -17.17363 0.3166649 3.581268 0.09955762 -5.133637 0 
-36.14073 -17.59746 0.1858031 2.479306 -1.152088 -5.63481 0 
-36.28021 -17.74979 0.1719698 1.997781 -1.811399 -5.651374 0 
-36.39529 -17.86611 0.1748073 1.6761 -2.070521 -5.672358 0 
-36.5277 -17.99058 0.1923044 1.05882 -2.580566 -5.605151 0 
-36.77321 -18.19731 0.2613306 0.3403646 -2.981342 -5.501129 0 
-35.61113 -0.5190027 5.665677 4.200825 1.44136 -4.444397 0 
-33.07209 -18.79113 2.296268 4.128824 1.090157 -4.594845 0 
-34.3311 -17.88162 1.38947 4.105711 1.126462 -4.608169 0 
-31.74303 -19.54252 3.31951 4.153746 1.056456 -4.578698 0 
-30.26357 -20.16651 4.525725 4.181267 1.024464 -4.559147 0 
-28.74729 -20.59416 5.828959 4.205208 1.004311 -4.540442 0 
-28.27007 -20.68512 6.252928 4.228271 0.9952587 -4.520541 0 
-33.57183 0.4276233 7.899678 4.053827 1.7598 -4.449256 0 
-26.76967 -20.82921 7.630768 4.258606 0.9707043 -4.495165 0 
-35.49357 -16.82537 0.6206743 4.157948 1.168245 -4.555028 0 
-23.86296 -20.47603 10.5 2.098429 0.6444271 -5.388694 0 
-32.57331 0.9687417 9.018068 4.021733 1.791235 -4.461888 0 
-31.60079 1.567438 10.13001 3.996961 1.764751 -4.495183 0 
-25.29983 -20.74063 9.053197 4.28839 0.9634761 -4.467518 0 
-31.28177 1.780401 10.5 1.962966 0.8247157 -5.448792 0 
-32.85098 1.456702 9.020403 3.302664 2.907811 -4.400836 0 
-32.30088 2.472739 10.2179 1.986772 4.159548 -4.191473 0 
-31.9073 2.059592 10.1138 3.183774 2.896888 -4.499224 0 
-32.74841 2.772129 10.43356 0.9436563 5.182071 -3.352016 0 
-33.21248 1.870968 9.133996 2.163379 4.185185 -4.066088 0 
-33.81031 0.875883 7.906351 3.464102 2.802329 -4.36139 0 
-33.62934 2.178896 9.349896 0.8449106 5.136899 -3.408733 0 
-34.11991 1.266417 8.003758 2.520192 4.029535 -4.03622 0 
-34.06871 2.356221 9.651091 -0.530403 5.681438 -2.475643 0 
-34.48066 1.57405 8.185623 1.405477 4.997103 -3.454235 0 
-34.49596 2.388968 10.01384 -1.768357 5.814975 -1.341469 0 
-34.86931 1.778951 8.44022 0.1969293 5.639783 -2.64833 0 
-35.26081 1.86791 8.751138 -0.99536 5.908311 -1.73615 0 
-31.4591 2.136777 10.5 1.754936 1.081436 -5.50898 0 
-31.51278 2.20935 10.5 1.68317 1.321819 -5.440794 0 
-31.57571 2.283462 10.5 1.576362 1.459169 -5.432829 0 
-34.81198 2.311701 10.5 -2.887324 5.51802 -0.5134037 0 
-34.19807 2.594766 10.5 -2.212809 5.803975 -0.8554887 0 
-34.14137 2.615315 10.5 -1.918404 5.814545 -1.280466 0 
-33.74156 2.734028 10.5 -1.46675 5.71771 -2.147614 0 
-33.65776 2.75305 10.5 -1.121837 5.797202 -2.142746 0 
-32.95198 2.826844 10.5 0.0996483 5.383956 -3.235989 0 
-32.85948 2.823963 10.5 0.2936304 5.364605 -3.254864 0 
-33.41583 2.796224 10.5 -0.7985963 5.630078 -2.645136 0 
-33.08813 2.825404 10.5 -0.2318641 5.365842 -3.252937 0 
-32.85613 2.823798 10.5 0.2272259 5.116427 -3.630469 0 
-32.32209 2.735472 10.5 1.164986 4.371837 -4.352938 0 
-32.27322 2.720266 10.5 1.243989 4.019835 -4.612525 0 
-31.97817 2.594799 10.5 1.568098 3.018567 -5.144745 0 
-31.87539 2.534513 10.5 1.8119 2.760013 -5.245487 0 
-31.72514 2.4255 10.5 2.080891 2.626858 -5.196598 0 
-31.69248 2.397787 10.5 1.444066 1.917989 -5.402275 0 
-32.06449 2.638146 10.5 1.760207 3.771091 -4.665286 0 
-25.95894 -23.02139 10.05238 1.998536 -5.699426 -1.418818 0 
-25.64205 -22.73697 9.69193 2.99753 -4.818475 -2.505098 0 
-27.54457 -23.08388 8.403173 1.760689 -5.595651 -1.97312 0 
-25.40291 -22.332 9.391825 3.76413 -3.567562 -3.407003 0 
-27.23107 -22.78906 8.076947 2.72832 -4.692516 -2.981634 0 
-25.26015 -21.83801 9.175411 4.239502 -2.037961 -4.053145 0 
-26.98174 -22.38397 7.821296 3.502094 -3.449666 -3.777832 0 
-25.22488 -21.29343 9.05953 4.378886 -0.3551885 -4.396776 0 
-26.81477 -21.89814 7.654858 4.02559 -1.953376 -4.303546 0 
-26.74232 -21.36697 7.589767 4.259021 -0.3093423 -4.518644 0 
-29.14016 -22.87781 6.812183 1.546983 -5.436626 -2.575433 0 
-28.83113 -22.57582 6.52387 2.496804 -4.502709 -3.478382 0 
-28.57476 -22.17645 6.312678 3.280868 -3.266035 -4.149378 0 
-28.38834 -21.70664 6.192853 3.84633 -1.807838 -4.542862 0 
-28.28444 -21.1981 6.172478 4.154318 -0.224834 -4.631161 0 
-29.64387 -22.7607 6.32347 1.303969 -5.325657 -2.92399 0 
-29.33636 -22.45727 6.047806 2.266503 -4.389754 -3.772276 0 
-29.07827 -22.06087 5.850625 3.082589 -3.166562 -4.375693 0 
-28.88653 -21.59755 5.744871 3.698782 -1.734422 -4.694243 0 
-28.77374 -21.09771 5.737487 4.072835 -0.1842965 -4.706812 0 
-31.23621 -22.22967 4.820762 1.196292 -5.014856 -3.467395 0 
-30.93354 -21.92494 4.587319 2.080584 -4.081935 -4.193691 0 
-30.671 -21.54187 4.434684 2.897794 -2.900591 -4.67298 0 
-30.46427 -21.10335 4.371975 3.545288 -1.543895 -4.876003 0 
-30.3257 -20.63559 4.402938 3.983977 -0.08850846 -4.788152 0 
-32.7829 -21.47385 3.427454 0.9815102 -4.611289 -4.056221 0 
-32.4843 -21.1737 3.237801 1.863626 -3.692976 -4.642199 0 
-32.218 -20.80984 3.128636 2.692474 -2.568593 -4.98803 0 
-31.99833 -20.40187 3.105834 3.379442 -1.303948 -5.067661 0 
-31.83712 -19.97171 3.17062 3.887605 0.03667334 -4.874224 0 
-34.17218 -20.57303 2.240702 0.7855384 -4.150198 -4.57031 0 
-33.87592 -20.28343 2.092289 1.66072 -3.259571 -5.03396 0 
-33.6057 -19.94323 2.022222 2.504016 -2.207991 -5.257836 0 
-33.3746 -19.5689 2.033895 3.228814 -1.047459 -5.228794 0 
-33.19381 -19.17857 2.126742 3.800382 0.168989 -4.945595 0 
-35.49225 -19.48845 1.184206 0.5506002 -3.613636 -5.033907 0 
-35.19632 -19.21614 1.075762 1.469111 -2.770532 -5.378758 0 
-34.92105 -18.90534 1.042262 2.328381 -1.809366 -5.490104 0 
-34.67839 -18.56953 1.085159 3.089368 -0.767629 -5.364523 0 
-34.47886 -18.22329 1.202593 3.71963 0.3120423 -5.004761 0 
-36.71449 -18.23369 0.2851183 0.5335765 -3.101998 -5.397249 0 
-36.41719 -17.98535 0.2135637 1.432681 -2.37138 -5.605769 0 
-36.13611 -17.70935 0.212668 2.290065 -1.480114 -5.628313 0 
-35.88215 -17.41641 0.2824661 3.054957 -0.5760149 -5.428968 0 
-35.66516 -17.11789 0.4202499 3.600233 0.5677417 -5.069961 0 
-23.82798 -20.59929 10.5 2.069565 0.3761855 -5.470174 0 
-23.79201 -20.99753 10.5 2.341038 -0.169467 -5.422171 0 
-23.83662 -21.29733 10.5 3.286218 -1.001063 -5.105479 0 
-23.94745 -21.61025 10.5 3.748176 -1.718346 -4.686091 0 
-23.81074 -21.17229 10.5 3.416822 -0.5493496 -5.098209 0 
-23.79847 -21.08161 10.5 3.547636 -0.3659883 -5.054068 0 
-23.79388 -21.02909 10.5 3.491303 -0.2462759 -5.084903 0 
-24.11944 -21.91062 10.5 3.807004 -2.790371 -4.124556 0 
-24.2791 -22.11633 10.5 3.82733 -3.15739 -3.844638 0 
-24.02782 -21.76543 10.5 3.934659 -2.213213 -4.339665 0 
-24.7888 -22.56982 10.5 3.269481 -4.607983 -2.740783 0 
-24.81223 -22.58597 10.5 3.19635 -4.730325 -2.617619 0 
-24.41835 -22.26415 10.5 3.650937 -3.855495 -3.353011 0 
-24.57888 -22.40955 10.5 3.479563 -4.1794 -3.141335 0 
-24.33886 -22.18267 10.5 3.722134 -3.49321 -3.644042 0 
-25.07948 -22.74986 10.5 2.767001 -5.28981 -1.891213 0 
-25.49386 -22.94317 10.5 2.429914 -5.640152 -0.8739691 0 
-26.26584 -23.15358 10.5 1.208328 -6.102807 -0.443307 0 
-25.61291 -22.98732 10.5 2.00133 -5.856904 -1.027205 0 
-31.89921 2.759347 10.55898 -0.950195 1.206831 -5.989767 0 
-32.08969 3.092475 10.73129 -1.502022 2.832727 -5.316813 0 
-31.93314 2.776952 10.56791 -0.001424648 2.416899 -5.767859 0 
-32.24892 3.370971 11.00336 -2.084369 4.110766 -4.162652 0 
-32.13082 3.094919 10.74458 -1.047166 3.507153 -5.074645 0 
-32.3644 3.572934 11.35382 -2.550587 4.97937 -2.685514 0 
-32.30313 3.355179 11.01655 -1.869829 4.453956 -3.96988 0 
-32.42704 3.682482 11.75509 -2.826113 5.425865 -1.009637 0 
-32.43695 3.537908 11.3631 -2.512455 5.120186 -2.543989 0 
-32.43191 3.691 12.17562 -2.897207 5.506788 0.4438591 0 
-32.52207 3.629186 11.75783 -2.953743 5.411869 -0.9141892 0 
-32.18887 2.87422 10.61262 0.255772 3.35547 -5.286235 0 
-32.40394 3.105236 10.80112 -0.6817957 4.308742 -4.496276 0 
-32.61046 3.273969 11.05416 -1.544605 5.012917 -3.419339 0 
-32.79604 3.370286 11.35654 -2.289061 5.418262 -2.129742 0 
-32.55202 3.62206 12.17068 -3.15883 5.382328 0.4484757 0 
-32.94952 3.3884 11.69012 -2.883963 5.493422 -0.7109569 0 
-32.47622 2.929015 10.6359 0.2205092 4.231186 -4.609755 0 
-32.68204 3.090899 10.82213 -0.6220465 4.918181 -3.823232 0 
-32.88124 3.198488 11.05016 -1.440758 5.39418 -2.831554 0 
-33.06468 3.246846 11.30951 -2.199935 5.598286 -1.725 0 
-33.06168 3.327223 12.03483 -3.246344 5.334715 0.4589197 0 
-33.22393 3.233754 11.5883 -2.860668 5.531316 -0.5516354 0 
-33.11129 2.917974 10.63959 -0.5990374 5.286943 -3.301845 0 
-33.26723 2.979265 10.79802 -1.279981 5.488001 -2.733507 0 
-33.4161 3.009268 10.97155 -1.887669 5.639732 -1.975735 0 
-33.55439 3.007273 11.15606 -2.455406 5.646279 -1.171289 0 
-33.3517 3.159812 11.87371 -3.289918 5.320243 0.400204 0 
-33.67883 2.973329 11.34721 -2.966501 5.508053 -0.344476 0 
-33.75573 2.772786 10.60522 -1.585331 5.685905 -2.111226 0 
-33.85008 2.77983 10.71523 -2.020036 5.674883 -1.744098 0 
-33.93996 2.774117 10.82901 -2.385165 5.669802 -1.240824 0 
-34.02451 2.755701 10.9455 -2.731787 5.603855 -0.7260332 0 
-33.78648 2.908238 11.54047 -3.31062 5.327222 0.2588121 0 
-34.10294 2.724754 11.06359 -3.054068 5.479092 -0.2080259 0 
-34.36022 2.540287 10.55086 -2.466721 5.547146 -1.444228 0 
-34.3983 2.531025 10.60215 -2.652899 5.630474 -0.8245987 0 
-34.43521 2.519267 10.65379 -2.802018 5.590425 -0.5890908 0 
-34.47088 2.505033 10.70568 -2.946795 5.536743 -0.3508712 0 
-34.50525 2.48835 10.75771 -3.088533 5.469073 -0.1170169 0 
-34.53825 2.46925 10.8098 -3.151778 5.435457 -0.004881221 0 
-34.81266 2.311337 10.50103 -2.98322 5.528727 -0.02911031 0 
-34.81333 2.310972 10.50206 -3.023597 5.50739 -0.04824178 0 
-34.81401 2.310607 10.50309 -3.051921 5.491814 -0.06138315 0 
-34.81468 2.310241 10.50413 -3.069332 5.482092 -0.06400906 0 
-34.81536 2.309873 10.50516 -3.077438 5.47758 -0.06024364 0 
-34.81603 2.309505 10.50619 -3.104191 5.462655 -0.02219297 0 
-34.17451 2.681566 11.1822 -3.181357 5.415177 0.1353594 0 
-31.23485 4.259342 12.16195 -2.323078 5.781817 0.3821931 0 
-31.23446 4.258178 11.8269 -2.321545 5.773736 -0.4557465 0 
-31.23065 4.246764 11.74374 -2.268814 5.647033 -1.359678 0 
-31.19573 4.141984 11.3836 -2.174982 5.408047 -2.232962 0 
-31.19009 4.125088 11.34552 -2.029097 5.045676 -3.059104 0 
-31.11634 3.903834 10.99825 -1.728111 4.290494 -4.113848 0 
-31.01509 3.600067 10.7288 -1.369499 3.395357 -5.064766 0 
-31.00377 3.566115 10.70707 -1.082659 2.665802 -5.555781 0 
-30.8942 3.237417 10.55826 -0.7722752 1.894728 -5.912263 0 
-30.86859 3.160575 10.53743 -0.4438013 1.052028 -6.158307 0 
-30.76318 2.844365 10.5 -0.1561116 0.3432942 -6.260344 0 
-25.68202 -23.02015 10.55249 1.889819 -5.849403 -0.9949168 0 
-26.26731 -23.15382 10.50209 1.154099 -6.173053 0.07733485 0 
-26.26657 -23.1537 10.50105 1.190302 -6.163774 0.1195933 0 
-26.26805 -23.15394 10.50314 1.106592 -6.183537 0.05061302 0 
-25.71704 -23.03815 10.60542 1.824834 -5.943687 -0.6978034 0 
-26.26879 -23.15406 10.50419 1.069789 -6.190756 0.03437423 0 
-25.75285 -23.05338 10.6587 1.644728 -6.028939 -0.4944189 0 
-26.26953 -23.15418 10.50523 1.040865 -6.196049 0.029444 0 
-25.78937 -23.06581 10.71222 1.464548 -6.095481 -0.2818307 0 
-25.86428 -23.08217 10.81957 1.040931 -6.186422 0.2099749 0 
-26.27026 -23.1543 10.50628 0.8825483 -6.212499 0.2049377 0 
-24.84801 -22.67382 10.61793 2.991239 -5.01953 -2.213183 0 
-24.916 -22.76286 10.74315 2.580643 -5.327088 -1.959417 0 
-24.99191 -22.83582 10.8741 2.296193 -5.643899 -1.401853 0 
-25.82654 -23.07541 10.76588 1.281286 -6.145981 -0.0693562 0 
-25.07478 -22.89177 11.00913 1.969651 -5.886616 -0.8258914 0 
-25.25718 -22.95008 11.28462 1.255652 -6.142795 0.2673507 0 
-24.46961 -22.43127 10.63836 3.478467 -4.303025 -2.887702 0 
-24.53827 -22.57581 10.79359 3.027349 -4.825394 -2.515806 0 
-24.62283 -22.69457 10.96226 2.674516 -5.336866 -1.831175 0 
-25.16357 -22.93002 11.14654 1.603753 -6.054017 -0.2521457 0 
-24.72142 -22.78492 11.14064 2.264244 -5.726013 -1.09497 0 
-24.95168 -22.87309 11.51066 1.366701 -6.111351 0.3601906 0 
-24.14317 -22.14945 10.64418 3.698693 -3.481309 -3.60648 0 
-24.19549 -22.35972 10.8215 3.201946 -4.256202 -3.191198 0 
-24.27457 -22.53409 11.02579 2.873758 -4.996092 -2.368051 0 
-24.83185 -22.84487 11.32479 1.806526 -5.985065 -0.3414422 0 
-24.37765 -22.6665 11.24993 2.450965 -5.557036 -1.445235 0 
-24.64073 -22.78858 11.72608 1.432408 -6.08216 0.4559711 0 
-23.91377 -21.87848 10.63282 3.601197 -2.728594 -4.28347 0 
-23.93308 -22.15084 10.82064 3.09375 -3.736095 -3.860178 0 
-23.98875 -22.37918 11.0543 2.852829 -4.695926 -2.925777 0 
-24.50113 -22.75233 11.4861 1.948661 -5.920606 -0.478505 0 
-24.07807 -22.55234 11.32238 2.489151 -5.419769 -1.822137 0 
-24.33877 -22.70245 11.90843 1.488312 -6.061022 0.4895159 0 
-23.77454 -21.6496 10.60838 3.168022 -2.101763 -4.917738 0 
-23.74994 -21.97165 10.79648 2.590646 -3.373659 -4.514846 0 
-23.76436 -22.24347 11.05262 2.480152 -4.517713 -3.500757 0 
-24.19667 -22.66188 11.6118 2.014261 -5.875014 -0.6334039 0 
-23.8169 -22.44818 11.36089 2.278389 -5.365629 -2.217025 0 
-24.02112 -22.61042 12.05522 1.570405 -6.040148 0.4838478 0 
-23.68807 -21.42509 10.56555 1.723455 -1.716031 -5.742406 0 
-23.59725 -21.79028 10.74074 1.386933 -3.169053 -5.168467 0 
-23.52836 -22.0967 11.01216 1.649908 -4.450608 -4.044564 0 
-23.90429 -22.57308 11.70215 1.95145 -5.871384 -0.7956921 0 
-23.48668 -22.32088 11.35902 1.774885 -5.383846 -2.598908 0 
-23.49541 -22.46146 12.16908 1.643368 -6.017302 0.4734603 0 
-23.68198 -21.39851 10.55878 -0.02248416 -1.524716 -5.978121 0 
-23.58057 -21.76805 10.73052 0.7684934 -3.067878 -5.34841 0 
-23.49574 -22.07721 11.00175 1.26671 -4.41035 -4.204358 0 
-23.43412 -22.30175 11.35122 1.548784 -5.379355 -2.719652 0 
-23.40055 -22.42407 11.75153 1.674413 -5.901652 -1.034689 0 
-23.47541 -22.44565 11.75476 1.762106 -5.898643 -0.965189 0 
-23.39767 -22.43459 12.17132 1.687424 -5.998893 0.4722464 0 
-29.34129 -9.729795 24.3125 -0.7812392 -0.2015067 6.22284 0 
-29.67159 -8.418647 24.24573 -0.9830273 0.3798914 6.186217 0 
-32.06149 -9.08035 23.90986 -0.9696349 0.4540208 6.183687 0 
-34.38187 -10.82491 23.6375 -0.803703 -0.07885063 6.223031 0 
-34.48847 -9.559503 23.57399 -0.9061396 0.5283325 6.188261 0 
-26.83356 -8.94451 24.65 -0.3836156 -0.1249228 6.236625 0 
-27.27045 -7.633847 24.58167 -0.5848573 0.4678157 6.202471 0 
-31.72276 -0.2724026 20.25767 -2.383802 3.876101 4.319191 0 
-31.94431 0.6087128 19.25197 -2.51572 4.256249 3.858399 0 
-33.55923 -0.1934761 19.03786 -2.453694 4.345256 3.810169 0 
-30.63069 -4.610938 23.25811 -1.602918 2.043416 5.71312 0 
-30.92946 -3.424462 22.67703 -1.808783 2.560419 5.436475 0 
-32.89137 -4.161944 22.37938 -1.702693 2.675919 5.417455 0 
-29.99869 -7.120138 24.04631 -1.189349 0.9504135 6.088161 0 
-30.31942 -5.846825 23.71595 -1.397086 1.51178 5.928569 0 
-32.48903 -6.547278 23.39298 -1.32604 1.611015 5.919842 0 
-32.27739 -7.801361 23.71529 -1.144624 1.040723 6.082613 0 
-32.69437 -5.330189 22.94629 -1.51259 2.158175 5.697188 0 
-31.21287 -2.298738 21.97861 -2.004496 3.031584 5.11551 0 
-31.47815 -1.244714 21.16946 -2.173033 3.4908 4.73879 0 
-33.25281 -2.016431 20.90856 -2.08537 3.600079 4.701689 0 
-33.07814 -3.053751 21.69798 -1.894395 3.158274 5.084152 0 
-33.41371 -1.059882 20.01901 -2.27285 3.996847 4.275119 0 
-32.45063 2.625933 15.7743 -2.920326 5.038781 2.312241 0 
-32.56118 3.068132 14.49921 -2.999036 5.217611 1.735093 0 
-33.96178 2.219422 14.40124 -3.039545 5.2279 1.689594 0 
-32.14071 1.390339 18.16235 -2.693754 4.549245 3.372355 0 
-32.31001 2.06483 16.9993 -2.787966 4.84059 2.841376 0 
-33.79868 1.236759 16.8402 -2.781412 4.889076 2.789742 0 
-33.68799 0.57459 17.97484 -2.624434 4.642976 3.312949 0 
-33.89025 1.786853 15.64514 -2.920951 5.08364 2.246708 0 
-32.64066 3.387461 13.18657 -3.031237 5.340139 1.230402 0 
-34.01259 2.530548 13.12072 -3.145052 5.314677 1.135662 0 
-29.98078 0.4971435 20.49632 -1.767047 3.919836 4.525881 0 
-30.05253 0.7124063 20.26155 -1.896852 4.285068 4.125175 0 
-28.58625 -3.686454 23.50616 -1.191538 2.17353 5.732612 0 
-28.93358 -2.644448 22.97473 -1.370757 2.700051 5.459785 0 
-27.72837 -6.260078 24.36106 -0.7904205 1.047692 6.107899 0 
-28.12721 -5.063558 24.03897 -0.992992 1.616215 5.950885 0 
-29.37178 -1.329868 22.12059 -1.55312 3.306134 5.04706 0 
-30.99282 3.533274 15.44637 -2.308505 5.422742 2.097005 0 
-30.93723 3.366494 15.90346 -2.229327 5.264747 2.510285 0 
-30.53102 2.147864 18.34986 -2.044225 4.679842 3.591554 0 
-30.60042 2.356069 18.00578 -2.143353 4.974417 3.106345 0 
-31.08114 3.798229 14.5972 -2.319208 5.555156 1.664489 0 
-31.21354 4.19543 12.68899 -2.319083 5.709292 1.067923 0 
-26.95982 -19.18719 20.25767 0.5465078 -4.425665 4.40267 0 
-27.20444 -18.21488 21.16946 0.4155805 -3.99635 4.811118 0 
-30.43413 -18.72723 20.90856 0.1055409 -4.031119 4.800436 0 
-26.23196 -22.08552 15.7743 0.8582299 -5.730917 2.380364 0 
-26.37258 -21.52442 16.9993 0.8345276 -5.463122 2.946485 0 
-29.88826 -21.98042 16.8402 0.3816832 -5.53645 2.909971 0 
-26.04193 -22.84705 13.18657 0.9500415 -6.06915 1.218488 0 
-26.1214 -22.52772 14.49921 0.9132631 -5.927523 1.806272 0 
-29.72516 -22.96309 14.40124 0.4488033 -5.989025 1.783183 0 
-25.99432 -23.04034 11.84914 0.9343249 -6.160357 0.6737078 0 
-29.67435 -23.27421 13.12072 0.4645925 -6.13223 1.192535 0 
-29.79669 -22.53052 15.64514 0.421179 -5.789827 2.35742 0 
-26.54188 -20.84993 18.16235 0.770238 -5.164846 3.457292 0 
-26.73827 -20.0683 19.25197 0.6642973 -4.821873 3.944016 0 
-30.1277 -20.55019 19.03786 0.2670758 -4.876067 3.929042 0 
-29.99895 -21.31825 17.97484 0.3302963 -5.230945 3.435512 0 
-30.27323 -19.68378 20.01901 0.1921061 -4.474873 4.385548 0 
-24.46849 -21.72531 15.83888 1.230772 -5.637091 2.43875 0 
-22.91386 -20.70362 17.15842 1.49154 -5.349857 2.895891 0 
-24.24807 -22.48235 13.21949 1.403718 -5.981173 1.238418 0 
-24.34015 -22.16562 14.5482 1.327649 -5.856684 1.792716 0 
-22.58598 -21.68727 14.5972 1.743956 -5.782966 1.672871 0 
-22.6743 -21.42231 15.44639 1.670568 -5.668028 2.110274 0 
-23.39443 -19.2619 19.46612 1.252894 -4.744797 3.88034 0 
-23.0667 -20.2451 18.00579 1.37921 -5.098737 3.355752 0 
-23.61459 -18.60143 20.26157 1.118126 -4.366881 4.338079 0 
-24.00897 -17.41829 21.43039 0.9574053 -3.928558 4.772541 0 
-28.05189 -14.84865 23.25811 -0.04074365 -2.479866 5.760626 0 
-28.36316 -13.61276 23.71595 -0.2104115 -1.941974 5.960963 0 
-31.19791 -14.19639 23.39298 -0.352084 -1.920976 5.960986 0 
-27.46971 -17.16085 21.97861 0.2801196 -3.512915 5.184838 0 
-27.75312 -16.03513 22.67703 0.1302709 -3.026569 5.490134 0 
-30.79557 -16.58172 22.37938 -0.1015688 -3.032994 5.487906 0 
-30.60881 -17.68991 21.69798 0.007566601 -3.54892 5.169193 0 
-30.99257 -15.41348 22.94629 -0.2215705 -2.488467 5.752836 0 
-28.68389 -12.33945 24.04631 -0.4017182 -1.3616 6.111261 0 
-29.01099 -11.04094 24.24573 -0.5843633 -0.785239 6.197581 0 
-31.62545 -11.66332 23.90986 -0.6428875 -0.7414327 6.197101 0 
-31.40956 -12.9423 23.71529 -0.4926859 -1.336523 6.109674 0 
-31.84347 -10.37183 23.975 -0.8021014 -0.1423347 6.221905 0 
-25.08088 -14.20257 23.50617 0.4246435 -2.422127 5.749366 0 
-25.53991 -12.82548 24.03897 0.234064 -1.873967 5.959508 0 
-24.29535 -16.55915 22.12061 0.7887985 -3.455508 5.152755 0 
-24.73353 -15.24459 22.97473 0.617288 -2.962887 5.471164 0 
-25.96404 -11.55307 24.37732 -0.0144697 -1.144049 6.156535 0 
-26.39667 -10.25519 24.58167 -0.1730783 -0.7077936 6.207386 0 
-25.93875 -11.62894 24.36106 0.0851926 -1.438432 6.09549 0 
-29.6448 -23.46077 11.81606 0.4590354 -6.219071 0.6048313 0 
-33.31872 -23.59601 11.78297 0.0937703 -6.246466 0.5574123 0 
-33.61605 -19.9401 19.78036 -0.1035822 -4.491676 4.373139 0 
-33.69409 -19.00572 20.64767 -0.1607919 -4.045539 4.788116 0 
-33.38743 -22.70957 15.51598 0.0798014 -5.82338 2.324413 0 
-33.43081 -22.1769 16.6811 0.04625643 -5.564492 2.889876 0 
-33.33109 -23.4226 13.05488 0.1146151 -6.164156 1.149006 0 
-33.35408 -23.12609 14.30326 0.09608912 -6.019969 1.753402 0 
-33.48374 -21.53347 17.78733 0.004394263 -5.25861 3.414579 0 
-33.5457 -20.78538 18.82375 -0.04416808 -4.897648 3.914433 0 
-33.96608 -15.76367 22.63449 -0.405197 -2.465529 5.752464 0 
-33.77901 -17.99152 21.41736 -0.2449865 -3.546449 5.165279 0 
-33.86998 -16.90728 22.08173 -0.3119753 -3.032534 5.480454 0 
-34.16974 -13.34336 23.38428 -0.5925698 -1.292879 6.110007 0 
-34.06633 -14.5718 23.07002 -0.4931613 -1.899198 5.957727 0 
-34.27527 -12.09031 23.57399 -0.69851 -0.6913542 6.196693 0 
-36.06067 -1.917451 19.66104 -1.245104 4.36095 4.340829 0 
-36.0953 -1.080147 18.7167 -1.270144 4.762454 3.886084 0 
-35.88786 -6.057265 22.47858 -1.076102 2.294523 5.741822 0 
-35.93536 -4.923403 21.93291 -1.134875 2.9207 5.441006 0 
-34.59401 -8.306448 23.38428 -1.009996 1.133276 6.091415 0 
-34.69741 -7.07801 23.07002 -1.165965 1.744605 5.916655 0 
-34.79767 -5.886136 22.63449 -1.304322 2.287542 5.698988 0 
-34.89376 -4.742535 22.08173 -1.435701 2.824331 5.420291 0 
-35.98029 -3.848544 21.27705 -1.158705 3.421411 5.135511 0 
-36.02221 -2.843319 20.51723 -1.194628 3.922518 4.754359 0 
-34.98473 -3.658288 21.41736 -1.567675 3.327309 5.08828 0 
-35.06966 -2.644087 20.64767 -1.698965 3.791338 4.70707 0 
-35.14769 -1.709715 19.78036 -1.828084 4.211729 4.281358 0 
-35.21804 -0.864434 18.82375 -1.953254 4.584743 3.816336 0 
-36.17279 0.8237324 15.4514 -1.404966 5.67467 2.280242 0 
-36.12573 -0.3394598 17.69357 -1.413948 5.106248 3.369663 0 
-36.15165 0.2971893 16.60155 -1.303776 5.422308 2.871366 0 
-35.28001 -0.1163433 17.78733 -2.072492 4.907337 3.317613 0 
-35.33294 0.5270896 16.6811 -2.183557 5.177536 2.790968 0 
-35.37631 1.05976 15.51598 -2.284126 5.394185 2.242287 0 
-35.40966 1.476283 14.30326 -2.371763 5.557081 1.677234 0 
-36.18892 1.234818 14.25428 -1.332316 5.872449 1.739234 0 
-36.19986 1.526601 13.02196 -1.380295 6.012987 1.108907 0 
-36.20549 1.696014 11.76643 -1.341335 6.096845 0.5173445 0 
-35.43266 1.772791 13.05488 -2.444233 5.666666 1.101233 0 
-35.44502 1.946195 11.78297 -2.506925 5.722497 0.5041096 0 
-34.04214 2.717104 11.81606 -3.241052 5.344125 0.6135665 0 
-22.91439 -22.29697 12.167 1.741388 -5.991712 0.3979247 0 
-22.45358 -22.08447 12.68901 1.828742 -5.902421 1.078675 0 
-22.43227 -22.14838 12.16197 1.912042 -5.953024 0.2994888 0 
-22.72989 -21.25553 15.90346 1.624627 -5.542358 2.444749 0 
-19.58084 8.144032 12.162 -3.903494 4.283026 0.8159149 0 
-19.65568 8.117769 11.8269 -3.941154 4.266471 0.2981829 0 
-19.72941 8.04534 11.59604 -3.892061 4.194229 -0.2715269 0 
-19.81405 7.935876 11.3836 -3.900037 4.02098 -0.8182992 0 
-20.01656 7.603761 10.99825 -3.828064 3.636575 -1.433718 0 
-20.23561 7.1555 10.70707 -3.696063 2.756224 -1.993969 0 
-20.44345 6.635621 10.53743 -3.466343 1.943085 -3.012782 0 
-20.57425 6.241004 10.5 -0.1632296 0.2625607 -6.266341 0 
-22.91781 -22.28547 11.74796 1.740299 -5.877606 -1.036793 0 
-22.43635 -22.13572 11.74378 1.876683 -5.843492 -1.022001 0 
-22.95416 -22.16326 11.3486 1.582466 -5.369565 -2.705985 0 
-22.47017 -22.03057 11.38362 1.781386 -5.569363 -2.247632 0 
-22.47562 -22.01362 11.34555 1.668116 -5.190536 -3.079238 0 
-23.0206 -21.9399 11.00013 1.322111 -4.444451 -4.141533 0 
-22.54705 -21.79158 10.99823 1.418152 -4.406879 -4.149918 0 
-23.11194 -21.63283 10.72974 0.9318326 -3.187684 -5.259119 0 
-23.22104 -21.26604 10.55858 0.4799601 -1.649305 -5.979358 0 
-22.76208 -21.12315 10.55835 0.516816 -1.602332 -5.99407 0 
-22.65606 -21.45272 10.70707 0.8718382 -2.734152 -5.570287 0 
-23.33939 -20.86816 10.5 0.12596 -0.4238618 -6.251908 0 
-22.88896 -20.72876 10.5 0.1348106 -0.4201993 -6.252035 0 
-22.64508 -21.48685 10.72884 1.119548 -3.478633 -5.085762 0 
-10.85389 -18.28763 11.8269 -0.5932577 -5.777909 0.2979729 0 
-11.08972 -18.23713 11.3836 -0.7073722 -5.556597 -0.8188021 0 
-10.95667 -18.27384 11.5954 -0.5971903 -5.690472 -0.2722403 0 
-11.45099 -18.09295 10.99825 -0.8809816 -5.206141 -1.433818 0 
-11.89519 -17.86577 10.70707 -1.303845 -4.423972 -1.993089 0 
-12.37339 -17.57457 10.53743 -1.60827 -3.634285 -3.012851 0 
-12.7148 -17.33735 10.5 0.02564898 -0.3113538 -6.266026 0 
-10.77825 -18.26373 12.162 -0.5529801 -5.768516 0.8159208 0 
-8.889124 13.30351 10.5 -1.736971 2.599561 -3.337941 0 
-18.66049 10.67877 10.5 -2.652747 1.531887 -2.469569 0 
-16.5797 13.68808 10.5 -2.355861 1.951341 -2.453744 0 
-14.0188 16.30102 10.5 -1.99735 2.316135 -2.450767 0 
-20.20092 7.360231 10.5 -2.871189 1.122529 -2.54678 0 
-11.05196 18.44192 10.5 -1.577046 2.624348 -2.465361 0 
-7.765073 20.04878 10.5 -1.107505 2.856533 -2.473992 0 
-6.122935 14.78207 10.5 -1.196446 2.888477 -3.337942 0 
9.973185 19.04693 10.5 1.417288 2.709291 -2.447152 0 
13.05823 17.08018 10.5 1.855334 2.433722 -2.458979 0 
8.889124 13.30351 10.5 1.736971 2.599561 -3.337942 0 
-4.253332 21.07508 10.5 -0.604014 3.003221 -2.472457 0 
-3.121445 15.69256 10.5 -0.6099434 3.066391 -3.337942 0 
6.599338 20.46213 10.5 0.9426786 2.910458 -2.45488 0 
6.122935 14.78207 10.5 1.196446 2.888477 -3.337942 0 
3.121445 15.69256 10.5 0.6099433 3.066391 -3.337942 0 
15.76515 14.61883 10.5 2.247034 2.078887 -2.462915 0 
18.01554 11.73415 10.5 2.563948 1.673965 -2.466575 0 
13.30351 8.889124 10.5 2.599561 1.736971 -3.337942 0 
19.74425 8.509686 10.5 2.813243 1.213416 -2.474251 0 
14.78207 6.122935 10.5 2.888477 1.196446 -3.337942 0 
-0.6184244 21.4911 10.5 -0.09023745 3.061146 -2.468281 0 
0 16 10.5 2.980232e-08 3.126465 -3.337943 0 
3.034391 21.28479 10.5 0.4345082 3.030971 -2.466257 0 
20.90121 5.038798 10.5 2.978468 0.7158136 -2.472084 0 
15.69256 3.121445 10.5 3.066391 0.6099434 -3.337942 0 
21.45292 1.421999 10.5 3.05573 0.2062004 -2.468987 0 
16 0 10.5 3.126465 -2.235174e-08 -3.337942 0 
21.38341 -2.235977 10.5 3.047283 -0.3190414 -2.474951 0 
15.69256 -3.121445 10.5 3.066391 -0.6099433 -3.337942 0 
19.40671 -9.253634 10.5 2.764882 -1.315807 -2.465656 0 
17.55675 -12.4101 10.5 2.502333 -1.768016 -2.474886 0 
13.30351 -8.889124 10.5 2.599561 -1.736971 -3.337942 0 
15.19839 -15.2072 10.5 2.164812 -2.168026 -2.474448 0 
11.31371 -11.31371 10.5 2.210745 -2.210745 -3.337942 0 
11.31371 11.31371 10.5 2.210745 2.210745 -3.337942 0 
20.69469 -5.829206 10.5 2.947867 -0.8317928 -2.470643 0 
14.78207 -6.122935 10.5 2.888477 -1.196446 -3.337942 0 
2.223583 -21.38471 10.5 0.3207848 -3.045807 -2.468904 0 
-1.434433 -21.4521 10.5 -0.2054177 -3.056981 -2.474807 0 
0 -16 10.5 -2.980232e-08 -3.126465 -3.337943 0 
12.39992 -17.56394 10.5 1.766992 -2.501181 -2.467269 0 
8.889124 -13.30351 10.5 1.736971 -2.599561 -3.337942 0 
9.242385 -19.41207 10.5 1.317677 -2.766093 -2.474916 0 
6.122935 -14.78207 10.5 1.196446 -2.888477 -3.337942 0 
5.81721 -20.69807 10.5 0.8263564 -2.949919 -2.473282 0 
3.121445 -15.69256 10.5 0.6099434 -3.066391 -3.337942 0 
-5.050912 -20.89828 10.5 -0.72079 -2.975899 -2.465344 0 
-3.121445 -15.69256 10.5 -0.6099433 -3.066391 -3.337942 0 
-11.31371 -11.31371 10.5 -2.210745 -2.210745 -3.337942 0 
-8.521129 -19.73931 10.5 -1.205541 -2.816768 -2.472155 0 
-6.122935 -14.78207 10.5 -1.196446 -2.888477 -3.337942 0 
-11.74459 -18.00873 10.5 -1.623436 -2.620739 -2.546793 0 
-8.889124 -13.30351 10.5 -1.736971 -2.599561 -3.337942 0 
-11.31371 11.31371 10.5 -2.210745 2.210745 -3.337942 0 
-13.30351 8.889124 10.5 -2.599561 1.736971 -3.337942 0 
-13.30351 -8.889124 10.5 -2.599561 -1.736971 -3.337942 0 
-15.69256 -3.121445 10.5 -3.066391 -0.6099434 -3.337942 0 
-14.78207 -6.122935 10.5 -2.888477 -1.196446 -3.337942 0 
-14.78207 6.122935 10.5 -2.888477 1.196446 -3.337942 0 
-15.69256 3.121445 10.5 -3.066391 0.6099433 -3.337942 0 
-16 0 10.5 -3.126465 2.980232e-08 -3.337943 0 
-17.6374 11.01551 14.5 -3.755608 2.462203 3.271887 0 
-18.04833 10.32845 14.5 -3.942013 2.151156 3.283947 0 
-15.82142 13.49452 14.5 -3.32068 3.021181 3.278822 0 
-13.69078 15.65189 14.5 -3.077663 3.279352 3.280725 0 
-16.0358 13.23904 14.5 -3.538578 2.762666 3.292848 0 
-13.55892 15.76626 14.5 -2.821156 3.501938 3.290193 0 
-11.27832 17.47051 14.5 -2.535955 3.711116 3.270956 0 
-10.6894 17.83693 14.5 -2.23559 3.900347 3.29183 0 
-8.660845 18.90526 14.5 -1.924767 4.061219 3.26692 0 
-5.903123 19.93922 14.5 -1.268929 4.312074 3.265232 0 
-7.51034 19.39108 14.5 -1.600755 4.201859 3.292391 0 
-3.065044 20.56756 14.5 -0.5865233 4.457675 3.267151 0 
-4.113801 20.38371 14.5 -0.9309016 4.40024 3.292651 0 
0.6125017 20.78567 14.5 0.1939974 4.491538 3.26641 0 
-0.598137 20.78609 14.5 -0.1970104 4.488732 3.277375 0 
3.712163 20.46067 14.5 0.9074014 4.403637 3.26938 0 
2.934848 20.58655 14.5 0.552108 4.462275 3.288543 0 
6.75566 19.66673 14.5 1.599416 4.201876 3.273938 0 
9.617098 18.43721 14.5 1.931531 4.062071 3.285903 0 
6.382847 19.79087 14.5 1.25947 4.317456 3.287237 0 
9.646014 18.4221 14.5 2.229003 3.90588 3.288563 0 
12.23986 16.81086 14.5 2.531572 3.714111 3.273188 0 
12.62986 16.51987 14.5 2.819809 3.504002 3.28909 0 
14.57307 14.83391 14.5 3.088006 3.267962 3.26784 0 
15.24797 14.13926 14.5 3.359753 2.982056 3.276077 0 
17.00327 11.97113 14.5 3.610864 2.677999 3.270038 0 
17.42454 11.34922 14.5 3.811694 2.386497 3.290839 0 
18.54694 9.403742 14.5 3.985776 2.079419 3.266026 0 
19.69221 6.681028 14.5 4.26169 1.432733 3.264691 0 
19.09653 8.230526 14.5 4.138022 1.76234 3.291595 0 
20.43368 3.857981 14.5 4.432272 0.7557868 3.26726 0 
20.21554 4.8735 14.5 4.361418 1.098203 3.292415 0 
20.78838 -0.5123557 14.5 4.498902 -0.1090052 3.268116 0 
20.69424 -2.04149 14.5 4.491705 -0.365237 3.314106 0 
20.77087 0.9951033 14.5 4.503283 0.1504122 3.304532 0 
20.74916 1.375351 14.5 4.480201 0.4110703 3.292362 0 
20.48374 -3.582703 14.5 4.422598 -0.8110092 3.265084 0 
20.68193 -2.162626 14.5 4.474701 -0.5390875 3.317768 0 
19.71007 -6.628163 14.5 4.235578 -1.508656 3.267282 0 
20.0158 -5.637979 14.5 4.343328 -1.163728 3.287901 0 
18.77007 -8.950068 14.5 4.056693 -1.91481 3.258367 0 
17.73366 -10.85986 14.5 3.857008 -2.310585 3.265428 0 
15.93834 -13.35622 14.5 3.448863 -2.890754 3.267977 0 
14.92228 -14.48257 14.5 3.280725 -3.088738 3.306972 0 
16.9808 -12.00299 14.5 3.717525 -2.548017 3.318319 0 
16.8849 -12.13752 14.5 3.614129 -2.691769 3.312271 0 
13.8262 -15.5324 14.5 2.942836 -3.399361 3.266224 0 
14.69981 -14.70833 14.5 3.151981 -3.221455 3.318672 0 
11.99314 -16.98775 14.5 2.594592 -3.660728 3.261353 0 
10.14482 -18.15219 14.5 2.23273 -3.90263 3.265462 0 
7.454776 -19.41251 14.5 1.611125 -4.203159 3.268534 0 
6.071308 -19.88865 14.5 1.371771 -4.291872 3.30201 0 
8.939188 -18.77525 14.5 1.997285 -4.040541 3.319178 0 
8.821447 -18.83086 14.5 1.844061 -4.112234 3.31474 0 
4.650704 -20.26796 14.5 0.9240108 -4.399603 3.26782 0 
5.626377 -20.01907 14.5 1.191215 -4.346418 3.319856 0 
0.3759738 -20.79129 14.5 0.07803958 -4.499991 3.269222 0 
-1.129835 -20.76398 14.5 -0.1745896 -4.502754 3.309585 0 
1.792888 -20.71726 14.5 0.3271722 -4.493997 3.307666 0 
2.150639 -20.68318 14.5 0.5815325 -4.460726 3.292391 0 
-2.664762 -20.62325 14.5 -0.6284926 -4.45252 3.265563 0 
-1.387376 -20.74836 14.5 -0.3560122 -4.492769 3.318197 0 
-4.885216 -20.21272 14.5 -1.065067 -4.358008 3.257106 0 
-7.244259 -19.49205 14.5 -1.496155 -4.237857 3.267997 0 
-8.241592 -19.09176 14.5 -1.842086 -4.103028 3.275757 0 
-10.72126 -18.05757 13.33277 -0.5303267 -5.696648 1.144057 0 
-10.06967 -18.19398 14.5 -2.095144 -3.991157 3.226168 0 
-10.78069 -17.78188 14.5 0.3632151 -5.498027 2.340517 0 
-19.41155 8.013294 13.33277 -3.829017 4.253182 1.177218 0 
-19.2937 7.757084 14.5 -2.964094 4.690521 2.341138 0 
16 0 7.8 6.003285 -1.639128e-07 -1.047077 0 
15.69256 3.121445 7.8 5.890158 1.168833 -1.043057 0 
14.78207 6.122935 7.8 5.551417 2.296084 -1.037403 0 
13.30351 8.889124 7.8 4.998877 3.336025 -1.03221 0 
11.31371 11.31371 7.8 4.253621 4.2485 -1.027466 0 
8.889124 13.30351 7.8 3.344187 4.998231 -1.023157 0 
6.122935 14.78207 7.8 2.305485 5.55619 -1.019273 0 
3.121445 15.69256 7.8 1.177444 5.900724 -1.015802 0 
0 16 7.8 0.003477398 6.018405 -1.012733 0 
-3.121445 15.69256 7.8 -1.171195 5.904552 -1.010053 0 
-6.122935 14.78207 7.8 -2.301295 5.563424 -1.007752 0 
-8.889124 13.30351 7.8 -3.343238 5.008059 -1.005823 0 
-11.31371 11.31371 7.8 -4.256821 4.259777 -1.004256 0 
-13.30351 8.889124 7.8 -5.006782 3.347358 -1.003045 0 
-14.78207 6.122935 7.8 -5.564165 2.305933 -1.002183 0 
-15.69256 3.121445 7.8 -5.907444 1.175626 -1.001668 0 
-16 0 7.8 -6.023362 -5.215406e-08 -1.001497 0 
-15.69256 -3.121445 7.8 -5.907444 -1.175626 -1.001668 0 
-14.78207 -6.122935 7.8 -5.564165 -2.305933 -1.002183 0 
-13.30351 -8.889124 7.8 -5.006782 -3.347358 -1.003045 0 
-11.31371 -11.31371 7.8 -4.256822 -4.259777 -1.004256 0 
-8.889124 -13.30351 7.8 -3.343238 -5.00806 -1.005823 0 
-6.122935 -14.78207 7.8 -2.301295 -5.563424 -1.007753 0 
-3.121445 -15.69256 7.8 -1.171196 -5.904552 -1.010053 0 
0 -16 7.8 0.00347746 -6.018405 -1.012733 0 
3.121445 -15.69256 7.8 1.177444 -5.900724 -1.015802 0 
6.122935 -14.78207 7.8 2.305485 -5.55619 -1.019273 0 
8.889124 -13.30351 7.8 3.344187 -4.998231 -1.023157 0 
11.31371 -11.31371 7.8 4.25362 -4.2485 -1.027466 0 
13.30351 -8.889124 7.8 4.998877 -3.336025 -1.03221 0 
14.78207 -6.122935 7.8 5.551417 -2.296084 -1.037403 0 
15.69256 -3.121445 7.8 5.890158 -1.168832 -1.043057 0 
15 0 5.052523 6.128781 -2.235174e-07 -1.092753 0 
14.71178 2.926355 5.052523 6.051825 0.9057261 -1.084994 0 
14.69295 3.019478 5.052523 5.930857 1.507825 -1.081257 0 
13.78437 5.915338 5.052523 5.514881 2.654149 -1.078957 0 
13.85819 5.740252 5.052523 5.752223 2.087141 -1.086096 0 
12.31145 8.569023 5.052523 4.879843 3.695271 -1.076733 0 
12.47204 8.333553 5.052523 5.224412 3.185765 -1.087137 0 
10.3345 10.87189 5.052523 4.050956 4.589849 -1.074603 0 
10.6066 10.6066 5.052523 4.489318 4.158004 -1.088113 0 
7.93446 12.72966 5.052523 3.061136 5.302356 -1.072582 0 
8.333553 12.47204 5.052523 3.576097 4.965274 -1.089023 0 
5.209579 14.06628 5.052523 1.949682 5.804508 -1.070685 0 
5.740252 13.85819 5.052523 2.520978 5.575534 -1.089862 0 
2.271417 14.82702 5.052523 0.7607154 6.076373 -1.06893 0 
2.926355 14.71178 5.052523 1.365817 5.964561 -1.090631 0 
-0.7597376 14.98075 5.052523 -0.4585664 6.107166 -1.06733 0 
0 15 5.052523 0.1564587 6.116906 -1.091325 0 
-3.759788 14.52116 5.052523 -1.659783 5.89567 -1.065898 0 
-2.926355 14.71178 5.052523 -1.059119 6.026519 -1.091941 0 
-6.605912 13.46707 5.052523 -2.795264 5.450282 -1.064646 0 
-5.740252 13.85819 5.052523 -2.232671 5.696975 -1.09248 0 
-9.18159 11.86164 5.052523 -3.819957 4.788682 -1.063586 0 
-8.333553 12.47204 5.052523 -3.317622 5.141346 -1.09294 0 
-11.38137 9.770587 5.052523 -4.693217 3.937115 -1.062727 0 
-10.6066 10.6066 5.052523 -4.27092 4.381675 -1.093318 0 
-13.1152 7.27953 5.052523 -5.380397 2.929374 -1.062075 0 
-12.47204 8.333553 5.052523 -5.054719 3.448111 -1.093613 0 
-14.31209 4.490447 5.052523 -5.854244 1.805431 -1.061637 0 
-13.85819 5.740252 5.052523 -5.637915 2.377698 -1.093823 0 
-14.92304 1.517525 5.052523 -6.09596 0.6098735 -1.061418 0 
-14.71178 2.926355 5.052523 -5.997357 1.212917 -1.09395 0 
-15 0 5.052523 -6.118777 -2.235174e-08 -1.093994 0 
-14.92304 -1.517525 5.052523 -6.09596 -0.6098735 -1.061418 0 
-14.71178 -2.926355 5.052523 -5.997357 -1.212917 -1.09395 0 
-14.31209 -4.490447 5.052523 -5.854244 -1.805431 -1.061637 0 
-13.85819 -5.740252 5.052523 -5.637915 -2.377698 -1.093823 0 
-13.1152 -7.27953 5.052523 -5.380398 -2.929374 -1.062075 0 
-12.47204 -8.333553 5.052523 -5.054719 -3.448111 -1.093613 0 
-11.38137 -9.770587 5.052523 -4.693217 -3.937115 -1.062727 0 
-10.6066 -10.6066 5.052523 -4.27092 -4.381675 -1.093318 0 
-9.18159 -11.86164 5.052523 -3.819957 -4.788682 -1.063586 0 
-8.333553 -12.47204 5.052523 -3.317621 -5.141346 -1.09294 0 
-6.605912 -13.46707 5.052523 -2.795264 -5.450282 -1.064646 0 
-5.740252 -13.85819 5.052523 -2.23267 -5.696974 -1.09248 0 
-3.759788 -14.52116 5.052523 -1.659783 -5.89567 -1.065898 0 
-2.926355 -14.71178 5.052523 -1.059119 -6.026518 -1.091941 0 
-0.7597376 -14.98075 5.052523 -0.4585665 -6.107166 -1.06733 0 
0 -15 5.052523 0.1564586 -6.116906 -1.091325 0 
2.271417 -14.82702 5.052523 0.7607155 -6.076373 -1.06893 0 
2.926355 -14.71178 5.052523 1.365818 -5.964561 -1.09063 0 
5.209579 -14.06628 5.052523 1.949682 -5.804508 -1.070685 0 
5.740252 -13.85819 5.052523 2.520978 -5.575533 -1.089862 0 
7.93446 -12.72966 5.052523 3.061136 -5.302356 -1.072582 0 
8.333553 -12.47204 5.052523 3.576097 -4.965274 -1.089023 0 
10.3345 -10.87189 5.052523 4.050955 -4.589849 -1.074603 0 
10.6066 -10.6066 5.052523 4.489318 -4.158004 -1.088113 0 
12.31145 -8.569023 5.052523 4.879843 -3.695271 -1.076733 0 
12.47204 -8.333553 5.052523 5.224412 -3.185765 -1.087137 0 
13.78437 -5.915338 5.052523 5.514882 -2.654149 -1.078957 0 
13.85819 -5.740252 5.052523 5.752223 -2.087141 -1.086096 0 
14.69295 -3.019478 5.052523 5.930857 -1.507825 -1.081258 0 
14.71178 -2.926355 5.052523 6.051826 -0.9057256 -1.084994 0 
15 0 0 3.125809 0 -2.942757 0 
14.69295 3.019478 0 3.062273 0.6278843 -2.945544 0 
13.78437 5.915338 0 2.873392 1.231801 -2.949926 0 
12.31145 8.569023 0 2.566728 1.785327 -2.953984 0 
10.3345 10.87189 0 2.15485 2.265771 -2.957718 0 
7.93446 12.72966 0 1.654635 2.65344 -2.961132 0 
5.209579 14.06628 0 1.086579 2.932443 -2.964227 0 
2.271417 14.82702 0 0.4739575 3.091344 -2.967006 0 
-0.7597376 14.98075 0 -0.1581274 3.12363 -2.969471 0 
-3.759788 14.52116 0 -0.7837809 3.027978 -2.971624 0 
-6.605912 13.46707 0 -1.37737 2.808303 -2.973465 0 
-9.18159 11.86164 0 -1.914581 2.473606 -2.974997 0 
-11.38137 9.770587 0 -2.373406 2.037594 -2.976223 0 
-13.1152 7.27953 0 -2.735051 1.518128 -2.97714 0 
-14.31209 4.490447 0 -2.984705 0.9364818 -2.977751 0 
-14.92304 1.517525 0 -3.112142 0.3164811 -2.978057 0 
-14.92304 -1.517525 0 -3.112142 -0.3164811 -2.978057 0 
-14.31209 -4.490447 0 -2.984705 -0.9364818 -2.977751 0 
-13.1152 -7.27953 0 -2.735051 -1.518128 -2.97714 0 
-11.38137 -9.770587 0 -2.373406 -2.037594 -2.976223 0 
-9.18159 -11.86164 0 -1.914581 -2.473605 -2.974997 0 
-6.605912 -13.46707 0 -1.37737 -2.808303 -2.973465 0 
-3.759788 -14.52116 0 -0.7837809 -3.027978 -2.971624 0 
-0.7597376 -14.98075 0 -0.1581275 -3.12363 -2.969471 0 
2.271417 -14.82702 0 0.4739575 -3.091344 -2.967007 0 
5.209579 -14.06628 0 1.086579 -2.932443 -2.964227 0 
7.93446 -12.72966 0 1.654635 -2.65344 -2.961132 0 
10.3345 -10.87189 0 2.15485 -2.265771 -2.957718 0 
12.31145 -8.569023 0 2.566728 -1.785327 -2.953984 0 
13.78437 -5.915338 0 2.873392 -1.231801 -2.949926 0 
14.69295 -3.019478 0 3.062272 -0.6278843 -2.945544 0 
8.79419 7.379202 0 -2.392051 -2.005691 -3.358392 0 
6.855381 9.208374 0 -1.86507 -2.503611 -3.354583 0 
6.855381 -9.208374 0 -1.86507 2.503611 -3.354583 0 
10.2589 5.152215 0 -2.789907 -1.399667 -3.362587 0 
11.17056 -2.64747 0 -3.037182 0.7182558 -3.367172 0 
11.48 0 0 -3.120758 1.490116e-08 -3.36999 0 
10.2589 -5.152215 0 -2.789907 1.399667 -3.362587 0 
8.79419 -7.379202 0 -2.392051 2.005691 -3.358392 0 
-7.878054 8.350249 0 2.142984 -2.271816 -3.339781 0 
-9.5914 6.308363 0 2.60925 -1.716351 -3.338646 0 
4.546996 10.54112 0 -1.23739 -2.866543 -3.351159 0 
11.17056 2.64747 0 -3.037182 -0.7182557 -3.367172 0 
-10.78767 3.926391 0 2.934814 -1.0683 -3.337889 0 
4.546996 -10.54112 0 -1.237391 2.866542 -3.351159 0 
1.993481 -11.30559 0 -0.5428739 3.074887 -3.34812 0 
-0.6675026 -11.46058 0 0.1810089 3.117391 -3.345465 0 
-9.5914 -6.308363 0 2.60925 1.716351 -3.338645 0 
-5.74 9.941972 0 1.561171 -2.704732 -3.341295 0 
-3.292501 -10.99772 0 0.8952022 2.99175 -3.343189 0 
-5.74 -9.941972 0 1.561171 2.704732 -3.341295 0 
-7.878054 -8.350249 0 2.142984 2.271816 -3.339781 0 
-10.78767 -3.926391 0 2.934814 1.0683 -3.337889 0 
-11.40238 1.332747 0 3.099569 -0.4405157 -3.297668 0 
-11.48 0 0 3.136278 7.450581e-09 -3.257948 0 
-3.292501 10.99772 0 0.8952022 -2.99175 -3.343189 0 
1.993481 11.30559 0 -0.5428739 -3.074887 -3.34812 0 
-0.6675026 11.46058 0 0.1810089 -3.117391 -3.345465 0 
-11.40238 -1.332747 0 3.099569 0.4405158 -3.297668 0 
11.19217 -2.55454 5.673193 -6.033518 1.035801 1.085844 0 
11.17056 -2.64747 5.673193 -5.874969 1.721716 1.082032 0 
10.34312 -4.980985 5.673193 -5.641832 2.375926 1.08684 0 
10.2589 -5.152215 5.673193 -5.332635 3.008791 1.079628 0 
8.975426 -7.157663 5.673193 -4.95669 3.592443 1.087765 0 
8.79419 -7.379202 5.673193 -4.51267 4.139491 1.077337 0 
7.157663 -8.975426 5.673193 -4.013719 4.622088 1.088618 0 
6.855381 -9.208374 5.673193 -3.457743 5.054973 1.07518 0 
4.980985 -10.34312 5.673193 -2.861969 5.411289 1.089396 0 
4.546996 -10.54112 5.673193 -2.222762 5.70759 1.073175 0 
2.55454 -11.19217 5.673193 -1.561347 5.918993 1.090097 0 
1.993481 -11.30559 5.673193 -0.8719805 6.063389 1.071341 0 
0 -11.48 5.673193 -0.1795108 6.118781 1.090719 0 
-0.6675026 -11.46058 5.673193 0.5243177 6.103859 1.069694 0 
-2.55454 -11.19217 5.673193 1.211665 6.000257 1.091262 0 
-3.292501 -10.99772 5.673193 1.893504 5.8269 1.068251 0 
-4.980985 -10.34312 5.673193 2.539799 5.569579 1.091722 0 
-5.74 -9.941972 5.673193 3.164354 5.246918 1.067025 0 
-7.157663 -8.975426 5.673193 3.735799 4.849151 1.092101 0 
-7.878054 -8.350249 5.673193 4.270774 4.394084 1.066029 0 
-8.975426 -7.157663 5.673193 4.737441 3.876447 1.092397 0 
-9.5914 -6.308363 5.673193 5.155225 3.312754 1.065274 0 
-10.34312 -4.980985 5.673193 5.492614 2.70207 1.092609 0 
-10.78767 -3.926391 5.673193 5.771713 2.059161 1.064766 0 
-11.19217 -2.55454 5.673193 5.962029 1.387118 1.092737 0 
-11.40238 -1.332747 5.673193 6.088185 0.6984938 1.064511 0 
-11.40238 1.332747 5.673193 6.088185 -0.6984938 1.064511 0 
-11.48 0 5.673193 6.121319 -4.470348e-08 1.086466 0 
-10.78767 3.926391 5.673193 5.771713 -2.059161 1.064766 0 
-11.19217 2.55454 5.673193 5.962029 -1.387118 1.092737 0 
-9.5914 6.308363 5.673193 5.155224 -3.312754 1.065274 0 
-10.34312 4.980985 5.673193 5.492614 -2.70207 1.092609 0 
-7.878054 8.350249 5.673193 4.270774 -4.394084 1.066029 0 
-8.975426 7.157663 5.673193 4.737441 -3.876446 1.092397 0 
-5.74 9.941972 5.673193 3.164354 -5.246918 1.067025 0 
-7.157663 8.975426 5.673193 3.735799 -4.849151 1.092101 0 
-3.292501 10.99772 5.673193 1.893503 -5.8269 1.068251 0 
-4.980985 10.34312 5.673193 2.539799 -5.569579 1.091722 0 
-0.6675026 11.46058 5.673193 0.5243177 -6.103859 1.069694 0 
-2.55454 11.19217 5.673193 1.211665 -6.000257 1.091262 0 
1.993481 11.30559 5.673193 -0.8719807 -6.063389 1.071341 0 
0 11.48 5.673193 -0.1795107 -6.118781 1.090719 0 
4.546996 10.54112 5.673193 -2.222761 -5.707591 1.073175 0 
2.55454 11.19217 5.673193 -1.561347 -5.918993 1.090097 0 
6.855381 9.208374 5.673193 -3.457743 -5.054974 1.07518 0 
4.980985 10.34312 5.673193 -2.861969 -5.411289 1.089396 0 
8.79419 7.379202 5.673193 -4.51267 -4.139491 1.077337 0 
7.157663 8.975426 5.673193 -4.013719 -4.622088 1.088618 0 
10.2589 5.152215 5.673193 -5.332635 -3.008791 1.079628 0 
8.975426 7.157663 5.673193 -4.95669 -3.592443 1.087765 0 
11.17056 2.64747 5.673193 -5.874969 -1.721714 1.082032 0 
10.34312 4.980985 5.673193 -5.641832 -2.375926 1.08684 0 
11.48 0 5.673193 -6.129148 4.470348e-08 1.094571 0 
11.19217 2.55454 5.673193 -6.033518 -1.0358 1.085844 0 
12.48 0 8.420671 -5.985975 7.450581e-09 1.04246 0 
12.1671 2.777061 8.420671 -5.838534 -1.329427 1.0379 0 
11.24409 5.414869 8.420671 -5.399137 -2.596314 1.031329 0 
9.757257 7.781153 8.420671 -4.688269 -3.734178 1.025348 0 
7.781153 9.757257 8.420671 -3.741375 -4.685647 1.019947 0 
5.414869 11.24409 8.420671 -2.605843 -5.402676 1.015109 0 
2.777061 12.1671 8.420671 -1.338611 -5.848984 1.010824 0 
0 12.48 8.420671 -0.003312796 -6.001893 1.007078 0 
-2.777061 12.1671 8.420671 1.332934 -5.853495 1.003858 0 
-5.414869 11.24409 8.420671 2.602908 -5.41106 1.001155 0 
-7.781153 9.757257 8.420671 3.742685 -4.696689 0.9989571 0 
-9.757257 7.781153 8.420671 4.694868 -3.746194 0.997257 0 
-11.24409 5.414869 8.420671 5.411489 -2.607312 0.9960476 0 
-12.1671 2.777061 8.420671 5.856436 -1.337291 0.9953239 0 
-12.48 0 8.420671 6.007287 0 0.995083 0 
-12.1671 -2.777061 8.420671 5.856436 1.337291 0.995324 0 
-11.24409 -5.414869 8.420671 5.411489 2.607312 0.9960476 0 
-9.757257 -7.781153 8.420671 4.694868 3.746194 0.9972569 0 
-7.781153 -9.757257 8.420671 3.742685 4.696689 0.998957 0 
-5.414869 -11.24409 8.420671 2.602907 5.411061 1.001155 0 
-2.777061 -12.1671 8.420671 1.332934 5.853495 1.003858 0 
0 -12.48 8.420671 -0.003312826 6.001893 1.007078 0 
2.777061 -12.1671 8.420671 -1.338611 5.848984 1.010824 0 
5.414869 -11.24409 8.420671 -2.605843 5.402676 1.015109 0 
7.781153 -9.757257 8.420671 -3.741376 4.685648 1.019947 0 
9.757257 -7.781153 8.420671 -4.688268 3.734178 1.025348 0 
11.24409 -5.414869 8.420671 -5.399137 2.596314 1.031328 0 
12.1671 -2.777061 8.420671 -5.838534 1.329427 1.0379 0 
12.1671 -2.777061 14.02 -3.043568 0.6946746 3.365992 0 
12.48 0 14.02 -3.121839 0 3.365992 0 
11.24409 -5.414869 14.02 -2.812679 1.354515 3.365992 0 
9.757257 -7.781153 14.02 -2.440752 1.946435 3.365993 0 
7.781153 -9.757257 14.02 -1.946435 2.440752 3.365992 0 
5.414869 -11.24409 14.02 -1.354515 2.81268 3.365992 0 
2.777061 -12.1671 14.02 -0.6946746 3.043568 3.365993 0 
0 -12.48 14.02 0 3.121839 3.365992 0 
-2.777061 -12.1671 14.02 0.6946746 3.043568 3.365992 0 
-5.414869 -11.24409 14.02 1.354515 2.812679 3.365992 0 
-7.781153 -9.757257 14.02 1.946435 2.440752 3.365992 0 
-9.757257 -7.781153 14.02 2.440752 1.946435 3.365992 0 
-11.24409 -5.414869 14.02 2.81268 1.354515 3.365992 0 
-12.1671 -2.777061 14.02 3.043568 0.6946746 3.365993 0 
-12.48 0 14.02 3.121839 0 3.365992 0 
-12.1671 2.777061 14.02 3.043568 -0.6946746 3.365992 0 
-11.24409 5.414869 14.02 2.812679 -1.354515 3.365992 0 
-9.757257 7.781153 14.02 2.440752 -1.946435 3.365993 0 
-7.781153 9.757257 14.02 1.946435 -2.440752 3.365992 0 
-5.414869 11.24409 14.02 1.354515 -2.81268 3.365992 0 
-2.777061 12.1671 14.02 0.6946746 -3.043568 3.365992 0 
0 12.48 14.02 0 -3.121839 3.365993 0 
2.777061 12.1671 14.02 -0.6946746 -3.043568 3.365992 0 
5.414869 11.24409 14.02 -1.354515 -2.812679 3.365992 0 
7.781153 9.757257 14.02 -1.946435 -2.440752 3.365992 0 
9.757257 7.781153 14.02 -2.440752 -1.946435 3.365992 0 
11.24409 5.414869 14.02 -2.81268 -1.354515 3.365992 0 
12.1671 2.777061 14.02 -3.043568 -0.6946746 3.365992 0 
12.04317 7.067868 14.02 -1.193285 -0.70048 0.3215945 0 
10.00751 9.738766 14.02 -0.9910197 -0.9669141 0.3219983 0 
13.17686 4.622107 14.02 -1.308587 -0.4757933 0.325695 0 
12.6669 5.877244 14.02 -1.255376 -0.5822225 0.3216611 0 
10.84094 8.801467 14.02 -1.070731 -0.9060671 0.3306328 0 
7.402623 11.84038 14.02 -0.7242948 -1.189975 0.3260187 0 
-4.252008 13.30088 14.02 0.4463943 -1.323694 0.3278782 0 
-9.443921 10.28616 14.02 0.9304136 -1.037405 0.3262341 0 
-9.926358 9.82147 14.02 1.001719 -0.9669338 0.3256224 0 
-11.62872 7.730874 14.02 1.152273 -0.7658964 0.3215481 0 
13.89819 1.353409 14.02 -1.376842 -0.1339078 0.3214252 0 
13.3827 3.987 14.02 -1.338952 -0.3826725 0.3257635 0 
11.30921 8.191108 14.02 -1.137558 -0.8039233 0.3259602 0 
10.90407 8.723132 14.02 -1.110603 -0.8701665 0.3346814 0 
7.960804 11.47252 14.02 -0.8077272 -1.135375 0.3261686 0 
4.989152 13.04233 14.02 -0.4944618 -1.292295 0.3215817 0 
1.732522 13.85611 14.02 -0.172017 -1.373 0.3216195 0 
-0.9489353 13.93184 14.02 0.08830187 -1.395002 0.3282664 0 
-1.61689 13.87009 14.02 0.1774503 -1.381421 0.3258712 0 
-5.509329 12.83123 14.02 0.5349043 -1.286275 0.3260126 0 
-10.83153 8.813046 14.02 1.071925 -0.8734025 0.3211103 0 
7.198631 -11.96548 14.02 -0.7252994 1.185263 0.3243489 0 
13.96402 0 14.02 -1.39902 -0.02702003 0.3290035 0 
13.7038 2.683294 14.02 -1.357878 -0.2656004 0.3215593 0 
9.025091 10.6555 14.02 -0.8943408 -1.056012 0.3216662 0 
6.219947 12.50217 14.02 -0.6165026 -1.238456 0.3214653 0 
3.067024 13.62303 14.02 -0.2901009 -1.36207 0.3257955 0 
-3.842328 13.42496 14.02 0.3743118 -1.351748 0.3306147 0 
-7.302781 11.90221 14.02 0.732145 -1.179003 0.3235298 0 
-8.412917 11.14517 14.02 0.8336818 -1.104576 0.3216869 0 
-12.31703 6.578974 14.02 1.221152 -0.6708208 0.326116 0 
-13.13808 4.731223 14.02 1.301345 -0.469138 0.3214213 0 
-13.80051 2.130589 14.02 1.373792 -0.227843 0.3257617 0 
-13.88669 1.467618 14.02 1.386269 -0.1306187 0.3256924 0 
-13.91002 -1.227438 14.02 1.377757 0.1216647 0.3213146 0 
-5.108351 -12.9961 14.02 0.5246885 1.290726 0.3261281 0 
-4.480577 -13.22564 14.02 0.4313947 1.324697 0.3260689 0 
6.413599 -12.40394 14.02 -0.6542227 1.240618 0.3305801 0 
11.55757 -7.836831 14.02 -1.144215 0.7954299 0.3262459 0 
11.91948 -7.274557 14.02 -1.197885 0.711723 0.3261677 0 
13.09531 -4.848363 14.02 -1.297055 0.4805459 0.3213617 0 
3.713483 13.46117 14.02 -0.3857155 -1.338418 0.3259258 0 
0.3928643 13.95856 14.02 -0.06228565 -1.396041 0.3281128 0 
-8.784826e-08 13.96402 14.02 0.01400186 -1.402542 0.3306109 0 
-2.953579 13.64808 14.02 0.2837116 -1.360049 0.3242372 0 
-6.413599 12.40394 14.02 0.6592505 -1.237801 0.3305153 0 
-12.61765 5.982245 14.02 1.265735 -0.5815995 0.3259648 0 
-13.96355 0.1153182 14.02 1.383448 -0.01147134 0.3215016 0 
-13.21385 -4.51523 14.02 1.309108 0.4466591 0.3213624 0 
-10.09554 -9.647467 14.02 0.9989544 0.96135 0.3228546 0 
-7.499238 -11.77943 14.02 0.7429047 1.166773 0.3213639 0 
-1.855659 -13.84015 14.02 0.1841114 1.371543 0.3216701 0 
4.129546 -13.33941 14.02 -0.425158 1.342468 0.3333416 0 
4.765375 -13.12573 14.02 -0.4909403 1.303899 0.326118 0 
8.313713 -11.21937 14.02 -0.8163831 1.129045 0.3261191 0 
9.846015 -9.902013 14.02 -0.9749498 0.980392 0.3210856 0 
12.56849 -6.084842 14.02 -1.245015 0.6026233 0.3213525 0 
-6.114915 12.55388 14.02 0.6086633 -1.268908 0.3329223 0 
-13.53214 3.445915 14.02 1.341087 -0.3416021 0.3217012 0 
-13.72785 -2.557393 14.02 1.372231 0.238994 0.3259263 0 
-13.5893 -3.213147 14.02 1.35139 0.3367524 0.3258443 0 
-12.10621 -6.959317 14.02 1.216361 0.7002898 0.331068 0 
-11.76118 -7.527835 14.02 1.163371 0.7651013 0.3256943 0 
-10.84094 -8.801467 14.02 1.074658 0.9015132 0.330665 0 
-8.605423 -10.99721 14.02 0.845522 1.107333 0.3260988 0 
-6.332207 -12.44569 14.02 0.6276459 1.233002 0.3215263 0 
-3.177413 -13.5977 14.02 0.3149811 1.347119 0.3214822 0 
1.501022 -13.88311 14.02 -0.1476508 1.374689 0.3210615 0 
2.829073 -13.67444 14.02 -0.2743378 1.360294 0.3234602 0 
3.842328 -13.42496 14.02 -0.3682277 1.35349 0.3306494 0 
6.014872 -12.60212 14.02 -0.581612 1.269655 0.3276778 0 
8.840125 -10.80944 14.02 -0.8947021 1.067707 0.3259929 0 
10.7521 -8.909785 14.02 -1.06464 0.8829952 0.3213341 0 
13.50046 -3.567993 14.02 -1.342785 0.3717483 0.3261248 0 
13.87304 -1.590809 14.02 -1.374339 0.1580201 0.3214496 0 
-12.71863 -5.764459 14.02 1.274455 0.5613828 0.3258022 0 
-12.40394 -6.413599 14.02 1.247034 0.6420111 0.3306037 0 
-9.123156 -10.57166 14.02 0.9225767 1.04431 0.3262079 0 
-0.5179023 -13.9545 14.02 0.06788807 1.391844 0.3262293 0 
0.1489992 -13.96324 14.02 -0.03224595 1.391965 0.3256561 0 
13.65527 -2.920193 14.02 -1.365431 0.2750024 0.3259084 0 
-10.97624 -8.632146 14.02 1.117012 0.8424102 0.328886 0 
13.96178 -0.2495414 14.02 -1.398713 0.0516822 0.329192 0 
6.489597 -0.4291177 17.80719 -1.456062 0.1238408 -5.921982 0 
6.503799 0 17.80719 -1.450536 -0.004642338 -5.927999 0 
6.36226 -1.349343 17.80719 -1.43547 0.2778377 -5.921582 0 
6.252616 -1.789712 17.80718 -1.39395 0.4013426 -5.927985 0 
6.101633 -2.251536 17.80719 -1.364795 0.5312349 -5.920172 0 
5.700071 -3.131619 17.80718 -1.295405 0.6821244 -5.920506 0 
5.443669 -3.558887 17.80719 -1.215181 0.7921947 -5.927896 0 
5.177681 -3.935637 17.80718 -1.147877 0.9078612 -5.920866 0 
4.536454 -4.660459 17.80719 -1.038334 1.037158 -5.918451 0 
4.099288 -5.049077 17.80718 -0.92353 1.120365 -5.927376 0 
3.783566 -5.289893 17.80719 -0.8244792 1.206301 -5.921955 0 
2.954242 -5.793967 17.80718 -0.683804 1.298313 -5.9188 0 
2.393888 -6.047206 17.80719 -0.5474902 1.343923 -5.927673 0 
2.056677 -6.170032 17.80719 -0.4596153 1.366019 -5.93291 0 
1.789773 -6.252598 17.80718 -0.3670947 1.409266 -5.924814 0 
0.8959261 -6.441809 17.80719 -0.1998151 1.461768 -5.913967 0 
-0.06641707 -6.503468 17.80719 -0.01017218 1.465165 -5.919835 0 
-0.5848377 -6.477499 17.80719 0.1241477 1.444313 -5.928452 0 
-0.9873409 -6.428432 17.80719 0.2503842 1.438957 -5.922403 0 
-2.393889 -6.047206 17.80719 0.5291087 1.350744 -5.927882 0 
-1.89832 -6.220514 17.80719 0.4057332 1.406314 -5.920677 0 
-2.779025 -5.880048 17.80718 0.6069086 1.308395 -5.932409 0 
-2.98718 -5.777054 17.80718 0.6910234 1.275764 -5.927785 0 
-3.61926 -5.403707 17.80719 0.806971 1.21849 -5.921927 0 
-4.099288 -5.049077 17.80718 0.904431 1.134187 -5.927921 0 
-4.379645 -4.80803 17.80719 1.007752 1.057336 -5.922341 0 
-5.049077 -4.099288 17.80718 1.143249 0.932327 -5.914068 0 
-5.568187 -3.360661 17.80719 1.237079 0.7777473 -5.922043 0 
-5.777054 -2.98718 17.80718 1.292853 0.6595621 -5.927523 0 
-6.017832 -2.466764 17.80719 1.324253 0.5717242 -5.932316 0 
-6.047206 -2.393889 17.80719 1.367036 0.491291 -5.926822 0 
-6.327991 -1.501709 17.80719 1.411274 0.3693581 -5.923426 0 
-6.39526 -1.183281 17.80719 1.431933 0.2448269 -5.926735 0 
-6.484081 -0.5068936 17.80719 1.453492 0.1230363 -5.923533 0 
-6.503799 0 17.80719 1.450946 0.004894012 -5.927731 0 
-6.489634 0.4301761 17.80719 1.456324 -0.1236467 -5.921889 0 
-6.252616 1.789712 17.80718 1.393853 -0.4010941 -5.928178 0 
-6.36226 1.349343 17.80719 1.434859 -0.2779088 -5.921741 0 
-6.101633 2.251536 17.80719 1.363691 -0.5217457 -5.922639 0 
-5.777054 2.98718 17.80718 1.304402 -0.6346874 -5.928005 0 
-5.443669 3.558887 17.80719 1.216596 -0.792383 -5.927214 0 
-5.700071 3.131619 17.80718 1.255448 -0.7112871 -5.932086 0 
-5.177681 3.935637 17.80718 1.148187 -0.9081764 -5.920583 0 
-4.536454 4.660459 17.80719 1.038545 -1.036225 -5.918718 0 
-4.099288 5.049077 17.80718 0.922593 -1.119926 -5.927743 0 
-3.783566 5.289893 17.80719 0.8244852 -1.206474 -5.922001 0 
-2.954242 5.793967 17.80718 0.6836619 -1.297949 -5.918807 0 
-2.393888 6.047206 17.80719 0.5471164 -1.344777 -5.927299 0 
-2.056677 6.170032 17.80719 0.460457 -1.366662 -5.932461 0 
-1.789771 6.252599 17.80718 0.367136 -1.409278 -5.924801 0 
-0.8959242 6.441809 17.80719 0.2004732 -1.460752 -5.914462 0 
0.06641885 6.503468 17.80719 0.00926345 -1.464374 -5.920259 0 
0.5848377 6.477499 17.80719 -0.1239761 -1.444412 -5.928409 0 
0.9873427 6.428432 17.80719 -0.2504161 -1.438879 -5.922442 0 
1.898322 6.220514 17.80719 -0.4061334 -1.406561 -5.920493 0 
2.393889 6.047206 17.80719 -0.5293815 -1.35145 -5.927486 0 
2.779027 5.880047 17.80718 -0.6067254 -1.308782 -5.932268 0 
2.98718 5.777054 17.80718 -0.6907696 -1.275591 -5.927928 0 
3.619262 5.403706 17.80719 -0.8069951 -1.218106 -5.922088 0 
4.099288 5.049077 17.80718 -0.9045283 -1.134351 -5.927824 0 
4.379647 4.808029 17.80719 -1.00787 -1.057384 -5.92228 0 
5.049077 4.099288 17.80718 -1.142181 -0.9324663 -5.914475 0 
5.568081 3.360836 17.80719 -1.237014 -0.7768115 -5.922337 0 
5.777054 2.98718 17.80718 -1.292988 -0.6598174 -5.927403 0 
6.047206 2.393889 17.80719 -1.366854 -0.4915963 -5.926863 0 
6.017743 2.466983 17.80719 -1.324452 -0.5716897 -5.932239 0 
6.39526 1.183281 17.80719 -1.431646 -0.2448078 -5.926918 0 
6.32765 1.503149 17.80719 -1.410895 -0.3694306 -5.923606 0 
6.484132 0.5050033 17.8072 -1.452676 -0.1228035 -5.923947 0 
-9.509377 -17.16335 15.09549 0.282069 -4.096976 3.82923 0 
-8.757318 -16.78337 15.44623 0.2926895 -4.071971 3.936597 0 
-7.40988 -16.07647 16.07001 0.3267452 -4.04808 4.05505 0 
-6.795782 -15.74334 16.35151 0.3462594 -4.013858 4.168502 0 
-5.440625 -14.98512 16.96336 0.4238048 -3.998579 4.278846 0 
-4.150923 -14.23725 17.52795 0.4866622 -3.955317 4.395649 0 
0.9650192 -11.26996 19.31433 0.8916171 -3.759785 4.760413 0 
1.260253 -11.12117 19.37465 0.9592331 -3.68328 4.847219 0 
0.01643757 -11.77917 19.07673 0.81613 -3.792071 4.727658 0 
-2.88361 -13.48435 18.05632 0.5634348 -3.905559 4.526114 0 
-1.644342 -12.74313 18.53375 0.6401591 -3.85366 4.632036 0 
-0.6955578 -12.18458 18.86091 0.7271463 -3.822613 4.684246 0 
3.218971 -9.656912 20.26157 3.628921 -1.19442 2.157752 0 
2.356836 -10.61959 19.53422 1.047139 -3.645894 4.882172 0 
-0.5908026 -9.390539 21.60125 0.5380879 -4.983966 3.092255 0 
-1.746606 -9.167354 22.03708 0.0762886 -4.818484 3.197068 0 
0.5848944 -9.454271 21.24259 0.9131554 -5.114452 2.962866 0 
1.783074 -9.347199 20.99644 1.26228 -5.183245 2.836118 0 
3.014313 -9.04294 20.90374 2.387953 -5.245395 2.009623 0 
-4.869887 -7.673714 23.41923 -1.095407 -4.013989 3.470702 0 
-5.057984 -7.533012 23.50423 -1.36703 -3.745326 3.48544 0 
-3.892816 -8.299484 22.97381 -0.7901564 -4.296969 3.420331 0 
-2.858129 -8.796415 22.5087 -0.2988316 -4.606806 3.304996 0 
-6.532971 -6.134868 24.13727 -1.930699 -3.053871 3.712641 0 
-7.211343 -5.246222 24.38785 -2.316916 -2.473569 3.758713 0 
-5.741069 -6.957277 23.80698 -1.625046 -3.450483 3.650383 0 
-8.250155 -3.26584 24.64145 -2.8478 -1.339805 3.818082 0 
-8.416307 -2.805315 24.65 -2.961331 -0.9856157 3.780546 0 
-7.788337 -4.281674 24.55838 -2.634104 -1.889677 3.780878 0 
-8.595193 -2.20687 24.63607 -3.114423 -0.564918 3.774309 0 
-8.820518 -1.113418 24.54232 -3.250155 0.01044004 3.804109 0 
-8.896277 1.139436 24.09749 -3.382637 1.278813 3.733115 0 
-8.743714 2.245004 23.76644 -3.343751 1.918099 3.624665 0 
-8.922179 0 24.36275 -3.337532 0.7232471 3.774967 0 
-8.04108 4.420621 22.92267 -3.160298 3.07909 3.401915 0 
-7.491261 5.441815 22.45154 -3.028078 3.473458 3.298785 0 
-8.565548 2.993927 23.50337 -3.309617 2.220988 3.585007 0 
-8.454602 3.361648 23.36332 -3.301128 2.554932 3.458172 0 
-3.218975 9.656926 20.26155 2.18768 3.133296 2.157797 0 
-5.079226 8.003579 21.20355 -2.268314 4.688492 2.955597 0 
-7.017532 6.131209 22.11417 -2.932273 3.769079 3.145804 0 
-6.809929 6.394949 21.98257 -2.766294 4.036142 3.128795 0 
-6.010081 7.249863 21.55597 -2.567438 4.317511 3.084539 0 
-4.093506 8.592957 20.98267 -2.072865 4.894189 2.878695 0 
-9.652978 9.135001 18.30967 -1.841731 3.460096 4.600592 0 
-10.53311 9.043121 18.00893 -1.905415 3.495399 4.473113 0 
-8.136729 9.298975 18.78373 -1.703659 3.502548 4.682622 0 
-8.181371 9.293861 18.77073 -1.77078 3.471321 4.650657 0 
-6.79708 9.469015 19.13923 -1.623192 3.524328 4.728345 0 
-5.490176 9.686301 19.40421 -1.467406 3.504345 4.850934 0 
-5.292724 9.725714 19.43538 -1.433384 3.467592 4.909817 0 
-4.539509 9.8964 19.52916 -1.364146 3.521438 4.888578 0 
-6.189432 9.561656 19.27425 -1.538237 3.554264 4.755912 0 
-4.197137 9.985975 19.55748 -1.291362 3.56607 4.876308 0 
-3.408332 10.225 19.58492 -0.7093667 3.269909 5.234599 0 
-16.28192 8.304446 15.77787 -2.165496 3.405674 4.115556 0 
-17.07659 8.172188 15.44593 -2.225855 3.439592 3.901523 0 
-13.24549 8.735995 17.00156 -2.083843 3.456894 4.241786 0 
-12.88565 8.780187 17.1408 -2.029618 3.458232 4.32179 0 
-11.2192 8.970109 17.76435 -1.965976 3.459382 4.415023 0 
-10.61771 9.03422 17.97921 -1.923708 3.496583 4.438849 0 
-3.014313 9.04294 20.90374 -1.311599 5.60951 1.990758 0 
3.408332 -10.225 19.58492 1.403805 -3.03936 5.234091 0 
-2.743759 9.267363 20.15 -1.160602 4.3786 3.414498 0 
-1.424575 9.559436 20.15 -0.7309114 4.474072 3.43872 0 
-0.6068704 9.645928 20.15 -0.3210908 4.518566 3.399031 0 
-0.09484579 9.664535 20.15 -0.05665532 4.524188 3.386983 0 
0.2846751 9.660807 20.15 0.2557123 4.523766 3.427184 0 
1.725365 9.509749 20.15 0.6511753 4.483057 3.40865 0 
3.13996 9.140726 20.15 1.501903 4.275033 3.427965 0 
4.115157 8.745153 20.15 1.859227 4.13268 3.403029 0 
4.469926 8.569246 20.15 2.208515 3.958656 3.425442 0 
5.688866 7.813388 20.15 2.583816 3.725509 3.434414 0 
6.160703 7.447011 20.15 2.939764 3.449408 3.416324 0 
7.013577 6.64996 20.15 3.299568 3.112377 3.445089 0 
7.819149 5.680944 20.15 3.586934 2.767905 3.40148 0 
7.902819 5.563963 20.15 3.786714 2.486259 3.409596 0 
8.620253 4.370751 20.15 4.01644 2.103714 3.441621 0 
8.98629 3.557924 20.15 4.193797 1.711451 3.400916 0 
9.152567 3.105276 20.15 4.323516 1.353603 3.42882 0 
9.497203 1.793144 20.15 4.433802 0.9335461 3.433511 0 
9.653928 0.4625032 20.15 4.525197 0.2231166 3.4031 0 
9.588789 1.211346 20.15 4.496405 0.5491599 3.399377 0 
9.662066 -0.2381323 20.15 4.529037 -0.1152284 3.403286 0 
9.618312 -0.9488397 20.15 4.509336 -0.3903966 3.387522 0 
9.520472 -1.665187 20.15 4.453465 -0.8163226 3.399708 0 
9.365005 -2.389329 20.15 4.387858 -1.117091 3.418301 0 
8.98629 -3.557924 20.15 4.219787 -1.636344 3.374753 0 
9.160866 -3.080709 20.15 4.300057 -1.415757 3.402014 0 
8.597315 -4.4157 20.15 4.023724 -2.075251 3.41873 0 
7.847805 -5.641294 20.15 3.718594 -2.577114 3.377144 0 
7.819149 -5.680944 20.15 3.616963 -2.717707 3.374871 0 
7.407824 -6.207767 20.15 3.464085 -2.916558 3.410593 0 
6.9356 -6.731246 20.15 3.25153 -3.150175 3.417209 0 
6.426205 -7.219149 20.15 3.042138 -3.35148 3.392331 0 
4.715191 -8.436776 20.15 2.217067 -3.948323 3.410742 0 
4.115157 -8.745153 20.15 1.925378 -4.100747 3.400918 0 
1.81104 9.493806 20.15 0.9113363 4.431853 3.37499 0 
2.432418 9.353907 20.15 1.156347 4.378483 3.410153 0 
9.588789 -1.211346 20.15 4.485467 -0.5897186 3.375258 0 
8.242271 -5.047493 20.15 3.866205 -2.357162 3.416014 0 
6.160703 -7.447011 20.15 2.883336 -3.487848 3.373782 0 
5.883258 -7.668084 20.15 2.722784 -3.617273 3.391775 0 
5.311882 -8.074412 20.15 2.484847 -3.784155 3.416947 0 
-2.986649 9.191961 20.15 -1.377185 4.304967 3.35992 0 
-3.056334 9.169003 20.15 1.394592 2.845843 1.67604 0 
3.464853 -9.022584 20.15 1.652592 -4.215366 3.394299 0 
3.056334 -9.169003 20.15 2.865043 -1.430176 1.690365 0 
8.900781 -3.76674 20.15 4.146323 -1.816993 3.385445 0 
-2.632477 8.101932 26.65 -0.9700387 2.955536 3.458645 0 
-0.5349045 8.502065 26.65 -0.1956654 3.103717 3.469618 0 
1.596278 8.367982 26.65 0.582055 3.054978 3.469921 0 
3.62716 7.708108 26.65 1.326752 2.812943 3.467408 0 
5.430135 6.563906 26.65 1.980204 2.398208 3.467822 0 
6.891914 5.007269 26.65 2.516509 1.827328 3.46976 0 
7.92065 3.136007 26.65 2.892578 1.142826 3.466862 0 
8.451701 1.067698 26.65 3.073184 0.4819367 3.518098 0 
8.518874 0 26.65 3.108451 -0.0007550051 3.57108 0 
8.451701 -1.067698 26.65 3.073425 -0.4781578 3.521108 0 
7.92065 -3.136007 26.65 2.891139 -1.145289 3.471415 0 
6.891914 -5.007269 26.65 2.516077 -1.827573 3.471056 0 
5.430135 -6.563906 26.65 1.982193 -2.396057 3.471698 0 
3.62716 -7.708108 26.65 1.325311 -2.812976 3.473446 0 
-4.564641 7.192724 26.65 -1.666164 2.628161 3.445285 0 
-6.209992 5.831571 26.65 -2.266347 2.131687 3.44855 0 
-7.465147 4.103999 26.65 -2.723588 1.503066 3.453059 0 
-8.251239 2.118558 26.65 -3.010839 0.7806531 3.456778 0 
-8.251239 -2.118558 26.65 -3.009141 -0.770262 3.515255 0 
-8.518874 0 26.65 -3.109789 0.03049111 3.474775 0 
-7.465147 -4.103999 26.65 -2.72116 -1.499343 3.509862 0 
-6.209992 -5.831571 26.65 -2.247299 -2.149839 3.473321 0 
-4.564641 -7.192724 26.65 -1.661474 -2.629509 3.455784 0 
-2.632477 -8.101932 26.65 -0.95824 -2.959976 3.449743 0 
-0.5349045 -8.502065 26.65 -0.19349 -3.105622 3.446466 0 
1.596278 -8.367982 26.65 0.5714719 -3.057409 3.462014 0 
0 0 26.65 0 0 6.283195 0 
3 0 1 2 0 
3 2 3 0 0 
3 3 4 0 0 
3 4 5 0 0 
3 5 6 0 0 
3 6 7 0 0 
3 7 8 0 0 
3 8 9 0 0 
3 9 10 0 0 
3 10 11 0 0 
3 11 12 0 0 
3 12 13 0 0 
3 13 14 0 0 
3 14 15 0 0 
3 15 16 0 0 
3 16 17 0 0 
3 17 18 0 0 
3 18 19 0 0 
3 19 20 0 0 
3 20 21 0 0 
3 21 22 0 0 
3 22 23 0 0 
3 23 24 0 0 
3 24 25 0 0 
3 25 26 0 0 
3 26 27 0 0 
3 27 28 0 0 
3 28 1 0 0 
3 29 30 31 0 
3 31 23 29 0 
3 22 32 33 0 
3 33 23 22 0 
3 33 29 23 0 
3 23 34 35 0 
3 23 36 34 0 
3 24 37 38 0 
3 24 35 37 0 
3 25 39 40 0 
3 25 38 41 0 
3 41 39 25 0 
3 27 26 42 0 
3 26 40 42 0 
3 28 27 43 0 
3 43 44 28 0 
3 1 28 45 0 
3 45 46 1 0 
3 2 47 48 0 
3 2 1 49 0 
3 49 47 2 0 
3 3 50 51 0 
3 2 52 50 0 
3 50 3 2 0 
3 51 53 3 0 
3 54 55 52 0 
3 52 2 54 0 
3 3 53 56 0 
3 56 4 3 0 
3 5 4 57 0 
3 4 58 57 0 
3 6 5 59 0 
3 5 60 59 0 
3 7 6 61 0 
3 61 62 7 0 
3 6 63 61 0 
3 7 64 65 0 
3 65 8 7 0 
3 8 66 67 0 
3 67 9 8 0 
3 9 68 69 0 
3 69 10 9 0 
3 11 70 71 0 
3 11 72 70 0 
3 10 73 72 0 
3 72 11 10 0 
3 71 74 11 0 
3 11 74 75 0 
3 75 12 11 0 
3 12 76 77 0 
3 77 13 12 0 
3 13 78 79 0 
3 79 14 13 0 
3 15 14 80 0 
3 14 81 80 0 
3 15 82 83 0 
3 83 16 15 0 
3 16 84 85 0 
3 85 17 16 0 
3 18 86 87 0 
3 18 88 86 0 
3 17 89 88 0 
3 88 18 17 0 
3 87 90 18 0 
3 18 90 91 0 
3 91 19 18 0 
3 19 92 93 0 
3 93 20 19 0 
3 20 94 95 0 
3 95 21 20 0 
3 22 96 97 0 
3 21 98 96 0 
3 96 22 21 0 
3 97 32 22 0 
3 95 98 21 0 
3 93 94 20 0 
3 91 92 19 0 
3 85 89 17 0 
3 83 84 16 0 
3 80 82 15 0 
3 79 81 14 0 
3 77 78 13 0 
3 75 76 12 0 
3 69 73 10 0 
3 67 68 9 0 
3 65 66 8 0 
3 62 64 7 0 
3 59 63 6 0 
3 57 60 5 0 
3 56 58 4 0 
3 48 54 2 0 
3 46 49 1 0 
3 44 45 28 0 
3 42 43 27 0 
3 40 26 25 0 
3 38 25 24 0 
3 35 24 23 0 
3 31 36 23 0 
3 59 99 100 0 
3 101 61 63 0 
3 102 103 101 0 
3 61 101 104 0 
3 101 103 104 0 
3 56 53 105 0 
3 58 56 106 0 
3 107 57 58 0 
3 106 107 58 0 
3 60 57 108 0 
3 108 109 60 0 
3 59 60 110 0 
3 110 111 59 0 
3 99 111 112 0 
3 100 99 113 0 
3 101 100 114 0 
3 102 115 116 0 
3 116 117 102 0 
3 117 118 102 0 
3 116 115 114 0 
3 114 115 101 0 
3 113 114 100 0 
3 112 113 99 0 
3 111 99 59 0 
3 109 110 60 0 
3 107 108 57 0 
3 105 106 56 0 
3 105 53 51 0 
3 104 62 61 0 
3 101 115 102 0 
3 63 100 101 0 
3 100 63 59 0 
3 119 120 97 0 
3 121 122 123 0 
3 121 124 122 0 
3 125 121 126 0 
3 120 119 125 0 
3 125 127 120 0 
3 120 128 32 0 
3 128 33 32 0 
3 32 97 120 0 
3 128 120 127 0 
3 126 127 125 0 
3 123 126 121 0 
3 97 96 119 0 
3 47 129 130 0 
3 131 130 129 0 
3 132 131 133 0 
3 132 134 135 0 
3 136 129 49 0 
3 129 47 49 0 
3 133 129 136 0 
3 134 133 137 0 
3 134 138 139 0 
3 140 136 45 0 
3 136 46 45 0 
3 137 136 140 0 
3 138 137 141 0 
3 138 142 143 0 
3 140 44 43 0 
3 43 144 140 0 
3 141 140 144 0 
3 142 141 145 0 
3 142 146 147 0 
3 144 42 40 0 
3 40 148 144 0 
3 145 144 148 0 
3 146 145 149 0 
3 150 151 147 0 
3 39 41 152 0 
3 149 148 152 0 
3 150 149 153 0 
3 154 155 151 0 
3 156 152 38 0 
3 152 41 38 0 
3 153 152 156 0 
3 154 153 157 0 
3 158 159 155 0 
3 160 156 35 0 
3 156 37 35 0 
3 157 156 160 0 
3 158 157 161 0 
3 162 163 159 0 
3 160 34 36 0 
3 36 164 160 0 
3 161 160 164 0 
3 162 161 165 0 
3 166 167 163 0 
3 31 30 168 0 
3 168 164 31 0 
3 165 164 169 0 
3 164 170 169 0 
3 166 165 171 0 
3 165 172 171 0 
3 165 173 172 0 
3 171 174 166 0 
3 167 175 176 0 
3 167 166 177 0 
3 166 178 177 0 
3 166 179 178 0 
3 177 175 167 0 
3 132 180 181 0 
3 180 182 181 0 
3 180 183 182 0 
3 131 184 185 0 
3 132 186 184 0 
3 184 131 132 0 
3 130 131 187 0 
3 187 188 130 0 
3 188 189 130 0 
3 190 191 54 0 
3 54 130 190 0 
3 54 48 130 0 
3 191 55 54 0 
3 189 190 130 0 
3 185 187 131 0 
3 181 186 132 0 
3 176 192 167 0 
3 174 179 166 0 
3 169 173 165 0 
3 168 170 164 0 
3 163 162 166 0 
3 165 166 162 0 
3 164 165 161 0 
3 36 31 164 0 
3 159 158 162 0 
3 161 162 158 0 
3 160 161 157 0 
3 35 34 160 0 
3 155 154 158 0 
3 157 158 154 0 
3 156 157 153 0 
3 38 37 156 0 
3 151 150 154 0 
3 153 154 150 0 
3 152 153 149 0 
3 152 148 39 0 
3 147 146 150 0 
3 149 150 146 0 
3 148 149 145 0 
3 40 39 148 0 
3 147 143 142 0 
3 145 146 142 0 
3 144 145 141 0 
3 43 42 144 0 
3 143 139 138 0 
3 141 142 138 0 
3 140 141 137 0 
3 45 44 140 0 
3 139 135 134 0 
3 137 138 134 0 
3 136 137 133 0 
3 49 46 136 0 
3 135 180 132 0 
3 133 134 132 0 
3 129 133 131 0 
3 130 48 47 0 
3 151 139 143 0 
3 143 147 151 0 
3 155 135 139 0 
3 151 155 139 0 
3 192 193 194 0 
3 159 180 135 0 
3 192 195 193 0 
3 155 159 135 0 
3 192 196 195 0 
3 159 163 180 0 
3 192 197 196 0 
3 167 183 180 0 
3 192 198 197 0 
3 199 200 198 0 
3 163 167 180 0 
3 194 201 192 0 
3 202 203 204 0 
3 203 202 205 0 
3 199 205 200 0 
3 201 183 192 0 
3 205 199 203 0 
3 167 192 183 0 
3 198 192 199 0 
3 204 206 202 0 
3 204 203 207 0 
3 208 209 207 0 
3 210 208 211 0 
3 203 199 212 0 
3 211 207 212 0 
3 213 211 214 0 
3 215 213 216 0 
3 217 215 218 0 
3 217 219 123 0 
3 204 209 220 0 
3 209 221 220 0 
3 209 222 221 0 
3 212 199 177 0 
3 199 175 177 0 
3 199 192 176 0 
3 176 175 199 0 
3 212 179 174 0 
3 212 178 179 0 
3 214 172 173 0 
3 214 174 171 0 
3 171 172 214 0 
3 216 173 169 0 
3 218 170 168 0 
3 218 169 170 0 
3 219 127 126 0 
3 219 128 127 0 
3 128 30 29 0 
3 29 33 128 0 
3 219 168 30 0 
3 128 219 30 0 
3 217 223 224 0 
3 217 122 124 0 
3 124 223 217 0 
3 215 217 225 0 
3 225 226 215 0 
3 226 227 215 0 
3 213 228 229 0 
3 213 215 230 0 
3 230 231 213 0 
3 231 228 213 0 
3 210 229 232 0 
3 208 210 233 0 
3 233 234 208 0 
3 209 235 236 0 
3 236 237 209 0 
3 237 238 209 0 
3 208 239 235 0 
3 235 209 208 0 
3 238 222 209 0 
3 234 239 208 0 
3 232 233 210 0 
3 229 210 213 0 
3 227 230 215 0 
3 224 225 217 0 
3 126 123 219 0 
3 168 219 218 0 
3 169 218 216 0 
3 173 216 214 0 
3 174 214 212 0 
3 177 178 212 0 
3 220 206 204 0 
3 123 122 217 0 
3 218 219 217 0 
3 216 218 215 0 
3 214 216 213 0 
3 212 214 211 0 
3 212 207 203 0 
3 211 213 210 0 
3 207 211 208 0 
3 207 209 204 0 
3 240 117 116 0 
3 241 240 242 0 
3 243 241 244 0 
3 245 243 246 0 
3 247 245 248 0 
3 249 200 205 0 
3 114 250 242 0 
3 244 242 250 0 
3 246 244 251 0 
3 248 246 252 0 
3 249 248 253 0 
3 254 198 200 0 
3 250 114 113 0 
3 251 250 255 0 
3 252 251 256 0 
3 253 252 257 0 
3 254 253 258 0 
3 259 197 198 0 
3 112 260 255 0 
3 256 255 260 0 
3 257 256 261 0 
3 258 257 262 0 
3 259 258 263 0 
3 259 264 196 0 
3 265 260 110 0 
3 260 111 110 0 
3 260 112 111 0 
3 261 260 265 0 
3 262 261 266 0 
3 263 262 267 0 
3 264 263 268 0 
3 264 269 195 0 
3 270 265 108 0 
3 265 109 108 0 
3 266 265 270 0 
3 267 266 271 0 
3 268 267 272 0 
3 269 268 273 0 
3 269 274 193 0 
3 275 270 106 0 
3 270 107 106 0 
3 271 270 275 0 
3 272 271 276 0 
3 273 272 277 0 
3 274 273 278 0 
3 274 279 194 0 
3 276 275 280 0 
3 277 276 281 0 
3 278 277 282 0 
3 279 278 283 0 
3 279 284 201 0 
3 275 105 51 0 
3 51 280 275 0 
3 280 50 52 0 
3 52 55 280 0 
3 280 191 190 0 
3 190 281 280 0 
3 281 189 188 0 
3 188 282 281 0 
3 283 282 187 0 
3 284 283 184 0 
3 283 185 184 0 
3 201 181 182 0 
3 181 201 284 0 
3 284 186 181 0 
3 205 285 286 0 
3 205 202 285 0 
3 247 287 288 0 
3 247 289 287 0 
3 247 290 289 0 
3 247 291 290 0 
3 247 286 291 0 
3 245 292 293 0 
3 245 294 292 0 
3 245 288 294 0 
3 243 295 296 0 
3 243 297 298 0 
3 243 299 297 0 
3 298 295 243 0 
3 243 293 299 0 
3 241 300 301 0 
3 241 296 300 0 
3 240 302 118 0 
3 240 301 303 0 
3 303 302 240 0 
3 118 117 240 0 
3 301 240 241 0 
3 296 241 243 0 
3 293 243 245 0 
3 288 245 247 0 
3 286 247 205 0 
3 182 183 201 0 
3 184 186 284 0 
3 187 185 283 0 
3 188 187 282 0 
3 190 189 281 0 
3 55 191 280 0 
3 51 50 280 0 
3 201 194 279 0 
3 283 284 279 0 
3 282 283 278 0 
3 281 282 277 0 
3 280 281 276 0 
3 194 193 274 0 
3 278 279 274 0 
3 277 278 273 0 
3 276 277 272 0 
3 275 276 271 0 
3 106 105 275 0 
3 193 195 269 0 
3 273 274 269 0 
3 272 273 268 0 
3 271 272 267 0 
3 270 271 266 0 
3 108 107 270 0 
3 195 196 264 0 
3 268 269 264 0 
3 267 268 263 0 
3 266 267 262 0 
3 265 266 261 0 
3 110 109 265 0 
3 196 197 259 0 
3 263 264 259 0 
3 262 263 258 0 
3 261 262 257 0 
3 260 261 256 0 
3 255 113 112 0 
3 198 254 259 0 
3 258 259 254 0 
3 257 258 253 0 
3 256 257 252 0 
3 255 256 251 0 
3 113 255 250 0 
3 200 249 254 0 
3 253 254 249 0 
3 252 253 248 0 
3 251 252 246 0 
3 250 251 244 0 
3 242 116 114 0 
3 205 247 249 0 
3 248 249 247 0 
3 246 248 245 0 
3 244 246 243 0 
3 242 244 241 0 
3 116 242 240 0 
3 304 238 237 0 
3 305 304 306 0 
3 307 305 308 0 
3 309 307 310 0 
3 311 309 312 0 
3 313 311 314 0 
3 306 236 235 0 
3 306 237 236 0 
3 308 306 315 0 
3 310 308 316 0 
3 312 310 317 0 
3 314 312 318 0 
3 319 314 320 0 
3 315 239 234 0 
3 315 235 239 0 
3 316 315 321 0 
3 317 316 322 0 
3 318 317 323 0 
3 320 318 324 0 
3 325 320 326 0 
3 327 232 229 0 
3 321 233 232 0 
3 232 327 321 0 
3 321 234 233 0 
3 322 321 327 0 
3 323 322 328 0 
3 324 323 329 0 
3 326 324 330 0 
3 331 326 332 0 
3 333 327 230 0 
3 327 228 231 0 
3 231 230 327 0 
3 328 327 333 0 
3 329 328 334 0 
3 330 329 335 0 
3 332 330 336 0 
3 337 332 338 0 
3 339 333 225 0 
3 333 226 225 0 
3 333 227 226 0 
3 334 333 339 0 
3 335 334 340 0 
3 336 335 341 0 
3 338 336 342 0 
3 338 343 344 0 
3 223 345 339 0 
3 340 339 345 0 
3 341 340 346 0 
3 342 341 347 0 
3 343 342 348 0 
3 343 349 350 0 
3 350 349 124 0 
3 349 348 124 0 
3 348 347 124 0 
3 347 346 124 0 
3 346 345 124 0 
3 345 223 124 0 
3 350 344 343 0 
3 348 349 343 0 
3 347 348 342 0 
3 346 347 341 0 
3 345 346 340 0 
3 339 224 223 0 
3 344 351 338 0 
3 342 343 338 0 
3 341 342 336 0 
3 340 341 335 0 
3 339 340 334 0 
3 225 224 339 0 
3 338 351 337 0 
3 336 338 332 0 
3 335 336 330 0 
3 334 335 329 0 
3 333 334 328 0 
3 230 227 333 0 
3 332 337 331 0 
3 330 332 326 0 
3 329 330 324 0 
3 328 329 323 0 
3 327 328 322 0 
3 229 228 327 0 
3 326 331 325 0 
3 324 326 320 0 
3 323 324 318 0 
3 322 323 317 0 
3 321 322 316 0 
3 234 321 315 0 
3 320 325 319 0 
3 318 320 314 0 
3 317 318 312 0 
3 316 317 310 0 
3 315 316 308 0 
3 235 315 306 0 
3 314 319 313 0 
3 312 314 311 0 
3 310 312 309 0 
3 308 310 307 0 
3 306 308 305 0 
3 237 306 304 0 
3 313 352 353 0 
3 353 311 313 0 
3 311 354 355 0 
3 355 309 311 0 
3 309 356 357 0 
3 307 357 358 0 
3 305 359 360 0 
3 305 358 359 0 
3 304 361 362 0 
3 304 360 361 0 
3 362 238 304 0 
3 360 304 305 0 
3 358 305 307 0 
3 357 307 309 0 
3 355 356 309 0 
3 353 354 311 0 
3 302 303 363 0 
3 364 365 363 0 
3 366 364 367 0 
3 368 366 369 0 
3 370 368 371 0 
3 372 373 370 0 
3 374 300 296 0 
3 374 363 301 0 
3 363 303 301 0 
3 301 300 374 0 
3 367 363 374 0 
3 369 367 375 0 
3 371 369 376 0 
3 377 371 378 0 
3 379 372 377 0 
3 380 374 295 0 
3 295 298 380 0 
3 375 374 380 0 
3 376 375 381 0 
3 378 376 382 0 
3 383 378 384 0 
3 385 379 383 0 
3 386 380 297 0 
3 297 299 386 0 
3 299 293 386 0 
3 381 380 386 0 
3 382 381 387 0 
3 384 382 388 0 
3 389 384 390 0 
3 391 385 389 0 
3 392 386 292 0 
3 292 294 392 0 
3 387 386 392 0 
3 388 387 393 0 
3 390 388 394 0 
3 395 390 396 0 
3 397 391 395 0 
3 398 392 288 0 
3 393 392 398 0 
3 394 393 399 0 
3 396 394 400 0 
3 401 396 402 0 
3 403 397 401 0 
3 404 289 290 0 
3 404 398 287 0 
3 287 289 404 0 
3 399 398 404 0 
3 400 399 405 0 
3 402 400 406 0 
3 407 402 408 0 
3 409 403 407 0 
3 410 404 291 0 
3 411 405 404 0 
3 412 406 405 0 
3 413 408 406 0 
3 414 415 408 0 
3 416 409 415 0 
3 415 414 416 0 
3 408 413 414 0 
3 406 412 413 0 
3 405 411 412 0 
3 404 410 411 0 
3 291 286 410 0 
3 407 415 409 0 
3 408 415 407 0 
3 406 408 402 0 
3 405 406 400 0 
3 404 405 399 0 
3 290 291 404 0 
3 401 407 403 0 
3 402 407 401 0 
3 400 402 396 0 
3 399 400 394 0 
3 398 399 393 0 
3 288 287 398 0 
3 395 401 397 0 
3 396 401 395 0 
3 394 396 390 0 
3 393 394 388 0 
3 392 393 387 0 
3 294 288 392 0 
3 389 395 391 0 
3 390 395 389 0 
3 388 390 384 0 
3 387 388 382 0 
3 386 387 381 0 
3 293 292 386 0 
3 383 389 385 0 
3 384 389 383 0 
3 382 384 378 0 
3 381 382 376 0 
3 380 381 375 0 
3 298 297 380 0 
3 377 383 379 0 
3 378 383 377 0 
3 376 378 371 0 
3 375 376 369 0 
3 374 375 367 0 
3 296 295 374 0 
3 370 377 372 0 
3 371 377 370 0 
3 369 371 368 0 
3 367 369 366 0 
3 363 367 364 0 
3 363 365 302 0 
3 118 370 373 0 
3 118 368 370 0 
3 118 366 368 0 
3 118 364 366 0 
3 118 365 364 0 
3 118 302 365 0 
3 417 418 419 0 
3 420 421 80 0 
3 64 62 104 0 
3 422 423 418 0 
3 424 425 426 0 
3 427 428 429 0 
3 430 431 432 0 
3 418 430 433 0 
3 431 427 434 0 
3 435 436 437 0 
3 428 435 438 0 
3 436 424 439 0 
3 440 441 442 0 
3 443 444 445 0 
3 425 443 446 0 
3 444 440 447 0 
3 441 448 449 0 
3 424 450 451 0 
3 452 453 428 0 
3 454 455 431 0 
3 423 454 430 0 
3 455 452 427 0 
3 453 456 435 0 
3 450 424 436 0 
3 441 440 457 0 
3 440 458 457 0 
3 443 459 460 0 
3 459 443 425 0 
3 458 440 444 0 
3 461 462 448 0 
3 463 464 465 0 
3 466 467 468 0 
3 469 470 471 0 
3 472 469 473 0 
3 470 466 474 0 
3 475 476 477 0 
3 467 475 478 0 
3 476 463 479 0 
3 467 466 480 0 
3 480 481 467 0 
3 482 483 470 0 
3 483 480 466 0 
3 484 483 482 0 
3 483 484 485 0 
3 485 480 483 0 
3 486 476 475 0 
3 467 481 487 0 
3 476 486 488 0 
3 489 464 463 0 
3 490 491 492 0 
3 493 494 495 0 
3 464 493 496 0 
3 494 490 497 0 
3 498 499 500 0 
3 491 498 501 0 
3 499 417 502 0 
3 503 504 491 0 
3 505 506 494 0 
3 464 489 505 0 
3 494 506 503 0 
3 507 508 499 0 
3 491 504 509 0 
3 509 498 491 0 
3 508 422 417 0 
3 510 511 103 0 
3 511 104 103 0 
3 512 513 71 0 
3 514 515 68 0 
3 516 517 66 0 
3 65 64 511 0 
3 67 66 517 0 
3 518 519 73 0 
3 519 72 73 0 
3 69 68 515 0 
3 519 512 70 0 
3 77 76 520 0 
3 75 74 521 0 
3 513 521 74 0 
3 522 520 76 0 
3 79 78 523 0 
3 524 523 78 0 
3 525 420 81 0 
3 479 465 513 0 
3 474 468 515 0 
3 473 471 517 0 
3 510 473 516 0 
3 471 474 514 0 
3 478 477 519 0 
3 468 478 518 0 
3 477 479 512 0 
3 497 492 524 0 
3 496 495 522 0 
3 465 496 521 0 
3 495 497 520 0 
3 501 500 525 0 
3 492 501 523 0 
3 500 502 420 0 
3 86 526 527 0 
3 502 419 421 0 
3 528 529 84 0 
3 80 421 530 0 
3 531 532 528 0 
3 528 82 531 0 
3 532 533 529 0 
3 534 535 89 0 
3 535 88 89 0 
3 85 84 529 0 
3 88 535 526 0 
3 536 537 535 0 
3 533 536 534 0 
3 537 538 526 0 
3 434 429 533 0 
3 433 432 531 0 
3 419 433 530 0 
3 432 434 532 0 
3 438 437 537 0 
3 429 438 536 0 
3 437 439 538 0 
3 439 426 539 0 
3 93 92 540 0 
3 538 539 527 0 
3 91 90 541 0 
3 527 541 90 0 
3 542 540 92 0 
3 543 544 542 0 
3 539 543 541 0 
3 544 545 540 0 
3 545 546 547 0 
3 95 94 548 0 
3 547 548 94 0 
3 549 125 98 0 
3 98 125 119 0 
3 119 96 98 0 
3 550 551 549 0 
3 546 550 548 0 
3 121 549 551 0 
3 551 124 121 0 
3 447 442 546 0 
3 446 445 544 0 
3 426 446 543 0 
3 445 447 545 0 
3 449 552 551 0 
3 442 449 550 0 
3 472 510 373 0 
3 510 102 118 0 
3 118 373 510 0 
3 472 372 379 0 
3 379 385 472 0 
3 385 391 472 0 
3 469 472 397 0 
3 482 416 553 0 
3 553 554 482 0 
3 482 409 416 0 
3 482 403 409 0 
3 482 397 403 0 
3 313 448 462 0 
3 462 352 313 0 
3 449 325 331 0 
3 448 319 325 0 
3 325 449 448 0 
3 552 331 337 0 
3 551 344 350 0 
3 551 552 351 0 
3 351 344 551 0 
3 350 124 551 0 
3 337 351 552 0 
3 331 552 449 0 
3 313 319 448 0 
3 553 555 554 0 
3 397 482 469 0 
3 391 397 472 0 
3 373 372 472 0 
3 550 546 442 0 
3 551 550 449 0 
3 545 544 445 0 
3 543 539 426 0 
3 544 543 446 0 
3 546 545 447 0 
3 121 125 549 0 
3 548 547 546 0 
3 549 548 550 0 
3 98 95 549 0 
3 94 93 547 0 
3 548 549 95 0 
3 547 540 545 0 
3 540 542 544 0 
3 541 527 539 0 
3 542 541 543 0 
3 92 91 542 0 
3 90 87 527 0 
3 541 542 91 0 
3 527 526 538 0 
3 540 547 93 0 
3 539 538 439 0 
3 538 537 437 0 
3 536 533 429 0 
3 537 536 438 0 
3 532 531 432 0 
3 530 421 419 0 
3 531 530 433 0 
3 533 532 434 0 
3 526 535 537 0 
3 534 529 533 0 
3 535 534 536 0 
3 526 86 88 0 
3 529 534 85 0 
3 89 85 534 0 
3 529 528 532 0 
3 528 83 82 0 
3 530 82 80 0 
3 82 530 531 0 
3 84 83 528 0 
3 421 420 502 0 
3 527 87 86 0 
3 420 525 500 0 
3 523 524 492 0 
3 525 523 501 0 
3 520 522 495 0 
3 521 513 465 0 
3 522 521 496 0 
3 524 520 497 0 
3 512 519 477 0 
3 518 515 468 0 
3 519 518 478 0 
3 514 517 471 0 
3 516 511 510 0 
3 517 516 473 0 
3 515 514 474 0 
3 513 512 479 0 
3 81 79 525 0 
3 78 77 524 0 
3 523 525 79 0 
3 76 75 522 0 
3 74 71 513 0 
3 521 522 75 0 
3 520 524 77 0 
3 70 72 519 0 
3 515 518 69 0 
3 73 69 518 0 
3 517 514 67 0 
3 511 516 65 0 
3 66 65 516 0 
3 68 67 514 0 
3 71 70 512 0 
3 103 102 510 0 
3 417 499 508 0 
3 509 507 498 0 
3 499 498 507 0 
3 503 490 494 0 
3 505 493 464 0 
3 494 493 505 0 
3 491 490 503 0 
3 502 500 499 0 
3 501 492 491 0 
3 500 501 498 0 
3 497 495 494 0 
3 496 465 464 0 
3 495 496 493 0 
3 492 497 490 0 
3 463 488 489 0 
3 488 463 476 0 
3 487 475 467 0 
3 475 487 486 0 
3 485 556 480 0 
3 482 554 484 0 
3 466 470 483 0 
3 470 469 482 0 
3 480 556 481 0 
3 479 477 476 0 
3 478 468 467 0 
3 477 478 475 0 
3 474 471 470 0 
3 473 510 472 0 
3 471 473 469 0 
3 468 474 466 0 
3 465 479 463 0 
3 448 441 461 0 
3 444 460 458 0 
3 425 451 459 0 
3 460 444 443 0 
3 457 461 441 0 
3 436 456 450 0 
3 435 428 453 0 
3 436 435 456 0 
3 427 431 455 0 
3 430 418 423 0 
3 431 430 454 0 
3 428 427 452 0 
3 451 425 424 0 
3 449 442 441 0 
3 447 445 444 0 
3 446 426 425 0 
3 445 446 443 0 
3 442 447 440 0 
3 439 437 436 0 
3 438 429 428 0 
3 437 438 435 0 
3 434 432 431 0 
3 433 419 418 0 
3 432 433 430 0 
3 429 434 427 0 
3 426 439 424 0 
3 418 417 422 0 
3 104 511 64 0 
3 80 81 420 0 
3 419 502 417 0 
3 352 557 558 0 
3 354 559 560 0 
3 354 558 559 0 
3 560 355 354 0 
3 356 560 561 0 
3 561 357 356 0 
3 358 561 562 0 
3 562 359 358 0 
3 358 357 561 0 
3 359 562 563 0 
3 563 361 360 0 
3 361 563 564 0 
3 564 362 361 0 
3 563 360 359 0 
3 356 355 560 0 
3 354 353 558 0 
3 558 353 352 0 
3 565 566 555 0 
3 565 567 568 0 
3 567 569 568 0 
3 569 567 570 0 
3 571 570 572 0 
3 573 574 575 0 
3 575 572 573 0 
3 573 576 577 0 
3 414 565 553 0 
3 565 414 413 0 
3 567 413 412 0 
3 570 412 411 0 
3 572 411 410 0 
3 410 286 576 0 
3 576 573 410 0 
3 410 573 572 0 
3 411 572 570 0 
3 412 570 567 0 
3 413 567 565 0 
3 553 416 414 0 
3 577 574 573 0 
3 575 578 572 0 
3 572 578 571 0 
3 570 571 569 0 
3 568 566 565 0 
3 555 553 565 0 
3 555 566 579 0 
3 566 568 580 0 
3 580 581 566 0 
3 569 571 582 0 
3 580 568 569 0 
3 571 578 583 0 
3 583 582 571 0 
3 575 574 584 0 
3 574 577 585 0 
3 585 584 574 0 
3 584 583 575 0 
3 578 575 583 0 
3 582 580 569 0 
3 581 579 566 0 
3 579 586 555 0 
3 587 588 589 0 
3 589 590 587 0 
3 587 591 588 0 
3 587 564 591 0 
3 592 593 594 0 
3 595 596 597 0 
3 594 587 592 0 
3 593 598 599 0 
3 600 601 602 0 
3 601 600 595 0 
3 603 604 605 0 
3 606 607 605 0 
3 599 594 593 0 
3 608 609 599 0 
3 610 602 609 0 
3 597 601 595 0 
3 605 604 606 0 
3 611 612 607 0 
3 599 598 608 0 
3 602 610 600 0 
3 607 606 611 0 
3 613 614 612 0 
3 615 616 614 0 
3 617 618 619 0 
3 618 620 621 0 
3 609 608 610 0 
3 596 603 622 0 
3 612 611 613 0 
3 614 613 615 0 
3 623 617 624 0 
3 621 619 618 0 
3 625 626 627 0 
3 622 597 596 0 
3 615 623 616 0 
3 619 624 617 0 
3 628 629 621 0 
3 630 631 629 0 
3 632 633 631 0 
3 633 632 625 0 
3 626 634 635 0 
3 220 221 362 0 
3 202 636 585 0 
3 285 577 576 0 
3 605 622 603 0 
3 621 620 628 0 
3 631 630 632 0 
3 635 627 626 0 
3 634 637 638 0 
3 637 639 640 0 
3 564 641 642 0 
3 362 564 220 0 
3 202 643 636 0 
3 285 585 577 0 
3 206 644 645 0 
3 624 616 623 0 
3 627 633 625 0 
3 640 638 637 0 
3 640 639 585 0 
3 564 646 647 0 
3 564 587 641 0 
3 221 222 362 0 
3 564 648 206 0 
3 576 286 285 0 
3 645 202 206 0 
3 629 628 630 0 
3 585 636 640 0 
3 642 646 564 0 
3 206 220 564 0 
3 645 643 202 0 
3 638 635 634 0 
3 222 238 362 0 
3 206 648 644 0 
3 647 648 564 0 
3 590 592 587 0 
3 585 285 202 0 
3 589 588 649 0 
3 588 650 649 0 
3 590 589 651 0 
3 651 652 590 0 
3 589 653 651 0 
3 590 654 655 0 
3 655 592 590 0 
3 592 656 657 0 
3 657 593 592 0 
3 598 593 658 0 
3 593 659 658 0 
3 608 598 660 0 
3 598 661 660 0 
3 610 608 662 0 
3 608 663 662 0 
3 600 610 664 0 
3 610 665 664 0 
3 595 600 666 0 
3 666 667 595 0 
3 600 668 666 0 
3 595 669 670 0 
3 670 596 595 0 
3 596 671 672 0 
3 672 603 596 0 
3 603 673 674 0 
3 674 604 603 0 
3 604 675 676 0 
3 676 606 604 0 
3 611 606 677 0 
3 606 678 677 0 
3 613 611 679 0 
3 611 680 679 0 
3 615 681 682 0 
3 613 683 681 0 
3 613 684 683 0 
3 681 615 613 0 
3 623 615 685 0 
3 615 686 685 0 
3 617 623 687 0 
3 623 688 687 0 
3 617 689 690 0 
3 690 618 617 0 
3 620 618 691 0 
3 691 692 620 0 
3 618 693 694 0 
3 694 691 618 0 
3 628 620 695 0 
3 620 696 695 0 
3 628 697 698 0 
3 698 630 628 0 
3 632 630 699 0 
3 699 700 632 0 
3 630 701 702 0 
3 702 699 630 0 
3 625 632 703 0 
3 632 704 703 0 
3 626 705 706 0 
3 625 707 705 0 
3 625 708 707 0 
3 705 626 625 0 
3 634 626 709 0 
3 626 710 709 0 
3 634 711 712 0 
3 712 637 634 0 
3 637 580 582 0 
3 637 579 581 0 
3 581 580 637 0 
3 713 714 586 0 
3 714 713 715 0 
3 715 716 714 0 
3 586 637 713 0 
3 586 579 637 0 
3 639 583 584 0 
3 639 582 583 0 
3 591 564 563 0 
3 563 562 591 0 
3 650 588 557 0 
3 557 717 650 0 
3 588 558 557 0 
3 588 560 559 0 
3 588 591 561 0 
3 561 560 588 0 
3 559 558 588 0 
3 717 718 650 0 
3 562 561 591 0 
3 584 585 639 0 
3 582 639 637 0 
3 712 713 637 0 
3 709 711 634 0 
3 706 710 626 0 
3 703 708 625 0 
3 700 704 632 0 
3 698 701 630 0 
3 695 697 628 0 
3 692 696 620 0 
3 690 693 618 0 
3 687 689 617 0 
3 685 688 623 0 
3 682 686 615 0 
3 679 684 613 0 
3 677 680 611 0 
3 676 678 606 0 
3 674 675 604 0 
3 672 673 603 0 
3 670 671 596 0 
3 667 669 595 0 
3 664 668 600 0 
3 662 665 610 0 
3 660 663 608 0 
3 658 661 598 0 
3 657 659 593 0 
3 655 656 592 0 
3 652 654 590 0 
3 649 653 589 0 
3 614 719 720 0 
3 612 720 721 0 
3 607 721 722 0 
3 605 722 723 0 
3 622 723 724 0 
3 597 724 725 0 
3 601 725 726 0 
3 602 726 727 0 
3 609 727 728 0 
3 599 728 729 0 
3 594 729 730 0 
3 587 730 731 0 
3 641 731 732 0 
3 642 732 733 0 
3 646 733 734 0 
3 647 734 735 0 
3 648 735 736 0 
3 644 736 737 0 
3 645 737 738 0 
3 643 738 739 0 
3 636 739 740 0 
3 640 740 741 0 
3 638 741 742 0 
3 635 742 743 0 
3 627 743 744 0 
3 633 744 745 0 
3 631 745 746 0 
3 629 746 747 0 
3 621 747 748 0 
3 619 748 749 0 
3 624 749 750 0 
3 616 750 719 0 
3 719 614 616 0 
3 750 616 624 0 
3 749 624 619 0 
3 748 619 621 0 
3 747 621 629 0 
3 746 629 631 0 
3 745 631 633 0 
3 744 633 627 0 
3 743 627 635 0 
3 742 635 638 0 
3 741 638 640 0 
3 740 640 636 0 
3 739 636 643 0 
3 738 643 645 0 
3 737 645 644 0 
3 736 644 648 0 
3 735 648 647 0 
3 734 647 646 0 
3 733 646 642 0 
3 732 642 641 0 
3 731 641 587 0 
3 730 587 594 0 
3 729 594 599 0 
3 728 599 609 0 
3 727 609 602 0 
3 726 602 601 0 
3 725 601 597 0 
3 724 597 622 0 
3 723 622 605 0 
3 722 605 607 0 
3 721 607 612 0 
3 720 612 614 0 
3 719 751 752 0 
3 721 720 753 0 
3 720 752 753 0 
3 722 721 754 0 
3 721 755 754 0 
3 723 722 756 0 
3 722 757 756 0 
3 724 723 758 0 
3 723 759 758 0 
3 725 724 760 0 
3 724 761 760 0 
3 726 725 762 0 
3 725 763 762 0 
3 727 726 764 0 
3 726 765 764 0 
3 728 727 766 0 
3 727 767 766 0 
3 729 728 768 0 
3 728 769 768 0 
3 730 729 770 0 
3 729 771 770 0 
3 731 730 772 0 
3 730 773 772 0 
3 732 731 774 0 
3 731 775 774 0 
3 733 732 776 0 
3 732 777 776 0 
3 734 733 778 0 
3 733 779 778 0 
3 735 734 780 0 
3 734 781 780 0 
3 735 782 783 0 
3 783 736 735 0 
3 736 784 785 0 
3 785 737 736 0 
3 737 786 787 0 
3 787 738 737 0 
3 738 788 789 0 
3 789 739 738 0 
3 739 790 791 0 
3 791 740 739 0 
3 740 792 793 0 
3 793 741 740 0 
3 741 794 795 0 
3 795 742 741 0 
3 742 796 797 0 
3 797 743 742 0 
3 743 798 799 0 
3 799 744 743 0 
3 744 800 801 0 
3 801 745 744 0 
3 745 802 803 0 
3 803 746 745 0 
3 746 804 805 0 
3 805 747 746 0 
3 747 806 807 0 
3 807 748 747 0 
3 748 808 809 0 
3 809 749 748 0 
3 749 810 811 0 
3 811 750 749 0 
3 750 812 751 0 
3 751 719 750 0 
3 811 812 750 0 
3 809 810 749 0 
3 807 808 748 0 
3 805 806 747 0 
3 803 804 746 0 
3 801 802 745 0 
3 799 800 744 0 
3 797 798 743 0 
3 795 796 742 0 
3 793 794 741 0 
3 791 792 740 0 
3 789 790 739 0 
3 787 788 738 0 
3 785 786 737 0 
3 783 784 736 0 
3 780 782 735 0 
3 778 781 734 0 
3 776 779 733 0 
3 774 777 732 0 
3 772 775 731 0 
3 770 773 730 0 
3 768 771 729 0 
3 766 769 728 0 
3 764 767 727 0 
3 762 765 726 0 
3 760 763 725 0 
3 758 761 724 0 
3 756 759 723 0 
3 754 757 722 0 
3 753 755 721 0 
3 752 720 719 0 
3 813 814 752 0 
3 814 753 752 0 
3 814 815 755 0 
3 815 754 755 0 
3 815 816 757 0 
3 816 756 757 0 
3 816 817 759 0 
3 817 758 759 0 
3 817 818 761 0 
3 818 760 761 0 
3 818 819 763 0 
3 819 762 763 0 
3 819 820 765 0 
3 820 764 765 0 
3 820 821 767 0 
3 821 766 767 0 
3 821 822 769 0 
3 822 768 769 0 
3 822 823 771 0 
3 823 770 771 0 
3 823 824 773 0 
3 824 772 773 0 
3 824 825 775 0 
3 825 774 775 0 
3 825 826 777 0 
3 826 776 777 0 
3 826 827 779 0 
3 827 778 779 0 
3 827 828 781 0 
3 828 780 781 0 
3 828 829 782 0 
3 829 783 782 0 
3 830 785 784 0 
3 784 829 830 0 
3 831 787 786 0 
3 786 830 831 0 
3 832 789 788 0 
3 788 831 832 0 
3 833 791 790 0 
3 790 832 833 0 
3 834 793 792 0 
3 792 833 834 0 
3 835 795 794 0 
3 794 834 835 0 
3 836 797 796 0 
3 796 835 836 0 
3 837 799 798 0 
3 798 836 837 0 
3 838 801 800 0 
3 800 837 838 0 
3 839 803 802 0 
3 802 838 839 0 
3 840 805 804 0 
3 804 839 840 0 
3 841 807 806 0 
3 806 840 841 0 
3 842 809 808 0 
3 808 841 842 0 
3 843 811 810 0 
3 810 842 843 0 
3 813 751 812 0 
3 812 843 813 0 
3 812 811 843 0 
3 810 809 842 0 
3 808 807 841 0 
3 806 805 840 0 
3 804 803 839 0 
3 802 801 838 0 
3 800 799 837 0 
3 798 797 836 0 
3 796 795 835 0 
3 794 793 834 0 
3 792 791 833 0 
3 790 789 832 0 
3 788 787 831 0 
3 786 785 830 0 
3 784 783 829 0 
3 782 780 828 0 
3 781 778 827 0 
3 779 776 826 0 
3 777 774 825 0 
3 775 772 824 0 
3 773 770 823 0 
3 771 768 822 0 
3 769 766 821 0 
3 767 764 820 0 
3 765 762 819 0 
3 763 760 818 0 
3 761 758 817 0 
3 759 756 816 0 
3 757 754 815 0 
3 755 753 814 0 
3 752 751 813 0 
3 817 844 845 0 
3 840 839 846 0 
3 845 818 817 0 
3 816 815 847 0 
3 843 848 849 0 
3 842 850 848 0 
3 841 851 850 0 
3 851 841 840 0 
3 825 852 853 0 
3 818 845 854 0 
3 847 844 816 0 
3 815 814 855 0 
3 814 813 849 0 
3 848 843 842 0 
3 846 851 840 0 
3 826 853 856 0 
3 853 826 825 0 
3 817 816 844 0 
3 849 855 814 0 
3 850 842 841 0 
3 839 838 857 0 
3 838 837 858 0 
3 837 836 859 0 
3 832 831 860 0 
3 825 824 852 0 
3 824 823 861 0 
3 855 847 815 0 
3 857 846 839 0 
3 859 858 837 0 
3 835 862 859 0 
3 834 863 862 0 
3 833 864 863 0 
3 864 833 832 0 
3 831 830 865 0 
3 828 866 867 0 
3 827 856 866 0 
3 861 852 824 0 
3 823 822 868 0 
3 820 869 870 0 
3 819 854 869 0 
3 849 813 843 0 
3 859 836 835 0 
3 863 834 833 0 
3 865 860 831 0 
3 866 828 827 0 
3 868 861 823 0 
3 822 821 870 0 
3 869 820 819 0 
3 858 857 838 0 
3 860 864 832 0 
3 830 829 871 0 
3 856 827 826 0 
3 870 821 820 0 
3 862 835 834 0 
3 829 867 871 0 
3 870 868 822 0 
3 871 865 830 0 
3 854 819 818 0 
3 867 829 828 0 
3 849 848 872 0 
3 848 873 872 0 
3 848 850 874 0 
3 850 875 874 0 
3 850 851 876 0 
3 851 877 876 0 
3 851 846 878 0 
3 846 879 878 0 
3 846 857 880 0 
3 857 881 880 0 
3 857 858 882 0 
3 858 883 882 0 
3 858 859 884 0 
3 859 885 884 0 
3 859 862 886 0 
3 862 887 886 0 
3 862 863 888 0 
3 863 889 888 0 
3 863 864 890 0 
3 864 891 890 0 
3 864 860 892 0 
3 860 893 892 0 
3 860 865 894 0 
3 865 895 894 0 
3 865 871 896 0 
3 871 897 896 0 
3 898 899 867 0 
3 871 867 899 0 
3 899 897 871 0 
3 856 900 901 0 
3 901 866 856 0 
3 853 902 903 0 
3 903 856 853 0 
3 852 904 905 0 
3 905 853 852 0 
3 861 906 907 0 
3 907 852 861 0 
3 868 908 909 0 
3 909 861 868 0 
3 870 910 911 0 
3 911 868 870 0 
3 869 912 913 0 
3 913 870 869 0 
3 854 914 915 0 
3 915 869 854 0 
3 845 916 917 0 
3 917 854 845 0 
3 844 918 919 0 
3 919 845 844 0 
3 847 920 921 0 
3 921 844 847 0 
3 855 922 923 0 
3 923 847 855 0 
3 849 924 925 0 
3 925 855 849 0 
3 925 922 855 0 
3 923 920 847 0 
3 921 918 844 0 
3 919 916 845 0 
3 917 914 854 0 
3 915 912 869 0 
3 913 910 870 0 
3 911 908 868 0 
3 909 906 861 0 
3 907 904 852 0 
3 905 902 853 0 
3 903 900 856 0 
3 901 898 866 0 
3 867 866 898 0 
3 896 895 865 0 
3 894 893 860 0 
3 892 891 864 0 
3 890 889 863 0 
3 888 887 862 0 
3 886 885 859 0 
3 884 883 858 0 
3 882 881 857 0 
3 880 879 846 0 
3 878 877 851 0 
3 876 875 850 0 
3 874 873 848 0 
3 872 924 849 0 
3 926 927 925 0 
3 928 923 922 0 
3 922 927 928 0 
3 929 921 920 0 
3 920 928 929 0 
3 930 919 918 0 
3 918 929 930 0 
3 931 917 916 0 
3 916 930 931 0 
3 932 915 914 0 
3 914 931 932 0 
3 933 913 912 0 
3 912 932 933 0 
3 934 911 910 0 
3 910 933 934 0 
3 935 909 908 0 
3 908 934 935 0 
3 936 907 906 0 
3 906 935 936 0 
3 937 905 904 0 
3 904 936 937 0 
3 938 903 902 0 
3 902 937 938 0 
3 939 901 900 0 
3 900 938 939 0 
3 940 899 898 0 
3 898 939 940 0 
3 940 941 897 0 
3 941 896 897 0 
3 941 942 895 0 
3 942 894 895 0 
3 942 943 893 0 
3 943 892 893 0 
3 943 944 891 0 
3 944 890 891 0 
3 944 945 889 0 
3 945 888 889 0 
3 945 946 887 0 
3 946 886 887 0 
3 946 947 885 0 
3 947 884 885 0 
3 947 948 883 0 
3 948 882 883 0 
3 948 949 881 0 
3 949 880 881 0 
3 949 950 879 0 
3 950 878 879 0 
3 950 951 877 0 
3 951 876 877 0 
3 951 952 875 0 
3 952 874 875 0 
3 952 953 873 0 
3 953 872 873 0 
3 953 926 924 0 
3 924 872 953 0 
3 873 874 952 0 
3 875 876 951 0 
3 877 878 950 0 
3 879 880 949 0 
3 881 882 948 0 
3 883 884 947 0 
3 885 886 946 0 
3 887 888 945 0 
3 889 890 944 0 
3 891 892 943 0 
3 893 894 942 0 
3 895 896 941 0 
3 897 899 940 0 
3 898 901 939 0 
3 900 903 938 0 
3 902 905 937 0 
3 904 907 936 0 
3 906 909 935 0 
3 908 911 934 0 
3 910 913 933 0 
3 912 915 932 0 
3 914 917 931 0 
3 916 919 930 0 
3 918 921 929 0 
3 920 923 928 0 
3 922 925 927 0 
3 925 924 926 0 
3 954 955 926 0 
3 956 954 953 0 
3 957 956 952 0 
3 958 957 951 0 
3 959 958 950 0 
3 960 959 949 0 
3 961 960 948 0 
3 962 961 947 0 
3 963 962 946 0 
3 964 963 945 0 
3 965 964 944 0 
3 966 965 943 0 
3 967 966 942 0 
3 968 967 941 0 
3 969 968 940 0 
3 970 969 939 0 
3 971 970 938 0 
3 972 971 937 0 
3 973 972 936 0 
3 974 973 935 0 
3 975 974 934 0 
3 976 975 933 0 
3 977 976 932 0 
3 978 977 931 0 
3 979 978 930 0 
3 980 979 929 0 
3 981 980 928 0 
3 955 981 927 0 
3 927 926 955 0 
3 928 927 981 0 
3 929 928 980 0 
3 930 929 979 0 
3 931 930 978 0 
3 932 931 977 0 
3 933 932 976 0 
3 934 933 975 0 
3 935 934 974 0 
3 936 935 973 0 
3 937 936 972 0 
3 938 937 971 0 
3 939 938 970 0 
3 940 939 969 0 
3 941 940 968 0 
3 942 941 967 0 
3 943 942 966 0 
3 944 943 965 0 
3 945 944 964 0 
3 946 945 963 0 
3 947 946 962 0 
3 948 947 961 0 
3 949 948 960 0 
3 950 949 959 0 
3 951 950 958 0 
3 952 951 957 0 
3 953 952 956 0 
3 926 953 954 0 
3 979 980 982 0 
3 978 979 983 0 
3 980 981 984 0 
3 980 985 982 0 
3 979 986 983 0 
3 977 978 987 0 
3 973 974 988 0 
3 972 989 990 0 
3 970 971 991 0 
3 981 955 992 0 
3 981 993 984 0 
3 982 994 979 0 
3 979 995 986 0 
3 978 996 987 0 
3 976 977 997 0 
3 975 976 998 0 
3 975 999 1000 0 
3 988 1001 973 0 
3 990 971 972 0 
3 971 1002 991 0 
3 958 959 1003 0 
3 955 1004 992 0 
3 981 1005 993 0 
3 983 1006 978 0 
3 978 1006 996 0 
3 977 1007 997 0 
3 976 1008 998 0 
3 1000 974 975 0 
3 974 1009 988 0 
3 972 973 1010 0 
3 972 1011 989 0 
3 991 1012 970 0 
3 969 970 1013 0 
3 969 1014 1015 0 
3 967 968 1016 0 
3 963 1017 1018 0 
3 959 1019 1003 0 
3 957 1020 1021 0 
3 954 956 1022 0 
3 984 985 980 0 
3 987 1007 977 0 
3 997 1023 976 0 
3 998 1024 975 0 
3 975 1025 999 0 
3 974 1026 1009 0 
3 973 1027 1010 0 
3 1012 1028 970 0 
3 970 1028 1013 0 
3 1015 968 969 0 
3 968 1029 1016 0 
3 966 967 1030 0 
3 964 965 1031 0 
3 963 964 1032 0 
3 1018 962 963 0 
3 961 962 1033 0 
3 960 1034 1035 0 
3 1003 1036 958 0 
3 957 958 1037 0 
3 1021 956 957 0 
3 956 1038 1022 0 
3 994 995 979 0 
3 1024 1025 975 0 
3 1001 1039 973 0 
3 973 1039 1027 0 
3 1013 1040 969 0 
3 969 1040 1014 0 
3 1016 1041 967 0 
3 967 1042 1030 0 
3 966 1043 1044 0 
3 965 1045 1031 0 
3 964 1046 1032 0 
3 963 1047 1017 0 
3 962 1048 1033 0 
3 960 961 1049 0 
3 1035 959 960 0 
3 960 1050 1051 0 
3 959 1052 1019 0 
3 958 1053 1037 0 
3 957 1054 1020 0 
3 1022 1055 954 0 
3 955 954 1056 0 
3 1023 1008 976 0 
3 1010 1011 972 0 
3 1015 1029 968 0 
3 1030 1057 966 0 
3 1044 965 966 0 
3 966 1057 1058 0 
3 1031 1059 964 0 
3 1018 1048 962 0 
3 1033 1060 961 0 
3 961 1061 1049 0 
3 1051 1034 960 0 
3 1037 1054 957 0 
3 1055 1062 954 0 
3 954 1062 1056 0 
3 1000 1026 974 0 
3 1041 1042 967 0 
3 1058 1043 966 0 
3 965 1063 1045 0 
3 1060 1061 961 0 
3 1035 1052 959 0 
3 1021 1038 956 0 
3 1056 1064 955 0 
3 990 1002 971 0 
3 1059 1046 964 0 
3 1049 1050 960 0 
3 1064 1004 955 0 
3 1044 1063 965 0 
3 1036 1053 958 0 
3 1032 1047 963 0 
3 992 1005 981 0 
3 1064 1056 1065 0 
3 1066 1004 1064 0 
3 1056 1062 1067 0 
3 1055 1068 1067 0 
3 1022 1069 1068 0 
3 1038 1070 1069 0 
3 1021 1071 1070 0 
3 1070 1038 1021 0 
3 1020 1054 1072 0 
3 1054 1037 1073 0 
3 1053 1074 1073 0 
3 1036 1003 1075 0 
3 1074 1053 1036 0 
3 1003 1019 1076 0 
3 1052 1035 1077 0 
3 1076 1019 1052 0 
3 1035 1034 1078 0 
3 1034 1051 1079 0 
3 1079 1078 1034 0 
3 1050 1080 1079 0 
3 1049 1061 1081 0 
3 1060 1033 1082 0 
3 1081 1061 1060 0 
3 1033 1048 1083 0 
3 1018 1084 1085 0 
3 1085 1048 1018 0 
3 1017 1047 1086 0 
3 1047 1087 1086 0 
3 1032 1088 1087 0 
3 1046 1089 1088 0 
3 1059 1031 1090 0 
3 1089 1046 1059 0 
3 1031 1045 1091 0 
3 1044 1092 1091 0 
3 1091 1045 1063 0 
3 1043 1058 1093 0 
3 1092 1044 1043 0 
3 1057 1094 1093 0 
3 1057 1030 1095 0 
3 1095 1094 1057 0 
3 1030 1042 1096 0 
3 1041 1097 1096 0 
3 1016 1098 1097 0 
3 1029 1099 1098 0 
3 1029 1015 1100 0 
3 1100 1015 1014 0 
3 1040 1101 1102 0 
3 1013 1103 1101 0 
3 1028 1104 1103 0 
3 1103 1013 1028 0 
3 991 1105 1106 0 
3 1106 1012 991 0 
3 991 1002 1107 0 
3 1002 990 1108 0 
3 989 1011 1109 0 
3 1108 990 989 0 
3 1011 1010 1110 0 
3 1010 1027 1111 0 
3 1001 1112 1111 0 
3 1111 1027 1039 0 
3 988 1113 1112 0 
3 988 1009 1114 0 
3 1114 1113 988 0 
3 1026 1115 1114 0 
3 1115 1026 1000 0 
3 999 1025 1116 0 
3 1024 998 1117 0 
3 1116 1025 1024 0 
3 998 1008 1118 0 
3 1119 1118 1008 0 
3 997 1120 1119 0 
3 997 1007 1121 0 
3 1007 1122 1121 0 
3 987 1123 1122 0 
3 996 1006 1124 0 
3 1123 987 996 0 
3 1006 983 1125 0 
3 983 986 1126 0 
3 994 982 1127 0 
3 1126 995 994 0 
3 1126 986 995 0 
3 982 985 1128 0 
3 984 1129 1130 0 
3 1130 985 984 0 
3 1129 984 993 0 
3 1005 1131 1132 0 
3 992 1133 1131 0 
3 1004 1066 1133 0 
3 1133 992 1004 0 
3 1131 1005 992 0 
3 1132 993 1005 0 
3 993 1132 1129 0 
3 1130 1128 985 0 
3 1128 1127 982 0 
3 1127 1126 994 0 
3 1126 1125 983 0 
3 1125 1124 1006 0 
3 1124 1123 996 0 
3 1122 1007 987 0 
3 1121 1120 997 0 
3 1119 1023 997 0 
3 1008 1023 1119 0 
3 1118 1117 998 0 
3 1117 1116 1024 0 
3 1116 1115 999 0 
3 1000 999 1115 0 
3 1114 1009 1026 0 
3 1112 1001 988 0 
3 1111 1039 1001 0 
3 1111 1110 1010 0 
3 1110 1109 1011 0 
3 1109 1108 989 0 
3 1108 1107 1002 0 
3 1107 1105 991 0 
3 1106 1104 1012 0 
3 1028 1012 1104 0 
3 1101 1040 1013 0 
3 1102 1014 1040 0 
3 1014 1102 1100 0 
3 1100 1099 1029 0 
3 1098 1016 1029 0 
3 1097 1041 1016 0 
3 1096 1042 1041 0 
3 1096 1095 1030 0 
3 1093 1058 1057 0 
3 1093 1092 1043 0 
3 1091 1063 1044 0 
3 1091 1090 1031 0 
3 1090 1089 1059 0 
3 1088 1032 1046 0 
3 1087 1047 1032 0 
3 1086 1084 1017 0 
3 1018 1017 1084 0 
3 1048 1085 1083 0 
3 1083 1082 1033 0 
3 1082 1081 1060 0 
3 1081 1080 1049 0 
3 1049 1080 1050 0 
3 1079 1051 1050 0 
3 1078 1077 1035 0 
3 1077 1076 1052 0 
3 1076 1075 1003 0 
3 1075 1074 1036 0 
3 1073 1037 1053 0 
3 1073 1072 1054 0 
3 1072 1071 1020 0 
3 1021 1020 1071 0 
3 1069 1022 1038 0 
3 1068 1055 1022 0 
3 1067 1062 1055 0 
3 1067 1065 1056 0 
3 1065 1066 1064 0 
3 1094 1110 1111 0 
3 1094 1109 1110 0 
3 1094 1107 1108 0 
3 1099 1101 1103 0 
3 1106 1095 1096 0 
3 1113 1090 1091 0 
3 1077 1074 1075 0 
3 1078 1072 1073 0 
3 1078 1129 1132 0 
3 1078 1125 1126 0 
3 1111 1112 1094 0 
3 1094 1105 1107 0 
3 1103 1104 1099 0 
3 1101 1099 1100 0 
3 1106 1097 1098 0 
3 1106 1094 1095 0 
3 1113 1089 1090 0 
3 1075 1076 1077 0 
3 1078 1071 1072 0 
3 1078 1069 1070 0 
3 1078 1065 1067 0 
3 1078 1131 1133 0 
3 1078 1130 1129 0 
3 1078 1124 1125 0 
3 1108 1109 1094 0 
3 1100 1102 1101 0 
3 1096 1097 1106 0 
3 1091 1092 1113 0 
3 1113 1087 1088 0 
3 1113 1083 1085 0 
3 1113 1079 1080 0 
3 1073 1074 1078 0 
3 1078 1068 1069 0 
3 1078 1066 1065 0 
3 1132 1131 1078 0 
3 1126 1127 1078 0 
3 1078 1122 1123 0 
3 1078 1118 1119 0 
3 1078 1114 1115 0 
3 1094 1106 1105 0 
3 1098 1099 1106 0 
3 1092 1093 1113 0 
3 1113 1086 1087 0 
3 1113 1082 1083 0 
3 1080 1081 1113 0 
3 1070 1071 1078 0 
3 1133 1066 1078 0 
3 1127 1128 1078 0 
3 1078 1121 1122 0 
3 1078 1117 1118 0 
3 1115 1116 1078 0 
3 1104 1106 1099 0 
3 1088 1089 1113 0 
3 1085 1084 1113 0 
3 1113 1078 1079 0 
3 1067 1068 1078 0 
3 1123 1124 1078 0 
3 1119 1120 1078 0 
3 1078 1113 1114 0 
3 1093 1094 1113 0 
3 1081 1082 1113 0 
3 1128 1130 1078 0 
3 1116 1117 1078 0 
3 1084 1086 1113 0 
3 1120 1121 1078 0 
3 1077 1078 1074 0 
3 1112 1113 1094 0 
3 554 555 586 0 
3 485 716 1134 0 
3 484 554 714 0 
3 716 485 484 0 
3 714 716 484 0 
3 556 485 1135 0 
3 481 556 1136 0 
3 1137 487 481 0 
3 1136 1137 481 0 
3 1135 1136 556 0 
3 1137 1138 487 0 
3 1138 1139 487 0 
3 488 1140 1141 0 
3 488 1142 1140 0 
3 486 487 1143 0 
3 1144 488 486 0 
3 1143 1144 486 0 
3 1144 1145 488 0 
3 1145 1142 488 0 
3 1141 1146 488 0 
3 1141 1147 1146 0 
3 489 1148 1149 0 
3 1149 505 489 0 
3 488 1150 1148 0 
3 1146 1151 1150 0 
3 1150 488 1146 0 
3 1146 1152 1151 0 
3 506 1153 1154 0 
3 1154 503 506 0 
3 505 1155 1153 0 
3 505 1156 1155 0 
3 505 1149 1156 0 
3 504 1157 1158 0 
3 1158 509 504 0 
3 503 1154 1159 0 
3 1159 1157 503 0 
3 508 1160 1161 0 
3 507 1162 1160 0 
3 1160 508 507 0 
3 507 509 1162 0 
3 509 1158 1162 0 
3 454 423 1163 0 
3 423 422 1161 0 
3 1161 1163 423 0 
3 1163 1164 454 0 
3 452 1165 1166 0 
3 455 454 1167 0 
3 1165 452 455 0 
3 1167 1165 455 0 
3 456 1168 1169 0 
3 453 452 1170 0 
3 1171 456 453 0 
3 1170 1171 453 0 
3 1171 1168 456 0 
3 1172 451 1173 0 
3 450 456 1174 0 
3 1175 451 450 0 
3 1174 1175 450 0 
3 1175 1176 451 0 
3 1176 1173 451 0 
3 1173 1177 1172 0 
3 459 1178 1179 0 
3 1179 460 459 0 
3 451 1180 1181 0 
3 1181 1178 451 0 
3 451 1182 1180 0 
3 451 1172 1183 0 
3 1172 1184 1183 0 
3 1172 1185 1184 0 
3 1183 1186 451 0 
3 1186 1182 451 0 
3 1172 1187 1185 0 
3 1172 1188 1187 0 
3 458 1189 1190 0 
3 1190 457 458 0 
3 460 1191 1189 0 
3 460 1192 1191 0 
3 460 1193 1192 0 
3 460 1179 1194 0 
3 1194 1193 460 0 
3 461 718 717 0 
3 717 462 461 0 
3 457 1190 718 0 
3 462 717 557 0 
3 557 352 462 0 
3 461 457 718 0 
3 458 460 1189 0 
3 459 451 1178 0 
3 1177 1195 1172 0 
3 1169 1174 456 0 
3 1166 1170 452 0 
3 1164 1167 454 0 
3 1161 422 508 0 
3 504 503 1157 0 
3 506 505 1153 0 
3 489 488 1148 0 
3 1147 1196 1146 0 
3 1139 1143 487 0 
3 1134 1135 485 0 
3 586 714 554 0 
3 661 658 1197 0 
3 1198 660 661 0 
3 660 1198 1199 0 
3 1199 663 660 0 
3 662 663 1200 0 
3 665 662 1201 0 
3 1202 664 665 0 
3 1203 666 668 0 
3 666 1203 1204 0 
3 1204 667 666 0 
3 669 1205 1206 0 
3 1206 670 669 0 
3 671 1206 1207 0 
3 1207 672 671 0 
3 672 1207 1208 0 
3 673 1208 1209 0 
3 1209 674 673 0 
3 675 1210 1211 0 
3 1211 676 675 0 
3 677 678 1212 0 
3 678 676 1211 0 
3 1211 1212 678 0 
3 680 677 1213 0 
3 1214 679 680 0 
3 1215 683 684 0 
3 679 1214 1216 0 
3 1216 684 679 0 
3 681 1217 1218 0 
3 685 1219 1220 0 
3 689 687 1221 0 
3 687 1222 1221 0 
3 690 689 1223 0 
3 694 1224 1225 0 
3 1225 691 694 0 
3 1225 1226 691 0 
3 696 1227 1228 0 
3 1228 695 696 0 
3 701 698 1229 0 
3 1230 702 701 0 
3 664 1231 1232 0 
3 664 1202 1231 0 
3 681 683 1215 0 
3 685 686 1233 0 
3 1218 1233 686 0 
3 686 682 1218 0 
3 688 1220 1222 0 
3 693 690 1234 0 
3 1224 694 693 0 
3 692 691 1226 0 
3 695 1235 1236 0 
3 695 1228 1235 0 
3 698 697 1237 0 
3 704 1196 1147 0 
3 1147 703 704 0 
3 703 1147 1141 0 
3 708 1141 1140 0 
3 707 1140 1142 0 
3 705 1142 1145 0 
3 710 1145 1144 0 
3 1144 709 710 0 
3 709 1144 1143 0 
3 711 1139 1138 0 
3 712 1137 1136 0 
3 712 1138 1137 0 
3 713 1135 1134 0 
3 713 1136 1135 0 
3 1189 649 650 0 
3 650 1190 1189 0 
3 651 1192 1193 0 
3 653 649 1191 0 
3 1192 651 653 0 
3 1191 1192 653 0 
3 652 1178 1181 0 
3 652 1179 1178 0 
3 652 651 1194 0 
3 1194 1179 652 0 
3 655 654 1180 0 
3 1180 1182 655 0 
3 654 652 1180 0 
3 657 1183 1184 0 
3 657 656 1186 0 
3 1186 1183 657 0 
3 656 655 1186 0 
3 1238 658 1188 0 
3 1188 1239 1238 0 
3 659 657 1185 0 
3 1187 658 659 0 
3 1185 1187 659 0 
3 1187 1188 658 0 
3 702 1230 1240 0 
3 699 1240 1196 0 
3 1240 1241 1196 0 
3 1196 700 699 0 
3 1240 699 702 0 
3 1238 1197 658 0 
3 1184 1185 657 0 
3 1182 1186 655 0 
3 1181 1180 652 0 
3 1193 1194 651 0 
3 1189 1191 649 0 
3 1190 650 718 0 
3 716 715 1134 0 
3 1134 715 713 0 
3 1136 713 712 0 
3 1138 712 711 0 
3 1139 711 1143 0 
3 1143 711 709 0 
3 710 706 1145 0 
3 1145 706 705 0 
3 1142 705 707 0 
3 1140 707 708 0 
3 1141 708 703 0 
3 704 700 1196 0 
3 1237 1229 698 0 
3 1236 697 695 0 
3 1226 1227 692 0 
3 1234 1224 693 0 
3 689 1242 1223 0 
3 1222 687 688 0 
3 1233 1219 685 0 
3 1215 1217 681 0 
3 1232 668 664 0 
3 1229 1230 701 0 
3 1236 1237 697 0 
3 696 692 1227 0 
3 1223 1234 690 0 
3 1221 1242 689 0 
3 1220 688 685 0 
3 1218 682 681 0 
3 684 1216 1215 0 
3 1213 1214 680 0 
3 1212 1213 677 0 
3 675 674 1210 0 
3 1209 1210 674 0 
3 1208 673 672 0 
3 671 670 1206 0 
3 669 667 1205 0 
3 1204 1205 667 0 
3 668 1232 1203 0 
3 1201 1202 665 0 
3 1200 1201 662 0 
3 1199 1200 663 0 
3 1197 1198 661 0 
3 1239 1188 1172 0 
3 1172 1195 1239 0 
3 1241 1152 1146 0 
3 1146 1196 1241 0 
3 1243 1244 1198 0 
3 1244 1199 1198 0 
3 1198 1197 1243 0 
3 1245 1202 1201 0 
3 1201 1244 1245 0 
3 1245 1231 1202 0 
3 1201 1200 1244 0 
3 1245 1246 1203 0 
3 1246 1204 1203 0 
3 1203 1232 1245 0 
3 1246 1247 1206 0 
3 1247 1207 1206 0 
3 1206 1205 1246 0 
3 1248 1209 1208 0 
3 1208 1247 1248 0 
3 1248 1249 1211 0 
3 1249 1212 1211 0 
3 1211 1210 1248 0 
3 1249 1250 1214 0 
3 1250 1216 1214 0 
3 1214 1213 1249 0 
3 1251 1252 1218 0 
3 1252 1233 1218 0 
3 1250 1251 1215 0 
3 1251 1217 1215 0 
3 1215 1216 1250 0 
3 1253 1222 1220 0 
3 1220 1252 1253 0 
3 1253 1221 1222 0 
3 1220 1219 1252 0 
3 1254 1234 1223 0 
3 1223 1253 1254 0 
3 1254 1224 1234 0 
3 1223 1242 1253 0 
3 1254 1225 1224 0 
3 1254 1255 1227 0 
3 1255 1228 1227 0 
3 1227 1226 1254 0 
3 1255 1235 1228 0 
3 1256 1229 1237 0 
3 1237 1255 1256 0 
3 1256 1230 1229 0 
3 1237 1236 1255 0 
3 1243 1177 1173 0 
3 1243 1195 1177 0 
3 1238 1239 1195 0 
3 1195 1243 1238 0 
3 1257 1176 1175 0 
3 1257 1173 1176 0 
3 1258 1169 1168 0 
3 1258 1174 1169 0 
3 1258 1175 1174 0 
3 1259 1170 1166 0 
3 1259 1168 1171 0 
3 1171 1170 1259 0 
3 1260 1165 1167 0 
3 1260 1166 1165 0 
3 1261 1262 1164 0 
3 1262 1167 1164 0 
3 1261 1161 1160 0 
3 1261 1163 1161 0 
3 1160 1263 1261 0 
3 1263 1162 1158 0 
3 1158 1264 1263 0 
3 1265 1159 1154 0 
3 1265 1264 1157 0 
3 1157 1159 1265 0 
3 1266 1265 1153 0 
3 1153 1155 1266 0 
3 1267 1266 1156 0 
3 1156 1149 1267 0 
3 1268 1267 1148 0 
3 1148 1150 1268 0 
3 1240 1256 1152 0 
3 1152 1241 1240 0 
3 1268 1151 1152 0 
3 1152 1256 1268 0 
3 1240 1230 1256 0 
3 1150 1151 1268 0 
3 1149 1148 1267 0 
3 1155 1156 1266 0 
3 1154 1153 1265 0 
3 1158 1157 1264 0 
3 1160 1162 1263 0 
3 1164 1163 1261 0 
3 1167 1262 1260 0 
3 1166 1260 1259 0 
3 1168 1259 1258 0 
3 1175 1258 1257 0 
3 1173 1257 1243 0 
3 1236 1235 1255 0 
3 1226 1225 1254 0 
3 1242 1221 1253 0 
3 1219 1233 1252 0 
3 1218 1217 1251 0 
3 1213 1212 1249 0 
3 1210 1209 1248 0 
3 1208 1207 1247 0 
3 1205 1204 1246 0 
3 1232 1231 1245 0 
3 1200 1199 1244 0 
3 1197 1238 1243 0 
3 1269 1250 1249 0 
3 1249 1248 1269 0 
3 1248 1247 1269 0 
3 1247 1246 1269 0 
3 1246 1245 1269 0 
3 1245 1244 1269 0 
3 1244 1243 1269 0 
3 1243 1257 1269 0 
3 1257 1258 1269 0 
3 1258 1259 1269 0 
3 1259 1260 1269 0 
3 1260 1262 1269 0 
3 1262 1261 1269 0 
3 1261 1263 1269 0 
3 1263 1264 1269 0 
3 1264 1265 1269 0 
3 1265 1266 1269 0 
3 1266 1267 1269 0 
3 1267 1268 1269 0 
3 1268 1256 1269 0 
3 1256 1255 1269 0 
3 1255 1254 1269 0 
3 1254 1253 1269 0 
3 1253 1252 1269 0 
3 1252 1251 1269 0 
3 1251 1250 1269 0 
