ply
format ascii 1.0
comment VCGLIB generated
element vertex 2152
property float x
property float y
property float z
property float nx
property float ny
property float nz
property int flags
element face 4300
property list uchar int vertex_indices
property int flags
end_header
0 0 -85 0 0 -1000000 0 
-3.325702 0.7068998 -85 -652032.7 138593.9 -745416.4 0 
-3.106055 1.382905 -85 -608968.9 271130.5 -745416.4 0 
-2.750658 1.99847 -85 -539290.3 391817.3 -745416.3 0 
-2.275044 2.526693 -85 -446042.1 495380 -745416.4 0 
-1.7 2.944486 -85 -333299.8 577292.1 -745416.3 0 
-1.050658 3.233593 -85 -205990.6 633973.8 -745416.3 0 
-0.3553968 3.381375 -85 -69678.52 662947.8 -745416.4 0 
0.3553968 3.381375 -85 69678.53 662947.8 -745416.4 0 
1.050658 3.233593 -85 205990.5 633973.8 -745416.4 0 
1.7 2.944486 -85 333299.8 577292 -745416.4 0 
2.275044 2.526693 -85 446042.1 495380 -745416.4 0 
2.750658 1.99847 -85 539290.4 391817.3 -745416.3 0 
3.106055 1.382905 -85 608968.9 271130.5 -745416.4 0 
3.325702 0.7068998 -85 652032.7 138594 -745416.4 0 
3.4 0 -85 666599.4 -0.002792003 -745416.4 0 
3.325702 -0.7068998 -85 652032.7 -138593.9 -745416.4 0 
3.106055 -1.382905 -85 608968.9 -271130.5 -745416.4 0 
2.750658 -1.99847 -85 539290.3 -391817.3 -745416.3 0 
2.275044 -2.526693 -85 446042.1 -495380 -745416.4 0 
1.7 -2.944486 -85 333299.8 -577292.1 -745416.3 0 
1.050658 -3.233593 -85 205990.6 -633973.8 -745416.3 0 
0.3553968 -3.381375 -85 69678.52 -662947.8 -745416.4 0 
-0.3553968 -3.381375 -85 -69678.53 -662947.8 -745416.4 0 
-1.050658 -3.233593 -85 -205990.5 -633973.8 -745416.4 0 
-1.7 -2.944486 -85 -333299.8 -577292 -745416.4 0 
-2.275044 -2.526693 -85 -446042.1 -495380 -745416.4 0 
-2.750658 -1.99847 -85 -539290.4 -391817.3 -745416.3 0 
-3.106055 -1.382905 -85 -608968.9 -271130.5 -745416.4 0 
-3.325702 -0.7068998 -85 -652032.7 -138594 -745416.4 0 
-3.4 0 -85 -666599.4 0.002792003 -745416.4 0 
4.25 0 -80.17941 996238.5 0.011586 -86656.48 0 
4.157127 0.8836247 -80.17941 974468.2 207129.7 -86656.46 0 
3.882568 1.728631 -80.17941 910109.2 405206.6 -86656.52 0 
3.438323 2.498087 -80.17941 805973.8 585574.2 -86656.51 0 
2.843805 3.158366 -80.17941 666613.6 740349.5 -86656.51 0 
2.125 3.680608 -80.17941 498119.2 862767.8 -86656.49 0 
1.313322 4.04199 -80.17941 307854.5 947479.1 -86656.48 0 
0.444246 4.226718 -80.17941 104135.2 990780.9 -86656.49 0 
-0.444246 4.226718 -80.17941 -104135.3 990780.9 -86656.49 0 
-1.313322 4.04199 -80.17941 -307854.5 947479.1 -86656.47 0 
-2.125 3.680608 -80.17941 -498119.2 862767.8 -86656.49 0 
-2.843805 3.158366 -80.17941 -666613.6 740349.5 -86656.49 0 
-3.438323 2.498087 -80.17941 -805973.8 585574.3 -86656.51 0 
-3.882568 1.728631 -80.17941 -910109.2 405206.6 -86656.5 0 
-4.157127 0.8836247 -80.17941 -974468.2 207129.7 -86656.47 0 
-4.25 0 -80.17941 -996238.5 -0.011586 -86656.48 0 
-4.157127 -0.8836247 -80.17941 -974468.2 -207129.7 -86656.46 0 
-3.882568 -1.728631 -80.17941 -910109.2 -405206.6 -86656.52 0 
-3.438323 -2.498087 -80.17941 -805973.8 -585574.2 -86656.51 0 
-2.843805 -3.158366 -80.17941 -666613.6 -740349.5 -86656.51 0 
-2.125 -3.680608 -80.17941 -498119.2 -862767.8 -86656.49 0 
-1.313322 -4.04199 -80.17941 -307854.5 -947479.1 -86656.48 0 
-0.444246 -4.226718 -80.17941 -104135.2 -990780.9 -86656.49 0 
0.444246 -4.226718 -80.17941 104135.3 -990780.9 -86656.49 0 
1.313322 -4.04199 -80.17941 307854.5 -947479.1 -86656.47 0 
2.125 -3.680608 -80.17941 498119.2 -862767.8 -86656.49 0 
2.843805 -3.158366 -80.17941 666613.6 -740349.5 -86656.49 0 
3.438323 -2.498087 -80.17941 805973.8 -585574.3 -86656.51 0 
3.882568 -1.728631 -80.17941 910109.2 -405206.6 -86656.5 0 
4.157127 -0.8836247 -80.17941 974468.2 -207129.7 -86656.47 0 
4.25 0 -73.00001 681939.6 0.009757151 -731408.9 0 
4.157127 0.8836247 -73.00001 667037.6 141783.3 -731408.8 0 
3.882568 1.728631 -73.00001 622982.9 277369.7 -731408.9 0 
3.438323 2.498087 -73.00001 551700.6 400834 -731408.9 0 
2.843805 3.158366 -73.00001 456306.7 506780 -731408.8 0 
2.125 3.680608 -73.00001 340969.7 590577 -731408.8 0 
1.313322 4.04199 -73.00001 210730.8 648563.1 -731408.8 0 
0.444246 4.226718 -73.00001 71282.09 678203.8 -731408.9 0 
-0.444246 4.226718 -73.00001 -71282.1 678203.8 -731408.9 0 
-1.313322 4.04199 -73.00001 -210730.8 648563.1 -731408.8 0 
-2.125 3.680608 -73.00001 -340969.7 590576.9 -731408.9 0 
-2.843805 3.158366 -73.00001 -456306.7 506779.9 -731408.8 0 
-3.438323 2.498087 -73.00001 -551700.6 400834 -731408.9 0 
-3.882568 1.728631 -73.00001 -622982.9 277369.7 -731408.9 0 
-4.157127 0.8836247 -73.00001 -667037.6 141783.2 -731408.8 0 
-4.25 0 -73.00001 -681939.5 -0.009757149 -731408.9 0 
-4.157127 -0.8836247 -73.00001 -667037.6 -141783.2 -731408.8 0 
-3.882568 -1.728631 -73.00001 -622982.9 -277369.7 -731408.9 0 
-3.438323 -2.498087 -73.00001 -551700.7 -400834 -731408.9 0 
-2.843805 -3.158366 -73.00001 -456306.6 -506779.9 -731408.8 0 
-2.125 -3.680608 -73.00001 -340969.7 -590576.9 -731408.9 0 
-1.313322 -4.04199 -73.00001 -210730.8 -648563.1 -731408.8 0 
-0.444246 -4.226718 -73.00001 -71282.09 -678203.8 -731408.9 0 
0.444246 -4.226718 -73.00001 71282.1 -678203.8 -731408.9 0 
1.313322 -4.04199 -73.00001 210730.8 -648563.1 -731408.8 0 
2.125 -3.680608 -73.00001 340969.8 -590577 -731408.9 0 
2.843805 -3.158366 -73.00001 456306.7 -506779.9 -731408.8 0 
3.438323 -2.498087 -73.00001 551700.6 -400834 -731408.9 0 
3.882568 -1.728631 -73.00001 622982.9 -277369.7 -731408.9 0 
4.157127 -0.8836247 -73.00001 667037.6 -141783.2 -731408.8 0 
-2.986201 6.661277 -73.00001 -21057.06 46971.66 -998674.5 0 
-1.934365 7.039051 -73.00001 -13640.08 49635.53 -998674.4 0 
-6.274858 3.730437 -73.00001 -44246.9 26305.02 -998674.4 0 
-5.631872 4.64457 -73.00001 -39712.92 32751 -998674.4 0 
-4.856878 5.449839 -73.00001 -34248.11 38429.34 -998674.4 0 
-3.968043 6.127367 -73.00001 -27980.41 43206.77 -998674.5 0 
-0.8371891 7.251836 -73.00001 -5903.412 51136.07 -998674.5 0 
4.425446 5.805638 -73.00001 31205.79 40938.12 -998674.4 0 
-2.986201 -6.661277 -73.00001 -21057.05 -46971.67 -998674.4 0 
-6.770768 2.728865 -73.00001 -47743.76 19242.47 -998674.4 0 
1.389855 7.166471 -73.00001 9800.466 50533.87 -998674.4 0 
2.467523 6.870322 -73.00001 17399.57 48445.58 -998674.4 0 
3.487355 6.41314 -73.00001 24590.92 45221.97 -998674.4 0 
5.259808 5.062057 -73.00001 37089.23 35694.82 -998674.4 0 
5.970885 4.199827 -73.00001 42103.36 29614.85 -998674.4 0 
1.389855 -7.166471 -73.00001 9800.463 -50533.88 -998674.4 0 
-1.934365 -7.039051 -73.00001 -13640.09 -49635.52 -998674.5 0 
-3.968043 -6.127367 -73.00001 -27980.43 -43206.77 -998674.4 0 
-4.856878 -5.449839 -73.00001 -34248.1 -38429.35 -998674.4 0 
-6.274858 -3.730437 -73.00001 -44246.91 -26305.03 -998674.5 0 
-6.770768 -2.728865 -73.00001 -47743.75 -19242.46 -998674.5 0 
0.2796099 7.294643 -73.00001 1971.657 51437.77 -998674.4 0 
6.542009 3.239155 -73.00001 46130.68 22840.75 -998674.5 0 
4.425446 -5.805638 -73.00001 31205.79 -40938.13 -998674.4 0 
3.487355 -6.41314 -73.00001 24590.94 -45221.96 -998674.4 0 
2.467523 -6.870322 -73.00001 17399.55 -48445.57 -998674.4 0 
-5.631872 -4.64457 -73.00001 -39712.91 -32750.99 -998674.4 0 
6.959794 2.20256 -73.00001 49076.68 15531.26 -998674.4 0 
6.959794 -2.20256 -73.00001 49076.68 -15531.26 -998674.4 0 
6.542009 -3.239155 -73.00001 46130.68 -22840.74 -998674.4 0 
5.259808 -5.062057 -73.00001 37089.23 -35694.82 -998674.4 0 
0.2796099 -7.294643 -73.00001 1971.654 -51437.78 -998674.4 0 
-0.8371891 -7.251836 -73.00001 -5903.39 -51136.07 -998674.4 0 
-7.278581 0.5588096 -73.00001 -51324.53 3940.417 -998674.4 0 
-7.107977 1.663331 -73.00001 -50121.52 11728.89 -998674.4 0 
7.214447 1.11434 -73.00001 50872.35 7857.723 -998674.4 0 
7.300001 0 -73.00001 51475.62 -0.0005936911 -998674.5 0 
7.214447 -1.11434 -73.00001 50872.35 -7857.724 -998674.4 0 
5.970885 -4.199827 -73.00001 42103.35 -29614.85 -998674.4 0 
-7.107977 -1.663331 -73.00001 -50121.51 -11728.88 -998674.4 0 
-7.278581 -0.5588096 -73.00001 -51324.53 -3940.419 -998674.5 0 
7.495091 0 -72.98078 199685.3 0.00903921 -979860.3 0 
7.407251 1.14412 -72.98078 197345 30481.83 -979860.3 0 
7.145792 2.261423 -72.98078 190379.2 60249.15 -979860.3 0 
6.716842 3.325721 -72.98078 178950.8 88604.16 -979860.4 0 
6.130455 4.312066 -72.98078 163328.7 114882.9 -979860.2 0 
5.400374 5.197339 -72.98078 143877.4 138468 -979860.4 0 
4.543714 5.960793 -72.98078 121054.2 158808.2 -979860.3 0 
3.580554 6.584529 -72.98078 95393.59 175425.8 -979860.3 0 
2.533467 7.05393 -72.98078 67496.98 187931.8 -979860.3 0 
1.426999 7.357993 -72.98078 38018.25 196032.7 -979860.3 0 
0.2870825 7.489591 -72.98078 7648.472 199538.5 -979860.4 0 
-0.8595626 7.445639 -72.98078 -22900.54 198367.5 -979860.4 0 
-1.98606 7.227168 -72.98078 -52912.95 192547.3 -979860.2 0 
-3.066007 6.839297 -72.98078 -81684.84 182213.3 -979860.4 0 
-4.074088 6.29112 -72.98078 -108542.5 167609 -979860.2 0 
-4.986676 5.595484 -72.98078 -132855.6 149075.5 -979860.4 0 
-5.782381 4.768695 -72.98078 -154054.8 127048.1 -979860.4 0 
-6.442552 3.830131 -72.98078 -171643.2 102042.8 -979860.4 0 
-6.951715 2.801793 -72.98078 -185208.7 74645.77 -979860.3 0 
-7.297935 1.707783 -72.98078 -194432.7 45499.01 -979860.3 0 
-7.473099 0.5737436 -72.98078 -199099.4 15285.77 -979860.3 0 
-7.473099 -0.5737436 -72.98078 -199099.4 -15285.77 -979860.3 0 
-7.297935 -1.707783 -72.98078 -194432.7 -45499.02 -979860.3 0 
-6.951715 -2.801793 -72.98078 -185208.7 -74645.81 -979860.2 0 
-6.442552 -3.830131 -72.98078 -171643.2 -102042.8 -979860.4 0 
-5.782381 -4.768695 -72.98078 -154054.8 -127048.1 -979860.3 0 
-4.986676 -5.595484 -72.98078 -132855.6 -149075.5 -979860.4 0 
-4.074088 -6.29112 -72.98078 -108542.5 -167609 -979860.2 0 
-3.066007 -6.839297 -72.98078 -81684.91 -182213.2 -979860.4 0 
-1.98606 -7.227168 -72.98078 -52912.88 -192547.4 -979860.2 0 
-0.8595626 -7.445639 -72.98078 -22900.57 -198367.6 -979860.3 0 
0.2870825 -7.489591 -72.98078 7648.458 -199538.5 -979860.4 0 
1.426999 -7.357993 -72.98078 38018.27 -196032.7 -979860.3 0 
2.533467 -7.05393 -72.98078 67497.01 -187931.8 -979860.3 0 
3.580554 -6.584529 -72.98078 95393.59 -175425.8 -979860.3 0 
4.543714 -5.960793 -72.98078 121054.3 -158808.2 -979860.3 0 
5.400374 -5.197339 -72.98078 143877.3 -138468 -979860.4 0 
6.130455 -4.312066 -72.98078 163328.8 -114882.8 -979860.2 0 
6.716842 -3.325721 -72.98078 178950.8 -88604.25 -979860.4 0 
7.145792 -2.261423 -72.98078 190379.1 -60249.14 -979860.3 0 
7.407251 -1.14412 -72.98078 197345 -30481.84 -979860.3 0 
7.682684 0 -72.92388 386752.2 0.01597328 -922183.9 0 
7.592646 1.172756 -72.92388 382219.5 59037.42 -922183.9 0 
7.324643 2.318024 -72.92388 368728.3 116691.2 -922183.8 0 
6.884957 3.408959 -72.92388 346594.5 171609.9 -922183.7 0 
6.283892 4.419991 -72.92388 316336.2 222506 -922183.8 0 
5.535539 5.327423 -72.92388 278663.3 268186.6 -922183.9 0 
4.657438 6.109983 -72.92388 234459.2 307581.4 -922183.8 0 
3.67017 6.749332 -72.92388 184759.4 339766.9 -922183.8 0 
2.596877 7.230482 -72.92388 130729 363988.7 -922183.6 0 
1.462715 7.542155 -72.92388 73634.26 379678.5 -922183.6 0 
0.2942678 7.677046 -72.92388 14813.69 386468.6 -922183.8 0 
-0.8810765 7.631994 -72.92388 -44354.06 384200.5 -922183.9 0 
-2.035769 7.408054 -72.92388 -102482.3 372927.5 -922183.8 0 
-3.142745 7.010477 -72.92388 -158208.3 352913.1 -922183.8 0 
-4.176057 6.448579 -72.92388 -210226.1 324626.6 -922183.8 0 
-5.111487 5.735532 -72.92388 -257316 288731.1 -922184 0 
-5.927108 4.888049 -72.92388 -298375.5 246068.3 -922183.8 0 
-6.603802 3.925995 -72.92388 -332440.4 197637.5 -922183.9 0 
-7.125708 2.871918 -72.92388 -358713.5 144574.5 -922183.9 0 
-7.480594 1.750526 -72.92388 -376578.9 88122.86 -922183.9 0 
-7.660141 0.5881037 -72.92388 -385617.8 29605.61 -922183.8 0 
-7.660141 -0.5881037 -72.92388 -385617.8 -29605.64 -922183.8 0 
-7.480594 -1.750526 -72.92388 -376578.9 -88122.86 -922183.9 0 
-7.125708 -2.871918 -72.92388 -358713.5 -144574.5 -922184 0 
-6.603802 -3.925995 -72.92388 -332440.3 -197637.5 -922184 0 
-5.927108 -4.888049 -72.92388 -298375.5 -246068.4 -922183.8 0 
-5.111487 -5.735532 -72.92388 -257316.1 -288731 -922184 0 
-4.176057 -6.448579 -72.92388 -210226.1 -324626.6 -922183.8 0 
-3.142745 -7.010477 -72.92388 -158208.3 -352913.1 -922183.8 0 
-2.035769 -7.408054 -72.92388 -102482.3 -372927.5 -922183.8 0 
-0.8810765 -7.631994 -72.92388 -44354.11 -384200.5 -922183.9 0 
0.2942678 -7.677046 -72.92388 14813.67 -386468.6 -922183.8 0 
1.462715 -7.542155 -72.92388 73634.27 -379678.4 -922183.7 0 
2.596877 -7.230482 -72.92388 130729 -363988.6 -922183.6 0 
3.67017 -6.749332 -72.92388 184759.4 -339766.9 -922183.7 0 
4.657438 -6.109983 -72.92388 234459.1 -307581.4 -922183.8 0 
5.535539 -5.327423 -72.92388 278663.3 -268186.6 -922183.9 0 
6.283892 -4.419991 -72.92388 316336.2 -222505.9 -922183.8 0 
6.884957 -3.408959 -72.92388 346594.5 -171609.8 -922183.7 0 
7.324643 -2.318024 -72.92388 368728.4 -116691.2 -922183.8 0 
7.592646 -1.172756 -72.92388 382219.5 -59037.48 -922183.9 0 
7.855571 0 -72.83147 558861.5 -0.002316882 -829261.2 0 
7.763507 1.199147 -72.83147 552311.9 85309.89 -829261.2 0 
7.489472 2.370187 -72.83147 532816.2 168619.9 -829261.5 0 
7.039892 3.485672 -72.83147 500832.2 247977.8 -829261.4 0 
6.425302 4.519456 -72.83147 457109.1 321523.2 -829261.4 0 
5.660108 5.447308 -72.83147 402671.8 387532.7 -829261.2 0 
4.762246 6.247479 -72.83147 338796 444458.8 -829261.2 0 
3.752762 6.901215 -72.83147 266979.2 490966.6 -829261.2 0 
2.655315 7.393192 -72.83147 188904.7 525967.1 -829261.2 0 
1.495631 7.711879 -72.83147 106402.3 548638.9 -829261.2 0 
0.3008898 7.849806 -72.83147 21405.97 558451.1 -829261.5 0 
-0.9009037 7.803741 -72.83147 -64092.21 555174.2 -829261.2 0 
-2.081581 7.574761 -72.83147 -148088.1 538884.5 -829261 0 
-3.213468 7.168237 -72.83147 -228612.8 509963.3 -829261.1 0 
-4.270033 6.593694 -72.83147 -303778.7 469088.8 -829261.5 0 
-5.226513 5.864602 -72.83147 -371825.1 417220 -829261.2 0 
-6.060488 4.998047 -72.83147 -431155.8 355571.6 -829261.1 0 
-6.75241 4.014343 -72.83147 -480380.2 285588.6 -829261.3 0 
-7.286061 2.936547 -72.83147 -518345.7 208912 -829261.1 0 
-7.648933 1.789919 -72.83147 -544160.8 127338.5 -829261.4 0 
-7.83252 0.601338 -72.83147 -557221.4 42780.41 -829261.4 0 
-7.83252 -0.601338 -72.83147 -557221.4 -42780.39 -829261.4 0 
-7.648933 -1.789919 -72.83147 -544160.7 -127338.5 -829261.4 0 
-7.286061 -2.936547 -72.83147 -518345.7 -208912.1 -829261.1 0 
-6.75241 -4.014343 -72.83147 -480380.3 -285588.6 -829261.3 0 
-6.060488 -4.998047 -72.83147 -431155.8 -355571.6 -829261.1 0 
-5.226513 -5.864602 -72.83147 -371825.1 -417220 -829261.2 0 
-4.270033 -6.593694 -72.83147 -303778.8 -469088.7 -829261.5 0 
-3.213468 -7.168237 -72.83147 -228612.8 -509963.4 -829261.1 0 
-2.081581 -7.574761 -72.83147 -148088.1 -538884.5 -829261.1 0 
-0.9009037 -7.803741 -72.83147 -64092.2 -555174.2 -829261.2 0 
0.3008898 -7.849806 -72.83147 21405.92 -558451.1 -829261.4 0 
1.495631 -7.711879 -72.83147 106402.3 -548638.9 -829261.2 0 
2.655315 -7.393192 -72.83147 188904.7 -525967.1 -829261.2 0 
3.752762 -6.901215 -72.83147 266979.2 -490966.5 -829261.3 0 
4.762246 -6.247479 -72.83147 338796.1 -444458.7 -829261.2 0 
5.660108 -5.447308 -72.83147 402671.8 -387532.8 -829261.2 0 
6.425302 -4.519456 -72.83147 457109.1 -321523.2 -829261.4 0 
7.039892 -3.485672 -72.83147 500832.2 -247977.8 -829261.4 0 
7.489472 -2.370187 -72.83147 532816.1 -168619.9 -829261.6 0 
7.763507 -1.199147 -72.83147 552311.9 -85309.84 -829261.2 0 
8.007108 0 -72.70711 709465.4 -0.1506408 -704740.5 0 
7.913267 1.222279 -72.70711 701152.1 108299.8 -704739.2 0 
7.633947 2.415909 -72.70711 676401.9 214060.3 -704740.5 0 
7.175694 3.552912 -72.70711 635798.2 314803.8 -704740.8 0 
6.549248 4.606638 -72.70711 580292.9 408169 -704740.2 0 
5.769294 5.552388 -72.70711 511185.4 491966.6 -704740.2 0 
4.854112 6.367995 -72.70711 430096.2 564233.1 -704740.2 0 
3.825154 7.034342 -72.70711 338925.7 623274 -704740.6 0 
2.706537 7.535809 -72.70711 239811.5 667707 -704739.8 0 
1.524482 7.860644 -72.70711 135076 696488.5 -704740.1 0 
0.3066941 8.001231 -72.70711 27174.46 708945.8 -704739.6 0 
-0.9182825 7.954277 -72.70711 -81364.21 704785.7 -704739.3 0 
-2.121735 7.720881 -72.70711 -187995.2 684104.9 -704740.2 0 
-3.275456 7.306514 -72.70711 -290220.3 647390.6 -704739.8 0 
-4.352404 6.720889 -72.70711 -385642.7 595501.2 -704739.9 0 
-5.327334 5.977732 -72.70711 -472025.9 529654.1 -704740.1 0 
-6.177396 5.094461 -72.70711 -547345.2 451392.3 -704740.1 0 
-6.882666 4.091782 -72.70711 -609835.8 362550.5 -704739.5 0 
-7.426611 2.993193 -72.70711 -658031.4 265210.5 -704740 0 
-7.796484 1.824448 -72.70711 -690803.2 161654.3 -704740.6 0 
-7.983613 0.6129381 -72.70711 -707383.5 54309.05 -704740.7 0 
-7.983613 -0.6129381 -72.70711 -707383.6 -54309.04 -704740.7 0 
-7.796484 -1.824448 -72.70711 -690803.1 -161654.3 -704740.6 0 
-7.426611 -2.993193 -72.70711 -658031.4 -265210.4 -704740.1 0 
-6.882666 -4.091782 -72.70711 -609835.7 -362550.6 -704739.6 0 
-6.177396 -5.094461 -72.70711 -547345.3 -451392.3 -704740.1 0 
-5.327334 -5.977732 -72.70711 -472025.9 -529654.1 -704740.1 0 
-4.352404 -6.720889 -72.70711 -385642.7 -595501.2 -704740 0 
-3.275456 -7.306514 -72.70711 -290220.2 -647390.6 -704739.6 0 
-2.121735 -7.720881 -72.70711 -187995.4 -684104.8 -704740.3 0 
-0.9182825 -7.954277 -72.70711 -81364.08 -704785.6 -704739.4 0 
0.3066941 -8.001231 -72.70711 27174.51 -708945.7 -704739.6 0 
1.524482 -7.860644 -72.70711 135076 -696488.5 -704740.2 0 
2.706537 -7.535809 -72.70711 239811.6 -667707 -704739.8 0 
3.825154 -7.034342 -72.70711 338925.7 -623274.1 -704740.5 0 
4.854112 -6.367995 -72.70711 430096.2 -564233.1 -704740.2 0 
5.769294 -5.552388 -72.70711 511185.4 -491966.6 -704740.2 0 
6.549248 -4.606638 -72.70711 580292.9 -408168.8 -704740.2 0 
7.175694 -3.552912 -72.70711 635798.2 -314803.9 -704740.8 0 
7.633947 -2.415909 -72.70711 676401.9 -214060.3 -704740.5 0 
7.913267 -1.222279 -72.70711 701152.2 -108299.5 -704739.2 0 
8.131471 0 -72.55558 832930 0.1748632 -553378.7 0 
8.036172 1.241263 -72.55558 823167.4 127145.9 -553380.3 0 
7.752514 2.453432 -72.55558 794112.6 251312.1 -553378.7 0 
7.287144 3.608094 -72.55558 746443.5 369587.8 -553378.1 0 
6.650968 4.678186 -72.55558 681278 479200.3 -553378.5 0 
5.8589 5.638626 -72.55558 600144.1 577580.8 -553378.6 0 
4.929504 6.4669 -72.55558 504943.4 662423.3 -553378.6 0 
3.884564 7.143596 -72.55558 397907.2 731739.1 -553378.9 0 
2.748574 7.652852 -72.55558 281544.3 783903.6 -553379 0 
1.548159 7.982732 -72.55558 158582.5 817694.9 -553378 0 
0.3114575 8.125503 -72.55558 31903.49 832319 -553378.5 0 
-0.9325448 8.077819 -72.55558 -95523.05 827433.4 -553380.2 0 
-2.154689 7.840798 -72.55558 -220711.3 803155.9 -553378.4 0 
-3.326329 7.419995 -72.55558 -340725.5 760051.6 -553378.8 0 
-4.420003 6.825275 -72.55558 -452753.6 699132.8 -553378.7 0 
-5.410076 6.070575 -72.55558 -554169.8 621826.6 -553378.5 0 
-6.273341 5.173586 -72.55558 -642596 529945.2 -553379.5 0 
-6.989564 4.155333 -72.55558 -715961.5 425642.8 -553378.5 0 
-7.541958 3.039682 -72.55558 -772544.2 311363.4 -553379.4 0 
-7.917575 1.852784 -72.55558 -811020.1 189786 -553378.8 0 
-8.107611 0.6224579 -72.55558 -830486.1 63760.14 -553378.6 0 
-8.107611 -0.6224579 -72.55558 -830486.1 -63760.16 -553378.7 0 
-7.917575 -1.852784 -72.55558 -811020.1 -189786.1 -553378.8 0 
-7.541958 -3.039682 -72.55558 -772544.3 -311363.3 -553379.3 0 
-6.989564 -4.155333 -72.55558 -715961.5 -425643 -553378.4 0 
-6.273341 -5.173586 -72.55558 -642596.1 -529945.1 -553379.6 0 
-5.410076 -6.070575 -72.55558 -554169.8 -621826.7 -553378.5 0 
-4.420003 -6.825275 -72.55558 -452753.7 -699132.8 -553378.6 0 
-3.326329 -7.419995 -72.55558 -340725.5 -760051.5 -553378.9 0 
-2.154689 -7.840798 -72.55558 -220711.1 -803156 -553378.2 0 
-0.9325448 -8.077819 -72.55558 -95523.39 -827433.6 -553380 0 
0.3114575 -8.125503 -72.55558 31903.56 -832318.8 -553378.7 0 
1.548159 -7.982732 -72.55558 158582.6 -817694.8 -553378 0 
2.748574 -7.652852 -72.55558 281544.2 -783903.8 -553378.9 0 
3.884564 -7.143596 -72.55558 397907.1 -731739.1 -553379.1 0 
4.929504 -6.4669 -72.55558 504943.4 -662423.2 -553378.6 0 
5.8589 -5.638626 -72.55558 600144.2 -577580.8 -553378.5 0 
6.650968 -4.678186 -72.55558 681278 -479200.3 -553378.6 0 
7.287144 -3.608094 -72.55558 746443.6 -369587.8 -553378.1 0 
7.752514 -2.453432 -72.55558 794112.7 -251312 -553378.4 0 
8.036172 -1.241263 -72.55558 823167.4 -127146.3 -553380.4 0 
8.22388 0 -72.38269 924574.8 0.1064825 -381001.3 0 
8.127501 1.255369 -72.38269 913738.6 141135.5 -381002.8 0 
7.840618 2.481314 -72.38269 881486.4 278963.5 -381000.6 0 
7.369958 3.649099 -72.38269 828571.8 410252.1 -381002 0 
6.726553 4.731351 -72.38269 756236.4 531924.9 -381002.2 0 
5.925483 5.702705 -72.38269 666175.9 641130.1 -381001.8 0 
4.985525 6.540393 -72.38269 560500.5 735307.4 -381002.2 0 
3.92871 7.22478 -72.38269 441687.5 812250.1 -381001.8 0 
2.77981 7.739823 -72.38269 312521.6 870153.9 -381002.5 0 
1.565754 8.073451 -72.38269 176030.7 907663.1 -381000.6 0 
0.3149971 8.217845 -72.38269 35414.05 923895.8 -381002.4 0 
-0.9431427 8.169621 -72.38269 -106033.4 918474 -381002.4 0 
-2.179176 7.929904 -72.38269 -244995.4 891524.4 -381001.3 0 
-3.364131 7.50432 -72.38269 -378214.3 843677.6 -381001.9 0 
-4.470234 6.902841 -72.38269 -502568.4 776055.6 -381002.8 0 
-5.471559 6.139564 -72.38269 -615143.1 690244 -381002.1 0 
-6.344635 5.232382 -72.38269 -713298.9 588253.4 -381002.6 0 
-7.068997 4.202556 -72.38269 -794735.9 472474.6 -381002.7 0 
-7.627669 3.074227 -72.38269 -857545.2 345621.8 -381001.7 0 
-8.007554 1.87384 -72.38269 -900253.9 210667.7 -381001.9 0 
-8.19975 0.6295319 -72.38269 -921861.5 70775.5 -381002.1 0 
-8.19975 -0.6295319 -72.38269 -921861.4 -70775.49 -381002.2 0 
-8.007554 -1.87384 -72.38269 -900253.9 -210667.7 -381001.9 0 
-7.627669 -3.074227 -72.38269 -857545.1 -345621.8 -381001.7 0 
-7.068997 -4.202556 -72.38269 -794735.9 -472474.5 -381002.7 0 
-6.344635 -5.232382 -72.38269 -713299 -588253.4 -381002.6 0 
-5.471559 -6.139564 -72.38269 -615143.1 -690244 -381002.1 0 
-4.470234 -6.902841 -72.38269 -502568.5 -776055.5 -381002.9 0 
-3.364131 -7.50432 -72.38269 -378214.2 -843677.7 -381001.8 0 
-2.179176 -7.929904 -72.38269 -244995.2 -891524.3 -381001.4 0 
-0.9431427 -8.169621 -72.38269 -106033.5 -918473.9 -381002.5 0 
0.3149971 -8.217845 -72.38269 35413.92 -923895.8 -381002.2 0 
1.565754 -8.073451 -72.38269 176031 -907662.9 -381000.6 0 
2.77981 -7.739823 -72.38269 312521.4 -870153.9 -381002.6 0 
3.92871 -7.22478 -72.38269 441687.6 -812250.1 -381001.7 0 
4.985525 -6.540393 -72.38269 560500.4 -735307.4 -381002.1 0 
5.925483 -5.702705 -72.38269 666175.9 -641130 -381001.8 0 
6.726553 -4.731351 -72.38269 756236.4 -531925 -381002.2 0 
7.369958 -3.649099 -72.38269 828571.7 -410252.2 -381002.1 0 
7.840618 -2.481314 -72.38269 881486.3 -278963.3 -381001 0 
8.127501 -1.255369 -72.38269 913738.6 -141135.8 -381002.7 0 
8.280786 0 -72.1951 980965.3 -0.1787248 -194184 0 
8.183738 1.264056 -72.1951 969404.9 140452 -201315.2 0 
7.894871 2.498483 -72.1951 933359.8 296995.5 -201578.1 0 
7.420955 3.674349 -72.1951 873426.2 443037.1 -202101.9 0 
6.773098 4.76409 -72.1951 804880.9 558315.6 -201123.8 0 
5.966485 5.742166 -72.1951 710246.2 674503.4 -201484.2 0 
5.020023 6.585649 -72.1951 590141.9 781737.9 -201540.8 0 
3.955896 7.274772 -72.1951 460380.5 864386.6 -202203 0 
2.799045 7.793379 -72.1951 339513.1 918587.6 -202307.1 0 
1.576588 8.129315 -72.1951 189991.5 960873.2 -201559.5 0 
0.3171767 8.274709 -72.1951 30080.13 979038.8 -201441.7 0 
-0.9496689 8.22615 -72.1951 -117049.8 972821.9 -199793 0 
-2.194255 7.984776 -72.1951 -250376.8 946865.9 -201883.6 0 
-3.387409 7.556247 -72.1951 -400202 893981.4 -201583.8 0 
-4.501167 6.950605 -72.1951 -540242.6 817000.5 -201614.8 0 
-5.50942 6.182047 -72.1951 -650306.1 733528.8 -197580.6 0 
-6.388536 5.268587 -72.1951 -750354.3 629612.3 -201388.2 0 
-7.117912 4.231637 -72.1951 -843232.6 498325.6 -201570.8 0 
-7.680449 3.095499 -72.1951 -911785.6 357408.2 -202254.5 0 
-8.062963 1.886806 -72.1951 -951884.1 230590.4 -201854 0 
-8.256489 0.633888 -72.1951 -976170.3 80516.92 -201516.6 0 
-8.256489 -0.633888 -72.1951 -976170.3 -80516.93 -201516.6 0 
-8.062963 -1.886806 -72.1951 -951884.1 -230590.6 -201853.8 0 
-7.680449 -3.095499 -72.1951 -911785.6 -357408.2 -202254.4 0 
-7.117912 -4.231637 -72.1951 -843232.6 -498325.6 -201570.8 0 
-6.388536 -5.268587 -72.1951 -750354.2 -629612.4 -201388.1 0 
-5.50942 -6.182047 -72.1951 -650306.2 -733528.6 -197580.7 0 
-4.501167 -6.950605 -72.1951 -540242.6 -817000.4 -201614.8 0 
-3.387409 -7.556247 -72.1951 -400201.8 -893981.6 -201583.9 0 
-2.194255 -7.984776 -72.1951 -250377 -946865.8 -201883.6 0 
-0.9496689 -8.22615 -72.1951 -117049.4 -972821.9 -199793 0 
0.3171767 -8.274709 -72.1951 30080 -979038.8 -201441.7 0 
1.576588 -8.129315 -72.1951 189991.5 -960873.2 -201559.5 0 
2.799045 -7.793379 -72.1951 339513 -918587.6 -202307.1 0 
3.955896 -7.274772 -72.1951 460380.7 -864386.5 -202203.1 0 
5.020023 -6.585649 -72.1951 590141.9 -781737.9 -201540.8 0 
5.966485 -5.742166 -72.1951 710246.2 -674503.2 -201484.2 0 
6.773098 -4.76409 -72.1951 804880.9 -558315.7 -201123.8 0 
7.420955 -3.674349 -72.1951 873426.2 -443037.2 -202101.9 0 
7.894871 -2.498483 -72.1951 933359.8 -296995.4 -201578 0 
8.183738 -1.264056 -72.1951 969404.9 -140451.8 -201315.2 0 
8.300001 0 -72.00001 998801.4 -0.03103242 -48950.93 0 
7.91319 2.504281 -72.00001 951092.5 304998.2 -48986.5 0 
8.118625 1.725667 -72.00001 971018.5 219880.8 -93679.59 0 
7.582428 3.375914 -72.00001 919179.2 384488.9 -85313.17 0 
7.438174 3.682875 -72.00001 882306.8 468120.5 -48973.09 0 
5.980329 5.75549 -72.00001 731037.4 680577.4 -48979.96 0 
6.714841 4.878618 -72.00001 786298.8 614648.2 -62788.71 0 
5.031672 6.600931 -72.00001 596343.1 801234.1 -48983.54 0 
5.553784 6.168102 -72.00001 663469.2 741822.6 -97510.55 0 
4.150001 7.188011 -72.00001 525197.1 847864.4 -72763.19 0 
3.965075 7.291652 -72.00001 448933.9 892222.1 -48974.58 0 
1.580246 8.148179 -72.00001 198906.3 978793.7 -48986.72 0 
2.564841 7.89377 -72.00001 281015.8 956580.5 -77358.08 0 
0.8675863 8.254533 -72.00001 110634.7 989141.4 -96745.68 0 
0.3179127 8.293909 -72.00001 19162.26 998616.3 -48976.93 0 
-0.8675863 8.254533 -72.00001 -67929.16 996017.1 -57758.98 0 
-0.9518725 8.245238 -72.00001 -149901.1 987487.4 -48974.72 0 
-3.39527 7.573781 -72.00001 -407415.5 911928.3 -48988.35 0 
-2.564841 7.89377 -72.00001 -326339.3 941091.6 -88598.27 0 
-4.150001 7.188011 -72.00001 -483634 870486.6 -91388.22 0 
-4.511611 6.966733 -72.00001 -564115.6 824242.4 -48972.29 0 
-6.40336 5.280813 -72.00001 -756609.6 652030.4 -48975.88 0 
-5.553784 6.168102 -72.00001 -695632.7 716436.3 -53051.91 0 
-7.134428 4.241456 -72.00001 -861774.2 504921.8 -48985.09 0 
-6.714841 4.878618 -72.00001 -811117.9 577039.3 -95466.22 0 
-7.582428 3.375914 -72.00001 -899807.9 428596 -81557.44 0 
-7.69827 3.102682 -72.00001 -936940.8 346040.6 -48974.05 0 
-8.275647 0.6353589 -72.00001 -994698.9 90417.06 -48981.95 0 
-8.118625 1.725667 -72.00001 -982251.4 174865.3 -67858.96 0 
-8.300001 0 -72.00001 -995209.6 -0.0005975183 -97766.34 0 
-8.275647 -0.6353589 -72.00001 -994698.9 -90417.06 -48981.94 0 
-8.118625 -1.725667 -72.00001 -982251.4 -174865.3 -67858.98 0 
-8.081672 -1.891184 -72.00001 -964447.8 -259697.2 -48971.86 0 
-7.134428 -4.241456 -72.00001 -861774.2 -504921.8 -48985.12 0 
-7.582428 -3.375914 -72.00001 -899807.9 -428596 -81557.47 0 
-6.714841 -4.878618 -72.00001 -811117.9 -577039.3 -95466.2 0 
-6.40336 -5.280813 -72.00001 -756609.6 -652030.5 -48975.81 0 
-5.553784 -6.168102 -72.00001 -695632.6 -716436.3 -53051.92 0 
-5.522203 -6.196392 -72.00001 -636495.9 -769724.1 -48972.63 0 
-3.39527 -7.573781 -72.00001 -407415.5 -911928.3 -48988.36 0 
-4.150001 -7.188011 -72.00001 -483633.9 -870486.6 -91388.19 0 
-2.564841 -7.89377 -72.00001 -326339.3 -941091.6 -88598.29 0 
-2.199347 -8.003304 -72.00001 -238782.6 -969837.5 -48975.56 0 
0.3179127 -8.293909 -72.00001 19162.26 -998616.3 -48976.93 0 
-0.8675863 -8.254533 -72.00001 -67929.16 -996017.1 -57758.99 0 
1.580246 -8.148179 -72.00001 198906.3 -978793.7 -48986.72 0 
0.8675863 -8.254533 -72.00001 110634.7 -989141.4 -96745.66 0 
2.564841 -7.89377 -72.00001 281015.8 -956580.5 -77358.05 0 
2.80554 -7.811463 -72.00001 366219.4 -929239.1 -48974.44 0 
5.031672 -6.600931 -72.00001 596343.1 -801234.1 -48983.52 0 
4.150001 -7.188011 -72.00001 525197.1 -847864.3 -72763.22 0 
5.553784 -6.168102 -72.00001 663469.2 -741822.6 -97510.55 0 
5.980329 -5.75549 -72.00001 731037.5 -680577.4 -48979.95 0 
6.714841 -4.878618 -72.00001 786298.8 -614648.2 -62788.73 0 
6.788814 -4.775145 -72.00001 836247.8 -546161 -48973.61 0 
7.91319 -2.504281 -72.00001 951092.5 -304998.1 -48986.5 0 
7.582428 -3.375914 -72.00001 919179.2 -384488.9 -85313.16 0 
8.118625 -1.725667 -72.00001 971018.5 -219880.8 -93679.59 0 
8.202728 -1.266989 -72.00001 990498.2 -128512.2 -48973.13 0 
7.438174 -3.682875 -72.00001 882306.8 -468120.5 -48973.07 0 
3.965075 -7.291652 -72.00001 448933.8 -892222.1 -48974.6 0 
-0.9518725 -8.245238 -72.00001 -149901.1 -987487.5 -48974.68 0 
-4.511611 -6.966733 -72.00001 -564115.6 -824242.5 -48972.27 0 
-7.69827 -3.102682 -72.00001 -936940.8 -346040.4 -48974.16 0 
-8.081672 1.891184 -72.00001 -964447.8 259697.1 -48971.74 0 
-5.522203 6.196392 -72.00001 -636495.9 769724.1 -48972.64 0 
-2.199347 8.003304 -72.00001 -238782.6 969837.4 -48975.62 0 
2.80554 7.811463 -72.00001 366219.4 929239.1 -48974.43 0 
6.788814 4.775145 -72.00001 836247.8 546160.9 -48973.64 0 
8.202728 1.266989 -72.00001 990498.2 128512.2 -48973.11 0 
-8.275647 0.6353589 -71.5 -994698.9 90417.08 48981.94 0 
-8.118625 1.725667 -71.5 -982251.4 174865.3 67858.98 0 
-8.300001 0 -71.5 -995209.6 0.0005975183 97766.34 0 
-7.69827 3.102682 -71.5 -936940.8 346040.4 48974.16 0 
-8.081672 1.891184 -71.5 -964447.8 259697.3 48971.86 0 
-7.134428 4.241456 -71.5 -861774.2 504921.9 48985.12 0 
-7.582428 3.375914 -71.5 -899807.9 428596 81557.46 0 
-6.40336 5.280813 -71.5 -756609.6 652030.5 48975.81 0 
-6.714841 4.878618 -71.5 -811117.9 577039.3 95466.21 0 
-4.511611 6.966733 -71.5 -564115.7 824242.5 48972.27 0 
-4.150001 7.188011 -71.5 -483634 870486.6 91388.2 0 
-5.522203 6.196392 -71.5 -636495.9 769724.1 48972.63 0 
-5.553784 6.168102 -71.5 -695632.7 716436.3 53051.92 0 
-3.39527 7.573781 -71.5 -407415.5 911928.3 48988.36 0 
-2.564841 7.89377 -71.5 -326339.3 941091.6 88598.29 0 
-0.9518725 8.245238 -71.5 -149901.1 987487.5 48974.68 0 
-0.8675863 8.254533 -71.5 -67929.16 996017.1 57758.98 0 
-2.199347 8.003304 -71.5 -238782.6 969837.4 48975.57 0 
0.3179127 8.293909 -71.5 19162.25 998616.3 48976.93 0 
0.8675863 8.254533 -71.5 110634.7 989141.4 96745.65 0 
1.580246 8.148179 -71.5 198906.3 978793.7 48986.72 0 
3.965075 7.291652 -71.5 448933.9 892222.1 48974.6 0 
2.80554 7.811463 -71.5 366219.4 929239.1 48974.44 0 
2.564841 7.89377 -71.5 281015.8 956580.5 77358.05 0 
5.031672 6.600931 -71.5 596343.1 801234.1 48983.52 0 
4.150001 7.188011 -71.5 525197.1 847864.3 72763.22 0 
5.980329 5.75549 -71.5 731037.4 680577.4 48979.96 0 
5.553784 6.168102 -71.5 663469.2 741822.6 97510.55 0 
7.438174 3.682875 -71.5 882306.8 468120.5 48973.07 0 
6.788814 4.775145 -71.5 836247.8 546161 48973.62 0 
6.714841 4.878618 -71.5 786298.8 614648.2 62788.72 0 
7.91319 2.504281 -71.5 951092.4 304998.2 48986.5 0 
7.582428 3.375914 -71.5 919179.2 384488.9 85313.16 0 
8.202728 1.266989 -71.5 990498.2 128512.1 48973.13 0 
8.118625 1.725667 -71.5 971018.6 219880.8 93679.59 0 
8.202728 -1.266989 -71.5 990498.2 -128512.2 48973.11 0 
8.300001 0 -71.5 998801.4 0.03222598 48950.93 0 
7.91319 -2.504281 -71.5 951092.5 -304998.2 48986.5 0 
7.582428 -3.375914 -71.5 919179.2 -384488.9 85313.16 0 
8.118625 -1.725667 -71.5 971018.5 -219880.8 93679.59 0 
6.788814 -4.775145 -71.5 836247.8 -546160.9 48973.64 0 
7.438174 -3.682875 -71.5 882306.8 -468120.5 48973.09 0 
5.980329 -5.75549 -71.5 731037.4 -680577.4 48979.96 0 
6.714841 -4.878618 -71.5 786298.8 -614648.2 62788.71 0 
5.031672 -6.600931 -71.5 596343.1 -801234.1 48983.54 0 
5.553784 -6.168102 -71.5 663469.2 -741822.6 97510.55 0 
2.80554 -7.811463 -71.5 366219.4 -929239.1 48974.43 0 
3.965075 -7.291652 -71.5 448933.9 -892222.1 48974.58 0 
4.150001 -7.188011 -71.5 525197.1 -847864.4 72763.19 0 
1.580246 -8.148179 -71.5 198906.3 -978793.7 48986.72 0 
0.8675863 -8.254533 -71.5 110634.7 -989141.4 96745.68 0 
2.564841 -7.89377 -71.5 281015.8 -956580.5 77358.08 0 
0.3179127 -8.293909 -71.5 19162.25 -998616.3 48976.93 0 
-0.8675863 -8.254533 -71.5 -67929.15 -996017.1 57758.98 0 
-2.199347 -8.003304 -71.5 -238782.6 -969837.4 48975.62 0 
-2.564841 -7.89377 -71.5 -326339.3 -941091.6 88598.27 0 
-0.9518725 -8.245238 -71.5 -149901.1 -987487.4 48974.73 0 
-3.39527 -7.573781 -71.5 -407415.5 -911928.3 48988.35 0 
-5.522203 -6.196392 -71.5 -636495.9 -769724.1 48972.64 0 
-4.511611 -6.966733 -71.5 -564115.7 -824242.4 48972.3 0 
-4.150001 -7.188011 -71.5 -483633.9 -870486.6 91388.21 0 
-6.40336 -5.280813 -71.5 -756609.6 -652030.4 48975.88 0 
-6.714841 -4.878618 -71.5 -811117.9 -577039.3 95466.23 0 
-5.553784 -6.168102 -71.5 -695632.7 -716436.3 53051.91 0 
-7.134428 -4.241456 -71.5 -861774.2 -504921.9 48985.09 0 
-7.582428 -3.375914 -71.5 -899807.9 -428596 81557.44 0 
-8.081672 -1.891184 -71.5 -964447.8 -259697.1 48971.74 0 
-8.118625 -1.725667 -71.5 -982251.4 -174865.3 67858.96 0 
-7.69827 -3.102682 -71.5 -936940.8 -346040.6 48974.04 0 
-8.275647 -0.6353589 -71.5 -994698.9 -90417.08 48981.95 0 
8.280786 0 -71.30491 980965.3 0.1776744 194184 0 
7.894871 2.498483 -71.30491 933359.8 296995.4 201578 0 
8.183738 1.264056 -71.30491 969404.9 140451.8 201315.2 0 
7.420955 3.674349 -71.30491 873426.2 443037.2 202101.9 0 
5.966485 5.742166 -71.30491 710246.2 674503.3 201484.2 0 
6.773098 4.76409 -71.30491 804880.9 558315.6 201123.8 0 
5.020023 6.585649 -71.30491 590141.9 781738 201540.8 0 
3.955896 7.274772 -71.30491 460380.6 864386.6 202203.1 0 
1.576588 8.129315 -71.30491 189991.5 960873.2 201559.5 0 
2.799045 7.793379 -71.30491 339513.1 918587.6 202307.1 0 
0.3171767 8.274709 -71.30491 30080.01 979038.8 201441.7 0 
-0.9496689 8.22615 -71.30491 -117049.4 972821.9 199793 0 
-3.387409 7.556247 -71.30491 -400201.8 893981.5 201583.8 0 
-2.194255 7.984776 -71.30491 -250377.1 946865.8 201883.6 0 
-4.501167 6.950605 -71.30491 -540242.7 817000.4 201614.8 0 
-6.388536 5.268587 -71.30491 -750354.2 629612.4 201388.1 0 
-5.50942 6.182047 -71.30491 -650306.1 733528.6 197580.7 0 
-7.117912 4.231637 -71.30491 -843232.6 498325.6 201570.8 0 
-7.680449 3.095499 -71.30491 -911785.6 357408.2 202254.4 0 
-8.256489 0.633888 -71.30491 -976170.4 80516.92 201516.6 0 
-8.062963 1.886806 -71.30491 -951884.1 230590.6 201853.8 0 
-8.256489 -0.633888 -71.30491 -976170.3 -80516.92 201516.6 0 
-8.062963 -1.886806 -71.30491 -951884.1 -230590.4 201854 0 
-7.117912 -4.231637 -71.30491 -843232.6 -498325.7 201570.8 0 
-7.680449 -3.095499 -71.30491 -911785.6 -357408.2 202254.5 0 
-6.388536 -5.268587 -71.30491 -750354.3 -629612.3 201388.2 0 
-5.50942 -6.182047 -71.30491 -650306.1 -733528.8 197580.6 0 
-3.387409 -7.556247 -71.30491 -400202 -893981.4 201583.8 0 
-4.501167 -6.950605 -71.30491 -540242.6 -817000.5 201614.8 0 
-2.194255 -7.984776 -71.30491 -250376.8 -946865.9 201883.6 0 
0.3171767 -8.274709 -71.30491 30080.13 -979038.8 201441.6 0 
-0.9496689 -8.22615 -71.30491 -117049.8 -972821.9 199793 0 
1.576588 -8.129315 -71.30491 189991.5 -960873.2 201559.5 0 
2.799045 -7.793379 -71.30491 339513.1 -918587.6 202307.1 0 
5.020023 -6.585649 -71.30491 590142 -781737.9 201540.8 0 
3.955896 -7.274772 -71.30491 460380.6 -864386.6 202203 0 
5.966485 -5.742166 -71.30491 710246.2 -674503.4 201484.2 0 
6.773098 -4.76409 -71.30491 804880.9 -558315.6 201123.7 0 
7.894871 -2.498483 -71.30491 933359.8 -296995.5 201578.1 0 
7.420955 -3.674349 -71.30491 873426.2 -443037.1 202101.9 0 
8.183738 -1.264056 -71.30491 969404.9 -140452 201315.2 0 
8.22388 0 -71.11732 924574.8 -0.1072324 381001.3 0 
8.127501 1.255369 -71.11732 913738.6 141135.8 381002.7 0 
7.840618 2.481314 -71.11732 881486.3 278963.2 381001 0 
7.369958 3.649099 -71.11732 828571.7 410252.2 381002.1 0 
6.726553 4.731351 -71.11732 756236.4 531924.9 381002.1 0 
5.925483 5.702705 -71.11732 666175.9 641130 381001.7 0 
4.985525 6.540393 -71.11732 560500.4 735307.4 381002.1 0 
3.92871 7.22478 -71.11732 441687.6 812250.1 381001.7 0 
2.77981 7.739823 -71.11732 312521.4 870153.9 381002.6 0 
1.565754 8.073451 -71.11732 176031 907662.9 381000.7 0 
0.3149971 8.217845 -71.11732 35413.92 923895.9 381002.2 0 
-0.9431427 8.169621 -71.11732 -106033.5 918473.9 381002.6 0 
-2.179176 7.929904 -71.11732 -244995.2 891524.3 381001.5 0 
-3.364131 7.50432 -71.11732 -378214.2 843677.7 381001.8 0 
-4.470234 6.902841 -71.11732 -502568.5 776055.5 381002.9 0 
-5.471559 6.139564 -71.11732 -615143.1 690244.1 381002 0 
-6.344635 5.232382 -71.11732 -713299 588253.4 381002.5 0 
-7.068997 4.202556 -71.11732 -794735.9 472474.5 381002.6 0 
-7.627669 3.074227 -71.11732 -857545.1 345621.8 381001.7 0 
-8.007554 1.87384 -71.11732 -900253.9 210667.7 381001.9 0 
-8.19975 0.6295319 -71.11732 -921861.5 70775.48 381002.1 0 
-8.19975 -0.6295319 -71.11732 -921861.5 -70775.5 381002.1 0 
-8.007554 -1.87384 -71.11732 -900253.9 -210667.7 381001.8 0 
-7.627669 -3.074227 -71.11732 -857545.2 -345621.8 381001.7 0 
-7.068997 -4.202556 -71.11732 -794735.9 -472474.6 381002.6 0 
-6.344635 -5.232382 -71.11732 -713299 -588253.4 381002.6 0 
-5.471559 -6.139564 -71.11732 -615143.2 -690244 381002.1 0 
-4.470234 -6.902841 -71.11732 -502568.4 -776055.6 381002.8 0 
-3.364131 -7.50432 -71.11732 -378214.3 -843677.6 381001.8 0 
-2.179176 -7.929904 -71.11732 -244995.4 -891524.4 381001.3 0 
-0.9431427 -8.169621 -71.11732 -106033.4 -918474 381002.4 0 
0.3149971 -8.217845 -71.11732 35414.05 -923895.8 381002.4 0 
1.565754 -8.073451 -71.11732 176030.7 -907663.1 381000.7 0 
2.77981 -7.739823 -71.11732 312521.6 -870153.9 381002.5 0 
3.92871 -7.22478 -71.11732 441687.5 -812250.1 381001.8 0 
4.985525 -6.540393 -71.11732 560500.5 -735307.4 381002.2 0 
5.925483 -5.702705 -71.11732 666175.9 -641130.1 381001.8 0 
6.726553 -4.731351 -71.11732 756236.5 -531924.9 381002.2 0 
7.369958 -3.649099 -71.11732 828571.8 -410252.1 381002.1 0 
7.840618 -2.481314 -71.11732 881486.4 -278963.5 381000.6 0 
8.127501 -1.255369 -71.11732 913738.6 -141135.5 381002.8 0 
8.131471 0 -70.94443 832930 -0.1738143 553378.7 0 
8.036172 1.241263 -70.94443 823167.4 127146.3 553380.4 0 
7.752514 2.453432 -70.94443 794112.6 251312 553378.4 0 
7.287144 3.608094 -70.94443 746443.6 369587.8 553378.1 0 
6.650968 4.678186 -70.94443 681278.1 479200.3 553378.5 0 
5.8589 5.638626 -70.94443 600144.2 577580.8 553378.6 0 
4.929504 6.4669 -70.94443 504943.4 662423.3 553378.6 0 
3.884564 7.143596 -70.94443 397907.1 731739.1 553379.1 0 
2.748574 7.652852 -70.94443 281544.2 783903.8 553378.9 0 
1.548159 7.982732 -70.94443 158582.6 817694.8 553378 0 
0.3114575 8.125503 -70.94443 31903.56 832318.8 553378.7 0 
-0.9325448 8.077819 -70.94443 -95523.39 827433.6 553380.1 0 
-2.154689 7.840798 -70.94443 -220711.1 803156 553378.2 0 
-3.326329 7.419995 -70.94443 -340725.5 760051.6 553378.9 0 
-4.420003 6.825275 -70.94443 -452753.7 699132.8 553378.6 0 
-5.410076 6.070575 -70.94443 -554169.8 621826.7 553378.5 0 
-6.273341 5.173586 -70.94443 -642596.1 529945.1 553379.6 0 
-6.989564 4.155333 -70.94443 -715961.4 425643 553378.4 0 
-7.541958 3.039682 -70.94443 -772544.3 311363.4 553379.3 0 
-7.917575 1.852784 -70.94443 -811020.1 189786.1 553378.8 0 
-8.107611 0.6224579 -70.94443 -830486.1 63760.16 553378.6 0 
-8.107611 -0.6224579 -70.94443 -830486.1 -63760.15 553378.6 0 
-7.917575 -1.852784 -70.94443 -811020.1 -189786 553378.8 0 
-7.541958 -3.039682 -70.94443 -772544.2 -311363.4 553379.3 0 
-6.989564 -4.155333 -70.94443 -715961.5 -425642.8 553378.5 0 
-6.273341 -5.173586 -70.94443 -642596 -529945.2 553379.5 0 
-5.410076 -6.070575 -70.94443 -554169.8 -621826.6 553378.6 0 
-4.420003 -6.825275 -70.94443 -452753.7 -699132.8 553378.7 0 
-3.326329 -7.419995 -70.94443 -340725.5 -760051.6 553378.8 0 
-2.154689 -7.840798 -70.94443 -220711.3 -803155.9 553378.4 0 
-0.9325448 -8.077819 -70.94443 -95523.07 -827433.4 553380.2 0 
0.3114575 -8.125503 -70.94443 31903.49 -832318.9 553378.5 0 
1.548159 -7.982732 -70.94443 158582.5 -817694.9 553378 0 
2.748574 -7.652852 -70.94443 281544.3 -783903.6 553379 0 
3.884564 -7.143596 -70.94443 397907.1 -731739.1 553379 0 
4.929504 -6.4669 -70.94443 504943.4 -662423.3 553378.7 0 
5.8589 -5.638626 -70.94443 600144.1 -577580.8 553378.6 0 
6.650968 -4.678186 -70.94443 681278 -479200.3 553378.5 0 
7.287144 -3.608094 -70.94443 746443.5 -369587.8 553378.1 0 
7.752514 -2.453432 -70.94443 794112.5 -251312.1 553378.8 0 
8.036172 -1.241263 -70.94443 823167.4 -127145.9 553380.4 0 
8.007108 0 -70.7929 709475.5 0.1537087 704730.4 0 
7.913267 1.222279 -70.7929 701162.1 108301 704729.1 0 
7.633947 2.415909 -70.7929 676411.3 214063.3 704730.4 0 
7.175694 3.552912 -70.7929 635807.1 314808.3 704730.8 0 
6.549248 4.606638 -70.7929 580301.1 408174.6 704730.1 0 
5.769294 5.552388 -70.7929 511192.6 491973.5 704730.2 0 
4.854112 6.367995 -70.7929 430102.2 564241 704730.1 0 
3.825154 7.034342 -70.7929 338930.4 623282.9 704730.4 0 
2.706537 7.535809 -70.7929 239815 667716.4 704729.8 0 
1.524482 7.860644 -70.7929 135077.8 696498.2 704730.1 0 
0.3066941 8.001231 -70.7929 27174.88 708955.8 704729.5 0 
-0.9182825 7.954277 -70.7929 -81365.22 704795.5 704729.4 0 
-2.121735 7.720881 -70.7929 -187998 684114.4 704730.2 0 
-3.275456 7.306514 -70.7929 -290224.3 647399.7 704729.6 0 
-4.352404 6.720889 -70.7929 -385648.2 595509.5 704730 0 
-5.327334 5.977732 -70.7929 -472032.5 529661.4 704730.1 0 
-6.177396 5.094461 -70.7929 -547352.9 451398.6 704730.1 0 
-6.882666 4.091782 -70.7929 -609844.3 362555.7 704729.6 0 
-7.426611 2.993193 -70.7929 -658040.6 265214.2 704730 0 
-7.796484 1.824448 -70.7929 -690812.9 161656.5 704730.6 0 
-7.983613 0.6129381 -70.7929 -707393.6 54309.81 704730.6 0 
-7.983613 -0.6129381 -70.7929 -707393.5 -54309.82 704730.6 0 
-7.796484 -1.824448 -70.7929 -690812.8 -161656.6 704730.6 0 
-7.426611 -2.993193 -70.7929 -658040.7 -265214.2 704730 0 
-6.882666 -4.091782 -70.7929 -609844.4 -362555.7 704729.5 0 
-6.177396 -5.094461 -70.7929 -547352.9 -451398.7 704730.1 0 
-5.327334 -5.977732 -70.7929 -472032.5 -529661.4 704730.1 0 
-4.352404 -6.720889 -70.7929 -385648.2 -595509.6 704729.9 0 
-3.275456 -7.306514 -70.7929 -290224.4 -647399.6 704729.7 0 
-2.121735 -7.720881 -70.7929 -187997.8 -684114.4 704730.2 0 
-0.9182825 -7.954277 -70.7929 -81365.35 -704795.6 704729.2 0 
0.3066941 -8.001231 -70.7929 27174.85 -708955.7 704729.6 0 
1.524482 -7.860644 -70.7929 135077.9 -696498.3 704730.1 0 
2.706537 -7.535809 -70.7929 239814.9 -667716.4 704729.8 0 
3.825154 -7.034342 -70.7929 338930.5 -623282.8 704730.5 0 
4.854112 -6.367995 -70.7929 430102.2 -564240.9 704730.2 0 
5.769294 -5.552388 -70.7929 511192.6 -491973.6 704730.2 0 
6.549248 -4.606638 -70.7929 580301 -408174.7 704730.1 0 
7.175694 -3.552912 -70.7929 635807.2 -314808.3 704730.8 0 
7.633947 -2.415909 -70.7929 676411.4 -214063.2 704730.4 0 
7.913267 -1.222279 -70.7929 701161.9 -108301.3 704729.1 0 
7.855571 0 -70.66853 558860.8 0.002914799 829261.8 0 
7.763507 1.199147 -70.66853 552311.2 85309.72 829261.7 0 
7.489472 2.370187 -70.66853 532815.4 168619.7 829262 0 
7.039892 3.485672 -70.66853 500831.6 247977.5 829261.9 0 
6.425302 4.519456 -70.66853 457108.5 321522.9 829261.9 0 
5.660108 5.447308 -70.66853 402671.3 387532.2 829261.7 0 
4.762246 6.247479 -70.66853 338795.6 444458.2 829261.6 0 
3.752762 6.901215 -70.66853 266978.8 490966 829261.8 0 
2.655315 7.393192 -70.66853 188904.5 525966.4 829261.6 0 
1.495631 7.711879 -70.66853 106402.2 548638.3 829261.7 0 
0.3008898 7.849806 -70.66853 21405.89 558450.4 829261.9 0 
-0.9009037 7.803741 -70.66853 -64092.13 555173.6 829261.7 0 
-2.081581 7.574761 -70.66853 -148087.9 538883.9 829261.4 0 
-3.213468 7.168237 -70.66853 -228612.5 509962.7 829261.6 0 
-4.270033 6.593694 -70.66853 -303778.4 469088.1 829261.9 0 
-5.226513 5.864602 -70.66853 -371824.6 417219.5 829261.6 0 
-6.060488 4.998047 -70.66853 -431155.2 355571.2 829261.6 0 
-6.75241 4.014343 -70.66853 -480379.8 285588.2 829261.8 0 
-7.286061 2.936547 -70.66853 -518345 208911.8 829261.5 0 
-7.648933 1.789919 -70.66853 -544160.1 127338.3 829261.8 0 
-7.83252 0.601338 -70.66853 -557220.6 42780.33 829262 0 
-7.83252 -0.601338 -70.66853 -557220.8 -42780.36 829261.9 0 
-7.648933 -1.789919 -70.66853 -544160.2 -127338.4 829261.8 0 
-7.286061 -2.936547 -70.66853 -518345.1 -208911.7 829261.5 0 
-6.75241 -4.014343 -70.66853 -480379.6 -285588.2 829261.8 0 
-6.060488 -4.998047 -70.66853 -431155.3 -355571.2 829261.5 0 
-5.226513 -5.864602 -70.66853 -371824.7 -417219.5 829261.5 0 
-4.270033 -6.593694 -70.66853 -303778.3 -469088.2 829261.9 0 
-3.213468 -7.168237 -70.66853 -228612.6 -509962.8 829261.5 0 
-2.081581 -7.574761 -70.66853 -148087.9 -538883.9 829261.4 0 
-0.9009037 -7.803741 -70.66853 -64092.14 -555173.6 829261.7 0 
0.3008898 -7.849806 -70.66853 21405.95 -558450.4 829261.9 0 
1.495631 -7.711879 -70.66853 106402.1 -548638.4 829261.6 0 
2.655315 -7.393192 -70.66853 188904.4 -525966.4 829261.6 0 
3.752762 -6.901215 -70.66853 266978.9 -490966 829261.7 0 
4.762246 -6.247479 -70.66853 338795.6 -444458.2 829261.6 0 
5.660108 -5.447308 -70.66853 402671.3 -387532.3 829261.7 0 
6.425302 -4.519456 -70.66853 457108.5 -321522.8 829261.9 0 
7.039892 -3.485672 -70.66853 500831.6 -247977.5 829261.9 0 
7.489472 -2.370187 -70.66853 532815.5 -168619.7 829261.9 0 
7.763507 -1.199147 -70.66853 552311.2 -85309.78 829261.7 0 
7.682684 0 -70.57613 386736.2 -0.01649574 922190.7 0 
7.592646 1.172756 -70.57613 382203.6 59035.02 922190.7 0 
7.324643 2.318024 -70.57613 368713 116686.3 922190.6 0 
6.884957 3.408959 -70.57613 346580.1 171602.7 922190.5 0 
6.283892 4.419991 -70.57613 316323 222496.7 922190.6 0 
5.535539 5.327423 -70.57613 278651.7 268175.5 922190.7 0 
4.657438 6.109983 -70.57613 234449.4 307568.6 922190.6 0 
3.67017 6.749332 -70.57613 184751.7 339752.8 922190.5 0 
2.596877 7.230482 -70.57613 130723.6 363973.4 922190.4 0 
1.462715 7.542155 -70.57613 73631.2 379662.6 922190.4 0 
0.2942678 7.677046 -70.57613 14813.05 386452.5 922190.6 0 
-0.8810765 7.631994 -70.57613 -44352.26 384184.5 922190.7 0 
-2.035769 7.408054 -70.57613 -102478 372912 922190.5 0 
-3.142745 7.010477 -70.57613 -158201.7 352898.4 922190.6 0 
-4.176057 6.448579 -70.57613 -210217.3 324613.1 922190.6 0 
-5.111487 5.735532 -70.57613 -257305.4 288719 922190.8 0 
-5.927108 4.888049 -70.57613 -298363 246058.2 922190.6 0 
-6.603802 3.925995 -70.57613 -332426.5 197629.2 922190.8 0 
-7.125708 2.871918 -70.57613 -358698.6 144568.5 922190.8 0 
-7.480594 1.750526 -70.57613 -376563.2 88119.2 922190.7 0 
-7.660141 0.5881037 -70.57613 -385601.8 29604.4 922190.5 0 
-7.660141 -0.5881037 -70.57613 -385601.8 -29604.37 922190.5 0 
-7.480594 -1.750526 -70.57613 -376563.2 -88119.23 922190.6 0 
-7.125708 -2.871918 -70.57613 -358698.6 -144568.5 922190.7 0 
-6.603802 -3.925995 -70.57613 -332426.5 -197629.3 922190.8 0 
-5.927108 -4.888049 -70.57613 -298363.1 -246058 922190.6 0 
-5.111487 -5.735532 -70.57613 -257305.3 -288719 922190.8 0 
-4.176057 -6.448579 -70.57613 -210217.3 -324613.1 922190.6 0 
-3.142745 -7.010477 -70.57613 -158201.8 -352898.4 922190.5 0 
-2.035769 -7.408054 -70.57613 -102478 -372911.9 922190.6 0 
-0.8810765 -7.631994 -70.57613 -44352.21 -384184.5 922190.6 0 
0.2942678 -7.677046 -70.57613 14813.07 -386452.5 922190.6 0 
1.462715 -7.542155 -70.57613 73631.19 -379662.6 922190.4 0 
2.596877 -7.230482 -70.57613 130723.6 -363973.4 922190.4 0 
3.67017 -6.749332 -70.57613 184751.7 -339752.8 922190.5 0 
4.657438 -6.109983 -70.57613 234449.4 -307568.7 922190.6 0 
5.535539 -5.327423 -70.57613 278651.8 -268175.4 922190.6 0 
6.283892 -4.419991 -70.57613 316323 -222496.7 922190.6 0 
6.884957 -3.408959 -70.57613 346580 -171602.8 922190.4 0 
7.324643 -2.318024 -70.57613 368713 -116686.3 922190.6 0 
7.592646 -1.172756 -70.57613 382203.6 -59034.97 922190.7 0 
7.495091 0 -70.51923 199685.3 -0.009057849 979860.3 0 
7.407251 1.14412 -70.51923 197345 30481.84 979860.3 0 
7.145792 2.261423 -70.51923 190379.1 60249.14 979860.3 0 
6.716842 3.325721 -70.51923 178950.8 88604.25 979860.4 0 
6.130455 4.312066 -70.51923 163328.8 114882.8 979860.2 0 
5.400374 5.197339 -70.51923 143877.3 138468 979860.4 0 
4.543714 5.960793 -70.51923 121054.3 158808.2 979860.3 0 
3.580554 6.584529 -70.51923 95393.59 175425.8 979860.3 0 
2.533467 7.05393 -70.51923 67497.01 187931.8 979860.3 0 
1.426999 7.357993 -70.51923 38018.27 196032.7 979860.3 0 
0.2870825 7.489591 -70.51923 7648.459 199538.5 979860.4 0 
-0.8595626 7.445639 -70.51923 -22900.57 198367.6 979860.3 0 
-1.98606 7.227168 -70.51923 -52912.88 192547.4 979860.2 0 
-3.066007 6.839297 -70.51923 -81684.91 182213.2 979860.4 0 
-4.074088 6.29112 -70.51923 -108542.5 167609 979860.2 0 
-4.986676 5.595484 -70.51923 -132855.6 149075.5 979860.4 0 
-5.782381 4.768695 -70.51923 -154054.9 127048.1 979860.3 0 
-6.442552 3.830131 -70.51923 -171643.2 102042.8 979860.4 0 
-6.951715 2.801793 -70.51923 -185208.7 74645.8 979860.3 0 
-7.297935 1.707783 -70.51923 -194432.7 45499.01 979860.2 0 
-7.473099 0.5737436 -70.51923 -199099.4 15285.77 979860.3 0 
-7.473099 -0.5737436 -70.51923 -199099.4 -15285.77 979860.3 0 
-7.297935 -1.707783 -70.51923 -194432.7 -45499.01 979860.3 0 
-6.951715 -2.801793 -70.51923 -185208.7 -74645.77 979860.3 0 
-6.442552 -3.830131 -70.51923 -171643.2 -102042.8 979860.4 0 
-5.782381 -4.768695 -70.51923 -154054.8 -127048.1 979860.3 0 
-4.986676 -5.595484 -70.51923 -132855.6 -149075.5 979860.3 0 
-4.074088 -6.29112 -70.51923 -108542.5 -167609 979860.3 0 
-3.066007 -6.839297 -70.51923 -81684.84 -182213.3 979860.4 0 
-1.98606 -7.227168 -70.51923 -52912.95 -192547.3 979860.2 0 
-0.8595626 -7.445639 -70.51923 -22900.54 -198367.5 979860.4 0 
0.2870825 -7.489591 -70.51923 7648.472 -199538.5 979860.3 0 
1.426999 -7.357993 -70.51923 38018.26 -196032.7 979860.3 0 
2.533467 -7.05393 -70.51923 67496.98 -187931.7 979860.3 0 
3.580554 -6.584529 -70.51923 95393.59 -175425.9 979860.3 0 
4.543714 -5.960793 -70.51923 121054.2 -158808.2 979860.3 0 
5.400374 -5.197339 -70.51923 143877.4 -138468 979860.4 0 
6.130455 -4.312066 -70.51923 163328.7 -114882.9 979860.2 0 
6.716842 -3.325721 -70.51923 178950.8 -88604.16 979860.4 0 
7.145792 -2.261423 -70.51923 190379.2 -60249.16 979860.3 0 
7.407251 -1.14412 -70.51923 197345 -30481.84 979860.3 0 
7.300001 0 -70.5 51475.61 0.0005936911 998674.4 0 
7.214447 1.11434 -70.5 50872.34 7857.724 998674.4 0 
6.959794 2.20256 -70.5 49076.68 15531.26 998674.5 0 
6.542009 3.239155 -70.5 46130.67 22840.74 998674.4 0 
5.970885 4.199827 -70.5 42103.35 29614.85 998674.4 0 
5.259808 5.062057 -70.5 37089.23 35694.82 998674.4 0 
4.425446 5.805638 -70.5 31205.78 40938.12 998674.4 0 
3.487355 6.41314 -70.5 24590.94 45221.96 998674.4 0 
2.467523 6.870322 -70.5 17399.55 48445.58 998674.4 0 
1.389855 7.166471 -70.5 9800.463 50533.88 998674.4 0 
0.2796099 7.294643 -70.5 1971.654 51437.78 998674.5 0 
-0.8371891 7.251836 -70.5 -5903.39 51136.07 998674.4 0 
-1.934365 7.039051 -70.5 -13640.09 49635.52 998674.5 0 
-2.986201 6.661277 -70.5 -21057.05 46971.67 998674.4 0 
-3.968043 6.127367 -70.5 -27980.44 43206.77 998674.5 0 
-4.856878 5.449839 -70.5 -34248.1 38429.36 998674.4 0 
-5.631872 4.64457 -70.5 -39712.91 32750.98 998674.4 0 
-6.274858 3.730437 -70.5 -44246.91 26305.03 998674.5 0 
-6.770768 2.728865 -70.5 -47743.75 19242.46 998674.5 0 
-7.107977 1.663331 -70.5 -50121.51 11728.88 998674.4 0 
-7.278581 0.5588096 -70.5 -51324.53 3940.419 998674.4 0 
-7.278581 -0.5588096 -70.5 -51324.53 -3940.417 998674.5 0 
-7.107977 -1.663331 -70.5 -50121.52 -11728.89 998674.4 0 
-6.770768 -2.728865 -70.5 -47743.76 -19242.47 998674.4 0 
-6.274858 -3.730437 -70.5 -44246.9 -26305.02 998674.4 0 
-5.631872 -4.64457 -70.5 -39712.91 -32750.99 998674.4 0 
-4.856878 -5.449839 -70.5 -34248.11 -38429.34 998674.5 0 
-3.968043 -6.127367 -70.5 -27980.41 -43206.78 998674.4 0 
-2.986201 -6.661277 -70.5 -21057.06 -46971.66 998674.5 0 
-1.934365 -7.039051 -70.5 -13640.08 -49635.53 998674.4 0 
-0.8371891 -7.251836 -70.5 -5903.412 -51136.07 998674.4 0 
0.2796099 -7.294643 -70.5 1971.657 -51437.77 998674.4 0 
1.389855 -7.166471 -70.5 9800.466 -50533.87 998674.4 0 
2.467523 -6.870322 -70.5 17399.57 -48445.59 998674.5 0 
3.487355 -6.41314 -70.5 24590.92 -45221.98 998674.4 0 
4.425446 -5.805638 -70.5 31205.79 -40938.11 998674.5 0 
5.259808 -5.062057 -70.5 37089.23 -35694.82 998674.4 0 
5.970885 -4.199827 -70.5 42103.36 -29614.85 998674.4 0 
6.542009 -3.239155 -70.5 46130.68 -22840.75 998674.5 0 
6.959794 -2.20256 -70.5 49076.68 -15531.26 998674.4 0 
7.214447 -1.11434 -70.5 50872.34 -7857.722 998674.5 0 
-4.476373 1.99301 -70.5 -622982.7 277369.8 731408.9 0 
-0.5121894 4.873158 -70.5 -71282.24 678203.7 731408.9 0 
-1.514183 4.660177 -70.5 -210731 648563.1 731408.8 0 
-2.45 4.243525 -70.5 -340969.8 590576.9 731408.9 0 
-3.964183 2.880148 -70.5 -551700.6 400834.1 731408.9 0 
-4.792923 1.018767 -70.5 -667037.6 141783.3 731408.9 0 
-4.900001 0 -70.5 -681939.5 0.003252383 731408.9 0 
-3.964183 -2.880148 -70.5 -551700.6 -400834.1 731408.9 0 
-4.476373 -1.99301 -70.5 -622982.7 -277369.8 731408.9 0 
-1.514183 -4.660177 -70.5 -210731 -648563.1 731408.8 0 
-3.27874 3.64141 -70.5 -456306.7 506779.8 731408.9 0 
-4.792923 -1.018767 -70.5 -667037.6 -141783.2 731408.9 0 
-2.45 -4.243525 -70.5 -340969.8 -590576.9 731408.9 0 
-0.5121894 -4.873158 -70.5 -71282.25 -678203.7 731408.9 0 
3.27874 -3.64141 -70.5 456306.7 -506779.8 731408.8 0 
2.45 -4.243525 -70.5 340969.8 -590576.9 731408.9 0 
4.476373 1.99301 -70.5 622982.8 277369.8 731408.9 0 
-3.27874 -3.64141 -70.5 -456306.7 -506779.8 731408.8 0 
1.514183 -4.660177 -70.5 210731 -648563.1 731408.8 0 
4.792923 1.018767 -70.5 667037.6 141783.3 731408.8 0 
3.964183 2.880148 -70.5 551700.6 400834.1 731408.9 0 
2.45 4.243525 -70.5 340969.8 590576.9 731408.9 0 
0.5121894 -4.873158 -70.5 71282.25 -678203.8 731408.9 0 
3.964183 -2.880148 -70.5 551700.6 -400834.1 731408.9 0 
4.792923 -1.018767 -70.5 667037.6 -141783.3 731408.8 0 
4.476373 -1.99301 -70.5 622982.8 -277369.8 731408.9 0 
3.27874 3.64141 -70.5 456306.7 506779.8 731408.8 0 
1.514183 4.660177 -70.5 210731 648563.1 731408.8 0 
0.5121894 4.873158 -70.5 71282.26 678203.8 731408.9 0 
4.900001 0 -70.5 681939.5 -0.003252383 731408.9 0 
-4.900001 0 -56.5 -681939.5 -0.003150746 -731408.9 0 
-4.792923 1.018767 -56.5 -667037.6 141783.3 -731408.8 0 
-4.476373 1.99301 -56.5 -622982.8 277369.8 -731408.9 0 
-3.964183 2.880148 -56.5 -551700.6 400834.1 -731408.9 0 
-3.27874 3.64141 -56.5 -456306.7 506779.8 -731408.8 0 
-2.45 4.243525 -56.5 -340969.8 590576.9 -731408.9 0 
-1.514183 4.660177 -56.5 -210731 648563.1 -731408.8 0 
-0.5121894 4.873158 -56.5 -71282.26 678203.7 -731408.9 0 
0.5121894 4.873158 -56.5 71282.24 678203.7 -731408.9 0 
1.514183 4.660177 -56.5 210731 648563.1 -731408.8 0 
2.45 4.243525 -56.5 340969.8 590576.9 -731408.9 0 
3.27874 3.64141 -56.5 456306.6 506779.9 -731408.9 0 
3.964183 2.880148 -56.5 551700.6 400834.1 -731408.9 0 
4.476373 1.99301 -56.5 622982.8 277369.8 -731408.9 0 
4.792923 1.018767 -56.5 667037.6 141783.3 -731408.9 0 
4.900001 0 -56.5 681939.5 0.003150746 -731408.9 0 
4.792923 -1.018767 -56.5 667037.6 -141783.3 -731408.8 0 
4.476373 -1.99301 -56.5 622982.7 -277369.8 -731408.9 0 
3.964183 -2.880148 -56.5 551700.6 -400834.1 -731408.8 0 
3.27874 -3.64141 -56.5 456306.7 -506779.8 -731408.9 0 
2.45 -4.243525 -56.5 340969.8 -590576.9 -731408.9 0 
1.514183 -4.660177 -56.5 210731 -648563.1 -731408.8 0 
0.5121894 -4.873158 -56.5 71282.26 -678203.7 -731408.9 0 
-0.5121894 -4.873158 -56.5 -71282.24 -678203.7 -731408.9 0 
-1.514183 -4.660177 -56.5 -210731 -648563.1 -731408.8 0 
-2.45 -4.243525 -56.5 -340969.8 -590576.9 -731408.9 0 
-3.27874 -3.64141 -56.5 -456306.6 -506779.9 -731408.9 0 
-3.964183 -2.880148 -56.5 -551700.6 -400834.1 -731408.9 0 
-4.476373 -1.99301 -56.5 -622982.8 -277369.8 -731408.9 0 
-4.792923 -1.018767 -56.5 -667037.6 -141783.3 -731408.9 0 
1.190338 5.523188 -56.5 10895.03 50553.08 -998662.1 0 
4.93253 2.755477 -56.5 45146.98 25220.63 -998662.2 0 
0.2397928 5.644909 -56.5 2194.792 51667.17 -998662.1 0 
2.106639 5.242573 -56.5 19281.84 47984.68 -998662.2 0 
4.395902 3.549443 -56.5 40235.14 32487.59 -998662.2 0 
5.327258 1.88224 -56.5 48759.71 17227.89 -998662.2 0 
5.56873 0.9548547 -56.5 50969.92 8739.678 -998662.1 0 
5.65 0 -56.5 51713.7 -0.007421248 -998662.2 0 
5.56873 -0.9548547 -56.5 50969.92 -8739.666 -998662.1 0 
-0.7176507 -5.604238 -56.5 -6568.575 -51294.91 -998662.2 0 
-1.654449 -5.402342 -56.5 -15142.96 -49446.9 -998662.2 0 
-2.543651 -5.045031 -56.5 -23281.73 -46176.59 -998662.1 0 
-3.359678 -4.542584 -56.5 -30750.74 -41577.76 -998662.2 0 
-5.629646 0.4791535 -56.5 -51527.48 4385.636 -998662.1 0 
-5.467691 1.423676 -56.5 -50044.98 13030.71 -998662.2 0 
2.962336 4.81114 -56.5 27113.9 44035.76 -998662.2 0 
3.732812 4.241299 -56.5 34166.02 38820.15 -998662.1 0 
5.327258 -1.88224 -56.5 48759.72 -17227.92 -998662.2 0 
4.93253 -2.755477 -56.5 45147 -25220.6 -998662.2 0 
4.395902 -3.549443 -56.5 40235.12 -32487.61 -998662.2 0 
3.732812 -4.241299 -56.5 34166.02 -38820.14 -998662.1 0 
2.962336 -4.81114 -56.5 27113.89 -44035.78 -998662.1 0 
1.190338 -5.523188 -56.5 10895.03 -50553.08 -998662.1 0 
0.2397928 -5.644909 -56.5 2194.788 -51667.16 -998662.2 0 
-5.629646 -0.4791535 -56.5 -51527.49 -4385.649 -998662.1 0 
-3.359678 4.542584 -56.5 -30750.75 41577.76 -998662.1 0 
-2.543651 5.045031 -56.5 -23281.73 46176.58 -998662.1 0 
2.106639 -5.242573 -56.5 19281.84 -47984.67 -998662.2 0 
-4.079052 -3.909455 -56.5 -37335.07 -35782.77 -998662.2 0 
-4.68108 -3.163858 -56.5 -42845.34 -28958.4 -998662.2 0 
-5.148441 -2.327242 -56.5 -47123 -21300.94 -998662.2 0 
-5.467691 -1.423676 -56.5 -50045 -13030.69 -998662.2 0 
-5.148441 2.327242 -56.5 -47123.01 21300.94 -998662.2 0 
-4.68108 3.163858 -56.5 -42845.34 28958.4 -998662.2 0 
-4.079052 3.909455 -56.5 -37335.08 35782.77 -998662.2 0 
-1.654449 5.402342 -56.5 -15142.94 49446.91 -998662.2 0 
-0.7176507 5.604238 -56.5 -6568.586 51294.92 -998662.1 0 
5.845091 0 -56.48079 200181.5 -0.01811817 -979759.1 0 
5.761014 0.9878251 -56.48079 197302.2 33830.87 -979759 0 
5.511204 1.947232 -56.48079 188746.6 66688.42 -979759.1 0 
5.102846 2.850621 -56.48079 174761.2 97627.48 -979759.1 0 
4.547689 3.672003 -56.48079 155748.4 125758 -979759.1 0 
3.861704 4.387747 -56.48079 132254.8 150270.7 -979759.1 0 
3.064624 4.977265 -56.48079 104956.6 170460.4 -979759.1 0 
2.17938 5.423595 -56.48079 74638.98 185746.2 -979759.1 0 
1.231439 5.713899 -56.48079 42174.18 195688.8 -979758.9 0 
0.2480727 5.839824 -56.48079 8495.963 200001.2 -979759.1 0 
-0.7424307 5.797748 -56.48079 -25426.66 198560.1 -979759.1 0 
-1.711576 5.588881 -56.48079 -58617.66 191406.8 -979759.1 0 
-2.631482 5.219232 -56.48079 -90122.3 178746.9 -979759.1 0 
-3.475685 4.699436 -56.48079 -119034.5 160945.3 -979759.1 0 
-4.219899 4.044445 -56.48079 -144522.2 138513.3 -979759.1 0 
-4.842714 3.273103 -56.48079 -165852.2 112096.5 -979759.1 0 
-5.326213 2.4076 -56.48079 -182411.3 82455.06 -979759 0 
-5.656487 1.472835 -56.48079 -193722.2 50441.35 -979759.1 0 
-5.824034 0.4956983 -56.48079 -199460.3 16976.58 -979759.1 0 
-5.824034 -0.4956983 -56.48079 -199460.3 -16976.57 -979759.1 0 
-5.656487 -1.472835 -56.48079 -193722.2 -50441.32 -979759.1 0 
-5.326213 -2.4076 -56.48079 -182411.3 -82455.13 -979759 0 
-4.842714 -3.273103 -56.48079 -165852.2 -112096.5 -979759.1 0 
-4.219899 -4.044445 -56.48079 -144522.2 -138513.3 -979759.1 0 
-3.475685 -4.699436 -56.48079 -119034.5 -160945.3 -979759.1 0 
-2.631482 -5.219232 -56.48079 -90122.34 -178746.9 -979759.1 0 
-1.711576 -5.588881 -56.48079 -58617.65 -191406.7 -979759.1 0 
-0.7424307 -5.797748 -56.48079 -25426.63 -198560.2 -979759.1 0 
0.2480727 -5.839824 -56.48079 8495.929 -200001.2 -979759.1 0 
1.231439 -5.713899 -56.48079 42174.25 -195688.8 -979759 0 
2.17938 -5.423595 -56.48079 74638.95 -185746.2 -979759.1 0 
3.064624 -4.977265 -56.48079 104956.6 -170460.4 -979759.1 0 
3.861704 -4.387747 -56.48079 132254.9 -150270.7 -979759.1 0 
4.547689 -3.672003 -56.48079 155748.4 -125758 -979759.1 0 
5.102846 -2.850621 -56.48079 174761.2 -97627.47 -979759.1 0 
5.511204 -1.947232 -56.48079 188746.6 -66688.44 -979759.1 0 
5.761014 -0.9878251 -56.48079 197302.2 -33830.85 -979759.1 0 
6.032684 0 -56.42388 387182.2 0.06548014 -922003.4 0 
5.945909 1.019529 -56.42388 381612.4 65433.98 -922003.8 0 
5.688081 2.009727 -56.42388 365064.9 128985.6 -922003.6 0 
5.266618 2.942109 -56.42388 338014.8 188826.4 -922003.8 0 
4.693644 3.789853 -56.42388 301241.2 243235.4 -922003.6 0 
3.985641 4.528569 -56.42388 255801.2 290646.8 -922003.6 0 
3.16298 5.137006 -56.42388 203002.2 329696.5 -922003.7 0 
2.249325 5.597661 -56.42388 144363.2 359261.8 -922003.6 0 
1.270961 5.897281 -56.42388 81571.28 378491.7 -922003.6 0 
0.2560344 6.027248 -56.42388 16432.5 386833.1 -922003.6 0 
-0.7662584 5.983821 -56.42388 -49179.07 384046.1 -922003.5 0 
-1.766507 5.768251 -56.42388 -113375.7 370210.6 -922003.5 0 
-2.715937 5.38674 -56.42388 -174310.5 345724.5 -922003.8 0 
-3.587234 4.85026 -56.42388 -230231.3 311293.2 -922003.5 0 
-4.355333 4.174248 -56.42388 -279528.3 267906.2 -922003.6 0 
-4.998137 3.378151 -56.42388 -320784.3 216812.2 -922003.4 0 
-5.497153 2.48487 -56.42388 -352811.1 159480.7 -922003.6 0 
-5.838027 1.520104 -56.42388 -374688.6 97561.4 -922003.6 0 
-6.010951 0.5116073 -56.42388 -385787 32835.32 -922003.6 0 
-6.010951 -0.5116073 -56.42388 -385787.1 -32835.33 -922003.6 0 
-5.838027 -1.520104 -56.42388 -374688.6 -97561.4 -922003.6 0 
-5.497153 -2.48487 -56.42388 -352811.1 -159480.7 -922003.6 0 
-4.998137 -3.378151 -56.42388 -320784.2 -216812.2 -922003.4 0 
-4.355333 -4.174248 -56.42388 -279528.3 -267906.2 -922003.6 0 
-3.587234 -4.85026 -56.42388 -230231.2 -311293.2 -922003.6 0 
-2.715937 -5.38674 -56.42388 -174310.6 -345724.4 -922003.8 0 
-1.766507 -5.768251 -56.42388 -113375.7 -370210.6 -922003.5 0 
-0.7662584 -5.983821 -56.42388 -49179.05 -384046.2 -922003.4 0 
0.2560344 -6.027248 -56.42388 16432.49 -386833.2 -922003.5 0 
1.270961 -5.897281 -56.42388 81571.29 -378491.7 -922003.6 0 
2.249325 -5.597661 -56.42388 144363.2 -359261.7 -922003.6 0 
3.16298 -5.137006 -56.42388 203002.3 -329696.6 -922003.6 0 
3.985641 -4.528569 -56.42388 255801.2 -290646.7 -922003.6 0 
4.693644 -3.789853 -56.42388 301241.3 -243235.3 -922003.6 0 
5.266618 -2.942109 -56.42388 338014.8 -188826.4 -922003.8 0 
5.688081 -2.009727 -56.42388 365064.8 -128985.6 -922003.7 0 
5.945909 -1.019529 -56.42388 381612.3 -65434.05 -922003.8 0 
6.20557 0 -56.33147 559207.8 0.05152065 -829027.9 0 
6.116309 1.048746 -56.33147 551163.6 94506.34 -829028.2 0 
5.851093 2.067322 -56.33147 527263.9 186294.2 -829028.1 0 
5.417551 3.026425 -56.33147 488196.1 272722.8 -829027.9 0 
4.828156 3.898463 -56.33147 435083.3 351305.3 -829028 0 
4.099864 4.65835 -56.33147 369454.2 419781.7 -829028 0 
3.253626 5.284224 -56.33147 293196.3 476180.9 -829028.4 0 
2.313787 5.75808 -56.33147 208503.9 518882.1 -829028.4 0 
1.307385 6.066288 -56.33147 117813.4 546655.2 -829028.6 0 
0.2633719 6.199979 -56.33147 23733.36 558703.4 -829028.1 0 
-0.788218 6.155308 -56.33147 -71029.3 554677.8 -829028.2 0 
-1.817132 5.93356 -56.33147 -163748.6 534695.6 -829028 0 
-2.793771 5.541115 -56.33147 -251757.5 499331.2 -829027.7 0 
-3.690038 4.989261 -56.33147 -332523.5 449601.4 -829027.8 0 
-4.48015 4.293875 -56.33147 -403723.1 386937.2 -829028.2 0 
-5.141375 3.474963 -56.33147 -463308.2 313141.8 -829028.4 0 
-5.654693 2.556082 -56.33147 -509565.3 230338 -829028.4 0 
-6.005335 1.563668 -56.33147 -541163.1 140907.9 -829028.2 0 
-6.183215 0.5262691 -56.33147 -557192.8 47424.08 -829028.1 0 
-6.183215 -0.5262691 -56.33147 -557192.8 -47424.1 -829028.1 0 
-6.005335 -1.563668 -56.33147 -541163.1 -140907.9 -829028.2 0 
-5.654693 -2.556082 -56.33147 -509565.4 -230338.1 -829028.3 0 
-5.141375 -3.474963 -56.33147 -463308.3 -313141.8 -829028.4 0 
-4.48015 -4.293875 -56.33147 -403723.1 -386937.2 -829028.2 0 
-3.690038 -4.989261 -56.33147 -332523.4 -449601.4 -829027.8 0 
-2.793771 -5.541115 -56.33147 -251757.5 -499331.2 -829027.7 0 
-1.817132 -5.93356 -56.33147 -163748.6 -534695.6 -829028 0 
-0.788218 -6.155308 -56.33147 -71029.38 -554677.8 -829028.2 0 
0.2633719 -6.199979 -56.33147 23733.46 -558703.4 -829028.1 0 
1.307385 -6.066288 -56.33147 117813.3 -546655.3 -829028.6 0 
2.313787 -5.75808 -56.33147 208504 -518882.1 -829028.3 0 
3.253626 -5.284224 -56.33147 293196.2 -476181 -829028.4 0 
4.099864 -4.65835 -56.33147 369454.4 -419781.7 -829027.9 0 
4.828156 -3.898463 -56.33147 435083.3 -351305.3 -829028.1 0 
5.417551 -3.026425 -56.33147 488196.2 -272722.7 -829027.9 0 
5.851093 -2.067322 -56.33147 527264 -186294.2 -829028.1 0 
6.116309 -1.048746 -56.33147 551163.5 -94506.4 -829028.2 0 
6.357107 0 -56.20711 709738.6 -0.1277569 -704465.4 0 
6.265666 1.074356 -56.20711 699530.6 119946.6 -704464.4 0 
5.993973 2.117805 -56.20711 669197.5 236442.5 -704464.4 0 
5.549844 3.100329 -56.20711 619612.3 346136.2 -704464.8 0 
4.946057 3.993662 -56.20711 552202.2 445872.2 -704465.1 0 
4.19998 4.772104 -56.20711 468906.4 532781 -704465.5 0 
3.333077 5.413262 -56.20711 372121.2 604363.2 -704465.2 0 
2.370289 5.89869 -56.20711 264630.8 658559.2 -704464.8 0 
1.339311 6.214424 -56.20711 149527.4 693808.6 -704465.4 0 
0.2698033 6.351379 -56.20711 30122.1 709099.2 -704465.3 0 
-0.8074659 6.305617 -56.20711 -90149.54 703990.2 -704465.2 0 
-1.861506 6.078454 -56.20711 -207827.7 678628.6 -704465.3 0 
-2.861993 5.676425 -56.20711 -319527.2 633744.3 -704465 0 
-3.780147 5.111095 -56.20711 -422034.2 570627.9 -704465.3 0 
-4.589552 4.39873 -56.20711 -512400.2 491096 -704465.2 0 
-5.266925 3.55982 -56.20711 -588025.5 397435.8 -704465.2 0 
-5.792777 2.6185 -56.20711 -646734.5 292342.4 -704464.9 0 
-6.151982 1.601852 -56.20711 -686838.1 178838.8 -704464.7 0 
-6.334206 0.5391203 -56.20711 -707182.8 60190.07 -704464.4 0 
-6.334206 -0.5391203 -56.20711 -707182.8 -60190.11 -704464.4 0 
-6.151982 -1.601852 -56.20711 -686838.2 -178838.8 -704464.6 0 
-5.792777 -2.6185 -56.20711 -646734.5 -292342.4 -704465 0 
-5.266925 -3.55982 -56.20711 -588025.5 -397435.8 -704465.2 0 
-4.589552 -4.39873 -56.20711 -512400.3 -491096.1 -704465.1 0 
-3.780147 -5.111095 -56.20711 -422034.2 -570628 -704465.2 0 
-2.861993 -5.676425 -56.20711 -319527.2 -633744.3 -704465 0 
-1.861506 -6.078454 -56.20711 -207827.7 -678628.6 -704465.3 0 
-0.8074659 -6.305617 -56.20711 -90149.55 -703990.2 -704465.2 0 
0.2698033 -6.351379 -56.20711 30122.1 -709099.2 -704465.3 0 
1.339311 -6.214424 -56.20711 149527.2 -693808.6 -704465.5 0 
2.370289 -5.89869 -56.20711 264631 -658559.2 -704464.8 0 
3.333077 -5.413262 -56.20711 372121.3 -604363.4 -704465.1 0 
4.19998 -4.772104 -56.20711 468906.3 -532781.1 -704465.4 0 
4.946057 -3.993662 -56.20711 552202.3 -445872.2 -704465.1 0 
5.549844 -3.100329 -56.20711 619612.2 -346136.3 -704464.9 0 
5.993973 -2.117805 -56.20711 669197.4 -236442.5 -704464.5 0 
6.265666 -1.074356 -56.20711 699530.7 -119946.5 -704464.4 0 
6.48147 0 -56.05557 833090 -0.04724174 -553137.8 0 
6.388239 1.095374 -56.05557 821107.2 140793.1 -553137.2 0 
6.111232 2.159235 -56.05557 785502.4 277535.7 -553136.6 0 
5.658415 3.16098 -56.05557 727299.9 406294 -553136.9 0 
5.042816 4.071789 -56.05557 648174.4 523364.2 -553136.6 0 
4.282144 4.86546 -56.05557 550401.7 625377.6 -553137.7 0 
3.398282 5.519161 -56.05557 436795.4 709401.1 -553136.8 0 
2.416658 6.014084 -56.05557 310623.3 773015.5 -553137.1 0 
1.365511 6.335995 -56.05557 175515.1 814392.3 -553136.6 0 
0.2750814 6.47563 -56.05557 35357.34 832339.7 -553137.4 0 
-0.8232622 6.428973 -56.05557 -105817.4 826342.5 -553137.5 0 
-1.897922 6.197366 -56.05557 -243947.7 796572.9 -553138 0 
-2.917982 5.787472 -56.05557 -375060.3 743887.8 -553137.5 0 
-3.854097 5.211083 -56.05557 -495383.1 669802.2 -553137.4 0 
-4.679337 4.484781 -56.05557 -601455 576447.9 -553136.6 0 
-5.36996 3.62946 -56.05557 -690223.8 466509.8 -553136.7 0 
-5.9061 2.669726 -56.05557 -759135.4 343150.9 -553137.7 0 
-6.272332 1.633188 -56.05557 -806209.8 209920.5 -553136.2 0 
-6.45812 0.5496671 -56.05557 -830089.2 70651.05 -553137.2 0 
-6.45812 -0.5496671 -56.05557 -830089.2 -70650.95 -553137.2 0 
-6.272332 -1.633188 -56.05557 -806209.6 -209920.8 -553136.2 0 
-5.9061 -2.669726 -56.05557 -759135.6 -343150.7 -553137.6 0 
-5.36996 -3.62946 -56.05557 -690223.7 -466509.8 -553136.8 0 
-4.679337 -4.484781 -56.05557 -601454.9 -576447.9 -553136.6 0 
-3.854097 -5.211083 -56.05557 -495383.2 -669802.1 -553137.4 0 
-2.917982 -5.787472 -56.05557 -375060.4 -743887.8 -553137.4 0 
-1.897922 -6.197366 -56.05557 -243947.8 -796572.9 -553137.9 0 
-0.8232622 -6.428973 -56.05557 -105817.4 -826342.5 -553137.5 0 
0.2750814 -6.47563 -56.05557 35357.27 -832339.6 -553137.4 0 
1.365511 -6.335995 -56.05557 175515.2 -814392.3 -553136.5 0 
2.416658 -6.014084 -56.05557 310623.2 -773015.6 -553136.9 0 
3.398282 -5.519161 -56.05557 436795.4 -709400.9 -553136.9 0 
4.282144 -4.86546 -56.05557 550401.6 -625377.6 -553137.8 0 
5.042816 -4.071789 -56.05557 648174.5 -523364.1 -553136.6 0 
5.658415 -3.16098 -56.05557 727299.9 -406294.1 -553136.8 0 
6.111232 -2.159235 -56.05557 785502.6 -277535.6 -553136.6 0 
6.388239 -1.095374 -56.05557 821107.2 -140793 -553137.2 0 
6.57388 0 -55.88269 924646.9 0.02642336 -380826.2 0 
6.479321 1.110991 -55.88269 911346.5 156266.1 -380826.6 0 
6.198363 2.190021 -55.88269 871828.5 308036.7 -380826.7 0 
5.739089 3.206048 -55.88269 807229.5 450945.6 -380826.8 0 
5.114713 4.129843 -55.88269 719408.3 580881.7 -380826.2 0 
4.343196 4.93483 -55.88269 610890.9 694106.9 -380825.8 0 
3.446733 5.59785 -55.88269 484798.9 787363.6 -380826.8 0 
2.451114 6.099831 -55.88269 344760.4 857969.4 -380827 0 
1.38498 6.426331 -55.88269 194804.1 903893.7 -380825.4 0 
0.2790034 6.567957 -55.88269 39243.14 923814.2 -380825.2 0 
-0.8349999 6.520635 -55.88269 -117446.5 917157.6 -380826.3 0 
-1.924982 6.285726 -55.88269 -270757.6 884116.4 -380826.5 0 
-2.959585 5.869987 -55.88269 -416279.6 825641.1 -380826.1 0 
-3.909047 5.28538 -55.88269 -549825.9 743413.4 -380826 0 
-4.746052 4.548723 -55.88269 -667554.2 639799 -380826.6 0 
-5.446523 3.681207 -55.88269 -766078.9 517778.9 -380826.2 0 
-5.990307 2.707789 -55.88269 -842564.2 380863 -380827 0 
-6.36176 1.656474 -55.88269 -894810.9 232990.6 -380827 0 
-6.550198 0.5575039 -55.88269 -921315.3 78415.59 -380827.4 0 
-6.550198 -0.5575039 -55.88269 -921315.4 -78415.56 -380827.3 0 
-6.36176 -1.656474 -55.88269 -894810.9 -232990.6 -380826.9 0 
-5.990307 -2.707789 -55.88269 -842564.3 -380862.9 -380827.1 0 
-5.446523 -3.681207 -55.88269 -766078.9 -517779 -380826.1 0 
-4.746052 -4.548723 -55.88269 -667554.4 -639798.9 -380826.6 0 
-3.909047 -5.28538 -55.88269 -549825.8 -743413.4 -380826 0 
-2.959585 -5.869987 -55.88269 -416279.6 -825641.1 -380826.1 0 
-1.924982 -6.285726 -55.88269 -270757.7 -884116.4 -380826.4 0 
-0.8349999 -6.520635 -55.88269 -117446.7 -917157.6 -380826.3 0 
0.2790034 -6.567957 -55.88269 39243.27 -923814.2 -380825.2 0 
1.38498 -6.426331 -55.88269 194804.2 -903893.7 -380825.3 0 
2.451114 -6.099831 -55.88269 344760.3 -857969.4 -380826.9 0 
3.446733 -5.59785 -55.88269 484798.8 -787363.6 -380826.7 0 
4.343196 -4.93483 -55.88269 610891.1 -694106.8 -380825.8 0 
5.114713 -4.129843 -55.88269 719408.4 -580881.7 -380826.2 0 
5.739089 -3.206048 -55.88269 807229.6 -450945.5 -380826.8 0 
6.198363 -2.190021 -55.88269 871828.5 -308036.6 -380826.8 0 
6.479321 -1.110991 -55.88269 911346.5 -156266.2 -380826.6 0 
6.630786 0 -55.6951 980984.6 0.03154938 -194086.6 0 
6.535408 1.120608 -55.6951 966741.4 155838.4 -202795.2 0 
6.252018 2.208978 -55.6951 924592 321838.6 -203837.9 0 
5.78877 3.233801 -55.6951 853415.4 479693.5 -203903.8 0 
5.158988 4.165592 -55.6951 756244.9 621892.9 -203330.6 0 
4.380793 4.977547 -55.6951 643820 738628.6 -199810 0 
3.476569 5.646307 -55.6951 520853.2 829252.8 -202613.2 0 
2.472332 6.152633 -55.6951 370993.3 906015.8 -203714.9 0 
1.396969 6.481959 -55.6951 205746.2 957121.6 -203929.3 0 
0.2814185 6.624811 -55.6951 34274.3 978449.9 -203621 0 
-0.8422279 6.577079 -55.6951 -132110.6 970402.2 -202155.2 0 
-1.941645 6.340137 -55.6951 -280655.5 938465.6 -201284 0 
-2.985204 5.9208 -55.6951 -433563 877845.4 -203496.8 0 
-3.942885 5.331132 -55.6951 -580891.7 788023.8 -203920.8 0 
-4.787137 4.588098 -55.6951 -710612.1 673425.7 -203785.8 0 
-5.49367 3.713073 -55.6951 -816512.2 540538.8 -202795.6 0 
-6.042161 2.731229 -55.6951 -892242 406081.8 -197489.5 0 
-6.41683 1.670812 -55.6951 -945163.5 255762.2 -203106.2 0 
-6.606898 0.5623299 -55.6951 -975160.1 86591.43 -203875.6 0 
-6.606898 -0.5623299 -55.6951 -975160.1 -86591.5 -203875.6 0 
-6.41683 -1.670812 -55.6951 -945163.6 -255762 -203106.2 0 
-6.042161 -2.731229 -55.6951 -892242 -406081.9 -197489.5 0 
-5.49367 -3.713073 -55.6951 -816512.2 -540538.8 -202795.6 0 
-4.787137 -4.588098 -55.6951 -710612.2 -673425.6 -203785.8 0 
-3.942885 -5.331132 -55.6951 -580891.7 -788023.9 -203920.7 0 
-2.985204 -5.9208 -55.6951 -433563 -877845.4 -203496.7 0 
-1.941645 -6.340137 -55.6951 -280655.4 -938465.6 -201284 0 
-0.8422279 -6.577079 -55.6951 -132110.7 -970402.2 -202155.1 0 
0.2814185 -6.624811 -55.6951 34274.43 -978449.9 -203621.1 0 
1.396969 -6.481959 -55.6951 205746.2 -957121.6 -203929.3 0 
2.472332 -6.152633 -55.6951 370993.3 -906015.8 -203714.9 0 
3.476569 -5.646307 -55.6951 520853.4 -829252.8 -202613.1 0 
4.380793 -4.977547 -55.6951 643820 -738628.6 -199809.9 0 
5.158988 -4.165592 -55.6951 756244.9 -621892.8 -203330.7 0 
5.78877 -3.233801 -55.6951 853415.4 -479693.6 -203903.8 0 
6.252018 -2.208978 -55.6951 924592 -321838.6 -203837.8 0 
6.535408 -1.120608 -55.6951 966741.4 -155838.3 -202795.2 0 
6.650001 0 -55.5 998802 0.0418131 -48938.2 0 
6.270135 2.21538 -55.5 945900.4 320738.8 -48983.93 0 
6.504682 1.382613 -55.5 968856.2 234379.8 -79900.56 0 
5.805544 3.243172 -55.5 868503.4 493257 -48986.31 0 
6.075077 2.704799 -55.5 907902.1 408192.5 -95358.13 0 
5.379963 3.908772 -55.5 818309.7 568201.7 -86698.12 0 
5.173938 4.177663 -55.5 759980.8 648098.4 -48969.86 0 
4.449718 4.941913 -55.5 697221.5 714562.4 -57298.5 0 
4.393487 4.991971 -55.5 629708.9 775287 -48961.68 0 
2.479496 6.170462 -55.5 389367.1 919779.6 -48979.86 0 
3.325 5.759069 -55.5 469317.4 880132.3 -71475.35 0 
1.401017 6.500743 -55.5 209047 976677.9 -48988.88 0 
2.054963 6.324526 -55.5 297349.4 950192.6 -93368.98 0 
0.6951143 6.613571 -55.5 118381.5 988731.3 -91633.14 0 
0.282234 6.644009 -55.5 21234.19 998574.3 -48978.08 0 
-0.6951143 6.613571 -55.5 -68302.92 995424.7 -66819.27 0 
-0.8446686 6.596138 -55.5 -163170 985382.6 -48961.57 0 
-2.993855 5.937957 -55.5 -428115.1 902396.5 -48973.93 0 
-2.054963 6.324526 -55.5 -344585.4 936703.7 -62028.76 0 
-3.954311 5.346581 -55.5 -590510.5 805542 -48988.21 0 
-3.325 5.759069 -55.5 -513403.2 853477.7 -89406.11 0 
-4.449718 4.941913 -55.5 -660731.6 744636 -94611.91 0 
-4.801008 4.601394 -55.5 -731742.8 679818.9 -48982.1 0 
-5.379963 3.908772 -55.5 -788173.9 610759.1 -75865.79 0 
-5.509589 3.723833 -55.5 -846002.4 530926.6 -48962.23 0 
-6.435424 1.675654 -55.5 -958680.8 280238.8 -48966.71 0 
-6.075077 2.704799 -55.5 -928298.8 368058.9 -52861.58 0 
-6.626043 0.5639595 -55.5 -994315.1 94542.33 -48984.8 0 
-6.504682 1.382613 -55.5 -979553.2 183029.8 -83522.69 0 
-6.650001 0 -55.5 -995419.3 -0.0005975928 -95607.52 0 
-6.626043 -0.5639595 -55.5 -994315.1 -94542.32 -48984.79 0 
-6.504682 -1.382613 -55.5 -979553.2 -183029.8 -83522.69 0 
-6.435424 -1.675654 -55.5 -958680.8 -280238.8 -48966.69 0 
-6.075077 -2.704799 -55.5 -928298.9 -368058.9 -52861.57 0 
-6.05967 -2.739144 -55.5 -892518.2 -448346.4 -48959.91 0 
-4.801008 -4.601394 -55.5 -731742.8 -679818.9 -48982.09 0 
-5.379963 -3.908772 -55.5 -788173.9 -610759.1 -75865.8 0 
-3.954311 -5.346581 -55.5 -590510.5 -805542 -48988.19 0 
-4.449718 -4.941913 -55.5 -660731.7 -744635.9 -94611.95 0 
-3.325 -5.759069 -55.5 -513403.2 -853477.7 -89406.09 0 
-2.993855 -5.937957 -55.5 -428115.1 -902396.5 -48973.94 0 
-2.054963 -6.324526 -55.5 -344585.4 -936703.7 -62028.76 0 
-1.947271 -6.358509 -55.5 -255830.5 -965481.2 -48960.61 0 
0.282234 -6.644009 -55.5 21234.2 -998574.3 -48978.08 0 
-0.6951143 -6.613571 -55.5 -68302.92 -995424.7 -66819.28 0 
1.401017 -6.500743 -55.5 209047 -976677.9 -48988.87 0 
0.6951143 -6.613571 -55.5 118381.5 -988731.3 -91633.16 0 
2.054963 -6.324526 -55.5 297349.4 -950192.6 -93368.98 0 
2.479496 -6.170462 -55.5 389367.1 -919779.6 -48979.88 0 
3.325 -5.759069 -55.5 469317.3 -880132.4 -71475.35 0 
3.486644 -5.662669 -55.5 553389.1 -831482.8 -48961.45 0 
5.173938 -4.177663 -55.5 759980.8 -648098.4 -48969.86 0 
4.449718 -4.941913 -55.5 697221.6 -714562.4 -57298.45 0 
5.805544 -3.243172 -55.5 868503.5 -493256.9 -48986.29 0 
5.379963 -3.908772 -55.5 818309.7 -568201.6 -86698.08 0 
6.075077 -2.704799 -55.5 907902.1 -408192.5 -95358.13 0 
6.270135 -2.21538 -55.5 945900.4 -320738.8 -48983.93 0 
6.504682 -1.382613 -55.5 968856.2 -234379.8 -79900.53 0 
6.554346 -1.123855 -55.5 989398.5 -136725 -48962.56 0 
4.393487 -4.991971 -55.5 629708.8 -775287.1 -48961.77 0 
-0.8446686 -6.596138 -55.5 -163170 -985382.6 -48961.61 0 
-5.509589 -3.723833 -55.5 -846002.4 -530926.5 -48962.23 0 
-6.05967 2.739144 -55.5 -892518.2 448346.4 -48959.9 0 
-1.947271 6.358509 -55.5 -255830.6 965481.2 -48960.57 0 
3.486644 5.662669 -55.5 553389 831482.9 -48961.36 0 
6.554346 1.123855 -55.5 989398.5 136725 -48962.58 0 
-6.626043 0.5639595 -55 -994315.2 94542.34 48983.87 0 
-6.650001 0 -55 -995419.5 0.0008963889 95605.5 0 
-6.435424 1.675654 -55 -958680.9 280238.8 48965.77 0 
-6.075077 2.704799 -55 -928298.9 368058.9 52860.55 0 
-6.504682 1.382613 -55 -979553.4 183029.8 83520.92 0 
-5.509589 3.723833 -55 -846002.5 530926.6 48961.32 0 
-5.379963 3.908772 -55 -788174.1 610759.1 75864.22 0 
-6.05967 2.739144 -55 -892518.2 448346.6 48958.99 0 
-4.801008 4.601394 -55 -731742.8 679818.9 48981.16 0 
-3.954311 5.346581 -55 -590510.4 805542.1 48987.26 0 
-3.325 5.759069 -55 -513403.2 853477.9 89404.23 0 
-4.449718 4.941913 -55 -660731.8 744636.1 94609.97 0 
-2.993855 5.937957 -55 -428115.1 902396.5 48973.02 0 
-0.8446686 6.596138 -55 -163170 985382.6 48960.68 0 
-0.6951143 6.613571 -55 -68303.02 995424.8 66817.9 0 
-1.947271 6.358509 -55 -255830.5 965481.3 48959.68 0 
-2.054963 6.324526 -55 -344585.3 936703.8 62027.5 0 
0.282234 6.644009 -55 21234.19 998574.4 48977.15 0 
0.6951143 6.613571 -55 118381.5 988731.5 91631.27 0 
1.401017 6.500743 -55 209047 976678 48987.95 0 
2.054963 6.324526 -55 297349.5 950192.8 93367.04 0 
2.479496 6.170462 -55 389367.2 919779.7 48978.95 0 
4.393487 4.991971 -55 629708.8 775287.2 48960.83 0 
3.486644 5.662669 -55 553389.1 831482.9 48960.52 0 
3.325 5.759069 -55 469317.5 880132.4 71473.88 0 
5.173938 4.177663 -55 759980.8 648098.5 48968.93 0 
4.449718 4.941913 -55 697221.5 714562.5 57297.32 0 
5.805544 3.243172 -55 868503.5 493257 48985.36 0 
5.379963 3.908772 -55 818309.8 568201.8 86696.27 0 
6.270135 2.21538 -55 945900.4 320738.8 48983 0 
6.075077 2.704799 -55 907902.2 408192.5 95356.16 0 
6.554346 1.123855 -55 989398.6 136725.1 48961.62 0 
6.504682 1.382613 -55 968856.4 234379.7 79898.86 0 
6.554346 -1.123855 -55 989398.6 -136725 48961.66 0 
6.504682 -1.382613 -55 968856.4 -234379.7 79898.88 0 
6.650001 0 -55 998802.1 -0.03822912 48937.27 0 
6.270135 -2.21538 -55 945900.4 -320738.8 48983 0 
5.805544 -3.243172 -55 868503.6 -493256.9 48985.38 0 
6.075077 -2.704799 -55 907902.2 -408192.6 95356.16 0 
5.173938 -4.177663 -55 759980.8 -648098.5 48968.94 0 
4.449718 -4.941913 -55 697221.5 -714562.5 57297.38 0 
5.379963 -3.908772 -55 818309.8 -568201.8 86696.3 0 
3.486644 -5.662669 -55 553389.1 -831482.9 48960.43 0 
4.393487 -4.991971 -55 629708.9 -775287.1 48960.75 0 
2.479496 -6.170462 -55 389367.1 -919779.7 48978.93 0 
3.325 -5.759069 -55 469317.5 -880132.4 71473.88 0 
1.401017 -6.500743 -55 209047 -976678 48987.96 0 
0.6951143 -6.613571 -55 118381.5 -988731.5 91631.24 0 
2.054963 -6.324526 -55 297349.4 -950192.8 93367.03 0 
0.282234 -6.644009 -55 21234.2 -998574.4 48977.15 0 
-1.947271 -6.358509 -55 -255830.6 -965481.3 48959.64 0 
-0.8446686 -6.596138 -55 -163170 -985382.6 48960.64 0 
-0.6951143 -6.613571 -55 -68303.02 -995424.8 66817.9 0 
-2.993855 -5.937957 -55 -428115.1 -902396.6 48973 0 
-2.054963 -6.324526 -55 -344585.3 -936703.8 62027.5 0 
-3.954311 -5.346581 -55 -590510.5 -805542.1 48987.27 0 
-3.325 -5.759069 -55 -513403.1 -853477.9 89404.23 0 
-4.801008 -4.601394 -55 -731742.8 -679818.9 48981.18 0 
-4.449718 -4.941913 -55 -660731.8 -744636.1 94609.95 0 
-6.05967 -2.739144 -55 -892518.2 -448346.5 48958.97 0 
-5.509589 -3.723833 -55 -846002.5 -530926.6 48961.31 0 
-5.379963 -3.908772 -55 -788174.1 -610759.1 75864.22 0 
-6.435424 -1.675654 -55 -958680.9 -280238.8 48965.77 0 
-6.504682 -1.382613 -55 -979553.4 -183029.8 83520.93 0 
-6.075077 -2.704799 -55 -928298.9 -368058.9 52860.56 0 
-6.626043 -0.5639595 -55 -994315.2 -94542.34 48983.87 0 
6.630786 0 -54.80491 980984.8 -0.02674186 194085.8 0 
6.252018 2.208978 -54.80491 924592.2 321838.7 203836.9 0 
6.535408 1.120608 -54.80491 966741.6 155838.5 202794.2 0 
5.78877 3.233801 -54.80491 853415.5 479693.6 203902.8 0 
5.158988 4.165592 -54.80491 756245.1 621892.9 203329.7 0 
4.380793 4.977547 -54.80491 643820.2 738628.8 199808.9 0 
2.472332 6.152633 -54.80491 370993.4 906016 203714 0 
3.476569 5.646307 -54.80491 520853.2 829253.1 202612.1 0 
1.396969 6.481959 -54.80491 205746.2 957121.8 203928.4 0 
0.2814185 6.624811 -54.80491 34274.5 978450 203620.1 0 
-0.8422279 6.577079 -54.80491 -132110.7 970402.4 202154.2 0 
-2.985204 5.9208 -54.80491 -433563.2 877845.6 203495.8 0 
-1.941645 6.340137 -54.80491 -280655.6 938465.8 201283 0 
-3.942885 5.331132 -54.80491 -580891.8 788024.1 203919.8 0 
-4.787137 4.588098 -54.80491 -710612.3 673425.8 203784.8 0 
-5.49367 3.713073 -54.80491 -816512.3 540538.9 202794.7 0 
-6.41683 1.670812 -54.80491 -945163.8 255762 203105.2 0 
-6.042161 2.731229 -54.80491 -892242.2 406082 197488.5 0 
-6.606898 0.5623299 -54.80491 -975160.2 86591.49 203874.7 0 
-6.606898 -0.5623299 -54.80491 -975160.2 -86591.42 203874.6 0 
-6.41683 -1.670812 -54.80491 -945163.8 -255762.1 203105.2 0 
-6.042161 -2.731229 -54.80491 -892242.2 -406081.9 197488.6 0 
-4.787137 -4.588098 -54.80491 -710612.2 -673425.9 203784.9 0 
-5.49367 -3.713073 -54.80491 -816512.3 -540538.9 202794.7 0 
-3.942885 -5.331132 -54.80491 -580891.8 -788024.1 203919.8 0 
-2.985204 -5.9208 -54.80491 -433563.2 -877845.6 203495.8 0 
-1.941645 -6.340137 -54.80491 -280655.7 -938465.8 201283 0 
0.2814185 -6.624811 -54.80491 34274.38 -978450.1 203620.1 0 
-0.8422279 -6.577079 -54.80491 -132110.6 -970402.5 202154.2 0 
1.396969 -6.481959 -54.80491 205746.2 -957121.8 203928.3 0 
2.472332 -6.152633 -54.80491 370993.4 -906016 203713.9 0 
3.476569 -5.646307 -54.80491 520853.2 -829253.1 202612.2 0 
5.158988 -4.165592 -54.80491 756245.1 -621892.9 203329.6 0 
4.380793 -4.977547 -54.80491 643820.2 -738628.7 199809 0 
5.78877 -3.233801 -54.80491 853415.6 -479693.5 203902.9 0 
6.252018 -2.208978 -54.80491 924592.2 -321838.7 203837 0 
6.535408 -1.120608 -54.80491 966741.6 -155838.5 202794.3 0 
6.57388 0 -54.61732 924646.9 -0.02432151 380826.2 0 
6.479321 1.110991 -54.61732 911346.5 156266.2 380826.6 0 
6.198363 2.190021 -54.61732 871828.4 308036.6 380826.8 0 
5.739089 3.206048 -54.61732 807229.6 450945.5 380826.9 0 
5.114713 4.129843 -54.61732 719408.4 580881.7 380826.2 0 
4.343196 4.93483 -54.61732 610891.1 694106.8 380825.8 0 
3.446733 5.59785 -54.61732 484798.8 787363.6 380826.7 0 
2.451114 6.099831 -54.61732 344760.3 857969.4 380827 0 
1.38498 6.426331 -54.61732 194804.2 903893.7 380825.3 0 
0.2790034 6.567957 -54.61732 39243.27 923814.2 380825.2 0 
-0.8349999 6.520635 -54.61732 -117446.7 917157.6 380826.3 0 
-1.924982 6.285726 -54.61732 -270757.7 884116.4 380826.5 0 
-2.959585 5.869987 -54.61732 -416279.6 825641.1 380826.1 0 
-3.909047 5.28538 -54.61732 -549825.8 743413.5 380826 0 
-4.746052 4.548723 -54.61732 -667554.3 639799 380826.6 0 
-5.446523 3.681207 -54.61732 -766078.8 517779 380826.1 0 
-5.990307 2.707789 -54.61732 -842564.2 380862.9 380827.1 0 
-6.36176 1.656474 -54.61732 -894810.9 232990.7 380826.9 0 
-6.550198 0.5575039 -54.61732 -921315.4 78415.56 380827.2 0 
-6.550198 -0.5575039 -54.61732 -921315.3 -78415.6 380827.5 0 
-6.36176 -1.656474 -54.61732 -894810.9 -232990.6 380826.9 0 
-5.990307 -2.707789 -54.61732 -842564.3 -380863 380827 0 
-5.446523 -3.681207 -54.61732 -766078.8 -517779 380826.2 0 
-4.746052 -4.548723 -54.61732 -667554.2 -639799 380826.6 0 
-3.909047 -5.28538 -54.61732 -549825.9 -743413.4 380825.9 0 
-2.959585 -5.869987 -54.61732 -416279.6 -825641.1 380826.1 0 
-1.924982 -6.285726 -54.61732 -270757.6 -884116.5 380826.4 0 
-0.8349999 -6.520635 -54.61732 -117446.6 -917157.6 380826.3 0 
0.2790034 -6.567957 -54.61732 39243.15 -923814.2 380825.2 0 
1.38498 -6.426331 -54.61732 194804.1 -903893.7 380825.4 0 
2.451114 -6.099831 -54.61732 344760.4 -857969.4 380827 0 
3.446733 -5.59785 -54.61732 484799 -787363.5 380826.8 0 
4.343196 -4.93483 -54.61732 610891 -694106.9 380825.8 0 
5.114713 -4.129843 -54.61732 719408.4 -580881.7 380826.2 0 
5.739089 -3.206048 -54.61732 807229.6 -450945.6 380826.8 0 
6.198363 -2.190021 -54.61732 871828.5 -308036.6 380826.6 0 
6.479321 -1.110991 -54.61732 911346.5 -156266.2 380826.6 0 
6.48147 0 -54.44443 833090.1 0.04814158 553137.8 0 
6.388239 1.095374 -54.44443 821107.1 140793 553137.2 0 
6.111232 2.159235 -54.44443 785502.6 277535.6 553136.6 0 
5.658415 3.16098 -54.44443 727300 406294.1 553136.8 0 
5.042816 4.071789 -54.44443 648174.6 523364.2 553136.6 0 
4.282144 4.86546 -54.44443 550401.6 625377.6 553137.8 0 
3.398282 5.519161 -54.44443 436795.4 709400.9 553136.9 0 
2.416658 6.014084 -54.44443 310623.2 773015.6 553136.9 0 
1.365511 6.335995 -54.44443 175515.2 814392.4 553136.4 0 
0.2750814 6.47563 -54.44443 35357.27 832339.6 553137.4 0 
-0.8232622 6.428973 -54.44443 -105817.4 826342.5 553137.5 0 
-1.897922 6.197366 -54.44443 -243947.8 796572.9 553137.9 0 
-2.917982 5.787472 -54.44443 -375060.4 743887.8 553137.4 0 
-3.854097 5.211083 -54.44443 -495383.1 669802.2 553137.4 0 
-4.679337 4.484781 -54.44443 -601454.9 576447.9 553136.6 0 
-5.36996 3.62946 -54.44443 -690223.6 466509.8 553136.7 0 
-5.9061 2.669726 -54.44443 -759135.5 343150.7 553137.6 0 
-6.272332 1.633188 -54.44443 -806209.6 209920.8 553136.2 0 
-6.45812 0.5496671 -54.44443 -830089.2 70650.95 553137.2 0 
-6.45812 -0.5496671 -54.44443 -830089.2 -70651.06 553137.2 0 
-6.272332 -1.633188 -54.44443 -806209.8 -209920.5 553136.1 0 
-5.9061 -2.669726 -54.44443 -759135.4 -343150.9 553137.7 0 
-5.36996 -3.62946 -54.44443 -690223.8 -466509.8 553136.7 0 
-4.679337 -4.484781 -54.44443 -601454.9 -576447.9 553136.6 0 
-3.854097 -5.211083 -54.44443 -495383.1 -669802.2 553137.4 0 
-2.917982 -5.787472 -54.44443 -375060.3 -743887.8 553137.6 0 
-1.897922 -6.197366 -54.44443 -243947.7 -796572.9 553137.9 0 
-0.8232622 -6.428973 -54.44443 -105817.4 -826342.6 553137.5 0 
0.2750814 -6.47563 -54.44443 35357.34 -832339.7 553137.3 0 
1.365511 -6.335995 -54.44443 175515.1 -814392.3 553136.6 0 
2.416658 -6.014084 -54.44443 310623.3 -773015.5 553137.1 0 
3.398282 -5.519161 -54.44443 436795.4 -709401.1 553136.8 0 
4.282144 -4.86546 -54.44443 550401.7 -625377.6 553137.7 0 
5.042816 -4.071789 -54.44443 648174.4 -523364.3 553136.6 0 
5.658415 -3.16098 -54.44443 727299.9 -406294 553136.9 0 
6.111232 -2.159235 -54.44443 785502.4 -277535.7 553136.6 0 
6.388239 -1.095374 -54.44443 821107.2 -140793 553137.2 0 
6.357107 0 -54.2929 709733.7 0.1304529 704470.4 0 
6.265666 1.074356 -54.2929 699525.8 119945.6 704469.4 0 
5.993973 2.117805 -54.2929 669192.8 236440.9 704469.4 0 
5.549844 3.100329 -54.2929 619608 346133.9 704469.8 0 
4.946057 3.993662 -54.2929 552198.4 445869.1 704470.1 0 
4.19998 4.772104 -54.2929 468903 532777.4 704470.5 0 
3.333077 5.413262 -54.2929 372118.7 604359.1 704470.1 0 
2.370289 5.89869 -54.2929 264629.1 658554.7 704469.7 0 
1.339311 6.214424 -54.2929 149526.2 693803.8 704470.4 0 
0.2698033 6.351379 -54.2929 30121.89 709094.2 704470.4 0 
-0.8074659 6.305617 -54.2929 -90148.91 703985.3 704470.3 0 
-1.861506 6.078454 -54.2929 -207826.2 678623.9 704470.3 0 
-2.861993 5.676425 -54.2929 -319524.9 633739.8 704470 0 
-3.780147 5.111095 -54.2929 -422031.3 570624 704470.2 0 
-4.589552 4.39873 -54.2929 -512396.7 491092.7 704470.1 0 
-5.266925 3.55982 -54.2929 -588021.4 397433 704470.2 0 
-5.792777 2.6185 -54.2929 -646729.9 292340.3 704470 0 
-6.151982 1.601852 -54.2929 -686833.3 178837.5 704469.7 0 
-6.334206 0.5391203 -54.2929 -707177.9 60189.69 704469.3 0 
-6.334206 -0.5391203 -54.2929 -707177.9 -60189.65 704469.3 0 
-6.151982 -1.601852 -54.2929 -686833.4 -178837.5 704469.7 0 
-5.792777 -2.6185 -54.2929 -646730 -292340.4 704469.9 0 
-5.266925 -3.55982 -54.2929 -588021.4 -397433 704470.2 0 
-4.589552 -4.39873 -54.2929 -512396.7 -491092.6 704470.2 0 
-3.780147 -5.111095 -54.2929 -422031.2 -570624 704470.3 0 
-2.861993 -5.676425 -54.2929 -319525 -633739.8 704470 0 
-1.861506 -6.078454 -54.2929 -207826.2 -678623.9 704470.2 0 
-0.8074659 -6.305617 -54.2929 -90148.93 -703985.3 704470.3 0 
0.2698033 -6.351379 -54.2929 30121.89 -709094.2 704470.4 0 
1.339311 -6.214424 -54.2929 149526.3 -693803.8 704470.4 0 
2.370289 -5.89869 -54.2929 264629 -658554.7 704469.8 0 
3.333077 -5.413262 -54.2929 372118.6 -604359.1 704470.2 0 
4.19998 -4.772104 -54.2929 468903.1 -532777.3 704470.4 0 
4.946057 -3.993662 -54.2929 552198.4 -445869.2 704470 0 
5.549844 -3.100329 -54.2929 619608.1 -346133.9 704469.8 0 
5.993973 -2.117805 -54.2929 669192.8 -236440.9 704469.3 0 
6.265666 -1.074356 -54.2929 699525.8 -119945.8 704469.4 0 
6.20557 0 -54.16853 559207.9 -0.04351953 829027.6 0 
6.116309 1.048746 -54.16853 551163.8 94506.47 829028 0 
5.851093 2.067322 -54.16853 527264.2 186294.3 829027.9 0 
5.417551 3.026425 -54.16853 488196.4 272722.8 829027.8 0 
4.828156 3.898463 -54.16853 435083.5 351305.5 829027.9 0 
4.099864 4.65835 -54.16853 369454.5 419781.8 829027.8 0 
3.253626 5.284224 -54.16853 293196.3 476181.2 829028.2 0 
2.313787 5.75808 -54.16853 208504 518882.3 829028.2 0 
1.307385 6.066288 -54.16853 117813.3 546655.6 829028.4 0 
0.2633719 6.199979 -54.16853 23733.47 558703.7 829027.9 0 
-0.788218 6.155308 -54.16853 -71029.41 554678.1 829028.1 0 
-1.817132 5.93356 -54.16853 -163748.7 534695.9 829027.8 0 
-2.793771 5.541115 -54.16853 -251757.6 499331.5 829027.5 0 
-3.690038 4.989261 -54.16853 -332523.6 449601.6 829027.6 0 
-4.48015 4.293875 -54.16853 -403723.3 386937.4 829028 0 
-5.141375 3.474963 -54.16853 -463308.5 313141.9 829028.2 0 
-5.654693 2.556082 -54.16853 -509565.6 230338.2 829028.1 0 
-6.005335 1.563668 -54.16853 -541163.3 140908 829028.1 0 
-6.183215 0.5262691 -54.16853 -557193 47424.12 829027.9 0 
-6.183215 -0.5262691 -54.16853 -557193 -47424.11 829028 0 
-6.005335 -1.563668 -54.16853 -541163.4 -140908 829028.1 0 
-5.654693 -2.556082 -54.16853 -509565.6 -230338.2 829028.2 0 
-5.141375 -3.474963 -54.16853 -463308.5 -313142 829028.2 0 
-4.48015 -4.293875 -54.16853 -403723.3 -386937.4 829027.9 0 
-3.690038 -4.989261 -54.16853 -332523.7 -449601.6 829027.6 0 
-2.793771 -5.541115 -54.16853 -251757.6 -499331.4 829027.6 0 
-1.817132 -5.93356 -54.16853 -163748.7 -534695.9 829027.8 0 
-0.788218 -6.155308 -54.16853 -71029.34 -554678.1 829028.1 0 
0.2633719 -6.199979 -54.16853 23733.37 -558703.8 829027.9 0 
1.307385 -6.066288 -54.16853 117813.4 -546655.5 829028.4 0 
2.313787 -5.75808 -54.16853 208504 -518882.3 829028.1 0 
3.253626 -5.284224 -54.16853 293196.4 -476181.2 829028.2 0 
4.099864 -4.65835 -54.16853 369454.5 -419781.9 829027.7 0 
4.828156 -3.898463 -54.16853 435083.6 -351305.5 829027.8 0 
5.417551 -3.026425 -54.16853 488196.4 -272722.9 829027.8 0 
5.851093 -2.067322 -54.16853 527264.2 -186294.3 829027.9 0 
6.116309 -1.048746 -54.16853 551163.8 -94506.39 829028 0 
6.032684 0 -54.07612 387190.3 -0.06846678 922000.1 0 
5.945909 1.019529 -54.07612 381620.3 65435.42 922000.3 0 
5.688081 2.009727 -54.07612 365072.5 128988.3 922000.3 0 
5.266618 2.942109 -54.07612 338021.8 188830.4 922000.4 0 
4.693644 3.789853 -54.07612 301247.6 243240.4 922000.2 0 
3.985641 4.528569 -54.07612 255806.6 290652.8 922000.2 0 
3.16298 5.137006 -54.07612 203006.5 329703.4 922000.2 0 
2.249325 5.597661 -54.07612 144366.2 359269.2 922000.3 0 
1.270961 5.897281 -54.07612 81572.98 378499.6 922000.2 0 
0.2560344 6.027248 -54.07612 16432.84 386841.2 922000.1 0 
-0.7662584 5.983821 -54.07612 -49180.08 384054.2 922000.1 0 
-1.766507 5.768251 -54.07612 -113378 370218.3 922000.1 0 
-2.715937 5.38674 -54.07612 -174314.3 345731.7 922000.3 0 
-3.587234 4.85026 -54.07612 -230236.1 311299.7 922000.1 0 
-4.355333 4.174248 -54.07612 -279534.2 267911.8 922000.2 0 
-4.998137 3.378151 -54.07612 -320790.8 216816.8 922000.1 0 
-5.497153 2.48487 -54.07612 -352818.5 159484 922000.2 0 
-5.838027 1.520104 -54.07612 -374696.4 97563.45 922000.2 0 
-6.010951 0.5116073 -54.07612 -385795.1 32836.02 922000.2 0 
-6.010951 -0.5116073 -54.07612 -385795.1 -32836.02 922000.2 0 
-5.838027 -1.520104 -54.07612 -374696.4 -97563.44 922000.2 0 
-5.497153 -2.48487 -54.07612 -352818.5 -159484.1 922000.2 0 
-4.998137 -3.378151 -54.07612 -320791 -216816.7 922000.1 0 
-4.355333 -4.174248 -54.07612 -279534.2 -267911.8 922000.2 0 
-3.587234 -4.85026 -54.07612 -230236.2 -311299.7 922000.1 0 
-2.715937 -5.38674 -54.07612 -174314.2 -345731.7 922000.3 0 
-1.766507 -5.768251 -54.07612 -113378.1 -370218.3 922000.1 0 
-0.7662584 -5.983821 -54.07612 -49180.1 -384054.1 922000.1 0 
0.2560344 -6.027248 -54.07612 16432.84 -386841.1 922000.2 0 
1.270961 -5.897281 -54.07612 81572.98 -378499.6 922000.2 0 
2.249325 -5.597661 -54.07612 144366.2 -359269.3 922000.2 0 
3.16298 -5.137006 -54.07612 203006.5 -329703.4 922000.2 0 
3.985641 -4.528569 -54.07612 255806.6 -290652.9 922000.2 0 
4.693644 -3.789853 -54.07612 301247.5 -243240.5 922000.2 0 
5.266618 -2.942109 -54.07612 338021.8 -188830.3 922000.4 0 
5.688081 -2.009727 -54.07612 365072.4 -128988.3 922000.3 0 
5.945909 -1.019529 -54.07612 381620.3 -65435.35 922000.3 0 
5.845091 0 -54.01921 200181.5 0.01849097 979759.1 0 
5.761014 0.9878251 -54.01921 197302.2 33830.85 979759 0 
5.511204 1.947232 -54.01921 188746.6 66688.43 979759.1 0 
5.102846 2.850621 -54.01921 174761.2 97627.48 979759.1 0 
4.547689 3.672003 -54.01921 155748.4 125758 979759.1 0 
3.861704 4.387747 -54.01921 132254.9 150270.7 979759.1 0 
3.064624 4.977265 -54.01921 104956.6 170460.4 979759.1 0 
2.17938 5.423595 -54.01921 74638.95 185746.2 979759.1 0 
1.231439 5.713899 -54.01921 42174.25 195688.8 979758.9 0 
0.2480727 5.839824 -54.01921 8495.929 200001.2 979759.1 0 
-0.7424307 5.797748 -54.01921 -25426.63 198560.2 979759.1 0 
-1.711576 5.588881 -54.01921 -58617.65 191406.7 979759.1 0 
-2.631482 5.219232 -54.01921 -90122.34 178746.9 979759.1 0 
-3.475685 4.699436 -54.01921 -119034.5 160945.3 979759.1 0 
-4.219899 4.044445 -54.01921 -144522.3 138513.4 979759.1 0 
-4.842714 3.273103 -54.01921 -165852.2 112096.5 979759.1 0 
-5.326213 2.4076 -54.01921 -182411.3 82455.13 979759 0 
-5.656487 1.472835 -54.01921 -193722.2 50441.33 979759.1 0 
-5.824034 0.4956983 -54.01921 -199460.3 16976.58 979759.1 0 
-5.824034 -0.4956983 -54.01921 -199460.2 -16976.57 979759.1 0 
-5.656487 -1.472835 -54.01921 -193722.2 -50441.36 979759.1 0 
-5.326213 -2.4076 -54.01921 -182411.3 -82455.07 979759 0 
-4.842714 -3.273103 -54.01921 -165852.2 -112096.6 979759.1 0 
-4.219899 -4.044445 -54.01921 -144522.2 -138513.3 979759.1 0 
-3.475685 -4.699436 -54.01921 -119034.5 -160945.3 979759.1 0 
-2.631482 -5.219232 -54.01921 -90122.3 -178746.9 979759.1 0 
-1.711576 -5.588881 -54.01921 -58617.66 -191406.8 979759.1 0 
-0.7424307 -5.797748 -54.01921 -25426.66 -198560.1 979759.1 0 
0.2480727 -5.839824 -54.01921 8495.963 -200001.2 979759.1 0 
1.231439 -5.713899 -54.01921 42174.18 -195688.8 979758.9 0 
2.17938 -5.423595 -54.01921 74638.98 -185746.2 979759.1 0 
3.064624 -4.977265 -54.01921 104956.6 -170460.4 979759.1 0 
3.861704 -4.387747 -54.01921 132254.9 -150270.7 979759.1 0 
4.547689 -3.672003 -54.01921 155748.4 -125758 979759.1 0 
5.102846 -2.850621 -54.01921 174761.2 -97627.47 979759.1 0 
5.511204 -1.947232 -54.01921 188746.6 -66688.42 979759.1 0 
5.761014 -0.9878251 -54.01921 197302.2 -33830.87 979759 0 
5.65 0 -54 51713.7 0.007458354 998662.2 0 
5.56873 0.9548547 -54 50969.92 8739.666 998662.1 0 
5.327258 1.88224 -54 48759.72 17227.92 998662.2 0 
4.93253 2.755477 -54 45147 25220.6 998662.1 0 
4.395902 3.549443 -54 40235.12 32487.61 998662.2 0 
3.732812 4.241299 -54 34166.02 38820.14 998662.2 0 
2.962336 4.81114 -54 27113.89 44035.77 998662.2 0 
2.106639 5.242573 -54 19281.85 47984.68 998662.2 0 
1.190338 5.523188 -54 10895.03 50553.08 998662.1 0 
0.2397928 5.644909 -54 2194.788 51667.16 998662.2 0 
-0.7176507 5.604238 -54 -6568.575 51294.91 998662.2 0 
-1.654449 5.402342 -54 -15142.96 49446.89 998662.2 0 
-2.543651 5.045031 -54 -23281.73 46176.59 998662.1 0 
-3.359678 4.542584 -54 -30750.74 41577.77 998662.1 0 
-4.079052 3.909455 -54 -37335.07 35782.77 998662.2 0 
-4.68108 3.163858 -54 -42845.34 28958.4 998662.2 0 
-5.148441 2.327242 -54 -47123 21300.94 998662.2 0 
-5.467691 1.423676 -54 -50045 13030.69 998662.2 0 
-5.629646 0.4791535 -54 -51527.5 4385.65 998662.2 0 
-5.629646 -0.4791535 -54 -51527.48 -4385.636 998662.2 0 
-5.467691 -1.423676 -54 -50044.98 -13030.71 998662.2 0 
-5.148441 -2.327242 -54 -47123.01 -21300.94 998662.2 0 
-4.68108 -3.163858 -54 -42845.34 -28958.39 998662.2 0 
-4.079052 -3.909455 -54 -37335.07 -35782.77 998662.2 0 
-3.359678 -4.542584 -54 -30750.74 -41577.75 998662.2 0 
-2.543651 -5.045031 -54 -23281.74 -46176.58 998662.2 0 
-1.654449 -5.402342 -54 -15142.94 -49446.91 998662.2 0 
-0.7176507 -5.604238 -54 -6568.586 -51294.92 998662.2 0 
0.2397928 -5.644909 -54 2194.792 -51667.16 998662.2 0 
1.190338 -5.523188 -54 10895.03 -50553.08 998662.1 0 
2.106639 -5.242573 -54 19281.84 -47984.68 998662.1 0 
2.962336 -4.81114 -54 27113.9 -44035.77 998662.2 0 
3.732812 -4.241299 -54 34166.02 -38820.16 998662.2 0 
4.395902 -3.549443 -54 40235.14 -32487.59 998662.2 0 
4.93253 -2.755477 -54 45146.98 -25220.63 998662.2 0 
5.327258 -1.88224 -54 48759.71 -17227.89 998662.2 0 
5.56873 -0.9548547 -54 50969.91 -8739.677 998662.2 0 
3.883282 2.821369 -54 551700.5 400834 731408.9 0 
1.483282 -4.565071 -54 210730.9 -648562.9 731408.9 0 
0.5017366 -4.773705 -54 71282.13 -678203.6 731409 0 
3.211827 -3.567095 -54 456306.5 -506779.7 731409 0 
2.4 -4.156922 -54 340969.7 -590576.9 731408.9 0 
4.385019 -1.952336 -54 622982.6 -277369.6 731409 0 
3.883282 -2.821369 -54 551700.6 -400834 731409 0 
4.385019 1.952336 -54 622982.5 277369.7 731409.1 0 
4.695108 0.9979762 -54 667037.4 141783.1 731408.9 0 
-0.5017366 4.773705 -54 -71282.13 678203.6 731409 0 
-1.483282 4.565071 -54 -210730.9 648562.9 731409 0 
-3.211827 3.567095 -54 -456306.5 506779.7 731409 0 
-2.4 4.156922 -54 -340969.7 590576.9 731409 0 
-4.385019 -1.952336 -54 -622982.5 -277369.7 731409.1 0 
-4.695108 -0.9979762 -54 -667037.4 -141783.1 731408.9 0 
-2.4 -4.156922 -54 -340969.6 -590576.8 731409 0 
-0.5017366 -4.773705 -54 -71282.08 -678203.6 731409 0 
3.211827 3.567095 -54 456306.5 506779.7 731409.1 0 
1.483282 4.565071 -54 210730.9 648562.9 731409 0 
2.4 4.156922 -54 340969.7 590576.9 731408.9 0 
0.5017366 4.773705 -54 71282.08 678203.6 731409 0 
-3.883282 2.821369 -54 -551700.6 400834 731409 0 
-4.8 0 -54 -681939.4 -0.02927146 731409 0 
-4.695108 0.9979762 -54 -667037.4 141783.1 731408.9 0 
-3.883282 -2.821369 -54 -551700.5 -400834 731408.9 0 
-3.211827 -3.567095 -54 -456306.5 -506779.7 731409 0 
-1.483282 -4.565071 -54 -210730.9 -648562.9 731408.9 0 
4.695108 -0.9979762 -54 667037.4 -141783.1 731408.9 0 
4.8 0 -54 681939.4 0.02927146 731409 0 
-4.385019 1.952336 -54 -622982.6 277369.6 731409.1 0 
-4.8 0 50.11505 -996238.5 0.04574214 86656.4 0 
-4.695108 0.9979762 50.11505 -974468.2 207129.5 86656.42 0 
-4.385019 1.952336 50.11505 -910109.1 405206.6 86656.42 0 
-3.883282 2.821369 50.11505 -805973.8 585574.4 86656.41 0 
-3.211827 3.567095 50.11505 -666613.6 740349.6 86656.41 0 
-2.4 4.156922 50.11505 -498119.1 862767.9 86656.38 0 
-1.483282 4.565071 50.11505 -307854.6 947479.1 86656.37 0 
-0.5017366 4.773705 50.11505 -104135.3 990780.9 86656.4 0 
0.5017366 4.773705 50.11505 104135.3 990780.9 86656.38 0 
1.483282 4.565071 50.11505 307854.7 947479.1 86656.38 0 
2.4 4.156922 50.11505 498119.2 862767.8 86656.4 0 
3.211827 3.567095 50.11505 666613.6 740349.5 86656.4 0 
3.883282 2.821369 50.11505 805973.8 585574.3 86656.41 0 
4.385019 1.952336 50.11505 910109.1 405206.6 86656.43 0 
4.695108 0.9979762 50.11505 974468.3 207129.5 86656.41 0 
4.8 0 50.11505 996238.5 -0.04574214 86656.4 0 
4.695108 -0.9979762 50.11505 974468.2 -207129.5 86656.42 0 
4.385019 -1.952336 50.11505 910109.1 -405206.6 86656.42 0 
3.883282 -2.821369 50.11505 805973.8 -585574.4 86656.41 0 
3.211827 -3.567095 50.11505 666613.6 -740349.6 86656.41 0 
2.4 -4.156922 50.11505 498119.1 -862767.9 86656.38 0 
1.483282 -4.565071 50.11505 307854.6 -947479.1 86656.37 0 
0.5017366 -4.773705 50.11505 104135.3 -990780.9 86656.4 0 
-0.5017366 -4.773705 50.11505 -104135.3 -990780.9 86656.38 0 
-1.483282 -4.565071 50.11505 -307854.7 -947479.1 86656.38 0 
-2.4 -4.156922 50.11505 -498119.2 -862767.8 86656.4 0 
-3.211827 -3.567095 50.11505 -666613.6 -740349.5 86656.4 0 
-3.883282 -2.821369 50.11505 -805973.8 -585574.3 86656.41 0 
-4.385019 -1.952336 50.11505 -910109.1 -405206.6 86656.43 0 
-4.695108 -0.9979762 50.11505 -974468.3 -207129.5 86656.41 0 
-4.050001 0 54.36852 -996150.3 0.03093763 87663.61 0 
-3.961498 0.8420424 54.36852 -974382.1 207111.5 87663.59 0 
-3.699859 1.647284 54.36852 -910028.6 405170.8 87663.61 0 
-3.276519 2.380531 54.36852 -805902.5 585522.5 87663.61 0 
-2.709979 3.009737 54.36852 -666554.6 740284 87663.6 0 
-2.025 3.507403 54.36852 -498075.2 862691.5 87663.62 0 
-1.251519 3.851779 54.36852 -307827.5 947395.2 87663.59 0 
-0.4233403 4.027814 54.36852 -104126.1 990693.3 87663.57 0 
0.4233403 4.027814 54.36852 104126.1 990693.3 87663.57 0 
1.251519 3.851779 54.36852 307827.6 947395.2 87663.57 0 
2.025 3.507403 54.36852 498075.2 862691.5 87663.59 0 
2.709979 3.009737 54.36852 666554.6 740284.1 87663.6 0 
3.276519 2.380531 54.36852 805902.5 585522.5 87663.6 0 
3.699859 1.647284 54.36852 910028.6 405170.8 87663.62 0 
3.961498 0.8420424 54.36852 974382.1 207111.5 87663.62 0 
4.050001 0 54.36852 996150.3 -0.03093763 87663.61 0 
3.961498 -0.8420424 54.36852 974382.1 -207111.5 87663.59 0 
3.699859 -1.647284 54.36852 910028.6 -405170.8 87663.61 0 
3.276519 -2.380531 54.36852 805902.5 -585522.5 87663.61 0 
2.709979 -3.009737 54.36852 666554.6 -740284 87663.6 0 
2.025 -3.507403 54.36852 498075.2 -862691.5 87663.62 0 
1.251519 -3.851779 54.36852 307827.5 -947395.2 87663.59 0 
0.4233403 -4.027814 54.36852 104126.1 -990693.3 87663.57 0 
-0.4233403 -4.027814 54.36852 -104126.1 -990693.3 87663.57 0 
-1.251519 -3.851779 54.36852 -307827.6 -947395.2 87663.57 0 
-2.025 -3.507403 54.36852 -498075.2 -862691.5 87663.59 0 
-2.709979 -3.009737 54.36852 -666554.6 -740284.1 87663.6 0 
-3.276519 -2.380531 54.36852 -805902.5 -585522.5 87663.6 0 
-3.699859 -1.647284 54.36852 -910028.6 -405170.8 87663.62 0 
-3.961498 -0.8420424 54.36852 -974382.1 -207111.5 87663.62 0 
-4.050001 0 62.40001 -729182.9 0.001304138 684319.2 0 
-3.961498 0.8420424 62.40001 -713248.2 151605.7 684319.4 0 
-3.699859 1.647284 62.40001 -666141.6 296585.3 684319.3 0 
-3.276519 2.380531 62.40001 -589921.3 428602.9 684319.2 0 
-2.709979 3.009737 62.40001 -487918.4 541888.4 684319.4 0 
-2.025 3.507403 62.40001 -364591.4 631490.8 684319.4 0 
-1.251519 3.851779 62.40001 -225330 693494.1 684319.3 0 
-0.4233403 4.027814 62.40001 -76220.38 725188.2 684319.2 0 
0.4233403 4.027814 62.40001 76220.38 725188.2 684319.2 0 
1.251519 3.851779 62.40001 225330 693494.1 684319.2 0 
2.025 3.507403 62.40001 364591.4 631490.8 684319.4 0 
2.709979 3.009737 62.40001 487918.4 541888.4 684319.3 0 
3.276519 2.380531 62.40001 589921.2 428602.8 684319.3 0 
3.699859 1.647284 62.40001 666141.6 296585.3 684319.3 0 
3.961498 0.8420424 62.40001 713248.2 151605.7 684319.4 0 
4.050001 0 62.40001 729182.9 -0.001304138 684319.2 0 
3.961498 -0.8420424 62.40001 713248.2 -151605.7 684319.4 0 
3.699859 -1.647284 62.40001 666141.6 -296585.3 684319.2 0 
3.276519 -2.380531 62.40001 589921.2 -428602.9 684319.3 0 
2.709979 -3.009737 62.40001 487918.4 -541888.4 684319.4 0 
2.025 -3.507403 62.40001 364591.4 -631490.7 684319.4 0 
1.251519 -3.851779 62.40001 225330 -693494.1 684319.3 0 
0.4233403 -4.027814 62.40001 76220.38 -725188.2 684319.2 0 
-0.4233403 -4.027814 62.40001 -76220.38 -725188.2 684319.3 0 
-1.251519 -3.851779 62.40001 -225330 -693494.1 684319.2 0 
-2.025 -3.507403 62.40001 -364591.4 -631490.8 684319.4 0 
-2.709979 -3.009737 62.40001 -487918.4 -541888.4 684319.4 0 
-3.276519 -2.380531 62.40001 -589921.2 -428602.8 684319.3 0 
-3.699859 -1.647284 62.40001 -666141.6 -296585.3 684319.3 0 
-3.961498 -0.8420424 62.40001 -713248.3 -151605.7 684319.4 0 
-2.375414 -2.638164 62.40001 -456306.6 -506779.9 731408.8 0 
-1.775 -3.07439 62.40001 -340969.9 -590576.9 731408.9 0 
-0.3710761 3.530553 62.40001 -71282.04 678203.8 731408.9 0 
0.3710761 3.530553 62.40001 71282.04 678203.8 731408.8 0 
-1.09701 3.376251 62.40001 -210730.9 648563.1 731408.9 0 
-2.375414 2.638164 62.40001 -456306.6 506779.9 731408.8 0 
-1.775 3.07439 62.40001 -340969.8 590576.9 731408.9 0 
-2.87201 2.086638 62.40001 -551700.6 400834 731408.9 0 
-1.09701 -3.376251 62.40001 -210730.9 -648563 731408.9 0 
1.775 3.07439 62.40001 340969.9 590576.9 731408.9 0 
2.375414 2.638164 62.40001 456306.7 506779.9 731408.8 0 
1.09701 3.376251 62.40001 210730.9 648563 731408.9 0 
-3.243086 1.443915 62.40001 -622982.8 277369.8 731408.9 0 
-0.3710761 -3.530553 62.40001 -71282.04 -678203.8 731408.8 0 
0.3710761 -3.530553 62.40001 71282.04 -678203.8 731408.9 0 
1.09701 -3.376251 62.40001 210730.9 -648563.1 731408.9 0 
3.243086 1.443915 62.40001 622982.8 277369.8 731408.8 0 
3.472424 0.7380865 62.40001 667037.5 141783.2 731408.9 0 
2.87201 2.086638 62.40001 551700.7 400834 731408.9 0 
1.775 -3.07439 62.40001 340969.8 -590576.9 731408.9 0 
2.375414 -2.638164 62.40001 456306.6 -506779.9 731408.8 0 
2.87201 -2.086638 62.40001 551700.7 -400834 731408.9 0 
3.243086 -1.443915 62.40001 622982.8 -277369.8 731408.9 0 
3.55 0 62.40001 681939.6 -0.003252383 731408.8 0 
-3.472424 0.7380865 62.40001 -667037.5 141783.2 731408.9 0 
-3.55 0 62.40001 -681939.6 0.003252383 731408.8 0 
-3.472424 -0.7380865 62.40001 -667037.5 -141783.2 731408.9 0 
-3.243086 -1.443915 62.40001 -622982.8 -277369.8 731408.8 0 
-2.87201 -2.086638 62.40001 -551700.7 -400834 731408.9 0 
3.472424 -0.7380865 62.40001 667037.5 -141783.2 731408.9 0 
-3.55 0 65.4 -681939.6 -0.004472027 -731408.8 0 
-3.472424 0.7380865 65.4 -667037.4 141783.2 -731408.9 0 
-3.243086 1.443915 65.4 -622982.8 277369.8 -731408.8 0 
-2.87201 2.086638 65.4 -551700.6 400834 -731408.9 0 
-2.375414 2.638164 65.4 -456306.7 506779.9 -731408.8 0 
-1.775 3.07439 65.4 -340969.8 590576.9 -731408.9 0 
-1.09701 3.376251 65.4 -210730.9 648563 -731408.9 0 
-0.3710761 3.530553 65.4 -71282.04 678203.8 -731408.9 0 
0.3710761 3.530553 65.4 71282.04 678203.8 -731408.8 0 
1.09701 3.376251 65.4 210730.8 648563 -731408.9 0 
1.775 3.07439 65.4 340969.8 590577 -731408.9 0 
2.375414 2.638164 65.4 456306.7 506779.9 -731408.8 0 
2.87201 2.086638 65.4 551700.6 400834 -731408.9 0 
3.243086 1.443915 65.4 622982.8 277369.8 -731408.8 0 
3.472424 0.7380865 65.4 667037.5 141783.2 -731408.9 0 
3.55 0 65.4 681939.6 0.004472027 -731408.8 0 
3.472424 -0.7380865 65.4 667037.4 -141783.2 -731408.9 0 
3.243086 -1.443915 65.4 622982.8 -277369.8 -731408.8 0 
2.87201 -2.086638 65.4 551700.6 -400834 -731408.9 0 
2.375414 -2.638164 65.4 456306.7 -506779.9 -731408.8 0 
1.775 -3.07439 65.4 340969.8 -590576.9 -731408.8 0 
1.09701 -3.376251 65.4 210730.9 -648563 -731408.9 0 
0.3710761 -3.530553 65.4 71282.04 -678203.8 -731408.9 0 
-0.3710761 -3.530553 65.4 -71282.04 -678203.8 -731408.8 0 
-1.09701 -3.376251 65.4 -210730.8 -648563 -731408.9 0 
-1.775 -3.07439 65.4 -340969.8 -590577 -731408.9 0 
-2.375414 -2.638164 65.4 -456306.6 -506779.9 -731408.8 0 
-2.87201 -2.086638 65.4 -551700.7 -400834 -731408.9 0 
-3.243086 -1.443915 65.4 -622982.8 -277369.8 -731408.8 0 
-3.472424 -0.7380865 65.4 -667037.5 -141783.2 -731408.9 0 
-3.276519 2.380531 65.4 -589921.3 428602.9 -684319.2 0 
-2.709979 3.009737 65.4 -487918.4 541888.4 -684319.3 0 
2.025 3.507403 65.4 364591.4 631490.7 -684319.4 0 
2.709979 3.009737 65.4 487918.4 541888.4 -684319.3 0 
-3.961498 0.8420424 65.4 -713248.3 151605.7 -684319.4 0 
-3.699859 1.647284 65.4 -666141.6 296585.3 -684319.3 0 
-2.025 3.507403 65.4 -364591.4 631490.7 -684319.4 0 
-0.4233403 4.027814 65.4 -76220.38 725188.2 -684319.2 0 
0.4233403 4.027814 65.4 76220.38 725188.2 -684319.3 0 
1.251519 3.851779 65.4 225330 693494 -684319.2 0 
-1.251519 3.851779 65.4 -225330 693494 -684319.3 0 
3.276519 2.380531 65.4 589921.2 428602.9 -684319.2 0 
3.699859 1.647284 65.4 666141.6 296585.3 -684319.2 0 
3.961498 0.8420424 65.4 713248.3 151605.7 -684319.4 0 
3.699859 -1.647284 65.4 666141.6 -296585.3 -684319.3 0 
3.276519 -2.380531 65.4 589921.2 -428602.9 -684319.3 0 
2.709979 -3.009737 65.4 487918.4 -541888.4 -684319.3 0 
4.050001 0 65.4 729182.9 0.003477702 -684319.2 0 
3.961498 -0.8420424 65.4 713248.3 -151605.7 -684319.4 0 
2.025 -3.507403 65.4 364591.4 -631490.7 -684319.4 0 
1.251519 -3.851779 65.4 225330 -693494 -684319.3 0 
0.4233403 -4.027814 65.4 76220.38 -725188.2 -684319.2 0 
-0.4233403 -4.027814 65.4 -76220.38 -725188.2 -684319.3 0 
-1.251519 -3.851779 65.4 -225330 -693494 -684319.2 0 
-2.025 -3.507403 65.4 -364591.4 -631490.7 -684319.4 0 
-2.709979 -3.009737 65.4 -487918.4 -541888.4 -684319.3 0 
-3.276519 -2.380531 65.4 -589921.2 -428602.9 -684319.4 0 
-3.699859 -1.647284 65.4 -666141.6 -296585.3 -684319.2 0 
-3.961498 -0.8420424 65.4 -713248.3 -151605.7 -684319.4 0 
-4.050001 0 65.4 -729182.9 -0.003477702 -684319.2 0 
-4.050001 0 67.80001 -729182.9 0.003477702 684319.2 0 
-3.961498 0.8420424 67.80001 -713248.3 151605.7 684319.4 0 
-3.699859 1.647284 67.80001 -666141.6 296585.2 684319.2 0 
-3.276519 2.380531 67.80001 -589921.2 428602.9 684319.2 0 
-2.709979 3.009737 67.80001 -487918.4 541888.4 684319.3 0 
-2.025 3.507403 67.80001 -364591.4 631490.8 684319.4 0 
-1.251519 3.851779 67.80001 -225330 693494.1 684319.3 0 
-0.4233403 4.027814 67.80001 -76220.38 725188.2 684319.2 0 
0.4233403 4.027814 67.80001 76220.38 725188.2 684319.2 0 
1.251519 3.851779 67.80001 225330 693494 684319.2 0 
2.025 3.507403 67.80001 364591.4 631490.7 684319.4 0 
2.709979 3.009737 67.80001 487918.5 541888.4 684319.3 0 
3.276519 2.380531 67.80001 589921.2 428602.9 684319.3 0 
3.699859 1.647284 67.80001 666141.6 296585.3 684319.3 0 
3.961498 0.8420424 67.80001 713248.3 151605.7 684319.4 0 
4.050001 0 67.80001 729182.9 -0.003477702 684319.2 0 
3.961498 -0.8420424 67.80001 713248.3 -151605.7 684319.4 0 
3.699859 -1.647284 67.80001 666141.7 -296585.3 684319.2 0 
3.276519 -2.380531 67.80001 589921.2 -428602.9 684319.4 0 
2.709979 -3.009737 67.80001 487918.4 -541888.4 684319.3 0 
2.025 -3.507403 67.80001 364591.4 -631490.7 684319.4 0 
1.251519 -3.851779 67.80001 225330 -693494.1 684319.3 0 
0.4233403 -4.027814 67.80001 76220.38 -725188.2 684319.2 0 
-0.4233403 -4.027814 67.80001 -76220.38 -725188.2 684319.3 0 
-1.251519 -3.851779 67.80001 -225330 -693494 684319.2 0 
-2.025 -3.507403 67.80001 -364591.4 -631490.7 684319.4 0 
-2.709979 -3.009737 67.80001 -487918.5 -541888.4 684319.4 0 
-3.276519 -2.380531 67.80001 -589921.2 -428602.9 684319.3 0 
-3.699859 -1.647284 67.80001 -666141.6 -296585.3 684319.3 0 
-3.961498 -0.8420424 67.80001 -713248.3 -151605.7 684319.3 0 
-2.375414 -2.638164 67.80001 -456306.6 -506779.9 731408.8 0 
-1.775 -3.07439 67.80001 -340969.9 -590576.9 731408.9 0 
-0.3710761 3.530553 67.80001 -71282.03 678203.8 731408.8 0 
0.3710761 3.530553 67.80001 71282.05 678203.8 731408.8 0 
-1.09701 3.376251 67.80001 -210730.9 648563.1 731408.9 0 
-2.375414 2.638164 67.80001 -456306.7 506779.9 731408.8 0 
-1.775 3.07439 67.80001 -340969.9 590576.9 731408.9 0 
-2.87201 2.086638 67.80001 -551700.7 400834 731408.9 0 
-1.09701 -3.376251 67.80001 -210730.9 -648563 731408.9 0 
1.775 3.07439 67.80001 340969.9 590576.9 731408.9 0 
2.375414 2.638164 67.80001 456306.7 506779.9 731408.8 0 
1.09701 3.376251 67.80001 210730.9 648563 731408.9 0 
-3.243086 1.443915 67.80001 -622982.9 277369.8 731408.8 0 
-0.3710761 -3.530553 67.80001 -71282.05 -678203.8 731408.8 0 
0.3710761 -3.530553 67.80001 71282.03 -678203.8 731408.8 0 
1.09701 -3.376251 67.80001 210730.9 -648563.1 731408.9 0 
3.243086 1.443915 67.80001 622982.9 277369.8 731408.8 0 
3.472424 0.7380865 67.80001 667037.5 141783.2 731408.9 0 
2.87201 2.086638 67.80001 551700.7 400834 731408.9 0 
1.775 -3.07439 67.80001 340969.9 -590576.9 731408.9 0 
2.375414 -2.638164 67.80001 456306.7 -506779.9 731408.8 0 
2.87201 -2.086638 67.80001 551700.7 -400834 731408.8 0 
3.243086 -1.443915 67.80001 622982.9 -277369.8 731408.8 0 
3.55 0 67.80001 681939.6 -0.009757151 731408.8 0 
-3.472424 0.7380865 67.80001 -667037.5 141783.2 731408.9 0 
-3.55 0 67.80001 -681939.6 0.01300953 731408.8 0 
-3.472424 -0.7380865 67.80001 -667037.5 -141783.2 731408.9 0 
-3.243086 -1.443915 67.80001 -622982.9 -277369.8 731408.8 0 
-2.87201 -2.086638 67.80001 -551700.7 -400834 731408.9 0 
3.472424 -0.7380865 67.80001 667037.4 -141783.2 731408.9 0 
-3.55 0 72.50001 -681939.6 -0.01138334 -731408.8 0 
-3.472424 0.7380865 72.50001 -667037.6 141783.2 -731408.9 0 
-3.243086 1.443915 72.50001 -622982.9 277369.8 -731408.8 0 
-2.87201 2.086638 72.50001 -551700.7 400834 -731408.9 0 
-2.375414 2.638164 72.50001 -456306.7 506779.9 -731408.8 0 
-1.775 3.07439 72.50001 -340969.9 590576.9 -731408.9 0 
-1.09701 3.376251 72.50001 -210730.9 648563 -731408.9 0 
-0.3710761 3.530553 72.50001 -71282.05 678203.8 -731408.9 0 
0.3710761 3.530553 72.50001 71282.03 678203.9 -731408.8 0 
1.09701 3.376251 72.50001 210730.9 648563 -731408.9 0 
1.775 3.07439 72.50001 340969.9 590576.9 -731408.9 0 
2.375414 2.638164 72.50001 456306.7 506779.9 -731408.8 0 
2.87201 2.086638 72.50001 551700.7 400834 -731408.9 0 
3.243086 1.443915 72.50001 622982.9 277369.8 -731408.8 0 
3.472424 0.7380865 72.50001 667037.5 141783.2 -731408.9 0 
3.55 0 72.50001 681939.6 0.01138334 -731408.8 0 
3.472424 -0.7380865 72.50001 667037.6 -141783.2 -731408.9 0 
3.243086 -1.443915 72.50001 622982.9 -277369.8 -731408.8 0 
2.87201 -2.086638 72.50001 551700.7 -400834 -731408.9 0 
2.375414 -2.638164 72.50001 456306.7 -506779.9 -731408.8 0 
1.775 -3.07439 72.50001 340969.9 -590576.9 -731408.9 0 
1.09701 -3.376251 72.50001 210730.9 -648563 -731408.9 0 
0.3710761 -3.530553 72.50001 71282.05 -678203.8 -731408.9 0 
-0.3710761 -3.530553 72.50001 -71282.03 -678203.9 -731408.8 0 
-1.09701 -3.376251 72.50001 -210730.9 -648563 -731408.9 0 
-1.775 -3.07439 72.50001 -340969.9 -590576.9 -731408.9 0 
-2.375414 -2.638164 72.50001 -456306.6 -506779.9 -731408.8 0 
-2.87201 -2.086638 72.50001 -551700.7 -400834 -731408.8 0 
-3.243086 -1.443915 72.50001 -622982.9 -277369.8 -731408.8 0 
-3.472424 -0.7380865 72.50001 -667037.5 -141783.2 -731408.9 0 
-3.276519 2.380531 72.50001 -589921.3 428602.9 -684319.2 0 
-2.709979 3.009737 72.50001 -487918.5 541888.4 -684319.4 0 
2.025 3.507403 72.50001 364591.4 631490.7 -684319.4 0 
2.709979 3.009737 72.50001 487918.5 541888.4 -684319.2 0 
-3.961498 0.8420424 72.50001 -713248.3 151605.7 -684319.4 0 
-3.699859 1.647284 72.50001 -666141.6 296585.3 -684319.3 0 
-2.025 3.507403 72.50001 -364591.4 631490.8 -684319.4 0 
-0.4233403 4.027814 72.50001 -76220.38 725188.2 -684319.2 0 
0.4233403 4.027814 72.50001 76220.38 725188.2 -684319.3 0 
1.251519 3.851779 72.50001 225330 693494.1 -684319.2 0 
-1.251519 3.851779 72.50001 -225330 693494.1 -684319.3 0 
3.276519 2.380531 72.50001 589921.3 428602.9 -684319.2 0 
3.699859 1.647284 72.50001 666141.6 296585.3 -684319.2 0 
3.961498 0.8420424 72.50001 713248.3 151605.7 -684319.3 0 
3.699859 -1.647284 72.50001 666141.6 -296585.3 -684319.3 0 
3.276519 -2.380531 72.50001 589921.2 -428602.9 -684319.3 0 
2.709979 -3.009737 72.50001 487918.5 -541888.4 -684319.4 0 
4.050001 0 72.50001 729182.9 -0.003477701 -684319.1 0 
3.961498 -0.8420424 72.50001 713248.3 -151605.7 -684319.4 0 
2.025 -3.507403 72.50001 364591.4 -631490.8 -684319.4 0 
1.251519 -3.851779 72.50001 225330 -693494.1 -684319.3 0 
0.4233403 -4.027814 72.50001 76220.38 -725188.2 -684319.2 0 
-0.4233403 -4.027814 72.50001 -76220.38 -725188.2 -684319.3 0 
-1.251519 -3.851779 72.50001 -225330 -693494.1 -684319.2 0 
-2.025 -3.507403 72.50001 -364591.4 -631490.7 -684319.4 0 
-2.709979 -3.009737 72.50001 -487918.5 -541888.4 -684319.2 0 
-3.276519 -2.380531 72.50001 -589921.2 -428602.8 -684319.3 0 
-3.699859 -1.647284 72.50001 -666141.6 -296585.3 -684319.2 0 
-3.961498 -0.8420424 72.50001 -713248.3 -151605.7 -684319.3 0 
-4.050001 0 72.50001 -729182.9 0.003477701 -684319.1 0 
-4.050001 0 75.60001 -729182.9 -0.002608276 684319.1 0 
-3.961498 0.8420424 75.60001 -713248.3 151605.7 684319.3 0 
-3.699859 1.647284 75.60001 -666141.6 296585.3 684319.3 0 
-3.276519 2.380531 75.60001 -589921.3 428602.9 684319.2 0 
-2.709979 3.009737 75.60001 -487918.4 541888.4 684319.3 0 
-2.025 3.507403 75.60001 -364591.4 631490.8 684319.4 0 
-1.251519 3.851779 75.60001 -225330 693494.1 684319.3 0 
-0.4233403 4.027814 75.60001 -76220.38 725188.2 684319.2 0 
0.4233403 4.027814 75.60001 76220.38 725188.2 684319.2 0 
1.251519 3.851779 75.60001 225330 693494.1 684319.2 0 
2.025 3.507403 75.60001 364591.4 631490.8 684319.4 0 
2.709979 3.009737 75.60001 487918.4 541888.4 684319.3 0 
3.276519 2.380531 75.60001 589921.2 428602.9 684319.3 0 
3.699859 1.647284 75.60001 666141.6 296585.3 684319.3 0 
3.961498 0.8420424 75.60001 713248.2 151605.7 684319.4 0 
4.050001 0 75.60001 729182.9 0.002608276 684319.1 0 
3.961498 -0.8420424 75.60001 713248.3 -151605.7 684319.3 0 
3.699859 -1.647284 75.60001 666141.6 -296585.3 684319.2 0 
3.276519 -2.380531 75.60001 589921.2 -428602.8 684319.3 0 
2.709979 -3.009737 75.60001 487918.4 -541888.4 684319.3 0 
2.025 -3.507403 75.60001 364591.4 -631490.7 684319.4 0 
1.251519 -3.851779 75.60001 225330 -693494.1 684319.3 0 
0.4233403 -4.027814 75.60001 76220.38 -725188.2 684319.2 0 
-0.4233403 -4.027814 75.60001 -76220.38 -725188.2 684319.3 0 
-1.251519 -3.851779 75.60001 -225330 -693494.1 684319.2 0 
-2.025 -3.507403 75.60001 -364591.4 -631490.8 684319.4 0 
-2.709979 -3.009737 75.60001 -487918.4 -541888.4 684319.4 0 
-3.276519 -2.380531 75.60001 -589921.2 -428602.9 684319.3 0 
-3.699859 -1.647284 75.60001 -666141.6 -296585.3 684319.3 0 
-3.961498 -0.8420424 75.60001 -713248.3 -151605.7 684319.4 0 
-2.375414 -2.638164 75.60001 -456306.6 -506779.8 731408.9 0 
-1.775 -3.07439 75.60001 -340969.8 -590576.9 731408.9 0 
-0.3710761 3.530553 75.60001 -71282.04 678203.8 731408.9 0 
0.3710761 3.530553 75.60001 71282.04 678203.8 731408.8 0 
-1.09701 3.376251 75.60001 -210730.9 648563 731408.9 0 
-2.375414 2.638164 75.60001 -456306.6 506779.9 731408.9 0 
-1.775 3.07439 75.60001 -340969.8 590576.9 731408.9 0 
-2.87201 2.086638 75.60001 -551700.6 400834 731408.9 0 
-1.09701 -3.376251 75.60001 -210730.9 -648563 731408.9 0 
1.775 3.07439 75.60001 340969.8 590576.9 731408.9 0 
2.375414 2.638164 75.60001 456306.6 506779.9 731408.9 0 
1.09701 3.376251 75.60001 210730.9 648563 731408.9 0 
-3.243086 1.443915 75.60001 -622982.8 277369.8 731408.9 0 
-0.3710761 -3.530553 75.60001 -71282.04 -678203.8 731408.8 0 
0.3710761 -3.530553 75.60001 71282.04 -678203.8 731408.9 0 
1.09701 -3.376251 75.60001 210730.9 -648563 731408.9 0 
3.243086 1.443915 75.60001 622982.8 277369.8 731408.9 0 
3.472424 0.7380865 75.60001 667037.5 141783.2 731408.9 0 
2.87201 2.086638 75.60001 551700.7 400834 731408.9 0 
1.775 -3.07439 75.60001 340969.8 -590576.9 731408.9 0 
2.375414 -2.638164 75.60001 456306.6 -506779.9 731408.9 0 
2.87201 -2.086638 75.60001 551700.7 -400834 731408.9 0 
3.243086 -1.443915 75.60001 622982.8 -277369.8 731408.9 0 
3.55 0 75.60001 681939.6 -0.003252383 731408.8 0 
-3.472424 0.7380865 75.60001 -667037.5 141783.2 731408.9 0 
-3.55 0 75.60001 -681939.6 0.003252383 731408.8 0 
-3.472424 -0.7380865 75.60001 -667037.5 -141783.2 731408.9 0 
-3.243086 -1.443915 75.60001 -622982.8 -277369.8 731408.9 0 
-2.87201 -2.086638 75.60001 -551700.7 -400834 731408.9 0 
3.472424 -0.7380865 75.60001 667037.5 -141783.2 731408.9 0 
-3.55 0 80.6 -681939.6 -0.00203274 -731408.8 0 
-3.472424 0.7380865 80.6 -667037.5 141783.2 -731408.9 0 
-3.243086 1.443915 80.6 -622982.8 277369.8 -731408.8 0 
-2.87201 2.086638 80.6 -551700.6 400833.9 -731408.9 0 
-2.375414 2.638164 80.6 -456306.6 506779.9 -731408.9 0 
-1.775 3.07439 80.6 -340969.8 590576.9 -731408.9 0 
-1.09701 3.376251 80.6 -210730.9 648563 -731408.9 0 
-0.3710761 3.530553 80.6 -71282.04 678203.8 -731408.9 0 
0.3710761 3.530553 80.6 71282.04 678203.8 -731408.8 0 
1.09701 3.376251 80.6 210730.9 648563 -731408.9 0 
1.775 3.07439 80.6 340969.8 590576.9 -731408.9 0 
2.375414 2.638164 80.6 456306.6 506779.9 -731408.9 0 
2.87201 2.086638 80.6 551700.6 400834 -731408.9 0 
3.243086 1.443915 80.6 622982.8 277369.8 -731408.8 0 
3.472424 0.7380865 80.6 667037.4 141783.2 -731409 0 
3.55 0 80.6 681939.6 0.00203274 -731408.8 0 
3.472424 -0.7380865 80.6 667037.5 -141783.2 -731408.9 0 
3.243086 -1.443915 80.6 622982.8 -277369.8 -731408.8 0 
2.87201 -2.086638 80.6 551700.6 -400833.9 -731408.9 0 
2.375414 -2.638164 80.6 456306.6 -506779.9 -731408.9 0 
1.775 -3.07439 80.6 340969.8 -590576.9 -731408.9 0 
1.09701 -3.376251 80.6 210730.9 -648563 -731408.9 0 
0.3710761 -3.530553 80.6 71282.04 -678203.8 -731408.9 0 
-0.3710761 -3.530553 80.6 -71282.04 -678203.8 -731408.8 0 
-1.09701 -3.376251 80.6 -210730.9 -648563 -731408.9 0 
-1.775 -3.07439 80.6 -340969.8 -590576.9 -731408.9 0 
-2.375414 -2.638164 80.6 -456306.6 -506779.8 -731408.9 0 
-2.87201 -2.086638 80.6 -551700.6 -400834 -731408.9 0 
-3.243086 -1.443915 80.6 -622982.8 -277369.8 -731408.8 0 
-3.472424 -0.7380865 80.6 -667037.4 -141783.2 -731408.9 0 
-3.276519 2.380531 80.6 -589921.3 428602.9 -684319.2 0 
-2.709979 3.009737 80.6 -487918.5 541888.4 -684319.2 0 
2.025 3.507403 80.6 364591.4 631490.7 -684319.3 0 
2.709979 3.009737 80.6 487918.4 541888.4 -684319.3 0 
-4.050001 0 80.6 -729182.9 0.006955403 -684319.1 0 
-3.961498 0.8420424 80.6 -713248.3 151605.7 -684319.3 0 
-3.699859 1.647284 80.6 -666141.7 296585.3 -684319.2 0 
-2.025 3.507403 80.6 -364591.4 631490.8 -684319.4 0 
-0.4233403 4.027814 80.6 -76220.38 725188.2 -684319.2 0 
0.4233403 4.027814 80.6 76220.4 725188.2 -684319.2 0 
1.251519 3.851779 80.6 225330 693494.1 -684319.2 0 
-1.251519 3.851779 80.6 -225330 693494 -684319.2 0 
3.276519 2.380531 80.6 589921.3 428602.9 -684319.2 0 
3.699859 1.647284 80.6 666141.7 296585.3 -684319.2 0 
3.961498 0.8420424 80.6 713248.3 151605.7 -684319.3 0 
3.699859 -1.647284 80.6 666141.7 -296585.3 -684319.2 0 
3.276519 -2.380531 80.6 589921.2 -428602.9 -684319.3 0 
2.709979 -3.009737 80.6 487918.5 -541888.4 -684319.2 0 
4.050001 0 80.6 729182.9 -0.006955403 -684319.1 0 
3.961498 -0.8420424 80.6 713248.3 -151605.7 -684319.3 0 
2.025 -3.507403 80.6 364591.4 -631490.8 -684319.4 0 
1.251519 -3.851779 80.6 225330 -693494 -684319.2 0 
0.4233403 -4.027814 80.6 76220.38 -725188.2 -684319.2 0 
-0.4233403 -4.027814 80.6 -76220.4 -725188.2 -684319.2 0 
-1.251519 -3.851779 80.6 -225330 -693494.1 -684319.2 0 
-2.025 -3.507403 80.6 -364591.4 -631490.7 -684319.3 0 
-2.709979 -3.009737 80.6 -487918.4 -541888.4 -684319.3 0 
-3.276519 -2.380531 80.6 -589921.2 -428602.9 -684319.3 0 
-3.699859 -1.647284 80.6 -666141.7 -296585.3 -684319.2 0 
-3.961498 -0.8420424 80.6 -713248.3 -151605.7 -684319.3 0 
-4.050001 0 86.10001 -729182.9 -0.006520691 684319.2 0 
-3.961498 0.8420424 86.10001 -713248.3 151605.7 684319.3 0 
-3.699859 1.647284 86.10001 -666141.7 296585.3 684319.2 0 
-3.276519 2.380531 86.10001 -589921.2 428602.9 684319.2 0 
-2.709979 3.009737 86.10001 -487918.5 541888.4 684319.2 0 
-2.025 3.507403 86.10001 -364591.4 631490.8 684319.3 0 
-1.251519 3.851779 86.10001 -225330 693494.1 684319.2 0 
-0.4233403 4.027814 86.10001 -76220.39 725188.2 684319.2 0 
0.4233403 4.027814 86.10001 76220.37 725188.2 684319.2 0 
1.251519 3.851779 86.10001 225330 693494.1 684319.2 0 
2.025 3.507403 86.10001 364591.4 631490.7 684319.4 0 
2.709979 3.009737 86.10001 487918.4 541888.4 684319.2 0 
3.276519 2.380531 86.10001 589921.3 428602.9 684319.2 0 
3.699859 1.647284 86.10001 666141.7 296585.3 684319.2 0 
3.961498 0.8420424 86.10001 713248.3 151605.7 684319.3 0 
4.050001 0 86.10001 729182.9 0.006520691 684319.2 0 
3.961498 -0.8420424 86.10001 713248.3 -151605.7 684319.3 0 
3.699859 -1.647284 86.10001 666141.7 -296585.3 684319.2 0 
3.276519 -2.380531 86.10001 589921.2 -428602.9 684319.2 0 
2.709979 -3.009737 86.10001 487918.5 -541888.4 684319.2 0 
2.025 -3.507403 86.10001 364591.4 -631490.8 684319.3 0 
1.251519 -3.851779 86.10001 225330 -693494.1 684319.2 0 
0.4233403 -4.027814 86.10001 76220.39 -725188.2 684319.2 0 
-0.4233403 -4.027814 86.10001 -76220.37 -725188.2 684319.2 0 
-1.251519 -3.851779 86.10001 -225330 -693494.1 684319.2 0 
-2.025 -3.507403 86.10001 -364591.4 -631490.7 684319.4 0 
-2.709979 -3.009737 86.10001 -487918.4 -541888.4 684319.2 0 
-3.276519 -2.380531 86.10001 -589921.3 -428602.9 684319.2 0 
-3.699859 -1.647284 86.10001 -666141.7 -296585.3 684319.2 0 
-3.961498 -0.8420424 86.10001 -713248.3 -151605.7 684319.3 0 
0 0 86.10001 0 0 1000000 0 
3 0 1 2 0 
3 2 3 0 0 
3 3 4 0 0 
3 4 5 0 0 
3 5 6 0 0 
3 6 7 0 0 
3 7 8 0 0 
3 8 9 0 0 
3 9 10 0 0 
3 10 11 0 0 
3 11 12 0 0 
3 12 13 0 0 
3 13 14 0 0 
3 14 15 0 0 
3 15 16 0 0 
3 16 17 0 0 
3 17 18 0 0 
3 18 19 0 0 
3 19 20 0 0 
3 20 21 0 0 
3 21 22 0 0 
3 22 23 0 0 
3 23 24 0 0 
3 24 25 0 0 
3 25 26 0 0 
3 26 27 0 0 
3 27 28 0 0 
3 28 29 0 0 
3 29 30 0 0 
3 30 1 0 0 
3 31 15 14 0 
3 32 14 13 0 
3 33 13 12 0 
3 34 12 11 0 
3 35 11 10 0 
3 36 10 9 0 
3 37 9 8 0 
3 38 8 7 0 
3 39 7 6 0 
3 40 6 5 0 
3 41 5 4 0 
3 42 4 3 0 
3 43 3 2 0 
3 44 2 1 0 
3 45 1 30 0 
3 46 30 29 0 
3 47 29 28 0 
3 48 28 27 0 
3 49 27 26 0 
3 50 26 25 0 
3 51 25 24 0 
3 52 24 23 0 
3 53 23 22 0 
3 54 22 21 0 
3 55 21 20 0 
3 56 20 19 0 
3 57 19 18 0 
3 58 18 17 0 
3 59 17 16 0 
3 60 16 15 0 
3 15 31 60 0 
3 16 60 59 0 
3 17 59 58 0 
3 18 58 57 0 
3 19 57 56 0 
3 20 56 55 0 
3 21 55 54 0 
3 22 54 53 0 
3 23 53 52 0 
3 24 52 51 0 
3 25 51 50 0 
3 26 50 49 0 
3 27 49 48 0 
3 28 48 47 0 
3 29 47 46 0 
3 30 46 45 0 
3 1 45 44 0 
3 2 44 43 0 
3 3 43 42 0 
3 4 42 41 0 
3 5 41 40 0 
3 6 40 39 0 
3 7 39 38 0 
3 8 38 37 0 
3 9 37 36 0 
3 10 36 35 0 
3 11 35 34 0 
3 12 34 33 0 
3 13 33 32 0 
3 14 32 31 0 
3 61 31 32 0 
3 62 32 33 0 
3 63 33 34 0 
3 64 34 35 0 
3 65 35 36 0 
3 66 36 37 0 
3 67 37 38 0 
3 68 38 39 0 
3 69 39 40 0 
3 70 40 41 0 
3 71 41 42 0 
3 72 42 43 0 
3 73 43 44 0 
3 74 44 45 0 
3 75 45 46 0 
3 76 46 47 0 
3 77 47 48 0 
3 78 48 49 0 
3 79 49 50 0 
3 80 50 51 0 
3 81 51 52 0 
3 82 52 53 0 
3 83 53 54 0 
3 84 54 55 0 
3 85 55 56 0 
3 86 56 57 0 
3 87 57 58 0 
3 88 58 59 0 
3 89 59 60 0 
3 90 60 31 0 
3 31 61 90 0 
3 60 90 89 0 
3 59 89 88 0 
3 58 88 87 0 
3 57 87 86 0 
3 56 86 85 0 
3 55 85 84 0 
3 54 84 83 0 
3 53 83 82 0 
3 52 82 81 0 
3 51 81 80 0 
3 50 80 79 0 
3 49 79 78 0 
3 48 78 77 0 
3 47 77 76 0 
3 46 76 75 0 
3 45 75 74 0 
3 44 74 73 0 
3 43 73 72 0 
3 42 72 71 0 
3 41 71 70 0 
3 40 70 69 0 
3 39 69 68 0 
3 38 68 67 0 
3 37 67 66 0 
3 36 66 65 0 
3 35 65 64 0 
3 34 64 63 0 
3 33 63 62 0 
3 32 62 61 0 
3 91 92 70 0 
3 93 73 74 0 
3 94 95 72 0 
3 96 71 72 0 
3 71 96 91 0 
3 92 97 69 0 
3 98 65 66 0 
3 99 81 82 0 
3 100 74 75 0 
3 74 100 93 0 
3 72 95 96 0 
3 69 70 92 0 
3 101 102 67 0 
3 66 103 98 0 
3 104 105 64 0 
3 106 84 85 0 
3 82 107 99 0 
3 108 109 80 0 
3 110 111 78 0 
3 93 94 73 0 
3 70 71 91 0 
3 112 68 69 0 
3 68 112 101 0 
3 64 65 104 0 
3 113 63 64 0 
3 114 115 86 0 
3 116 85 86 0 
3 85 116 106 0 
3 107 82 83 0 
3 80 81 108 0 
3 117 79 80 0 
3 79 117 110 0 
3 72 73 94 0 
3 67 68 101 0 
3 102 103 66 0 
3 64 105 113 0 
3 118 62 63 0 
3 119 120 89 0 
3 121 87 88 0 
3 87 121 114 0 
3 106 122 84 0 
3 122 123 83 0 
3 99 108 81 0 
3 78 79 110 0 
3 124 125 75 0 
3 69 97 112 0 
3 98 104 65 0 
3 63 113 118 0 
3 126 127 61 0 
3 90 128 119 0 
3 120 129 88 0 
3 86 87 114 0 
3 83 84 122 0 
3 80 109 117 0 
3 111 130 77 0 
3 76 131 124 0 
3 66 67 102 0 
3 61 62 126 0 
3 128 90 61 0 
3 88 89 120 0 
3 86 115 116 0 
3 77 78 111 0 
3 131 76 77 0 
3 75 125 100 0 
3 61 127 128 0 
3 88 129 121 0 
3 77 130 131 0 
3 118 126 62 0 
3 83 123 107 0 
3 89 90 119 0 
3 75 76 124 0 
3 132 127 126 0 
3 133 126 118 0 
3 134 118 113 0 
3 135 113 105 0 
3 136 105 104 0 
3 137 104 98 0 
3 138 98 103 0 
3 139 103 102 0 
3 140 102 101 0 
3 141 101 112 0 
3 142 112 97 0 
3 143 97 92 0 
3 144 92 91 0 
3 145 91 96 0 
3 146 96 95 0 
3 147 95 94 0 
3 148 94 93 0 
3 149 93 100 0 
3 150 100 125 0 
3 151 125 124 0 
3 152 124 131 0 
3 153 131 130 0 
3 154 130 111 0 
3 155 111 110 0 
3 156 110 117 0 
3 157 117 109 0 
3 158 109 108 0 
3 159 108 99 0 
3 160 99 107 0 
3 161 107 123 0 
3 162 123 122 0 
3 163 122 106 0 
3 164 106 116 0 
3 165 116 115 0 
3 166 115 114 0 
3 167 114 121 0 
3 168 121 129 0 
3 169 129 120 0 
3 170 120 119 0 
3 171 119 128 0 
3 172 128 127 0 
3 173 132 133 0 
3 174 133 134 0 
3 175 134 135 0 
3 176 135 136 0 
3 177 136 137 0 
3 178 137 138 0 
3 179 138 139 0 
3 180 139 140 0 
3 181 140 141 0 
3 182 141 142 0 
3 183 142 143 0 
3 184 143 144 0 
3 185 144 145 0 
3 186 145 146 0 
3 187 146 147 0 
3 188 147 148 0 
3 189 148 149 0 
3 190 149 150 0 
3 191 150 151 0 
3 192 151 152 0 
3 193 152 153 0 
3 194 153 154 0 
3 195 154 155 0 
3 196 155 156 0 
3 197 156 157 0 
3 198 157 158 0 
3 199 158 159 0 
3 200 159 160 0 
3 201 160 161 0 
3 202 161 162 0 
3 203 162 163 0 
3 204 163 164 0 
3 205 164 165 0 
3 206 165 166 0 
3 207 166 167 0 
3 208 167 168 0 
3 209 168 169 0 
3 210 169 170 0 
3 211 170 171 0 
3 212 171 172 0 
3 213 172 132 0 
3 214 173 174 0 
3 215 174 175 0 
3 216 175 176 0 
3 217 176 177 0 
3 218 177 178 0 
3 219 178 179 0 
3 220 179 180 0 
3 221 180 181 0 
3 222 181 182 0 
3 223 182 183 0 
3 224 183 184 0 
3 225 184 185 0 
3 226 185 186 0 
3 227 186 187 0 
3 228 187 188 0 
3 229 188 189 0 
3 230 189 190 0 
3 231 190 191 0 
3 232 191 192 0 
3 233 192 193 0 
3 234 193 194 0 
3 235 194 195 0 
3 236 195 196 0 
3 237 196 197 0 
3 238 197 198 0 
3 239 198 199 0 
3 240 199 200 0 
3 241 200 201 0 
3 242 201 202 0 
3 243 202 203 0 
3 244 203 204 0 
3 245 204 205 0 
3 246 205 206 0 
3 247 206 207 0 
3 248 207 208 0 
3 249 208 209 0 
3 250 209 210 0 
3 251 210 211 0 
3 252 211 212 0 
3 253 212 213 0 
3 254 213 173 0 
3 255 214 215 0 
3 256 215 216 0 
3 257 216 217 0 
3 258 217 218 0 
3 259 218 219 0 
3 260 219 220 0 
3 261 220 221 0 
3 262 221 222 0 
3 263 222 223 0 
3 264 223 224 0 
3 265 224 225 0 
3 266 225 226 0 
3 267 226 227 0 
3 268 227 228 0 
3 269 228 229 0 
3 270 229 230 0 
3 271 230 231 0 
3 272 231 232 0 
3 273 232 233 0 
3 274 233 234 0 
3 275 234 235 0 
3 276 235 236 0 
3 277 236 237 0 
3 278 237 238 0 
3 279 238 239 0 
3 280 239 240 0 
3 281 240 241 0 
3 282 241 242 0 
3 283 242 243 0 
3 284 243 244 0 
3 285 244 245 0 
3 286 245 246 0 
3 287 246 247 0 
3 288 247 248 0 
3 289 248 249 0 
3 290 249 250 0 
3 291 250 251 0 
3 292 251 252 0 
3 293 252 253 0 
3 294 253 254 0 
3 295 254 214 0 
3 296 255 256 0 
3 297 256 257 0 
3 298 257 258 0 
3 299 258 259 0 
3 300 259 260 0 
3 301 260 261 0 
3 302 261 262 0 
3 303 262 263 0 
3 304 263 264 0 
3 305 264 265 0 
3 306 265 266 0 
3 307 266 267 0 
3 308 267 268 0 
3 309 268 269 0 
3 310 269 270 0 
3 311 270 271 0 
3 312 271 272 0 
3 313 272 273 0 
3 314 273 274 0 
3 315 274 275 0 
3 316 275 276 0 
3 317 276 277 0 
3 318 277 278 0 
3 319 278 279 0 
3 320 279 280 0 
3 321 280 281 0 
3 322 281 282 0 
3 323 282 283 0 
3 324 283 284 0 
3 325 284 285 0 
3 326 285 286 0 
3 327 286 287 0 
3 328 287 288 0 
3 329 288 289 0 
3 330 289 290 0 
3 331 290 291 0 
3 332 291 292 0 
3 333 292 293 0 
3 334 293 294 0 
3 335 294 295 0 
3 336 295 255 0 
3 337 296 297 0 
3 338 297 298 0 
3 339 298 299 0 
3 340 299 300 0 
3 341 300 301 0 
3 342 301 302 0 
3 343 302 303 0 
3 344 303 304 0 
3 345 304 305 0 
3 346 305 306 0 
3 347 306 307 0 
3 348 307 308 0 
3 349 308 309 0 
3 350 309 310 0 
3 351 310 311 0 
3 352 311 312 0 
3 353 312 313 0 
3 354 313 314 0 
3 355 314 315 0 
3 356 315 316 0 
3 357 316 317 0 
3 358 317 318 0 
3 359 318 319 0 
3 360 319 320 0 
3 361 320 321 0 
3 362 321 322 0 
3 363 322 323 0 
3 364 323 324 0 
3 365 324 325 0 
3 366 325 326 0 
3 367 326 327 0 
3 368 327 328 0 
3 369 328 329 0 
3 370 329 330 0 
3 371 330 331 0 
3 372 331 332 0 
3 373 332 333 0 
3 374 333 334 0 
3 375 334 335 0 
3 376 335 336 0 
3 377 336 296 0 
3 378 337 338 0 
3 379 338 339 0 
3 380 339 340 0 
3 381 340 341 0 
3 382 341 342 0 
3 383 342 343 0 
3 384 343 344 0 
3 385 344 345 0 
3 386 345 346 0 
3 387 346 347 0 
3 388 347 348 0 
3 389 348 349 0 
3 390 349 350 0 
3 391 350 351 0 
3 392 351 352 0 
3 393 352 353 0 
3 394 353 354 0 
3 395 354 355 0 
3 396 355 356 0 
3 397 356 357 0 
3 398 357 358 0 
3 399 358 359 0 
3 400 359 360 0 
3 401 360 361 0 
3 402 361 362 0 
3 403 362 363 0 
3 404 363 364 0 
3 405 364 365 0 
3 406 365 366 0 
3 407 366 367 0 
3 408 367 368 0 
3 409 368 369 0 
3 410 369 370 0 
3 411 370 371 0 
3 412 371 372 0 
3 413 372 373 0 
3 414 373 374 0 
3 415 374 375 0 
3 416 375 376 0 
3 417 376 377 0 
3 418 377 337 0 
3 419 378 379 0 
3 380 420 421 0 
3 421 379 380 0 
3 380 381 422 0 
3 381 423 422 0 
3 423 381 382 0 
3 383 424 425 0 
3 425 382 383 0 
3 384 426 427 0 
3 427 383 384 0 
3 384 385 428 0 
3 385 429 428 0 
3 429 385 386 0 
3 387 430 431 0 
3 431 386 387 0 
3 387 388 432 0 
3 388 433 432 0 
3 388 389 434 0 
3 389 435 434 0 
3 435 389 390 0 
3 391 436 437 0 
3 437 390 391 0 
3 391 392 438 0 
3 392 439 438 0 
3 439 392 393 0 
3 394 440 441 0 
3 441 393 394 0 
3 395 442 443 0 
3 443 394 395 0 
3 395 396 444 0 
3 396 445 444 0 
3 445 396 397 0 
3 398 446 447 0 
3 447 397 398 0 
3 398 399 448 0 
3 399 449 448 0 
3 399 400 450 0 
3 400 451 450 0 
3 451 400 401 0 
3 402 452 453 0 
3 453 401 402 0 
3 402 403 454 0 
3 403 455 454 0 
3 403 404 456 0 
3 404 457 456 0 
3 457 404 405 0 
3 406 458 459 0 
3 459 405 406 0 
3 406 407 460 0 
3 407 461 460 0 
3 461 407 408 0 
3 409 462 463 0 
3 463 408 409 0 
3 410 464 465 0 
3 465 409 410 0 
3 410 411 466 0 
3 411 467 466 0 
3 467 411 412 0 
3 413 468 469 0 
3 469 412 413 0 
3 413 414 470 0 
3 414 471 470 0 
3 414 415 472 0 
3 415 473 472 0 
3 473 415 416 0 
3 417 474 475 0 
3 475 416 417 0 
3 417 418 476 0 
3 418 477 476 0 
3 477 418 378 0 
3 378 419 477 0 
3 476 474 417 0 
3 475 478 416 0 
3 416 478 473 0 
3 472 471 414 0 
3 470 468 413 0 
3 469 479 412 0 
3 412 479 467 0 
3 466 464 410 0 
3 465 462 409 0 
3 463 480 408 0 
3 408 480 461 0 
3 460 458 406 0 
3 459 481 405 0 
3 405 481 457 0 
3 456 455 403 0 
3 454 452 402 0 
3 453 482 401 0 
3 401 482 451 0 
3 450 449 399 0 
3 448 446 398 0 
3 447 483 397 0 
3 397 483 445 0 
3 444 442 395 0 
3 443 440 394 0 
3 441 484 393 0 
3 393 484 439 0 
3 438 436 391 0 
3 437 485 390 0 
3 390 485 435 0 
3 434 433 388 0 
3 432 430 387 0 
3 431 486 386 0 
3 386 486 429 0 
3 428 426 384 0 
3 427 424 383 0 
3 425 487 382 0 
3 382 487 423 0 
3 422 420 380 0 
3 421 488 379 0 
3 379 488 419 0 
3 337 378 418 0 
3 377 418 417 0 
3 376 417 416 0 
3 375 416 415 0 
3 374 415 414 0 
3 373 414 413 0 
3 372 413 412 0 
3 371 412 411 0 
3 370 411 410 0 
3 369 410 409 0 
3 368 409 408 0 
3 367 408 407 0 
3 366 407 406 0 
3 365 406 405 0 
3 364 405 404 0 
3 363 404 403 0 
3 362 403 402 0 
3 361 402 401 0 
3 360 401 400 0 
3 359 400 399 0 
3 358 399 398 0 
3 357 398 397 0 
3 356 397 396 0 
3 355 396 395 0 
3 354 395 394 0 
3 353 394 393 0 
3 352 393 392 0 
3 351 392 391 0 
3 350 391 390 0 
3 349 390 389 0 
3 348 389 388 0 
3 347 388 387 0 
3 346 387 386 0 
3 345 386 385 0 
3 344 385 384 0 
3 343 384 383 0 
3 342 383 382 0 
3 341 382 381 0 
3 340 381 380 0 
3 339 380 379 0 
3 338 379 378 0 
3 296 337 377 0 
3 336 377 376 0 
3 335 376 375 0 
3 334 375 374 0 
3 333 374 373 0 
3 332 373 372 0 
3 331 372 371 0 
3 330 371 370 0 
3 329 370 369 0 
3 328 369 368 0 
3 327 368 367 0 
3 326 367 366 0 
3 325 366 365 0 
3 324 365 364 0 
3 323 364 363 0 
3 322 363 362 0 
3 321 362 361 0 
3 320 361 360 0 
3 319 360 359 0 
3 318 359 358 0 
3 317 358 357 0 
3 316 357 356 0 
3 315 356 355 0 
3 314 355 354 0 
3 313 354 353 0 
3 312 353 352 0 
3 311 352 351 0 
3 310 351 350 0 
3 309 350 349 0 
3 308 349 348 0 
3 307 348 347 0 
3 306 347 346 0 
3 305 346 345 0 
3 304 345 344 0 
3 303 344 343 0 
3 302 343 342 0 
3 301 342 341 0 
3 300 341 340 0 
3 299 340 339 0 
3 298 339 338 0 
3 297 338 337 0 
3 255 296 336 0 
3 295 336 335 0 
3 294 335 334 0 
3 293 334 333 0 
3 292 333 332 0 
3 291 332 331 0 
3 290 331 330 0 
3 289 330 329 0 
3 288 329 328 0 
3 287 328 327 0 
3 286 327 326 0 
3 285 326 325 0 
3 284 325 324 0 
3 283 324 323 0 
3 282 323 322 0 
3 281 322 321 0 
3 280 321 320 0 
3 279 320 319 0 
3 278 319 318 0 
3 277 318 317 0 
3 276 317 316 0 
3 275 316 315 0 
3 274 315 314 0 
3 273 314 313 0 
3 272 313 312 0 
3 271 312 311 0 
3 270 311 310 0 
3 269 310 309 0 
3 268 309 308 0 
3 267 308 307 0 
3 266 307 306 0 
3 265 306 305 0 
3 264 305 304 0 
3 263 304 303 0 
3 262 303 302 0 
3 261 302 301 0 
3 260 301 300 0 
3 259 300 299 0 
3 258 299 298 0 
3 257 298 297 0 
3 256 297 296 0 
3 214 255 295 0 
3 254 295 294 0 
3 253 294 293 0 
3 252 293 292 0 
3 251 292 291 0 
3 250 291 290 0 
3 249 290 289 0 
3 248 289 288 0 
3 247 288 287 0 
3 246 287 286 0 
3 245 286 285 0 
3 244 285 284 0 
3 243 284 283 0 
3 242 283 282 0 
3 241 282 281 0 
3 240 281 280 0 
3 239 280 279 0 
3 238 279 278 0 
3 237 278 277 0 
3 236 277 276 0 
3 235 276 275 0 
3 234 275 274 0 
3 233 274 273 0 
3 232 273 272 0 
3 231 272 271 0 
3 230 271 270 0 
3 229 270 269 0 
3 228 269 268 0 
3 227 268 267 0 
3 226 267 266 0 
3 225 266 265 0 
3 224 265 264 0 
3 223 264 263 0 
3 222 263 262 0 
3 221 262 261 0 
3 220 261 260 0 
3 219 260 259 0 
3 218 259 258 0 
3 217 258 257 0 
3 216 257 256 0 
3 215 256 255 0 
3 173 214 254 0 
3 213 254 253 0 
3 212 253 252 0 
3 211 252 251 0 
3 210 251 250 0 
3 209 250 249 0 
3 208 249 248 0 
3 207 248 247 0 
3 206 247 246 0 
3 205 246 245 0 
3 204 245 244 0 
3 203 244 243 0 
3 202 243 242 0 
3 201 242 241 0 
3 200 241 240 0 
3 199 240 239 0 
3 198 239 238 0 
3 197 238 237 0 
3 196 237 236 0 
3 195 236 235 0 
3 194 235 234 0 
3 193 234 233 0 
3 192 233 232 0 
3 191 232 231 0 
3 190 231 230 0 
3 189 230 229 0 
3 188 229 228 0 
3 187 228 227 0 
3 186 227 226 0 
3 185 226 225 0 
3 184 225 224 0 
3 183 224 223 0 
3 182 223 222 0 
3 181 222 221 0 
3 180 221 220 0 
3 179 220 219 0 
3 178 219 218 0 
3 177 218 217 0 
3 176 217 216 0 
3 175 216 215 0 
3 174 215 214 0 
3 132 173 213 0 
3 172 213 212 0 
3 171 212 211 0 
3 170 211 210 0 
3 169 210 209 0 
3 168 209 208 0 
3 167 208 207 0 
3 166 207 206 0 
3 165 206 205 0 
3 164 205 204 0 
3 163 204 203 0 
3 162 203 202 0 
3 161 202 201 0 
3 160 201 200 0 
3 159 200 199 0 
3 158 199 198 0 
3 157 198 197 0 
3 156 197 196 0 
3 155 196 195 0 
3 154 195 194 0 
3 153 194 193 0 
3 152 193 192 0 
3 151 192 191 0 
3 150 191 190 0 
3 149 190 189 0 
3 148 189 188 0 
3 147 188 187 0 
3 146 187 186 0 
3 145 186 185 0 
3 144 185 184 0 
3 143 184 183 0 
3 142 183 182 0 
3 141 182 181 0 
3 140 181 180 0 
3 139 180 179 0 
3 138 179 178 0 
3 137 178 177 0 
3 136 177 176 0 
3 135 176 175 0 
3 134 175 174 0 
3 133 174 173 0 
3 127 132 172 0 
3 128 172 171 0 
3 119 171 170 0 
3 120 170 169 0 
3 129 169 168 0 
3 121 168 167 0 
3 114 167 166 0 
3 115 166 165 0 
3 116 165 164 0 
3 106 164 163 0 
3 122 163 162 0 
3 123 162 161 0 
3 107 161 160 0 
3 99 160 159 0 
3 108 159 158 0 
3 109 158 157 0 
3 117 157 156 0 
3 110 156 155 0 
3 111 155 154 0 
3 130 154 153 0 
3 131 153 152 0 
3 124 152 151 0 
3 125 151 150 0 
3 100 150 149 0 
3 93 149 148 0 
3 94 148 147 0 
3 95 147 146 0 
3 96 146 145 0 
3 91 145 144 0 
3 92 144 143 0 
3 97 143 142 0 
3 112 142 141 0 
3 101 141 140 0 
3 102 140 139 0 
3 103 139 138 0 
3 98 138 137 0 
3 104 137 136 0 
3 105 136 135 0 
3 113 135 134 0 
3 118 134 133 0 
3 126 133 132 0 
3 446 489 490 0 
3 491 489 446 0 
3 446 448 491 0 
3 444 445 492 0 
3 493 492 445 0 
3 445 483 493 0 
3 493 483 447 0 
3 447 490 493 0 
3 443 442 494 0 
3 495 494 442 0 
3 442 444 495 0 
3 441 440 496 0 
3 497 496 440 0 
3 440 443 497 0 
3 439 498 499 0 
3 500 498 439 0 
3 439 484 500 0 
3 501 500 484 0 
3 484 441 501 0 
3 436 502 503 0 
3 502 436 438 0 
3 438 499 502 0 
3 504 505 434 0 
3 506 504 435 0 
3 435 485 506 0 
3 506 485 437 0 
3 437 503 506 0 
3 433 507 508 0 
3 433 434 505 0 
3 505 507 433 0 
3 431 430 509 0 
3 509 430 432 0 
3 432 508 509 0 
3 428 429 510 0 
3 511 510 429 0 
3 429 486 511 0 
3 512 511 486 0 
3 486 431 512 0 
3 427 426 513 0 
3 514 513 426 0 
3 426 428 514 0 
3 425 424 515 0 
3 516 515 424 0 
3 424 427 516 0 
3 422 423 517 0 
3 518 517 423 0 
3 423 487 518 0 
3 519 518 487 0 
3 487 425 519 0 
3 421 420 520 0 
3 521 520 420 0 
3 420 422 521 0 
3 419 488 522 0 
3 523 522 488 0 
3 488 421 523 0 
3 476 477 524 0 
3 525 524 477 0 
3 477 419 525 0 
3 526 527 475 0 
3 528 526 474 0 
3 474 476 528 0 
3 472 473 529 0 
3 530 529 473 0 
3 473 478 530 0 
3 478 475 527 0 
3 527 530 478 0 
3 470 471 531 0 
3 532 531 471 0 
3 471 472 532 0 
3 469 468 533 0 
3 534 533 468 0 
3 468 470 534 0 
3 466 467 535 0 
3 536 535 467 0 
3 467 479 536 0 
3 537 536 479 0 
3 479 469 537 0 
3 464 538 539 0 
3 540 538 464 0 
3 464 466 540 0 
3 462 541 542 0 
3 541 462 465 0 
3 465 539 541 0 
3 543 544 460 0 
3 545 543 461 0 
3 461 480 545 0 
3 545 480 463 0 
3 463 542 545 0 
3 459 458 546 0 
3 458 460 544 0 
3 544 546 458 0 
3 456 457 547 0 
3 548 547 457 0 
3 457 481 548 0 
3 549 548 481 0 
3 481 459 549 0 
3 455 550 551 0 
3 552 550 455 0 
3 455 456 552 0 
3 553 554 453 0 
3 553 452 454 0 
3 454 551 553 0 
3 555 556 450 0 
3 557 555 451 0 
3 451 482 557 0 
3 482 453 554 0 
3 554 557 482 0 
3 448 449 558 0 
3 449 450 556 0 
3 556 558 449 0 
3 558 491 448 0 
3 450 451 555 0 
3 453 452 553 0 
3 551 454 455 0 
3 547 552 456 0 
3 546 549 459 0 
3 460 461 543 0 
3 542 463 462 0 
3 539 465 464 0 
3 535 540 466 0 
3 533 537 469 0 
3 531 534 470 0 
3 529 532 472 0 
3 475 474 526 0 
3 524 528 476 0 
3 522 525 419 0 
3 520 523 421 0 
3 517 521 422 0 
3 515 519 425 0 
3 513 516 427 0 
3 510 514 428 0 
3 509 512 431 0 
3 508 432 433 0 
3 434 435 504 0 
3 503 437 436 0 
3 499 438 439 0 
3 496 501 441 0 
3 494 497 443 0 
3 492 495 444 0 
3 490 447 446 0 
3 559 525 522 0 
3 560 561 523 0 
3 561 522 523 0 
3 560 520 521 0 
3 521 562 560 0 
3 562 517 518 0 
3 563 564 519 0 
3 564 518 519 0 
3 565 563 516 0 
3 563 515 516 0 
3 565 513 514 0 
3 514 566 565 0 
3 566 510 511 0 
3 567 568 512 0 
3 568 511 512 0 
3 567 509 508 0 
3 508 569 567 0 
3 569 507 505 0 
3 505 570 569 0 
3 570 504 506 0 
3 571 572 503 0 
3 572 506 503 0 
3 571 502 499 0 
3 499 573 571 0 
3 573 498 500 0 
3 574 575 501 0 
3 575 500 501 0 
3 576 574 497 0 
3 574 496 497 0 
3 576 494 495 0 
3 495 577 576 0 
3 577 492 493 0 
3 578 579 490 0 
3 579 493 490 0 
3 578 489 491 0 
3 491 580 578 0 
3 580 558 556 0 
3 556 581 580 0 
3 581 555 557 0 
3 582 583 554 0 
3 583 557 554 0 
3 582 553 551 0 
3 551 584 582 0 
3 584 550 552 0 
3 552 585 584 0 
3 585 547 548 0 
3 586 587 549 0 
3 587 548 549 0 
3 586 546 544 0 
3 544 588 586 0 
3 588 543 545 0 
3 589 590 542 0 
3 590 545 542 0 
3 591 589 539 0 
3 589 541 539 0 
3 591 538 540 0 
3 540 592 591 0 
3 592 535 536 0 
3 593 594 537 0 
3 594 536 537 0 
3 593 533 534 0 
3 534 595 593 0 
3 595 531 532 0 
3 532 596 595 0 
3 596 529 530 0 
3 597 598 527 0 
3 598 530 527 0 
3 597 526 528 0 
3 528 599 597 0 
3 599 524 525 0 
3 600 559 561 0 
3 601 561 560 0 
3 602 560 562 0 
3 603 562 564 0 
3 604 564 563 0 
3 605 563 565 0 
3 606 565 566 0 
3 607 566 568 0 
3 608 568 567 0 
3 609 567 569 0 
3 610 569 570 0 
3 611 570 572 0 
3 612 572 571 0 
3 613 571 573 0 
3 614 573 575 0 
3 615 575 574 0 
3 616 574 576 0 
3 617 576 577 0 
3 618 577 579 0 
3 619 579 578 0 
3 620 578 580 0 
3 621 580 581 0 
3 622 581 583 0 
3 623 583 582 0 
3 624 582 584 0 
3 625 584 585 0 
3 626 585 587 0 
3 627 587 586 0 
3 628 586 588 0 
3 629 588 590 0 
3 630 590 589 0 
3 631 589 591 0 
3 632 591 592 0 
3 633 592 594 0 
3 634 594 593 0 
3 635 593 595 0 
3 636 595 596 0 
3 637 596 598 0 
3 638 598 597 0 
3 639 597 599 0 
3 640 599 559 0 
3 641 600 601 0 
3 642 601 602 0 
3 643 602 603 0 
3 644 603 604 0 
3 645 604 605 0 
3 646 605 606 0 
3 647 606 607 0 
3 648 607 608 0 
3 649 608 609 0 
3 650 609 610 0 
3 651 610 611 0 
3 652 611 612 0 
3 653 612 613 0 
3 654 613 614 0 
3 655 614 615 0 
3 656 615 616 0 
3 657 616 617 0 
3 658 617 618 0 
3 659 618 619 0 
3 660 619 620 0 
3 661 620 621 0 
3 662 621 622 0 
3 663 622 623 0 
3 664 623 624 0 
3 665 624 625 0 
3 666 625 626 0 
3 667 626 627 0 
3 668 627 628 0 
3 669 628 629 0 
3 670 629 630 0 
3 671 630 631 0 
3 672 631 632 0 
3 673 632 633 0 
3 674 633 634 0 
3 675 634 635 0 
3 676 635 636 0 
3 677 636 637 0 
3 678 637 638 0 
3 679 638 639 0 
3 680 639 640 0 
3 681 640 600 0 
3 682 641 642 0 
3 683 642 643 0 
3 684 643 644 0 
3 685 644 645 0 
3 686 645 646 0 
3 687 646 647 0 
3 688 647 648 0 
3 689 648 649 0 
3 690 649 650 0 
3 691 650 651 0 
3 692 651 652 0 
3 693 652 653 0 
3 694 653 654 0 
3 695 654 655 0 
3 696 655 656 0 
3 697 656 657 0 
3 698 657 658 0 
3 699 658 659 0 
3 700 659 660 0 
3 701 660 661 0 
3 702 661 662 0 
3 703 662 663 0 
3 704 663 664 0 
3 705 664 665 0 
3 706 665 666 0 
3 707 666 667 0 
3 708 667 668 0 
3 709 668 669 0 
3 710 669 670 0 
3 711 670 671 0 
3 712 671 672 0 
3 713 672 673 0 
3 714 673 674 0 
3 715 674 675 0 
3 716 675 676 0 
3 717 676 677 0 
3 718 677 678 0 
3 719 678 679 0 
3 720 679 680 0 
3 721 680 681 0 
3 722 681 641 0 
3 723 682 683 0 
3 724 683 684 0 
3 725 684 685 0 
3 726 685 686 0 
3 727 686 687 0 
3 728 687 688 0 
3 729 688 689 0 
3 730 689 690 0 
3 731 690 691 0 
3 732 691 692 0 
3 733 692 693 0 
3 734 693 694 0 
3 735 694 695 0 
3 736 695 696 0 
3 737 696 697 0 
3 738 697 698 0 
3 739 698 699 0 
3 740 699 700 0 
3 741 700 701 0 
3 742 701 702 0 
3 743 702 703 0 
3 744 703 704 0 
3 745 704 705 0 
3 746 705 706 0 
3 747 706 707 0 
3 748 707 708 0 
3 749 708 709 0 
3 750 709 710 0 
3 751 710 711 0 
3 752 711 712 0 
3 753 712 713 0 
3 754 713 714 0 
3 755 714 715 0 
3 756 715 716 0 
3 757 716 717 0 
3 758 717 718 0 
3 759 718 719 0 
3 760 719 720 0 
3 761 720 721 0 
3 762 721 722 0 
3 763 722 682 0 
3 764 723 724 0 
3 765 724 725 0 
3 766 725 726 0 
3 767 726 727 0 
3 768 727 728 0 
3 769 728 729 0 
3 770 729 730 0 
3 771 730 731 0 
3 772 731 732 0 
3 773 732 733 0 
3 774 733 734 0 
3 775 734 735 0 
3 776 735 736 0 
3 777 736 737 0 
3 778 737 738 0 
3 779 738 739 0 
3 780 739 740 0 
3 781 740 741 0 
3 782 741 742 0 
3 783 742 743 0 
3 784 743 744 0 
3 785 744 745 0 
3 786 745 746 0 
3 787 746 747 0 
3 788 747 748 0 
3 789 748 749 0 
3 790 749 750 0 
3 791 750 751 0 
3 792 751 752 0 
3 793 752 753 0 
3 794 753 754 0 
3 795 754 755 0 
3 796 755 756 0 
3 797 756 757 0 
3 798 757 758 0 
3 799 758 759 0 
3 800 759 760 0 
3 801 760 761 0 
3 802 761 762 0 
3 803 762 763 0 
3 804 763 723 0 
3 805 764 765 0 
3 806 765 766 0 
3 807 766 767 0 
3 808 767 768 0 
3 809 768 769 0 
3 810 769 770 0 
3 811 770 771 0 
3 812 771 772 0 
3 813 772 773 0 
3 814 773 774 0 
3 815 774 775 0 
3 816 775 776 0 
3 817 776 777 0 
3 818 777 778 0 
3 819 778 779 0 
3 820 779 780 0 
3 821 780 781 0 
3 822 781 782 0 
3 823 782 783 0 
3 824 783 784 0 
3 825 784 785 0 
3 826 785 786 0 
3 827 786 787 0 
3 828 787 788 0 
3 829 788 789 0 
3 830 789 790 0 
3 831 790 791 0 
3 832 791 792 0 
3 833 792 793 0 
3 834 793 794 0 
3 835 794 795 0 
3 836 795 796 0 
3 837 796 797 0 
3 838 797 798 0 
3 839 798 799 0 
3 840 799 800 0 
3 841 800 801 0 
3 842 801 802 0 
3 843 802 803 0 
3 844 803 804 0 
3 845 804 764 0 
3 846 805 806 0 
3 847 806 807 0 
3 848 807 808 0 
3 849 808 809 0 
3 850 809 810 0 
3 851 810 811 0 
3 852 811 812 0 
3 853 812 813 0 
3 854 813 814 0 
3 855 814 815 0 
3 856 815 816 0 
3 857 816 817 0 
3 858 817 818 0 
3 859 818 819 0 
3 860 819 820 0 
3 861 820 821 0 
3 862 821 822 0 
3 863 822 823 0 
3 864 823 824 0 
3 865 824 825 0 
3 866 825 826 0 
3 867 826 827 0 
3 868 827 828 0 
3 869 828 829 0 
3 870 829 830 0 
3 871 830 831 0 
3 872 831 832 0 
3 873 832 833 0 
3 874 833 834 0 
3 875 834 835 0 
3 876 835 836 0 
3 877 836 837 0 
3 878 837 838 0 
3 879 838 839 0 
3 880 839 840 0 
3 881 840 841 0 
3 882 841 842 0 
3 883 842 843 0 
3 884 843 844 0 
3 885 844 845 0 
3 886 845 805 0 
3 805 846 886 0 
3 845 886 885 0 
3 844 885 884 0 
3 843 884 883 0 
3 842 883 882 0 
3 841 882 881 0 
3 840 881 880 0 
3 839 880 879 0 
3 838 879 878 0 
3 837 878 877 0 
3 836 877 876 0 
3 835 876 875 0 
3 834 875 874 0 
3 833 874 873 0 
3 832 873 872 0 
3 831 872 871 0 
3 830 871 870 0 
3 829 870 869 0 
3 828 869 868 0 
3 827 868 867 0 
3 826 867 866 0 
3 825 866 865 0 
3 824 865 864 0 
3 823 864 863 0 
3 822 863 862 0 
3 821 862 861 0 
3 820 861 860 0 
3 819 860 859 0 
3 818 859 858 0 
3 817 858 857 0 
3 816 857 856 0 
3 815 856 855 0 
3 814 855 854 0 
3 813 854 853 0 
3 812 853 852 0 
3 811 852 851 0 
3 810 851 850 0 
3 809 850 849 0 
3 808 849 848 0 
3 807 848 847 0 
3 806 847 846 0 
3 764 805 845 0 
3 804 845 844 0 
3 803 844 843 0 
3 802 843 842 0 
3 801 842 841 0 
3 800 841 840 0 
3 799 840 839 0 
3 798 839 838 0 
3 797 838 837 0 
3 796 837 836 0 
3 795 836 835 0 
3 794 835 834 0 
3 793 834 833 0 
3 792 833 832 0 
3 791 832 831 0 
3 790 831 830 0 
3 789 830 829 0 
3 788 829 828 0 
3 787 828 827 0 
3 786 827 826 0 
3 785 826 825 0 
3 784 825 824 0 
3 783 824 823 0 
3 782 823 822 0 
3 781 822 821 0 
3 780 821 820 0 
3 779 820 819 0 
3 778 819 818 0 
3 777 818 817 0 
3 776 817 816 0 
3 775 816 815 0 
3 774 815 814 0 
3 773 814 813 0 
3 772 813 812 0 
3 771 812 811 0 
3 770 811 810 0 
3 769 810 809 0 
3 768 809 808 0 
3 767 808 807 0 
3 766 807 806 0 
3 765 806 805 0 
3 723 764 804 0 
3 763 804 803 0 
3 762 803 802 0 
3 761 802 801 0 
3 760 801 800 0 
3 759 800 799 0 
3 758 799 798 0 
3 757 798 797 0 
3 756 797 796 0 
3 755 796 795 0 
3 754 795 794 0 
3 753 794 793 0 
3 752 793 792 0 
3 751 792 791 0 
3 750 791 790 0 
3 749 790 789 0 
3 748 789 788 0 
3 747 788 787 0 
3 746 787 786 0 
3 745 786 785 0 
3 744 785 784 0 
3 743 784 783 0 
3 742 783 782 0 
3 741 782 781 0 
3 740 781 780 0 
3 739 780 779 0 
3 738 779 778 0 
3 737 778 777 0 
3 736 777 776 0 
3 735 776 775 0 
3 734 775 774 0 
3 733 774 773 0 
3 732 773 772 0 
3 731 772 771 0 
3 730 771 770 0 
3 729 770 769 0 
3 728 769 768 0 
3 727 768 767 0 
3 726 767 766 0 
3 725 766 765 0 
3 724 765 764 0 
3 682 723 763 0 
3 722 763 762 0 
3 721 762 761 0 
3 720 761 760 0 
3 719 760 759 0 
3 718 759 758 0 
3 717 758 757 0 
3 716 757 756 0 
3 715 756 755 0 
3 714 755 754 0 
3 713 754 753 0 
3 712 753 752 0 
3 711 752 751 0 
3 710 751 750 0 
3 709 750 749 0 
3 708 749 748 0 
3 707 748 747 0 
3 706 747 746 0 
3 705 746 745 0 
3 704 745 744 0 
3 703 744 743 0 
3 702 743 742 0 
3 701 742 741 0 
3 700 741 740 0 
3 699 740 739 0 
3 698 739 738 0 
3 697 738 737 0 
3 696 737 736 0 
3 695 736 735 0 
3 694 735 734 0 
3 693 734 733 0 
3 692 733 732 0 
3 691 732 731 0 
3 690 731 730 0 
3 689 730 729 0 
3 688 729 728 0 
3 687 728 727 0 
3 686 727 726 0 
3 685 726 725 0 
3 684 725 724 0 
3 683 724 723 0 
3 641 682 722 0 
3 681 722 721 0 
3 680 721 720 0 
3 679 720 719 0 
3 678 719 718 0 
3 677 718 717 0 
3 676 717 716 0 
3 675 716 715 0 
3 674 715 714 0 
3 673 714 713 0 
3 672 713 712 0 
3 671 712 711 0 
3 670 711 710 0 
3 669 710 709 0 
3 668 709 708 0 
3 667 708 707 0 
3 666 707 706 0 
3 665 706 705 0 
3 664 705 704 0 
3 663 704 703 0 
3 662 703 702 0 
3 661 702 701 0 
3 660 701 700 0 
3 659 700 699 0 
3 658 699 698 0 
3 657 698 697 0 
3 656 697 696 0 
3 655 696 695 0 
3 654 695 694 0 
3 653 694 693 0 
3 652 693 692 0 
3 651 692 691 0 
3 650 691 690 0 
3 649 690 689 0 
3 648 689 688 0 
3 647 688 687 0 
3 646 687 686 0 
3 645 686 685 0 
3 644 685 684 0 
3 643 684 683 0 
3 642 683 682 0 
3 600 641 681 0 
3 640 681 680 0 
3 639 680 679 0 
3 638 679 678 0 
3 637 678 677 0 
3 636 677 676 0 
3 635 676 675 0 
3 634 675 674 0 
3 633 674 673 0 
3 632 673 672 0 
3 631 672 671 0 
3 630 671 670 0 
3 629 670 669 0 
3 628 669 668 0 
3 627 668 667 0 
3 626 667 666 0 
3 625 666 665 0 
3 624 665 664 0 
3 623 664 663 0 
3 622 663 662 0 
3 621 662 661 0 
3 620 661 660 0 
3 619 660 659 0 
3 618 659 658 0 
3 617 658 657 0 
3 616 657 656 0 
3 615 656 655 0 
3 614 655 654 0 
3 613 654 653 0 
3 612 653 652 0 
3 611 652 651 0 
3 610 651 650 0 
3 609 650 649 0 
3 608 649 648 0 
3 607 648 647 0 
3 606 647 646 0 
3 605 646 645 0 
3 604 645 644 0 
3 603 644 643 0 
3 602 643 642 0 
3 601 642 641 0 
3 559 600 640 0 
3 599 640 639 0 
3 597 639 638 0 
3 598 638 637 0 
3 596 637 636 0 
3 595 636 635 0 
3 593 635 634 0 
3 594 634 633 0 
3 592 633 632 0 
3 591 632 631 0 
3 589 631 630 0 
3 590 630 629 0 
3 588 629 628 0 
3 586 628 627 0 
3 587 627 626 0 
3 585 626 625 0 
3 584 625 624 0 
3 582 624 623 0 
3 583 623 622 0 
3 581 622 621 0 
3 580 621 620 0 
3 578 620 619 0 
3 579 619 618 0 
3 577 618 617 0 
3 576 617 616 0 
3 574 616 615 0 
3 575 615 614 0 
3 573 614 613 0 
3 571 613 612 0 
3 572 612 611 0 
3 570 611 610 0 
3 569 610 609 0 
3 567 609 608 0 
3 568 608 607 0 
3 566 607 606 0 
3 565 606 605 0 
3 563 605 604 0 
3 564 604 603 0 
3 562 603 602 0 
3 560 602 601 0 
3 561 601 600 0 
3 525 559 599 0 
3 528 524 599 0 
3 527 526 597 0 
3 530 598 596 0 
3 532 529 596 0 
3 534 531 595 0 
3 537 533 593 0 
3 536 594 592 0 
3 540 535 592 0 
3 539 538 591 0 
3 542 541 589 0 
3 545 590 588 0 
3 544 543 588 0 
3 549 546 586 0 
3 548 587 585 0 
3 552 547 585 0 
3 551 550 584 0 
3 554 553 582 0 
3 557 583 581 0 
3 556 555 581 0 
3 491 558 580 0 
3 490 489 578 0 
3 493 579 577 0 
3 495 492 577 0 
3 497 494 576 0 
3 501 496 574 0 
3 500 575 573 0 
3 499 498 573 0 
3 503 502 571 0 
3 506 572 570 0 
3 505 504 570 0 
3 508 507 569 0 
3 512 509 567 0 
3 511 568 566 0 
3 514 510 566 0 
3 516 513 565 0 
3 519 515 563 0 
3 518 564 562 0 
3 521 517 562 0 
3 523 520 560 0 
3 522 561 559 0 
3 863 864 887 0 
3 856 857 888 0 
3 858 889 888 0 
3 859 890 889 0 
3 891 862 863 0 
3 864 865 892 0 
3 866 893 892 0 
3 870 894 895 0 
3 874 875 896 0 
3 888 857 858 0 
3 889 858 859 0 
3 860 861 897 0 
3 862 891 897 0 
3 892 887 864 0 
3 892 865 866 0 
3 869 895 898 0 
3 895 869 870 0 
3 899 873 874 0 
3 875 876 900 0 
3 881 901 902 0 
3 848 849 903 0 
3 859 860 890 0 
3 897 861 862 0 
3 866 867 893 0 
3 867 868 898 0 
3 870 871 894 0 
3 871 872 904 0 
3 873 899 904 0 
3 900 896 875 0 
3 878 879 905 0 
3 879 880 902 0 
3 902 880 881 0 
3 906 847 848 0 
3 849 850 907 0 
3 852 853 908 0 
3 897 890 860 0 
3 898 893 867 0 
3 904 894 871 0 
3 896 899 874 0 
3 877 909 900 0 
3 909 877 878 0 
3 881 882 901 0 
3 882 883 910 0 
3 885 911 912 0 
3 907 903 849 0 
3 851 913 907 0 
3 913 851 852 0 
3 854 914 908 0 
3 855 915 914 0 
3 887 891 863 0 
3 904 872 873 0 
3 905 909 878 0 
3 910 901 882 0 
3 884 912 910 0 
3 912 884 885 0 
3 847 906 916 0 
3 907 850 851 0 
3 908 853 854 0 
3 914 854 855 0 
3 898 868 869 0 
3 902 905 879 0 
3 885 886 911 0 
3 886 846 916 0 
3 903 906 848 0 
3 855 856 915 0 
3 900 876 877 0 
3 916 911 886 0 
3 908 913 852 0 
3 910 883 884 0 
3 888 915 856 0 
3 916 846 847 0 
3 893 917 918 0 
3 892 918 919 0 
3 887 919 920 0 
3 891 920 921 0 
3 897 921 922 0 
3 890 922 923 0 
3 889 923 924 0 
3 888 924 925 0 
3 915 925 926 0 
3 914 926 927 0 
3 908 927 928 0 
3 913 928 929 0 
3 907 929 930 0 
3 903 930 931 0 
3 906 931 932 0 
3 916 932 933 0 
3 911 933 934 0 
3 912 934 935 0 
3 910 935 936 0 
3 901 936 937 0 
3 902 937 938 0 
3 905 938 939 0 
3 909 939 940 0 
3 900 940 941 0 
3 896 941 942 0 
3 899 942 943 0 
3 904 943 944 0 
3 894 944 945 0 
3 895 945 946 0 
3 898 946 917 0 
3 917 893 898 0 
3 946 898 895 0 
3 945 895 894 0 
3 944 894 904 0 
3 943 904 899 0 
3 942 899 896 0 
3 941 896 900 0 
3 940 900 909 0 
3 939 909 905 0 
3 938 905 902 0 
3 937 902 901 0 
3 936 901 910 0 
3 935 910 912 0 
3 934 912 911 0 
3 933 911 916 0 
3 932 916 906 0 
3 931 906 903 0 
3 930 903 907 0 
3 929 907 913 0 
3 928 913 908 0 
3 927 908 914 0 
3 926 914 915 0 
3 925 915 888 0 
3 924 888 889 0 
3 923 889 890 0 
3 922 890 897 0 
3 921 897 891 0 
3 920 891 887 0 
3 919 887 892 0 
3 918 892 893 0 
3 947 926 925 0 
3 948 930 929 0 
3 925 949 947 0 
3 927 926 950 0 
3 929 951 948 0 
3 952 953 931 0 
3 932 931 953 0 
3 932 954 955 0 
3 941 940 956 0 
3 941 957 958 0 
3 959 943 942 0 
3 960 961 918 0 
3 950 962 927 0 
3 928 927 962 0 
3 928 963 951 0 
3 931 930 952 0 
3 955 933 932 0 
3 964 934 933 0 
3 965 966 935 0 
3 936 935 966 0 
3 936 967 968 0 
3 969 970 939 0 
3 958 942 941 0 
3 942 958 959 0 
3 917 971 960 0 
3 919 918 961 0 
3 972 973 922 0 
3 962 963 928 0 
3 948 952 930 0 
3 933 955 964 0 
3 934 964 965 0 
3 968 937 936 0 
3 937 968 974 0 
3 938 974 969 0 
3 940 939 970 0 
3 959 975 943 0 
3 975 976 944 0 
3 945 944 976 0 
3 945 977 978 0 
3 961 979 919 0 
3 919 979 980 0 
3 981 921 920 0 
3 921 981 972 0 
3 923 982 983 0 
3 924 983 949 0 
3 951 929 928 0 
3 935 934 965 0 
3 974 938 937 0 
3 970 956 940 0 
3 944 943 975 0 
3 978 946 945 0 
3 980 920 919 0 
3 922 921 972 0 
3 923 922 973 0 
3 949 925 924 0 
3 953 954 932 0 
3 939 938 969 0 
3 976 977 945 0 
3 971 917 946 0 
3 920 980 981 0 
3 983 924 923 0 
3 966 967 936 0 
3 946 978 971 0 
3 973 982 923 0 
3 956 957 941 0 
3 947 950 926 0 
3 918 917 960 0 
3 984 954 953 0 
3 985 953 952 0 
3 986 952 948 0 
3 987 948 951 0 
3 988 951 963 0 
3 989 963 962 0 
3 990 962 950 0 
3 991 950 947 0 
3 992 947 949 0 
3 993 949 983 0 
3 994 983 982 0 
3 995 982 973 0 
3 996 973 972 0 
3 997 972 981 0 
3 998 981 980 0 
3 999 980 979 0 
3 1000 979 961 0 
3 1001 961 960 0 
3 1002 960 971 0 
3 1003 971 978 0 
3 1004 978 977 0 
3 1005 977 976 0 
3 1006 976 975 0 
3 1007 975 959 0 
3 1008 959 958 0 
3 1009 958 957 0 
3 1010 957 956 0 
3 1011 956 970 0 
3 1012 970 969 0 
3 1013 969 974 0 
3 1014 974 968 0 
3 1015 968 967 0 
3 1016 967 966 0 
3 1017 966 965 0 
3 1018 965 964 0 
3 1019 964 955 0 
3 1020 955 954 0 
3 1021 984 985 0 
3 1022 985 986 0 
3 1023 986 987 0 
3 1024 987 988 0 
3 1025 988 989 0 
3 1026 989 990 0 
3 1027 990 991 0 
3 1028 991 992 0 
3 1029 992 993 0 
3 1030 993 994 0 
3 1031 994 995 0 
3 1032 995 996 0 
3 1033 996 997 0 
3 1034 997 998 0 
3 1035 998 999 0 
3 1036 999 1000 0 
3 1037 1000 1001 0 
3 1038 1001 1002 0 
3 1039 1002 1003 0 
3 1040 1003 1004 0 
3 1041 1004 1005 0 
3 1042 1005 1006 0 
3 1043 1006 1007 0 
3 1044 1007 1008 0 
3 1045 1008 1009 0 
3 1046 1009 1010 0 
3 1047 1010 1011 0 
3 1048 1011 1012 0 
3 1049 1012 1013 0 
3 1050 1013 1014 0 
3 1051 1014 1015 0 
3 1052 1015 1016 0 
3 1053 1016 1017 0 
3 1054 1017 1018 0 
3 1055 1018 1019 0 
3 1056 1019 1020 0 
3 1057 1020 984 0 
3 1058 1021 1022 0 
3 1059 1022 1023 0 
3 1060 1023 1024 0 
3 1061 1024 1025 0 
3 1062 1025 1026 0 
3 1063 1026 1027 0 
3 1064 1027 1028 0 
3 1065 1028 1029 0 
3 1066 1029 1030 0 
3 1067 1030 1031 0 
3 1068 1031 1032 0 
3 1069 1032 1033 0 
3 1070 1033 1034 0 
3 1071 1034 1035 0 
3 1072 1035 1036 0 
3 1073 1036 1037 0 
3 1074 1037 1038 0 
3 1075 1038 1039 0 
3 1076 1039 1040 0 
3 1077 1040 1041 0 
3 1078 1041 1042 0 
3 1079 1042 1043 0 
3 1080 1043 1044 0 
3 1081 1044 1045 0 
3 1082 1045 1046 0 
3 1083 1046 1047 0 
3 1084 1047 1048 0 
3 1085 1048 1049 0 
3 1086 1049 1050 0 
3 1087 1050 1051 0 
3 1088 1051 1052 0 
3 1089 1052 1053 0 
3 1090 1053 1054 0 
3 1091 1054 1055 0 
3 1092 1055 1056 0 
3 1093 1056 1057 0 
3 1094 1057 1021 0 
3 1095 1058 1059 0 
3 1096 1059 1060 0 
3 1097 1060 1061 0 
3 1098 1061 1062 0 
3 1099 1062 1063 0 
3 1100 1063 1064 0 
3 1101 1064 1065 0 
3 1102 1065 1066 0 
3 1103 1066 1067 0 
3 1104 1067 1068 0 
3 1105 1068 1069 0 
3 1106 1069 1070 0 
3 1107 1070 1071 0 
3 1108 1071 1072 0 
3 1109 1072 1073 0 
3 1110 1073 1074 0 
3 1111 1074 1075 0 
3 1112 1075 1076 0 
3 1113 1076 1077 0 
3 1114 1077 1078 0 
3 1115 1078 1079 0 
3 1116 1079 1080 0 
3 1117 1080 1081 0 
3 1118 1081 1082 0 
3 1119 1082 1083 0 
3 1120 1083 1084 0 
3 1121 1084 1085 0 
3 1122 1085 1086 0 
3 1123 1086 1087 0 
3 1124 1087 1088 0 
3 1125 1088 1089 0 
3 1126 1089 1090 0 
3 1127 1090 1091 0 
3 1128 1091 1092 0 
3 1129 1092 1093 0 
3 1130 1093 1094 0 
3 1131 1094 1058 0 
3 1132 1095 1096 0 
3 1133 1096 1097 0 
3 1134 1097 1098 0 
3 1135 1098 1099 0 
3 1136 1099 1100 0 
3 1137 1100 1101 0 
3 1138 1101 1102 0 
3 1139 1102 1103 0 
3 1140 1103 1104 0 
3 1141 1104 1105 0 
3 1142 1105 1106 0 
3 1143 1106 1107 0 
3 1144 1107 1108 0 
3 1145 1108 1109 0 
3 1146 1109 1110 0 
3 1147 1110 1111 0 
3 1148 1111 1112 0 
3 1149 1112 1113 0 
3 1150 1113 1114 0 
3 1151 1114 1115 0 
3 1152 1115 1116 0 
3 1153 1116 1117 0 
3 1154 1117 1118 0 
3 1155 1118 1119 0 
3 1156 1119 1120 0 
3 1157 1120 1121 0 
3 1158 1121 1122 0 
3 1159 1122 1123 0 
3 1160 1123 1124 0 
3 1161 1124 1125 0 
3 1162 1125 1126 0 
3 1163 1126 1127 0 
3 1164 1127 1128 0 
3 1165 1128 1129 0 
3 1166 1129 1130 0 
3 1167 1130 1131 0 
3 1168 1131 1095 0 
3 1169 1132 1133 0 
3 1170 1133 1134 0 
3 1171 1134 1135 0 
3 1172 1135 1136 0 
3 1173 1136 1137 0 
3 1174 1137 1138 0 
3 1175 1138 1139 0 
3 1176 1139 1140 0 
3 1177 1140 1141 0 
3 1178 1141 1142 0 
3 1179 1142 1143 0 
3 1180 1143 1144 0 
3 1181 1144 1145 0 
3 1182 1145 1146 0 
3 1183 1146 1147 0 
3 1184 1147 1148 0 
3 1185 1148 1149 0 
3 1186 1149 1150 0 
3 1187 1150 1151 0 
3 1188 1151 1152 0 
3 1189 1152 1153 0 
3 1190 1153 1154 0 
3 1191 1154 1155 0 
3 1192 1155 1156 0 
3 1193 1156 1157 0 
3 1194 1157 1158 0 
3 1195 1158 1159 0 
3 1196 1159 1160 0 
3 1197 1160 1161 0 
3 1198 1161 1162 0 
3 1199 1162 1163 0 
3 1200 1163 1164 0 
3 1201 1164 1165 0 
3 1202 1165 1166 0 
3 1203 1166 1167 0 
3 1204 1167 1168 0 
3 1205 1168 1132 0 
3 1206 1169 1170 0 
3 1207 1170 1171 0 
3 1208 1171 1172 0 
3 1209 1172 1173 0 
3 1210 1173 1174 0 
3 1211 1174 1175 0 
3 1212 1175 1176 0 
3 1213 1176 1177 0 
3 1214 1177 1178 0 
3 1215 1178 1179 0 
3 1216 1179 1180 0 
3 1217 1180 1181 0 
3 1218 1181 1182 0 
3 1219 1182 1183 0 
3 1220 1183 1184 0 
3 1221 1184 1185 0 
3 1222 1185 1186 0 
3 1223 1186 1187 0 
3 1224 1187 1188 0 
3 1225 1188 1189 0 
3 1226 1189 1190 0 
3 1227 1190 1191 0 
3 1228 1191 1192 0 
3 1229 1192 1193 0 
3 1230 1193 1194 0 
3 1231 1194 1195 0 
3 1232 1195 1196 0 
3 1233 1196 1197 0 
3 1234 1197 1198 0 
3 1235 1198 1199 0 
3 1236 1199 1200 0 
3 1237 1200 1201 0 
3 1238 1201 1202 0 
3 1239 1202 1203 0 
3 1240 1203 1204 0 
3 1241 1204 1205 0 
3 1242 1205 1169 0 
3 1243 1206 1207 0 
3 1208 1244 1245 0 
3 1245 1207 1208 0 
3 1209 1246 1247 0 
3 1247 1208 1209 0 
3 1209 1210 1248 0 
3 1210 1249 1248 0 
3 1210 1211 1250 0 
3 1211 1251 1250 0 
3 1251 1211 1212 0 
3 1213 1252 1253 0 
3 1253 1212 1213 0 
3 1214 1254 1255 0 
3 1255 1213 1214 0 
3 1214 1215 1256 0 
3 1215 1257 1256 0 
3 1215 1216 1258 0 
3 1216 1259 1258 0 
3 1259 1216 1217 0 
3 1218 1260 1261 0 
3 1261 1217 1218 0 
3 1219 1262 1263 0 
3 1263 1218 1219 0 
3 1219 1220 1264 0 
3 1220 1265 1264 0 
3 1220 1221 1266 0 
3 1221 1267 1266 0 
3 1267 1221 1222 0 
3 1223 1268 1269 0 
3 1269 1222 1223 0 
3 1224 1270 1271 0 
3 1271 1223 1224 0 
3 1224 1225 1272 0 
3 1225 1273 1272 0 
3 1225 1226 1274 0 
3 1226 1275 1274 0 
3 1226 1227 1276 0 
3 1227 1277 1276 0 
3 1277 1227 1228 0 
3 1229 1278 1279 0 
3 1279 1228 1229 0 
3 1230 1280 1281 0 
3 1281 1229 1230 0 
3 1230 1231 1282 0 
3 1231 1283 1282 0 
3 1231 1232 1284 0 
3 1232 1285 1284 0 
3 1285 1232 1233 0 
3 1234 1286 1287 0 
3 1287 1233 1234 0 
3 1235 1288 1289 0 
3 1289 1234 1235 0 
3 1235 1236 1290 0 
3 1236 1291 1290 0 
3 1236 1237 1292 0 
3 1237 1293 1292 0 
3 1293 1237 1238 0 
3 1239 1294 1295 0 
3 1295 1238 1239 0 
3 1240 1296 1297 0 
3 1297 1239 1240 0 
3 1240 1241 1298 0 
3 1241 1299 1298 0 
3 1241 1242 1300 0 
3 1242 1301 1300 0 
3 1301 1242 1206 0 
3 1206 1243 1301 0 
3 1300 1299 1241 0 
3 1298 1296 1240 0 
3 1297 1294 1239 0 
3 1295 1302 1238 0 
3 1238 1302 1293 0 
3 1292 1291 1236 0 
3 1290 1288 1235 0 
3 1289 1286 1234 0 
3 1287 1303 1233 0 
3 1233 1303 1285 0 
3 1284 1283 1231 0 
3 1282 1280 1230 0 
3 1281 1278 1229 0 
3 1279 1304 1228 0 
3 1228 1304 1277 0 
3 1276 1275 1226 0 
3 1274 1273 1225 0 
3 1272 1270 1224 0 
3 1271 1268 1223 0 
3 1269 1305 1222 0 
3 1222 1305 1267 0 
3 1266 1265 1220 0 
3 1264 1262 1219 0 
3 1263 1260 1218 0 
3 1261 1306 1217 0 
3 1217 1306 1259 0 
3 1258 1257 1215 0 
3 1256 1254 1214 0 
3 1255 1252 1213 0 
3 1253 1307 1212 0 
3 1212 1307 1251 0 
3 1250 1249 1210 0 
3 1248 1246 1209 0 
3 1247 1244 1208 0 
3 1245 1308 1207 0 
3 1207 1308 1243 0 
3 1169 1206 1242 0 
3 1205 1242 1241 0 
3 1204 1241 1240 0 
3 1203 1240 1239 0 
3 1202 1239 1238 0 
3 1201 1238 1237 0 
3 1200 1237 1236 0 
3 1199 1236 1235 0 
3 1198 1235 1234 0 
3 1197 1234 1233 0 
3 1196 1233 1232 0 
3 1195 1232 1231 0 
3 1194 1231 1230 0 
3 1193 1230 1229 0 
3 1192 1229 1228 0 
3 1191 1228 1227 0 
3 1190 1227 1226 0 
3 1189 1226 1225 0 
3 1188 1225 1224 0 
3 1187 1224 1223 0 
3 1186 1223 1222 0 
3 1185 1222 1221 0 
3 1184 1221 1220 0 
3 1183 1220 1219 0 
3 1182 1219 1218 0 
3 1181 1218 1217 0 
3 1180 1217 1216 0 
3 1179 1216 1215 0 
3 1178 1215 1214 0 
3 1177 1214 1213 0 
3 1176 1213 1212 0 
3 1175 1212 1211 0 
3 1174 1211 1210 0 
3 1173 1210 1209 0 
3 1172 1209 1208 0 
3 1171 1208 1207 0 
3 1170 1207 1206 0 
3 1132 1169 1205 0 
3 1168 1205 1204 0 
3 1167 1204 1203 0 
3 1166 1203 1202 0 
3 1165 1202 1201 0 
3 1164 1201 1200 0 
3 1163 1200 1199 0 
3 1162 1199 1198 0 
3 1161 1198 1197 0 
3 1160 1197 1196 0 
3 1159 1196 1195 0 
3 1158 1195 1194 0 
3 1157 1194 1193 0 
3 1156 1193 1192 0 
3 1155 1192 1191 0 
3 1154 1191 1190 0 
3 1153 1190 1189 0 
3 1152 1189 1188 0 
3 1151 1188 1187 0 
3 1150 1187 1186 0 
3 1149 1186 1185 0 
3 1148 1185 1184 0 
3 1147 1184 1183 0 
3 1146 1183 1182 0 
3 1145 1182 1181 0 
3 1144 1181 1180 0 
3 1143 1180 1179 0 
3 1142 1179 1178 0 
3 1141 1178 1177 0 
3 1140 1177 1176 0 
3 1139 1176 1175 0 
3 1138 1175 1174 0 
3 1137 1174 1173 0 
3 1136 1173 1172 0 
3 1135 1172 1171 0 
3 1134 1171 1170 0 
3 1133 1170 1169 0 
3 1095 1132 1168 0 
3 1131 1168 1167 0 
3 1130 1167 1166 0 
3 1129 1166 1165 0 
3 1128 1165 1164 0 
3 1127 1164 1163 0 
3 1126 1163 1162 0 
3 1125 1162 1161 0 
3 1124 1161 1160 0 
3 1123 1160 1159 0 
3 1122 1159 1158 0 
3 1121 1158 1157 0 
3 1120 1157 1156 0 
3 1119 1156 1155 0 
3 1118 1155 1154 0 
3 1117 1154 1153 0 
3 1116 1153 1152 0 
3 1115 1152 1151 0 
3 1114 1151 1150 0 
3 1113 1150 1149 0 
3 1112 1149 1148 0 
3 1111 1148 1147 0 
3 1110 1147 1146 0 
3 1109 1146 1145 0 
3 1108 1145 1144 0 
3 1107 1144 1143 0 
3 1106 1143 1142 0 
3 1105 1142 1141 0 
3 1104 1141 1140 0 
3 1103 1140 1139 0 
3 1102 1139 1138 0 
3 1101 1138 1137 0 
3 1100 1137 1136 0 
3 1099 1136 1135 0 
3 1098 1135 1134 0 
3 1097 1134 1133 0 
3 1096 1133 1132 0 
3 1058 1095 1131 0 
3 1094 1131 1130 0 
3 1093 1130 1129 0 
3 1092 1129 1128 0 
3 1091 1128 1127 0 
3 1090 1127 1126 0 
3 1089 1126 1125 0 
3 1088 1125 1124 0 
3 1087 1124 1123 0 
3 1086 1123 1122 0 
3 1085 1122 1121 0 
3 1084 1121 1120 0 
3 1083 1120 1119 0 
3 1082 1119 1118 0 
3 1081 1118 1117 0 
3 1080 1117 1116 0 
3 1079 1116 1115 0 
3 1078 1115 1114 0 
3 1077 1114 1113 0 
3 1076 1113 1112 0 
3 1075 1112 1111 0 
3 1074 1111 1110 0 
3 1073 1110 1109 0 
3 1072 1109 1108 0 
3 1071 1108 1107 0 
3 1070 1107 1106 0 
3 1069 1106 1105 0 
3 1068 1105 1104 0 
3 1067 1104 1103 0 
3 1066 1103 1102 0 
3 1065 1102 1101 0 
3 1064 1101 1100 0 
3 1063 1100 1099 0 
3 1062 1099 1098 0 
3 1061 1098 1097 0 
3 1060 1097 1096 0 
3 1059 1096 1095 0 
3 1021 1058 1094 0 
3 1057 1094 1093 0 
3 1056 1093 1092 0 
3 1055 1092 1091 0 
3 1054 1091 1090 0 
3 1053 1090 1089 0 
3 1052 1089 1088 0 
3 1051 1088 1087 0 
3 1050 1087 1086 0 
3 1049 1086 1085 0 
3 1048 1085 1084 0 
3 1047 1084 1083 0 
3 1046 1083 1082 0 
3 1045 1082 1081 0 
3 1044 1081 1080 0 
3 1043 1080 1079 0 
3 1042 1079 1078 0 
3 1041 1078 1077 0 
3 1040 1077 1076 0 
3 1039 1076 1075 0 
3 1038 1075 1074 0 
3 1037 1074 1073 0 
3 1036 1073 1072 0 
3 1035 1072 1071 0 
3 1034 1071 1070 0 
3 1033 1070 1069 0 
3 1032 1069 1068 0 
3 1031 1068 1067 0 
3 1030 1067 1066 0 
3 1029 1066 1065 0 
3 1028 1065 1064 0 
3 1027 1064 1063 0 
3 1026 1063 1062 0 
3 1025 1062 1061 0 
3 1024 1061 1060 0 
3 1023 1060 1059 0 
3 1022 1059 1058 0 
3 984 1021 1057 0 
3 1020 1057 1056 0 
3 1019 1056 1055 0 
3 1018 1055 1054 0 
3 1017 1054 1053 0 
3 1016 1053 1052 0 
3 1015 1052 1051 0 
3 1014 1051 1050 0 
3 1013 1050 1049 0 
3 1012 1049 1048 0 
3 1011 1048 1047 0 
3 1010 1047 1046 0 
3 1009 1046 1045 0 
3 1008 1045 1044 0 
3 1007 1044 1043 0 
3 1006 1043 1042 0 
3 1005 1042 1041 0 
3 1004 1041 1040 0 
3 1003 1040 1039 0 
3 1002 1039 1038 0 
3 1001 1038 1037 0 
3 1000 1037 1036 0 
3 999 1036 1035 0 
3 998 1035 1034 0 
3 997 1034 1033 0 
3 996 1033 1032 0 
3 995 1032 1031 0 
3 994 1031 1030 0 
3 993 1030 1029 0 
3 992 1029 1028 0 
3 991 1028 1027 0 
3 990 1027 1026 0 
3 989 1026 1025 0 
3 988 1025 1024 0 
3 987 1024 1023 0 
3 986 1023 1022 0 
3 985 1022 1021 0 
3 954 984 1020 0 
3 955 1020 1019 0 
3 964 1019 1018 0 
3 965 1018 1017 0 
3 966 1017 1016 0 
3 967 1016 1015 0 
3 968 1015 1014 0 
3 974 1014 1013 0 
3 969 1013 1012 0 
3 970 1012 1011 0 
3 956 1011 1010 0 
3 957 1010 1009 0 
3 958 1009 1008 0 
3 959 1008 1007 0 
3 975 1007 1006 0 
3 976 1006 1005 0 
3 977 1005 1004 0 
3 978 1004 1003 0 
3 971 1003 1002 0 
3 960 1002 1001 0 
3 961 1001 1000 0 
3 979 1000 999 0 
3 980 999 998 0 
3 981 998 997 0 
3 972 997 996 0 
3 973 996 995 0 
3 982 995 994 0 
3 983 994 993 0 
3 949 993 992 0 
3 947 992 991 0 
3 950 991 990 0 
3 962 990 989 0 
3 963 989 988 0 
3 951 988 987 0 
3 948 987 986 0 
3 952 986 985 0 
3 953 985 984 0 
3 1271 1270 1309 0 
3 1310 1309 1270 0 
3 1270 1272 1310 0 
3 1268 1311 1312 0 
3 1313 1311 1268 0 
3 1268 1271 1313 0 
3 1267 1314 1315 0 
3 1316 1314 1267 0 
3 1267 1305 1316 0 
3 1316 1305 1269 0 
3 1269 1312 1316 0 
3 1264 1265 1317 0 
3 1317 1265 1266 0 
3 1266 1315 1317 0 
3 1262 1318 1319 0 
3 1320 1318 1262 0 
3 1262 1264 1320 0 
3 1261 1260 1321 0 
3 1321 1260 1263 0 
3 1263 1319 1321 0 
3 1259 1322 1323 0 
3 1324 1322 1259 0 
3 1259 1306 1324 0 
3 1325 1324 1306 0 
3 1306 1261 1325 0 
3 1326 1327 1256 0 
3 1326 1257 1258 0 
3 1258 1323 1326 0 
3 1254 1328 1329 0 
3 1254 1256 1327 0 
3 1327 1328 1254 0 
3 1253 1252 1330 0 
3 1330 1252 1255 0 
3 1255 1329 1330 0 
3 1250 1251 1331 0 
3 1332 1331 1251 0 
3 1251 1307 1332 0 
3 1333 1332 1307 0 
3 1307 1253 1333 0 
3 1248 1249 1334 0 
3 1335 1334 1249 0 
3 1249 1250 1335 0 
3 1247 1246 1336 0 
3 1337 1336 1246 0 
3 1246 1248 1337 0 
3 1245 1244 1338 0 
3 1339 1338 1244 0 
3 1244 1247 1339 0 
3 1243 1308 1340 0 
3 1341 1340 1308 0 
3 1308 1245 1341 0 
3 1301 1342 1343 0 
3 1344 1342 1301 0 
3 1301 1243 1344 0 
3 1298 1299 1345 0 
3 1345 1299 1300 0 
3 1300 1343 1345 0 
3 1297 1296 1346 0 
3 1347 1346 1296 0 
3 1296 1298 1347 0 
3 1348 1349 1295 0 
3 1350 1348 1294 0 
3 1294 1297 1350 0 
3 1292 1293 1351 0 
3 1352 1351 1293 0 
3 1293 1302 1352 0 
3 1302 1295 1349 0 
3 1349 1352 1302 0 
3 1290 1291 1353 0 
3 1354 1353 1291 0 
3 1291 1292 1354 0 
3 1355 1356 1289 0 
3 1357 1355 1288 0 
3 1288 1290 1357 0 
3 1287 1286 1358 0 
3 1286 1289 1356 0 
3 1356 1358 1286 0 
3 1284 1285 1359 0 
3 1360 1359 1285 0 
3 1285 1303 1360 0 
3 1361 1360 1303 0 
3 1303 1287 1361 0 
3 1282 1283 1362 0 
3 1363 1362 1283 0 
3 1283 1284 1363 0 
3 1281 1280 1364 0 
3 1365 1364 1280 0 
3 1280 1282 1365 0 
3 1279 1278 1366 0 
3 1367 1366 1278 0 
3 1278 1281 1367 0 
3 1276 1277 1368 0 
3 1369 1368 1277 0 
3 1277 1304 1369 0 
3 1370 1369 1304 0 
3 1304 1279 1370 0 
3 1275 1371 1372 0 
3 1373 1371 1275 0 
3 1275 1276 1373 0 
3 1272 1273 1374 0 
3 1374 1273 1274 0 
3 1274 1372 1374 0 
3 1374 1310 1272 0 
3 1372 1274 1275 0 
3 1368 1373 1276 0 
3 1366 1370 1279 0 
3 1364 1367 1281 0 
3 1362 1365 1282 0 
3 1359 1363 1284 0 
3 1358 1361 1287 0 
3 1289 1288 1355 0 
3 1353 1357 1290 0 
3 1351 1354 1292 0 
3 1295 1294 1348 0 
3 1346 1350 1297 0 
3 1345 1347 1298 0 
3 1343 1300 1301 0 
3 1340 1344 1243 0 
3 1338 1341 1245 0 
3 1336 1339 1247 0 
3 1334 1337 1248 0 
3 1331 1335 1250 0 
3 1330 1333 1253 0 
3 1329 1255 1254 0 
3 1256 1257 1326 0 
3 1323 1258 1259 0 
3 1321 1325 1261 0 
3 1319 1263 1262 0 
3 1317 1320 1264 0 
3 1315 1266 1267 0 
3 1312 1269 1268 0 
3 1309 1313 1271 0 
3 1375 1344 1340 0 
3 1376 1377 1341 0 
3 1377 1340 1341 0 
3 1378 1376 1339 0 
3 1376 1338 1339 0 
3 1378 1336 1337 0 
3 1337 1379 1378 0 
3 1379 1334 1335 0 
3 1335 1380 1379 0 
3 1380 1331 1332 0 
3 1381 1382 1333 0 
3 1382 1332 1333 0 
3 1383 1381 1329 0 
3 1381 1330 1329 0 
3 1383 1328 1327 0 
3 1327 1384 1383 0 
3 1384 1326 1323 0 
3 1323 1385 1384 0 
3 1385 1322 1324 0 
3 1386 1387 1325 0 
3 1387 1324 1325 0 
3 1388 1386 1319 0 
3 1386 1321 1319 0 
3 1388 1318 1320 0 
3 1320 1389 1388 0 
3 1389 1317 1315 0 
3 1315 1390 1389 0 
3 1390 1314 1316 0 
3 1391 1392 1312 0 
3 1392 1316 1312 0 
3 1393 1391 1313 0 
3 1391 1311 1313 0 
3 1394 1393 1310 0 
3 1393 1309 1310 0 
3 1394 1374 1372 0 
3 1372 1395 1394 0 
3 1395 1371 1373 0 
3 1373 1396 1395 0 
3 1396 1368 1369 0 
3 1397 1398 1370 0 
3 1398 1369 1370 0 
3 1399 1397 1367 0 
3 1397 1366 1367 0 
3 1399 1364 1365 0 
3 1365 1400 1399 0 
3 1400 1362 1363 0 
3 1363 1401 1400 0 
3 1401 1359 1360 0 
3 1402 1403 1361 0 
3 1403 1360 1361 0 
3 1404 1402 1356 0 
3 1402 1358 1356 0 
3 1404 1355 1357 0 
3 1357 1405 1404 0 
3 1405 1353 1354 0 
3 1354 1406 1405 0 
3 1406 1351 1352 0 
3 1407 1408 1349 0 
3 1408 1352 1349 0 
3 1409 1407 1350 0 
3 1407 1348 1350 0 
3 1409 1346 1347 0 
3 1347 1410 1409 0 
3 1410 1345 1343 0 
3 1343 1411 1410 0 
3 1411 1342 1344 0 
3 1412 1375 1377 0 
3 1413 1377 1376 0 
3 1414 1376 1378 0 
3 1415 1378 1379 0 
3 1416 1379 1380 0 
3 1417 1380 1382 0 
3 1418 1382 1381 0 
3 1419 1381 1383 0 
3 1420 1383 1384 0 
3 1421 1384 1385 0 
3 1422 1385 1387 0 
3 1423 1387 1386 0 
3 1424 1386 1388 0 
3 1425 1388 1389 0 
3 1426 1389 1390 0 
3 1427 1390 1392 0 
3 1428 1392 1391 0 
3 1429 1391 1393 0 
3 1430 1393 1394 0 
3 1431 1394 1395 0 
3 1432 1395 1396 0 
3 1433 1396 1398 0 
3 1434 1398 1397 0 
3 1435 1397 1399 0 
3 1436 1399 1400 0 
3 1437 1400 1401 0 
3 1438 1401 1403 0 
3 1439 1403 1402 0 
3 1440 1402 1404 0 
3 1441 1404 1405 0 
3 1442 1405 1406 0 
3 1443 1406 1408 0 
3 1444 1408 1407 0 
3 1445 1407 1409 0 
3 1446 1409 1410 0 
3 1447 1410 1411 0 
3 1448 1411 1375 0 
3 1449 1412 1413 0 
3 1450 1413 1414 0 
3 1451 1414 1415 0 
3 1452 1415 1416 0 
3 1453 1416 1417 0 
3 1454 1417 1418 0 
3 1455 1418 1419 0 
3 1456 1419 1420 0 
3 1457 1420 1421 0 
3 1458 1421 1422 0 
3 1459 1422 1423 0 
3 1460 1423 1424 0 
3 1461 1424 1425 0 
3 1462 1425 1426 0 
3 1463 1426 1427 0 
3 1464 1427 1428 0 
3 1465 1428 1429 0 
3 1466 1429 1430 0 
3 1467 1430 1431 0 
3 1468 1431 1432 0 
3 1469 1432 1433 0 
3 1470 1433 1434 0 
3 1471 1434 1435 0 
3 1472 1435 1436 0 
3 1473 1436 1437 0 
3 1474 1437 1438 0 
3 1475 1438 1439 0 
3 1476 1439 1440 0 
3 1477 1440 1441 0 
3 1478 1441 1442 0 
3 1479 1442 1443 0 
3 1480 1443 1444 0 
3 1481 1444 1445 0 
3 1482 1445 1446 0 
3 1483 1446 1447 0 
3 1484 1447 1448 0 
3 1485 1448 1412 0 
3 1486 1449 1450 0 
3 1487 1450 1451 0 
3 1488 1451 1452 0 
3 1489 1452 1453 0 
3 1490 1453 1454 0 
3 1491 1454 1455 0 
3 1492 1455 1456 0 
3 1493 1456 1457 0 
3 1494 1457 1458 0 
3 1495 1458 1459 0 
3 1496 1459 1460 0 
3 1497 1460 1461 0 
3 1498 1461 1462 0 
3 1499 1462 1463 0 
3 1500 1463 1464 0 
3 1501 1464 1465 0 
3 1502 1465 1466 0 
3 1503 1466 1467 0 
3 1504 1467 1468 0 
3 1505 1468 1469 0 
3 1506 1469 1470 0 
3 1507 1470 1471 0 
3 1508 1471 1472 0 
3 1509 1472 1473 0 
3 1510 1473 1474 0 
3 1511 1474 1475 0 
3 1512 1475 1476 0 
3 1513 1476 1477 0 
3 1514 1477 1478 0 
3 1515 1478 1479 0 
3 1516 1479 1480 0 
3 1517 1480 1481 0 
3 1518 1481 1482 0 
3 1519 1482 1483 0 
3 1520 1483 1484 0 
3 1521 1484 1485 0 
3 1522 1485 1449 0 
3 1523 1486 1487 0 
3 1524 1487 1488 0 
3 1525 1488 1489 0 
3 1526 1489 1490 0 
3 1527 1490 1491 0 
3 1528 1491 1492 0 
3 1529 1492 1493 0 
3 1530 1493 1494 0 
3 1531 1494 1495 0 
3 1532 1495 1496 0 
3 1533 1496 1497 0 
3 1534 1497 1498 0 
3 1535 1498 1499 0 
3 1536 1499 1500 0 
3 1537 1500 1501 0 
3 1538 1501 1502 0 
3 1539 1502 1503 0 
3 1540 1503 1504 0 
3 1541 1504 1505 0 
3 1542 1505 1506 0 
3 1543 1506 1507 0 
3 1544 1507 1508 0 
3 1545 1508 1509 0 
3 1546 1509 1510 0 
3 1547 1510 1511 0 
3 1548 1511 1512 0 
3 1549 1512 1513 0 
3 1550 1513 1514 0 
3 1551 1514 1515 0 
3 1552 1515 1516 0 
3 1553 1516 1517 0 
3 1554 1517 1518 0 
3 1555 1518 1519 0 
3 1556 1519 1520 0 
3 1557 1520 1521 0 
3 1558 1521 1522 0 
3 1559 1522 1486 0 
3 1560 1523 1524 0 
3 1561 1524 1525 0 
3 1562 1525 1526 0 
3 1563 1526 1527 0 
3 1564 1527 1528 0 
3 1565 1528 1529 0 
3 1566 1529 1530 0 
3 1567 1530 1531 0 
3 1568 1531 1532 0 
3 1569 1532 1533 0 
3 1570 1533 1534 0 
3 1571 1534 1535 0 
3 1572 1535 1536 0 
3 1573 1536 1537 0 
3 1574 1537 1538 0 
3 1575 1538 1539 0 
3 1576 1539 1540 0 
3 1577 1540 1541 0 
3 1578 1541 1542 0 
3 1579 1542 1543 0 
3 1580 1543 1544 0 
3 1581 1544 1545 0 
3 1582 1545 1546 0 
3 1583 1546 1547 0 
3 1584 1547 1548 0 
3 1585 1548 1549 0 
3 1586 1549 1550 0 
3 1587 1550 1551 0 
3 1588 1551 1552 0 
3 1589 1552 1553 0 
3 1590 1553 1554 0 
3 1591 1554 1555 0 
3 1592 1555 1556 0 
3 1593 1556 1557 0 
3 1594 1557 1558 0 
3 1595 1558 1559 0 
3 1596 1559 1523 0 
3 1597 1560 1561 0 
3 1598 1561 1562 0 
3 1599 1562 1563 0 
3 1600 1563 1564 0 
3 1601 1564 1565 0 
3 1602 1565 1566 0 
3 1603 1566 1567 0 
3 1604 1567 1568 0 
3 1605 1568 1569 0 
3 1606 1569 1570 0 
3 1607 1570 1571 0 
3 1608 1571 1572 0 
3 1609 1572 1573 0 
3 1610 1573 1574 0 
3 1611 1574 1575 0 
3 1612 1575 1576 0 
3 1613 1576 1577 0 
3 1614 1577 1578 0 
3 1615 1578 1579 0 
3 1616 1579 1580 0 
3 1617 1580 1581 0 
3 1618 1581 1582 0 
3 1619 1582 1583 0 
3 1620 1583 1584 0 
3 1621 1584 1585 0 
3 1622 1585 1586 0 
3 1623 1586 1587 0 
3 1624 1587 1588 0 
3 1625 1588 1589 0 
3 1626 1589 1590 0 
3 1627 1590 1591 0 
3 1628 1591 1592 0 
3 1629 1592 1593 0 
3 1630 1593 1594 0 
3 1631 1594 1595 0 
3 1632 1595 1596 0 
3 1633 1596 1560 0 
3 1634 1597 1598 0 
3 1635 1598 1599 0 
3 1636 1599 1600 0 
3 1637 1600 1601 0 
3 1638 1601 1602 0 
3 1639 1602 1603 0 
3 1640 1603 1604 0 
3 1641 1604 1605 0 
3 1642 1605 1606 0 
3 1643 1606 1607 0 
3 1644 1607 1608 0 
3 1645 1608 1609 0 
3 1646 1609 1610 0 
3 1647 1610 1611 0 
3 1648 1611 1612 0 
3 1649 1612 1613 0 
3 1650 1613 1614 0 
3 1651 1614 1615 0 
3 1652 1615 1616 0 
3 1653 1616 1617 0 
3 1654 1617 1618 0 
3 1655 1618 1619 0 
3 1656 1619 1620 0 
3 1657 1620 1621 0 
3 1658 1621 1622 0 
3 1659 1622 1623 0 
3 1660 1623 1624 0 
3 1661 1624 1625 0 
3 1662 1625 1626 0 
3 1663 1626 1627 0 
3 1664 1627 1628 0 
3 1665 1628 1629 0 
3 1666 1629 1630 0 
3 1667 1630 1631 0 
3 1668 1631 1632 0 
3 1669 1632 1633 0 
3 1670 1633 1597 0 
3 1597 1634 1670 0 
3 1633 1670 1669 0 
3 1632 1669 1668 0 
3 1631 1668 1667 0 
3 1630 1667 1666 0 
3 1629 1666 1665 0 
3 1628 1665 1664 0 
3 1627 1664 1663 0 
3 1626 1663 1662 0 
3 1625 1662 1661 0 
3 1624 1661 1660 0 
3 1623 1660 1659 0 
3 1622 1659 1658 0 
3 1621 1658 1657 0 
3 1620 1657 1656 0 
3 1619 1656 1655 0 
3 1618 1655 1654 0 
3 1617 1654 1653 0 
3 1616 1653 1652 0 
3 1615 1652 1651 0 
3 1614 1651 1650 0 
3 1613 1650 1649 0 
3 1612 1649 1648 0 
3 1611 1648 1647 0 
3 1610 1647 1646 0 
3 1609 1646 1645 0 
3 1608 1645 1644 0 
3 1607 1644 1643 0 
3 1606 1643 1642 0 
3 1605 1642 1641 0 
3 1604 1641 1640 0 
3 1603 1640 1639 0 
3 1602 1639 1638 0 
3 1601 1638 1637 0 
3 1600 1637 1636 0 
3 1599 1636 1635 0 
3 1598 1635 1634 0 
3 1560 1597 1633 0 
3 1596 1633 1632 0 
3 1595 1632 1631 0 
3 1594 1631 1630 0 
3 1593 1630 1629 0 
3 1592 1629 1628 0 
3 1591 1628 1627 0 
3 1590 1627 1626 0 
3 1589 1626 1625 0 
3 1588 1625 1624 0 
3 1587 1624 1623 0 
3 1586 1623 1622 0 
3 1585 1622 1621 0 
3 1584 1621 1620 0 
3 1583 1620 1619 0 
3 1582 1619 1618 0 
3 1581 1618 1617 0 
3 1580 1617 1616 0 
3 1579 1616 1615 0 
3 1578 1615 1614 0 
3 1577 1614 1613 0 
3 1576 1613 1612 0 
3 1575 1612 1611 0 
3 1574 1611 1610 0 
3 1573 1610 1609 0 
3 1572 1609 1608 0 
3 1571 1608 1607 0 
3 1570 1607 1606 0 
3 1569 1606 1605 0 
3 1568 1605 1604 0 
3 1567 1604 1603 0 
3 1566 1603 1602 0 
3 1565 1602 1601 0 
3 1564 1601 1600 0 
3 1563 1600 1599 0 
3 1562 1599 1598 0 
3 1561 1598 1597 0 
3 1523 1560 1596 0 
3 1559 1596 1595 0 
3 1558 1595 1594 0 
3 1557 1594 1593 0 
3 1556 1593 1592 0 
3 1555 1592 1591 0 
3 1554 1591 1590 0 
3 1553 1590 1589 0 
3 1552 1589 1588 0 
3 1551 1588 1587 0 
3 1550 1587 1586 0 
3 1549 1586 1585 0 
3 1548 1585 1584 0 
3 1547 1584 1583 0 
3 1546 1583 1582 0 
3 1545 1582 1581 0 
3 1544 1581 1580 0 
3 1543 1580 1579 0 
3 1542 1579 1578 0 
3 1541 1578 1577 0 
3 1540 1577 1576 0 
3 1539 1576 1575 0 
3 1538 1575 1574 0 
3 1537 1574 1573 0 
3 1536 1573 1572 0 
3 1535 1572 1571 0 
3 1534 1571 1570 0 
3 1533 1570 1569 0 
3 1532 1569 1568 0 
3 1531 1568 1567 0 
3 1530 1567 1566 0 
3 1529 1566 1565 0 
3 1528 1565 1564 0 
3 1527 1564 1563 0 
3 1526 1563 1562 0 
3 1525 1562 1561 0 
3 1524 1561 1560 0 
3 1486 1523 1559 0 
3 1522 1559 1558 0 
3 1521 1558 1557 0 
3 1520 1557 1556 0 
3 1519 1556 1555 0 
3 1518 1555 1554 0 
3 1517 1554 1553 0 
3 1516 1553 1552 0 
3 1515 1552 1551 0 
3 1514 1551 1550 0 
3 1513 1550 1549 0 
3 1512 1549 1548 0 
3 1511 1548 1547 0 
3 1510 1547 1546 0 
3 1509 1546 1545 0 
3 1508 1545 1544 0 
3 1507 1544 1543 0 
3 1506 1543 1542 0 
3 1505 1542 1541 0 
3 1504 1541 1540 0 
3 1503 1540 1539 0 
3 1502 1539 1538 0 
3 1501 1538 1537 0 
3 1500 1537 1536 0 
3 1499 1536 1535 0 
3 1498 1535 1534 0 
3 1497 1534 1533 0 
3 1496 1533 1532 0 
3 1495 1532 1531 0 
3 1494 1531 1530 0 
3 1493 1530 1529 0 
3 1492 1529 1528 0 
3 1491 1528 1527 0 
3 1490 1527 1526 0 
3 1489 1526 1525 0 
3 1488 1525 1524 0 
3 1487 1524 1523 0 
3 1449 1486 1522 0 
3 1485 1522 1521 0 
3 1484 1521 1520 0 
3 1483 1520 1519 0 
3 1482 1519 1518 0 
3 1481 1518 1517 0 
3 1480 1517 1516 0 
3 1479 1516 1515 0 
3 1478 1515 1514 0 
3 1477 1514 1513 0 
3 1476 1513 1512 0 
3 1475 1512 1511 0 
3 1474 1511 1510 0 
3 1473 1510 1509 0 
3 1472 1509 1508 0 
3 1471 1508 1507 0 
3 1470 1507 1506 0 
3 1469 1506 1505 0 
3 1468 1505 1504 0 
3 1467 1504 1503 0 
3 1466 1503 1502 0 
3 1465 1502 1501 0 
3 1464 1501 1500 0 
3 1463 1500 1499 0 
3 1462 1499 1498 0 
3 1461 1498 1497 0 
3 1460 1497 1496 0 
3 1459 1496 1495 0 
3 1458 1495 1494 0 
3 1457 1494 1493 0 
3 1456 1493 1492 0 
3 1455 1492 1491 0 
3 1454 1491 1490 0 
3 1453 1490 1489 0 
3 1452 1489 1488 0 
3 1451 1488 1487 0 
3 1450 1487 1486 0 
3 1412 1449 1485 0 
3 1448 1485 1484 0 
3 1447 1484 1483 0 
3 1446 1483 1482 0 
3 1445 1482 1481 0 
3 1444 1481 1480 0 
3 1443 1480 1479 0 
3 1442 1479 1478 0 
3 1441 1478 1477 0 
3 1440 1477 1476 0 
3 1439 1476 1475 0 
3 1438 1475 1474 0 
3 1437 1474 1473 0 
3 1436 1473 1472 0 
3 1435 1472 1471 0 
3 1434 1471 1470 0 
3 1433 1470 1469 0 
3 1432 1469 1468 0 
3 1431 1468 1467 0 
3 1430 1467 1466 0 
3 1429 1466 1465 0 
3 1428 1465 1464 0 
3 1427 1464 1463 0 
3 1426 1463 1462 0 
3 1425 1462 1461 0 
3 1424 1461 1460 0 
3 1423 1460 1459 0 
3 1422 1459 1458 0 
3 1421 1458 1457 0 
3 1420 1457 1456 0 
3 1419 1456 1455 0 
3 1418 1455 1454 0 
3 1417 1454 1453 0 
3 1416 1453 1452 0 
3 1415 1452 1451 0 
3 1414 1451 1450 0 
3 1413 1450 1449 0 
3 1375 1412 1448 0 
3 1411 1448 1447 0 
3 1410 1447 1446 0 
3 1409 1446 1445 0 
3 1407 1445 1444 0 
3 1408 1444 1443 0 
3 1406 1443 1442 0 
3 1405 1442 1441 0 
3 1404 1441 1440 0 
3 1402 1440 1439 0 
3 1403 1439 1438 0 
3 1401 1438 1437 0 
3 1400 1437 1436 0 
3 1399 1436 1435 0 
3 1397 1435 1434 0 
3 1398 1434 1433 0 
3 1396 1433 1432 0 
3 1395 1432 1431 0 
3 1394 1431 1430 0 
3 1393 1430 1429 0 
3 1391 1429 1428 0 
3 1392 1428 1427 0 
3 1390 1427 1426 0 
3 1389 1426 1425 0 
3 1388 1425 1424 0 
3 1386 1424 1423 0 
3 1387 1423 1422 0 
3 1385 1422 1421 0 
3 1384 1421 1420 0 
3 1383 1420 1419 0 
3 1381 1419 1418 0 
3 1382 1418 1417 0 
3 1380 1417 1416 0 
3 1379 1416 1415 0 
3 1378 1415 1414 0 
3 1376 1414 1413 0 
3 1377 1413 1412 0 
3 1344 1375 1411 0 
3 1343 1342 1411 0 
3 1347 1345 1410 0 
3 1350 1346 1409 0 
3 1349 1348 1407 0 
3 1352 1408 1406 0 
3 1354 1351 1406 0 
3 1357 1353 1405 0 
3 1356 1355 1404 0 
3 1361 1358 1402 0 
3 1360 1403 1401 0 
3 1363 1359 1401 0 
3 1365 1362 1400 0 
3 1367 1364 1399 0 
3 1370 1366 1397 0 
3 1369 1398 1396 0 
3 1373 1368 1396 0 
3 1372 1371 1395 0 
3 1310 1374 1394 0 
3 1313 1309 1393 0 
3 1312 1311 1391 0 
3 1316 1392 1390 0 
3 1315 1314 1390 0 
3 1320 1317 1389 0 
3 1319 1318 1388 0 
3 1325 1321 1386 0 
3 1324 1387 1385 0 
3 1323 1322 1385 0 
3 1327 1326 1384 0 
3 1329 1328 1383 0 
3 1333 1330 1381 0 
3 1332 1382 1380 0 
3 1335 1331 1380 0 
3 1337 1334 1379 0 
3 1339 1336 1378 0 
3 1341 1338 1376 0 
3 1340 1377 1375 0 
3 1637 1638 1671 0 
3 1663 1672 1673 0 
3 1674 1675 1665 0 
3 1674 1666 1667 0 
3 1668 1676 1677 0 
3 1636 1678 1679 0 
3 1678 1636 1637 0 
3 1643 1644 1680 0 
3 1681 1680 1644 0 
3 1647 1682 1683 0 
3 1684 1685 1654 0 
3 1684 1655 1656 0 
3 1658 1659 1686 0 
3 1662 1673 1687 0 
3 1673 1662 1663 0 
3 1667 1677 1674 0 
3 1677 1667 1668 0 
3 1671 1678 1637 0 
3 1688 1671 1638 0 
3 1688 1639 1640 0 
3 1641 1689 1690 0 
3 1642 1643 1691 0 
3 1644 1645 1681 0 
3 1681 1645 1646 0 
3 1683 1646 1647 0 
3 1648 1649 1692 0 
3 1652 1693 1694 0 
3 1656 1695 1684 0 
3 1657 1696 1695 0 
3 1696 1657 1658 0 
3 1697 1686 1659 0 
3 1663 1664 1672 0 
3 1664 1665 1675 0 
3 1668 1669 1676 0 
3 1669 1670 1698 0 
3 1699 1634 1635 0 
3 1638 1639 1688 0 
3 1690 1640 1641 0 
3 1689 1641 1642 0 
3 1646 1683 1681 0 
3 1692 1682 1648 0 
3 1700 1692 1649 0 
3 1700 1650 1651 0 
3 1694 1651 1652 0 
3 1653 1654 1685 0 
3 1695 1656 1657 0 
3 1659 1660 1697 0 
3 1697 1660 1661 0 
3 1675 1672 1664 0 
3 1698 1676 1669 0 
3 1699 1698 1670 0 
3 1679 1635 1636 0 
3 1691 1689 1642 0 
3 1647 1648 1682 0 
3 1651 1694 1700 0 
3 1685 1693 1653 0 
3 1686 1696 1658 0 
3 1687 1661 1662 0 
3 1670 1634 1699 0 
3 1640 1690 1688 0 
3 1649 1650 1700 0 
3 1654 1655 1684 0 
3 1665 1666 1674 0 
3 1680 1691 1643 0 
3 1661 1687 1697 0 
3 1652 1653 1693 0 
3 1635 1679 1699 0 
3 1693 1701 1702 0 
3 1694 1702 1703 0 
3 1700 1703 1704 0 
3 1692 1704 1705 0 
3 1682 1705 1706 0 
3 1683 1706 1707 0 
3 1681 1707 1708 0 
3 1680 1708 1709 0 
3 1691 1709 1710 0 
3 1689 1710 1711 0 
3 1690 1711 1712 0 
3 1688 1712 1713 0 
3 1671 1713 1714 0 
3 1678 1714 1715 0 
3 1679 1715 1716 0 
3 1699 1716 1717 0 
3 1698 1717 1718 0 
3 1676 1718 1719 0 
3 1677 1719 1720 0 
3 1674 1720 1721 0 
3 1675 1721 1722 0 
3 1672 1722 1723 0 
3 1673 1723 1724 0 
3 1687 1724 1725 0 
3 1697 1725 1726 0 
3 1686 1726 1727 0 
3 1696 1727 1728 0 
3 1695 1728 1729 0 
3 1684 1729 1730 0 
3 1685 1730 1701 0 
3 1701 1693 1685 0 
3 1730 1685 1684 0 
3 1729 1684 1695 0 
3 1728 1695 1696 0 
3 1727 1696 1686 0 
3 1726 1686 1697 0 
3 1725 1697 1687 0 
3 1724 1687 1673 0 
3 1723 1673 1672 0 
3 1722 1672 1675 0 
3 1721 1675 1674 0 
3 1720 1674 1677 0 
3 1719 1677 1676 0 
3 1718 1676 1698 0 
3 1717 1698 1699 0 
3 1716 1699 1679 0 
3 1715 1679 1678 0 
3 1714 1678 1671 0 
3 1713 1671 1688 0 
3 1712 1688 1690 0 
3 1711 1690 1689 0 
3 1710 1689 1691 0 
3 1709 1691 1680 0 
3 1708 1680 1681 0 
3 1707 1681 1683 0 
3 1706 1683 1682 0 
3 1705 1682 1692 0 
3 1704 1692 1700 0 
3 1703 1700 1694 0 
3 1702 1694 1693 0 
3 1701 1731 1732 0 
3 1702 1732 1733 0 
3 1703 1733 1734 0 
3 1704 1734 1735 0 
3 1705 1735 1736 0 
3 1706 1736 1737 0 
3 1707 1737 1738 0 
3 1708 1738 1739 0 
3 1709 1739 1740 0 
3 1710 1740 1741 0 
3 1711 1741 1742 0 
3 1712 1742 1743 0 
3 1713 1743 1744 0 
3 1714 1744 1745 0 
3 1715 1745 1746 0 
3 1716 1746 1747 0 
3 1717 1747 1748 0 
3 1718 1748 1749 0 
3 1719 1749 1750 0 
3 1720 1750 1751 0 
3 1721 1751 1752 0 
3 1722 1752 1753 0 
3 1723 1753 1754 0 
3 1724 1754 1755 0 
3 1725 1755 1756 0 
3 1726 1756 1757 0 
3 1727 1757 1758 0 
3 1728 1758 1759 0 
3 1729 1759 1760 0 
3 1730 1760 1731 0 
3 1731 1701 1730 0 
3 1760 1730 1729 0 
3 1759 1729 1728 0 
3 1758 1728 1727 0 
3 1757 1727 1726 0 
3 1756 1726 1725 0 
3 1755 1725 1724 0 
3 1754 1724 1723 0 
3 1753 1723 1722 0 
3 1752 1722 1721 0 
3 1751 1721 1720 0 
3 1750 1720 1719 0 
3 1749 1719 1718 0 
3 1748 1718 1717 0 
3 1747 1717 1716 0 
3 1746 1716 1715 0 
3 1745 1715 1714 0 
3 1744 1714 1713 0 
3 1743 1713 1712 0 
3 1742 1712 1711 0 
3 1741 1711 1710 0 
3 1740 1710 1709 0 
3 1739 1709 1708 0 
3 1738 1708 1707 0 
3 1737 1707 1706 0 
3 1736 1706 1705 0 
3 1735 1705 1704 0 
3 1734 1704 1703 0 
3 1733 1703 1702 0 
3 1732 1702 1701 0 
3 1731 1761 1762 0 
3 1732 1762 1763 0 
3 1733 1763 1764 0 
3 1734 1764 1765 0 
3 1735 1765 1766 0 
3 1736 1766 1767 0 
3 1737 1767 1768 0 
3 1738 1768 1769 0 
3 1739 1769 1770 0 
3 1740 1770 1771 0 
3 1741 1771 1772 0 
3 1742 1772 1773 0 
3 1743 1773 1774 0 
3 1744 1774 1775 0 
3 1745 1775 1776 0 
3 1746 1776 1777 0 
3 1747 1777 1778 0 
3 1748 1778 1779 0 
3 1749 1779 1780 0 
3 1750 1780 1781 0 
3 1751 1781 1782 0 
3 1752 1782 1783 0 
3 1753 1783 1784 0 
3 1754 1784 1785 0 
3 1755 1785 1786 0 
3 1756 1786 1787 0 
3 1757 1787 1788 0 
3 1758 1788 1789 0 
3 1759 1789 1790 0 
3 1760 1790 1761 0 
3 1761 1731 1760 0 
3 1790 1760 1759 0 
3 1789 1759 1758 0 
3 1788 1758 1757 0 
3 1787 1757 1756 0 
3 1786 1756 1755 0 
3 1785 1755 1754 0 
3 1784 1754 1753 0 
3 1783 1753 1752 0 
3 1782 1752 1751 0 
3 1781 1751 1750 0 
3 1780 1750 1749 0 
3 1779 1749 1748 0 
3 1778 1748 1747 0 
3 1777 1747 1746 0 
3 1776 1746 1745 0 
3 1775 1745 1744 0 
3 1774 1744 1743 0 
3 1773 1743 1742 0 
3 1772 1742 1741 0 
3 1771 1741 1740 0 
3 1770 1740 1739 0 
3 1769 1739 1738 0 
3 1768 1738 1737 0 
3 1767 1737 1736 0 
3 1766 1736 1735 0 
3 1765 1735 1734 0 
3 1764 1734 1733 0 
3 1763 1733 1732 0 
3 1762 1732 1731 0 
3 1788 1787 1791 0 
3 1786 1792 1791 0 
3 1768 1793 1794 0 
3 1768 1767 1795 0 
3 1765 1796 1797 0 
3 1765 1764 1798 0 
3 1791 1787 1786 0 
3 1786 1785 1799 0 
3 1771 1800 1801 0 
3 1771 1770 1802 0 
3 1795 1793 1768 0 
3 1767 1766 1797 0 
3 1798 1796 1765 0 
3 1764 1763 1803 0 
3 1799 1792 1786 0 
3 1785 1784 1804 0 
3 1784 1783 1805 0 
3 1783 1782 1806 0 
3 1774 1807 1808 0 
3 1774 1773 1809 0 
3 1772 1801 1809 0 
3 1802 1800 1771 0 
3 1797 1795 1767 0 
3 1803 1798 1764 0 
3 1804 1799 1785 0 
3 1806 1805 1783 0 
3 1781 1810 1806 0 
3 1781 1780 1811 0 
3 1779 1812 1811 0 
3 1778 1813 1812 0 
3 1775 1808 1814 0 
3 1809 1807 1774 0 
3 1801 1772 1771 0 
3 1770 1769 1794 0 
3 1797 1766 1765 0 
3 1762 1815 1803 0 
3 1762 1761 1816 0 
3 1761 1790 1817 0 
3 1789 1818 1817 0 
3 1789 1788 1819 0 
3 1805 1804 1784 0 
3 1811 1810 1781 0 
3 1812 1779 1778 0 
3 1778 1777 1820 0 
3 1808 1775 1774 0 
3 1794 1802 1770 0 
3 1803 1763 1762 0 
3 1817 1816 1761 0 
3 1819 1818 1789 0 
3 1806 1782 1781 0 
3 1820 1813 1778 0 
3 1776 1814 1820 0 
3 1809 1773 1772 0 
3 1816 1815 1762 0 
3 1791 1819 1788 0 
3 1820 1777 1776 0 
3 1794 1769 1768 0 
3 1811 1780 1779 0 
3 1817 1790 1789 0 
3 1814 1776 1775 0 
3 1816 1821 1822 0 
3 1815 1822 1823 0 
3 1803 1823 1824 0 
3 1798 1824 1825 0 
3 1796 1825 1826 0 
3 1797 1826 1827 0 
3 1795 1827 1828 0 
3 1793 1828 1829 0 
3 1794 1829 1830 0 
3 1802 1830 1831 0 
3 1800 1831 1832 0 
3 1801 1832 1833 0 
3 1809 1833 1834 0 
3 1807 1834 1835 0 
3 1808 1835 1836 0 
3 1814 1836 1837 0 
3 1820 1837 1838 0 
3 1813 1838 1839 0 
3 1812 1839 1840 0 
3 1811 1840 1841 0 
3 1810 1841 1842 0 
3 1806 1842 1843 0 
3 1805 1843 1844 0 
3 1804 1844 1845 0 
3 1799 1845 1846 0 
3 1792 1846 1847 0 
3 1791 1847 1848 0 
3 1819 1848 1849 0 
3 1818 1849 1850 0 
3 1817 1850 1821 0 
3 1821 1816 1817 0 
3 1850 1817 1818 0 
3 1849 1818 1819 0 
3 1848 1819 1791 0 
3 1847 1791 1792 0 
3 1846 1792 1799 0 
3 1845 1799 1804 0 
3 1844 1804 1805 0 
3 1843 1805 1806 0 
3 1842 1806 1810 0 
3 1841 1810 1811 0 
3 1840 1811 1812 0 
3 1839 1812 1813 0 
3 1838 1813 1820 0 
3 1837 1820 1814 0 
3 1836 1814 1808 0 
3 1835 1808 1807 0 
3 1834 1807 1809 0 
3 1833 1809 1801 0 
3 1832 1801 1800 0 
3 1831 1800 1802 0 
3 1830 1802 1794 0 
3 1829 1794 1793 0 
3 1828 1793 1795 0 
3 1827 1795 1797 0 
3 1826 1797 1796 0 
3 1825 1796 1798 0 
3 1824 1798 1803 0 
3 1823 1803 1815 0 
3 1822 1815 1816 0 
3 1851 1824 1823 0 
3 1852 1825 1824 0 
3 1853 1831 1830 0 
3 1853 1854 1832 0 
3 1855 1822 1821 0 
3 1855 1856 1823 0 
3 1824 1851 1852 0 
3 1852 1857 1826 0 
3 1858 1828 1827 0 
3 1858 1859 1829 0 
3 1860 1830 1829 0 
3 1832 1831 1853 0 
3 1823 1822 1855 0 
3 1826 1825 1852 0 
3 1861 1827 1826 0 
3 1829 1828 1858 0 
3 1830 1860 1853 0 
3 1854 1862 1833 0 
3 1862 1863 1834 0 
3 1863 1864 1835 0 
3 1865 1866 1839 0 
3 1866 1867 1840 0 
3 1823 1856 1851 0 
3 1827 1861 1858 0 
3 1833 1832 1854 0 
3 1835 1834 1863 0 
3 1868 1836 1835 0 
3 1869 1837 1836 0 
3 1869 1865 1838 0 
3 1840 1839 1866 0 
3 1870 1841 1840 0 
3 1870 1871 1842 0 
3 1872 1843 1842 0 
3 1873 1844 1843 0 
3 1874 1845 1844 0 
3 1875 1846 1845 0 
3 1875 1876 1847 0 
3 1877 1848 1847 0 
3 1826 1857 1861 0 
3 1834 1833 1862 0 
3 1836 1868 1869 0 
3 1839 1838 1865 0 
3 1842 1841 1870 0 
3 1843 1872 1873 0 
3 1845 1874 1875 0 
3 1847 1876 1877 0 
3 1829 1859 1860 0 
3 1838 1837 1869 0 
3 1842 1871 1872 0 
3 1847 1846 1875 0 
3 1835 1864 1868 0 
3 1844 1873 1874 0 
3 1878 1849 1848 0 
3 1878 1879 1850 0 
3 1840 1867 1870 0 
3 1850 1849 1878 0 
3 1848 1877 1878 0 
3 1880 1821 1850 0 
3 1850 1879 1880 0 
3 1821 1880 1855 0 
3 1880 1881 1882 0 
3 1855 1882 1883 0 
3 1856 1883 1884 0 
3 1851 1884 1885 0 
3 1852 1885 1886 0 
3 1857 1886 1887 0 
3 1861 1887 1888 0 
3 1858 1888 1889 0 
3 1859 1889 1890 0 
3 1860 1890 1891 0 
3 1853 1891 1892 0 
3 1854 1892 1893 0 
3 1862 1893 1894 0 
3 1863 1894 1895 0 
3 1864 1895 1896 0 
3 1868 1896 1897 0 
3 1869 1897 1898 0 
3 1865 1898 1899 0 
3 1866 1899 1900 0 
3 1867 1900 1901 0 
3 1870 1901 1902 0 
3 1871 1902 1903 0 
3 1872 1903 1904 0 
3 1873 1904 1905 0 
3 1874 1905 1906 0 
3 1875 1906 1907 0 
3 1876 1907 1908 0 
3 1877 1908 1909 0 
3 1878 1909 1910 0 
3 1879 1910 1881 0 
3 1881 1880 1879 0 
3 1910 1879 1878 0 
3 1909 1878 1877 0 
3 1908 1877 1876 0 
3 1907 1876 1875 0 
3 1906 1875 1874 0 
3 1905 1874 1873 0 
3 1904 1873 1872 0 
3 1903 1872 1871 0 
3 1902 1871 1870 0 
3 1901 1870 1867 0 
3 1900 1867 1866 0 
3 1899 1866 1865 0 
3 1898 1865 1869 0 
3 1897 1869 1868 0 
3 1896 1868 1864 0 
3 1895 1864 1863 0 
3 1894 1863 1862 0 
3 1893 1862 1854 0 
3 1892 1854 1853 0 
3 1891 1853 1860 0 
3 1890 1860 1859 0 
3 1889 1859 1858 0 
3 1888 1858 1861 0 
3 1887 1861 1857 0 
3 1886 1857 1852 0 
3 1885 1852 1851 0 
3 1884 1851 1856 0 
3 1883 1856 1855 0 
3 1882 1855 1880 0 
3 1908 1907 1911 0 
3 1906 1912 1911 0 
3 1888 1913 1914 0 
3 1888 1887 1915 0 
3 1885 1916 1917 0 
3 1885 1884 1918 0 
3 1911 1907 1906 0 
3 1906 1905 1919 0 
3 1891 1920 1921 0 
3 1891 1890 1922 0 
3 1915 1913 1888 0 
3 1887 1886 1917 0 
3 1918 1916 1885 0 
3 1884 1883 1923 0 
3 1919 1912 1906 0 
3 1905 1904 1924 0 
3 1904 1903 1925 0 
3 1903 1902 1926 0 
3 1894 1927 1928 0 
3 1894 1893 1929 0 
3 1892 1921 1929 0 
3 1922 1920 1891 0 
3 1917 1915 1887 0 
3 1923 1918 1884 0 
3 1924 1919 1905 0 
3 1926 1925 1903 0 
3 1901 1930 1926 0 
3 1901 1900 1931 0 
3 1899 1932 1931 0 
3 1898 1933 1932 0 
3 1895 1928 1934 0 
3 1929 1927 1894 0 
3 1921 1892 1891 0 
3 1890 1889 1914 0 
3 1917 1886 1885 0 
3 1882 1935 1923 0 
3 1882 1881 1936 0 
3 1881 1910 1937 0 
3 1909 1938 1937 0 
3 1909 1908 1939 0 
3 1925 1924 1904 0 
3 1931 1930 1901 0 
3 1932 1899 1898 0 
3 1898 1897 1940 0 
3 1928 1895 1894 0 
3 1914 1922 1890 0 
3 1923 1883 1882 0 
3 1937 1936 1881 0 
3 1939 1938 1909 0 
3 1926 1902 1901 0 
3 1940 1933 1898 0 
3 1896 1934 1940 0 
3 1929 1893 1892 0 
3 1936 1935 1882 0 
3 1911 1939 1908 0 
3 1940 1897 1896 0 
3 1914 1889 1888 0 
3 1931 1900 1899 0 
3 1937 1910 1909 0 
3 1934 1896 1895 0 
3 1936 1941 1942 0 
3 1935 1942 1943 0 
3 1923 1943 1944 0 
3 1918 1944 1945 0 
3 1916 1945 1946 0 
3 1917 1946 1947 0 
3 1915 1947 1948 0 
3 1913 1948 1949 0 
3 1914 1949 1950 0 
3 1922 1950 1951 0 
3 1920 1951 1952 0 
3 1921 1952 1953 0 
3 1929 1953 1954 0 
3 1927 1954 1955 0 
3 1928 1955 1956 0 
3 1934 1956 1957 0 
3 1940 1957 1958 0 
3 1933 1958 1959 0 
3 1932 1959 1960 0 
3 1931 1960 1961 0 
3 1930 1961 1962 0 
3 1926 1962 1963 0 
3 1925 1963 1964 0 
3 1924 1964 1965 0 
3 1919 1965 1966 0 
3 1912 1966 1967 0 
3 1911 1967 1968 0 
3 1939 1968 1969 0 
3 1938 1969 1970 0 
3 1937 1970 1941 0 
3 1941 1936 1937 0 
3 1970 1937 1938 0 
3 1969 1938 1939 0 
3 1968 1939 1911 0 
3 1967 1911 1912 0 
3 1966 1912 1919 0 
3 1965 1919 1924 0 
3 1964 1924 1925 0 
3 1963 1925 1926 0 
3 1962 1926 1930 0 
3 1961 1930 1931 0 
3 1960 1931 1932 0 
3 1959 1932 1933 0 
3 1958 1933 1940 0 
3 1957 1940 1934 0 
3 1956 1934 1928 0 
3 1955 1928 1927 0 
3 1954 1927 1929 0 
3 1953 1929 1921 0 
3 1952 1921 1920 0 
3 1951 1920 1922 0 
3 1950 1922 1914 0 
3 1949 1914 1913 0 
3 1948 1913 1915 0 
3 1947 1915 1917 0 
3 1946 1917 1916 0 
3 1945 1916 1918 0 
3 1944 1918 1923 0 
3 1943 1923 1935 0 
3 1942 1935 1936 0 
3 1971 1944 1943 0 
3 1972 1945 1944 0 
3 1973 1951 1950 0 
3 1973 1974 1952 0 
3 1975 1942 1941 0 
3 1975 1976 1943 0 
3 1944 1971 1972 0 
3 1972 1977 1946 0 
3 1978 1948 1947 0 
3 1978 1979 1949 0 
3 1980 1950 1949 0 
3 1952 1951 1973 0 
3 1943 1942 1975 0 
3 1946 1945 1972 0 
3 1981 1947 1946 0 
3 1949 1948 1978 0 
3 1950 1980 1973 0 
3 1974 1982 1953 0 
3 1982 1983 1954 0 
3 1983 1984 1955 0 
3 1985 1986 1959 0 
3 1986 1987 1960 0 
3 1943 1976 1971 0 
3 1947 1981 1978 0 
3 1953 1952 1974 0 
3 1955 1954 1983 0 
3 1988 1956 1955 0 
3 1989 1957 1956 0 
3 1989 1985 1958 0 
3 1960 1959 1986 0 
3 1990 1961 1960 0 
3 1990 1991 1962 0 
3 1992 1963 1962 0 
3 1993 1964 1963 0 
3 1994 1965 1964 0 
3 1995 1966 1965 0 
3 1995 1996 1967 0 
3 1997 1968 1967 0 
3 1946 1977 1981 0 
3 1954 1953 1982 0 
3 1956 1988 1989 0 
3 1959 1958 1985 0 
3 1962 1961 1990 0 
3 1963 1992 1993 0 
3 1965 1994 1995 0 
3 1967 1996 1997 0 
3 1949 1979 1980 0 
3 1958 1957 1989 0 
3 1962 1991 1992 0 
3 1967 1966 1995 0 
3 1955 1984 1988 0 
3 1964 1993 1994 0 
3 1998 1969 1968 0 
3 1998 1999 1970 0 
3 1960 1987 1990 0 
3 1970 1969 1998 0 
3 1968 1997 1998 0 
3 2000 1941 1970 0 
3 1970 1999 2000 0 
3 1941 2000 1975 0 
3 2000 2001 2002 0 
3 1975 2002 2003 0 
3 1976 2003 2004 0 
3 1971 2004 2005 0 
3 1972 2005 2006 0 
3 1977 2006 2007 0 
3 1981 2007 2008 0 
3 1978 2008 2009 0 
3 1979 2009 2010 0 
3 1980 2010 2011 0 
3 1973 2011 2012 0 
3 1974 2012 2013 0 
3 1982 2013 2014 0 
3 1983 2014 2015 0 
3 1984 2015 2016 0 
3 1988 2016 2017 0 
3 1989 2017 2018 0 
3 1985 2018 2019 0 
3 1986 2019 2020 0 
3 1987 2020 2021 0 
3 1990 2021 2022 0 
3 1991 2022 2023 0 
3 1992 2023 2024 0 
3 1993 2024 2025 0 
3 1994 2025 2026 0 
3 1995 2026 2027 0 
3 1996 2027 2028 0 
3 1997 2028 2029 0 
3 1998 2029 2030 0 
3 1999 2030 2001 0 
3 2001 2000 1999 0 
3 2030 1999 1998 0 
3 2029 1998 1997 0 
3 2028 1997 1996 0 
3 2027 1996 1995 0 
3 2026 1995 1994 0 
3 2025 1994 1993 0 
3 2024 1993 1992 0 
3 2023 1992 1991 0 
3 2022 1991 1990 0 
3 2021 1990 1987 0 
3 2020 1987 1986 0 
3 2019 1986 1985 0 
3 2018 1985 1989 0 
3 2017 1989 1988 0 
3 2016 1988 1984 0 
3 2015 1984 1983 0 
3 2014 1983 1982 0 
3 2013 1982 1974 0 
3 2012 1974 1973 0 
3 2011 1973 1980 0 
3 2010 1980 1979 0 
3 2009 1979 1978 0 
3 2008 1978 1981 0 
3 2007 1981 1977 0 
3 2006 1977 1972 0 
3 2005 1972 1971 0 
3 2004 1971 1976 0 
3 2003 1976 1975 0 
3 2002 1975 2000 0 
3 2028 2027 2031 0 
3 2026 2032 2031 0 
3 2008 2033 2034 0 
3 2008 2007 2035 0 
3 2005 2036 2037 0 
3 2005 2004 2038 0 
3 2031 2027 2026 0 
3 2026 2025 2039 0 
3 2011 2040 2041 0 
3 2011 2010 2042 0 
3 2035 2033 2008 0 
3 2007 2006 2037 0 
3 2038 2036 2005 0 
3 2004 2003 2043 0 
3 2039 2032 2026 0 
3 2025 2024 2044 0 
3 2024 2023 2045 0 
3 2023 2022 2046 0 
3 2014 2047 2048 0 
3 2014 2013 2049 0 
3 2012 2041 2049 0 
3 2042 2040 2011 0 
3 2037 2035 2007 0 
3 2043 2038 2004 0 
3 2044 2039 2025 0 
3 2046 2045 2023 0 
3 2021 2050 2046 0 
3 2021 2020 2051 0 
3 2019 2052 2051 0 
3 2018 2053 2052 0 
3 2015 2048 2054 0 
3 2049 2047 2014 0 
3 2041 2012 2011 0 
3 2010 2009 2034 0 
3 2037 2006 2005 0 
3 2002 2055 2043 0 
3 2002 2001 2056 0 
3 2001 2030 2057 0 
3 2029 2058 2057 0 
3 2029 2028 2059 0 
3 2045 2044 2024 0 
3 2051 2050 2021 0 
3 2052 2019 2018 0 
3 2018 2017 2060 0 
3 2048 2015 2014 0 
3 2034 2042 2010 0 
3 2043 2003 2002 0 
3 2057 2056 2001 0 
3 2059 2058 2029 0 
3 2046 2022 2021 0 
3 2060 2053 2018 0 
3 2016 2054 2060 0 
3 2049 2013 2012 0 
3 2056 2055 2002 0 
3 2031 2059 2028 0 
3 2060 2017 2016 0 
3 2034 2009 2008 0 
3 2051 2020 2019 0 
3 2057 2030 2029 0 
3 2054 2016 2015 0 
3 2056 2061 2062 0 
3 2055 2062 2063 0 
3 2043 2063 2064 0 
3 2038 2064 2065 0 
3 2036 2065 2066 0 
3 2037 2066 2067 0 
3 2035 2067 2068 0 
3 2033 2068 2069 0 
3 2034 2069 2070 0 
3 2042 2070 2071 0 
3 2040 2071 2072 0 
3 2041 2072 2073 0 
3 2049 2073 2074 0 
3 2047 2074 2075 0 
3 2048 2075 2076 0 
3 2054 2076 2077 0 
3 2060 2077 2078 0 
3 2053 2078 2079 0 
3 2052 2079 2080 0 
3 2051 2080 2081 0 
3 2050 2081 2082 0 
3 2046 2082 2083 0 
3 2045 2083 2084 0 
3 2044 2084 2085 0 
3 2039 2085 2086 0 
3 2032 2086 2087 0 
3 2031 2087 2088 0 
3 2059 2088 2089 0 
3 2058 2089 2090 0 
3 2057 2090 2061 0 
3 2061 2056 2057 0 
3 2090 2057 2058 0 
3 2089 2058 2059 0 
3 2088 2059 2031 0 
3 2087 2031 2032 0 
3 2086 2032 2039 0 
3 2085 2039 2044 0 
3 2084 2044 2045 0 
3 2083 2045 2046 0 
3 2082 2046 2050 0 
3 2081 2050 2051 0 
3 2080 2051 2052 0 
3 2079 2052 2053 0 
3 2078 2053 2060 0 
3 2077 2060 2054 0 
3 2076 2054 2048 0 
3 2075 2048 2047 0 
3 2074 2047 2049 0 
3 2073 2049 2041 0 
3 2072 2041 2040 0 
3 2071 2040 2042 0 
3 2070 2042 2034 0 
3 2069 2034 2033 0 
3 2068 2033 2035 0 
3 2067 2035 2037 0 
3 2066 2037 2036 0 
3 2065 2036 2038 0 
3 2064 2038 2043 0 
3 2063 2043 2055 0 
3 2062 2055 2056 0 
3 2091 2064 2063 0 
3 2092 2065 2064 0 
3 2093 2071 2070 0 
3 2093 2094 2072 0 
3 2095 2096 2062 0 
3 2096 2097 2063 0 
3 2064 2091 2092 0 
3 2092 2098 2066 0 
3 2099 2068 2067 0 
3 2099 2100 2069 0 
3 2101 2070 2069 0 
3 2072 2071 2093 0 
3 2063 2062 2096 0 
3 2066 2065 2092 0 
3 2102 2067 2066 0 
3 2069 2068 2099 0 
3 2070 2101 2093 0 
3 2094 2103 2073 0 
3 2103 2104 2074 0 
3 2104 2105 2075 0 
3 2106 2107 2079 0 
3 2107 2108 2080 0 
3 2063 2097 2091 0 
3 2067 2102 2099 0 
3 2073 2072 2094 0 
3 2075 2074 2104 0 
3 2109 2076 2075 0 
3 2110 2077 2076 0 
3 2110 2106 2078 0 
3 2080 2079 2107 0 
3 2111 2081 2080 0 
3 2111 2112 2082 0 
3 2113 2083 2082 0 
3 2114 2084 2083 0 
3 2115 2085 2084 0 
3 2116 2086 2085 0 
3 2116 2117 2087 0 
3 2118 2088 2087 0 
3 2066 2098 2102 0 
3 2074 2073 2103 0 
3 2076 2109 2110 0 
3 2079 2078 2106 0 
3 2082 2081 2111 0 
3 2083 2113 2114 0 
3 2085 2115 2116 0 
3 2087 2117 2118 0 
3 2069 2100 2101 0 
3 2078 2077 2110 0 
3 2082 2112 2113 0 
3 2087 2086 2116 0 
3 2075 2105 2109 0 
3 2084 2114 2115 0 
3 2119 2089 2088 0 
3 2119 2120 2090 0 
3 2080 2108 2111 0 
3 2090 2089 2119 0 
3 2088 2118 2119 0 
3 2120 2095 2061 0 
3 2061 2090 2120 0 
3 2062 2061 2095 0 
3 2095 2121 2122 0 
3 2096 2122 2123 0 
3 2097 2123 2124 0 
3 2091 2124 2125 0 
3 2092 2125 2126 0 
3 2098 2126 2127 0 
3 2102 2127 2128 0 
3 2099 2128 2129 0 
3 2100 2129 2130 0 
3 2101 2130 2131 0 
3 2093 2131 2132 0 
3 2094 2132 2133 0 
3 2103 2133 2134 0 
3 2104 2134 2135 0 
3 2105 2135 2136 0 
3 2109 2136 2137 0 
3 2110 2137 2138 0 
3 2106 2138 2139 0 
3 2107 2139 2140 0 
3 2108 2140 2141 0 
3 2111 2141 2142 0 
3 2112 2142 2143 0 
3 2113 2143 2144 0 
3 2114 2144 2145 0 
3 2115 2145 2146 0 
3 2116 2146 2147 0 
3 2117 2147 2148 0 
3 2118 2148 2149 0 
3 2119 2149 2150 0 
3 2120 2150 2121 0 
3 2121 2095 2120 0 
3 2150 2120 2119 0 
3 2149 2119 2118 0 
3 2148 2118 2117 0 
3 2147 2117 2116 0 
3 2146 2116 2115 0 
3 2145 2115 2114 0 
3 2144 2114 2113 0 
3 2143 2113 2112 0 
3 2142 2112 2111 0 
3 2141 2111 2108 0 
3 2140 2108 2107 0 
3 2139 2107 2106 0 
3 2138 2106 2110 0 
3 2137 2110 2109 0 
3 2136 2109 2105 0 
3 2135 2105 2104 0 
3 2134 2104 2103 0 
3 2133 2103 2094 0 
3 2132 2094 2093 0 
3 2131 2093 2101 0 
3 2130 2101 2100 0 
3 2129 2100 2099 0 
3 2128 2099 2102 0 
3 2127 2102 2098 0 
3 2126 2098 2092 0 
3 2125 2092 2091 0 
3 2124 2091 2097 0 
3 2123 2097 2096 0 
3 2122 2096 2095 0 
3 2151 2135 2134 0 
3 2134 2133 2151 0 
3 2133 2132 2151 0 
3 2132 2131 2151 0 
3 2131 2130 2151 0 
3 2130 2129 2151 0 
3 2129 2128 2151 0 
3 2128 2127 2151 0 
3 2127 2126 2151 0 
3 2126 2125 2151 0 
3 2125 2124 2151 0 
3 2124 2123 2151 0 
3 2123 2122 2151 0 
3 2122 2121 2151 0 
3 2121 2150 2151 0 
3 2150 2149 2151 0 
3 2149 2148 2151 0 
3 2148 2147 2151 0 
3 2147 2146 2151 0 
3 2146 2145 2151 0 
3 2145 2144 2151 0 
3 2144 2143 2151 0 
3 2143 2142 2151 0 
3 2142 2141 2151 0 
3 2141 2140 2151 0 
3 2140 2139 2151 0 
3 2139 2138 2151 0 
3 2138 2137 2151 0 
3 2137 2136 2151 0 
3 2136 2135 2151 0 
